department,title,author,date,link,content
christian_studies,[학과 사무실] 학과 사무실 프린트 및 복사 서비스 잠정 폐지,N/A,2025-11-20,https://docs.ssu.ac.kr/%ed%95%99%ea%b3%bc%ec%82%ac%eb%ac%b4%ec%8b%a4%ec%95%8c%eb%a6%bc/%ea%b3%b5%ec%a7%80%ec%82%ac%ed%95%ad/?term_id&slug=3197,"[학과 사무실] 학과 사무실 프린트 및 복사 서비스 잠정 폐지
기독교학과 재적생 대상, 학과 사무실 프린트물 인쇄 및 복사 서비스(장당 50원 지불)를 2025. 5. 19.부로 잠정 폐지함을 알려드립니다.
학과 사무실에서 더 이상 복사 및 인쇄 제공을 하지 않으니 참고 바랍니다."
christian_studies,"[긴급] 숭실대학교 직원, 연구원 등 사칭 사기 주의 안내",N/A,2025-09-26,https://docs.ssu.ac.kr/%ed%95%99%ea%b3%bc%ec%82%ac%eb%ac%b4%ec%8b%a4%ec%95%8c%eb%a6%bc/%ea%b3%b5%ec%a7%80%ec%82%ac%ed%95%ad/?term_id&slug=3169,"숭실대학교 직원, 연구원 등 사칭 사기 주의 안내
서울 시내 여러 대학에서 학교에 소속된 자라고 사칭하여 사기를 치는 일이 발생하고 있습니다.
최근 학과에서도 연구원 등의 신분을 사칭하여 사기를 시도하는 사례가 발생했습니다.
성경책 납품 주문, 지역교회 지원 등 다양한 내용으로 문자를 보내거나 전화 연락, 위조공문서, 허위 명함 제작 및 배포, 교내 실제 재직하는 교수, 직원, 연구원의 이름을 도용 등의 방법으로 사칭 시도가 일어났습니다.
이런 연락이 오면 주의하여 주시고, 반드시 학과 사무실로 연락하셔서 여부를 확인하시기 바랍니다. 특별히, 기독교학과 교수 이름을 사칭하는 사례도 발생하고 있으니 더욱 주의하여 주시기 바랍니다.
또한, 교회 등 주변에 알리셔서 이런 연락을 받고 피해를 당하지 않도록 해주시기 바라며, 혹 비슷한 연락을 받게 될 시 반드시 학과 사무실로 연락 주시기 바랍니다."
christian_studies,[시설] 장소사용신청 프로그램 정상화 및 장소사용 신청 방법 변경 안내,N/A,2024-09-30,https://docs.ssu.ac.kr/%ed%95%99%ea%b3%bc%ec%82%ac%eb%ac%b4%ec%8b%a4%ec%95%8c%eb%a6%bc/%ea%b3%b5%ec%a7%80%ec%82%ac%ed%95%ad/?term_id&slug=2756,"코로나19로 인하여 중단되었던 장소사용신청 프로그램이 정상화됐습니다. 장소사용신청 절차를 재안내하니 참고하시기 바랍니다.
1. 프로그램 변경내용
가. 재학생의 온라인 장소사용신청 제한 해제
2. 장소사용신청 안내
가. U-saint를 통한 온라인신청(매뉴얼 참조)
1) 유세인트 > 시설사용 > 장소사용신청 > 장소사용신청(학생) > 일반강의실(하이브리드 포함) > 신청자 선택(상황에 맞게) > 강의실 검색 > 검색 정보 입력 및 조회 > 희망 교시 선택 후 선택 > 기본정보 입력 > 신청 > 장소사용이용안내 준수사항 체크 및 확인 > 진행현황에서 승인 여부 확인(승인 시 관리팀 문자 발송) > 장소사용허가증 출력 > 사용 당일 건물 경비실에 제출
나. 장소사용은 온라인 신청만 접수(방문 및 서면 신청 불가)
다. 사용일 기준 최소 3일전 신청
라. 일요일 및 공휴일은 대관 불가
마. 장소사용신청 프로그램에서 조회되지 않는 공간(예.한경직기념관 소예배실, 베어드홀 세미나실 등)은 학과 사무실로 문의
3. 유의사항
가. 이후 장소사용은 시스템을 통한 신청만 접수
나. 대리 대관 및 공간 양도 금지
다. 관리처의 허가 없는 외부인의 교내 공간 사용 불가
라. 천재지변 또는 학교 및 관리처의 판단에 따라 대관이 취소될 수 있음
4. 부정사용 및 사고 예
가. OO기업 서포터 활동을 하는 재학생이 일반대관 후, 대관장소에서 OO기업 설명회를 진행(대리대관 및 양도에 해당)
나. 교외 단체에 속한 재학생이 일반대관 후, 교외 단체 인원들과 함께 교내에서 모임을 진행(외부인 무단사용에 해당)
다. 2017년 포항지진으로 입시 일정이 조정되어 교내 대관 재조정(취소 포함)
라. 2020년 정부의 코로나19 집합금지 명령에 따라 대관 일괄 취소"
christian_studies,[상담] 청소년상담사 3급 시험 응시 자격 부여 교과목 안내,N/A,2024-04-09,https://docs.ssu.ac.kr/%ed%95%99%ea%b3%bc%ec%82%ac%eb%ac%b4%ec%8b%a4%ec%95%8c%eb%a6%bc/%ea%b3%b5%ec%a7%80%ec%82%ac%ed%95%ad/?term_id&slug=2658,"한국산업인력공단 ‘청소년상담사 3급’ 시험 응시 자격 부여 교과목을 안내합니다.
1. 대상 교과목
가. 1학기
1) 기독교교육상담(前 기독교와자기성장)
2) 성격과적응(前 기독교와인간관계론)
나. 2학기
1) 기독교상담심리학
2) 발달심리와기독교상담(前 기독교와심리사회발달)
3) 결혼과가족관계(前 결혼과가족)
2. 위 5과목 중 4과목 이수 시 시험 응시 자격 부여
3. 유의사항
가. 기독교와자기성장(2019-2 이전), 기독교와인간관계론(2019-2 이전), 기독교와심리사회발달(2019-1 이전), 결혼과가족(2019-1 이전) 수강생은 ‘동일(유사)교과목’ 신청 필요
나. 동일(유사)교과목 신청 방법
1) 첨부파일 작성해 학과 이메일(enchristo@ssu.ac.kr)로 첨부 및 신청 요청
2) 학과에서 학과장 직인 날인 및 한국산업인력공단으로 공문 송부
3) Q-net 청소년상담사 홈페이지 ‘
【동일유사교과목】여성가족부령이 정하는 ‘상담관련분야’ 2024.1월 기준’
게시글 첨부파일 업데이트 확인(https://www.q-net.or.kr/man004.do?id=man00402&gSite=L&gId=67)"
christian_studies,[대학원] 2026학년도 1학기 학·석사연계과정 지원 및 선발 안내,N/A,2025-11-18,https://docs.ssu.ac.kr/%ed%95%99%ea%b3%bc%ec%82%ac%eb%ac%b4%ec%8b%a4%ec%95%8c%eb%a6%bc/%ea%b3%b5%ec%a7%80%ec%82%ac%ed%95%ad/?term_id&slug=3185,"2026학년도 1학기 학⋅석사연계과정 지원 및 선발을 안내하니 관심 있는 학생은 반드시 참고하시기 바랍니다.
1. 지원기간: 2025. 12. 1.(월) ~ 12. 12.(금)
2. 지원자격:
다음 각 호 모두 해당되는 자
가. 지원일 당시 학사과정 4학기 이상 6학기 이내 재학 중인 자 (학·석사연계과정 신청자는 조기졸업 신청을 할 수 없음)
나. 재수강 이전 과목, 학점포기한 과목, F학점 과목 등을 포함한 전체 과목의 총평점평균이 3.0 / 4.5 이상인 자 (학적부성적)
다. 7학기 또는 8학기에 학사과정의 졸업요건을 충족할 수 있는 자
라. 지원하고자 하는 일반대학원의 학과 주임교수와 지도교수의 추천을 받은 자
마. 지원하고자 하는 일반대학원의 동일(또는 유사)학과를 주전공 또는 복수전공으로 하는자
3. 제출서류
가. 학·석사연계과정 신청서(붙임 1) 1부.
나. 학적부성적 1부.
4. 지원방법: 대학원 교학팀으로 방문 접수(웨스트민스터홀 658호)
5. 선발인원: 석사과정 입학정원의 20%
6. 발표일: 2026. 1. 23.(금) 예정 – 학과 및 개별 통지
7. 문의처: 일반대학원 교학팀(02-820-0258~9, grad@ssu.ac.kr)
붙임 1. 학·석사연계과정 신청서 1부.
2. 학·석사연계과정 안내문 1부.  끝."
christian_studies,[장학] 2025학년도 2학기 삼금문화장학재단 장학생 선발 안내,N/A,2025-10-31,https://docs.ssu.ac.kr/%ed%95%99%ea%b3%bc%ec%82%ac%eb%ac%b4%ec%8b%a4%ec%95%8c%eb%a6%bc/%ea%b3%b5%ec%a7%80%ec%82%ac%ed%95%ad/?term_id&slug=3178,"2025학년도 2학기 삼금문화장학재단 제53회 장학생 선발을 안내합니다.
1. 장학금액: 1,000,000원 / 학업장려비
2. 장학생 자격 요건
가. 2025학년도 2학기 기독교학과 정규 등록학기 재학생
나. 2025학년도 2학기 국가장학금 신청 후 소득분위 산정이 완료된 학생
다. 타 재단 장학금(학비보조 포함)을 수혜하지 않은 자
※ 국가 및 교내장학금은 등록금 범위 내에서 중복 수혜 가능
3. 구비서류
가. 학교장 추천서 및 응모지원서 1부(붙임 양식) ※ 학교장 칸은 빈칸으로 제출
나. 개인정보 수집 이용 및 제3자 제공 동의서 1부(붙임 양식)
다. 성적증명서 1부
라. 주민등록등본 1부(주민등록번호 뒷자리는 *처리)
마. 반명함판 사진 1매(추천서에 부착)
4. 제출기간: 11. 3.(월) ~ 11. 10.(월) 17:00까지
5. 제출방법: 기독교학과 사무실(조만식기념관 12640호)로 직접 제출
6. 선발방법: 학과 전임교원 교수회의 통해 결정
7. 지급시기: 12월 중 예정(장학팀 주관)
8. 기타: 장학생 선발 및 결과를 별도 통보하지 않음. 끝."
christian_studies,[장학] 2025학년도 2학기 ㈜제일하이텍 기독교학과 장학생 선발,N/A,2025-09-08,https://docs.ssu.ac.kr/%ed%95%99%ea%b3%bc%ec%82%ac%eb%ac%b4%ec%8b%a4%ec%95%8c%eb%a6%bc/%ea%b3%b5%ec%a7%80%ec%82%ac%ed%95%ad/?term_id&slug=3154,"2025학년도 2학기 (주)제일하이텍 기독교학과 장학생 선발을 안내합니다.
1. 선발 인원
: 총 6명
2. 장학금액
: 1인당 100만원(학업장려비)
※ 학업장려비 지원 목적 장학금으로 등록금을 초과하여 수혜 가능
3. 선발 기준
가. 2025학년도 2학기 정규 등록학기 재학 중인 학생
나. 2025학년도 2학기 국가장학금 신청 후 소득분위 산정이 완료된 학생
※ 국가장학금 수혜 여부와 관계없이 지원 가능(산술평균 미달, 수혜횟수 초과 등)
다. 학업 성적과 관계없이 가정 형편이 어려워 학업을 지속할 수 없는 학생 (자기소개서에 관련 내용 기술)
라. 동일 조건 중 한부모 자녀, 조손가정 자녀, 본인 가장 학생, 미자립 목회자 자녀 우선 선발
4. 제출서류
가. 자기소개서 및 학업계획서 1부(붙임양식)
나. 서약서 1부(붙임양식)
5. 접수기간 및 방법
가. 접수기간: 2025. 9. 8.(월)~9. 12.(금) 17:00
나. 접수방법: 직접 혹은 이메일 제출
1) 제출처: 기독교학과 사무실(조만식기념관 12640호)
2) 이메일: enchristo@ssu.ac.kr
※ 이메일 제출 시 서명란은 반드시 자필로 작성 후 스캔하여 한 개의 pdf파일로 제출
※ 이메일 제목과 파일명 동일하게 제출(파일명: 제일하이텍_학번_성명)
6. 기타 유의사항
가. 필요 시, 자기소개서 내용을 증빙할 수 있는 추가 서류 제출을 요청할 수 있음
나. 필요 시, 선발 과정에서 학과 전임교원과의 면담(면접)을 요청할 수 있음
7. 기타 문의사항
: 기독교학과 사무실(Tel. 02-820-0070)"
christian_studies,[졸업] 2025학년도 2학기 졸업(논문)계획서 및 졸업논문(대체 어학 시험 성적표) 제출 안내,N/A,2025-09-05,https://docs.ssu.ac.kr/%ed%95%99%ea%b3%bc%ec%82%ac%eb%ac%b4%ec%8b%a4%ec%95%8c%eb%a6%bc/%ea%b3%b5%ec%a7%80%ec%82%ac%ed%95%ad/?term_id&slug=3147,"졸업(논문)계획서 및 졸업논문(대체 어학 시험 성적표) 제출을 안내합니다. 아래의 공지를 참고해 반드시 기한 내 제출해 주시기 바랍니다.
1. 졸업(논문)계획서 제출
가. 대상자: 8학기 이상 재학생 중 2026. 2. 졸업 계획에 있는 자 혹은 기제출자 중 졸업 계획 변경 희망자
나. 제출방법
1) 9. 30.(화) 17:00까지 ‘졸업(논문)계획서_양식’ 작성해 학과 사무실로 직접 제출 혹은 학과 e-mail로 제출
2) 양식: 학과 홈페이지 → 학과사무실알림 → 양식 및 자료 → 졸업(논문)계획서 다운로드
다. 작성 방법
1) 졸업논문 대체 어학 시험 성적표 제출 희망자: 논문 대체 선택 항목 체크해 제출
2) 졸업논문 제출 희망자: 논문제목 및 분야와 간단한 논문 개요 작성해 제출
라. 지도교수
1) 기본적으로 공란으로 제출하며, 학과 사무실에서 추후 U-Saint에 입력된 e-mail로 지도교수 안내 예정
2) 미리 교수와 협의하여 지도교수를 정한 경우 지도교수 란에 교수 성명 작성해 제출
마. 기타
1) 졸업논문 대체 공인 어학 시험 인정 환산 점수표: 학과 홈페이지 → 학과사무실알림 → 양식 및 자료
2. 졸업논문(또는 공인 영어 성적표) 제출
가. 대상자: 8학기 이상 재학생 또는 졸업예정자(졸업학기)
나. 제출일 및 방법
1) 졸업논문
가) 스프링 제본이 완료된 논문 1부를 12. 12.(금) 17:00까지 학과 사무실로 제출
나) 논문 원본 파일(아래한글, Word 등)을 12. 12.(금) 17:00까지 학과 e-mail로 제출
∗ 가), 나) 중 택 1이 아닌 가), 나) 모두 제출임
2) 어학성적표: 성적표 사본 1부를 12. 12.(금) 17:00가지 학과 사무실로 제출
가) 학과 사무실로 직접 제출 혹은 학과 e-mail로 제출
다. 졸업논문 규격
1) 분량: 표지와 목차를 제외한 논문 규격에 맞춘 A4용지 30장 내외
2) 양식: 학과 홈페이지 → 학과사무실알림 → 양식 및 자료 → 졸업논문 규격
3. 유의사항
가. 졸업논문 혹은 대체 어학 성적표 제출을 위해서는 기독교학과 졸업 요건인 ‘기독교학과 워크숍 3회 이상 참석’을 만족해야 함
나. 수료 상태인 재적생도 졸업예정자와 동일하게 졸업논문 절차 진행
다. 논문계획서 제출을 완료한 학생의 경우, 주제와 제목은 변경이 가능하나 지도교수 확정 후에는 지도교수와 논의를 통해 진행
라. 제출기한을 반드시 지켜야 졸업이 가능함
4. 문의: 기독교학과 사무실
가. 연락처: 02-820-0070
나. 전자우편: enchristo@ssu.ac.kr"
christian_studies,[장학] 2025학년도 2학기 학과근로 장학생 모집 안내,N/A,2025-07-29,https://docs.ssu.ac.kr/%ed%95%99%ea%b3%bc%ec%82%ac%eb%ac%b4%ec%8b%a4%ec%95%8c%eb%a6%bc/%ea%b3%b5%ec%a7%80%ec%82%ac%ed%95%ad/?term_id&slug=3142,"2025
학년도
2
학기 학과근로 장학생 모집 안내
2025학년도 2학기 학과근로 장학생을 다음과 같이 모집하니 많은 지원 바랍니다.
1. 근로장학생 자격 및 선발기준
가. 2025학년도 2학기 국가장학금을
1
차
신청하고 소득분위가
9
분위 이내인 자
※ 국가장학금을 신청할 수 없는 대한민국 국적 미소지자도 선발 가능 (단, 순수외국인전형으로 입학한 외국인 유학생은 선발 불가)
나. 2025학년도 2학기 재학 및 복학예정자로 해당학기 등록금 납부 예정인 자
1) 2025학년도 2학기 전 등록휴학 후 복학 시 선발 불가(등록대체자)
2) 학기 중 미등록, 입학취소, 복학취소 등으로 인한 학적변동 시 모든 장학금 취소
3) 2025학년도 2학기 기준
이수학기가
2~7
학기만 가능
※ 마지막 학기 재학생은 선발 불가
다. 직전학기 취득학점 및 학업성적 제한 없음
라. 타 장학금과 중복수혜 가능(근로장학금 간 중복 불가)
※ 본 장학금은 학업장려비 지원 목적으로 등록금(입학금 및 수업료)를 초과하여 지급
마. 국가근로장학생 및 교내근로장학생에 선발되지 않은 자
※ 국가근로 및 교내근로 선발자가 포기 후 학과근로 선발될 수 없음
2. 근로장학생 종류별 장학금액 및 근로시간
장학금명
시간당 장학금
총 근로시간 (학기)
1인당 장학금액(원)
학과근로A
10,030원
10시간*20주=200시간
2,006,000
학과근로B
10,030원
5시간*20주=100시간
1,003,000
※ 장학금은 매월 지급하며, 실 지급액은 근로시간에 따라 달라질 수 있음
※ 주 기준은 학기당 받을 수 있는 장학금액 산정을 위한 것이며, 총 시간 내에서 2026년 2월까지 근로할 수 있음
※ 장학금 지급일: 매월 셋째주 금요일 예정(Ex. 9월분 근로장학금 지급일: 10월 셋째주 금요일)
3. 유의 사항
가. 선발된 학생은 학과 사무실에서 지정된 근로시간 동안 근무해야 하며, 학기 중 학적변동(휴학, 자퇴, 제적 등) 등 불가피한 사유가 인정되는 중도 포기 시 근로 시간 만큼 지급
나. 2026년 1월 근로평가 전까지 교체 가능 (단, 교체 전 학생의 근로시간을 차감)
다.
국가근로 및 교내근로로 선발 시 학과근로 선발에서 제외됨
(선발 우선순위: 1. 국가근로, 2. 교내근로, 3. 학과근로)
4. 신청절차
가. 학생 신청 방법: u-SAINT포털 → 등록/장학 → 장학메뉴 ‘근로장학금’→학과근로A/B신청 → 지원서 출력 → 지원서 제출
※ u-SAINT출력본 제출 필수
나. 온라인접수 및 서류제출기간:
2025
년 8
월 4
일
(
월
) 10:00 ~ 8
월 8
일
(
금
) 17:00
※ 제출 일시 이후 제출본은 불인정하니 유의
1) 제출서류: 지원서(u-SAINT출력본), 자기소개서(첨부파일) 각 1부
다. 제출방법: 학과 사무실로 직접 제출 혹은 학과 메일로 스캔본 제출
5. 선발결과 발표
:
2025년 8월 25일(월) 18:00 이후 본교 홈페이지 공지사항 공지 예정
6. 문의
:
기독교학과 사무실 (02-820-0070) / enchristo@ssu.ac.kr"
christian_studies,[장학] 2025학년도 2학기 백마성적우수장학생 선발 안내,N/A,2025-07-11,https://docs.ssu.ac.kr/%ed%95%99%ea%b3%bc%ec%82%ac%eb%ac%b4%ec%8b%a4%ec%95%8c%eb%a6%bc/%ea%b3%b5%ec%a7%80%ec%82%ac%ed%95%ad/?term_id&slug=3138,"2025학년도 2학기 백마성적우수장학생 선발을 안내합니다.
1. 자격요건
가.
2025학년도 2학기 국가장학금을 신청하여 소득분위 조회가 가능한 자
1) 1차 신청자에 한하여 등록금고지서 사전감면 가능
2) 1차 미신청자: 2차 신청/서류제출 확인 후 지급 (2차 신청자 중 한국장학재단 구제신청 시 사후지급)
3) 국가장학금을 신청할 수 없는 대한민국 국적 미소지자도 선발 가능 (단, 순수외국인전형으로 입학한 외국인 유학생은 선발 불가)
나. 2025학년도 2학기 재학 및 복학예정자로 해당학기 등록금 납부 예정인 자
1) 2025학년도 2학기 前  등록휴학 후 복학 시 선발대상에서 제외(등록대체자)
2) 학기 중 미등록, 자퇴, 제적, 입학취소, 복학 취소 등 학적변동시 모든 장학금 취소
3) 선발 후, 학기 시작 중 또는 중도 휴학 시 백마성적우수장학금은 복학 학기로 이월
다. 직전학기 15학점 이상 이수한 자(졸업 직전학기는 12학점 이상)
라. 2025학년도 2학기 기준, 정규등록학기가 8학기 이내인 자(건축학과 건축학전공: 정규등록 10학기 이내인 자)
마. F학점 포함 학적부성적 기준 직전 학기 평점평균
3.8 이상
인 자
바. 모든 교내장학금 간 중복수혜 불가
1) 신청장학금 중 수혜금액이 큰 장학금 선발
2) 중복수혜 가능 장학금: 국가장학금, 교외장학금, 학과우수장학금, 기타 학업장려비 지원 목적 장학금 등
사. 졸업예정자 선발 불가(조기졸업 대상자 포함)하므로 유의
2. 기독교학과 선발 기준 및 순서
가. 직전 학기 평점평균 기준 학년 석차 1위
1) 학년 석차 1위이나 기 선발 장학금, 등록학기 등의 이유로 선발이 불가할 수 있음
2) 학년 석차 1위가 선발되지 않는 경우 차순위 선발
나. 학년 석차 1위 선발 후, 전체 학년 석차 중 학과 선발 배정 인원까지 석차 순으로 선발
다. 동점자가 있을 경우 취득학점이 높은 학생을 상위 배정하며, 취득학점까지 동일할 경우 아래 기준을 선발에 참고함
1)  가정형편 (소득분위 및 진로상담 내용)
2) 학과 활동 참여도 (개·종강총회, OUTREACH, Workshop, 학생회, 국장단 등)
라. 각 호의 기준으로 우열이 나누어지지 않는 경우 학과 교수회의를 통해 선발
※ 장학금 비율(25%, 반액, 전액)은 직전학기 장학금 수혜내역 및 학과 교수회의를 통해 결정함
3. 선발일정
내용
선발일정
학과(부) 선발
2025. 7. 14.(월)~7. 23.(수)
장학팀 백마성적우수장학생 선발
2025. 7. 24.(목)~7. 30.(월)
백마성적우수장학생 결과 발표
2025. 8. 6.(수) 예정"
christian_studies,[대학원] 2025학년도 2학기 학·석사연계과정 지원 및 선발 안내,N/A,2025-05-14,https://docs.ssu.ac.kr/%ed%95%99%ea%b3%bc%ec%82%ac%eb%ac%b4%ec%8b%a4%ec%95%8c%eb%a6%bc/%ea%b3%b5%ec%a7%80%ec%82%ac%ed%95%ad/?term_id&slug=2955,"2025학년도 2학기 학·석사연계과정 지원 및 선발을 아래와 같이 진행하니 관심 있는 학생은 참고 바랍니다.
1. 지원기간 : 2025. 6. 2.(월)~ 6. 13(금)
2. 모집학과 : 학사과정과 석사과정에 동일(또는 유사)학과가 있는 학과(계약학과 제외)
3. 지원자격 :
다음 각호 모두 해당되는 자
가. 지원일 당시 학사과정 4학기 이상 6학기 이내 재학 중(건축학부 건축학전공은 6학기 이상 8학기 이내 재학 중)인 자(학·석사연계과정 신청자는 조기졸업을 신청할 수 없음)
나. 재수강 이전 과목, 학점포기한 과목, F학점 과목 등을 포함한 전체 과목의 총평점평균이 3.0/4.5 이상인 자
다. 7학기 또는 8학기(건축학부 건축학전공은 9학기 또는 10학기)에 학사과정의 졸업요건을 충족할 수 있는 자
라. 지원하고자 하는 일반대학원 학과 주임교수와 지도교수의 추천을 받은 자
마. 지원하고자 하는 일반대학원의 동일(또는 유사)학과를 주전공 또는 복수전공으로 하는 자
4. 제출서류 및 지원방법
가. 학·석사연계과정 신청서 1부.
나. 대학원 교학팀으로 방문 접수(웨스트민스터홀 658호)
5. 선발인원 : 석사과정 입학정원의 20%
6. 발표일 : 2025. 7. 28.(월) 예정 – 학과 및 개별통지"
christian_studies,[장학] 2025학년도 1학기 삼금문화장학재단 장학생 선발 안내,N/A,2025-04-24,https://docs.ssu.ac.kr/%ed%95%99%ea%b3%bc%ec%82%ac%eb%ac%b4%ec%8b%a4%ec%95%8c%eb%a6%bc/%ea%b3%b5%ec%a7%80%ec%82%ac%ed%95%ad/?term_id&slug=2946,"2025학년도 1학기 삼금문화장학재단 장학생 선발을 안내합니다.
1. 장학금액: 1,000,000원/학업장려비
2. 장학생 자격 요건
가. 2025학년도 1학기 기독교학과 정규 등록학기 재학생
나. 2025학년도 1학기 국가장학금 신청 후 소득분위 산정이 완료된 학생
다. 타 재단 장학금(학비보조 포함)을 수혜하지 않은 자
※ 국가 및 교내장학금은 등록금 범위 내에서 중복 수혜 가능
3. 구비서류
가. 장학생원서 1부(붙임 양식) ※ 학교장 칸은 빈칸으로 제출
나. 성적증명서 1부 (1학년은 제출 불필요)
다. 주민등록등본 1부
라. 반명함판 사진 1매(원서에 부착)
4. 제출기간: 4. 24.(목)~4. 29.(화) 17:00까지
5. 제출방법: 기독교학과 사무실(조만식기념관 12640호)로 직접 제출
6. 선발방법: 학과 전임교원 교수회의 통해 결정
7. 지급시기: 6월 예정(장학팀 주관). 끝."
christian_studies,[졸업] 2025학년도 1학기 졸업(논문)계획서 및 졸업논문(대체 어학 시험 성적표) 제출 안내,N/A,2025-03-10,https://docs.ssu.ac.kr/%ed%95%99%ea%b3%bc%ec%82%ac%eb%ac%b4%ec%8b%a4%ec%95%8c%eb%a6%bc/%ea%b3%b5%ec%a7%80%ec%82%ac%ed%95%ad/?term_id&slug=2880,"졸업(논문)계획서 및 졸업논문(대체 어학 시험 성적표) 제출을 안내합니다. 아래의 공지를 참고해 반드시 기한 내 제출해 주시기 바랍니다.
1. 졸업(논문)계획서 제출
가. 대상자: 8학기 이상 재학생 및 기제출자 중 졸업 계획 변경 희망자
나. 제출방법
1) 3. 21.(금) 17:00까지 ‘졸업(논문)계획서_양식’ 작성해 학과 사무실로 직접 제출
2) 직접 제출이 어려운 경우 학과 e-mail(enchristo@ssu.ac.kr)로 제출
3) 양식: 학과 홈페이지 → 학과사무실알림 → 양식 및 자료 → 졸업(논문)계획서 다운로드
다. 작성 방법
1) 졸업논문 대체 어학 시험 성적표 제출 희망자: 논문 대체 선택 항목 체크해 제출
2) 졸업논문 제출 희망자: 논문제목 및 분야와 간단한 논문 개요 작성해 제출
라. 지도교수
1) 기본적으로 공란으로 제출하며, 학과 사무실에서 추후 U-Saint에 입력된 e-mail로 지도교수 안내 예정
2) 미리 교수와 협의하여 지도교수를 정한 경우 지도교수 란에 교수 성명 작성해 제출
마. 기타
1) 졸업논문 대체 공인 어학 시험 인정 환산 점수표: 학과 홈페이지 → 학과사무실알림 → 양식 및 자료
2. 졸업논문(또는 공인 영어 성적표) 제출
가. 대상자: 8학기 이상 재학생 또는 졸업예정자(졸업학기)
나. 제출일 및 방법
1) 졸업논문
가) 스프링 제본이 완료된 논문 1부를 6. 13.(금) 17:00까지 학과 사무실로 제출
나) 논문 원본 파일(아래한글, Word 등)을 6. 13.(금) 17:00까지 학과 e-mail로 제출
∗ 가), 나) 중 택 1이 아닌 가), 나) 모두 제출임
2) 어학성적표: 성적표 사본 1부를 6. 13.(금) 17:00가지 학과 사무실로 제출
가) 학과 사무실로 직접 제출 혹은 학과 e-mail로 제출
다. 졸업논문 규격
1) 분량: 표지와 목차를 제외한 논문 규격에 맞춘 A4용지 30장 내외
2) 양식: 학과 홈페이지 → 학과사무실알림 → 양식 및 자료 → 졸업논문 규격
3. 유의사항
가. 졸업논문 혹은 대체 어학 성적표 제출을 위해서는 기독교학과 졸업 요건인 ‘기독교학과 워크숍 3회 이상 참석’을 만족해야 함
나. 수료 상태인 재적생도 졸업예정자와 동일하게 졸업논문 절차 진행
다. 논문계획서 제출을 완료한 학생의 경우, 주제와 제목은 변경이 가능하나 지도교수 확정 후에는 지도교수와 논의를 통해 진행
라. 제출기한을 반드시 지켜야 졸업이 가능함
4. 문의: 기독교학과 사무실
가. 연락처: 02-820-0070 / enchristo@ssu.ac.kr"
christian_studies,[장학] 2025학년도 1학기 학과근로 장학생 선발 시행 안내,N/A,2025-01-22,https://docs.ssu.ac.kr/%ed%95%99%ea%b3%bc%ec%82%ac%eb%ac%b4%ec%8b%a4%ec%95%8c%eb%a6%bc/%ea%b3%b5%ec%a7%80%ec%82%ac%ed%95%ad/?term_id&slug=2842,"2025
학년도
1
학기 학과근로장학생 모집 안내
2025학년도 1학기 학과근로장학생을 다음과 같이 모집하니 많은 지원 바랍니다.
1. 근로장학생 자격 및 선발기준
가. 2025학년도 1학기 국가장학금을
1
차
신청하고 소득분위가
9
분위 이내인 자
※ 국가장학금을 신청할 수 없는 대한민국 국적 미소지자도 선발 가능 (단, 순수외국인전형으로 입학한 외국인 유학생은 선발 불가)
나. 2025학년도 1학기 재학 및 복학예정자로 해당학기 등록금 납부 예정인 자
1) 2025학년도 1학기 전 등록휴학 후 복학 시 선발 불가(등록대체자)
2) 학기 중 미등록, 입학취소, 복학취소 등으로 인한 학적변동 시 모든 장학금 취소
3) 2025학년도 1학기 기준
이수학기가
2~7
학기만 가능
(
건축학 전공은
9
학기까지
)
※ 마지막 학기 재학생은 선발 불가
다. 직전학기 취득학점 및 학업성적 제한 없음
라. 타 장학금과 중복수혜 가능(근로장학금 간 중복 불가)
※ 본 장학금은 학업장려비 지원 목적으로 등록금(입학금 및 수업료)를 초과하여 지급
마. 국가근로장학생 및 교내근로장학생에 선발되지 않은 자
※ 국가근로 및 교내근로 선발자가 포기 후 학과근로 선발될 수 없음
2. 근로장학생 종류별 장학금액 및 근로시간
장학금명
시간당 장학금
총 근로시간 (학기)
1인당 장학금액(원)
학과근로A
10,030원
10시간*20주=200시간
2,006,000
학과근로B
10,030원
5시간*20주=100시간
1,003,000
※ 장학금은 매월 지급하며, 실 지급액은 근로시간에 따라 달라질 수 있음
※ 주 기준은 학기당 받을 수 있는 장학금액 산정을 위한 것이며, 총 시간 내에서 8월까지 근로할 수 있음
※ 장학금 지급일: 매월 셋째주 금요일 예정(Ex. 9월분 근로장학금 지급일: 10월 셋째주 금요일)
3. 유의 사항
가. 선발된 학생은 학과 사무실에서 지정된 근로시간 동안 근무해야 하며, 학기 중 학적변동(휴학, 자퇴, 제적 등) 등 불가피한 사유가 인정되는 중도 포기 시 근로 시간 만큼 지급
나. 2025년 7월 근로평가 전까지 교체 가능 (단, 교체 전 학생의 근로시간을 차감)
다.
국가근로 및 교내근로로 선발 시 학과근로 선발에서 제외됨
(선발 우선순위: 1. 국가근로, 2. 교내근로, 3. 학과근로)
4. 신청절차
가. 학생 신청 방법: u-SAINT포털 → 등록/장학 → 장학메뉴 ‘근로장학금’→학과근로A/B신청 → 지원서 출력 → 지원서 제출
※ u-SAINT출력본 제출 필수
나. 온라인접수 및 서류제출기간:
2025
년
2
월
3
일
(
월
) 10:00 ~ 2
월
7
일
(
금
) 17:00
※ 제출 일시 이후 제출본은 불인정하니 유의
1) 제출서류: 지원서(u-SAINT출력본), 자기소개서(첨부파일) 각 1부
2) 제출장소: 기독교학과 사무실 (조만식기념관 640호)
5. 선발결과 발표
:
2025년 2월 24일(월) 18:00 이후 본교 홈페이지 공지사항 공지 예정
6. 문의
:
기독교학과 사무실 (02-820-0070) / enchristo@ssu.ac.kr"
christian_studies,[장학] 2025학년도 1학기 백마성적우수장학생 선발 안내,N/A,2025-01-07,https://docs.ssu.ac.kr/%ed%95%99%ea%b3%bc%ec%82%ac%eb%ac%b4%ec%8b%a4%ec%95%8c%eb%a6%bc/%ea%b3%b5%ec%a7%80%ec%82%ac%ed%95%ad/?term_id&slug=2838,"2025학년도 1학기 백마성적우수장학생 선발을 안내합니다.
1. 자격요건
가. 2025학년도 1학기 국가장학금을 신청하여 소득분위 조회가 가능한 자
1) 1차 신청자에 한하여 등록금고지서 사전감면 가능
2) 1차 미신청자: 2차 신청/서류제출 확인 후 지급 (2차 신청자 중 한국장학재단 구제신청 시 사후지급)
3) 국가장학금을 신청할 수 없는 대한민국 국적 미소지자도 선발 가능 (단, 순수외국인전형으로 입학한 외국인 유학생은 선발 불가)
나. 2025학년도 1학기 재학 및 복학예정자로 해당학기 등록금 납부 예정인 자
1) 2025학년도 1학기 前  등록휴학 후 복학 시 선발대상에서 제외(등록대체자)
2) 학기 중 미등록, 자퇴, 제적, 입학취소, 복학 취소 등 학적변동시 모든 장학금 취소
3) 선발 후, 학기 중 휴학 시 백마성적우수장학금은 복학 학기로 이월
다. 직전학기 15학점 이상 이수한 자(졸업 직전학기는 12학점 이상)
라. 2025학년도 1학기 기준, 정규등록학기가 8학기 이내인 자(건축학과 건축학전공: 정규등록 10학기 이내인 자)
마. F학점 포함 학적부성적 기준 직전 학기 평점평균
3.8 이상
인 자
바. 모든 교내장학금 간 중복수혜 불가
1) 신청장학금 중 수혜금액이 큰 장학금 선발
2) 중복수혜 가능 장학금: 국가장학금, 교외장학금, 학과우수장학금, 기타 학업장려비 지원 목적 장학금 등
사. 졸업예정자 선발 불가(조기졸업 대상자 포함)하므로 유의
2. 기독교학과 선발 기준
가. 직전 학기 평점평균 기준 학년 석차 1위
1) 학년 석차 1위이나 기 선발 장학금, 등록학기 등의 이유로 선발이 불가할 수 있음
2) 학년 석차 1위가 선발되지 않는 경우 학년 차순위 선발
나. 전체 석차 중 (각 학년 석차 1위 제외) 본교 장학팀 배정 인원까지 상위부터 선발. 단, 동점자가 있을 경우 취득학점이 높은 학생 상위 배정
라. 취득학점까지 동일할 경우 아래 기준을 선발에 참고함
1)  가정형편 (소득분위 및 진로상담 내용)
2) 학과 활동 참여도 (개·종강 총회, Workshop, 학생임원회, 운영위원회 등)
마. 각 호의 기준으로 우열이 나누어지지 않는 경우 교수 회의를 통해 선발
3. 선발일정
내용
선발일정
학과(부) 선발
2025. 1. 13.(월)~1. 23.(목)
장학팀 백마성적우수장학생 선발
2025. 1. 24.(금)~2. 3.(월)
백마성적우수장학생 결과 발표
2025. 2. 7.(금) 예정"
christian_studies,[대학원] 2025학년도 1학기 학·석사연계과정 지원 및 선발 안내,N/A,2024-11-04,https://docs.ssu.ac.kr/%ed%95%99%ea%b3%bc%ec%82%ac%eb%ac%b4%ec%8b%a4%ec%95%8c%eb%a6%bc/%ea%b3%b5%ec%a7%80%ec%82%ac%ed%95%ad/?term_id&slug=2769,"2025학년도 1학기 학·석사연계과정 지원 및 선발을 아래와 같이 진행함을 안내합니다.
1. 지원기간: 2024. 12. 2.(월) ~ 12. 13.(금)
2. 모집학과: 학사과정과 석사과정에 동일(또는 유사)학과가 있는 학과(계약학과 제외)
3.지원자격:
다음 각호 모두 해당되는 자
가. 지원일 당시 학사과정 4학기 이상 6학기 이내 재학 중(건축학부 건축학전공은 6학기 이상 8학기 이내 재학 중)인 자 (학·석사연계과정 신청자는 조기졸업 신청을 할 수 없음)
나. 재수강 이전 과목, 학점포기한 과목, F학점 과목 등을 포함한 전체 과목의 총평점평균이 3.0 / 4.5 이상인 자
다. 7학기 또는 8학기(건축학부 건축학 전공은 9학기 또는 10학기)에 학사과정의 졸업요건을 충족할 수 있는 자
라. 지원하고자 하는 일반대학원 학과 주임교수와 지도교수의 추천을 받은 자
마. 지원하고자 하는 일반대학원의 동일(또는 유사)학과를 주전공 또는 복수전공으로 하는자
4. 제출서류 및 지원방법
가. 학·석사연계과정 신청서 1부.
나. 대학원 교학팀으로 방문 접수(웨스트민스터홀 658호)
5. 선발인원: 석사과정 입학정원의 20%
6. 발표일: 2025. 1. 24.(금) 예정 – 학과 및 개별통지
7. 관련안내
가. 대상: 지원가능 대상자 및 학과
나. 방법: 안내문 배포 및 대학원 홈페이지 공지
8. 문의처: 대학원 교학팀(02-820-0258~9, grad@ssu.ac.kr)
붙임
가. 2025-1 학·석사연계과정 안내문 1부.
나. 학·석사연계과정 신청서 1부.  끝."
christian_studies,[장학] 2024학년도 2학기 삼금문화장학재단 장학생 선발 안내,N/A,2024-10-30,https://docs.ssu.ac.kr/%ed%95%99%ea%b3%bc%ec%82%ac%eb%ac%b4%ec%8b%a4%ec%95%8c%eb%a6%bc/%ea%b3%b5%ec%a7%80%ec%82%ac%ed%95%ad/?term_id&slug=2764,"2024학년도 2학기 삼금문화장학재단 장학생을 선발을 안내합니다.
1. 장학금명: 삼금문화장학재단 장학금
2. 장학금액: 1,000,000원(인당) / 5명 선발
3. 장학생 자격 요건
가. 2024학년도 2학기 기독교학과 정규 등록학기 재학생
나. 2024학년도 2학기 국가장학금 신청 후 소득분위 산정이 완료된 학생
다. 타 재단 장학금(학비보조 포함)을 수혜하지 않은 자
※ 국가 및 교내장학금은 등록금 범위 내에서 중복수혜 가능
4. 구비서류
가. 지원서 1부(붙임 양식) ※ 학교장 직인은 장학팀에서 날인 예정
나. 성적증명서 1부
다. 주민등록등본 1부
라. 반명함판 사진 1매(추천서 부착)
5. 제출기간: 2024. 11. 4.(월)~11. 8.(금) 17:00까지
6. 제출방법: 구비서류 지참해 기독교학과 사무실(조만식기념관 640호)로 직접 제출
7. 지급시기: 12월 중순 예정(장학팀 주관)"
christian_studies,[장학] 2024학년도 2학기 ㈜제일하이텍 기독교학과 장학생 선발 공고,N/A,2024-09-19,https://docs.ssu.ac.kr/%ed%95%99%ea%b3%bc%ec%82%ac%eb%ac%b4%ec%8b%a4%ec%95%8c%eb%a6%bc/%ea%b3%b5%ec%a7%80%ec%82%ac%ed%95%ad/?term_id&slug=2741,"2024학년도 2학기 (주)제일하이텍 기독교학과 장학생을 선발을 안내합니다.
※ 장학팀에서 선발하는 제일하이텍 장학생과 별개임을 알려드립니다.
1. 선발 인원
: 총 6명
2. 장학금액
:
1인당 100만원(학업장려비)
※ 학업장려비 지원 목적 장학금으로 등록금을 초과하여 수혜 가능
3. 선발 기준
가. 2024학년도 2학기 정규 등록학기 재학 중인 학생
나. 2024학년도 2학기 국가장학금 신청 후 소득분위 산정이 완료된 학생
※ 국가장학금 수혜 여부와 관계없이 지원 가능(산술평균 미달, 수혜횟수 초과 등)
다. 학업 성적과 관계없이 가정 형편이 어려워 학업을 지속할 수 없는 학생(자기소개서에 관련 내용 기술)
라. 동일 조건 중 한부모 자녀, 조손가정 자녀, 본인 가장 학생, 미자립 목회자 자녀 우선 선발
마. 아래 표 중 하나에 해당하는 학생(증빙서류 제출 가능자) 우대(해당자만 제출)
구분
제출서류
한부모가족
가. 한부모가족 증명서
학생 가장 본인
(
기혼자 제외
)
가. 가족관계증명서
조손가정 자녀
가. 가족관계증명서
나. 주민등록등본
미자립교회
목회자 자녀
가. 교단 소속(재직) 증명서나. 미자립교회 확인서(소속 노회장 발행)
다. 가족관계증명서
※ 공고일 기준(2024. 9. 19.) 3개월 이내 발급본만 인정
※ 교단 증명서는 한국기독교교회협의회(KNCC), 한국기독교총연합회(CCK), 한국교회연합(CCIK), 한국독립교회연합회(KAICAM), 한국교회총연합(UCCK)에 가입된 교단에 속하는 교회에서 발행하는 것만 인정
바. 지원서 및 자기소개서를 충실히 작성한 학생
4. 제출서류
가. 장학금 지원서, 자기소개서 및 학업계획서 각 1부(붙임양식)
나. 서약서 1부(붙임양식)
다. 개인정보 수집 이용 및 제3자 제공 동의서(붙임양식)
라. 우대사항 증빙서류 1부(해당자)
※ 제출된 서류는 장학생 선발 후 즉시 파기합니다.
5. 접수기간 및 방법
가. 접수기간:
2024. 9. 19.(목
)~9. 27.(금) 17:00
까지
나. 접수방법: 직접 혹은 이메일 제출
1) 제출처: 기독교학과 사무실(조만식기념관 12640호)
2) 이메일: enchristo@ssu.ac.kr
※ 이메일 제출 시 서명란은 반드시 자필로 작성 후 스캔하여 한 개의 pdf파일로 제출
※ 이메일 제목과 파일명 동일하게 제출(파일명: 제일하이텍_학번_성명)
6. 기타 유의사항
가. 서류 미비 시 장학생 선발 대상에서 제외
나. 음주 용도에 절대 사용하지 않을 것과 졸업 후 반드시 사회에 환원할 것을 서약
다. 필요 시, 자기소개서 내용을 증빙할 수 있는 추가 서류 제출을 요청할 수 있음
라. 필요 시, 선발 과정에서 학과 전임교원과의 면담(면접)을 요청할 수 있음
7. 기타 문의사항
: 기독교학과 사무실(Tel. 02-820-0070)
붙임 1. 장학금 지원서 및 자기소개서 양식 1부.
2. 서약서 양식 1부.
3. 개인정보동의서_숭실대 1부. 끝."
christian_studies,[졸업] 2024-2학기 졸업(논문)계획서 및 졸업논문(대체 어학 시험 성적표) 제출 안내,N/A,2024-09-03,https://docs.ssu.ac.kr/%ed%95%99%ea%b3%bc%ec%82%ac%eb%ac%b4%ec%8b%a4%ec%95%8c%eb%a6%bc/%ea%b3%b5%ec%a7%80%ec%82%ac%ed%95%ad/?term_id&slug=2732,"졸업(논문)계획서 및 졸업논문(대체 어학 시험 성적표) 제출을 안내합니다. 아래의 공지를 참고해 반드시 기한 내 제출해 주시기 바랍니다.
1. 졸업(논문)계획서 제출
가. 대상자: 7학기 이상 재학생 및 기제출자 중 졸업 계획 변경 희망자
나. 제출방법
1) 2024. 9. 27.(금) 17:00까지 첨부된 ‘졸업(논문)계획서_양식’ 작성해 학과 사무실로 직접 제출
2) 직접 제출이 어려운 경우 학과 e-mail(enchristo@ssu.ac.kr)로 제출
3) 양식: 첨부파일 참조
다. 작성 방법
1) 졸업논문 대체 어학 시험 성적표 제출 희망자: 논문 대체 선택 항목 체크해 제출
2) 졸업논문 제출 희망자: 논문제목 및 분야와 간단한 논문 개요 작성해 제출
라. 지도교수
1) 기본적으로 공란으로 제출하며, 학과 사무실에서 추후 U-Saint 상의 e-mail로 지도교수 안내 예정
2) 미리 교수와 협의하여 지도교수를 정한 경우, 지도교수 란에 교수 성명 작성해 제출
2. 졸업논문(또는 공인 영어 성적표) 제출
가. 대상자: 8학기 이상 재학생 또는 졸업예정자(졸업학기)
나. 제출일 및 방법
1) 졸업논문
가) 스프링 제본이 완료된 논문 1부를 12. 6.(금) 17:00까지 학과 사무실로 제출
나) 논문 원본 파일(한글, Word 등)을 12. 6.(금) 17:00까지 학과 e-mail로 제출
2) 어학성적표: 성적표 사본 1부를 12. 6.(금) 17:00가지 학과 사무실로 제출
다. 졸업논문
1) 분량: 표지와 목차를 제외한 논문규격에 맞춘 A4용지 30장 내외
2) 양식: 첨부파일 참조
3. 유의사항
가. 졸업논문 혹은 대체 어학 성적표 제출을 위해서는 기독교학과 졸업 요건인 ‘기독교학과 워크숍 3회 이상 참석’을 만족해야 함
나. 수료생 중 졸업 예정 신청을 한 학생도 졸업예정자와 동일하게 졸업논문 절차 진행
다. 논문계획서 제출을 완료한 학생의 경우, 주제와 제목은 변경이 가능하나 지도교수 확정 후에는 지도교수와 논의를 통해 진행
라. 제출기한을 반드시 지켜야 하며, 제출기한을 지키지 못했을 경우 불이익이 생길 수 있음 (접수 불가 등)
마. 논문 또는 성적표 제출 마감 이후에는 변경 불가
4. 문의: 기독교학과 사무실
가. 연락처: 02-820-0070 / enchristo@ssu.ac.kr"
christian_studies,[장학] 2024-2학기 기독교학과 학과근로 장학생 선발 시행 안내,N/A,2024-08-02,https://docs.ssu.ac.kr/%ed%95%99%ea%b3%bc%ec%82%ac%eb%ac%b4%ec%8b%a4%ec%95%8c%eb%a6%bc/%ea%b3%b5%ec%a7%80%ec%82%ac%ed%95%ad/?term_id&slug=2726,"2024-2학기 학과근로 장학생을 선발하니 많은 관심과 지원 바랍니다.
1. 학과근로장학생 자격 및 선발기준
가. 2024학년도 2학기 국가장학금을 1차 신청(붙임2)하고 소득분위가 8분위 이내인 자
※ 국가장학금을 신청할 수 없는 대한민국 국적 미소지자도 선발 가능(단, 순수외국인전형으로 입학한 외국인 유학생은 선발 불가)
나. 2024학년도 2학기 재학 및 복학 예정자로 해당 학기 등록금 납부 예정인 자
1) 2024학년도 2학기 전 등록휴학 후 복학 시 선발 불가(등록대체자)
2) 학기 중 미등록, 입학취소, 복학취소 등으로 인한 학적변동시 모든 장학금 취소
3) 2024학년도 2학기 기준 이수학기가 2~8학기인 학생만 가능(1학기 신청 불가, 건축학 전공자의 경우 10학기까지 신청 가능)
다. 직전학기 취득학점 및 학업성적 제한 없음
라. 장애인, 북한이탈주민 및 자립준비청년 우선 선발(한국장학재단 정보 활용)
마. 타 장학금과 중복수혜 가능(근로장학금 간 중복 불가)
※ 본 장학금은 학업장려비 지원 목적으로 등록금(수업료)을 초과하여 지급 가능
사. 국가근로장학생 및 교내근로장학생에 선발되지 않은 자
2. 예산사항
가. 시간당 장학금액을 9,860원으로 책정
나. 학과근로A: 시간당 장학금액 9,860원 / 200시간 (주 10시간 근무)
다. 학과근로B: 시간당 장학금액 9,860원 / 100시간 (주 5시간 근무)
3. 지원방법 및 일정
가. 신청기간: 2024. 8. 1.(목) 10:00 ~ 8. 9.(금) 17:00
나. 학과근로장학생 최종선발 및 발표: 2024. 8. 23.(금) 18:00 예정
※ 최종선발 후, 8월 말 근무시간표 편성 및 오리엔테이션 진행 예정(추후 공지)
다. 신청방법: u-SAINT포털→등록/장학→근로장학금 신청→지원서 출력/제출
4. 제출서류
가. 지원서 (u-SAINT 출력본, 본인서명 필수)
나. 자기소개서 (첨부파일 참조, 워드로 작성)
5. 제출방법(모든 서류에 본인 서명 필수)
가. 직접 방문: 기독교학과 사무실(조만식기념관 12640호)
나. 이메일 접수: enchristo@ssu.ac.kr로 스캔하여 파일 전송(본인서명 필수)
※ 서명이 없는 경우, 서류 미비로 탈락될 수 있음
붙임 1. 기독교학과 자기소개서 양식 1부. 끝."
christian_studies,[장학] 2024학년도 2학기 백마성적우수장학생 선발 안내,N/A,2024-07-10,https://docs.ssu.ac.kr/%ed%95%99%ea%b3%bc%ec%82%ac%eb%ac%b4%ec%8b%a4%ec%95%8c%eb%a6%bc/%ea%b3%b5%ec%a7%80%ec%82%ac%ed%95%ad/?term_id&slug=2720,"2024학년도 2학기 백마성적우수장학생 선발을 안내합니다.
1. 자격요건
가. 2024학년도 2학기 국가장학금을 신청하여 소득분위 조회가 가능한 자
1) 1차 신청자에 한하여 등록금고지서 사전감면 가능
2) 1차 미신청자: 2차 신청/서류제출 확인 후 지급 (2차 신청자 중 한국장학재단 구제신청 시 사후지급)
3) 국가장학금을 신청할 수 없는 대한민국 국적 미소지자도 선발 가능 (단, 순수외국인전형으로 입학한 외국인 유학생은 선발 불가)
나. 2024학년도 2학기 재학 및 복학예정자로 해당학기 등록금 납부 예정인 자
1) 2024학년도 2학기 前 등록휴학 후 복학 시 선발대상에서 제외(등록대체자)
2) 학기 중 미등록, 자퇴, 제적, 입학취소, 복학 취소 등 학적변동시 모든 장학금 취소
3) 선발 후, 학기 중 휴학 시 백마성적우수장학금은 복학 학기로 이월 – 복학 학기에 국가장학금 신청 의무임
4) 추가 또는 교체 선발 시에는 재학 중인 학생만 선발 가능(휴학생 추가/교체 불가)
다. 직전학기 15학점 이상 이수한 자(졸업 직전학기는 직전학기 12학점 이상)
라. 정규등록학기가 8학기 이내인 자(건축학과 건축학전공: 정규등록 10학기 이내인 자)
마. F학점 포함 학적부성적 기준 직전 학기 평점평균
3.8 이상
인 자
※ 2024학년도 2학기부터 선발 최소 기준 변경(장학팀-4560(2024.01.09)호와 관련하여 기 안내사항임)
구분
변경 전
변경 후
비고
평점평균 기준
3.5
/4.5
3.8
/4.5
2024.2.19.
홈페이지 공지 완료
바. 모든 교내장학금간 중복수혜 불가
1) 신청장학금 중 수혜금액이 큰 장학금 선발
2) 중복수혜 가능 장학금: 국가장학금, 교외장학금, 학과우수장학금, 기타 학업장려비 지원 목적 장학금 등
사. 졸업예정자 선발 불가(조기졸업 대상자 포함)하므로 유의
2. 기독교학과 선발 기준
가. 직전 학기 평점평균 기준 학년 석차 1위
1) 학년 석차 1위이나 기 선발 장학금, 등록학기 등의 이유로 선발 불가할 수 있음
2) 학년 석차 1위가 선발되지 않는 경우 학년 차순위 선발
나. 전체 석차 중 (각 학년 석차 1위 제외) 본교 장학팀 배정 인원까지 상위부터 선발
다. 단, 동점자가 있을 경우 취득학점이 높은 학생 상위 배정
라. 취득학점까지 동일할 경우 아래 기준을 선발에 참고함
1)  가정형편 (소득분위 및 진로상담 내용)
2) 학과 활동 참여도 (개·종강 총회, Workshop, 학생임원회, 운영위원회 등)
마. 각 호의 기준으로 우열이 나누어지지 않는 경우 교수 회의를 통해 선발
3. 선발일정
내용
선발일정
학과(부) 선발학생 SAP 입력 및 공문 제출
2024년 7월 15일(월) ~ 26일(금)
장학팀 백마성적우수장학생 선발
2024년 7월 29일(월) ~ 2024년 8월 2일(금)
백마성적우수장학생 결과 발표
2024년 8월 13일(화) 예정"
christian_studies,[대학원] 2024학년도 2학기 학·석사연계과정 지원 및 선발 안내,N/A,2024-05-22,https://docs.ssu.ac.kr/%ed%95%99%ea%b3%bc%ec%82%ac%eb%ac%b4%ec%8b%a4%ec%95%8c%eb%a6%bc/%ea%b3%b5%ec%a7%80%ec%82%ac%ed%95%ad/?term_id&slug=2671,"2024학년도 2학기 학·석사연계과정 지원 및 선발이 아래와 같이 진행되니 관심 있는 학생은 기간 내 신청하시기 바랍니다.
1. 지원기간: 2024. 6. 3.(월) ~ 6. 14.(금)
2.지원자격:
다음 각 호에 모두 해당되는 자
가. 지원일 당시 학사과정 4학기 이상 6학기 이내 재학 중(건축학부 건축학전공은 6학기 이상 8학기 이내 재학 중)인 자 (학·석사연계과정 신청자는 조기졸업 신청을 할 수 없음)
나. 재수강 이전 과목, 학점포기한 과목, F학점 과목 등을 포함한 전체 과목의 총평점평균이 3.0 / 4.5 이상인 자
다. 7학기 또는 8학기(건축학부 건축학 전공은 9학기 또는 10학기)에 학사과정의 졸업 요건을 충족할 수 있는 자
라. 지원하고자 하는 일반대학원 학과 주임교수와 지도교수의 추천을 받은 자
마. 지원하고자 하는 일반대학원의 동일(또는 유사)학과를 주전공 또는 복수전공으로 하는자
3. 제출서류 및 지원방법
가. 제출 서류: 학·석사연계과정 신청서 1부.
나. 지원 방법: 대학원 교학팀으로 방문 접수(웨스트민스터홀 658호)
4. 선발인원: 석사과정 입학정원의 20%
5. 발표일: 2024. 7. 26.(금) 예정 – 학과 및 개별통지
6. 관련안내
가. 대상 : 지원가능 대상자 및 학과
나. 방법 : 안내문 배포 및 대학원 홈페이지 공지
7. 문의처: 대학원 교학팀(02-820.0258~9 , grad@ssu.ac.kr)
붙임 1. 학·석사연계과정 안내문 1부.
2. 학·석사연계과정 신청서 1부.  끝."
christian_studies,[장학] 2024학년도 1학기 삼금문화장학재단 장학생 선발 안내,N/A,2024-04-24,https://docs.ssu.ac.kr/%ed%95%99%ea%b3%bc%ec%82%ac%eb%ac%b4%ec%8b%a4%ec%95%8c%eb%a6%bc/%ea%b3%b5%ec%a7%80%ec%82%ac%ed%95%ad/?term_id&slug=2663,"2024학년도 1학기 삼금문화장학재단 장학생을 선발을 안내합니다.
1. 장학금명: 삼금문화장학재단 장학금
2. 장학금액: 1,000,000원(인당) / 학업장려비
3. 장학생 자격 요건
가. 2024학년도 1학기 기독교학과 정규 등록학기 재학생
나. 2024학년도 1학기 국가장학금 신청 후 소득분위 산정이 완료된 학생
다. 타 재단 장학금(학비보조 포함)을 수혜하지 않은 자
※ 국가 및 교내장학금은 등록금 범위 내에서 중복수혜 가능
4. 구비서류
가. 지원서 1부(붙임 양식) ※ 학교장 직인은 장학팀에서 날인 예정
나. 성적증명서 1부
다. 주민등록등본 1부
라. 반명함판 사진 1매(추천서 부착)
※ 신입생은 성적증명서를 제외한 나머지 서류만 제출
5. 제출기간: 2024. 4. 24.(수)~4. 26.(금) 17:00까지
6. 제출방법: 구비서류 지참해 기독교학과 사무실(조만식기념관 640호)로 직접 제출"
christian_studies,[졸업] 2024-1학기 졸업(논문)계획서 및 졸업논문(대체 어학 시험 성적표) 제출 안내,N/A,2024-03-26,https://docs.ssu.ac.kr/%ed%95%99%ea%b3%bc%ec%82%ac%eb%ac%b4%ec%8b%a4%ec%95%8c%eb%a6%bc/%ea%b3%b5%ec%a7%80%ec%82%ac%ed%95%ad/?term_id&slug=2638,"졸업(논문)계획서 및 졸업논문(대체 어학 시험 성적표) 제출을 안내합니다. 아래의 공지를 참고해 기한 내 제출해 주시기 바랍니다.
1. 졸업(논문)계획서 제출
가. 대상자: 7학기 이상 재학생 및 기제출자 중 졸업계획 변경 희망자
나. 제출방법
1) 2024. 4. 5.(금) 17:00까지 첨부된 ‘논문계획서’ 양식 작성해 학과 사무실로 직접 제출
2) 직접 제출이 어려운 경우 학과 메일(enchristo@ssu.ac.kr)로 제출
3) 양식: 첨부파일 참조
다. 작성 방법
1) 졸업논문 대체 어학 시험 성적표 제출 희망자: 논문 대체 선택 항목 체크해 제출
2) 졸업논문 제출 희망자: 논문제목 및 분야와 간단한 논문 개요 작성해 제출
라. 지도교수
1) 기본적으로 공란으로 제출하며, 학과 사무실에서 e-mail로 지도교수 안내 예정
2) 미리 교수와 협의하여 지도교수를 정한 경우, 지도교수 란에 교수 성명 작성해 제출
2. 졸업논문(또는 공인 영어 성적표) 제출
가. 대상자: 8학기 이상 재학생 또는 졸업예정자(졸업학기)
나. 제출일 및 방법
1) 졸업논문: 스프링 제본이 완료된 논문 2부를 6. 7.(금) 17:00까지 학과 사무실로 제출
2) 어학성적표: 성적표 사본 1부를 6. 7.(금) 17:00가지 학과 사무실로 제출
다. 졸업논문
1) 분량: 표지와 목차를 제외한 논문규격에 맞춘 A4용지 30장 내외
2) 양식: 첨부파일 참조
3. 유의사항
가.
졸업논문 혹은 대체 어학성적표 제출을 위해서는 기독교학과 졸업 요건인 ‘기독교학과 워크숍 3회 이상 참석’ 조건을 만족해야 함
나. 수료생 중 졸업예정 신청을 한 학생도 졸업예정자와 동일하게 졸업논문 절차 진행
다. 논문계획서 제출을 완료한 학생의 경우, 논문주제와 제목은 변경이 가능하나 지도교수 확정 후에는 지도교수와 논의를 통해 진행
라. 제출기한을 반드시 지켜야 하며, 제출기한을 지키지 못했을 경우 불이익이 생길 수 있음 (접수 불가, 감점 등)
마. 논문 또는 성적표 제출 마감 이후에는 변경 절대 불가
4. 문의: 기독교학과 사무실
가. 연락처: 02-820-0070 / enchristo@ssu.ac.kr"
christian_studies,[장학] 2024학년도 1학기 학과근로장학생 모집 안내,N/A,2024-02-01,https://docs.ssu.ac.kr/%ed%95%99%ea%b3%bc%ec%82%ac%eb%ac%b4%ec%8b%a4%ec%95%8c%eb%a6%bc/%ea%b3%b5%ec%a7%80%ec%82%ac%ed%95%ad/?term_id&slug=2604,"2024학년도 1학기 학과근로장학생을 다음과 같이 모집하니 많은 지원 바랍니다.
1. 근로장학생 자격 및 선발기준
가. 2024학년도 1학기 국가장학금을
1
차
신청하고 소득분위가 8분위 이내인 자
※ 국가장학금을 신청할 수 없는 대한민국 국적 미소지자도 선발 가능 (단, 순수외국인전형으로 입학한 외국인 유학생은 선발 불가)
나. 2024학년도 1학기 재학 및 복학예정자로 해당학기 등록금 납부 예정인 자
1) 2024학년도 1학기 전 등록휴학 후 복학시 선발 불가(등록대체자)
2) 학기 중 미등록, 입학취소, 복학취소 등으로 인한 학적변동시 모든 장학금 취소
3) 2024학년도 1학기 기준 이수학기가 2~8학기만 가능(건축학 전공은 10학기까지)
다. 직전학기 취득학점 및 학업성적 제한 없음
라. 타 장학금과 중복수혜 가능(근로장학금 간 중복 불가)
※ 본 장학금은 학업장려비 지원 목적으로 등록금(입학금 및 수업료)를 초과하여 지급
마. 국가근로장학생 및 교내근로장학생에 선발되지 않은 자
※ 국가근로 및 교내근로 선발자가 포기 후 학과근로 선발될 수 없음
2. 근로장학생 종류별 장학금액 및 근로시간
장학금명
시간당 장학금
총 근로시간 (학기)
1인당 장학금액(원)
학과근로A
9,860원
10시간*20주=200시간
1,972,000
학과근로B
9,860원
5시간*20주=100시간
986,000
※ 장학금은 매월 지급하며, 실 지급액은 근로시간에 따라 달라질 수 있음
※ 주 기준은 학기당 받을 수 있는 장학금액 산정을 위한 것이며, 총 시간 내에서 8월까지 근로할 수 있음
※ 장학금 지급일 : 익월 셋째 주 금요일
3. 유의 사항
가. 선발된 학생은 소속부서에서 지정된 근로시간 동안 근무해야 하며, 학기 중 학적변동(휴학, 자퇴, 제적 등) 등 불가피한 사유가 인정되는 중도 포기 시 근로 시간 만큼 지급
나. 2024년 7월 근로평가 전까지 교체 가능(단, 교체 전 학생의 근로시간을 차감)
다. 국가근로 및 교내근로로 선발 시 학과근로 선발에서 제외됨 (선발 우선순위: 1. 국가근로, 2. 교내근로, 3. 학과근로)
4. 신청절차
가. 학생신청방법: u-SAINT포털 → 등록/장학 → 장학메뉴 ‘근로장학금’ → 학과근로A/B신청 → 지원서 출력 → 지원서 제출 (
※
u-SAINT
출력본 제출 필수)
나. 온라인접수 및 서류제출기간:
2024
년
1
월
30
일
(
화
) 10:00 ~ 2
월
7
일
(
수
) 17:00
1)
제출서류: 지원서 (u-SAINT출력본), 학과근로 자기소개서(첨부파일)
2) 제출장소:  학과사무실(조만식기념관 640호)
5. 선발결과 발표
가. 일시 : 2024년 2월 22일(목) 18:00 이후 본교 홈페이지 공지사항 공지 예정
나. 발표 후 학과 사무실에서 O.T 예정
6. 문의
:
학과 사무실(02-820-0070),
enchristo@ssu.ac.kr"
christian_studies,[장학] 2024학년도 1학기 백마성적 우수장학생 선발 안내,N/A,2024-01-15,https://docs.ssu.ac.kr/%ed%95%99%ea%b3%bc%ec%82%ac%eb%ac%b4%ec%8b%a4%ec%95%8c%eb%a6%bc/%ea%b3%b5%ec%a7%80%ec%82%ac%ed%95%ad/?term_id&slug=2588,"2024-1학기 백마성적우수장학금 선발 기준 안내
안녕하세요, 기독교학과 사무실입니다.  2024-1학기 백마성적우수장학금 선발 기준에 대한 안내입니다.
문의사항이 있는 경우, 학과사무실로 연락을 바랍니다.  (☎02 – 820 – 0070)
1. 자격요건
가. 2024학년도 1학기 국가장학금을 신청하여 소득분위 조회가 가능한 자
1) 1차 신청자에 한하여 등록금고지서 사전감면
2) 1차 미신청자 : 2차 신청/서류제출 확인 후 지급
(2차 신청자도 선발 및 사후지급가능하므로 학과에서는 현재 미신청자도 선발 요망)
3) 국가장학금을 신청할 수 없는 대한민국 국적 미소지자도 선발 가능
(단, 순수외국인전형으로 입학한 외국인유학생은 선발 불가)
나. 2024학년도 1학기 재학 및 복학예정자로 해당학기 등록금 납부 예정인 자
1) 2024학년도 1학기 前등록휴학 후 복학시 선발대상에서 제외(등록대체자)
2) 학기 중 미등록, 입학취소, 복학취소 등으로 인한 학적변동시 모든 장학금 취소
3) 선발 후, 학기 중 휴학 시 백마성적우수장학금은 복학학기로 이월
※ 추가 또는 교체선발 시 재학 중인 학생만 선발 (휴학생에 대한 추가/교체 불가)
다. 직전학기 15학점 이상 이수한 자 (졸업 직전학기는 직전학기 12학점 이상)
라. 정규등록학기가 8학기 이내인 자(건축학과 건축학전공: 정규등록 10학기 이내인 자)
마. F학점 포함 학적부성적 기준 직전학기 3.5 이상인 자
바. 모든 교내장학금간 중복수혜 불가
1) 신청장학금 중 수혜금액이 큰 장학금 자동선발
2) 중복수혜 가능 장학금: 국가장학금, 교외장학금, 학과우수장학금, 기타 학업장려비 지원 목적 장학금 등
사. 졸업예정자 선발 불가(조기졸업 대상자 포함)하므로 유의
2. 2024-1학기 선발 예정 인원 (선발과정에 따라 변동될수도있음)
① 수업료 100%  2인
② 수업료 50%  7인
3. 2024-1학기 백마성적우수장학금 선발 기준
가. 직전 학기 평점평균 기준  학년 석차 1위
1) 학년 석차 1위이나, 기 선발 장학금, 등록학기 등의 이유로 선발 불가할 수 있음.
2) 학년 석차 1위가 선발되지 않는 경우, 학년 차점자 선발하지 않을 수 있음.
나. 전체 석차 중, (각 학년 석차 1위 제외) 본교 장학팀 배정 인원까지 상위부터 선발.
다.  단, 동점자가 있을 경우 취득학점이 높은 학생을 상위 장학금에 배정.
라. 취득학점까지 동일할 경우, 다음 기준을 선발에 참고함.
1)  가정형편 (소득분위 및 진로상담 내용)
2) 학과 활동 참여도 (개·종강 총회, Workshop, 학생임원회, 운영위원회 등)
마. 각 호의 기준으로 우열이 나누어지지 않는 경우, 교수 회의를 통해 선발함.
4. 선발일정
내용
선발일정
학과(부) 선발학생 SAP 입력 및 승인
2024년 1월 15일(월) ~ 1월 26일(금)
장학팀 백마성적우수장학생 선발
2024년 1월 29일(월) ~ 2024년 2월 2일(금)
백마성적우수장학생 결과 발표
2024년 2월 09일(금)
5. 중요사항
:  2024학년도 2학기부터 백마성적장학생 선발 최소 기준 변경되므로 학과(부) 선발기준 등
사전 점검 요망
※이번 학기는 변동사항 없음
구분
변경 전
변경 후
비고
평점평균 기준
3.5/4.5
3.8/4.5
2024. 02. 장학팀 공고 예정"
christian_studies,[장학] 2024학년도 1학기 한국장학재단 국가장학금 1차 신청 안내,N/A,2023-11-21,https://docs.ssu.ac.kr/%ed%95%99%ea%b3%bc%ec%82%ac%eb%ac%b4%ec%8b%a4%ec%95%8c%eb%a6%bc/%ea%b3%b5%ec%a7%80%ec%82%ac%ed%95%ad/?term_id&slug=2579,"2024학년도 1학기 한국장학재단 국가장학금 1차 신청과 관련하여 다음과 같이 안내합니다.
※ 국가장학금 신청 여부에 따라 교·내외 장학금 수혜가 어려울 수 있으니 소득구간과 관계없이 반드시 신청해 주시기 바랍니다.
※ 재학생은 1차 신청이 원칙입니다.
1. 신청기간: 2023.11.22.(수) 9:00~12.27.(수) 18:00까지(총 36일)
※ 공휴일, 일요일 포함 신청기간 내 24시간 신청 가능합니다.
※ 1차 신청기간에 신청하지 않을 경우, 국가 및 교내장학금은 학기말에 지급될 수 있습니다.
2. 서류 제출 및 가구원 동의 기간: 2023.11.22.(수) 9:00~2024.01.03.(수) 18:00까지
※ 서류제출 및 가구원 동의 대상자는 반드시 이를 이행해야 장학금 신청이 완료됩니다.
3. 신청대상: 대한민국 국적 학부생
※ 재학생, 신입생(고3, 재수생 등 1학기 입학예정자), 편입생, 재입학생, 복학생 및 휴학생 등 모든 학적 신청가능
※ 재학생은 1차 신청이 원칙이며, 재학 중 2회에 한해 구제신청 자동 적용
※ 반드시 사전에 본인 및 부모님 공동인증서 또는 금융인증서 준비
※ 국가장학금 최대 수혜횟수 범위 내에서 지급가능
※ 국가장학금 미신청자는 교내장학금 및 재난장학금 지원 불가하므로 반드시 신청
4. 신청방법: 한국장학재단 누리집(www.kosaf.go.kr) 및 모바일 앱에서 신청
5. 신청문의: 한국장학재단 상담센터 1599-2000
6. 기타 안내사항
■ 이수학점 및 성적 기준
– 이수학점: 직전학기 12학점 이상(※ 졸업학기의 경우, 직전학기 이수학점 기준 미적용)
– 산술평균 80점 이상
※ 기초생활수급자/차상위계층, 장애학생 등 예외적용 대상자는 한국장학재단 업무처리기준에 따름
※ 신입생/편입생: 직전학기 성적기준 미적용
※ 직전학기 성적이 모두 P/F인 경우, 산출 가능한 가장 최근학기 성적 적용
■ 국가장학금 Ⅰ유형 신청 시, 국가장학금 Ⅱ유형도 연동되어 심사됩니다.
– Ⅰ유형: 소득분위별 한국장학재단 지정금액 지급
– Ⅱ유형: 소득분위별 교내기준에 따라 지정금액 지급
– 국가장학금 Ⅰ유형 탈락 시, 국가장학금 Ⅱ유형도 탈락
※ Ⅰ유형 신청 시 Ⅱ유형 통합신청됩니다.(Ⅱ유형 별도 신청 없음)
■ 국가장학금 Ⅰ유형 신청 결과 확인 된 소득분위 자료는 교내 비전장학금 심사에 활용됩니다.
– 비전장학금: 국가장학금과 연계하여 본교에서 지급하는 교내장학금
(※ 학자금지원구간 1~8구간 대상, 국가장학금 미신청 시 선발불가)
– 국가장학금 미신청 시, 타 교내장학금 선발 제한될 수 있음
■ 국가장학금 지급 이후 휴학 등으로 재학하지 않는 경우, 장학금이 취소됩니다.
– 전액 환수 시 국가장학금 수혜 횟수에 포함되지 않음
– 복학 시, 국가장학금 및 교내장학금을 다시 신청해야 함
■ 학적 상태가 휴학/재학 여부와 무관하게 국가장학금 신청이 가능합니다.
– 2023학년도 2학기 휴학상태여도 2024학년도 1학기 복학예정이라면 반드시 1차 신청
■ 등록금 분할납부 신청 시 등록금 완납 후 국가장학금이 지급됩니다.
■ 중복지원
– 관련 근거 및 세부사항 한국장학재단 홈페이지 참조
– 학자금 대출 + 장학금 총액이 등록금(수업료)을 초과하는 경우 ‘중복지원’에 해당됨
(※ 근로장학금, 포상장학금, 교육지원장학금 등 등록금 지원 목적이 아닌 학업장려비 성격 장학금은 제외)
– 중복지원 일 경우 한국장학재단 국가장학금 및 학자금대출 이용 불가
– 학자금 대출을 상환하거나 장학금을 반환해야 중복지원 해소 가능
■ 여러 장학금을 동시에 받는 경우, 외부장학금과 국가장학금이 우선 적용됩니다.
– 우선순위 : 외부장학금 > 국가장학금 > 교내장학금
붙임 2024학년도 1학기 국가장학금 1차 신청 매뉴얼 각 1부. 끝."
christian_studies,[대학원] 2024학년도 1학기 학·석사연계과정 지원 및 선발 안내,N/A,2023-11-14,https://docs.ssu.ac.kr/%ed%95%99%ea%b3%bc%ec%82%ac%eb%ac%b4%ec%8b%a4%ec%95%8c%eb%a6%bc/%ea%b3%b5%ec%a7%80%ec%82%ac%ed%95%ad/?term_id&slug=2558,"2024학년도 1학기 학·석사연계과정 지원 및 선발을 아래와 같이 진행하오니 관심있는 학사과정생들은 지원 기간내에 지원하여 주시기 바랍니다.
1.
지원기간 : 2023.12.04(월)~12.15(금)
2. 모집학과 : 학사과정과 석사과정에 동일(또는 유사)학과가 있는 학과(계약학과 제외)
3.지원자격 :
다음 각호 모두 해당되는 자
가. 지원일 당시 학사과정 4학기 이상 6학기 이내 재학 중(건축학부 건축학전공은 6학기 이상 8학기 이내 재학 중)인 자
(학·석사연계과정 신청자는 조기졸업 신청을 할 수 없음)
나. 재수강 이전 과목, 학점포기한 과목, F학점 과목 등을 포함한 전체 과목의
총평점평균이 3.0 / 4.5 이상인 자
다.
7학기 또는 8학기
(건축학부 건축학 전공은 9학기 또는 10학기)에
학사과정의 졸업요건을 충족할 수 있는 자
라. 지원하고자 하는 일반대학원 학과 주임교수와 지도교수의 추천을 받은 자
마. 지원하고자 하는 일반대학원의 동일(또는 유사)학과를 주전공 또는 복수전공으로 하는자
4. 제출서류 및 지원방법
가. 학·석사연계과정 신청서 1부.
나. 대학원 교학팀으로 방문 접수(웨스트민스터홀 658호)
5. 선발인원 : 석사과정 입학정원의 20%
6. 발표일 : 2024.01.26(금) 예정 – 학과 및 개별통지
7. 문의처 : 대학원 교학팀(02-820.0258~9 , grad@ssu.ac.kr)
붙임 : 1. 2024-1 학·석사연계과정 안내문 1부.
2. 학·석사연계과정 신청서 1부."
christian_studies,[학사] 2023-2학기 논문계획서 및 졸업논문(영어성적) 제출 안내,N/A,2023-09-07,https://docs.ssu.ac.kr/%ed%95%99%ea%b3%bc%ec%82%ac%eb%ac%b4%ec%8b%a4%ec%95%8c%eb%a6%bc/%ea%b3%b5%ec%a7%80%ec%82%ac%ed%95%ad/?term_id&slug=2537,"2023-2학기 논문계획서 및 졸업논문(영어성적) 제출 안내
졸업논문 및 논문대체 영어성적표 제출 안내 드립니다. 아래의 공지 참고하여 기한 내에 제출하여주시기 바랍니다.
1. 논문계획서(논문대체계획서) 제출
가. 대상자:
7
학기 이상 재학생
및 기제출자 중 주제 변경 희망자
(2023-1학기 제출자는 제출하지 않아도 됩니다)
나. 제출일 및 방법
–
9
월
27
일
(수
) 17
시까지
첨부된 양식 작성하여 출력 후 학과사무실로 제출.
– 오프라인 방문이 어려운 경우, 작성하여 학과 메일(
enchristo@ssu.ac.kr
)로 첨부파일 제출.
– 양식: 첨부파일 참조
다. 작성 방법
– 논문대체 영어점수 제출 희망자: 논문 대체 선택 3가지 항목 중 하나에 체크하여 제출.
– 논문 제출 희망자: 논문제목 및 분야와 간단한 논문 개요를 작성하여 제출. (
지도교수란 공란
으로 제출)
2. 졸업논문(또는 공인 영어 성적표) 제출
가. 대상자: 8학기 이상 재학생 또는 졸업예정자, 기제출방식 변경자 (논문–>영어성적)
나. 제출일 및 방법:
– 논문: 스프링 제본이 완료된 논문을
12월 8일(금) 17시까지
학과사무실로 제출
(2권)
– 영어성적대체:
12
월 8
일
(
금
) 17
시까지
성적표 사본 1부를 학과사무실로 제출.
다. 분량: 표지와 목차를 제외한, 논문규격에 맞춘 A4용지 30장 내외
라. 양식: 첨부파일 참조
※
논문은 졸업하는 학기에 제출합니다
.
3. 유의사항
가. 수료생 중 졸업예정자 신청을 한 학생도 졸업예정자와 동일하게 졸업논문 절차를 진행하면 됩니다.
나. 논문계획서 제출 완료한 학생의 경우, 논문주제와 제목은 변경이 가능하지만, 이는 지도교수 확정 후 지도교수와 논의를 통해 진행할 수 있습니다.
다. 제출기한을 반드시 지켜주시기 바랍니다. 제출기한을 지키지 못했을 경우 불이익이 생길 수 있습니다. (접수 불가, 감점 등)
라. 논문은 스프링 제본을 마친 완본을 제출하여야 합니다. (2권 제출)
마. 논문 또는 영어자격시험 성적표 제출 마감 이후의 변경은 절대 불가함을 숙지 바랍니다.
바. 논문작성 시 반드시 규격을 준수하고 모르는 부분은 학과사무실(820-0070)에 문의하시기 바랍니다.
4. ★특이사항
2021-1학기까지 진행된
공인어학능력시험 유효기간 초과분에 대한 졸업요건 일시 인정을 철회
하며,
원칙대로 적용됩니다
.
제출일 기준, 유효기간이 초과된 성적표에 대해서는 졸업요건으로 인정되지 않습니다.
▷이전: 유효기간이 1년 미만으로 초과된 공인어학시험 성적에 대하여 인정.
▷변경: 유효기간 초과된 성적표에 대하여 성적 일체 불인정.
5. 문의: 기독교학과 사무실 02-820-0070 / enchristo@ssu.ac.kr
6. 첨부파일
(1) 졸업논문 규격
(2) 졸업논문계획서 양식
(3) 졸업논문 대체 인정 환산 점수표(영어성적기준)"
christian_studies,[장학] 2023-2학기 기독교학과 학과근로장학생 선발 안내,N/A,2023-07-31,https://docs.ssu.ac.kr/%ed%95%99%ea%b3%bc%ec%82%ac%eb%ac%b4%ec%8b%a4%ec%95%8c%eb%a6%bc/%ea%b3%b5%ec%a7%80%ec%82%ac%ed%95%ad/?term_id&slug=2524,"2023-2학기 학과근로장학생 선발 안내
기독교학과에서는 2023-2학기 학과사무실의 전반적인 운영을 도울 책임감 있고 성실한 근로장학생을 기다립니다.
2023-2학기 기독교학과 사무실 학과근로장학생 선발에 학생 여러분의 많은 지원 바랍니다.
자세한 사항은 아래 공고문을 확인하여 주시기 바랍니다.
1. 모집인원 및 구분
장학금명
시간당 장학금액
총 근로시간(학기)
1인당 장학금액(원)
선발인원
학과근로A
9,620
10시간*20주=200시간
1,924,000
0명
학과근로B
9,620
5시간*20주=100시간
962,000
0명
※ 학과근로A/B 유형으로 최소 3~6명까지 선발 가능(지원 인원 및 지원유형에 따라 유동적으로 적용 예정).
2. 지원방법 및 일정
가. 신청기간: 2023년 7월 31일(월) 12:00 ~ 8월 8일(화) 17:00
(온라인신청 및 서류제출기간)
나. 학과근로장학생 최종선발 및 발표: 2023년 8월 18일(금) 18:00 이후 예정
※ 최종선발 후, 8월 말 근무시간표 편성 및 오리엔테이션 진행 예정(추후 공지).
다. 학생신청방법: u-SAINT포털→등록/장학→근로장학금 신청→지원서 출력/제출
(1) 제출서류
–
지원서 (u-SAINT 출력본, 본인서명 필수)
–
자기소개서 (첨부파일 참조)
(2) 제출방법
(모든 서류에 본인 서명 필수)
– 직접 방문: 기독교학과 사무실(조만식기념관 12640호)
– 이메일 접수:
enchristo@ssu.ac.kr로 스캔하여 파일 전송
(본인서명 필수)
.
※ 서명이 없는 경우, 서류 미비로 탈락될 수 있음.
3. 지원자격 및 선발기준
가. 2023학년도 2학기 국가장학금을 신청하고 소득분위가 8분위 이내인 자
※ 국가장학금을 신청할 수 없는 대한민국 국적 미소지자도 선발 가능
(단, 순수외국인전형으로 입학한 외국인 유학생은 선발 불가)
나. 2023학년도 2학기 재학 및 복학예정자로 해당학기 등록금 납부 예정인 자
1) 2023학년도 2학기 전 등록휴학 후 복학시 선발 불가(등록대체자)
2) 학기 중 미등록, 입학취소, 복학취소 등으로 인한 학적변동시 모든 장학금 취소
3) 2023학년도 2학기 기준 이수학기가 2~8학기만 가능(1학기  신청 불가)
다. 직전학기 취득학점 및 학업성적 제한 없음
라. 타 장학금과 중복수혜 가능(근로장학금 간 중복 불가)
※ 본 장학금은 학업장려비 지원 목적으로 등록금(입학금 및 수업료)를 초과하여 지급
마. 국가근로장학생 및 교내근로장학생에 선발되지 않은 자
4. 기타 안내사항
가. 선발 기준은 성적, 생활태도 및 학과 참여도, 지도교수 상담 내용 등(우선순위 없음)을 기초하여 학과장이 결정
(타 학과 복수전공자는 주전공과목 수강 현황 반영)
나. 국가근로나 교내근로에 중복 지원한 경우, 선발 결과를 알게 된 즉시 연락 바랍니다.
다. 자세한 내용은 기독교학과 사무실로 문의 바랍니다. (02-820-0070)
첨부파일: 붙임1. 2023 기독교학과_학과근로 지원_자기소개서 1부."
christian_studies,[장학] 2023학년도 2학기 백마성적우수장학생 선발 안내,N/A,2023-07-25,https://docs.ssu.ac.kr/%ed%95%99%ea%b3%bc%ec%82%ac%eb%ac%b4%ec%8b%a4%ec%95%8c%eb%a6%bc/%ea%b3%b5%ec%a7%80%ec%82%ac%ed%95%ad/?term_id&slug=2519,"2023-2학기 백마성적우수장학금 선발 기준 안내
안녕하세요, 기독교학과 사무실입니다.  2023-2학기 백마성적우수장학금 선발 기준에 대한 안내입니다.
문의사항이 있는 경우, 학과사무실로 연락을 바랍니다.  (☎02 – 820 – 0070)
1. 본교 자격요건
가. 2023학년도 2학기 국가장학금을 신청하여 소득분위 조회가 가능한 자
1) 1차 신청하여 국가장학금 심사된 자에 한하여 등록금고지서 사전감면
2) 1차 미신청자 : 2차 신청(8월 중순부터 개시 예정) 및 심사 여부 확인 후 지급
(2차 신청자는 10월 말~11월 초 국가장학금 승인 차수에 따라 순차적으로 사후지급)
3) 국가장학금을 신청할 수 없는 대한민국 국적 미소지자도 선발 가능
(단, 순수외국인전형으로 입학한 외국인 유학생은 선발 불가)
나. 2023학년도 2학기 재학 및 복학예정자로 해당학기 등록금 납부 예정인 자
1) 2023학년도 2학기 前등록휴학 후 복학시 선발대상에서 제외(등록대체자)
2) 학기 중 미등록, 자퇴, 제적, 입학취소, 복학 취소 등 학적변동시 모든 장학금 취소
3) 선발 후 휴학 시 백마성적우수장학금은 복학 학기로 이월되며 복학 학기에  국가장학금 신청 의무임 (해당 사항 학생 안내 요망)
4) 추가 또는 교체선발 시에는 재학 중인 학생만 선발 가능(휴학생 추가/교체 불가)
다. 직전학기 15학점 이상 이수한 자 (졸업 직전학기는 직전학기 12학점 이상)
라. 정규등록학기가 8학기 이내인 자(건축학과 건축학전공: 정규등록 10학기 이내인 자)
마. F학점 포함 학적부성적 기준 직전학기 3.5 이상인 자
바. 모든 교내장학금간 중복수혜 불가
1) 신청장학금 중 수혜금액이 큰 장학금 선발(동일할 시 백마성적우수장학금 선발)
2) 중복수혜 가능 장학금: 국가장학금, 교외장학금, 학업장려비 지원 목적 장학금 등
2. 2023-2학기 선발 예정 인원 (선발과정에 따라 변동될수도있음)
① 수업료 100%  2인
② 수업료 50%  6인
③ 수업료 25%  3인 (총 11명)
3. 2023-2학기 백마성적우수장학금 선발 기준
가. 직전 학기 평점평균 기준  학년 석차 1위
1) 학년 석차 1위이나, 기 선발 장학금, 등록학기 등의 이유로 선발 불가할 수 있음.
2) 학년 석차 1위가 선발되지 않는 경우, 학년 차점자 선발하지 않을 수 있음.
나. 전체 석차 중, (각 학년 석차 1위 제외) 본교 장학팀 배정 인원까지 상위부터 선발.
다.  단, 동점자가 있을 경우 취득학점이 높은 학생을 상위 장학금에 배정.
라. 취득학점까지 동일할 경우, 다음 기준을 선발에 참고함.
1)  가정형편 (소득분위 및 진로상담 내용)
2) 학과 활동 참여도 (개·종강 총회, Workshop, 학생임원회, 운영위원회 등)
마. 각 호의 기준으로 우열이 나누어지지 않는 경우, 교수 회의를 통해 선발함.
4. 선발일정
내용
선발일정
장학팀 국가장학금 신청명단 학과(부)송부
2023년 7월 21일(금)
학과(부) 선발학생 SAP 입력 및 공문 제출
2023년 7월 24일(월) ~ 28일(금)
장학팀 백마성적우수장학생 선발
2023년 7월 31일(월) ~ 2023년 8월 4일(금)
백마성적우수장학생 결과 발표
2023년 8월 10일(목)"
christian_studies,[장학] 	2023학년도 2학기 교내장학금 학생 추천 요청(2차),N/A,2023-06-26,https://docs.ssu.ac.kr/%ed%95%99%ea%b3%bc%ec%82%ac%eb%ac%b4%ec%8b%a4%ec%95%8c%eb%a6%bc/%ea%b3%b5%ec%a7%80%ec%82%ac%ed%95%ad/?term_id&slug=2512,"1. 교내장학금 자격요건
가. 2023학년도 2학기 국가장학금 신청(2023. 06. 22(목) 18:00까지) 및 서류제출을 완료하고 소득분위가 조회된 자 (국가장학금 지급 대상 분위의 경우 심사가 완료된 자)
나. 2023학년도 2학기 재학 학생으로 등록금 납부 예정인 자
1) 2023학년도 2학기 前 등록휴학 후 복학시 장학생 선발대상에서 제외
2) 미등록, 입학취소, 복학취소, 휴학 등 학적변동 시 모든 장학금 취소
다. 직전학기 15학점 이상 이수한 자(최종 직전학기는 12학점)
라. 정규 등록학기가 8학기 이내인 자(건축학부 건축학전공은 10학기 이내)
2. 신청절차
가. 온라인 신청기간 및 서류제출기간 : 2023년 6월 26일(월) 10:00~7월 7일(금) 17:00(2주간)
※ 3차: 9월 1일(금)~9월 15일(금) 예정
나. 학생 신청방법: u-SAINT포털 – 등록/장학 – 장학메뉴 – 장학금 신청
다. 학생 서류제출: 온라인 신청기간 내 방문 및 등기우편제출 가능(세부내용 붙임 파일 참조)
※ 단, 전문자격시험합격자장학금의 경우 등기우편 불가"
christian_studies,[장학] 2023학년도 2학기 한국장학재단 국가장학금 1차 신청 안내,N/A,2023-05-22,https://docs.ssu.ac.kr/%ed%95%99%ea%b3%bc%ec%82%ac%eb%ac%b4%ec%8b%a4%ec%95%8c%eb%a6%bc/%ea%b3%b5%ec%a7%80%ec%82%ac%ed%95%ad/?term_id&slug=2503,"2023학년도 2학기 한국장학재단 국가장학금 1차 신청과 관련하여 다음과 같이 안내합니다.
※ 국가장학금 신청 여부에 따라 교·내외 장학금 수혜가 어려울 수 있으니 소득구간과 관계없이 반드시 신청해
주시기 바랍니다.
※ 재학생은 1차 신청이 원칙입니다.
1. 신청기간: 2023.05.23.(화) 9:00~2023.06.22.(목) 18:00(총 31일간)
※ 공휴일, 일요일 포함 신청기간 내 24시간 신청 가능합니다.
※ 1차 신청기간에 신청하지 않을 경우, 국가 및 교내장학금은 학기말에 지급될 수 있습니다.
2. 서류 제출 및 가구원 동의 기간: 2023.05.23.(화) 9:00~2023.06.29.(목) 18:00까지
※ 서류제출 및 가구원 동의 대상자는 반드시 이를 이행해야 장학금 신청이 완료됩니다.
3. 신청대상: 대한민국 국적 학부생
※ 재학생, 신입생(2학기 입학예정자), 편입생, 재입학생, 복학생 및 휴학생 등 모든 학적 신청가능
※ 재학생은 1차 신청이 원칙이며, 재학 중 2회에 한해 구제신청 자동 적용
※ 반드시 사전에 본인 및 부모님 공동인증서 또는 금융인증서 준비
※ 국가장학금 최대 수혜횟수 범위 내에서 지급가능
※ 국가장학금 미신청자는 교내장학금 및 재난장학금 지원 불가하므로 반드시 신청
4. 신청방법: 한국장학재단 누리집(www.kosaf.go.kr) 및 모바일 앱에서 신청
5. 신청문의: 한국장학재단 상담센터 1599-2000
6. 기타 안내사항
■ 이수학점 및 성적 기준
– 이수학점: 직전학기 12학점 이상(※ 졸업학기의 경우, 직전학기 이수학점 기준 미적용)
– 산술평균 80점 이상
※ 기초생활수급자/차상위계층, 장애학생 등 예외적용 대상자는 한국장학재단 업무처리기준에 따름
※ 신입생/편입생: 직전학기 성적기준 미적용
※ 직전학기 성적이 모두 P/F인 경우, 산출 가능한 가장 최근학기 성적 적용
■ 국가장학금 Ⅰ유형 신청 시, 국가장학금 Ⅱ유형도 연동되어 심사됩니다.
– Ⅰ유형: 소득분위별 한국장학재단 지정금액 지급
– Ⅱ유형: 소득분위별 교내기준에 따라 지정금액 지급
– 국가장학금 Ⅰ유형 탈락 시, 국가장학금 Ⅱ유형도 탈락
※ Ⅰ유형 신청 시 Ⅱ유형 통합신청됩니다.(Ⅱ유형 별도 신청 없음)
■ 국가장학금 Ⅰ유형 신청 결과 확인 된 소득분위 자료는 교내 비전장학금 심사에 활용됩니다.
– 비전장학금: 국가장학금과 연계하여 본교에서 지급하는 교내장학금
(※ 학자금지원구간 1~8구간 대상, 국가장학금 미신청 시 선발불가)
– 국가장학금 미신청 시, 타 교내장학금 선발 제한될 수 있음
■ 국가장학금 지급 이후 휴학 등으로 재학하지 않는 경우, 장학금이 취소됩니다.
– 전액 환수 시 국가장학금 수혜 횟수에 포함되지 않음
– 복학 시, 국가장학금 및 교내장학금을 다시 신청해야 함
■ 학적 상태가 휴학/재학 여부와 무관하게 국가장학금 신청이 가능합니다.
– 2023학년도 1학기 휴학상태여도 2023학년도 2학기 복학예정이라면 반드시 1차 신청
■ 등록금 분할납부 신청 시 등록금 완납 후 국가장학금이 지급됩니다.
■ 중복지원
– 관련 근거 및 세부사항 한국장학재단 홈페이지 참조
– 학자금 대출 + 장학금 총액이 등록금(수업료+입학금)을 초과하는 경우 ‘중복지원’에 해당됨
(※ 근로장학금, 포상장학금, 교육지원장학금 등 등록금 지원 목적이 아닌 학업장려비 성격 장학금은 제외)
– 중복지원 일 경우 한국장학재단 국가장학금 및 학자금대출 이용 불가
– 학자금 대출을 상환하거나 장학금을 반환해야 중복지원 해소 가능
■ 여러 장학금을 동시에 받는 경우, 외부장학금과 국가장학금이 우선 적용됩니다.
– 우선순위 : 외부장학금 > 국가장학금 > 교내장학금"
christian_studies,[대학원] 2023학년도 2학기 학·석사연계과정 지원 및 선발 안내,N/A,2023-05-17,https://docs.ssu.ac.kr/%ed%95%99%ea%b3%bc%ec%82%ac%eb%ac%b4%ec%8b%a4%ec%95%8c%eb%a6%bc/%ea%b3%b5%ec%a7%80%ec%82%ac%ed%95%ad/?term_id&slug=2497,"2023학년도 2학기 학·석사연계과정 지원 및 선발을 아래와 같이 진행하고자 하니 관심있는 학사과정생들의 많은 지원 바랍니다:)
1. 지원기간 : 2023.06.05(월)~06.16(금)
2. 모집학과 : 학사과정과 석사과정에 동일(또는 유사)학과가 있는 학과(계약학과 제외)
3.지원자격 :
다음 각호 모두 해당되는 자
가. 지원일 당시 학사과정 4학기 이상 6학기 이내 재학 중(건축학부 건축학전공은 6학기 이상 8학기 이내 재학 중)인 자 (학·석사연계과정 신청자는 조기졸업 신청을 할 수 없음)
나. 재수강 이전 과목, 학점포기한 과목, F학점 과목 등을 포함한 전체 과목의 총평점평균이 3.0 / 4.5 이상인 자
다. 7학기 또는 8학기(건축학부 건축학 전공은 9학기 또는 10학기)에 학사과정의 졸업요건을 충족할 수 있는 자
라. 지원하고자 하는 일반대학원 학과 주임교수와 지도교수의 추천을 받은 자
마. 지원하고자 하는 일반대학원의 동일(또는 유사)학과를 주전공 또는 복수전공으로 하는자
4. 제출서류 및 지원방법
가. 학·석사연계과정 신청서 1부.
나. 대학원 교학팀으로 방문 접수(웨스트민스터홀 658호)
5. 선발인원 : 석사과정 입학정원의 20%
6. 발표일 : 2023.07.27(목) 예정 – 학과 및 개별통지
7. 문의처 : 대학원 교학팀(02-820.0258~9 , grad@ssu.ac.kr)
붙임 : 1. 2023-2 학·석사연계과정 안내문 1부.
2. 학·석사연계과정 신청서 1부.  끝."
christian_studies,[국방부] ’23년도 군종사관후보생 선발 계획 안내,N/A,2023-04-25,https://docs.ssu.ac.kr/%ed%95%99%ea%b3%bc%ec%82%ac%eb%ac%b4%ec%8b%a4%ec%95%8c%eb%a6%bc/%ea%b3%b5%ec%a7%80%ec%82%ac%ed%95%ad/?term_id&slug=2487,"2023년도 군종사관후보생 선발 계획 공고 안내드리오니, 학생 여러분의 많은 참여 바랍니다.
자세한 사항은 첨부파일을 참조하여 주시기 바랍니다.
가. 원서교부 및 접수
1) 원서 접수기간 : 6.1.(목)~6.9.(금) 09:00~18:00
2) 원서 접수방법 : 인터넷 접수
가) 군종사관후보생 선발 홈페이지(
http://gunjong.mnd.go.kr
)
* 붙임 : ’23년도 군종사관후보생 선발시험 원서접수 방법
나) 응시원서 응시표는 접수가 끝난 후 국방부에서 일괄 접수번호
부여 후 시스템에서 6.22.(목) 09:00부터 출력 가능
나. 필기시험
1) 일시 : 7.15.(토) 09:30~12:00 (09:10까지 입실하여야 합니다.)
2) 장소 :
선유고등학교
(서울시 영등포구 선유로 227)
3) 준비물 : 응시표,
필기구(
컴퓨터용 흑색 사인펜
)
, 수정테이프
신분증(주민등록증, 운전면허증, 여권 중 택일)
※ 신분증, 응시표를 제시하지 않는 경우에는 시험에 응시할 수 없습니다.
4) 학교 운동장이 협소하고
주차 공간이 없어 대중교통 이용 권장
다. 신체검사
1) 일시 : 8.17.(목) 08:30~11:30 ※
국군수도병원
3
층 건강증진센터에
08:00
까지 집결
2) 장소 : 국군수도병원 (경기도 성남시 분당구 율동 소재)
라. 인성검사
1) 일시 : 8.17.(목) 13:30~15:30 ※
국군수도병원 베데스다 교회
2) 장소 : 국군수도병원 (경기도 성남시 분당구 율동 소재)
※ 당일 상황에 따라 시간 및 장소는 변동 가능
마. 면접시험
1) 일시 : 8.29.(화) 13:30~18:00 ※
국군중앙교회에
13:00
까지 도착
2) 장소 : 국군중앙교회 (서울시 용산구 이태원로 22 국방부 서문)
바. 선발심의위원회 개최
:
9.13.(수) 국방부 ※ 응시자는 참석하지 않습니다.
사. 합격자 발표
1) 필기시험 합격자 : 8. 2.(수) 소속 교단 및 학교에 통보
2) 최종 합격자 : 9.20.(수) 소속 교단 및 학교에 통보
아. 첨부파일
붙임1. 23년도 군종사관후보생 선발계획 공고문
붙임2.군종사관후보생 선발시험 원서접수 방법."
christian_studies,[장학] 2023학년도 1학기 삼금문화장학재단 장학생 추천,N/A,2023-04-25,https://docs.ssu.ac.kr/%ed%95%99%ea%b3%bc%ec%82%ac%eb%ac%b4%ec%8b%a4%ec%95%8c%eb%a6%bc/%ea%b3%b5%ec%a7%80%ec%82%ac%ed%95%ad/?term_id&slug=2477,"2023학년도 1학기 삼금문화장학재단에서 제48회 장학생 추천의뢰가 와 공지합니다.
1. 장학금명 : 삼금문화장학재단 장학금
2. 추천인원 : 5명
3. 장학금액 : 1,000,000원(인당)/학업장려비
4. 장학생 자격요건
가. 2023학년도 1학기
기독교학과 정규학기 재학생
나. 2023학년도 1학기 국가장학금을 신청 후 가구원 동의를 완료하여 소득분위가 조회된 학생
다. 타 외부장학금(학비보조 포함)을 수혜하지 않은 자
※ 국가 및 교내장학금은 등록금 범위내에서 중복수혜 가능
5. 구비서류
가. 장학생 추천서 및 응모지원서 1부(붙임양식).
※ 학교장 직인은 장학팀에서 날인 예정
나. 성적증명서 1부.
다. 주민등록등본 1부.
라. 반명함판 사진 1매(1매 추천서 부착).
6. 추천기한 :
2023년 05월 3일(수) 17:00까지
7. 제출방법 : 구비서류를 작성하여
기독교학과 사무실(조만식기념관 640호) 또는 학과 이메일로 보안 설정 후 제출.
(enchristo@ssu.ac.kr, 보안설정 PW는 0070으로 설정요청)"
christian_studies,[학사] 2023-1학기 논문계획서 및 졸업논문(영어성적) 제출 안내,N/A,2023-03-09,https://docs.ssu.ac.kr/%ed%95%99%ea%b3%bc%ec%82%ac%eb%ac%b4%ec%8b%a4%ec%95%8c%eb%a6%bc/%ea%b3%b5%ec%a7%80%ec%82%ac%ed%95%ad/?term_id&slug=2445,"2023-1학기 논문계획서 및 졸업논문(영어성적) 제출 안내
(학위수여식은 ’24년 2월’에 진행)
졸업논문 및 논문대체 영어성적표 제출 안내 드립니다.  아래의 공지 참고하여
기한 내에 제출
해주시기 바랍니다.
1 . 논문계획서(논문대체계획서) 제출
가. 대상자: 7학기 이상 재학생 및 기제출자 중 주제 변경 희망자
나. 제출일 및 방법
–
3
월 24
일
(금
) 17
시까지
첨부된 양식 작성하여 출력 후 학과사무실로 제출.
– 오프라인 방문이 어려운 경우, 서명 후 스캔하여 학과 메일(
enchristo@ssu.ac.kr
)로 제출.
– 양식: 첨부파일 참조
다. 작성 방법
– 논문대체 영어점수 제출 희망자: 논문 대체 선택 3가지 항목 중 하나에 체크하여 제출.
– 논문 제출 희망자: 논문제목 및 분야와 간단한 논문 개요를 작성하여 제출.
(지도교수란 공란으로 제출)
2 . 졸업논문(또는 공인 영어 성적표) 제출
가. 대상자: 8학기 이상 재학생 또는 졸업예정자
나. 제출일 및 방법:
– 논문: 스프링 제본이 완료된 논문을
6월 12일(월) 17시까지
학과사무실로 제출 (2권)
– 영어성적대체:
6
월
12
일
(월
) 17
시까지
성적표 사본 1부를 학과사무실로 제출.
다. 분량: 표지와 목차를 제외한, 논문규격에 맞춘 A4용지 30장 내외
라. 양식: 첨부파일 참조
※ 논문은 졸업하는 학기에 제출합니다. 8학기 이상 이수를 해야 하는 학생은 학과사무실로 연락 바랍니다.
유의사항
가. 수료생 중 졸업예정자 신청을 한 학생도 졸업예정자와 동일하게 졸업논문 절차를 진행하면 됩니다.
나. 논문계획서 제출 완료한 학생의 경우, 논문주제와 제목은 변경이 가능하지만, 이는 지도교수 확정 후 지도교수와 논의를 통해 진행할 수 있습니다.
다. 제출기한을 반드시 지켜주시기 바랍니다. 제출기한을 지키지 못했을 경우 불이익이 생길 수 있습니다. (접수 불가, 감점 등)
라. 논문은 스프링 제본을 마친 완본을 제출하여야 합니다. (2권 제출)
마. 논문 또는 영어자격시험 성적표 제출 마감 이후의 변경은 절대 불가함을 숙지 바랍니다.
바. 논문작성 시 반드시 규격을 준수하고 모르는 부분은 학과사무실(820-0070)에 문의하시기 바랍니다.
문의: 기독교학과 사무실 02-820-0070 / enchristo@ssu.ac.kr"
christian_studies,[장학] 2023-1학기 기독교학과 학과근로장학생 선발 안내,N/A,2023-01-31,https://docs.ssu.ac.kr/%ed%95%99%ea%b3%bc%ec%82%ac%eb%ac%b4%ec%8b%a4%ec%95%8c%eb%a6%bc/%ea%b3%b5%ec%a7%80%ec%82%ac%ed%95%ad/?term_id&slug=2424,"2023-1학기 학과근로장학생 선발 안내
기독교학과에서는 2023-1학기 학과사무실의 전반적인 운영을 도울 책임감 있고 성실한 근로장학생을 기다립니다.
2023-1학기 기독교학과 사무실 학과근로장학생 선발에 학생 여러분의 많은 지원 바랍니다. 자세한 사항은 아래 공고문을 확인하여 주시기 바랍니다.
1. 모집인원 및 구분
장학금명
시간당 장학금액
총 근로시간(학기)
1인당 장학금액(원)
선발인원
학과근로A
9,620
10시간*20주=200시간
1,924,000
0명
학과근로B
9,620
5시간*20주=100시간
962,000
0명
※ 학과근로A/B 유형으로 최소 3~6명까지 선발 가능(지원 인원 및 지원유형에 따라 유동적으로 적용 예정).
2. 지원방법 및 일정
가. 신청기간: 2023년 2월 1일(수) 10:00 ~ 2월 10일(금) 17:00
나. 학과근로장학생 최종선발 및 발표: 2022년 2월 15일(수) 18:00 이후 예정
※ 최종선발 후, 2월 말 근무시간표 편성 및 오리엔테이션 진행 예정(추후 공지).
다. 학생신청방법: u-SAINT포털→등록/장학→근로장학금 신청→지원서 출력/제출
(1) 제출서류
– 지원서 (
u-SAINT 출력본, 본인서명 필수
)
– 자기소개서 (
첨부파일 참조
)
(2) 제출방법(모든 서류에 본인 서명 필수)
– 직접 방문: 기독교학과 사무실(조만식기념관 12640호)
– 이메일 접수: enchristo@ssu.ac.kr로 스캔하여 파일 전송(
본인서명 필수
).
※ 서명이 없는 경우, 서류 미비로 탈락될 수 있음.
3. 지원자격 및 선발기준
가. 2023학년도 1학기 국가장학금을
1
차
신청하고 소득분위가 8분위 이내인 자
※ 국가장학금을 신청할 수 없는 대한민국 국적 미소지자도 선발 가능
(단, 순수외국인전형으로 입학한 외국인 유학생은 선발 불가)
나. 2023학년도 1학기 재학 및 복학예정자로 해당학기 등록금 납부 예정인 자
1) 2023학년도 1학기 전 등록휴학 후 복학시 선발 불가(등록대체자)
2) 학기 중 미등록, 입학취소, 복학취소 등으로 인한 학적변동시 모든 장학금 취소
3) 2023학년도 1학기 기준 이수학기가 2~7학기만 가능(1학기 및 8학기 신청 불가)
다. 직전학기 취득학점 및 학업성적 제한 없음
라. 타 장학금과 중복수혜 가능(근로장학금 간 중복 불가)
※ 본 장학금은 학업장려비 지원 목적으로 등록금(입학금 및 수업료)를 초과하여 지급
마. 국가근로장학생 및 교내근로장학생에 선발되지 않은 자
4. 기타 안내사항
가. 선발 기준은 성적, 생활태도 및 학과 참여도, 지도교수 상담 내용 등(우선순위 없음)을 기초하여 학과장이 결정
(타 학과 복수전공자는 주전공과목 수강 현황 반영)
나. 국가근로나 교내근로에 중복 지원한 경우, 선발 결과를 알게 된 즉시 연락 바랍니다.
다. 자세한 내용은 기독교학과 사무실로 문의 바랍니다. (02-820-0070)
첨부파일: 붙임1. 기독교학과_학과근로장학생_지원_자기소개서(양식)"
christian_studies,[장학] 2023학년도 1학기 백마성적우수장학생 선발 기준 안내,N/A,2023-01-11,https://docs.ssu.ac.kr/%ed%95%99%ea%b3%bc%ec%82%ac%eb%ac%b4%ec%8b%a4%ec%95%8c%eb%a6%bc/%ea%b3%b5%ec%a7%80%ec%82%ac%ed%95%ad/?term_id&slug=2415,"2023-1
학기 백마성적우수장학금 선발 기준 안내
안녕하세요, 기독교학과 사무실입니다.  2023-1학기 백마성적우수장학금 선발 기준에 대한 안내입니다.
문의사항이 있는 경우, 학과사무실로 연락을 바랍니다.  (☎02 – 820 – 0070)
1. 본교 자격요건
가. 2023학년도 1학기 국가장학금을 신청하여 소득분위 조회가 가능한 자
1) 1차 신청하여 국가장학금 심사된 자에 한하여 등록금고지서 사전감면
2) 1차 미신청자 : 2차 신청 및 심사 여부 확인 후 지급
(2차 신청자는 4월 말~6월 초 국가장학금 승인 차수에 따라 순차적으로 사후지급)
3) 국가장학금을 신청할 수 없는 대한민국 국적 미소지자도 선발 가능
(단, 순수외국인전형으로 입학한 외국인 유학생은 선발 불가)
나. 2023학년도 1학기 재학 및 복학예정자로 해당학기 등록금 납부 예정인 자
1) 2023학년도 1학기 前등록휴학 후 복학시 선발대상에서 제외(등록대체자)
2) 학기 중 미등록, 자퇴, 제적, 입학취소, 복학 취소 등 학적변동시 모든 장학금 취소
3) 선발 후 휴학 시 백마성적우수장학금은 복학 학기로 이월되며 복학 학기에  국가장학금 신청 의무임
4) 추가 또는 교체선발 시에는 재학 중인 학생만 선발 가능(휴학생 추가/교체 불가)
다. 직전학기 15학점 이상 이수한 자 (졸업 직전학기는 직전학기 12학점 이상)
라. 정규등록학기가 8학기 이내인 자(건축학과 건축학전공: 정규등록 10학기 이내인 자)
마. F학점 포함 학적부성적 기준 직전학기 3.5 이상인 자
바. 모든 교내장학금간 중복수혜 불가
1) 신청장학금 중 수혜금액이 큰 장학금 선발(동일할 시 백마성적우수장학금 선발)
2) 중복수혜 가능 장학금: 국가장학금, 교외장학금, 학업장려비 지원 목적 장학금 등
2. 2023-1
학기 선발 예정 인원
① 수업료 100%  2인
② 수업료 50%  4인
③ 수업료 25%  5인 (총 11명)
3. 2023-1학기 백마성적우수장학금 선발 기준
가. 직전 학기 평점평균 기준  학년 석차 1위
1) 학년 석차 1위이나, 기 선발 장학금, 등록학기 등의 이유로 선발 불가할 수 있음.
2) 학년 석차 1위가 선발되지 않는 경우, 학년 차점자 선발하지 않을 수 있음.
나. 전체 석차 중, (각 학년 석차 1위 제외) 본교 장학팀 배정 인원까지 상위부터 선발.
다.  단, 동점자가 있을 경우 취득학점이 높은 학생을 상위 장학금에 배정.
라. 취득학점까지 동일할 경우, 다음 기준을 선발에 참고함.
1)  가정형편 (소득분위 및 진로상담 내용)
2) 학과 활동 참여도 (개·종강 총회, Workshop, 학생임원회, 운영위원회 등)
마. 각 호의 기준으로 우열이 나누어지지 않는 경우, 교수 회의를 통해 선발함."
christian_studies,[발전기금] 1:1 커넥팅 캠페인 홍보,N/A,2023-01-09,https://docs.ssu.ac.kr/%ed%95%99%ea%b3%bc%ec%82%ac%eb%ac%b4%ec%8b%a4%ec%95%8c%eb%a6%bc/%ea%b3%b5%ec%a7%80%ec%82%ac%ed%95%ad/?term_id&slug=2411,"[일대일 커넥팅 캠페인]
도움이 필요한 숭실대학교 재학생과
도움을 주고자 하는 후원자를
일대일로 매칭하는 캠페인입니다.
도움이 필요한 학생은 아래의 방법으로 신청해주세요
*접수기간: ~ 2023.01.13.(금)
*참가자격: 본교 재학생 누구나
*참가방법:
https://fund.ssu.ac.kr/fro_end/html/dep_03/3500.php
*문의: 발전기금팀 02-820-0309"
christian_studies,[장학] 2023학년도 1학기 한국장학재단 국가장학금 1차 신청 안내,N/A,2022-11-24,https://docs.ssu.ac.kr/%ed%95%99%ea%b3%bc%ec%82%ac%eb%ac%b4%ec%8b%a4%ec%95%8c%eb%a6%bc/%ea%b3%b5%ec%a7%80%ec%82%ac%ed%95%ad/?term_id&slug=2387,"2023학년도 1학기 한국장학재단 국가장학금 1차 신청과 관련하여 다음과 같이 안내합니다.
※ 국가장학금 신청 여부에 따라 교·내외 장학금 수혜가 어려울 수 있으니 소득구간과 관계없이 반드시 신청해 주시기 바랍니다.
※ 재학생은 1차 신청이 원칙입니다.
1. 신청기간: 2022.11.24.(목) 9:00~2022.12.29.(목) 18:00(총 36일간)
※ 공휴일, 일요일 포함 신청기간 내 24시간 신청 가능합니다.
※ 1차 신청기간에 신청하지 않을 경우, 국가 및 교내장학금은 학기말에 지급될 수 있습니다.
2. 서류 제출 및 가구원 동의 기간: 2022.11.24.(목) 9:00~2023.01.05.(목) 18:00까지
※ 서류제출 및 가구원 동의 대상자는 반드시 이를 이행해야 장학금 신청이 완료됩니다.
3. 신청대상: 대한민국 국적 학부생
※ 재학생, 신입생(고3, 재수생 등 입학예정자), 편입생, 재입학생, 복학생 및 휴학생 등 모든 학적 신청가능
※ 재학생은 1차 신청이 원칙이며, 재학 중 2회에 한해 구제신청 가능
※ 반드시 사전에 본인 및 부모님 공동인증서 또는 금융인증서 준비
※ 국가장학금 최대 수혜횟수 범위 내에서 지급가능
4. 신청방법: 한국장학재단 누리집(www.kosaf.go.kr) 및 모바일 앱에서 신청
5. 신청문의: 한국장학재단 상담센터 1599-2000
6. 기타 안내사항
■ 이수학점 및 성적 기준
– 이수학점: 직전학기 12학점 이상(※ 졸업학기의 경우, 직전학기 이수학점 기준 미적용)
– 산술평균 80점 이상
※ 기초생활수급자/차상위계층, 장애학생 등 예외적용 대상자는 한국장학재단 업무처리기준에 따름
※ 신입생/편입생: 직전학기 성적기준 미적용
※ 직전학기 성적이 모두 P/F인 경우, 산출 가능한 가장 최근학기 성적 적용
■ 국가장학금 Ⅰ유형 신청 시, 국가장학금 Ⅱ유형도 연동되어 심사됩니다.
– Ⅰ유형: 소득분위별 한국장학재단 지정금액 지급
– Ⅱ유형: 소득분위별 교내기준에 따라 지정금액 지급
– 국가장학금 1유형 탈락 시, 국가장학금 Ⅱ유형도 탈락
※ Ⅰ유형 신청 시 Ⅱ유형 통합신청됩니다.(Ⅱ유형 별도 신청 없음)
■ 국가장학금 Ⅰ유형 신청 결과 확인 된 소득분위 자료는 교내 비전장학금 심사에 활용됩니다.
– 비전장학금: 국가장학금과 연계하여 본교에서 지급하는 교내장학금
(※ 학자금지원구간 1~8구간 대상, 국가장학금 미신청 시 선발불가)
– 국가장학금 미신청 시, 타 교내장학금 선발 제한될 수 있음
■ 국가장학금 지급 이후 휴학 등으로 재학하지 않는 경우, 장학금이 취소됩니다.
–  국가장학금 수혜 횟수에 포함되지 않음
– 복학 시, 국가장학금 및 교내장학금을 다시 신청해야 함
■ 학적 상태가 휴학/재학 여부와 무관하게 국가장학금 신청이 가능합니다.
– 2022학년도 2학기 휴학상태여도 2023학년도 1학기 복학예정이라면 반드시 1차 신청
■ 등록금 분할납부 신청 시 등록금 완납 후 국가장학금이 지급됩니다.
■ 중복지원
– 관련 근거 및 세부사항 한국장학재단 홈페이지 참조
– 학자금 대출 + 장학금 총액이 등록금(수업료+입학금)을 초과하는 경우 ‘중복지원’에 해당됨
(※ 근로장학금, 포상장학금, 교육지원장학금 등 등록금 지원 목적이 아닌 학업장려비 성격 장학금은 제외)
– 중복지원 일 경우 한국장학재단 국가장학금 및 학자금대출 이용 불가
– 학자금 대출을 상환하거나 장학금을 반환해야 중복지원 해소 가능
■ 여러 장학금을 동시에 받는 경우, 외부장학금과 국가장학금이 우선 적용됩니다.
– 우선순위 : 외부장학금 > 국가장학금 > 교내장학금
붙임 2023학년도 1학기 국가장학금 1차 신청 매뉴얼 각  1부. 끝."
christian_studies,[대학원] 2023학년도 1학기 학·석사연계과정 지원 및 선발 안내,N/A,2022-11-15,https://docs.ssu.ac.kr/%ed%95%99%ea%b3%bc%ec%82%ac%eb%ac%b4%ec%8b%a4%ec%95%8c%eb%a6%bc/%ea%b3%b5%ec%a7%80%ec%82%ac%ed%95%ad/?term_id&slug=2378,"2023학년도 1학기 학·석사연계과정 지원 및 선발 안내
2023학년도 1학기 학·석사연계과정 지원 및 선발을 아래와 같이 진행하고자 하니 관심있는 학사과정생들이 지원할 수 있기 바랍니다.
1. 지원기간 : 2022년 12월 5일(월)~12월 22일(목)
2. 모집학과 : 학사과정과 석사과정에 동일(또는 유사)학과가 있는 학과(계약학과 제외)
3. 지원자격 :
다음 각호 모두에 해당되는 자
가.  지원일 당시 학사과정 4학기 이상 6학기 이내 재학중(건축학부 건축학전공은 6학기 이상 8학기 이내 재학중)인자
(학·석사연계과정 신청자는 조기졸업 신청을 할 수 없음)
나.  재수강 이전 과목, 학점포기한 과목, F학점 과목 등을 포함한 전체 과목의
총평점평균이 3.0 / 4.5 이상인 자
다.
7학기 또는 8학기
(건축학부 건축학 전공은 9학기 또는 10학기)에
학사과정의 졸업요건을 충족할 수 있는 자
라.  지원하고자 하는 일반대학원 학과 주임교수와 지도교수의 추천을 받은 자
마.  지원하고자 하는 일반대학원의 동일(또는 유사)학과를 주전공 또는 복수전공으로 하는자(부전공, 연계전공은 해당 없음)
4. 제출서류 및 지원방법
가. 학·석사연계과정신청서 1부.
나. 대학원 교학팀으로 방문 접수(웨스트민스터홀 658호)
5. 선발인원 : 석사과정 입학정원의 20%
6. 발표일 : 2022년 1월 28일(금) 예정 – 학과 및 개별 통지
붙임1.  2023-1 학·석사연계과정 안내문 1부.
붙임2.  학·석사연계과정신청서 1부."
christian_studies,[장학] 2022-2학기 기독교학과 동문장학금 ‘사과나무’ 장학금 신청 안내,N/A,2022-10-20,https://docs.ssu.ac.kr/%ed%95%99%ea%b3%bc%ec%82%ac%eb%ac%b4%ec%8b%a4%ec%95%8c%eb%a6%bc/%ea%b3%b5%ec%a7%80%ec%82%ac%ed%95%ad/?term_id&slug=2365,"안녕하세요?
기독교학과 동문장학금 ‘사과나무’ 집행 위원회입니다.
우리 기독교학과 동문 장학금 ‘사과나무’는 나에게 내일 어떤 일이 있을지 몰라도 타인의 내일 모레를 위한 사과나무를 심는다는 마음을 가진 기독교학과 졸업생들이 만들었습니다. 삶의 자리에서 기독교학과와 여러분들을 여전히 지지하고 있다는 뜻으로 모으기 시작했습니다.
우리 사과나무 장학회에서 이번 학기에도 여러분의 삶과 꿈을 함께 지지하고 싶은 마음을 모아 삶 지원 / 꿈 지원 장학금을 지급할 예정입니다. 신청서를 작성해서 보내주시면 삶 지원 / 꿈 지원 장학생 선발할 예정이오니 여러분들의 많은 관심과 신청 부탁드립니다.(친구 추천도 가능합니다.)
* 신청대상: 2022-2학기 재학생 (본 장학금은 휴학, 수료생은 불가합니다.)
* 신청기간: 2022.10.11.(화) ~ 2022.10.23.(일) 23시까지
* * 장학금액 및 선발 인원: 총 5명
– 삶 지원(생활비) 50만원 0명
– 꿈 지원(비전) 30만원  0명
https://docs.google.com/forms/d/e/1FAIpQLSfFYm2iLWdmoKPR98gDlHtU9M5pFOSEOuee8bmS49781NICLw/viewform"
christian_studies,[학사] 2022-2학기 논문계획서 및 졸업논문(영어성적) 제출 안내,N/A,2022-09-15,https://docs.ssu.ac.kr/%ed%95%99%ea%b3%bc%ec%82%ac%eb%ac%b4%ec%8b%a4%ec%95%8c%eb%a6%bc/%ea%b3%b5%ec%a7%80%ec%82%ac%ed%95%ad/?term_id&slug=2348,"2022-2학기 논문계획서 및 졸업논문(영어성적) 제출 안내
※ New TEPS로 환산점수표 수정하여 공지 완료하였으니, TEPS로 졸업요건을 충족하고자 하는 학생 여러분은 확인하여 주시기 바랍니다.
졸업논문 및 논문대체 영어성적표 제출 안내 드립니다. 아래의 공지 참고하여 기한 내에 제출하여주시기 바랍니다.
1. 논문계획서(논문대체계획서) 제출
가. 대상자:
7
학기 이상 재학생
및 기제출자 중 주제 변경 희망자
나. 제출일 및 방법
–
9
월
29
일
(목
) 17
시까지
첨부된 양식 작성하여 출력 후 학과사무실로 제출.
– 오프라인 방문이 어려운 경우, 작성하여 학과 메일(
enchristo@ssu.ac.kr
)로 첨부파일 제출.
– 양식: 첨부파일 참조
다. 작성 방법
– 논문대체 영어점수 제출 희망자: 논문 대체 선택 3가지 항목 중 하나에 체크하여 제출.
– 논문 제출 희망자: 논문제목 및 분야와 간단한 논문 개요를 작성하여 제출. (
지도교수란 공란
으로 제출)
2. 졸업논문(또는 공인 영어 성적표) 제출
가. 대상자: 8학기 이상 재학생 또는 졸업예정자
나. 제출일 및 방법:
– 논문: 스프링 제본이 완료된 논문을
12월 16일(금) 17시까지
학과사무실로 제출
(2권)
– 영어성적대체:
12
월
16
일
(
금
) 17
시까지
성적표 사본 1부를 학과사무실로 제출.
다. 분량: 표지와 목차를 제외한, 논문규격에 맞춘 A4용지 30장 내외
라. 양식: 첨부파일 참조
※
논문은 졸업하는 학기에 제출합니다
.
3. 유의사항
가. 수료생 중 졸업예정자 신청을 한 학생도 졸업예정자와 동일하게 졸업논문 절차를 진행하면 됩니다.
나. 논문계획서 제출 완료한 학생의 경우, 논문주제와 제목은 변경이 가능하지만, 이는 지도교수 확정 후 지도교수와 논의를 통해 진행할 수 있습니다.
다. 제출기한을 반드시 지켜주시기 바랍니다. 제출기한을 지키지 못했을 경우 불이익이 생길 수 있습니다. (접수 불가, 감점 등)
라. 논문은 스프링 제본을 마친 완본을 제출하여야 합니다. (2권 제출)
마. 논문 또는 영어자격시험 성적표 제출 마감 이후의 변경은 절대 불가함을 숙지 바랍니다.
바. 논문작성 시 반드시 규격을 준수하고 모르는 부분은 학과사무실(820-0070)에 문의하시기 바랍니다.
4. ★
특이사항
2021-1학기까지 진행된
공인어학능력시험 유효기간 초과분에 대한 졸업요건 일시 인정을 철회
하며,
원칙대로 적용됩니다
.
제출일 기준, 유효기간이 초과된 성적표에 대해서는 졸업요건으로 인정되지 않습니다.
▷이전: 유효기간이 1년 미만으로 초과된 공인어학시험 성적에 대하여 인정.
▷변경: 유효기간 초과된 성적표에 대하여 성적 일체 불인정.
5. 문의: 기독교학과 사무실 02-820-0070 / enchristo@ssu.ac.kr
6. 첨부파일
(1) 졸업논문 규격
(2) 졸업논문계획서 양식
(3) 졸업논문 대체 인정 환산 점수표(영어성적기준)"
christian_studies,[장학] 2022학년도 2학기 한국장학재단 국가장학금 2차 신청 안내,N/A,2022-08-16,https://docs.ssu.ac.kr/%ed%95%99%ea%b3%bc%ec%82%ac%eb%ac%b4%ec%8b%a4%ec%95%8c%eb%a6%bc/%ea%b3%b5%ec%a7%80%ec%82%ac%ed%95%ad/?term_id&slug=2335,"2022학년도 2학기 한국장학재단 국가장학금 2차 신청기간을 다음과 같이 안내합니다.
신청매뉴얼(첨부파일)을 참고하여 기한 내 신청해 주시기 바랍니다.
홍보내용(학교 홈페이지 공지사항 참조):
바로가기
가. 신청기간:
2022.08.17.(수) 09:00~2022.09.15.(목) 18:00(총 42일간)
나. 서류 제출 및 가구원 동의 기간:
2022.08.17.(수) 09:00~2022.09.23.(금) 18:00
다. 신청대상: 신입생(2학기 입학예정자), 편입생, 재입학생, 복학생 및
1차 신청을 놓친
재학생*
※ 재학생은 1차 신청이 원칙이며, 재학 중 2회의 한하여 구제신청 자동 적용 및
심사 후 지원 가능
(
단
,
구제신청 기회
2
회 기사용 또는 기타 탈락사유 존재 시 지원 불가
)
※ 신·편입학 첫학기만 학적구분 ‘학부 신·편입생’으로 신청, 두번째 학기부터는
‘학부 재학생’으로 신청
※ 신입생은 학생 본인 및 가구원(부모 혹은 배우자)의 공동인증서를 반드시 준비
※ 국가장학금 미신청자는 2022년 2학기 재난장학금 지원 불가하므로, 재난 피해가구
학생은 반드시 국가장학금 신청
라. 신청방법: 한국장학재단 홈페이지(www.kosaf.go.kr) 및 모바일 앱(https://mo.kosaf.go.kr/apps)에서 신청"
christian_studies,[학생서비스] 	2022학년도 2학기 스마트카드(학생증) 신청 및 발급 안내,N/A,2022-08-11,https://docs.ssu.ac.kr/%ed%95%99%ea%b3%bc%ec%82%ac%eb%ac%b4%ec%8b%a4%ec%95%8c%eb%a6%bc/%ea%b3%b5%ec%a7%80%ec%82%ac%ed%95%ad/?term_id&slug=2330,"2022학년도 학생증(스마트카드) 발급 일정을 안내드리오니 참고하여 신청하시기 바랍니다.
1. 발급 일정
구분
내국인
외국인
신청기간
09.01.(목)~09.04.(일)
09.01.(목) 이후
신청방법
우리은행 모바일앱 ‘우리WON뱅킹’
*학생증 전사용 사진파일 필요
1. 외국인등록번호 소지자: 내국인
신청/교부 절차와 동일
2. 외국인등록번호 미소지자: 학생서비스팀 방문 신청 및 수령
*신분증 필참, 사진파일
교부기간
09.13.(화)~09.19(월)
*모바일 앱 신청 시 수령처 선택 가능
(우리은행 숭실대 지점 또는 자택)
2. 행정사항
가. 학생증 발급 관련 문의
* 앱 신청 시 오류 문의: 우리 WON 뱅킹 고객상담센터 1588-5000, 1599-5000
* 학생서비스팀: 02)820-0065, 0067
* 우리은행 숭실대 지점: 02)826-4522(내선 210)
나. 재학생 대상 학생증 재발급: 학생서비스팀(미래관 106호)에서 직접 신청"
christian_studies,[장학] 2022-2학기 학과근로 장학생 선발안내,N/A,2022-08-11,https://docs.ssu.ac.kr/%ed%95%99%ea%b3%bc%ec%82%ac%eb%ac%b4%ec%8b%a4%ec%95%8c%eb%a6%bc/%ea%b3%b5%ec%a7%80%ec%82%ac%ed%95%ad/?term_id&slug=2324,"2022-2학기 학과근로장학생 선발 안내
기독교학과에서는 2022-2학기 학과사무실의 전반적인 운영을 도울 책임감 있고 성실한 근로장학생을 기다립니다. 2022-2학기 기독교학과 사무실 학과근로장학생 선발에 학생 여러분의 많은 지원 바랍니다. 자세한 사항은 아래 공고문을 확인하여 주시기 바랍니다.
1. 모집인원 및 구분
장학금명
시간당 장학금액
총 근로시간(학기)
1인당 장학금액(원)
선발인원
학과근로A
9,160
10시간*20주=200시간
1,832,000
0명
학과근로B
9,160
5시간*20주=100시간
916,000
0명
※ 학과근로A/B 유형으로 최소 3~6명까지 선발 가능(지원 인원 및 지원유형에 따라 유동적으로 적용 예정).
2. 지원방법 및 일정
가. 신청기간: 2022년 8월 11일 (목) 10:00 ~ 8월 18일 (목) 17:00
나. 학과근로장학생 최종선발 및 발표: 2022년 2월 25일(금) 18:00 이후 예정
※ 최종선발 후, 2월 말 근무시간표 편성 및 오리엔테이션 진행 예정(추후 공지).
다. 학생신청방법: u-SAINT포털→등록/장학→근로장학금 신청→지원서 출력/제출
(1) 제출서류
– 지원서 (u-SAINT 출력본,
본인서명 필수
)
– 자기소개서 (첨부파일 참조, 워드로 작성)
(2) 제출방법(모든 서류에 본인 서명 필수)
– 직접 방문: 기독교학과 사무실(조만식기념관 12640호)
– 이메일 접수: enchristo@ssu.ac.kr로 스캔하여 파일 전송(
본인서명 필수
).
※ 서명이 없는 경우, 서류 미비로 탈락될 수 있음.
3. 지원자격 및 선발기준
가. 2022학년도 2학기 국가장학금을
1차 신청
하고
소득분위가 8분위 이내
인 자
※ 국가장학금을 신청할 수 없는 대한민국 국적 미소지자도 선발 가능
(단, 순수외국인전형으로 입학한 외국인 유학생은 선발 불가)
나. 2022학년도 2학기 재학 및 복학예정자로 해당학기 등록금 납부 예정인 자
1) 2022학년도 2학기 전 등록휴학 후 복학시 선발 불가(등록대체자)
2) 학기 중 미등록, 입학취소, 복학취소 등으로 인한 학적변동시 모든 장학금 취소
3) 2022학년도 2학기 기준 이수학기가
2~7학기만 가능
(1학기 및 8학기 신청 불가)
다. 직전학기 취득학점 및 학업성적 제한 없음
라. 타 장학금과
중복수혜 가능
(근로장학금 간 중복 불가)
※ 본 장학금은 학업장려비 지원 목적으로 등록금(입학금 및 수업료)를 초과하여 지급
마. 국가근로장학생 및 교내근로장학생에 선발되지 않은 자
4. 기타 안내사항
가. 선발 기준은 성적, 생활태도 및 학과 참여도, 지도교수 상담 내용 등(우선순위 없음)을 기초하여 학과장이 결정
(타 학과 복수전공자는 주전공과목 수강 현황 반영)
나. 국가근로나 교내근로에 중복 지원한 경우, 선발 결과를 알게 된 즉시 연락 바랍니다.
다. 자세한 내용은 기독교학과 사무실로 문의 바랍니다. (02-820-0070)
첨부파일: 붙임1. 기독교학과_학과근로장학생_지원_자기소개서(양식)"
christian_studies,[학생서비스] 학생안전 확보를 위한 22시 이후 학생자치시설 잔류 금지 안내,N/A,2022-08-05,https://docs.ssu.ac.kr/%ed%95%99%ea%b3%bc%ec%82%ac%eb%ac%b4%ec%8b%a4%ec%95%8c%eb%a6%bc/%ea%b3%b5%ec%a7%80%ec%82%ac%ed%95%ad/?term_id&slug=2314,"학생안전 확보를 위해 22시 이후 본교 학생자치시설 잔류를 금지하니 엽조하여 주시기 바랍니다.
1. 배경
가. 최근 타 대학에서 발생한 강력범죄 및 증가하는 캠퍼스 내 사고로 인해 학생안전
확보 필요성 대두
나. 실처장회의에서 관련 대책 마련 지시
2. 목적:
취약시간대 건물 잔류 인원 최소화를 통한 학생 안전사고 예방
3. 조치:
원칙적으로
22시 이후 학생회관 및 각 건물 학생자치시설 잔류 금지
4. 세부사항
가. 잔류 금지 안내 및 계도기간:
~2022.08.15.(월)
※ 관련 부서 및 학생자치기구에 안내, 학생회관 등 주요 출입구에 관련 안내 부착 예정
나. 계도기간 이후 불필요한 잔류 확인 시, 해당 단체시설(학생회실, 동아리/소모임실 등)
에 아래 제한 조치 적용
구분
내용
비고
1차 조치
공식 경고
경고문 부착 및 학생 자치단체를 통한 경고
2차 조치
3일간 해당 자치시설 폐쇄
3차 조치
7일간 해당 자치시설 폐쇄
4차 조치
30일간 해당 자치시설 폐쇄
다. 예외사항: 부득이한 경우 사전에 야간활동계획(붙임 문서 참조)을 제출,
보고된 인원에 한해 잔류 허용
※ 단체 특성에 따라 양식 변경이 필요한 경우 변경하여 활용 가능
번호
구분
내용
상세내용
1
신청자격
본교 재학생에 한함
휴학생, 졸업생, 외부인 불가
2
허가기준
동아리, 소모임, 학생회 등의 공식행사 준비/연습에 한함
시험공부 등 확인 불가능한 개인적·비공식적 사유 불가
3
제출서류
야간활동계획서
잔류인원 전원 정보(이름, 학과, 학번), 야간 활동사유, 퇴실 예정 시각 등 기재
4
제출기한
활동 하루 전까지 제출
예시: 8/4(수) 활동인 경우, 8/3(화)까지 제출해야 인정
5
구분별
제출
총학생회/학생회관 위치 소모임
총학생회에 제출→ 총학생회에서 학생서비스팀에 안내
동아리연합회/동아리
동아리연합회에 제출→ 동아리연합회에서 학생서비스팀에 안내
신문방송국
신문방송국 행정팀에 제출
학생회관 이외 건물 위치 학생자치기구
(학과 학생회, 소모임 등)
소속 단과대학 교학팀에 제출
※ 필요시 단과대학 학생회와 논의하여 진행
기관동아리
기관동아리 주관부서에 제출
※ 활동 하루 전까지 잔류인원 변경 가능하며, 활동당일에는 인원 변경 불가
※ 야간활동계획을 제출한 경우에도 음주는 불가하며, 음주 확인 시 학칙에 의거 징계"
christian_studies,[학생서비스] 안전한 단체 활동을 위한 ‘서로 존중’ 숭실인의 약속 규약,N/A,2022-07-29,https://docs.ssu.ac.kr/%ed%95%99%ea%b3%bc%ec%82%ac%eb%ac%b4%ec%8b%a4%ec%95%8c%eb%a6%bc/%ea%b3%b5%ec%a7%80%ec%82%ac%ed%95%ad/?term_id&slug=2308,"학생서비스팀은 안전하고 보람있는 학생단체활동을 만들어가기 위해 상담센터에서 제작한 숭실인의 약속 규약을 다음과 같이 배포합니다.
* 배포 목적
가) 코로나 19 규제 완화로 인한 학생단체활동 증가
나) 최근 타 학교에서 발생한 캠퍼스 내 성폭력 사건에 대한 우려 확산
다) 안전하고 보람찬 학생단체활동 시행을 위한 학내 구성원 인식 확립의 필요성 증대
안전한 단체활동을 위한
‘
서로 존중
’
숭실인의 약속
안녕하십니까?
코로나 19 엔데믹으로 넘어가는 시기에, 특히 여름방학과 2학기 초에 MT 또는 수련회 등을 계획하고 있는 학과 및 동아리, 학생회 임원진, 그리고 모든 학생들에게 당부드립니다.
최근 인하대 사건으로 인해 대학 내에서 성폭력에 대한 엄중한 주의가 요구되고 있습니다. 서로를 인격체로서 존중하고, 성희롱·성폭력 없는 안전한 단체활동이 이루어지도록 모두가 유념하여 주시기 바랍니다.
다음의 일곱가지 약속은 단체활동 중에 자칫 발생할 수 있는 성희롱·성폭력을 예방하기 위한 우리의 약속입니다.
하나씩 직접 소리내어 읽으시고
, 구성원 모두가 서로에게 약속하는 마음으로 지켜주시기 바랍니다.
하나
!!
개인의 성적의사결정권을 침해하는 모든 행위는 넓은 의미에서 성폭력이라는 점을 꼭 기억하겠습니다.
둘
!!
재미와 친목도모를 위한 게임 및 레크리에이션을 하는 동안에도, 상대방이 성적으로 불쾌하지 않은지 생각하는 ‘성인지감수성’을 보여주겠습니다. (예: 스킨십을 유도하는 발언이나 행동, 갑자기 신체 부위를 툭 치는 등의 행동은 상대방에게 성적 불쾌감을 유발할 수 있다는 점을 명심하겠습니다)
셋
!!
상대방이 술에 취해 있거나 잠이 든 상황에서 시도하는 모든 행위는 성폭력이라는 점을 기억하고 지키겠습니다. (상대방이 술에 취했거나 정신이 혼탁한 상황에서의 반응 또는 행동을 ‘동의’로 해석하면 안된다는 점도 명심하겠습니다.)
넷
!!
술에 취한 상태에서 상대방에게 성적 수치심을 주는 모든 발언 및 행동 역시 성희롱 또는 성폭력에 해당한다는 점을 기억하겠습니다. 어떠한 맥락이든 간에, 자신의 책임에서 자유로울 수 없다는 점, 명심하겠습니다.
다섯
!!
상대방의 의사에 반하여 신체를 촬영하거나 게시, 배포하는 일은 법적 처벌이 가능한 성폭력에 해당한다는 점을 반드시 유념하겠습니다.
여섯
!!
단톡방 또는 SNS 상에서 다른 사람에 대한 성적인 언행을 삼가겠습니다.
일곱
!!
단체활동 떠나기 전, 스마트캠퍼스에 개설되어 있는 온라인 폭력예방교육을 필히 이수하겠습니다. 이미 이수하였더라도, 복습의 의미로 ‘다시보기’ 하겠습니다.
안전하고 즐겁고 의미있는 단체활동을 숭실인 모두가 만들어 가기를 바랍니다.
◎ 오프라인 폭력예방교육이 필요한 부서는 상담·인권센터로 신청해주십시오.☎ 02-820-0843
◎ 자문 또는 컨설팅 필요시 상담·인권센터로 연락 바랍니다.☎ 02-820-0843
숭실대학교 상담
·
인권센터"
christian_studies,[홍보] 인문대학생 전주(全州) 인문학 여행 (한국연구재단),N/A,2022-07-14,https://docs.ssu.ac.kr/%ed%95%99%ea%b3%bc%ec%82%ac%eb%ac%b4%ec%8b%a4%ec%95%8c%eb%a6%bc/%ea%b3%b5%ec%a7%80%ec%82%ac%ed%95%ad/?term_id&slug=2303,"[한국연구재단] 인문대학생 전주(全州) 인문학 여행
○행 사 명 : 인문대학생 전주(全州) 인문학 여행
(
참가비 무료
)
○행사기간 : 2022.8.25.(목)∼26(금).
○행사장소 : 전라북도 전주(한옥마을, 전주사고, 한국전통문화전당 등)
○참 가 비 : 무료(숙박비, 식대. 단 전주집결·해산지 까지 왕복교통비는 본인부담)
○신청대상 : 전국 4년제 대학 인문대학 소속 학부 재학생(휴학생 제외)
○신청방법 : 인문공감 홈페이지(http://inmunlove.nrf.re.kr) 공지사항 참고
○신청마감 : ∼2022.7.25.(월)
○선발인뭔 : 총 25명내외 (선발생은 2022년 8월초 개별 통지 예정)
○특전사항 : 숙박호텔‘왕(王)의 지밀(至密)’1인 1실 제공, 전주한정식 체험, 기념품 등"
christian_studies,[장학]  2022-2학기 백마성적우수장학금 선발 기준 안내,N/A,2022-07-12,https://docs.ssu.ac.kr/%ed%95%99%ea%b3%bc%ec%82%ac%eb%ac%b4%ec%8b%a4%ec%95%8c%eb%a6%bc/%ea%b3%b5%ec%a7%80%ec%82%ac%ed%95%ad/?term_id&slug=2301,"2022-2
학기 백마성적우수장학금 선발 기준 안내
안녕하세요, 기독교학과 사무실입니다.  2022-2학기 백마성적우수장학금 선발 기준에 대한 안내입니다.
문의사항이 있는 경우, 학과사무실로 연락을 바랍니다.  (☎02 – 820 – 0070)
1. 본교 자격요건
가. 2022학년도 2학기 국가장학금을 신청하여 소득분위 조회가 가능한 자
1) 1차 신청자에 한하여 등록금고지서 사전감면
2) 1차 미신청자 : 2차 신청/서류제출/구제신청 확인 후 지급
(2차 신청자 중 한국장학재단 구제신청 시 10월 말 사후지급)
3) 국가장학금을 신청할 수 없는 대한민국 국적 미소지자도 선발 가능
(단, 순수외국인전형으로 입학한 외국인유학생은 선발 불가)
나. 2022학년도 2학기 재학 및 복학예정자로 해당학기 등록금 납부 예정인 자
1) 2022학년도 2학기 前등록휴학 후 복학시 선발대상에서 제외(등록대체자)
2) 학기 중 미등록, 자퇴, 제적, 입학취소, 복학 취소 등 학적변동시 모든 장학금 취소
3) 선발 후 2022학년도 2학기 휴학 승인 시 백마성적우수장학금은 복학 학기로 이월
※ 단, 추가 또는 교체선발 시 재학 중인 학생만 선발 가능(휴학한 학생 추가/교체 불가)
다. 직전학기 15학점 이상 이수한 자 (졸업 직전학기는 직전학기 12학점 이상)
라. 등록학기가 8학기 이내인 자(건축학과 건축공학전공: 등록 10학기 이내인 자)
마. F학점 포함 학적부성적 기준 직전학기 3.5 이상인 자
바. 모든 교내장학금간 중복수혜 불가
1) 신청장학금 중 수혜금액이 큰 장학금 자동선발(동일할 경우 백마성적우수장학금 선발)
2) 중복수혜 가능 장학금: 국가장학금, 교외장학금, 학업장려비 지원 목적 장학금 등
2. 2022-2
학기 선발 예정 인원
① 수업료 100%  4인
② 수업료 50%  2인
③ 수업료 25% 2인 (총 8명)
3. 2022-2
학기 백마성적우수장학금 선발 기준
가. 직전 학기 평점평균 기준 각 학년 석차 1위
1) 학년 석차 1위이나, 기 선발 장학금, 등록학기 등의 이유로 선발 불가할 수 있음.
2) 학년 석차 1위가 선발되지 않는 경우, 학년 차점자 선발하지 않을 수 있음.
나. 전체 석차 중, (각 학년 석차 1위 제외) 본교 장학팀 배정 인원까지 상위부터 선발.
다.  단, 동점자가 있을 경우 취득학점이 높은 학생을 상위 장학금에 배정.
라. 취득학점까지 동일할 경우, 다음 기준을 선발에 참고함.
1)  가정형편 (소득분위 및 진로상담 내용)
2) 학과 활동 참여도 (개·종강 총회, Workshop, 학생임원회, 운영위원회 등)
마. 각 호의 기준으로 우열이 나누어지지 않는 경우, 교수 회의를 통해 선발함."
christian_studies,[장학] 2022학년도 1학기 특별장학금 추천 및 선발 기준,N/A,2022-07-12,https://docs.ssu.ac.kr/%ed%95%99%ea%b3%bc%ec%82%ac%eb%ac%b4%ec%8b%a4%ec%95%8c%eb%a6%bc/%ea%b3%b5%ec%a7%80%ec%82%ac%ed%95%ad/?term_id&slug=2295,"1. 장학금명: 특별장학금(세미쿼터 성적우수장학금)
2. 지급목적
가. 2020년부터 확산된 코로나19로 인해 비대면 수업, 시험이 전면 확대. 특수성을 반영하기 위해 절대평가를 실시하였으며,  성적 고득점자 수가 크게 확대됨
나. 세미쿼터 성적우수 장학금을 통해 성적장학금 수요를 충족하고, 코로나19로 인한 가계의 어려움 극복을 위해 한시적으로 운영
3. 자격요건 :
가. 2022학년도 1학기 한국장학재단 국가장학금을 신청하고 소득분위가 조회된 자
나. 2022학년도 1학기 재학생으로 등록금 납부를 완료한 자(등록대체자 제외)
다. 직전 학기 성적 기준 3.5 이상인 자
라. 등록 8학기 이내인 자(건축학과 건축학전공: 등록 10학기 이내인 자)
마. 직전 학기 취득학점 15학점(졸업 직전 학기 12학점) 이상
바. 성적 등 선발 세부 기준 : 2022학년도 1학기 성적장학금 수혜자 외 차순위 우수 학생에  지급하되, 학과(부)에서 자체적으로 운영하여 선발
사. 모든 교내장학금과 중복 수혜 불가
※단, 교내/학과근로, 학과(부)우수, 교육지원, 포상, SW장학금, 발전기금출연분은 중복 가능
4. 장학금액 :
1인당 수업료의 1/8 (12.5%)을 최소 기준으로 하되, 예산 내에서 인원 수 추천은 백마성적우수장학금과 같이 학과 재량으로 조정 가능
(예: 1/8 장학금 4명 배정 학과(부)의 경우, 반액 1명, 1/4 금액 2명 등 추천 가능)
※ 단, 등록금 범위 내 지급 : 등록금과 기수혜 장학금(등록금 지원 성격의 장학금)의 차액이 장학금액보다 작을 경우 차액 지급
5. 지급 방법
가. 학생 본인 계좌 지급
나. 2022-1학기 한국장학재단/공무원연금공단 대출 실행자: 학자금대출 상환지급
6. 지급예정일:
2022. 8월 중순 예정"
christian_studies,[홍보] 제 1회 전통 스토리텔링 공모전,N/A,2022-07-08,https://docs.ssu.ac.kr/%ed%95%99%ea%b3%bc%ec%82%ac%eb%ac%b4%ec%8b%a4%ec%95%8c%eb%a6%bc/%ea%b3%b5%ec%a7%80%ec%82%ac%ed%95%ad/?term_id&slug=2289,"인문대학 예술창작학부 문예창작전공에서는 세계를 아우르는 K콘텐츠를 개발하기 위한 전통 스토리텔링 응모작을 공모합니다.
공모전명
문학창작
게임 스토리텔링 1팀
게임 스토리텔링 2팀
웹 스토리텔링 1팀
웹 스토리텔링 2팀
무대, 영상예술 1팀
무대, 영상예술 2팀
담당 교수
김태용
이재홍
이재홍
김태용
김태용
백로라
백로라
공모내용
시
소설
아동문학
게임 제작
게임 시나리오
게임 디자인
메타버스 콘텐츠
웹툰
웹소설
웹진
웹 드라마
유튜브 콘텐츠
미니픽션
오디오 콘텐츠
연극
영화
뮤지컬
미디어아트
인터렉티브 아트
TV드라마
공모전 기간
1) 1차 마감 : 8월 15일(월) 신청서 및 기획의도(개요 및 구상) 제출
2) 1차 발표 : 8월 22(월) 선정작 발표
3) 2차 제출 : 9월 28일(수) 완성작품 제출
4) 최종 시상 : 10월(가을축제기간) 블루큐브 또는 김덕윤 예배실
응모 자격 : 숭실대학교 학부생
응모 방법 : 숭실대학교 문예창작전공 홈페이지 내 학과 메타버스에서 지원서 양식을 받은 후 펀시스템에 기획 의도와 함께 제출
시상 내역
1) 최우수상 3인 (각 100만 원)
2) 우수상 6인 (각 50만 원)
문의 사항이 있으시면 02-820-0043(문예창작전공)으로 연락 부탁드립니다."
christian_studies,[장학] 2022년 숭실대학교 교수협의회 장학생 선발 안내,N/A,2022-06-20,https://docs.ssu.ac.kr/%ed%95%99%ea%b3%bc%ec%82%ac%eb%ac%b4%ec%8b%a4%ec%95%8c%eb%a6%bc/%ea%b3%b5%ec%a7%80%ec%82%ac%ed%95%ad/?term_id&slug=2276,"2022학년도 숭실대학교 교수협의회 장학생 선발을 다음과 같이 안내하오니 본교 학 부 재학생(휴학생, 졸업유예 포함)의 많은 신청 바랍니다.
1. 수상내역
1) 학술영역 진리상: 전공영역과 관련하여 대외적으로 학교의 명예를 드높이거나, 대내적으로 전공과 관련한 학술활동에 적극적으로 참여한 자.
2) 봉사영역 봉사상: 봉사활동을 통하여 국가 및 지역 사회에 도움을 주고자 적극적으로 활동함으로써 학교의 명예를 드높인 자.
2. 선발인원
1) 진리상: 5명
2) 봉사상: 5명
3. 대상 및 포상내역
1) 대상: 본교 학부 재학생(휴학생, 졸업유예 포함)
2) 포상내역: 교수협의회에서 수여하는 장학증서와 장학금 (장학금 1인당 1,000,000원, 국가장학금과 중복 수혜가능)
4. 수상자 발표: 2022년 9월 30일(금) 예정
교수협의회 홈페이지 공지사항 (http://prof.or.kr/)
5. 장학증서 수여식: 2022년 10월 6일(목) 예정
6. 제출서류
1) 신청서(소정양식) 1부
2) 재학증명서 1부
3) 성적증명서 1부 (2022학년도 1학기 포함하여 재학기간 전체)
4) 추천서
– 자유양식, 추천인(교수 및 외부인사)이 직접 교협 메일로 추천서 송부
① 진리상: 소속학과(부) 전임교수 2인
② 봉사상: 소속학과(부) 전임교수 1인과 봉사관련 외부 인사 1인
5) 해당 영역 활동사항 및 사항별 증빙자료
6) 기타 심사에 도움이 되는 자료
7. 신청기간: 2022년 7월 1일 ~ 9월 16일 17시
8. 접수 및 문의: prof@ssu.ac.kr (코로나19 확산 방지를 위해 메일로만 접수 받습니다.) 교수협의회 사무국 (02-820-0860)"
christian_studies,[장학] 2022학년도 1학기 경제사정 곤란자(비자발적 실직·폐업) 대상 장학금 신청 안내,N/A,2022-06-03,https://docs.ssu.ac.kr/%ed%95%99%ea%b3%bc%ec%82%ac%eb%ac%b4%ec%8b%a4%ec%95%8c%eb%a6%bc/%ea%b3%b5%ec%a7%80%ec%82%ac%ed%95%ad/?term_id&slug=2271,"부모님의 비자발적 실직 또는 폐업으로 경제적 어려움을 겪고 있는 학생들에게 장학금을 지원하고자 하니, 해당되는 학생은 반드시 기한 내에 신청해 주시기 바랍니다.
1. 지원목적: 부모님의 비자발적 실직·폐업으로 경제적으로 어려움을 겪고 있는 재학생의 등록금 부담을 완화하여 안정적인 학업여건 조성
2.
지원대상: 2021년 11월~2022년 5월 중 부모님의 비자발적 실직 또는 폐업으로 인해 경제적 어려움을 겪는 재학생
※ 2022-1학기 등록금 납부를 완료하고 재학중인 자(등록대체자 제외)
※ 2022-1학기 소득분위, 직전학기 성적, 이수학기 무관하게 지원 가능(9, 10구간도 지원 가능)
※ 2022-1학기 국가장학금 신청을 완료하여 소득구간 산정이 완료된 자
※ 비자발적 실직 또는 폐업 증빙서류를 제출한 자
3. 장학금 종류 및 지원금액
구분
내용
장학금명
국가장학금(Ⅱ유형)_추가지원
장학금액
등록금 범위 내에서 최대 등록금(수업료+입학금)의 10%
※ 등록금 범위 내에서 타 교내·외장학금과 중복수혜 가능
※ 등록금 지원 목적의 장학금으로 전액장학금 수혜자 제외
(최소지급가능액 10만원 이상 남아있는 학생만 선발 가능)
4.
신청(서류제출)기간: 2022.06.03.(금)~2022.06.17.(금) 14:00
5. 신청방법: 신청서 및 증빙서류 장학팀(학생회관 406호)으로 방문 또는 우편 제출
6. 서류제출 관련 안내
가. 제출서류
구분
제출서류
비고
실직
① 장학금 지원서 (붙임파일 작성)
② 고용보험수급자격인정명세서
(지역 고용복지플러스센터에서 발급 가능)
③ 가족관계증명서
☑ 원본서류 제출 필수
☑ 2021년 11월 이후
공인기관 발급
폐업
① 장학금 지원서 (붙임파일 작성)
② 폐업사실증명서(정부 24 홈페이지에서 발급 가능)
③ 가족관계증명서
나. 제출방법: 장학팀 방문 또는 등기우편 제출
※ 우편으로 제출할 경우, 신청기간 내 도착한 분에 대해서만 접수
※ 주소: 06978 서울특별시 동작구 상도로 369 숭실대학교 학생회관 406호 장학팀
7. 장학금 지급 관련 안내
가. 지급방법: 학생계좌 지급 또는 학자금대출 상환
※ u-SAINT에 등록된 본인명의계좌로 지급(계좌 등록 필수)
※ 한국장학재단, 공무원연금공단에서 학자금 대출잔액이 있는 경우 대출상환
처리(선택 불가)
나. 지급일정: 2022년 7월 중 지급예정
8. 문의: 학생처 장학팀(02-820-0166)"
christian_studies,[장학]2022학년도 2학기 교내장학금 신청 시행 안내,N/A,2022-06-02,https://docs.ssu.ac.kr/%ed%95%99%ea%b3%bc%ec%82%ac%eb%ac%b4%ec%8b%a4%ec%95%8c%eb%a6%bc/%ea%b3%b5%ec%a7%80%ec%82%ac%ed%95%ad/?term_id&slug=2261,"2022
학년도
2
학기 교내장학금 신청공고
(재학생 및 복학예정자 대상)
※ 본교에서 지급되는 모든 교내장학금은 아래 국가장학금 신청기간 내 국가장학금을 신청하고 서류제출을 완료하여 소득분위가 조회된 학생을 대상으로만 수혜자를 선정합니다. 따라서, 교내장학금을 수혜하려는 모든 학생은 반드시 교내장학금과 국가장학금을 모두 신청하시기 바랍니다.
–
국가장학금 신청결과 제공되는 학생의 소득분위정보를 장학생선발에 활용
–
국가장학금은 반드시 매학기 신청
(
서류제출 및 가구원동의 포함
)
하여야 함
.
국가장학금 신청기간
: 2022
년
05
월
24
일
(
화
)
∼
06
월
23
일
(
목
)
까지
※ 한국장학재단 홈페이지(www.kosaf.go.kr) 공인인증 로그인 후 신청
※
재학생은 국가장학금
1
차 신청이 원칙
(
단
,
재학 중
1
회에 한하여
2
차 신청이 가능
)
▶
재학생이
2
차 신청하는 경우 구제신청은 재학 중
2
회에 한하여 자동 신청됨
교내장학금 온라인신청기간
가
.
온라인신청 및 서류제출기간
:
2022
년
5
월
26
일
(
목
) 10:00 ~ 2022
년
7
월
8
일
(
금
) 17:00 (6
주간
)
※ 주말(공휴일 포함) 24시간 신청 가능 (단, 마감일 제외)
※ u-SAINT 입력 후 장학금 신청내역을 조회하여 장학금 신청이 정상적으로 완료되었는
지 꼭 확인
나. 서류제출이 필요한 장학금의 경우, 교내장학금 온라인 신청기간 내 반드시 제출
※ 방문 및 등기우편제출 가능 (FAX 불가)
※ 등기우편제출 시 교내장학금 온라인 신청기간 내 장학팀 도착분만 인정
※
서류는 제출일 기준
1
개월 이내에 발급된 것만 인정됨
신청대상 : 2022학년도 2학기 재학생 및 복학예정자
교내장학생 자격요건
가. 2022학년도 2학기 국가장학금을 신청하고 서류제출(가구원동의 포함)을 완료한 자
나. 2022학년도 2학기 재학생 및 복학(예정)자로 등록금 납부 예정인 자
1) 2022학년도 2학기 전 등록휴학 후 복학생은 모든 장학금 선발에서 제외(등록대체)
2) 미등록, 입학취소, 복학취소 등으로 인한 학적변동 시 모든 장학금 취소
다. 직전학기 15학점 이상 이수한 자
※ 2022년 2학기가 4학년 8학기인 자는 직전학기 12학점 이상
※ 건축학부 건축학전공 : 10학기인 자는 직전학기 12학점 이상 이수(1∼9학기는 15학점 이상)
라. 등록 8학기 이내인 자(건축학과 건축학전공 : 등록 10학기 이내인 자)
예1) 학기취소 1회 후 8학기 진학예정인 경우 : 9회 등록금 납부이므로 선발 불가
예2) 학점 미 이수로 9학기 진학예정인 경우 : 9회 등록금 납부이므로 선발 불가
교내장학생 공통사항
가.
☆
중요
☆
모든 장학금은 등록금 내에서 다음 순서에 따라 우선 지급합니다
.
① 교외(외부)장학금 ② 국가장학금 ③ 교내장학금
나. 성적 및 취득학점 산정방법
1) 평점평균(GPA) / 산술평균(100점만점) : F학점이 포함된 학적부성적 기준 산정
2) 취득학점 산정시 F학점은 0학점 취득으로 인정되어 취득학점 산정에서 제외
다. 온라인으로 반드시 신청해야 하며, 제출서류가 있는 장학금에 한하여 서류제출
※ 제출기간 내 미제출시 장학생 선발대상에서 제외
라. 모든 교내장학금은 중복수혜 불가
1) 장학금간 중복신청은 가능하나, 신청 장학금 중 수혜금액이 큰 장학금으로 자동선발
2) 중복수혜 가능 장학금 : 국가장학금, 교외(외부)장학금, 근로장학금(교내/학과근로), 봉사장학금
– 수업료 범위 내 중복수혜 가능 (근로장학금, 봉사장학금은 수업료 초과하여 수혜 가능, 단 해당 장학금 간 중복수혜 불가)
마. 한국장학재단 중복지원(이중지원)방지사업 안내
1) 한국장학재단 학자금대출금액과 교내ㆍ외 장학금을 모두 합하여 수업료를 초과할 경우, 중복지원학생에 해당
2) 한국장학재단 콜센터와 통화하여, 중복지원여부를 해소해야 함. (다음 학기 국가장학금 및 학자금대출여부에 영향)
교내장학금별 선발자격 및 제출서류
:
교내장학금 선발자격 및 제출서류 안내
(
첨부문서 참조
)
장학생 선정결과 발표 및 지급방식
가. 2022년 8월 중순 발표 예정(u-Saint 등록/장학 및 등록금고지서 감면여부 확인 가능)
나. 장학금신청시 계좌입력 : 본인명의 개인계좌 입력 필수
다. 등록금 분할납부를 신청한 학생의 경우, 선발된 장학금 중 사전감면을 제외한 계좌지급장학금은 분할납부 최종등록 확인 후 지급
라. 비전장학금 지급범위 및 장학금액은 한국장학재단 국가장학금 정책 및 본교 사정에 따라 매 학기 변경될 수 있음
마. 국가장학금 소득 산정 지연, 2차 복학신청 등의 사유로 사전감면이 불가할 경우 4월말~5월 초 u-saint 승인 및 지급 예정"
christian_studies,[교육부] 2022년 대학 진로취업 지원 현황조사 실시,N/A,2022-05-31,https://docs.ssu.ac.kr/%ed%95%99%ea%b3%bc%ec%82%ac%eb%ac%b4%ec%8b%a4%ec%95%8c%eb%a6%bc/%ea%b3%b5%ec%a7%80%ec%82%ac%ed%95%ad/?term_id&slug=2258,"고등교육 단계의 진로교육 및 취창업지원 현황을 파악하기 위한
2022년 대학 진로취업
지원 현황조사
를 아래와 같이 실시하고자 하오니, 적극적인 협조 부탁드립니다.
가. 조사기간 :
‘22.5.25.(수) ~ 6.24.(금
)
< 4주간 >
나. 조사대상 : 대학알리미 기준 전국 336개 대학 업무관리자, 학과별/학년별 학생 2명
다. 조사방법 : 온라인 조사(URL :
http://진로취업조사.kr
)"
christian_studies,[중앙도서관] 	2022학년도 신입생 대상 정보활용교육 & 퀴즈대회 안내,N/A,2022-05-30,https://docs.ssu.ac.kr/%ed%95%99%ea%b3%bc%ec%82%ac%eb%ac%b4%ec%8b%a4%ec%95%8c%eb%a6%bc/%ea%b3%b5%ec%a7%80%ec%82%ac%ed%95%ad/?term_id&slug=2254,"A+ 대학생활을 위한 도서관 활용법 & 퀴즈대회
일 시 : 2022.06.21(화) 15:00~17:00
대 상
:
2022학년도 학부 신입생
상세내용 및 진행방법
가. 도서관 홈페이지를 통해 신청 접수
https://oasis.ssu.ac.kr/#/education/result/?offset=0&max=20
나. 신청자들에게 교육에 참여할 수 있는  ZOOM 링크  발송
다. 도서관 서비스 안내 및 레포트 작성을 위한 학술정보활용 교육
라. ‘카훗’ 프로그램을 이용하여 실시간 퀴즈풀이 및 성적공지
마. 상위권 입상자에게 성적순으로 장학금 및 경품 수여 (붙임 파일 참고)
바. 종료 후  도서관 홈페이지에 상위입상자 수상 내역 공지"
christian_studies,[홍보] 굿네이버스 경기서부지부 NGO를 배우는 시간 ‘NGO Traveler 6기’ 모집,N/A,2022-05-27,https://docs.ssu.ac.kr/%ed%95%99%ea%b3%bc%ec%82%ac%eb%ac%b4%ec%8b%a4%ec%95%8c%eb%a6%bc/%ea%b3%b5%ec%a7%80%ec%82%ac%ed%95%ad/?term_id&slug=2243,"안녕하세요. 기독교학과 사무실입니다.
굿네이버스 경기서부지부에서 5월 초부터 “NGO를 배우는 시간” 굿네이버스 NGO Traveler 6기를 모집중에 있습니다.
NGO에 관심이 있는 학생들에게 관련 기회를 제공하는 굿네이버스 주관 전국적인 프로그램으로, 관심있는 학생들의 적극적인 참여를 부탁드립니다.
자세한 사항은 포스터를 참고하여 주시고 보다 자세한 사항은  굿네이버스 경기서부지부(T: 032-252-9901    E:
sysong@gni.kr
)로 문의하시기 바랍니다.
감사합니다."
christian_studies,[장학] 2022학년도 2학기 한국장학재단 국가장학금 1차 신청 안내,N/A,2022-05-25,https://docs.ssu.ac.kr/%ed%95%99%ea%b3%bc%ec%82%ac%eb%ac%b4%ec%8b%a4%ec%95%8c%eb%a6%bc/%ea%b3%b5%ec%a7%80%ec%82%ac%ed%95%ad/?term_id&slug=2241,"2022학년도 2학기 국가장학금 1차 신청 안내
2022학년도 2학기 국가장학금 1차 신청일정을 다음과 같이 안내해드리니, 관련이 있는 학생들께서는 꼭 장학금 신청할 수 있기를 바랍니다.
□ 2022년 1학기 국가장학금 2차 신청 안내
ㅇ
(신청기간)  2022.5.24.(화) 9:00~2022.6.23.(목) 18:00(총 31일간)
ㅇ
(서류 제출 및 가구원 동의)
2022.5.24.(화)~2022.6.27.(월) 18:00
ㅇ
(신청대상)
대한민국 국적 학부생
ㅇ
(신청방법)
한국장학재단 홈페이지
1」
및 모바일 앱
2」
을 통해 신청
1」홈페이지 주소: www.kosaf.go.kr
2」모바일 앱 주소: mo.kosaf.go.kr/apps
ㅇ
(신청문의)
한국장학재단 고객센터 1599-2000"
christian_studies,[장학] ‘오직예수교회’ 장학금 대상자 모집 (5월 31일까지),N/A,2022-05-24,https://docs.ssu.ac.kr/%ed%95%99%ea%b3%bc%ec%82%ac%eb%ac%b4%ec%8b%a4%ec%95%8c%eb%a6%bc/%ea%b3%b5%ec%a7%80%ec%82%ac%ed%95%ad/?term_id&slug=2234,"안녕하세요. 기독교학과 사무실입니다.
이번에 ‘오직예수교회’에서 저희 학과에 장학금을 지원하시겠다고 연락이 왔습니다.
이에 대하여 대상자를 모집, 선발하려고 합니다.
아래 내용을 꼭 숙지하시고 신청하여 주시기 바랍니다.
(5월 31일까지 접수합니다)
[오직예수교회 장학금]
대상 : 성별 무관 (군필자 또는 목회자 자녀 우대)
장학금 지급액 및 기간 : 학기당 50만원, 4년간 지원.
선발 및 선정조건 : 장학금 출연교회 출석 가능자.
선발 인원 : 1명
*장학금 출연교회
– 서울시 관악구 봉천로 562(대한예수교장로회) 관악노회(통합) 4층 “오직예수교회” (낙성대 역 부근), 담임목사  (박철호 목사).
★ 신청 희망 학생은 아래의 항목을 작성하여 학과 메일로 회신주시기 바랍니다.
(이름, 학번, 연락처, 선정조건 확인 유/무 )
숭실대학교 기독교학과
서울특별시 동작구 상도로 369 숭실대학교 (조만식기념관 640호)
Tel : 02) 820-0070.  E-mail : enchristo@ssu.ac.kr."
christian_studies,2022년 6월 각 군 현역병 모집계획,N/A,2022-05-23,https://docs.ssu.ac.kr/%ed%95%99%ea%b3%bc%ec%82%ac%eb%ac%b4%ec%8b%a4%ec%95%8c%eb%a6%bc/%ea%b3%b5%ec%a7%80%ec%82%ac%ed%95%ad/?term_id&slug=2230,"병무청에서는 병역의무자의 전공, 자격·면허, 경력 등과 관련 있는 군사특기에 지원하여 해당분야에서 복무할 수 있도록 하는 현역병 모집제도를 운영하고 있습니다. ’22년 6월에 지원하여 ’22년 9월 입영예정인 각 군 현역병 모집일정을 붙임과 같이 보내드리오니 학생들의 병역의무 이행에  참고하여 주시기 바랍니다.
붙임. 현역병 모집계획일정 1부."
christian_studies,[학사]2022학년도 2학기 학·석사연계과정 지원 및 선발 안내,N/A,2022-05-18,https://docs.ssu.ac.kr/%ed%95%99%ea%b3%bc%ec%82%ac%eb%ac%b4%ec%8b%a4%ec%95%8c%eb%a6%bc/%ea%b3%b5%ec%a7%80%ec%82%ac%ed%95%ad/?term_id&slug=2222,"2022학년도 2학기 학·석사연계과정 지원 및 선발 안내
지원기간 : 2022.06.07(화)~06.24(금)
모집학과 : 학사과정과 석사과정에 동일(또는 유사)학과가 있는 학과(계약학과 제외)
지원자격 :
다음 각호 모두 해당되는 자
가. 지원일 당시 학사과정 4학기 이상 6학기 이내 재학 중(건축학부 건축학전공은 6학기 이상 8학기 이내 재학 중)인 자(학·석사연계과정 신청자는 조기졸업 신청을 할 수 없음)
나. 재수강 이전 과목, 학점포기한 과목, F학점 과목 등을 포함한 전체 과목의총평점평균이 3.0 / 4.5 이상인 자
다.7학기 또는 8학기(건축학부 건축학 전공은 9학기 또는 10학기)에 학사과정의 졸업요건을 충족할 수 있는 자
라. 지원하고자 하는 일반대학원 학과 주임교수와 지도교수의 추천을 받은 자
마. 지원하고자 하는 일반대학원의 동일(또는 유사)학과를 주전공 또는 복수전공으로 하는자(부전공, 연계전공은 해당 없음)
제출서류 및 지원방법
가. 학·석사연계과정 신청서 1부.
나. 대학원 교학팀으로 방문 접수 (웨스트민스터홀 658호)
선발인원 : 석사과정 입학정원의 20%
발표일 : 2022.07.28(목) 예정 – 학과 및 개별통지
관련안내
가. 대상 : 지원가능 대상자 및 학과
나. 방법 : 안내문 배포 및 관련 동영상 링크(
https://url.kr/xt2f5i
)
문의처 : 대학원 교학팀(02-820.0258~9 , grad@ssu.ac.kr)
붙임 : 1. 2022-2학·석사연계과정 안내문 1부.
2.학·석사연계과정 신청서 1부. 끝."
christian_studies,[홍보] 신내노인종합복지관 대학생봉사자 모집,N/A,2022-05-12,https://docs.ssu.ac.kr/%ed%95%99%ea%b3%bc%ec%82%ac%eb%ac%b4%ec%8b%a4%ec%95%8c%eb%a6%bc/%ea%b3%b5%ec%a7%80%ec%82%ac%ed%95%ad/?term_id&slug=2217,"가. 활동내용 : 바자회 먹거리/물품판매/부대행사 진행 보조
나. 활동기간 : 2022년 5월 26일(목)~5월 27일(금)
오전 9시~13시 / 오후 13시~17시
다. 모집기간 : 4월 25일(월)~ 5월 24일(화)
라. 모집인원 : 60명
마. 신청방법 : VMS 신청 또는 복지관 유선연락 접수
바. 활동혜택 : 봉사활동시간 인증, 중식 또는 다과 제공
사. 담 당 자 : 황규연 사회복지사(02-3421-4800 / 02-3421-4802)"
christian_studies,[학술정보] 중앙도서관 미소장 자료 제공 및 비용지원 서비스,N/A,2022-04-22,https://docs.ssu.ac.kr/%ed%95%99%ea%b3%bc%ec%82%ac%eb%ac%b4%ec%8b%a4%ec%95%8c%eb%a6%bc/%ea%b3%b5%ec%a7%80%ec%82%ac%ed%95%ad/?term_id&slug=2210,"중앙도서관은 연구와 강의에 필요한 자료구입시 발생하는 학교와 소속이용자들의 부담을 줄이기 위해  교내 미소장자료에 대해 원문복사와 상호대출 및 비용지원서비스를 제공하고 있습니다.
1. 내용
가. 명칭 : 교내 미소장 자료 제공 및 비용지원서비스
나. 대상 및 지원범위
1) 교수 : 예산범위내에서 전액 지원
2) 학생 : 건당 5,000원 이상 비용발생시 반액 지원( *국내기관 문헌복사 평균 비용 약 2,000원)
3) 기간 : 당해 예산 소진시까지 상시 지원
2. 문의 :
중앙도서관 참고실 (☎820-0745~6,
dds@ssu.ac.kr
)
붙임 : 미소장자료제공 서비스 홍보포스터 1부."
christian_studies,[장학] 2022학년도 1학기 교내장학금 추가 신청 시행 안내,N/A,2022-03-29,https://docs.ssu.ac.kr/%ed%95%99%ea%b3%bc%ec%82%ac%eb%ac%b4%ec%8b%a4%ec%95%8c%eb%a6%bc/%ea%b3%b5%ec%a7%80%ec%82%ac%ed%95%ad/?term_id&slug=2196,"2022학년도 1학기 교내장학금 추가 신청 시행을 다음과 같이 안내합니다.
1. 교내장학금 자격요건
가. 2022학년도 1학기 국가장학금 신청 및 서류제출을 완료하고 소득분위가 조회된 자(국가장학금 지급 대상 분위의 경우 심사가 완료된 자)
나. 2022학년도 1학기 재학생으로 등록금 납부 예정인 자
1) 2022학년도 1학기 前 등록휴학 후 복학시 장학생 선발대상에서 제외
2) 미등록, 입학취소, 복학취소, 휴학 등 학적변동 시 모든 장학금 취소
다. 직전학기 15학점 이상 이수한 자(최종 직전학기는 12학점)
라. 등록학기가 8학기 이내인 자(건축학부 건축학전공은 10학기 이내)
2. 신청절차
가. 온라인 신청기간 및 서류제출기간 : 2022년 3월 25일(금) 10:00 ~ 3월 31일(목) 17:00까지
나. 학생 신청방법: u-SAINT포털 – 등록/장학 – 장학메뉴 – 장학금 신청
다. 학생 서류제출: 온라인 신청기간 내 방문 및 등기우편제출 가능(세부내용 붙임 파일 참조)
※ 단, 고시장학금의 경우 등기우편 불가
붙임  1. 2022학년도 1학기 교내장학금 추가 신청공고 1부
2. 장학금 선발자격 및 제출서류 안내 1부
3. 장학금 신청매뉴얼(교내장학금 신청) 1부. 끝."
christian_studies,2022학년도 우수장학 국가장학사업(인문100년 · 예술체육비전) 신규장학생 사전신청 안내,N/A,2022-03-28,https://docs.ssu.ac.kr/%ed%95%99%ea%b3%bc%ec%82%ac%eb%ac%b4%ec%8b%a4%ec%95%8c%eb%a6%bc/%ea%b3%b5%ec%a7%80%ec%82%ac%ed%95%ad/?term_id&slug=2191,"2022학년도 우수장학 국가장학사업(인문100년 · 예술체육비전) 신규장학생 사전신청을 다음과 같이 안내합니다.
가. 장학금명 및 지원대상
장학금명
유형
지원기간
지원대상
인문
100년
전공탐색
정규학기 내
최대 8학기
인문사회계열 학과(부) 2022학년도 신입생
전공확립
정규학기 내
최대 4학기
인문사회계열 학과(부) 3학년 1학기 재학생
예술체육
비전
전공탐색
정규학기 내
최대 8학기
예술 및 체육계열 학과(부) 2022학년도 신입생
전공확립
정규학기 내
최대 4학기
예술 및 체육계열 학과(부) 3학년 1학기 재학생
나. 지원내용
1) Ⅰ유형: 등록금 전액, 생활비 학기당 250만원
2) Ⅱ유형: 등록금 전액
※ 기초생활수급자의 경우 유형에 상관없이 학기당 생활비 250만원 추가 지원
다. 온라인 사전신청기간: 2022.3.16.(수)~4.12(화) 18:00까지
※ 온라인 사전신청을 우선적으로 진행하며, 한국장학재단에서 배정인원 확정(5월중)
후 추가 서류제출 및 심사 관련 사항 별도 안내 예정
라. 신청방법: 붙임 매뉴얼 참고"
christian_studies,각 군 현역병 모집일정(’22년 4월) 홈페이지(공지사항)게시 안내,N/A,2022-03-23,https://docs.ssu.ac.kr/%ed%95%99%ea%b3%bc%ec%82%ac%eb%ac%b4%ec%8b%a4%ec%95%8c%eb%a6%bc/%ea%b3%b5%ec%a7%80%ec%82%ac%ed%95%ad/?term_id&slug=2185,"병무청에서는 병역의무자의 전공, 자격·면허, 경력 등과 관련 있는 군사특기에 지원하여 해당분야에서 복무할 수 있도록 하는 현역병 모집제도를 운영하고 있습니다. ’22년 4월에 지원하여 ’22년 7월 입영예정인 각 군 현역병 모집일정을 붙임과 같이 보내드리오니 학생들의 병역의무 이행에  참고하여 주시기 바랍니다.
붙임. 모집계획일정 1부."
christian_studies,[학사] 2022-1학기 논문계획서 및 졸업논문(영어성적) 제출 안내,N/A,2022-03-21,https://docs.ssu.ac.kr/%ed%95%99%ea%b3%bc%ec%82%ac%eb%ac%b4%ec%8b%a4%ec%95%8c%eb%a6%bc/%ea%b3%b5%ec%a7%80%ec%82%ac%ed%95%ad/?term_id&slug=2177,"2022-1
학기 논문계획서 및 졸업논문
(
영어성적
)
제출 안내
졸업논문 및 논문대체 영어성적표 제출 안내 드립니다. 아래의 공지 참고하여 기한 내에 제출해주시기 바랍니다.
1 논문계획서
(
논문대체계획서
)
제출
가
.
대상자
: 7
학기 이상 재학생 및 기제출자 중 주제 변경 희망자
나. 제출일 및 방법
–
4
월
6
일
(
수
) 17
시까지
첨부된 양식 작성하여 출력 후 학과사무실로 제출.
– 오프라인 방문이 어려운 경우, 서명 후 스캔하여 학과 메일(
enchristo@ssu.ac.kr
)로 제출.
– 양식: 첨부파일 참조
다. 작성 방법
– 논문대체 영어점수 제출 희망자: 논문 대체 선택 3가지 항목 중 하나에 체크하여 제출.
– 논문 제출 희망자: 논문제목 및 분야와 간단한 논문 개요를 작성하여 제출. (지도교수란 공란으로 제출)
2 졸업논문
(
또는 공인 영어 성적표
)
제출
가
.
대상자
: 8
학기 이상 재학생 또는 졸업예정자
나. 제출일 및 방법:
– 논문: 스프링 제본이 완료된 논문을
6
월
14
일
(
화
) 17
시까지
학과사무실로 제출 (2권)
– 영어성적대체:
6
월
14
일
(
화
) 17
시까지
성적표 사본 1부를 학과사무실로 제출.
다. 분량: 표지와 목차를 제외한, 논문규격에 맞춘 A4용지 30장 내외
라. 양식: 첨부파일 참조
※ 논문은 졸업하는 학기에 제출합니다. 8학기 이상 이수를 해야 하는 학생은 학과사무실로 연락 바랍니다.
유의사항
가. 수료생 중 졸업예정자 신청을 한 학생도 졸업예정자와 동일하게 졸업논문 절차를 진행하면 됩니다.
나. 논문계획서 제출 완료한 학생의 경우, 논문주제와 제목은 변경이 가능하지만, 이는 지도교수 확정 후 지도교수와 논의를 통해 진행할 수 있습니다.
다. 제출기한을 반드시 지켜주시기 바랍니다. 제출기한을 지키지 못했을 경우 불이익이 생길 수 있습니다. (접수 불가, 감점 등)
라. 논문은 스프링 제본을 마친 완본을 제출하여야 합니다. (2권 제출)
마. 논문 또는 영어자격시험 성적표 제출 마감 이후의 변경은 절대 불가함을 숙지 바랍니다.
바. 논문작성 시 반드시 규격을 준수하고 모르는 부분은 학과사무실(820-0070)에 문의하시기 바랍니다.
문의: 기독교학과 사무실 02-820-0070 / enchristo@ssu.ac.kr"
christian_studies,[서울시] 2022년 서울 청년 마음건강 지원사업 1차 참여자 모집,N/A,2022-03-15,https://docs.ssu.ac.kr/%ed%95%99%ea%b3%bc%ec%82%ac%eb%ac%b4%ec%8b%a4%ec%95%8c%eb%a6%bc/%ea%b3%b5%ec%a7%80%ec%82%ac%ed%95%ad/?term_id&slug=2168,"1. 우리 시는 코로나19 장기화, 사회적 거리두기 지속 등으로 지친 청년의 마음건강을 돌보기 위해
「서울 청년 마음건강 지원사업」
추진하고 있습니다.
「서울 청년 마음건강 지원사업」은
만19세∼39세 심리상담이 필요한 서울 청년을 대상으로 상담사 직접 매칭을 통해 맞춤형 심리상담서비스를 제공하는
사업
으로, 지난 2년간 5천여 명의 심리상담을 진행하였으며 참가자 90% 이상이 추천 의사를 밝히는 등의 긍정적인 성과를 거두고 있습니다.
2.
3월 24일(목)부터 3월 30일(수)까지 참여자 1차 모집을 진행
하오니 아래 개요와 붙임문서와 참고하시어 마음건강 돌봄이 필요한 청년들은 신청기간 내 신청하여 주시기 바랍니다.
모집공고 개요
○ 공 고 명 : 2022 서울시 청년 마음건강 지원 1차 모집 공고
○ 신청기간 : 2022년 3월 24일(목) 10:00~3월 30일(수) 17:00
○ 지원대상 : 심리지원이 필요한 만19세~39세 서울 거주 청년 2,000명
○ 제출서류 : 주민등록등본 1부
※ 신청 당일 발급서류에 한정
○ 신청방법 :「서울청년포털」
(
https://youth.seoul.go.kr/)
접속
→ 로그인 → 심리상담·청년마음건강 → 신청서 작성
○ 지원내용 : 온라인 자가심리검사, 일대일 맞춤형 심층상담지원(최대7회)
붙임 1. 2022년 청년 마음건강 심층상담 지원 1차 모집공고문 1부.
2. 서울청년마음건강사업 홍보물 각 1부.  끝"
christian_studies,[서울시] 2022 서울시 시민참여 대학생 서포터즈(가칭) 모집,N/A,2022-03-10,https://docs.ssu.ac.kr/%ed%95%99%ea%b3%bc%ec%82%ac%eb%ac%b4%ec%8b%a4%ec%95%8c%eb%a6%bc/%ea%b3%b5%ec%a7%80%ec%82%ac%ed%95%ad/?term_id&slug=2159,"시민과 함께 일상의 변화를 만드는 서울시 시민참여플랫폼 ‘민주주의 서울’에서 공론장 홍보 및 활성화를 위하여 ‘서울시 시민참여 대학생 서포터즈(가칭)’ 3기를 모집하고자 하오니, 많은 학생들이 참여할 수 있도록 적극 협조해 주시기 바랍니다.
가. 건    명 : 2022년 서울시 시민참여 대학생 서포터즈(가칭) 3기 모집 공고
나. 모집기간 : 2022. 3. 7.(월) ~ 3. 25.(금)
다. 모집대상 : 전국 대학교 재(휴)학생
① SNS 계정(인스타그램 등)을 보유하고, 콘텐츠 기획·제작·확산이 가능한 자
② 총 활동기간 동안 원활하게 활동이 가능한 자
라. 모집인원 : 10팀 (1팀당 4명 이하)
마. 활동기간 : 2022. 5월 ~ 2022. 11월(7개월)
바. 주요내용 : 모집 공고(붙임1) 참조"
christian_studies,2022년 디지털 튜터 채용 모집 홍보 요청,N/A,2022-03-04,https://docs.ssu.ac.kr/%ed%95%99%ea%b3%bc%ec%82%ac%eb%ac%b4%ec%8b%a4%ec%95%8c%eb%a6%bc/%ea%b3%b5%ec%a7%80%ec%82%ac%ed%95%ad/?term_id&slug=2153,"□ 채용인원 : 18명 (만18세 이상 39세 이하 청년)
□ 신청기간 : 2022년 3월 2일(수) ~ 3월 13일(일) (12일간)
□ 근무기간 : 2022년 4월 ~ 11월
– 1학기 4~6월 / 2학기 9~11월(방학제외, 6개월 근무)
□ 근무조건 : 주15시간 근무 (근무날짜와 시간은 학교와 상호협의)
□ 급    여 : 1시간 11,240원 (서울시 교육청 생활임금)
□ 근무장소 : 관내 중학교 18개교(학교별 1명 파견)
□ 근무내용 : 스마트 기기 및 교육용 앱 관리, 스마트 기기 활용 수업 준비,
기타「디벗」운영과 관련된 업무
□ 신청방법 : 이메일 접수 (roektha@yangcheon.go.kr)
□ 기타사항 : 양천구청 홈페이지 및 교육지원과 김다솜(☎02-2620-3108)
붙임  1. 공고문 1부.
2. 신청서류 각 1부.  끝"
christian_studies,[장학] 2022학년도 1학기 교내장학금 신청 시행 안내,N/A,2022-02-25,https://docs.ssu.ac.kr/%ed%95%99%ea%b3%bc%ec%82%ac%eb%ac%b4%ec%8b%a4%ec%95%8c%eb%a6%bc/%ea%b3%b5%ec%a7%80%ec%82%ac%ed%95%ad/?term_id&slug=2137,"2022
학년도
1
학기 교내장학금 신청공고
(신입생, 재학생, 편입생, 복학생, 재입학생 대상)
※
본교에서 지급되는 모든 교내장학금은 아래 국가장학금 신청기간 내 국가장학금을 신청하고 서류제출을 완료하여 소득분위가 조회 및 국가장학금 심사가 완료된 학생을 대상으로만 수혜자를 선정합니다
.
따라서
,
교내장학금을 수혜하려는 모든 학생은 반드시 교내장학금과 국가장학금을 모두 신청하시기 바랍니다
.
–
국가장학금 신청결과 제공되는 학생의 소득분위정보를 장학생선발에 활용
–
국가장학금은 반드시 매학기 신청
(
서류제출 및 가구원동의 포함
)
하여야 함
.
1. 국가장학금
2
차 신청기간
:
2022
년
2
월
3
일
(
목
)
∼
3
월
16
일
(
수
)
까지
※ 한국장학재단 홈페이지(www.kosaf.go.kr) 공인인증 로그인 후 신청
※ 재학생의 경우 2차 기간에 신청한 학생의 경우 구제신청 사용횟수 차감 유의
2. 교내장학금 온라인신청기간
가. 온라인신청 및 서류제출기간
:
2022
년
3
월
2
일
(
수
) 10:00 ~ 18
일
(
금
) 17:00 (2
주간
)
※ 온라인 신청 : 주말(공휴일 포함) 24시간 신청 가능 (단, 마감일 제외)
※ u-SAINT 입력 후 장학금 신청내역을 조회하여 장학금 신청이 정상적으로 완료되었는지 꼭 확인
나. 서류제출이 필요한 장학금의 경우, 교내장학금 온라인신청기간 내 반드시 제출
※ 방문 및 등기우편제출 가능 (FAX 불가),
단
,
고시장학금은 제외
※ 등기우편제출 시 교내장학금 온라인 신청기간 내 장학팀 도착분만 인정
※
서류는 제출일 기준
1
개월 이내에 발급된 것만 인정됨
3. 신청대상
: 2022
학년도
1
학기 신입생
,
재학생
,
편입생
,
복학생
,
재입학생
4. 교내장학생 자격요건
가. 2022학년도 1학기 국가장학금을 신청하고 서류제출(가구원동의 포함)을 완료한 자
나. 2022학년도 1학기 재학생, 편입생, 복학생, 재입학생으로 등록금 납부 예정인 자
1) 2022학년도 1학기 전 등록휴학 후 복학생은 모든 장학금 선발에서 제외(등록대체)
2) 미등록, 입학취소, 복학취소 등으로 인한 학적변동 시 모든 장학금 취소
다. 직전학기 15학점 이상 이수한 자
※ 2022년 1학기가 4학년 8학기인 자는 직전학기 12학점 이상
※ 건축학부 건축학전공 : 10학기인 자는 직전학기 12학점 이상 이수(1∼9학기는 15학점 이상)
라. 등록 8학기 이내인 자(건축학과 건축학전공 : 등록 10학기 이내인 자)
예1) 학기취소 1회 후 8학기 진학예정인 경우 : 9회 등록금 납부이므로 선발 불가
예2) 학점 미 이수로 9학기 진학예정인 경우 : 9회 등록금 납부이므로 선발 불가
5. 교내장학생 공통사항
가.
☆
중요
☆
모든 장학금은 등록금 내에서 다음 순서에 따라 우선 지급합니다
.
① 교외(외부)장학금 ② 국가장학금 ③ 교내장학금
나. 성적 및 취득학점 산정방법
1) 평점평균(GPA) / 산술평균(100점만점) : F학점이 포함된 학적부성적 기준 산정
2) 취득학점 산정시 F학점은 0학점 취득으로 인정되어 취득학점 산정에서 제외
다. 온라인으로 반드시 신청해야 하며, 제출서류가 있는 장학금에 한하여 서류제출
※ 제출기간 내 미제출시 장학생 선발대상에서 제외
라. 모든 교내장학금은 중복수혜 불가
1) 장학금간 중복신청은 가능하나, 신청 장학금 중 수혜금액이 큰 장학금으로 자동선발
2) 중복수혜 가능 장학금 : 국가장학금, 교외(외부)장학금, 근로장학금(교내/학과근로), 봉사장학금
– 수업료 범위 내 중복수혜 가능 (근로장학금, 봉사장학금은 수업료 초과하여 수혜 가능, 단 해당 장학금 간 중복수혜 불가)
마. 한국장학재단 중복지원(이중지원)방지사업 안내
1) 한국장학재단 학자금대출금액과 교내ㆍ외 장학금을 모두 합하여 수업료를 초과할 경우, 중복지원학생에 해당
2) 한국장학재단 콜센터와 통화하여, 중복지원여부를 해소해야 함. (다음 학기 국가장학금 및 학자금대출여부에 영향)
6. 교내장학금별 선발자격 및 제출서류
:
교내장학금 선발자격 및 제출서류 안내
(
첨부문서 참조
)
7. 장학생 선정결과 발표 및 지급방식
가. 2022년 5월 초 발표 예정(u-Saint 등록/장학 및 등록금고지서 감면여부 확인 가능)
※ 지급예정일: 2022년 5월 말 개인계좌 지급, 5월 중 선발 공지 예정
(단, 소득 및 국가장학금 심사 지연 시 지급이 함께 지연될 수 있음)
※ 학자금대출자(한국장학재단 및 공무원연금공단)의 경우, 학자금대출계좌로 대학에서 직접 상환
나. 장학금신청시 계좌입력 : 우리은행 본인명의 개인계좌 입력 필수
다. 등록금 분할납부를 신청한 학생의 경우. 선발된 장학금 중 사전감면을 제외한 계좌지급장학금은 분할납부 기한 종료 후 최종 등록 확인 후 지급
라. 비전장학금 지급범위 및 장학금액은 한국장학재단 국가장학금 정책 및 본교 사정에 따라 매 학기 변경될 수 있음."
christian_studies,[교육부] 2022년 상반기 한·미 대학생 연수(WEST) 참가자 모집 안내,N/A,2022-02-24,https://docs.ssu.ac.kr/%ed%95%99%ea%b3%bc%ec%82%ac%eb%ac%b4%ec%8b%a4%ec%95%8c%eb%a6%bc/%ea%b3%b5%ec%a7%80%ec%82%ac%ed%95%ad/?term_id&slug=2128,"교육부 국립국제교육원에서 진행하는 2022년 상반기 한·미 대학생 연수(WEST) 참가자 모집에 대하여 안내합니다.
자세한 내용은 첨부 파일을 확인해주시기 바랍니다.
2022년 상반기 한 ․ 미 대학생 연수(WEST) 참가자 모집 공고
– 단기 (6개월) 제9기 / 중기 (12개월) 제7기 –
국립국제교육원은 글로벌 감각을 갖춘 핵심인재를 양성하고자 어학연수와 다양한 미국 인턴십 기회를 제공하는『한 ‧ 미 대학생 연수(WEST)』에 참가할 지원자를 모집합니다.
2022년 2월 23일
국립국제교육원장"
christian_studies,[서울시] 2022년 서울청년정책네트워크 모집 홍보,N/A,2022-02-24,https://docs.ssu.ac.kr/%ed%95%99%ea%b3%bc%ec%82%ac%eb%ac%b4%ec%8b%a4%ec%95%8c%eb%a6%bc/%ea%b3%b5%ec%a7%80%ec%82%ac%ed%95%ad/?term_id&slug=2119,"우리 시에서는 청년의 능동적인 사회참여 기회를 보장하고 청년활동을 촉진하기 위해 2022년 서울청년정책네트워크 멤버를 다음과 같이 모집합니다.
가. 모집개요
○ 모집기간:
2022. 2. 21.(월) ~ 3. 20.(일)
○ 모집대상: 서울시 거주 및 활동하는
만 19~39세 청년
누구나
○ 주요활동: 정책 제안, 예산편성 및 프로젝트 기획 등
○ 분    과: 기후환경, 일자리·창업, 문화예술, 사회안전망, 주거, 평등인권
○ 활동혜택:
위촉장 및 봉사실적 발급(기준 충족 시)
○ 신청방법: 온라인 신청(https://youth.seoul.go.kr/youthnet/)
○ 문 의 처: 서울특별시 미래청년기획단(02-2133-4324, leejs22@seoul.go.kr)"
christian_studies,[아동권리보장원]아동위원회 대학생 조력자 모집,N/A,2022-02-23,https://docs.ssu.ac.kr/%ed%95%99%ea%b3%bc%ec%82%ac%eb%ac%b4%ec%8b%a4%ec%95%8c%eb%a6%bc/%ea%b3%b5%ec%a7%80%ec%82%ac%ed%95%ad/?term_id&slug=2113,"아동위원회 대학생 조력자 모집 안내
아동권리보장원에서 ‘2022년 제2기 아동위원회’ 조력자(대학생)를 모집하오니, 관심있는 학생들이 지원할 수 있기 바랍니다.
– 모집기간: ~ 2022. 3. 4.(금)
– 모집대상: 아동권리(참여)에 관심이 있는 대학생 25명 내외
(서울에 소재하고 있는 대학의 아동․가족,사회복지 관련 학과 학생)
(1순위) 10명 ~ 20명 이상으로 구성된 동아리, 소모임 등 그룹
(2순위) 5명 이상으로 구성된 동아리, 소모임, 동일 프로젝트 경험이 있는 모임 등 그룹
(3순위) 개별 참여 의사자 * 최종 신청자 확인 후 협의를 통해 참여 가능
– 신청방법: 구글링크(
https://forms.gle/feLZsbowNgNoGtEaA
)작성 및 제출
– 활동내용: 아동위원회 정기(임시)회의, 분과별 활동, 기타 참여 활동 운영 지원
– 활동혜택: 아동권리보장원 명의 위촉장 수여, 소정의 활동비 지급, 활동확인증 발급, 참여 활동 우수한 조력자 대상 표창 수여 등
– 신청문의: 아동권리보장원 아동권리기획부(02-6454-8558, 8553)"
christian_studies,2023-2024년도 풀브라이트 미국 대학원 유학 장학 프로그램 안내,N/A,2022-02-15,https://docs.ssu.ac.kr/%ed%95%99%ea%b3%bc%ec%82%ac%eb%ac%b4%ec%8b%a4%ec%95%8c%eb%a6%bc/%ea%b3%b5%ec%a7%80%ec%82%ac%ed%95%ad/?term_id&slug=2107,"2023-2024 풀브라이트 미국 대학원 유학 장학 프로그램 안내
2023-2024 풀브라이트 미국 대학원 유학 장학 프로그램에 대해 아래와 같이 안내하오니, 관심있는 학생들이 지원할 수 있기 바랍니다.
1. 선발 대상
2023년도 가을학기 미국 석박사 과정 유학 희망자
2. 자격 요건
1) 대한민국 국민으로 미국 이중 국적자나 미국 영주권자가 아닌 지원자
2) 4년제 대학 기졸업자 또는 2023년 2월 졸업 예정자
3) 2022년 9월 합격자 오리엔테이션부터 장학금 개시 시점인 2023년 8월까지 한국에 거주할 수 있는 지원자
3. 원서제출: 2022년 4월 5일(화) ~ 5월 31일(화), 온라인 및 우편 접수
1) 온라인: www.fulbright.or.kr/grant/graduate, 2022년 5월 31일(화) 마감일 17:00 제출분까지 유효
2) 우 편: 2022년 5월 31일(화) 마감일 17:00 도착분까지 유효
4. 유의사항
자세한 요건은 반드시 웹사이트(www.fulbright.or.kr/grant/graduate)를 참고하시기 바랍니다.
5. 문 의: 한미교육위원단 장학팀, application@fulbright.or.kr 02-3275-4023"
christian_studies,[장학] 2022-1학기 학과근로장학생 선발 안내,N/A,2022-02-14,https://docs.ssu.ac.kr/%ed%95%99%ea%b3%bc%ec%82%ac%eb%ac%b4%ec%8b%a4%ec%95%8c%eb%a6%bc/%ea%b3%b5%ec%a7%80%ec%82%ac%ed%95%ad/?term_id&slug=2100,"2022-1학기 학과근로장학생 선발 안내
기독교학과에서는 2022-1학기 학과사무실의 전반적인 운영을 도울 책임감 있고 성실한 근로장학생을 기다립니다. 2022-1학기 기독교학과 사무실 학과근로장학생 선발에 학생 여러분의 많은 지원 바랍니다. 자세한 사항은 아래 공고문을 확인하여 주시기 바랍니다.
1. 모집인원 및 구분
장학금명
시간당 장학금액
총 근로시간(학기)
1인당 장학금액(원)
선발인원
학과근로A
9,160
10시간*20주=200시간
1,832,000
0명
학과근로B
9,160
5시간*20주=100시간
916,000
0명
※ 학과근로A/B 유형으로 최소 3~6명까지 선발 가능(지원 인원 및 지원유형에 따라 유동적으로 적용 예정).
2. 지원방법 및 일정
가. 신청기간: 2022년 2월 14(월) 10:00 ~ 2월 18일(금) 17:00
나. 학과근로장학생 최종선발 및 발표: 2022년 2월 25일(금) 18:00 이후 예정
※ 최종선발 후, 2월 말 근무시간표 편성 및 오리엔테이션 진행 예정(추후 공지).
다. 학생신청방법: u-SAINT포털→등록/장학→근로장학금 신청→지원서 출력/제출
(1) 제출서류
– 지원서 (u-SAINT 출력본,
본인서명 필수
)
– 자기소개서 (첨부파일 참조, 워드로 작성)
(2) 제출방법(모든 서류에 본인 서명 필수)
– 직접 방문: 기독교학과 사무실(조만식기념관 12640호)
– 이메일 접수: enchristo@ssu.ac.kr로 스캔하여 파일 전송(
본인서명 필수
).
※ 서명이 없는 경우, 서류 미비로 탈락될 수 있음.
3. 지원자격 및 선발기준
가. 2022학년도 1학기 국가장학금을
1차 신청
하고
소득분위가 8분위 이내
인 자
※ 국가장학금을 신청할 수 없는 대한민국 국적 미소지자도 선발 가능
(단, 순수외국인전형으로 입학한 외국인 유학생은 선발 불가)
나. 2022학년도 1학기 재학 및 복학예정자로 해당학기 등록금 납부 예정인 자
1) 2022학년도 1학기 전 등록휴학 후 복학시 선발 불가(등록대체자)
2) 학기 중 미등록, 입학취소, 복학취소 등으로 인한 학적변동시 모든 장학금 취소
3) 2022학년도 1학기 기준 이수학기가
2~7학기만 가능
(1학기 및 8학기 신청 불가)
다. 직전학기 취득학점 및 학업성적 제한 없음
라. 타 장학금과
중복수혜 가능
(근로장학금 간 중복 불가)
※ 본 장학금은 학업장려비 지원 목적으로 등록금(입학금 및 수업료)를 초과하여 지급
마. 학과별 배정인원 내에서 학과근로A 또는 B 타입 학과 자율선발 가능
(예: 학과근로B 2명 = 학과근로A 1명)
바. 국가근로장학생 및 교내근로장학생에 선발되지 않은 자
4. 기타 안내사항
가. 선발 기준은 성적, 생활태도 및 학과 참여도, 지도교수 상담 내용 등(우선순위 없음)을 기초하여 학과장이 결정
(타 학과 복수전공자는 주전공과목 수강 현황 반영)
나. 국가근로나 교내근로에 중복 지원한 경우, 선발 결과를 알게 된 즉시 연락 바랍니다.
다. 자세한 내용은 기독교학과 사무실로 문의 바랍니다. (02-820-0070)
첨부파일: 붙임1. 기독교학과_학과근로장학생_지원_자기소개서(양식)"
christian_studies,[학생] 2022학년도 1학기 신입생 스마트카드(학생증) 신청 및 발급 안내,N/A,2022-02-09,https://docs.ssu.ac.kr/%ed%95%99%ea%b3%bc%ec%82%ac%eb%ac%b4%ec%8b%a4%ec%95%8c%eb%a6%bc/%ea%b3%b5%ec%a7%80%ec%82%ac%ed%95%ad/?term_id&slug=2094,"2022학년도 1학기 신입생 스마트카드(학생증) 신청 및 발급 안내
2022학년도 1학기 학사과정 및 석사/박사과정 신입생 학생증(스마트카드) 발급 일정을 안내드리오니 관련 학생은 확인하여 주시기 바랍니다.
1. 발급 일정
구분
내국인
외국인
신청기간
02.25(금)~03.06(일)
02.25(금) 이후
신청방법
우리은행 모바일앱 ‘우리WON뱅킹’
* 학생증 전사용 사진파일 필요
*  학생서비스팀(학생회관 504호) 방문 신청 및 수령
* 신분증 필참, 사진파일
교부기간
03.14(월)~19(금)
* 모바일 앱 신청 시 수령처 선택 가능(우리은행 숭실대지점 또는 자택)
2. 관련 문의처 안내
가. 학생증 발급 관련 문의
* 앱 신청 시 오류 문의 : 우리WON뱅킹 고객상담센터 1588-5000, 1599-5000
* 학생서비스팀 : 02)820-0065,0067
* 우리은행 숭실대지점 : 02)826-4522
나. 본 안내는 2022학년도 신입생을 대상으로 하는 것으로 재학생의 경우 학생서비스팀(학생회관 504호)에서 직접 신청바랍니다."
christian_studies,[장학] 2022학년도 1학기 국가장학금 2차 신청 안내,N/A,2022-01-24,https://docs.ssu.ac.kr/%ed%95%99%ea%b3%bc%ec%82%ac%eb%ac%b4%ec%8b%a4%ec%95%8c%eb%a6%bc/%ea%b3%b5%ec%a7%80%ec%82%ac%ed%95%ad/?term_id&slug=2087,"2022학년도 1학기 국가장학금 2차 신청 안내
2022학년도 1학기 국가장학금 2차 신청일정을 다음과 같이 안내해드리니, 관련이 있는 학생들께서는 꼭 장학금 신청할 수 있기를 바랍니다.
□ 2022년 1학기 국가장학금 2차 신청 안내
ㅇ
(신청기간) 2022.2.3.(목) 9시 ~ 3.16.(수) 18시
(총 42일간)
ㅇ
(서류 제출 및 가구원 동의)
2022.2.3.(목) ~ 3.18.(금)18시
ㅇ
(신청대상)
신입생(고3,재수생 등 입학예정자),편입생,재입학생,복학생 및 1차 신청을 놓친 재학생
※
재학생은 1차 신청이 원칙
이며, 재학 중 2회에 한하여 구제신청 자동 적용 및 심사 후 지원 가능
ㅇ
(신청방법)
한국장학재단 홈페이지
1」
및 모바일 앱
2」
을 통해 신청
1」홈페이지 주소: www.kosaf.go.kr
2」모바일 앱 주소: mo.kosaf.go.kr/apps
ㅇ
(신청문의)
한국장학재단 고객센터 1599-2000"
christian_studies,[장학] 2022-1학기 백마성적우수장학금 선발 기준 안내,N/A,2022-01-13,https://docs.ssu.ac.kr/%ed%95%99%ea%b3%bc%ec%82%ac%eb%ac%b4%ec%8b%a4%ec%95%8c%eb%a6%bc/%ea%b3%b5%ec%a7%80%ec%82%ac%ed%95%ad/?term_id&slug=2074,"2022-1
학기 백마성적우수장학금 선발 기준 안내
안녕하세요, 기독교학과 사무실입니다. 2022-1학기 백마성적우수장학금 선발 기준에 대한 안내입니다. 문의사항이 있는 경우, 학과사무실로 연락을 바랍니다. (☎02-820-0070)
1. 본교 자격요건
가
가. 2022학년도 1학기 국가장학금을 신청하여 소득분위 조회가 가능한 자
가
가
1) 1차 신청자에 한하여 등록금고지서 사전감면
가
가
2) 1차 미신청자 : 2차 신청/서류제출/구제신청 확인 후 사후지급
가
가
(2차 신청자 중 한국장학재단 구제신청기간에 구제신청 시 사후지급)
가
가
3) 국가장학금을 신청할 수 없는 대한민국 국적 미소지자도 선발 가능
가
가
(단, 순수외국인전형으로 입학한 외국인유학생은 선발 불가)
가
나. 2022학년도 1학기 재학 및 복학예정자로 해당학기 등록금 납부 예정인 자
가
가
1) 2022학년도 1학기 前등록휴학 후 복학시 선발대상에서 제외 (등록대체자)
가
가
2) 학기 중 미등록, 입학취소, 복학취소 등으로 인한 학적변동시 모든 장학금 취소
가
가
3) 선발 후, 학기 중 휴학 시 백마성적우수장학금은 복학학기로 이월
가
가
※ 추가 또는 교체선발 시 재학 중인 학생만 선발 (휴학생에 대한 추가/교체 불가)
가
다. 직전학기 15학점 이상 이수한 자 (졸업 직전학기는 직전학기 12학점 이상)
가
라. 등록학기가 8학기 이내인 자 (건축학전공: 등록 10학기 이내인 자)
가
마. F학점 포함 학적부성적 기준 직전학기 3.5 이상인 자
가
바. 모든 교내장학금간 중복수혜 불가
가
가
1) 신청장학금 중 수혜금액이 큰 장학금 자동선발
가
가
2) 중복수혜 가능 장학금: 국가장학금, 교외장학금, 학업장려비 지원 목적 장학금 등
2. 2022-1
학기 선발 예정 인원
① 수업료 100% 4인
② 수업료 50% 2인
③ 수업료 25% 2인 (총 8명)
3. 2022-1
학기 백마성적우수장학금 선발 기준
① 직전 학기 평점평균 기준 각 학년 석차 1위
가
①-1. 학년 석차 1위이나, 기 선발 장학금, 등록학기 등의 이유로 선발 불가할 수 있음.
가
①-2. 학년 석차 1위가 선발되지 않는 경우, 학년 차점자 선발하지 않을 수 있음.
② 전체 석차 중, (각 학년 석차 1위 제외) 본교 장학팀 배정 인원까지 상위부터 선발.
③ 단, 동점자가 있을 경우 취득학점이 높은 학생을 상위 장학금에 배정.
④ 취득학점까지 동일할 경우, 다음 기준을 선발에 참고함.
가
④-1. 가정형편 (소득분위 및 진로상담 내용)
가
④-2. 학과 활동 참여도 (개·종강 총회, Workshop, 학생임원회, 운영위원회 등)
⑤ 각 호의 기준으로 우열이 나누어지지 않는 경우, 교수 회의를 통해 선발함."
christian_studies,[국립국제교육원] 2022-2023 이스라엘 정부초청 장학생 선발 안내,N/A,2021-12-29,https://docs.ssu.ac.kr/%ed%95%99%ea%b3%bc%ec%82%ac%eb%ac%b4%ec%8b%a4%ec%95%8c%eb%a6%bc/%ea%b3%b5%ec%a7%80%ec%82%ac%ed%95%ad/?term_id&slug=2036,"2022-2023 이스라엘 정부초청 장학생 선발 안내
2022-2023 이스라엘 정부초청 장학생 선발에 대해 아래와 같이 안내하오니, 관심있는 학생들이 지원할 수 있기 바랍니다.
가. 선발인원 : 약간명
나. 선발과정 : 석⋅박사 학위과정, 박사 후 과정(Post-Doc), 연구과정(치⋅의학, 수의학 분야 제외), 하계어학과정(Summer Ulpan)
다. 자격요건 등 세부사항 :
[붙임 1] 참조
라. 지원마감 :
2022.1.20.(목) [20일 도착분까지 접수, 방문접수 불가]
마. 제 출 처 : 서울시 종로구 청계천로 11 청계한국빌딩 18층 주한이스라엘대사관 학술과(우:03187)
※ 우편물 앞면에 “정부장학금 지원서” 명시할 것
바. 문의처: 주한이스라엘대사관 학술과
1) 전화 : 02-3210-8510
2) 이메일 : academy@seoul.mfa.gov.il
붙임1. 2022-2023 이스라엘 정부초청 장학생 선발 안내 1부.
붙임2. 영문 지원서 양식 1부."
christian_studies,[장학] 2022학년도 1학기 교내장학금 신청 시행 안내,N/A,2021-12-10,https://docs.ssu.ac.kr/%ed%95%99%ea%b3%bc%ec%82%ac%eb%ac%b4%ec%8b%a4%ec%95%8c%eb%a6%bc/%ea%b3%b5%ec%a7%80%ec%82%ac%ed%95%ad/?term_id&slug=2016,"2022학년도 1학기 교내장학금 신청 시행 안내
※ 본교에서 지급되는 모든 교내장학금은 아래 국가장학금 신청기간 내 국가장학금을 신청하고 서류제출을 완료하여 소득분위가 조회된 학생을 대상으로만 수혜자를 선정합니다. 따라서, 교내장학금을 수혜하려는 모든 학생은 반드시 교내장학금과 국가장학금을 모두 신청하시기 바랍니다.
–
국가장학금 신청결과 제공되는 학생의 소득분위정보를 장학생선발에 활용
–
국가장학금은 반드시 매학기 신청
(
서류제출 및 가구원동의 포함
)
하여야 함
.
1. 국가장학금 신청기간 : 2021년 11월 24일(수)∼ 12월 30일(목)까지
※ 한국장학재단 홈페이지(www.kosaf.go.kr) 공인인증 로그인 후 신청
※
재학생은 국가장학금
1
차 신청이 원칙
(
단
,
재학 중
1
회에 한하여
2
차 신청이 가능
)
▶
재학생이
2
차 신청하는 경우 구제신청은 재학 중
2
회에 한하여 자동 신청됨
2. 교내장학금 온라인신청기간
가. 온라인신청 및 서류제출기간:
2021
년
12
월
7
일
(
화
) 10:00 ~ 2022
년
1
월
14
일
(
금
) 17:00 (6
주간
)
※ 주말(공휴일 포함) 24시간 신청 가능 (단, 마감일 제외)
※ u-SAINT 입력 후 장학금 신청내역을 조회하여 장학금 신청이 정상적으로 완료되었는
지 꼭 확인
나. 서류제출이 필요한 장학금의 경우, 교내장학금 온라인 신청기간 내 반드시 제출
※ 방문 및 등기우편제출 가능 (FAX 불가)
※ 등기우편제출 시 교내장학금 온라인 신청기간 내 장학팀 도착분만 인정
※ 서류는 제출일 기준 1개월 이내에 발급된 것만 인정됨
3. 신청대상 : 2022학년도 1학기 재학생 및 복학예정자
4. 교내장학생 자격요건
가. 2022학년도 1학기 국가장학금을 신청하고 서류제출(가구원동의 포함)을 완료한 자
나. 2022학년도 1학기 재학생 및 복학(예정)자로 등록금 납부 예정인 자
1) 2022학년도 1학기 전 등록휴학 후 복학생은 모든 장학금 선발에서 제외(등록대체)
2) 미등록, 입학취소, 복학취소 등으로 인한 학적변동 시 모든 장학금 취소
다. 직전학기 15학점 이상 이수한 자
※ 2022년 1학기가 4학년 8학기인 자는 직전학기 12학점 이상
※ 건축학부 건축학전공 : 10학기인 자는 직전학기 12학점 이상 이수(1∼9학기는 15학점 이상)
라. 등록 8학기 이내인 자(건축학과 건축학전공 : 등록 10학기 이내인 자)
예1) 학기취소 1회 후 8학기 진학예정인 경우 : 9회 등록금 납부이므로 선발 불가
예2) 학점 미 이수로 9학기 진학예정인 경우 : 9회 등록금 납부이므로 선발 불가
5. 교내장학생 공통사항
가. ☆중요☆ 모든 장학금은 등록금 내에서 다음 순서에 따라 우선 지급합니다.
① 교외(외부)장학금 ② 국가장학금 ③ 교내장학금
나. 성적 및 취득학점 산정방법
1) 평점평균(GPA) / 산술평균(100점만점) : F학점이 포함된 학적부성적 기준 산정
2) 취득학점 산정시 F학점은 0학점 취득으로 인정되어 취득학점 산정에서 제외
다. 온라인으로 반드시 신청해야 하며, 제출서류가 있는 장학금에 한하여 서류제출
※ 제출기간 내 미제출시 장학생 선발대상에서 제외
라. 모든 교내장학금은 중복수혜 불가
1) 장학금간 중복신청은 가능하나, 신청 장학금 중 수혜금액이 큰 장학금으로 자동선발
2) 중복수혜 가능 장학금 : 국가장학금, 교외(외부)장학금, 근로장학금(교내/학과근로), 봉사장학금
– 수업료 범위 내 중복수혜 가능 (근로장학금, 봉사장학금은 수업료 초과하여 수혜 가능, 단 해당 장학금 간 중복수혜 불가)
마. 한국장학재단 중복지원(이중지원)방지사업 안내
1) 한국장학재단 학자금대출금액과 교내ㆍ외 장학금을 모두 합하여 수업료를 초과할 경우, 중복지원학생에 해당
2) 한국장학재단 콜센터와 통화하여, 중복지원여부를 해소해야 함. (다음 학기 국가장학금 및 학자금대출여부에 영향)
6. 교내장학금별 선발자격 및 제출서류
:
교내장학금 선발자격 및 제출서류 안내
(
첨부문서 참조
)
7. 장학생 선정결과 발표 및 지급방식
가. 2022년 2월 중순 발표 예정(u-Saint 등록/장학 및 등록금고지서 감면여부 확인 가능)
나. 장학금신청시 계좌입력 : 본인명의 개인계좌 입력 필수
다. 등록금 분할납부를 신청한 학생의 경우. 선발된 장학금 중 사전감면을 제외한 계좌지급장학금은 분할납부 최종등록 확인 후 지급
라. 비전장학금 지급범위 및 장학금액은 한국장학재단 국가장학금 정책 및 본교 사정에 따라 매 학기 변경될 수 있음."
christian_studies,[장학] 2021학년도 동계방학 집중근로(교외 국가근로) 신청 안내,N/A,2021-11-25,https://docs.ssu.ac.kr/%ed%95%99%ea%b3%bc%ec%82%ac%eb%ac%b4%ec%8b%a4%ec%95%8c%eb%a6%bc/%ea%b3%b5%ec%a7%80%ec%82%ac%ed%95%ad/?term_id&slug=2002,"2021학년도 동계방학 집중근로(교외 국가근로) 신청 안내
2021학년도 동계방학 중 국가근로(교외근로) 신청을 다음과 같이 안내합니다.
1. 장학금명: 국가근로장학금
가
한국장학재단이 직접 교외근로 기관을 발굴하여 다양한 직업체험의 기회를 제공하는 근로장학금으로 공공기관, 지자체, 교육기관, 으뜸중소기업 등에서 근무
2. 근무기간: 2022년 1월 3일(월) ~ 2월 18일(금)
(
※ 학생의 사정에 따라 기관이 정한 근무기간 조정 불가)
3. 근무조건
가
가. 근무시간: 주당 최대 40시간 이내 (기관에 따라 상이할 수 있음)
가
나. 시급: 11,150원
가
다. 장학금 지급: 1월분-2월 셋째주 금요일, 2월분-2월 말 지급 예정
4. 신청방법
가
가
.
한국장학재단 희망 근로기관 신청
: 2021
년
11
월
22
일
(
월
) 09:00 ~ 12
월
2
일
(
목
) 18:00
가
나
.
장학팀 신청 서류 제출
: 2021
년
11
월
23
일
(
화
) 9:00 ~ 12
월
8
일
(
수
) 17:00
가
(※ 장학팀에 신청서를 제출해야 신청이 완료됩니다.)
가
가
1) 제출서류: 국가근로장학생지원서 (본교 양식) 1부
가
가
2) 제출장소: 학생처 장학팀 (학생회관 4층 406호)
가
다. 선발결과 발표: 2021년 12월 18일(토)부터 한국장학재단 홈페이지에서 확인 가능
가
가
라. 선발학생 전체 OT: 2021년 12월 21일(화)~25일(토) 온라인 OT 예정 (SMS 개별 안내)
가
가
– OT 미이수 시 자동 탈락
5. 지원자격
가
가. 한국장학재단 국가근로장학금 온라인신청을 완료한 자
가
나. 성적기준: 직전학기 12학점 이수 및 백분위 산술평균 70점 이상인 자
가
다. 2021학년도 2학기 현재 2학기~7학기 재학생(조기졸업 대상자 지원 불가)
가
라. 2021학년도 2학기 현재 국가/교내/학과근로 중인 학생 지원 불가
가
가
– 학원선교팀의 경우, 채플종료로 인해 방학 중 근무가 종료되는 학생 신청 가능
가
가
– 학기중에만 운영되는 장애학생도우미 근로장학생 신청 가능
6. 선발기준
가
가. 근로기관 자격요건 및 학생의 자격요건 충족 여부 확인
가
나. 자기소개서, 학업성적, 근무기간, 근로기관의 근무성격 등을 토대로 선발
가
가
★한국장학재단 정책에 따라, 초.중.고교 신청 및 매칭학생 우선 선발★
가
다. 동순위자 발생 시 저소득층 학생 우선 선발
가
라. 한국장학재단에 온라인 신청 및 장학팀 서류제출이 완료된 학생에 한하여 선발
붙 임: 국가근로장학생 지원서 1부"
christian_studies,[대학원] 2022학년도 1학기 학·석사연계과정 지원 및 선발 안내,N/A,2021-11-19,https://docs.ssu.ac.kr/%ed%95%99%ea%b3%bc%ec%82%ac%eb%ac%b4%ec%8b%a4%ec%95%8c%eb%a6%bc/%ea%b3%b5%ec%a7%80%ec%82%ac%ed%95%ad/?term_id&slug=1995,"2022학년도 1학기 학·석사연계과정 지원 및 선발 안내
2022학년도 1학기 학·석사연계과정 지원 및 선발을 아래와 같이 진행하고자 하니 관심있는 학사과정생들이 지원할 수 있기 바랍니다.
1. 지원기간 : 2021년 12월 6일(월)~12월 23일(목)
2. 모집학과 : 학사과정과 석사과정에 동일(또는 유사)학과가 있는 학과(계약학과 제외)
3. 지원자격 :다음 각호 모두에 해당되는 자
가. 지원일 당시 학사과정 4학기 이상 6학기 이내 재학중(건축학부 건축학전공은 6학기 이상 8학기 이내 재학중)인자 (학·석사연계과정 신청자는 조기졸업 신청을 할 수 없음)
나. 재수강 이전 과목, 학점포기한 과목, F학점 과목 등을 포함한 전체 과목의 총평점평균이 3.0 / 4.5 이상인 자
다. 7학기 또는 8학기(건축학부 건축학 전공은 9학기 또는 10학기)에 학사과정의 졸업요건을 충족할 수 있는 자
라. 지원하고자 하는 일반대학원 학과 주임교수와 지도교수의 추천을 받은 자
마. 지원하고자 하는 일반대학원의 동일(또는 유사)학과를 주전공 또는 복수전공으로 하는자(부전공, 연계전공은 해당 없음)
4. 제출서류 및 지원방법
가. 학·석사연계과정신청서 1부.
나. 대학원 교학팀으로 방문 접수(웨스트민스터홀 658호)
5. 선발인원 : 석사과정 입학정원의 20%
6. 발표일 : 2022년 1월 28일(금) 예정 – 학과 및 개별 통지
붙임1. 2022-1 학·석사연계과정 안내문 1부.
붙임2. 학·석사연계과정신청서 1부."
christian_studies,[국립국제교육원] 2022-2023 헝가리 정부초청 장학생(Stipendium Hungaricum) 선발 안내,N/A,2021-11-19,https://docs.ssu.ac.kr/%ed%95%99%ea%b3%bc%ec%82%ac%eb%ac%b4%ec%8b%a4%ec%95%8c%eb%a6%bc/%ea%b3%b5%ec%a7%80%ec%82%ac%ed%95%ad/?term_id&slug=1984,"2022-2023 헝가리 정부초청 장학생(Stipendium Hungaricum) 선발 안내
2022-2023 헝가리 정부초청 장학생 선발을 아래와 같이 안내하니,귀 기관 또는 관내 학교의 관심있는 학생들은 많은 지원 바랍니다.
가. 선발과정
가
– 학위 과정(학사, 석사, 학석사 통합, 박사)
가
– 비학위 과정(헝가리어 준비과정, 대학원 연구과정)
※기타 자세한 사항은 <붙임> 참조
나. 지원방법 : 탬푸스 공익재단 홈페이지 온라인 지원 사이트*에서 직접 지원
가
– 온라인 지원: apply.stipendiumhungaricum.hu
다. 지원마감 : 2022.1.15.(토) 23:59 까지 [Central European Time 기준]
라. 문의처 (※ 영어 또는 헝가리어로 작성하여 문의 바람)
가
1) 주한리스트헝가리문화원 : culture.sel@mfa.gov.hu
가
2) Stipendium Hungaricum : stipendiumhungaricum@tpf.hu
가
3) 참고 웹사이트 : www.stipendiumhungaricum.hu"
christian_studies,[외교부] 2021년 에너지 분야 국제기구 인턴 간담회 개최,N/A,2021-11-17,https://docs.ssu.ac.kr/%ed%95%99%ea%b3%bc%ec%82%ac%eb%ac%b4%ec%8b%a4%ec%95%8c%eb%a6%bc/%ea%b3%b5%ec%a7%80%ec%82%ac%ed%95%ad/?term_id&slug=1981,"2021년 에너지 분야 국제기구 인턴 간담회 개최
외교부에서는 에너지 분야 진출을 희망하는 우리 청년들을 대상으로 아래와 같이 간담회를 개최하오니 관심있는 청년들이 많이 참석할 수 있기 바랍니다.
1. 행사명 : 2021년 에너지 분야 국제기구 인턴 간담회
2. 일시 및 진행 방식 : 2021.11.22.(월) 16:30~18:00, 화상
3. 행사 목적 : 우리 청년들에게 에너지 국제기구 인턴 근무 기회를 소개하고, 인턴 근무 경험을 공유하여 청년들의 에너지 분야 국제기구 진출을 장려
4. 참여 대상자 : 에너지 분야 국제기구 진출 희망 학생
5. 식순
가. 개회사
나. 외교부 인턴 파견 사업 소개
다. 국제기구 인사담당자 발표(선발 기준, 수행 업무 등 인턴십 관련 정보)
라. 국제기구 인턴 근무 경험자 발표(인턴 근무 소감 및 이후의 진로 탐색 경험 등)
마. 질의 및 답변
※ IEA, IRENA, UNIDO 측 담당자/인턴 참여 예정 (잠정)
※ 국제기구 인사담당자는 영어로, 그 외는 한국어로 진행(통역 미제공)
6. 신청방법 : 11.19.(금)까지
https://forms.gle/RrLfhtqkCnjMz8oG8
접속해서 등록
※ 등록된 이메일로 화상회의 시스템 접속 url 제공 예정
7. 문의 : 외교부 에너지과학외교과(hnwang19@mofa.go.kr / 02-2100-8383)"
christian_studies,[비교과] 2021학년도 숭실문화상 공모 안내,N/A,2021-11-15,https://docs.ssu.ac.kr/%ed%95%99%ea%b3%bc%ec%82%ac%eb%ac%b4%ec%8b%a4%ec%95%8c%eb%a6%bc/%ea%b3%b5%ec%a7%80%ec%82%ac%ed%95%ad/?term_id&slug=1979,"2021학년도 숭실문화상 공모 안내
우리 대학 학부생의 문예창작활동을 고취시키고, 사회 이슈에 대한 논리적 고찰을 통해 숭실의 문예전통과 앞선 시대정신을 확산하고자 2021학년도 ‘숭실문화상’을 아래와 개최하오니 소속 학생 여러분의 많은 참여 바랍니다. 🙂
– 아  래 –
1. 공모부문 및 작품 분량
가
가. 제48회 다형(김현승) 문학상
가
가
1) 시: 3편 이상
가
가
2) 소설, 평론, 드라마(희곡, 시나리오): 200자 원고지 80매 내외
가
나. 제47회 이당(안병욱) 논문상
가
가
1) 인문·사회과학을 주제로 한 논문: 200자 원고지 50매 내외
2. 응모자격: 학부생(재학생에 한함)
3. 접수기간: 2021.11.01.(월) ~ 11.18.(목) 17:00
4. 시상일시 및 장소: 2021.11.26.(금) 15:00 (예정) / 베어드홀 4층 회의실
5. 제출양식: 작품을 한글파일로 작성하여 이메일 전송 또는 직접 방문하여 원작 제출 (소속 학과[부], 학년, 학번 및 연락처 명기)
6. 시상내역: 각 부문별 당선작 1편 및 가작 1편
가
가. 상장: 숭실대학교 총
가
나. 상금(장학금으로 지급할 예정)
가
가
1) 당선작: 500,000원
가
가
2) 가작: 300,000원
7. 당선작 발표: 2021.11.29.(월) 발행 ‘숭대시보'(제1283호)에 게재
가
※ 보다 상세한 내용은 숭대시보 공모안내 및 펀시스템 공지를 참고하시기 바랍니다."
christian_studies,[장학] 2021학년도 2학기 교내장학금 2차 추가 신청 시행 안내,N/A,2021-10-20,https://docs.ssu.ac.kr/%ed%95%99%ea%b3%bc%ec%82%ac%eb%ac%b4%ec%8b%a4%ec%95%8c%eb%a6%bc/%ea%b3%b5%ec%a7%80%ec%82%ac%ed%95%ad/?term_id&slug=1966,"2021학년도 2학기 교내장학금 2차 추가 신청 시행 안내
코로나19로 비대면 수업이 지속되는 어려운 상황을 감안하여, 2021학년도 2학기 재학생, 편입생, 복학생, 재입학생 대상 교내장학금 2차 추가 신청 기간을 한시적으로 시행하여 다음과 같이 안내합니다(차학기에는 추가 기간 운영하지 않음).
1. 교내장학금 자격요건
가. 2021학년도 2학기 국가장학금 소득 분위 조회 및 국가장학금 심사가 완료된 자
나. 2021학년도 2학기 재학으로 등록금 납부된 자(분납자는 신청가능하나 완납 후 지급)
1) 2021학년도 2학기 前 등록휴학 후 복학시 장학생 선발대상에서 제외
2) 미등록, 입학취소, 복학취소, 휴학 등 학적변동 시 모든 장학금 취소
다. 직전학기 15학점 이상 이수한 자(최종 직전학기는 12학점)
라. 등록학기가 8학기 이내인 자(건축학부 건축학전공은 10학기 이내)
2. 신청절차
가. 온라인 신청기간 및 서류제출기간 : 2021. 10. 20(수) 10:00~10. 22(금) 17:00까지
나. 학생 신청방법: u-SAINT포털 – 등록/장학 – 장학메뉴 – 장학금 신청
다. 학생 서류제출: 온라인 신청기간 내 방문 제출 가능(세부내용 붙임 파일 참조)"
christian_studies,[코로나19] 2021-2학기 대면수업 및 코로나19 대응지침 안내,N/A,2021-10-18,https://docs.ssu.ac.kr/%ed%95%99%ea%b3%bc%ec%82%ac%eb%ac%b4%ec%8b%a4%ec%95%8c%eb%a6%bc/%ea%b3%b5%ec%a7%80%ec%82%ac%ed%95%ad/?term_id&slug=1955,"2021-2학기 대면수업 및 코로나19 대응지침 안내
1. 2021-2학기 대면수업 관련 안내사항
가. 조속한 코로나19 백신 접종 권장
나. 백신 2차 접종 완료자의 경우 체온 측정만으로 건물출입 허용(
접종 시기 불문
, 당일 2차 접종자도 출입 가능)
다. 백신 미접종자의 경우 코로나19 진단검사(PCR 검사) 시행
※ PCR검사 결과(
2주간 유효
)가 확인된 경우에만
대면수업, 교내건물출입(식당포함). 회의참석 등 허용
라. 시행일: 2021.10.18.(월)
2. 코로나19 관련 확진을 받거나, 유증상자 및 밀접접족차는 학과사무실로 연락주시기 바랍니다. (02-820-0070/enchristo@ssu.ac.kr)"
christian_studies,[비교과] 2021학년도 기독교학과 DOCS TED 영상 공모전 결과 발표,N/A,2021-10-13,https://docs.ssu.ac.kr/%ed%95%99%ea%b3%bc%ec%82%ac%eb%ac%b4%ec%8b%a4%ec%95%8c%eb%a6%bc/%ea%b3%b5%ec%a7%80%ec%82%ac%ed%95%ad/?term_id&slug=1950,"2021학년도 기독교학과 DOCS TED 영상 공모전 결과 발표
2021학년도 여름방학에 진행된 DOCS TED 영상공모전 심사가 완료되어 다음과 같이 결과를 안내드립니다. (※수상자에게는 개별 고지 예정)
– 최우수상(1인): 이*빈(2021****)
– 우수상(2인): 김*완(2019****), 김*빈(2021****)
1. 각 수상자에게는 소정의 장학금이 지급되며, 참가해주신 모든 학생분들께 상품이 지급될 예정입니다.
2. 출품을 완료하신 학생께서는 학과사무실에 방문하여 상품을 수령하여 주시기 바랍니다.
가
가. 상품 수령 대상자 개별 고지(예정)
가
나. 수령기간: ~2021년 10월 15일(금) 17시까지
3. 15점 만점으로 평가되었으며, 본인의 정확한 점수가 알고 싶은 경우 학과사무실로 개별 연락하여 주시기 바랍니다.
4. 문의: 기독교학과 사무실(02-820-0070 / enchristo@ssu.ac.kr)"
christian_studies,[코로나19/중요] ★2021-2학기(10월 6일) 이후 대면수업 코로나19 대응 안내★,N/A,2021-10-01,https://docs.ssu.ac.kr/%ed%95%99%ea%b3%bc%ec%82%ac%eb%ac%b4%ec%8b%a4%ec%95%8c%eb%a6%bc/%ea%b3%b5%ec%a7%80%ec%82%ac%ed%95%ad/?term_id&slug=1922,"2021-2학기(10월 6일) 이후 대면수업 코로나19 대응 안내
2021학년도 2학기 6주차(10월 6일) 이후 대면수업에 따른 코로나19 대응 방안을 안내드리오니 학생 여러분의 적극적인 협조 구합니다.
1. 구성원(학생, 교/강사, 직원) 준수 및 안내사항 (※ 세부사항은 붙임 1 참조)
가. 조속한 코로나19 백신 접종 권장
나. 백신 접종 여부와 상관없이 1, 2차에 걸친 코로나19 진단검사(PCR 검사) 시행
가
□ 양성 등 특이사항이 있는 경우 각 담당부서에 고지 필수
가
□
PCR검사를 하지 않은 구성원은 수업이 있는 건물 출입 제한
다. 대면수업 관련 안내사항 숙지 및 준수 요망
2. PCR 검사를 하지 않은 경우, 학교 건물 출입에 제한이 있사오니 아래 기간 동안 PCR 검사를 꼭 받아주시기 바랍니다.
가. 1차: 9월 22일(수) ~ 10월 5일(화)
나. 2차: 10월 6일(수) 이후
가
※ 10/6 첫 대면수업에는 1차 PCR 검사 결과를 제출하시면 되고, 10/20 이후 대면수업에는 2차 PCR 검사 결과만 인정됩니다.
가
※ 대면수업을 하지 않는 경우에도 대면수업이 있는 건물에 출입하시려면 PCR 검사 결과를 제시하셔야 합니다.
가
– 예시: 조만식기념관에 학과사무실 방문을 위해 오시는 경우에도 조만식기념관이 수업이 진행되는 건물이므로 PCR 검사 결과를 제시하셔야 입장이 가능합니다.
3. 붙임의 안내자료를 필히 확인하여 주시기 바랍니다.
4. 문의사항이 있는 경우, 학과사무실로 연락 바랍니다. (02-820-0070)
붙임 1. 2021학년도 2학기 6주차(10월 6일) 이후 대면수업 코로나19 대응 1부.
붙임2. [별첨 1] 2021-2학기 6주차 이후 학부 대면수업 관련 안내 1부."
christian_studies,[한국연구재단] 메타버스 경진대회 안내(학부생),N/A,2021-09-30,https://docs.ssu.ac.kr/%ed%95%99%ea%b3%bc%ec%82%ac%eb%ac%b4%ec%8b%a4%ec%95%8c%eb%a6%bc/%ea%b3%b5%ec%a7%80%ec%82%ac%ed%95%ad/?term_id&slug=1911,"메타버스 경진대회 안내(학부생)
한국연구재단 산업 EXPO에서 혁신공유대학 수행대학 재학생을 대상으로 [메타버스 경진대회]를 아래와 같이 개최합니다.
숭실대학교 학생들의 많은 참여 바랍니다.
□ 신청자격 : 혁신공유대학 수행대학 재학생(학부생)
□ 신청마감 : 10월 4일(월) 17:00까지
– 참가 분야, 연락처, 성명 등 총 6개 항목 입력 / 팀 또는 개인
– 팀 구성은 46개 대학생간 교차 구성도 가능
□ 예선심사 : 10월 20일(수) ~ 10월 22일(금) 중 1일
– 캠퍼스 구축․운영 기획(안) PT 및 설명 동영상(3~5분)을 10월 19일까지 이메일로 제출
□ 본선심사 : 12월 8일(수) ~ 12월 10일(금) 총 1일
– 예선 심사 통과자에게는 네이버 Z에서 멘토링 실시 후 Build It 프로그램으로 캠퍼스 맵 구축 결과물로 심사
□ 심사기준 : 신기술 분야를 바탕으로 구성한 캠퍼스의 연관성과 창의성
□ 시상 및 특전
– 분야별 1등 : NRF 이사장상 및 상금 200만원
– 분야별 2등(2점) : 공유대학 협의회장상 및 상금 50만원
– 특별전형으로 수상자에게 Naver Z 인턴쉽 면접기회 제공"
christian_studies,[국립국제교육원] 2022-2023 러시아 정부초청 장학생 선발 안내,N/A,2021-09-28,https://docs.ssu.ac.kr/%ed%95%99%ea%b3%bc%ec%82%ac%eb%ac%b4%ec%8b%a4%ec%95%8c%eb%a6%bc/%ea%b3%b5%ec%a7%80%ec%82%ac%ed%95%ad/?term_id&slug=1891,"2022-2023 러시아 정부초청 장학생 선발 안내
2022-2023 러시아 정부초청 장학생 선발을 다음과 같이 안내하오니, 관심있는 학생은 지원할 수 있기 바랍니다.
가. 선발과정: 학사과정, 석사과정, 박사과정
나. 장학혜택: 학비지원(※ 기숙사, 항공료, 의료보험 등 기타비용은 본인 부담)
다. 선발인원: 총 26명
라. 지원방법 및 지원마감일
1) 지원방법: 온라인 지원사이트(http://edu.rs.gov.ru/)에 등록 후 직접 지원
2) 지원마감일: 2021. 11. 1.(월)
마. 지원자격 및 제출서류:
<붙임> 참조
바. 문의처: 주한러시아대외협력청(Rossotrudnichestvo Korea)- rskorea@mail.ru"
christian_studies,[교수학습] 2021-2학기 교수학습센터 학습역량 강화 프로그램 안내,N/A,2021-09-17,https://docs.ssu.ac.kr/%ed%95%99%ea%b3%bc%ec%82%ac%eb%ac%b4%ec%8b%a4%ec%95%8c%eb%a6%bc/%ea%b3%b5%ec%a7%80%ec%82%ac%ed%95%ad/?term_id&slug=1878,"교수학습혁신센터는 본교 학부생의 학습역량 강화를 목표로 2021-2학기에 다음과 같이 비교과 프로그램을 운영합니다.
많은 학생 여러분의 참여 바랍니다. 🙂
1. 모집 중 프로그램 목록(2021.09.15. 기준)
연번
프로그램명
개요
대상
모집 기간
1
CoRE 튜터링
튜티(Tutee)
전공 교과목 학습역량, 비교과(취업·진학, 외국어 등과 관련한 자격증 취득 준비)학습역량을 갖춘 1인의 튜터(Tutor)가 해당 학습에 도움이 필요한 4~7인의 튜티(Tutee)와 함께 주 1회 이상 정기적으로 온라인(ZOOM) 협동학습 진행
학부
재학생
~9.28.(화)
2
학습동행
멘티(Mentee)
멘토교수(전공교수), 전문 학습코치, 학생 멘토가 본교 재학생 중 학사경고(직전학기 평점평균 1.5 미만) 또는 학사경고 위험군(직전학기 평점평균 1.5 이상 2.0 미만) 학생과 팀을 이루어 한 학기 동안 동행하며 학교생활 적응 및 학습능력 향상을 지원하는 프로그램
학부
재학생
~9.23.(목)
3
외국인 학부생 튜터링
튜터(Tutor)
전공 교과목 학습 역량 또는 한국어 글쓰기 지도 능력을 갖춘 1인의 튜터(Tutor)가 해당 학습에 도움이 필요한 4~7인의 외국인 학부생 튜티(Tutee)와 함께 주 1~2회 이상 정기적으로 온라인(ZOOM) 협동학습 진행
학부
재학생
~9.30.(목)
4
또래 학습코치
양성과정
학습, 정서에 어려움을 겪는 또래 학생 곁에서 공감과 격려를 바탕으로 든든한 지지자가 되어줄 또래 학습코치를 양성하는 프로그램(전문가 교육, 실습 등 진행)
학부
재학생
~9.29.(수)
5
또래 학습코칭
활동과정
(또래코치에게
코칭받기)
본교 또래학습 코치와 참여 학생이 학습, 정서 공감, 대학 생활을 함께하는 프로그램. 참여 학생과 또래 학습 코치는 주 1회 이상 정기적으로 코칭(온라인 ZOOM 또는 오프라인 만남)을 실시
학부
재학생
~10.4.(월)
6
1:1 학습코칭
객원 전문 학습코치와 참여학생이 1:1로 만나 학습진로종합검사, 학습전략검사 결과를 바탕으로 학습전략 수립 및 실천(학생 개별 맞춤형 코칭)
학부
재학생
학기 중
상시
7
INNO-
SCHOOL
프로젝트
각자 다른 전공을 가진 학생들이 팀을 이루어 자신의 전공지식을 활용해 지역사회의 문제나 이슈를 발견하고 이를 해결하기 위한 다양한 아이디어를 도출하여 실현가능한 방법들을 기획하는 프로그램
학부
재학생
~9.30(목)
8
학습법
워크숍
1차
스토리텔링을 활용한 프레젠테이션 기획과 구성
학부
재학생
학기 중
상시
2차
발표력을 높이는 효과적인 발표의 기술
3차
학습의 비밀을 밝혀라(대학생의 필기 전략)
4차
시험불안을 이겨내는 대비전략
‘시험, 걱정말아요.’
5차
선배가 들려주는 대학생활 꿀Tip
6차
스마트 조별과제 및 구글활용(심화)
7차
[내자료, 머선129 Ⅱ]레포트, 보고서,
프레젠테이션을 위한 파워포인트 기능
2. 프로그램별 상세 내용 및 신청 링크:
https://c11.kr/pwaf
3. 문의: 교수학습혁신팀(02-828-7135, 7136)"
christian_studies,[학사] 2021-2학기 논문계획서 및 졸업논문(영어성적) 제출 안내,N/A,2021-09-15,https://docs.ssu.ac.kr/%ed%95%99%ea%b3%bc%ec%82%ac%eb%ac%b4%ec%8b%a4%ec%95%8c%eb%a6%bc/%ea%b3%b5%ec%a7%80%ec%82%ac%ed%95%ad/?term_id&slug=1863,"2021-2
학기 논문계획서 및 졸업논문
(
영어성적
)
제출 안내
※ New TEPS로 환산점수표 수정하여 공지 완료하였으니, TEPS로 졸업요건을 충족하고자 하는 학생 여러분은 확인하여 주시기 바랍니다.
졸업논문 및 논문대체 영어성적표 제출 안내 드립니다. 아래의 공지 참고하여 기한 내에 제출하여주시기 바랍니다.
1. 논문계획서
(
논문대체계획서
)
제출
가
.
대상자
:
7
학기 이상 재학생
및 기제출자 중 주제 변경 희망자
나. 제출일 및 방법
–
9
월
29
일
(
수
) 17
시까지
첨부된 양식 작성하여 출력 후 학과사무실로 제출.
– 오프라인 방문이 어려운 경우, 작성하여 학과 메일(
enchristo@ssu.ac.kr
)로 첨부파일 제출.
– 양식: 첨부파일 참조
다. 작성 방법
– 논문대체 영어점수 제출 희망자: 논문 대체 선택 3가지 항목 중 하나에 체크하여 제출.
– 논문 제출 희망자: 논문제목 및 분야와 간단한 논문 개요를 작성하여 제출. (
지도교수란 공란
으로 제출)
2. 졸업논문
(
또는 공인 영어 성적표
)
제출
가
.
대상자
: 8
학기 이상 재학생 또는 졸업예정자
나. 제출일 및 방법:
– 논문: 스프링 제본이 완료된 논문을
12
월
17
일
(
금
) 17
시까지
학과사무실로 제출 (2권)
– 영어성적대체:
12
월
17
일
(
금
) 17
시까지
성적표 사본 1부를 학과사무실로 제출.
다. 분량: 표지와 목차를 제외한, 논문규격에 맞춘 A4용지 30장 내외
라. 양식: 첨부파일 참조
※
논문은 졸업하는 학기에 제출합니다
.
3. 유의사항
가. 수료생 중 졸업예정자 신청을 한 학생도 졸업예정자와 동일하게 졸업논문 절차를 진행하면 됩니다.
나. 논문계획서 제출 완료한 학생의 경우, 논문주제와 제목은 변경이 가능하지만, 이는 지도교수 확정 후 지도교수와 논의를 통해 진행할 수 있습니다.
다. 제출기한을 반드시 지켜주시기 바랍니다. 제출기한을 지키지 못했을 경우 불이익이 생길 수 있습니다. (접수 불가, 감점 등)
라. 논문은 스프링 제본을 마친 완본을 제출하여야 합니다. (2권 제출)
마. 논문 또는 영어자격시험 성적표 제출 마감 이후의 변경은 절대 불가함을 숙지 바랍니다.
바. 논문작성 시 반드시 규격을 준수하고 모르는 부분은 학과사무실(820-0070)에 문의하시기 바랍니다.
4. ★
특이사항
2021-1학기까지 진행된
공인어학능력시험 유효기간 초과분에 대한 졸업요건 일시 인정을 철회
하며, 이번 학기부터는
원칙대로 적용됩니다
.
제출일 기준, 유효기간이 초과된 성적표에 대해서는 졸업요건으로 인정되지 않습니다.
▷이전: 유효기간이 1년 미만으로 초과된 공인어학시험 성적에 대하여 인정.
▷변경: 유효기간 초과된 성적표에 대하여 성적 일체 불인정.
5. 문의: 기독교학과 사무실 02-820-0070 / enchristo@ssu.ac.kr
6. 첨부파일
(1) 졸업논문 규격
(2) 졸업논문 대체 인정 환산 점수표(영어성적기준)
(3) 졸업논문계획서 양식"
christian_studies,[진로] 2021 슈퍼스타 창업경진대회(숭실대학교 제10회 창업경진대회),N/A,2021-09-10,https://docs.ssu.ac.kr/%ed%95%99%ea%b3%bc%ec%82%ac%eb%ac%b4%ec%8b%a4%ec%95%8c%eb%a6%bc/%ea%b3%b5%ec%a7%80%ec%82%ac%ed%95%ad/?term_id&slug=1855,"2021 슈퍼스타 창업경진대회(숭실대학교 제10회 창업경진대회)
숭실대학교 창업지원단과 스파르탄 SW교육원에서는 ‘2021 슈퍼스타 창업경진대회(숭실대학교 제10회 창업경진대회)’ 참가자를 모집하고 있습니다. 이와 관련하여 관심있는 학생 여러분의 많은 참여 바랍니다.
1. 대회 개요
가. 대 회 명: 슈퍼스타 창업경진대회(숭실대학교 제10회 창업경진대회)
나. 참가대상
1) 교내 예비창업자(팀) 및 모집공고일 기준 3년 미만 창업자(팀)
2) 본교 재학생(휴학생도 참여 가능하나 팀장은 반드시 재학생이어야 함)
다. 모집분야: 일반분야, SW분야
라. 신청기간: 2021.09.08.(수) ~ 09.24.(금) 14:00까지
마. 신청방법: 비교과 홈페이지(fun.ssu.ac.kr) 신청
바. 시상내역: 총 상금 2,000만원, 12개 팀
사. 문 의 처: 02-820-0016(sj7@ssu.ac.kr)
붙임  1. 슈퍼스타 창업경진대회 공고문 1부.
2. 슈퍼스타 창업경진대회 신청서 1부.
3. 슈퍼스타 창업경진대회 포스터 1부.  끝."
christian_studies,[진로] 법학전문대학원 진학 소개 온라인 특강 안내,N/A,2021-09-09,https://docs.ssu.ac.kr/%ed%95%99%ea%b3%bc%ec%82%ac%eb%ac%b4%ec%8b%a4%ec%95%8c%eb%a6%bc/%ea%b3%b5%ec%a7%80%ec%82%ac%ed%95%ad/?term_id&slug=1851,"법학전문대학원 진학 소개 온라인 특강 안내
1.
일시
: 2021.09.15.(
수
) 13:30 ~ 15:00(
총
1
시간
30
분
)
2.
강사
:
김성태교수
(
법과대학 국제법무학과
)
3.
내용
가
.
前 사법시험제도 소개
나
.
現 법학전문대학원 및 변호사 안내
다
.
숭실인으로서 법학전문대학원 진학
라
.
법학적성시험
(LEET)
안내
마
.
질의응답
(Q&A)
4.
참여대상
가
.
필수
:
국제법무학과 신입생
(21
학번
)
및
2
학년
(20
학번
)
나
.
선택
:
법학전문대학원 진학 또는 변호사에 관심 있는 모든 숭실 학우
※ 참여를 원하는 학생들은 펀시스템에서 프로그램 신청
(
수료증 발급
,
마일리지 적립 가능
):
https://fun.ssu.ac.kr/ko/program/all/view/2050
5.
참여방법
가
.
온라인 특강 참여자 확인을 위해 참가자 정보
(
학과
_
이름
_
학번
)
를 정확하게 기재하여 주시기 바랍니다
. [Ex)
국법
_
김건희
_20190793]
나
. Zoom
회의 참가
:
https://ssu-ac-kr.zoom.us/j/2955698953?pwd=a2JoQkozUjlLV0hveGR6SmdkVnNsUT09
회의
ID: 295 569 8953
암호
: 3927"
christian_studies,[장학] 2021년 숭실대학교 교수협의회 장학생 선발 안내,N/A,2021-09-09,https://docs.ssu.ac.kr/%ed%95%99%ea%b3%bc%ec%82%ac%eb%ac%b4%ec%8b%a4%ec%95%8c%eb%a6%bc/%ea%b3%b5%ec%a7%80%ec%82%ac%ed%95%ad/?term_id&slug=1841,"2021년 숭실대학교 교수협의회 장학생 선발 안내
2021학년도 숭실대학교 교수협의회 장학생 선발을 다음과 같이 안내하오니 본교 학부 재학생(휴학생, 졸업유예 포함)의 많은 신청 바랍니다.
— 다 음 —
1. 수상내역
1) 학술영역 진리상: 전공영역과 관련하여 대외적으로 학교의 명예를 드높이거나, 대내적으로 전공과 관련한 학술활동에 적극적으로 참여한 자.
2) 봉사영역 봉사상: 봉사활동을 통하여 국가 및 지역 사회에 도움을 주고자 적극적으로 활동함으로써 학교의 명예를 드높인 자.
2. 선발인원
1) 진리상: 5명
2) 봉사상: 5명
3. 포상대상 및 포상내역
1) 포상대상: 본교 학부 재학생(휴학생, 졸업유예 포함)
2) 포상내역: 교수협의회에서 수여하는 장학증서와 포상금
(장학금 1인당 1,000,000원, 국가장학금과 중복 수혜가능)
4. 장학생 수상자 발표: 2021년 10월 6일(수) 예정
교수협의회 홈페이지 공지사항 (http://prof.or.kr/)
5. 포상일시: 2021년 10월 11일(월) 예정
6. 제출서류
1) 신청서(소정양식) 1부
2) 재학증명서 1부
3) 성적증명서 1부 (2021학년도 1학기 포함하여 재학기간 전체)
4) 추천서
– 자유양식, 추천인(교수 및 외부인사)이 직접 교협 메일로 추천서 송부
① 진리상: 소속학과(부) 교수 2인
② 봉사상: 소속학과(부) 교수 1인과 봉사관련 외부 인사 1인
5) 해당 영역 활동사항 및 사항별 증빙자료
6) 기타 심사에 도움이 되는 자료
7. 신청기간: 2021년 9월 9일(목)~9월 30일(목) 17시
8. 접수 및 문의: prof@ssu.ac.kr (코로나19 확산 방지를 위해 메일로만 접수 받습니다.)
교수협의회 사무국 (02-820-0860)"
christian_studies,[진로] 2022학년도 법학전문대학원 교수 및 재학 동문 선배의 자소서/면접 특강 안내,N/A,2021-08-31,https://docs.ssu.ac.kr/%ed%95%99%ea%b3%bc%ec%82%ac%eb%ac%b4%ec%8b%a4%ec%95%8c%eb%a6%bc/%ea%b3%b5%ec%a7%80%ec%82%ac%ed%95%ad/?term_id&slug=1836,"2022학년도 법학전문대학원 교수 및 재학 동문 선배의 자소서/면접 특강 안내
1. 시간: 9월24일(금)  4:00-5:30
2. 장소: 온라인 zoom
3. 강사:  최준혁 교수(인하대 법전원), 권혁주 동문(전북대 법전원 재학)
4. 강의 내용:
(4:00 – 4:05) 온라인 연결 점검 후 특강 소개, 사회자 인사
(4:05 – 4:50 ) 법전원 교수가 본 자소서 및 면접 –
최준혁 교수(인하대학교 법학전문대학원)
※ 1주일 전 자소서를 제출한 학우들은 별도 zoom 링크를 통해 최준혁 교수와 개인 면담 가능
(5:00 – 5:30) 합격한 동문이 경험했던 학교 선정, 자소서 작성 및 면접, Q&A –
권혁주(전북대 법전원 재학, 본교 금융학부 졸업)
최준혁 교수와 일대일 온라인 면담을 원하는 학우(22학년도 지원 예정)들은 자소서를 9월17일(금) 오후 5시까지
국제법무학과 사무실로 직접 제출 또는 이메일로 제출하여 주시기 바랍니다.
(Email:
ila@ssu.ac.kr
제출 환영, 팩스 제출 가능 02-817-5837)"
christian_studies,[병무청] 각 군 현역병 모집일정(’21년 9월) 홈페이지(공지사항)게시 안내,N/A,2021-08-30,https://docs.ssu.ac.kr/%ed%95%99%ea%b3%bc%ec%82%ac%eb%ac%b4%ec%8b%a4%ec%95%8c%eb%a6%bc/%ea%b3%b5%ec%a7%80%ec%82%ac%ed%95%ad/?term_id&slug=1831,"각 군 현역병 모집일정(’21년 9월) 홈페이지(공지사항)게시 안내
병무청에서는 병역의무자의 전공, 자격·면허, 경력 등과 관련 있는 군사특기에 지원하여 해당분야에서 복무할 수 있도록 하는 현역병 모집제도를 운영하고 있습니다. ’21년 9월에 지원하여 ’21년 12월 입영예정인 각 군 현역병 모집일정을 붙임과 같이 보내드리오니 학생들의 병역의무 이행에  참고하여 주시기 바랍니다.
붙임. 모집계획일정 1부."
christian_studies,[국립국제교육원] 2022-2023 독일 정부초청 장학생(DAAD 장학생) 선발 안내,N/A,2021-08-30,https://docs.ssu.ac.kr/%ed%95%99%ea%b3%bc%ec%82%ac%eb%ac%b4%ec%8b%a4%ec%95%8c%eb%a6%bc/%ea%b3%b5%ec%a7%80%ec%82%ac%ed%95%ad/?term_id&slug=1827,"2022-2023 독일 정부초청 장학생(DAAD 장학생) 선발 안내
2022-2023 독일 정부초청 장학생 선발을 다음과 같이 안내하오니, 관심있는 많은 학생들의 지원 바랍니다.
가. 선발분야
1) 모든 전공분야의 석사과정 장학금
2) 독일에서의 박사학위 취득을 위한 연구장학금
3) 박사과정생을 위한 연구 장학금 – 1년
4) 연구장학금 – 단기 (6개월 이하)
5) 건축학 전공분야의 대졸자를 위한 장학금
6) 공연예술 전공분야의 대졸자를 위한 장학금
7) 미술, 디자인/비주얼 커뮤니케이션, 영화 전공분야의 대졸자를 위한 장학금
8) 음악 전공분야의 대졸자를 위한 장학금
나.
지원자격 및 지원기간, 장학혜택 등은 프로그램마다 상이
하므로,
지원하기 전 반드시 홈페이지(http://www.daad.or.kr)를 확인 바람
다. 문의처 : 주한독일고등교육진흥원(02-324-0655 / info@daad.or.kr)
붙임. 2022-2023 독일 정부초청 장학생(DAAD 장학생) 선발 안내"
christian_studies,[봉사] 전공역량 활용을 통한 학과 자체 봉사활동 지원 프로그램 시행 안내,N/A,2021-08-27,https://docs.ssu.ac.kr/%ed%95%99%ea%b3%bc%ec%82%ac%eb%ac%b4%ec%8b%a4%ec%95%8c%eb%a6%bc/%ea%b3%b5%ec%a7%80%ec%82%ac%ed%95%ad/?term_id&slug=1823,"전공역량 활용을 통한 학과 자체 봉사활동 지원 프로그램 시행 안내
본교 사회공헌팀에서는 학과의 자율적인 봉사활동 및 전공역량을 활용한 봉사활동을 활성화하고 지원하기 위해 ‘전공역량을 활용한 학과 자체 봉사활동 지원 프로그램’을 아래와 같이 운영합니다. 학과의 많은 관심과 참여 바랍니다.
1. 목적
가) 학과 단위의 자율적인 봉사활동 활성화 및 건학이념 구현
나) 전공역량을 활용한 봉사활동을 통해 재능기부 실천
2. 지원대상 팀 : 최대 5개팀 내외(지원현황에 따라 변동)
3. 지원자격 : 동일 학과내 5명 이상의 학부생만으로 팀 구성 / 학과 교수 참여시 우대
4. 지원내용 : 활동경비 최대 200만원 + 학교 자체 봉사활동 시간 인정
5. 선발기준 : 사업계획서 심사를 통해 선발
가) 학과 교수와 함께하는 봉사활동 우선 선발
나) 참가학생이 많은 봉사활동 우선 선발
6. 모집 및 결과발표 : 2021년 9월 8일(수) 모집마감 / 9월 13일(월) 결과 발표
7. 지원방법 : FUN 시스템을 통한 지원
8. 기타 : 학과생들간의 멘토링 봉사활동은 지원대상이 아니며, 본 프로그램을 통한 봉사활동은
사회봉사교과목의 학점인정 대상이 되는 활동이 아닙니다.(2022학년도부터 인정여부
검토 예정)
9. 문의 : 사회공헌팀 820-0801
* 붙임 : 학과 공모형 봉사활동 신청서 양식 1부. 끝."
christian_studies,[학생] 2021학년도 2학기 유고결석 안내(코로나19 관련),N/A,2021-08-27,https://docs.ssu.ac.kr/%ed%95%99%ea%b3%bc%ec%82%ac%eb%ac%b4%ec%8b%a4%ec%95%8c%eb%a6%bc/%ea%b3%b5%ec%a7%80%ec%82%ac%ed%95%ad/?term_id&slug=1817,"2021학년도 2학기 유고결석 안내(코로나19 관련)
1. 주요 변동사항:
코로나19 백신 접종 관련 유고결석 승인
(코로나19 팬데믹 상황에 한함)
가. 관련 규정 및 공문
1) 학생생활규정 제22조(유고결석)
2) 학사관리에 관한 내규 제7조(출석인정의 예외)
3) 교육부 대학학사제도과-9288(2021.08.10.) ‘2021학년도 2학기 대학 학사 운영 및 방역 관리 방안 송부’
대학생 백신공결제 운영 권고(교육부)
2학기 학사운영 기간 동안 18~49세 청장년층에 대한 백신접종(1차: 8.26.~9.30.)이 이루어질 것으로 예상되는 바, 학생들에게 백신접종으로 인한 불이익이 발생되지 않도록 백신공결제 도입 등이 학사운영에 반영될 수 있도록 조치하여 주시기 바랍니다.
나. 2021학년도 2학기 코로나19 관련 사유 유고결석 승인 시행 세부사항
1) 적용 규정: 학생생활규정 제22조 1항 7. 기타(학생처장이 승인하는 사유로 결석하고자하는 학생은 유고결석을 신청할 수 있음)
2) 유고결석 인정 사유: 아래와 같은 코로나19 감염병 관련 사유로 결석하는 경우
구분
구비서류
비고
발열, 기침 등 의심증상자
진료기록 확인서
병원
[진료 일자 및 병명필수]
코로나19 확진자
격리통지서
보건소 및 선별 진료소
최근 2주 유증상자 접촉 이력이 있는 학생
자가격리 문자
/ 검사 대상 안내 문자 등
최근 2주 내 해외방문 이력 있는 학생
해외출입국기록
코로나19 백신 접종자
접종 당일 및 익일 이상반응 발생자
백신 접종 사실 증빙서류
(코로나19 백신 예방접종내역 확인서 등)
백신 종류에 따라 2회 접종이 시행되는 경우, 회차별 동일 기준 적용
접종 후 2~3일 이상 이상반응 발생(지속)자
백신 접종 사실 증빙서류 및 병원 진료확인서
(진단서/소견서 등)
3) 유고결석 인정기간: 총 수업일수의 3분의 1 이내
※ 자세한 사항은 붙임 파일 참조
3. 유고결석 관련 유의사항
가. 공식행사의 경우 단과대학(행정부서 포함)을 통해 행사 진행 10일 전 학생서비스팀으로 유고결석 요청 공문을 발송하여야 하기 때문에 관련 사항은 학과사무실로 문의 요망
나. 유고결석 신청 및 승인은 재학생 u-saint에서 결석 신청 → 학생서비스팀에서 증빙서류 확인 후 승인 → 담당 교수 최종 승인으로 진행
※ 학사관리에 관한 내규 제7조(출석인정의 예외)에 의해 유고결석 최종 인정 여부는 교수의 권한임
다. 수업 외의 활동은 유고결석 승인이 불가(행정부서의 업무 지원, 봉사 활동 등)
라. 규정에 의하여 학생이 기간 안에 유고결석 미신청 시 신청 불가함
4. 관련 문의: 기독교학과 사무실(02-820-0070)"
christian_studies,"[장학] 2021-2학기 교내장학금 신청 시행 안내(재학생,편입생,복학생,재입학생)",N/A,2021-08-18,https://docs.ssu.ac.kr/%ed%95%99%ea%b3%bc%ec%82%ac%eb%ac%b4%ec%8b%a4%ec%95%8c%eb%a6%bc/%ea%b3%b5%ec%a7%80%ec%82%ac%ed%95%ad/?term_id&slug=1809,"2021
학년도
2
학기 교내장학금 신청공고
(재학생, 편입생, 복학생, 재입학생 대상)
※
본교에서 지급되는 모든 교내장학금은 아래 국가장학금 신청기간 내 국가장학금을 신청하고 서류제출을 완료하여 소득분위가 조회된 학생을 대상으로만 수혜자를 선정합니다
.
따라서
,
교내장학금을 수혜하려는 모든 학생은 반드시 교내장학금과 국가장학금을 모두 신청하시기 바랍니다
.
–
국가장학금 신청결과 제공되는 학생의 소득분위정보를 장학생선발에 활용
–
국가장학금은 반드시 매학기 신청
(
서류제출 및 가구원동의 포함
)
하여야 함
.
1. 국가장학금
2
차 신청기간
: 2021
년
8
월
17
일
(
화
)
∼
9
월
16
일
(
목
)
까지
※ 한국장학재단 홈페이지(www.kosaf.go.kr) 공인인증 로그인 후 신청
※ 21.2학기에 한하여 구제신청 사용횟수 미차감 및 기사용 2회 신청자도 구제신청 허용)
2. 교내장학금 온라인신청기간
가
.
온라인신청 및 서류제출기간
:
2021
년
9
월
1
일
(
수
) 10:00 ~ 14
일
(
화
) 17:00 (2
주간
)
※ 주말(공휴일 포함) 24시간 신청 가능 (단, 마감일 제외)
※ u-SAINT 입력 후 장학금 신청내역을 조회하여 장학금 신청이 정상적으로 완료되었는지 꼭 확인
나. 서류제출이 필요한 장학금의 경우, 교내장학금 온라인신청기간 내 반드시 제출
※ 방문 및 등기우편제출 가능 (FAX 불가)
※ 등기우편제출 시 교내장학금 온라인 신청기간 내 장학팀 도착분만 인정
※
서류는 제출일 기준
1
개월 이내에 발급된 것만 인정됨
3. 신청대상 : 2021학년도 2학기 재학생, 편입생, 복학생, 재입학생
4. 교내장학생 자격요건
가. 2021학년도 2학기 국가장학금을 신청하고 서류제출(가구원동의 포함)을 완료한 자
나. 2021학년도 2학기 재학생, 편입생, 복학생, 재입학생으로 등록금 납부 예정인 자
1) 2021학년도 2학기 전 등록휴학 후 복학생은 모든 장학금 선발에서 제외(등록대체)
2) 미등록, 입학취소, 복학취소 등으로 인한 학적변동 시 모든 장학금 취소
다. 직전학기 15학점 이상 이수한 자
※ 2021년 2학기가 4학년 8학기인 자는 직전학기 12학점 이상
※ 건축학부 건축학전공 : 10학기인 자는 직전학기 12학점 이상 이수(1∼9학기는 15학점 이상)
라. 등록 8학기 이내인 자(건축학과 건축학전공 : 등록 10학기 이내인 자)
예1) 학기취소 1회 후 8학기 진학예정인 경우 : 9회 등록금 납부이므로 선발 불가
예2) 학점 미 이수로 9학기 진학예정인 경우 : 9회 등록금 납부이므로 선발 불가
5. 교내장학생 공통사항
가.
☆
중요
☆
모든 장학금은 등록금 내에서 다음 순서에 따라 우선 지급합니다
.
① 교외(외부)장학금 ② 국가장학금 ③ 교내장학금
나. 성적 및 취득학점 산정방법
1) 평점평균(GPA) / 산술평균(100점만점) : F학점이 포함된 학적부성적 기준 산정
2) 취득학점 산정시 F학점은 0학점 취득으로 인정되어 취득학점 산정에서 제외
다. 온라인으로 반드시 신청해야 하며, 제출서류가 있는 장학금에 한하여 서류제출
※ 제출기간 내 미제출시 장학생 선발대상에서 제외
라. 모든 교내장학금은 중복수혜 불가
1) 장학금간 중복신청은 가능하나, 신청 장학금 중 수혜금액이 큰 장학금으로 자동선발
2) 중복수혜 가능 장학금 : 국가장학금, 교외(외부)장학금, 근로장학금(교내/학과근로), 봉사장학금
– 수업료 범위 내 중복수혜 가능 (근로장학금, 봉사장학금은 수업료 초과하여 수혜 가능, 단 해당 장학금 간 중복수혜 불가)
마. 한국장학재단 중복지원(이중지원)방지사업 안내
1) 한국장학재단 학자금대출금액과 교내ㆍ외 장학금을 모두 합하여 수업료를 초과할 경우, 중복지원학생에 해당
2) 한국장학재단 콜센터와 통화하여, 중복지원여부를 해소해야 함. (다음 학기 국가장학금 및 학자금대출여부에 영향)
6. 교내장학금별 선발자격 및 제출서류
:
교내장학금 선발자격 및 제출서류 안내
(
첨부문서 참조
)
7. 장학생 선정결과 발표 및 지급방식
가. 2021년 10월 중순 발표 예정(u-Saint 등록/장학 및 등록금고지서 감면여부 확인 가능)
※ 지급예정일 : 2021년 11월 초 개인계좌 지급 예정
※ 학자금대출자(한국장학재단 및 공무원연금공단)의 경우, 학자금대출계좌로 대학에서 직접 상환
나. 장학금신청시 계좌입력 : 우리은행 본인명의 개인계좌 입력 필수
다. 등록금 분할납부를 신청한 학생의 경우. 선발된 장학금 중 사전감면을 제외한 계좌지급장학금은 분할납부 최종등록 확인 후 지급
라. 비전장학금 지급범위 및 장학금액은 한국장학재단 국가장학금 정책 및 본교 사정에 따라 매 학기 변경될 수 있음."
christian_studies,[고용노동부] 동작구 청년센터 운영 사업 안내,N/A,2021-08-13,https://docs.ssu.ac.kr/%ed%95%99%ea%b3%bc%ec%82%ac%eb%ac%b4%ec%8b%a4%ec%95%8c%eb%a6%bc/%ea%b3%b5%ec%a7%80%ec%82%ac%ed%95%ad/?term_id&slug=1798,"동작구 [청년센터 운영 사업] 안내
우리구에서는 고용노동부 주관 공모사업인 「청년센터 운영 사업」선정·운영 중으로, 지역 청년 대상 진로 지도 및 취업지원서비스, 청년정책 홍보 등 다양한 프로그램을 아래와 같이 운영하고 있습니다. 관심있는 학생들의 많은 참여를 바랍니다.
★청년센터 소개
(1) 청년 역량강화 프로그램
장기 미취업 상태인 청년층 대상 4차 산업분야 전문역량 강화 및 힐링 프로그램 운영
– 4차 산업분야 취업 역량 강화
– 취업준비생 회복 탄력성 강화
– 예비 사회초년생 사회적응 역량 강화
(2) 청년 희망멘토링
장기 구직자, 장수 공시생 등 취약청년층 대상 밀착 멘토링 운영
– 1:1 취업상담 지원
– 취업스터디 등 활동비 지원
– 현직자 멘토링·특강
(3) 청년정책 홍보 및 참여
노량진청년일자리센터와 온라인청년센터를 연계하여 다양한 청년정책 안내 및 홍보
·노량진청년일자리센터 내 직업선호도검사 및 상담프로그램 연계로 정책 홍보 강화
·프로그램 참여자에게 온청 영상자료 등 홍보"
christian_studies,[국립국제교육원] 2021년 하반기 한·미 대학생 연수(WEST) 참가자 모집 안내,N/A,2021-08-11,https://docs.ssu.ac.kr/%ed%95%99%ea%b3%bc%ec%82%ac%eb%ac%b4%ec%8b%a4%ec%95%8c%eb%a6%bc/%ea%b3%b5%ec%a7%80%ec%82%ac%ed%95%ad/?term_id&slug=1789,"2021년 하반기 한·미 대학생 연수(WEST) 참가자 모집 안내
교육부 국립국제교육원에서는 대학생들에게 어학연수 및 다양한 인턴십 기회를 제공하여 경력 및 진로 설계를 돕고, 이를 통해 글로벌 감각을 갖춘 핵심인재를 양성하기 위하여 한·미 대학생 연수(WEST) 프로그램을 운영하고 있습니다. 이와 관련하여,
2021년 하반기 WEST 참가자 모집 계획
을 안내<붙임1> 드리오니,
귀 대학 소속 학생들의 많은 참여 바랍니다.
자세한 사항은 첨부자료를 확인하여 주시기 바랍니다.
※ WEST 프로그램 설명회 영상 SNS 공개(
인스타그램 koreawest_official/ 유튜브 KOREA WEST
/ 8.12.이후 순차적으로 업로드 예정)
★ 학교에 제출하는 서류에 대한 공지는 추후 학교 홈페이지 공지 참조."
christian_studies,[국립국제교육원] 2022-2023 스위스 정부초청 장학생 선발 안내,N/A,2021-08-11,https://docs.ssu.ac.kr/%ed%95%99%ea%b3%bc%ec%82%ac%eb%ac%b4%ec%8b%a4%ec%95%8c%eb%a6%bc/%ea%b3%b5%ec%a7%80%ec%82%ac%ed%95%ad/?term_id&slug=1779,"2022-2023 스위스 정부초청 장학생 선발 안내
2022-2023 스위스 정부초청 장학생 선발을 다음과 같이 안내하오니, 관심있는 학생의 많은 지원 바랍니다.
가. 선발 인원 :  약간 명
나. 지원 자격 : 해외유학에 결격사유가 없는
대한민국 국적자
※
선발 과정별 지원 자격이 상이하므로, 반드시 모집요강 확인 후 지원할 것
다. 선발 과정
1) 예술(Arts) 과정
2) 박사(Phd) 과정
3) 박사 후(Postdoc) 과정
4) 연구(Research) 과정
라. 지원 기한 : 2021.08.10.(화) ~ 2021.11.10.(수)
마. 제출서류 등 세부사항 : <붙임> 참조
바. 문의처 : 주한스위스대사관
1) 이메일 :
seoul.science@eda.admin.ch
2) 홈페이지 : 선발 및 지원 관련 안내
(
https://swissnex.org/network/seoul/academia/scholarships
)"
christian_studies,[교육부] 2021 대한민국 인재상 선발 안내,N/A,2021-08-03,https://docs.ssu.ac.kr/%ed%95%99%ea%b3%bc%ec%82%ac%eb%ac%b4%ec%8b%a4%ec%95%8c%eb%a6%bc/%ea%b3%b5%ec%a7%80%ec%82%ac%ed%95%ad/?term_id&slug=1771,"2021 대한민국 인재상 선발 안내
교육부는 2001년부터 다양한 분야에서 꿈, 열정, 도전의 자세로 자신의 삶을 개척하는 대한민국 청년인재를 발굴하는 <대한민국 인재상> 사업을 추진하고 있습니다. 이와 관련하여, <2021년 대한민국인재상> 선발을 위한 후보자 접수를 2021년 7월 30일(금)부터 8월27일(금)까지 실시하오니, 관심있는 소속 학생들이 참여할 수 있기 바랍니다.
자세한 사항은 첨부파일을 참조하여 주시기 바랍니다. 🙂"
christian_studies,[장학] 2021-2학기 학과근로장학생 선발 안내,N/A,2021-08-02,https://docs.ssu.ac.kr/%ed%95%99%ea%b3%bc%ec%82%ac%eb%ac%b4%ec%8b%a4%ec%95%8c%eb%a6%bc/%ea%b3%b5%ec%a7%80%ec%82%ac%ed%95%ad/?term_id&slug=1761,"2021-2학기 학과근로장학생 선발 안내
기독교학과에서는 2021-2학기 학과사무실의 전반적인 운영을 도울 책임감 있고 성실한 근로장학생을 기다립니다. 2021-1학기 기독교학과 사무실 학과근로장학생 선발에 학생 여러분의 많은 지원 바랍니다. 자세한 사항은 아래 공고문을 확인하여 주시기 바랍니다.
1. 모집인원 및 구분
장학금명
시간당 장학금액
총 근로시간(학기)
1인당 장학금액(원)
선발인원
학과근로A
8,750
10시간*20주=200시간
1,750,000
0명
학과근로B
8,750
5시간*20주=100시간
875,000
0명
※ 학과근로A/B 유형으로 최소 3~6명까지 선발 가능(지원 인원 및 지원유형에 따라 유동적으로 적용 예정).
2. 지원방법 및 일정
가. 신청기간: 2021년 7월 30(금) 10:00 ~ 8월 9일(월) 17:00
나. 학과근로장학생 최종선발 및 발표: 2021년 8월 18일(수) 예정
※ 최종선발 후, 8월 말 근무시간표 편성 및 오리엔테이션 진행 예정(추후 공지).
다. 학생신청방법: u-SAINT포털→등록/장학→근로장학금 신청→지원서 출력/제출
(1) 제출서류
– 지원서 (u-SAINT 출력본,
본인서명 필수
)
– 자기소개서 (첨부파일 참조, 워드로 작성)
(2) 제출방법(모든 서류에 본인 서명 필수)
– 직접 방문: 기독교학과 사무실(조만식기념관 12640호)
– 이메일 접수: enchristo@ssu.ac.kr로 스캔하여 파일 전송(
본인서명 필수
).
※ 서명이 없는 경우, 서류 미비로 탈락될 수 있음.
3. 지원자격 및 선발기준
가. 2021학년도 2학기 국가장학금을
1차 신청
하고
소득분위가 8분위 이내
인 자
※ 국가장학금을 신청할 수 없는 대한민국 국적 미소지자도 선발 가능
(단, 순수외국인전형으로 입학한 외국인 유학생은 선발 불가)
나. 2021학년도 2학기 재학 및 복학예정자로 해당학기 등록금 납부 예정인 자
1) 2021학년도 2학기 전 등록휴학 후 복학시 선발 불가(등록대체자)
2) 학기 중 미등록, 입학취소, 복학취소 등으로 인한 학적변동시 모든 장학금 취소
3) 2021학년도 2학기 기준 이수학기가
2~7학기만 가능
(1학기 및 8학기 신청 불가)
다. 직전학기 취득학점 및 학업성적 제한 없음
라. 타 장학금과
중복수혜 가능
(근로장학금 간 중복 불가)
※ 본 장학금은 학업장려비 지원 목적으로 등록금(입학금 및 수업료)를 초과하여 지급
마. 학과별 배정인원 내에서 학과근로A 또는 B 타입 학과 자율선발 가능
(예: 학과근로B 2명 = 학과근로A 1명)
바. 국가근로장학생 및 교내근로장학생에 선발되지 않은 자
4. 기타 안내사항
가. 선발 기준은 성적, 생활태도 및 학과 참여도, 지도교수 상담 내용 등(우선순위 없음)을 기초하여 학과장이 결정
(타 학과 복수전공자는 주전공과목 수강 현황 반영)
나. 국가근로나 교내근로에 중복 지원한 경우, 선발 결과를 알게 된 즉시 연락 바랍니다.
다. 자세한 내용은 기독교학과 사무실로 문의 바랍니다. (02-820-0070)
첨부파일: 붙임1. 기독교학과_학과근로장학생_지원_자기소개서(양식)"
christian_studies,[외교부] 제7차 한일중 3국 협력 논문경진대회 개최,N/A,2021-07-13,https://docs.ssu.ac.kr/%ed%95%99%ea%b3%bc%ec%82%ac%eb%ac%b4%ec%8b%a4%ec%95%8c%eb%a6%bc/%ea%b3%b5%ec%a7%80%ec%82%ac%ed%95%ad/?term_id&slug=1754,"제7차 한일중 3국 협력 논문경진대회 개최
외교부에서는 한중일 3국 협력에 대한 국민들의 관심과 3국간 상호 이해를 높이기 위해 제7차 한일중 3국 협력 논문 경진대회를 다음과 같이 개최할 예정입니다.
가. 공모 주제: 한일중 3국 협력 및 발전과 관련된 자유 주제
나. 대상: 3국 협력에 관심 있는 모든 대학(원)생(국적 무관)
가가
※ 개인 또는 팀(4인 이하) 단위로 참가 가능
다. 접수 기간: 2021.9.1.~10.31.
라. 심사 방식: 서면(1차)→발표(2차) 심사
가가
※ 2차 심사 후 시상자(팀) 결정, 시상식 진행
마. 시상: 외교부 장관 명의 상장 및 상금(총 1,700만원) 수여
가가
ㅇ 최우수상(1팀, 500만원), 우수상(1팀, 300만원), 장려상(3팀, 150만원),  본선참가상(20인, 상금 20만원), 지도교수상(1팀, 상금 50만원)
사. 논문경진대회에 대한 비대면 설명회를 7.16.(금) 13:00~17:30간 진행 예정."
christian_studies,[장학] 2021-2학기 백마성적우수장학금 선발 기준 안내,N/A,2021-07-12,https://docs.ssu.ac.kr/%ed%95%99%ea%b3%bc%ec%82%ac%eb%ac%b4%ec%8b%a4%ec%95%8c%eb%a6%bc/%ea%b3%b5%ec%a7%80%ec%82%ac%ed%95%ad/?term_id&slug=1751,"2021-2
학기 백마성적우수장학금 선발 기준 안내
안녕하세요, 기독교학과 사무실입니다. 2021-2학기 백마성적우수장학금 선발 기준에 대한 안내입니다.
문의사항이 있는 경우, 학과사무실로 연락을 바랍니다. (☎02-820-0070)
1. 본교 자격요건
가. 2021학년도 2학기 국가장학금을 신청하여 소득분위 조회가 가능한 자
가가
1) 1차 신청자에 한하여 등록금고지서 사전감면
가가
2) 1차 미신청자 : 2차 신청/서류제출/구제신청 확인 후 사후지급
가가가
(2차 신청자 중 한국장학재단 구제신청기간에 구제신청 시 사후지급)
가가
3) 국가장학금을 신청할 수 없는 대한민국 국적 미소지자도 선발 가능
가가가
(단, 순수외국인전형으로 입학한 외국인유학생은 선발 불가)
나. 2021학년도 2학기 재학 및 복학예정자로 해당학기 등록금 납부 예정인 자
가가
1) 2021학년도 2학기 前등록휴학 후 복학시 선발대상에서 제외 (등록대체자)
가가
2) 학기 중 미등록, 입학취소, 복학취소 등으로 인한 학적변동시 모든 장학금 취소
가가
3) 선발 후, 학기 중 휴학 시 백마성적우수장학금은 복학학기로 이월
가
가가
※ 추가 또는 교체선발 시 재학 중인 학생만 선발 (휴학생에 대한 추가/교체 불가)
다. 직전학기 15학점 이상 이수한 자 (졸업 직전학기는 직전학기 12학점 이상)
라. 등록학기가 8학기 이내인 자 (건축학전공: 등록 10학기 이내인 자)
마. F학점 포함 학적부성적 기준 직전학기 3.5 이상인 자
바. 모든 교내장학금간 중복수혜 불가
가가
1) 신청장학금 중 수혜금액이 큰 장학금 자동선발
가가
2) 중복수혜 가능 장학금: 국가장학금, 교외장학금, 학업장려비 지원 목적 장학금 등
2. 2021-2
학기 선발 예정 인원
① 수업료 100% 4인
② 수업료 50% 2인
③ 수업료 25% 3인 (총 9명)
3. 2021-2
학기 백마성적우수장학금 선발 기준
① 직전 학기 평점평균 기준 각 학년 석차 1위
가가
①-1. 학년 석차 1위이나, 기 선발 장학금, 등록학기 등의 이유로 선발 불가할 수 있음.
가가
①-2. 학년 석차 1위가 선발되지 않는 경우, 학년 차점자 선발하지 않을 수 있음.
② 전체 석차 중, (각 학년 석차 1위 제외) 본교 장학팀 배정 인원까지 상위부터 선발.
③ 단, 동점자가 있을 경우 취득학점이 높은 학생을 상위 장학금에 배정.
④ 취득학점까지 동일할 경우, 다음 기준을 선발에 참고함.
가가
④-1. 가정형편 (소득분위 및 진로상담 내용)
가가
④-2. 학과 활동 참여도 (개·종강 총회, Workshop, 학생임원회, 운영위원회 등)
⑤ 각 호의 기준으로 우열이 나누어지지 않는 경우, 교수 회의를 통해 선발함."
christian_studies,[교원채용] 2021학년도 2학기 기독교학과 겸임교수 채용공고,N/A,2021-06-28,https://docs.ssu.ac.kr/%ed%95%99%ea%b3%bc%ec%82%ac%eb%ac%b4%ec%8b%a4%ec%95%8c%eb%a6%bc/%ea%b3%b5%ec%a7%80%ec%82%ac%ed%95%ad/?term_id&slug=1738,"2021
학년도
2
학기 숭실대학교 기독교학과 겸임교수 채용 공고
1. 채용분야
가. 채용분야: 세부 채용 분야 및 인원은 붙임의 「모집 단위 목록」 참조
나. 주의사항
1) 전체 채용 모집단위 중 한 개 모집단위에 한하여 지원가능(중복 지원 불가)
2) 실제 담당 교과목은 강의개설 여건, 폐강 및 교과과정 개편 등에 의해 변경될 수 있음
2. 지원자격
가. 지원자격 공통사항
1)「대학교원 자격기준 등에 관한 규정」에 따른 자격 기준을 충족하는 자
2) 관계 법령 및 본 대학교 규정에 따라 임용에 결격사유가 없는 자
3) 만 65세이하(1957.03.01. 이후 출생한 자)
나. 겸임교수 지원자격
1) 교육 및 연구경력연수: 연구실적연수와 교육경력연수 중 어느 하나가 기준에 미달하더라도 연구실적연수와 교육경력연수의 합계가 해당 기준을 충족하면 자격기준을 갖춘 것으로 본다.
대학졸업자·동등경력자
전문대학졸업자·동등경력자
연구실적연수
교육경력연수
계
연구실적연수
교육경력연수
계
겸임교수
2
2
4
3
4
7
※「기간제 및 단시간근로자 보호 등에 관한 법률」 제2조 제1호 및 제2호에 따른 기간 제근로자 및 단시간 근로자는 제외2) 원 소속기관에서 정규직으로 상시(유사경력 3년 이상)적으로 근무하고 있는 현직 근로자(무기계약직 지원 가능)
3) 순수 학술이론 과목이 아닌 실무·실험·실기 등 산업체 등의 현장 실무경험을 필요로 하는 교과목을 담당하기 위하여 임용된 자
4) 타 대학 전임교원 또는 전임연구원은 겸임교수에 임용 불가
5) 원 소속기관장의 겸직 동의가 있는 자
3. 임용조건
가. 임용예정일: 2021년 9월 1일
나. 임용기간: 2021년 9월 1일 ~ 2022년 8월 31일
다. 보수: 본 대학교 보수지급 기준에 따름
라. 재임용 사항: 겸임교수의 계약기간은 1년이며, 재임용 절차를 보장하지 않음
4. 심사단계 및 기준
가. 1단계(서류심사): 서류심사(기초 및 전공심사)는 지원자의 지원서 작성내용 및 서류 (자기소개서, 강의계획서, 연구업적목록 등)를 종합적으로 평가함
나. 2단계(면접심사) : 지원자의 교육역량 및 교육자적 자질 등을 종합적으로 평가함. (면접심사를 실시하는 경우, 학과에서 개별적으로 연락 후 진행함.)
5. 심사 일정
가. 서류 제출 마감일 이후, 기독교학과에서 해당자에게 개별 연락 예정.
나. 심사 및 채용 일정은 진행 경과에 따라 조정될 수 있음.
6. 지원방법 및 제출서류 안내
가. 지원서 접수
1) 지원서 접수 일정: 2021년 6월 28일(월) 10:00 ~ 2021년 7월 2일(금) 17:00
2) 접수 방법: 이메일, 우편 또는 방문접수
※ 우편은 접수마감일(2021.01.18) 17:00까지 도착분(접수분)에 한하여 인정
※ COVID-19로 인하여 이메일 접수를 권장
3) 정해진 양식 외 제출서류는 모두 PDF파일로 스캔하여 첨부
접수기간 내에 접수 완료된 지원자에 한해 평가가 진행되며, 접수기간 종료 후에는 수정, 접수가 불가능하니 반드시 마감 전에 접수를 완료해야 함.
나. 지원자 제출서류
1) 임용지원서(신상정보)
– 지정된 서식을 다운로드 받아 작성 후 파일 첨부
2) 자기소개서 1부
– 지정된 서식을 다운로드 받아 작성 후 파일 첨부
3) 강의계획서 1부
– 지정된 서식을 다운로드 받아 작성 후 파일 첨부
4) 학위별 학력증명서 및 성적증명서 각 1부
– 원본을 스캔하여 PDF파일로 첨부
5) 강의경력증명서 각 1부 [최근 4년간]
– 원본을 스캔하여 PDF파일로 첨부
– 입력한 내용과 일치하여야 하며, 증명서가 없는 경력사항은 인정하지 않음
6) 재직 및 기타 경력사항 증빙서류 각 1부 [최근 4년간]
– 원본을 스캔하여 PDF파일로 첨부
– 입력한 내용과 일치하여야 하며, 증명서가 없는 경력사항은 인정하지 않음
7) 연구실적목록 1부 [최근 4년간]
– 지정된 서식을 다운로드 받아 작성 후 파일 첨부
– 연구업적은 최근 4년간(2017.07.03.~2021.07.02.)이며, 대표 논문업적 5편 이내로 제출
– 게재 예정이거나 출판되지 않은 것은 실적으로 인정되지 않음
8) 연구실적 증빙물
– 연구실적목록에 기재된 연구실적 원본을 스캔하여 PDF파일로 첨부
– 연구실적 증빙물은 모아서 파일 1개로 통합하여 첨부
* 최종학위 논문: 표지, 초록부분
* 학술지 논문: 표지, 초록부분(학술지명, 발행년월,권호,저자명 등이 표기된 부분)
* 저서/번역서: 표지, 목차, 머리말, 본문의 일부(처음 3~4페이지), 판권(발행년 월, 개정여부, 저자명 포함)
* 연구실적 증빙물 제출시 연구실적목록 상의 순서대로 정렬하여 제출
※ 겸임교수 제출서류 유의사항
–
현 재직기관에서
3
년 이상 근무하지 않은 자는 이전 재직기관의 경력증명서를 함께 제출
(
합계 재직기간
3
년 이상이 되어야 함
)
– 겸임교수는 최종 합격 후 본직기관 겸직동의서를 추가로 제출하여야 함
※ 제출서류를 접수기간 내에 입력하지 않는 경우에는 서류미비로 미접수 처리됨
※ 최종 합격자에 한하여 제출서류 원본 일체를 우편 또는 방문 제출
※ 합격자 추가 제출서류 등 자세한 설명은 최종합격자 발표 시 안내할 예정
7. 지원자 유의사항
가. 해당 분야에 적임자가 없는 경우 채용하지 않을 수 있음
나. 채용과 관련된 제반 일정은 본교 사정에 의해 변경될 수 있음
다. 임용 이후 학사운영 및 교과과정 조정에 따라 담당 교과목 및 강의시간이 변경될 수 있음
라. 신원조회 및 성범죄경력조회 결과 이상이 있으면 합격이 취소될 수 있음
마. 제출된 서류는 일체 반환하지 않으며, 임용에 결격사유가 있거나 제출된 서류의 내용이 사실과 다를 경우 임용 취소함
바. 합격자에 한해 추가 증빙서류 제출을 요구할 수 있음
사. 각종 증명서류는 최근 3개월 이내 발급 본 제출을 원칙으로 하며, 원본은 최종 합격 이후에 제출함
아. 재임용 제외 사유에 해당되는 모집단위는 재임용이 보장되지 않음
자. 최종합격자 발표 기간 중 합격자 제출서류를 정해진 기간 내에 제출하지 않을 경우 임용을 포기한 것으로 간주하며, 심사 결과에 따른 차순위후보자를 임용할 수 있음
차. 평가방법은 추후 사정에 따라 변경될 수 있음
8. 문의처
가. 지원 자격 및 개설과목 문의: 기독교학과(02-820-0070, 근무시간 월~금 10:00-17:00)
나. 공고 관련 문의: 기독교학과(02-820-0070) 및 교무팀 (02-820-0143)
※ 공휴일(토,일)은 전화문의에 응대할 수 없으니 유의하시기 바랍니다."
christian_studies,[창업지원] 창업지원단 2021년 여름방학 청년취업 아카데미 강좌 개설 안내,N/A,2021-06-18,https://docs.ssu.ac.kr/%ed%95%99%ea%b3%bc%ec%82%ac%eb%ac%b4%ec%8b%a4%ec%95%8c%eb%a6%bc/%ea%b3%b5%ec%a7%80%ec%82%ac%ed%95%ad/?term_id&slug=1731,"창업지원단 2021년 여름방학 청년취업 아카데미 강좌 개설 안내
창업지원단에서는 2021년 에듀테크 창업혁신 프로젝트의 일환으로 청년취업 아카데미를 다음과 같이 개최하오니 관련 분야로 창업 및 취업을 원하는 학생들의 많은 참여 바랍니다.
1. 프로그램명: 청년취업 아카데미
2. 모집대상
1) 에듀테크 IT분야에 취업을 원하는 취업준비생, 일반인(이공계열 전공자 우대)
2) 사업자 미등록자, 다른 기관의 일자리사업 미참여자, 고용보험 미가입자
3) 운영기간동안 성실하게 과목을 이수할 수 있는 자
4) 8월 현장실습이 가능한 자
※ 4년제 대학생의 경우 모집일 기준 7학기(4-1학기) 이수자로서 2021년 8월 및 2022년 2월 졸업예정자만 가능
3. 운영기간: 2021. 6. 28.(월)~7. 28.(수)
4. 수강혜택
1) 80%이상 수강시 수료증 발급
2) 8월 현장실습 지원시 현장실습비 1인당 200만원 지원(강의별 5명, 총 10명 지원)
5. 세부내역
개설과목명
진행시간
강의요일
강의방법
강의장소
강의시간
모집인원
빅데이터
09:00~13:00
월~금
대면강의
숭실대학교
강의실
1일 4시간
총 92시간
과정별 20명
파이썬
14:00~18:00
6. 기타
가. 수강료 무료 및 교재제공"
christian_studies,[학술지원] 2021학년도 6월 중앙도서관 학술DB 정보활용교육 안내,N/A,2021-06-11,https://docs.ssu.ac.kr/%ed%95%99%ea%b3%bc%ec%82%ac%eb%ac%b4%ec%8b%a4%ec%95%8c%eb%a6%bc/%ea%b3%b5%ec%a7%80%ec%82%ac%ed%95%ad/?term_id&slug=1722,"2021학년도 6월 중앙도서관 학술DB 정보활용교육 안내
6월에는 학위논문과 레포트 작성에 필수적인 해외 DB
ProQuest Central
과 해외석박사 논문 전문
DB PQDT Global
활용강의와 서지관리도구
EndNote20
강의를 준비했습니다. 관심있는 학생들의 많은 참여를 바랍니다.
1. 신청방법 : 홈페이지 신청
https://oasis.ssu.ac.kr/#/education/result/?offset=0&max=20
2. 강의방법 : 실시간 온라인 강좌
3. 교육 참여자 대상으로 퀴즈와 추첨을 통해 문화상품권과 선물을 드릴 예정입니다.
4. 강의내용 및 일시
구분
내용
일시
ProQuest Central
&
PQDT Global
해외 전 주제 분야 학술DB ProQuest Central 활용법
해외 석박사 학위논문 DB PQDT Global을 활용한 학위논문 검색(서지정보 1630년부터, 원문정보 1743년부터 검색가능)
원문 외 Supplemetnal files 검색법
05.29.(화)
14:00~15:30
EndNote20
논문/레포트 작성시 필수적인 참고문헌 관리도구
EndNote20를 활용한 자료수집 및 반입관리
MS Word 프로그램을 활용한 참고문헌인용 및 수타일변환법
06.30.(수)
14:00~15:30"
christian_studies,[융합교육] 2021-1학기 비공학계 캡스톤 디자인 성과 전시회 온라인 학생 평가단 모집,N/A,2021-06-03,https://docs.ssu.ac.kr/%ed%95%99%ea%b3%bc%ec%82%ac%eb%ac%b4%ec%8b%a4%ec%95%8c%eb%a6%bc/%ea%b3%b5%ec%a7%80%ec%82%ac%ed%95%ad/?term_id&slug=1716,"2021-1학기 비공학계 캡스톤 디자인 성과 전시회 온라인 학생 평가단 모집
2021-1학기 비공학계 캡스톤 디자인 온라인 성과 전시회 학생 평가자를 모집하오니 많은 학생의 지원 바랍니다.
1. 신청방법: 비교과 펀 시스템(https://sun.ssu.ac.kr)에서 “2021-1 캡스톤 디자인 온라인 성과 전시회 학생 평가단” 신청
2. 신청일자: 2021.06.02(수)~ 2021.06.16(수)
3. 활동내용: YouTube 채널에서 각 팀별 성과물 시청 후 온라인 설문 평가지 응답
가
※ 기타 세부사항은 펀 시스템 참고
4. 혜택
가
가. 참여 평가자 중 성의 있는 평가 참여자에 상품 지급
가
나. 참여 평가자 중 추첨을 통한 상품 지급
가
다. 참여 평가자 전원 비교과  마일리지 300점 지급 (누적 마일리지에 따라 장학금, 식권 등 수령 가능)
가
라. 평가 참여증서 발급"
christian_studies,[중앙도서관] 2021학년도 신입생 대상 정보활용교육 & 퀴즈대회 안내,N/A,2021-06-03,https://docs.ssu.ac.kr/%ed%95%99%ea%b3%bc%ec%82%ac%eb%ac%b4%ec%8b%a4%ec%95%8c%eb%a6%bc/%ea%b3%b5%ec%a7%80%ec%82%ac%ed%95%ad/?term_id&slug=1712,"2021학년도 신입생 대상 정보활용교육 & 퀴즈대회 안내
1. 행사명 :
A+ 대학생활을 위한 도서관 활용법 & 퀴즈대회
2. 목 적
가. 도서관 서비스와 학술자료 활용교육을 통한 학생들의 정보리터러시 향상과 학습윤리 교육
나. 도서관 제공 학술서비스, 소장자료,  전자자료(저널, 학술DB, e-Book, e-Learning 등) 홍보와 이용 촉진
4. 일 시 : 2021.06.24(목) 15:00~17:00
5. 대 상
:
2020-21학년도 신입생
*2020학년도 신입생 대상 교육이 전체 학부생대상 교육으로 대체된 관계로 참여대상을 확대하여 진행
6. 상세내용 및 진행방법
가. 도서관 홈페이지를 통해 신청 접수
https://oasis.ssu.ac.kr/#/education/result/?offset=0&max=20
나. 신청자들에게 교육에 참여할 수 있는  ZOOM 링크  발송
다. 도서관 서비스 안내 및 레포트 작성을 위한 학술정보활용 교육
다. ‘카훗’ 프로그램을 이용하여 실시간 퀴즈풀이 및 성적공지
라. 상위권 입상자에게 성적순으로 장학금 및 경품 수여 (붙임 파일 참고)
붙임1. 2021학년도 신입생 대상 도서관 활용퀴즈대회 포스터.pdf"
christian_studies,[진로취업] AI기반 취업솔루션 이용 안내,N/A,2021-05-31,https://docs.ssu.ac.kr/%ed%95%99%ea%b3%bc%ec%82%ac%eb%ac%b4%ec%8b%a4%ec%95%8c%eb%a6%bc/%ea%b3%b5%ec%a7%80%ec%82%ac%ed%95%ad/?term_id&slug=1707,"[진로취업센터] AI기반 취업솔루션 이용 안내
진로취업센터에서는 ‘AI기반 취업솔루션 서비스’를 지원하고 있습니다. 해당 서비스에 대해 아래와 같이 안내드리오니 학과(부) 학생들이 적극 활용할 수 있기 바랍니다. 🙂
1. 목적
가. 대기업부터 중소기업까지 AI를 활용한 면접 채용이 증가함에 따라, 변화하는 채용 트렌드에 맞춰 구직을 준비하는 학생들을 지원
나. 취업 준비에 많은 비용이 들어가는 구직 학생들에게 AI면접이라는 새로운 채용전형을 준비할 수 있도록 지원하여 경제적 부담 완화
2. 제공 서비스
가. AI면접(역량검사+게임) 연습
나. AI면접(역량검사+게임) 학습동영상
다. AI자소서 작성, 평가, 분석
3. 이용방법
: (붙임1) 참조"
christian_studies,[부천시] 「제6회 전국대학가요제」참가 신청 안내 (온라인 개최),N/A,2021-05-27,https://docs.ssu.ac.kr/%ed%95%99%ea%b3%bc%ec%82%ac%eb%ac%b4%ec%8b%a4%ec%95%8c%eb%a6%bc/%ea%b3%b5%ec%a7%80%ec%82%ac%ed%95%ad/?term_id&slug=1696,"제6회 전국대학가요제 참가 신청 안내(온라인 개최)
부천시에서는 2012년 제36회를 마지막으로 폐지된 대학가요제를 2016년도에 부천마루광장에서 화려하게 부활시켰습니다. 올해로 제6회를 맞이하는
「
제6회 전국
대학가요제」
는
코로나로 인해
온라인으로 개최
되며 아래에 자세한 내용을 안내하오니, 젊음, 낭만, 열정이 넘치는 특별한 음악축제에 많은 대학생 뮤지션들이 참여할 수 있기를 바랍니다.
제6회 전국대학가요제 개요
■ 행사일시 : 본선 2021. 9. 25.(토) 19:00 / 예선 2021. 8. 26.(목) 18:00
■ 관람장소 : 온라인 공개(부천시 홈페이지<문화관광>, 문화예술 유튜브 등)
■ 주최/주관 : 부천시 / 서울신학대학교 학교기업 더함 (대표: 함춘호)
■ 상   금 : 총 1,690만원(대상 1,000만원, 금상 300만원, 은상 200만원, 동상 100만원,  장려 50만원, 온라인 인기상 40만원
■ 주요내용 : 사전심사, 예선(45팀) 및 본선(12팀) 경연, 시상 등
참가 신청 방법
■ 접수기간 : 2021. 5. 31.(월) ~ 7. 2.(금)
■ 참가자격 : 대학생, 대학원생(휴학생, 졸업예정자 포함)
■ 참가형태 : 개인 또는 팀 (※ 2020년 전국 142팀 528명 참가)
■ 참가조건 : 기발표되지 않은 창작곡(장르 구분 없음)
■ 참가방법 :참가자 정보 및 음원, 악보 온라인 신청 (http://www.marubusking.com)
■ 참가문의 : marubusking@gmail.com
※ 당해 사업은 하반기 사업으로 정상 사업추진 중이나, 코로나19 거리두기 상황에 따라
대회 직전이라도 사업내용 변경(축소 또는 취소)할 수 있음."
christian_studies,[장학] 2021학년도 (재)롯데장학재단 멘토링 장학금 신청 안내,N/A,2021-05-27,https://docs.ssu.ac.kr/%ed%95%99%ea%b3%bc%ec%82%ac%eb%ac%b4%ec%8b%a4%ec%95%8c%eb%a6%bc/%ea%b3%b5%ec%a7%80%ec%82%ac%ed%95%ad/?term_id&slug=1693,"2021학년도 (재)롯데장학재단 멘토링 장학생 모집을 다음과 같이 안내해드리니, 소속 단과대학 및 학과(부) 학생들의 많은 지원 바랍니다. 🙂
가. 2021학년도 (재)롯데장학재단 38기 멘토링 장학생 선발 안내
1) 지원요건
가) 초·중·고등학생 학습지도(영어, 수학 등) 가능한 자(전공, 성별 무관)
나) 2021-2학기 기준 2학년 1학기 or 2학기 재학생
다) 2020-2학기 기준 총(평균) 평점 3.5/4.5 이상, 이수학점 12학점 이상
라) 2021-1학기 기준 소득구간 8구간 이내
2) 멘토링 활동내용
가) 활동내용: 초·중·고등학생 학습지도(영어, 수학 등)/온·오프라인 활동
나) 활동기간: 2021.09.01.~2022.08.31.(12개월)
다) 활동시간: 월 4회, 12시간 이상(년 150시간 이상/ 주 3시간 이상)
※활동장소는 대학 인근 센터로 추후 별도 안내 예정
3) 지원내용
가) 지원기간: 1년(2021년 2학기~2022년 1학기)
나) 장학금액(아래 1, 2 中 택1 )
(1) 등록금(수업료) 전액+멘토링 활동비(월 15만원)
(2) 생활비 300만원/학기 + 멘토링 활동비(월 15만원)
다)멘토링 장학생 특전
(1) 멘토링 활동 종료 후, 정규과정 종료 시 까지 장학금 지원(멘토링 활동 정상수료자 限)
(2) 재단지원 프로그램 제공(취업특강 및 문화활동 지원)
4) 신청기간: 2021.05.21.(금) ~ 06.04.(금) 15:00까지
5) 신청방법: 서류구비 후 직접 혹은 이메일 제출
-제출처: 숭실대학교 장학팀(학생회관 406호) 혹은 이메일(ser@ssu.ac.kr) 제출
※
자세한 사항은 숭실대학교 홈페이지 ‘장학’ 공지사항을 참고하여 주시기 바랍니다
."
christian_studies,[장학] 2021학년도 2학기 재학생 및 복학예정자 대상 교내장학금 신청 안내,N/A,2021-05-20,https://docs.ssu.ac.kr/%ed%95%99%ea%b3%bc%ec%82%ac%eb%ac%b4%ec%8b%a4%ec%95%8c%eb%a6%bc/%ea%b3%b5%ec%a7%80%ec%82%ac%ed%95%ad/?term_id&slug=1682,"2021
학년도
2
학기 재학생 및 복학예정자 대상 교내장학금 신청공고
※
본교에서 지급되는 모든 교내장학금은 아래 국가장학금 신청기간 내 국가장학금을 신청하고 서류제출을 완료하여 소득분위가 조회된 학생을 대상으로만 수혜자를 선정합니다
.
따라서
,
교내장학금을 수혜하려는 모든 학생은 반드시 교내장학금과 국가장학금을 모두 신청하시기 바랍니다
.
–
국가장학금 신청결과 제공되는 학생의 소득분위정보를 장학생 선발에 활용
–
국가장학금은 반드시 매학기 신청
(
서류제출 및 가구원동의 포함
)
하여야 함
.
1. 국가장학금 신청기간
:
2021
년
5
월
18
일
(
화
) ~ 6
월
21
일
(
월
) 18:00
까지
※ 한국장학재단 홈페이지(www.kosaf.go.kr) 공인인증 로그인 후 신청
※ ☆
중요
☆
재학생은 국가장학금
1
차 신청기간에만 신청 가능
2. 교내장학금 온라인 신청기간
가. 온라인신청 및 서류제출 기간
1)
정규신청
:
2021
년
5
월
24
일
(
월
) 10:00 ~ 6
월
18
일
(
금
) 17:00
까지
2) 추가신청 : 2021년 6월 28일(월) 10:00 ~ 7월 16일(금) 17:00까지
※ 주말(공휴일 포함) 24시간 온라인 신청 가능 (단, 마감일 제외)
※ 추가신청자는 반드시 국가장학금 1차 신청기간에 국가장학금을 신청하여야 함.
※ u-SAINT 입력 후 장학금 신청내역을 조회하여 장학금 신청이 정상적으로 완료되었는지 꼭 확인.
나. 서류제출이 필요한 장학금의 경우, 교내장학금 온라인 신청기간 내 반드시 제출
※ 방문 및 등기우편제출 가능 (FAX 불가)
※ 등기우편 제출 시 교내장학금 온라인 신청기간 내 장학팀 도착분만 인정
※ 단, 형제장학금의 경우, 등록기간 종료 시까지 서류제출 인정
※
서류는 제출일 기준
1
개월 이내에 발급된 것만 인정됨
다. 근로장학금(교내근로/학과근로) 신청 : 2021년 7월 공지 예정
3. 신청대상
:
2021
학년도
2
학기 재학생 및 복학예정자
4. 교내장학생 자격요건
가. 2021학년도 2학기 국가장학금을 신청하고 서류제출(가구원동의 포함)을 완료한 자
나. 2021학년도 2학기 재학생 및 복학(예정)자로 해당학기 등록금 납부 예정인 자
1) 2021학년도 2학기 前 등록휴학 후 복학생은 모든 장학금 선발에서 제외(등록대체)
2) 미등록, 입학취소, 복학취소, 휴학 등 학적변동시 모든 장학금 취소
다. 직전학기 15학점 이상 이수한 자 (2021년 2학기가 4학년 8학기인 자는 12학점 이상)
※ 건축학과 건축학전공 : 10학기는 직전학기 12학점 이상 이수(1∼9학기는 15학점 이상)
라. 등록 8학기 이내인 자(건축학과 건축학전공 : 등록 10학기 이내인 자)
예1) 학기취소 1회 후 8학기 진학예정인 경우 : 9회 등록금 납부이므로 선발 불가
예2) 학점 미 이수로 9학기 진학예정인 경우 : 9회 등록금 납부이므로 선발 불가
5. 교내장학생 공통사항
가
.
☆
중요
☆
모든 장학금은 등록금 내에서 다음 순서에 따라 우선 지급합니다
.
①
교외
(
외부
)
장학금
②
국가장학금
③
교내장학금
나. 성적 및 취득학점 산정방법
1) 평점평균(GPA) / 산술평균(100점만점) : F학점이 포함된 학적부성적 기준 산정
2) 취득학점 산정시 F학점은 0학점 취득으로 인정되어 취득학점 산정에서 제외
다. 온라인으로 반드시 신청해야 하며, 제출서류가 있는 장학금에 한하여 서류제출
※ 제출기간 내 미제출시 장학생 선발대상에서 제외
라. 모든 교내장학금은 중복수혜 불가
1) 장학금 간 중복신청 가능 (신청 장학금 중 수혜금액이 큰 장학금으로 자동선발)
2) 중복수혜 가능 장학금 : 국가장학금, 교외(외부)장학금, 근로장학금(교내/학과근로), 봉사장학금
– 수업료 범위 내 중복수혜 가능(근로장학금, 봉사장학금은 수업료 초과하여 수혜 가능)
마. 한국장학재단 중복지원방지사업 안내
1) 학자금대출액과 등록금 지원 목적 장학금 합계가 수업료 초과 시 중복지원 해당
2) 한국장학재단 콜센터를 통한 개별 해소 필수(다음 학기 국가장학금, 학자금대출에 영향)
6. 교내장학금별 선발자격 및 제출서류
:
장학금 선발자격 및 제출서류 안내
(
첨부문서 참조
)
7. 장학생 선발결과 발표 및 지급방식
가. 2021년 8월 중순 발표 예정 (u-Saint  등록/장학 및 등록금고지서 감면여부 확인가능)
나.
장학금신청시 계좌입력
:
우리은행 본인명의 개인계좌 입력 필수
다. 등록금 분할납부 신청 시, 등록금고지서에 감면된 장학금을 제외한 학생계좌지급 장학금은 분할납부 최종등록 완료 확인 후 지급"
christian_studies,[장학] 2021학년도 2학기 국가장학금 신청 안내,N/A,2021-05-20,https://docs.ssu.ac.kr/%ed%95%99%ea%b3%bc%ec%82%ac%eb%ac%b4%ec%8b%a4%ec%95%8c%eb%a6%bc/%ea%b3%b5%ec%a7%80%ec%82%ac%ed%95%ad/?term_id&slug=1671,"2021학년도 2학기 국가장학금 1차 신청일정을 다음과 같이 안내해드리니, 기독교학과 학생들은 장학금을 신청할 수 있기를 바랍니다.
가. 국가장학금 1차 신청기간 : 2021년 5월 18일(화) ~ 6월 17일(목) 18시
※ 공휴일, 일요일 포함 신청기간 내 24시간 신청 가능
※ 재학생이 1차 신청기간에 신청하지 않을 경우, ‘신청기간 미 준수’로 탈락됩니다.
(다만, 재학 중 2회에 한해 구제를 받을 수 있습니다.)
※ 1차 신청기간에 신청하지 않을 경우, 장학금 지급이 지연될 수 있습니다.
나. 서류제출 및 가구원 동의기간 : 2021년 5월 18일(화) ~ 6월 21일(월) 18시
※ 서류제출 및 가구원 동의 대상자는 반드시 이를 이행해야 장학금 신청이 완료됩니다.
다. 신청대상 : 대한민국 국적 학부생 (재학생,재입학생,복학생,휴학생 등 모든 학적 신청가능)
※ 국가장학금 최대 수혜횟수 범위 내에서 수혜 가능합니다.
라. 신청방법 : 한국장학재단 홈페이지 온라인신청
※ 붙임파일의 신청 매뉴얼 참조
※ 한국장학재단 홈페이지 주소 :
www.kosaf.go.kr
마. 상세안내: 학교 홈페이지 ‘장학’ 공지사항 참고
붙임1. 국가장학금 신청 매뉴얼 각 1부.
붙임2. 신청 홍보 이미지 각 1부.  끝."
christian_studies,[국립국제교육원] 2022년도 일본정부(문부과학성) 장학금 연구유학생 및 일한공동고등교육 유학생 교류사업(석사·박사학위 과정) 모집 안내,N/A,2021-05-04,https://docs.ssu.ac.kr/%ed%95%99%ea%b3%bc%ec%82%ac%eb%ac%b4%ec%8b%a4%ec%95%8c%eb%a6%bc/%ea%b3%b5%ec%a7%80%ec%82%ac%ed%95%ad/?term_id&slug=1640,"2022년도 일본정부(문부과학성) 장학금 연구유학생 및 일한공동고등교육 유학생 교류사업(석사·박사학위 과정)을 아래와 같이 안내하오니, 관심이 있는 학생 여러분의 많은 참여 바랍니다. 또한 관련 서류 준비하는 과정에서 필요한 사항이 있으면 학과사무실로 연락주시기 바랍니다. (행정적 처리 기간 1주일 소요 예정, 미리 연락주시지 않는 경우 서류 미비로 지원이 불가할 수 있음을 알려드립니다.)
가. 자격 및 조건
1) 연 령: 1987년 4월 2일 이후 출생한 대한민국 국적을 가진 자
2) 학 력: 일본의 대학졸업 또는 졸업예정자와 동등한 자격을 가진 자 등
3) 기 간: 원칙적으로 2022년 10월(또는 9월)부터 1년 6개월간(상위과정 진학시 연장 가능)
4) 장학금: 학비 및 항공요금 지급 외에 매월 약 143,000엔 지급 등
5) 인 원: 미정(2021년도: 이공계 분야 15명, 그 외 분야 20명 선발)
※ 각 학교 담당자는 모집요강을 충분히 숙지하여 부적격자는 추천하지 말 것
나. 접수 및 시험 일정: 자격 및 제출서류 등은
반드시
주한일본대사관 홈페이지의 모집 요강 등을 참조
1) 접수마감:
2021.5.28.(금)까지 각 기관에서 주한일본대사관 공보문화원에 직접 제출
2) 제출서류
가) 추천기관 서류
㉮ 학교장 명의 추천서(공문서)
㉯ 추천자 리스트(붙임 엑셀 파일 양식)
㉰ 각 응시자가 제출할 서류: ① 신청서 ② 배치희망대학 신청서 ③ 전공분야 및 연구계획 ④ 출신 대학 및 대학원 성적 증명서 ⑤ 출신 대학 및 대학원 졸업(수료) 증명서 또는 학위취득증명서 ⑥ 재적 대학 또는 최종 출신대학의 장 또는 담임 교원의 추천장 ⑦ 학위논문 개요 등 ⑧ 어학 능력 증명서 ⑨ 현 직장 상사의 추천서 ⑩ 작품의 사진 또는 연주 녹음 전자 매체 등 ㉠ 응모신청서 ㉡ 이중국적 확인서
나) 제출방법：
㉮와 ㉯는 이메일로, ㉰는 우편 또는 직접 제출
– 이메일:
yuhak@so.mofa.go.jp
– 제출 주소:
03131 서울특별시 종로구 율곡로 64 주한일본대사관 공보문화원
국비유학담당자
3) 시험 예정
가) 필기 시험
㉮ 일정: 2021.6.19.(토)
㉯ 장소: 서울 성동공업고등학교 및 주제주일본국총영사관
㉰ 내용: 영어，일본어 필기선고
나) 면접 시험
㉮ 일정: 2021.7.27.(화)~7.30.(금) 예정
㉯ 장소: 주한일본대사관 공보문화원
다) 결과 발표:
최종 합격자 결과 발표는 2022년 1월경 주한일본대사관 홈페이지를 통해 안내 예정
4. 기타
가. 상세 내용은 별첨 모집요강과 모집 절차 및 선고 일정에 대한 안내를 참조할 것
나. 선발 및 추천서 작성 등 문부성 장학금 문의처: 주한일본대사관 공보문화원
(전화: 02-765-3011, 내선번호 145, 이메일: yuhak@so.mofa.go.jp)
붙임  1. 2022년도 일본정부(문부과학성)장학금 연구유학생 및 일한공동고등교육 유학생 교류사업(석사·박사학위 과정) 모집 공문(일본대사관 공보문화원) 1부.
2. 2022년도 일본정부(문부과학성)장학금 유학생 응모 절차 및 선발 일정(연구유학생, 일한공동고등교육 유학생 교류사업) 1부.
3. 2022년도 일본 정부(문부과학성)장학금 연구유학생 모집요강 1부.
4. 2022년도 일한공동고등교육유학생교류사업(석박사 과정) 모집요강 1부.
5. 2022년도 일한공동고등교육유학생교류사업(석박사 과정) 모집요강(일본어) 1부.
6. 추천기관 추천자 리스트(연구유학생용) 1부.
7. ① 신청서(연구유학생 등 대학원 레벨) – 작성 요령 견본 1부.
8. ② 신청서(연구유학생 등 대학원 레벨) 배치희망대학 – 작성 요령 견본 1부.
9. ㉠ 응모신청서(석박사과정용) 1부.
10. ㉡ 이중국적 확인서 1부.  끝."
christian_studies,[국방부] ’21년도 군종사관후보생 선발 계획 안내,N/A,2021-04-28,https://docs.ssu.ac.kr/%ed%95%99%ea%b3%bc%ec%82%ac%eb%ac%b4%ec%8b%a4%ec%95%8c%eb%a6%bc/%ea%b3%b5%ec%a7%80%ec%82%ac%ed%95%ad/?term_id&slug=1628,"2021년도 군종사관후보생 선발 계획 공고 안내드리오니, 학생 여러분의 많은 참여 바랍니다.
자세한 사항은 첨부파일을 참조하여 주시기 바랍니다.
가
.
원서교부 및 접수
1) 원서 접수기간 : 6.1.(월)~6.8.(화) 09:00~18:00
2) 원서 접수방법 : 인터넷 접수
가) 군종사관후보생 선발 홈페이지(
http://gunjong.mnd.go.kr
)
* 붙임. “21군종사관후보생 선발시험 원서접수 방법” 및
“아이핀 온라인 발급 안내” 참조
– 아이핀 발급 홈페이지(http://niceipin.co.kr/niceipin/sub01.asp)
나) 응시원서 응시표는 접수가 끝난 후 국방부에서 일괄 접수번호
부여 후 시스템에서 6.23.(수) 09:00부터 출력 가능
나
.
필기시험
1) 일시 : 7.17.(토) 09:30~12:00 (09:10까지 입실하여야 합니다.)
2) 장소 :
총신대학교
(서울시 동작구 사당3동 산31-3)
3) 준비물 : 응시표,
필기구
(
컴퓨터용 흑색 사인펜
), 수정테이프
신분증(주민등록증, 운전면허증, 여권 중 택일)
※ 신분증, 응시표를 제시하지 않는 경우에는 시험에 응시할 수 없습니다.
4) 학교 운동장이 협소하여 주차 공간이 부족하므로 대중교통 이용 권장
다
.
신체검사
1) 일시 : 8.13.(금) 09:00~12:00 ※ 국군수도병원 베데스다 교회에 08:30까지 집결
2) 장소 : 국군수도병원 (경기도 성남시 분당구 율동 소재)
라
.
인성검사
1) 일시 : 8.13.(금) 14:00~16:00 ※ 국군수도병원 4층 강당에 13:30까지 입실
2) 장소 : 국군수도병원 (경기도 성남시 분당구 율동 소재)
※ 당일 상황에 따라 시간 및 장소는 변동 가능
마
.
면접시험
1) 일시 : 8.24.(화) 13:30~18:00 ※ 국군중앙교회에 13:00까지 도착
2) 장소 : 국군중앙교회 (서울시 용산구 이태원로 22 국방부 서문)
바
.
선발심의위원회 개최
:
9.10.(금) 국방부 ※ 응시자는 참석하지 않습니다.
사
.
합격자 발표
1) 필기시험 합격자 : 8.4.(수) 소속 교단 및 학교에 통보
2) 최종 합격자 : 9.17.(금) 소속 교단 및 학교에 통보
아. 첨부파일
붙임1. 21년도 군종사관후보생 선발계획 공고문
붙임2. 21년 군종사관후보생 선발시험 원서접수 방법"
christian_studies,[공모] 대학혁신지원사업 공식 홍보영상 공모전 개최 안내,N/A,2021-04-21,https://docs.ssu.ac.kr/%ed%95%99%ea%b3%bc%ec%82%ac%eb%ac%b4%ec%8b%a4%ec%95%8c%eb%a6%bc/%ea%b3%b5%ec%a7%80%ec%82%ac%ed%95%ad/?term_id&slug=1607,"대학혁신지원사업 총괄협의회에서는 ‘대학혁신지원사업’의 홍보영상을 직접 기획하고 제작하는 장을 마련하고자 『대학혁신지원사업 공식 홍보영상 공모전』을 개최합니다. 대학혁신지원사업 회원교 학생들의 많은 참여를 위해 적극적인 참여를 부탁드립니다.
가. 공 모 명: 대학혁신지원사업 공식 홍보영상 공모전
나. 모집대상: 대학혁신지원사업 143개 회원교의 대학(원)생 및 교직원
다. 접수기간: 2021. 5. 3.(월) ~ 5. 28.(금) 18:00까지
라. 접수방법: 신청서와 영상파일 첨부하여 총괄협의회 이메일(
uispc@pusan.ac.kr
) 접수
※ 대학에서 취합하여 제출하지 않고 지원자 개인(팀)이 직접 신청
마. 세부사항: ［붙임1］의 공고문 참조
붙임 1. 대학혁신지원사업 공식 홍보영상 공모전 개최 공고문 1부
2. 공모전 포스터 1부
3. 공모신청서 1부.  끝."
christian_studies,[학술정보] 중앙도서관 미소장 자료 입수지원서비스 안내,N/A,2021-04-16,https://docs.ssu.ac.kr/%ed%95%99%ea%b3%bc%ec%82%ac%eb%ac%b4%ec%8b%a4%ec%95%8c%eb%a6%bc/%ea%b3%b5%ec%a7%80%ec%82%ac%ed%95%ad/?term_id&slug=1600,"본교 중앙도서관은 연구와 강의에 필요한 자료구입 시 발생하는 학교와 소속이용자들의 부담을 줄이기 위해 교내 미소장자료에 대해
원문복사와 상호대출 및 비용지원서비스를 제공하고 있습니다.
1. 내용
가. 명칭 : 교내 미소장 자료 제공 및 비용지원서비스
나. 대상 및 지원범위
1) 교수 : 예산범위내에서 전액 지원
2) 학생 : 건당 5,000원 이상 비용발생시 반액 지원 (*국내기관 문헌복사 평균 비용 약 2,000원)
3) 기간 : 당해 예산 소진시까지 상시 지원
2. 문의 : 중앙도서관 참고실 (☎820-0745~6,
dds@ssu.ac.kr
)
붙임 : 미소장자료제공 서비스 홍보포스터 1부."
christian_studies,[장학] 2021학년도 국가우수장학금(인문100년 외) 신규장학생 사전신청 안내,N/A,2021-03-24,https://docs.ssu.ac.kr/%ed%95%99%ea%b3%bc%ec%82%ac%eb%ac%b4%ec%8b%a4%ec%95%8c%eb%a6%bc/%ea%b3%b5%ec%a7%80%ec%82%ac%ed%95%ad/?term_id&slug=1584,"2021학년도 국가우수장학금(인문100년 외) 신규장학생 사전신청 안내
2021학년도 국가우수장학금(인문100년, 예술체육비전) 신규장학생 사전신청 관련하여 안내드리오니 관심이 있는 학생들은 신청할 수 있기 바랍니다.
1. 장학금명 및 선발대상
가
1) 인문100년
가가
가) 전공탐색유형(정규학기 내 최대 8학기 지원): 인문사회계열 학과(부)
2021학년도 신입생
가가
나) 전공확립유형(정규학기 내 최대 4학기 지원): 인문사회계열 학과(부)
3학년 1학기 재학생
가
2) 예술체육비전
가가
가) 전공탐색유형(정규학기 내 최대 8학기 지원): 예술 및 체육계열 학과(부) 2021학년도 신입생
가가
나) 전공확립유형(정규학기 내 최대 4학기 지원): 예술 및 체육계열 학과(부) 3학년 1학기 재학생
2. 지원내용
가
1) Ⅰ유형: 등록금 전액, 생활비 학기당 200만원
가
2) Ⅱ유형: 등록금 전액
가
※ 기초생활수급자의 경우 유형에 상관없이 학기당 생활비 200만원 추가 지원
3. 온라인 사전신청기간: 2021.3.17(수) ~ 4.13(화) 18시까지
가
※ 온라인 사전신청을 우선적으로 진행하며, 한국장학재단에서 배정인원 확정(5월 중) 후 서류제출 및 심사 관련 사항 별도 안내 예정
4. 신청방법: 신청 매뉴얼 참고
5. (붙임1) 장학금 신청 안내 포스터 1부.
5.
(붙임2) 장학금 신청 매뉴얼 1부.  끝."
christian_studies,[학사] 법학전문대학원 진학 시 본교 학생 성적평가 불이익 방지 안내,N/A,2021-03-23,https://docs.ssu.ac.kr/%ed%95%99%ea%b3%bc%ec%82%ac%eb%ac%b4%ec%8b%a4%ec%95%8c%eb%a6%bc/%ea%b3%b5%ec%a7%80%ec%82%ac%ed%95%ad/?term_id&slug=1578,"법학전문대학원 진학 시 본교 학생 성적평가 불이익 방지 안내
성적증명서 백분율 환산점수가 공정하게 적용되지 않아, 본교의 학생들이 전국 법학전문대학원에 지원하는 경우 상대적인 불이익이 없도록, 다음과 같이 조치하고자 합니다.
1. 본교의 총평점평균을 귀 대학원의 기준대로 백분율 환산점수 적용
2. 지속가능한 공정한 평가를 위해 동일하게 총평점평균을 적용하거나 동일한 기준의 백분율 환산점수를 적용
3. 사유
가
가. 서울지역 대학 성적증명서 백분율 환산점수를 조사한 결과, 본교의 경우 A+이면 성적평가등급이 97~100점 사이의 정확한 점수로 계산하여 총산술평균을 표기하는데, 일부 대학의 경우 A+를 일괄 100점으로 환산하여 상향 표기하고 있습니다.
나
나. 본교와 일부 대학 성적표기 차이 예시 (등급 A+ = 평점 4.5 경우)
나나
1) 본교:
97~100
점
(
상한
~
하한
)
나나
2) 일부 대학:
100
점
(
단일 점수
)
4. 붙임:  로스쿨 관련 학점반영 비교"
christian_studies,[교수학습] 2021-1학기 교수학습혁신센터 학습역량 강화 프로그램 학생 참여 안내,N/A,2021-03-22,https://docs.ssu.ac.kr/%ed%95%99%ea%b3%bc%ec%82%ac%eb%ac%b4%ec%8b%a4%ec%95%8c%eb%a6%bc/%ea%b3%b5%ec%a7%80%ec%82%ac%ed%95%ad/?term_id&slug=1569,"2021-1학기 교수학습혁신센터 학습역량 강화 프로그램 학생 참여 안내
교수학습혁신센터는 본교 학부생의 학습역량 강화를 목표로 2021-1학기 다음과 같이 비교과 프로그램을 운영합니다.
1. 모집 중 프로그램 목록(2021.03.19. 기준)
가
가. CoRE 튜터링 튜티(Tutee)
– 전공 교과목 학습역량, 비교과과(어학, 진로·취업 자격증, 공모전 등) 학습역량을 갖춘 1인의 튜터(Tutor)가 해당 학습에 도움이 필요한 3~7인의 튜티(Tutee)와 함께 주 1회 이상 정기적으로 온라인(ZOOM) 협동학습
– 대상: 학부 재학생
– 모집기간: ~3월 28일 (일)
– 상세안내 및 신청: https://fun.ssu.ac.kr/ko/program/all/view/1806
가
나. 학습동행 멘티(Mentee)
– 이전학기 학사경고자(평점평균 1.5미만), 학사경고 위험군 학생(평점평균 1.5이상 2.0미만)이 학습동기 제고, 학교생활 적응, 학습능력 향상 등을 목표로 멘토 학생, 전문 학습코치, 지도교수, 교수학습혁신센터와 한 학기 동행
– 대상: 학부 재학생
– 모집기간: ~3월 21일 (수)
– 상세안내 및 신청: https://fun.ssu.ac.kr/ko/program/all/view/1808
가
다. 외국인 학부생 튜터링 튜터(Tutor)
– 전공 교과목 학습 역량 또는 한국어 글쓰기 지도 능력을 갖춘 1인의 튜터(Tutor)가 해당 학습에 도움이 필요한 4~7인의 외국인 학부생 튜티(Tutee)와 팀을 이루어 주 1~2회 이상 정기적으로 협동학습
– 대상: 학부 재학생
– 모집기간: ~3월 28일 (일)
– 상세안내 및 신청: https://fun.ssu.ac.kr/ko/program/all/view/1817
가
라. 또래 학습코치 양성
– 학습, 정서에 어려움을 겪는 또래 학생 곁에서 공감과 격려를 바탕으로 든든한 지지자가 되어줄 또래 학습코치, 또래 학생이 학습, 학업, 대학생활을 잘 할 수 있도록 도와줄 또래 학습코치를 전문가 교육, 실습 등을 통해 양성
– 대상: 학부 재학생
– 모집기간: ~3월 29일 (월)
– 상세안내 및 신청: https://fun.ssu.ac.kr/ko/program/all/view/1818
가
마. 또래 학습코칭 (또래 코치에게 코칭 받기)
– 우리 학교 최고의 또래 코치와 참여학생이 학습, 정서 공감, 대학생활을 함께하는 프로그램. 참여학생과 또래 학습코치는 주 1회 이상 정기적으로 코칭(온라인 ZOOM 또는 오프라인 만남)을 실시
– 대상: 학부 재학생
– 모집기간: ~3월 31일 (수)
– 상세안내 및 신청: https://fun.ssu.ac.kr/ko/program/all/view/1819
가
바. 1:1 학습코칭
– 객원 전문 학습코치와 참여학생이 1:1로 만나 학습진로종합검사, 학습전략검사 결과를 바탕으로 학습전략 수립 및 실천(학생 개별 맞춤형 코칭)
– 대상: 학부 재학생
– 모집기간: 학기 중 상시
– 상세안내 및 신청(한국인): https://citl.ssu.ac.kr/ko/community/notice/view/2246
– 상세안내 및 신청(중국인): https://citl.ssu.ac.kr/ko/community/notice/view/2247
가
사. INNO-SCHOOL 프로젝트
– 참여학생 간 팀을 이루어 전공 교과 지식을 연계, 융합하여 지역사회 문제를 창의적으로 해결하는 프로그램
– 대상: 학부 재학생
– 모집기간: ~3월 28일 (일)
– 상세안내 및 신청(한국인): https://fun.ssu.ac.kr/ko/program/all/view/1811
가
아. 학습법 워크숍
– 1차: “로망의 대학생활, 벚꽃 스타트” (새내기 학습동기 강화 특강)
– 2차: “비대면 상황에서의 효과적인 자기주도 학습전략” (목표/시간관리법 특강)
– 대상: 학부 재학생
– 모집기간: 학기 중 상시
– 상세안내 및 신청(1차): https://fun.ssu.ac.kr/ko/program/all/view/1820
– 상세안내 및 신청(2차): https://fun.ssu.ac.kr/ko/program/all/view/1822
2. 문의처: 교수학습혁신팀(02-828-7135, 7136). 끝."
christian_studies,[학사] 2021-1학기 논문계획서 및 졸업논문(영어성적) 제출 안내(마감기한 연장),N/A,2021-03-10,https://docs.ssu.ac.kr/%ed%95%99%ea%b3%bc%ec%82%ac%eb%ac%b4%ec%8b%a4%ec%95%8c%eb%a6%bc/%ea%b3%b5%ec%a7%80%ec%82%ac%ed%95%ad/?term_id&slug=1562,"2021-1학기 논문계획서 및 졸업논문(영어성적) 제출 안내
졸업논문 및 논문대체 영어성적표 제출 안내 드립니다. 아래의 공지 참고하여 기한 내에 제출해주시기 바랍니다.
1. 논문계획서
(
논문대체계획서
)
제출
가
.
대상자
:
7
학기 이상 재학생
및 기제출자 중 주제 변경 희망자
나. 제출일 및 방법
–
3
월
31
일
(
수
) 17
시까지
첨부된 양식 작성하여 출력 후 학과사무실로 제출.
– 오프라인 방문이 어려운 경우, 작성 후 학과 메일(
enchristo@ssu.ac.kr
)로 제출.
– 양식: 첨부파일 참조
다. 작성 방법
– 논문대체 영어점수 제출 희망자: 논문 대체 선택 3가지 항목 중 하나에 체크하여 제출.
– 논문 제출 희망자: 논문제목 및 분야와 간단한 논문 개요를 작성하여 제출. (지도교수란 공란으로 제출)
2. 졸업논문
(
또는 공인 영어 성적표
)
제출
가
.
대상자
: 8
학기 이상 재학생 또는 졸업예정자
나. 제출일 및 방법:
– 논문: 스프링 제본이 완료된 논문을
6
월
18
일
(
금
) 17
시까지
학과사무실로 제출 (2권)
– 영어성적대체:
6
월
18
일
(
금
) 17
시까지
성적표 사본 1부를 학과사무실로 제출.
다. 분량: 표지와 목차를 제외한, 논문규격에 맞춘 A4용지 30장 내외
라. 양식: 첨부파일 참조
※ 논문은 졸업하는 학기에 제출합니다. 8학기 이상 이수를 해야 하는 학생은 학과사무실로 연락 바랍니다.
3. 유의사항
가. 수료생 중 졸업예정자 신청을 한 학생도 졸업예정자와 동일하게 졸업논문 절차를 진행하면 됩니다.
나. 논문계획서 제출 완료한 학생의 경우, 논문주제와 제목은 변경이 가능하지만, 이는 지도교수 확정 후 지도교수와 논의를 통해 진행할 수 있습니다.
다. 제출기한을 반드시 지켜주시기 바랍니다. 제출기한을 지키지 못했을 경우 불이익이 생길 수 있습니다. (접수 불가, 감점 등)
라. 논문은 스프링 제본을 마친 완본을 제출하여야 합니다. (2권 제출)
마. 논문 또는 영어자격시험 성적표 제출 마감 이후의 변경은 절대 불가함을 숙지 바랍니다.
바. 논문작성 시 반드시 규격을 준수하고 모르는 부분은 학과사무실(820-0070)에 문의하시기 바랍니다.
4. ★
특이사항
(2021-1학기에 한함)
가. 코로나19로 인한 공인 어학 시험 시행 취소로 2021-1학기에 한하여 논문계획서 기 제출자 중 영어 점수 제출에서 논문으로 졸업요건 변경이 가능합니다.
나. 영어점수 기 보유자의 경우, 제출 시점에서 유효기간이 1년 이내로 초과된 사항에 대하여 졸업요건으로 인정합니다.
Ex) 제출일 2020년 12월 18일, 소지하고 있는 영어점수 시험일 2017년 12월 17일인 경우 졸업요건으로 인정 가능.
5. 문의
: 기독교학과 사무실 02-820-0070 / enchristo@ssu.ac.kr
6. 첨부파일
(1) 졸업논문 규격
(2) 졸업논문 대체 인정 환산 점수표(영어성적기준)
(3) 졸업논문계획서 양식"
christian_studies,[장학] 2021학년도 1학기 국가 및 교내 장학금 신청 안내,N/A,2021-03-03,https://docs.ssu.ac.kr/%ed%95%99%ea%b3%bc%ec%82%ac%eb%ac%b4%ec%8b%a4%ec%95%8c%eb%a6%bc/%ea%b3%b5%ec%a7%80%ec%82%ac%ed%95%ad/?term_id&slug=1539,"2021학년도 1학기 국가 및 교내 장학금 신청 안내
가. 2021학년도 1학기 국가장학금 2차 신청 안내
1) 신청대상:  신·편입생, 재입학생, 복학생, 1차 미신청 재학생＊
＊재학생은 1차 신청이 원칙이나, 재학 중 2회의 한하여 구제신청서에 공인인증서 서명완료 시 재심사 후 지원가능
2) 신청기간: 2021.02.03(수) ~ 2021.03.16(화) 18시까지
3) 신청방법: 한국장학재단 홈페이지 및 모바일 앱에서 신청 가능
4) 문의처: 한국장학재단 콜센터 1599-2000
※ 국가장학금 신청한 학생에 한하여 교내장학금 수혜 가능합니다.
나. 2021학년도 1학기 교내장학금 신청 안내
1) 신청대상: 신·편입생, 재입학생, 복학생, 재학생
2) 자격요건
가) 2021-1학기 국가장학금을 신청하고 서류제출(가구원 동의 포함)을 완료한 자
나) 2021-1학기 신입생, 편입생, 복학생, 재입학생, 재학생으로 등록금 납부 예정인 자
※ 2021-1학기 전 등록휴학 후 복학생은 모든 장학금 선발에서 제외(등록대체)
※ 미등록, 입학취소, 복학취소 등으로 인한 학적변동 시 모든 장학금 취소
다) 직전학기 15학점 이상 이수한 자
※ 2021-1학기가 마지막 정규학기인 경우 직전학기 12학점 이상
라) 등록 8학기 이내인자(건축학과 건축학전공: 등록 10학기 이내인 자)
3) 온라인신청 및 서류제출기간: 2021.03.02(화) 10:00 ~ 2021.03.16(화) 17:00
4) 신청방법: 온라인 신청(유세인트 로그인 – 등록/장학 – 장학 – 장학금 신청)
※ 자세한 사항은 숭실대학교 홈페이지 ‘장학’ 공지사항을 참고하여 주시기 바랍니다."
christian_studies,[국제] 외국인 유학생 건강보험 당연적용 안내,N/A,2021-02-24,https://docs.ssu.ac.kr/%ed%95%99%ea%b3%bc%ec%82%ac%eb%ac%b4%ec%8b%a4%ec%95%8c%eb%a6%bc/%ea%b3%b5%ec%a7%80%ec%82%ac%ed%95%ad/?term_id&slug=1527,"외국인 유학생 건강보험 당연적용 안내
(2021.2.17.(수), 보건복지부)
1. 가입시기
체류자격 구분
적용 시기
유학(D-2), 초중고생(D-4-3)
· 최초입국
외국인등록일
· 재입국
재입국일
초중고생(D-4-3)외의 일반연수(D-4)
입국일로부터 6개월 후 가입
재외국민·재외동포 유학생
입국 후 학교 입학일로 가입(재학증명서 제출시)
※
국내 체류 중인 건강보험에 미가입 유학생은
2021.3.1.
로 당연 가입
2. 보험료 부과
(
유학생 월보험료
)
39,540원
가가
※ 첫 회 보험료(43,490원) = 4월 선납보험료(39,540원) + 1회 분할분(3,950원)
(
보험료 경감 및 납부
)
유학생 보험료 경감 70%로 확대
보험료부과월
현행
2021.3. ~ 2022.2.
경감률
50%
70%
※ 유학생의 부담을 줄이기 위해 2021.3월분은 10회로 분납됩니다.
납부기한
: 다음달 보험료를 매월 25일까지 미리 납부
납부방법
: 자동이체, 은행, 공단지사(신용카드), 징수포털 등
전자고지
·
자동이체 및 환급사전계좌 신청
– 우편고지서 대신 이메일 고지서 또는 모바일 고지서 신청 가능
– 자동이체를 신청하면 지정일에 자동으로 보험료 출금
– 환급사전계좌를 신청하면 환급금 발생 시 등록된 계좌로 지급
3. 건강보험 혜택
–
(
즉시 혜택
)
복잡한 보험금 청구 절차 없음
–
(
보장 횟수
‧
금액
)
횟수·금액 제한 없음(완치 시까지 보장)
–
(
건강검진
)
일반검진(공단 전액 부담), 암검진(공단 90%부담)
• 일반검진: 직장가입자, 지역세대주, 만20세 이상 세대원과 피부양자
※ 출생년도에 따라 2년(비사무직은 1년)마다 실시
• 암검진: 위암, 간암, 대장암, 유방암, 자궁경부암, 폐암
• 영유아검진: 생후 4개월 ~ 71개월의 영유아(건강검진 7회, 구강검진 3회)
※ 건강검진은 지정된 검진기관 예약 및 안내에 따라 검진 실시
–
(
본인부담금 상한제
)
연간 건강보험 본인부담금 총액이 81만원~582만원(보험료수준에 따라 7단계로 차등적용)을 넘는 경우 그 초과금액을 환급
※ 유학생 보험료 35,460원→본인부담금 152만원 초과시 초과금액을 환급
–
(
본인부담금 산정특례
)
진료비 부담이 높은 암, 중증치매, 희귀‧중증난치질환, 결핵 등에 대해 본인부담률을 경감
※ 적용 시 본인부담금: 외래·입원 관계없이 0~10%
–
(
간호
‧
간병통합서비스
)
입원 시 보호자, 간병인 등이 상주하지 않고 간호사 등 전문간호인력에 의한 포괄적인 입원서비스 제공
※ 병원급 이상 의료기관 중 일부 병동 입원환자 대상(간병부담 경감, 서비스 향상)
–
(
임신
‧
출산 진료비 지원
)
임신‧출산 관련 진료 및 처방된 약제·치료재료 구입에 사용할 수 있는 이용권(바우처카드) 제공
• 임신 1회당 일태아 60만원(다태아 100만원)
• 신청 당시 분만취약지에 거주하면서 연속 30일 이상 거주한 임산부의 경우 20만원 추가 지급
※ 외국인의 경우 ‘건강보험 임신·출산 진료비 추가 지급 신청서’ 제출
– 외래진료: 30 ~ 60% (요양기관 종류 및 소재지에 따라 차이)※ (본인부담금) 의료기관 이용 시 비용의 일부만 부담
– 입원진료: 20% (비급여 등 제외)
4. 가입절차
별도 신고 없이 공단에서
자동 가입 처리
국내 체류지(거소지)로 건강보험증과 가입안내문 발송
아래의 경우 반드시 가까운 지사에 방문하여 신고
※ 서울‧경기‧인천 지역의 경우 관할 외국인민원센터에 신고
– 건강보험에 가입되지 않은 경우
– 가족(배우자 및 미성년 자녀)과 함께 보험료를 납부하고자 하는 경우
– 국내에서 유학 중인 재외국민 또는 재외동포(F-4)인 경우
– 체류지(거소지), 여권번호, 체류자격 등에 변경사항이 있는 경우
–
건강보험 가입제외 신청대상
신청대상 : 외국의 법령, 외국의 보험, 사용자와의 계약으로 법 제41조에 따른 요양급여에 상당하는 의료보장을 받을 수 있는 경우
제출서류 : 가입제외신청서, 보험증서 등 의료보장을 받을 수 있음을 증명하는 서류
(
동일세대
인정 범위
)
배우자 및 미성년 자녀와 국내 체류지(거소지)가 동일해야 함
5. 가족인정기준 및 서류제출기준
(
가족관계서류 제출기준
)
서류발급
⇨
서류인증
⇨
번역공증
가족관계
혼인이혼사실
국적외교부 또는
아포스티유 확인
공증받은
한글번역본 첨부
※ 번역공증 및 서류 유효기간 등 자세한 내용은 공단 홈페이지 참고
6. 보험료 체납 시
(
보험급여제한
)
납부기한 다음달 1일부터 보험료를 완납할 때까지 병· 의원 방문 시 건강보험 혜택 제한
(
비자연장 등 제한
)
법무부에 비자연장 등 체류허가 신청 시 불이익 발생
(
체납처분
)
기간을 정하여 독촉하고, 그 기한까지 보험료를 납부하지 않으면 소득· 재산 ·자동차 · 예금 등에 대한 체납처분을 통해 법적 징수함
보험료를 체납하는 경우 보험급여가 제한되고 비자연장에 불이익이 있습니다
.
7. 외국인민원센터 운영안내
(
처리업무
)
건강보험 지역가입자 및 피부양자의 자격취득, 자격관리, 보험료 수납 등
(
이용대상
)
아래 지역에 거주하는 외국인 및 재외국민
센터명
관할지역
서울센터
서울 전역
안산센터
안산, 시흥, 군포
수원센터
수원, 용인, 화성, 오산, 성남
인천센터
인천, 부천, 김포, 광명
의정부센터
의정부, 남양주, 가평, 포천, 동두천, 연천,
양주, 구리, 고양, 파주
※ 그 외 지역에 거주하는 경우 가까운 지사로 방문"
christian_studies,[장학] 2021-1학기 기독교학과 학과근로장학생 선발 공고,N/A,2021-01-18,https://docs.ssu.ac.kr/%ed%95%99%ea%b3%bc%ec%82%ac%eb%ac%b4%ec%8b%a4%ec%95%8c%eb%a6%bc/%ea%b3%b5%ec%a7%80%ec%82%ac%ed%95%ad/?term_id&slug=1492,"안녕하세요, 기독교학과 사무실입니다.
기독교학과에서는 2021-1학기 학과사무실의 전반적인 운영을 도울 책임감 있고 성실한 근로장학생
을 기다립니다. 아래의 공고문을 확인하시고,
2021-1학기 기독교학과 사무실 학과근로장학생 선발
에 학생 여러분의 많은 지원 바랍니다.
1. 모집인원 및 구분
장학금명
시간당 장학금액
총 근로시간(학기)
1인당 장학금액(원)
선발인원
학과근로A
8,750원
10시간*20주=200시간
1,750,000
0명
학과근로B
8,750원
5시간*20주=100시간
875,000
0명
※ 학과근로A/B 유형으로 최소 3명~6명까지 선발 가능(지원인원 및 지원유형에 따라 유동적으로 적용).
2. 지원방법 및 일정
가
가. 신청기간:
2021년 1월 18(월) 10:00~ 1월 29일(금) 17:00
가
나. 학과근로장학생 최종선발 및 발표:
2021년 2월 9일(화)
예정
가
※ 최종선발 후, 2월 말 근무시간표 편성 및 오리엔테이션 진행 예정(추후 공지).
가
다. 학생신청방법: u-SAINT포털→등록/장학→근로장학금 신청→지원서 출력/제출
가
가
(1) 제출서류
가
가
–
지원서
(u-SAINT 출력본, 본인서명 필수)
가
가
–
자기소개서
(첨부파일 참조, 워드로 작성)
가
가
(2) 제출방법(모든 서류에 본인 서명 필수)
가가
– 직접 방문: 기독교학과 사무실(조만식기념관 12640호)
가
가
– 이메일 접수:
enchristo@ssu.ac.kr
로 스캔하여 파일 전송.
가
가
※ 서명이 없는 경우, 서류 미비로 탈락될 수 있음.
3. 지원자격 및 선발기준
가
가. 2021학년도 1학기 국가장학금을 1차 신청하고 소득분위가 8분위 이내인 자
가
※ 국가장학금을 신청할 수 없는 대한민국 국적 미소지자도 선발 가능
가
(단, 순수외국인전형으로 입학한 외국인 유학생은 선발 불가)
가
나. 2021학년도 1학기 재학 및 복학예정자로 해당학기 등록금 납부 예정인 자
가
가
1) 2021학년도 1학기 전 등록휴학 후 복학 시 선발 불가(등록대체자)
가
가
2) 학기 중 미등록, 입학취소, 복학취소 등으로 인한 학적변동 시 모든 장학금 취소
가
가
3) 2021학년도 1학기 기준 이수학기가 2~7학기만 가능(1학기 및 8학기 신청 불가)
가
다. 직전학기 취득학점 및 학업성적 제한 없음
가
라. 타 장학금과 중복수혜 가능(근로장학금 간 중복 불가)
가
※ 본 장학금은 학업장려비 지원 목적으로 등록금(입학금 및 수업료)를 초과하여 지급
가
마. 학과별 배정인원 내에서 학과근로A 또는 B 타입 학과 자율선발 가능
가
(예: 학과근로B 2명 = 학과근로A 1명)
가
바. 국가근로장학생 및 교내근로장학생에 선발되지 않은 자
4. 기타 안내사항
가
가.
선발 기준은 성적, 생활태도 및 학과 참여도, 지도교수 상담 내용
등(우선순위 없음)을 기초하여
학과장이 결정
가
(타 학과 복수전공자는 본 학과 전공과목 수강현황 반영)
가
나.
국가근로나 교내근로에 중복 지원
한 경우,
선발 결과를 알게 된 즉시 연락 바랍니다.
가
다. 자세한 내용은 기독교학과 사무실로 문의 바랍니다. (02-820-0070)
첨부파일: 붙임1. 기독교학과_학과근로장학생_지원_자기소개서(양식)"
christian_studies,[장학] 2021-1학기 백마성적우수장학금 선발 기준 안내,N/A,2021-01-13,https://docs.ssu.ac.kr/%ed%95%99%ea%b3%bc%ec%82%ac%eb%ac%b4%ec%8b%a4%ec%95%8c%eb%a6%bc/%ea%b3%b5%ec%a7%80%ec%82%ac%ed%95%ad/?term_id&slug=1464,"2021-1
학기 백마성적우수장학금 선발 기준 안내
안녕하세요, 기독교학과 사무실입니다. 2021-1학기 백마성적우수장학금 선발 기준에 대한 안내입니다.
문의사항이 있는 경우, 학과사무실로 연락 바랍니다. (☎02-820-0070)
1. 본교 자격요건
가가
가. 2021학년도 1학기 국가장학금을 신청하여 소득분위 조회가 가능한 자
가기가
1) 1차 신청자에 한하여 등록금고지서 사전감면
가가가
2) 1차 미신청자: 2차 신청/서류제출/구제신청 확인 후 사후지급
가가ㅏㄱ
(2차 신청자 중 한국장학재단 구제신청기간에 구제신청 시 사후지급)
가가가
3) 국가장학금을 신청할 수 없는 대한민국 국적 미소지자도 선발 가능
가가가
(단, 순수외국인전형으로 입학한 외국인유학생은 선발 불가)
가가
나. 2021학년도 1학기 재학 및 복학예정자로 해당학기 등록금 납부 예정인 자
가가가
1) 2021학년도 1학기 前등록휴학 후 복학시 선발대상에서 제외 (등록대체자)
가가가
2) 학기 중 미등록, 입학취소, 복학취소 등으로 인한 학적변동시 모든 장학금 취소
가가가
3) 선발 후, 학기 중 휴학 시 백마성적우수장학금은 복학학기로 이월
가기가
※ 추가 또는 교체선발 시 재학 중인 학생만 선발 (휴학생에 대한 추가/교체 불가)
가가
다. 직전학기 15학점 이상 이수한 자 (졸업 직전학기는 직전학기 12학점 이상)
가가
라. 등록학기가 8학기 이내인 자 (건축학전공: 등록 10학기 이내인 자)
가가
마. F학점 포함 학적부성적 기준 직전학기 3.5 이상인 자
가가
바. 모든 교내장학금간 중복수혜 불가
가가가
1) 신청장학금 중 수혜금액이 큰 장학금 자동선발
가가가
2) 중복수혜 가능 장학금: 국가장학금, 교외장학금, 학업장려비 지원 목적 장학금 등
2. 2021-1
학기 선발 예정 인원
가가
① 수업료 100% 3인
가가
② 수업료 50% 3인
가가
③ 수업료 25% 6인 (총 12명)
3. 2021-1
학기 백마성적우수장학금 선발 기준
가가
① 직전 학기 평점평균 기준 각 학년 석차 1위
가기가
①-1. 학년 석차 1위이나, 기 선발 장학금, 등록학기 등의 이유로 선발 불가할 수 있음.
가가거
①-2. 학년 석차 1위가 선발되지 않는 경우, 학년 차점자 선발하지 않을 수 있음.
가가
② 전체 석차 중, (각 학년 석차 1위 제외) 본교 장학팀 배정 인원까지 상위부터 선발.
가가
③ 단, 동점자가 있을 경우 취득학점이 높은 학생을 상위 장학금에 배정.
가가
④ 취득학점까지 동일할 경우, 다음 기준을 선발에 참고함.
가가가
④-1. 가정형편 (소득분위 및 진로상담 내용)
가가거
④-2. 학과 활동 참여도 (개·종강 총회, Workshop, 학생임원회, 운영위원회 등)
가가
⑤ 각 호의 기준으로 우열이 나누어지지 않는 경우, 교수 회의를 통해 선발함."
christian_studies,[채용] 2021학년도 숭실대학교 기독교학과 겸임교수 채용 공고,N/A,2021-01-11,https://docs.ssu.ac.kr/%ed%95%99%ea%b3%bc%ec%82%ac%eb%ac%b4%ec%8b%a4%ec%95%8c%eb%a6%bc/%ea%b3%b5%ec%a7%80%ec%82%ac%ed%95%ad/?term_id&slug=1467,"2021
학년도 숭실대학교 기독교학과 겸임교수 채용 공고
1. 채용분야
가
가. 채용분야: 세부 채용 분야 및 인원은 붙임의 「모집 단위 목록」 참조
가
나. 주의사항
가
가
1) 전체 채용 모집단위 중 한 개 모집단위에 한하여 지원가능(중복 지원 불가)
가
가
2) 실제 담당 교과목은 강의개설 여건, 폐강 및 교과과정 개편 등에 의해 변경될 수 있음
2. 지원자격
가
가. 지원자격 공통사항
가
가
1)「대학교원 자격기준 등에 관한 규정」에 따른 자격 기준을 충족하는 자
가
가
2) 관계 법령 및 본 대학교 규정에 따라 임용에 결격사유가 없는 자
가
가
3) 1956.03.01. 이후 출생한 자
가
나. 겸임교수 지원자격
가
가
1) 교육 및 연구경력연수: 연구실적연수와 교육경력연수 중 어느 하나가 기준에 미달하더라도 연구실적연수와 교육경력연수의 합계가 해당 기준을 충족하면 자격기준을 갖춘 것으로 본다.
대학졸업자·동등경력자
전문대학졸업자·동등경력자
연구실적연수
교육경력연수
계
연구실적연수
교육경력연수
계
겸임교수
2
2
4
3
4
7
가
가
2) 원 소속기관에서 정규직으로 상시(유사경력 3년 이상)적으로 근무하고 있는 현직 근로자
가
가
※「기간제 및 단시간근로자 보호 등에 관한 법률」 제2조 제1호 및 제2호에 따른 기간 제근로자 및 단시간 근로자는 제외
가
가
3) 순수 학술이론 과목이 아닌 실무·실험·실기 등 산업체 등의 현장 실무경험을 필요로 하는 교과목을 담당하기 위하여 임용된 자
가
가
4) 타 대학 전임교원 또는 전임연구원은 겸임교수에 임용 불가
가
가
5) 원 소속기관장의 겸직 동의가 있는 자
3. 임용조건
가
가. 임용예정일: 2021년 3월 1일
가
나. 임용기간: 2021년 3월 1일 ~ 2022년 2월 28일
가
다. 보수: 본 대학교 보수지급 기준에 따름
가
라. 재임용 사항: 겸임교수의 계약기간은 1년이며, 재임용 절차를 보장하지 않음
4. 심사단계 및 기준
가
가. 1단계(서류심사): 서류심사(기초 및 전공심사)는 지원자의 지원서 작성내용 및 서류 (자기소개서, 강의계획서, 연구업적목록 등)를 종합적으로 평가함
가
나. 2단계(면접심사) : 지원자의 교육역량 및 교육자적 자질 등을 종합적으로 평가함. (면접심사를 실시하는 경우, 학과에서 개별적으로 연락 후 진행함)
5. 심사 일정
가
가. 서류 제출 마감일 이후, 기독교학과에서 해당자에게 개별 연락 예정.
가
나. 심사 및 채용 일정은 진행 경과에 따라 조정될 수 있음
6. 지원방법 및 제출서류 안내
가
가. 지원서 접수
가가
1) 지원서 접수 일정: 2021년 1월 12일(화) 10:00 ~ 18일(월) 17:00
가가
2) 접수 방법: 이메일, 우편 또는 방문접수
가가가
※ 우편은 접수마감일(2021.01.18) 17:00까지 도착분(접수분)에 한하여 인정
가
가
가
※ 이메일 접수를 권장
가
가
3) 정해진 양식 외 제출서류는 모두 PDF파일로 스캔하여 첨부
가
나. 지원자 제출서류
가가
1) 임용지원서(신상정보)
가가
– 지정된 서식을 다운로드 받아 작성 후 파일 첨부
가가
2) 자기소개서 1부
가
가
– 지정된 서식을 다운로드 받아 작성 후 파일 첨부
가
가
3) 강의계획서 1부
가
가
– 지정된 서식을 다운로드 받아 작성 후 파일 첨부
가
가
4) 학위별 학력증명서 및 성적증명서 각 1부
가
가
– 원본을 스캔하여 PDF파일로 첨부
가
가
5) 강의경력증명서 각 1부 [최근 4년간]
가
가
– 원본을 스캔하여 PDF파일로 첨부
가
가
– 입력한 내용과 일치하여야 하며, 증명서가 없는 경력사항은 인정하지 않음
가
가
6) 재직 및 기타 경력사항 증빙서류 각 1부 [최근 4년간]
가
가
– 원본을 스캔하여 PDF파일로 첨부
가
가
– 입력한 내용과 일치하여야 하며, 증명서가 없는 경력사항은 인정하지 않음
가
가
7) 연구실적목록 1부 [최근 4년간]
가
가
– 지정된 서식을 다운로드 받아 작성 후 파일 첨부
가
가
– 연구업적은 최근 4년간(2017.01.19.~2021.01.18.)이며, 대표 논문업적 5편이내로 제출
가
가
– 게재 예정이거나 출판되지 않은 것은 실적으로 인정되지 않음
가
가
8) 연구실적 증빙물
가
가
– 연구실적목록에 기재된 연구실적 원본을 스캔하여 PDF파일로 첨부
가
가
– 연구실적 증빙물은 모아서 파일 1개로 통합하여 첨부
가
가
가
* 최종학위 논문: 표지, 초록부분
가
가
가
* 학술지 논문: 표지, 초록부분(학술지명, 발행년월,권호,저자명 등이 표기된 부분)
가
가
가
* 저서/번역서: 표지, 목차, 머리말, 본문의 일부(처음 3~4페이지), 판권(발행년 월, 개정여부, 저자명 포함)
가
가
가
* 연구실적 증빙물 제출시 연구실적목록 상의 순서대로 정렬하여 제출
가
가
※ 겸임교수 제출서류 유의사항
가
가
–
현 재직기관에서
3
년 이상 근무하지 않은 자는 이전 재직기관의 경력증명서를 함께 제출
(
합계 재직기간
3
년 이상이 되어야 함
)
가
가
– 겸임교수는 최종 합격 후 본직기관 겸직동의서를 추가로 제출하여야 함
가
가
가
※ 제출서류를 접수기간 내에 입력하지 않는 경우에는 서류미비로 미접수 처리됨
가
가
가
※ 최종 합격자에 한하여 제출서류 원본 일체를 우편 또는 방문 제출
가가가
※ 합격자 추가 제출서류 등 자세한 설명은 최종합격자 발표 시 안내할 예정
가
7. 지원자 유의사항
가
가. 해당 분야에 적임자가 없는 경우 채용하지 않을 수 있음
가
나. 채용과 관련된 제반 일정은 본교 사정에 의해 변경될 수 있음
가
다. 임용 이후 학사운영 및 교과과정 조정에 따라 담당 교과목 및 강의시간이 변경될 수 있음
가
라. 신원조회 및 성범죄경력조회 결과 이상이 있으면 합격이 취소될 수 있음
가
마. 제출된 서류는 일체 반환하지 않으며, 임용에 결격사유가 있거나 제출된 서류의 내용이 사실과 다를 경우 임용 취소함
가
바. 합격자에 한해 추가 증빙서류 제출을 요구할 수 있음
가
사. 각종 증명서류는 최근 3개월 이내 발급 본 제출을 원칙으로 하며, 원본은 최종 합격 이후에 제출함
가
아. 재임용 제외 사유에 해당되는 모집단위는 재임용이 보장되지 않음
가
자. 최종합격자 발표 기간 중 합격자 제출서류를 정해진 기간 내에 제출하지 않을 경우 임용을 포기한 것으로 간주하며, 심사 결과에 따른 차순위후보자를 임용할 수 있음
가
차. 평가방법은 추후 사정에 따라 변경될 수 있음
8. 문의처
가
가. 지원자격 및 개설과목 문의: 기독교학과(02-820-0070, 근무시간 월~금 10:00-17:00)
가
나. 공고 관련 문의: 기독교학과(02-820-0070) 및 교무팀 (02-820-0143)"
christian_studies,[안내] 유튜브  콘텐츠 안내,N/A,2020-12-18,https://docs.ssu.ac.kr/%ed%95%99%ea%b3%bc%ec%82%ac%eb%ac%b4%ec%8b%a4%ec%95%8c%eb%a6%bc/%ea%b3%b5%ec%a7%80%ec%82%ac%ed%95%ad/?term_id&slug=1457,"학생들과의 비대면 소통을 위해 교육과정혁신센터에서 제작한 컨텐츠를 안내드리니, 많은 학우들의 관심 부탁드립니다.
1. 콘텐츠 탑재 채널 :
유튜브 <숭실대학교TV> (http://www.youtube.com/숭실대학교TV)
2. 콘텐츠 활용 : 학교 제도 및 생활과 관련하여 알기 쉽게 제작된 영상을 재학생에게 홍보
3. 콘텐츠 목록
가
가. 행정부서 활용편: 경력개발센터, 교수학습혁신센터 등 (10편 탑재)
가
나. 숭모닝 시리즈: 학업, 대학생활, 수강신청 등 (5편)
가
다. 올 어바웃 숭실: 숭실대 어플, 개강, 새내기 Q&A, 시설, 식당 등 (8편)
가
라. 방학생활: 활동, 학업 등 (3편)
가
마. 골라보SSU: 새내기&고인물, 조교&재학생, 교수님&학생 등 (6편)
가
바. SSU:M: 졸업사정, 전공루트, 학생서비스, 현장실습 등 (6편)
가
사. 베어드가의 셜록: 채플과 생협, 숭입부터 웨민까지, 베스트 아메리카노 (3편)
가
아. 공모전: 학과, 동아리 소개 (14편)
4. 자세한 컨텐츠 목록은 첨부파일을 확인하여 주시기 바랍니다."
christian_studies,[장학] 2021학년도 1학기 재학생 및 복학예정자 대상 교내장학금 신청 시행 안내,N/A,2020-12-01,https://docs.ssu.ac.kr/%ed%95%99%ea%b3%bc%ec%82%ac%eb%ac%b4%ec%8b%a4%ec%95%8c%eb%a6%bc/%ea%b3%b5%ec%a7%80%ec%82%ac%ed%95%ad/?term_id&slug=1447,"2021학년도 1학기 재학생 및 복학예정자를 대상으로 교내장학금 신청 시행을 다음과 같이 안내합니다.
1. 교내장학금 자격요건
가
가. 2021학년도 1학기 국가장학금 신청/서류제출을 완료하고 소득분위가 조회된 자
가
나. 2021학년도 1학기 재학 및 복학(예정)자로 등록금 납부 예정인 자
가
가
1) 2021학년도 1학기 前 등록휴학 후 복학시 장학생 선발대상에서 제외
가가
2) 미등록, 입학취소, 복학취소, 휴학 등 학적변동 시 모든 장학금 취소
가
다. 직전학기 15학점 이상 이수한 자(최종 직전학기는 12학점)
가
라. 등록학기가 8학기 이내인 자(건축학부 건축학전공은 10학기 이내)
2. 신청절차
가
가. 온라인 신청기간
가
가
1) 정규신청: 2020년 12월 1일(화) 10:00
~ 12월 29일(화) 17:00까지
가
가
2) 추가신청: 2021년 1월 11일(월) 10:00
~ 1월 22일(금) 17:00까지
가
나. 학생 신청방법: u-SAINT포털 – 등록/장학 – 장학메뉴 – 장학금 신청
가
다. 학생 서류제출: 온라인 신청기간 내 방문 및 등기우편제출 가능(세부내용 붙임 파일 참조)
붙임1. 2021-1학기 교내장학금 신청 공고
붙임2. 교내장학금 선발자격 및 제출서류 안내"
christian_studies,[장학] 2021학년도 1학기 국가장학금 1차 신청 안내,N/A,2020-11-25,https://docs.ssu.ac.kr/%ed%95%99%ea%b3%bc%ec%82%ac%eb%ac%b4%ec%8b%a4%ec%95%8c%eb%a6%bc/%ea%b3%b5%ec%a7%80%ec%82%ac%ed%95%ad/?term_id&slug=1426,"2021학년도 1학기 국가장학금 1차 신청일정을 다음과 같이 안내해드리니, 소속 단과대학 및 학과(부) 학생들은 장학금을 신청할 수 있기를 바랍니다.
가. 국가장학금 1차 신청기간 : 2020.11.24(화) ~
2020.12.29(화) 18시
※ 공휴일, 일요일 포함 신청기간 내 24시간 신청 가능
※ 재학생이 1차 신청기간에 신청하지 않을 경우, ‘신청기간 미 준수’로 탈락됩니다.
(다만, 구제신청서를 작성할 경우 재학 중 2회에 한해 구제신청을 받을 수 있습니다.)
※ 1차 신청기간에 신청하지 않을 경우, 국가 및 교내장학금 학기말 지급 가능
나. 서류제출 및 가구원 동의기간 : 2020.11.24(화) ~
2020.12.31(목) 18시
※ 서류제출 및 가구원 동의 대상자는 반드시 이를 이행해야 장학금 신청이 완료됩니다.
다. 신청대상 : 대한민국 국적 학부생, 입학예정자
※ 재학생/신입생/편입생/재입학생/복학생 및 휴학생 등 모든 학적 신청가능
※ 국가장학금 최대 수혜횟수 범위 내에서 지급가능
라. 신청방법 : 한국장학재단 홈페이지 온라인신청
※ 붙임파일의 신청 매뉴얼 참조
※ 한국장학재단 홈페이지 주소 : www.kosaf.go.kr
마. 상세안내: 학교 홈페이지 ‘장학’ 공지사항 참고
https://scatch.ssu.ac.kr/%ea%b3%b5%ec%a7%80%ec%82%ac%ed%95%ad/?f&category=%EC%9E%A5%ED%95%99&slug=2021%ED%95%99%EB%85%84%EB%8F%84-1%ED%95%99%EA%B8%B0-%ED%95%9C%EA%B5%AD%EC%9E%A5%ED%95%99%EC%9E%AC%EB%8B%A8-%EA%B5%AD%EA%B0%80%EC%9E%A5%ED%95%99%EA%B8%88-%EC%8B%A0%EC%B2%AD-%EC%95%88%EB%82%B4&keyword
붙 임: 국가장학금 신청 매뉴얼 및 FAQ 각 1부. 끝."
christian_studies,[공모] 국가승인통계 마이크로데이터 활용 기본소득 논문 공모 안내,N/A,2020-11-16,https://docs.ssu.ac.kr/%ed%95%99%ea%b3%bc%ec%82%ac%eb%ac%b4%ec%8b%a4%ec%95%8c%eb%a6%bc/%ea%b3%b5%ec%a7%80%ec%82%ac%ed%95%ad/?term_id&slug=1408,"통계청 후원, 서울대학교 사회과학연구원 주최, 서울대학교 사회과학대학 사회과학도서관(RDC)의 주관으로 “국가승인통계 마이크로데이터 활용 기본소득 논문경진대회”를 위한 논문을 공모하고자 합니다.
가. 사 업 명: 국가승인통계 마이크로데이터 활용 기본소득 논문경진대회
나. 참가자격: 전국 학부 및 대학원생 개인 또는 팀(휴학생.연구생포함, 팀 인원 제한없음)
다. 참가신청서 접수기간: 2020.11.11.(수) ~ 12.20.(일)
라. 논문 접수 마감일: 2021.02.05.(금)
마. 응 모 처: 서울대학교 RDC 센터 메일 접수(snurdc@snu.ac.kr)
바. 문 의: 02-880-8785
붙임 1. 국가승인통계 마이크로데이터 활용 기본소득 논문경진대회 공모 안내문 1부.
붙임 2. 신청서 1부.  끝."
christian_studies,[교수학습] 2020-2학기 교수학습혁신센터 학습역량 강화 프로그램 안내,N/A,2020-11-11,https://docs.ssu.ac.kr/%ed%95%99%ea%b3%bc%ec%82%ac%eb%ac%b4%ec%8b%a4%ec%95%8c%eb%a6%bc/%ea%b3%b5%ec%a7%80%ec%82%ac%ed%95%ad/?term_id&slug=1393,"가
교수학습혁신센터는 본교 학부생의 학습역량 강화를 목표로 2020-2학기 다음과 같이 비교과 프로그램을 운영합니다.
가
1. 모집 중 프로그램 목록(2020.11.10. 기준)
가
가
가. 학습법 워크숍 2차
가
가
-개요: 현 자신의 동기 상태 점검과 자율성, 유능감, 인간관계 등을 통한 동기부여 방법 안내
가
가
-대상: 학부 재학생
가
가
-모집기간: ~12.20.
가
가
-상세 안내 및 신청: https://fun.ssu.ac.kr/ko/program/all/view/1628
가
가
나. 학습법 워크숍 3차
가
가
-개요: 맵핑노트, 트리다이어그램 등 효과적인 필기비법 및 다양한 노트 정리 활용법 안내
가
가
-대상: 학부 재학생
가
가
-모집기간: ~12.20.
가
가
-상세 안내 및 신청: https://fun.ssu.ac.kr/ko/program/all/view/1659
가
가
다. 학습법 워크숍 4차
가
가
-개요: 리포트 주제 설정을 위한 툴과 팁, 내용 구성방법 등 리포트 작성 노하우 안내
가
가
-대상: 학부 재학생
가
가
-모집기간: ~12.20.
가
가
-상세안내 및 신청: https://fun.ssu.ac.kr/ko/program/all/view/1689
가
가
라. UCC/에세이 공모전
가
가
-개요 온라인 자기주도 학습 우수사례, 외부 공모전 수상 우수사례를 UCC 제작 또는 에세이로 작성하여 공모
가
가
-대상: 학부 재학생
가
가
-모집기간: ~11.30.
가
가
-상세안내 및 신청: https://fun.ssu.ac.kr/ko/program/all/view/1658
2. 문의처: 교수학습혁신팀 02-828-7136"
christian_studies,[교수학습] 2020학년도 정기 학습역량진단(LCT-CMB) 참여 안내,N/A,2020-11-11,https://docs.ssu.ac.kr/%ed%95%99%ea%b3%bc%ec%82%ac%eb%ac%b4%ec%8b%a4%ec%95%8c%eb%a6%bc/%ea%b3%b5%ec%a7%80%ec%82%ac%ed%95%ad/?term_id&slug=1383,"교수학습혁신센터에서 본교 학부생을 대상으로 2020학년도 정기 학습역량진단(LCT-CMB)을 실시합니다.
1. 2020학년도 정기 진단 실시 정보
가
가. 대상: 본교 학부 재학생
가
나. 진단 기간: 11.10.(화)~12.13.(일), 5주
가
다. 진단 언어: 한국어, 中國語
가
라. 목표 인원 수: 1,000명 이상
가
마. 참여 혜택
가
가
1) 교내 생협 식권 5,000원권 지급(선착순 1,000명)
가
가
2) 개인별 학습역량 분석 리포트 제공
가
바. 참여 방법
가가
1) FUN시스템 학습역량 진단 페이지(fun.ssu.ac.kr/ko/essential/competency) 접속 후 로그인
가
가
2) 한국인 학생은 한글 진단명을, 中國人 학생은 中文 진단명을 클릭하여 진단
가
사. 실시 목적
가
가
1) 2020학년도 본교 학부생 학습역량 수준 분석
가
가
2) 2017→2020학년도 본교 학부생 학습역량 변화도 분석(전공계열, 학년, 내/외국인)
가
가
3) 2020학년도 학습역량 강화 프로그램 효과성 검증
가
가
4) 2021학년도 이후 학습역량 강화 프로그램 신설 및 개선(안) 도출
가
가
5) 학생 개별 학습역량 분석 리포트 제공 및 맞춤형 학습역량 강화 프로그램 참여 유도
가
가
6) 학습역량 진단 결과를 추후 학습자 상담 또는 학습코칭 기본 자료로 활용
2. 학습역량진단(LCT-CMB) 개요
가
가. 본교 이경화 교수(평생교육학과) 등이 2011년에 개발한 검사 도구
가
나. 대학생의 학습역량을 ‘학습자의 인지(Cognition), 학습 동기(Motivation), 학습 행동(Behavior) 영역을 포괄한, 학습을 잘 할 수 있는 힘’이라고 정의
가
다. 숭실 7대 학습 역량을 19개 하위요소로 세분화하여 진단
학습 역량
가
(1) 인지(Cognition)
가
– 고등사고력: 고등사고, 초인지
가
– 창의성: 창의적 능력, 창의적 성향
가
– 문제해결력: 문제해결과정, 조작과 실천
가
(2) 동기(Motivation)
가
– 정서: 우울, 시험불안, 학습스트레스
가
– 동기: 자기결정성, 학습목표지향성, 자기효능감
가
(3) 행동(Behavior)
가
– 학습전략: 집중전략, 노트정리, 기억전략
가
– 학습환경관리 및 자원 활용력: 노력조절, 학습환경관리, 도움 및 자원활용, 진로준비
가
라. 연도별 추진 실적
가
가
1) 2017학년도 정기 진단: 총 1,028명 참여
가
가
2) 2018학년도 정기 진단: 총 795명 참여
가
가
3) 2019학년도 정기 진단: 총 1,095명 참여
붙임 1. 학습역량진단 결과 리포트(예시) 1부.
학습역량진단 101문항(한글 및 中文) 1부.
(중국인 학부생 대상) 학습역량진단 결과리포트 용어 해설, 번역서(中文) 1부.
홍보 포스터 1부. 끝."
christian_studies,[한국공정거래조정원] 2020년 법·경제분석그룹(LEG) 최종발표회 안내,N/A,2020-11-02,https://docs.ssu.ac.kr/%ed%95%99%ea%b3%bc%ec%82%ac%eb%ac%b4%ec%8b%a4%ec%95%8c%eb%a6%bc/%ea%b3%b5%ec%a7%80%ec%82%ac%ed%95%ad/?term_id&slug=1378,"한국공정거래조정원에서는 공정거래 분야의 학제적 연구를 수행하는 법·경제분석그룹(LEG)을 운영하고 있습니다. 올해 수행한 연구결과를 갖고서 ‘2020년 법·경제분석그룹(LEG) 최종발표회’를 아래와 같이 개최하게 되었습니다. 많은 관심과 참여를 부탁드립니다.
가
가. 행 사 명: 2020년 법·경제분석그룹(LEG) 최종발표회
가
나. 일 시: 2020. 11. 9.(월) 14:00
가
다. 진 행: 온라인 세미나(조정원TV 유튜브 채널)
가
라. 후 원: 공정거래위원회
가
마. 문 의 처: 공정거래연구센터 연구행정팀(02-6363-9144)
가
가
붙임 1. 웹포스터 1부.
가
가
붙임2. 안내문 1부."
christian_studies,[국제] 국제교류장학금 개편 안내,N/A,2020-10-29,https://docs.ssu.ac.kr/%ed%95%99%ea%b3%bc%ec%82%ac%eb%ac%b4%ec%8b%a4%ec%95%8c%eb%a6%bc/%ea%b3%b5%ec%a7%80%ec%82%ac%ed%95%ad/?term_id&slug=1373,"2021-2학기부터 국제교류장학금이 다음과 같이 개편될 예정이니 교환학생 및 SHP 프로그램, 공동·복수학위 과정에 관심이 있는 학우들은 참조하시기 바랍니다.
1. 국제교류장학금 개편 내용
가
가. 대상: 교환·방문학생, 복수(공동)학위생
나
나. 주요내용
가가
1) 교환·방문학생 프로그램
가가
□ 방문학생 장학금
가가가
① 방문학생_일반장학금
가가가
– 최소 수혜자격: 평점평균 3.0이상
가가가
– 본교 수업료의 50%(파견교 수업료가 본교보다 적을 경우, 파견교 수업료 이내)
가가가
– 지급기간: 1개 학기
가가가
➁ 방문학생_우수장학금
가가가
– 최소 수혜자격: 평점평균 3.5이상
가가가
– 본교 수업료의 90%(파견교 수업료가 본교보다 적을 경우, 파견교 수업료 이내)
가가가
– 지급기간: 1개 학기
가가가
③ 교환학생_지역전문가양성장학금
가가가
– 최소 수혜자격: 평점평균 3.5이상
가가가
– 공인 외국어 성적 1등급
가가가
– 1학기: 본교 수업료의 90% + 2학기: 본교 수업료의 50%
가가가
– 지급기간: 2개 학기
가가가
※ 지역전문가양성 프로그램: 2개 학기 간 외국대학에 교환학생으로 파견, 해당국가의 역사·문화·경제 등 전반을 연구, 특정 국가 전문가로 성장할 기회 제공
가
가
□ SHP(Soongsil Honors Program) 장학금
가가가
① SHP_일반장학금
가가가
– 최소 수혜자격: 평점평균 3.5이상
가가가
– TOEFL 90점 이상
가가가
– 지급기간: 1개 학기
가가가
➁ SHP_우수장학금
가가가
– 최소 수혜자격: 평점평균 3.8이상
가가가
– TOEFL 100점 이상
가가가
– 양교 수업료 합계액 (합계액이 $10,000 초과하면 $10,000) 이내
가가가
– 단, 수업료 없는 대학으로 파견 시 : 본교 수업료 + 100만원
가가가
– 지급기간: 1개 학기
가가가
③ SHP_최우수장학금
가가가
– 최소 수혜자격: 평점평균 4.0이상
가가가
– TOEFL 110점 이상
가가가
– 양교 수업료 합계액 (합계액이 $20,000 초과하면 $20,000) 이내
가가가
– 단, 수업료 없는 대학으로 파견 시 : 본교 수업료 + 200만원
가가가
– 지급기간: 1개 학기
가
2) 복수(공동)학위과정 장학금
가가가
① 복수·공동학위과정_일반장학금
가가가
– 최소 수혜자격: 평점평균 3.0이상(B-)
가가가
– 공인 외국어 성적 1등급
가가가
– 본교 수업료의 50%(파견교 수업료가 본교보다 적을 경우, 파견교 수업료 이내)
가가가
– 지급기간: 4개 학기 이내
가가가
① 복수·공동학위과정_우수장학금
가가가
– 최소 수혜자격: 평점평균 3.5이상(B+)
가가가
– 공인 외국어 성적 1등급
가가가
– 본교 수업료의 90%(파견교 수업료가 본교보다 적을 경우, 파견교 수업료 이내)
가가가
– 지급기간: 4개 학기 이내
2. 개편시기: 2021-2학기부터
3. 참고사항
가
가. 국제처 홈페이지: study.ssu.ac.kr
가
나. 본교 공인 외국어 성적 등급표: https://bit.ly/2FXIvPR."
christian_studies,[공모] 2020학년도 폭력예방 UCC 공모전 안내,N/A,2020-10-27,https://docs.ssu.ac.kr/%ed%95%99%ea%b3%bc%ec%82%ac%eb%ac%b4%ec%8b%a4%ec%95%8c%eb%a6%bc/%ea%b3%b5%ec%a7%80%ec%82%ac%ed%95%ad/?term_id&slug=1367,"본교 상담센터 양성평등팀에서는 성희롱·성폭력에 대한 경각심을 일깨우고 양성평등한 대학문화 확산을 위하여 다음과 같이 폭력예방 UCC 공모전을 진행하오니 학생들의 많은 참여 바랍니다.
1. 개요
가. 행사명: 2020년도 폭력예방 UCC 공모전
나. 대상
– 8학기 이내 학부 재학생 (휴학생 제외)
– 팀(2인1조) 혹은 개인 참여 가능
다. 영상주제: 성희롱·성폭력 예방 혹은 양성평등한 대학문화와 관련된 영상
라. 신청기간:2020년 10월 31일까지(펀시스템에서 해당 프로그램 신청)
마. 제출기간: 2020년 11월 2일~2020년 12월 31일 (*기간 내 참여 신청 후 영상 등록)
2. 제출방법
가. 규격: 40초이상~180초이하의 창작영상
나. 내용
– 해상도: 카드뉴스형 동영상 736*432 픽셀, 영상물 1,920*1,080 픽셀
– Youtube에 업로드 후 펀시스템 내 프로그램에 URL주소 기입
– 필수해시태그:
#폭력예방
#숭실대학교상담센터
#성희롱성폭력예방
#대학혁신지원사업
– 기타 자세한 내용은 펀시스템 내 공지사항 참조
3. 시상
가. 최우수상(1팀) 50만원, 우수상(1팀) 30만원, 장려상(1팀) 20만원
나. 시상기준: 의미전달력, 주제이해도, 독창성, 완성도 및 활용도
다. 발표: 2021년 1월 중 펀시스템 게시
라. 문의: 양성평등팀 한지혜(내선번호 0843, angelluv114@ssu.ac.kr)"
christian_studies,[안내] 2020학년도 재학생 폭력예방교육 진행,N/A,2020-10-27,https://docs.ssu.ac.kr/%ed%95%99%ea%b3%bc%ec%82%ac%eb%ac%b4%ec%8b%a4%ec%95%8c%eb%a6%bc/%ea%b3%b5%ec%a7%80%ec%82%ac%ed%95%ad/?term_id&slug=1365,"본교 양성평등팀에서는 재학생간 일어날 수 있는 폭력사건을 방지하고 상호존중·배려하는 문화를 조성하고자 폭력예방교육을 다음과 같이 실시하오니 많은 참여 바랍니다.
1. 개요
가. 교육명: 2020년도 2학기 재학생을 위한 성폭력•가정폭력 예방교육
나. 대상: 학부 재학생 (휴학생, 수료생 제외)
다. 교육방법: 비대면 Zoom 프로그램을 활용한 실시간 강의
(※사정에 따라 동영상 강의로 대체될 수 있습니다.)
라. 교육일시: 학과별 신청 일시에 따름
마. 교육시간: 60분~120분(조정 가능)
2. 신청방법
가. 신청자: 각 학과별 사무실 내 1인이 대표로 신청
– 교육 수강을 원하는 학부 재학생은 11월 6일 17시까지 학과사무실로 신청.
나. 진행과정
– 신청자가 첨부된 신청서 작성하여 대상자 명단과 함께 이메일(counsel@ssu.ac.kr) 발송
– 양성평등팀 담당자가 강사 배정 후 신청자에게 안내
– 신청자가 강의 대상자에게 공지
– 교육 대상자 펀 시스템에서 출석체크 후 실시간 강의 수강
– 교육 대상자 수강 후 펀 시스템에서 사후 설문 작성
다. 강의가능 기간
– 2020년 11월 9일부터~12월 31일 사이
라. 문의: 양성평등팀 한지혜(02-820-0843/
angelluv114@ssu.ac.kr
)"
christian_studies,[장학] 2020학년도 2학기 특별재난지역(수해 피해) 지원 장학생 선발 안내,N/A,2020-10-19,https://docs.ssu.ac.kr/%ed%95%99%ea%b3%bc%ec%82%ac%eb%ac%b4%ec%8b%a4%ec%95%8c%eb%a6%bc/%ea%b3%b5%ec%a7%80%ec%82%ac%ed%95%ad/?term_id&slug=1356,"이번 연도 집중호우로 인하여 수해 피해를 입은(특별재난지역 거주) 재학생을 대상으로 장학금을 지원하고자 하오니
아래 사항을 확인하시어 장학금 받을 수 있도록 신청바랍니다.
가. 대상: 집중호우로 인하여 수해 피해를 입은(특별재난지역 거주) 학부 재학생
나. 자격요건
1) 2020학년도 2학기 등록한 학부 재학생
2) 2020년 6월 이후 집중호우로 인한 피해 사실이 확인된 자
3) 정규등록 8학기 이내인 자 (건축학과 건축학전공: 정규등록 10학기 이내인 자)
다. 지원금액: 대상자수에 따라 1인당 장학금액 산정 예정(1인당 최대 100만원 지원 가능) ※ 생활비 지원 목적
라. 신청기간: 2020.10.13.(화) ~ 10.30.(금)
마. 신청방법: 제출서류 장학팀 메일(ser@ssu.ac.kr)로 제출
바. 제출서류
1) 장학금 신청서
2) 피해사실 확인서(관할 읍·면·동 주민센터 발행)
3) 가족관계증명서
※ 자세한 사항은 학교 홈페이지 공지사항을 참고하여 주시기 바랍니다.
사. 학교 홈페이지 공지 URL: https://scatch.ssu.ac.kr/%ea%b3%b5%ec%a7%80%ec%82%ac%ed%95%ad/?f&category=%EC%9E%A5%ED%95%99&slug=2020%ED%95%99%EB%85%84%EB%8F%84-2%ED%95%99%EA%B8%B0-%ED%8A%B9%EB%B3%84%EC%9E%AC%EB%82%9C%EC%A7%80%EC%97%AD%EC%88%98%ED%95%B4-%ED%94%BC%ED%95%B4%EC%A7%80%EC%9B%90-%EC%9E%A5%ED%95%99%EA%B8%88&keyword"
christian_studies,[학사] 2020-2학기 논문계획서 및 졸업논문(영어성적) 제출 안내,N/A,2020-09-17,https://docs.ssu.ac.kr/%ed%95%99%ea%b3%bc%ec%82%ac%eb%ac%b4%ec%8b%a4%ec%95%8c%eb%a6%bc/%ea%b3%b5%ec%a7%80%ec%82%ac%ed%95%ad/?term_id&slug=1326,"기독교학과 졸업논문 및 논문대체 영어성적표 제출 안내 드립니다. 아래의 공지 참고하여 기한 내에 제출해주시기 바랍니다.
1. 논문계획서(논문대체계획서) 제출
가. 대상자: 7학기 이상 재학생, 기제출자 중 주제 변경 희망자
나. 제출일 및 방법
–
10월 7일(월) 17시까지
첨부된 양식 작성하여 출력 후 학과사무실로 제출.
– 오프라인 방문이 어려운 경우, 학과 메일(
enchristo@ssu.ac.kr
)로 제출.
– 양식: 첨부파일 참조
다. 작성 방법
– 논문대체 영어점수 제출 희망자: 논문 대체 선택 3가지 항목 중 하나에 체크하여 제출.
– 논문 제출 희망자: 논문제목 및 분야와 간단한 논문 개요를 작성하여 제출. (지도교수란 공란으로 제출)
2. 졸업논문(또는 공인 영어 성적표) 제출
가. 대상자: 8학기 이상 재학생, 졸업예정자
나. 제출일 및 방법:
– 논문: 스프링 제본이 완료된 논문을
12월 18일(금) 17시까지
학과사무실로 제출 (2권)
– 영어성적대체:
12월 18일(금) 17시까지
성적표 사본 1부를 학과사무실로 제출.
다. 분량: 표지와 목차를 제외한, 논문규격에 맞춘 A4용지 30장 내외
라. 양식: 첨부파일 참조
※ 논문은 졸업하는 학기에 제출합니다. 8학기 이상 이수를 해야 하는 학생은 학과사무실에 미리 알려주시기 바랍니다. (미리 알린 사람 제외)
3. 유의사항
가. 수료생 중 졸업예정자 신청을 한 학생도 졸업예정자와 동일하게 졸업논문 절차를 진행.
나. 논문계획서 제출 완료한 학생의 경우, 논문주제와 제목은 변경이 가능하나, 이는 지도교수 확정 후 지도교수와 논의를 통해 진행.
다. 제출기한 엄수. 제출기한을 지키지 못했을 경우 불이익 발생 가능함. (접수 불가, 감점 등)
라. 논문은 스프링 제본을 마친 완본을 제출. (2권 제출)
마. 논문 또는 영어자격시험 성적표 제출 마감 이후의 변경은 절대 불가.
바. 논문 작성 시 규격 준수. 모르는 부분이 있을 경우 학과사무실로 문의.
4. ★특이사항 (2020-2학기에 한함)
가. 코로나19로 인한 공인 어학 시험 시행 취소로 2020-2학기에 한하여 기제출자 중 영어점수제출에서 논문으로 졸업요건 변경이 가능합니다.
나. 영어점수 기 보유자의 경우, 제출 시점에서 유효기간이 1년 이내로 초과된 사항에 대하여 졸업요건으로 인정합니다.
Ex) 제출일 2020년 12월 18일, 소지하고 있는 영어점수 시험일 2017년 12월 17일인 경우 졸업요건으로 인정 가능.
5. 문의: 기독교학과 사무실 02-820-0070 / enchristo@ssu.ac.kr
6. 첨부파일
(1) 졸업논문 규격
(2) 졸업논문 대체 인정 환산 점수표(영어성적기준)
(3) 졸업논문계획서 양식"
christian_studies,[비교과] 2020-2학기 교수학습혁신센터 학습역량 강화 프로그램 안내,N/A,2020-09-10,https://docs.ssu.ac.kr/%ed%95%99%ea%b3%bc%ec%82%ac%eb%ac%b4%ec%8b%a4%ec%95%8c%eb%a6%bc/%ea%b3%b5%ec%a7%80%ec%82%ac%ed%95%ad/?term_id&slug=1318,"교수학습혁신센터는 본교 학부생의 학습역량 강화를 목표로 2020-2학기 다음과 같이 비교과 프로그램을 운영합니다. 많은 학생들이 참여를 바랍니다.
1. 모집 중 프로그램 목록(2020.09.09. 기준)
① CoRE 튜터링 튜터(Tutor)
전공 교과목 학습역량, 비교과과(어학, 진로·취업 자격증, 공모전 등) 학습역량을 갖춘 1인의 튜터(Tutor)가 해당 학습에 도움이 필요한 3~7인의 튜티(Tutee)와 함께 주 1회 이상 정기적으로 협동학습
– 대상: 학부 재학생
– 모집기간: ~9.13.(일)
– 안내 URL: https://fun.ssu.ac.kr/ko/program/all/view/1581
② 학습동행 (멘토, 멘티)
이전학기 학사경고자(평점평균 1.5미만), 학사경고 위험군 학생(평점평균 1.5이상 2.0미만)이 학습동기 제고, 학교생활 적응, 학습능력 향상 등을 목표로 멘토 학생, 전문 학습코치, 지도교수, 교수학습혁신센터와 한 학기 동행
– 대상: 학부 재학생
– 모집기간: ~9.16.(수)
– 안내 URL: https://fun.ssu.ac.kr/ko/program/all/view/1580
③ 또래 학습코치 양성
학습, 정서에 어려움을 겪는 또래 학생 곁에서 공감과 격려를 바탕으로 든든한 지지자가 되어줄 또래 학습코치, 또래 학생이 학습, 학업, 대학생활을 잘 할 수 있도록 도와줄 또래 학습코치를 전문가 교육, 실습 등을 통해 양성
– 대상: 학부 재학생
– 모집기간: ~9.20.(일)
– 안내 URL: https://fun.ssu.ac.kr/ko/program/all/view/1587
④ 1:1 학습코칭
객원 전문 학습코치와 참여학생이 1:1로 만나 학습진로종합검사, 학습전략검사 결과를 바탕으로 학생 개별 맞춤형 학습코칭 실시
– 대상: 학부 재학생
– 모집기간: 학기중 상시모집
– 안내 URL: https://citl.ssu.ac.kr/ko/learning/notice/view/1830
2. 모집 예정 프로그램 목록
①INNO-SCHOOL
참여학생 간 팀을 이루어 전공 교과 지식을 연계, 융합하여 지역사회 문제를 창의적으로 해결하는 프로그램
– 대상: 학부 재학생
– 모집기간: 9/16-9/30
②학습법 워크숍
학습 관련 주제의 전문가 특강(ⓐ학습 목표 설정 및 시간 관리→ⓑ동기 부여 전략→ⓒ노트 필기 전략→ⓓ리포트 작성 노하우→ⓔ시험 대비 전략)
– 대상: 학부 재학생
– 모집기간: 9-12월 중
③학습역량 개발우수사례 공모전 (UCC/에세이)
온라인 자기주도 학습 우수사례, 외부 공모전 수상 우수사례를 UCC 제작 또는 에세이 작성하여 제출
– 대상: 학부 재학생
– 모집기간: 10-11월 중
– 안내 URL: https://citl.ssu.ac.kr/ko/learning/notice/view/1830
④2020학년도 학습역량진단 (LCT-CMB)
숭실 7대 학습역량(ⓐ고등사고력, ⓑ창의성, ⓒ문제해결력, ⓓ정서, ⓔ동기, ⓕ학습전략, ⓖ학습환경 관리 및 자원 활용력)수준 개별 진단 후 결과 리포트 수령, 적합한 학습역량 강화 프로그램 제시 등
– 대상: 학부 재학생
– 모집기간: 11/2-11/22
3. 문의처: 교수학습혁신팀(02-828-7135, 7136)"
christian_studies,[공모] 2020학년도 숭실문화상 개최,N/A,2020-09-07,https://docs.ssu.ac.kr/%ed%95%99%ea%b3%bc%ec%82%ac%eb%ac%b4%ec%8b%a4%ec%95%8c%eb%a6%bc/%ea%b3%b5%ec%a7%80%ec%82%ac%ed%95%ad/?term_id&slug=1310,"우리교 신문방송국에서는 우리 대학 학부생의 문예창작활동을 고취시키고, 사회 이슈에 대한 논리적 고찰을 통해 숭실의 문예전통과 앞선 시대정신을 확산시키고자 매년 숭실문화상을 개최하고 있습니다.
자세한 사항은 첨부된 파일을 확인하여 주시기 바랍니다. 🙂"
christian_studies,[장학] 2020-2학기 백마성적우수장학금 선발 기준 안내,N/A,2020-08-13,https://docs.ssu.ac.kr/%ed%95%99%ea%b3%bc%ec%82%ac%eb%ac%b4%ec%8b%a4%ec%95%8c%eb%a6%bc/%ea%b3%b5%ec%a7%80%ec%82%ac%ed%95%ad/?term_id&slug=1290,"안녕하세요, 기독교학과 사무실입니다. 2020-2학기 백마성적우수장학금 선발 기준에 대한 안내입니다.
문의사항이 있는 경우, 학과사무실로 연락을 부탁드립니다. (☎02-820-0070)
1. 본교 자격 요건
가.
2020학년도 2학기 국가장학금을 신청하여 소득분위 조회가 가능
한 자
1) 2020학년도 2학기는 코로나19 사태로 선발 시행이 지연되어 사후지급으로 지급
2) 1차 미신청자 : 2차 신청/서류제출/구제신청 확인 후 사후지급
(2차 신청자 중 한국장학재단 구제신청기간에 구제신청 시 사후지급)
3) 국가장학금을 신청할 수 없는 대한민국 국적 미소지자도 선발 가능
(단, 순수외국인전형으로 입학한 외국인유학생은 선발 불가)
나. 2020학년도 2학기
재학 및 복학예정자
로 해당학기 등록금 납부 예정인 자
1) 2020학년도 2학기 前등록휴학 후 복학시 선발대상에서 제외 (등록대체자)
2) 학기 중 미등록, 입학취소, 복학취소 등으로 인한 학적변동시 모든 장학금 취소
3) 선발 후, 학기 중 휴학 시 백마성적우수장학금은 복학학기로 이월
※ 추가 또는 교체선발 시 재학 중인 학생만 선발 (휴학생에 대한 추가/교체 불가)
다. 직전학기
15학점 이상 이수
한 자 (졸업 직전학기는 직전학기 12학점 이상)
라.
등록학기가 8학기 이내
인 자 (건축학전공: 등록 10학기 이내인 자)
마. F학점 포함 학적부성적 기준 직전학기 3.5 이상인 자
바. 모든 교내장학금간 중복수혜 불가
1) 신청장학금 중 수혜금액이 큰 장학금 자동선발
2)
중복수혜 가능 장학금
: 국가장학금, 교외장학금, 학업장려비 지원 목적 장학금 등
2. 2020-2
학기 선발 예정 인원
① 수업료 100% 4인
② 수업료 50% 3인
③ 수업료 25% 1인 (총 8명)
3. 2020-2학기 백마성적우수장학금 선발 기준
① 직전 학기 평점평균 기준
각 학년 석차 1위
② 전체 석차 중, 각 학년 석차 1위 제외 본교
장학팀 배정 인원까지 상위부터 선발
.
③ 단, 동점자가 있을 경우
취득학점이 높은 학생을 상위 장학금에 배정
.
④ 취득학점까지 동일할 경우, 다음 기준을 선발에 참고함.
└ ④-1. 가정형편 (소득분위 및 진로상담 내용)
└ ④-2. 학과 활동 참여도 (개·종강 총회, Workshop 등 각종 학과 행사, 학생임원회, 운영위원회 등)
⑤ 각 호의 기준으로 우열이 나누어지지 않는 경우, 교수 회의를 통해 선발함.
붙임1. 기독교학과 백마성적장학금 선발기준 공지문"
christian_studies,[장학] 2020-2학기 학과근로장학생 선발 공고,N/A,2020-08-10,https://docs.ssu.ac.kr/%ed%95%99%ea%b3%bc%ec%82%ac%eb%ac%b4%ec%8b%a4%ec%95%8c%eb%a6%bc/%ea%b3%b5%ec%a7%80%ec%82%ac%ed%95%ad/?term_id&slug=1273,"안녕하세요,  기독교학과 사무실입니다. 우리 기독교학과에서는 2020-2학기 학과사무실의 전반적인 운영을 도울 책임감 있고 성실한 근로장학생을 기다립니다. 아래의 공고문을 끝까지 읽고,
2020-2학기 학과근로장학생 선발
에 지원하여 주시기를 바랍니다. 🙂
가. 모집인원 및 구분
구분
학과근로 A
학과근로 B
비고
근로시간
주 10시간 * 20주=200시간 (방학포함)
주 5시간 * 20주=100시간 (방학포함)
해당 시간을 반드시 채워야만 장학금 지급 가능.
학기 중 학적변동(휴학, 자퇴, 제적 등) 등의 (사유가 인정되는) 불가피한 중도포기 발생 시 근로한 시간만큼 계산하여 지급.
금액
8,600원 * 200시간= 1,720,000원
8,600원 * 100시간= 860,000원
지급방식: 매월 셋째주 금요일 지급 (변동 가능)
선발인원
0 명
0 명
A유형과 B유형 합산 최소 3명~ 최대 6명까지 지원인원 및 지원유형(A or B)에 따라 유동적으로 선발 예정.
나. 일정
(1) 신청기간:
2020년 8월 10일(월) 14:00 ~ 8월 17일(월) 17:00
(2) 발 표:
–
2020년 8월 24일 (월) 예정
/ 본교 홈페이지 공지사항
– 선발 후 8월 말 경에 근무시간표 편성 및 오리엔테이션 일정 추후 공지 예정 (개인시간표 지참, 온라인 예정)
다. 지원방법
(1) U-saint 접속 후 장학 탭에서 학과근로 신청.
(U-saint포털 – 등록/장학 – 장학메뉴 ‘근로장학금’ – 학과근로A/B신청 – 지원서 출력 및 제출)
(2) 유세인트 지원서(본인서명 필수) 및 자기소개서(첨부파일 참조, 워드로 작성) 출력본 함께 학과사무실로 제출
※ 코로나19로 인하여 학과사무실 방문이 어려운 경우,
학과 메일(enchristo@ssu.ac.kr)로 스캔하여 파일 전송(본인서명 필수).
라. 지원자격 및 선발 기준
(1) 2020학년도 2학기 국가장학금을 1차 신청하고 소득분위가 8분위 이내인 자
※ 국가장학금을 신청할 수 없는 대한민국 국적 미소지자도 선발 가능 (단, 순수외국인전형으로 입학한 외국인 유학생은 선발 불가)
(2) 2020학년도 2학기 재학 및 복학예정자로 해당학기 등록금 납부 예정인 자
– 2020학년도 2학기 전 등록휴학 후 복학시 선발 불가(등록대체자)
– 학기 중 미등록, 입학취소, 복학취소 등으로 인한 학적변동시 모든 장학금 취소
– 2020학년도 2학기 기준 이수학기가 2~7학기만 가능(1학기 및 8학기 신청 불가)
(3) 직전학기 취득학점 및 학업성적 제한 없음.
(4) 타 장학금과 중복수혜 가능(근로장학금 간 중복 불가)
※ 본 장학금은 학업장려비 지원 목적으로 등록금(입학금 및 수업료)를 초과하여 지급
(5) 국가근로장학생 및 교내근로장학생에 선발되지 않은 자
마. 기타 안내사항
(1)
선발 기준은 성적, 생활태도 및 학과 참여도, 지도교수 상담 내용
등(우선순위 없음, 가나다 순서)을 기초하여
학과장이 결정
(타 학과 복수전공자는 본 학과 전공과목 수강현황 반영)
(2)
국가근로나 교내근로에 중복 지원
한 경우, 선발 결과를 알게 된 즉시 연락 부탁드립니다.
(3) 자세한 내용은 기독교학과 사무실로 문의 바랍니다. (02-820-0070)
첨부파일: 붙임1. 기독교학과_학과근로장학생_지원_자기소개서(양식)"
christian_studies,[졸업] 제 92회 학위수여식 안내,N/A,2020-07-31,https://docs.ssu.ac.kr/%ed%95%99%ea%b3%bc%ec%82%ac%eb%ac%b4%ec%8b%a4%ec%95%8c%eb%a6%bc/%ea%b3%b5%ec%a7%80%ec%82%ac%ed%95%ad/?term_id&slug=1261,"제 92회 학위수여식 관련하여 안내드리고자 합니다. 먼저 졸업을 맞이한 모든 학우들의 졸업을 진심으로 축하드립니다.
1. 학위수여식 행사장 참여
통상적으로 한경직기념관에서 진행되던 학위수여식은 대학 우등상 수상자 등
대상자 본인 외 출입이 제한
됩니다. 해당자는 개인적으로 연락이 이루어졌음을 알려드립니다.
2. 학과 학위수여식
기독교학과에서는 코로나19의 심각성을 고려하여 폐쇄된 공간에 다수의 사람들이 모이기 어렵다고 판단하였습니다.
기독교학과 측에서 진행되는 학위수여식은 없습니다.
3. 가운배부
인문대학의 가운 배부는 8월 11일 (화)
입니다. 이 부분에 있어 자세한 사항은 학교 홈페이지 공지사항 및 붙임파일1 을 참조하여 주시기 바랍니다.
4. 학위증 및 졸업기념품 수령
학위증 및 졸업기념품 배부는 학과사무실에서 이루어질 예정입니다. 기독교학과 사무실의 위치 및 수령 가능 시간을 안내드립니다.
– 기독교학과 사무실: 조만식기념관 640호
– 수령 가능 시간: 오전 10시 30분 ~ 오후 3시
– 학위증 수령 대상자: 2019년 8월, 2020년 2월, 2020년 8월 졸업생
5. 기타 사항
가.  미리 학위증을 수령하신 경우에는 학과사무실에 방문하지 않아도 무방하며, 졸업기념품은 수량에 맞추어 진행되기 때문에 2020년 2월 졸업생이 아닌 경우 졸업 기념품 수령이 어려울 수 있음을 알려드립니다.
나. 학과사무실에 방문하실 때,
마스크 미착용자는 출입이 불가
하며
방문 시 손 소독
을 부탁드립니다.
다. 학위증 수령 시,
사진이 첨부되어 있는 신분증
제시
가 필요합니다. 미지참시, 수령이 어려울 수 있음을 알려드립니다.
라. 학교 홈페이지 공지사항 URL: https://scatch.ssu.ac.kr/%ea%b3%b5%ec%a7%80%ec%82%ac%ed%95%ad/?f&category&slug=25123&keyword"
christian_studies,[국립국제교육원] 2021-2022 독일정부초청장학생(DAAD 장학생) 선발 안내,N/A,2020-07-29,https://docs.ssu.ac.kr/%ed%95%99%ea%b3%bc%ec%82%ac%eb%ac%b4%ec%8b%a4%ec%95%8c%eb%a6%bc/%ea%b3%b5%ec%a7%80%ec%82%ac%ed%95%ad/?term_id&slug=1248,"2021-2022 독일정부초청장학생(DAAD 장학생) 선발 안내
주한독일고등교육진흥원(DAAD)에서 2021-2022 독일정부초청장학생(DAAD장학생) 선발하여 다음과 같이 안내하고자 합니다.
가
.
선발분야
1) 모든 전공분야의 석사과정 장학금(Master)
2) 독일에서의 박사학위 취득을 위한 연구장학금
3) 박사과정생을 위한 연구장학금(1년)
4) 연구장학금-단기(6개월 이하, Short-Term Grants)
5) 건축학 전공분야의 대졸자를 위한 장학금
6) 공연예술 전공분야의 대졸자를 위한 장학금
7) 미술, 디자인/비주얼 커뮤니케이션, 영화 전공분야의 대졸자를 위한 장학금
8) 음악 전공분야의 대졸자를 위한 장학금
나
.
프로그램 안내
:
홈페이지 참조
(http://www.daad.or.kr)
다
.
문의처
:
주한독일고등교육진흥원
(
☎
02-324-0655 /
이메일
info@daad.or.kr)
라
.
기타
:
장학 프로그램별로 지원자격 및 지원기간, 장학혜택, 지원서 제출 장소가 상이하므로 반드시 주한독일고등교육진흥원(DAAD) 홈페이지를 통해 해당 프로그램의 공고문을 확인할 것"
christian_studies,[장학] 2020년 5.18희망장학생 선발 안내,N/A,2020-06-15,https://docs.ssu.ac.kr/%ed%95%99%ea%b3%bc%ec%82%ac%eb%ac%b4%ec%8b%a4%ec%95%8c%eb%a6%bc/%ea%b3%b5%ec%a7%80%ec%82%ac%ed%95%ad/?term_id&slug=1217,"우리 재단에서는 5·18민주화운동의 정신을 계승하고, 진상규명에 참여해주신 국민 여러분께 보답하기 위해
민주화 운동 및 국가폭력 피해자 (유)자녀를 대상으로 희망장학생을 선발하고자 합니다.
【 5·18희망장학생 선발 개요 】
○ 접수기간 : 2020. 7. 2.(목) ~ 7. 9.(목)
○ 대    상 : 5·18민주화운동을 제외한 민주화운동 및 국가폭력 희생자 대학생 (유)자녀
○ 지원규모 : 20명 선발, 1인 100만원 지원
○ 접수방법 : 제출서류 원본 우편접수 또는 스캔파일 E-Mail 제출
○ 문의 및 접수처 : 5·18기념재단 장학사업 담당자(☎ 062-360-0515)
– 주  소 : 광주광역시 서구 내방로 152, 1층 5·18기념재단
– E-Mail : peace@518.org"
christian_studies,[장학] 2020년 (재)인천인재육성재단 상반기 장학생 선발,N/A,2020-06-15,https://docs.ssu.ac.kr/%ed%95%99%ea%b3%bc%ec%82%ac%eb%ac%b4%ec%8b%a4%ec%95%8c%eb%a6%bc/%ea%b3%b5%ec%a7%80%ec%82%ac%ed%95%ad/?term_id&slug=1198,"재)인천인재육성재단은 인천 출신 학생에게 애향심 고취와 격려를 위해 2020년도 상반기 장학생을 선발하고자 합니다.
자세한 사항은 첨부된 파일을 참조하시기 바랍니다.
◆ 선발개요
구 분
선발대상
선발인원
1
인당 지급금액
소요예산
총계
(5
종
)
합계
508
명
–
63,400
만원
고등학생
67
명
대학생
441
명
인천인
소계
418명
–
53,900만원
고등학생
50명
100만원
대학생
368명
200만원
애터미 거주비 지원
소계
50명
–
5,000만원
대학생
50명
100만원
인천대교 희망
소계
20명
–
2,000만원
고등학생
8명
100만원
대학생
12명
100만원
재능인
소계
10
–
1,500만원
고등학생
5
100만원
대학생
5
200만원
응원
소계
10명
–
1,000만원
고등학생
4명
100만원
대학생
6명
100만원"
christian_studies,[학사] 2020-1학기 기말고사 실시 (유의사항) 안내 (0608),N/A,2020-06-04,https://docs.ssu.ac.kr/%ed%95%99%ea%b3%bc%ec%82%ac%eb%ac%b4%ec%8b%a4%ec%95%8c%eb%a6%bc/%ea%b3%b5%ec%a7%80%ec%82%ac%ed%95%ad/?term_id&slug=1176,"구성원의 안전 및 부정행위 방지를 위해 대면
/
비대면 평가를 실시하니 많은 양해와 협조를 바랍니다
.
■
유의사항
–
부정행위자
는 학생생활규정 제27조에 따라
징계
함
–
마스크 미착용
및
발열확인스티커 미부착자
는
입실 불가
■
대면평가 입실절차
■
등교 불허 대상자
– 다음 해당자는 구비서류를 갖추어 유고결석 및 비대면 시험 요청할 것
구분
구비서류
발열, 기침 등 의심증상자
진료기록 확인서
코로나19 확진자
격리통지서
최근 2주 내 해외방문 이력 있는 학생
해외출입국기록
최근 2주내 유증상자 접촉 이력이 있는 학생
자가격리 문자
– 유고결석 신청: 학생서비스팀에 유선 문의(02-820-0162)
– 비대면시험 신청: 담당 교원에 비대면 시험 문의"
christian_studies,[장학] 2020학년도 2학기 국가장학금 1차 신청 안내,N/A,2020-05-19,https://docs.ssu.ac.kr/%ed%95%99%ea%b3%bc%ec%82%ac%eb%ac%b4%ec%8b%a4%ec%95%8c%eb%a6%bc/%ea%b3%b5%ec%a7%80%ec%82%ac%ed%95%ad/?term_id&slug=1168,"가. 국가장학금 1차 신청기간 :
2020년 5월 20일(수) ~ 6월 18일(목) 18시까지
※ 공휴일, 일요일 포함 신청기간 내 24시간 신청 가능
※ 재학생이 1차 신청기간에 신청하지 않을 경우,
‘신청기간 미준수’로 탈락
됩니다.
(다만, 구제신청서를 작성할 경우 재학 중 2회에 한해 구제신청을 받을 수 있습니다.)
※ 1차 신청기간에 신청하지 않을 경우, 장학금 지급이 많이 지연될 수 있습니다.
나. 서류제출 및 가구원 동의기간 :
2020년 5월 20일(수) ~ 6월 23일(화) 18시까지
※ 서류제출 및 가구원 동의 대상자는 반드시 이를 이행해야 장학금 신청이 완료됩니다.
다. 신청대상 : 대한민국 국적 학부생
※ 재학생/신입생/편입생/재입학생/복학생 및 휴학생 등 모든 학적 신청가능
※ 국가장학금 최대 수혜횟수 범위 내에서 지급가능
라. 신청방법 : 한국장학재단 홈페이지 온라인신청
※ 붙임파일의 신청 매뉴얼 참조
※ 한국장학재단 홈페이지 주소 : www.kosaf.go.kr
마. 상세안내: 학교 홈페이지 ‘장학’ 공지사항 참고
https://scatch.ssu.ac.kr/%EA%B3%B5%EC%A7%80%EC%82%AC%ED%95%AD/?slug=%e2%98%852020%ed%95%99%eb%85%84%eb%8f%84-2%ed%95%99%ea%b8%b0-%ed%95%9c%ea%b5%ad%ec%9e%a5%ed%95%99%ec%9e%ac%eb%8b%a8-%ea%b5%ad%ea%b0%80%ec%9e%a5%ed%95%99%ea%b8%88-%ec%8b%a0%ec%b2%ad-%ec%95%88%eb%82%b4"
christian_studies,[교수학습]  2020-1학기 온라인 학습법 특강 참여 안내,N/A,2020-05-14,https://docs.ssu.ac.kr/%ed%95%99%ea%b3%bc%ec%82%ac%eb%ac%b4%ec%8b%a4%ec%95%8c%eb%a6%bc/%ea%b3%b5%ec%a7%80%ec%82%ac%ed%95%ad/?term_id&slug=1155,"교수학습혁신센터에서는 코로나바이러스감염증-19(COVID-19) 상황 하에서 본교 학부생의 학습역량 강화를 목표로 2020-1학기에 온라인 학습법 특강을 운영하고 있습니다. 많은 학생들이 참여를 바랍니다.
1. 특강 목록(2020.5.11. 기준)
번호
특강명
내용 키워드
대상
특강자
운영 기간
1
네 마음속에 불을 지펴라!
학습 동기 강화
전체 학부생
이희원 교수
(서울대학교)
~8.31.
(운영 중)
2
학업 스트레스 관리법
학업 스트레스 관리
전체 학부생
김원식 박사
(교수학습혁신센터)
3
행복한 자존감 수업
자존감, 학업적 자기효능감 향상
전체 학부생
정윤경 교수
(인하대학교)
4
최우수 선배가 알려주는 대학교 공부법, 생활비법
최우수 선배의 대학교 공부법, 학업 위기와 극복 사례, 대학생활 비법
전체 학부생
(신입생)
김소연, 김기현,
장영재(본교 재학생)
5
온라인 자기주도 학습: 슬기로운 랜선생활
자기인식, 자기주도성, 목표 설정, 시간 분배, 읽기 쓰기 전략, 뇌기반 학습, 보상 시스템
전체 학부생
남상은 수석코치
(TLP 교육디자인)
6
NCS 수리영역 고득점을 위한 전략
NCS 수리영역의 이해, 문제 풀이법
전체 학부생
최성자 교수
(본교 수학과)
5.21.
~8.31.
(예정)
7
Design Thinking(디자인 씽킹)
창의적 문제 해결을 위한 사고법
전체 학부생
김용범 교수
(베어드교양대학)
6.1.
~8.31.
(예정)
2. 신청 및 시청방법: 스마트캠퍼스(myclass.ssu.ac.kr) PC 로그인 후 팝업 배너 참조
3. 우수 참여자 시상: 교내 식권(10,000원) 및 총장 명의 표창장
※ 상세 내용은 특강 별 스마트캠퍼스 강의실 공지사항 게시판 참조"
christian_studies,[상담] 2020-1학기 단체심리검사 신청 안내,N/A,2020-05-08,https://docs.ssu.ac.kr/%ed%95%99%ea%b3%bc%ec%82%ac%eb%ac%b4%ec%8b%a4%ec%95%8c%eb%a6%bc/%ea%b3%b5%ec%a7%80%ec%82%ac%ed%95%ad/?term_id&slug=1141,"우리교 상담센터에서는 본교생의 자기이해 및 적성탐색을 지원라고자 아래와 같이 단체심리검사를 실시하오니 많은 신청 바랍니다.
1. 1학기 신청기간: 2020.04.28-2020.06.23.
2. 진행방식
가. 검사 실시 : 온라인(실시 후 결과지 제공)
나. 검사 해석 : 비대면 동영상 해석 제공(스마트 캠퍼스)
* 스마트 캠퍼스-비교과과정-수강신청-2020단체심리검사
* 6월 1일부터 스마트 캠퍼스에서 참여 가능함.
* 본인이 실시한 검사의 동영상 해석은 실시 후 1달 이내 시청완료 바람
3. 신청인원 : 15인 이상 단체 신청 가능 (학과, 수업 단위 가능)
*15인 미달일 경우, 학과 단체 신청이 어려울 수 있음.
4. 신청방법: 검사 실시를 원하는 학생의 경우, 학과이메일(enchristo@ssu.ac.kr)로 회신(개인 또는 집단)
5. 검사 종류(택일 또는 둘 다 신청 가능)
가. 국내 재학생 : MBTI(성격), Holland(적성)
나. 중국인 유학생 : NEO(성격), Holland(적성)"
christian_studies,[학사] 2020-1학기 논문계획서 및 졸업논문(영어성적) 제출 안내,N/A,2020-04-24,https://docs.ssu.ac.kr/%ed%95%99%ea%b3%bc%ec%82%ac%eb%ac%b4%ec%8b%a4%ec%95%8c%eb%a6%bc/%ea%b3%b5%ec%a7%80%ec%82%ac%ed%95%ad/?term_id&slug=1113,"2020-1학기 논문계획서 및 졸업논문(논문대체 영어성적표) 제출 안내입니다. 아래의 공지를 참고하여 기한 내에 제출해주시기 바랍니다.
코로나19로 인하여 영어공인시험이 시행되지 않는 경우(혹은 제한적으로 시행되는 경우) 영어성적대체가 어려울 수 있기 때문에 졸업 요건이
졸업논문으로 진행될 수 있습니다.
이에 대한 학생 여러분의 협조를 간곡히 부탁드립니다.
논문계획서
(
논문대체계획서
)
제출
가. 대상자:
7학기 이상 재학생
나. 제출일 및 방법
–
5월 4일(월) 17시
까지 첨부된 양식 작성하여 출력 후 학과사무실로 제출.
– 코로나19로 인하여 오프라인 방문이 어려운 경우, 작성 후
학과 메일(
enchristo@ssu.ac.kr
)로 제출.
– 양식: 첨부파일 참조
다. 작성 방법
– 논문대체 영어점수 제출 희망자: 논문 대체 선택 3가지 항목 중 하나에 체크하여 제출.
– 논문 제출 희망자: 논문제목 및 분야와 간단한 논문 개요를 작성하여 제출. (지도교수란 공란으로 제출)
2. 졸업논문
(
또는 공인 영어 성적표
)
제출
가. 대상자:
8학기 이상 재학생 또는 졸업예정자
나. 제출일 및 방법
–  논문: 스프링 제본이 완료된 논문을
6월 17일(수) 17시
까지 학과사무실로 제출 (2권)
※
논문 제출은 6월17일이 원칙이나, 코로나19로 인하여 6월 19(금)까지 연기 가능.
– 영어성적대체:
6월 19일(금) 17시
까지 성적표 사본 1부를 학과사무실로 제출.
다. 분량: 표지와 목차를 제외한, 논문규격에 맞춘 A4용지 30장 내외
라. 양식: 첨부파일 참조
※ 논문은 졸업하는 학기에 제출합니다. 8학기 이상 이수를 해야 하는 학생은 학과사무실에 미리 알려주시기 바랍니다.
3. 유의사항
가. 수료생 중 졸업예정자 신청을 한 학생도 졸업예정자와 동일하게 졸업논문 절차를 진행하면 됩니다.
나. 논문계획서 제출 완료한 학생의 경우, 논문주제와 제목은 변경이 가능하지만, 이는 지도교수 확정 후 지도교수와 논의를 통해 진행할 수 있습니다.
다. 제출기한을 반드시 지켜주시기 바랍니다. 제출기한을 지키지 못했을 경우 불이익이 생길 수 있습니다. (접수 불가, 감점 등)
라. 논문은 스프링 제본을 마친 완본을 제출하여야 합니다. (2권 제출)
마. 논문 또는 영어자격시험 성적표 제출 마감 이후의 변경은 절대 불가함을 숙지 바랍니다.
바. 논문작성 시 반드시 규격을 준수하고 모르는 부분은 학과사무실(820-0070)에 문의하시기 바랍니다."
christian_studies,[국방부] 2020년도 군종사관후보생 선발 계획,N/A,2020-04-23,https://docs.ssu.ac.kr/%ed%95%99%ea%b3%bc%ec%82%ac%eb%ac%b4%ec%8b%a4%ec%95%8c%eb%a6%bc/%ea%b3%b5%ec%a7%80%ec%82%ac%ed%95%ad/?term_id&slug=1105,"가
.
원서교부 및 접수
1) 원서 접수기간 : 6.1.(월)~6.5.(금) 09:00~18:00
2) 원서 접수방법 : 인터넷 접수
가) 군종사관후보생 선발 홈페이지(
http://gunjong.mnd.go.kr
)
* 붙임. “20년 군종사관후보생 선발시험 원서접수 방법” 및 “아이핀 온라인 발급 안내” 참조
– 아이핀 발급 홈페이지(http://niceipin.co.kr/niceipin/sub01.asp)
나) 응시원서 응시표는 접수가 끝난 후 국방부에서 일괄 접수번호 부여 후 시스템에서 6.12.(금) 09:00부터 출력 가능
나
.
필기시험
1) 일시 : 7.18.(토) 09:30~12:00 (09:10까지 입실하여야 합니다.)
2) 장소 :
총신대학교
(서울시 동작구 사당3동 산31-3)
3) 준비물 : 응시표,
필기구
(
컴퓨터용 흑색 사인펜
), 수정테이프, 신분증(주민등록증, 운전면허증, 여권 중 택일)
※ 신분증, 응시표를 제시하지 않는 경우에는 시험에 응시할 수 없습니다.
4) 학교 운동장이 협소하여 주차 공간이 부족하므로 대중교통 이용 권장
다
.
신체검사
1) 일시 : 8.11.(화) 09:00~12:00 ※ 국군수도병원 베데스다 교회에 08:30까지 집결
2) 장소 : 국군수도병원 (경기도 성남시 분당구 율동 소재)
라
.
인성검사
1) 일시 : 8.11.(화) 14:00~16:00 ※ 국군수도병원 4층 강당에 13:30까지 입실
2) 장소 : 국군수도병원 (경기도 성남시 분당구 율동 소재)
※ 당일 상황에 따라 시간 및 장소는 변동 가능
마
.
면접시험
1) 일시 : 8.25.(화) 13:30~18:00 ※ 육군회관에 13:00까지 도착
2) 장소 : 육군회관 (서울시 용산구 이태원로 22 국방부 서문)
바
.
선발심의위원회 개최
:
9.15.(화) 국방부 ※ 응시자는 참석하지 않습니다.
사
.
합격자 발표
1) 필기시험 합격자 : 8.5.(수) 소속 교단 및 학교에 통보
2) 최종 합격자 : 9.3.(목) 소속 교단 및 학교에 통보
아. 군종사관후보생 선발 홈페이지
http://gunjong.mnd.go.kr
보다 자세한 사항은 첨부파일을 통해 확인하여 주시기 바랍니다."
christian_studies,[교육혁신] 2020-1학기 외국인 학부생 튜터링(3기) 튜티(Tutee) 모집,N/A,2020-03-31,https://docs.ssu.ac.kr/%ed%95%99%ea%b3%bc%ec%82%ac%eb%ac%b4%ec%8b%a4%ec%95%8c%eb%a6%bc/%ea%b3%b5%ec%a7%80%ec%82%ac%ed%95%ad/?term_id&slug=1096,"신청 대상
:
본교 외국인 학부 재학생
申请对象：本校外国人学部生
개요
: 외국인 유학생 튜터링은 학생들이 학습 팀을 구성(최소 4명~최대 7명)하여 튜터가 튜티에게 다음 중 한 가지 학습내용을 가르쳐주는 프로그램입니다. 概要：辅导活动是以4~7人组成学习小组，由辅导老师向学习小组的学生辅导以下两种内容中的一种
1) 특정 교과목  特定科目
2) 한국어, 한국문화, 한국역사 등 한국사회의 이해를 목적으로 하는 주제
韩语，韩国文化，韩国历史，等 利于对韩国社会的理解的主题
활동내용
活动内容
1) 튜터와 튜티들이 주 1~2회 만나서 함께 공부 辅导老师与学员们一周见面1~2次 一起学习
2) 튜터와 튜티가 1:1로 만나 학업, 학교 적응, 진로 관련 고민 상담 진행
辅导老师与学员1：1见面学习或商谈学生的校园生活问题 毕业去向 等等
3) 교수학습혁신센터에서 주관하는 외국인 학부생 대상 집합 교육 참여(최대 4시간)
활동 기간
: 2020.4.20.~2020.6.19.
活动时间：~2019.12.20（详细活动时间过后通知）
신청 기간
: ~2020.4.12.
申请时间
：
~2020.4.12.
비용
:
무료
费用：免费
신청방법
申请方法
– 첨부파일
①
‘
튜터
(Tutor)
목록 및 정보
’,
②
‘
튜터
(Tutor)
지원서
‘
를 확인하여
12
명의 튜터 중 원하는 튜터
1
인을 선택
한다. 이 때,
‘
학습 권장 대상
‘, ‘
튜터링 가능시간
‘
정보를 꼼꼼히 읽고 확인한다
.
在附件中的12名辅导老师中选择1名
– 이메일(yoojin@ssu.ac.kr)로 신청하되, 아래 사항을 모두 적어 신청한다
(
한글로 작성
).
邮件编辑好以下内容后，发送至邮箱
yoojin
@ssu.ac.kr
尽可能地用韩语编辑
(
in Korean language
)
1) 1~12번의 튜터 중 원하는
튜터
1
명의 번호
,
이름
1~12
名辅导老师中你所选择的老师的编号
，
姓名
:
2)
신청자 이름
(
한글
)
申请者姓名
（
韩语
）
:
3)
학번
学号
:
4)
소속 학과
所属学科
:
5)
학년
/
학기
学年
/
学期
:
6)
휴대전화 번호
手机号码
:
7)
국적
国籍
:
8)
신청 동기
申请动机
:
주의 사항
1)
“
예비
“
로
분류된
튜터의
팀에도
튜티의
신청이
가능하나
(
첨부파일
표
11, 12
번
해당
),
가) 기본 튜터 10명(표 1~10번 해당) 중 결성 불가 팀 발생 시,
나) 그리고 예비 팀 결성 완료 시,
예비 튜터 번호 순대로 활동 승인됩니다.
2) 최초 공지한 바와 같이, 본 외국인 유학생 튜터링 팀 최대 결성 수는 10팀입니다.
따라서,
예비
튜터의
팀에
튜티가
신청한다
하더라도
,
총
10
팀을
초과하면
해당
예비팀은
활동
불가합니다
.
향후 일정
(
※추후 상황에 따라 변동 가능성 있음)
1) 튜티 모집: ~4.12.(일)
2) 튜터-튜티 매칭 및 튜터 최종 선정: 4.13.(월)~4.15.(수)
3) 팀 편성 결과 공지: 4.16.(목)
4) 튜터(Tutor) 오리엔테이션: 4.17.(금) 또는 4.20.(월) 예정
5)
오리엔테이션을 마친 튜터
(Tutor)
가 여러분께 개별 연락드릴 예정입니다
.
문의처
咨询方式: 교수학습혁신센터(신양관 202호 / 02-828-7135 / yoojin@ssu.ac.kr)
문의 가능 시간: 평일 09:00~17:30 (점심시간 12:20~13:20 제외)
※
코로나
19
사태로 인하여
4
월
13(
월
)
대면수업
(
등교
)
시작하는 본교 방침
(2020.3.18.
부 결정사항
)
에 따라
CoRE
튜터링 시작 시점도 해당 주로 정하였습니다
(2020.3.18.
부 결정사항
)
단
,
해당 주 도래 시 상황 및 본교 방침을 고려하여 운영 여부 및 시작 시점 재결정할 수 있습니다
.
우선
모집은 정상 진행하니
,
참여 의지가 있는 여러 분들의 신청을 바랍니다
.
3
관련 공지 URL: https://citl.ssu.ac.kr/ko/community/notice/view/1468"
christian_studies,[동작구] 동작구 청년정책 네트워크 모집,N/A,2020-03-26,https://docs.ssu.ac.kr/%ed%95%99%ea%b3%bc%ec%82%ac%eb%ac%b4%ec%8b%a4%ec%95%8c%eb%a6%bc/%ea%b3%b5%ec%a7%80%ec%82%ac%ed%95%ad/?term_id&slug=1087,"동작구에서는 청년의 소통과 참여를 확대하고, 지역특성과 청년의 수요를 반영한 청년 친화적 정책을 발굴 및 실현하고자 「동작구 청년정책 네트워크」위원을 다음과 같이 모집합니다.
가. 사업개요
1) 모집기간 : 2020. 3. 23. ~ 4. 13.
2) 모집대상 : 동작구에서 거주하거나 활동 중인 만 19~39세 청년(25명 이내)
3) 활동내용 : 청년정책 발굴 및 제안, 청년 관련 행사 참여 등
4) 지원사항 : 회의 참석 수당 및 봉사시간 인정, 우수활동자 표창 등
5) 제출서류 : 신청서 및 개인정보 동의서, 기타 증빙서류
6) 지원방법 : 등기우편, 방문(업무시간 내), 전자메일
– 등기우편, 방문 : 동작구 장승배기로 161 동작구청 2층 일자리정책과 청년정책팀
– 전자메일 : pyjin18@dongjak.go.kr"
christian_studies,[장학] 2020-1 교내장학금 2차 신청 안내,N/A,2020-03-25,https://docs.ssu.ac.kr/%ed%95%99%ea%b3%bc%ec%82%ac%eb%ac%b4%ec%8b%a4%ec%95%8c%eb%a6%bc/%ea%b3%b5%ec%a7%80%ec%82%ac%ed%95%ad/?term_id&slug=1053,"2020
학년도
1
학기 교내장학금 신청공고
(신입생, 편입생, 복학생, 재입학생 대상)
※ 본교에서 지급되는 모든 교내장학금은 아래 국가장학금 신청기간 내 국가장학금을 신청하고 서류제출을 완료하여 소득분위가 조회된 학생을 대상으로만 수혜자를 선정합니다. 따라서, 교내장학금을 수혜하려는 모든 학생은 반드시 교내장학금과 국가장학금을 모두 신청하시기 바랍니다.
–
국가장학금 신청결과 제공되는 학생의 소득분위정보를 장학생선발에 활용
–
국가장학금은 반드시 매학기 신청
(
서류제출 및 가구원동의 포함
)
하여야 함
.
국가장학금 2차 신청기간 : 2020년 2월 3일(월)∼ 3월 10일(화)까지
※ 한국장학재단 홈페이지(www.kosaf.go.kr) 공인인증 로그인 후 신청
※
재학생은 국가장학금
1
차 신청이 원칙
(
단
,
재학 중
1
회에 한하여
2
차 신청이 가능
)
▶
구제신청 공지사항을 반드시 확인하여
,
개별 구제신청을 해야 함
.
교내장학금 온라인신청기간
가
.
온라인신청 및 서류제출기간
1) 1차: 2020년 3월 3일(화) 10:00 ~ 17일(화) 17:00 (2주간)
2) 2
차
(
추가신청 기간
): 2020
년
3
월
18
일
(
수
) ~ 27
일
(
금
) 17:00
※ 신종코로나바이러스로 오프라인수업 2주간 휴강 조치에 따라 1차와 간격을 두지 않고 2차 신청기간 운영.
★
단
,
이후 추가 신청은 받지 않음
※ 주말(공휴일 포함) 24시간 신청 가능 (단, 마감일 제외)
※ u-SAINT 입력 후 장학금 신청내역을 조회하여 장학금 신청이 정상적으로 완료되었는지 꼭 확인
나. 서류제출이 필요한 장학금의 경우, 교내장학금 온라인신청기간 내 반드시 제출
※ 방문 및 등기우편제출 가능 (FAX 불가)
※ 등기우편제출 시 교내장학금 온라인 신청기간 내 장학팀 도착분만 인정
신청대상 : 2020학년도 1학기 신입생, 편입생, 복학생, 재입학생
교내장학생 자격요건
가. 2020학년도 1학기 국가장학금을 신청하고 서류제출(가구원동의 포함)을 완료한 자
나. 2020학년도 1학기 신입생, 편입생, 복학생, 재입학생으로 등록금 납부 예정인 자
1) 2020학년도 1학기 전 등록휴학 후 복학생은 모든 장학금 선발에서 제외(등록대체)
2) 미등록, 입학취소, 복학취소 등으로 인한 학적변동 시 모든 장학금 취소
다. 직전학기 15학점 이상 이수한 자
※ 2020년 1학기가 4학년 8학기인 자는 직전학기 12학점 이상
※ 건축학부 건축학전공 : 10학기인 자는 직전학기 12학점 이상 이수(1∼9학기는 15학점 이상)
라. 등록 8학기 이내인 자(건축학과 건축학전공 : 등록 10학기 이내인 자)
예1) 학기취소 1회 후 8학기 진학예정인 경우 : 9회 등록금 납부이므로 선발 불가
예2) 학점 미 이수로 9학기 진학예정인 경우 : 9회 등록금 납부이므로 선발 불가
교내장학생 공통사항
가.
☆
모든 장학금은 등록금 내에서 다음 순서에 따라 우선 지급합니다
.
① 교외(외부)장학금 ② 국가장학금 ③ 교내장학금
나. 성적 및 취득학점 산정방법
1) 평점평균(GPA) / 산술평균(100점만점) : F학점이 포함된 학적부성적 기준 산정
2) 취득학점 산정시 F학점은 0학점 취득으로 인정되어 취득학점 산정에서 제외
다. 온라인으로 반드시 신청해야 하며, 제출서류가 있는 장학금에 한하여 서류제출
※ 제출기간 내 미제출시 장학생 선발대상에서 제외
라. 모든 교내장학금은 중복수혜 불가
1) 장학금간 중복신청은 가능하나, 신청 장학금 중 수혜금액이 큰 장학금으로 자동선발
2) 중복수혜 가능 장학금 : 국가장학금, 교외(외부)장학금, 근로장학금(교내/학과근로), 봉사장학금
– 수업료 범위 내 중복수혜 가능 (근로장학금, 봉사장학금은 수업료 초과하여 수혜 가능, 단 해당 장학금 간 중복수혜 불가)
마. 한국장학재단 중복지원(이중지원)방지사업 안내
1) 한국장학재단 학자금대출금액과 교내ㆍ외 장학금을 모두 합하여 수업료를 초과할 경우, 중복지원학생에 해당
2) 한국장학재단 콜센터와 통화하여, 중복지원여부를 해소해야 함. (다음 학기 국가장학금 및 학자금대출여부에 영향)
교내장학금별 선발자격 및 제출서류
:
교내장학금 선발자격 및 제출서류 안내
(
첨부문서 참조
)
장학생 선정결과 발표 및 지급방식
가. 2020년 4월 중순 발표 예정(u-Saint 등록/장학 및 등록금고지서 감면여부 확인 가능)
※ 지급예정일 : 2020년 5월 초 개인계좌 지급 예정
※ 학자금대출자(한국장학재단 및 공무원연금공단)의 경우, 학자금대출계좌로 대학에서 직접 상환
나. 장학금신청시 계좌입력 : 우리은행 본인명의 개인계좌 입력 필수
다. 등록금 분할납부를 신청한 학생의 경우. 선발된 장학금 중 사전감면을 제외한 계좌지급장학금은 분할납부 최종등록 확인 후 지급
라. 비전장학금 지급범위 및 장학금액은 한국장학재단 국가장학금 정책 및 본교 사정에 따라 매 학기 변경될 수 있음.
첨부파일: (게시글 상단에 위치) 교내장학금 선발자격 및 제출서류 안내"
christian_studies,"[장학] 교내, 교외장학금 및 국가장학금 2차 신청 안내",N/A,2020-03-10,https://docs.ssu.ac.kr/%ed%95%99%ea%b3%bc%ec%82%ac%eb%ac%b4%ec%8b%a4%ec%95%8c%eb%a6%bc/%ea%b3%b5%ec%a7%80%ec%82%ac%ed%95%ad/?term_id&slug=1047,"교내/외 장학금 및 국가장학금 2차 신청 안내드립니다.
가. 2020학년도 1학기 국가장학금 2차 신청안내
1)신청대상: 신·편입생, 복학생 1차 미신청 재학생＊
＊구제신청서를 제출한 경우에 한하여 재학생 2차 신청 가능(재학 중 2회)
2)신청기간: 2020.02.03.(월) 9시 ~ 2020.03.23.(월) 18시까지
3)신청방법: 한국장학재단 홈페이지 및 모바일 앱에서 신청 가능
4)문의처: 한국장학재단 콜센터 Tel. 1599-8000
※
국가장학금 신청한 학생에 한하여 교내장학금 수혜 가능합니다.
나. 2020학년도 1학기 교내장학금 신청 안내
1)신청대상: 신·편입생, 복학생, 재입학생
2)자격요건
가)2020학년도 1학기 국가장학금을 신청하고 서류제출(가구원동의)를 완료한 자
나)직전학기 15학점 이상 이수한 자
※ 2020학년 1학기 4학년 8학기인 자는 직전학기 12학점 이상
※건축학부 건축학전공인 경우 1~9학기는 15학점이상 이수, 10학기는 12학점 이상 이수
다)등록학기가 8학기 이내인 자(건축학과 건축학전공: 등록 10학기 이내인 자)
3)신청기간
가)1차: 2020.03.03.(화) 10:00 ~ 17(화) 17:00까지(2주간)
나)2차(추가 신청기간): 2020.03.18.(수) 10:00 ~ 27(금) 17:00까지
※코로나-19 사태로 1차와 간격을 두지 않고 2차 추가 신청기간 운영
(단, 이후 추가 신청을 받지 않음)
※주말(공휴일 포함) 24시간 신청가능(단, 마감일 제외)
※서류제출이 필요한 장학금의 경우, 교내장학금 온라인 신청기간 내 반드시 제출
(방문 및 등기우편 제출 가능(FAX불가))
※기간 내 서류 미제출 시 선발 대상에서 제외
4)신청방법: 온라인 신청 (유세인트 로그인 – 등록/장학 – 장학 – 장학금신청)
다. 2020학년도 1학기 숭실대학교장학회 장학금 신청 안내
1)선발 유형 및 장학금액
가)123시간 선물 장학금: 123만원
나)장학회 선발 장학생 장학금: 2020-1학기 수업료 반액 이내
※교내 및 국가장학금 등 외부장학금 수혜여부에 관계없이 생활비지원
2)선발인원: 위 가, 나 선발유형 에서 총 20명 내외 선발
3)지원자격
가)숭실을 사랑하며 재학 중 및 졸업 후 총동문회 활동을 적극적으로 할 수 있는 학생
나)현재 사회봉사활동을 하고 있거나 사회봉사활동 경력이 있는 학생
다)2020학년도 1학기 3,4학년 재학하는 학생
라)직전학기 성적 3.0이상(직전학기 15학점 이상, 막학기는 12학점 이상 이수)인 학생
4)접수기간: 2020.03.02.(월) ~ 03.19.(목) 오후 5시까지 도착분에 한함
5)접수방법: 재단 방문접수(우편접수 불가)
라. 2020학년도 1학기 재단법인 본솔김종한장학재단 장학생 선발 안내
1)장학금액: 수업료 전액(등록금 범위 내 수혜가능)
※결격사유 없을 시 졸업 시 까지 지원
2)추천인원: 1명
3)지원자격
가)2020학년도 1학기 기준 2학년(3학기)에 재학하는 학생
나)전체 학년 성적 평점평균 3.3이상인 학생
다)성실하고 품행이 바르며 우수한 재능을 가진 학생
※가정형편이 어려운 학생 우선 추천
라)각 학과(부) 지도교수의 추천을 받은 학생
마)타 장학금을 받고 있지 않은 학생
4)접수기간: ~ 2020.03.16.(월) 16:00까지 도착분에 한함
5)접수방법: 숭실대학교 장학팀(학생회관 406호)으로 방문제출
자세한 사항은 숭실대학교 홈페이지 공지사항(
https://scatch.ssu.ac.kr
)을 참고하여 주시기 바랍니다."
christian_studies,"[장학] 2020학년도 1학기 교내장학금 신청공고 (신입생, 편입생, 복학생, 재입학생 대상)",N/A,2020-02-26,https://docs.ssu.ac.kr/%ed%95%99%ea%b3%bc%ec%82%ac%eb%ac%b4%ec%8b%a4%ec%95%8c%eb%a6%bc/%ea%b3%b5%ec%a7%80%ec%82%ac%ed%95%ad/?term_id&slug=1037,"< 숭실대학교 홈페이지 장학 텝에 공지되어있는 내용입니다 ^^ >
2020
학년도
1
학기 교내장학금 신청공고
(신입생, 편입생, 복학생, 재입학생 대상)
※
본교에서 지급되는 모든 교내장학금은 아래 국가장학금 신청기간 내 국가장학금을 신청하고 서류제출을 완료하여 소득분위가 조회된 학생을 대상으로만 수혜자를 선정합니다
.
따라서
,
교내장학금을 수혜하려는 모든 학생은 반드시 교내장학금과 국가장학금을 모두 신청하시기 바랍니다
.
–
국가장학금 신청결과 제공되는 학생의 소득분위정보를 장학생선발에 활용
–
국가장학금은 반드시 매학기 신청
(
서류제출 및 가구원동의 포함
)
하여야 함
.
국가장학금
2
차 신청기간
: 2020
년
2
월
3
일
(
월
)
∼
3
월
10
일
(
화
)
까지
※ 한국장학재단 홈페이지(www.kosaf.go.kr) 공인인증 로그인 후 신청
※
재학생은 국가장학금
1
차 신청이 원칙
(
단
,
재학 중
1
회에 한하여
2
차 신청이 가능
)
▶
구제신청 공지사항을 반드시 확인하여
,
개별 구제신청을 해야 함
.
교내장학금 온라인신청기간
가
.
온라인신청 및 서류제출기간
1) 1
차
: 2020
년
3
월
3
일
(
화
) 10:00 ~ 17
일
(
화
) 17:00 (2
주간
)
2) 2
차
(
추가신청 기간
): 2020
년
3
월
18
일
(
수
) ~ 27
일
(
금
) 17:00
※ 신종코로나바이러스로 오프라인수업 2주간 휴강 조치에 따라 1차와 간격을 두지 않고 2차 신청기간 운영.
☆★
단
,
이후 추가 신청은 받지 않음
※ 주말(공휴일 포함) 24시간 신청 가능 (단, 마감일 제외)
※ u-SAINT 입력 후 장학금 신청내역을 조회하여 장학금 신청이 정상적으로 완료되었는지 꼭 확인
나. 서류제출이 필요한 장학금의 경우, 교내장학금 온라인신청기간 내 반드시 제출
※ 방문 및 등기우편제출 가능 (FAX 불가)
※ 등기우편제출 시 교내장학금 온라인 신청기간 내 장학팀 도착분만 인정
신청대상 : 2020학년도 1학기 신입생, 편입생, 복학생, 재입학생
교내장학생 자격요건
가. 2020학년도 1학기 국가장학금을 신청하고 서류제출(가구원동의 포함)을 완료한 자
나. 2020학년도 1학기 신입생, 편입생, 복학생, 재입학생으로 등록금 납부 예정인 자
1) 2020학년도 1학기 전 등록휴학 후 복학생은 모든 장학금 선발에서 제외(등록대체)
2) 미등록, 입학취소, 복학취소 등으로 인한 학적변동 시 모든 장학금 취소
다. 직전학기 15학점 이상 이수한 자
※ 2020년 1학기가 4학년 8학기인 자는 직전학기 12학점 이상
※ 건축학부 건축학전공 : 10학기인 자는 직전학기 12학점 이상 이수(1∼9학기는 15학점 이상)
라. 등록 8학기 이내인 자(건축학과 건축학전공 : 등록 10학기 이내인 자)
예1) 학기취소 1회 후 8학기 진학예정인 경우 : 9회 등록금 납부이므로 선발 불가
예2) 학점 미 이수로 9학기 진학예정인 경우 : 9회 등록금 납부이므로 선발 불가
교내장학생 공통사항
가.
☆
중요
☆
모든 장학금은 등록금 내에서 다음 순서에 따라 우선 지급합니다
.
① 교외(외부)장학금 ② 국가장학금 ③ 교내장학금
나. 성적 및 취득학점 산정방법
1) 평점평균(GPA) / 산술평균(100점만점) : F학점이 포함된 학적부성적 기준 산정
2) 취득학점 산정시 F학점은 0학점 취득으로 인정되어 취득학점 산정에서 제외
다. 온라인으로 반드시 신청해야 하며, 제출서류가 있는 장학금에 한하여 서류제출
※ 제출기간 내 미제출시 장학생 선발대상에서 제외
라. 모든 교내장학금은 중복수혜 불가
1) 장학금간 중복신청은 가능하나, 신청 장학금 중 수혜금액이 큰 장학금으로 자동선발
2) 중복수혜 가능 장학금 : 국가장학금, 교외(외부)장학금, 근로장학금(교내/학과근로), 봉사장학금
– 수업료 범위 내 중복수혜 가능 (근로장학금, 봉사장학금은 수업료 초과하여 수혜 가능, 단 해당 장학금 간 중복수혜 불가)
마. 한국장학재단 중복지원(이중지원)방지사업 안내
1) 한국장학재단 학자금대출금액과 교내ㆍ외 장학금을 모두 합하여 수업료를 초과할 경우, 중복지원학생에 해당
2) 한국장학재단 콜센터와 통화하여, 중복지원여부를 해소해야 함. (다음 학기 국가장학금 및 학자금대출여부에 영향)
교내장학금별 선발자격 및 제출서류
:
교내장학금 선발자격 및 제출서류 안내
(
첨부문서 참조
)
장학생 선정결과 발표 및 지급방식
가. 2020년 4월 중순 발표 예정(u-Saint 등록/장학 및 등록금고지서 감면여부 확인 가능)
※ 지급예정일 : 2020년 5월 초 개인계좌 지급 예정
※ 학자금대출자(한국장학재단 및 공무원연금공단)의 경우, 학자금대출계좌로 대학에서 직접 상환
나. 장학금신청시 계좌입력 : 우리은행 본인명의 개인계좌 입력 필수
다. 등록금 분할납부를 신청한 학생의 경우. 선발된 장학금 중 사전감면을 제외한 계좌지급장학금은 분할납부 최종등록 확인 후 지급
라. 비전장학금 지급범위 및 장학금액은 한국장학재단 국가장학금 정책 및 본교 사정에 따라 매 학기 변경될 수 있음."
christian_studies,[학사] 2020-1학기 기독교학과 신약신학 수업 강의계획서,N/A,2020-02-20,https://docs.ssu.ac.kr/%ed%95%99%ea%b3%bc%ec%82%ac%eb%ac%b4%ec%8b%a4%ec%95%8c%eb%a6%bc/%ea%b3%b5%ec%a7%80%ec%82%ac%ed%95%ad/?term_id&slug=1030,"안녕하세요
행정상의 문제로, 유세인트 시간표에 신약신학 강의계획서 업로드가 지연되고 있는 점 양해부탁드립니다.
신약신학 강의계획서를 이곳에 미리 올려두겠습니다.
수강생들은 참고하시면 좋을 것 같습니다.
감사합니다."
christian_studies,[장학] 2020 터키 정부초청 장학생 선발,N/A,2020-02-13,https://docs.ssu.ac.kr/%ed%95%99%ea%b3%bc%ec%82%ac%eb%ac%b4%ec%8b%a4%ec%95%8c%eb%a6%bc/%ea%b3%b5%ec%a7%80%ec%82%ac%ed%95%ad/?term_id&slug=1028,"2020 터키 정부초청 장학생 선발을 아래와 같이 안내드리니, 관심있는 학생들은 온라인 사이트 등을 참고하시면 좋을 것 같습니다  ^^
가. 선발과정 및 인원 : 학사 및 대학원(석·박사) 약간 명
나. 장학금 : 학비, 월장학금, 기숙사, 항공권(1회) 등
다. 지원방법 및 기한
1) 지원방법 : 온라인 사이트
(
https://
turkiyeburslari.gov.tr
/en/announcement/turkiye-scholarships-2020-applications-open
)에  직접 지원
2) 지원기한 : 2020.2.20.(목)
라. 지원자격 및 제출서류 등 세부 사항 : 지원 사이트 참조.  끝."
christian_studies,[장학] 2020년도 장학생 (재) 논산시장학회 장학생 선발 공고,N/A,2020-02-13,https://docs.ssu.ac.kr/%ed%95%99%ea%b3%bc%ec%82%ac%eb%ac%b4%ec%8b%a4%ec%95%8c%eb%a6%bc/%ea%b3%b5%ec%a7%80%ec%82%ac%ed%95%ad/?term_id&slug=1022,"2020년도 장학생 (재) 논산시장학회 장학생 선발 공고문
학교장 신청추천서 및 개인정보제공수집동의서"
christian_studies,[장학] 2020-1학기 기독교학과사무실 근로장학생 모집 안내,N/A,2020-01-20,https://docs.ssu.ac.kr/%ed%95%99%ea%b3%bc%ec%82%ac%eb%ac%b4%ec%8b%a4%ec%95%8c%eb%a6%bc/%ea%b3%b5%ec%a7%80%ec%82%ac%ed%95%ad/?term_id&slug=1015,"우리 기독교학과 사무실에서는 기독교학과를 위해 봉사할 책임감 있고 성실한 근로 장학생을 기다립니다.
아래의 공고문을 끝까지 **잘** 읽어보시고, 신청해주시기를 부탁드립니다.
모집인원 및 구분
구분
학과근로 A
학과근로 B
비고
근로시간
주 10시간 * 20주
=200시간 (방학포함)
주 5시간 * 20주
=100시간 (방학포함)
*해당 시간을 반드시 채워야만 장학금 지급 가능.
*학기 중 학적변동(휴학, 자퇴, 제적 등) 등의 (사유가 인정되는) 불가피한 중도포기 발생 시 근로한 시간만큼 계산하여 지급.
금액
8,600원 * 200시간
= 1,720,000원
8,600원 * 100시간
= 860,000원
**지급방식: 매월 셋째주 지급**
선발인원
0 명
0 명
A유형과 B유형 합산 최소 4명~ 최대 8명까지
지원인원 및 필요에 따라
유동적으로 선발 예정.
일 정
가. 신청기간:
2020년 1월 21일(화) 10:00 ~ 2월 4일(화) 17:00
나. 발 표:
– 2020. 2. 14(금) 예정 / 본교 홈페이지 공지사항
– 선발 후 2월 말 경에 근무시간표 편성 및 오리엔테이션 일정 추후 공지 예정 (개인시간표 지참, 학과사무실)
지원방법
가. U-saint 접속 후 장학 탭에서 학과근로 신청.
(U-saint포털 – 등록/장학 – 장학메뉴 ‘근로장학금’ – 학과근로A/B신청 – 지원서 출력 및 제출)
나.
지원서 출력하여 자기소개서(첨부파일 참조, 워드로 작성)와 함께 학과사무실로 제출
지원자격
및 선발 기준
가. 2020학년도 1학기 국가장학금 신청/서류제출을 완료한 자.
1) 1차 신청기간에 완료하여 소득분위가 8분위 이내로 조회된 자에 한함.
2) 국가장학금을 신청할 수 없는 대한민국 국적 미소지자 선발 가능 (단, 외국인유학생 불가)
나. 2020학년도 1학기 재학 및 복학예정자로 해당학기 등록금 납부 예정인 자.
1) 2020학년도 1학기 전 등록휴학 후 복학 시 선발대상에서 제외(등록대체자)
2) 학기 중 미등록, 입학취소, 복학취소 등으로 인한 학적 변동시 모든 장학금 취소.
3) 2020학년도 1학기 기준 2~7학기 재학생만 가능.(1학기 및 8학기 학생 신청불가)
다. 직전학기 이수한 성적 제한 없음.
라. 타 장학금과 중복수혜 가능 (
교내근로
/
학과근로
/
국가근로
/
봉사장학금 간 중복수혜 불가
)
※기 선발된 장학금과 근로장학금을 포함하여 수업료 초과 가능 (2017-2학기부터 변경된 사항)
기타
1)
선발 기준은 성적, 생활태도 및 학과 참여도, 지도교수 상담 내용
등(우선순위 없음, 가나다 순서)을 기초하여
학과장이 결정
.
(타 학과 복수전공자는 본 학과 전공과목 수강현황 반영)
2) 국가근로나 교내근로에 중복 지원한 경우, 선발 결과를 알게 된 즉시 연락 부탁드립니다.
3) 자세한 내용은 기독교학과 사무실로 문의 바랍니다. (02-820-0070)
첨부파일 : 기독교학과 근로장학생 자기소개서 양식"
christian_studies,"[학사] 2020학년도 이후 폐지,신설,개편 교과목 안내",N/A,2019-12-18,https://docs.ssu.ac.kr/%ed%95%99%ea%b3%bc%ec%82%ac%eb%ac%b4%ec%8b%a4%ec%95%8c%eb%a6%bc/%ea%b3%b5%ec%a7%80%ec%82%ac%ed%95%ad/?term_id&slug=999,"안녕하세요
2020학년도부터 폐지되거나 신설,개편되는 과목들이 있습니다.
첨부파일로 올려드리니 확인하시고 참고하세요 ^^
폐지 교과목 : 성서학서론(1-1), 기독교봉사와하나님의나라(2-1), 종교개혁과개신교사상(3-2)
신설 교과목 : 영어성경강독(1-1), 인간·신화·종교(2-2), 조직신학(2-2)
변경 교과목 : 변경 교과목과 자세한 사항은 첨부파일 참고해주세요 ^^"
christian_studies,[학사] 2019-2학기 졸업논문(또는 영어 성적표) 제출 안내,N/A,2019-12-16,https://docs.ssu.ac.kr/%ed%95%99%ea%b3%bc%ec%82%ac%eb%ac%b4%ec%8b%a4%ec%95%8c%eb%a6%bc/%ea%b3%b5%ec%a7%80%ec%82%ac%ed%95%ad/?term_id&slug=967,"졸업논문 및 논문대체 영어성적표 제출 안내 드립니다.
아래의 공지 참고하셔서 기한 내에 제출해주시기를 부탁드립니다.
1.
졸업논문
(
또는 영어 성적표
)
제출
가. 대상자:
8
학기 이상
재학생 또는 졸업예정자
나. 제출일 및 방법:
-논문: 스프링 제본이 완료된 논문을 12월18(목) 17시까지 학과사무실로 제출 (2권)
-영어성적대체:12월 20(금) 17시까지 성적표 사본 1부를 학과사무실로 제출.
다. 분 량: 표지와 목차를 제외한, 논문규격에 맞춘 A4용지 30장 내외
라. 양 식: 첨부파일 참조
*
논문은 졸업하는 학기에 제출합니다
. 8
학기 이상 이수를 해야하는 학생은 학과사무실에 미리 알려주시기 바랍니다
.
유의사항
가. 수료생 중 졸업예정자 신청을 한 학생도 졸업예정자와 동일하게 졸업논문 절차를 진행하면 됩니다.
나. 논문계획서 제출 완료한 학생의 경우, 논문주제와 제목은 변경이 가능하나 지도교수 확정 후 지도교수와 논의를 통해 진행할 수 있습니다.
다. 제출기한을 반드시 지켜주시기 바랍니다. 제출기한을 지키지 못했을 경우 불이익이 생길 수 있습니다. (접수 불가, 감점 등)
라. 논문은 스프링 제본을 마친 완본을 제출하여야 합니다. (2권 제출)
마.
논문 또는 영어자격시험 성적표 제출 마감 이후의 변경은 절대 불가함을 숙지 바랍니다
.
바. 논문작성 시 반드시 규격을 준수하고 모르는 부분은 학과사무실(820-0070)에 문의하시기 바랍니다."
christian_studies,2019-1학기 졸업논문 및 논문대체 영어성적표 제출 안내,N/A,2019-07-19,https://docs.ssu.ac.kr/%ed%95%99%ea%b3%bc%ec%82%ac%eb%ac%b4%ec%8b%a4%ec%95%8c%eb%a6%bc/%ea%b3%b5%ec%a7%80%ec%82%ac%ed%95%ad/?term_id&slug=761,"졸업논문 및 논문대체 영어성적표 제출 안내 드립니다.
아래의 공지 참고하셔서 기한 내에 제출해주시기를 부탁드립니다.
1. 졸업논문(또는 영어 성적표) 제출
가. 대상자: 8학기 이상 재학생 또는 졸업예정자
나. 제출일 및 방법:
-논문: 스프링 제본이 완료된 논문을 6월 19일(수) 17시까지 학과사무실로 제출 (2권)
-영어성적대체: 6월 21일(금) 17시까지 성적표 사본 1부를 학과사무실로 제출.
다. 분 량: 표지와 목차를 제외한, 논문규격에 맞춘 A4용지 30장 내외
라. 양 식: 첨부파일 참조
*논문은 졸업하는 학기에 제출합니다. 8학기 이상 이수를 해야하는 학생은 학과사무실에 미리 알려주시기 바랍니다.
2. 유의사항
가. 수료생 중 졸업예정자 신청을 한 학생도 졸업예정자와 동일하게 졸업논문 절차를 진행하면 됩니다.
나. 논문계획서 제출 완료한 학생의 경우, 논문주제와 제목은 변경이 가능하나 지도교수 확정 후 지도교수와 논의를 통해 진행할 수 있습니다.
다. 제출기한을 반드시 지켜주시기 바랍니다. 제출기한을 지키지 못했을 경우 불이익이 생길 수 있습니다. (접수 불가, 감점 등)
라. 논문은 스프링 제본을 마친 완본을 제출하여야 합니다. (2권 제출)
마. 논문 또는 영어자격시험 성적표 제출 마감 이후의 변경은 절대 불가함을 숙지 바랍니다.
바. 논문작성 시 반드시 규격을 준수하고 모르는 부분은 학과사무실(820-0070)에 문의하시기 바랍니다."
