department,title,author,date,link,content
english_language,2022년도 국비유학생 추가 선발 공고,N/A,2022-09-07,https://englan.ssu.ac.kr/%eb%8c%80%ed%95%99%ec%9b%90/%ea%b3%b5%ec%a7%80%ec%82%ac%ed%95%ad/?term_id&slug=3729,"가. 사업명 :
2022년도 국비유학생 추가 선발·파견사업
나. 선발개요
구분
선발인원
(전형별)
과정
기간
응시자격
지원
금액
국비
유학
일반전형 5명
꿈나래전형
8명
기술기능인 1명
석·박사
최대 3년
* 기술기능인 전형은 어학연수 6개월 지원가능
국내대학 졸업자로서 대학성적, 외국어 능력, 한국사능력이 일정수준 이상인 자
[전형별 추가요건]
*
꿈 나 래
: 수급권자, 차상위계층,
한부모가족지원법 지원대상, 장애인
*
기술 기능인
: 특성화고, 마이스터고
졸업/중소기업재직 중 / 1 년 이상
근무경력 모두 충족
미국기준
연간
USD 50,000
다. 접수기간 :
2022.9.19.(월) 09:00 ~ 10.7.(금) 16:00
라. 문의처 : 국립국제교육원 국비유학담당자 ☎ 02-3668-1374, 1375 및 kscholar@korea.kr"
english_language,2022년 쩐티나짬(TRAN THI NHA TRAM) 학생 논문 중간 발표,N/A,2022-08-29,https://englan.ssu.ac.kr/%eb%8c%80%ed%95%99%ec%9b%90/%ea%b3%b5%ec%a7%80%ec%82%ac%ed%95%ad/?term_id&slug=3698,"쩐티나짬(TRAN THI NHA TRAM) 학생의 석사학위 논문 중간 발표가 있을 예정입니다.
참관하고 싶으신 분께서는 아래의 일시와 장소를 확인하여주시기 바랍니다.
일시 : 2022년 09월 20일 15:00~16:15
장소 : 조만식 기념관 5층 대학원 세미나실
발표자 : 쩐티나짬(TRAN THI NHA TRAM)"
english_language,2023-2024 스위스 정부초청 장학생 선발 안내,N/A,2022-08-16,https://englan.ssu.ac.kr/%eb%8c%80%ed%95%99%ec%9b%90/%ea%b3%b5%ec%a7%80%ec%82%ac%ed%95%ad/?term_id&slug=3672,"2023-2024 스위스 정부초청 장학생을 선발하오니, 많은 참여 부탁드립니다.
가. 선발 인원 : 약간 명
나. 지원 자격 : 해외유학에 결격사유가 없는
대한민국 국적자
※
선발 과정별 지원 자격이 상이하므로, 반드시 모집요강의 세부사항 확인 후 지원할 것
다. 선발 과정
1) 예술(Art) 과정
2) 박사(PhD) 과정
3) 박사 후(Postdoctoral) 과정
4) 연구(Research Fellowship) 과정
라.
지원 기한 : 2022.8.2.(화) ~ 2022.11.10.(목)
마. 제출서류 등 세부사항 : <붙임> 참조
바. 문의처 : 주한스위스대사관
1) 이메일 :
seoul.science@eda.admin.ch
2) 홈페이지 : 선발 및 지원 관련 안내    (
https://swissnex.org/network/seoul/academia/scholarships
)
붙임  1. (Art) 2023-2024 스위스 정부초청 장학생 모집요강 1부.
2. (PhD) 2023-2024 스위스 정부초청 장학생 모집요강 1부.
3. (Postdoctoral) 2023-2024 스위스 정부초청 장학생 모집요강 1부.
4. (Research Fellowship) 2023-2024 스위스 정부초청 장학생 모집요강 1부.  끝."
english_language,2022년 진로동아리 운영을 위한 “”대학생 멘토” 모집 안내(광명시 청소년 재단),N/A,2022-03-23,https://englan.ssu.ac.kr/%eb%8c%80%ed%95%99%ec%9b%90/%ea%b3%b5%ec%a7%80%ec%82%ac%ed%95%ad/?term_id&slug=3462,"광명시청소년진로지원센터
는
「진로교육법」(법률 제13336호) 제18조와 제20조에 근거
하여
지자체와 협력하여 설치·운영중인 센터
로서, 단위학교에 다양한 진로체험 인프라를 체계적이고 안전하게 지원하고,
진로체험처 관리·운영하는 역할을 수행하는 기관
입니다.
『2022년 진로동아리 드림캐처』
를 통해 고등학생 멘티와 대학생 멘토가 함께 하여, 서로 진로에 대한 이야기를 공유하는 동아리 기획을 하고자 하오니 많은 참여바랍니다.
가. 모집내용 : 대학 재학중인 4년제 대학생(휴학생 및 대학원생 가능)
나. 지원자격 : 고등학생 멘티와 함께 청소년의 꿈과 진로를 탐색하고자 하는 대학생
(멘토링, 소논문작성 등)
다. 지원내용 : 활동에 따른 멘토활동비 지급(최대 60만원) / 봉사시간 인정
라. 모집기한 :
~ 3. 30.(수) 24:00까지
신청서 및 개인정보수집동의서 작성 후 메일제출
※ 세부내용은 공고문 참조 / www.gmyouth.org 공지사항 500번 참조
마. 문 의 처 : 광명시청소년진로지원센터 최지은 주임(02-6673-8137)
붙임  1. 멘토모집 포스터 1부.
2. 공고문 1부.
3. 참여신청서(대학생 멘토) 1부.
4. 개인정보 수집·이용 동의서 1부.  끝."
english_language,2022년 서울 청년 마음건강 지원사업 1차 참여자 모집,N/A,2022-03-17,https://englan.ssu.ac.kr/%eb%8c%80%ed%95%99%ec%9b%90/%ea%b3%b5%ec%a7%80%ec%82%ac%ed%95%ad/?term_id&slug=3444,"서울시는 코로나19 장기화, 사회적 거리두기 지속 등으로 지친 청년의 마음건강을 돌보기 위해
「서울 청년 마음건강 지원사업」
추진하고 있습니다.
「서울 청년 마음건강 지원사업」은
만19세∼39세 심리상담이 필요한 서울 청년을 대상으로 상담사 직접 매칭을 통해 맞춤형 심리상담서비스를 제공하는
사업
으로, 지난 2년간 5천여 명의 심리상담을 진행하였으며 참가자 90% 이상이 추천 의사를 밝히는 등의 긍정적인 성과를 거두고 있습니다.
.
3월 24일(목)부터 3월 30일(수)까지 참여자 1차 모집을 진행
하오니 아래 개요와 붙임문서와 참고하시기 바랍니다.
모집공고 개요
○
공 고 명 : 2022 서울시 청년 마음건강 지원 1차 모집 공고
○ 신청기간 : 2022년 3월 24일(목) 10:00~3월 30일(수) 17:00
○ 지원대상 : 심리지원이 필요한 만19세~39세 서울 거주 청년 2,000명
○ 제출서류 : 주민등록등본 1부 ※ 신청 당일 발급서류에 한정
○ 신청방법 :「서울청년포털」(
https://youth.seoul.go.kr/)
접속
→ 로그인 → 심리상담·청년마음건강 → 신청서 작성
○ 지원내용 : 온라인 자가심리검사, 일대일 맞춤형 심층상담지원(최대7회)"
english_language,"2022학년도 1학기 석, 박사 통합과정 지원 및 선발 안내",N/A,2021-11-22,https://englan.ssu.ac.kr/%eb%8c%80%ed%95%99%ec%9b%90/%ea%b3%b5%ec%a7%80%ec%82%ac%ed%95%ad/?term_id&slug=3336,"2022학년도 1학기 석·박사통합과정 지원 및 선발을 아래와 같이 진행합니다.
1. 지원기간 : 2021년 12월 6일(월)~ 12월 23일(목)
2. 지원자격
가. 일반대학원 석사학위과정 2학기 또는 3학기 재학생(복학예정자 포함)
나.
학업전념학생(2015학년도 2학기 석사입학자부터 적용)
다. 18학점 이상 취득 또는 취득예정인 학생
라. 석사과정 전공분야와 통합과정 지원 전공분야가 동일한 자
3. 제출서류
가. 공통 : 석· 박사통합과정 지원서 1부.(붙임1 양식)
나. 2015년 2학기 이후 입학자 : 4대 사회보험 가입내역 확인서 1부.
※ 4대 사회보험 정보연계센터(
www.4insure.or.kr
) 공인인증서 로그인 → [증명서발급] → 4대 사회보험 가입내역 확인 청구서 신청 → 4개 처리기관의 처리여부 “출력가능” 확인 후 증명서 출력
※ 강사는 다음의 요건 충족 시 예외적 지원 허용 : 주 6시간 이내 근무로 인한 4대 사회보험 가입은 별도의 증빙서류(경력증명서)제출 시 학업전념학생으로 인정
※
건강보험 지역가입자 중 사업장이 표기되어 있는 경우와 4대 사회보험 미가입자이나 종교기관 등에서 전임으로 재직하는 경우 등은 직장병행학생으로 간주하여 지원 불가함
4. 지원방법 : 제출서류를 작성하여 대학원 교학팀으로 제출(웨스트민스터홀 658호)
5. 선발인원 : 박사과정 전체 입학정원의 20%
6. 발표일 : 2022년 1월 20일(목) – 학과 및 개별통지
7. 관련근거
■학칙시행세칙(대학원)제67조(선발인원) 통합과정 선발인원은 박사과정 입학정원의 20% 범위 내에서 대학원 운영위원회에서 정한다.[본조신설 2014.11.29.]제68조(지원요건) 통합과정에 지원하고자 하는 자는 다음 각 호의 요건을 모두 갖추어야 한다.
1. 일반대학원 석사학위과정 2학기 또는 3학기 재학생(복학예정자 포함)
2. 학업전념학생
3. 18학점 이상을 취득 또는 취득 예정인 학생
4. 석사과정 전공분야와 통합과정 전공분야가 동일
5. 지도교수의 추천[본조신설 2014.11.29.]
8. 기타
가. 수업연한
1) 4년(8학기) : 석사과정 입학 학기부터
2) 수업연한 단축 : 수업연한의 단축을 희망하는 경우
석·박사통합과정 6학기 또는 7학기 개시 전(방학 중) 대학원 교학팀에 수업연한단축신청서를 제출
하고 해당 학기 종료 시 수료요건 충족 및 총 평점평균이 4.0 이상이면 6학기 또는 7학기에 수료 가능, 단
학업전념학생(Full Time)만 수업연한단축신청이 가능함
나. 석사과정 종합시험, 석사논문 면제
(
석·박사통합과정 선발 후 박사과정에 해당하는 종합시험만 인정)
다.  박사과정 입학금 면제
라. 안내 : 대학원 홈페이지 내 공지사항 게시
붙임 : 1. 석·박사통합과정 지원서 양식 1부.  끝."
english_language,2022-2023 헝가리 정부초청 장학생(Stipendium Hungaricum) 선발 안내,N/A,2021-11-19,https://englan.ssu.ac.kr/%eb%8c%80%ed%95%99%ec%9b%90/%ea%b3%b5%ec%a7%80%ec%82%ac%ed%95%ad/?term_id&slug=3323,"헝가리 정부초청 장학생 선발을 아래와 같이 안내하니, 관심있는 학생들의 적극 지원 바랍니다.
가. 선발과정 : 학위 과정(학사, 석사, 학석사 통합, 박사)
비학위 과정(헝가리어 준비과정, 대학원 연구과정)
※ 기타 자세한 사항은 <붙임> 참조
나. 지원방법 : 탬푸스 공익재단 홈페이지 온라인 지원 사이트*에서 직접 지원
* apply.stipendiumhungaricum.hu
다. 지원마감 : 2022.1.15.(토) 23:59 까지 [Central European Time 기준]
라. 문의처 (※ 영어 또는 헝가리어로 작성하여 문의 바람)
1) 주한리스트헝가리문화원 : culture.sel@mfa.gov.hu
2) Stipendium Hungaricum : stipendiumhungaricum@tpf.hu
3) 참고 웹사이트 : www.stipendiumhungaricum.hu
붙임  1. 2022-2023 헝가리 정부초청 장학금 안내 1부.
2. (BA, MA, OTM, Non-degree) Call for Applications 2022-2023 1부.
3. (PhD) Call for Applications 2022-2023 1부.  끝."
english_language,[고우해커스] 2021 해커스 Essay&Speech Contest (~12.2),N/A,2021-11-09,https://englan.ssu.ac.kr/%eb%8c%80%ed%95%99%ec%9b%90/%ea%b3%b5%ec%a7%80%ec%82%ac%ed%95%ad/?term_id&slug=3297,"고우해커스에서 ‘2021 해커스 Essay&Speech Contest’를 개최합니다. 관심 있는 학생들의 많은 참여 부탁드립니다.
▷
주최사 / 이벤트명
해커스 교육그룹 / 2021 해커스 Essay&Speech Contest
▷ 선발 인원 및 수상금
※
총 27명
(
입상자 전원 Certificate 증정)
Grand Award (
총 2명)  상금 200만원
Essay & Speech 부문별 1명
2. Excellence Award (
총 4명) 상금 100만원
Essay & Speech 부문별 2명
3. Best Award (
총 4명) 상금 70만원
Essay & Speech 부문별 2명
4. Finalist (
총 11명) 상금 20/35만원
Essay 부문 6명, 상금 20만원
Speech 부문 5명, 상금 35만원
4*. Semi-Finalist (Speech
부문 6명) 상금 30만원
Essay 부문은 선발하지 않음
▷ 진행 일정
12/2(
목) 지원접수
Essay 부문: Essay 접수기간
Speech 부문: Speech 접수기간
12/30(
목): 입상작 발표
Essay 부문: 최종 수상자 발표
Speech 부문: 본선 진출자 발표
1/8(
토): 본선대회&시상
Essay 부문: 최종 수상자 시상
Speech 부문: Speech 본선 대회/ 최종 수상자 시상
▷ 지원 자격
1. Essay
부문
Division 1 : 중.고교 재학생
Division 2 : 학부 (대학) 재학생
Division 3 : 일반
Speech
부문
Division 1 : 중.고교 재학생
Division 2 : 학부 (대학) 재학생
Division 3 : 일반
Essay
와 Speech  부문 중복지원 가능
※ 단, 중복 참여 시 두 부문의 Topic은 다르게 선정하는 것을 권장합니다.
▷ 신청 방법
– 고우해커스 사이트 해커스 에세이스피치콘테스트페이지에서 지원 양식을 다운받아 고우해커스 사이트에서 지원해야합니다.
– Essay 부문 & Speech 부문 참가 신청서 → 공통
– Speech 부문 지원 시, 낭독영상(5분이내 자유양식)을 유튜브에 업로드 한 후, 해당 동영상의 링크를 지원서에 포함하여 제출하시면 됩니다.
– 이메일 지원/문의:
hackerscontest@hackers.com
※
접수시 메일 및 파일 제목 ▼
[지원분야]이름_Division(0)_Topic(0)
예시: [에세이]홍길동_Division(1)_Topic(1)
→ 양식을 지키지 않을 경우 불이익이 있을 수 있습니다.
▷ 심사 기준
Essay
부문 & Speech 부문 공통 심사기준
– Structure (Introduction/Summary/Conclusion)
– Grammar / Mechanics / Spelling
– Style / Readability
Speech
부문 Script & 낭독 영상 심사기준
– Structure (Introduction/Summary/Conclusion/Organization)
– Colloquial style / Grammar and Spelling
– Fluenct / Accuracy
Speech
부문 본선 심사기준
– Structure (Body / Opening and Closing / Speech Value)
– Grammar / Pronunciation / Word Selection
– Flexibility / Volume / Variety
– Appearance / Movement / Assurance
– Achievement of Purpose / Interest / Reception
▷ 문의 사항
– 콘테스트 이메일 문의:
hackerscontest@hackers.com
▷
공식 사이트
– 고우해커스 PC 페이지: https://bit.ly/3DoEMTL
– 고우해커스 모바일 페이지: https://bit.ly/3lidkR9"
english_language,2021-2학기 중앙도서관 학위논문장성을 위한 정보활용교육 안내,N/A,2021-10-19,https://englan.ssu.ac.kr/%eb%8c%80%ed%95%99%ec%9b%90/%ea%b3%b5%ec%a7%80%ec%82%ac%ed%95%ad/?term_id&slug=3187,"중앙도서관에서는 학위논문을 준비중인 대학원생들을 위해 준비한 학위논문 작성을 위한 정보활용 교육과정을 안내드립니다. 대학원생들의 많은 참여 바랍니다.
1. 신청방법 :
도서관 홈페이지 로그인 – 오른쪽 가운데 ‘정보활용교육’
아이콘 클릭
(
https://oasis.ssu.ac.kr/#/education/result/?offset=0&max=20
)
2. 강의방법 : 실시간 온라인 강좌
3. 문의 : jinyamy@ssu.ac.kr  (내선 0745)
구분
내용
일시
논문작성을 위한 정보활용교육 (심화/실습)
도서관홈페이지 자료 검색 실습(자료유형별/주제별)
구글스칼라/RISS 및 주요 DB 활용법
구글스칼라 및 주요 DB 검색자료 RefWokrs 반출/관리
RefWorks
와 주요
DB
를 활용한 참고문헌인용법 실습
11.04.(목)
14:00~16:00
논문작성을 위한 정보활용교육 (기초/이론)
학위논문의 특성과 개념, 논문작성 Tip & 자료활용법
학술자료의 개념과 형식, 유형에 따른 검색법, 평가기준
주요 학술사이트 및 DB소개, 도서관 미소장자료 신청법
연구윤리 및 표절방지(참고문헌인용법)
11.9.(화)
14:00~16:00
논문작성을 위한 정보활용교육 (심화/실습)
도서관홈페이지 자료 검색 실습(자료유형별/주제별)
구글스칼라/RISS 및 주요 DB 활용법
구글스칼라 및 주요 DB 검색자료 RefWokrs 반출/관리
RefWorks
와 주요
DB
를 활용한 참고문헌인용법 실습
11.16.(화)
14:00~16:00"
english_language,[홀트아동복지회] 입양가족 통역 자원봉사 모집,N/A,2021-10-18,https://englan.ssu.ac.kr/%eb%8c%80%ed%95%99%ec%9b%90/%ea%b3%b5%ec%a7%80%ec%82%ac%ed%95%ad/?term_id&slug=3178,"홀트아동복지회에서 입양가족의 서류번역 및 만남을 통역해주실 자원봉사자를 모집합니다.
새로운 가족을 맞이하는 입양의 여정에 함께해주실 봉사자님들의 많은 지원 바랍니다.
모집일정
구분
내용
모집대상
영한/한영 번역 및 통역에 흥미있는 20세 이상 성인
※ 외국인과 일상 회화가 가능한 분
예) TOEIC 700 / TOEIC SPEAKING 5 / OPIC IM1 이상
모집기간
2021.10.15 ~ 2021.10.31
모집방법
1) 자원봉사활동 신청서 작성
2) overseas@holt.or.kr
로 신청서 발송
3) 담당자와 사전 연락 후 본 회 방문
합격자발표
개별 이메일 안내
활동 안내
구분
내용
활동장소
서울시 마포구 합정동 홀트아동복지회 본관
활동기간
2021.11.01. ~ 2021.01.31.
※ 주중 1회 3개월 진행 – 시작 회기 조정가능
활동내용
1) 양부모 편지 및 관련 서류 번역
2) 양부모 미팅 통역지원
3) 입양가족 및 위탁가족 상봉 통역지원
추가 안내사항
자원봉사 활동시간이 인정됩니다. (VMS 실적 입력)
주 1회 약 3시간, 3개월 간 정기적으로 책임감 갖고 활동 가능한 분 우선 모집합니다.
평일 09:00~18:00 시간대에 내방 가능한 분 모집합니다.
따뜻한 마음을 가진 분들의 많은 지원 바랍니다. 감사합니다.
※ 문의처 : 홀트아동복지회 국외협력팀
Tel. 02-331-7050~3 (담당자: 윤나영)
Email.
overseas@holt.or.kr"
english_language,2021-2학기 일반대학원 중강 강의평가 실시 안내,N/A,2021-10-15,https://englan.ssu.ac.kr/%eb%8c%80%ed%95%99%ec%9b%90/%ea%b3%b5%ec%a7%80%ec%82%ac%ed%95%ad/?term_id&slug=3139,"2021-2학기 일반대학원 중간 강의평가를 실시합니다.
<강의평가(만족도) 조사 기간>
가. 대상 :2021-2학기 일반대학원 정규강좌 수강학생(타고 학점 교류생 제외)
나. 기간 : 2021. 10. 14(목) ~ 2021. 10. 27(수), 24:00 (2주간)
다. 참여방법 :  u-Saint 학사관리 → 수업/출석 → 강의평가 실시"
english_language,2022-2023 러시아 정부초청 장학생 선발 안내,N/A,2021-09-28,https://englan.ssu.ac.kr/%eb%8c%80%ed%95%99%ec%9b%90/%ea%b3%b5%ec%a7%80%ec%82%ac%ed%95%ad/?term_id&slug=2981,"2022-2023 러시아 정부초청 장학생을 선발하오니 관심 있는 학생은 참고 바랍니다.
제  목
2022-2023 러시아 정부초청 장학생 선발 안내
가. 선발과정: 학사과정, 석사과정, 박사과정
나. 장학혜택: 학비지원(※ 기숙사, 항공료, 의료보험 등 기타비용은 본인 부담)
다. 선발인원: 총 26명
라. 지원방법 및 지원마감일
1) 지원방법: 온라인 지원사이트(
http://edu.rs.gov.ru/)에
등록 후 직접 지원
2) 지원마감일: 2021. 11. 1.(월)
마. 지원자격 및 제출서류:
<붙임> 참조
바. 문의처: 주한러시아대외협력청(Rossotrudnichestvo Korea)-
rskorea@mail.ru
붙임  1. 2022-2023 Russian Government Scholarships(ENG) 1부.
2. 2022-2023 러시아 정부초청 장학생 선발안내 1부.
3. 2022-2023 Application form(Russian Government Scholarships) 1부.  끝."
english_language,2021학년도 2학기 일반대학원 학위논문 일정 및 진행 안내,N/A,2021-09-09,https://englan.ssu.ac.kr/%eb%8c%80%ed%95%99%ec%9b%90/%ea%b3%b5%ec%a7%80%ec%82%ac%ed%95%ad/?term_id&slug=2816,"2021학년도 2학기 일반대학원 학위논문 일정 및 진행을 안내드립니다. 붙임 자료를 참고하시기 바랍니다.
2021학년도 2학기 일반대학원 학위논문 일정을 아래와 같이 안내하니, 대상자가 있는 학과에서는 아래의 일정과 세부사항을 숙지하여 주시고 진행해 주시기 바랍니다.
○ 본 일정 및 진행 안내 공문은 학기 내 진행되는 대학원 학위논문 전체 일정에 대한 안내입니다.
○ 각 일정이 도래하면 세부 안내도 사전에 진행될 예정입니다.
○ 관련 규정은 ‘학칙시행세칙(대학원) 제4장 학위논문’ 입니다. [붙임17]
1. 논문발표 및 심사대상
4
학기 재학생 및 수료생
(
영구수료해제자 포함
)
논문등록자로
아래
‘
가
~
바
‘
사항을 모두 충족 시킨 자
가. 학점 취득자
1) 석사
24학점 이상 취득(예정)
2) 박사
36학점 이상 취득(예정)
3) 석·박사통합
60학점 이상 취득(예정)
※ 중복과목은 제외함
※ 선수과목, 추가학점 지정자는 선수과목 이수 및 추가학점 취득이 필요함
나. 종합시험 합격자
1) 논문진행 학기 응시자도 가능하나, 불합격 시 논문 제출이 불가함
2) 2021학년도 2학기 종합시험 시행결과는 9월 15일(수) 발표 예정임
3) 종합시험 시행결과를 참고하여 학위논문 발표자격 최종 확인해야 함
다. 연구윤리교육 이수(예정)자
1) 대학원에서 지정한 연구윤리교육을 이수한 자 또는 이번 학기 이수 예정자
2) 2021학년도 2학기 연구윤리교육은 10월(1차), 11월(2차)에 개설될 예정임 (추후 안내 예정)
라. 논문지도교수를 배정 받고 논문지도를 받은자(논문작성학기 포함)
1) 석사과정
논문지도교수를 배정받고 2개학기 이상 논문지도를 받은자
(논문 작성 학기 포함)
2) 박사 및 석·박사통합과정
논문지도교수를 배정받고 3개학기 이상 논문지도를 받은자
(논문 작성 학기 포함)
마. (외국인) 한국어 능력 기준을 갖춘 자
※
공개발표 결과보고서 제출
이전까지
TOPIK 4
급 이상 취득하고 증빙 제출 한 경우
,
연구실적을
근거로 주임교수 명의의
TOPIK
면제 추천이 공문으로 제출된 경우에만 논문
진행이 가능함
바. (박사 및 석․박사통합과정) 학칙시행세칙(대학원)제30조의 연구실적을 충족한 자
※
공개발표 결과보고서 제출 시
,
연구실적 게재가 완료되어야만 논문 진행이 가능함
2. 논문공개발표 및 공개발표 결과보고
가.
기간
: 2021
년
9
월
13
일
(
월
)
∼
9
월
24
일
(
금
)
나. 공개발표 방법 : 논문지도교수 · 주임교수 · 학과교수 참석 하에 질의 응답 진행
다. 공개발표 결과보고 제출사항
1)
공개발표결과보고서
[
붙임
1]
:
학과에서 취합하여 기간 내 대학원으로
오프라인
제출
2)
연구윤리준수확인서
[
붙임
2]
(
공개발표 결과 합격자만 해당
) :
학과에서 취합하여 기간 내
대학원으로
오프라인
제출
3. 논문심사위원 추천
(
공개발표 결과보고서 제출시
,
합격자만 해당
)
가.
기간
: 2021
년
9
월
13
일
(
월
)
∼
9
월
24
일
(
금
)
나. 심사위원
1) 석사학위과정 : 3명 (외부 심사위원 위촉 시 1명까지 가능)
2) 박사학위과정 : 5명 (외부 심사위원 1명 이상 반드시 포함 필요)
※
학위과정별 심사위원 위촉 인원
(
석사
3
명
,
박사
5
명은 반드시 준수
)
※
교내 근무자는 모두 내부심사위원으로 구분됨
다. 심사위원 추천 제출사항
1)
공개발표결과 및 심사위원명단 제출양식
(EXCEL)[
붙임
3]
– 학과에서 취합된 공개발표 결과보고서를 기준으로 제출양식 엑셀파일을 작성 및 첨부하여
기간 내 대학원으로
공문 발송
2)
심사위원명단
[
붙임
4,
붙임
5]
가) 학과에서 취합하여 기간 내 대학원으로
오프라인 제출
나) 직전학기 최종심사 연기자도 심사위원 명단 제출(완본 연기자는 제출하지 않음)
4. 가제본 및 카피킬러 검사결과
‘
상세보기
‘
제출
가.
기간
: 2021
년
10
월
4
일
(
월
) ~ 10
월
15
일
(
금
)
나. 대상: 공개발표에 합격하여 최종심사 대상이 된 자
다. 가제본 제출
구분
석사과정
박사과정
비고
가제본 제출
[별도 양식 없음]
3부
5부
학과 주임교수 및 지도교수 확인 후
각 심사위원에게 직접 제출
※
교학팀 제출 불필요함
카피킬러 검사결과
‘
상세보기
‘
제출
[
붙임
6]
참조
3부
5부
[
붙임
6]
의 연구윤리 확보를 위한 논문검사
서비스 안내’파일의 pg.4 참조하여 지도교수
확인 후 심사위원에게 제출
라. 개정된 학칙시행세칙(대학원)에서 학위논문 피심사자격에 ‘논문유사도검사시스템을 통해 학위논문
의 유사도를 확인하고 결과보고서를 제출한 자’가 추가되었으며, 본교는 현재 논문유사도검사시스템
으로 카피킬러를 지정하고 있음
5. 심사비 납부
가.
기간
: 2021
년
10
월
20
일
(
수
) ~ 10
월
22
일
(
금
)
나. 대상 : 공개발표에 합격하여 최종심사 대상인 자
다. 심사비 납부 : 납부 방법은 추후 대학원 홈페이지 공지 등 안내 예정
6. 최종심사 결과보고
가.
기간
: 2021
년
10
월
18
일
(
월
) ~ 11
월
26
일
(
금
)
나. 최종심사 결과보고 제출사항
1)
최종심사결과 제출양식
(EXCEL)
[
붙임
7]
: 학과에서 취합된 심사 결과보고서를 기준으로 제출
양식 엑셀파일을 작성, 첨부하여 기간 내
대학원으로 공문발송
2) 제출서류 :
학과에서 취합하여 기간 내 대학원으로 오프라인 제출
가) 석사학위과정 : 석사학위청구논문 심사 결과보고서[붙임8], 심사요지서[붙임10]
나) 박사학위과정 : 박사학위청구논문 심사 결과보고서[붙임9], 심사요지서[붙임10],
박사학위청구논문 심사 일지(2차)[붙임11],
박사학위청구논문 심사 일지(3차)[붙임12],
박사학위청구 논문 심사결과 투표용지(5매)[붙임13]
7. 논문완본 제출
가. 기간 :
2022
년
1
월
3
일
(
월
)
∼
1
월
4
일
(
화
) (2
일간
)
[
붙임
14,
붙임
15,
붙임
16]
나. 2021년 12월 중 학위논문 파일을 본교 중앙도서관 홈페이지에 업로드 후 저작권 동의서를 출력
하여 논문완본과 함께 제출 (관련 세부 사항은 추후 별도 안내 예정임)
8. 관련 규정
: 학칙시행세칙(대학원) 제4장 학위논문 [붙임17]
붙 임 1. 공개발표결과보고서 1부
연구윤리준수확인서 1부
공개발표결과 및 심사위원명단 제출양식(EXCEL) 1부
석사학위청구논문 심사위원명단 1부
박사학위청구논문 심사위원명단 1부
연구윤리 확보를 위한 논문검사 서비스 안내 1부
최종심사결과 제출양식(EXCEL) 1부
석사학위청구논문 심사 결과보고서 1부
박사학위청구논문 심사 결과보고서 1부
심사요지서(석,박사) 1부
박사학위청구논문 심사 일지(2차) 1부
박사학위청구논문 심사 일지(3차) 1부
박사학위청구논문 심사결과 투표용지 1부
학위논문양식(국문)(인준서 포함) 1부
학위논문양식(영문)(인준서 포함) 1부
학위논문 작성을 위한 필수 안내서 1부
학칙시행세칙(대학원) 제4장 학위논문 1부. 끝."
english_language,신입생 및 재학생 Saint 계좌정보 입력 요청,N/A,2021-09-09,https://englan.ssu.ac.kr/%eb%8c%80%ed%95%99%ec%9b%90/%ea%b3%b5%ec%a7%80%ec%82%ac%ed%95%ad/?term_id&slug=2772,"사후 지급 장학금과 관련하여 신입생 및 재학생의
계좌
가 saint상에 입력되어있지 않으면 장학금 지급이 지체되는 어려움이 있습니다.
saint에
계좌
입력을 안하신 분들은 아래의 방법을 따라서 입력을 부탁드립니다.
1. saint
계좌
입력 방법 : 로그인 → 학적정보 → 학적정보조회 및 수정 → 화면 하단 부가정보의 은행
계좌
정보에 입력
2. 일반장학금 및 박사과정학업전념 특별장학금은 통장정보 입력이 완료된 후 지급이 가능함
붙 임 :
계좌
입력방법 캡쳐 1부."
english_language,2020.04.08.기준 외국인 재적생 한국어능력기준 충족여부 안내,N/A,2020-04-10,https://englan.ssu.ac.kr/%eb%8c%80%ed%95%99%ec%9b%90/%ea%b3%b5%ec%a7%80%ec%82%ac%ed%95%ad/?term_id&slug=1486,"1. 관련 규정
학칙시행세칙(대학원) 제59조(한국어 능력 기준)
일반대학원의 외국인 학생은 학위를 취득하기 위하여
학위논문의 공개발표 이전에 교육부 국립국제교육원에서 주관하는 한국어능력시험(TOPIK) 4급 이상을 취득하고 증빙을 대학원 교학팀에 제출
하여야 한다. 다만, 재학기간 중의 수학능력과 연구실적이 인정되는 경우 주임교수의 추천을 거쳐 학위논문의 공개발표 이전에 일반대학원장의 승인을 받은 자는 면제할 수 있다.
2. 한국어 능력기준 세부사항
가. 유의사항: 외국어시험 폐지와 관계없이
기존과 동일하게 학위취득 자격으로 TOPIK
4급
이상 증명서를 제출하여야 학위취득 가능
나. 제출기간: 수시 제출 (대학원 교학팀 방문 제출)
다. 제출기한:
공개발표 결과보고서 제출 전에 TOPIK 4급 이상 취득하고 증빙 제출
라. 유의사항
1) TOPIK 증명서는
입학일자(전기 입학생은 3월 1일, 후기 입학생은 9월 1일) 이후 유효
한 증명서만 제출 가능
하며, 입학지원 당시 입학일자 이후까지 유효한 TOPIK 4급 이상
증명서를 제출한 경우
다시 제출하지 않아도 됨. (제출일자 기준으로 유효기간이 만료된
증명서라도 유효기간이
입학일자 이후에 만료된 경우 제출 가능함.)
2) 종전과 동일하게 재학기간 중의 수학능력과 연구실적이 인정되는 경우 주임교수의 추천
을 거쳐 학위논문 공개발표 결과보고서 제출 전에 대학원장의 승인을 받은 자는 TOPIK
제출 면제 가능"
english_language,2020년 4~5월 중앙도서관 학술DB 이용교육 안내,N/A,2020-04-10,https://englan.ssu.ac.kr/%eb%8c%80%ed%95%99%ec%9b%90/%ea%b3%b5%ec%a7%80%ec%82%ac%ed%95%ad/?term_id&slug=1484,"2020년 4~5월 중앙도서관 학술DB 이용교육을 아래와 같이 안내합니다. 특히 코로나19 확산방지를 위하여 Zoom을 활용한 비대면 온라인강좌로 진행될 예정이니 많은 학생들이 참여할 수 있도록 적극 안내하여 주시기 바랍니다.
1. 신청방법: 홈페이지 신청
https://oasis.ssu.ac.kr/#/education/calendar/
2. 강의방법: 비대면 온라인강좌
3. 강의 내용 및 일시: 첨부파일 참조
※ 10명 이상 신청 시 별도의 맞춤형 교육도 개설 가능
4. 문의:
jinyamy@ssu.ac.kr
(내선 0745)
붙  임: 안내자료 1부.  끝."
english_language,2020학년도 1학기 논문진행 안내(일정 변경),N/A,2020-03-23,https://englan.ssu.ac.kr/%eb%8c%80%ed%95%99%ec%9b%90/%ea%b3%b5%ec%a7%80%ec%82%ac%ed%95%ad/?term_id&slug=1483,"1. 관련 : 일반대학원 교학팀-7169(2020. 02. 27), 2020학년도 대학원 학사일정 재변경
2. ‘코로나19’로 인한 감염병 위기 경보 ‘심각’ 격상으로 인하여 2020학년도 1학기 논문일정을 아래와 같이 재변경하니,
2
020학년도 1학기 논문진행을 안내하니 대상자가 있는 학과에서는 일정에 따라 진행해주시기 바랍니다.
[논문 진행 순서]
구성
시기
3/16-18
3/30 – 4/10
4/13 – 4/24
4/27-29
4/27-6/5
6/29-30
순서
수료생
연구등록
(논문등록)
→
→
가제본,
카피킬러 검사결과 제출
→
심사비
납부
→
최종심사
→
논문완본
학생
등록비납부
(재학생은
등록금납입시
지도비납부)
논문
공개발표
(연구윤리
준수확인서
제출)
논문가제본
제출카피킬러 검사결과
‘상세보기’제출
px solid; text-align: center; empty-cells: show; border-left: rgb(0,0,0) 1px solid; margin: 0px; border-image: none”>
심사비 납부
최종심사
완본제출
각
학과
대상자
등록 지도
결과보고
심사위원
추천
가제본제출
지도카피킬러 검사결과
제출 지도
심사비
납부 지도
최종심사 결과 보고
제출지도
등록자명단
학과송부
준비지도/
등록비 관리
공개발표
결과 및 심사위원 관리
카피킬러
캠퍼스
사용 준비
심사비 관리
심사결과 관리심사비,지도비 지급 준비
완본
접수
결과관리
1.
논문발표 및 심사대상:
4학기 재학생 및 수료생(영구수료해제자 포함) 연구등록자로 하기의 가~바 사항을 모두 충족 시킨 자
가. 석사 24학점, 박사 36학점, 석․박사통합 60학점 이상 취득(예정)자
(중복과목 제외, 선수과목, 추가학점 지정자는 선수과목 이수 및 추가학점 취득 필요)
나. 종합시험 합격자
※ 이번 학기 응시자도 가능하나 불합격 시 논문 제출 불가
※ 2020학년도 1학기 종합시험 시행결과는
4월 3일(금) 발표 예정
이며 해당 결과를 참고하여 학위논문 발표자격 최종 확인해야 함
다. 대학원에서 지정한 연구윤리교육을 이수한 자 또는 이번 학기 이수 예정자
바.
(박사 및 석․박사통합과정) 학칙시행세칙(대학원)제30조의 연구실적을 충족한 자
※ 공개발표 결과보고서 제출 시, 연구실적 게재가 완료되어야만 논문 진행이 가능함.
2. 논문공개발표 및 공개발표 결과보고
가.
기간 : 2020년 3월 30일(월) ∼ 4월 10일(금)
나. 공개발표 방법: 논문지도교수, 주임교수, 학과교수 참석하에 질의응답 진행
다. 공개발표 결과보고 제출사항
1) 공개발표결과보고서[
붙임1
]:
학과에서 취합하여 기간 내 대학원으로 오프라인 제출
2) 연구윤리준수확인서[
붙임2
]
(공개발표 결과 합격자만 해당): 학과에서 취합하여 기간 내 대학원으로 오프라인 제출
3. 논문심사위원 추천(공개발표 결과보고서 제출시, 합격자만 해당)
가.
기간 : 2020년 3월 30일(월) ∼ 4월 10일(금)
나. 심사위원
1) 석사학위과정: 3명 (외부 심사위원 위촉 시 1명까지 가능)
2) 박사학위과정: 5명 (외부 심사위원 1명 이상 반드시 포함 필요)
※ 교내 근무자는 모두 내부심사위원으로 구분됨
다. 심사위원 추천 제출사항
1) 공개발표결과 및 심사위원명단 제출양식(EXCEL)[
붙임3
]: 학과에서 취합된 공개발표 결과보고서를 기준으로 제출양식 엑셀파일을 작성, 첨부하여 기간 내 대학원으로 공문발송
2) 심사위원명단[
붙임4, 5
]: 학과에서 취합하여 기간 내 대학원으로 오프라인 제출
※ 직전학기 최종심사 연기자도 심사위원 명단 제출(완본 연기자는 제출하지 않음)
4. 가제본 및 카피킬러 검사결과 ‘상세보기’ 제출
구 분
석사과정
박사과정
비고
가제본 제출
[별도 양식 없음]
3부
5부
학과 주임교수 및 지도교수 확인 후
각 심사위원에게 직접 제출
※ 교학팀 제출 불필요함
카피킬러 검사결과
‘상세보기’
제출
[붙임6] 참조
3부
5부
[
붙임 6
]의 연구윤리 확보를 위한 논문검사 서비스 안내’파일의 pg.4 참조하여 지도교수 확인 후 심사위원에게 제출
5. 심사비 납부
가.
기간:
2020년 4월 27일(월)~ 4월 29일(수)
나. 대상: 공개발표에 합격하여 최종심사 대상인 자 </spat; font-family: 맑은 고딕; clear: both”>6. 최종심사 결과보고
가.
기간:
2020년 4월 27일(월)~ 6월 5일(금)
나. 최종심사 결과보고 제출사항
1)
최종심사결과 제출양식(EXCEL)
[
붙임7
]: 학과에서 취합된 심사 결과보고서를 기준으 로 제출양식 엑셀파일을 작성, 첨부하여 기간 내
대학원으로 공문발송
2) 제출서류:
학과에서 취합하여 기간 내 대학원으로 오프라인 제출
가) 석사학위과정: 석사학위청구논문 심사 결과보고서[
붙임8
], 심사요지서[
붙임10
]
나) 박사학위과정: 박사학위청구논문 심사 결과보고서[
붙임9
], 심사요지서[
붙임10
], 박 사학위청구논문 심사 일지(2차)[
붙임11
], 박사학위청구논문 심사 일지(3차)[
붙임12
], 박사학위청구 논문 심사결과 투표용지(5매)[
붙임13
]
7. 논문완본 제출:
2020년 6월 29일(월) ∼ 6월 30일(화) (2일간)
[
붙임 14, 15, 16
]
※ 2020년 6월 중 학위논문 파일을 본교 중앙도서관 홈페이지에 업로드 후 저작권 동의서를 출력하여 논문완본과 함께 제출(관련 세부사항 추후 별도 안내)
붙 임 1. 공개발표결과보고서 1부.
2. 연구윤리준수확인서 1부.
3. 공개발표결과 및 심사위원명단 제출양식(EXCEL) 1부.
4. 석사학위청구논문 심사위원명단 1부.
5. 박사학위청구논문 심사위원명단 1부.
6. 연구윤리 확보를 위한 논문검사 서비스 안내 1부.
7. 최종심사결과 제출양식(EXCEL) 1부.
8. 석사학위청구논문 심사 결과보고서 1부.
9. 박사학위청구논문 심사 결과보고서 1부.
10. 심사요지서(석,박사) 1부.
11. 박사학위청구논문 심사 일지(2차) 1부.
12. 박사학위청구논문 심사 일지(3차) 1부.
13. 박사학위청구논문 심사결과 투표용지 1부."
english_language,2020학년도 1학기 논문지도교수 위촉 및 변경 안내,N/A,2020-03-23,https://englan.ssu.ac.kr/%eb%8c%80%ed%95%99%ec%9b%90/%ea%b3%b5%ec%a7%80%ec%82%ac%ed%95%ad/?term_id&slug=1479,"2020학년도 1학기 석사·박사과정의 논문지도교수 위촉 및 변경을 다음과 같이 안내합니다.
1. 관련 : 숭실대학교 학칙시행세칙(대학원) 제 4장 제33조 및 제34조
제 33조(논문지도교수 배정)
① 일반대학원 각 과정의 학생은 1차 또는 2차 학기 중에 논문 지도교수를 배정받아야 한다.<개정 2016. 8. 19.>
제 34조(일반대학원의 논문지도교수 위촉 및 교체)
① 대학원장은 주임교수의 추천을 받아 논문지도교수를 다음과 같이 위촉한다.<개정 2011. 2. 25>
1.
학생의 전공분야와 동일한 본교 정년직 전임교원
<개정 2009. 4. 13., 2016. 8.19>
2. <삭제 2016. 8. 19.>
3. 제1호에도 불구하고 필요하다고 인정되는
비정년직 전임교원
<개정 2011. 2. 25, 2016, 8. 19>
② 논문지도교수가 질병, 유학 등 부득이한 사유로 학생의 지도가 불가능할 때에는 학과 주임교수를 경유하여 대학원장의 승인을 얻어 교체할 수 있다.
③ 논문지도교수를 위촉 또는 교체할 때 학생의 전공분야와 동일한 교수가 본교에 없을 경우는 위의 자격을 갖춘 타교의 교수로 할 수 있다.
④ 제1항 내지 제3항에도 불구하고 부득이한 경우에 한하여, 명예교수 및 퇴직한 교수가 재직시 지도하던 학생에 대하여 계속 지도하게 할 수 있다.
2. 대상
가.
논문지도교수 위촉
: 논문지도교수를
위촉하지 않은 모든 학생
※ 석사 3학기, 박사 2학기 학생 중 지도교수 미위촉된 학생 필수 위촉
나.
논문지도교수 변경
: 기 위촉한 논문지도교수를
변경하고자 하는 학생
※ 논문 지도 질 관리를 위해
박사 및 석박과정 논문지도 학생을 6명까지 제한하오니 지도교수 위촉 시 고려하여 주시기 바랍니다.
3. 제출서류
공통 제출서류
제출서류
비고</rder-left: rgb(0,0,0) 1px solid; border-image: none”>
학과별, 교수별 작성
논문 지도교수 변경
논문지도교수 변경 신청서[붙임3]
학생별로 작성
4. 제출기한 : 2020. 03. 16(월) ~ 03. 21(토)
5. 제출방법
가. 학과에서 취합하여 공문으로 발송
나. 논문지도 교수 위촉 및 변경파일[붙임 1]은
작성 후 공문에 첨부
다. 논문 지도교수 배정서 및 논문지도교수 변경 신청서는
스캔하여 공문에 첨부
6.  기타 : 석사과정은 2개학기, 박사 및 석박통합과정은 3개학기 이상 논문지도비를 납부하고, 논문지도를 받아야 논문 작성 및 제출이 가능하오니 논문 작성 일정에 차질이 발생하지 않도록 학과에서 안내하여 주시기 바랍니다.
붙임 : 1. 논문지도교수 위촉 및 변경양식(EXCEL) 1부
2. 논문지도교수 배정서 1부
3. 논문지도교수 변경 신청서 1부.  끝."
english_language,2020학년도 1학기 대학원 강의시간표 조회 및 수강신청 안내,N/A,2020-01-16,https://englan.ssu.ac.kr/%eb%8c%80%ed%95%99%ec%9b%90/%ea%b3%b5%ec%a7%80%ec%82%ac%ed%95%ad/?term_id&slug=1478,"※ 2020학년도 1학기 신입생은 오리엔테이션 이후 2월 4일(화)부터 u-SAINT 로그인이 가능할 예정입니다.
1. 재학생 및 신입생 수강신청 일정
가. 신청기간 : 2월 17일(월) 10:00 ~ 21일(금) 17:00
나. 확인 및 변경기간 : 3월 2일(월) 09:00 ~ 7일(토) 24:00
2. 수강신청 방법
가. 강의시간표 조회 : 대학원홈페이지 중앙 하단 ‘개설강좌조회’에서 1월 20일(월) 이후 확인 가능
*개설 강좌는 학과의 사정에 따라 변동될 수 있습니다.
나. u-SAINT(saint.ssu.ac.kr) 로그인 : ID(학번), PW(개인이 설정한 비밀번호)
* ID/PW 모를 경우
– search ID/PW를 눌러 ID조회, PW를 받을 수 있음.
– 초기 로그인 시 학사시스템(http://saint.ssu.ac.kr) 초기화면에서 search ID/PW 클릭 후,
ID(학번), 이름, 이메일 또는 휴대폰번호 입력 후 Send 버튼 클릭하면 이메일이나 휴대폰으로
임시 비밀번호가 발송됨. 로그인 후, 본인이 비밀번호 변경하시면 됩니다.
3. 수강신청 유의사항
가. 원활한 수강신청을 위하여 수강신청 사전에 u-SAINT에 접속하여 ID/PW를 확인해주시기 바랍니다.
나. 주민등록번호 등 개인정보 노출로 인하여 본인의 u-SAINT ID와 Password가 공유되지 않도록 철저히 관리하여야 하며, 이로 인한 불이익은 학생 본인이 감수하여야 합니다.
다. 수강신청 전 시스템에 로그인하여 학사관리 → 학적정보 → 휴대전화에 자신의 휴대폰 번호가 정확히 입력되어 있는지 확인해주시기 바랍니다.
라. 멀티로그인 수강신청이 금지되며, 복수의 접속창을 띄워서 수강신청 할 수 없습니다.
1) 1인 1로그인만 허용함.
2) 1대의 PC에서 여러 개의 접속창읠 띄워 로그인 금지함.
3) 여러 대의 PC에서 1개의 ID로 중복 로그인 금지함.
4) 사설 프로그램(ex.자동 수강신청 프로그램 등)을 사용하여 수강신청을 하였을 경우 불이익을 당할 수 있음.
4. 수강신청 Help Desk 안내
가. 로그인 문제 발생시 : ☏820-0067
나. 수강신청 관련 내용 상담 : 각 학과(부) 사무실, 대학원 교학팀 ☏820-0258~9"
english_language,학·석사연계과정 제도 변경 및 2020학년도 1학기 지원 및 선발 안내,N/A,2019-11-20,https://englan.ssu.ac.kr/%eb%8c%80%ed%95%99%ec%9b%90/%ea%b3%b5%ec%a7%80%ec%82%ac%ed%95%ad/?term_id&slug=1475,"1. 변경 내용(
2020학년도 1학기 지원 및 선발자부터 적용
)
구분
변경 전
변경 후
비고
지원 시기
학사과정 4학기 또는 5학기
재학 중 소정 기간
학사과정
4학기 이상 6학기 이내
재학 중 소정 기간
지원 자격
(평점평균)
전체 과목의 총 평점평균
3.3 이상
전체 과목의 총 평점평균
3.0 이상
학사 졸업
(평점평균/
수업연한)
7학기 졸업
7학기
졸업
8학기
졸업
8학기만에
학사과정 졸업 불가 시,
연계과정 자격 상실
3.0 이상
3.0 이상
(석사과정만
1학기 단축)
2. 지원기간 :
2019년 12월 9일(월) ∼ 2019년 12월 27일(금) 10:00 ∼ 17:00
3. 모집학과 : 학사과정과 석사과정에 동일(또는 유사)학과가 있는 학과(계약학과 제외)
4. 지원자격 :
다음 각호 모두에 해당되는 자
가) 지원일 당시
학사과정 4학기 이상 6학기 이내 재학 중
(건축학부 건축학전공은 6학기 이상 8학기 이내 재학 중)인 자
=> 5
학기 내지
7
학기 개시 전
(
건축학부 건축학전공은
7
학기 내지
9
학기 개
시 전
)
인 학생만 지원 가
능
(학
·
석사연계과정 신청자는 조기졸업 신청을 할 수 없음
)
나) 재수강 이전 과목, 학점포기한 과목, F학점 과목 등을 포함한 전체 과목의 총평점평 균이
3.0/4.
5 이상인 자
다)
7학기 또는 8학기
(건축학부 건축학전공은 9학기 또는 10학기)
에 학사과정의 졸업요건을
충족
할 수 있는 자
라) 지원하고자 하는 일반대학원 학과 주임교수와 지도교수의 추천을 받은 자
7. 선발인원: 석사과정 입학정원의 20%
8. 발 표 일:
2020년 1월 24(금) 예정 – 학과 및 개별통지
9. 문의처 : 대학원 교학팀(02-820-0258∼9, grad@ssu.ac.kr)
붙임 1. 2020-1 학·석사연계과정 신청 및 선발 안내 1부.
2. 학·석사연계과정신청서 1부.
끝."
english_language,[교외장학금 안내] 2020 포니정 인문연구장학 안내,N/A,2019-11-14,https://englan.ssu.ac.kr/%eb%8c%80%ed%95%99%ec%9b%90/%ea%b3%b5%ec%a7%80%ec%82%ac%ed%95%ad/?term_id&slug=1472,"2020 포니정 인문연구장학(故정세영 현대산업개발 명예회장 장학재단) 모집 공고를 안내해 드립니다.
1. 신청대상
가. 대한민국 국적 인문학분야 석사, 박사과정 대학원생 중 미취업자
(문학석사 또는 문학박사 학위 원칙)
나. 학위논문을 제외한 모든 졸업요건을 갖춘 수료생으로 2개 학기 이내 학위 취득 예정자
2. 선발인원: 석사 5명, 박사 및 석박통합과정 10명
3. 장학금액: 석사 1천만원, 박사 2천만원
4. 신청기간: 2019.11.18.(월)~2019.12.20.(금)
5. 신청방법: 지원자 개별접수 (
ponychung@ponychung.org
)
붙  임: 1. 모집공고 1부
2. 신청서 양식 1부.  끝."
english_language,2020학년도 1학기 석·박사통합과정 지원 및 선발 안내,N/A,2019-11-07,https://englan.ssu.ac.kr/%eb%8c%80%ed%95%99%ec%9b%90/%ea%b3%b5%ec%a7%80%ec%82%ac%ed%95%ad/?term_id&slug=1470,"1. 지원기간: 2019. 12. 2(월) 10:00 ∼ 12. 20(금) 17:00
2. 지원자격
가. 일반대학원 석사학위과정 2학기 또는 3학기 재학생(복학예정자 포함)
나.
학업전념학생(2015학년도 2학기 석사 입학자부터 적용)
다. 18학점 이상을 취득 또는 취득예정인 학생
라. 석사과정 전공분야와 통합과정 지원 전공분야가 동일한 자
3. 제출서류
가. 공통 : 석·박사통합과정 지원서 1부(붙임1 양식)
나.
2015년 2학기 이후 입학자 : 4대 사회보험 가입내역 확인서 1부
※ 4대 사회보험 정보연계센터(
www.4insure.or.kr
) 공인인증서 로그인 → [증명서발급] → 4대 사회보험 가입내역 확인 청구서 신청 → 4개 처리기관의 처리여부 “출력가능” 확인 후 증명서 출력
※
건강보험 지역가입자 중 사업장이 표기되어 있는 경우와 4대 사회보험 미가입자이나 종교기관 등에서 전임으로 재직하는 경우 등은 직장병행학생으로 간주하여 지원 불가함
※ 시간강사는 다음의 요건충족 시 예외적 지원 허용 : 주 6시간 이내 근무로 인한 4대 사
회보험 가입은 별도의 증빙서류(경력증명서)제출 시 학업전념학생으로 인정
4. 지원방법: 제출서류를 작성하여 대학원 교학팀으로 제출(웨스트민스터홀 658호)
5. 선발인원: 박사과정 전체 입학정원의 20%(학칙시행세칙(대학원) 제67조)
6. 발 표 일:
2020. 1. 17(금) 17:00 – 학과 및 개별통지
7. 기 타
가. 수업연한
1) 4년(8학기): 석사과정 입학 학기부터
2) 수업연한 단축: 수업연한의 단축을 희망하는 경우
석
·
박사통합과정
6
학기 또는
7
학기 개시 전
(
방학 중
)
대학원 교학팀에 수업연한단축신청서를 제출
하고 해당 학기 종료 시 수료요건 충족
및 총 평점평균이
4.0
이상이면
6
학기 또는
7
학기에 수료 가능
,
단
학업전념학생
(Full time)
만 수업연한단축신청이 가능함
나. 석사과정 종합시험, 석사논문 면제
(
석·박사통합과정 선발 전 석사과정에서 합격한 종합시험은 인정되지 않음, 석·박사통합과정 선발 후 박사과정에 해당하는 종합시험 응시해야 함
)
다. 박사과정 입학금 면제
붙임 석·박사통합과정 지원서 양식 1부.  끝."
english_language,2019학년도 2학기 수강신청 변경기간 연장 안내,N/A,2019-09-07,https://englan.ssu.ac.kr/%eb%8c%80%ed%95%99%ec%9b%90/%ea%b3%b5%ec%a7%80%ec%82%ac%ed%95%ad/?term_id&slug=1466,"1.관련:
일반대학원 교학팀-2739(2019.07.17, ‘2019학년도 2학기 수강신청관련 안내 홈페이지 게시’)
일반대학원 교학팀-1814(2019.06.03,’2019학년도 2학기 일반대학원 강좌개설 제출요청’)
2. 위호와 관련하여 일반대학원에서는 수강신청 변경기간을 다음과 같이 변경하니 업무에
참고
하여 주시기 바랍니다.
가. 정규기간: 2019. 08. 19(월) 10:00~ 08.23(금) 17:00
나. 변경전 정정기간: 2019.09.02(월) 09:00~
09.06(금) 24:00
다. 변경후 정정기간: 2019.09.02(월) 09:00~
09.08(일) 24:00
3. 폐강처리 시점: 폐강기준은 수강인원이 0~2명인 경우 수강신청 변경기간 종료된 후 진행되며,
09.08(일) 24:00 수강신청 변경기간이 종료된 이후
09.09(월)에 폐강처리될 예정임
4. 수강신청 관련 제출 서류(12학점신청서, 선수과목신청서 등)는 기존의 변경기간 종료일인
09.06(금) 17:00
까지 접수할 예정임
붙임1. 2019학년도 2학기 일반대학원 수강신청 변경기간 연장 안내 1부.
2. (관련 공문)2019학년도 2학기 수강신청관련 안내 홈페이지 게시 공문 1부.
3.
(관련 공문)2019학년도 2학기 일반대학원 강좌개설 제출요청 공문 1부.
끝."
english_language,2019학년도 2학기 논문지도교수 위촉 및 변경 안내,N/A,2019-08-22,https://englan.ssu.ac.kr/%eb%8c%80%ed%95%99%ec%9b%90/%ea%b3%b5%ec%a7%80%ec%82%ac%ed%95%ad/?term_id&slug=1462,"2019학년도 2학기 석사·박사과정의 논문지도교수 위촉 및 변경을 다음과 같이 안내합니다.
1. 관련 : 숭실대학교 학칙시행세칙(대학원) 제 4장 제33조 및 제34조
제 33조(논문지도교수 배정)
① 일반대학원 각 과정의 학생은 1차 또는 2차 학기 중에 논문 지도교수를 배정받아야 한다.<개정 2016. 8. 19.>
제 34조(일반대학원의 논문지도교수 위촉 및 교체)
① 대학원장은 주임교수의 추천을 받아 논문지도교수를 다음과 같이 위촉한다.<개정 2011. 2. 25>
1.
학생의 전공분야와 동일한 본교 정년직 전임교원
<개정 2009. 4. 13., 2016. 8.19>
2. <삭제 2016. 8. 19.>
3. 제1호에도 불구하고 필요하다고 인정되는
비정년직 전임교원
<개정 2011. 2. 25, 2016, 8. 19>
② 논문지도교수가 질병, 유학 등 부득이한 사유로 학생의 지도가 불가능할 때에는 학과 주임교수를 경유하여 대학원장의 승인을 얻어 교체할 수 있다.
③ 논문지도교수를 위촉 또는 교체할 때 학생의 전공분야와 동일한 교수가 본교에 없을 경우는 위의 자격을 갖춘 타교의 교수로 할 수 있다.
④ 제1항 내지 제3항에도 불구하고 부득이한 경우에 한하여, 명예교수 및 퇴직한 교수가 재직시 지도하던 학생에 대하여 계속 지도하게 할 수 있다.
2. 대상
가.
논문지도교수 위촉
: 논문지도교수를
위촉하지 않은 모든 학생
나.
논문지도교수 변경
: 기 위촉한 논문지도교수를
변경하고자 하는 학생
※ 논문 지도 질 관리를 위해
박사 및 석박과정 논문지도 학생을 6명까지 제한하오니 지도교수 위촉 시 고려하여 주시기 바랍니다.
3. 제출서류
공통 제출서류
제출서류
비고
논문 지도교수 위촉
논문 지도교수 위촉
및 변경파일[붙임1]
논문지도교수 배정서 [붙임2]
4. 제출기한 : 2019. 9. 2(월) ~ 9. 16.(월)
5. 제출방법
가. 학과에서 취합하여 공문으로 발송
나. 논문지도 교수 위촉 및 변경파일[붙임 1]은
작성 후 공문에 첨부
다. 논문 지도교수 배정서 및 논문지도교수 변경 신청서는
스캔하여 공문에 첨부
6.  기타 : 석사과정은 2개학기, 박사 및 석박통합과정은 3개학기 이상 논문지도비를 납부하고, 논문지도를 받아야 논문 작성 및 제출이 가능하오니 논문 작성 일정에 차질이 발생하지 않도록 학과에서 안내하여 주시기 바랍니다.
붙임 : 1. 논문지도교수 위촉 및 변경양식(EXCEL) 1부
2. 논문지도교수 배정서 1부
3. 논문지도교수 변경 신청서 1부.  끝.
이전글
2019학년도 2학기 연구윤리 이수 안내
다음글
2019학년도 2학기 수강신청 변경기간 연장 안내"
english_language,2019학년도 2학기 연구윤리 이수 안내,N/A,2019-08-19,https://englan.ssu.ac.kr/%eb%8c%80%ed%95%99%ec%9b%90/%ea%b3%b5%ec%a7%80%ec%82%ac%ed%95%ad/?term_id&slug=1459,"2019학년도 2학기 연구윤리교육 일정을 안내하니 각 학과에서는 수강을 희망하는 학생에게 안내바랍니다.
1. 교육내용
가. 교육명 : 대학원생을 위한 연구윤리 (인문사회/이공, 각 5차시, 2시간)
교육주제
비고
1차시
연구윤리는 왜 중요할까?
인문사회 / 이공계열의 콘텐츠가 각 계열에 맞게 구분되어 있음
2차시
연구데이터 올바르게 관리하기
3차시
나의 논문 과연 잘 작성된 것일까?
4차시
보호되어야 할 연구자의 권리
5차시
연구부정행위, 그 치명적인 유혹
나. 교육 컨텐츠 제공 기관 : 국가과학기술인력개발원(KIRD)
2. 대상 : 교육 수강을 희망하는 본교의 모든 대학원생
가. 이수여부 확인 : u-SAINT 의 [성적/졸업]의 [논문/졸업] 맨 하단에서 확인 가능
나. 시행세칙(대학원)에 의거하여 일반대학원 석·박사 생은 논문 제출 전 연구윤리 과정을 반드시 이수해야 하며,
2019학년도 2학기 학위청구논문제출 예정자 중 미이수자는 이번학기에 반드시 이수해야 함
.
3. 신청절차 : 학과에서 신청 학생 명단 취합 후 공문 발송
수강기간
2019. 10. 01.~ 10. 31.
9월 2일(월) ~
9월 19일(목)
학과에서 신청자 취합 후 공문 발송
2차
2019. 11. 01.~ 11. 30.
4. 수강방법 : u-SAINT 접속 후 우측 상단의 링크-스마트캠퍼스 클릭 혹은 직접 접속(
http://myclass.ssu.ac.kr
) 후 비교과과정의 수강강좌에서 수강
5. 평가비율 및 수료기준 : 수업 진도 90% 이상 진행되어야만 수료
※ 이수여부는 학습이수현황에서 5개의 콘텐츠의 체크여부로 확인할 수 있으며, 5개의 콘텐츠를 모두 수강해야 진도율 90% 이상을 달성할 수 있음.
붙임 : 1. 2019학년도 2학기 연구윤리 교육 신청자 명단 양식 1부
2. 연구윤리 수강 매뉴얼 1부.  끝."
english_language,2019학년도 2학기 수료생 논문등록(연구등록) 안내,N/A,2019-08-14,https://englan.ssu.ac.kr/%eb%8c%80%ed%95%99%ec%9b%90/%ea%b3%b5%ec%a7%80%ec%82%ac%ed%95%ad/?term_id&slug=1458,"2019학년도 2학기 수료생 연구등록(논문등록) 을 다음과 같이 안내합니다.
1. 등록대상 : 수료생 연구등록 자격을 갖춘 자로서 2019학년도 2학기 논문 제출 예정자
※ 재학생은 해당없음. 단, 2019-2학기 논문 제출 예정인 학점등록생(석/박사 5학기 이상, 석박사 통합과정 9학기 이상 재학생) 및 학석사 연계과정 2학기생은 등록대상임.
2. 논문등록자격
가. 수료생(영구수료 해제자 포함)
나. 외국어 및 종합시험 합격자(2019-2학기 응시자도 가능하나, 불합격시 논문 제출 불가. 연구 등록비 환불 불가)
다. 논문지도교수를 배정받고 석사과정은 2개학기, 박사 및 석박사 통합과정은 3학기 이상 논문지도를 받은 자
3. 등록기간 : 2019년 9월 16일(월) ~ 9월 18일(수)
4. 등록금액 : 석사 80,000원 / 박사, 석박사통합과정 120,000원
5. 등록방법 : 등록기간 내 u-SAINT 에 로그인하여 ‘등록/장학_기타납부금고지서출력’ 메뉴에서 계좌확인 후 입금(고지서는 9월 16일부터 확인 가능)
6. 기타
가. 논문등록비 납부 확인은 u-SAINT 로그인하여 ‘등록/장학_등록금납입이력조회’ 메뉴에서 납부 다음날부터 확인 가능
나. 연구등록증명서는 수료생 연구등록비를 납부한 학생에 한하여 납부 다음날 부터 발급 가능 (교내 진리관 1층, 신양관 1층 발급기 또는 인터넷 증명 발급 이용 가능)
다. u-SAINT 로그인 문제는 학생 서비스팀 Help Dest(02-820-0067)로 문의."
english_language,2019학년도 2학기 수강신청관련 안내,N/A,2019-07-22,https://englan.ssu.ac.kr/%eb%8c%80%ed%95%99%ec%9b%90/%ea%b3%b5%ec%a7%80%ec%82%ac%ed%95%ad/?term_id&slug=1453,"1.
안내사항
가
. 2019
학년도
2
학기 대학원 수강신청 안내
나
. 2019
학년도
2
학기 선수과목 수강신청서 제출 안내
다
. 2019
학년도
2
학기
12
학점 수강신청 승인서 제출 안내
라
. 2019
학년도
2
학기 타과 개설 강좌 수강 전공학점 인정확인서 제출 안내
※
세부내용은 붙임파일 참조
2.
홈페이지
게시기간
: 2019
년
7
월
17
일
(
수
)
∼
9
월
6
일
(
금
)
3. 수강신청 기간
가. 정규기간: 8월 19일(월) 10:00 ~8월 23일(금) 17:00
나. 추가기간: 9월 2일(월) 09:00 ~9월 6일(금) 24:00
※
수강신청 관련 서류 제출일자는 해당 기간 내 매일 10시부터 5시까지임
붙 임
1.
2019
학년도
2
학기 선수과목
, 12
학점
,
타과개설 제출 안내 각
1
부
."
english_language,2019학년도 2학기 대학원 외국어·종합시험 실시 안내,N/A,2019-07-17,https://englan.ssu.ac.kr/%eb%8c%80%ed%95%99%ec%9b%90/%ea%b3%b5%ec%a7%80%ec%82%ac%ed%95%ad/?term_id&slug=1452,"1. 신청기간: 2019.08.06.(화) 10:00 ~ 2019.08.08(목)
※ 신청기간 이후 추가신청 절대 불가함.
2. 신청방법: u-SAINT 로그인 → 성적/졸업 → 외국어 및 종합시험 신청
3. 응시자격
가. 외국어시험
1) 석사 및 박사과정: 2학기 이상 등록을 필한 재학생 및 수료생
2) 석·박사 통합과정: 6학기 이상 등록을 필한 재학생 및 수료생
나. 종합시험
1) 석사과정: 18학점 이상 취득하고 3학기 이상 등록을 필한 재학생 및 수료생
2) 박사과정: 27학점 이상 취득하고 3학기 이상 등록을 필한 재학생 및 수료생
3) 석·박사 통합과정: 45학점 이상 취득하고 6학기 이상 등록을 필한 재학생 및 수료생
4. 시험일시
가. 외국어시험: 2019.09.06.(금) 09:30~
나. 종합시험: 2019.09.07.(토) 09:30~
5. 실시방법
가. 외국어시험: 대학원 주관 시행
1) 영어시험 교재명: Bernard Seal. “Academic Encounters” (Human Behavior 4)
Cambridge 2013 (2nd Edition)
2) 영어시험 시험범위: 위 교재 전체
나. 종합시험: 각 학과 주관 시행
6. 응시료 납부
가. 납부기간: 2019.08.13.(화) ~ 08.14.(수) 09:00~16:00
※ 납부기간 이후 추가납부 절대 불가함.
나. 과목당 응시료: 석사과정 20,000원 / 박사과정 및 석·박사통합과정 30,000원
다. 납부방법: u-SAINT에서 고지서 출력 후 개인별 가상계좌 입금
※ u-SAINT 로그인 → 등록/장학 → 기타납부금 고지서 출력
7. 외국어시험 대체성적 제출 (외국인유학생 TOPIK 또는 주임교수 연구실적 추천 포함)
가. 제출기간: 2019.08.01.(목) ~ 2019.08.30.(금)
나. 제출방법: 희망자가 개별적으로 대학원 교학팀에 제출
※ 대체성적 기준: 대학원 홈페이지 참조 (학사안내 → 외국어/종합시험)
※ 취득 후 2년이 경과되지 않은 성적만 인정
8. 종합시험 학과별 실시 결과보고서 제출: 2019.09.11.(수) 까지
9. 합격자발표: 2019.09.18.(수) 예정
10. 유의사항
가. 외국어 및 종합시험은 대학원 과정 학위 취득을 위한 자격시험으로, 외국어·종합시험
합격자에 한해 학위논문제출이 가능함.
※ 외국인유학생의 경우 논문공개발표 전 아래 중 한 가지를 완료해야 함.
① 유효한 TOPIK 4급 이상 성적증명서 제출을 통한 외국어시험 면제
② 연구실적을 근거로 주임교수 추천을 받아 외국어시험 면제
③ 외국어시험 한국어과목 통과 (이 경우 위 ② 또는 ③을 완료해야 학위취득 가능)
나. 외국어 및 종합시험 모두 휴학생은 지원 불가하며, 시험에 응시하였으나 결과발표 전에
휴학한 경우 평가대상에서 제외되며 응시료 반환 불가함.
다. 시험종료 30분 이전에 퇴실할 경우 결시처리됨.
라. 석·박사통합과정생의 경우 석사과정 중 합격한 자격시험은 인정하지 않음.
마. 시험 신청 후 응시료를 납부하지 않은 경우 시험 신청이 자동 취소됨.
바. 응시료 납부기간 이후 환불신청 불가함.
사. 기타 시험관련 유의사항은 시험 응시자에게 별도 공지 예정임
11. 외국어시험 폐지 추진 중 (대학원운영위원회 심의 완료. 최종 확정되면 학칙 변경한 뒤
별도 공지 예정)
가. 내용: 2020학년도부터 학위논문제출을 위한 자격시험 중 외국어시험 폐지
※ 학과에 따라 학과 내규를 근거로 별도의 외국어능력 기준을 요구할 수 있음.
나. 적용시기: 2020.03.01.예정
다. 경과조치
1) 2019학년도 2학기까지 외국어시험 시행
2) 2020년 2월 졸업예정자 중 외국어시험에 합격하지 않은 학생은 2019학년도 2학기
외국어시험에 응시해 합격하여야 학위취득 가능함.
3) 2020년 8월 졸업예정자부터는 외국어시험 합격하지 않더라도 학위논문제출 가능함.
라. 외국인유학생 유의사항
1) 외국인유학생은 외국어시험이 폐지되었더라도 졸업자격요건은 유지되므로 TOPIK 4급
이상을 제출하거나 연구실적에 따른 특별추천을 학과 주임교수로부터 받아야 졸업 가능
2) 2020년 2월 졸업예정자까지는 공개발표 전에 위 졸업요건을 갖추지 못한 경우 외국어
시험 한국어과목에 응시해 합격하면 조건부로 논문심사를 진행할 수 있었으나, 2020년
부터는 공개발표 전까지 위 자격을 갖추어야 논문심사 진행이 가능함 (조건부 진행
불가).  끝."
english_language,2019학년도 한국장학재단 대학원생 지원장학금,N/A,2019-05-03,https://englan.ssu.ac.kr/%eb%8c%80%ed%95%99%ec%9b%90/%ea%b3%b5%ec%a7%80%ec%82%ac%ed%95%ad/?term_id&slug=1450,"2019학년도 한국장학재단 대학원생 지원장학금
1.
지원자격
가
.
대한민국 국적자
나
.
일반대학원 인문사회계열 학과 재학생
(
계약학과 제외
,
휴학생 지원 불가
)
–
석사 및 박사과정 재학생 중
2019
학년도
1
학기 기준
2
학기 또는
3
학기 재학생
–
석박통합과정 재학생 중
2019
학년도
1
학기 기준
2
학기
~ 7
학기 재학생
–
단
,
수업연한을 단축한 학생의 경우 단축된 기간 기준으로 마지막 정규 학기 제외
다
.
저소득층 또는 미취업자
–
저소득층
: 2019.01.01.
이후 본인명의로 발급된 저소득층 증빙자료상 기초생활수급자 및
차상위계층 자격 보유자
(
국민기초생활수급자증명서 또는 차상위계층 확인서 제출 필요
)
–
미취업자
: 2019.01.01.
이후 발급된
4
대보험 가입확인서 상
4
대보험 미가입자
라
.
직전학기 성적
4.0/4.5
이상
2.
장학금액
:
최대
8,000,000
원
(4,000,000
원
* 2
개 학기
)
※
1
학기 종료 후 계속지원여부 심사 후
2
학기 장학금 지급
3. 5
월
10
일
(
금
)
까지 서류 제출
<
제출서류
>
가
.
지도교수 추천서
(
붙임 양식
)
나
.
학업
·
연구계획서
(
붙임 양식
)
다
.
성적증명서
라
.
지원자격 증빙서류
–
저소득층
:
국민기초생활수급자증명서 또는 차상위계층 확인서
–
미취업자
: 4
대보험 가입확인서
(www.4insure.or.kr
에서 발급
)
마
.
동의서
(
붙임 양식
)
4.
선발 우대사항
가
.
저소득층
(
증빙자료 제출 필요
)
–
증빙서류
:
기초생활수급자증명서
,
한부모가족증명서
,
장애인연금수급자확인서
, (
경증
)
장애
수당
/
장애아동수당 수급자 확인서
,
자활근로자 확인서
,
차상위 본인부담경감 대상자 증명서
,
차상위 계층 확인서
나
.
북한이탈주민
(
탈북이탈주민확인서 제출 필요
)
다
.
장애인
(
장애인증명서 제출 필요
)
라
.
다자녀 가구 자녀
(
지원자가 셋째아이 이상인 경우
,
가족관계증명서 제출 필요
)
마
.
다문화 가구 자녀
(
가족관계 증명서 제출 필요
)
바
.
타 장학금 미수혜자
)
의 경우 장학금 환수와 동시에 장학생 자격 상실
라
.
타 장학금과 중복수혜 불가
(2019-1
학기에 타 장학금을 수혜받은 자가 장학생으로 추천 받아 최종 선정된 경우 타 장학금 전액 환수
,
단
,
조교장학
, RA
장학에 한해 중복수혜 가능
)
마
.
장학기간 종료 시 연구논문 실적서 제출하여야 함"
english_language,2019학년도 1학기 연구장려장학금 시행 안내,N/A,2019-04-08,https://englan.ssu.ac.kr/%eb%8c%80%ed%95%99%ec%9b%90/%ea%b3%b5%ec%a7%80%ec%82%ac%ed%95%ad/?term_id&slug=1448,"2019학년도 1학기 연구장려장학금 시행 안내
1. 장학제도 안내
가. 신청자격
1) 일반대학원 소속 재학생 중 수업연한 이내인 재학생 (석사 및 박사과정 4학기, 석박사
통합과정 8학기 이내)
2) 한국연구재단등재(후보) 학술지 또는 동급 이상의 외국학술지에 논문을 게재한 자
나. 지급금액: 100,000원 (게재논문 1건당 1인에게 대표 지급)
※ 학과에 배부된 안내포스터 내용에서 금액이 변경되었으므로 유의해주시기 바랍니다.
다. 2019학년도 1학기 선발인원: 50명 예정
라. 유의사항
1) 장학금 신청 시점으로부터
3개월 이내에 게재된 논문
에 한해 장학금 신청 가능
2) 박사과정 학위청구논문 제출자격을 위한 연구실적으로는 장학금 신청 불가
3) 1인당 수혜 횟수의 제한은 없으며, 타 장학금과 제한 없이 중복수혜 가능
2. 신청방법 안내
가. 신청기간: 2019.04.29.(월)~2019.05.03.(금)
※ 신청인원이 선발예정인원보다 적은 경우 홈페이지에 추가신청일정 공지 예정임
나. 신청방법: 신청서 및 증빙서류 대학원 교학팀으로 제출 (웨스트민스터홀 658호)
다. 제출서류
– 장학금 신청서 (붙임 양식)
– 논문게재확인서
– 논문 별쇄본
붙  임: 장학금 신청서 양식 1부."
english_language,2019학년도 1학기 논문 최종심사 결과보고 안내,N/A,2019-04-08,https://englan.ssu.ac.kr/%eb%8c%80%ed%95%99%ec%9b%90/%ea%b3%b5%ec%a7%80%ec%82%ac%ed%95%ad/?term_id&slug=1446,"2019학년도 1학기 논문최종심사 결과보고 일정을 다음과 같이 안내합니다..
1. 기간 :
2019년 4월 22일(월) ~ 2019년 5월 31일(금)
2. 최종심사 결과보고 제출안내
가. 공통 : 최종심사 결과 보고서(EXCEL)[붙임1]
※학과에서 제출
나. 석사과정 : 석사학위청구논문심사 결과보고서[붙임 2], 심사요지서[붙임 4]
다. 박사과정 : 박사학위청구논문 심사 결과 보고서[붙임3], 심사요지서[붙임4], 박사학위 청구논문심사일지 2차[붙임5], 박사학위청구논문 심사일지 3차[붙임6], 박사학위청구논문 심사결과 투표용지(5매)[붙임7]
3. 심사비 납부 일정 :
2019년 4월 15일(월) ~ 17일(수)
붙임 1. 최종심사 결과 제출양식(EXCEL) 1부.
2. 석사학위청구논문 심사결과보고서 1부.
3. 박사학위 청구 논문 심사결과보고서 1부.
4. 심사요지서(석, 박사) 1부.
5. 박사학위청구논문 심사일지(2차) 1부.
6. 박사학위청구논문 심사일지(3차) 1부.
7. 박사학위청구논문 심사결과 투표용지 1부.
8. 2019학년도 1학기 논문 진행안내 공문 1부.  끝."
english_language,"2019학년도 1학기 학위논문 심사비 납부 및 가제본, 카피킬러 검사 결과 제출 안내",N/A,2019-03-25,https://englan.ssu.ac.kr/%eb%8c%80%ed%95%99%ec%9b%90/%ea%b3%b5%ec%a7%80%ec%82%ac%ed%95%ad/?term_id&slug=1444,"2019학년도 1학기 논문 심사비 납부 및 가제본, 카피킬러 검사결과 제출을 다음과 같이 안내합니다.
<심사비 납부 관련>
1. 기간 : 2019년 4월 15일(월) ~ 17일(수) 09:00 ~ 16:00 (은행영업시간 내, 고지서확인도 은행영업시간내에만 가능)
2. 대상 : 학위논문 제출자격을 갖추고 공개발표에 합격 및 심사위원을 구성하여 최종심사 대상인 자
3. 심사비
가. 석사학위논문 : 90,000원
나. 박사학위논문(박사 및 석박사통합과정)
구분
금액
산출내역
비고
내부 4 + 외부 1 위촉 시
700,000
100,000원 x 4인 + 300,000원 x 1인
내부 3 + 외부 2 위촉 시
900,000
100,000원 x 3인 + 300,000원 x 2인
내부 2 + 외부 3 위촉 시
1,110,000
100,000원 x 2인 + 300,000원 x 3인
※ 외부심사위원은 최소 1인 반드시 위촉, 최대 3인까지 가능[학칙시행세칙(대학원) 제39조 제4항)
※ 2018학년도 2학기 최종심사연기자는 2018학년도 2학기에 납부한 심사비로 2019학년도 1학기 심사비를 대체할 수 있으나 본인이 납부를 원할 시 납부 가능
4. 논문 심사비 납부 방법
가. 납부 기간 내 u-Saint에 로그인하여 ‘등록/장학_기타납입금 출력’ 메뉴에서
나. 지정된 계좌를 확인 후 입금(4월 15일 월요일 오전 9시부터 확인 가능)
※ 고지서가 보이지 않을 경우, u-Saint에 접속하여 로그인하기 전 오른쪽 상단에 ‘u-Saint FAQ Internet explorer 10 최적화 안내’를 확인하여 인터넷 환경을 점검한 후 고지서를 다시 확인하기 바랍니다.
<가제본, 카피킬러 검사결과 제출>
1. 기간 : 2019년 4월 8일(월) ~ 19일(금)
2. 대상 : 학위논문 제출자격을 갖추고 공개발표에 합격 및 탕; text-align: center; margin-top: 0px; line-height: 1.4″>과정"
english_language,2019학년도 1학기 연구윤리교육 이수 안내,N/A,2019-03-14,https://englan.ssu.ac.kr/%eb%8c%80%ed%95%99%ec%9b%90/%ea%b3%b5%ec%a7%80%ec%82%ac%ed%95%ad/?term_id&slug=1441,"2019학년도 1학기 연구윤리교육 관련하여 다음과 같이 안내 드리니 학과에서는 학위청구논문 제출 예정자 중 연구윤리 미이수자가 꼭 연구윤리 과정을 신청하고 수강할 수 있도록 지도해주시기 바랍니다.
1. 신청 절차:
가. 학생: 학과에 신청
나. 학과: 명단취합하여 대학원으로 공문 발송
다. 대학원 교학팀: 이러닝·MOOC운영팀 경유하여 수강자 등록
라. 학생: 숭실대 스마트캠퍼스에서 수업수강
2. 교육대상 : 수강을 희망하는 본교의 모든 대학원생
가. 이수자 여부는 u-SAINT의 성적/졸업의 논문/졸업 메뉴의 맨 하단에서 확인가능
나. 시행세칙(대학원)에 의거하여 일반대학원 석·박사 생은 논문제출 전
연구윤리 과정을 반드시 이수해야 하며,
2019년도 1학기 학위청구논문
제출 예정자 중 미이수자는 이번학기에 반드시 이수해야 함
3. 교육컨텐츠:
가. 교육명: 대학원생을 위한 연구윤리 (이공/인문 각 5차시, 약 2시간)
나. 교육컨텐츠 제공기관: 국가과학기술인력개발원(KIRD)
4. 수강 및 수강신청 기간 및 수강방법
가.
수강 및 신청기간: 1차 혹은 2차로, 한번만 수강 가능
수강기간
신청기한
신청방법
1차
2019.04.01~04.30
대학원으로 공문 발송
2차
2019
.05
.01~05.31
다. 수강방법: u-SAINT 접속 후, 우측 상단의 링크 -스마트캠퍼스 클릭 혹은 직접 접속(http://myclass.ssu.ac.kr) 후 비교과과정의 수강강좌에서 수강
5. 평가비율 및 수료기준:
수업의 진도가 90% 이상 진행되어야만 수료됨
※ 이수여부는 학습이수현황에서 5개의 콘텐츠의 체크여부로 확인할 수 있으며, 5개의 콘텐츠를 모두 수강하셔야 진도율 90%이상을 달성할 수 있습니다.
붙   임 1. 2019학년도 1학기 연구윤리교육 신청자 명단 양식 1부.
2. 연구윤리 스마트캠퍼스 사용 매뉴얼 1부.  끝."
english_language,2019학년도 1학기 논문 지도교수 위촉 변경 안내,N/A,2019-03-14,https://englan.ssu.ac.kr/%eb%8c%80%ed%95%99%ec%9b%90/%ea%b3%b5%ec%a7%80%ec%82%ac%ed%95%ad/?term_id&slug=1439,"2019학년도 1학기 논문지도교수 위촉 및 변경을 다음과 같이 안내합니다.
1. 대상:
가. 논문지도교수 위촉: 논문지도교수를 위촉하지 않은 모든 학생
나. 논문지도교수 변경: 기 위촉한 논문지도교수를 변경하고자 하는 학생
다. 논문지도교수 위촉 및 변경 시 교수 1인당 박사 및 석박사통합과정 논문지도 학생(재학생) 수 6명 기준 권장사항 고려
※ 학내외에서 본교 박사학위 논문의 질과 관련 문제 제기 및 우려가 있으며, 교육부의 논문 지도 및 심사 지침 강화에 따라 논문 지도 학생을 6명까지 제한하오니 적극 참고하여 주시기 바랍니다. (교수 1인당 적정 논문 지도 학생수: EUA 4-6명, 영국은 통상적으로 6명으로 규정하고 있음)
2. 제출서류:
논문 지도교수 위촉 시
논문 지도교수 변경 시
– [
붙임1
]논문지도교수 위촉 및 변경 엑셀파일
– [
붙임2
]논문지도교수배정서 스캔본
– [
붙임1
]논문지도교수  위촉 및 변경 파일
– [
붙임3
]논문지도교수 변경신청서 스캔본
※
[붙임2]논문지도교수배정서는 학과별 또는 교수별로, [붙임3]지도교수변경신청서는 학생 개인별로 작성
3.
제출기간: 2019년 3월 4일(월)~ 2019년 3월 14일(목)
4. 제출방법: 제출서류를 공문으로 송부(원본은 학과 보관)
가. 논문지도교수 위촉 및 변경파일(EXCEL)[
붙임1
]을 작성하여 공문에 첨부
나. 논문지도교수 배정서[
붙임2
] 및 변경신청서[
붙임3
]는 스캔하여 공문에 첨부
다. 비정년직 전임교원으로 위촉 및 변경하는 경우 사유서(별도양식없음) 스캔하여 공문에 첨부
5. 기타사항:
가. 석사과정은 2개학기, 박사 및 석박통합과정은 3개 학기 이상 논문지도비를 납부하고 논문 지도를 받아야 논문 작성 및 제출이 가능합니다.
나. 아래의 지도교수 위촉 및 교체기준을 확인한 후 위촉하여 주시기 바랍니다.
※ 학칙시행세칙(대학원)
제34조(일반대학원의 논문지도교수 위촉 및 교체)
① 대학원장은 주임교수의 추천을 받아 논문지도교수를 다음과 같이 위촉한다. <개정 2011.2.25>
1. 학생의 전공분야와 동일한 본교 정년직 전임교원 <개정 2009.4.13., 2016.8.19>
2. <삭제 2016.8.19.>
3. 제1호에도 불구하고 필요하다고 인정되는 비정년직 전임교원<신설 2009.4.13.> <개정 2011.2.25, 2016.8.19>
이전글
2019학년도 1학기 논문 진행 안내
다음글
2019학년도 1학기 연구윤리교육 이수 안내"
english_language,2019학년도 1학기 논문 진행 안내,N/A,2019-03-14,https://englan.ssu.ac.kr/%eb%8c%80%ed%95%99%ec%9b%90/%ea%b3%b5%ec%a7%80%ec%82%ac%ed%95%ad/?term_id&slug=1437,"2019학년도 1학기 논문 진행을 안내하오니 대상자가 있는 학과에서는 일정에 따라 진행해주시기 바랍니다. 또한 금 학기 논문 제출 예정 학생이 ‘연구윤리과정’을 반드시 이수할 수 있도록 지도하여 주시고(별도의 공문-2019학년도 1학기 연구윤리교육 이수안내 송부할 예정), 학과에서는 아래 프로세스 진행 시 공문에 첨부된 양식을 사용하여 주시기 바랍니다.
[논문 진행 순서]
시기
3/13~15
3/18∼29
4/8∼19
4/15∼17
4/22~
5/31
6/26∼27
수료생
연구등록
(논문등록)
→
공개발표
심사위원
구성
→
가제본,
카피킬러 검사결과 제출
→
심사비납부
→
최종심사
→
논문완본
학생
등록비납부
(재학생은 등록금납입시
지도비납부)
논문
공개발표
(연구윤리
준수확인서
제출)
논문가제본
제출카피킬러 검사결과
‘상세보기’
제출
심사비 납부
최종심사
완본제출
각
학과
대상자 등록 지도
결과보고
심사위원
추천
가제본제출
지도카피킬러 검사결과
제출 지도
심사비
납부 지도
최종심사 결과 보고
제출지도
대학원
등록자명단
학과송부
준비지도/
등록비 관리
공개발표
결과 및 심사위원 관리
카피
킬러
캠퍼스
사용 준비
심사비 관리
심사결과 관리심사비,지도비 지급 준비
완본
접수
결과관리
1.
논문발표 및 심사대상:
4학기 재학생 및 수료생(영구수료해제자 포함) 연구등록자로 하 기의 가~바 사항을 모두 충족 시킨 자
가. 석사 24학점, 박사 36학점, 석․박사통합 60학점 이상 취득(예정)자
(중복과목 제외, 선수과목, 추가학점 지정자는 선수과목 이수 및 추가학점 취득 필요)
나. 외국어 및 종합시험 합격자
※ 이번 학기 응시자도 가능하나 불합격 시 논문 제출 불가
※ 2019학년도 1학기 외국어 및 종합시험 시행결과는 9월 19일(수) 발표 예정이며 해당 결과를 참고하여 학위논문 발표자격 최종 확인해야 함
다. 대학원에서 지정한 연구윤리교육을 이수한 자 또는 이번 학기 이수 예정자
라. 논문지도교수를 배정 받고 석사과정은 2개학기, 박사 및 석․박사통합과정은 3개학기 이상 논문지도를 받은자(논문작성학기 포함)
마. (외국인) 한국어 능력 기준을 갖춘 자
바. (박사 및 석․박사통합과정) 학칙시행세칙(대학원)제30조의 연구실적을 충족한 자
2. 논문공개발표 및 공개발표 결과보고
가.
기간 : 2019년 3월 18일(월) ∼ 3월 29일(금)
나. 공개발표 방법: 논문지도교수, 주임교수, 학과교수 참석하에 질의응답 진행
다. 공개발표 결과보고 제출사항
3. 논문심사위원 추천(공개발표 결과보고서 제출시, 합격자만 해당)
가.
기간 : 2019년 3월 18일(월) ∼ 3월 29일(금)
나. 심사위원
1) 석사학위과정: 3명 (외부 심사위원 위촉 시 1명까지 가능)
2) 박사학위과정: 5명 (외부 심사위원 1명 이상 반드시 포함 필요)
다. 심사위원 추천 제출사항
1) 공개발표결과 및 심사위원명단 제출양식(EXCEL)[
붙임3
]: 학과에서 취합된 공개발표 결과보고서를 기준으로 제출양식 엑셀파일을 작성, 첨부하여 기간 내 대학원으로 공문발송
2) 심사위원명단[
붙임4, 5
]: 학과에서 취합하여 기간 내 대학원으로 오프라인 제출
※ 직전학기 최종심사 연기자도 심사위원 명단 제출(완본 연기자는 제출하지 않음)
4. 가제본 및 카피킬러 검사결과 ‘상세보기’ 제출
가.
기간:
2019년 4월 8일(월)~ 4월 19일(금)
나. 대상: 공개발표에 합격하여 최종심사 대상인 자
다. 가제본 제출
구 분
석사과정
박사과정
비고
3부
5부
학과 주임교수 및 지도교수 확인 후 각 심사위원에게 직접 제출
카피킬러 검사결과
‘상세보기’ 제출
[붙임6] 참조
3부
5부
[
붙임 6
]의 연구윤리 확보를 위한 논문검사 서비스 안내’파일의 pg.4 참조하여 지도교수 확인 후 심사위원에게 제출
5. 심사비 납부
가.
기간:
2019년 4월 15일(월)~ 4월 17일(수)
나. 대상: 공개발표에 합격하여 최종심사 대상인 자
다. 심사비 납부(납부방법은 추후 대학원 홈페이지 공지)
6. 최종심사 결과보고
가.
기간:
2019년 4월 22일(월)~ 5월 31일(금)
대학원으로 공문발송
2) 제출서류:
학과에서 취합하여 기간 내 대학원으로 오프라인 제출
가) 석사학위과정: 석사학위청구논문 심사 결과보고서[
붙임8
], 심사요지서[
붙임10
]
나) 박사학위과정: 박사학위청구논문 심사 결과보고서[
붙임9
], 심사요지서[
붙임10
], 박 사학위청구논문 심사 일지(2차)[
붙임11
], 박사학위청구논문 심사 일지(3차)[
붙임12
], 박사학위청구 논문 심사결과 투표용지(5매)[
붙임13
]
7. 논문완본 제출:
2019년 6월 26일(수) ∼ 6월 27일(목) (2일간)
[
붙임 14, 15, 16
]
※ 2018년 12월 중 학위논문 파일을 본교 중앙도서관 홈페이지에 업로드 후 저작권 동의서를 출력하여 논문완본과 함께 제출(관련 세부사항 추후 별도 안내)
붙 임 1. 공개발표결과보고서 1부.
2. 연구윤리준수확인서 1부.
3. 공개발표결과 및 심사위원명단 제출양식(EXCEL) 1부.
4. 석사학위청구논문 심사위원명단 1부.
5. 박사학위청구논문 심사위원명단 1부.
6. 연구윤리 확보를 위한 논문검사 서비스 안내 1부.
7. 최종심사결과 제출양식(EXCEL) 1부.
8. 석사학위청구논문 심사 결과보고서 1부.
9. 박사학위청구논문 심사 결과보고서 1부.
10. 심사요지서(석,박사) 1부.
11. 박사학위청구논문 심사 일지(2차) 1부.
12. 박사학위청구논문 심사 일지(3차) 1부.
13. 박사학위청구논문 심사결과 투표용지 1부.
14. 학위논문양식(국문)(인준서 포함) 1부.
15. 학위논문양식(영문)(인준서 포함) 1부.
16. 학위논문 작성을 위한 필수 안내서 1부. 끝."
english_language,2018학년도 2학기 석박사통합과정 지원 및 선발 안내,N/A,2018-05-28,https://englan.ssu.ac.kr/%eb%8c%80%ed%95%99%ec%9b%90/%ea%b3%b5%ec%a7%80%ec%82%ac%ed%95%ad/?term_id&slug=1434,"2018학년도 2학기 석박사통합과정 지원 및 선발 안내
1. 관련: 일반대학원 교학팀 – 1540 (2018.05.14)호
2. 위 호와 관련하여 오탈자(
2018학년도 1학기
→2학기
)가 있어 다시 한번 공문을 송부하오니 오탈자를 정정하여 안내해주시기 바랍니다.
3. 내용 :
2018학년도 2학기
석 박사통합과정 지원 및 선발을 아래와 같이 진행하고자 하니 관심있
는 석사과정생들이 지원할 수 있도록 안내하여 주시기 바랍니다.
1. 지원기간: 2018. 06. 4(월) 10:00 ∼ 06. 20(수) 17:00
2. 지원자격
가. 일반대학원 석사학위과정 2학기 또는 3학기 재학생(복학예정자 포함)
나.
학업전념학생(2015학년도 2학기 입학자부터 적용)
다. 18학점 이상을 취득 또는 취득예정인 학생
라. 석사과정 전공분야와 통합과정 지원 전공분야가 동일한 자
마. 지도교수의 추천을 받은 자
3. 제출서류
가. 공통 : 석 박사통합과정 지원서 1부(붙임1 양식)
나.
2015년 2학기 이후 입학자 : 4대 사회보험 가입내역 확인서 1부
※ 4대 사회보험 정보연계센터(
www.4insure.or.kr
) 공인인증서 로그인 → [증명서발급] → 4대 사회보험 가입내역 확인 청구서 신청 → 4개 처리기관의 처리여부 “출력가능” 확인 후 증명서 출력(지역가입자 중 사업장이 표기되어 있는 경우 직장병행학생으로 간주, 지원 불가)
※
시간강사는 다음의 요건충족 시 예외적 지원 허용
:
주 6시간 이내 근무로 인한 4대 사
회보험 가입은 별도의 증빙서류(경력증명서)제출 시 학업전념학생으로 인정
4. 지원방법: 제출서류를 작성하여 대학원 교학팀으로 제출(웨스트민스터홀 658호)
5. 선발인원: 박사과정 전체 입학정원의 20%(학칙시행세칙(대학원) 제67조)
6. 발 표 일:
2018. 7. 20(금) 17:00 – 학과 및 개별통지
7. 기 타
가. 수업연한: 4년(8학기) – 석사과정 입학 학기부터
나. 석사과정 외국어 및 종합시험, 석사논문 면제
(
석 박사통합과정 선발 전 석사과정에서 합격한 자격시험은 인정되지 않음
)
다. 박사과정 입학금 면제
라. 대학원 홈페이지 內공지사항 게시
※ 학칙시행세칙(대학원)
제67조(선발인원) 통합과정 선발인원은 박사과정 입학정원의 20% 범위 내에서 대학원
운영위원회에서 정한다.
[본조신설 2014.11.29.]
붙   임 석·박사통합과정 지원서 양식 1부.  끝."
english_language,"[기사]순수인문학, 기독교문학과문화 석/박사과정 개설",N/A,2016-10-19,https://englan.ssu.ac.kr/%eb%8c%80%ed%95%99%ec%9b%90/%ea%b3%b5%ec%a7%80%ec%82%ac%ed%95%ad/?term_id&slug=1430,"링크주소 :
http://www.uwnews.co.kr/sub_read.html?uid=46497"
english_language,"[기사]숭실대학교, ‘기독교문학과문화’ 석/박사과정 신설",N/A,2016-10-19,https://englan.ssu.ac.kr/%eb%8c%80%ed%95%99%ec%9b%90/%ea%b3%b5%ec%a7%80%ec%82%ac%ed%95%ad/?term_id&slug=1426,"링크주소 :
http://www.enewstoday.co.kr/news/articleView.html?idxno=616887"
english_language,[입학]2017학년도 전기 대학원 입학전형 일정 안내,N/A,2016-09-28,https://englan.ssu.ac.kr/%eb%8c%80%ed%95%99%ec%9b%90/%ea%b3%b5%ec%a7%80%ec%82%ac%ed%95%ad/?term_id&slug=1424,"2017학년도 전기 대학원 입학전형을 다음과 같이 안내하오니 많은 지원 바랍니다.
1. 전형방법 : 서류심사 및 구술평가시험
2. 전형대상 : 국내, 외 거주 내, 외국인(외국인유학생은 편입학 모집 없음)
3. 입시일정(첨부파일 참조)
4. 접수방법
1) 내국인 : 대학원 입학시스템을 통한 온라인 접수
2) 외국인 : 입학원서(홈페이지 다운, 국/영문)를 작성하여 우편 및 방문 접수
5. 전형료 : 석사과정 70,000원/ 박사과정 80,000원"
english_language,한국예술종합학교 부설 한국예술연구소 전문학술지 [한국예술연구] 제 13호 논문 공고,N/A,2016-04-21,https://englan.ssu.ac.kr/%eb%8c%80%ed%95%99%ec%9b%90/%ea%b3%b5%ec%a7%80%ec%82%ac%ed%95%ad/?term_id&slug=1422,"한국예술종합학교 부설 한국예술연구소
전문학술지
『
한국예술연구
』
제
13
호 논문 공모
*자세한 내용은 첨부 파일을 확인해 주시기 바랍니다."
english_language,2016학년도 후기 대학원 입학전형 일정 안내,N/A,2016-04-04,https://englan.ssu.ac.kr/%eb%8c%80%ed%95%99%ec%9b%90/%ea%b3%b5%ec%a7%80%ec%82%ac%ed%95%ad/?term_id&slug=1420,"2016학년도 후기 대학원 입학전형을 다음과 같이 안내합니다.
1. 전형방법 : 서류심사 및 구술평가시험
2. 전형대상 : 국내,외 거주 내,외국인(외국인유학생은 편입학 모집 없음)
3. 입시일정
– 모집공고 : 2016년 4월 1일(금)~
– 원서접수 : 2016년 4월 14일(목) 10:00~22일(금) 16:00(9일간)
– 전형일시 : 2016년 5월 7일(토) 10:00~
– 합격자 발표 : 2016년 5월 27일(금) 예정
– 합격자 등록 : 2016년 7월 11일(월)~13일(수) (3일간)
4. 기타사항
가. 접수방법
1) 내국인 : 대학원 입학시스템을 통한 온라인 접수
2) 외국인 : 입학원서(홈페이지 다운, 국/영문)를 작성하여 우편 및 방문 접수
나. 전형료
내/외국인 석사과정 : 70,000원
내/외국인 박사과정 : 80,000원"
english_language,2016-1 영어영문학과 교수님 Office Hour,N/A,2016-03-24,https://englan.ssu.ac.kr/%eb%8c%80%ed%95%99%ec%9b%90/%ea%b3%b5%ec%a7%80%ec%82%ac%ed%95%ad/?term_id&slug=1416,
english_language,2016학년도 전기 대학원 수시모집 입학전형 일정 안내,N/A,2015-11-30,https://englan.ssu.ac.kr/%eb%8c%80%ed%95%99%ec%9b%90/%ea%b3%b5%ec%a7%80%ec%82%ac%ed%95%ad/?term_id&slug=1414,"2016학년도 전기 대학원 수시모집 입학전형을 다음과 같이 안내합니다.
1. 전형방법 : 서류심사 및 구술평가시험
2. 전형대상 : 국내․외 거주 내․외국인 (외국인유학생은 편입학 모집 없음)
3. 입시일정 : 첨부 파일 참고
4. 기타사항
가. 접수방법
1) 내국인 : 대학원 입학시스템을 통한 온라인 접수
2) 외국인 : 입학원서(홈페이지 다운, 국/영문)를 작성하여 우편 및 방문 접수
접수료
1) 내/외국인 석사과정 : 70,000원
2) 내/외국인 박사과정 : 80,000원"
english_language,2016학년도 전기 대학원 입학성적우수장학생 선발 안내(인문사회계),N/A,2015-10-21,https://englan.ssu.ac.kr/%eb%8c%80%ed%95%99%ec%9b%90/%ea%b3%b5%ec%a7%80%ec%82%ac%ed%95%ad/?term_id&slug=1412,"2016
학년도 전기 대학원 인문사회계
입학성적우수장학생 선발과 관련하여
아래와 같이 안내하여 드립니다.
1.
자격
가
. 2016
년
2
월 본교 학부 졸업예정자
나
.
수업연한
4
년
(8
학기
)
이내인 졸업예정자
다
.
직전
3
학기 성적
(
F
학점 포함 열람용 성적
)
평균평점
라
.
학석연계과정 중인 학생으로 위의 조건 충족자
2.
수혜기간
: 2
년
(4
학기
)
3.
지원금액
:
수업료 전액
지급
가
.
학과 내 두 가지 이상 과정의 운영으로 수업료가 상이한 경우
,
가장 적은 금액 기준으로 지급
(
예
:
나
.
입학성적우수장학생이
학사조교
B
를 겸하는 경우에는 해당
입학성적우수장학금의 반액
으로
지급
4.
선발
:
지원자격을 만족하는 자 중에서 다음 기준에 따라 배정인원 범위내 선발
가
. 8
학기 재학생 중 직전
3
학기 성적
(
열람용
, F
학점 포함
이내인 자
예
) 8
학기 졸업예정자의 경우
,
직전
3
학기
(5,6,7
학기
)
수강과목의 평균평점
(
열람용
, F
포함
)
기재
나
.
선발시 선발학과 내 동일학과 졸업예정자를 우선으로 선발하며
,
타학과 졸업
예정자는 후순위로 선발
다. 제출서류 : 지원서 및 성적증명서(열람용, F포함)
라.
제출기한
: 2015
년
11
월 4
일
(
목
)
까지 학과사무실에 제출
5.
입학성적우수장학생 의무 준수사항
1.
입학성적우수장학생은 입학 후 매학기 성적이
A-(4.00)
를 유지하여야만 장학금 수혜를 받을 수 있다
.
2.
입학성적우수장학생은 입학 후 휴학을 할 수가 없으며
,
휴학을 할 경우 자격이 상실된다
.
단
,
질병
(
진단서 제출
),
군입대
(
입영통지서 제출
),
기타 사고 등은 예외로 한다
.
3.
입학성적우수장학생에게는 입학 후 학과주임교수가 필요시 교육 및 연구 지원업무를 담당하게
할 수 있으며
,
불응할 경우 자격을 상실한다
.
6.
일정
: 2016
학년도 전기 대학원 신
·
편입생모집 원서접수기간이 만료되면 학과별 지원자 중
2016
)
임
.
끝
."
english_language,대학원 외국어 (영어) 시험 교재 변경 안내,N/A,2015-10-02,https://englan.ssu.ac.kr/%eb%8c%80%ed%95%99%ec%9b%90/%ea%b3%b5%ec%a7%80%ec%82%ac%ed%95%ad/?term_id&slug=1411,"대학원 외국어 (영어) 시험 교재를 아래와 같이 변경됨을 알려드립니다.
1.
교재명
:
Bernard Seal. ""Academic Encounters"" (Human Behavior 4). Cambridge. 2013(2nd Edition)
2.
적용시기
: 2016
학년도
1
학기 외국어시험부터
."
english_language,2016학년도 전기 대학원 입학전형 일정 안내(모집요강 첨부),N/A,2015-10-01,https://englan.ssu.ac.kr/%eb%8c%80%ed%95%99%ec%9b%90/%ea%b3%b5%ec%a7%80%ec%82%ac%ed%95%ad/?term_id&slug=1409,"2016학년도 전기 대학원 입학전형을 다음과 같이 안내합니다.
1. 전형방법 : 서류심사 및 구술평가시험
2. 전형대상 : 국내․외 거주 내․외국인 (외국인유학생은 편입학 모집 없음)
3. 입시일정
모 집 공 고 2015년 10월 1일(수)~ 홈페이지 및 교내․외 신문
원 서 접 수 2015년 10월 15일(목)∼23일(금) (9일간) 온·오프라인 접수 동시 진행
전 형 일 시 2015년 11월 7일(토) 10:00∼
합격자 발표 2015년 11월 25일(수) (예정) 대학원 홈페이지
합격자 등록 2016년 1월 12일(화)∼14일(목) (3일간) 우리은행 전국지점
4. 기타사항
가. 접수방법
1) 내국인 : 대학원 입학시스템을 통한 온라인 접수
2) 외국인 : 입학원서(홈페이지 다운, 국․영문)를 작성하여 우편 및 방문 접수
나. 전형료
1) 내․외국인 석사과정 : 70,000원
2) 내․외국인 박사과정 : 80,000원"
english_language,연세대 교육대학원 조기영어학과 입학설명회,N/A,2015-07-16,https://englan.ssu.ac.kr/%eb%8c%80%ed%95%99%ec%9b%90/%ea%b3%b5%ec%a7%80%ec%82%ac%ed%95%ad/?term_id&slug=1405,"<입학설명회 참가신청 바로가기>
http://goo.gl/forms/aXdGk07326"
english_language,2015학년도 2학기 대학원 외국어 및 종합시험 실시,N/A,2015-06-04,https://englan.ssu.ac.kr/%eb%8c%80%ed%95%99%ec%9b%90/%ea%b3%b5%ec%a7%80%ec%82%ac%ed%95%ad/?term_id&slug=1404,"대학원 학칙시행세칙 제
3
장
(
자격시험
)
에 의거하여
, 2015
학년도
2
학기 외국어 및
종합시험을 다음과 같이 실시하고자 합니다
.
1.
신청기간
:
2015
년
8
월
10
일
(
월
) 10:00
∼
12
일
(
수
) 16:00
까지
※
개인
졸업
→
외국어 및 종합시험 신청
2.
시험대상
가
.
외국어시험
:
석사 및 박사
2
학기 이상
,
석
⋅
박통합
6
학기 이상 등록을 필한자
나
.
종합시험
1)
석사
(18
학점 취득
, 3
학기 이상 등록
)
재학생 및 수료생
2)
박사
(27
학점 취득
, 3
학기 이상 등록
)
재학생 및 수료생
3)
석
⋅
박통합
(45
학점 취득
, 6
학기이상 등록
)
재학생 및 수료생
3.
시험일자
가
.
외국어시험
:
2015
년
9
월
11
.
종합시험
:
2015
년
9
월
12
일
(
토
) 09:30
∼
4.
실시방법
가
.
외국어시험
:
대학원 주관 시행
1)
교 재 명
: Reading Explorer 4
2)
시험범위
:
교재 전체
나
.
종합시험
:
각 학과 주관 시행
5.
외국어시험 대체성적 신청
: 2015
년
8
월
10
일
(
월
)
∼
26
일
(
수
)
6.
응시료납부
8
월
17
일
(
월
) 09:00
∼
19
일
(
수
) 16:00
까지
2)
과목당 응시료
:
석사과정
20,000
원
,
박사
(
석
⋅
박통합
)
과정
30,000
원
3)
납부방법
:
개인별 가상계좌 입금
7.
외국어시험 채점
:
2015
년
9
월
14
일
(
월
)
～
15
일
8.
종합시험 각 학과 실시 결과보고서 제출
:
2015
년
9
월
17
일
(
목
)
까지
9.
합격자 발표
:
2015
년
9
월
25
일
(
금
)
예정"
english_language,2015학년도 후기수시 대학원 입학성적우수장학생 선발 관련 안내,N/A,2015-06-04,https://englan.ssu.ac.kr/%eb%8c%80%ed%95%99%ec%9b%90/%ea%b3%b5%ec%a7%80%ec%82%ac%ed%95%ad/?term_id&slug=1403,"2015
학년도 후기수시 모집 대학원
입학성적우수장학생 선발과 관련하여
아래와 같이 안내합니다.
1.
자격
가
. 2015
년
8
월 본교 학부 졸업예정자
나
.
수업연한
4
년
(8
학기
)
이내인 졸업예정자
(
건축학부 건축학전공
: 5
년
(10
학기 이내
))
다
.
직전
학점 포함
)
평균평점
3.75
이상인 자
2.
수혜기간
: 2
년
(4
학기
)
3.
지원금액
:
다음 사항을 제외하고는 수업료 전액 지급
가
.
학과 내 두 가지 이상 과정의 운영으로 수업료가 상이한 경우
,
가장 적은 금액
으로 지급
(
예
:
복수학위과정
)
나
.
입학성적우수장학생이 학사조교
4.
선발
:
지원자격을 만족하는 자 중에서 다음 기준에 따라 배정인원 범위내 선발
가
. 8
학기
(
건축학부 건축학전공
10
학기
)
재학생 중 직전
3
학기 성적
(
열람용
, F
학점
포함
)
평균평점 기준 상위
30%
이내인 자
예
) 8
학기 졸업예정자의 경우
,
직전
3
학기
(5,6,7
학기
)
수강과목의 평균평점
열람용
, F
포함
)
기재
나
.
선발시 선발학과 내 동일학과 졸업예정자를 우선으로 선발하며
,
타학과 졸업
예정자는 후순위로 선발
5.
입학성적우수장학생 의무 준수사항
1.
입학성적우수장학생은 입학 후 매학기 성적이
A-(4.00)
를 유지하여야만 장학금 수혜를 받을 수 있다
.
2.
입학성적우수장학생은 입학 후 휴학을 할 수가 없으며
,
휴학을 할 경우 자격이 상실된다
.
단
,
질병
(
진단서 제출
.
3.
입학성적우수장학생에게는 입학 후 학과주임교수가 필요시 교육 및 연구 지원업무를 담당하게
할 수 있으며
,
불응할 경우 자격을 상실한다
."
english_language,2015학년도 후기 대학원 수시(추가)모집 입학전형 일정 안내,N/A,2015-06-04,https://englan.ssu.ac.kr/%eb%8c%80%ed%95%99%ec%9b%90/%ea%b3%b5%ec%a7%80%ec%82%ac%ed%95%ad/?term_id&slug=1402,"2015
년도 후기 대학원 수시
(
추가
)
모집 입학전형을 다음과 같이 안내합니다.
1.
전형방법
:
서류심사 및 구술평가시험
2.
전형대상
:
국내
․
외 거주 내
․
외국인
(
외국인유학생은 편입학 모집 없음
)
3.
입시일정
구 분
입 시 일 정
비 고
모 집 공 고
2015
년
6
월
1
일
(
월
)
–
원 서 접 수
2015
년
6
월
15
일
(
월
)
∼
19
일
(
금
)
온
·
오프라인 접수 동시 진행
면접장소 및
평가자 입력
2015
년
7
월
2
일
(
목
) 24:00
까지
U-Saint
입학관리
–
학과 주임교수 입력
2015
년
7
월
6
일
(
월
) (
예정
)
대학원교학팀 배부
전 형 일 시
2015
년
7
월
8
일
(
수
)
각 학과 지정장소
합격자 발표
2015
년
7
월
22
일
(
수
)
예정
대학원 홈페이지
합격자 등록
2015
년
7
월
27
일
(
월
)
∼
28
일
(
화
)
까지
우리은행 전국지점
4.
기타사항
가
.
접수방법
1)
내국인
:
대학원 입학시스템을 통한 온라인 접수
2)
외국인
:
입학원서
(
홈페이지 다운
,
국
․
영문
)
를 작성하여 우편 및 방문 접수
나
.
전형료
비고
과정
2015
학년도 전형료
내
․
외국인 석사과정
70,000
원
내
․
외국인 박사과정
80,000
원"
english_language,2015학년도 2학기 석·박사통합과정 지원 및 선발 안내,N/A,2015-05-12,https://englan.ssu.ac.kr/%eb%8c%80%ed%95%99%ec%9b%90/%ea%b3%b5%ec%a7%80%ec%82%ac%ed%95%ad/?term_id&slug=1400,"2015
학년도
2
학기 학
·
석사연계과정 지원 및 선발 안내
1. ‘
학
·
석사연계과정
’
이란
?
:
학사과정의 교육과정과 대학원 교육과정을 상호 연계하여 운영하는 과정으로 학사과정
3.5
년
(
건축학부 건축학전공은
4.5
년
),
석사과정
1.5
년에 학사학위 및 석사학위를 취득하는 과정
2.
모집학과
:
학사과정과 석사과정에 동일
(
또는 유사
)
학과가 있는 학과
(
계약학과 제외
)
3.
모집인원
:
석사과정 입학정원의
20%
내에서 모집
4.
지원자격
:
다음 각 호 모두에 해당되는 자
가
.
지원일 당시 학사과정
4
학기 또는
5
학기
(
건축학부 건축학전공은
6
학기 또는
7
학기
)
를 이수 한 자
=> 5
학기 또는
6
학기 개시 전
(
건축학부 건축학전공은
7
학기 또는
8
학기 개시 전
)
인 학생만 지원 가능
나
.
재수강 이전 과목
,
학점 포기한 과목
, F
학점 과목 등을 포함한 전체 과목의 총평점평균이
3.3/4.5
이상인 자
다
. 7
학기
(
건축학부 건축학전공은
9
학기
)
에 학사과정의 졸업요건을 충족할 수 있는 자
라
.
지원하고자 하는 일반대학원 학과 주임교수와 지도교수의 추천을 받은 자
마
.
지원하고자 하는 일반대학원의 동일
(
또는 유사
)
학과를 주전공 또는 복수전공하는 자
(
부전공
,
연계전공은 해당없음
)
5.
지원기간
:
2015
년
6
월
17
일
30
일
(
화
) 10:00 ~ 17:00
6.
지원방법
:
제출서류를 구비하여 대학원 교학팀
(
웨스트민스터홀
658
호
)
으로 방문 접수
7.
제출서류
:
학
·
석사연계과정신청서
(
학업계획서
,
추천서 포함
)(
양식 다운로드
) 1
부
8.
합격자 발표
:
2015
년
7
월
24
일
(
금
)
예정
9.
합격자 혜택
가
.
학위취득기간 단축
나
.
석사과정 입학금
,
입학시험 면제
다
.
학사과정 중 일반대학원 과목 수강신청 시 학기당
3
학점 추가로 수강신청 가능
라
.
학사과정 중 취득한
(
학사과정 졸업학점 초과 이수
)
동일
(
또는 유사
)
학과의 일반대학원 과목
3
학점
~9
학점까지 석사과정 학점으로 인정됨
(
신청시
)
10.
자격상실
가
.
일반대학원 입학 전에 학
·
석사연계과정을 중도 포기한 경우
(
포기신청서 제출
)
나
.
학사과정
7
학기 이수 후 재수강 이전 과목
,
학점포기한 과목
, F
학점 과목 등을 포함한 전체 과목의 총평점평균이
3.3/4.5
미만인 경우
다
.
학사과정을
7
학기에 모두 이수하지 못한 경우
라
.
학사과정 중 졸업학점을 초과하여 일반대학원 과목을
3
학점 이상 취득하지 못한 경우
마
.
석사과정 첫 학기에 일반대학원 입학 등록을 하지 않은 경우
바
.
석사과정을
3
학기에 모두 이수하지 못한 경우
사
.
석사과정
3
학기 이수 후 총평점평균이
4.0/4.5
미만인 경우
11.
유의사항
(4
학기
)
등록
다
.
석사과정 첫 학기 휴학 및 자퇴 불가
라
.
석사과정 전과 불가
마
.
석사과정 첫 학기에 일반대학원 입학 등록을 하지 않은 경우 학사학위가 취소됨
12.
문의처
:
대학원 교학팀
(02-820-0258~9,
grad@ssu.ac.kr
)
2015. 5
대학원장"
english_language,2015학년도 후기 대학원 입학성적우수장학생 선발 관련 안내,N/A,2015-04-10,https://englan.ssu.ac.kr/%eb%8c%80%ed%95%99%ec%9b%90/%ea%b3%b5%ec%a7%80%ec%82%ac%ed%95%ad/?term_id&slug=1399,"2015한녀도 후기 대학원 입학성적우수장학생 선발과  관련하여 아래와 같이 안내하여 드리니
참고하여 주시기 바랍니다.
1. 자격
가. 2015년 8월 본교 학부 졸업예정자
나. 수업연한 4년(8학기) 이내인 졸업예정자(건축학부 건축학전공 : 5년(10학기 이내))
다. 직전 3학기 성적(열람용, F학점 포함) 평균평점 3.75 이상인 자
2. 수혜기간 : 2년(4학기)
3. 지원금액 : 다음 사항을 제외하고는 수업료 전액 지급
가. 학과 내 두 가지 이상 과정의 운영으로 수업료가 상이한 경우, 가장 적은 금액
으로 지급 (예 : 복수학위과정)
나. 입학성적우수장학생이 교육조교를 겸하는 경우에는 해당 입학성적우수장학금의 반액으로 지급
4.
선발
:
지원자격을
만족하는
자
중에서
다음
기준에
따라
배정인원
범위내
선발
가. 8학기(건축학부 건축학전공 10학기) 재학생 중 직전 3학기 성적(열람용, F학점
포함)
평균평점
기준
상위
30%
이내인
자
예) 8학기 졸업예정자의 경우, 직전 3학기(5,6,7학기) 수강과목의 평균평점
(열람용, F포함) 기재
나. 선발시 선발학과 내 동일학과 졸업예정자를 우선으로 선발하며, 타학과 졸업
예정자는 후순위로 선발
5. 입학성적우수장학생 의무 준수사항
1.
입학성적우수장학생은
입학
후
매학기
성적이
A-(4.00)
를
유지하여야만
장학금
수혜를
받을
수
있다
.
2.
입학성적우수장학생은
입학
후
휴학을
할
수가
없으며
,
휴학을
할
경우
자격이
상실된다
.
단
,
질병
(
진단서
제출
),
군입대
(
입영통지서
제출
),
기타
사고
등은
예외로
한다
.
3.
입학성적우수장학생에게는
입학
후
학과주임교수가
필요시
교육
및
연구
지원업무를
담당하게
할
수
있으며
,
불응할
경우
자격을
상실한다
."
english_language,2015학년도 1학기 수료생 연구등록(논문등록) 안내,N/A,2015-02-10,https://englan.ssu.ac.kr/%eb%8c%80%ed%95%99%ec%9b%90/%ea%b3%b5%ec%a7%80%ec%82%ac%ed%95%ad/?term_id&slug=1398,"2015
학년도
1
학기 수료생 연구등록
(
논문등록
)
을 다음과 같이 안내합니다
.
1.
등록대상
:
수료생 중 연구등록 자격을 갖춘 자로서
2015
학년도
1
학기 논문제출 예정자
(
재학생은 해당없음
.
단
,
해당학기 논문제출 예정인 학점등록생
–
석
/
박사
5
학기이상
,
석
·
박사통합과정
9
학기 이상 재학생
–
은 등록대상임
)
가
.
연구등록 자격
1)
수료생
(
영구수료 해제자 포함
)
2)
외국어 및 종합시험 합격자
(2015-1
학기 응시자도 가능하나 불합격 시 논문제출 불가
,
연구등록비 환불 불가
)
3)
입학 후 석사
6
년
,
박사 및 석
·
박사통합
10
년 이내인 자
(
휴학기간 제외
)
4)
지도교수 배정
2.
등록기간
:
2015
년
3
월
16
일
(
월
)
∼
3
월
18
일
(
수
) 09:00
∼
16:00(
은행영업시간 내
)
3.
등록금액
:
석사
– 80,000
원
/
박사
,
석
4.
등록방법
:
등록기간 내
u-Saint
에 로그인하여
‘
등록
/
장학
_
기타수납금출력
’
메뉴에서 계좌확인 후 입금
(3
월
16
일부터 확인 가능
)
※
고지서가 보이지 않을 경우
, u-SAINT
에 접속하여 로그인하기 전 오른쪽 상단에
‘u-SAINT FAQ Internet explorer10
최적화안내
’
를 확인하여 인터넷 환경을 점검한 후 고지서를 다시 확인하기 바랍니다
.
5.
기타
가
.
논문등록비 납부 확인은
u-SAINT
로그인하여
‘
등록
/
장학
_
등록금납입이력조회
’
메뉴에서 납부 다음날부터 확인 가능
나
.
연구등록증명서는 수료생 연구등록비를 납부한 학생에 한하여 납부 다음날부터 발급 가능
(
교내 형남공학관
2
층 발급기 또는 인터넷 증명발급 이용
)
다
. u-SAINT
로그인 문제는 학생서비스팀
(02-820-7473)
으로 문의
.
끝
."
english_language,2015학년도 1학기 외국어 및 종합시험 신청 및 응시료납부 안내,N/A,2015-01-30,https://englan.ssu.ac.kr/%eb%8c%80%ed%95%99%ec%9b%90/%ea%b3%b5%ec%a7%80%ec%82%ac%ed%95%ad/?term_id&slug=1397,"2015학년도 1학기 외국어 및 종합시험 신청 및 응시료납부를 다음과 같이 안내합니다.
1. 신청기간 : 2015년 2월 9일(월) 10:00 ∼ 11일(수) 16:00까지
※ 개인 u-SAINT 로그인→성적/졸업→외국어 및 종합시험 신청
2. 시험대상
가. 외국어시험 : 석사 및 박사 2학기 이상, 석⋅박통합 6학기 이상 등록을 필한자
나. 종합시험
1) 석사(18학점 취득, 3학기 이상 등록) 재학생 및 수료생
2) 박사(27학점 취득, 3학기 이상 등록) 재학생 및 수료생
3) 석⋅박통합(45학점 취득, 6학기이상 등록) 재학생 및 수료생
3. 시험일자
가. 외국어시험 : 2015년 3월 6일(금) 09:30∼
나. 종합시험 : 2015년 3월 7일(토) 09:30∼
4. 실시방법
가. 외국어시험 : 대학원 주관 시행
1) 교 재 명 : Reading Explorer 4
2) 시험범위 : 교재 전체
나. 종합시험 : 각 학과 주관 시행
5. 외국어시험 대체성적 신청
1) 신청기간 : 2015년 2월 9일(월)∼25일(수)
2) 신청방법 : 어학점수성적표 원본을 지참하여 대학원에서 원본확인을 받은 후 사본 제출
※ 면제점수기준 : 대학원홈페이지 학사안내 → 시험
6. 응시료납부
1) 납부기간 : 2015년 2월 16일(월) 09:00 ∼ 17일(화) 16:00까지
2) 과목당 응시료 : 석사과정 20,000원, 박사(석⋅박통합)과정 30,000원
3) 납부방법 : 개인별 가상계좌 입금(추후 고지서 출력 및 납부 안내)
4) 시험만 신청하고 응시료 미입금시 시험신청 자동취소
5) 응시료의 과오납이 있을 경우 2월 17(화)까지 환불신청해야 함.
7. 합격자 발표 : 2015년 3월 20일(금) 예정
8. 주의사항
가. 신청기간 내 미신청하였거나, 완료(마감)하지 않을시 시험신청 자동취소
나. 응시원서는 대학원에서 일괄출력(개인제출 없음)
다. 학사정보시스템(u-SAINT포털)에 사진 미등록시 : 대학원메일(grad@ssu.ac.kr)로
본인사진파일(반명함판 4×5사이즈, FILE명은 반드시 본인학번)을 송부. 끝."
english_language,2015학년도 1학기 석·박사통합과정 지원 및 선발 안내,N/A,2014-12-15,https://englan.ssu.ac.kr/%eb%8c%80%ed%95%99%ec%9b%90/%ea%b3%b5%ec%a7%80%ec%82%ac%ed%95%ad/?term_id&slug=1395,"2015
학년도
1
학기 석
‧
박사통합과정 지원 및 선발을 아래와 같이 진행하고자 하니 관심 있는 석사과정생들이 지원부탁드립니다.
1.
지원기간
:
2014. 12. 8(
월
) 10:00
∼
12. 29(
월
) 17:00
2.
지원자격
가
.
일반대학원
석사학위과정
2
학기 또는
3
학기 재학생
(
복학예정자 포함
)
나
.
학업전념학생
(
일을 병행하지 않고 대학원에
full-time
으로 재학 중인 자
)
다
.
18
학점 이상을 취득 또는 취득예정
인 학생
라
.
석사과정 전공분야와 통합과정 지원 전공분야가 동일한 자
3.
제출서류
가
.
석
‧
박사통합과정 지원서
1
부
(
붙임 양식
)
나
.
(4
대사회보험정보연계센터에서 발급 가능
, http://www.4insure.or.kr)
4.
지원방법
:
대학원 교학팀으로 서류 제출
(
웨스트민스터홀
658
호
)
5.
선발인원
:
박사과정 전체 입학정원의
20%
6.
발 표 일
:
2015. 1. 23(
금
) 17:00 –
학과 및 개별통지
7.
기 타
가
.
수업연한
: 4
년
(8
학기
) –
석사과정 입학 학기부터
나
.
석사과정 외국어 및 종합시험
,
석사논문 면제
(
석
‧
박사통합과정 선발 전 석사과정에서 합격한 자격시험은 인정되지 않음
)
다
.
박사과정 입학금 면제
라
.
대학원 홈페이지
內
공지사항 게시 예정
(2014. 12. 3
∼
2015. 1. 23)
※
학칙시행세칙
(
대학원
)
제
67
조
(
선발인원
)
통합과정 선발인원은 박사과정 입학정원의
20%
범위 내에서 대학원 운영위원회에서 정한다
.
[
본조신설
2014.11.29.]
제
68
조
(
지원요건
)
통합과정에 지원하고자 하는 자는 다음 각 호의 요건을 모두 갖추어 야 한다
.
1.
일반대학원 석사학위과정
2
학기 또는
3
학기 재학생
(
복학예정자 포함
)
2.
학업전념학생
3. 18
학점 이상을 취득 또는 취득 예정인 학생
4.
석사과정 전공분야와 통합과정 전공분야가 동일
5.
지도교수의 추천
[
본조신설
2014.11.29.]
이전글
2014학년도 2학기 강의만족도조사 실시 안내
다음글
2015학년도 1학기 외국어 및 종합시험 신청 및 응시료납부 안내"
english_language,2014학년도 2학기 강의만족도조사 실시 안내,N/A,2014-11-18,https://englan.ssu.ac.kr/%eb%8c%80%ed%95%99%ec%9b%90/%ea%b3%b5%ec%a7%80%ec%82%ac%ed%95%ad/?term_id&slug=1394,"2014
학년도 제
2
학기 강의만족도조사
(
강의평가
)
를 다음과 같이 실시합니다
.
학생 여러분께서는 현재 수강중인 수업에 여러분의 의견이 반영되어 더욱 알찬 수업이 될 수 있도록 평가에 반드시 참여하여 주시기 바랍니다
.
여러분의 소중한 의견을 기다립니다
.
1.
조사기간
: 2014
년
12
월
8
일
(
월
) 09:00 ~ 12
월
21
일
(
일
) 24:00 / 14
일간
(
대학원생은
2
차 강의만족도 조사에 참여하면 됩니다
.)
2.
대상과목 및 대상자
: 2014
년
2
학기 대학원생을 대상으로 개설된 모든 정규강좌에 대하여 수강한 학생
(
타교 학점교류생 제외
)
3.
강의만족도조사 참여 방법
(
학생
) : U-SAINT
로그인
→
학사관리
→
수강신청
/
수업
→
강의만족도조사
4.
기타
가
다
.
주관식 평가문항 응답시 강의평가와 상관없는 비방이나 욕설
,
인격모독성 평가는 삼가주시기 바랍니다
.
라
.
강의만족도조사결과는 학번
,
이름
,
평가순서 등과 관계없이 무작위로 배열되어 출력
되기 때문에 교수자 및 관리자에게 어떠한 경우도 응답자의 신분이 노출되지 않습니다
.
또한 교수자는 성적입력 및 수정기간 종료 후 강의만족도조사 결과를 조회할 수 있어 결과에 따른 불이익을 줄 수 없습니다
.
마
.
선수과목 등 학부과목을 수강하는 대학원생은 학부의 강의만족도조사 평가지로 평가하며
,
평가내용은 학부의 데이터로 저장됩니다
.
2014. 11.
대 학 원 장"
english_language,2015학년도 연변대학교 복수학위과정 지원 및 선발 안내,N/A,2014-11-13,https://englan.ssu.ac.kr/%eb%8c%80%ed%95%99%ec%9b%90/%ea%b3%b5%ec%a7%80%ec%82%ac%ed%95%ad/?term_id&slug=1390,"중국 연변대학교 석사 복수학위과정 지원 안내
(2015
학년도
)
우리 대학원과 중국 연변대학교간 복수학위 과정을
2006
학년도
2
학기부터 운영하고 있습니다
.
중국연변대학교는
1949
년
3
월에 건립된 길림성의 조선족 중점대학교로
,
현재 중국의
2,000
여개
4
년제 대학 중
100
위권 안에 있는 대학교입니다
.
연변대학교 대학원은
5
개 분교의 통합을 통해
‘21
세기 중국
100
개 중점대학교
’(211
프로젝트
)
에 선정되었습니다
.
연변대학교는 우수한 교직원
,
완벽한 교육시스템으로 수준 높은 대학원생을 육성하고 있습니다
.
중국연변대학교에서의 복수학위과정이수를 통하여 국제적인 감각과 지식을 습득하고 전문성을 갖춘 인재로 성장할 수 있는 기회로 활용 할 수 있을 것입니다
.
관심 있는 분들의 많은 지원바랍니다
.
▪
복수학위제도
:
을 갖추어 양교의 동일 석사학위를 취득하는 제도
▪
목적
:
양교의 교육협력과 교류를 확대하고 학과 간 실질적인 협력을 촉진하며
,
대학원생의
실질적인 상호보완과 고도의 국제적인 시야를 겸비한 전문적 인재양성을 목표로 함
1.
지원기간
:
2014
년
12
월
10
일
(
수
) 09:00 ~ 12
월
26
일
(
금
2.
지원자격
가
.
본교 대학원에서
2
학기를 이수 또는 이수 예정인 한국 국적자로
나
.
연변대학교 복수학위 운영 대상학과
(
첨부파일
)
에 재학 중인 자
※
지원 후 추가 협의 필요
3.
지원방법
:
제출서류를 작성하여 대학원 교학팀으로 제출
(
웨스트민스터홀
658
호
)
4.
제출서류
가
.
숭실대학교
·
중국연변대학교 간 석사과정 복수학위 신청서
(
국문
) 1
부
나
.
연변대학 입학원서
(
사진
: 4 * 3 = 10
매
)(
중문
or
영문
) 1
부
다
. 2
인 교수 친필 싸인 추천서
부
라
.
재학증명서 원본
(
영문
)
2
부
마
.
성적증명서 원본
(
영문
)
2
부
바
.
학부졸업증명서 원본
(
영문
)
2
부
사
.
학부성적증명서 원본
(
영문
) 2
부
아
.
주민등록증
(
앞뒤
)
사본
2
부
자
.
여권사본
2
부
5.
결과안내
: 2015
년
1
월 중순 개별안내
(
가
.
연변대학교 수학기간
: 2015
학년도
(2015
년
3
월
1
일
~ 2016
년
2
월
28
일
)
나
.
학점이수
:
본교에서
1/2(12
학점
),
연변대학교에서
1/2(12
학점
)
을 취득
(
학기당 최대
9
학점을 수강할 수 있음
)
다
.
논문제출
:
학점이수 후 학위논문 완성은 소속 학교에서 하는 것을 원칙으로 함
라
.
논문제출자격
: HSK 6
급
(
중국한어수평고시
)
이상의 어학능력 자격증 취득 후 학위논문 제출
단
,
일정한 수준 이상의 어학강좌 학점 취득으로 대체할 수 있음
:
자격시험에 통과하여 학위논문을 완성하면 학위수여
(
연변대학교 학위는 연변대학교 입학 후
3
년이 지나야 받을 수 있음
)
7.
기타
가
.
기숙사 비용
(
연변대학교 기숙사 배정
),
여비
,
생활비는 자기부담
나
.
등록금은 우리대학에서 학비감면 처리함
※
문의처
:
대학원 교학팀
☏
02-820-0258~9, e-mail :
grad@ssu.ac.kr
2014
년
11
월
대학원장"
english_language,2015학년도 전기 대학원 입학성적우수장학생 선발 관련 안내,N/A,2014-10-02,https://englan.ssu.ac.kr/%eb%8c%80%ed%95%99%ec%9b%90/%ea%b3%b5%ec%a7%80%ec%82%ac%ed%95%ad/?term_id&slug=1389,"1.
자격
가
. 2015
년
2
월 본교 학부 졸업예정자
나
.
수업연한
4
년
(8
학기
)
이내인 졸업예정자
(
건축학부 건축학전공
: 5
년
(10
학기 이내
))
다
.
직전
3
학기 성적
(
열람용
, F
학점 포함
2.
수혜기간
: 2
년
(4
학기
)
3.
지원금액
:
다음 사항을 제외하고는 수업료 전액 지급
가
.
학과 내 두 가지 이상 과정의 운영으로 수업료가 상이한 경우
,
가장 적은 금액
으로 지급
(
예
:
복수학위과정
)
나
.
입학성적우수장학생이 교육조교를 겸하는 경우에는 해당 입학성적우수장학금의 반액으로 지급
4.
선발
:
지원자격을 만족하는 자 중에서 다음 기준에 따라 배정인원 범위내 선발
가
. 8
학기
(
건축학부 건축학전공
10
학기
)
재학생 중 직전
3
학기 성적
(
열람용
, F
학점
포함
)
평균평점 기준 상위
30%
이내인 자
예
) 8
학기 졸업예정자의 경우
,
직전
3
학기
(5,6,7
학기
)
수강과목의 평균평점
(
열람용
, F
포함
)
기재
.
선발시 선발학과 내 동일학과 졸업예정자를 우선으로 선발하며
,
타학과 졸업
예정자는 후순위로 선발
5.
입학성적우수장학생 의무 준수사항
1.
입학성적우수장학생은 입학 후 매학기 성적이
A-(4.00)
를 유지하여야만 장학금 수혜를 받을 수 있다
.
2.
입학성적우수장학생은 입학 후 휴학을 할 수가 없으며
,
휴학을 할 경우 자격이 상실된다
.
단
,
질병
(
진단서 제출
),
군입대
(
입영통지서 제출
),
기타 사고 등은 예외로 한다
.
3.
입학성적우수장학생에게는 입학 후 학과주임교수가 필요시 교육 및 연구 지원업무를 담당하게
할 수 있으며
,
불응할 경우 자격을 상실한다
.
6.
일정
:
2
014.10.24.(
금
), 2015
학년도 전기 대학원 신
·
편입생모집 원서접수기간이 만료되면 학과별 지원자 중
2015
년
2
월 본교 학부 졸업예정자 현황를 학과로 송부하여 학과에 입학성적우수 장학생 추천을 요청할 예정임
.
끝
."
english_language,2014년 국가연구장학금(인문사회계) 추가 선발 지원 안내,N/A,2014-09-25,https://englan.ssu.ac.kr/%eb%8c%80%ed%95%99%ec%9b%90/%ea%b3%b5%ec%a7%80%ec%82%ac%ed%95%ad/?term_id&slug=1384,"1.
지원서 제출기일 및 장소
:
2014.9.29.(
월
) 17:00
,
웨스트민스터홀
658
호 대학원 교학팀
※
지원기일엄수
,
지원자는 본 공문 및 붙임자료를 정독하여 지원자격에 부합하지 않는 경우 지원하지 않도록 유의
2.
제출서류
(
붙임참조
):
신청서
,
지도교수추천서
,
학업계획서
,
성적증명서
, 4
대보험가입확인서
3.
본교 선발 대상자 발표
:
2014.10.2.(
목
)
예정
,
대학원 홈페이지 공지사항
4.
관련안내
가
.
사업목적
◦
인문사회분야 우수인재 육성을 통하여 국가 미래사회의 경쟁력을 확보하고 국가적 핵심리더로 양성
◦
인문사회분야 우수한 석
‧
박사 과정생의 개인연구를 지원하여 동 분야 연구 인력 양성 및 기초 연구력 증진을 도모
나
.
지원내용
: 2014
학년도
2
학기 등록금 범위내 최대
400
만원 지원
(1
회
)
–
대한민국 국적자
–
고등교육법 제
29
조 및 제
30
조에 의해 설립된 일반대학교 일반대학원 및 한국학중앙연구원 육성법 제
6
조에 의한 한국학대학원의
인문사회분야 전일제 미취업 대학원생
※
전일제 확인
•
part-time
제 학생 및 휴학생
,
수료생 지원불가
*
정규학기에 한하여 지원함
(
추가학기 지원불가
)
※
미취업 여부 확인
•
4
대 사회보험 가입자 가입내역 확인서를 통하여 최종확인
: 4
대 사회보험 가입자는 지원 불가
(
R
․
A
및
T
․
< 4
대 사회보험 가입내역 확인서 발급방법
>
–
발급처
: 4
대 사회보험 정보연계센터
www.4insure.or.kr
–
공인인증서 로그인
→
[
증명서발급
]
→
4
대 사회보험 가입내역 확인
청구서
신청
→
4
개 처리기관의 처리여부
“
출력가능
”
확인 후 증명서
출력
(
주의
)
지역가입자 중 사업장이 표기되어 있는 경우 취업자로 간주 지원 불가
◦
지원대상
–
석사 및 박사과정
: 2~4
학기 재학 중인 자
–
석박통합과정
: 2~8
학기 재학 중인 자
:
직전학기 성적
(F
학점 포함 열람용 성적
)
백분위
92
점 이상 또는
4.0
이상
/4.5
만점 기준
(3.7
이상
/4.3
만점 기준
)
◦
등록금 범위를 벗어나는
타장학금 수혜자는 추천 불가
라
.
선발인원
: 2
명
마
.
심사기준
◦
심사항목 및 배점
평가항목
배점
측정지표
평가내용
의지
(20)
지원동기
지도교수추천서
․
예비학자로서의 자질과 성장 가능성
․
학문에 대한 열정
연구
계획의
우수성
(40)
연구주제
(20)
․
연구주제의 창의성 및 독창성
․
․
연구내용의 필요성
연구방법
(20)
․
연구방법의 창의성 및 독창성
․
연구방법의 타당성
․
실행계획의 구체성
직전학기성적
(40)
전학기성적
․
직전학기 백분위 성적을
40
점만점으로 환산
붙 임
1.
신청서
,
지도교수 추천서
,
학업계획서 양식 각
<>
2. 2014
년도 국가연구장학금
(
인문사회계
)
추가 선발
(
한학기지원
)
및 추천 방법 안내
1
부
.
끝
."
english_language,대학원 OED교육 안내,N/A,2014-09-12,https://englan.ssu.ac.kr/%eb%8c%80%ed%95%99%ec%9b%90/%ea%b3%b5%ec%a7%80%ec%82%ac%ed%95%ad/?term_id&slug=1382,"OED 수업연계 서비스는 영문학과 학생들( 학부생, 석사, 박사)을 대상으로하는 OED 교육으로써 플렛폼에 대한 설명이나 검색방법을 주로 설명하는 기존 이용자교육과 달리 콘텐트를 중심으로 설명함으로써 직접 학생들의 공부에 도움을 주고자 마련한 서비스 입니다.
일시 : 9월 24일 오후 5시
교육시간 1~1:30분 정도
교육내용은 다음과 같습니다.
1.       OED의 역사: Oxford English Dictionary Project의 시작 컨셉 (Philological Society of London)
2.       OED의 내용( 콘텐트 소개)
3.       콘텐트의 응용
4.       데모(Live)
5.       Q&A
*신청방법 : 월요일 오전(11시50분)까지 학과사무실 메일이나 전화로 성명과 학번을 남겨주세요."
english_language,학위논문 제출과 관련한 협조 요청,N/A,2014-08-11,https://englan.ssu.ac.kr/%eb%8c%80%ed%95%99%ec%9b%90/%ea%b3%b5%ec%a7%80%ec%82%ac%ed%95%ad/?term_id&slug=1377,"학위논문제출자격을 갖추고 최종심사 결과가
‘
합격
’
인 학생들은 학기 말 학위논문 원문파일
(
파일업로드
)
과 완본
(
하드커버 책자
)
을 중앙도서관 홈페이지와 대학원교학팀에 각각 제출하고 있습니다
.
원문파일 제출에 있어 몇몇 문제점이 있어 각 학과에 다음과 같이 협조를 요청
합니다
.
1.
현황 및 문제점
가
.
원문파일 제출 시 최종 확인된 파일을 업로드하는 것임에도 제출 대상자의 약
80%
정도가 다음과 같은 사유로
1
∼
2
회
반송과 재제출
을 하고 있음
1)
원문파일 오류
학칙시행세칙
(
대학원
)
제
48
조
)
에서 정한
학위논문 형식
을 따르지 않음
나
)
내용 작성 오류
(
제목 및 내용 오타
,
목차와 본문 페이지 오류 등
)
2)
완본 제출 후 제출자의 요청으로 파일 변경
(
오타 수정
,
논문 내용 변경 등
)
3)
단순정보
(
학과
,
학위
,
이름
,
논문제목 등
)
입력 오류
나
2.
조치사항
구 분
현 행
변 경
비 고
학위논문 형식 점검
–
최종 심사 결과보고서
[
붙임
3,4]
제출 시 확인
심사 결과보고서 양식에 형식점검
‘
확인
’
란을 추가
,
양식 변경함
원문파일 제출기간 변경
완본제출
완본제출
1
주일 전
수정가능성을 최소화함
원문파일 수정
도서관으로 반송 요청하여 수정
원칙적 불가
,
필요시 아래 절차를 따름
최종 확인된 파일 업로드 후
‘
제출완료
’
해야 함
3.
협조요청사항
가
.
학위논문 형식
숙지
※
학위논문 형식
:
겉표지
–
백지간지
–
표제지
–
속표지
–
인준서
–
감사의 글
(
필요시
) –
논문목차
–
표 및 그림목차
–
국문 초록
–
영문
(
또는 기타언어
)
초록
–
본문
–
참고문헌
–
부록
(‘
학위논문양식틀
(
국
/
영문
)’
[
붙임
1,2]
참조
)
나
심사위원에게 다음 내용을 안내
1)
규정에서 정한
학위논문 형식
에 맞게 논문 작성
:
대학원에서 제공하는
‘
학위논문양식틀
(
국
/
영문
)’
[
붙임
1,2]
을 그대로 사용하면 규정에서 정한 학위논문 형식에 맞음
2)
학위논문 심사 시
학위논문 형식
을
반드시
점검
3)
원문파일 제출완료 후 수정 원칙적 불가
가
)
반드시 지도교수 및 심사위원과 최종 확인된
(
수정이 완료된
)
파일을 업로드 하도록 함
4.
기타
가
. ‘2014
학년도
2
학기 논문 진행 안내
’
공문을 곧 발송할 예정입니다
.
나
.
논문 진행과 관련된 제출서류 양식 전체가
2014
학년도
2
학기부터 수정되었습니다
.
기존에 양식은 폐기
하시고
,
곧 발송 될
‘2014
학년도
2
학기 논문 진행 안내
’
공문
에 첨부된 양식을 사용해 주시기 바랍니다
.
학위논문양식틀
(
국문
) 1
부
.
2.
학위논문양식틀
(
영문
) 1
부
.
3.
석사학위청구논문 심사 결과보고서
(
변경
) 1
부
.
4.
박사학위청구논문 심사 결과보고서
(
변경
) 1
부
.
끝
."
english_language,2014학년도 후기 대학원 수시(추가)모집 입학전형 일정 안내,N/A,2014-06-02,https://englan.ssu.ac.kr/%eb%8c%80%ed%95%99%ec%9b%90/%ea%b3%b5%ec%a7%80%ec%82%ac%ed%95%ad/?term_id&slug=1375,"2014
년도 후기 대학원 수시
(
추가
)
모집 입학전형을 다음과 같이 안내합니다.
1.
전형방법
:
서류심사 및 구술평가시험
2.
전형대상
:
국내
․
외 거주 내
․
외국인
(
외국인유학생은 편입학 모집 없음
)
3.
입시일정"
english_language,2014학년도 1학기 강의만족도조사 실시 안내,N/A,2014-05-22,https://englan.ssu.ac.kr/%eb%8c%80%ed%95%99%ec%9b%90/%ea%b3%b5%ec%a7%80%ec%82%ac%ed%95%ad/?term_id&slug=1374,"2014
학년도 제
1
학기 강의만족도조사
(
강의평가
)
를 다음과 같이 실시합니다
.
학생 여러분께서는 현재 수강중인 수업에 여러분의 의견이 반영되어 더욱 알찬 수업이 될 수 있도록 평가에 반드시 참여하여 주시기 바랍니다
.
여러분의 소중한 의견을 기다립니다
.
1.
조사기간
: 2014
년
6
월
9
일
(
월
) 09:00 ~ 6
월
22
일
(
일
) 24:00 / 14
일간
(
대학원생은
2
차 강의만족도 조사에 참여하면 됩니다
.)
2.
대상과목 및 대상자
: 2014
년
1
학기 대학원생을 대상으로 개설된 모든 정규강좌에 대하여 수강한 학생
(
타교 학점교류생 제외
)
3.
강의만족도조사 참여 방법
(
학생
) : U-SAINT
로그인
→
학사관리
→
수강신청
/
수업
→
강의만족도조사
4.
기타
가
.
강의만족도 조사 제도의 실효성과 결과의 신뢰성을 확보하기 위해서는 과목별로 모=”font-family: 맑은 고딕; letter-spacing: 0pt; mso-ascii-font-family: 맑은 고딕; mso-font-width: 100%; mso-text-raise: 0.0pt”>,
인격모독성 평가는 삼가주시기 바랍니다
.
라
.
강의만족도조사결과는 학번
,
이름
,
평가순서 등과 관계없이 무작위로 배열되어 출력되기 때문에 교수자 및 관리자에게 어떠한 경우도 응답자의 신분이 노출되지 않습니다
.
또한 교수자는 성적입력 및 수정기간 종료 후 강의만족도조사 결과를 조회할 수 있어 결과에 따른 불이익을 줄 수 없습니다
.
마
.
선수과목 등 학부과목을 수강하는 대학원생은 학부의 강의만족도조사 평가지로 평가하며
,
평가내용은 학부의 데이터로 저장됩니다
.
2014. 5.
대 학 원 장"
english_language,2014년 여름방학 대학원 외국어시험 대체강좌 실시 안내,N/A,2014-05-22,https://englan.ssu.ac.kr/%eb%8c%80%ed%95%99%ec%9b%90/%ea%b3%b5%ec%a7%80%ec%82%ac%ed%95%ad/?term_id&slug=1372,"2014
년 여름방학 석
·
박사과정 외국어시험 대체강좌 실시를 다음과 같이 안내하니
,
각 학과에서는 신청자격에 해당하는 학생들이 신청할 수 있도록 적극 홍보하여 주시기 바랍니다
.
1.
개설과목
:
영어
2.
개설기간
: 2014
년
6
월
23
일
(
월
)
∼
2014
년
7
월
14
일
(
월
), 16
일간
(
월
∼
3.
강의시간
:
주간강좌
09:00
∼
11:50 /
야간강좌
18:30
∼
21:20
※
주
․
야간 강좌별 예비수강신청 인원이
15
명 이상일 경우 개설
4.
신청자격
:
외국어시험에 응시
(
결시 제외
)
하여 통과하지 못한 자
5.
강 의 실
:
추후공지
(
6.
예비수강신청
:
2014
년
5
월
29
일
(
목
)
∼
6
월
3
일
(
화
) 4
일간
(
대학원교학팀 신청서 접수
)
7.
수 강 료
: 250,000
원
8.
수강료 납부
: 2014
년
6
월
12
일
(
목
) 9:00
∼
16:00 (
개인별 가상계좌 납부
)
과제평가
,
출석상황
,
학습태도 등을 반영하여 평가
※
대체강좌 합격시 외국어시험 합격 인정학기
: 2014
년
2
학기 외국어시험 합격으로 인정
붙임
:
대체강좌 안내문 및 수강신청서 각
1
부
.
끝
."
english_language,2014학년도 2학기 석박통합과정 지원 및 선발 안내,N/A,2014-05-12,https://englan.ssu.ac.kr/%eb%8c%80%ed%95%99%ec%9b%90/%ea%b3%b5%ec%a7%80%ec%82%ac%ed%95%ad/?term_id&slug=1370,"1.
지원기간
:
2014. 6. 9(
월
) 10:00
∼
6. 20(
금
) 17:00
2.
지원자격
가
.
석사
2
학기 또는
3
학기 재학중인 자
(
복학예정자 포함
)
로서
18
학점 이상을 취득 또는 취득 예정인 자
나
.
석사과정 전공분야와 통합과정 지원 전공분야가 동일한 자
:
석
‧
박사통합과정 지원서
1
부
(
양식
:
붙임
)
4.
지원방법
:
제출서류를 작성하여 대학원 교학팀으로 제출
(
웨스트민스터홀
658
호
)
5.
선발인원
:
박사과정 전체 입학정원의
20%(
석
‧
박사통합과정 운영 내규
)
6.
발 표 일
:
2014. 7. 25(
금
) 17:00 –
학과 및 개별통지
가
.
수업연한
: 4
년
(8
학기
) –
석사과정 입학 학기부터
나
.
석사과정 외국어 및 종합시험
,
석사논문 면제
(
석
‧
박사통합과정 선발 전 석사과정에서 합격한 자격시험은 인정되지 않음
)
다
.
박사과정 입학금 면제
라
.
대학원 홈페이지
內
공지사항 게시 예정
(2014. 5. 12
∼
2014. 7. 25)
※
석
‧
박사통합과정 운영내규
제
3
조
(
지원 자격 및 선발시기
)
①
대학원 석사학위과정에 입학한 자 중 신청일 당시
2
학기 또는
3
학기 재학중인 자
(
복학예정자 포함
)
로서
18
학점 이상을 취득 또는 취득 예정인 자
<2010.2.19.
개정
>
②
석사과정 전공분야와 통합과정 지원 전공분야가 동일한 자
.
붙 임 석
‧
박사통합과정 지원서
1
부
.
끝
."
english_language,2014년 국가연구장학금(인문사회계) 지원안내,N/A,2014-04-07,https://englan.ssu.ac.kr/%eb%8c%80%ed%95%99%ec%9b%90/%ea%b3%b5%ec%a7%80%ec%82%ac%ed%95%ad/?term_id&slug=1369,"2014년 한국장학재단의 국가연구장학금(인문사회계) 지원과 관련해서 안내해 드립니다.
아래의 링크를 통해(숭실대학교 일반대학원 홈페이지) 들어가 관련 정보를 얻어
자격에 부합하는 학생들은 기일내에 지원하여 좋은 결과 있기를 바랍니다.
*관련 공지사항*
grad.ssu.ac.kr/web/grad/plaza_a"
english_language,2014학년도 후기 대학원 입학전형 일정 안내,N/A,2014-03-31,https://englan.ssu.ac.kr/%eb%8c%80%ed%95%99%ec%9b%90/%ea%b3%b5%ec%a7%80%ec%82%ac%ed%95%ad/?term_id&slug=1367,"2014
학년도 후기 대학원 입학전형을 다음과 같이 안내합니다.
1.
전형방법
:
서류심사 및 구술평가시험
2.
전형대상
:
국내
․
외 거주 내
․
외국인
(
외국인유학생은 편입학 모집 없음
)
3.
입시일정
구 분
입 시 일 정
비 고
모 집 공 고
2014
년
4
월
1
일
(
화
)
∼
홈페이지 및 교내
․
외 신문
원 서 접 수
2014
년
4
월
17
일
(
목
)
∼
25
일
(
금
) (9
일간
)
온
·
오프라인 접수 동시 진행
면접장소 및
평가자 입력
5
월
1
일
(
목
) 24:00
까지
U-Saint
입학관리
–
학과 주임교수 입력
학과서류송부
2014
년
5
월
7
일
(
수
) (
예정
)
대학원교학팀 배부
전 형 일 시
2014
년
5
월
10
일
(
토
) 10:00
∼
각 학과 주임교수실
합격자 발표
2014
년
5
월
대학원 홈페이지
합격자 등록
2014
년
7
월
8
일
(
화
)
∼
10
일
(
목
)
까지
우리은행 전국지점
4.
기타사항
가
.
접수방법
1)
내국인
:
대학원 입학시스템을 통한 온라인 접수
2)
외국인
:
입학원서
(
홈페이지 다운
,
국
․
영문
)
를 작성하여 우편 및 방문 접수
나
.
전형료
과정
2014
학년도 전형료
비고
내
․
외국인 석사과정
70,000
원
내
․
외국인 박사과정
80,000
원
붙임
: 2014
학년도 후기 입학전형 모집요강
1
부
.
끝
.
이전글
연구윤리 방문형 교육 안내
다음글
2014년 국가연구장학금(인문사회계) 지원안내"
english_language,연구윤리 방문형 교육 안내,N/A,2014-02-24,https://englan.ssu.ac.kr/%eb%8c%80%ed%95%99%ec%9b%90/%ea%b3%b5%ec%a7%80%ec%82%ac%ed%95%ad/?term_id&slug=1365,"1.
본 대학원에서는 학위논문 연구윤리 확보를 위해
‘
연구윤리 방문형 교육
’
을 실시합니다
.
가
.
교 육 명
:
연구윤리 방문형 교육
나
.
실시배경
1)
표절에 대한 사회적 이슈 증가 및 표절로 인한 학위취소 발생
2)
학내
/
외에서 본교 학위논문의 질과 관련된 문제제기와 우려 증가
4)
학내 자기주도 학문환경 개선 필요
다
.
주최
/
주관
:
교육부
,
한국연구재단
/
국가과학기술인력개발원 및 숭실대학교 대학원
라
.
교육일시
:
2014
년
3
월
12
일
(
수
) 14:30
∼
17:30
2
페이지 참조
마
.
교육장소
:
벤처중소기업센터
309
호
바
.
교육대상
:
대학원 석
‧
박사생
(
학부생 및 교직원 참석 가능
)
사
.
교육내용
:
연구수행 과정에서의 연구윤리
아
.
교 육 자
:
이원용 교수
(
연세대학교
)
자
.
교육특전
:
수료증 발급
(
국가과학기술인력개발원 발급
),
교재 지원
※
수료증 발급의 자세한 사항은 붙임파일
3
페이지 참조
2.
참여대상이 대학원생에게만 제한되지 않으니 교내 구성원의 많은 참석 바랍니다
."
english_language,2014학년도 1학기 논문 지도교수 위촉 및 변경 의뢰,N/A,2014-02-19,https://englan.ssu.ac.kr/%eb%8c%80%ed%95%99%ec%9b%90/%ea%b3%b5%ec%a7%80%ec%82%ac%ed%95%ad/?term_id&slug=1360,"2014
학년도
1
학기 석
·
박사과정 논문지도교수 위촉 및 변경을 다음과 같이 의뢰합니다
.
1.
대상
가
.
논문지도교수 위촉
1)
석사 및 박사과정
2
학기생
,
석박사 통합과정
5
학기생
2)
석사 및 박사과정
3
학기 이상
,
석박사 통합과정
나
.
논문지도교수 변경
:
기 위촉한 논문지도교수를 변경하고자 하는 학생
다
.
논문지도교수 위촉 및 변경 시 교수
1
인당 박사
(2
∼
4
학기
)
및 석박사통합과정
(6
∼
8
학기
)
논문지도 학생수
10
명 기준 권장사항 고려
※
학내외에서 본교 박사학위 논문의 질과 관련된 문제제기와 우려가 있고 교육부에서는 교수
1
인당 논문지도 학생수 설정
(EUA 4
∼
6
명
,
영국 통상적으로
6
명”>
대학원에서는 교수
1
인당 박사
(
박사과정 및 석박사통합과정
)
논문지도 학생을
10
명 기준으로 권장할 것을 결정 하였으니 적극 고려하여 주시기 바랍니다
.
2.
제출서류
논문지도교수
위촉
논문지도교수
변경
비고
논문지도교수 위촉신청서
[
붙임
2]
[
붙임
3]
지도교수변경신청서
[
붙임
4]
3.
제출기한
:
2014
년
3
월
3
일
∼
3
월
14
일
(
금
)
4.
제출방법
가
.
[
붙임
1]
의 논문지도교수 위촉 및 변경 파일
(EXCEL)
을 작성
,
첨부하여
공문 제출
나
.
제출서류를 학과에서 취합하여 대학원 교학팀으로 오프라인 제출
다
.
비정년직 전임교원으로 위촉 및 변경하는 경우 사유서 스캔하여 공문에 첨부
5.
기타사항
가
.
석사과정은
,
박사 및 석박사 통합과정은
3
개학기 이상 논문지도비를 납부하고 논문지도를 받아야 논문작성 및 제출이 가능합니다
.
나
.
지도교수 위촉 및 교체 기준을 확인하여 위촉하기 바랍니다
.
※
학칙시행세칙
(
대학원
)
제
34
조
(
일반대학원의 논문지도교수 위촉 및 교체
)
①
대학원장은 주임교수의 추천을 받아 논문지도교수를 다음과 같이 위촉한다
. <
개정
2011.2.25>
1.
석사과정
:
학생의 전공분야와 동일한 본교 정년직 전임교원 중 조교수이상 또는 박사학위를 소지한 전임강사
<2009.4.13.
개정
>
2.
박사 및 석
ㆍ
박사통합o-ascii-font-family: 한양신명조; mso-font-width: 100%; mso-text-raise: 0pt”>3.
위 제
1, 2
호에도 불구하고 필요하다고 인정되는 비정년직 전임교원
<2009.4.13.
신설
> <
개정
2011. 2. 25>
②
논문지도교수가 질병
,
유학 등 부득이한 사유로 학생의 지도가 불가능할 때에는 학과 주임교수를 경유하여 대학원장의 승인을 얻어 교체할 수 있다
.
③
논문지도교수를 위촉 또는 교체할 때 학생의 전공분야와 동일한 교수가 본교에 없을 경우는 위의 자격을 갖춘 타교의 교수로 할 수 있다
.
④
제
1
항 내지 제
3
항에도 불구하고 부득이한 경우에 한하여
,
명예교수 및 퇴직한 교수가 재직 시 지도하던 학생에 대하여 계속 지도하게 할 수 있다
.
붙 임
1.
논문지도교수 위촉 및 변경 양식
(EXCEL) 1
부
.
2.
논문지도교수 위촉신청서
1
부
.
4.
지도교수 변경신청서
1
부
."
english_language,2014학년도 1학기 외국어 및 종합시험 신청 및 응시료납부 안내,N/A,2014-02-06,https://englan.ssu.ac.kr/%eb%8c%80%ed%95%99%ec%9b%90/%ea%b3%b5%ec%a7%80%ec%82%ac%ed%95%ad/?term_id&slug=1359,"2014
학년도
1
학기 외국어 및 종합시험 신청 및 응시료납부를 다음과 같이 안내합니다
.
1.
신청기간
:
2014
년
2
월
11
일
(
화
) 10:00
∼
13
일
(
목
) 16:00
까지
※
개인
u-SAINT
로그인
→
성적
/
졸업
→
외국어 및 종합시험 신청
2.
시험대상
가
.
외국어시험
석
⋅
박통합
6
학기 이상 등록을 필한자
나
.
종합시험
1)
석사
(18
학점 취득
, 3
학기 이상 등록
)
재학생 및 수료생
2)
박사
(27
학점 취득
, 3
학기 이상 등록
)
재학생 및 수료생
3)
석
⋅
박통합
(45
학점 취득
, 6
학기이상 등록
)
재학생 및 수료생
3.
시험일자
가
.
외국어시험
:
2014
년
3
월
7
일
(
금
) 09:30
2014
년
3
월
8
일
(
토
) 09:30
∼
4.
실시방법
가
.
외국어시험
:
대학원 주관 시행
1)
교 재 명
: Reading Explorer 4
2)
시험범위
:
교재 전체
나
.
종합시험
:
각 학과 주관 시행
5.
외국어시험 대체성적 신청
1)
신청기간
: 2014
년
2
월
11
일
(
화
)
∼
21
일
(
금
※
면제점수기준
:
대학원홈페이지 학사안내
→
시험
6.
응시료납부
1)
납부기간
: 2014
년
2
월
17
일
(
월
) 09:00
∼
19
일
(
수
) 16:00
까지
2)
과목당 응시료
:
석사과정
20,000
원
,
박사
(
석
⋅
박통합
)
과정
30,000
원
3)
납부방법
:
개인별 가상계좌 입금
5)
응시료의 과오납이 있을 경우
2
월
19(
수
)
까지 환불신청해야 함
.
7.
합격자 발표
:
2014
년
3
월
21
일
(
월
)
예정
8.
주의사항
가
.
신청기간 내 미신청하였거나
,
완료
(
마감
)
하지 않을시 시험신청 자동취소
나
.
응시원서는 대학원에서 일괄출력
(
개인제출 없음
)
다
.
학사정보시스템
(u-SAINT
포털
)
에 사진 미등록시
:
대학원메일
(grad@ssu.ac.kr)
로
명은 반드시 본인학번
)
을 송부
.
끝
."
english_language,2013-2 강의만족도조사 추가 실시 안내문,N/A,2013-12-26,https://englan.ssu.ac.kr/%eb%8c%80%ed%95%99%ec%9b%90/%ea%b3%b5%ec%a7%80%ec%82%ac%ed%95%ad/?term_id&slug=1358,"2013
학년도 제
2
학기 강의만족도조사
(
강의평가
)
를 다음과 같이 추가 실시합니다
.
학생 여러분께서는 현재 수강중인 수업에 여러분의 의견이 반영되어 더욱 알찬 수업이 될 수 있도록 평가에 반드시 참여하여 주시기 바랍니다
.
여러분의 소중한 의견을 기다립니다
.
1.
추가 조사기간
: 2013
년
12
월
26
일
(
목
) 09:00 ~ 2014
년
1
월
3
일
(
금
) 24:00
(
대학원생은
2
차 강의만족도 조사에 참여하면 됩니다
.)
2.
대상과목 및 대상자
: 2013
년
2
학기 대학원생을 대상으로 개설된 모든 정규강좌에 대하여 수강한 학생
(
타교 학점교류생 제외
)
3.
강의만족도조사 참여 방법
(
학생
) : U-SAINT
로그인
→
학사관리
→
수강신청
.
강의만족도 조사 제도의 실효성과 결과의 신뢰성을 확보하기 위해서는 과목별로 모든 수강생이 반드시 참여해야 합니다
.
나
.
강의만족도 조사에 참여하지 않으면
해당 과목의 성적조회에 제한
을 받습니다
.
다
.
주관식 평가문항 응답시 강의평가와 상관없는 비방이나 욕설
,
인격모독성 평가는 삼가주시기 바랍니다
.
라
.
강의만족도조사결과는 학번
,
이름
,
평가순서 등과 관계없이 무작위로 배열되어 출력되기 때문에 교수자 및 관리자에게 어떠한 경우도 응답자의 신분이 노출되지 않습니다
.
또한 교수자는 성적입력 및 수정기간 종료 후 강의만족도조사 결과를 조회할 수 있어 결과에 따른 불이익을 줄 수 없습니다
.
마
.
선수과목 등 학부과목을 수강하는 대학원생은 학부의 강의만족도조사 평가지로 평가하며
,
평가내용은 학부의 데이터로 저장됩니다
.
2013. 12.
대 학 원 장"
english_language,2014학년도 1학기 학부 외국인유학생 담당 외국인조교 모집 홍보,N/A,2013-12-19,https://englan.ssu.ac.kr/%eb%8c%80%ed%95%99%ec%9b%90/%ea%b3%b5%ec%a7%80%ec%82%ac%ed%95%ad/?term_id&slug=1356,"1.
지원 자격
가
.
외국 국적의 본교 대학원생으로서
2014-1
학기 기준으로 석사
2
학기 이상인 자
나
. TOPIK (
한국어능력시험
) 5
급 이상인 자
다
.
학부 외국인유학생의 학사 및 생활 지도를 잘 할 수 있는 자
라
.
대학원 전
(
全
)
학년 평점평균
3.0
이상인 자
2.
모집 인원
: 8
명
(
예정
)
3.
근무 기간
: 2014-1
학기 수강신청기간부터 한 학기 간
(2014
년
2
월
19
일부터
)
4.
근무 장소
:
외국인유학생센터
(
학생회관
505
호
)
5.
근무 시간
: 24
시간
/ 1
주일
6.
장학 금액
: 2014-1
학기 인문
‧
사회계열 석사과정 수업료에 해당하는 금액
7.
지원 서류
가
.
지원서
(
붙임 양식
) 1
부
나
. TOPIK
성적표 원본
1
부
(
원본 확인 후 반환
)
다
.
자기소개서
1
부
(
자유양식
,
자필
, A4 1
매 이상
라
.
본교 유학생활 소감문
1
부
(
자유양식
,
자필
, A4 1
매 이내
)
마
.
대학원 전
(
全
)
학년 성적증명서
1
부
8.
지원 기간
: 2013
년
12
월
19
일
(
목
) 09:00
～
12
월
31
일
(
화
) 17:00
9.
지원 방법
:
외국인유학생센터
(
학생회관
505
호
)
방문 제출
10.
서류심사결과 및 면접일정 등 안내
:
대상자에게 개별 연락 예정
11.
문의
:
외국인유학생센터
(828-7355,
학생회관
505
호
)
붙 임
:
지원서 양식
1
부
.
끝
."
english_language,학위논문 연구윤리 확보를 위한 논문검사 서비스,N/A,2013-12-02,https://englan.ssu.ac.kr/%eb%8c%80%ed%95%99%ec%9b%90/%ea%b3%b5%ec%a7%80%ec%82%ac%ed%95%ad/?term_id&slug=1354,"1.
본 대학원에서는 학위논문 연구윤리 확보를 위한 논문검사 서비스를 다음과 같이 도입하였습니다
.
가
.
서비스명
:
카피킬러캠퍼스
나
.
도입배경
1)
표절에 대한 사회적 이슈 증가
2)
사전에 표절을 방지할 수 있는 장치 필요
3)
연구윤리 확보를 위한 기반 필요
4)
학내 자기주도 학문 환경으로 개선 필요
다
.
사용방법
: ‘
숭실대 대학원 카피킬러 캠퍼스 매뉴얼
’[
붙임
]
참조
라
.
사용기간
:
2013
년
11
월
28
일
∼
2015
년
1
월
31
일
사용기간 종료 전 사용현황 및 효과 등 검토 후 지속여부 결정 예정
)
2.
대학원 학위논문에만 사용이 제한되지 않고 숭실대학교 학교메일계정
(@ssu.ac.kr)
을 가지고 있는 모든 구성원이 가입 가능하니 연구활동 등에 적극 활용하시기 바랍니다
.
3.
서비스 이용에 대한 문의사항은 서비스 가입 후
‘
문의게시판
’
을 이용하시기 바랍니다
.
붙 임 숭실대 대학원 카피킬러 캠퍼스 매뉴얼
1
부
.
끝
."
english_language,2013년 2학기 겨울방학 대학원 외국어시험 대체강좌 실시 안내,N/A,2013-11-22,https://englan.ssu.ac.kr/%eb%8c%80%ed%95%99%ec%9b%90/%ea%b3%b5%ec%a7%80%ec%82%ac%ed%95%ad/?term_id&slug=1352,"2013년 2학기 겨울방학 석·박사과정 외국어시험 대체강좌 실시
1. 개설과목 : 영어
2. 개설기간 : 2013년 12월 26일(목) ∼ 2014년 1월 17일(금), 16일(월∼금, 총 48시간)
3. 강의시간 : 주간강좌 09:00∼11:50 / 야간강좌 18:30∼21:20
※ 주․야간 강좌별 예비수강신청인원 및 수강료납부인원이 15명 이상일 경우 개설
4. 신청자격 : 외국어시험에 응시(결시 제외)하여 통과하지 못한 자
5. 강 의 실 : 추후공지(예정)
6. 예비수강신청 : 2013년 12월 2일(월) ∼ 4일(수) 3일간 (대학원교학팀 신청서 접수)
7. 수 강 료 : 250,000원
8. 수강료 납부 : 2013년 12월 6일(금) 9:00∼16:00 (개인별 가상계좌 납부)
9. 성적평가기준 : 시험성적, 과제평가, 출석상황, 학습태도 등을 반영하여 평가
※ 대체강좌 합격시 외국어시험 합격 인정학기 : 2014년 1학기 외국어시험 합격으로 인정
붙임 : 대체강좌 안내문 및 수강신청서 각 1부.  끝."
english_language,2013학년도 2학기 강의만족도조사 실시 안내,N/A,2013-11-20,https://englan.ssu.ac.kr/%eb%8c%80%ed%95%99%ec%9b%90/%ea%b3%b5%ec%a7%80%ec%82%ac%ed%95%ad/?term_id&slug=1350,"2013
학년도
2
학기 강의만족도조사를 다음과 같이 실시하니
,
각 학과에서는 학생들이 조사기간 내 참여할 수 있도록 적극 홍보하여 주시기 바랍니다
.
1.
조사기간
: 2013
년
12
월
9
일
(
월
) 09:00
∼
22
일
(
일
) 24:00 / 14
일간
(
학부일정과 동일
)
(
대학원생은
2
차 강의만족도 조사에 참여
)
2.
대상과목 및 대상자
: 2013
년
2
학기 대학원생을 대상으로 개설된 모든 정규강좌에 대하여 수강한 학생
(
타교 학점교류생 제외
) : U-SAINT
로그인
→
학사관리
→
수강신청
/
수업
→
강의만족도조사
4. ‘2013-2
강의만족도조사 실시 안내문
’
대학원 홈페이지 게시
(2013.11.19
∼
12.23)
※
기타 자세한 사항은 첨부파일 참조"
english_language,2014학년도 1학기 석박통합과정 지원 및 선발 안내,N/A,2013-11-15,https://englan.ssu.ac.kr/%eb%8c%80%ed%95%99%ec%9b%90/%ea%b3%b5%ec%a7%80%ec%82%ac%ed%95%ad/?term_id&slug=1348,"2014학년도 1학기 석‧박사통합과정 지원 및 선발을 아래와 같이 진행하고자 하니 관심있는 석사과정생들이 지원할 수 있도록 안내하여 주시기 바랍니다.
1. 지원기간: 2013. 12. 9(월) 10:00 ∼ 12. 20(금) 17:00
2. 지원자격
가. 석사 2학기 또는 3학기 재학중인 자(복학예정자 포함)로서 18학점 이상을 취득 또는 취득 예정인 자
나. 석사과정 전공분야와 통합과정 지원 전공분야가 동일한 자
3. 제출서류: 석‧박사통합과정 지원서 1부(양식:붙임)
4. 지원방법: 제출서류를 작성하여 대학원 교학팀으로 제출(웨스트민스터홀 658호)
5. 선발인원: 박사과정 전체 입학정원의 20%(석‧박사통합과정 운영 내규)
6. 발 표 일: 2014. 1. 24(금) 17:00 – 학과 및 개별통지
7. 기    타
가. 수업연한: 4년(8학기) – 석사과정 입학 학기부터
나. 석사과정 외국어 및 종합시험, 석사논문 면제
(석‧박사통합과정 선발 전 석사과정에서 합격한 자격시험은 인정되지 않음)
다. 박사과정 입학금 면제
라. 대학원 홈페이지 內 공지사항 게시 예정(2013. 11. 18 ∼ 2014. 1. 24)
※ 석‧박사통합과정 운영내규
제3조(지원 자격 및 선발시기) ① 대학원 석사학위과정에 입학한 자 중 신청일 당시 2학기 또는 3학기 재학중인 자(복학예정자 포함)로서 18학점 이상을 취득 또는 취득 예정인 자 <2010.2.19. 개정>
② 석사과정 전공분야와 통합과정 지원 전공분야가 동일한 자.
붙    임 석‧박사통합과정 지원서 1부.  끝."
english_language,[2013년한국재단중견연구자사업] 학사 및 석/박사 연구보조원 모집,N/A,2013-10-02,https://englan.ssu.ac.kr/%eb%8c%80%ed%95%99%ec%9b%90/%ea%b3%b5%ec%a7%80%ec%82%ac%ed%95%ad/?term_id&slug=1347,"본 연구과제는 정부 산하 한국학술재단의 보조를 받은 중년연구자 과제 (한국어-영어간 쌍방향 영향과 한국어의 음운 변화)로서 다음과 같이 연구보조원을 모집합니다.
■ 모집분야 : 학사 및 석박사 연구보조원
■ 모집기간 : 2013.10.1 (화)~10.15(수) 18:00까지
■ 채용인원 : 0명
■ 응시자격 –영어학 혹은 음성학/음운론 전공자
■ 채용조건 : 시급 혹은 월급 (협의가)
■ 근무조건 : 오프 training 후 재택근무가능
■ 우대조건 : PRAAT or R 통계사용자
■ 전형절차 : -1차 : 서류전형 (이력서 제출) -2차 : 면접
■ 제출서류 -이력서(사진첨부), 자기소개서, 성적증명서 각 1부
■ 접수방법 : E-mail 접수, 지원자 자유양식 (kmrg@mail.kcu.ac)
■ 문 의 : 숭실사이버대학교 실용영어학과 김미령 (070-4655-5348 or 02-708-7845)
특전
**하신 일과 능력에 따라 학사 석사 박사 졸업논문으로 활용 가능합니다.
**2012 한국중견사업 연구보조원 경력으로 기재하실 수 있습니다."
english_language,노량진 일등임용고시학원 강사 급구,N/A,2013-09-26,https://englan.ssu.ac.kr/%eb%8c%80%ed%95%99%ec%9b%90/%ea%b3%b5%ec%a7%80%ec%82%ac%ed%95%ad/?term_id&slug=1346,"[강사 급구 내용입니다]
과 목 : 전공영어(영어학, 영문학, 영어교수법)파트별가능
자 격 : 해당 과목 전공하신 분으로 석사학위 이상인 분
강 의 : 임용고시
보 수 : 주 1회 3시간(시간협의) 수강료5:5 비율(4회 기준으로, 수강료 * 수강 인원, 수강료는 1인당 15만원입니다. 단, 3명 이하일 경우 5:5 아닌 all 강사수당 그러나 임용준비 하는 학생이 많기 때문에 젊은 열정과 강의를 잘 하신다면 더 많은 학생이 올 것이고 더 높은 수익을 얻을 수 있습니다. )
제출 서류 : 이력서 / 학력증명서
제 출 처 : 이메일로 제출 / rhtlfh01@hanmail.net
연 락 처 : 실장 HP) 010-2382-2115 /TEL) 02-813-2115"
english_language,2013학년도 2학기 논문진행 안내,N/A,2013-08-30,https://englan.ssu.ac.kr/%eb%8c%80%ed%95%99%ec%9b%90/%ea%b3%b5%ec%a7%80%ec%82%ac%ed%95%ad/?term_id&slug=1344,"2013
학년도
2
학기 석
·
박사과정 논문진행을 석
·
박사학위논문발표 및 대상자가 있는 학과에서는 일정에 따라 시행하여 주시기 바랍니다
.
[
논문 진행 순서
]
시기
9/2
∼
13
9/9
∼
11
9/24
∼
10/4
10/14
∼
16
10/14
∼
25
10/28
∼
12/6
‘2014
1/2
∼
3
순서
지도교수위촉
논문계획서
→
수료생 연구등록
(
논문등록
)
→
공개발표
심사위원구성
→
심사비납부
→
가제본제출
→
논문심사
→
논문완본
학생
지도교수위촉
,
논문계획서작성하여
학과제출
–
석
,
박사
2
학기차
–
석박통합
5
학기차
논문등록비납부
(
재학생은 등록금
납입시 지도비납부
)
논문공개발표
(
연구윤리준수확인서 제출
)
심사비 납부
논문가제본 제출
논문심사
완본제작
제출
각학과
지도교수
,
논문계획서 대학원제출
대상자 등록 지도
결과 보고
심사위원 추천
심사비 납부 지도
가제본제출 지도
결과 보고
제출 지도
대학원
지도교수명단 관리
지도
/
등록비 관리
공개발표결과 및
심사위원 관리
심사비 관리
–
심사결과관리
심사비
,
지도비 지급 준비
완본접수
결과관리
1.
논문발표 및 심사대상
:
4
학기재학생 및 수료생
(
영구수료해제자포함
)
연구등록자
가
.
석사
24
학점
,
박사
36
학점
,
석
․
박통합
60
학점 이상 취득
(
예정
)
자
(
중복과목 제외
,
선수
과목
,
추가학점 지정자는 선수과목 이수 및 추가학점 취득
)
나
.
)
다
.
입학 후 석사
6
년
,
박사 및 석
․
박통합
10
년이내인 자
(
군복무기간 및 휴학기간 제외
)
라
.
지도교수 배정 및 논문계획서 승인을 받은자
마
.
석사
2
학기
,
박사 및 석
․
박통합
3
학기 이상 논문지도를 받은자
(
논문작성학기 포함
)
바
.
영구수료해제자
※
2013
학년도
2
학기 외국어 및 종합시험 시행결과는
9
월
23
일
(
월
)
발표예정이며 해당 결과를 참고하여 학위논문 발표자격 최종 확인
2.
논문공개발표 및 공개발표 결과보고
가
.
기간
:
2013
년
9
월
24
일
(
화
)
∼
10
월
4
일
(
금
)
나
.
공개발표 방법
:
논문지도교수
,
주임교수
,
학과교수 참석하에 질의응답 진행
※
2013
학년도
2
학기 포함 논문지도학기수
,
박사
/
석박사
-3
개학기
)
미달
이거나 지도교수 미위촉자는 논문발표를 할 수 없음
.
다
.
공개발표 결과보고 제출사항
1)
공개발표결과 제출양식
(Excel)
[
붙임
1]
:
학과에서 취합된 공개발표결과보고서를 기준으로 제출양식 엑셀파일을 작성
,
첨부하여 기간 내
대학원으로 공문발송
※
직전학기 최종심사 연기자도 비고란에
‘
연기
’
로 기재하고 합격
(O)
으로 명단에 포함
2)
공개발표결과보고서
[
붙임
2]
:
학과에서 취합하여 기간 내 대학원으로 오프라인 제출
3.
논문심사위원 추천
(
공개발표 결과보고서 제출시 합격자만 해당
)
가
.
기간
:
2013
년
9
월
24
일
(
화
)
∼
10
월
4
일
(
금
)
나
.
심사위원
1)
석사학위과정
–
3
명
(
외부 심사위원 추천시
1
명까지 가능
)
2)
박사학위과정
–
5
)
다
.
심사위원 추천 제출사항
1)
심사위원명단 제출양식
(Excel)
[
붙임
3]
:
학과에서 취합된 석
․
박사 학위논문 공개발표 결과보고서를 기준으로 제출양식 엑셀파일을 작성
,
첨부하여 기간 내
대학원으로 공문발송
2)
심사위원명단
[
붙임
4, 5]
:
학과에서 취합하여 기간 내 대학원으로 오프라인 제출
※
직전학기 최종심사 연기자도 심사위원 명단 제출
4.
연구윤리준수확인서
[
붙임
6]
제출
(
공개발표 결과보고서 제출시
합격자만 해당
)
5.
심사비 납부
가
.
기간
:
2013
년
10
월
14
일
(
월
)
∼
10
월
16
일
(
수
)
예정
(3
일간
)
나
.
대상
:
공개발표에 합격하여 최종심사 대상인 자
다
.
심사비 납부
(
납부방법은 추후 대학원 홈페이지 공지
)
구 분
석사과정
비 고
심사비 납부
90,000
원
500,000
원
지난학기 논문 최종심사 연기자의 심사비는 납부면제 단
,
학생이 원할 경우 납부가능
6.
가제본 제출
가
.
기간
:
2013
년
10
월
14
일
(
월
)
∼
10
월
25
일
(
금
)
나
.
대상
:
공개발표에 합격하여 최종심사 대상인 자
다
.
가제본 제출
구 분
석사과정
박사과정
비 고
가제본 제출
[
붙임
7]
3
5
부
학과 주임교수 및 지도교수 확인 후 각 심사위원에게 제출
7.
최종심사 결과보고
가
.
기간
:
2013
년
10
월
28
일
(
월
)
∼
12
월
6
일
(
금
)
나
.
최종심사 결과보고 제출사항
1)
최종심사결과 제출양식
(Excel)
[
붙임
8]
:
학과에서 취합된 최종심사결과보고서를 기준으로 제출양식 엑셀파일을 작성
,
첨부하여 기간 내
대학원으로 공문발송
2)
제출서류
:
학과에서 취합하여 기간 내 대학원으로 오프라인 제출
가
)
석사학위과정
:
심사요지서
[
붙임
9],
논문심사 및 구술시험결과표
[
붙임
10]
나
)
박사학위과정
:
심사요지서
[
붙임
9]
,
논문심사 및 구술시험결과표
[
붙임
11]
,
심사일지
(2
차
)
[
붙임
12]
,
심사일지
(3
차
)
[
붙임
13]
붙임
14]
8.
석
·
박사학위 논문완본 제출
: 2014
년
1
월
2
일
(
목
)
∼
1
월
3
일
(
금
) (2
일간
)
[
붙임
15, 16, 17]
※
2013
년
12
월 중 학위논문 파일을 본교 중앙도서관 홈페이지에 업로드
(
관련사항 추후안내
)
후 저작권 동의서와 제출확인서를 출력하여 논문완본과 함께 제출
9.
박사연구실적목록
[
붙임
18]
,
박사졸업자조사표
(
박사학위과정
/
양식 추후 대학원 홈페이지공지
)
:
연구실적목록
(
지도교수 확인
)
과 박사졸업자조사표를 작성하여 논문완본 제출시 함께 제출"
english_language,2013학년도 2학기 외국어 및 종합시험 신청 및 응시료납부 안내,N/A,2013-08-07,https://englan.ssu.ac.kr/%eb%8c%80%ed%95%99%ec%9b%90/%ea%b3%b5%ec%a7%80%ec%82%ac%ed%95%ad/?term_id&slug=1343,"2013학년도 2학기 외국어 및 종합시험 신청 및 응시료납부를 다음과 같이 안내합니다.
1. 신청기간 : 2013년 8월 12일(월) 10:00 ∼ 14일(수) 16:00까지
※ 개인 u-SAINT 로그인→성적/졸업→외국어 및 종합시험 신청
2. 시험대상
가. 외국어시험 : 석사 및 박사 2학기 이상, 석⋅박통합 6학기 이상 등록을 필한자
나. 종합시험
1) 석사(18학점 취득, 3학기 이상 등록) 재학생 및 수료생
2) 박사(27학점 취득, 3학기 이상 등록) 재학생 및 수료생
3) 석⋅박통합(45학점 취득, 6학기이상 등록) 재학생 및 수료생
3. 시험일자
가. 외국어시험 : 2013년 9월 6일(금) 09:30∼
나. 종합시험 : 2013년 9월 7일(토) 09:30∼
4. 실시방법
가. 외국어시험 : 대학원 주관 시행
1) 교 재 명 : Reading Explorer 4
2) 시험범위 : 교재 전체
나. 종합시험 : 각 학과 주관 시행
5. 외국어시험 대체성적 신청
1) 신청기간 : 2013년 8월 12일(월)∼23일(금)
2) 신청방법 : 어학점수성적표 원본을 지참하여 대학원에서 원본확인을 받은 후 사본 제출
※ 면제점수기준 : 대학원홈페이지 학사안내 → 시험
6. 응시료납부
1) 납부기간 : 2013년 8월 19일(월) 09:00 ∼ 21일(수) 16:00까지
2) 과목당 응시료 : 석사과정 20,000원, 박사(석⋅박통합)과정 30,000원
3) 납부방법 : 개인별 가상계좌 입금(추후 고지서 출력 및 납부 안내)
4) 시험만 신청하고 응시료 미입금시 시험신청 자동취소
5) 응시료의 과오납이 있을 경우 8월 21(수)까지 환불신청해야 함.
7. 합격자 발표 : 2013년 9월 23일(월) 예정
8. 주의사항
가. 신청기간 내 미신청하였거나, 완료(마감)하지 않을시 시험신청 자동취소
나. 응시원서는 대학원에서 일괄출력(개인제출 없음)
다. 학사정보시스템(u-SAINT포털)에 사진 미등록시 : 대학원메일(grad@ssu.ac.kr)로
본인사진파일(반명함판 4×5사이즈, FILE명은 반드시 본인학번)을 송부."
english_language,2013학년도 숭실인재양성장학생 선발 안내,N/A,2013-07-18,https://englan.ssu.ac.kr/%eb%8c%80%ed%95%99%ec%9b%90/%ea%b3%b5%ec%a7%80%ec%82%ac%ed%95%ad/?term_id&slug=1338,"2013
학년도 숭실인재양성장학생 지원 공고
1.
숭실인재양성장학생 제도 취지
가
.
본교 학부 졸업자 중 인재를 선발하여 국가
,
사회에 봉사할 우수한 지도자를 양성하고자 함
.
나
.
국외에서 수학하고 있는 졸업생에게 장학금을 지급함으로써 졸업생으로서의 자긍심 및 애교심을
고취시키고자 함
.
2.
장학금 지급 내역
가
.
재 원
:
숭실대학교 인재양성기금
나
.
수혜기간
: 1
년
(
단
,
휴학 시는 지급을 중지함
.)
다
.
선발인원
: 8
명 내외
라
.
장학금액
: 1
인당 총액
10,000,000
원 이내
(2
회에 걸쳐 반액씩 분할 지급
)
2) 2
차 지급
– 2014
년
2
월 중
(2014
년
1
월에 발급된 재학증명서를 제출해야 함
.)
3.
지원 자격
가
.
대한민국 국적 보유자
나
.
본교 학부 졸업생으로서 학부
全
학년 평점평균
3.50
이상인 자를 원칙으로 함
.
다
.
국외 유수대학의 박사과정 재학생 및 신입생
/
석
·
박사통합과정으로
4
학기 이상 이수한 재학생
라
.
수학 연한이
1
년 이상 남은 자로 직전학기 성적이 산술평균
80
점 이상인 자를 원칙으로 함
.
단
,
신입학생은 학
,
석사
全
과정 평점평균
3.50
이상인 자를 원칙으로 함
.
마
.
본교 건학이념에 부합되는 기독교인
)
가
.
지원서
(
지정 양식
)
나
.
서약서
(
지정 양식
)
다
.
자기소개서
2
매 이내
(
지정양식
)
라
.
지도교수 추천서
(
지정양식 없음
)
마
.
학사과정
:
졸업증명서
,
성적증명서 각
1
통
바
.
석사과정
:
졸업증명서
,
성적증명서 각
1
통
사
.
박사과정
1)
재학생
:
재학증명서
,
성적증명서 각
1
통
가족관계증명서
(
본인 명의로 발급
)
자
.
교인증명서
1)
재학생
:
해당 유학 국가에서 현재 출석하고 있는 교회
2)
신입생
:
국내에서 출석하고 있는 교회
차
.
학위취득 예상 시기를 증빙할 수 있는 객관적인 근거 자료
–
지도교수추천서에 명기
(
재학생
),
입학허가예정서
(
신입생
)
카
.
연구실적에 관한 증빙자료
(
해당자에 한함
)
타
.
전공 분야의 학계 순위 근거 자료 출력물
(
평가기간에 해당되는 자료만 반드시 제출하여야 함
)
-QS World University Ranking(Overall, Major Field) 2012
년
, 2013
년 연도별 평가 자료
-THE(Times Higher Education) World University Rankings(Overall, Major Field) 2012
년
, 2013
년 연도별 평가 자료
5.
선발방법
가
)
–
면접은 대면면접을 원칙으로 하며
,
부득이한 경우 협의에 의해 영상면접을 실시 할 수 있다
.
6.
접수기간
가
.
기 간
: 2013
년
7
월
29
일
(
월
)~8
월
30
일
(
금
), 10:00~17:00
나
.
장 소
:
숭실대학교 학생처 장학팀
(
학생회관
501
호
)
다
.
문 의 처
:
장학팀
(02-820-0166,
spc001@ssu.ac.kr
)
라
.
우편접수
: (
우
)156-743,
서울특별시 동작구 상도로
369
숭실대학교 학생처 장학팀
이전글
2013-2학기 유학생담당 외국인조교 모집
다음글
2013학년도 2학기 외국어 및 종합시험 신청 및 응시료납부 안내"
english_language,2013-2학기 유학생담당 외국인조교 모집,N/A,2013-06-18,https://englan.ssu.ac.kr/%eb%8c%80%ed%95%99%ec%9b%90/%ea%b3%b5%ec%a7%80%ec%82%ac%ed%95%ad/?term_id&slug=1336,"1.
지원 자격
가
. 2013-2
학기 기준으로 석사
2
학기 이상인
,
외국 국적의 본교 대학원생
나
. TOPIK (
한국어능력시험
) 5
급 이상인 자
다
.
학부 외국인유학생의 학사 및 생활 지도
․
상담에 탁월한 자
라
全
)
학년 평점평균
3.0
이상인 자
2.
모집 인원
: 8
명
(
예정
)
3.
근무 기간
: 2013-2
학기 수강신청기간
(2013
년
8
월
19
일
)
부터 한 학기
4.
근무 장소
:
외국인유학생센터
(
학생회관
505
호
)
시간
/ 1
주
6.
장학금액
: 2013-2
학기 인문
․
사회계열 석사과정 수업료
7.
지원 서류
가
.
지원서
(
붙임 양식
) 1
부
나
. TOPIK
성적표 원본
1
부
다
.
자기소개서
1
부
한글
,
자필
, A4 1
매 이상
)
라
.
본교 유학생활 소감문
1
부
(
자유 양식
,
한글
,
자필
, A4 1
매 이내
)
마
.
대학원 전
(
全
)
학년 성적증명서
1
부
8.
지원 기간
,
장소 및 방법
: 6
월
21
일
(
금
9.
서류심사결과 및 면접일정 등 안내
:
개별 연락 예정"
english_language,2013년도 대학원생 통계논문작성 과정 교육 안내,N/A,2013-06-13,https://englan.ssu.ac.kr/%eb%8c%80%ed%95%99%ec%9b%90/%ea%b3%b5%ec%a7%80%ec%82%ac%ed%95%ad/?term_id&slug=1332,"통계교육원에서 통계 비전공자 대학원생이 논문 및 보고서 작성 시 정확한 통계분석을 적용할 수 있도록 다음 내용과 같이 특별과정을 방학기간 중에 개설하여 운영하고자 하오니 많은 참여 바랍니다.
–  다  음  –
가. 교육대상 : 대학원생(통계비전공자, 석사 2학기 이상)
나. 교육기간 : 1기(07.15.~07.17.), 2기(07.22~07.24.), 3기(07.30~08.01.)
다. 교육인원 : 30명 내외
라. 교육장소 : 1기(대전지역_통계교육원), 2기(서울지역_경인지방통계청), 3기(제주지역_제주수련원)
마. 세부내용 : <붙임 참조>
붙임 : 1. 2013년 대학원생 통계논문작성 과정 교육안내 1부
2. 2013년 대학원생 통계논문작성 과정 교육개요 1부
3. 2013년 대학원생 통계논문작성 과정 홈페이지 게시용 1부."
english_language,대학원생 통일논문 현상공모,N/A,2013-06-13,https://englan.ssu.ac.kr/%eb%8c%80%ed%95%99%ec%9b%90/%ea%b3%b5%ec%a7%80%ec%82%ac%ed%95%ad/?term_id&slug=1329,"「
제
32
회 대학
(
원
)
생 통일논문 현상공모
」
대학사회 내 통일
․
북한문제에 대한 학문적 관심과 연구 분위기를
조성하고 창의적인 통일정책 방안을 발굴하기 위해
「
제
32
회 대학
(
원
)
생
통일논문 현상공모
」
를 개최하고
자 하오니
,
대학
(
원
)
생 여러분의 많은 관심과 참여를 바랍니다
.
응모자격
o
대학 재학생
,
대학원생
(
박사과정 제외
,
휴학생 포함
)
*
학사
유학생 응모 가능
(
단
,
국문 논문만 가능
)
*
공동응모는
2
명으로 제한
,
동 현상공모 입상경력자 제외
공모주제
:
통일
·
북한 문제 관련 전반
o
예시
–
통일재원 마련 방안
–
청소년 대상 통일 필요성 논리 개발
–
미래지향적 통일 비전 모색
–
통일교육 발전방안 모색
–
기타 한반도 평화 정착
,
남북관계 발전방안 등
시상내용
구 분
비 고
최우수상
1
편
(500
만원
)
통일부 장관상 수여
우 수 상
2
편
(
각
300
만원
)
장 려 상
3
편
(
각
200
만원
)
입 선
7
편
100
만원
)
통일교육원장상 수여
합 계
총
13
편
(
총 상금
2,400
만원
)
공모일정
o
논문제출
: ‘13. 7. 9(
화
) ~ 9. 2(
월
) (55
일
)
o
결과 발표
: ‘13. 10
월 말
(
예정
)
*
결과 발표 일정은 변경 가능하며
응모요령
o
논문제출
–
논문분량
: A4
용지
20
매 내외
(
휴먼명조
,
크기
: 11pt,
줄간격
: 160%)
–
제출서류
:
최종논문
,
요약문
(2p),
재학증명서
(
스캔한 파일 혹은 별도 우편 제출
)
*
사전 참가신청 없이 최종논문만 제출할 경우 참가신청서도 함께 제출 요망
–
응모요령
:
논문과 요약문
(2p)
은 하나의 파일로 작성
–
제출방법
:
e-mail(
unicontest@naver.com
)
접수
o
1307(
수유동
)
통일교육원
교육협력과 대학생
통일논문 담당자 앞
(
우
142-715), T. 02-901-7025, 7106
기타사항
o
제출된 논문은 반환하지 않으며
,
논문집 저작권은 통일부에 귀속됨
.
o
국문 작품만 접수함
.
o
공모논문은 국내외에서 발표된 바 없어야 하고
,
학위청구 논문이
아니어야 하며
,
표절이 없어야 함
.
*
상기내용을 위반한 경우 수상이 취소되며
,
상금 환수 조치
o
심사 기준에 미달될 경우 시상 내용이 변경될 수 있음
.
문의
:
통일논문 담당
T.
02-901-7025,
unicontest@naver.com
최
:
통 일 부"
english_language,2013학년도 후기 대학원 수시모집 입학성적우수장학생 지원 안내,N/A,2013-06-03,https://englan.ssu.ac.kr/%eb%8c%80%ed%95%99%ec%9b%90/%ea%b3%b5%ec%a7%80%ec%82%ac%ed%95%ad/?term_id&slug=1327,"2013학년도 후기 대학원 수시모집 입학성적우수장학생 지원 안내
2013학년도 후기 대학원 수시모집 신입생 선발과 관련하여, 지원자 중 입학성적우수장학금 대상자가 있는 경우, 입학성적우수장학생 지원서 및 성적증명서를 2013년 6월 21일(금)까지 학과사무실로 제출하여 주시기 바랍니다.
1. 지원방법 : 지원서 및 성적증명서(열람용, F학점 포함)를 학과 사무실에 제출
2. 지원자격
가. 2013년 8월 본교 학부 졸업예정자
나. 수업연한 4년(8학기) 이내인 졸업예정자(건축학부 건축학전공 : 5년(10학기 이내))
다. 열람용(F학점 포함) 직전 3학기 기준으로 하여 성적 평균평점 3.75 이상인 자
3. 수혜기간 : 2년(4학기)
4. 지원금액 : 다음 사항을 제외하고는 수업료 전액 지급
가. 학과 내 두 가지 이상 과정의 운영으로 수업료가 상이한 경우, 가장 적은 금액으로
지급 (예 : 복수학위과정)
나. 입학성적우수장학생이 교육조교를 겸하는 경우에는 해당 입학성적우수장학금의 반액으로 지급
5. 선    발 : 지원자격을 만족하는 자 중에서 다음 기준에 따라 배정인원 범위내 선발
가. 8학기(건축학부 건축학전공 10학기) 재학생 중 직전 3학기 성적(열람용, F학점 포함)
평균평점 기준 상위 30% 이내인 자
나. 선발시 선발학과 내 동일학과 졸업예정자를 우선으로 선발하며, 타학과 졸업예정자는
후순위로 선발
6. 입학성적우수장학생 의무 준수사항
1. 입학성적우수장학생은 입학 후 매학기 성적이 A-(4.00)를 유지하여야만 장학금 수혜를 받을 수 있다.
2. 입학성적우수장학생은 입학 후 휴학을 할 수가 없으며, 휴학을 할 경우 자격이 상실된다.
단, 질병(진단서 제출), 군입대(입영통지서 제출), 기타 사고 등은 예외로 한다.
3. 입학성적우수장학생에게는 입학 후 학과주임교수가 필요시 교육 및 연구 지원업무를 담당하게
할 수 있으며, 불응할 경우 자격을 상실한다.
붙임 : 입학성적우수장학생 지원서 1부."
english_language,2013학년도 후기 대학원 수시(추가)모집,N/A,2013-05-31,https://englan.ssu.ac.kr/%eb%8c%80%ed%95%99%ec%9b%90/%ea%b3%b5%ec%a7%80%ec%82%ac%ed%95%ad/?term_id&slug=1325,"2013
학년도 후기 대학원 수시
(
추가
)
모집 입학전형을 다음과 같이 안내합니다.
자세한 내용은 첨부파일 참고해 주십시오.
1.
전형방법
:
서류심사 및 구술평가시험
2.
전형대상
:
국내
․
외 거주 내
․
외국인
(
외국인유학생은 편입학 모집 없음
)
3. 입시일정
구 분
원서접수
2013
년
6
월
17
일
(
월
)
∼
20
일
(
목
)
서류제출
(
인터넷접수 완료 후
)
2013
년
6
월
21
일
(
금
) 16:00
(
제출기한 내 미제출시 인터넷접수 취소
)
전형일시
2013
년
7
월
12
일
(
금
) 10:00
2013
년
7
월
19
일
(
금
)
예정
합격자 등록
2013
년
7
월
23
일
(
화
)
∼
24
일
(
수
)
4. 기타사항
가
.
접수방법
1)
내국인
:
대학원 입학시스템을 통한 온라인 접수
입학원서
(
홈페이지 다운
,
국
․
영문
)
를 작성하여 우편 및 방문 접수
나
.
전형료
과정
2013
학년도 전형료
비고
내
․
외국인 석사과정
70,000
원
내
․
외국인 박사과정
80,000
원
: 2013
학년도 후기 대학원 수시
(
추가
)
모집 요강
1
부
."
english_language,2013학년도 1학기 강의만족도조사 실시 안내,N/A,2013-05-21,https://englan.ssu.ac.kr/%eb%8c%80%ed%95%99%ec%9b%90/%ea%b3%b5%ec%a7%80%ec%82%ac%ed%95%ad/?term_id&slug=1324,"2013
학년도
1
학기 강의만족도조사를 다음과 같이 실시하니
,
각 학과에서는 학생들이 조사기간 내 참여할 수 있도록 적극 홍보하여 주시기 바랍니다
.
1.
조사대상
: 2013
학년도
1
학기 대학원 개설강좌 전체 수강인원
2.
조사방법
:
학생이 직접 본교 홈페이지
u-SAINT
로그인
⇒
수강신청
⇒
강의만족도조사
⇒
강의만족도조사 실시
3.
조사기간
:
3
일
(
월
) 09:00
∼
16
일
(
일
) 24:00
까지
(
학부일정과 동일
)
※
선수과목 등 학부과목을 수강하는 대학원생은 학부의 강의만족도조사 평가지로
평가하며
,
평가내용은 학부의 데이터로 저장됩니다
."
english_language,2013학년도 2학기 석박통합과정 지원 및 선발 안내,N/A,2013-05-20,https://englan.ssu.ac.kr/%eb%8c%80%ed%95%99%ec%9b%90/%ea%b3%b5%ec%a7%80%ec%82%ac%ed%95%ad/?term_id&slug=1322,"2013
학년도
2
학기 석
‧
박사통합과정 지원 및 선발을 아래와 같이 진행하고자 하니 관심있는 석사과정생들이 지원할 수 있도록 안내하여 주시기 바랍니다
.
1.
지원기간
:
2013. 6. 10(
월
) 10:00
∼
6. 21(
금
) 17:00
2.
지원자격
가
.
석사
2
학기 또는
3
학기 재학중인 자
(
학점 이상을 취득 또는 취득 예정인 자
나
.
석사과정 전공분야와 통합과정 지원 전공분야가 동일한 자
3.
제출서류
:
석
‧
박사통합과정 지원서
1
부
(
양식
:
붙임
)
4.
지원방법
:
제출서류를 작성하여 대학원 교학팀으로 제출
(
웨스트민스터홀
658
호
)
5.
선발인원
:
박사과정 전체 입학정원의
20%(
석
6.
발 표 일
:
2013. 7. 26(
금
) 17:00 –
학과 및 개별통지
7.
기 타
가
.
수업연한
: 4
년
(8
학기
) –
석사과정 입학 학기부터
나
.
석사과정 외국어 및 종합시험
,
석사논문 면제
(
석
‧
박사통합과정 선발 전 석사과정에서 합격한 자격시험은 인정되지 않음
다
.
박사과정 입학금 면제
라
.
대학원 홈페이지
內
공지사항 게시 예정
(2013. 5. 15
∼
7. 26)
※
석
‧
박사통합과정 운영내규
제
3
조
(
지원 자격 및 선발시기
)
①
대학원 석사학위과정에 입학한 자 중 신청일 당시
2
학기 또는
3
학기 재학중인 자
(
복학예정자 포함
)
로서
18
학점 이상을 취득 또는 취득 예정인 자
<2010.2.19.
개정
>"
english_language,2013년 여름방학 대학원 외국어시험 대체강좌 실시 안내,N/A,2013-05-20,https://englan.ssu.ac.kr/%eb%8c%80%ed%95%99%ec%9b%90/%ea%b3%b5%ec%a7%80%ec%82%ac%ed%95%ad/?term_id&slug=1320,"2013
년 여름방학 대학원 외국어시험 대체강좌 안내
2013
년 여름방학 기간 중 대학원 석
․
박사과정 외국어시험 대체강좌
예비수강신청 및 수강료 납부에 대한 안내를 다음과 같이 합니다
.
1.
대체강좌 안내
가
.
개설과목
:
영어
나
.
개설기간
:
2013
년
6
월
24
일
(
월
)
∼
2013
년
7
월
15
일
(
월
), 16
일
(
월
∼
금 총
.
강의시간
:
주간강좌
(09:00
∼
11:50)
/
야간강좌
(18:30
∼
21:20)
중 택
1
라
.
강 의 실
:
추후 전체공지
마
.
주
ˑ
야간 강좌별 예비수강신청인원이
15
명 이상일 경우 개설을 원칙으로 함
.
바
.
신청자격
:
외국어시험에 응시
(
결시 제외
)
하여 통과하지 못한 자
사
.
대체강좌 합격시 외국어시험 합격 인정학기
: 2013
년
2
학기 외국어시험 합격으로 인정
2.
예비수강신청 안내
가
.
월
3
일
(
월
)
∼
5
일
(
수
) 3
일간
, 9:00
∼
17:00
나
.
신청방법
:
신청서를 작성하여 대학원교학팀
(
웨스트민스터홀
658
호
)
으로 제출
3.
수강료 납부 안내
(
강좌개설 확정시
)
가
.
납부기간
: 2013
년
6
월
12
일
(
수
) 9:00
∼
16:00
나
.
수 강 료
: 250,000
원
다
. -height: 190%; background: #ffffff; mso-pagination: none; mso-padding-alt: 0pt 0pt 0pt 0pt”>
2013. 6.
대 학 원 장"
english_language,제11회 대학(원)생 논문공모안내문_통계개발원,N/A,2013-03-29,https://englan.ssu.ac.kr/%eb%8c%80%ed%95%99%ec%9b%90/%ea%b3%b5%ec%a7%80%ec%82%ac%ed%95%ad/?term_id&slug=1317,"「제11회 대학(원)생 논문공모」안내문
1. 목적
◦ 관학 간 학문적 교류를 통해 연구자들에게 실증적 연구 기회를 부여하여 통계발전에 기여할 수 있는 창의적이고 유용한 연구논문을 발굴․장려코자 함
2. 응모자격
◦ 2013년 1월 현재 국․내외 대학 및 대학원(석․박사 과정)에 재학(휴학생 포함) 중인 자로서 지도교수의 추천을 받은 자
– 2013년도 석․박사 취득(예정)자도 응모자격 부여
– 참가 형태는 단독연구 및 공동연구(최대 3인까지 가능)
※ 공동연구의 경우, 모든 연구자가 위의 참가자격 요건에 부합되어야 함
3. 논문주제
◦ 통계자료를 실증적으로 활용한 통계학의 이론이나 응용에 관한 연구
◦ 사회, 경제 분야의 조사․분석기법 등 국가통계발전에 기여할 수 있는 창의적이고 유용성을 지닌 논문
※ 응모 논문은 타 학술지 및 논문집에 발표되지 않은 논문이어야 함
4. 우수논문 시상
◦ 최우수 논문(1편) : 통계청장 표창, 장학금 300만원
◦ 우수 논문(2편)   : 통계청장 표창, 장학금 각 200만원
◦ 장려 논문(3편)   : 통계청장 표창, 장학금 각 50만원
5. 논문평가기준
◦ 연구주제의 창의성 및 적절성
◦ 연구내용 전개의 논리성과 일관성
◦ 연구방법의 타당성 및 적절성
◦ 연구자료의 신뢰성
◦ 연구결과의 활용성 및 기여도
6. 추진일정
◦ 응모신청서 접수    : 2013. 2. 18. ～ 2013. 4. 30.
◦ 논문접수           : 2013. 5. 1.～ 2013. 7. 19.
◦ 논문심사           : 2013. 7.22. ～ 2013. 8. 30.
◦ 결과발표 및 시상   : 2013. 9. 1.
7. 응모신청서 접수
◦ 접수마감일 : 2013. 4. 30.(화)
◦ 접수방법 : 이메일 제출 srikostat@korea.kr
※ 통계청 자료를 활용하려는 연구의 경우 응모신청서를 검토한 후 이용가능성 등을 고려하여 제한적으로 통계자료 제공
8. 논문접수
◦ 접수마감일 : 2013. 7. 19.(금)
◦ 접수방법 : 응모신청서 접수방법과 동일
– 논문은 통계청 「논문작성 세부작성요령」에 따라 A4용지 20쪽 내외 (통계표 등 부록 제외)로 제출
– 논문 제출 시 지도교수 추천서 첨부
9. 기 타
◦ 제출된 논문은 반환하지 않으며, 당선된 논문에 대한 저작권은 당청에 귀속됨
◦ 응모신청서, 지도교수 추천서 양식과 논문작성 세부요령은 통계청 홈페이지(http://kostat.go.kr) 또는 통계개발원 홈페이지(http://sri.kostat.go.kr)에서 출력
◦ 문의
– 통계개발원 http://sri.kostat.go.kr
– 이메일 : srikostat@korea.kr, 전화 : 042-366-7100"
english_language,2013 재외동포재단 학위논문상 및 대학생 논문공모전 개최,N/A,2013-03-27,https://englan.ssu.ac.kr/%eb%8c%80%ed%95%99%ec%9b%90/%ea%b3%b5%ec%a7%80%ec%82%ac%ed%95%ad/?term_id&slug=1316,"재외동포재단은 외교통상부 산하 정부출연기관으로서 전 세계 720만 재외동포의 안정정착과 권익증진을 위해 다양한 사업을 추진하고 있습니다. 이 재단에서 국내외 대학생을 대상으로『2013 재외동포재단 대학생 논문공모전』과『2013 재외동포재단 학위논문상』을 아래와 같이 실시 중이니 많은 참여 바랍니다..
가. 2013 재외동포재단 대학생 논문공모전
◦ 사업목적
– 재외동포에 대한 국민 관심제고, 재외동포 대학(원)생의 민족정체성 함양
– 재외동포 연구의 중요성에 대한 인식확산과 연구자 저변확대
◦ 참가대상 : ‘13.3월 현재 국내외 대학(원)에 재적 중인 우리 국민 및 재외동포
◦ 논문주제 : “재외동포”와 관련된 자유주제
– 재외동포 사회의 각종 현상 또는 현안에 관한 연구, 조사, 또는 분석
– 재외동포 및 국내 거주 동포에 대한 정책 제안 또는 기존 정책 평가 등
◦ 제출방법 : 우리 재단으로 직접 e-mail 및 우편제출
———————————————————————
등급             수량                    시상내역
———————————————————————
최우수상          1편              외교부장관 상장 및 장학금 200만원
———————————————————————
우 수  상          2편              재외동포재단이사장 상장 및 장학금 각 150만원
———————————————————————
장 려  상          4편              재외동포재단이사장 상장 및 장학금 각 100만원
———————————————————————
◦ 시상내역 : 총 7편, 상금 900만원
◦ 추진일정
– 참가신청서 접수기간 : 2013.3.25(월) ~ 4.29(월)
– 논문접수기간 : 2013.8.9(금) ~ 8.23(금)
– 입상작 발표(9월 중) 및 시상식(10월) 개최 예정
나. 2013 재외동포재단 학위논문상 시상
◦ 사업목적
– 재외동포 연구자를 지속적으로 발굴․육성하여 재외동포 연구자 저변확대
– 재외동포사회 발전의 이론적 기반 구축에 기여
◦ 사업대상 : 2012.1.1부터 2013.6.30 사이에 국내외에서 발표, 학위 수여 또는 심사 완료된         재외동포 관련 석․박사 학위논문
◦ 선정기준
– 학위논문의 학문적 완성도
– 정부정책 및 재외동포재단 사업과의 연계성
– 논문주제의 시의적절성
◦ 제출방법 : 우리 재단으로 직접 e-mail 및 우편제출
—————————————————————————————
등   급           학위           수량                 시상 내역
—————————————————————————————
최우수논문상      공통           1편             재외동포재단이사장 상장 및 학술장려금 300만원
—————————————————————————————
우수논문상         박사           2편             재외동포재단이사장 상장 및 학술장려금 각 200만원
석사           2편             재외동포재단이사장 상장 및 학술장려금 각 150만원
—————————————————————————————
◦ 시상내역 : 총 5편, 상금 1,000만원
◦ 추진일정
– 논문접수기간 : 2013.6.1(토) ~ 2013.7.10(수)
– 입상작 발표(9월 중) 및 시상식(10월) 개최 예정
해당 페이지 링크(www.korean.net)"
english_language,2013학년도 후기 대학원 입학성적우수장학생 지원 안내,N/A,2013-03-26,https://englan.ssu.ac.kr/%eb%8c%80%ed%95%99%ec%9b%90/%ea%b3%b5%ec%a7%80%ec%82%ac%ed%95%ad/?term_id&slug=1314,"2013학년도 후기 대학원 신입생 선발과 관련하여, 지원자 중 입학성적우수장학금 대상자가 있는 경우, 입학성적우수장학생 지원서 및 성적증명서를 2013년 4월 26일(금)까지 학과사무실로 제출하여 주시기 바랍니다.
1. 지원방법 : 지원서 및 성적증명서(열람용, F학점 포함)를 학과 사무실에 제출
2. 지원자격
가. 2013년 8월 본교 학부 졸업예정자
나. 수업연한 4년(8학기) 이내인 졸업예정자(건축학부 건축학전공 : 5년(10학기 이내))
다. 열람용(F학점 포함) 직전 3학기 기준으로 하여 성적 평균평점 3.75 이상인 자
3. 수혜기간 : 2년(4학기)
4. 지원금액 : 다음 사항을 제외하고는 수업료 전액 지급
가. 학과 내 두 가지 이상 과정의 운영으로 수업료가 상이한 경우, 가장 적은 금액으로
지급 (예 : 복수학위과정)
나. 입학성적우수장학생이 교육조교를 겸하는 경우에는 해당 입학성적우수장학금의 반액으로 지급
5. 선    발 : 지원자격을 만족하는 자 중에서 다음 기준에 따라 배정인원 범위내 선발
가. 8학기(건축학부 건축학전공 10학기) 재학생 중 직전 3학기 성적(열람용, F학점 포함)
평균평점 기준 상위 30% 이내인 자
나. 선발시 선발학과 내 동일학과 졸업예정자를 우선으로 선발하며, 타학과 졸업예정자는
후순위로 선발
6. 입학성적우수장학생 의무 준수사항
1. 입학성적우수장학생은 입학 후 매학기 성적이 A-(4.00)를 유지하여야만 장학금 수혜를 받을 수 있다.
2. 입학성적우수장학생은 입학 후 휴학을 할 수가 없으며, 휴학을 할 경우 자격이 상실된다.
단, 질병(진단서 제출), 군입대(입영통지서 제출), 기타 사고 등은 예외로 한다.
3. 입학성적우수장학생에게는 입학 후 학과주임교수가 필요시 교육 및 연구 지원업무를 담당하게
할 수 있으며, 불응할 경우 자격을 상실한다.
붙임 : 입학성적우수장학생 지원서 1부."
english_language,등재학술지 문화정책논총 제27집 2호 논문 공모,N/A,2013-03-19,https://englan.ssu.ac.kr/%eb%8c%80%ed%95%99%ec%9b%90/%ea%b3%b5%ec%a7%80%ec%82%ac%ed%95%ad/?term_id&slug=1309,"1. 귀 기관의 무궁한 발전을 기원합니다.
2. 한국문화관광연구원(원장 박광무)은 문화관광분야의 정책을 전담 연구하는 문화체육관광부 산하의 국책연구기관으로서,
문화정책 연구 학술지인 『문화정책논총』에 게재할 우수학술 논문을 공모합니다. 본 『문화정책논총』은 한국연구재단
등재학술지로 공모분야는 문화예술 및 문화산업 분야의 정책 연구 주제를 다루는 논문이며,
이에 관련분야 정책연구에 관심 있는 분들이 참여할 수 있도록 적극 홍보하여 주시기 바랍니다.
1) 공모분야
o 일반 주제: 문화예술 및 문화산업 분야의 정책 연구
(단, 문화정책학적 접근과 논의가 포함된다면 문화유산, 미디어, 여가, 체육, 관광 분야의 논문도 투고 가능)
*‘한국문화관광연구원’홈페이지에서 기발간 논문 참조
2) 주요 일정
o 논문 마감일시: 2013년 6월 20일(목), 18:00
o 심사 예정일: 2013년 6월 ~ 8월초(심사결과 개별 통보)
o 발간 예정일: 2013년 8월 31일
3) 참고 사항
o 논문투고 자격(『논문정책논총』 논문 작성 규정 제4조)
– 논문 투고는 관련 분야의 석사학위 이상 소지자에 한함.
– 논문 투고자는 한국문화관광연구원 『문화정책논총』의 발간규정에 따른 연구윤리를 준수하여야 함.
– 투고된 논문은 돌려받을 수 없음.
– 심사 과정을 통해 ‘게재불가’판정을 받은 논문의 경우, 논문을 수정하여 다음호에 투고할 수 있음.
– ‘논문 저작권 이양 동의서’ 제출자에 한하여 접수
o 논문 작성 요령:‘한국문화관광연구원’ 홈페이지 및 첨부문서 ‘논문 작성 규정’참조
o 논문 게재료 및 심사료: 없음
o 논문 제출 방법: 이메일 제출(우편 접수시 논문 원본이 담긴 CD 동봉)
o 보낼 곳: 한국문화관광연구원 『문화정책논총』편집위원회
o 문의: • 이메일 bhshin@kcti.re.kr
• 주소 : 서울 강서구 금낭화로 154 국립국어원 503호
• 전화 02-2669-9814(신봉희 간사)
• 팩스 02-2669-9880"
english_language,[공문]2013학년도 1학기 논문진행 안내,N/A,2013-02-26,https://englan.ssu.ac.kr/%eb%8c%80%ed%95%99%ec%9b%90/%ea%b3%b5%ec%a7%80%ec%82%ac%ed%95%ad/?term_id&slug=1306,"2013학년도 1학기 석·박사과정 논문진행을 석·박사학위논문발표 및 대상자가 있는 학과에서는 일정에 따라 시행하여 주시기 바랍니다.
[논문 진행 순서]
시기
3/4 ∼ 15 : 지도교수위촉, 논문계획서
3/11 ∼ 13 : 수료생 연구등록(논문등록)
3/25∼4/5 : 공개발표 심사위원구성
4/15∼17 : 심사비납부
4/15∼26 : 가제본 제출
4/29∼6/7 : 논문심사
6/27 ∼ 28 : 논문완본
(자세한 사항은 첨부파일을 통해 확인하시면 됩니다)
1. 논문발표 및 심사대상 : 4학기재학생 및 수료생(영구수료해제자포함) 연구등록자
가. 석사 24학점, 박사 36학점, 석․박통합 60학점 이상 취득(예정)자(중복과목 제외, 선수
과목, 추가학점 지정자는 선수과목 이수 및 추가학점 취득)
나. 외국어 및 종합시험 합격자(이번학기 응시자도 가능하나 불합격시 논문제출불가)
다. 입학 후 석사 6년, 박사 및 석․박통합 10년이내인 자(군복무기간 및 휴학기간 제외)
라. 지도교수 배정 및 논문계획서 승인을 받은자
마. 석사 2학기, 박사 및 석․박통합 3학기 이상 논문지도를 받은자(논문작성학기 포함)
바. 영구수료해제자
※ 2013학년도 1학기 외국어 및 종합시험 시행결과는 3월 22일(금) 발표예정이며 해당 결과를 참고하여 학위논문 발표자격 최종 확인
2. 논문공개발표 및 공개발표 결과보고
가. 기간 : 2013년 3월 25일(월) ∼ 4월 5일(금)
나. 공개발표 방법 : 논문지도교수, 주임교수, 학과교수 참석하에 질의응답 진행
※ 2013학년도 1학기 포함 논문지도학기수(석사-2개학기, 박사/석박사-3개학기) 미달
이거나 지도교수 미위촉자는 논문발표를 할 수 없음.
다. 공개발표 결과보고 제출사항
1) 공개발표결과 제출양식(Excel)[붙임1] : 학과에서 취합된 공개발표결과보고서를 기준으로 제출양식 엑셀파일을 작성, 첨부하여 기간 내 대학원으로 공문발송
※ 직전학기 최종심사 연기자도 비고란에 ‘연기’로 기재하고 합격(O)으로 명단에 포함
2) 공개발표결과보고서[붙임2] : 학과에서 취합하여 기간 내 대학원으로 오프라인 제출
3. 논문심사위원 추천(공개발표 결과보고서 제출시 합격자만 해당)
가. 기간  : 2013년 3월 25일(월) ∼ 4월 5일(금)
나. 심사위원
1) 석사학위과정 – 3명(외부 심사위원 추천시 1명까지 가능)
2) 박사학위과정 – 5명(외부 심사위원 1명 이상 반드시 포함)
다. 심사위원 추천 제출사항
1) 심사위원명단 제출양식(Excel)[붙임3] : 학과에서 취합된 석․박사 학위논문 공개발표 결과보고서를 기준으로 제출양식 엑셀파일을 작성, 첨부하여 기간 내 대학원으로 공문발송
2) 심사위원명단[붙임4, 5] : 학과에서 취합하여 기간 내 대학원으로 오프라인 제출
※ 직전학기 최종심사 연기자도 심사위원 명단 제출
4. 연구윤리준수확인서[붙임6] 제출(공개발표 결과보고서 제출시 합격자만 해당)
5. 심사비 납부
가. 기간 :  2013년 4월 15일(월) ∼ 4월 17일(수) (3일간)
나. 대상 : 공개발표에 합격하여 최종심사 대상인 자
다. 심사비 납부(납부방법은 추후 대학원 홈페이지 공지)
구 분
석사과정
박사과정
비 고
심사비 납부
90,000원
500,000원
지난학기 논문 최종심사 연기자의 심사비는 납부면제 단, 학생이 원할 경우 납부가능
6. 가제본 제출
가. 기간 :  2013년 4월 15일(월) ∼ 4월 26일(금)
나. 대상 : 공개발표에 합격하여 최종심사 대상인 자
다. 가제본 제출
구 분
석사과정
박사과정
비 고
가제본 제출
[붙임7]
3부
5부
학과 주임교수 및 지도교수 확인 후 각 심사위원에게 제출
7. 최종심사 결과보고
가. 기간 : 2013년 4월 29일(월) ∼ 6월 7일(금)
나. 최종심사 결과보고 제출사항
1) 최종심사결과 제출양식(Excel)[붙임8] : 학과에서 취합된 최종심사결과보고서를 기준으로첨부된 엑셀파일을 작성, 첨부하여 기간 내 대학원으로 공문발송
2) 제출서류 : 학과에서 취합하여 기한 내 대학원으로 오프라인 제출
가) 석사과정 : 심사요지서[붙임9], 논문심사 및 구술시험결과표[붙임10]
나) 박사과정 : 심사요지서[붙임9], 논문심사 및 구술시험결과표[붙임11], 심사일지(2차)[붙임12], 심사일지(3차)[붙임13], 투표용지(5매)[붙임14]
8. 석·박사학위 논문완본 제출 : 2013년 6월 27일(목) ∼ 6월 28일(금) (2일간)[붙임15, 16, 17]
※ 2013년 6월 중 학위논문 파일을 본교 중앙도서관 홈페이지에 업로드(관련사항 추후안내) 후 저작권 동의서와 제출확인서를 출력하여 논문완본과 함께 제출
9. 박사연구실적목록[붙임18], 박사졸업자조사표(박사학위과정/양식 추후 대학원 홈페이지공지) : 연구실적목록(지도교수 확인)과 박사졸업자조사표를 작성하여 논문완본 제출시 함께 제출
붙    임 1. 공개발표결과 제출양식(EXCEL) 1부.
2. 공개발표결과보고서 1부.
3. 심사위원명단 제출양식(EXCEL) 1부.
4. 석사 심사위원명단 1부.
5. 박사 심사위원명단 1부.
6. 연구윤리준수확인서 1부.
7. 가제본표지 1부.
8. 최종심사결과 제출양식(EXCEL) 1부.
9. 심사요지서 1부.
10. 석사학위 논문심사 및 구술시험결과표 1부.
11. 박사학위 논문심사 및 구술시험결과표 1부.
12. 박사학위 심사일지(2차) 1부.
13. 박사학위 심사일지(3차) 1부.
14. 박사학위 심사 투표용지 1부.
15. 학위논문양식 (국문)(인준서 포함) 1부.
16. 학위논문양식 (영문)(인준서 포함) 1부.
17. 학위논문작성법 1부.
18. 박사연구실적목록 1부."
english_language,2013학년도 1학기 논문 지도교수 위촉 및 변경 의뢰,N/A,2013-02-26,https://englan.ssu.ac.kr/%eb%8c%80%ed%95%99%ec%9b%90/%ea%b3%b5%ec%a7%80%ec%82%ac%ed%95%ad/?term_id&slug=1301,"2013학년도 1학기 석·박사과정 논문지도교수 위촉 및 변경을 다음과 같이 의뢰합니다.
1. 대상
가. 논문지도교수 위촉
1) 석사 및 박사과정 2학기생, 석박사 통합과정 5학기생
2) 석사 및 박사과정 3학기 이상, 석박사 통합과정 6학기 이상 재학생 중 논문지도교수 미위촉자
나. 논문지도교수 변경 : 기 위촉한 논문지도교수를 변경하고자 하는 학생
※ 아래 기재된 학칙시행세칙에서 자격을 확인하여 위촉 및 변경하기 바랍니다.
※ 석사과정은 2개학기, 박사 및 석박사 통합과정은 3개학기 이상 논문지도비를 납부하고 논문지도를 받아야 논문작성 및 제출이 가능합니다.
2. 제출서류
논문지도교수 위촉
논문지도교수 변경
비고
논문지도교수 위촉신청서
논문계획서
지도교수변경신청서
3. 제출기한 : 2013년 3월 15일(금)
4. 제출방법
가. [붙임1]의 논문지도교수 위촉 및 변경 파일(EXCEL)을 작성, 첨부하여 공문 제출
나. 제출서류를 학과에서 취합하여 대학원 교학팀(웨스트민스터홀 658호)으로 오프라인 제출
※ 학칙시행세칙(대학원)
제34조(일반대학원의 논문지도교수 위촉 및 교체) ① 대학원장은 주임교수의 추천을 받아 논문지도교수를 다음과 같이 위촉한다. <개정 2011.2.25>
1. 석사과정 : 학생의 전공분야와 동일한 본교 정년직 전임교원 중 조교수이상 또는 박사학위를 소지한 전임강사 <2009.4.13. 개정>
2. 박사 및 석ㆍ박사통합 과정 : 학생의 전공분야와 동일한 본교 정년직 전임교원 중 부교수이상 또는 박사학위를 소지한 조교수 <2009.4.13. 개정>
3. 위 제 1, 2호에도 불구하고 필요하다고 인정되는 비정년직 전임교원<2009.4.13. 신설> <개정 2011. 2. 25>
② 논문지도교수가 질병, 유학 등 부득이한 사유로 학생의 지도가 불가능할 때에는 학과 주임교수를 경유하여 대학원장의 승인을 얻어 교체할 수 있다.
③ 논문지도교수를 위촉 또는 교체할 때 학생의 전공분야와 동일한 교수가 본교에 없을 경우는 위의 자격을 갖춘 타교의 교수로 할 수 있다.
④ 제1항 내지 제3항에도 불구하고 부득이한 경우에 한하여, 명예교수 및 퇴직한 교수가 재직 시 지도하던 학생에 대하여 계속 지도하게 할 수 있다.
붙    임 1. 논문지도교수 위촉 및 변경 양식(EXCEL) 1부.
2. 논문지도교수 위촉신청서 1부.
3. 논문계획서 1부.
4. 지도교수 변경신청서 1부."
english_language,2013년 GKS 대한민국정부초청 외국인대학원장학생 후보추천 계획,N/A,2013-02-13,https://englan.ssu.ac.kr/%eb%8c%80%ed%95%99%ec%9b%90/%ea%b3%b5%ec%a7%80%ec%82%ac%ed%95%ad/?term_id&slug=1297,"2013년 GKS 대한민국정부초청 외국인대학원장학생 후보추천 계획을 다음과 같이 실시하고자 합니다.
1. 추천인원 : 초청대상국 대상 총 20명 이내 (단, 1개국당 3명 이내)
2. 전형일정
가. 대학추천
구분                                       일정                              비  고
모집공고                   2013년 2월 7일(목)∼8일(금)         1. 학과공문발송
2. 대학원 홈페이지 공지
3. 자매대학 홍보
4. GKS주력대학 홍보
5. 본교 외국인학생 홍보
6. 주력국가 영사관 홍보
지원서류 제출              2013년 2월 4일(월)∼3월 22일(금)    대학원
학과 후보추천/심사      2013년 4월 1일(월)∼5일(금)           각 학과 주임교수
대학원 심의                 2013년 4월 8일(월)~10일(수)          대학원
장학생 후보 추천          2013년 4월 12일(금)                      숭실대→국립국제교육원
장학생 선발 심사          2013년 4월 25일(목)∼26일(금)       국립국제교육원
최종합격자 발표           2013년 6월 17일(월)                      국립국제교육원
장학생 입국                 2013년 8월 26일(월)∼28일(수)         –
오리엔테이션               2013년 8월 29일(목)∼31일(토)       국립국제교육원
한국어연수                  2013년 9월 2일(월)∼                      –
나. 공관(입양인)추천
구분                                   일정                                     비  고
학과 심사                    2013년 5월 6일(월)∼10일(금)          각 학과 주임교수
대학원 심의                 2013년 5월 13일(월)∼17일(금)         대학원
추천자 송부                 2013년 5월 24일(금)                       숭실대→국립국제교육원
최종합격자 발표           2013년 6월 17일(월)                       국립국제교육원
※ 기타 일정은 대학추천과 동일
3. 선발방법
1) 대학원에 원서 및 각종 서류제출
2) 학과 주임교수에게 평가관련 공문 및 평가서류 송부(수시 실시)
3) 학과평가 후 평가서류 및 결과 공문 대학원 송부
4) 지원자가 본교 추천인원을 초과할 경우, 학과에서 추천된 학생들을 대상으로
대학원 심의 후 최종후보 결정
4. 지원자격 및 제출서류 : 붙임파일 참조
붙임 : 1. 관련공문, 선발세부지침, 국가별 배정인원표 각 1부.
2. 2013 정부초청 대학원장학생 Official Guideline 1부.
3. 2013 정부초청 대학원장학생 대학안내자료(숭실대) 국/영문 1부.  끝."
english_language,2013학년도 전기 신입생 석·박사과정 오리엔테이션,N/A,2013-02-12,https://englan.ssu.ac.kr/%eb%8c%80%ed%95%99%ec%9b%90/%ea%b3%b5%ec%a7%80%ec%82%ac%ed%95%ad/?term_id&slug=1296,"1. 내    용 : 2013학년도 전기 대학원 신⋅편입생 오리엔테이션
2. 일    시 : 2013년 2월 13일(수) 11:00
3. 장    소 : 한경직기념관 대예배실
4. 자료배부 : 당일 배부
5. 주차안내 : 당일 데스크에서 주차권(4시간) 배부"
english_language,[대학원] 2012-2학기 대학원 학위논문 원문파일 및 완본 제출일정 안내,N/A,2013-01-16,https://englan.ssu.ac.kr/%eb%8c%80%ed%95%99%ec%9b%90/%ea%b3%b5%ec%a7%80%ec%82%ac%ed%95%ad/?term_id&slug=1294,"1. 대 상 : 2012학년도 2학기 최종심사에 합격하여 2013년 2월 학위수여 예정인 자
2. 학위수여 원문파일 제출
가. 일정: 2012. 12. 17(월) ∼ 2013. 1. 2(수)
나. 방법: 도서관 홈페이지(http://oasis.ssu.ac.kr) 업로드
※ 제출방법의 상세한 내용은 [학위논문 도서관 제출안내](붙임1) 참조
3. 학위논문 완본 및 서류 제출
가. 기간: 2013. 1. 3(목) ∼ 1. 4(금) 10:00∼17:00
나. 장소: 대학원교학팀(웨스트민스터홀 657호)
다. 제출서류
1) 논문 완본 하드커버 책자: 석사학위-3부(법학관련 4부)/박사학위-5부(법학관련 6부)
2) 인준서(원본) 1부: 별도양식 작성, 낱장으로 제출
3) 저작권동의서 1부: 학위논문제출사이트의 제출내역확인 메뉴에서 ‘승인’ 확인 후 출력)
4) 학위논문제출 확인서 1부: 학위논문제출사이트의 제출내역확인 메뉴에서 ‘승인’ 확인 후 출력)
5) 연구실적목록, 박사 졸업자 조사표 각 1부: 박사과정만 제출, 별도양식 작성
※ 반드시 업로드한 원문파일의 승인여부가 ‘승인’이 된 후 제본(dCollection사이트 內"
english_language,[대학원] 2012년 2학기 겨울방학 대학원 외국어시험 대체강좌 안내,N/A,2013-01-16,https://englan.ssu.ac.kr/%eb%8c%80%ed%95%99%ec%9b%90/%ea%b3%b5%ec%a7%80%ec%82%ac%ed%95%ad/?term_id&slug=1293,"2012년 2학기 겨울방학 기간 중 대학원 석․박사과정 외국어시험 대체강좌
예비수강신청 및 수강료 납부에 대한 안내를 다음과 같이 합니다.
1. 대체강좌 안내
가. 개설과목 : 영어
나. 개설기간 : 2012년 12월 26일(수) ∼ 2013년 1월 17일(목) 매주 월∼금 총48시간
다. 강의시간 : 주간강좌(09:00∼11:50) /  야간강좌(18:30∼21:20) 중 택 1
라. 강 의 실 : 추후 전체공지
마. 주 ˑ 야간 강좌별 예비수강신청인원 및 수강료납부인원이 15명 이상일 경우 개설
바. 신청자격 : 외국어시험에 응시(결시 제외)하여 통과하지 못한 자
2. 예비수강신청 안내
가. 기    간 : 2012년 12월 3일(월)∼5일(수) 3일간, 9:00∼17:00
나. 신청방법 : 신청서를 작성하여 대학원교학팀(웨스트민스터홀 658호)으로 제출
3. 수강료 납부 안내 (강좌개설 확정시)
가. 납부기간 : 2012년 12월 7일(금) 9:00∼16:00
나. 수 강 료 : 250,000원
다. 납부방법 : 개인별 가상계좌 납부 (납부 전 개인별 공지)
2012. 12. 대 학 원 장"
english_language,[대학원] 2013 연변대학교 복수학위과정 지원 및 선발,N/A,2013-01-16,https://englan.ssu.ac.kr/%eb%8c%80%ed%95%99%ec%9b%90/%ea%b3%b5%ec%a7%80%ec%82%ac%ed%95%ad/?term_id&slug=1291,"2013학년도 연변대학교 복수학위과정 지원 및 선발을 아래와 같이 안내합니다.
1. 지원기간: 2012년 12월 19일(수) 10:00 ∼ 12월 28일(금) 17:00
2. 지원자격
가. 본교 대학원에서 2학기를 이수 또는 이수예정인 한국 국적자로
나. 연변대학교 복수학위 운영 대상학과에 재학 중인 자
※ 지원 후 추가 협의 필요
3. 지원방법: 제출서류를 작성하여 대학원 교학팀으로 제출(웨스트민스터홀 658호)
4. 결과안내: 2013년 1월 초 ∼ 2013년 1월 중 개별안내 예정
5. 제출서류 및 수학안내: 연변대학교 복수학위과정 신청안내(붙임) 참조
붙  임 1. 연변대학교 복수학위과정 신청안내(2013학년도) 1부.
2. 연변대학교 복수학위과정 공동학과 목록 1부.
3. 복수학위 신청서 1부.
4. 연변대학 입학원서 1부.
※ 3, 4번 서류는 대학원 홈페이지를 참조바랍니다. – 관련링크"
english_language,[대학원] 2013-1 남애장학재단 장학생 지원 안내,N/A,2013-01-16,https://englan.ssu.ac.kr/%eb%8c%80%ed%95%99%ec%9b%90/%ea%b3%b5%ec%a7%80%ec%82%ac%ed%95%ad/?term_id&slug=1289,"1. 지원대상
가. 아시아에서 우리나라에 유학하여 현재 본교 대학원에 재학 중인 학생
※ 2013학년도 1학기 신입생 또는 2학기 재학 예정자만 가능
나. 당해연도 타 기관에서 이미 외부장학금 수혜를 받는 사람은 제외
2. 신청기간 : 2012년 12월 12일(수) ∼ 24일(월)까지 대학원 교학팀으로 지원서류 제출
3. 장학금액 : 학기당 250만원
4. 제출서류
가. 지원신청서 1부 (재단 서식)
나. 지도교수 추천서 1부 (별도양식 없음)
다. 대학원 재학증명서, 성적증명서 각 1부
라. 여권사본
마. 자기소개서 및 학업계획서(재단 서식)
붙임 : 남애장학재단 장학사업 시행내규 및 지원신청서 1부."
english_language,[대학원] 2013학년도 1학기 석‧박통합과정 지원 및 선발 안내,N/A,2013-01-16,https://englan.ssu.ac.kr/%eb%8c%80%ed%95%99%ec%9b%90/%ea%b3%b5%ec%a7%80%ec%82%ac%ed%95%ad/?term_id&slug=1287,"1. 지원기간: 2012. 12. 11(화) 10:00 ∼ 12. 21(금) 17:00
2. 지원자격
가. 석사 2학기 또는 3학기 재학중인 자(복학예정자 포함)로서 18학점 이상을 취득 또는 취득 예정인 자
나. 석사과정 전공분야와 통합과정 지원 전공분야가 동일한 자
3. 제출서류: 석‧박사통합과정 지원서 1부(양식:붙임)
4. 지원방법: 제출서류를 작성하여 대학원 교학팀으로 제출(웨스트민스터홀 658호)
5. 선발인원: 박사과정 전체 입학정원의 20%(석‧박사통합과정 운영 내규)
6. 발 표 일: 2013. 1. 25(금) 17:00 – 학과 및 개별통지
7. 기    타
가. 수업연한: 4년(8학기) – 석사과정 입학 학기부터
나. 석사과정 외국어 및 종합시험, 석사논문 면제
(석‧박사통합과정 선발 전 석사과정에서 합격한 자격시험은 인정되지 않음)
다. 박사과정 입학금 면제
라. 대학원 홈페이지 內 공지사항 게시 예정(2012. 11. 27)
※ 석‧박사통합과정 운영내규
제3조(지원 자격 및 선발시기)
① 대학원 석사학위과정에 입학한 자 중 신청일 당시 2학기 또는 3학기 재학중인 자(복학예정자 포함)로서
18학점 이상을 취득 또는 취득 예정인 자 <2010.2.19. 개정>
② 석사과정 전공분야와 통합과정 지원 전공분야가 동일한 자."
english_language,2013학년도 전기 대학원 입학전형 일정 안내(모집요강 첨부),N/A,2013-01-16,https://englan.ssu.ac.kr/%eb%8c%80%ed%95%99%ec%9b%90/%ea%b3%b5%ec%a7%80%ec%82%ac%ed%95%ad/?term_id&slug=1286,"2013학년도 전기 대학원 입학전형을 다음과 같이 안내합니다.
1. 전형방법 : 서류심사 및 구술평가시험
2. 전형대상 : 국내․외 거주 내․외국인 (외국인유학생은 편입학 모집 없음)
3. 입시일정
모 집 공 고         2012년 9월 28일(금)~                               홈페이지 및 교내․외 신문
원 서 접 수         2012년 10월 22일(월)∼25일(목) (4일간)       온·오프라인 접수 동시 진행
전 형 일 시         2012년 11월 17일(토) 10:00∼                     내․외국인 동시 진행
합격자 발표        2012년 11월 30일(금) (예정)                      대학원 홈페이지
합격자 등록        2013년 1월 14일(월)∼16일(수) (3일간)         우리은행 전국지점
4. 기타사항
가. 접수방법
1) 내국인 : 대학원 입학시스템을 통한 온라인 접수
2) 외국인 : 입학원서(홈페이지 다운, 국․영문)를 작성하여 우편 및 방문 접수
나. 전형료
1) 내․외국인 석사과정 : 70,000원
2) 내․외국인 박사과정 : 80,000원"
english_language,2013학년도 전기 대학원 입학성적우수장학생 지원 안내,N/A,2013-01-16,https://englan.ssu.ac.kr/%eb%8c%80%ed%95%99%ec%9b%90/%ea%b3%b5%ec%a7%80%ec%82%ac%ed%95%ad/?term_id&slug=1284,"2013학년도 전기 대학원 입학성적우수장학생 지원 안내
2013학년도 전기 대학원 신입생 선발과 관련하여, 지원자 중 입학성적우수장학금 대상자가 있는 경우, 입학성적우수장학생 지원서 및 성적증명서를 2012년 10월 25일(목)까지 학과사무실로 제출하여 주시기 바랍니다.
1. 지원방법 : 지원서 및 성적증명서(열람용, F학점 포함)를 학과 사무실에 제출
2. 지원자격
가. 2013년 2월 본교 학부 졸업예정자
나. 수업연한 4년(8학기) 이내인 졸업예정자(건축학부 건축학전공 : 5년(10학기 이내))
다. 열람용(F학점 포함) 직전 3학기 기준으로 하여 성적 평균평점 3.75 이상인 자
3. 수혜기간 : 2년(4학기)
4. 지원금액 : 다음 사항을 제외하고는 수업료 전액 지급
가. 학과 내 두 가지 이상 과정의 운영으로 수업료가 상이한 경우, 가장 적은 금액으로
지급 (예 : 복수학위과정)
나. 입학성적우수장학생이 교육조교를 겸하는 경우에는 해당 입학성적우수장학금의 반액으로 지급
5. 선    발 : 지원자격을 만족하는 자 중에서 다음 기준에 따라 배정인원 범위내 선발
가. 8학기(건축학부 건축학전공 10학기) 재학생 중 직전 3학기 성적(열람용, F학점 포함)
평균평점 기준 상위 25% 이내인 자
나. 선발시 선발학과 내 동일학과 졸업예정자를 우선으로 선발하며, 타학과 졸업예정자는
후순위로 선발
6. 입학성적우수장학생 의무 준수사항
1. 입학성적우수장학생은 입학 후 매학기 성적이 A-(4.00)를 유지하여야만 장학금 수혜를 받을 수 있다.
2. 입학성적우수장학생은 입학 후 휴학을 할 수가 없으며, 휴학을 할 경우 자격이 상실된다.
단, 질병(진단서 제출), 군입대(입영통지서 제출), 기타 사고 등은 예외로 한다.
3. 입학성적우수장학생에게는 입학 후 학과주임교수가 필요시 교육 및 연구 지원업무를 담당하게
할 수 있으며, 불응할 경우 자격을 상실한다.
붙임 : 입학성적우수장학생 지원서 1부."
english_language,[대학원] 종합시험 일시 및 장소 안내,N/A,2013-01-16,https://englan.ssu.ac.kr/%eb%8c%80%ed%95%99%ec%9b%90/%ea%b3%b5%ec%a7%80%ec%82%ac%ed%95%ad/?term_id&slug=1283,"대학원 종합시험 일시 및 장소 안내입니다.
* 일 시: 2012.09.08(토) am10:00~
* 장 소: 영어영문학과 사무실(조만식기념관645호)
10시에 시험이 시작하오니 늦지 않게 오시기 바랍니다."
english_language,2012학년도 대학원 후기모집 입학전형 일정 안내,N/A,2013-01-16,https://englan.ssu.ac.kr/%eb%8c%80%ed%95%99%ec%9b%90/%ea%b3%b5%ec%a7%80%ec%82%ac%ed%95%ad/?term_id&slug=1281,"2012학년도 대학원 후기모집 입학전형을 다음과 같이 안내하니 많은 인원이 지원할 수 있도록 학과 홈페이지 및 게시판에 홍보하여 주시고, 일정에 맞추어 입시를 진행하여 주시기 바랍니다.
1. 전형방법 : 서류심사 및 구술평가시험
2. 전형대상 : 국내․외 거주 내․외국인 (외국인유학생은 편입학 모집 없음)
3. 입시일정
구  분                                       입 시 일 정                                     비  고
모 집 공 고                     2012년 4월 2일(월)∼26일(목)              홈페이지 및 교내․외 신문
원 서 접 수                     2012년 4월 23일(월)∼26일(목)            온·오프라인 접수 동시 진행
면접장소 및 평가자 입력          2012년 5월 8일(화) 24:00까지        U-Saint 입학관리- 학과 주임교수 입력
학과서류송부                   2012년 5월 9일(수) (예정)                      대학원교학팀 배부
전 형 일 시                    2012년 5월 12일(토) 10:00∼                 내․외국인 동시 진행
합격자 발표                   2012년 6월 1일(금) 예정                         대학원 홈페이지
합격자 등록                   2012년 7월 10일(화)∼12일(목)까지         우리은행 전국지점
4. 기타사항
가. 접수방법
1) 내국인 : 대학원 입학시스템을 통한 온라인 접수
2) 외국인 : 입학원서(홈페이지 다운, 국․영문)를 작성하여 우편 및 방문 접수
나. 전형료
과정                    2012학년도 전형료                      비고
내․외국인 석사과정                 70,000원
내․외국인 박사과정                 80,000원
붙임 : 2012학년도 후기모집 요강 1부.  끝."
english_language,대학원 석․박사과정 외국어시험(영어) 대체강좌 예비수강신청 및 수강료 납부 안내,N/A,2013-01-16,https://englan.ssu.ac.kr/%eb%8c%80%ed%95%99%ec%9b%90/%ea%b3%b5%ec%a7%80%ec%82%ac%ed%95%ad/?term_id&slug=1280,"2012학년도 1학기 여름방학 기간중 대학원 석․박사과정 외국어시험(영어)대체강좌
개설을 위한 예비수강신청 및 수강료 납부에 대한 안내를 다음과 같이 합니다.
1. 예비수강신청
가. 기간 : 2012년 6월 7일(목)∼8일(금) 2일간, 09:00∼17:00
나. 장소 : 대학원 교학팀(웨스트민스터홀 658호)
2. 예비수강신청 결과, 주ˑ야간 강좌별 인원과 수강료 납부인원이 각 15명 이상일
경우에 개설됨을 원칙으로 함.
3. 신청자격 : 외국어시험에 응시(결시 제외)하여 통과하지 못한 자
4. 대체강좌 개설
가. 개설과목 : 영어
나. 개설기간 : 2012년 6월 22일(금)∼7월 13일(금)
매주 월∼금 총48시간
다. 강의시간 : ① 주간강좌 09:00∼11:50
② 야간강좌 18:30∼21:20
.       라. 강의실 : 형남공학관 321호(예정)
5. 수강료 납부(강좌개설 확정시)
가. 납부기간 : 2012년 6월 13일(수)∼14일(목) 16:00까지 납부(2일간 예정)
나. 대상자 : 예비수강신청서 제출한 자
다. 수강료 : 250,000원
라. 납부방법
① 납부기간내 다음 계좌로 해당금액을 무통장 입금(인터넷, 모바일, 폰뱅킹 가능)
은행명                                    계좌번호                            예금주명                       비고
우리은행                           1005-001-653861                   숭실대학교
※ 단, 폰뱅킹으로 납부한 경우 납부일, 납부금액, 학번, 이름을 포함하여 대학원으로
메일(grad@ssu.ac.kr) 발송(폰뱅킹은 송금자명 변경 불가)
② 송금자명에 ‘학번뒤 5자리+이름’을 기재(인터넷, 모바일 한글8자까지 입력 가능)
예) 1001947851 홍길동 ⇒ 47851홍길동(이름이 3글자 이상은 앞에서 3글자 입력)
2012. 5.
대 학 원 장"
english_language,2012학년도 대학원 후기모집 입학성적우수장학생 지원 안내,N/A,2013-01-16,https://englan.ssu.ac.kr/%eb%8c%80%ed%95%99%ec%9b%90/%ea%b3%b5%ec%a7%80%ec%82%ac%ed%95%ad/?term_id&slug=1278,"2012학년도 대학원 후기모집 신입생 선발과 관련하여, 2012학년도 대학원 후기모집 지원자 중 입학성적우수장학금 대상자가 있는 경우,
입학성적우수장학생 지원서 및 성적증명서를 2012년 4월 26일(목)까지 학과사무실로 제출하여 주시기 바랍니다.
1. 지원방법 : 지원서 및 성적증명서(열람용, F학점 포함)를 학과 사무실에 제출
2. 지원자격
가. 2012년 8월 본교 학부 졸업예정자
나. 수업연한 4년(8학기) 이내인 졸업예정자(건축학부 건축학전공 : 5년(10학기 이내))
다. 열람용(F학점 포함) 직전 3학기 기준으로 하여 성적 평균평점 3.75 이상인 자
3. 수혜기간 : 2년(4학기)
4. 지원금액 : 다음 사항을 제외하고는 수업료 전액 지급
가. 학과 내 두 가지 이상 과정의 운영으로 수업료가 상이한 경우, 가장 적은 금액으로
지급 (예 : 복수학위과정)
나. 입학성적우수장학생이 교육조교를 겸하는 경우에는 해당 입학성적우수장학금의 반액으로 지급
5. 선    발 : 지원자격을 만족하는 자 중에서 다음 기준에 따라 배정인원 범위내 선발
가. 8학기(건축학부 건축학전공 10학기) 재학생 중 직전 3학기 성적(열람용, F학점 포함)
평균평점 기준 상위 25% 이내인 자
나. 선발시 선발학과 내 동일학과 졸업예정자를 우선으로 선발하며, 타학과 졸업예정자는
후순위로 선발
6. 입학성적우수장학생 의무 준수사항
1). 입학성적우수장학생은 입학 후 매학기 성적이 A-(4.00)를 유지하여야만 장학금 수혜를 받을 수 있다.
2). 입학성적우수장학생은 입학 후 휴학을 할 수가 없으며, 휴학을 할 경우 자격이 상실된다.
단, 질병(진단서 제출), 군입대(입영통지서 제출), 기타 사고 등은 예외로 한다.
3). 입학성적우수장학생에게는 입학 후 학과주임교수가 필요시 교육 및 연구 지원업무를 담당하게
할 수 있으며, 불응할 경우 자격을 상실한다.
붙임 : 입학성적우수장학생 지원서 1부."
