department,title,author,date,link,content
german_language,[공지] 원어연극부 「die Bühne」 2026학년도 연출 모집,N/A,2025-11-04,https://gerlan.ssu.ac.kr/%ed%95%99%ea%b3%bc%ec%82%ac%eb%ac%b4%ec%8b%a4%ec%95%8c%eb%a6%bc/%ea%b3%b5%ec%a7%80%ec%82%ac%ed%95%ad/?term_id&slug=38758,"독어독문학과 원어연극부 「die Bühne」의 2026학년도 연출을 모집합니다.
대상: 독어독문학과 재학생 및 휴학생
기간: 11/4 화요일 ~ 11/14 금요일
면접일자: 추후안내예정
제출서류: 지원서, 기획안 (첨부파일 확인)
– 지원서는 첨부파일 양식 이용
– 기획안은 참고용으로 작가 및 작품 소개, 연출 의도 위주로 자유롭게 작성 (ppt 이용)
지원을 희망하는 학생은 기간 내에 독어독문학과 메일(gerlan@ssu.ac.kr)로 지원서 및 기획안을 제출해주시기 바랍니다.
서류 검토 후 면접대상자에게 별도로 연락 드리겠습니다."
german_language,[공지] 2025-2학기 졸업논문 및 졸업심사자료 제출 안내,N/A,2025-09-10,https://gerlan.ssu.ac.kr/%ed%95%99%ea%b3%bc%ec%82%ac%eb%ac%b4%ec%8b%a4%ec%95%8c%eb%a6%bc/%ea%b3%b5%ec%a7%80%ec%82%ac%ed%95%ad/?term_id&slug=38748,"1. 제출기한 : 2025년 12월 5일 (금) 17:00
2. 제출장소 : 독어독문학과 사무실(조만식기념관 642호) 또는 독어독문학과 이메일 gerlan@ssu.ac.kr
3. 대상자: 졸업논문계획서를 제출한 졸업예정자 (아래 참고)
가) 8학기 및 127학점 이상 취득 예상 재학생 혹은 수료생인 졸업예정자
나) 6~7학기 재학 중인 조기졸업 승인된 졸업예정자
다) 7학기 이수중인 학·석사 연계과정 승인된 졸업예정자
4. 논문양식
– 분량 : A4 20장 이상
– 글자크기 : 11
– 행간 : 180
– 폭, 여백은 편집하지 말 것
–
페이지 쪽수, 출처 반드시 기재할 것
–
파일명: 졸업심사자료_이름(학번)_논문/ZD  –  ex: 졸업심사자료_윤ㅇㅇ(20250000)_논문
5. 어학자격증 대체자 또한 기간 내 제출해야 함
6. 관련 문의는 독어독문학과 사무실로 해주시기 바랍니다.(02-820-0350)"
german_language,[공지] 2025-2학기 졸업논문계획서 제출 안내 (ZD 대체자도 필독),N/A,2025-09-10,https://gerlan.ssu.ac.kr/%ed%95%99%ea%b3%bc%ec%82%ac%eb%ac%b4%ec%8b%a4%ec%95%8c%eb%a6%bc/%ea%b3%b5%ec%a7%80%ec%82%ac%ed%95%ad/?term_id&slug=38745,"1. 제출기한 : 2025년 10월 10일(금) 17:00
2. 제출장소 : 독어독문학과 사무실(조만식기념관 642호) 또는 독어독문학과 이메일 gerlan@ssu.ac.kr
3. 대상자: 다음과 같은 졸업을 희망하는 학생
– 7학기 이상 이수중인 재학생
(*7학기 재학생은 제출 가능 대상으로, 제출 의무대상은 아님 (조기졸업 원하는 경우에는 반드시 제출))
– 수료생 전체
– *이전 학기에 제출한 학생은 제출할 필요 없음
– 내규에 따라서
24학번부터
졸업사정표
에
단일전공자는 전공(선택, 필수) 84학점
,
복수전공자는 전공(선택, 필수) 48학점을
수강하여야 졸업심사가 가능함
4. 작성방법
– ‘담당교수’란 기입하지 말 것
– ZD 대체자도 논문계획서를 작성해야 함  (예시 : ZD B1 대체)
–> ZD 제출 예정자: 제목/내용에 ‘ZD B1 대체’ 라고만 기입해주시면 됩니다. (논문 관련 내용 기재 불필요)
– 양식은 첨부파일 확인
(파일명: 졸업논문계획서_이름(학번)_논문/번역/ZD  –  ex: 졸업논문계획서_윤ㅇㅇ(20250000)_논문)"
german_language,[공지]독어독문학과 졸업심사자료 변경 안내,N/A,2025-02-05,https://gerlan.ssu.ac.kr/%ed%95%99%ea%b3%bc%ec%82%ac%eb%ac%b4%ec%8b%a4%ec%95%8c%eb%a6%bc/%ea%b3%b5%ec%a7%80%ec%82%ac%ed%95%ad/?term_id&slug=38695,"2025-1학기부터 적용되는 졸업심사자료 변동에 대한 내용입니다.
-제4조(졸업논문계획서 및 졸업심사자료 제출)의  “문학작품 번역” 삭제
따라서, 25-1학기부터 적용되는 졸업심사자료는 졸업논문, 독일어 국제공인 어학증명서 2가지입니다.
공지사항 숙지 후 졸업논문계획서 제출 부탁드립니다.
궁금한 점은 학과 사무실로 문의해주세요. (조만식기념관 642호 / 02-820-0350 / gerlan@ssu.ac.kr)"
german_language,[공지] ★중요★ 전공과목 이수 관련 변경사항 안내 (수정),N/A,2023-12-15,https://gerlan.ssu.ac.kr/%ed%95%99%ea%b3%bc%ec%82%ac%eb%ac%b4%ec%8b%a4%ec%95%8c%eb%a6%bc/%ea%b3%b5%ec%a7%80%ec%82%ac%ed%95%ad/?term_id&slug=38228,"전공과목 이수 관련 변경사항을 안내합니다.
유세인트 시간표에는 변경 후 내용이 반영되어 있습니다.
공지사항 숙지 후 반드시 본인 학번에 맞게 수강신청 하시기 바랍니다.
궁금한 점은 학과 사무실로 문의해주세요.
(조만식기념관 642호 / 02-820-0350 / gerlan@ssu.ac.kr)
1. 변경사항
(1) 1학년 전공과목
이수구분
변경
– 2024학년도부터 학번 관계없이 모든 학생에게 적용됩니다.
– 2024학년도 이전에 수강한 1학년 전공과목은 ‘전공기초’ 학점으로 인정됩니다.
– 졸업요건 충족을 위하여 ‘전공기초’ 학점으로 인정받아야 하는 경우 이수구분변경을 신청하시기 바랍니다.
*학교 홈페이지 ‘교과과정의 이수’
– 학적변동 및 교과과정 변경이 된 경우에는 교양필수, 전공기초(계열기초), 전공필수, 복수전공필수, 부전공필수, 연계전공 필수 등은 입학년도 당시에 편성된 교과목을 반드시 이수하여야 하는 것은 아니며, 학적변동 및 교과과정 변경 후 이수하는 시점의 이수구분을 기준으로 지정된 학점 이상을 충족하여야 합니다.
(2)
전공이수학점
변경
–
학번 별로 상이하니
본 공지사항의 ‘3. 학번 별 전공과목 최소 이수학점’ 및 ‘입학년도 기준 이수구분별 학점 이수체계표’ 참고 바랍니다.
(입학년도 기준 이수구분별 학점 이수체계표:
ssu.ac.kr/학사/교육·교과과정/교과과정/교과과정의-이수
)
–
독어독문학과에는 전공이수학점과 관련하여
별도 내규(제3조)
가 있습니다. 반드시 확인하시고 졸업에 차질 없기 바랍니다. (24학번부터 변경)
*학교 홈페이지 ‘교과과정의 이수’
– 이수구분별 이수학점은 입학년도(학번)을 기준으로 합니다.
(3) 1학년 전공과목
복수/부전공선택 인정
(독문과 다전공 중인 타학과 학생 해당 사항)
– 1학년 전공과목들이 복수/부전공선택 학점으로 인정되지 않았으나,
2024학년도부터는 인정
됩니다.
– 2024학년도 이전에 수강한 경우 복수선택 학점으로 인정되지 않습니다.
– 복수/부전공필수 과목은 전 학번 모두 없습니다.
*관련 규정
(학칙시행세칙(학사과정))
제48조(이수학점)
③ 복수전공 학과(부)의 전공기초과목은 복수전공 이수학점으로 인정하지 않는다. 단, 전공기초과목 중 복수전공 필수과목인 경우는 예외로 한다.
-> 2024학년도부터 1학년 전공과목들의 이수구분이 전공기초에서 전공필수 및 전공선택으로 변경되어 인정 가능해졌습니다
.
2. 학번 별 전공과목 최소 이수학점
(※ 독어독문학과 내규를 반드시 확인 바랍니다.)
(1) 2023학년도 입학자까지
※ 졸업사정표에 다음과 같이 기재되어 있어야
졸업심사가 가능함
(부전공의 경우 단일전공자와 동일)
– 단일전공자(전공 최소 75학점 이수): 전공기초 15학점, 전공 60학점(전공선택)
– 복수전공자(전공 최소 57학점 이수): 전공기초 15학점, 전공 42학점(전공선택)
(2023학년도까지 전공기초 미수강한 경우 1학년 전공과목 수강 후 졸업 전 이수구분변경 신청 필요)
(2)
2024학년도 입학자부터
※ 졸업사정표에 다음과 같이 기재되어 있어야
졸업심사가 가능함
(부전공의 경우 단일전공자와 동일)
– 단일전공자(전공 최소 84학점 이수): 전공필수 12학점, 전공 84학점(전공필수+전공선택)
– 복수전공자(전공 최소 48학점 이수): 전공필수 12학점, 전공 48학점(전공필수+전공선택)
※ 즉, 24학번부터는 졸업사정표 전공 계산값에
단일전공자 84학점, 복수전공자 48학점 이상
기재 되어있어야 졸업심사 가능
(‘충족’ 판정되었어도 반드시 학과 내규에 따른 학점을 채워야 함)
3. 예시
–
22학번
이 ‘독일명작의이해’ 수강 후 ‘전공선택’으로 이수구분 변경
절대 불가
(‘전공기초’ 학점으로 인정받아야 졸업 가능)
– 단일전공
23학번
이 2024학년도에 1학년 전공과목 수강 시 전공기초로
‘이수구분변경’ 신청 필요
(2023학년도까지 수강한 내역은 ‘전공기초’로 자동 인정)
– 독문과 복수전공 중인 타학과 학생이 2024학년도에 ‘집중독일어1’ 수강 시
‘복수선택’ 학점으로 인정O"
german_language,2025년 제9회 교수협의회 장학생 선발결과,N/A,2025-10-29,https://gerlan.ssu.ac.kr/%ed%95%99%ea%b3%bc%ec%82%ac%eb%ac%b4%ec%8b%a4%ec%95%8c%eb%a6%bc/%ea%b3%b5%ec%a7%80%ec%82%ac%ed%95%ad/?term_id&slug=38756,"2025학년도 제9회 숭실대학교 교수협의회 장학생 수상자는 다음과 같습니다.
<진리상>
김*인(24학번)
<봉사상>
민*연(22학번)
수상을 축하드립니다!"
german_language,2025년 숭실대학교 교수협의회 장학생 선발 안내,N/A,2025-09-10,https://gerlan.ssu.ac.kr/%ed%95%99%ea%b3%bc%ec%82%ac%eb%ac%b4%ec%8b%a4%ec%95%8c%eb%a6%bc/%ea%b3%b5%ec%a7%80%ec%82%ac%ed%95%ad/?term_id&slug=38750,"2025년 숭실대학교 교수협의회 장학생 선발 안내
2025학년도 숭실대학교 교수협의회 장학생 선발을 다음과 같이 안내하오니 본교 학부 재학생(휴학생, 졸업유예 포함)의 많은 신청 바랍니다.
– 다 음 –
1. 수상내역
1) 학술영역 진리상: 전공영역과 관련하여 대외적으로 학교의 명예를 드높이거나, 대내적으로 전공과 관련한 학술활동에 적극적으로 참여한 자.
2) 봉사영역 봉사상: 봉사활동을 통하여 국가 및 지역 사회에 도움을 주고자 적극적으로 활동함으로써 학교의 명예를 드높인 자.
2. 선발인원
1) 진리상: 5명
2) 봉사상: 5명
3. 포상대상 및 포상내역
1) 포상대상: 본교 학부 재학생(휴학생, 졸업유예 포함)
2) 포상내역: 교수협의회에서 수여하는 장학증서와 포상금
(장학금 1인당 1,000,000원, 국가장학금과 중복 수혜가능)
4. 수상자 발표: 2025년 10월 14일(화) 예정
교수협의회 홈페이지 공지사항 (
https://prof.or.kr/)
5. 장학증서 수여식: 2025년 10월 17일(금) 예정 (개교기념일 수여식 행사)
6. 제출서류
1) 신청서(소정양식) 1부
2) 재학증명서 1부
3) 성적증명서 1부 (2025학년도 1학기 포함하여 재학기간 전체)
4) 추천서
– 자유양식, 추천인(교수 및 외부인사)이 직접 교협 메일로 추천서 송부
① 진리상: 소속학과(부) 전임교수 2인
② 봉사상: 소속학과(부) 전임교수 1인과 봉사관련 외부 인사 1인
5) 해당 영역 활동사항 및 사항별 증빙자료
6) 기타 심사에 도움이 되는 자료
7. 신청기간: 2025년 9월 22일(월)~10월 10일(금) 오후 5시
8. 접수 및 문의:
prof@ssu.ac.kr
(이메일로만 접수 받습니다.)
교수협의회 사무국 (02-820-0860)"
german_language,독어독문학과 신우회 관련 안내,N/A,2025-09-01,https://gerlan.ssu.ac.kr/%ed%95%99%ea%b3%bc%ec%82%ac%eb%ac%b4%ec%8b%a4%ec%95%8c%eb%a6%bc/%ea%b3%b5%ec%a7%80%ec%82%ac%ed%95%ad/?term_id&slug=38742,"안녕하세요, 학생 여러분!
새 학기가 시작되었네요. 여름방학은 잘 보내셨나요?
새로운 시작을 맞아 우리 학과 기독교 신우회 모임을 다시 시작하려고 합니다. 믿음에 관심 있는 분, 함께 교제하고 싶은 분, 신앙에 대해 궁금한 점이 있는 분 모두 환영합니다!
편안하고 따뜻한 분위기에서 함께 교제하고, 기도하며 서로에게 힘이 되어주는 모임이 되었으면 합니다. 관심 있는 분들은 아래 기간 내에 신청해주세요.
지도교수: 김대권 교수님
신청기간: 2025년 9월 1일(월) ~ 9월 15일(월)
신청메일:
saarkim@ssu.ac.kr
신우회 모임은 교목실과 협력하여 진행될 예정이며, 자세한 모임 일정과 장소는 신청자분들께 개별적으로 안내해 드릴게요. 여러분의 많은 관심과 참여 바랍니다!"
german_language,[공지]2025학년도 2학기 백마성적우수장학생 선발기준 안내,N/A,2025-07-09,https://gerlan.ssu.ac.kr/%ed%95%99%ea%b3%bc%ec%82%ac%eb%ac%b4%ec%8b%a4%ec%95%8c%eb%a6%bc/%ea%b3%b5%ec%a7%80%ec%82%ac%ed%95%ad/?term_id&slug=38738,"1. 자격요건
가.
2025학년도 2학기 국가장학금을 신청하여 소득분위 조회가 가능한 자
1) 국가장학금 1차 신청자에 한하여 등록금고지서 사전감면
2) 1차 미신청자: 2차 신청/서류제출 확인 후 지급
(2차 신청자 중 한국장학재단 구제신청 시 사후지급)
3) 국가장학금을 신청할 수 없는 대한민국 국적 미소지자도 선발 가능
(단, 순수외국인전형으로 입학한 외국인유학생은 선발 불가)
나. 2025학년도 2학기 재학 및 복학 예정자로 해당 학기 등록금 납부 예정인 자
1) 2025학년도 2학기 前 등록휴학 후 복학 시 선발 대상에서 제외(등록대체자)
2) 학기 중 미등록, 입학취소, 복학취소 등으로 인한 학적변동 시 모든 장학금 취소
3) 선발 후, 학기 시작 준 또는 중도 휴학 시 백마성적우수장학금은 복학 학기로 이월
※ 추가 또는 교체 선발 시 재학 중인 학생만 선발 가능(휴학생에 대한 추가/교체 불가)
다. 직전 학기 15학점 이상 이수한 자(졸업 직전학기는 직전학기 12학점 이상)
라. 2025학년도 2학기가 정규등록학기 8학기 이내인 자(건축학부 건축학전공: 정규등록 10학기 이내인 자)
마. F학점 포함 학적부성적 기준 직전 학기
3.8 이상
인 자
바. 모든 교내장학금간 중복수혜 불가
1) 신청장학금 중 수혜금액이 큰 장학금으로 자동 선발
2) 중복수혜 가능 장학금: 국가장학금, 교외장학금, 학과우수장학금, 기타 학업장려비 지원 목적 장학금 등
사. 졸업예정자 선발 불가(조기졸업 대상자 포함)하므로 유의
2. 2025학년도 2학기 독어독문학과 선발 세부기준 (근거: 독어독문학과 내규)
– 선발 인원: 전액 1명, 반액 1명, 25% 12명
– 백마성적우수장학생 기본 자격요건에 부합하는 학생
– 전체 평점평균 순으로 배정 (평점평균 동점시 평점계 순, 평점계도 동점시 산술평균 순)
– 학과 소속 학생을 대상으로 하는 장학금이므로 타학과로 전과가 정해진 학생은 선발대상에서 제외한다.
– 1학년의 경우에는 1학기에 독어독문학과 전공과목을 2과목 이상, 2학기에 독어독문학과 전공과목을 1과목 이상 수강해야 한다."
german_language,"[공지] ZD B1(25년 7, 8월 시험) 대비 현희교수님 특강 안내",N/A,2025-06-12,https://gerlan.ssu.ac.kr/%ed%95%99%ea%b3%bc%ec%82%ac%eb%ac%b4%ec%8b%a4%ec%95%8c%eb%a6%bc/%ea%b3%b5%ec%a7%80%ec%82%ac%ed%95%ad/?term_id&slug=38734,"2025년 7, 8월에 실시되는 ZD B1 시험 대비 현희 교수님 특강을 신청 받습니다.
1. 특강정보
– 수강대상: 2025년 7, 8월 시험 응시자
– 특강신청기한: ~6/18 (수) 17시
– 특강방식: Zoom 으로 수업 (Model Test 이용하여 쓰기, 말하기 위주로 진행)
– 특강일정: 첫 미팅 6/20 (금) 08시 (첫 미팅에서 추후 일정 정해질 예정)
2. 시험정보
– 시험일자:
7/30
8/5, 8/13
8/27
– 시험접수기간:
6/17~6/20
7/1~7/4
7/15~7/18
* 단체접수는 더 이상 제공되지 않으며, 자세한 사항은 주한독일문화원 홈페이지 참고 바랍니다.
3. 특강신청방법
학과 메일(gerlan@ssu.ac.kr)로 신청 (이름, 학번, 연락처 기재)
(추후에 학과 사무실에서 신청자 대상으로 연락 드리겠습니다.)"
german_language,2025학년도 1학기 특별재난지역(산불피해)지원 장학금 장학생 선발,N/A,2025-04-28,https://gerlan.ssu.ac.kr/%ed%95%99%ea%b3%bc%ec%82%ac%eb%ac%b4%ec%8b%a4%ec%95%8c%eb%a6%bc/%ea%b3%b5%ec%a7%80%ec%82%ac%ed%95%ad/?term_id&slug=38726,"1. 지원목적: 2025년 산불 화재로 경제적 곤란과 어려움에 처한 학생에게 장학금 지원하여 학비 부담을 경감하고 학업에 대한 동기를 부여하고자 함
2. 지원대상: 2025년 산불로 인하여 피해를 입은(학부모 또는 학생이 특별재난지역 거주)학부 재학생
3. 자격요건
가. 2025학년도 1학기 등록한 학부 재학생
나. 2025년 산불로 인한 피해 사실이 확인된 자
다. 정규등록 8학기 이내인 자(건축학과 건축학전공은 정규등록 10학기 이내)
4. 지원금액: 피해사실확인서에 따라 학교가 정한 금액
(생활비 지원 목적 최대 300만 원)
5. 선발일정 및 제출서류
가. 일정
1) 신청기간: 2025.5.23.(금) 15:00까지
2) 결과발표: 2025.5.30.(금) 예정
3) 장학금지급: 6월 중
(대표학생 10명에게 해당 장학금 기부자에 대한 감사편지를 요청드릴 수 있으니 양해부탁드립니다.)
나. 제출서류
1) 장학금 신청서(붙임파일)
2) 피해사실확인서(관할 주소지 행정복지센터 등 관공서에서 발행)
3) 가족관계증명서(피해자와의 관계 확인용)
※ 제출서류는 2025년 3월 이후 발급분에 한하여 유효함
다. 신청방법: 제출서류를 장학팀 이메일(
ser@ssu.ac.kr
)로 송부
6. 문의: 학생처 장학팀 교외장학 담당(02-820-0819)"
german_language,“독일(어)과 나”글쓰기 대회 안내,N/A,2025-04-21,https://gerlan.ssu.ac.kr/%ed%95%99%ea%b3%bc%ec%82%ac%eb%ac%b4%ec%8b%a4%ec%95%8c%eb%a6%bc/%ea%b3%b5%ec%a7%80%ec%82%ac%ed%95%ad/?term_id&slug=38723,"한국독일어교육학회와 LVK가 공동 주최하는 “독일(어)과 나” 글쓰기 대회에 대해 안내 드립니다.
대상은 한국 내 독일어를 학습 중인 대학생이며, 전공생이 아니더라도 참여 가능합니다.
자세한 기준 및 글쓰기 주제는 첨부드린 포스터를 참고해주시면 감사하겠습니다.
우수작은 6월 6일 주한 독일대사관저에서 열리는 30주년 기념 행사에서 낭독 및 시상되며, 「DaF-Szene Korea」에도 게재됩니다.
응모 는 5월 9일(목)까지 kontakt@lvk-info.org 로 제출해주시면 됩니다."
german_language,[공지] 2025학년도 보훔대학교 교환학생 및 독일 현지 여름학교 지원 선발 결과,N/A,2025-03-28,https://gerlan.ssu.ac.kr/%ed%95%99%ea%b3%bc%ec%82%ac%eb%ac%b4%ec%8b%a4%ec%95%8c%eb%a6%bc/%ea%b3%b5%ec%a7%80%ec%82%ac%ed%95%ad/?term_id&slug=38719,"1. 보훔대학교 교환학생
– 2023**** 정*인
2. 독일 현지 여름학교 지원
– 2024**** 이*원"
german_language,2025학년도 국가우수장학금(인문100년 · 예술체육비전) 신규장학생 사전신청 안내,N/A,2025-03-26,https://gerlan.ssu.ac.kr/%ed%95%99%ea%b3%bc%ec%82%ac%eb%ac%b4%ec%8b%a4%ec%95%8c%eb%a6%bc/%ea%b3%b5%ec%a7%80%ec%82%ac%ed%95%ad/?term_id&slug=38715,"1. 장학금명 및 지원대상
장학금명
유형
지원기간
지원대상
인문
100년
전공탐색
정규학기 내 최대
8학기
인문사회계열 학과(부)
2025학년도 신입생
전공확립
정규학기 내 최대
4학기
인문사회계열 학과(부)
3학년 재학생
예술체육
비전
전공탐색
정규학기 내 최대
8학기
예술 및 체육계열 학과(부)
2025학년도 신입생
전공확립
정규학기 내 최대
4학기
예술 및 체육계열 학과(부)
3학년 재학생
※ 지원 시 주의사항
가. 예술체육비전 지원 가능 학과(부): 예술창작학부 영화예술전공 및 스포츠학부
나. 예술창작학부 문예창작전공: 인문100년으로 신청
2. 지원내용
가. Ⅰ유형: 수업료 전액, 생활비 250만원(학기당)
나. Ⅱ유형: 수업료 전액
※ 기초생활수급자의 경우 유형에 상관없이 생활비 250만원(학기당) 추가 지원
3. 선발기준 및 기본자격
가. 선발기준: 학업성적, 학생 역량(전공분야 우수성, 성장가능성 등), 경제적 수준을 고려하여 대학 자체 선발
※ 대학 자체 선발 기준 배정인원 확정 후 별도 안내
나. 기본자격
1) 전공탐색유형(1학년): 성적 및 이수학점 기본자격 요건 없음
2) 전공확립유형(3학년): 직전학기까지의 총 평균성적 백분위 90점 이상 또는 평점 3.6이상, 취득 이수학점이 졸업이수학점의 40% 이상
4. 학생 사전 신청(붙임 매뉴얼 참고)
가. 신청기간: 2025.03.26.(수) 09:00 ~ 04.16.(수) 18:00 까지
나. 신청방법: 한국장학재단 홈페이지(
http://www.kosaf.go.kr)를
통해 신청자 본인(학생) 인증서를 필수 지참하여 신청
다. 제출서류(필수): 학업계획서를 지정된 파일형식으로 제출
※ 온라인 사전 신청을 우선적으로 진행하며, 배정인원 확정 후 추가 서류제출 및 심사 관련 사항 추후 별도 안내
5. 추진 일정
가. (재단) 신규장학생 배정 결과 안내: 4월 중
나. (대학) 신규장학생 선발 및 추천: 4월~5월 중
다. (재단) 장학생 최종 선정 및 발표: 6월 중(예정)
※ 상기 일정은 향후 사업 진행상황에 따라 변동 가능
6. 문의
가. 한국장학재단 상담센터: 1599-2290
나. 학생처 장학팀: 02-820-0166"
german_language,[공지] 2025-1학기 졸업논문 및 졸업심사자료 제출 안내,N/A,2025-03-12,https://gerlan.ssu.ac.kr/%ed%95%99%ea%b3%bc%ec%82%ac%eb%ac%b4%ec%8b%a4%ec%95%8c%eb%a6%bc/%ea%b3%b5%ec%a7%80%ec%82%ac%ed%95%ad/?term_id&slug=38711,"1. 제출기한 : 2025년 6월 1일 (일) 17:00
2. 제출장소 : 독어독문학과 사무실(조만식 642호) / 독어독문학과 이메일 gerlan@ssu.ac.kr
3. 대상자: 졸업논문계획서를 제출한 졸업예정자(아래 참조)
가) 8학기 및 127학점 이상 취득 예상 재학생 혹은 수료생인 졸업예정자
나) 6~7학기 재학 중인 조기졸업 승인된 졸업예정자
다) 7학기 이수중인 학·석사 연계과정 승인된 졸업예정자
라)
내규에 따라서
24학번부터
졸업사정표
에
단일전공자는 전공(선택, 필수) 84학점
,
복수전공자는 전공(선택, 필수) 48학점을 수강하여야
졸업심사가 가능함
4. 논문양식
– 분량 : A4 20장 이상
– 글자크기 : 11
– 행간 : 180
– 폭, 여백은 편집하지 말 것
–
파일명: 졸업심사자료_이름(학번)_논문/ZD  –  ex: 졸업심사자료_윤ㅇㅇ(20250000)_논문
5. 어학자격증 대체자 또한 기간 내 제출해야 함
6. 관련 문의는 독어독문학과 사무실로 해주시기 바랍니다.(02-820-0350)"
german_language,[공지] 2025-1학기 졸업논문계획서 제출 안내 (ZD  대체자도 필독),N/A,2025-03-12,https://gerlan.ssu.ac.kr/%ed%95%99%ea%b3%bc%ec%82%ac%eb%ac%b4%ec%8b%a4%ec%95%8c%eb%a6%bc/%ea%b3%b5%ec%a7%80%ec%82%ac%ed%95%ad/?term_id&slug=38709,"1. 제출기한 : 2025년 4월 11일(금) 17:00
2. 제출장소 : 독어독문학과 사무실(조만식 642호) 또는 독어독문학과 이메일 gerlan@ssu.ac.kr
3. 대상자: 다음과 같은 졸업을 희망하는 학생
– 7학기 이상 이수중인 재학생
(*7학기 재학생은 제출 가능 대상으로, 제출 의무대상은 아님 (조기졸업 원하는 경우에는 반드시 제출))
– 수료생 전체
– *이전 학기에 제출한 학생은 제출할 필요 없음
– 내규에 따라서
24학번부터
졸업사정표
에
단일전공자는 전공(선택, 필수) 84학점
,
복수전공자는 전공(선택, 필수) 48학점을
수강하여야 졸업심사가 가능함
4. 작성방법
– ‘담당교수’란 기입하지 말 것
– ZD 대체자도 논문계획서를 작성해야 함 (예시 : ZD B1 대체)
–> ZD 제출 예정자: 제목/내용에 ‘ZD B1 대체’ 라고만 기입해주시면 됩니다. (논문 관련 내용 기재 불필요)
– 양식은 첨부파일 확인 (파일명: 졸업논문계획서_이름(학번)_논문/ZD – ex: 졸업논문계획서_윤ㅇㅇ(20250000)_논문)"
german_language,[공지] 2025학년도 보훔대학교 교환학생 선발 및 독일 현지 여름학교 지원 안내,N/A,2025-03-04,https://gerlan.ssu.ac.kr/%ed%95%99%ea%b3%bc%ec%82%ac%eb%ac%b4%ec%8b%a4%ec%95%8c%eb%a6%bc/%ea%b3%b5%ec%a7%80%ec%82%ac%ed%95%ad/?term_id&slug=38704,"독일 보훔대학교 교환학생 선발
– 신청기간 : 2025년 3월 6일(목) ~ 3월 25일(화) 17:00
– 신청대상 : 독어독문학과 학부생(휴학생 포함)
– 선발인원 : 2명
– 제출서류 :
1) 자기계획서(국문 1부/지원동기와 학업계획 포함/A4용지 2~3장 내외)
2) 성적증명서(국문 1부)
3) 독일어 국제공인 어학증명서(ZD, TestDaf/B1 이상 취득자에 한함)
– 파견기간 : 1년(2025년 9월 ~ 2026년 8월)
– 제출방법 : 독어독문학과 이메일(gerlan@ssu.ac.kr)
– 선발방법 : 서류심사 + 면접
– 면접 일시와 장소: 3월 27일(목) 18:00, 조만식기념관 642호
– 참고사항
1) 3학년 1학기 재학생까지 신청 가능(3학년 2학기 재학생부터 신청 불가)
2) 면접은 상황에 따라 화상면접으로 진행될 수도 있음
독일 현지 여름학교 어학연수 지원
독일 현지 대학교(쾰른, 킬, 뮌헨대학교 등)에서 개설하는 여름학교(Sommerschule) 프로그램(4주간 진행)에서 어학연수를 원하는 학생에게 장학금(100만원)을 지원합니다.
– 신청기간 : 2025년 3월 6일(목) ~ 3월 25일(화) 17:00
– 신청대상 : 독어독문학과 학부생
– 선발인원 : 1명(전 학년 대상)
– 제출서류 :
1) 자기소개서(국문 1부, A4용지 1~2장 내외)
2) 학업계획서(지원동기 포함, 국문 1부, A4용지 1~2장 내외)
– 제출방법 : 독어독문학과 이메일(
gerlan@ssu.ac.kr
)
– 선발방법 : 서류심사 + 면접
– 면접일시와 장소 : 3월 27일(목) 18:00, 조만식기념관 642호
– 참고사항
1) “교환학생 프로그램”과 중복 수혜 불가
2) 전과 시 어학연수 지원 장학금은 학과에 환불해야 함"
german_language,[공지]2025학년도 1학기 백마성적우수장학생 선발기준 안내,N/A,2025-01-08,https://gerlan.ssu.ac.kr/%ed%95%99%ea%b3%bc%ec%82%ac%eb%ac%b4%ec%8b%a4%ec%95%8c%eb%a6%bc/%ea%b3%b5%ec%a7%80%ec%82%ac%ed%95%ad/?term_id&slug=38675,"1. 자격요건
가. 2025학년도 1학기 국가장학금을 신청하여 소득분위 조회가 가능한 자
1) 국가장학금 1차 신청자에 한하여 등록금고지서 사전감면
2) 1차 미신청자: 2차 신청/서류제출 확인 후 지급
(2차 신청자 중 한국장학재단 구제신청 시 사후지급)
3) 국가장학금을 신청할 수 없는 대한민국 국적 미소지자도 선발 가능
(단, 순수외국인전형으로 입학한 외국인유학생은 선발 불가)
나. 2025학년도 1학기 재학 및 복학 예정자로 해당 학기 등록금 납부 예정인 자
1) 2025학년도 1학기 前 등록휴학 후 복학 시 선발 대상에서 제외(등록대체자)
2) 학기 중 미등록, 입학취소, 복학취소 등으로 인한 학적변동 시 모든 장학금 취소
3) 선발 후, 학기 중 휴학 시 백마성적우수장학금은 복학 학기로 이월
※ 추가 또는 교체 선발 시 재학 중인 학생만 선발 가능(휴학생에 대한 추가/교체 불가)
다. 직전 학기 15학점 이상 이수한 자(졸업 직전학기는 직전학기 12학점 이상)
라. 2025-1학기가 정규등록학기 8학기 이내인 자(건축학과 건축학전공: 정규등록 10학 기 이내인 자)
마. F학점 포함 학적부성적 기준 직전 학기
3.8 이상
인 자
바. 모든 교내장학금간 중복수혜 불가
1) 신청장학금 중 수혜금액이 큰 장학금으로 자동 선발
2) 중복수혜 가능 장학금: 국가장학금, 교외장학금, 학과우수장학금, 기타 학업장려비 지원 목적 장학금 등
사. 졸업예정자 선발 불가(조기졸업 대상자 포함)하므로 유의
2. 2025학년도 1학기 독어독문학과 선발 세부기준 (근거: 독어독문학과 내규)
– 선발 인원: 전액 1명, 반액 1명, 25% 12명
– 백마성적우수장학생 기본 자격요건에 부합하는 학생
– 전체 평점평균 순으로 배정 (평점평균 동점시 평점계 순, 평점계도 동점시 산술평균 순)
– 학과 소속 학생을 대상으로 하는 장학금이므로 타학과로 전과가 정해진 학생은 선발대상에서 제외한다.
– 1학년의 경우에는 1학기에 독어독문학과 전공과목을 2과목 이상, 2학기에 독어독문학과 전공과목을 1과목 이상 수강해야 한다."
german_language,2025학년도 1학기 교내장학금 시행 및 신청 안내,N/A,2024-12-18,https://gerlan.ssu.ac.kr/%ed%95%99%ea%b3%bc%ec%82%ac%eb%ac%b4%ec%8b%a4%ec%95%8c%eb%a6%bc/%ea%b3%b5%ec%a7%80%ec%82%ac%ed%95%ad/?term_id&slug=38665,"2025학년도 1학기 교내장학금 시행 및 신청 관련하여 다음과 같이 안내합니다
1. 교내장학금 자격요건
가. 2025학년도 1학기 국가장학금 신청(1차: 2024.12.26(목) 18:00까지 신청 가능) 및
서류 제출을 완료하고 소득분위가 조회된 자(국가장학금 지급 대상 분위의 경우 심사
가 완료된 자)
나. 2025학년도 1학기 재학 및 복학(예정)자로 등록금 납부 예정인 자
1) 2025학년도 1학기 前 등록휴학 후 복학 시 장학생 선발대상에서 제외
2) 미등록, 입학취소, 복학취소, 휴학 등 학적변동 시 모든 장학금 취소
다. 직전학기 15학점 이상 이수한 자(최종 직전학기는 12학점)
라. 정규등록학기가 8학기 이내인 자(건축학부 건축학전공은 10학기 이내)
2. 학생 신청절차
가. 온라인 신청 및 서류제출기간 :
2024.12.23(월)10:00 ~ 2025.01.10(금)24:00
※ 2차: 2025. 03. 03(월)~ 2025. 03. 28(금) 예정
나. 학생 신청방법: u-SAINT포털 → 등록/장학 → 장학메뉴 → 장학금 신청
다. 학생 서류제출: 온라인 신청기간 내 방문 및 등기우편제출 가능(세부내용 붙임 파일 참
조)※ 단, 전문자격시험합격자장학금의 경우 등기우편 불가"
german_language,2024 한국독어독문학과 블릭움블릭 대학생 소논문 공모전 수상,N/A,2024-12-09,https://gerlan.ssu.ac.kr/%ed%95%99%ea%b3%bc%ec%82%ac%eb%ac%b4%ec%8b%a4%ec%95%8c%eb%a6%bc/%ea%b3%b5%ec%a7%80%ec%82%ac%ed%95%ad/?term_id&slug=38658,"동상 수상자: 김*인(24학번)
수상 소논문:
소셜로봇과 인간의 교류로 인해 발생하는 인간관계 문제와 현실 고립성 – 에.테.아. 호프만의 『모래 사나이』 속 올림피아를 소셜로봇의 관점으로
수상을 축하합니다!"
german_language,[공지] ZD B1(25년 1월 시험) 대비 현희교수님 특강 안내,N/A,2024-12-04,https://gerlan.ssu.ac.kr/%ed%95%99%ea%b3%bc%ec%82%ac%eb%ac%b4%ec%8b%a4%ec%95%8c%eb%a6%bc/%ea%b3%b5%ec%a7%80%ec%82%ac%ed%95%ad/?term_id&slug=38656,"2025년 1월에 실시되는 ZD B1 시험 대비 현희 교수님 특강을 신청 받습니다.
1. 특강정보
– 수강대상: 2025년 1월 시험 응시자
– 특강신청기한: ~12/19 (목) 17시
– 특강방식: Zoom 으로 수업 (Model Test 이용하여 쓰기, 말하기 위주로 진행)
– 특강일정: 첫 미팅 12/20 (금) 21시 (첫 미팅에서 추후 일정 정해질 예정)
2. 시험정보
– 시험일자: 1/8, 1/21
– 시험접수기간: 12/10~12/13
* 단체접수는 더 이상 제공되지 않으며, 자세한 사항은 주한독일문화원 홈페이지 참고 바랍니다.
3. 특강신청방법
학과 메일(gerlan@ssu.ac.kr)로 신청 (이름, 학번, 연락처 기재)
(추후에 학과 사무실에서 신청자 대상으로 연락 드리겠습니다.)"
german_language,[프리드리히 에버트 재단] 정규직 채용,N/A,2024-11-27,https://gerlan.ssu.ac.kr/%ed%95%99%ea%b3%bc%ec%82%ac%eb%ac%b4%ec%8b%a4%ec%95%8c%eb%a6%bc/%ea%b3%b5%ec%a7%80%ec%82%ac%ed%95%ad/?term_id&slug=38651,"프리드리히 에버트 재단 한국사무소/Friedrich Ebert Stiftung, Korea Office에서다음과 같이 정규직을 채용합니다
1. 근무지
프리드리히 에버트 재단 한국사무소
(Friedrich Ebert Stiftung Kroea Office; 서울시 종로구 소재)
2. 채용공고
– 포 지 션: Office and Project Assistant
– 모집부문: 정규직 (수습 6개월)
– 제출서류: 영문 이력서, 커버 레터 각 1부
– 접수기한: 2024. 12. 15. (일) 마감
3. 자격요건
– 대한민국 국적, 학사 졸업
– 영어(회화, 작문) 중급 이상
– 독어 가능자 우대 (필수요건은 아님)
4. 직무내용
별첨 모집공고 참조 요망"
german_language,"2024학년도 2학기 특별장학금(주거비, 교통비, 근면숭실, 가계곤란) 신청 안내",N/A,2024-11-04,https://gerlan.ssu.ac.kr/%ed%95%99%ea%b3%bc%ec%82%ac%eb%ac%b4%ec%8b%a4%ec%95%8c%eb%a6%bc/%ea%b3%b5%ec%a7%80%ec%82%ac%ed%95%ad/?term_id&slug=38639,"2024학년도 2학기 특별장학금(주거비, 교통비, 근면숭실, 가계곤란) 신청 안내입니다.
자세한 내용 및 신청은 첨부파일 확인 부탁드리겠습니다."
german_language,[공지] 원어연극부 「die Bühne」 2025학년도 연출 모집,N/A,2024-11-01,https://gerlan.ssu.ac.kr/%ed%95%99%ea%b3%bc%ec%82%ac%eb%ac%b4%ec%8b%a4%ec%95%8c%eb%a6%bc/%ea%b3%b5%ec%a7%80%ec%82%ac%ed%95%ad/?term_id&slug=38628,"독어독문학과 원어연극부 「die Bühne」의 2025학년도 연출을 모집합니다.
대상: 독어독문학과 재학생 및 휴학생
기간: 11/2 토요일 ~ 11/12 화요일
면접일자: 11/14 목요일 (시간은 차후 안내)
제출서류: 지원서, 기획안 (첨부파일 확인)
– 지원서는 첨부파일 양식 이용
– 기획안은 참고용으로 작가 및 작품 소개, 연출 의도 위주로 자유롭게 작성 (ppt 이용)
지원을 희망하는 학생은 기간 내에 독어독문학과 메일(gerlan@ssu.ac.kr)로 지원서 및 기획안을 제출해주시기 바랍니다.
서류 검토 후 면접대상자에게 별도로 연락 드리겠습니다."
german_language,[공지] 2024-2학기 졸업논문 및 졸업심사자료 제출 안내,N/A,2024-09-10,https://gerlan.ssu.ac.kr/%ed%95%99%ea%b3%bc%ec%82%ac%eb%ac%b4%ec%8b%a4%ec%95%8c%eb%a6%bc/%ea%b3%b5%ec%a7%80%ec%82%ac%ed%95%ad/?term_id&slug=38623,"1. 제출기한 : 2024년 12월 6일 (금) 17:00
2. 제출장소 : 독어독문학과 사무실(조만식기념관 642호) 또는 독어독문학과 이메일 gerlan@ssu.ac.kr
3. 대상자: 졸업논문계획서를 제출한 졸업예정자 (아래 참고)
가) 8학기 및 127학점 이상 취득 예상 재학생 혹은 수료생인 졸업예정자
나) 6~7학기 재학 중인 조기졸업 승인된 졸업예정자
다) 7학기 이수중인 학·석사 연계과정 승인된 졸업예정자
4. 논문양식
– 분량 : A4 20장 이상
– 글자크기 : 11
– 행간 : 180
– 폭, 여백은 편집하지 말 것
–
페이지 쪽수, 출처 반드시 기재할 것
–
파일명: 졸업심사자료_이름(학번)_논문/번역/ZD  –  ex: 졸업심사자료_김ㅇㅇ(20240000)_논문
5. 어학자격증 대체자, 번역 대체자 또한 기간 내 제출해야 함
6. 관련 문의는 독어독문학과 사무실로 해주시기 바랍니다.(02-820-0350)"
german_language,[공지] 2024-2학기 졸업논문계획서 제출 안내 (ZD 및 번역 대체자도 필독),N/A,2024-09-10,https://gerlan.ssu.ac.kr/%ed%95%99%ea%b3%bc%ec%82%ac%eb%ac%b4%ec%8b%a4%ec%95%8c%eb%a6%bc/%ea%b3%b5%ec%a7%80%ec%82%ac%ed%95%ad/?term_id&slug=38620,"1. 제출기한 : 2024년 10월 11일(금) 17:00
2. 제출장소 : 독어독문학과 사무실(조만식기념관 642호) 또는 독어독문학과 이메일 gerlan@ssu.ac.kr
3. 대상자: 다음과 같은 졸업을 희망하는 학생
– 7학기 이상 이수중인 재학생
(*7학기 재학생은 제출 가능 대상으로, 제출 의무대상은 아님 (조기졸업 원하는 경우에는 반드시 제출))
– 수료생 전체
– *이전 학기에 제출한 학생은 제출할 필요 없음
– 내규에 따라서
24학번부터
졸업사정표
에
단일전공자는 전공(선택, 필수) 84학점
,
복수전공자는 전공(선택, 필수) 48학점을
수강하여야 졸업심사가 가능함
4. 작성방법
– ‘담당교수’란 기입하지 말 것
– ZD, 번역 대체자도 논문계획서를 작성해야 함  (예시 : ZD B1 대체 / 번역 작품 *** 대체)
–> ZD 제출 예정자: 제목/내용에 ‘ZD B1 대체’ 라고만 기입해주시면 됩니다. (논문 관련 내용 기재 불필요)
–> 번역 예정자: 담당 교수님에게 번역할 텍스트를 받아서 번역하므로, 학과 조교에게 미리 문의하기 바랍니다. (02-820-0350)
– 양식은 첨부파일 확인
(파일명: 졸업논문계획서_이름(학번)_논문/번역/ZD  –  ex: 졸업논문계획서_김ㅇㅇ(20240000)_논문)"
german_language,「나라키움 대학생주택」 2024년 2학기(2024년 9~12월) 입주자 모집,N/A,2024-08-13,https://gerlan.ssu.ac.kr/%ed%95%99%ea%b3%bc%ec%82%ac%eb%ac%b4%ec%8b%a4%ec%95%8c%eb%a6%bc/%ea%b3%b5%ec%a7%80%ec%82%ac%ed%95%ad/?term_id&slug=38614,"󰊱 모집인원
(1인 1실)
구 분
전체인원
모집인원
남학생
여학생
남학생
여학생
대학생주택(마포)
12명
39명
2명
17명
대학생주택(강동)
13명
9명
6명
1명
* 대학생주택(마포): 서울 마포구 성산동 81-15
* 대학생주택(강동): 서울 강동구 성내동 466-4
** 상기 인원은 상황에 따라 변경될 수 있습니다.
󰊲 모집일정
모집공고
신청 접수 기간
합격자 발표
보증금, 임대료‧관리비 납부
입주서약서 제출
입주일
8.12.(월)
8.13.(화) 9:00
~8.19.(월) 18:00
8.20.(화) 11:00
8.21.(수) 11:00
~ 8.23.(금) 16:00
9.1.(일)
~
※ 신청기간 내 접수된 신청서는 8.31.까지 유효하며, 다음 학기 모집 시 재신청 필요합니다.
󰊳 입주자 자격요건 및 선정방법
(붙임1 참고)
순위
입주 대상자
입주 대상자간 경합 시(지역 순)
최우선
수도권(서울, 경기, 인천) 소재
대학교(전문대 포함) 재학생
최우선
: 취약계층
1순위
: 수도권 외 지역 거주자
2순위
: 수도권 지역 거주자
(서울 제외, 강화도 등 도서지역 우선)
3순위
: 서울특별시 거주자
4순위
: 2년 이상 거주 희망자
1
수도권(서울, 경기, 인천) 소재
대학원 재학생
2
대학교 휴학생
3
취업준비생
※ 입주 대상자간 경합 시 취약계층에 최우선으로 공급하며, 그 후 거주지역순(보호자 주소 기준)으로 입주자 선정
󰊴 거주기간 및 거주비용
:
(붙임1) 참고
󰊵 입주 신청 방법
(붙임1 참고)
ㅇ
(이메일 접수)
「나라키움 대학생주택」전용 이메일
(
narakium@ghp.kr
)
제출서류
*
접수
* 입주신청서(붙임2), 주민등록등본, 통장사본, 그 외 증빙서류 등
※ 자세한 사항은
GHP 공식 홈페이지
(http://www.ghp.kr)
참고 바랍니다.
󰊶 기타 문의
ㅇ 한국자산관리공사 수도권서부개발처(Tel: 02-3420-5434)
ㅇ 지에이치파트너즈(주) 계약행정센터(Tel: 010-8022-7028)"
german_language,[공지]2024학년도 2학기 한국장학재단 국가장학금 2차 신청 안내,N/A,2024-08-08,https://gerlan.ssu.ac.kr/%ed%95%99%ea%b3%bc%ec%82%ac%eb%ac%b4%ec%8b%a4%ec%95%8c%eb%a6%bc/%ea%b3%b5%ec%a7%80%ec%82%ac%ed%95%ad/?term_id&slug=38606,"가. 신청기간
: 2024.08.14.(수) 09:00~2024.09.11.(수) 18:00
나. 서류 제출 및 가구원 동의 기간
: 2024.08.14.(수) 09:00~2024.09.19.(목) 18:00
다.
신청대상
: 신입생(2학기 입학예정자), 편입생, 재입학생, 복학생 및 1차 신청을 놓친  재학생
※ 재학생은 원칙적으로 1차 신청 기간에만 신청 가능하며, 2차 신청자는 재학 중 2회에 한하여
구제신청 자동 적용 및 심사 후 지원 가능(구제신청 적용 여부 선택 불가)
※ 국가장학금 신청후 소득분위 심사가 완료된 학생에게 교내장학금 지급이 가능하므로 반드시  신청
라. 신청방법
: 한국장학재단 홈페이지(www.kosaf.go.kr) 및 모바일 앱에"
german_language,[공지]2024 대한민국 인재상 선발 안내,N/A,2024-08-05,https://gerlan.ssu.ac.kr/%ed%95%99%ea%b3%bc%ec%82%ac%eb%ac%b4%ec%8b%a4%ec%95%8c%eb%a6%bc/%ea%b3%b5%ec%a7%80%ec%82%ac%ed%95%ad/?term_id&slug=38600,"2024 대한민국 인재상 선발 안내입니다.
첨부파일 확인 후 재학생분들의 많은 신청 바라겠습니다."
german_language,[공지]2024년 숭실대학교 교수협의회 장학생 선발 안내,N/A,2024-08-05,https://gerlan.ssu.ac.kr/%ed%95%99%ea%b3%bc%ec%82%ac%eb%ac%b4%ec%8b%a4%ec%95%8c%eb%a6%bc/%ea%b3%b5%ec%a7%80%ec%82%ac%ed%95%ad/?term_id&slug=38592,"2024학년도 숭실대학교 교수협의회 장학생 선발을 다음과 같이 안내하오니 재학생(휴학생,  졸업유예 포함)분들의 많은 신청 바랍니다.
1.수상내역
1) 학술영역 진리상 : 전공영역과 관련하여 대외적으로 학교의 명예를 드높이거나, 대내적으로 전공과 관련한 학술활동에 적극적으로 참여한 자.
2) 봉사영역 봉사상 : 봉사활동을 통하여 국가 및 지역 사회에 도움을 주고자 적극적으로 활동함으로써 학교의 명예를 드높인 자.
2. 선발인원
1) 진리상 : 5명
2) 봉사상 : 5명
3. 포상대상 및 포상내역
1) 포상대상 : 본교 학부 재학생(휴학생, 졸업유예 포함)
2) 포상내역 : 교수협의회에서 수여하는 장학증서와 포상금
(장학금 1인당 1,000,000원, 국가장학금과 중복 수혜가능)
4. 장학생 수상자 발표 :
2024년 10월 10일(목)예정 교수협의회 홈페이지 공지사항(http://prof.or.kr/)
5. 장학증서 수여식
: 2024년 10월 16일(수) 예정
6. 제출서류
1) 신청서(소정양식) 1부
2) 재학증명서 1부
3) 성적증명서 1부 (2024학년도 1학기 포함하여 재학기간 전체)
4) 추천서
– 자유양식,
추천인(교수 및 외부인사)이 직접 교협 메일로 추천서 송부
① 진리상: 소속학과(부) 전임교수 2인
② 봉사상: 소속학과(부) 전임교수 1인과 봉사관련 외부 인사 1인
5) 해당 영역 활동사항 및 사항별 증빙자료
6) 기타 심사에 도움이 되는 자료
7. 신청기간
: 2024년 9월 2일(월)~10월 2일(수) 오후 3시
8. 접수 및 문의
: prof@ssu.ac.kr (이메일로만 접수 받습니다.)
교수협의회 사무국 (02-820-0860)
※ 세부사항은 학교 홈페이지, 교수협의회 홈페이지, 숭대시보, 각 단과대학 게시판 등을 참조 바랍니다."
german_language,[공지] 2024학년도 2학기 학과근로 장학생 모집 안내,N/A,2024-08-05,https://gerlan.ssu.ac.kr/%ed%95%99%ea%b3%bc%ec%82%ac%eb%ac%b4%ec%8b%a4%ec%95%8c%eb%a6%bc/%ea%b3%b5%ec%a7%80%ec%82%ac%ed%95%ad/?term_id&slug=38590,"2024학년도 2학기 학과근로장학생을 다음과 같이 모집하니 많은 지원 바랍니다.
근로장학생 자격 및 선발기준
가. 2024학년도 1학기 국가장학금을
1
차
신청하고 소득분위가 8분위 이내인 자
※ 국가장학금을 신청할 수 없는 대한민국 국적 미소지자도 선발 가능
(단, 순수외국인전형으로 입학한 외국인 유학생은 선발 불가)
나. 2024학년도 2학기 재학 및 복학예정자로 해당학기 등록금 납부 예정인 자
1) 2024학년도 2학기 전 등록휴학 후 복학시 선발 불가(등록대체자)
2) 학기 중 미등록, 입학취소, 복학취소 등으로 인한 학적변동시 모든 장학금 취소
3) 2024학년도 2학기 기준 이수학기가 2~8학기만 가능(건축학 전공은 10학기까지)
다. 직전학기 취득학점 및 학업성적 제한 없음
라. 타 장학금과 중복수혜 가능(근로장학금 간 중복 불가)
※ 본 장학금은 학업장려비 지원 목적으로 등록금(수업료)을 초과하여 지급
마. 국가근로장학생 및 교내근로장학생에 선발되지 않은 자
※ 국가근로 및 교내근로 선발자가 포기 후 학과근로 선발될 수 없음
근로장학생 종류별 장학금액 및 근로시간
장학금명
시간당 장학금
총 근로시간 (학기)
1인당 장학금액(원)
학과근로A
9,860원
10시간*20주=200시간
1,972,000
학과근로B
9,860원
5시간*20주=100시간
986,000
※ 장학금은 매월 지급하며, 실 지급액은 근로시간에 따라 달라질 수 있음
※ 주 기준은 학기당 받을 수 있는 장학금액 산정을 위한 것이며, 총 시간 내에서 8월까지 근로할 수 있음
유의 사항
가. 선발된 학생은 소속부서에서 지정된 근로시간 동안 근무해야 하며, 학기 중 학적변동
(휴학, 자퇴, 제적 등) 등 불가피한 사유가 인정되는 중도 포기 시 근로 시간 만큼 지급
나. 2024년 12월 근로평가 전까지 교체 가능(단, 교체 전 학생의 근로시간을 차감)
다.
국가근로 및 교내근로로 선발 시 학과근로 선발에서 제외됨
(선발 우선순위: 1. 국가근로, 2. 교내근로, 3. 학과근로)
–
신청절차
가. 학생신청방법: u-SAINT포털 → 등록/장학 → 장학메뉴 ‘근로장학금’→학과근로A/B신청 → 지원서 출력 → 지원서 제출
※
u-SAINT
출력본 제출 필수
나. 온라인접수 및 서류제출기간:
2024
년
8
월
1
일
(
목
) 10:00 ~ 8
월
9
일
(
금
) 17:00
1) 제출서류: 지원서(u-SAINT출력본)
2) 제출장소: 독어독문학과 사무실
–
선발결과 발표
가. 일시 : 2024년 8월 23일(금) 18:00 이후 본교 홈페이지 공지사항 공지 예정
문의
: 독어독문학과 사무실(02-820-0350)"
german_language,24-2학기 현대독문학 담당 교원 및 시간표 변경 안내,N/A,2024-07-26,https://gerlan.ssu.ac.kr/%ed%95%99%ea%b3%bc%ec%82%ac%eb%ac%b4%ec%8b%a4%ec%95%8c%eb%a6%bc/%ea%b3%b5%ec%a7%80%ec%82%ac%ed%95%ad/?term_id&slug=38582,"24-2학기 현대독문학 담당 교수님의 개인사정으로 인해 현대독문학 수업의 담당 교수님과 강의 시간이 변경되었으니 학생분들의 확인 바랍니다.
※확인방법 : 유세인트 -> 자주찾는 메뉴 -> 시간표조회 -> 학기 및 학과 설정 후 조회"
german_language,2024년 한국연구재단 인문대학생 인문학 아카데미 안내,N/A,2024-07-22,https://gerlan.ssu.ac.kr/%ed%95%99%ea%b3%bc%ec%82%ac%eb%ac%b4%ec%8b%a4%ec%95%8c%eb%a6%bc/%ea%b3%b5%ec%a7%80%ec%82%ac%ed%95%ad/?term_id&slug=38571,"2024년 한국연구재단 인문대학생 인문학 아카데미 안내입니다.
학생분들의 많은 신청 바랍니다.
가. 행 사 명 : 2024년 인문대학생 인문학 아카데미
나. 참가자격 : 인문(문과)대학, 인문계 자율전공학부 재학생 및 (전공무관)외국인 유학생
다. 신청마감 : ∼2024.07.26(금)
라. 신청접수 : 한국연구재단 담당자(안다윤,
mycr0706@nrf.re.kr
) 이메일로 신청자가 직접 신청서 작성후 제출
마. 행사일시 : 2024.8.22.(목)∼8.23.(금)
바. 참가비용 : 전액무료(숙박비, 식사비 등)
사. 기타사항 : 참가자 전원 수료증 및 기념품 증정
붙임
1. 2024년 인문대학생 아카데미 참가자 모집안내 1부.
2. 2024년 인문대학생 아카데미 신청서 1부."
german_language,[한국독어독문학회]2024 전국 대학생 소논문 및 영상콘텐츠 공모전,N/A,2024-07-16,https://gerlan.ssu.ac.kr/%ed%95%99%ea%b3%bc%ec%82%ac%eb%ac%b4%ec%8b%a4%ec%95%8c%eb%a6%bc/%ea%b3%b5%ec%a7%80%ec%82%ac%ed%95%ad/?term_id&slug=38559,"2024 전국 대학생 소논문 및 영상콘텐츠 공모전 관련 안내드립니다.
재학생분들의 많은 참여 바라겠습니다."
german_language,2024학년도 2학기 김희경유럽정신문화장학재단 장학생 학과 추천 결과,N/A,2024-07-16,https://gerlan.ssu.ac.kr/%ed%95%99%ea%b3%bc%ec%82%ac%eb%ac%b4%ec%8b%a4%ec%95%8c%eb%a6%bc/%ea%b3%b5%ec%a7%80%ec%82%ac%ed%95%ad/?term_id&slug=38556,"2024학년도 2학기 김희경유럽정신문화장학재단 장학생 학과 추천자입니다.
2022**** 공*린"
german_language,[공지] 2024학년도 2학기 백마성적우수장학생 선발기준 안내,N/A,2024-07-16,https://gerlan.ssu.ac.kr/%ed%95%99%ea%b3%bc%ec%82%ac%eb%ac%b4%ec%8b%a4%ec%95%8c%eb%a6%bc/%ea%b3%b5%ec%a7%80%ec%82%ac%ed%95%ad/?term_id&slug=38545,"2024학년도 2학기 백마성적우수장학생 선발을 다음과 같이 알려드립니다.
1. 자격요건
가. 2024학년도 2학기 국가장학금을 신청하여 소득분위 조회가 가능한 자
1) 1차 신청자에 한하여 등록금고지서 사전감면 가능
2) 1차 미신청자: 2차 신청/서류제출 확인 후 지급 (2차 신청자 중 한국장학재단 구제신청 시 사후지급)
3) 국가장학금을 신청할 수 없는 대한민국 국적 미소지자도 선발 가능 (단, 순수외국인전형으로 입학한 외국인 유학생은 선발 불가)
나. 2024학년도 2학기 재학 및 복학예정자로 해당학기 등록금 납부 예정인 자
1) 2024학년도 2학기 前 등록휴학 후 복학 시 선발대상에서 제외(등록대체자)
2) 학기 중 미등록, 자퇴, 제적, 입학취소, 복학 취소 등 학적변동시 모든 장학금 취소
3) 선발 후, 학기 중 휴학 시 백마성적우수장학금은 복학 학기로 이월(복학 학기에 국가장학금 신청 의무임)
다. 직전학기 15학점 이상 이수한 자(졸업 직전학기는 직전학기 12학점 이상)
라. 정규등록학기가 8학기 이내인 자(건축학과 건축학전공: 정규등록 10학기 이내인 자)
마. F학점 포함 학적부성적 기준 직전 학기 평점평균
3.8 이상
인 자
바. 모든 교내장학금간 중복수혜 불가
1) 신청장학금 중 수혜금액이 큰 장학금 선발
2) 중복수혜 가능 장학금: 국가장학금, 교외장학금, 학과우수장학금, 기타 학업장려비 지원 목적 장학금 등
사. 졸업예정자 선발 불가(조기졸업 대상자 포함)하므로 유의
2. 2024학년도 2학기 독어독문학과 선발 세부기준 (근거: 독어독문학과 내규)
– 선발 인원:
전액 1명, 반액 1명, 25% 13명
– 백마성적우수장학생 기본 자격요건에 부합하는 학생
– 전체 평점평균 순으로 배정 (평점평균 동점시 평점계 순, 평점계도 동점시 산술평균 순)
– 학과 소속 학생을 대상으로 하는 장학금이므로 타학과로 전과가 정해진 학생은 선발대상에서 제외한다.
– 1학년의 경우에는 1학기에 독어독문학과 전공과목을 2과목 이상, 2학기에 독어독문학과 전공과목을 1과목 이상 수강해야 한다."
german_language,2024학년도 2학기 김희경유럽정신문화장학재단 장학생 선발 추천의뢰(수정),N/A,2024-07-04,https://gerlan.ssu.ac.kr/%ed%95%99%ea%b3%bc%ec%82%ac%eb%ac%b4%ec%8b%a4%ec%95%8c%eb%a6%bc/%ea%b3%b5%ec%a7%80%ec%82%ac%ed%95%ad/?term_id&slug=38534,"1.
장학재단명
: 재단법인 김희경유럽정신문화장학재단
2.
장학금액
:
등록금 전액+ 200만원 학업장려비(장학생 본인계좌 입금)
3.
지원기간
: 한 학기
4.
추천인원
: 1명(독어독문학과에서 1명 선발 후 다른 학과에서 선발 된 인원들과 비교하여 최종 1명 선발)
5.
지원자격
가. 유럽인문학(어학, 문학, 철학 등) 전공자(영어/영문학 제외)
나. 해당 추천자 경제사정 최우선 고려
다. 타 장학금과 중복수혜 불가(국가장학금 신청했을 시 수혜 선정 후 국가장학금 포기해야함.)
라. 본 등록금 기수혜자 재지원 불가
마. 두 개 이상의 과를 의무적으로 수강하는 경우 주 전공이 유럽인문학 필수
바. 직전학기나 해당학기 휴학생 신청 불가
사. 직전학기나 해당학기 교환학생/ 어학연수생 신청 불가
아. 해당학기 4학년 신청 불가
자. 수혜학기 휴학 시 환수 조치함
차. 본 재단이 지원하는 유럽어학연수/교환학생 신청 시 선발 우대
6.
제출서류
가. 지원서(붙임양식)
나. 자기소개서(A4용지 12포인트, 5매 내외)
다. 재학증명서
라. 전 학년 성적증명서(총 평점 B학점 이상)
마. 한국 장학재단 학자금 지원구간 통지서(발급불가시 개별문의 후 대체서류 제출)
바. 학과장 추천서(선발자에 한함)
사. 추천 장학생 등록금 고지서(고지서 발급가능일 이후 제출 요망)
아. 개인정보동의서
7.
제출방법
: 독어독문학과사무실(조만식기념관642호)로 방문하여 제출
8.
제출기한
: 7월15일(월)
문의사항: 02-820-0350 독어독문학과 사무실"
german_language,2024학년도 숭실인재양성장학생 모집 안내,N/A,2024-06-25,https://gerlan.ssu.ac.kr/%ed%95%99%ea%b3%bc%ec%82%ac%eb%ac%b4%ec%8b%a4%ec%95%8c%eb%a6%bc/%ea%b3%b5%ec%a7%80%ec%82%ac%ed%95%ad/?term_id&slug=38529,"1. 숭실인재양성장학생 제도 취지
가. 본교 학부 졸업자 중 인재를 선발하여 국가,사회에 봉사할 우수한 지도자를 양성하고자 함.
나. 국외에서 박사과정을 이수 중인 본교 졸업생에게 자긍심과 애교심을 고취 시키고자 함.
2. 장학금 지원
가. 재 원: 숭실대학교 인재양성기금
나. 수혜기간: 1년(단, 휴학 시 지급중지함.)
다. 선발인원: 5명
라. 장학금액: 1인당 총 10,000,000원(5,000,000원/1회)
1) 1차 지급: 2024년 10월
2) 2차 지급: 2025년 2월(※2025학년도1학기 재학(예정)사실을 증명하는 서류 제출자에 한함.)
3. 지원 자격
가. 대한민국 국적 보유자
나.
본교 학사과정 졸업생으로서 국외대학 박사과정 재학생
(
신입생 포함
)
또는 석
·
박사통합과정
5
학기 이상 이수 예정인 자
다. 국외대학 박사과정 수업연한(등록금 납부기간)이 1년 이상 남은 자
라. 성적기준
1) 학사과정: 학적부성적 기준 학사과정 전 학년 평점평균3.0이상인 자(4.5만점 기준)
2) 박사과정: 전 과정 평점평균(GPA) 3.5이상인 자(4.5만점 기준)
※ 단, 박사과정 성적이 없는 신입생은 학사 및 석사 전 과정 평점평균(GPA) 3.0이상인 자(4.5점 만점 기준)
마.본교 건학이념에 부합되는 기독교인
4. 지원서류: 붙임 참조
(2024. 6. 24.홈페이지 공지
☞
‘2024
학년도 숭실인재양성장학생 모집 공고
’
바로가기
)
5. 선발방법
가. 1차 서류심사(2024. 9월 중순 선정)
나. 2차 면접심사(2024. 9월~10월 중 진행)
다. 최종 합격자 발표(2024. 10월 중순)
6. 접수기간 및 방법
가. 접수기간: 2024. 7. 15(월) ~ 8. 14(수), 10:00 ~ 17:00
나. 접수방법: 장학팀 직접 방문 또는 등기우편 제출"
german_language,[2024 제1차 KB굿잡 우수기업 취업박람회],N/A,2024-05-16,https://gerlan.ssu.ac.kr/%ed%95%99%ea%b3%bc%ec%82%ac%eb%ac%b4%ec%8b%a4%ec%95%8c%eb%a6%bc/%ea%b3%b5%ec%a7%80%ec%82%ac%ed%95%ad/?term_id&slug=38511,"[행사개요]
– 행사명 : 2024 제1차 KB굿잡 우수기업 취업박람회
– 일시 : 5월 27일(월) 10시~17시
– 장소 : 서울 COEX D홀, 3층 – 규모 : 참여기업 250여개사
– 구성 : 기업 채용관, 홍보관, 취얼업! 코디네이팅존, 부대행사관, 직업체험관, 취업특강&채용설명회관 등
– 홈페이지 :
https://kbgoodjob.kbstar.com
– 주최 : KB국민은행
– 참가방법 : 홈페이지 사전접수 또는 현장접수 (사전접수 시 빠르고 쉽게 입장 가능합니다.)
[면접 스터디존]
내가 면접관이라면?
전문 컨설턴트와 함께 더욱 디테일한 면접 준비를 위한 모의면접 프로그램입니다
– 운영 시간 | 10시 , 오후 1시, 오후 3시 (타임 별 1시간 30분간 진행)
– 운영 방식 | 1타임 당 3개의 클래스 운영 (생산관리, 품질 / IT, R&D, 개발 / 영업, 마케팅)
자세한 사항 확인 및 사전신청 하러가기
https://forms.gle/vZwMH9w4hqqwsj4j8"
german_language,비전공자 IT소양계발프로그램 안내,N/A,2024-05-16,https://gerlan.ssu.ac.kr/%ed%95%99%ea%b3%bc%ec%82%ac%eb%ac%b4%ec%8b%a4%ec%95%8c%eb%a6%bc/%ea%b3%b5%ec%a7%80%ec%82%ac%ed%95%ad/?term_id&slug=38505,"IT
에 대한 이해와 기술 역량을 향상시켜 융합형 인재를 위한 특강이 열립니다
.~
– 든든한 간식 제공
– 장소
:
벤처중소기업관
511
호
, 512
호
(
주제별 강의실 확인 필요
)
– 기간
: 2024. 5.21(
화
) ~ 5.23(
금
)/ 5.28(
화
) ~ 5.30(
금
)
*
개별 또는 중복 신청 가능
– 진행방식
:
대면 강의
– 신청
:
https://fun.ssu.ac.kr/ko/program/36/view/4077"
german_language,[CJ Mainfrost Foods GmbH] 독일법인 채용안내,N/A,2024-04-25,https://gerlan.ssu.ac.kr/%ed%95%99%ea%b3%bc%ec%82%ac%eb%ac%b4%ec%8b%a4%ec%95%8c%eb%a6%bc/%ea%b3%b5%ec%a7%80%ec%82%ac%ed%95%ad/?term_id&slug=38501,"접수안내 및 지원문의
:
·
2024
년
05
월
12
일 일요일
23:59
까지
· 합격자의 경우 근무시작일자는 조율 예정입니다
.
·
접수방법
:
영문 또는 국문
Resume
및 자기소개서 작성 후 이메일 제출
(
추후 각종 증명서 제출필요
)
· 이메일
:
hr@careerlabs.co.kr
/
제목
: [
독일
]
회사명
,
부서명
/
이름
※ 지원관련 문의
: Tel. 031-8027-9060 / Email :
hr@careerlabs.co.kr"
german_language,2024-1학기 International Day-Germany 참가자 모집,N/A,2024-04-24,https://gerlan.ssu.ac.kr/%ed%95%99%ea%b3%bc%ec%82%ac%eb%ac%b4%ec%8b%a4%ec%95%8c%eb%a6%bc/%ea%b3%b5%ec%a7%80%ec%82%ac%ed%95%ad/?term_id&slug=38486,"국제팀에서 진행되는 2024-1학기 ‘International Day – Germany’ 관련 내용 알려드립니다.
1.신청방법:
https://forms.gle/kaG1mucMmeGpfUdK7
(신청기한: ~24.5.7.(화) 20:00)
2.문의처: 국제팀 02-820-0777,
study@ssu.ac.kr
※특히, 주한독일 대사님의 강연(주제 : 독일의 정치 시스템과 한독 국제관계)에 독어독문학과 구성원들의 많은 참여 바랍니다."
german_language,[공지] 2024학년도 보훔대학교 교환학생 및 독일 현지 여름학교 지원 선발 결과,N/A,2024-03-26,https://gerlan.ssu.ac.kr/%ed%95%99%ea%b3%bc%ec%82%ac%eb%ac%b4%ec%8b%a4%ec%95%8c%eb%a6%bc/%ea%b3%b5%ec%a7%80%ec%82%ac%ed%95%ad/?term_id&slug=38482,"1. 보훔대학교 교환학생
– 2022**** 김*재
2. 독일 현지 여름학교 지원
– 2024**** 김*인"
german_language,2024학년도 국가우수장학금(인문100년·예술체육비전) 신규장학생 사전신청 안내,N/A,2024-03-19,https://gerlan.ssu.ac.kr/%ed%95%99%ea%b3%bc%ec%82%ac%eb%ac%b4%ec%8b%a4%ec%95%8c%eb%a6%bc/%ea%b3%b5%ec%a7%80%ec%82%ac%ed%95%ad/?term_id&slug=38475,"1. 장학금명 및 지원대상
장학금명
유형
지원기간
지원대상
인문
100년
전공탐색
정규학기 내 최대
8학기
인문사회계열 학과(부)
2024학년도 신입생
전공확립
정규학기 내 최대
4학기
인문사회계열 학과(부)
3학년 1학기 재학생
예술체육
비전
전공탐색
정규학기 내 최대
8학기
예술 및 체육계열 학과(부)
2024학년도 신입생
전공확립
정규학기 내 최대
4학기
예술 및 체육계열 학과(부)
3학년 1학기 재학생
※ 지원 시 주의사항
가. 예술체육비전 지원 가능 학과(부): 예술창작학부 영화예술전공 및 스포츠학부
나. 예술창작학부 문예창작전공: 인문100년으로 신청
2. 지원내용
가. Ⅰ유형: 등록금(수업료) 전액, 생활비 학기당 250만원
나. Ⅱ유형: 등록금(수업료) 전액
※ 기초생활수급자의 경우 유형에 상관없이 생활비 학기당 250만원 추가 지원
3. 선발기준 및 기본자격
가. 선발기준: 학업성적, 학생 역량(전공분야 우수성, 성장가능성 등), 경제적 수준을 고려하여 대학 자체 선발(※ 대학 자체 선발 기준 배정인원 확정 후 별도 안내)
나. 기본자격
1) 전공탐색유형(1학년): 성적 및 이수학점 기본자격 요건 없음
2) 전공확립유형(3학년): 직전학기까지의 총 평균성적 백분위 90점 이상 또는 평점 3.6이상, 취득 이수학점이 졸업이수학점의 40% 이상(한국장학재단 지침)
4. 학생 사전 신청(붙임 매뉴얼 참고)
가. 신청기간: 2024.03.19.(화) 09:00 ~ 2024.04.05.(금) 18:00 까지
나. 신청방법: 한국장학재단 홈페이지(
http://www.kosaf.go.kr)를
통해 신청자 본인(학생) 인증서를 필수 지참하여 신청
다. 제출서류(필수): 학업계획서를 지정된 파일형식으로 제출
※ 온라인 사전 신청을 우선적으로 진행하며, 배정인원 확정 후 추가 서류제출 및 심사 관련 사항 추후 별도 안내
5. 선발절차
가. [학생] 희망자 한국장학재단 홈페이지에서 사전신청
나. [대학] 대학별 자체 선발 및 재단 추천
다. [재단] 장학생 최종 선정
6. 향후 일정
가. 한국장학재단 신규장학생 배정인원 안내: 4월 중
나. 신규장학생 선발기준 및 제출서류 안내: 4~5월 중
다. 신규장학생 선발 및 추천: 5월 중
라. 한국장학재단 장학생 최종 선정 및 발표: 5월 말(예정)
7. 문의
가. 한국장학재단 상담센터: 1599-2290
나. 학생처 장학팀: 02-820-0166"
german_language,[공지] 2024-1학기 졸업논문 및 졸업심사자료 제출 안내,N/A,2024-03-12,https://gerlan.ssu.ac.kr/%ed%95%99%ea%b3%bc%ec%82%ac%eb%ac%b4%ec%8b%a4%ec%95%8c%eb%a6%bc/%ea%b3%b5%ec%a7%80%ec%82%ac%ed%95%ad/?term_id&slug=38469,"1. 제출기한 : 2024년 6월 2일 (
일
) 17:00
2. 제출장소 : 독어독문학과 사무실(조만식 642호) / 독어독문학과 이메일 gerlan@ssu.ac.kr
3. 대상자: 졸업논문계획서를 제출한 졸업예정자(아래 참조)
가) 8학기 및 127학점 이상 취득 예상 재학생 혹은 수료생인 졸업예정자
나) 6~7학기 재학 중인 조기졸업 승인된 졸업예정자
다) 7학기 이수중인 학·석사 연계과정 승인된 졸업예정자
라)
내규에 따라서
24학번부터
졸업사정표
에
단일전공자는 전공(선택, 필수) 84학점
,
복수전공자는 전공(선택, 필수) 48학점을 수강하여야
졸업심사가 가능함
4. 논문양식
– 분량 : A4 20장 이상
– 글자크기 : 11
– 행간 : 180
– 폭, 여백은 편집하지 말 것
–
파일명: 졸업심사자료_이름(학번)_논문/번역/ZD  –  ex: 졸업심사자료_김ㅇㅇ(20240000)_논문
5. 어학자격증 대체자, 번역 대체자 또한 기간 내 제출해야 함
6. 관련 문의는 독어독문학과 사무실로 해주시기 바랍니다.(02-820-0350)"
german_language,[공지] 2024-1학기 졸업논문계획서 제출 안내 (ZD 및 번역 대체자도 필독),N/A,2024-03-12,https://gerlan.ssu.ac.kr/%ed%95%99%ea%b3%bc%ec%82%ac%eb%ac%b4%ec%8b%a4%ec%95%8c%eb%a6%bc/%ea%b3%b5%ec%a7%80%ec%82%ac%ed%95%ad/?term_id&slug=38463,"1. 제출기한 : 2024년 4월 12일(금) 17:00
2. 제출장소 : 독어독문학과 사무실(조만식 642호) 또는 독어독문학과 이메일 gerlan@ssu.ac.kr
3. 대상자: 다음과 같은 졸업을 희망하는 학생
– 7학기 이상 이수중인 재학생
(*7학기 재학생은 제출 가능 대상으로, 제출 의무대상은 아님 (조기졸업 원하는 경우에는 반드시 제출))
– 수료생 전체
– *이전 학기에 제출한 학생은 제출할 필요 없음
– 내규에 따라서
24학번부터
졸업사정표
에
단일전공자는 전공(선택, 필수) 84학점
,
복수전공자는 전공(선택, 필수) 48학점을
수강하여야 졸업심사가 가능함
4. 작성방법
– ‘담당교수’란 기입하지 말 것
– ZD, 번역 대체자도 논문계획서를 작성해야 함 (예시 : ZD B1 대체 / 번역 작품 *** 대체)
–> ZD 제출 예정자: 제목/내용에 ‘ZD B1 대체’ 라고만 기입해주시면 됩니다. (논문 관련 내용 기재 불필요)
–> 번역 예정자: 담당 교수님에게 번역할 텍스트를 받아서 번역하므로, 학과 조교에게 미리 문의하기 바랍니다. (02-820-0350)
–
양식은 첨부파일 확인 (파일명: 졸업논문계획서_이름(학번)_논문/번역/ZD – ex: 졸업논문계획서_김ㅇㅇ(20240000)_논문)"
german_language,2024학년도 1학기 교내장학금 3차 신청 시행 안내,N/A,2024-03-07,https://gerlan.ssu.ac.kr/%ed%95%99%ea%b3%bc%ec%82%ac%eb%ac%b4%ec%8b%a4%ec%95%8c%eb%a6%bc/%ea%b3%b5%ec%a7%80%ec%82%ac%ed%95%ad/?term_id&slug=38459,"1. 교내장학금 자격요건
가. 2024학년도 1학기 국가장학금 2차 신청(2024.03.14까지 신청 가능) 및 서류제출을 완료하고 소득분위가 조회된 자 (국가장학금 지급 대상 분위의 경우 심사가 완료된 자)
나. 2024학년도 1학기 재학 및 복학(예정)자로 등록금 납부 예정인 자
1) 2024학년도 1학기 前 등록휴학 후 복학시 장학생 선발대상에서 제외
2) 미등록, 입학취소, 복학취소, 휴학 등 학적변동 시 모든 장학금 취소
다. 직전학기 15학점 이상 이수한 자(최종 직전학기는 12학점)
라. 정규등록학기가 8학기 이내인 자(건축학부 건축학전공은 10학기 이내)
2. 신청절차
가. 온라인 신청기간 및 서류제출기간 :
2024년 3월 4일(월) 10:00~3월 15일(금) 17:30
나. 학생 신청방법: u-SAINT포털 – 등록/장학 – 장학메뉴 – 장학금 신청
다. 학생 서류제출: 온라인 신청기간 내 방문 및 등기우편제출 가능(세부내용 붙임 파일 참조)
※ 단, 전문자격시험합격자장학금의 경우 등기우편 불가"
german_language,[공지] 2024학년도 보훔대학교 교환학생 선발 및 독일 현지 여름학교 지원 안내,N/A,2024-03-06,https://gerlan.ssu.ac.kr/%ed%95%99%ea%b3%bc%ec%82%ac%eb%ac%b4%ec%8b%a4%ec%95%8c%eb%a6%bc/%ea%b3%b5%ec%a7%80%ec%82%ac%ed%95%ad/?term_id&slug=38453,"독일 보훔대학교 교환학생 선발
– 신청기간 : 2024년 3월 6일(수) ~ 3월 22일(금) 17:00
– 신청대상 : 독어독문학과 학부생(휴학생 포함)
– 선발인원 : 2명
– 제출서류 :
1) 자기계획서(국문 1부/지원동기와 학업계획 포함/A4용지 2~3장 내외)
2) 성적증명서(국문 1부)
3) 독일어 국제공인 어학증명서(ZD, TestDaf/B1 이상 취득자에 한함)
– 파견기간 : 1년(2024년 9월 ~ 2025년 8월)
– 제출방법 : 독어독문학과 이메일(gerlan@ssu.ac.kr)
– 선발방법 : 서류심사 + 면접
– 면접 일시와 장소: 3월 25일(월) 18:00, 조만식기념관 642호
– 참고사항
1) 3학년 1학기 재학생까지 신청 가능(3학년 2학기 재학생부터 신청 불가)
2) 면접은 상황에 따라 화상면접으로 진행될 수도 있음
독일 현지 여름학교 어학연수 지원
독일 현지 대학교(쾰른, 킬, 뮌헨대학교 등)에서 개설하는 여름학교(Sommerschule) 프로그램(4주간 진행)에서 어학연수를 원하는 학생에게 장학금(100만원)을 지원합니다.
– 신청기간 : 2024년 3월 6일(수) ~ 3월 22일(금) 17:00
– 신청대상 : 독어독문학과 학부생
– 선발인원 : 1명(전 학년 대상)
– 제출서류 :
1) 자기소개서(국문 1부, A4용지 1~2장 내외)
2) 학업계획서(지원동기 포함, 국문 1부, A4용지 1~2장 내외)
– 제출방법 : 독어독문학과 이메일(
gerlan@ssu.ac.kr
)
– 선발방법 : 서류심사 + 면접
– 면접일시와 장소 : 3월 25일(월) 18:00, 조만식기념관 642호
– 참고사항
1) “교환학생 프로그램”과 중복 수혜 불가
2) 전과 시 어학연수 지원 장학금은 학과에 환불해야 함"
german_language,[채용정보] 폭스바겐그룹코리아 2024 H1 INTERNSHIP PROGRAM,N/A,2024-02-06,https://gerlan.ssu.ac.kr/%ed%95%99%ea%b3%bc%ec%82%ac%eb%ac%b4%ec%8b%a4%ec%95%8c%eb%a6%bc/%ea%b3%b5%ec%a7%80%ec%82%ac%ed%95%ad/?term_id&slug=38441,"■ Recruiting Position [Intern]
– Audi : PR & Experiential Marketing
– Volkswagen : PR & Experience MKT
– Bently & Lamborghini : Sales & Marketing Operations Support
– One.AS : Warranty / Parts Certification Support, Parts Supply Chain Management(SCM)
– Group : IRC(Integrity, Risk and Compliance), Human Resources(HR) / Group Digital / Controlling
■ Qualification & Ideal Profile
– Current university students who completed at least 5 semesters or recent graduates within 1 year
– Able to work 6 months from Mid of March, 2024
– Perform together as one team by treating each other with trust and respect, as well as contributing own skills and perspectives
– Act with commitment and responsibility to achieve high-quality result by continuously focusing on customer’s needs and company interests
– Able to strive for personal growth and see changes as an opportunity to adopt challenging moments
– Set no limits to out thinking, dare to learn new things & culture and foster future potential, aiming to develop ourselves
– Proficient in MS Office
–
Excellent communication skills – fluent in both Korean & English
■ How to Apply
– 마감 기한: 2024년 2월 12일
– 이메일 접수:
career@vwgk.co.kr
– 이메일 제목 양식: “Brand_Job Title_Kor. Name (Eng.Name)”
*Example: Group_HR Intern_
홍길동
(GilDong Hong)
■ What to submit
1. 국영문 이력서
2. 자기소개서(MS Powerpoint 형식) *자유형식(max.5 pages)
3. 개인정보 수집이용 동의서 (“
입사지원자용 개인정보 수집 및 이용 동의서
” 작성)
*Please attach each document (1,2,3) to your application e-mail.
■ Recruiting Process & Schedule
Application(24.02.03~24.02.12) → Interview Process(24.02.19~24.02.21) → On-Boarding(Mid of March)
■ 아래 페이지를 통해서도 공고 확인 가능합니다.
https://bit.ly/2024H1INTERNSHIPPROGRAM
지원시, ‘개인정보 수집이용 동의서’ 제출이 필요합니다.
첨부파일을 통해 다운받으신 파일을 반드시 함께 게재 부탁드립니다."
german_language,[채용정보] 한독상공회의소 – Administrative Intern 채용,N/A,2024-02-05,https://gerlan.ssu.ac.kr/%ed%95%99%ea%b3%bc%ec%82%ac%eb%ac%b4%ec%8b%a4%ec%95%8c%eb%a6%bc/%ea%b3%b5%ec%a7%80%ec%82%ac%ed%95%ad/?term_id&slug=38435,"근무지
:
한독상공회의소
(Korean German Chamber of Commerce and Industry;
서울시 용산구 소재
,
상반기 종로구 이전 예정
)
채용 포지션
:
포지션
: Administrative Intern
구분
:
계약직
(6
개월
,
성과 여부 따라 연장 가능
)
기한
: 2024. 2. 19.
월요일
최소한의 자격요건
:
학사 졸업 또는 전일제 근무 가능한 휴학생
영어 능력
intermediate
이상
(
어학시험 성적제출 불필요
)
직무내용 및 지원방법
: 첨부파일
참조
문의처
: 02) 3780-4601"
german_language,[채용정보] 슈피겐코리아 채용연계형 인턴 공개채용,N/A,2024-01-26,https://gerlan.ssu.ac.kr/%ed%95%99%ea%b3%bc%ec%82%ac%eb%ac%b4%ec%8b%a4%ec%95%8c%eb%a6%bc/%ea%b3%b5%ec%a7%80%ec%82%ac%ed%95%ad/?term_id&slug=38420,"슈피겐코리아의 채용연계형 인턴은 정규직 선발을 목적으로 하는 만큼 인턴십 기간 중 실제 조직의 업무를 수행합니다.
6주간 인턴십 기간 동안 서로의 fit을 맞춰보고 체계적인 교육과 평가, 정규직 전환 면접을 통해 최종 정규직 전환 여부를 결정하게 됩니다.
채용연계형 인턴십 더 알아보기
1. 모집기간 : 24.01.26 (금) 11:00 ~ 24.02.04 (일) 23:59
2. 모집직무 :
글로벌 이커머스 영업 (독일어) (클릭)
3. 지원 방법 : 채용 홈페이지를 통한 입사 지원
슈피겐코리아에 대해서 더 알아보고 싶으면 카카오톡 채널 친구추가를 해주세요.
슈피겐코리아 채용 더 알아보기 :
슈피겐코리아 카카오톡 채널
추가로 궁금한 사항은 담당자에게 문의해 주시기 바랍니다.
– 담당자 : 슈피겐코리아 채용팀 박지연 선임
– 전화번호 : 02-6951-1724
– E-Mail :
recruit@spigen.com"
german_language,[채용정보] 2024년 지역인재 7급 수습직원 선발시험 교내 추천자 선발 안내,N/A,2024-01-17,https://gerlan.ssu.ac.kr/%ed%95%99%ea%b3%bc%ec%82%ac%eb%ac%b4%ec%8b%a4%ec%95%8c%eb%a6%bc/%ea%b3%b5%ec%a7%80%ec%82%ac%ed%95%ad/?term_id&slug=38416,"2024년 지역인재 7급 수습직원 선발시험 교내 추천자 선발 관련 공지입니다.
문의: 진로취업센터(02-820-0073)"
german_language,[공지] 2024학년도 1학기 백마성적우수장학생 선발기준 안내,N/A,2024-01-10,https://gerlan.ssu.ac.kr/%ed%95%99%ea%b3%bc%ec%82%ac%eb%ac%b4%ec%8b%a4%ec%95%8c%eb%a6%bc/%ea%b3%b5%ec%a7%80%ec%82%ac%ed%95%ad/?term_id&slug=38410,"2024학년도 1학기 백마성적우수장학생 선발기준을 다음과 같이 안내합니다.
1. 기본 자격요건
가. 2024학년도 1학기 국가장학금을 신청하여 소득분위 조회가 가능한 자
1) 1차 신청하여 국가장학금 심사된 자에 한하여 등록금고지서 사전감면
2) 1차 미신청자 : 2차 신청 및 심사 여부 확인 후 지급
3) 국가장학금을 신청할 수 없는 대한민국 국적 미소지자도 선발 가능
(단, 순수외국인전형으로 입학한 외국인 유학생은 선발 불가)
나. 2024학년도 1학기 재학 및 복학예정자로 해당학기 등록금 납부 예정인 자
1) 2024학년도 1학기 前등록휴학 후 복학시 선발대상에서 제외(등록대체자)
2) 학기 중 미등록, 자퇴, 제적, 입학취소, 복학 취소 등 학적변동시 모든 장학금 취소
3)
선발 후, 학기 중 휴학 시 백마성적우수장학금은 복학 학기로 이월
다. 직전학기 15학점 이상 이수한 자 (졸업 직전학기는 직전학기 12학점 이상)
라. 정규등록학기가 8학기 이내인 자
마. F학점 포함 학적부성적 기준 직전학기 3.5 이상인 자
바. 모든 교내장학금간 중복수혜 불가
1) 신청장학금 중 수혜금액이 큰 장학금 선발(동일할 시 백마성적우수장학금 선발)
2) 중복수혜 가능 장학금: 국가장학금, 교외장학금, 학과우수장학금, 기타 학업장려비 지원 목적 장학금 등
사. 졸업예정자(조기졸업 대상자 포함) 선발 불가
2. 2024학년도 1학기 독어독문학과 선발 세부기준 (근거: 독어독문학과 내규)
– 선발 인원: 전액 1명, 반액 1명, 25% 12명
– 백마성적우수장학생 기본 자격요건에 부합하는 학생
– 전체 평점평균 순으로 배정 (평점평균 동점시 평점계 순, 평점계도 동점시 산술평균 순)
– 학과 소속 학생을 대상으로 하는 장학금이므로 타학과로 전과가 정해진 학생은 선발대상에서 제외한다.
– 1학년의 경우에는 1학기에 독어독문학과 전공기초과목을 2과목 이상, 2학기에 독어독문학과 전공기초과목을 1과목 이상 수강해야 한다."
german_language,[공지] 2024학년도 1학기 김희경유럽정신문화장학재단 장학생 학과 추천 결과,N/A,2024-01-10,https://gerlan.ssu.ac.kr/%ed%95%99%ea%b3%bc%ec%82%ac%eb%ac%b4%ec%8b%a4%ec%95%8c%eb%a6%bc/%ea%b3%b5%ec%a7%80%ec%82%ac%ed%95%ad/?term_id&slug=38411,"2024학년도 1학기 김희경유럽정신문화장학재단 장학생 학과 추천자입니다.
2023**** 정*인
선발된 학생은 학과 사무실로 제출했던 서류 및 추천서를 장학팀에 직접 제출하시기 바랍니다.
(2024년 1월 11일 목요일 17시까지, 미래관 106-2호)"
german_language,[공지] 2024학년도 1학기 김희경유럽정신문화장학재단 장학생 선발 (수정),N/A,2023-12-20,https://gerlan.ssu.ac.kr/%ed%95%99%ea%b3%bc%ec%82%ac%eb%ac%b4%ec%8b%a4%ec%95%8c%eb%a6%bc/%ea%b3%b5%ec%a7%80%ec%82%ac%ed%95%ad/?term_id&slug=38344,"2024학년도 1학기 재단법인 김희경유럽정신문화장학재단 신규 장학생을 다음과 같이 선발합니다.
1. 장학재단명
: 재단법인 김희경유럽정신문화장학재단
2. 장학금액
:
2024학년도 1학기 등록금 전액 + 200만원 학업장려비(장학생 본인계좌 입금)
3. 추천인원
: 1명
(학과 내에서 1명 선발 후, 장학팀에서 타 학과 지원자 서류 함께 검토하여 최종 추천인원 1명 선발)
4. 지원자격
가. 유럽인문학 전공자
나. 유럽어문학 및 유럽문화학 등 이와 연관된 강의(영어영문학 제외)를 직전학기까지 2강좌 이상 수강한 재학생
(2024학년도 1학기 기준 4학년 제외)
다. 본 장학금 기수혜자가 아닌 학생
라.
총평점 B학점 이상인 학생
5. 지원방법
가. 방법:
독어독문학과 사무실로 서류 제출
(이메일 제출 또는 방문 제출 (gerlan@ssu.ac.kr, 조만식기념관 642호))
나. 서류제출 기한:
2024년 1월 8일 월요일 17시
6. 제출서류
*과세증명서, 소득금액증명원은 발급에 시간이 소요될 수 있으니 여유있게 발급하시기 바랍니다.
가. 장학생 선발 지원서 (첨부파일 양식 이용)
나. 자기소개서 (A4 용지 12포인트, 5매 내외)
다. 전체 학년 성적증명서 (총평점 B학점 이상)
라. 재학증명서
마. 학부모 지방세 세목별 과세증명서(구청)
바. 학부모 소득금액증명원(세무서)
사. 등록금 고지서 (고지서 발급가능일 이후 제출 요망)
7. 참고사항
가. 본 장학금 수혜 시
2024학년도 1학기
에 타 장학금 수혜 불가
나. 수혜학기 휴학시 환수조치함
다.
해당 재단이 지원하는 유럽어학연수/교환학생 신청 시 선발 우대함
라. 경제사정을 최우선 고려함
8. 기타
–
학과에서 선발된 학생은 학과 사무실로 제출했던 서류 및 추천서를 장학팀에 직접 제출해야 함 (2024년 1월 11일 목요일 17시까지, 미래관 106-2호)
– 추천서는 선발된 학생에게 교수님께서 작성해주실 예정
9. 문의:
독어독문학과 사무실 (gerlan@ssu.ac.kr, 02-820-0350)"
german_language,[공지] ZD B1(24년 1월 시험) 대비 현희교수님 특강 안내,N/A,2023-12-05,https://gerlan.ssu.ac.kr/%ed%95%99%ea%b3%bc%ec%82%ac%eb%ac%b4%ec%8b%a4%ec%95%8c%eb%a6%bc/%ea%b3%b5%ec%a7%80%ec%82%ac%ed%95%ad/?term_id&slug=38222,"2024년 1월에 실시되는 ZD B1 시험 대비 현희 교수님 특강 신청 받습니다.
1. 특강정보
– 수강대상: 2024년 1월 시험 응시자
– 특강신청기한: ~12/21 (목) 17시
– 특강방식: Zoom 으로 수업 (Model Test 이용하여 쓰기, 말하기 위주로 진행)
– 특강일정: 첫 미팅 12/21 (목) 22시 (첫 미팅에서 추후 일정 정해질 예정)
2. 시험정보
– 시험일자: 1/30, 1/31
– 시험접수기간: 1/3~1/5
* 단체접수는 더 이상 제공되지 않으며, 자세한 사항은 주한독일문화원 홈페이지 참고 바랍니다.
3. 특강신청방법
학과 메일(gerlan@ssu.ac.kr)로 신청 (이름, 학번, 연락처 기재)
(추후에 학과 사무실에서 신청자 대상으로 연락 드리겠습니다.)"
german_language,[채용정보] 한독상공회의소 – Administrative Intern 채용,N/A,2023-12-04,https://gerlan.ssu.ac.kr/%ed%95%99%ea%b3%bc%ec%82%ac%eb%ac%b4%ec%8b%a4%ec%95%8c%eb%a6%bc/%ea%b3%b5%ec%a7%80%ec%82%ac%ed%95%ad/?term_id&slug=38217,"1. 근무지:
한독상공회의소
(Korean German Chamber of Commerce and Industry;
서울시 용산구 소재
)
2. 채용 포지션:
– 포지션
: Administrative Intern
– 구분
:
계약직
(6
개월
,
성과 여부 따라 연장 가능
)
– 기한
: 2023.12.08.(
금
)
오전
9
시 접수 마감
3.
최소한의 자격요건
:
– 학사 졸업 또는 전일제 근무 가능한 휴학생
– 영어 능력
intermediate
이상
(
어학시험 성적제출 불필요
)
4.
직무내용 및 지원방법
: 첨부파일
참조
5. 문의처: 02) 3780-4601"
german_language,[채용정보] 슈피겐코리아 채용연계형 인턴 공개채용,N/A,2023-11-28,https://gerlan.ssu.ac.kr/%ed%95%99%ea%b3%bc%ec%82%ac%eb%ac%b4%ec%8b%a4%ec%95%8c%eb%a6%bc/%ea%b3%b5%ec%a7%80%ec%82%ac%ed%95%ad/?term_id&slug=38206,"슈피겐코리아의 채용연계형 인턴은 정규직 선발을 목적으로 하는 만큼 인턴십 기간 중 실제 조직의 업무를 수행합니다.
6주간 인턴십 기간 동안 서로의 fit을 맞춰보고 체계적인 교육과 평가, 정규직 전환 면접을 통해 최종 정규직 전환 여부를 결정하게 됩니다.
채용연계형 인턴십 더 알아보기
1. 모집기간 : 23.11.24 (금) ~ 23.12.03 (일)
2. 모집직무 :
글로벌 이커머스 영업 (독일어)
3. 지원 방법 : 채용 홈페이지를 통한 입사 지원
슈피겐코리아에 대해서 더 알아보고 싶으면 카카오톡 채널 친구추가를 해주세요.
슈피겐코리아 채용 더 알아보기 :
슈피겐코리아 카카오톡 채널
추가로 궁금한 사항은 담당자에게 문의해 주시기 바랍니다.
– 담당자 : 슈피겐코리아 채용팀 박지연 선임
– 전화번호 : 02-6951-1724
– E-Mail :
recruit@spigen.com"
german_language,[공지] 원어연극부 「die Bühne」 2024학년도 연출 모집,N/A,2023-11-24,https://gerlan.ssu.ac.kr/%ed%95%99%ea%b3%bc%ec%82%ac%eb%ac%b4%ec%8b%a4%ec%95%8c%eb%a6%bc/%ea%b3%b5%ec%a7%80%ec%82%ac%ed%95%ad/?term_id&slug=38202,"독어독문학과 원어연극부 「die Bühne」의 2024학년도 연출을 모집합니다.
대상: 독어독문학과 재학생 및 휴학생
기간: 11/24 금요일 ~ 12/7 목요일
제출서류: 지원서, 기획안 (첨부파일 확인)
– 지원서는 첨부파일 양식 이용
– 기획안은 참고용으로 작가 및 작품 소개, 연출 의도 위주로 자유롭게 작성 (ppt 이용)
지원을 희망하는 학생은 기간 내에 독어독문학과 메일(gerlan@ssu.ac.kr)로 지원서 및 기획안을 제출해주시기 바랍니다.
서류 검토 후 면접대상자에게 별도로 연락 드리겠습니다."
german_language,[채용정보] 삼아알미늄_2023 하반기 신입사원 채용 관련 인재 추천(수정),N/A,2023-11-16,https://gerlan.ssu.ac.kr/%ed%95%99%ea%b3%bc%ec%82%ac%eb%ac%b4%ec%8b%a4%ec%95%8c%eb%a6%bc/%ea%b3%b5%ec%a7%80%ec%82%ac%ed%95%ad/?term_id&slug=38195,"삼아알미늄(주)에서 인재 추천 요청이 왔습니다.
지원 희망하는 경우 학과사무실로 문의 바랍니다. (02-820-0350 / gerlan@ssu.ac.kr)
1. 채용부문 : 삼아알미늄(주) 2023 하반기 대졸 신입사원 채용 – 구매 부문
2. 담당업무 : 원자재 구매(공급업체 관리 및 수입 무역업무 전반), 신규 공급업체 및 자재 개발업무
3. 자격요건
가. 2024년 2월 졸업예정자 또는 기졸업자
나. 비즈니스 독일어 가능자
4. 학과추천 지원기한 :
11월 22일(수)까지
(사전에 학과사무실에 문의하여 양식 전달받은 후 11/22(수)까지 제출 완료해야 함)
5. 전형절차 : 학과에서 기업으로 추천 학생 서류 송부 -> 서류전형 – 1차면접 – 2차면접 – 신체검사 – 최종합격
6. 지원방법 : 학과 추천 받은 후 입사지원서(삼아알미늄 지정 양식) 작성 및 제출"
german_language,[공지] 2023학년도 국가우수장학금(인문100년) 일시지원 유형 장학생 선발 안내,N/A,2023-11-10,https://gerlan.ssu.ac.kr/%ed%95%99%ea%b3%bc%ec%82%ac%eb%ac%b4%ec%8b%a4%ec%95%8c%eb%a6%bc/%ea%b3%b5%ec%a7%80%ec%82%ac%ed%95%ad/?term_id&slug=38190,"2023학년도 국가우수장학금(인문100년) 일시지원 유형 장학생을 다음과 같이 선발하오니 많은 지원바랍니다.
1. 추천인원: 00명(※ 대학 추천 후 한국장학재단에서 최종 선발)
2. 장학금액: 2023학년도 2학기 등록금(수업료) 전액
3. 신청안내
가. 신청기간: 2023.11.09.(목)~2023.11.16.(목) 17:00까지
나. 지원방법: 신청기간 내 지원서(붙임 참조)를 작성하여 장학팀 (미래관 106-2호)으로 방문 또는 우편 제출
– 접수처: 우)06978 서울시 동작구 상도로 369 숭실대학교 장학팀 (미래관 106-2호)
※ 학기 중 운영시간 09:00~17:30(점심시간 12:20~13:20)
※ 우편 제출 시 2023.11.16.(목) 17:00 도착분에 한함
다. 대학선발 결과안내: 2022.11.17.(금) 예정
라. (서류평가선발자 대상) 한국장학재단 온라인 신청: 2023.11.17.(금)~2023.11.21(화)
※ 대학에서 서류평가로 선발된 학생은 기한 내 한국장학재단에 온라인 신청
진행(선발자 대상으로 별도 안내 예정)
※ 기한 내 미신청시 차순위 학생으로 선발자 변경
4. 지원자격
가. 대한민국 국적소지자로, 2023학년도 2학기 기준 인문사회계열 학과(부)에  재학 중인 3~4학년
※ 인문100년 장학생으로 선발된 이력이 있는 자 혹은 영구탈락자 제외,  계약학과 제외
나. 2023학년도 2학기 기준 이수학기 5~7학기 인 자
다. 직전학기 12학점 이상 취득자
라. 직전학기 F학점 포함 학적부 성적 기준 3.6 이상 또는 산술평균 90점 이상
마. 2023학년도 2학기 외부장학재단 또는 기관에서 장학금을 받지 아니한 자
바. 2023학년도 2학기 기 수혜장학금이 등록금의 반액 이하 인 자
5. 선발기준 (서류평가)
가. 학업성적(70점): 직전학기까지 누적된 학적부 성적(산술평균)
※ 총평균평점 및 총평균백분위가 충족되더라도 직전학기 성적이 미달될 경우  선발 불가
나. 학업계획서(30점): 지원동기, 학업계획, 진로, 사회공헌여부 등을 종합적으로  평가
6. 선발절차: (지원자)서류제출 → (대학)서류평가 → (서류평가선발자)한국장학재단 온라인 신청 → (대학)대학추천 → (한국장학재단)최종선발
7. 기타문의: 장학팀 02-820-0166
붙임 1. 인문100년 장학금 일시지원유형 지원서 1부
2. 인문100년 장학금 일시지원유형 장학재단 신청 매뉴얼 1부. 끝."
german_language,[공지] 뉴미디어콘텐츠융합전공 융합필수 대체 교과목 지정 안내,N/A,2023-11-07,https://gerlan.ssu.ac.kr/%ed%95%99%ea%b3%bc%ec%82%ac%eb%ac%b4%ec%8b%a4%ec%95%8c%eb%a6%bc/%ea%b3%b5%ec%a7%80%ec%82%ac%ed%95%ad/?term_id&slug=38184,"뉴미디어콘텐츠융합전공의 융합필수 대체 교과목 지정을 다음과 같이 안내하니 해당 융합전공 이수 중인 학생은 수강신청에 참고하시기 바랍니다.
1. 사유: 2024학년도 1학기부터 뉴미디어콘텐츠융합전공 융합필수 교과목 미개설
2. 대체 내용
기존 융합필수 교과목
대체 교과목
과목번호
과목명
과목번호
과목명
21500552
인문콘텐츠웹제작
21505597
웹프로그래밍및실습
21500553
인문콘텐츠와게임기획
21503631
현대명문읽기
21500554
미디어융합콘텐츠와웹개발
21505696
고전문학과콘텐츠
21500555
뉴미디어콘텐츠와게임제작
21505623
담화텍스트
21500556
뉴미디어콘텐츠캡스톤디자인
21505621
게임개발방법론
3. 대체 방법
대체 교과목 수강 후 8학기 차에 융합필수 교과목으로 이수구분 변경 신청"
german_language,[홍보] 주한독일문화원 – 2023년 독일어 낭독대회 개최 안내,N/A,2023-10-30,https://gerlan.ssu.ac.kr/%ed%95%99%ea%b3%bc%ec%82%ac%eb%ac%b4%ec%8b%a4%ec%95%8c%eb%a6%bc/%ea%b3%b5%ec%a7%80%ec%82%ac%ed%95%ad/?term_id&slug=38169,"주한독일문화원 개최 독일어 낭독대회를 다음과 같이 안내합니다.
안녕하세요.
주한독일문화원 도서관 입니다.
귀 학교의 무궁한 발전을 기원합니다.
독일에서 매년 11월 셋째 주 금요일은 낭독의 날로, 다양한 장소에서 낭독 행사가 열립니다.
저희
주한독일문화원
에서도 내달 낭독의 날을 맞이하여
2023
년
11
월
23
일
(
목
)
과
24
일
(
금
)
총 두 번에 걸쳐 낭독대회를 개최하고자 합니다.
11월
23
일
(
목
)
에 진행되는 첫 번째 낭독대회는 독일어권 국가에서 체류 경험이
있는
참가자를 위한 대회이며,
11월
24
일
(
금
)
에 진행되는 두 번째 낭독대회는 독일어권 국가에서 체류 경험이
없는
참가자를 위한 대회입니다.
이번에 낭독될 작품은 스태파니 회플러의 ‘별노린재는 거짓말 하지 않아(가제, 원제:Feuerwanzen lügen nicht)’(2022, 벨츠&겔베르크, 바인하임)와 울리히 후프의 ‘오리의 뒷마당(Lahme Ente, blindes Huhn)’(2021, 카를센 출판사, 함부르크)입니다.
두 책은 용기와 진정한 우정에 관한 이야기입니다.
낭독대회
참가
등록
신청
기간은
11
월
5
일
(
일
)
까지
이며, 추후
낭독
영상
제출
은
11
월
12
일
(
일
)
까지
입니다.
이 행사는 독일어를 배우는 학생 외에도 문학에 관심 있는 분들은
누구나
참여할 수 있습니다.
보다 자세한 참여 방법과 일정은 첨부된 포스터와
주한독일문화원 행사 일정 페이지
를 통해 확인 가능Vorlesewettbewerb_2023_Poster하시며 최고의 낭독자로 뽑힌 수상자들에게는 여러 상품이 주어집니다.
주한독일문화원 낭독대회를 통해 많은 분들이 독일 문학과 문화에 더욱 관심을 갖는 계기가 되길 바라며
본교 학생분들에게 ‘주한독일문화원 낭독대회‘ 행사 관련 소식을 다양한 방법으로 전해주시길 부탁드립니다.
기타 궁금한 사항은 주한독일문화원 도서관(
bibliothek-seoul@goethe.de
)으로 문의 바랍니다.
감사합니다.
주한독일문화원 도서관 드림"
german_language,"[홍보] 2023학년도 동계해외봉사단 모집 (인도네시아, 튀르키예)",N/A,2023-10-26,https://gerlan.ssu.ac.kr/%ed%95%99%ea%b3%bc%ec%82%ac%eb%ac%b4%ec%8b%a4%ec%95%8c%eb%a6%bc/%ea%b3%b5%ec%a7%80%ec%82%ac%ed%95%ad/?term_id&slug=38163,"가. 활동국가: 인도네시아, 튀르키예
나. 모집인원: 국가별 20명 내외
다. 활동기간: 2023.12.26. ~ 2024.02.07. (국가별 일정 상이)
라. 활동내용
1) 교육봉사(한국어교육, 예체능교육 등)
2) 노력봉사
3) 문화교류 및 문화공연
마. 모집기간: 2023.10.18.(수) ~ 10.30.(월) 17:00
바. 신청방법: 펀시스템을 통해 신청 (
https://fun.ssu.ac.kr/ko/program/all/view/3760
)"
german_language,[공지] 2023-2학기 졸업논문 및 졸업심사자료 제출 안내,N/A,2023-09-11,https://gerlan.ssu.ac.kr/%ed%95%99%ea%b3%bc%ec%82%ac%eb%ac%b4%ec%8b%a4%ec%95%8c%eb%a6%bc/%ea%b3%b5%ec%a7%80%ec%82%ac%ed%95%ad/?term_id&slug=38141,"1. 제출기한 : 2023년 12월 7일 (목) 17:00
2. 제출장소 : 독어독문학과 사무실(조만식기념관 642호) 또는 독어독문학과 이메일 gerlan@ssu.ac.kr
3. 대상자: 졸업논문계획서를 제출한 졸업예정자 (아래 참고)
가) 8학기 및 127학점 이상 취득 예상 재학생 혹은 수료생인 졸업예정자
나) 6~7학기 재학 중인 조기졸업 승인된 졸업예정자
다) 7학기 이수중인 학·석사 연계과정 승인된 졸업예정자
4. 논문양식
– 분량 : A4 20장 이상
– 글자크기 : 11
– 행간 : 180
– 폭, 여백은 편집하지 말 것
–
페이지 쪽수, 출처 반드시 기재할 것
–
파일명: 졸업심사자료_이름(학번)_논문/번역/ZD  –  ex: 졸업심사자료_김ㅇㅇ(20230000)_논문
5. 어학자격증 대체자, 번역 대체자 또한 기간 내 제출해야 함
6. 졸업심사결과는 12/27 입력 예정 (입력 후 졸업사정표 반영까지 시간이 걸릴 수 있음)
7. 관련 문의는 독어독문학과 사무실로 해주시기 바랍니다.(02-820-0350)"
german_language,[공지] 2023-2학기 졸업논문계획서 제출 안내 (ZD 및 번역 대체자도 필독),N/A,2023-09-11,https://gerlan.ssu.ac.kr/%ed%95%99%ea%b3%bc%ec%82%ac%eb%ac%b4%ec%8b%a4%ec%95%8c%eb%a6%bc/%ea%b3%b5%ec%a7%80%ec%82%ac%ed%95%ad/?term_id&slug=38134,"1. 제출기한 : 2023년 10월 12일(목) 17:00
2. 제출장소 : 독어독문학과 사무실(조만식기념관 642호) 또는 독어독문학과 이메일 gerlan@ssu.ac.kr
3. 대상자: 다음과 같은 졸업을 희망하는 학생
– 7학기 이상 이수중인 재학생
(*7학기 재학생은 제출 가능 대상으로, 제출 의무대상은 아님 (조기졸업 원하는 경우에는 반드시 제출))
– 수료생 전체
–
*이전 학기에 제출한 학생은 제출할 필요 없음
4. 작성방법
– ‘담당교수’란 기입하지 말 것
– ZD, 번역 대체자도 논문계획서를 작성해야 함  (예시 : ZD B1 대체 / 번역 작품 *** 대체)
–> ZD 제출 예정자: 제목/내용에 ‘ZD B1 대체’ 라고만 기입해주시면 됩니다. (논문 관련 내용 기재 불필요)
–> 번역 예정자: 담당 교수님에게 번역할 텍스트를 받아서 번역하므로, 학과 조교에게 미리 문의하기 바랍니다. (02-820-0350)
– 양식은 첨부파일 확인
(파일명: 졸업논문계획서_이름(학번)_논문/번역/ZD  –  ex: 졸업논문계획서_김ㅇㅇ(20230000)_논문)"
german_language,[공지] 2023년 숭실대학교 교수협의회 장학생 선발 안내,N/A,2023-09-05,https://gerlan.ssu.ac.kr/%ed%95%99%ea%b3%bc%ec%82%ac%eb%ac%b4%ec%8b%a4%ec%95%8c%eb%a6%bc/%ea%b3%b5%ec%a7%80%ec%82%ac%ed%95%ad/?term_id&slug=38130,"1. 수상내역
1) 학술영역 진리상: 전공영역과 관련하여 대외적으로 학교의 명예를 드높이거나, 대내적으로 전공과 관련한 학술활동에 적극적으로 참여한 자.
2) 봉사영역 봉사상: 봉사활동을 통하여 국가 및 지역 사회에 도움을 주고자 적극적으로 활동함으로써 학교의 명예를 드높인 자.
2. 선발인원
1) 진리상: 5명
2) 봉사상: 5명
3. 포상대상 및 포상내역
1) 포상대상: 본교 학부 재학생(휴학생, 졸업유예 포함)
2) 포상내역: 교수협의회에서 수여하는 장학증서와 포상금
(장학금 1인당 1,000,000원, 국가장학금과 중복 수혜가능)
4. 장학생 수상자 발표
: 2023년 10월 5일(목) 예정
교수협의회 홈페이지 공지사항 (http://prof.or.kr/)
5. 포상일시
: 2023년 10월 11일(수) 예정
6. 제출서류
1) 신청서(소정양식) 1부
2) 재학증명서 1부
3) 성적증명서 1부 (2023학년도 1학기 포함하여 재학기간 전체)
4) 추천서
– 자유양식,
추천인
(
교수 및 외부인사
)
이 직접 교협 메일로 추천서 송부
① 진리상: 소속학과(부) 전임교수 2인
② 봉사상: 소속학과(부) 전임교수 1인과 봉사관련 외부 인사 1인
5) 해당 영역 활동사항 및 사항별 증빙자료
6) 기타 심사에 도움이 되는 자료
7. 신청기간
: 2023년 9월 4일(월)~9월 27일(수) 오후 3시
8. 접수 및 문의
:
prof@ssu.ac.kr
(이메일로만 접수 받습니다.)
교수협의회 사무국 (02-820-0860)"
german_language,"[홍보] 독일계기업 취업토크 (8/22 오전10시, 코엑스)",N/A,2023-08-17,https://gerlan.ssu.ac.kr/%ed%95%99%ea%b3%bc%ec%82%ac%eb%ac%b4%ec%8b%a4%ec%95%8c%eb%a6%bc/%ea%b3%b5%ec%a7%80%ec%82%ac%ed%95%ad/?term_id&slug=38120,"행사명
:
외투기업박람회 독일계 취업토크
일시
:
2023.08.22.(
화
)
오전
10-11
시
장소
:
코엑스
3
층 컨퍼런스룸
(South) 317
호
내용
주한독일상공회의소의 독일식 이원직업교육
(Ausbildung)
소개
주요기업 인사채용 담당자들이 직접 들려주는 독일계 기업 취업 꿀팁
토크명단
Continental HR Team Leader
신윤섭 팀장
Wilo HR Specialist
송재순 프로
Zeiss TA(Talent Attraction) Lead
송진경 부장
한독상공회의소 아우스빌둥팀 김예찬 과장
진행
:
한독상공회의소
PR
팀 최형주 부장
신청방법
사전신청
https://jffds.kotra.biz/fairContents.do?FAIRMENU_IDX=14640
당일 현장신청 및 참여가능
현장참여 어려울 경우
, KOTRA TV
유튜브 생중계 시청 가능
문의처
02) 3780-4601"
german_language,[공지] 2023학년도 2학기 백마성적우수장학생 선발기준 안내,N/A,2023-07-24,https://gerlan.ssu.ac.kr/%ed%95%99%ea%b3%bc%ec%82%ac%eb%ac%b4%ec%8b%a4%ec%95%8c%eb%a6%bc/%ea%b3%b5%ec%a7%80%ec%82%ac%ed%95%ad/?term_id&slug=38116,"2023학년도 2학기 백마성적우수장학생 선발기준을 다음과 같이 안내합니다.
1. 기본 자격요건
가. 2023학년도 2학기 국가장학금을 신청하여 소득분위 조회가 가능한 자
1) 1차 신청하여 국가장학금 심사된 자에 한하여 등록금고지서 사전감면
2) 1차 미신청자 : 2차 신청 및 심사 여부 확인 후 지급
(2차 신청자는 10월 말~11월 초 국가장학금 승인 차수에 따라 순차적으로 사후지급)
3) 국가장학금을 신청할 수 없는 대한민국 국적 미소지자도 선발 가능
(단, 순수외국인전형으로 입학한 외국인 유학생은 선발 불가)
나. 2023학년도 2학기 재학 및 복학예정자로 해당학기 등록금 납부 예정인 자
1) 2023학년도 2학기 前등록휴학 후 복학시 선발대상에서 제외(등록대체자)
2) 학기 중 미등록, 자퇴, 제적, 입학취소, 복학 취소 등 학적변동시 모든 장학금 취소
3)
선발 후 휴학 시 백마성적우수장학금은 복학 학기로 이월되며
복학 학기에 국가장학금 신청 의무임
4) 추가 또는 교체선발 시에는 재학 중인 학생만 선발 가능(휴학생 추가/교체 불가)
다. 직전학기 15학점 이상 이수한 자 (졸업 직전학기는 직전학기 12학점 이상)
라. 정규등록학기가 8학기 이내인 자(건축학과 건축학전공: 정규등록 10학기 이내인 자)
마. F학점 포함 학적부성적 기준 직전학기 3.5 이상인 자
바. 모든 교내장학금간 중복수혜 불가
1) 신청장학금 중 수혜금액이 큰 장학금 선발(동일할 시 백마성적우수장학금 선발)
2) 중복수혜 가능 장학금: 국가장학금, 교외장학금, 학업장려비 지원 목적 장학금 등
2. 2023학년도 2학기 독어독문학과 선발 세부기준
– 백마성적우수장학생 기본 자격요건에 부합하는 학생
– 전체 평점평균 순으로 배정 (평점평균 동점시 평점계, 평점계도 동점시 산술평균 순)
– 학과 소속 학생을 대상으로 하는 장학금이므로 타학과로 전과가 정해진 학생은 선발대상에서 제외한다.
– 1학년의 경우에는 1학기에 독어독문학과 전공기초과목을 2과목 이상, 2학기에 독어독문학과 전공기초과목을 1과목 이상 수강해야 한다.
*전액 1명, 반액 1명, 25% 13명"
german_language,[홍보] 독일 취업 전략설명회 및 이력서 K-Class,N/A,2023-07-11,https://gerlan.ssu.ac.kr/%ed%95%99%ea%b3%bc%ec%82%ac%eb%ac%b4%ec%8b%a4%ec%95%8c%eb%a6%bc/%ea%b3%b5%ec%a7%80%ec%82%ac%ed%95%ad/?term_id&slug=38106,"한국산업인력공단에서 진행하는 ‘독일 취업 전략설명회 및 이력서 K-Class’ 관련하여 알려드립니다.
모집기한: 7월 17일 (월)
전략설명회: 7월 20일 (목) ->
접수 바로가기
K-Class: 7월 21일 (금) ->
접수 바로가기"
german_language,[공지] ZD B1(2023.7.27-28 시행) 대비 현희교수님 특강 안내,N/A,2023-06-21,https://gerlan.ssu.ac.kr/%ed%95%99%ea%b3%bc%ec%82%ac%eb%ac%b4%ec%8b%a4%ec%95%8c%eb%a6%bc/%ea%b3%b5%ec%a7%80%ec%82%ac%ed%95%ad/?term_id&slug=38103,"2023년 7월에 실시되는 ZD B1 시험 대비 현희 교수님 특강 신청 받습니다.
1. 특강정보
– 수강대상: 2023년 7월 시험 응시자
– 특강신청기한: ~6/25 (일)
– 특강방식: Zoom 으로 수업 (Model Test 이용하여 쓰기, 말하기 위주로 진행)
– 특강일정: 첫 모임 6/26 (월) 11시-12시 (첫 모임에서 추후 일정 정해질 예정)
2. 시험정보
– 시험일자: 7/27 (필기), 7/28 (구두)
– 시험접수기간: 6/26 ~ 6/30
* 단체접수는 더 이상 제공되지 않으며, 자세한 사항은 주한독일문화원 홈페이지 참고 바랍니다.
3. 특강신청방법
학과 메일(gerlan@ssu.ac.kr)로 신청 (이름, 학번, 연락처 기재)"
german_language,[공지] 2023학년도 2학기 김희경유럽정신문화장학재단 장학생 선발,N/A,2023-06-09,https://gerlan.ssu.ac.kr/%ed%95%99%ea%b3%bc%ec%82%ac%eb%ac%b4%ec%8b%a4%ec%95%8c%eb%a6%bc/%ea%b3%b5%ec%a7%80%ec%82%ac%ed%95%ad/?term_id&slug=38096,"2023학년도 2학기 재단법인 김희경유럽정신문화장학재단 신규 장학생을 다음과 같이 선발합니다.
1. 장학재단명
: 재단법인 김희경유럽정신문화장학재단
2. 장학금액
:
2023학년도 2학기 등록금 전액 + 200만원 학업장려비(본인계좌 입금)
3. 추천인원
: 1명
(학과 내에서 1명 선발 후, 장학팀에서 타 학과 지원자 서류 함께 검토하여 최종 추천인원 1명 선발)
4. 지원자격
가. 유럽인문학 전공자
나. 유럽어문학 및 유럽문화학 등 이와 연관된 강의(영어영문학 제외)를 직전학기까지 2강좌 이상 수강한 재학생
(2023학년도 2학기 기준 4학년 제외)
다. 본 장학금 기수혜자가 아닌 학생
라.
총평점 B학점 이상인 학생
5. 지원방법
가. 방법:
독어독문학과 사무실로 서류 제출
(이메일 제출 또는 방문 제출 (gerlan@ssu.ac.kr, 조만식기념관 642호))
나. 서류제출 기한:
2023년 7월 10일 월요일 17시
6. 제출서류
가. 장학생 선발 지원서 (첨부파일 양식 이용)
나. 자기소개서 (A4 용지 12포인트, 5매 내외)
다. 전체 학년 성적증명서 (총평점 B학점 이상)
라. 재학증명서
마. 학부모 세목별 과세증명서
바. 등록금 고지서
7. 참고사항
가. 본 장학금 수혜 시 2023학년도 2학기에 타 장학금 수혜 불가
나. 수혜학기 휴학시 환수조치함
다. 해당 재단이 지원하는 유럽어학연수/교환학생 신청 시 선발 우대함
라. 경제사정을 최우선 고려함
8. 기타
– 학과에서 선발된 학생은 학과 사무실로 제출했던 서류 및 추천서를
장학팀
에 직접 제출해야 함
(
2023년 7월 14일 금요일 17시까지, 미래관 106-2호)
– 추천서는 선발된 학생에게 교수님께서 작성해주실 예정
9. 문의:
독어독문학과 사무실 (gerlan@ssu.ac.kr, 02-820-0350)"
german_language,[채용정보] (석사 이상) 주함부르크총영사관 행정직원(전문직) 채용,N/A,2023-06-07,https://gerlan.ssu.ac.kr/%ed%95%99%ea%b3%bc%ec%82%ac%eb%ac%b4%ec%8b%a4%ec%95%8c%eb%a6%bc/%ea%b3%b5%ec%a7%80%ec%82%ac%ed%95%ad/?term_id&slug=38090,"주함부르크총영사관은 아래와 같이
한국인 행정직원(전문직)
을 채용할 예정이오니, 관심 있는 분들의 많은 지원바랍니다.
1. 채용직종 : 전문직 행정직원
2. 채용인원 : 1명
3. 최초 담당업무
ㅇ 총영사 비서업무 및 총영사 명의 공식서한, 총영사 연설문 작성 지원
ㅇ 총영사관 업무 현안 (주재국 정세, 경제 등) 관련 정보수집, 조사 및 분석 / 언론 모니터링
ㅇ 독/한 통번역
ㅇ 기타 공관 업무 지원
4. 자격조건
ㅇ 채용 관련 분야(국제 정치·경제, 국제협력, 전문분야) 석사 학위 소지자
ㅇ 학사 학위 취득 후 5년 이상 채용 관련 분야 경력자
ㅇ 영어 또는 독일어에 대해 전문적인 통․번역이 가능한 자
ㅇ 기타 관련 분야 전문가로 인정할 상당한 이유가 있는 자
5. 우대요건
ㅇ 재외공관 업무 유경험자
ㅇ 한글, 엑셀, 파워포인트 등 사무관리 및 정보화 능력 우수자
6. 지원서 제출
ㅇ 이메일 :
recruit-hamburg@mofa.go.kr
ㅇ 접수시한 : 2023.6.13.(화) 17:00시(현지시간 기준)까지
※ 이메일 접수시 “행정직원 채용 지원(응시자 성명)”으로 표기
※ 접수된 서류는 반환하지 않으며, 서류내용이 사실과 다르거나 신원조사 등에서 부적격 판정을 받을 경우 채용이 취소될 수 있음.
7. 지원 관련 자세한 사항 및 이력서 양식 등은 하기 홈페이지의 붙임자료를 참조하시기 바랍니다.
https://overseas.mofa.go.kr/de-hamburg-ko/brd/m_9682/view.do?seq=1340634"
german_language,[홍보] 주한독일문화원 도서관 VR 체험 및 전시 : ‘The Infinite Library’ – 지구의 탄생과 진화,N/A,2023-05-23,https://gerlan.ssu.ac.kr/%ed%95%99%ea%b3%bc%ec%82%ac%eb%ac%b4%ec%8b%a4%ec%95%8c%eb%a6%bc/%ea%b3%b5%ec%a7%80%ec%82%ac%ed%95%ad/?term_id&slug=38074,"VR 체험 및 전시
‘The Infinite Library’ – 지구의 탄생과 진화
행사 기간: 2023년 6월 1일(목) – 15일(목)
행사 장소: 주한독일문화원 도서관
진행 언어: 한국어, 영어, 독일어
입장료: 무료
‘The Infinite Library(무한한 도서관)’은 VR 및 기타 여러 형태로 구현된 이동형 멀티미디어 설치물이자 전시입니다. 이 공간은 도서관의 미래를 재구성하며 방문자와 상호작용합니다.
또한 방문자들은 각 설치물의 이야기를 다감각적으로 접하면서 지구의 탄생부터 모든 생명체의 진화에 이르기까지 인류의 이야기를 경험할 수 있습니다.
VR 체험 시간
(참여 신청 필요):
월–금: 16시 – 19시
토, 일: 13시 – 16시
참여를 원하시는 분께서는,
반드시
링크
를 통해 사전 신청을 해주시기 바랍니다
.
전시 관람의 경우, 사전에 참여 신청없이 아래 시간에 자유롭게 방문하시기 바랍니다.
참고로,
6월 6일(화)
에
도서관
은 공휴일로 인하여
휴관
합니다.
전시 관람 시간
:
월–금: 8시 30분 – 19시
토: 8시 30분 – 16시
일: 12시 – 18시
더욱 자세한 내용은
주한독일문화원 행사 페이지
를 참고해 주시고,
행사와 관련하여 궁금하신 점은 아래 연락처로 편하게 연락 주시기 바랍니다.
Tel.: 02-2021-2846
Email:
kyungeun.lim@goethe.de"
german_language,[홍보] 한국독어독문학회 2023 전국 대학생 소논문 및 영상콘텐츠 공모전,N/A,2023-05-19,https://gerlan.ssu.ac.kr/%ed%95%99%ea%b3%bc%ec%82%ac%eb%ac%b4%ec%8b%a4%ec%95%8c%eb%a6%bc/%ea%b3%b5%ec%a7%80%ec%82%ac%ed%95%ad/?term_id&slug=38071,
german_language,[공지] 2023학년도 2학기 학·석사연계과정 지원 및 선발 안내,N/A,2023-05-17,https://gerlan.ssu.ac.kr/%ed%95%99%ea%b3%bc%ec%82%ac%eb%ac%b4%ec%8b%a4%ec%95%8c%eb%a6%bc/%ea%b3%b5%ec%a7%80%ec%82%ac%ed%95%ad/?term_id&slug=38064,
german_language,[홍보] 모의유럽연합(MEU 2023) 참가자 모집 (~4/14),N/A,2023-04-10,https://gerlan.ssu.ac.kr/%ed%95%99%ea%b3%bc%ec%82%ac%eb%ac%b4%ec%8b%a4%ec%95%8c%eb%a6%bc/%ea%b3%b5%ec%a7%80%ec%82%ac%ed%95%ad/?term_id&slug=38042,"주한 유럽연합
(EU)
대표부는 오는
5
월
25
일
(
목
) ~ 5
월
26
일
(
금
) /
이틀간
한국외국어대학교
에서 모의유럽연합 대회를 개최합니다
.
모의유럽연합은 전국 대학
(
원
)
생들이 유럽연합의 주요 의제에 대해 토론을 펼치는 대회입니다
.
2023
년 모의유럽연합의 주제는 디지털 협력
(Digital Cooperation)
과 기후행동
(Climate Action)
입니다
.
디지털 협력 세션은 한국어로 진행되며
,
기후행동 세션은 영어로 진행됩니다
.
모의유럽연합 대회는 유럽연합 이사회
(Council of the European Union)
방식으로 진행됩니다
.
신청:
https://docs.google.com/forms/d/e/1FAIpQLSejHNJCb3LhWBeDY-mKwSlb9BZY6MX6uQjxPCYWq9tIDGDK9w/viewform
문의:
meuinkorea@gmail.com"
german_language,[공지] 2023학년도 보훔대학교 교환학생 및 독일 현지 여름학교 지원 선발 결과,N/A,2023-03-28,https://gerlan.ssu.ac.kr/%ed%95%99%ea%b3%bc%ec%82%ac%eb%ac%b4%ec%8b%a4%ec%95%8c%eb%a6%bc/%ea%b3%b5%ec%a7%80%ec%82%ac%ed%95%ad/?term_id&slug=38037,"1. 보훔대학교 교환학생
– 2020**** 장*진
– 2021**** 이*빈
2. 독일 현지 여름학교 지원
– 2023**** 백*빈"
german_language,[공지] 2023학년도 활동 소모임 선발 결과,N/A,2023-03-22,https://gerlan.ssu.ac.kr/%ed%95%99%ea%b3%bc%ec%82%ac%eb%ac%b4%ec%8b%a4%ec%95%8c%eb%a6%bc/%ea%b3%b5%ec%a7%80%ec%82%ac%ed%95%ad/?term_id&slug=38020,"2023학년도 활동 소모임 선발 결과를 공지합니다.
1.
A.D.T. (Auf Dem Tisch)
– 주요활동: 독일문학과 영화를 다루며 장르 간 상관관계 파악, 인문학활동과 시나리오 창작활동 진행
– 소모임장: 21 윤*민
2.
de. Archiv
– 주요활동: 독일과 관련된 전반적인 정치, 경제, 사회, 문화, 예술을 소재로 매 달 1회씩 매거진 형식으로 업로드
– 소모임장: 18 안*현
3.
L.U.E. (Lass Uns Erleben)
– 주요활동: 독일의 언어와 문화를 전반적으로 경험 및 체득
– 소모임장: 17 문*규
4.
T.A.S. (Tandem An der Soongsil uni)
– 주요활동: 독일 교환학생과 언어 및 문화교류
– 소모임장: 19 공*라
5.
온라인 탄뎀
– 주요활동: 줌(Zoom)을 이용하여 보훔대학교 한국학과 독일인 학생들과 언어 및 문화교류
– 소모임장: 19 최*윤"
german_language,[공지] 2023-1학기 졸업논문 및 졸업심사자료 제출 안내,N/A,2023-03-16,https://gerlan.ssu.ac.kr/%ed%95%99%ea%b3%bc%ec%82%ac%eb%ac%b4%ec%8b%a4%ec%95%8c%eb%a6%bc/%ea%b3%b5%ec%a7%80%ec%82%ac%ed%95%ad/?term_id&slug=38013,"1. 제출기한 : 2023년 6월 11일 (일) 17:00
2. 제출장소 : 독어독문학과 사무실(조만식 642호) / 독어독문학과 이메일 gerlan@ssu.ac.kr
3. 대상자: 졸업논문계획서를 제출한 졸업예정자(아래 참조)
가) 8학기 및 127학점 이상 취득 예상 재학생 혹은 수료생인 졸업예정자
나) 6~7학기 재학 중인 조기졸업 승인된 졸업예정자
다) 7학기 이수중인 학·석사 연계과정 승인된 졸업예정자
4. 논문양식
– 분량 : A4 20장 이상
– 글자크기 : 11
– 행간 : 180
– 폭, 여백은 편집하지 말 것
–
파일명: 졸업심사자료_이름(학번)_논문/번역/ZD  –  ex: 졸업심사자료_김ㅇㅇ(20230000)_논문
5. 어학자격증 대체자, 번역 대체자 또한 기간 내 제출해야 함
6. 관련 문의는 독어독문학과 사무실로 해주시기 바랍니다.(02-820-0350)"
german_language,[공지] 2023-1학기 졸업논문계획서 제출 안내 (ZD 및 번역 대체자도 필독),N/A,2023-03-16,https://gerlan.ssu.ac.kr/%ed%95%99%ea%b3%bc%ec%82%ac%eb%ac%b4%ec%8b%a4%ec%95%8c%eb%a6%bc/%ea%b3%b5%ec%a7%80%ec%82%ac%ed%95%ad/?term_id&slug=38009,"1. 제출기한 : 2023년 4월 13일(목) 17:00
2. 제출장소 : 독어독문학과 사무실(조만식 642호) 또는 독어독문학과 이메일 gerlan@ssu.ac.kr
3. 대상자: 다음과 같은 졸업을 희망하는 학생
– 7학기 이상 이수중인 재학생
(*7학기 재학생은 제출 가능 대상으로, 제출 의무대상은 아님 (조기졸업 원하는 경우에는 반드시 제출))
– 수료생 전체
–
*이전 학기에 제출한 학생은 제출할 필요 없음
4. 작성방법
– ‘담당교수’란 기입하지 말 것
– ZD, 번역 대체자도 논문계획서를 작성해야 함  (예시 : ZD B1 대체 / 번역 작품 *** 대체)
–> ZD 제출 예정자: 제목/내용에 ‘ZD B1 대체’ 라고만 기입해주시면 됩니다. (논문 관련 내용 기재 불필요)
–> 번역 예정자: 담당 교수님에게 번역할 텍스트를 받아서 번역하므로, 학과 조교에게 미리 문의하기 바랍니다. (02-820-0350)
– 양식은 첨부파일 확인
(파일명: 졸업논문계획서_이름(학번)_논문/번역/ZD  –  ex: 졸업논문계획서_김ㅇㅇ(20230000)_논문)"
german_language,[공지] 2023학년도 보훔대학교 교환학생 선발 및 독일 현지 여름학교 지원 안내,N/A,2023-03-06,https://gerlan.ssu.ac.kr/%ed%95%99%ea%b3%bc%ec%82%ac%eb%ac%b4%ec%8b%a4%ec%95%8c%eb%a6%bc/%ea%b3%b5%ec%a7%80%ec%82%ac%ed%95%ad/?term_id&slug=37998,"1. 독일 보훔대학교 교환학생 선발
– 신청기간 : 2023년 3월 6일(월) ~ 3월 24일(금) 17:00
– 신청대상 : 독어독문학과 학부생(휴학생 포함)
– 선발인원 : 2명
– 제출서류 :
1) 자기계획서(국문 1부/지원동기와 학업계획 포함/A4용지 2~3장 내외)
2) 성적증명서(국문 1부)
3) 독일어 국제공인 어학증명서(ZD, TestDaf/B1 이상 취득자에 한함)
– 파견기간 : 1년(2023년 9월 ~ 2024년 8월)
– 제출방법 : 독어독문학과 이메일(gerlan@ssu.ac.kr)
– 선발방법 : 서류심사 + 면접
– 면접 일시와 장소: 3월 27일(월) 18:00, 조만식기념관 642호
– 참고사항
1) 3학년 1학기 재학생까지 신청 가능(3학년 2학기 재학생부터 신청 불가)
2) 면접은 상황에 따라 화상면접으로 진행될 수도 있음
2. 독일 현지 여름학교 어학연수 지원
독일 현지 대학교(쾰른, 킬, 뮌헨대학교 등)에서 개설하는 여름학교(Sommerschule) 프로그램(4주간 진행)에서 어학연수를 원하는 학생에게 장학금(100만원)을 지원합니다.
– 신청기간 : 2023년 3월 6일(월) ~ 3월 24일(금) 17:00
– 신청대상 : 독어독문학과 학부생
– 선발인원 : 1명(전 학년 대상)
– 제출서류 :
1) 자기소개서(국문 1부, A4용지 1~2장 내외)
2) 학업계획서(지원동기 포함, 국문 1부, A4용지 1~2장 내외)
– 제출방법 : 독어독문학과 이메일(
gerlan@ssu.ac.kr
)
– 선발방법 : 서류심사 + 면접
– 면접일시와 장소 : 3월 27일(월) 18:00, 조만식기념관 642호
– 참고사항
1) “교환학생 프로그램”과 중복 수혜 불가
2) 전과 시 어학연수 지원 장학금은 학과에 환불해야 함"
german_language,[공지] 교과목명 변경 안내,N/A,2023-02-07,https://gerlan.ssu.ac.kr/%ed%95%99%ea%b3%bc%ec%82%ac%eb%ac%b4%ec%8b%a4%ec%95%8c%eb%a6%bc/%ea%b3%b5%ec%a7%80%ec%82%ac%ed%95%ad/?term_id&slug=37992,"교과목명이 변경된 과목을 안내합니다. (2023학년도부터 적용)
과목번호는 변경 전과 동일합니다.
변경 전
변경 후
독일어문장연습
중급독문법
북구신화와독일문학
북구신화와문화콘텐츠"
german_language,[홍보] 주한독일문화원 북토크 ‘글뤽 아우프(Glück auf!)-파독광부의 생애사’,N/A,2023-01-19,https://gerlan.ssu.ac.kr/%ed%95%99%ea%b3%bc%ec%82%ac%eb%ac%b4%ec%8b%a4%ec%95%8c%eb%a6%bc/%ea%b3%b5%ec%a7%80%ec%82%ac%ed%95%ad/?term_id&slug=37983,"한∙독 수교 140주년, 파독광부 독일이주 60주년을 기념하여 2023년 1월 31일 화요일 저녁 7시, 주한독일문화원에서 ‘글뤽 아우프 – 파독 광부들의 생애사’라는 제목으로 낭독회/관객과의 대화가 있습니다.
*행사에 참석하고자 하시는 분께서는 2023년1월27일까지 이메일(eun-hae.joo@goethe.de)을 통해 사전등록 해주시기 바랍니다.
북토크 및 인터뷰
글뤽 아우프!
파독광부들의 생애사
글뤽은 ‘행운‘, 아우프는 ‘위‘라는 뜻으로, 글뤽 아우프는 ‘무사히 지상에서 보자’는 의미를 지닌 광부들의 인사말이다
1963년 12월 16일에 체결된 한독근로자채용협정에 따라 그때부터 1977년까지 약 2만 명의 파독광부과 간호사들이 서독으로 파견되었으며 이들은 양국의 경제발전에 크게 기여하였다. 오늘날까지 독일에는 약 4만 명의 한국인들이 거주하고 있으며 많은 이들은 그곳에 가정을 이루며 새로운 고향을 찾았다. 이들은 어떤 계기로 그들에게는 낯선 독일 사회에 정착할 결심을 하게 되었을까? 또한 독일에서 태어나고 자란 이민 2세, 즉 독일문화가 더 익숙하고 주로 휴가나 부모님의 이야기를 통해서만 한국을 접한 자녀 세대와의 관계는 어떨까?
주한독일문화원은 한∙독 수교 140주년과 파독광부 독일이주60주년을 기념하기 위해 이유재 교수를 초대하여 파독광부들의 생애사를 다룬 그의 저서 ‘글뤽 아우프!’를 소개하는 시간을 갖는다. 행사는 안나 릴만(윤안나)의 낭독 후 이유재 교수와 당시 광부로 독일로 파견되었던 나복찬과의 대화로 이어지며, 관객과의 대화로 마무리될 예정이다.
*이유재 교수
는 튀빙겐대학교 한국학과장, 튀빙겐대학교 한국학연구소장, 그리고 튀빙겐 세종학장을 역임하고 있다. 현재 한국학중앙연구원에서 2021년부터 2031년까지 지원하는 해외한국학전략연구소 ‘유럽의 시각으로 본 한국학’ 프로젝트의 책임자이기도 하다.
*나복찬
은 파독광부로 일하기 위해 1977년에 아헨으로 갔다. 파견 계약 만료 후, 1981년 부터 주 뒤셀도르프 만네스만 회사에서 일했다. 1999년 부터는 주간지 교포신문 기자 및 노르드라인베스트팔렌 주 지점장으로 활동 중이다. 현재 한인 1세를 위한 쉼터 공간을 기획하고 있다.
*안나 릴만(윤안나)
은 카이저스라우테른 출신으로 독일 튀빙겐 대학에서 한국학 및 신문방송학 학사 학위를 마친 후 서울로 이주했다. 한국예술종합학교 연기학 석사과정의 첫 외국인 학생으로 입학하여 ‘외국인 배우를 위한 효율적 연기 접근방법 연구’논문으로 수료했다. 연극 및 영화에서의 연기 활동 외에도 제작자로서 활동하며 최근에는 연극 연출가로 데뷔했다."
german_language,[공지] 2023학년도 1학기 백마성적우수장학생 선발기준,N/A,2023-01-12,https://gerlan.ssu.ac.kr/%ed%95%99%ea%b3%bc%ec%82%ac%eb%ac%b4%ec%8b%a4%ec%95%8c%eb%a6%bc/%ea%b3%b5%ec%a7%80%ec%82%ac%ed%95%ad/?term_id&slug=37970,"2023학년도 1학기 백마성적우수장학생 선발기준을 다음과 같이 안내합니다.
1. 기본 자격요건
가. 2023학년도 1학기 국가장학금을 신청하여 소득분위 조회가 가능한 자
1) 1차 신청하여 국가장학금 심사된 자에 한하여 등록금고지서 사전감면
2) 1차 미신청자 : 2차 신청 및 심사 여부 확인 후 지급
(2차 신청자는 4월 말~6월 초 국가장학금 승인 차수에 따라 순차적으로 사후지급)
3) 국가장학금을 신청할 수 없는 대한민국 국적 미소지자도 선발 가능
(단, 순수외국인전형으로 입학한 외국인 유학생은 선발 불가)
나. 2023학년도 1학기 재학 및 복학예정자로 해당학기 등록금 납부 예정인 자
1) 2023학년도 1학기 前등록휴학 후 복학시 선발대상에서 제외(등록대체자)
2) 학기 중 미등록, 자퇴, 제적, 입학취소, 복학 취소 등 학적변동시 모든 장학금 취소
3)
선발 후 휴학 시 백마성적우수장학금은 복학 학기로 이월되며
복학 학기에 국가장학금 신청 의무임
4) 추가 또는 교체선발 시에는 재학 중인 학생만 선발 가능(휴학생 추가/교체 불가)
다. 직전학기 15학점 이상 이수한 자 (졸업 직전학기는 직전학기 12학점 이상)
라. 정규등록학기가 8학기 이내인 자(건축학과 건축학전공: 정규등록 10학기 이내인 자)
마. F학점 포함 학적부성적 기준 직전학기 3.5 이상인 자
바. 모든 교내장학금간 중복수혜 불가
1) 신청장학금 중 수혜금액이 큰 장학금 선발(동일할 시 백마성적우수장학금 선발)
2) 중복수혜 가능 장학금: 국가장학금, 교외장학금, 학업장려비 지원 목적 장학금 등
2. 2023학년도 1학기 독어독문학과 선발 세부기준
– 백마성적우수장학생 기본 자격요건에 부합하는 학생
– 전체 평점평균 순으로 배정 (평점평균 동점시 평점계, 평점계도 동점시 산술평균 순)
*전액 1명, 반액 1명, 25% 12명"
german_language,[공지] 2023학년도 1학기 김희경유럽정신문화장학재단 장학생 학과 추천 결과,N/A,2023-01-12,https://gerlan.ssu.ac.kr/%ed%95%99%ea%b3%bc%ec%82%ac%eb%ac%b4%ec%8b%a4%ec%95%8c%eb%a6%bc/%ea%b3%b5%ec%a7%80%ec%82%ac%ed%95%ad/?term_id&slug=37968,"2023학년도 1학기 김희경유럽정신문화장학재단 장학생 학과 추천자입니다.
2021**** 서*원
선발된 학생은 학과 사무실로 제출했던 서류 및 추천서를 장학팀에 직접 제출하시기 바랍니다.
(2023년 1월 13일 금요일 17시까지, 미래관 106-2호)"
german_language,[공지] 2022학년도 교직과정 이수예정자 선발 결과,N/A,2023-01-12,https://gerlan.ssu.ac.kr/%ed%95%99%ea%b3%bc%ec%82%ac%eb%ac%b4%ec%8b%a4%ec%95%8c%eb%a6%bc/%ea%b3%b5%ec%a7%80%ec%82%ac%ed%95%ad/?term_id&slug=37965,"2022학년도 교직과정 이수예정자 선발 명단입니다.
2021**** 윤*민
2021**** 이*호
결과에 이의가 있는 학생은 1월 20일 금요일까지 학과 사무실로 연락 바랍니다."
german_language,[채용정보] 폭스바겐그룹코리아 2023 H1 INTERNSHIP (~1/18),N/A,2023-01-06,https://gerlan.ssu.ac.kr/%ed%95%99%ea%b3%bc%ec%82%ac%eb%ac%b4%ec%8b%a4%ec%95%8c%eb%a6%bc/%ea%b3%b5%ec%a7%80%ec%82%ac%ed%95%ad/?term_id&slug=37960,
german_language,"[채용정보] 슈피겐코리아 온라인 해외영업(B2C, 독일) 학교 추천 전형 (서류전형 면제)",N/A,2022-12-22,https://gerlan.ssu.ac.kr/%ed%95%99%ea%b3%bc%ec%82%ac%eb%ac%b4%ec%8b%a4%ec%95%8c%eb%a6%bc/%ea%b3%b5%ec%a7%80%ec%82%ac%ed%95%ad/?term_id&slug=37941,"슈피겐코리아에서 온라인 해외영업(B2C, 독일) 학생 추천 요청이 왔습니다.
추천 대상자는
서류전형이 면제
됩니다.
1. 기업소개
슈피겐코리아는 모바일 액세서리를 시작으로 IT 관련 기기, 생활용품까지 라인업을 확대하며 제품개발부터 디자인, 세일즈, 물류까지 전 분야를 인하우스로 운영하는 중견기업입니다.
2. 담당업무
– 독일 온라인 시장 영업 계획 수립 및 실행
– 글로벌 이커머스 플랫폼 운영 및 관리
– 제품 수요 예측 및 신제품 기획 지원
– 플랫폼 내 프로모션 및 키워드 광고 진행
3. 지원대상
1) 필수사항
–
학사 이상 기졸업자 및 2023년 2월 졸업예정자
– 외국어 활용 능력: Intermediate (독일어)
(면접 시 외국어 인터뷰 포함)
2) 우대사항
– 데이터 분석 및 가설 검증에 관심이 많은 분
– IT기기 및 전자기기 시장 트렌드를 파악하고 있는 분
4. 지원방법
1) 슈피겐코리아 채용 사이트를 통해 지원 –
지원경로 ‘학교추천’ 선택
(주소:
https://career.spigenkorea.co.kr/job_posting/U8W5vAIl
)
2) 학과 이메일(gerlan@ssu.ac.kr)로 다음 사항 기재하여 송부
(이메일 송부하지 않는 경우 추천 대상에서 제외됨)
가. 성명
나. 연락처
다. 이메일
라. 여권상 영문성명
마. 생년월일
5. 지원기한
2022년 12월 30일 금요일 17시 (슈피겐코리아 채용 사이트 지원 및 이메일 송부 모두 완료하여야 함)
6. 전형절차
(학교추천 대상자 서류전형 면제)
인적성검사 →  실무진 면접 →  임원 면접 → 채용검진 →  입사
7. 기타
– 슈피겐코리아 알아보기:
https://career.spigenkorea.co.kr/
– 직무 더 알아보기:
https://post.naver.com/viewer/postView.naver?volumeNo=33581651&memberNo=41049332
– 문의: recruit@spigen.com (슈피겐코리아 채용담당자)"
german_language,[공지] 2023학년도 1학기 김희경유럽정신문화장학재단 장학생 선발,N/A,2022-12-20,https://gerlan.ssu.ac.kr/%ed%95%99%ea%b3%bc%ec%82%ac%eb%ac%b4%ec%8b%a4%ec%95%8c%eb%a6%bc/%ea%b3%b5%ec%a7%80%ec%82%ac%ed%95%ad/?term_id&slug=37921,"2023학년도 1학기 재단법인 김희경유럽정신문화장학재단 신규 장학생을 다음과 같이 선발합니다.
1. 장학재단명
: 재단법인 김희경유럽정신문화장학재단
2. 장학금액
:
2023학년도 1학기 등록금 전액+ 200만원 학업장려비(본인계좌 입금)
3. 추천인원
: 1명
(학과 내에서 1명 선발 후, 장학팀에서 타 학과 지원자 서류 함께 검토하여 최종 추천인원 1명 선발)
4. 지원자격
가. 유럽인문학 전공자
나. 유럽어문학 및 유럽문화학 등 이와 연관된 강의(영어영문학 제외)를 직전학기까지 2강좌 이상 수강한 재학생
(2023학년도 1학기 기준 4학년 제외)
다. 본 장학금 기수혜자가 아닌 학생
라.
총평점 A학점 이상인 학생
5. 지원방법
가. 방법:
독어독문학과 사무실로 서류 제출
(이메일 제출 또는 방문 제출 (gerlan@ssu.ac.kr, 조만식기념관 642호))
나. 서류제출 기한:
2023년 1월 10일 화요일 17시
6. 제출서류
가. 장학생 선발 지원서 (첨부파일 양식 이용)
나. 자기소개서 (A4 용지 12포인트, 5매 내외)
다. 전체 학년 성적증명서 (총평점 A학점 이상)
라. 재학증명서
마. 학부모 세목별 과세증명서
바. 등록금 고지서
7. 참고사항
가. 본 장학금 수혜 시 2023학년도 1학기에 타 장학금 수혜 불가
나. 수혜학기 휴학시 환수조치함
다. 해당 재단이 지원하는 유럽어학연수/교환학생 신청 시 선발 우대함
라. 경제사정을 최우선 고려함
8. 기타
– 학과에서 선발된 학생은 학과 사무실로 제출했던 서류 및 추천서를
장학팀
에 직접 제출해야 함
(
2023년 1월 13일 금요일 17시까지, 미래관 106-2호)
– 추천서는 선발된 학생에게 교수님께서 작성해주실 예정
9. 문의:
독어독문학과 사무실 (gerlan@ssu.ac.kr, 02-820-0350)"
german_language,[공지] 2022학년도 한독세미나,N/A,2022-11-29,https://gerlan.ssu.ac.kr/%ed%95%99%ea%b3%bc%ec%82%ac%eb%ac%b4%ec%8b%a4%ec%95%8c%eb%a6%bc/%ea%b3%b5%ec%a7%80%ec%82%ac%ed%95%ad/?term_id&slug=37899,"2022학년도 한독세미나 참여를 원하는 학생은 펀시스템으로 신청해주시기 바랍니다.
https://fun.ssu.ac.kr/ko/program/all/view/3053
1. 일시: 2022년 12월 2일 금요일 18시 30분 ~ 20시 30분
2. 장소: 벤처중소기업센터 311호
3. 식순
(모바일 페이지에서 안보이는 경우 펀시스템 페이지에서도 확인 가능합니다!)
시간
내용
발표자
18:30
인사말 및
결산안 발표
18학번 안준현, 21학번 김승우
18:40
학생회 퇴임사
및 취임사
42대 학생회 및 43대 학생회
18:50
소모임 결산
21학번 김승우
18:55
교환학생 발표
19학번 최성윤 (Europa-Universität Viadrina)
19:10
선물 추첨
19:20
졸업생
진로특강
– 12학번 고상범 (하이브(HYBE) 엔터테인먼트 재직)
– 14학번 윤재훈 (서울대학교 인문대학 대학원 미학과 석사수료)
20:00
독문 골든벨
20:20
마무리"
german_language,[채용정보] 한국프레틀 2022 베루프스빌둥 정규직 채용 (Sales 부문),N/A,2022-11-28,https://gerlan.ssu.ac.kr/%ed%95%99%ea%b3%bc%ec%82%ac%eb%ac%b4%ec%8b%a4%ec%95%8c%eb%a6%bc/%ea%b3%b5%ec%a7%80%ec%82%ac%ed%95%ad/?term_id&slug=37890,"“한독상공회의소에서는 지난 2019년부터 독일식 직업 훈련 교육 프로그램인 베루프스빌둥을 국내 최초로 도입하였으며,
올해부터 독일계 기업인 한국프레틀사와 함께 2022 베루프스빌둥 영업(Sales) 부문 신규 채용을 진행하게 되었습니다.”
자세한 내용은 첨부파일 확인해주세요."
german_language,[공지] ZD B1(2023.1.13-14 시행) 대비 현희교수님 특강 안내,N/A,2022-11-21,https://gerlan.ssu.ac.kr/%ed%95%99%ea%b3%bc%ec%82%ac%eb%ac%b4%ec%8b%a4%ec%95%8c%eb%a6%bc/%ea%b3%b5%ec%a7%80%ec%82%ac%ed%95%ad/?term_id&slug=37888,"2023년 1월에 실시되는 ZD B1 시험 대비 현희 교수님 특강 신청 받습니다.
1. 특강정보
– 수강대상: 2023년 1월 시험 응시자
– 특강신청기한: 11/30 수요일
– 특강일정: 추후 공지
2. 시험정보
– 시험일자: 1/13 (필기), 1/14 (구두)
– 시험접수기간: 12/12 ~ 12/16
* 단체접수는 더 이상 제공되지 않으며, 자세한 사항은 주한독일문화원 홈페이지 참고 바랍니다.
3. 특강신청방법
학과 메일(gerlan@ssu.ac.kr)로 신청 (이름, 학번, 연락처 기재)"
german_language,[홍보] 주한독일문화원 도서관 겨울 행사 홍보,N/A,2022-11-14,https://gerlan.ssu.ac.kr/%ed%95%99%ea%b3%bc%ec%82%ac%eb%ac%b4%ec%8b%a4%ec%95%8c%eb%a6%bc/%ea%b3%b5%ec%a7%80%ec%82%ac%ed%95%ad/?term_id&slug=37774,"2022
년
11
월
17
일부터
12
월
15
일까지
,
매주
목요일
주한독일문화원
도서관
에서
다음과 같은
행사와 모임이
개최됩니다 !"
german_language,[홍보] 주한독일문화원 개최 ‘독일어 낭독대회’ 안내,N/A,2022-10-13,https://gerlan.ssu.ac.kr/%ed%95%99%ea%b3%bc%ec%82%ac%eb%ac%b4%ec%8b%a4%ec%95%8c%eb%a6%bc/%ea%b3%b5%ec%a7%80%ec%82%ac%ed%95%ad/?term_id&slug=37564,"주한독일문화원
에서 11월 셋째 주 금요일 낭독의 날을 맞이하여
2022
년
11
월
10
일
(목)과
11
일
(금)
에 총 두 번에 걸쳐 낭독대회를 개최합니다.
1. 일정
– 첫 번째 낭독대회
(11월
10
일
(목)
)
: 독일어권 국가에서 체류 경험이
있는
참가자를 위한 대회
– 두 번째 낭독대회
(11월
11
일
(금)
)
: 독일어권 국가에서 체류 경험이
없는
참가자를 위한 대회
2. 낭독작품
(1) 카이 마이어어의
‘
세상의
페이지들
(Die Seiten der Welt)’
(2015, 피셔 KJB 출판사, 프랑크푸르트)
(2) 메히틸트 글래저의
‘
북
점퍼
(Die Buchspringer)’
(2015, 뢰베 출판사, 빈드라흐)
두 책 모두 문학을 사랑하는 주인공들이 책의 세계로 들어가 수많은 모험들을 겪는 내용입니다.
3. 신청방법
– 낭독대회
참가 등록 신청
기한 :
10월 23일(일)
– 추후
낭독 영상 제출
기한 :
10월 30일(일)
4. 참가대상
이 행사는 독일어를 배우는 학생 외에도 문학에 관심 있는 분들은
누구나
참여할 수 있습니다.
보다 자세한 참여 방법과 일정은 첨부된 포스터와
주한독일문화원 행사 일정 페이지
를 통해 확인 가능하며,
최고의 낭독자로 뽑힌 수상자들에게는 여러 상품이 주어집니다.
기타 궁금한 사항은 주한독일문화원 도서관(
bibliothek-seoul@goethe.de
)으로 문의 바랍니다."
german_language,[공지] 원어연극부 「die Bühne」 2023학년도 연출 모집,N/A,2022-10-05,https://gerlan.ssu.ac.kr/%ed%95%99%ea%b3%bc%ec%82%ac%eb%ac%b4%ec%8b%a4%ec%95%8c%eb%a6%bc/%ea%b3%b5%ec%a7%80%ec%82%ac%ed%95%ad/?term_id&slug=37544,"독어독문학과 원어연극부 「die Bühne」의 2023학년도 연출을 모집합니다.
대상: 독어독문학과 재학생 및 휴학생
기간: 10/6 수요일 ~ 10/20 목요일
제출서류: 지원서, 기획안 (첨부파일 확인)
– 지원서는 첨부파일 양식 이용
– 기획안은 참고용으로 작가 및 작품 소개, 연출 의도 위주로 자유롭게 작성 (ppt 이용)
지원을 희망하는 학생은 기간 내에 독어독문학과 메일(gerlan@ssu.ac.kr)로 지원서 및 기획안을 제출해주시기 바랍니다.
서류 검토 후 면접대상자에게 별도로 연락 드리겠습니다."
german_language,[공지] ZD B1(2022.12.8-9 시행) 대비 현희교수님 특강 안내,N/A,2022-10-04,https://gerlan.ssu.ac.kr/%ed%95%99%ea%b3%bc%ec%82%ac%eb%ac%b4%ec%8b%a4%ec%95%8c%eb%a6%bc/%ea%b3%b5%ec%a7%80%ec%82%ac%ed%95%ad/?term_id&slug=37533,"2022년 12월에 실시되는 ZD B1 시험 대비 현희 교수님 특강 신청 받습니다.
1. 특강정보
– 수강대상: 12월 시험 응시자
– 특강신청기한:
10/21 금요일
-> 10/30 일요일로 연장
– 특강일정: 추후 공지 (11월 초 예정)
2. 시험정보
– 시험일자: 12/8 (필기), 12/9 (구두)
– 시험접수기간: 11/8 ~ 11/10
* 단체접수는 더 이상 제공되지 않으며, 자세한 사항은 주한독일문화원 홈페이지 참고 바랍니다.
신청을 원하는 학생은 독어독문학과 메일(gerlan@ssu.ac.kr) 또는 학과 사무실(02-820-0350)로 연락해주시길 바랍니다.
* 메일 기재사항
– 이름
– 학번
– 연락처"
german_language,[공지] 2022학년도 2학기 국가장학금 신청자 가구원 동의 안내,N/A,2022-09-20,https://gerlan.ssu.ac.kr/%ed%95%99%ea%b3%bc%ec%82%ac%eb%ac%b4%ec%8b%a4%ec%95%8c%eb%a6%bc/%ea%b3%b5%ec%a7%80%ec%82%ac%ed%95%ad/?term_id&slug=37519,"2022학년도 2학기 국가장학금 가구원 동의 관련하여 다음과 같이 안내합니다.
※ 2022학년도 2학기 국가장학금 가구원 동의 미완료자 대상 안내입니다.
※ 가구원 동의 절차 미완료 시 국가장학금 지원이 불가하며,
장학규정에 따라 교내장학금 지원도 불가하니 기한 내에 완료하여 주시기 바랍니다.
1. 가구원 정보제공 동의 기간: 2022.09.23.(금) 18:00 까지(온·오프라인 동일)
가. 기한 내
가족관계 확인 및 가구원 정보제공동의
를 하지 않을 경우:
지원구간 산정이 지연되거나 불가
할 수 있음
(지원구간 산정이 지연되면
최신화 신청 불가
할 수 있음)
나.
재외국민 특별전형 입학자, 주민등록코드 상 재외국민
(가구원 중 1인 이상), 또는
학생 또는 가구원(형제·자매 포함)
이 재외국민 특별전형으로 입학하여
국외 소득·재산 신고 대상자로 선정된 이력이 있는 경우
(당해 학기 포함): 기한 내 가족관계 확인 및 가구원 정보제공 동의를 하지 않으면,
국외 소득․재산 신고 대상자로 선정되지 않아 지원구간 산정 불가
2. 동의대상 가구원 범위
– 미혼: 학생의 부·모 모두
– 기혼: 학생의 배우자
※ 학생 본인이 기초·차상위계층 자격인 경우, 가구원 정보제공동의 생략 가능
※ 가구원 부양관계 단절 등 동의 불가 시, 제외 심사를 통해 동의대상 가구원 제외 가능
3. 방법
– 온라인: 홈페이지(www.kosaf.go.kr) 접속 → 가구원(부․모 또는 배우자)의 전자서명 동의
– 오프라인: 입원․고령․농어촌거주․장애 등 온라인 동의 불가 시, 상담센터 문의(1599-2000) 하여 오프라인 동의 진행
※ 자세한 사항은 첨부파일(가구원 정보제공 동의 상세절차) 참조
4. 문의처: 한국장학재단 콜센터 1599-2000
붙임 가구원 정보제공동의 상세 절차 1부. 끝."
german_language,[공지] 독일어 릴레이 특강,N/A,2022-09-19,https://gerlan.ssu.ac.kr/%ed%95%99%ea%b3%bc%ec%82%ac%eb%ac%b4%ec%8b%a4%ec%95%8c%eb%a6%bc/%ea%b3%b5%ec%a7%80%ec%82%ac%ed%95%ad/?term_id&slug=37505,"◾ 독일어 릴레이 특강 ◾
☆ 펀시스템 (
fun.ssu.ac.kr
) 에서 ‘독일어 릴레이 특강’ 검색 후 신청 바랍니다.
(1~4차 특강 각각 신청하여야 하며, 특강마다 신청 기한이 다르니 주의 바랍니다)
(바로가기:
https://fun.ssu.ac.kr/ko/program/all/view/2769
)
1. 프로그램 설명
– 독일어 보충학습의 필요성을 느끼거나 특정 영역을 선택하여 독일어실력을 다지기를 원하는 학생에게 학습기회를 제공
– 4개의 특강이 개설되며, 특강마다 주제와 강사가 바뀌는 릴레이 특강 형식
2. 대상: 독어독문학과 재학생 및 휴학생
3. 운영방식
– 아래 제시되는 특강 안내를 확인하고 원하는 특강을 신청기간 내에 신청
– 신청하는 특강 수에 제한은 없으며, 4개 특강을 모두 신청하여도 됨
– 선착순 마감
– 신청자가 5명 이하인 특강은 개설되지 않음
– 펀시스템 등록(참가 전)과 만족도 조사(참가 후)는 필수
– 문의사항이 있을 시에는 독어독문학과 사무실(02-820-0350)로 연락바람
4. 특강 안내
① 1차 특강 ‘동사의 3기본형과 복합시칭’(1부) 그리고 ‘수동태’(2부)
– 강사: 이재호 교수님
– 신청기간: 9월 20일(화) ~9월 23일(금)
– 특강 일시: 9월 27일(화) 18:00~18:55(1부) / 19:00~20:00(2부)
– 특강 장소: 진리관 11304호
– 수강 인원: 최소 5명 ~ 최대 30명
– 특강 소개
– 1부
– 동사의 3기본형 (약변화동사, 강변화동사, 혼합변화동사, 동사의 과거인칭변화)
– 복합시칭 (복합시칭의 형태, 복합시칭의 용법, 완료시칭 조동사 sein과 haben)
– 2부
– 수동형을 만드는 방법
(타동사의 수동, 자동사의 수동, 상태 수동, 의미상의 수동, 전치사 von/durch/mit의 차이점, 능동형과 수동형의 시칭 비교, 수동형에서 화법조동사가 있는 경우, 능동형에서 수동형으로 고칠 때 화법조동사가 바뀌는 경우)
– 수동형으로 고쳐 쓸 수 없는 문장
② 2차 특강 ‘형용사 어미변화’
– 강사: 김대권 교수님
– 신청기간: 9월 20일(화) ~9월 30일(금)
– 특강 일시: 10월 4일(화) 18:00~19:15
– 특강 장소: 진리관 11305호
– 수강 인원: 최소 5명 ~ 최대 30명
– 특강 소개
“독일어에서는 형용사자 주변 환경에 따라 다양하게 어미가 변화합니다. 복잡해 보이기도 하지만 몇 가지 규칙만 숙지하면 쉽게 파악할 수 있습니다.”
③ 3차 특강 ‘관계대명사, 관계부사, 관계절’
– 강사: 남정애 교수님
– 신청기간: 9월 20일(화) ~11월 4일(금)
– 특강 일시: 11월 8일(화) 18:00~19:15
– 특강 강소: 진리관 11304호
– 수강 인원: 최소 5명 ~ 최대 30명
– 특강 소개
“독일인은 너무나도 자주 사용하는데 우리에게는 너무나도 복잡해 보이는 관계절을 정리해봅니다. 관계대명사, 전치사와 관계대명사, 부정관계대명사 wer와 was, 특수관계대명사 was, 그리고 관계부사 wo, wohin, woher를 다룹니다.”
④ 4차 특강 ‘독일어 발음과 억양 연습’
– 강사: 현희 교수님
– 신청기간: 9월 20일(화) ~11월 11일(금)
– 특강 일시: 11월 15일(화) 18:00~20:00
– 특강 장소: 진리관 11305호
– 수강 인원: 최소 5명 ~ 최대 20명
– 특강 소개
” 독일어 발음(강세, 억양)은 한국인 학습자에게 왜 어려운가? 무엇 때문일까? 함께 ‘소리 내면서’ 그 답을 찾아보도록 하겠습니다.”"
german_language,[공지] 2022-2학기 졸업논문 및 졸업심사자료 제출 안내,N/A,2022-09-13,https://gerlan.ssu.ac.kr/%ed%95%99%ea%b3%bc%ec%82%ac%eb%ac%b4%ec%8b%a4%ec%95%8c%eb%a6%bc/%ea%b3%b5%ec%a7%80%ec%82%ac%ed%95%ad/?term_id&slug=37495,"1. 제출기한 : 2022년 12월 07일 (수) 17:00
2. 제출장소 : 독어독문학과 사무실(조만식 642호) / 독어독문학과 이메일 gerlan@ssu.ac.kr
3. 대상자
– 졸업논문계획서를 제출한 졸업예정자(아래 참조)
가) 8학기 및 127학점 이상 취득 예상 재학생 혹은 수료생인 졸업예정자
나) 6~7학기 재학 중인 조기졸업 승인된 졸업예정자
다) 7학기 이수중인 학·석사 연계과정 승인된 졸업예정자
4. 논문양식
– 분량 : A4 20장 이상
– 글자크기 : 11
– 행간 : 180
– 폭, 여백은 편집하지 말 것
5. 어학자격증 대체자, 번역 대체자 또한 기간 내 제출해야 함
6. 관련 문의는 독어독문학과 사무실로 해주시기 바랍니다.(02-820-0350)"
german_language,[공지] 2022-2학기 졸업논문계획서 제출 안내 (ZD 및 번역 대체자도 필독),N/A,2022-09-07,https://gerlan.ssu.ac.kr/%ed%95%99%ea%b3%bc%ec%82%ac%eb%ac%b4%ec%8b%a4%ec%95%8c%eb%a6%bc/%ea%b3%b5%ec%a7%80%ec%82%ac%ed%95%ad/?term_id&slug=37492,"1. 제출기한 : 2022년 10월 12일(수) 17:00
2. 제출장소 : 독어독문학과 사무실(조만식 642호) 또는 독어독문학과 이메일 gerlan@ssu.ac.kr
3. 대상자
– 다음과 같은 졸업을 희망하는 학생
– 7학기 이상 이수중인 재학생
(*7학기 재학생은 제출 가능 대상으로, 제출 의무대상은 아님 (조기졸업 원하는 경우에는 반드시 제출))
– 수료생 전체
–
*이전 학기에 제출한 학생은 제출할 필요 없음
4. 작성방법
– ‘담당교수’란 기입하지 말 것
– ZD, 번역 대체자도 논문계획서를 작성해야 함  (예시 : ZD B1 대체 / 번역 작품 *** 대체)
–> ZD 제출 예정자: 제목/내용에 ‘ZD B1 대체’ 라고만 기입해주시면 됩니다. (논문 관련 내용 기재 불필요)
–> 번역 예정자: 담당 교수님에게 번역할 텍스트를 받아서 번역하므로, 학과 조교에게 미리 문의하기 바랍니다. (02-820-0350)
– 양식은 첨부파일 확인"
german_language,[공지] 2022-2학기 유고결석 안내,N/A,2022-09-05,https://gerlan.ssu.ac.kr/%ed%95%99%ea%b3%bc%ec%82%ac%eb%ac%b4%ec%8b%a4%ec%95%8c%eb%a6%bc/%ea%b3%b5%ec%a7%80%ec%82%ac%ed%95%ad/?term_id&slug=37481,
german_language,[교수협의회] 2022년 숭실대학교 교수협의회 장학생 선발 안내,N/A,2022-09-05,https://gerlan.ssu.ac.kr/%ed%95%99%ea%b3%bc%ec%82%ac%eb%ac%b4%ec%8b%a4%ec%95%8c%eb%a6%bc/%ea%b3%b5%ec%a7%80%ec%82%ac%ed%95%ad/?term_id&slug=37472,"2022학년도 숭실대학교 교수협의회 장학생 선발을 다음과 같이 안내하오니 본교 학부 재학생(휴학생, 졸업유예 포함)의 많은 신청 바랍니다.
– 다 음 –
1. 수상내역
1) 학술영역 진리상: 전공영역과 관련하여 대외적으로 학교의 명예를 드높이거나, 대내적으로 전공과 관련한 학술활동에 적극적으로 참여한 자.
2) 봉사영역 봉사상: 봉사활동을 통하여 국가 및 지역 사회에 도움을 주고자 적극적으로 활동함으로써 학교의 명예를 드높인 자.
2. 선발인원
1) 진리상: 5명
2) 봉사상: 5명
3. 대상 및 포상내역
1) 대상: 본교 학부 재학생(휴학생, 졸업유예 포함)
2) 포상내역: 교수협의회에서 수여하는 장학증서와 장학금
(장학금 1인당 1,000,000원, 국가장학금과 중복 수혜가능)
4. 수상자 발표: 2022년 9월 30일(금) 예정
교수협의회 홈페이지 공지사항 (
http://prof.or.kr/
)
5. 장학증서 수여식: 2022년 10월 6일(목) 예정
6. 제출서류
1) 신청서(소정양식) 1부
2) 재학증명서 1부
3) 성적증명서 1부 (2022학년도 1학기 포함하여 재학기간 전체)
4) 추천서
– 자유양식,
추천인
(
교수 및 외부인사
)
이 직접 교협 메일로 추천서 송부
① 진리상: 소속학과(부) 전임교수 2인
② 봉사상: 소속학과(부) 전임교수 1인과 봉사관련 외부 인사 1인
5) 해당 영역 활동사항 및 사항별 증빙자료
6) 기타 심사에 도움이 되는 자료
7. 신청기간: 2022년 7월 1일 ~ 9월 16일 17시
8. 접수 및 문의:
prof@ssu.ac.kr
(코로나19 확산 방지를 위해 메일로만 접수 받습니다.)
교수협의회 사무국 (02-820-0860)
※ 세부사항은 학교 홈페이지, 교수협의회 홈페이지, 숭대시보, 각 단과대학 게시판 등을 참조 바랍니다.
교수협의회 장학생 선발위원회"
german_language,[진로취업센터] 2022 여름방학 숭실 취업커리어캠프,N/A,2022-08-08,https://gerlan.ssu.ac.kr/%ed%95%99%ea%b3%bc%ec%82%ac%eb%ac%b4%ec%8b%a4%ec%95%8c%eb%a6%bc/%ea%b3%b5%ec%a7%80%ec%82%ac%ed%95%ad/?term_id&slug=37456,"안녕하세요.
진로취업센터에서 주관하는 ‘2022 여름방학 숭실 취업커리어캠프’ 프로그램입니다.
재학생 3, 4학년 대상 프로그램으로, 하반기 취업동향파악과 유형별 면접대응전략, 1:1 맞춤형 컨설팅, 모의면접으로 구성되어 있습니다.
YBM연수원(경기 화성, 학교 단체출발 1시간 이내)에서 진행되며 참가비는 없습니다.
관심있는 학생은
8월 9일
까지 아래 펀시스템으로 신청하시기 바랍니다.
펀시스템 링크:
https://fun.ssu.ac.kr/ko/program/all/view/2678"
german_language,[공지] 2022학년도 2학기 백마성적우수장학생 선발,N/A,2022-07-15,https://gerlan.ssu.ac.kr/%ed%95%99%ea%b3%bc%ec%82%ac%eb%ac%b4%ec%8b%a4%ec%95%8c%eb%a6%bc/%ea%b3%b5%ec%a7%80%ec%82%ac%ed%95%ad/?term_id&slug=37449,"<백마성적우수장학생 기본 자격요건 >
가. 2022학년도 2학기 국가장학금을 신청하여 소득분위 조회가 가능한 자
1) 1차 신청자에 한하여 등록금고지서 사전감면
2) 1차 미신청자 : 2차 신청/서류제출/구제신청 확인 후 지급
(2차 신청자 중 한국장학재단 구제신청 시 10월 말 사후지급)
3) 국가장학금을 신청할 수 없는 대한민국 국적 미소지자도 선발 가능
(단, 순수외국인전형으로 입학한 외국인유학생은 선발 불가)
나. 2022학년도 2학기 재학 및 복학예정자로 해당학기 등록금 납부 예정인 자
1) 2022학년도 2학기 前등록휴학 후 복학시 선발대상에서 제외(등록대체자)
2) 학기 중 미등록, 자퇴, 제적, 입학취소, 복학 취소 등 학적변동시 모든 장학금 취소
3) 선발 후 2022학년도 2학기 휴학 승인 시 백마성적우수장학금은 복학 학기로 이월
※ 단, 추가 또는 교체선발 시 재학 중인 학생만 선발 가능(휴학한 학생 추가/교체 불가)
다. 직전학기 15학점 이상 이수한 자 (졸업 직전학기는 직전학기 12학점 이상)
라. 등록학기가 8학기 이내인 자(건축학과 건축공학전공: 등록 10학기 이내인 자)
마. F학점 포함 학적부성적 기준 직전학기 3.5 이상인 자
바. 모든 교내장학금간 중복수혜 불가
1) 신청장학금 중 수혜금액이 큰 장학금 자동선발(동일할 경우 백마성적우수장학금 선발)
2) 중복수혜 가능 장학금: 국가장학금, 교외장학금, 학업장려비 지원 목적 장학금 등
<2022-2학기 독어독문학과 선발 기준>
– 백마성적우수장학생 기본 자격요건에 부합하는 학생
– 전체 평점평균 순으로 배정 (평점평균 동점시 평점계, 평점계도 동점시 산술평균 순)
*전액 1명, 반액 1명, 25% 12명"
german_language,[공지] 2022학년도 1학기 특별장학금 선발,N/A,2022-07-15,https://gerlan.ssu.ac.kr/%ed%95%99%ea%b3%bc%ec%82%ac%eb%ac%b4%ec%8b%a4%ec%95%8c%eb%a6%bc/%ea%b3%b5%ec%a7%80%ec%82%ac%ed%95%ad/?term_id&slug=37447,"<특별장학금 자격요건>
가. 2022학년도 1학기 한국장학재단 국가장학금을 신청하고 소득분위가 조회된 자
나. 2022학년도 1학기 재학생으로 등록금 납부를 완료한 자(등록대체자 제외)
다. 직전 학기 성적 기준 3.5 이상인 자
라. 등록 8학기 이내인 자(건축학과 건축학전공: 등록 10학기 이내인 자)
마. 직전 학기 취득학점 15학점(졸업 직전 학기 12학점) 이상
바. 성적 등 선발 세부 기준 : 2022학년도 1학기 성적장학금 수혜자 외 차순위 우수 학생에 지급하되, 학과(부)에서 자체적으로 운영하여 선발
사. 모든 교내장학금과 중복 수혜 불가
※단, 교내/학과근로, 학과(부)우수, 교육지원, 포상, SW장학금, 발전기금출연분은 중복 가능
※등록금 범위 내 지급: 등록금과 기수혜 장학금(등록금 지원 성격의 장학금)의 차액이 장학금액보다 작을 경우 차액 지급
<2022-1학기 특별장학금 독어독문학과 선발 기준>
– 특별장학금 자격요건에 부합하는 학생
– 전체 평점평균 순으로 배정 (평점평균 동점시 평점계, 평점계도 동점시 산술평균 순)
*수업료25% 5명, 12.5% 1명 선발"
german_language,[진로취업센터] 2022년 숭실진로취업스쿨,N/A,2022-07-01,https://gerlan.ssu.ac.kr/%ed%95%99%ea%b3%bc%ec%82%ac%eb%ac%b4%ec%8b%a4%ec%95%8c%eb%a6%bc/%ea%b3%b5%ec%a7%80%ec%82%ac%ed%95%ad/?term_id&slug=37443,"진로취업센터에서 주최하는 “2022년 숭실진로취업스쿨” 프로그램 안내드립니다.
관심있는 학생은 아래 펀시스템 링크를 통해 신청하시기 바랍니다. 신청기간은
7월 8일 11시
까지입니다.
펀시스템 링크:
https://fun.ssu.ac.kr/ko/program/all/view/2562"
german_language,[공지] 온라인 탄뎀 프로그램 참가 상시 신청 안내,N/A,2022-06-20,https://gerlan.ssu.ac.kr/%ed%95%99%ea%b3%bc%ec%82%ac%eb%ac%b4%ec%8b%a4%ec%95%8c%eb%a6%bc/%ea%b3%b5%ec%a7%80%ec%82%ac%ed%95%ad/?term_id&slug=37430,"숭실대학교 독어독문학과 온라인 탄뎀
(Tandem)
프로그램
1. 프로그램 설명
– 독일 보훔대학교 한국학과와 협력하여 독일인 학생과 1:1로 파트너를 맺고 온라인으로 언어교환활동
2. 대상: 독어독문학과 재학생 및 휴학생
3. 운영방식
-온라인(ZOOM)으로 진행
-4~6주에 한 번씩 파트너 교체
-4~6주 동안 파트너와 협의하여 언어교환 활동 (일주일에 최소 한 번)
-독일어 또는 한국어로 대화
4. 신청
-펀시스템으로 신청 후 gerlan@ssu.ac.kr로 이름/학번/연락처 송부
(
https://fun.ssu.ac.kr/ko/program/all/view/3269/description
)"
german_language,[공지] 2022 Blick um Blick (한국독어독문학회 주최),N/A,2022-06-08,https://gerlan.ssu.ac.kr/%ed%95%99%ea%b3%bc%ec%82%ac%eb%ac%b4%ec%8b%a4%ec%95%8c%eb%a6%bc/%ea%b3%b5%ec%a7%80%ec%82%ac%ed%95%ad/?term_id&slug=37425,"관심 있는 학생은 아래 해당 지도교수에게 개별적으로 연락하기 바랍니다
.
출품 기간을 참고하여 준비에 충분한 시간을 두고 연락하기 바랍니다
.
1)
소논문
– 출품기간
: 2022
년
10
월
10
일
~ 10
월
19
일
– 지도교수
:
김대권
(
saarkim@ssu.ac.kr
)
2) UCC
– 출품기간
: 2022
년
10
월
20
일
~ 10
월
29
일
– 지도교수
:
남정애
(
njamari@ssu.ac.kr
)"
german_language,[공지] 여름에 ‘독일’을 읽자!,N/A,2022-05-20,https://gerlan.ssu.ac.kr/%ed%95%99%ea%b3%bc%ec%82%ac%eb%ac%b4%ec%8b%a4%ec%95%8c%eb%a6%bc/%ea%b3%b5%ec%a7%80%ec%82%ac%ed%95%ad/?term_id&slug=37418,"여름에
‘
독일
’
을 읽자
!
2022
년 여름방학에 김대권 교수님과 함께 로마인 타키투스와 프랑스 여인 마담 드 스탈이 게르만족과 독일에 대해 저술한 책을 읽고자 합니다
.
관심 있는 학생들
(
학과 제한 없음
)
의 많은 참여를 바랍니다
.
신 청
: 2022
년
6
월
20
일
(
월
)
까지 독어독문학과 사무실
예비 모임: 2022년 6월 27일(월) 오후 2시(화상회의)
모 임: 2022년 7월 중(모임은 대면으로 하고 횟수는 4회)
교 재
:
타키투스
(
저
):
게르마니아
.
천병희 옮김
.
숲
2012.
마담 드 스탈
(
저
):
독일론
.
권유현 옮김
.
나남
2008."
german_language,[공지] ZD B1(2022.06.28-29) 단체 접수 및 현희교수님 특강 안내,N/A,2022-04-28,https://gerlan.ssu.ac.kr/%ed%95%99%ea%b3%bc%ec%82%ac%eb%ac%b4%ec%8b%a4%ec%95%8c%eb%a6%bc/%ea%b3%b5%ec%a7%80%ec%82%ac%ed%95%ad/?term_id&slug=37409,"2022년 6월에 실시되는 B1시험 단체 접수 및 현희 교수님 특강 신청 받습니다.
신청 마감일은
5월 15일(일)
까지입니다.
B1 단체접수 신청 5월 22일(일) 까지 받습니다.
신청을 원하는 학생은 독어독문학과 메일(gerlan@ssu.ac.kr)로 다음과 같이 기입하여 보내주시기 바랍니다.
신청시험 : B1
특강 신청 : O/X
학번 :
한글이름 :
성별 :
생년월일 :
여권상 영문이름 :
출생지(도시이름 영문으로) :
거주지(도시이름 영문으로) :
휴대폰번호 :
* 시험신청자에 한하여 현희 교수님 특강을 수강할 수 있습니다. 특강은 5월 셋째 주부터 시작할 예정입니다.
*5명 이상 신청시 단체접수 진행합니다.  5명 이상 모이지 않을 경우 신청자에게 개별적으로 연락드리겠습니다."
german_language,[공지] 2022-1학기 졸업논문 및 졸업심사자료 제출 안내,N/A,2022-04-15,https://gerlan.ssu.ac.kr/%ed%95%99%ea%b3%bc%ec%82%ac%eb%ac%b4%ec%8b%a4%ec%95%8c%eb%a6%bc/%ea%b3%b5%ec%a7%80%ec%82%ac%ed%95%ad/?term_id&slug=37403,"1. 제출기한 : 2022년 06월 12일 (일) 18:00
2. 제출장소 : 독어독문학과 사무실(조만식 642호) / 독어독문학과 이메일 gerlan@ssu.ac.kr
3. 대상자
– 졸업논문계획서를 제출한 졸업예정자(아래 참조)
가) 8학기 및 127학점 이상 취득 예상 재학생 혹은 수료생인 졸업예정자
나) 6~7학기 재학 중인 조기졸업 승인된 졸업예정자
다) 7학기 이수중인 학·석사 연계과정 승인된 졸업예정자
4. 논문양식
– 분량 : A4 20장 이상
– 글자크기 : 11
– 행간 : 180
– 폭, 여백은 편집하지 말 것
5. 어학자격증 대체자, 번역 대체자 또한 기간 내 제출해야함
6. 관련 문의는 독어독문학과 사무실로 해주시기 바랍니다.(02-820-0350)"
german_language,[공지] 2022학년도 보훔대학교 교환학생 선발결과 안내,N/A,2022-04-04,https://gerlan.ssu.ac.kr/%ed%95%99%ea%b3%bc%ec%82%ac%eb%ac%b4%ec%8b%a4%ec%95%8c%eb%a6%bc/%ea%b3%b5%ec%a7%80%ec%82%ac%ed%95%ad/?term_id&slug=37400,"2022학년도 보훔대학교 교환학생 선발 명단입니다.
2019**** 박*진
2020**** 정*현"
german_language,[공지] (학생서비스팀) “학생자문단” 선발,N/A,2022-03-31,https://gerlan.ssu.ac.kr/%ed%95%99%ea%b3%bc%ec%82%ac%eb%ac%b4%ec%8b%a4%ec%95%8c%eb%a6%bc/%ea%b3%b5%ec%a7%80%ec%82%ac%ed%95%ad/?term_id&slug=37389,"학생서비스팀에서 재학생 설문조사를 위한 (가칭) “학생자문단”을 선발합니다.
학생자문단 참여를 희망하는 학생은 학과이메일(gerlan@ssu.ac.kr)이나 학과사무실(02-820-0350)로 연락주시기 바랍니다.
※신청 기한: 4월 5일(화)※
1. 모집 목적
– 학생회 이외의 일반학생 의견 수렴 필요성 상존
– 양방향 직접 의견수렴으로 학생 관련 정책 시행 시 학생만족도 증가 기대
2. 모집 계획
학과 및 성별 비율 반영하여,
독어독문학과 여성자문단 8명 + 남성자문단 4명으로 총 12명 모집합니다. (선착순 마감)
3. 향후 설문조사 방법
– Fun시스템에 설문 등록 후 메일 발송 또는 구글/네이버 폼 활용, 문자투표 병행
– 필요한 경우, 설문 내용이나 상황에 맞는 조사 방법 사용 예정
4. 향후 “학생자문단” 참여 시 학생 지원(안)
– 학생 자문단 활동 개시 후 Fun시스템 등록 및 참여로 학생 마일리지 적립 지원
– 자문단 활동 종료 후 최다 설문 응답자 및 기준 횟수 이상 설문 응답자에 대한 포상 지급
– 추후 지원 내용 추가 가능"
german_language,[공지] 2022-1학기 진로지도상담 실시 안내,N/A,2022-03-30,https://gerlan.ssu.ac.kr/%ed%95%99%ea%b3%bc%ec%82%ac%eb%ac%b4%ec%8b%a4%ec%95%8c%eb%a6%bc/%ea%b3%b5%ec%a7%80%ec%82%ac%ed%95%ad/?term_id&slug=37381,"2022-1학기 진로지도상담을 실시합니다.
이번 학기는 대면상담이 원칙입니다. 개인 문자로 보내드린 링크를 통해 상담희망일시를 제출해주시기 바랍니다.
※ 제출 마감일은
4월 3일(일)
까지입니다. ※
● 일정예약은 선착순으로 마감되니 빠른 신청 부탁드립니다.
취합된 상담일정은 추후 학과홈페이지 및 학과사무실 게시판에 공지될 예정입니다.
● 일정 제출 후에는 취소 및 변경이 되지 않습니다.
신청 마감일(4월 3일) 후에 상담일시 변경 가능하도록 학과사무실 게시판에 공지하도록 하겠습니다.
● 상담은 4월 11일부터 6월 21일까지 진행됩니다.
교수님 마다 상담 가능한 요일 및 시간이 상이하므로 개별 문자로 보내드린 링크 설명란을 참고해주세요.
*개인 문자로 안내받지 못한 학생은 학과사무실(02-820-0350)로 연락주시기 바랍니다!"
german_language,[채용정보] 샤이닝스타씨앤에어(국제물류주선업) 신입 채용공고,N/A,2022-03-29,https://gerlan.ssu.ac.kr/%ed%95%99%ea%b3%bc%ec%82%ac%eb%ac%b4%ec%8b%a4%ec%95%8c%eb%a6%bc/%ea%b3%b5%ec%a7%80%ec%82%ac%ed%95%ad/?term_id&slug=37372,"당사는 국제물류주선업으로써, 해외 각 지역으로 해상 및 항공운송을 진행 중에 있습니다.
이번에 사세확장으로
독일지점을 설립
할 예정으로
독일어가 가능한 신입사원을 채용
하고자 합니다.
*이력서는 자유양식이며, 아래의 메일로 지원 부탁 드립니다.
“
lee@ss-maritime.com
”"
german_language,[공지] 2022학년도 인문100년 신규장학생 사전신청,N/A,2022-03-29,https://gerlan.ssu.ac.kr/%ed%95%99%ea%b3%bc%ec%82%ac%eb%ac%b4%ec%8b%a4%ec%95%8c%eb%a6%bc/%ea%b3%b5%ec%a7%80%ec%82%ac%ed%95%ad/?term_id&slug=37359,"1. 장학금 유형 및 지원대상 (자세한 내용은
학교 홈페이지 공지사항 링크
클릭)
장학금명
유형
지원기간
지원대상
인문100년
전공탐색
정규학기 내 최대 8학기
인문사회계열 학과 2022학년도 신입생
전공확립
정규학기 내 최대 4학기
인문사회계열 학과 3학년 1학기 재학생
2. 지원내용
1) Ⅰ유형: 등록금 전액, 생활비 학기당 250만원
2) Ⅱ유형: 등록금 전액
※ 기초생활수급자의 경우 유형에 상관없이 학기당 생활비 250만원 추가 지원
3. 온라인 사전신청기간:
2022.3.16.(수)~4.12(화) 18:00
까지
※ 온라인 사전신청을 우선적으로 진행하며, 한국장학재단에서 배정인원 확정(5월중) 후 추가 서류제출 및 심사 관련 사항 별도 안내 예정
4. 신청방법: 첨부파일 매뉴얼 참고"
german_language,[공지] 숭실대학교 독어독문학과 전공진로 설명회,N/A,2022-03-21,https://gerlan.ssu.ac.kr/%ed%95%99%ea%b3%bc%ec%82%ac%eb%ac%b4%ec%8b%a4%ec%95%8c%eb%a6%bc/%ea%b3%b5%ec%a7%80%ec%82%ac%ed%95%ad/?term_id&slug=37341,"2022학년도 ‘숭실대 독어독문학과 전공진로 설명회’를 개최합니다.
독어독문학과 1학년과 2학년을 대상으로 전공에 대하여 안내하고, 진로를 잘 준비하는 데 도움이 되고자 마련한 행사입니다. 전공 및 다전공 이수, 교환학생제도, 진로 준비 프로그램에 대한 정보를 제공합니다.
1, 2학년 대상이지만 그 외 학년도 참가 가능합니다. 학생 여러분의 많은 관심 부탁드립니다.
￭
행사 일정
– 일시: 2022년 4월 6일(수) 17:00
– 장소: 조만식기념관 12329호
– 내용: 1부) 전공 및 다전공 이수, 교환학생 제도 안내
2부) 독어독문학과와 진로 설계
￭
참가신청
– 방법: 펀시스템 신청 (링크:
https://fun.ssu.ac.kr/ko/program/all/view/2328
)
– 기간: 2022년 3월 23일(수) ~ 4월 5일(화)
￭
참가대상
독어독문학과 1학년 그리고 2학년 (휴학생 포함)
￭
기타 안내 사항
– 숭실6대 핵심역량 진단 후 펀시스템 신청이 가능합니다. (링크:
https://fun.ssu.ac.kr/ko/essential
)
– 문의사항이 있을 시에는 독어독문학과 사무실(02-820-0350)로 연락 주세요.
※ 학과 사무실 운영시간 : 09:00~17:30 (점심시간 : 12:20~13:20)"
german_language,[채용정보] 한독상공회의소 아우스빌둥 팀 주니어 매니저 채용공고,N/A,2022-03-14,https://gerlan.ssu.ac.kr/%ed%95%99%ea%b3%bc%ec%82%ac%eb%ac%b4%ec%8b%a4%ec%95%8c%eb%a6%bc/%ea%b3%b5%ec%a7%80%ec%82%ac%ed%95%ad/?term_id&slug=37319,"한독상공회의소 아우스빌둥(직업교육) 부서에서 현재 주니어 매니저(1년 계약직)를 모집 중입니다.
관심있는 분들은 아래 내용과 첨부파일을 참조하시기 바랍니다.
한독상공회의소
소개
한독상공회의소는 1981년 설립 이래 대한민국과 독일연방공화국 간의 경제교류 활성화를 위한 업무를 수행하고 있습니다. 양국 간 교역 규모가 286억 달러 이상으로 증가하고, 독일의 대(對) 한국 투자가 141.3억 달러 이상을 기록함에 따라 한독상공회의소 활동과 전문적인 서비스에 대한 요구가 증가하였습니다. 한독상공회의소는 현재 500개 이상의 회원사를 보유하고 있고, 한국어와 독일어에 능통한 20명의 직원이 이를 지원하고 있습니다.
아우스빌둥
소개
한독상공회의소는 국내외 직업교육에 대한 지속적인 관심과 지원에 따라,  독일 자동차 브랜드인 메르세데스-벤츠 코리아 및 BMW 그룹 코리아와 손잡고 지난 2017년 9월 ’아우스빌둥’ 프로그램을 국내에 도입했습니다.
아우토 메카트로니카(Auto-Mechatroniker) 라는 직업명으로 2017년에 자동차 정비 분야에서 처음 실시된 국내 독일식 아우스빌둥 프로그램은 군복무 기간을 제외하고 총 3년 동안 진행되며, 기업현장에서의 실무와 학교에서의 이론교육이 결합된 기업맞춤형 이원식 인재양성 시스템입니다. 아우스빌둥은 학교에서 배운 이론을 산업현장에 바로 적용하고, 학생들이 스스로 실무와 이론을 연계시킬 수 있다는 점이 특징입니다.
아우스빌둥은 현재 한독상공회의소와 함께 다임러트럭 코리아, 만트럭버스코리아, 메르세데스-벤츠 코리아, 아우디폭스바겐 코리아, 포르쉐 코리아, BMW Group Korea의 공식 딜러사와 함께 진행하고 있으며, 두원공과대학교, 여주대학교, 영남이공대학교 그리고 경북도립대학교 (판금/도장 분야)가 협력 교육기관으로 참여하고 있습니다.
업무
소개
해당 포지션은 아우스빌둥 운영과 관련된 모든 업무가 포함됩니다.
파트너 기업, 학생(트레이니) 고교 및 대학들과의 협업 및 정부 부처와의 행정업무를 지원하며,
그 외에 타 산업군 및 직업군으로의 아우스빌둥 확대에 필요한 모든 관련 업무가 포함됩니다.
예) 서류 보조, 프로그램 홍보, 내/외부 커뮤니케이션, 회계 서류 작업, 마케팅, SNS 등
지원 조건
대학 졸업(예정)
한국어 및 영어 능숙 (독일어 우대)
팀플레이어 및 적극적인 태도
자기주도적인 자세
정부 부처 및 외투기업과의 커뮤니케이션 능력
MS Office 능숙
지원접수
관심있는 분들은 지원서 및 기타 서류 (영문, 또는 독문)를
3월 25일
까지
hr@kgcci.com
으로 보내주시기 바랍니다."
german_language,[공지] 2022-1학기 졸업논문계획서 제출 안내,N/A,2022-03-11,https://gerlan.ssu.ac.kr/%ed%95%99%ea%b3%bc%ec%82%ac%eb%ac%b4%ec%8b%a4%ec%95%8c%eb%a6%bc/%ea%b3%b5%ec%a7%80%ec%82%ac%ed%95%ad/?term_id&slug=37315,"1. 제출기한 : 2022년 04월 13일(수) 17:00
2. 제출장소 : 독어독문학과 사무실(조만식 642호) 또는 독어독문학과 이메일 gerlan@ssu.ac.kr
3. 대상자
– 7학기 이상 이수중인 재학생
– 수료생 전체
4. 작성방법
– ‘담당교수’란 기입하지 말 것
– ZD, 번역 대체자도 논문계획서를 작성해야 함   (예시 : zd b1 대체 / 번역 작품 *** 대체)
– 양식은 첨부파일 확인
*번역 대체의 경우 담당 교수님에게 번역할 텍스트를 받아서 번역하므로, 학과 조교에게 미리 문의하기 바랍니다."
german_language,[공지] 2022-1학기 유고결석 안내,N/A,2022-03-04,https://gerlan.ssu.ac.kr/%ed%95%99%ea%b3%bc%ec%82%ac%eb%ac%b4%ec%8b%a4%ec%95%8c%eb%a6%bc/%ea%b3%b5%ec%a7%80%ec%82%ac%ed%95%ad/?term_id&slug=37307,"※증빙서류 위조(PCR검사 결과 문자 조작, 진료확인서 조작 등)는 교내 징계뿐만 아니라 형법상 공/사문서 위조죄 관련 규정에 따라 형사처벌 대상이 될 수 있는 범법행위입니다.(2021학년도 유고결석 증빙서류 허위(위조) 제출 발각된 5명의 학생은 전원 학칙에 의거 징계처리됨)
유고결석 절차: 학생이 u-saint에서 결석 신청 → 학생서비스팀에서 증빙서류 확인 후 승인 → 담당 교수 최종 승인으로 진행
*학사관리에 관한 내규 제7조(출석인정의 예외)에 의해 유고결석 최종 인정 여부는 교수의 권한임
*규정에 의하여 학생이 기간 안에 유고결석 미신청 시 신청 불가함
자세한 내용은 아래 안내문과 첨부파일(유세인트 신청방법 매뉴얼)을 참고하시기 바랍니다."
german_language,[공지] 2022년 보훔대학교 교환학생 선발 및 독일 현지 여름학교 지원 관련 안내,N/A,2022-03-03,https://gerlan.ssu.ac.kr/%ed%95%99%ea%b3%bc%ec%82%ac%eb%ac%b4%ec%8b%a4%ec%95%8c%eb%a6%bc/%ea%b3%b5%ec%a7%80%ec%82%ac%ed%95%ad/?term_id&slug=37301,"1. 독일 보훔대학교 교환학생 선발
• 신청기간 : 2022년 3월 17일(목) ~ 3월 30일(수) 17:00
• 신청대상 : 독어독문학과 학부생(휴학생 포함)
• 선발인원 : 2명
• 제출서류
– 자기계획서(국문 1부/ 지원동기와 학업계획 포함/ A4용지 2~3장 내외)
– 성적증명서(국문 1부)
– 독일어 국제공인 어학증명서(ZD, TestDaf/ B1 이상 취득자에 한함)
• 파견기간 : 1년 (2022년 9월 ~ 2023년 8월)
• 제출방법 : 독어독문학과 이메일(
gerlan@ssu.ac.kr
)
• 선발방법 : 서류심사 + 면접
• 면접 일시와 장소: 3월 31일(목) 18:00, 조만식기념관 642호
• 참고사항
– 3학년 1학기 재학생까지 신청 가능 (3학년 2학기 재학생부터 신청 불가)
– 면접은 상황에 따라 화상면접으로 진행될 수도 있음
– 코로나19 사태로 인해 교환학생 선발 후 파견이 유보 또는 취소될 수도 있음
2. 독일 현지 여름학교 지원
코로나19 사태로 인해 2022년도 독일 현지 대학의 여름학교 어학연수가 ‘비대면수업 진행’ 혹은 ‘비대면수업 전환 가능’으로 공지되어 있으므로 올해도 지원자를 선발하지 않습니다."
german_language,[공지] 2022-1학기 백마성적우수장학생 선발,N/A,2022-01-17,https://gerlan.ssu.ac.kr/%ed%95%99%ea%b3%bc%ec%82%ac%eb%ac%b4%ec%8b%a4%ec%95%8c%eb%a6%bc/%ea%b3%b5%ec%a7%80%ec%82%ac%ed%95%ad/?term_id&slug=37293,"<백마성적우수장학생 기본 자격요건 >
가. 2022학년도 1학기 국가장학금을 신청하여 소득분위 조회가 가능한 자
1) 1차 신청자에 한하여 등록금고지서 사전감면
2) 1차 미신청자 : 2차 신청/서류제출/구제신청 확인 후 사후지급
(2차 신청자 중 한국장학재단 구제신청기간에 구제신청 시 사후지급)
3) 국가장학금을 신청할 수 없는 대한민국 국적 미소지자도 선발 가능
(단, 순수외국인전형으로 입학한 외국인유학생은 선발 불가)
나. 2022학년도 1학기 재학 및 복학예정자로 해당학기 등록금 납부 예정인 자
1) 2022학년도 1학기 前등록휴학 후 복학시 선발대상에서 제외 (등록대체자)
2) 학기 중 미등록, 입학취소, 복학취소 등으로 인한 학적변동시 모든 장학금 취소
3) 선발 후, 학기 중 휴학 시 백마성적우수장학금은 복학학기로 이월
※ 추가 또는 교체선발 시 재학 중인 학생만 선발 (휴학생에 대한 추가/교체 불가)
다. 직전학기 15학점 이상 이수한 자 (졸업 직전학기는 직전학기 12학점 이상)
라. 등록학기가 8학기 이내인 자 (건축학전공: 등록 10학기 이내인 자)
마. F학점 포함 학적부성적 기준 직전학기 3.5 이상인 자
바. 모든 교내장학금간 중복수혜 불가
1) 신청장학금 중 수혜금액이 큰 장학금 자동선발
2) 중복수혜 가능 장학금: 국가장학금, 교외장학금, 학업장려비 지원 목적 장학금 등
<2022-1학기 독어독문학과 선발 기준>
– 백마성적우수장학생 기본 자격요건에 부합하는 학생
– 전체 평점평균 순으로 배정 (평점평균 동점시 평점계, 평점계도 동점시 산술평균 순)
*전액 1명, 반액 1명, 25% 13명"
german_language,[홍보] 영문과 특강: 문화 콘텐츠와 메타버스Ⅰ&Ⅱ,N/A,2021-11-30,https://gerlan.ssu.ac.kr/%ed%95%99%ea%b3%bc%ec%82%ac%eb%ac%b4%ec%8b%a4%ec%95%8c%eb%a6%bc/%ea%b3%b5%ec%a7%80%ec%82%ac%ed%95%ad/?term_id&slug=37284,"인문대학 영어영문학과에서 주관하는 좋은 특강이 있어 소개드립니다.
영문과 특강: 문화 콘텐츠와 메타버스Ⅰ&Ⅱ
– 특강 취지: 요즘 뜨거운 감자인 메타버스에서 주요하게 거론되고 있는 “5가지 이슈”와 “메타버스 공간을 구성하는 기본 개념 및 요소들”을 알아보고, 이러한 환경에 문학 텍스트를 어떻게 접목할 지를 탐구한다.
– 대면, 비대면으로 동시 진행됩니다. 수강을 원하는 학생은 펀시스템으로 신청해주세요.
– 링크:
https://fun.ssu.ac.kr/ko/program/all/view/2155"
german_language,[공지] ‘2021학년도 숭실대 독어독문학과 학술대회’ 결과 안내,N/A,2021-11-26,https://gerlan.ssu.ac.kr/%ed%95%99%ea%b3%bc%ec%82%ac%eb%ac%b4%ec%8b%a4%ec%95%8c%eb%a6%bc/%ea%b3%b5%ec%a7%80%ec%82%ac%ed%95%ad/?term_id&slug=37281,"2021학년도 숭실대 독어독문학과 학술대회 수상자입니다.
[최우수]
2018**** 오*원
[우수]
2021**** 이*빈
2021**** 윤*흠
*수상금 지급까지 2-3주 소요됩니다."
german_language,[공지] 2021학년도 한독세미나,N/A,2021-11-25,https://gerlan.ssu.ac.kr/%ed%95%99%ea%b3%bc%ec%82%ac%eb%ac%b4%ec%8b%a4%ec%95%8c%eb%a6%bc/%ea%b3%b5%ec%a7%80%ec%82%ac%ed%95%ad/?term_id&slug=37276,"2021학년도 한독세미나 참가하는 학생은 펀시스템으로 신청해주시기 바랍니다.
*링크:
https://fun.ssu.ac.kr/ko/program/all/view/2199
1. 일시: 2021년 12월 1일(수) 18:00-19:30
2. 장소: 미래관 20406호
3. 식순
시간
내용
발표자
18:00
개회식, 학생회 보고
19 임세연
18:15
소모임 결산, 원어연극 보고
19 송주영
18:25
독어독문학과 학술대회 최우수 학생 발표
학술대회 당선자(11월 29일 발표 예정)
18:35
독일 보훔대 교환학생 발표
18 이지은
18:50
졸업생 취업특강
12 최영재, 13 김현지"
german_language,[공지] 온라인 탄뎀(Tandem) 프로그램 참가자 모집 중,N/A,2021-11-24,https://gerlan.ssu.ac.kr/%ed%95%99%ea%b3%bc%ec%82%ac%eb%ac%b4%ec%8b%a4%ec%95%8c%eb%a6%bc/%ea%b3%b5%ec%a7%80%ec%82%ac%ed%95%ad/?term_id&slug=37260,"숭실대 독어독문학과 온라인
‘
탄뎀
(Tandem)’
프로그램
독일 보훔대학교 한국학과와 협력하여 독일인 학생과 1:1로 파트너를 맺고 언어교환활동을 하는 프로그램입니다.
1. 대상: 독어독문학과 재학생, 휴학생
2. 운영방식
– 온라인(Zoom)으로 진행
– 6주에 한 번씩 파트너 교체
– 6주 동안 파트너와 협의하여 탄뎀 활동(일주일에 최소 한 번)
– 독일어 또는 한국어로 대화
*참여를 원하는 학생은 학과사무실로 문의주시기 바랍니다.
(이메일) gerlan@ssu.ac.kr
(전화번호) 02-820-0350"
german_language,[공지] ZD B1(2022.01.26-27) 단체 접수 및 현희교수님 특강 안내,N/A,2021-11-18,https://gerlan.ssu.ac.kr/%ed%95%99%ea%b3%bc%ec%82%ac%eb%ac%b4%ec%8b%a4%ec%95%8c%eb%a6%bc/%ea%b3%b5%ec%a7%80%ec%82%ac%ed%95%ad/?term_id&slug=37256,"*단체접수 신청은
12월 19일(일요일)
까지 받습니다!
2022년 1월에 실시되는 B1시험 단체 접수 및 현희 교수님 특강 신청 받습니다. 신청 마감일은 12월 1일(수) 까지입니다.
신청을 원하시는 학생은 독어독문학과 메일(gerlan@ssu.ac.kr)로 다음과 같이 기입하여 보내주시기 바랍니다.
신청시험 : B1
특강 신청 : O/X
학번 :
한글이름 :
성별 :
생년월일 :
여권상 영문이름 :
출생지(도시이름 영문으로) :
거주지(도시이름 영문으로) :
휴대폰번호 :
*시험신청자에 한하여 현희 교수님 특강을 수강할 수 있습니다. 12월 2일 아침 8시에 사전모임을 갖고 학생들 일정을 조율하여 진행하신다고 합니다. 특강은 12월 셋째 주부터 시작할 예정입니다.
*5명 이상 신청시 단체접수 진행합니다.  5명 이상 모이지 않을 경우 신청자에게 개별적으로 연락드리겠습니다."
german_language,[공지] 2021년 숭실대학교 독어독문학과 학술대회 안내,N/A,2021-11-10,https://gerlan.ssu.ac.kr/%ed%95%99%ea%b3%bc%ec%82%ac%eb%ac%b4%ec%8b%a4%ec%95%8c%eb%a6%bc/%ea%b3%b5%ec%a7%80%ec%82%ac%ed%95%ad/?term_id&slug=37239,"2021
년 숭실대학교 독어독문학과 학술대회
‘독일, 어디까지 알고있니?’
1. 대회 목표
– 독일과 관련된 지식 및 이해를 심화시킨다.
– 발표 능력과 자신감을 향상시킨다.
2.
참가자 자격
: 독어독문학과 재학생(휴학생, 수료생, 기졸업생 불가)
3.
대회 개요
– 발표 주제 : 독일의 언어, 문학, 문화, 사회, 정치, 경제, 통일, 교육 등과 관련된 주제
– 발표 언어 : 한국어
– 발표 시간 : 8~10분 (시간 엄수!)
– 심사 기준 : 내용의 정확성 / PPT 등 발표자료의 적절성 / 창의성 / 적절한 구성 / 논리적이고 이해하기 쉬운 전달력 / 자신감 있는 태도 / 발표 시간 준수
4. 대회 일정
– 참가 신청 : 11월 15일(월) 09:00 ~ 11월 21일(일) 23:45
–
비대면 Zoom 발표 : 11월 24일(수) 18:00 ~
(학과생 모두 시청 가능 / 대회 녹화 예정 / 종료시간은 참가자 인원에 따라 상이)
– 교수 심사 : 11월 25일(목)  ~ 11월 26일(금)
– 결과 발표 : 11월 29일(월) 예정
※ 일정은 진행상황에 따라 변경될 수도 있습니다
5. 제출서류
5-1. 학술 대회 지원서(첨부파일 양식 준수, 주제 선정 동기 반드시 작성)
5-2. 학술 대회 녹화본 사용 동의서(첨부파일 양식 준수)
5-3. 개인정보수집이용동의서(첨부파일 양식 준수)
※
펀시스템
으로 제출해주세요.
6.
시상 규모 및 결과 발표
– 투트랙 심사 : 심사의 공정성을 위하여 1학년 트랙을 따로 설정하여 심사한다. 최우수는 전체 학년에서 선발하고, 우수는 1학년 학생과 그 외 학생으로 나누어 심사한다.
– 시상 규모 : 최우수 200,000원 – 1명
우수 각 100,000원 – 2명 (1학년 1명/ 그 외 학년1명)
– 결과 공지 : 학과 홈페이지, 독어독문학과 SNS계정, 개인 연락
– 수상 일정 : 12월 6일(월) 이후
7. 기타 안내사항
– 수상하지 못한 참가자 모두에게 소정의 상품이 있습니다.
– 수상작은 12월 한독세미나에서 발표 혹은 상영될 예정입니다.
8. 공모전 참가 주의사항
– 펀시스템 등록(참가 전)과 만족도 조사(참가 후)는 필수입니다. 미협조시 공모전 참가에 제한이 있을 수 있습니다.
(
펀시스템 링크:
https://fun.ssu.ac.kr/ko/program/all/view/2177
)
– 첨부해야 할 서류와 서류별 제출처를 꼼꼼히 확인한 후 제출 바랍니다. 서류 미비로 인한 불이익은 본인의 책임입니다.
– 메일 시스템상 간혹 스팸메일로 분류되어 자동 삭제되는 경우가 있습니다. 참가 서류 제출 후 메일 수신확인을 해주시기 바랍니다. 수신확인이 되지 않은 경우에는 사무실로 연락 주세요.
– 개인 정보는 정확하게 작성해 주시기 바랍니다. (본인 확인을 위함)
– 이 외에도 문의사항이 있을 시에는 독어독문학과 사무실(02-820-0350)으로 연락 주세요.
※ 학과 사무실 운영시간 : 09:00~17:30(점심시간 : 12:20~13:20)"
german_language,[공지] ZD B1(12/10-11) 단체 접수 안내,N/A,2021-11-03,https://gerlan.ssu.ac.kr/%ed%95%99%ea%b3%bc%ec%82%ac%eb%ac%b4%ec%8b%a4%ec%95%8c%eb%a6%bc/%ea%b3%b5%ec%a7%80%ec%82%ac%ed%95%ad/?term_id&slug=37236,"12월 10일-11일에 실시되는 B1시험 단체 접수 신청을 받습니다. 신청 마감일은
11월 11일(목)
까지입니다.
신청을 원하시는 학생은 독어독문학과 메일(gerlan@ssu.ac.kr)로 다음과 같이 기입하여 보내주시기 바랍니다.
신청시험 : B1
학번 :
한글이름 :
생년월일 :
여권상 영문이름 :
출생지(도시이름 영문으로) :
거주지(도시이름 영문으로) :
휴대폰번호 :
*5명 이상 신청시 단체접수 진행합니다.  5명 이상 모이지 않을 경우 신청자에게 개별적으로 연락드리겠습니다."
german_language,[채용정보] 콘라드 아데나워 재단 한국 사무소 채용공고,N/A,2021-10-21,https://gerlan.ssu.ac.kr/%ed%95%99%ea%b3%bc%ec%82%ac%eb%ac%b4%ec%8b%a4%ec%95%8c%eb%a6%bc/%ea%b3%b5%ec%a7%80%ec%82%ac%ed%95%ad/?term_id&slug=37226,"독일 정당 재단 Konrad-Adenauer-Stiftung 한국 사무소 채용공고 안내드립니다.
독일어 채용공고 및 한국어 채용공고 첨부파일 확인 바랍니다.
모집분야: 프로젝트 매니저
https://www.kas.de/ko/web/korea/home"
german_language,[공지] 2021-2학기 졸업논문 및 졸업심사자료 제출 안내,N/A,2021-10-13,https://gerlan.ssu.ac.kr/%ed%95%99%ea%b3%bc%ec%82%ac%eb%ac%b4%ec%8b%a4%ec%95%8c%eb%a6%bc/%ea%b3%b5%ec%a7%80%ec%82%ac%ed%95%ad/?term_id&slug=36301,"1. 제출기한 : 2021년 12월 05일 (일) 18:00
2. 제출장소 : 독어독문학과 사무실(조만식 642호) / 독어독문학과 이메일 gerlan@ssu.ac.kr
3. 대상자
– 졸업논문계획서를 제출한 졸업예정자(아래 참조)
가) 8학기 및 127학점 이상 취득 예상 재학생 혹은 수료생인 졸업예정자
나) 6~7학기 재학 중인 조기졸업 승인된 졸업예정자
다) 7학기 이수중인 학·석사 연계과정 승인된 졸업예정자
4. 논문양식
– 분량 : A4 20장 이상
– 글자크기 : 11
– 행간 : 180
– 폭, 여백은 편집하지 말 것
5. 어학자격증 대체자, 번역 대체자 또한 기간 내 제출해야 함
6. 관련 문의는 독어독문학과 사무실로 해주시기 바랍니다.(02-820-0350)"
german_language,[공지] 2021-2학기 졸업논문계획서 제출 안내,N/A,2021-10-13,https://gerlan.ssu.ac.kr/%ed%95%99%ea%b3%bc%ec%82%ac%eb%ac%b4%ec%8b%a4%ec%95%8c%eb%a6%bc/%ea%b3%b5%ec%a7%80%ec%82%ac%ed%95%ad/?term_id&slug=36297,"1. 제출기한 : 2021년 10월 31일 (일) 18:00
2. 제출장소 : 독어독문학과 사무실(조만식 642호) 또는 독어독문학과 이메일 gerlan@ssu.ac.kr
3. 대상자
– 7학기 이상 이수중인 재학생
– 수료생 전체
4. 작성방법
– ‘담당교수’란 기입하지 말 것
– ZD, 번역 대체자도 논문계획서를 작성해야 함   (예시 : zd b1 대체 / 번역 작품 *** 대체)
– 양식은 첨부파일 확인
*번역 대체의 경우 담당 교수님에게 번역할 텍스트를 받아서 번역하므로, 학과 조교에게 미리 문의하기 바랍니다."
german_language,[공지] ZD B2 단체 접수 안내,N/A,2021-10-12,https://gerlan.ssu.ac.kr/%ed%95%99%ea%b3%bc%ec%82%ac%eb%ac%b4%ec%8b%a4%ec%95%8c%eb%a6%bc/%ea%b3%b5%ec%a7%80%ec%82%ac%ed%95%ad/?term_id&slug=35980,"11월 25일-26일에 실시되는 B2시험 단체 접수 신청을 받습니다. 신청 마감일은
10월 21일(목)
까지입니다.
신청을 원하시는 학생은 독어독문학과 메일(gerlan@ssu.ac.kr)로 다음과 같이 기입하여 보내주시기 바랍니다.
신청시험 : B2
학번 :
한글이름 :
생년월일 :
여권상 영문이름 :
출생지(도시이름 영문으로) :
거주지(도시이름 영문으로) :
휴대폰번호 :
*5명 이상 신청시 단체접수 진행합니다.  5명 이상 모이지 않을 경우 신청자에게 개별적으로 연락드리겠습니다."
german_language,[홍보] 제 3기 인문대학생 아카데미 교육생 모집공고,N/A,2021-10-06,https://gerlan.ssu.ac.kr/%ed%95%99%ea%b3%bc%ec%82%ac%eb%ac%b4%ec%8b%a4%ec%95%8c%eb%a6%bc/%ea%b3%b5%ec%a7%80%ec%82%ac%ed%95%ad/?term_id&slug=33834,"교육부와 한국연구재단에서 인문학을 전공하는 대학생들에게
사회 현장 맞춤형 실무 교육의 기회
를 제공하여,
인문학 전문 인력을 양성
하기 위한
제 3기 인문대학생 아카데미
교육과정을 개최합니다.
가. 교 육 명 :
제3기
인문대학생 아카데미 ※ 세부내용 <첨부파일> 참조
나. 교육 내용: 인문콘텐츠 이론·사례, 인문콘텐츠 기획서 작성법 등
다. 교육 기간:
2021. 10. 21.(목) ~ 10. 22.(금)(온라인)
라. 교육 대상: 인문학 전공 대학생 ※ 복수·부전공자, 융복합 전공 포함
마. 교육 인원: 25명 이내 ※ 온라인 플랫폼으로 교육 진행 예정
바. 교육 특전: 한국연구재단 이사장 명의 수료증 발급, 우수자 시상, 교육비 무료 등
사. 접수 기간:
~2020. 10. 8.(금) 18:00 까지"
german_language,[공지] 2021-2학기 진로지도 안내,N/A,2021-10-05,https://gerlan.ssu.ac.kr/%ed%95%99%ea%b3%bc%ec%82%ac%eb%ac%b4%ec%8b%a4%ec%95%8c%eb%a6%bc/%ea%b3%b5%ec%a7%80%ec%82%ac%ed%95%ad/?term_id&slug=33399,"2021학년도 2학기 진로지도 안내드립니다.
진로지도 담당 교수님은 개별적으로 문자 안내드렸습니다.
담당 교수님 파일에 상담방식 및 일정을 입력하여 학과메일(gerlan@ssu.ac.kr)로 제출해주세요.
10월 8일(금)
까지 기한 엄수해주시기 바랍니다!"
german_language,[공지] 2021-2학기 6주차 이후 대면수업 코로나19 대응,N/A,2021-10-01,https://gerlan.ssu.ac.kr/%ed%95%99%ea%b3%bc%ec%82%ac%eb%ac%b4%ec%8b%a4%ec%95%8c%eb%a6%bc/%ea%b3%b5%ec%a7%80%ec%82%ac%ed%95%ad/?term_id&slug=32186,"6주차 이후 대면수업 코로나19 대응과 관련하여 안내드립니다.
10월6일부터 PCR 검사를 하지 않은 구성원은 건물 출입이 제한됩니다. 대면수업을 수강하는 학생은 (백신 접종 여부와 상관없이) 필히 PCR 검사를 해주시기 바랍니다.
10월 6일부터 : 9/22 이후의 검사 결과 인정
10월 20일부터 : 10/6 이후의 검사 결과 인정
자세한 사항은 아래 내용 확인 바랍니다."
german_language,[홍보] (교수학습센터)학습역량 강화 프로그램 안내,N/A,2021-09-24,https://gerlan.ssu.ac.kr/%ed%95%99%ea%b3%bc%ec%82%ac%eb%ac%b4%ec%8b%a4%ec%95%8c%eb%a6%bc/%ea%b3%b5%ec%a7%80%ec%82%ac%ed%95%ad/?term_id&slug=29707,"교수학습센터에서 본교 학부생의 학습역량 강화를 위해 다음과 같이 2021-2학기 비교과 프로그램을 운영합니다.
모집 중 프로그램(2021-09-15 기준)
연번
프로그램명
개요
대상
모집기간
1
CoRE 튜터링
튜티(Tutee)
전공 교과목 학습역량, 비교과(취업·진학, 외국어 등과 관련한 자격증 취득 준비)학습역량을 갖춘 1인의 튜터(Tutor)가 해당 학습에 도움이 필요한 4~7인의 튜티(Tutee)와 함께 주 1회 이상 정기적으로 온라인(ZOOM) 협동학습 진행
학부 재학생
~9.28.(화)
2
학습동행
멘티(Mentee)
멘토교수(전공교수), 전문 학습코치, 학생 멘토가 본교 재학생 중 학사경고(직전학기 평점평균 1.5 미만) 또는 학사경고 위험군(직전학기 평점평균 1.5 이상 2.0 미만) 학생과 팀을 이루어 한 학기 동안 동행하며 학교생활 적응 및 학습능력 향상을 지원하는 프로그램
학부 재학생
~9.23.(목)
3
외국인 학부생 튜터링
튜터(Tutor)
전공 교과목 학습 역량 또는 한국어 글쓰기 지도 능력을 갖춘 1인의 튜터(Tutor)가 해당 학습에 도움이 필요한 4~7인의 외국인 학부생 튜티(Tutee)와 함께 주 1~2회 이상 정기적으로 온라인(ZOOM) 협동학습 진행
학부 재학생
~9.30.(목)
4
또래 학습코치
양성과정
학습, 정서에 어려움을 겪는 또래 학생 곁에서 공감과 격려를 바탕으로 든든한 지지자가 되어줄 또래 학습코치를 양성하는 프로그램(전문가 교육, 실습 등 진행)
학부 재학생
~9.29.(수)
5
또래 학습코칭
활동과정
(또래코치에게
코칭받기)
본교 또래학습 코치와 참여 학생이 학습, 정서 공감, 대학 생활을 함께하는 프로그램. 참여 학생과 또래 학습 코치는 주 1회 이상 정기적으로 코칭(온라인 ZOOM 또는 오프라인 만남)을 실시
학부 재학생
~10.4.(월)
6
1:1 학습코칭
객원 전문 학습코치와 참여학생이 1:1로 만나 학습진로종합검사, 학습전략검사 결과를 바탕으로 학습전략 수립 및 실천(학생 개별 맞춤형 코칭)
학부 재학생
학기 중
상시
7
INNO-
SCHOOL
프로젝트
각자 다른 전공을 가진 학생들이 팀을 이루어 자신의 전공지식을 활용해 지역사회의 문제나 이슈를 발견하고 이를 해결하기 위한 다양한 아이디어를 도출하여 실현가능한 방법들을 기획하는 프로그램
학부 재학생
~9.30(목)
8
학습법
워크숍
1차
스토리텔링을 활용한 프레젠테이션 기획과 구성
학부 재학생
학기 중
상시
2차
발표력을 높이는 효과적인 발표의 기술
3차
학습의 비밀을 밝혀라(대학생의 필기 전략)
4차
시험불안을 이겨내는 대비전략
‘시험, 걱정말아요.’
5차
선배가 들려주는 대학생활 꿀Tip
6차
스마트 조별과제 및 구글활용(심화)
7차
[내자료, 머선129 Ⅱ]레포트, 보고서,
프레젠테이션을 위한 파워포인트 기능
* 프로그램별 상세 내용 및 신청 링크 :
https://c11.kr/pwaf"
german_language,[홍보] 2021 하반기 글로벌일자리대전 안내,N/A,2021-09-17,https://gerlan.ssu.ac.kr/%ed%95%99%ea%b3%bc%ec%82%ac%eb%ac%b4%ec%8b%a4%ec%95%8c%eb%a6%bc/%ea%b3%b5%ec%a7%80%ec%82%ac%ed%95%ad/?term_id&slug=27168,"2021년 하반기 글로벌일자리대전 안내드립니다. (고용노동부 주최, KOTRA와 한국산업인력공단 주관)
해외 기업 113개사가 참여하며 독일에 있는 기업들도 포함되어있습니다. 현지 인사담당자와 화상면접을 볼 수 있는 기회라고 하니 해외취업에 관심있는 학생들은 지원해보시기 바랍니다.
ㅇ 행사개요
– 행 사 명 : 2021 하반기 글로벌일자리대전
– 일자/장소 : 2021.10.27(수)-11.2(화) / KOTRA 화상상담장 또는 자택(Zoom)
– 규 모 : 해외구인처 113개사
– 구 성 : 1:1화상면접, 해외취업 멘토링, 채용설명회 등
– 주최/주관 : 고용노동부/KOTRA, 한국산업인력공단
ㅇ 이력서 제출(~10/3 제출 마감)
– 월드잡 전용페이지 접속      (
https://www.worldjob.or.kr/jobfair/talkConcertList.do
)
참여기업 확인 후 이력서 지원
– 현장등록이 불가합니다. 반드시 사전 이력서 제출 해 주세요.
ㅇ
자세한 내용은
해취투게더
를 참고해 주세요. (
https://cafe.naver.com/kotrajobinfo/19210
)
ㅇ
독일
참가기업 공고 링크
업체명(영문)
국가명
관할무역관
채용분야
(직종)
모집인원
공고 URL
Shinhan Bank Europe
독일
프랑크푸르트
사무/관리직
1
https://www.worldjob.or.kr/advnc/epmtLink.do?joCrtfcNo=E20210831037&joCrtfcDsp=1&joCrtfcDspSn=1
Emma Sleep GmbH
독일
프랑크푸르트
기타서비스직
1
https://www.worldjob.or.kr/advnc/epmtLink.do?joCrtfcNo=E20210511013&joCrtfcDsp=1&joCrtfcDspSn=1
Emma Sleep GmbH
독일
프랑크푸르트
사무/관리직
1
https://www.worldjob.or.kr/advnc/epmtLink.do?joCrtfcNo=E20210308025&joCrtfcDsp=1&joCrtfcDspSn=1
CJ Europe GmbH
독일
프랑크푸르트
사무/관리직
2
https://www.worldjob.or.kr/advnc/epmtLink.do?joCrtfcNo=E20210611002&joCrtfcDsp=1&joCrtfcDspSn=1
Avocado Communications GmbH
독일
프랑크푸르트
사무/관리직
1
https://www.worldjob.or.kr/advnc/epmtLink.do?joCrtfcNo=E20210331021&joCrtfcDsp=1&joCrtfcDspSn=1
Avocado Communications GmbH
독일
프랑크푸르트
사무/관리직
1
https://www.worldjob.or.kr/advnc/epmtLink.do?joCrtfcNo=E20210806029&joCrtfcDsp=1&joCrtfcDspSn=1
KEB Hana Bank (D)AG
독일
프랑크푸르트
기능직
1
https://www.worldjob.or.kr/advnc/epmtLink.do?joCrtfcNo=E20210714038&joCrtfcDsp=1&joCrtfcDspSn=1
KEB Hana Bank (D)AG
독일
프랑크푸르트
사무/관리직
1
https://www.worldjob.or.kr/advnc/epmtLink.do?joCrtfcNo=E20210816009&joCrtfcDsp=1&joCrtfcDspSn=1
P3 group GmbH
독일
프랑크푸르트
사무/관리직
1
https://www.worldjob.or.kr/advnc/epmtLink.do?joCrtfcNo=E20210716021&joCrtfcDsp=1&joCrtfcDspSn=1
『2021 하반기 글로벌일자리대전 운영사무국』
02-2186-9247
kotrascv@incruit.com"
german_language,[홍보] 2021학년도 숭실대학교 교수협의회 장학생 선발 안내,N/A,2021-09-10,https://gerlan.ssu.ac.kr/%ed%95%99%ea%b3%bc%ec%82%ac%eb%ac%b4%ec%8b%a4%ec%95%8c%eb%a6%bc/%ea%b3%b5%ec%a7%80%ec%82%ac%ed%95%ad/?term_id&slug=24932,"숭실대학교 교수협의회 장학생 선발 안내드립니다.
첨부파일 확인하세요!"
german_language,[공지] 코로나19 관련 유고결석 인정 사유 안내,N/A,2021-09-03,https://gerlan.ssu.ac.kr/%ed%95%99%ea%b3%bc%ec%82%ac%eb%ac%b4%ec%8b%a4%ec%95%8c%eb%a6%bc/%ea%b3%b5%ec%a7%80%ec%82%ac%ed%95%ad/?term_id&slug=22729,"2021학년도 2학기에는 코로나19로 인한 백신 접종도 유고결석 사유로 인정됩니다.
신청방법 및 자세한 사항은 첨부파일 참고하세요."
german_language,[홍보] 2022-2023 독일 정부초청 장학생(DAAD 장학생) 선발 안내,N/A,2021-09-03,https://gerlan.ssu.ac.kr/%ed%95%99%ea%b3%bc%ec%82%ac%eb%ac%b4%ec%8b%a4%ec%95%8c%eb%a6%bc/%ea%b3%b5%ec%a7%80%ec%82%ac%ed%95%ad/?term_id&slug=22713,"2022-2023년도 독일정부초청장학생 선발 안내드립니다.
자세한 사항은 첨부파일 확인바랍니다.
가. 선발분야
1) 모든 전공분야의 석사과정 장학금
2) 독일에서의 박사학위 취득을 위한 연구장학금
3) 박사과정생을 위한 연구 장학금 – 1년
4) 연구장학금 – 단기 (6개월 이하)
5) 건축학 전공분야의 대졸자를 위한 장학금
6) 공연예술 전공분야의 대졸자를 위한 장학금
7) 미술, 디자인/비주얼 커뮤니케이션, 영화 전공분야의 대졸자를 위한 장학금
8) 음악 전공분야의 대졸자를 위한 장학금
나. 지원자격 및 지원기간, 장학혜택 등은 프로그램마다 상이하므로,
지원하기 전 반드시 홈페이지(http://www.daad.or.kr)를 확인 바람
다. 문의처 : 주한독일고등교육진흥원(02-324-0655 / info@daad.or.kr)"
german_language,"[공지] ZD B1, B2 단체 접수 안내(접수기간 9월 27일-30일)",N/A,2021-09-03,https://gerlan.ssu.ac.kr/%ed%95%99%ea%b3%bc%ec%82%ac%eb%ac%b4%ec%8b%a4%ec%95%8c%eb%a6%bc/%ea%b3%b5%ec%a7%80%ec%82%ac%ed%95%ad/?term_id&slug=22708,"10월에 실시되는 B1, B2시험 단체 접수 신청을 받습니다. 신청 마감일은
9월23일(목)
까지입니다.
신청을 원하시는 학생은 독어독문학과 메일(gerlan@ssu.ac.kr)로 다음과 같이 기입하여 보내주시기 바랍니다.
신청시험 : B1 / B2
학번 :
한글이름 :
생년월일 :
여권상 영문이름 :
출생지(도시이름 영문으로) :
거주지(도시이름 영문으로) :
휴대폰번호 :
*B1와 B2 각각 5명 이상 신청시 단체접수 진행합니다.  5명 이상 모이지 않을 경우 신청자에게 개별적으로 연락드리겠습니다."
german_language,[홍보] (국제팀) 2022학년도 2학기 파견 교환학생 모집,N/A,2021-08-10,https://gerlan.ssu.ac.kr/%ed%95%99%ea%b3%bc%ec%82%ac%eb%ac%b4%ec%8b%a4%ec%95%8c%eb%a6%bc/%ea%b3%b5%ec%a7%80%ec%82%ac%ed%95%ad/?term_id&slug=15898,"국제팀에서 2021학년도 2학기 파견 교환학생을 모집합니다. 관심있는 학생들의 많은 지원 바랍니다.
1. 공지사항 링크:
https://study.ssu.ac.kr/community/notice_view.do?sbSeq=MTQ5Mg==
2. 일정: 2021.08.16.(월) ~ 08.20.(금)
3. 문의:국제팀 (신양관 203호, 02-820-0757,
study@ssu.ac.kr
)"
german_language,[공지] 2021학년도 2학기 학과근로장학생 선발 안내,N/A,2021-08-02,https://gerlan.ssu.ac.kr/%ed%95%99%ea%b3%bc%ec%82%ac%eb%ac%b4%ec%8b%a4%ec%95%8c%eb%a6%bc/%ea%b3%b5%ec%a7%80%ec%82%ac%ed%95%ad/?term_id&slug=14478,"2021학년도 2학기 학과근로장학생 선발을 다음과 같이 실시함을 안내합니다.
1. 근로장학생 자격 및 선발기준
가. 2021학년도 2학기 국가장학금을
1차
신청하고 소득분위가 8분위 이내인 자
※ 국가장학금을 신청할 수 없는 대한민국 국적 미소지자도 선발 가능
(단, 순수외국인전형으로 입학한 외국인 유학생은 선발 불가)
나. 2021학년도 2학기 재학 및 복학예정자로 해당학기 등록금 납부 예정인 자
1) 2021학년도 2학기 전 등록휴학 후 복학시 선발 불가(등록대체자)
2) 학기 중 미등록, 입학취소, 복학취소 등으로 인한 학적변동시 모든 장학금 취소
3) 2021학년도 2학기 기준 이수학기가 2~7학기만 가능(1학기 및 8학기 신청 불가)
다. 직전학기 취득학점 및 학업성적 제한 없음
라. 타 장학금과 중복수혜 가능(근로장학금 간 중복 불가)
※ 본 장학금은 학업장려비 지원 목적으로 등록금(입학금 및 수업료)를 초과하여 지급
마. 학과별 배정인원 내에서 학과근로A 또는 B 타입 학과 자율선발 가능
(예: 학과근로B 2명 = 학과근로A 1명)
바. 국가근로장학생 및 교내근로장학생에 선발되지 않은 자
2. 유의사항
가. 선발된 학생은 소속부서에서 지정된 근로시간 동안 근무해야 하며, 학기 중 학적변동
(휴학, 자퇴, 제적 등) 등 불가피한 사유가 인정되는 중도 포기 시 근로한 시간만 장학금 지급
나. 2022년 1월 말 근로평가 전까지 교체 가능 (단, 교체 전 학생의 근로시간을 차감)
※ 근로 중도교체 및 중단 시 장학팀으로 연락 요망
다. 교체 전·후 학생 모두 근로평가 실시
3. 근로시간 및 장학금액
장학금명
시간당 장학금액
총 근로시간(학기)
1인당 장학금액(원)
학과근로A
8,750원
10시간*20주=200시간
1,750,000
학과근로B
8,750원
5시간*20주=100시간
875,000
4. 행정사항
가. 학생신청방법: u-SAINT포털→등록/장학→근로장학금 신청→지원서 출력/제출
나. 온라인신청 및 서류제출기간:
2021년 7월 30일(금) 10:00 ~ 8월 9일(월) 17:00
1) 제출서류: 지원서 (u-SAINT 출력본,
본인서명 필수
)
2) 제출장소: 교내근로(장학팀), 학과근로 (각 학과사무실)
다. 교내 및 학과근로장학생 최종선발 및 발표:
2021년 8월 18일(수) 예정"
german_language,[공지] 2021-2학기 백마성적우수장학생 선발 안내,N/A,2021-07-21,https://gerlan.ssu.ac.kr/%ed%95%99%ea%b3%bc%ec%82%ac%eb%ac%b4%ec%8b%a4%ec%95%8c%eb%a6%bc/%ea%b3%b5%ec%a7%80%ec%82%ac%ed%95%ad/?term_id&slug=11046,"<백마성적우수장학생 기본 자격요건 >
가. 2021학년도 2학기 국가장학금을 신청하여 소득분위 조회가 가능한 자
1) 1차 신청자에 한하여 등록금고지서 사전감면
2) 1차 미신청자 : 2차 신청/서류제출/구제신청 확인 후 사후지급
(2차 신청자 중 한국장학재단 구제신청기간에 구제신청 시 사후지급)
3) 국가장학금을 신청할 수 없는 대한민국 국적 미소지자도 선발 가능
(단, 순수외국인전형으로 입학한 외국인유학생은 선발 불가)
나. 2021학년도 2학기 재학 및 복학예정자로 해당학기 등록금 납부 예정인 자
1) 2021학년도 2학기 前등록휴학 후 복학시 선발대상에서 제외 (등록대체자)
2) 학기 중 미등록, 입학취소, 복학취소 등으로 인한 학적변동시 모든 장학금 취소
3) 선발 후, 학기 중 휴학 시 백마성적우수장학금은 복학학기로 이월
※ 추가 또는 교체선발 시 재학 중인 학생만 선발 (휴학생에 대한 추가/교체 불가)
다. 직전학기 15학점 이상 이수한 자 (졸업 직전학기는 직전학기 12학점 이상)
라. 등록학기가 8학기 이내인 자 (건축학전공: 등록 10학기 이내인 자)
마. F학점 포함 학적부성적 기준 직전학기 3.5 이상인 자
바. 모든 교내장학금간 중복수혜 불가
1) 신청장학금 중 수혜금액이 큰 장학금 자동선발
2) 중복수혜 가능 장학금: 국가장학금, 교외장학금, 학업장려비 지원 목적 장학금 등
<2021-2학기 독어독문학과 선발 기준>
– 백마성적우수장학생 기본 자격요건에 부합하는 학생
– 전체 평점평균 순으로 배정 (평점평균 동점시 평점계, 평점계도 동점시 산술평균 순)
*전액 : 전체 석차 1등
*반액 : 1등 제외, 학년별 1명
*25% : 1등 제외, 학년별 2명"
german_language,[공지] ZD B1(2021.08.26-27) 단체 접수 안내,N/A,2021-07-07,https://gerlan.ssu.ac.kr/%ed%95%99%ea%b3%bc%ec%82%ac%eb%ac%b4%ec%8b%a4%ec%95%8c%eb%a6%bc/%ea%b3%b5%ec%a7%80%ec%82%ac%ed%95%ad/?term_id&slug=8578,"8월 26-27일에 실시되는 B1시험 단체 접수 신청을 받습니다. 신청 마감일은
7월15일(목)
까지입니다.
신청을 원하시는 학생은 독어독문학과 메일(gerlan@ssu.ac.kr)로 다음과 같이 기입하여 보내주시기 바랍니다.
생년월일 :
한글이름 :
여권상 영문이름 :
출생지(영문) :
거주지(영문) :
휴대폰번호 :
*5명 이상 신청시 단체접수 진행합니다.  5명 이상 모이지 않을 경우 신청자에게 개별적으로 연락드리겠습니다."
german_language,[공지] 하계방학 기초독일어 특강,N/A,2021-07-02,https://gerlan.ssu.ac.kr/%ed%95%99%ea%b3%bc%ec%82%ac%eb%ac%b4%ec%8b%a4%ec%95%8c%eb%a6%bc/%ea%b3%b5%ec%a7%80%ec%82%ac%ed%95%ad/?term_id&slug=8231,"독
어
독
문
학
과
기초독일어 특강
1. 운영 취지: 코로나19 사태로 인해 실시된 비대면 수업의 상황에서 독어독문학과 20학번과 21학번 학생들이 이전 학번들에 비해 독일어 학습에 좀 더 어려움을 겪었습니다. 이에 2021년 여름방학에 ‘기초 독일어 특강’을 제공하여 독일어 기초 실력을 다지는 데 도움을 주고자 합니다.
2. 특강 강사 및 내용
– 특강 강사: 박종소 교수님
– 특강 내용: 독일어 예문과 함께 변화하는 품사(관사, 명사, 대명사, 형용사, 동사)에 대한 이해를 높이고, 이를 통하여 독일어 구조의 원리를 파악하는 능력을 향상시킴
3. 특강 대상: 독어독문학과 20학번, 21학번 학생
4. 진행 방식 및 일정: 실시간 화상 수업, 주 2회씩 총 8회 수업 예정
– 화요일, 목요일 11:00~13:00
– 7월13일(화) ~ 8월5일(목) 총 8회 수업
5. 신청 기간과 방법
– 신청기간: 7월3일(토)00:00 ~ 7월11일(일)23:45
– 방법: 펀시스템(
https://fun.ssu.ac.kr/ko/program/all/view/1951
)을 통해 신청
– 참고: 10명 이상 신청 시 특강 개설합니다!
*문의사항은 독어독문학과 사무실(02-820-0350)로 연락주세요."
german_language,[채용정보] IMPEX GLS GmbH 독일물류회사 신입(~6.23 수 오전09시),N/A,2021-06-22,https://gerlan.ssu.ac.kr/%ed%95%99%ea%b3%bc%ec%82%ac%eb%ac%b4%ec%8b%a4%ec%95%8c%eb%a6%bc/%ea%b3%b5%ec%a7%80%ec%82%ac%ed%95%ad/?term_id&slug=7677,"1. 회사 소개
http://www.impexgls.com/Networks/Europe.aspx
2. 지원 방법
21 년 06 월 23 일 (수) 오전 09시
까지
진로취업센터 홈페이지   (
http://job.ssu.ac.kr
) 를 통하여 접수하여야 합니다.
자세한 사항은 “진로취업센터 홈페이지 > 추천채용 > IMPEX GLS 독일물류회사 독일법인 신입(독문과(복수전공) only,06. 23 수 오전09시마감)프랑크푸르트”에서 확인바랍니다."
german_language,[공지] ZD B2(2021.07.28-29) 단체 접수 안내,N/A,2021-06-18,https://gerlan.ssu.ac.kr/%ed%95%99%ea%b3%bc%ec%82%ac%eb%ac%b4%ec%8b%a4%ec%95%8c%eb%a6%bc/%ea%b3%b5%ec%a7%80%ec%82%ac%ed%95%ad/?term_id&slug=7543,"7월 28-29일에 실시되는 ZD B2 단체 접수 신청을 받습니다. 신청 마감일은 6월 24일(목) 까지입니다.
신청을 원하시는 학생은 독어독문학과 메일(gerlan@ssu.ac.kr)로 다음과 같이 기입하여 보내주시기 바랍니다.
생년월일 :
한글이름 :
여권상 영문이름 :
출생지(영문) :
거주지(영문) :
휴대폰번호 :
*5명 이상 신청하면 단체접수 진행합니다.  5명 이상 모이지 않을 경우 신청자에게 개별적으로 연락드리겠습니다."
german_language,[한국독어독문학회] 2021 Blick um Blick 공모전 안내,N/A,2021-06-16,https://gerlan.ssu.ac.kr/%ed%95%99%ea%b3%bc%ec%82%ac%eb%ac%b4%ec%8b%a4%ec%95%8c%eb%a6%bc/%ea%b3%b5%ec%a7%80%ec%82%ac%ed%95%ad/?term_id&slug=7328,"한국독어독문학회 Blick um Blick
2021
전국 대학생
UCC
및 소논문 공모전
이번 공모전의 취지는 대학생들이
<
재난 극복 또는 일상으로의 회복
>
이라는 주제 하에 나름의 문제의식을 가지고
독일 문학작품을 감상하고 해석하여 그 결과물을 논문이나 영상으로 표현해 보는 것입니다
.
◾ 주제
:
재난극복
,
또는 일상으로의 회복
2021
년 블릭 움 블릭
(
마주치는 눈길
)
의 주제를
‘
재난극복
,
또는 일상으로의 회복
’
으로 선정한 것은
,
잃어버린 일상의 회복에 대한 우리 세대의 간절함을 반영하기 위함입니다
.
재난과 같은 깊은 고통으로부터 인간이 어떻게 생존해왔는지에 대한 질문에 대하여 한 연구는 인간은
‘
사회적 연대감
’
을 통하여 전진하여 왔다고 답하였습니다
.
어쩌면 우리는 코로나 상황 속에서 언택트
(
또는 온택트
)
라는 수단을 시용하고 있지만
,
이를 통하여 우리가 정말 원한 것은 콘텍트가 아니였을까 생각해 봅니다
.
코로나
19
의 종식을 기대하며 한국독어독문학회는 이제
‘
일상으로의 회복
’
에 대한 이야기를담고 있는 독일문학 작품을 통해 재난극복을 위한 인간의 사회적 연대에 대해 사색하는 기회를 가져보려 합니다
.
◾ 공모전 대상작품
:
–
토마스 만
, <
베니스에서의 죽음
>(1912)
–
한스 마그누스 엔첸스베르거
, <
타이타닉
(
호
)
의 침몰
>(1978)
–
구드룬 파우제방
, <
구름
(Die Wolke)>(1987)
–
크리스토프 란스마이어
, <
최후의 세계
>(1988)
–
페터 코르넬리우스 마이어
–
타쉬
, <
직선들의 폭풍우 속에서. 독일의 생태시
1950-1980>(1981)
◾ 출품기간:
소논문
:
2021년 10월 11일 ~ 10월 20일
UCC:
2021년 10월 21일 ~ 10월 30일
◾ 보낼 곳:
kgermanistik21@gmail.com"
german_language,[공지] 2021학년도 신입생 대상 정보활용교육 & 퀴즈대회 안내,N/A,2021-06-11,https://gerlan.ssu.ac.kr/%ed%95%99%ea%b3%bc%ec%82%ac%eb%ac%b4%ec%8b%a4%ec%95%8c%eb%a6%bc/%ea%b3%b5%ec%a7%80%ec%82%ac%ed%95%ad/?term_id&slug=7064,"1. 행사명 :
A+ 대학생활을 위한 도서관 활용법 & 퀴즈대회
2. 목 적
가. 도서관 서비스와 학술자료 활용교육을 통한 학생들의 정보리터러시 향상과 학습윤리 교육
나. 도서관 제공 학술서비스, 소장자료,  전자자료(저널, 학술DB, e-Book, e-Learning 등) 홍보와 이용 촉진
4. 일 시 : 2021.06.24(목) 15:00~17:00
5. 대 상
:
2020-21학년도 신입생
*2020학년도 신입생 대상 교육이 전체 학부생대상 교육으로 대체된 관계로 참여대상을 확대하여 진행
6. 상세내용 및 진행방법
가. 도서관 홈페이지를 통해 신청 접수
https://oasis.ssu.ac.kr/#/education/result/?offset=0&max=20
나. 신청자들에게 교육에 참여할 수 있는  ZOOM 링크  발송
다. 도서관 서비스 안내 및 레포트 작성을 위한 학술정보활용 교육
다. ‘카훗’ 프로그램을 이용하여 실시간 퀴즈풀이 및 성적공지
라. 상위권 입상자에게 성적순으로 장학금 및 경품 수여 (붙임 파일 참고)
마. 종료 후  도서관 홈페이지에 상위입상자 수상 내역 공지"
german_language,[공지] 21-1학기 비공학계 캡스톤디자인 성과전시회 학생평가자 모집 홍보,N/A,2021-06-11,https://gerlan.ssu.ac.kr/%ed%95%99%ea%b3%bc%ec%82%ac%eb%ac%b4%ec%8b%a4%ec%95%8c%eb%a6%bc/%ea%b3%b5%ec%a7%80%ec%82%ac%ed%95%ad/?term_id&slug=7059,"1. 프로그램 운영 목적
가. 비공학계 캡스톤 디자인에 대한 재학생 관심 제고
나. 캡스톤 디자인 우수 성과를 선정하여 성과물의 질적 향상 지원
다. 학생 평가자들이 다양한 아이디어를 접할 수 있는 기회 제공
2. 프로그램 운영 계획
가. 프로그램 학생 평가자 지원 접수
1) 접수 방법: 펀시스템에서 신청
“비공학계 캡스톤 디자인 성과 전시회 온라인 학생 평가단 모집”
2) 접수 기한: 2021.06.02.(수)~2021.06.16.(수)
나. 프로그램 평가 방식
1) 학생 평가자로 선발된 학생은,
2) 6.2.(수)~6.16.(수) 중 유튜브 채널(SSU TV)에 업로드 된 영상을 시청하고,
3) 펀시스템 게시판에 업로드 되는 구글 설문을 통해 성과물 별 평가 진행
다. 시상: 우수 평가자 등을 선발하여 시상"
german_language,[채용정보] ‘아우디폭스바겐코리아’ 2021 Audi Volkswagen Korea Summer Internship (~6/17),N/A,2021-06-08,https://gerlan.ssu.ac.kr/%ed%95%99%ea%b3%bc%ec%82%ac%eb%ac%b4%ec%8b%a4%ec%95%8c%eb%a6%bc/%ea%b3%b5%ec%a7%80%ec%82%ac%ed%95%ad/?term_id&slug=6840,"*모집기간 연장되었습니다.
2021 Audi Volkswagen Korea Summer Internship (~6/17)
■ More Information
https://avknewsroom.com/career/2021-audi-volkswagen-korea-summer-internship/
■ Recruiting Position
– Audi : After Sales / Network / Sales
– VW : Network / Sales / Marketing & Communications
– Group AS : Warranty / Parts Sales & Logistics / Parts Sales & Logistics
– Group : Comm. & CSR / Government Affairs / HR
■ Qualification & Ideal Profile
– Current university students who completed at least 5 semesters or recent graduates within 1 year
– Able to work full time from August 2, 2021 – January 31, 2022(6 months)
– Want to lead the changes and enjoy challenges
– Eager to grow as a good team player who can understand differences in various cultures
– Able to thrive in fast paced environment with efficiently managing the task & project
– Act responsibly with knowing one’s own strengths & areas of development with open-minded attitude
– Proficient in MS Office
– Excellent communication skills with fluent in both Korean & English
■ How to Apply
– Due by : ~ June 17, 2021 (11:59 pm)
– E-mail :
career@audi.co.kr
– E-mail title : “Brand_Department_Intern_Kor.Name(Eng. Name)”
*Example : Group_HR_Intern_홍길동(Gildong Hong)
■ What to submit
1. Resume in both Korean & English in MS Word (max. 2 pages)
2. Self-Introduction in MS Powerpoint(max. 3 pages)
3. Consent on Agreement to Collect and Use Personal Information
(attached “입사지원용 개인정보 수집 및 이용 동의서”)(Internal Form Attached)
*Please attach each document (1,2,3) to your application e-mail.
■ Recruiting Process & Schedule
Application → Application Review → Selection process → Final Result Release & Job Offer → On-Boarding
■ Other
– No guarantee on transfer to regular positions
– Minor changes in the schedule will be communicated directly to the respective candidates. Please check your email regularly
– Please apply for one(1) position only and you may be recommended to more proper or to other position based on interview results
– Job offer or On-boarding can be cancelled if your application contains false information
– Please refrain from including any personal information not related to job such as appearance(i.e. height, weight), place of origin, martial status, property, candidate’s immediate family and siblings’ education, job and property information
– Veteran’s child and disabled will be given preference with the submission of related documents in accordance with the relevant legislations"
german_language,[공지]2021학년도 2학기 재학생 및 복학예정자 대상 교내장학금 신청공고,N/A,2021-05-21,https://gerlan.ssu.ac.kr/%ed%95%99%ea%b3%bc%ec%82%ac%eb%ac%b4%ec%8b%a4%ec%95%8c%eb%a6%bc/%ea%b3%b5%ec%a7%80%ec%82%ac%ed%95%ad/?term_id&slug=5174,"국가장학금 신청기간
:
2021
년
5
월
18
일
(
화
) ~ 6
월
21
일
(
월
) 18:00
까지
※ 한국장학재단 홈페이지(www.kosaf.go.kr) 공인인증 로그인 후 신청
※ ☆
중요
☆
재학생은 국가장학금
1
차 신청기간에만 신청 가능
교내장학금 온라인 신청기간
가. 온라인신청 및 서류제출 기간
1)
정규신청
: 2021
년
5
월
24
일
(
월
) 10:00 ~ 6
월
18
일
(
금
) 17:00
까지
2) 추가신청 : 2021년 6월 28일(월) 10:00 ~ 7월 16일(금) 17:00까지
※ 주말(공휴일 포함) 24시간 온라인 신청 가능 (단, 마감일 제외)
※ 추가신청자는 반드시 국가장학금 1차 신청기간에 국가장학금을 신청하여야 함.
※ u-SAINT 입력 후 장학금 신청내역을 조회하여 장학금 신청이 정상적으로 완료되었는지 꼭 확인.
나. 서류제출이 필요한 장학금의 경우, 교내장학금 온라인 신청기간 내 반드시 제출
※ 방문 및 등기우편제출 가능 (FAX 불가)
※ 등기우편 제출 시 교내장학금 온라인 신청기간 내 장학팀 도착분만 인정
※ 단, 형제장학금의 경우, 등록기간 종료 시까지 서류제출 인정
※
서류는 제출일 기준
1
개월 이내에 발급된 것만 인정됨
다. 근로장학금(교내근로/학과근로) 신청 : 2021년 7월 공지 예정
신청대상
:
2021
학년도
2
학기 재학생 및 복학예정자
교내장학생 자격요건
가. 2021학년도 2학기 국가장학금을 신청하고 서류제출(가구원동의 포함)을 완료한 자
나. 2021학년도 2학기 재학생 및 복학(예정)자로 해당학기 등록금 납부 예정인 자
1) 2021학년도 2학기 前 등록휴학 후 복학생은 모든 장학금 선발에서 제외(등록대체)
2) 미등록, 입학취소, 복학취소, 휴학 등 학적변동시 모든 장학금 취소
다. 직전학기 15학점 이상 이수한 자 (2021년 2학기가 4학년 8학기인 자는 12학점 이상)
※ 건축학과 건축학전공 : 10학기는 직전학기 12학점 이상 이수(1∼9학기는 15학점 이상)
라. 등록 8학기 이내인 자(건축학과 건축학전공 : 등록 10학기 이내인 자)
예1) 학기취소 1회 후 8학기 진학예정인 경우 : 9회 등록금 납부이므로 선발 불가
예2) 학점 미 이수로 9학기 진학예정인 경우 : 9회 등록금 납부이므로 선발 불가
교내장학생 공통사항
가
.
☆
중요
☆
모든 장학금은 등록금 내에서 다음 순서에 따라 우선 지급합니다
.
①
교외
(
외부
)
장학금
②
국가장학금
③
교내장학금
나. 성적 및 취득학점 산정방법
1) 평점평균(GPA) / 산술평균(100점만점) : F학점이 포함된 학적부성적 기준 산정
2) 취득학점 산정시 F학점은 0학점 취득으로 인정되어 취득학점 산정에서 제외
다. 온라인으로 반드시 신청해야 하며, 제출서류가 있는 장학금에 한하여 서류제출
※ 제출기간 내 미제출시 장학생 선발대상에서 제외
라. 모든 교내장학금은 중복수혜 불가
1) 장학금 간 중복신청 가능 (신청 장학금 중 수혜금액이 큰 장학금으로 자동선발)
2) 중복수혜 가능 장학금 : 국가장학금, 교외(외부)장학금, 근로장학금(교내/학과근로), 봉사장학금
– 수업료 범위 내 중복수혜 가능(근로장학금, 봉사장학금은 수업료 초과하여 수혜 가능)
마. 한국장학재단 중복지원방지사업 안내
1) 학자금대출액과 등록금 지원 목적 장학금 합계가 수업료 초과 시 중복지원 해당
2) 한국장학재단 콜센터를 통한 개별 해소 필수(다음 학기 국가장학금, 학자금대출에 영향)
교내장학금별 선발자격 및 제출서류
:
장학금 선발자격 및 제출서류 안내
(
첨부문서 참조
)
장학생 선발결과 발표 및 지급방식
가. 2021년 8월 중순 발표 예정 (u-Saint  등록/장학 및 등록금고지서 감면여부 확인가능)
나.
장학금신청시 계좌입력
:
우리은행 본인명의 개인계좌 입력 필수
다. 등록금 분할납부 신청 시, 등록금고지서에 감면된 장학금을 제외한 학생계좌지급 장학금은 분할납부 최종등록 완료 확인 후 지급"
german_language,[공지] ZD B1(2021.06.29-30) 단체 접수 안내,N/A,2021-05-17,https://gerlan.ssu.ac.kr/%ed%95%99%ea%b3%bc%ec%82%ac%eb%ac%b4%ec%8b%a4%ec%95%8c%eb%a6%bc/%ea%b3%b5%ec%a7%80%ec%82%ac%ed%95%ad/?term_id&slug=4593,"6월 29-30일에 실시되는 ZD B1 단체 접수 신청을 받습니다. 신청 마감일은
5월 26일(수)
까지입니다.
신청을 원하시는 학생은 독어독문학과 메일(gerlan@ssu.ac.kr)로 다음과 같이 기입하여 보내주시기 바랍니다.
생년월일 :
한글이름 :
여권상 영문이름 :
출생지(영문) :
거주지(영문) :
휴대폰번호 :
*5명 이상 신청하면 단체접수 진행합니다.  5명 이상 모이지 않을 경우 신청자에게 개별적으로 연락드리겠습니다."
german_language,[공지] 2021학년도 보훔대학교 교환학생 최종선발 안내,N/A,2021-04-13,https://gerlan.ssu.ac.kr/%ed%95%99%ea%b3%bc%ec%82%ac%eb%ac%b4%ec%8b%a4%ec%95%8c%eb%a6%bc/%ea%b3%b5%ec%a7%80%ec%82%ac%ed%95%ad/?term_id&slug=2577,"2021학년도 보훔대학교 교환학생
최종 합격자 없습니다."
german_language,[공지] 2021-1학기 졸업논문 및 졸업심사자료 제출 안내,N/A,2021-04-13,https://gerlan.ssu.ac.kr/%ed%95%99%ea%b3%bc%ec%82%ac%eb%ac%b4%ec%8b%a4%ec%95%8c%eb%a6%bc/%ea%b3%b5%ec%a7%80%ec%82%ac%ed%95%ad/?term_id&slug=2579,"1. 제출기한 : 2021년 06월 13일 (일) 18:00
2. 제출장소 : 독어독문학과 사무실(조만식 642호) / 독어독문학과 이메일 gerlan@ssu.ac.kr
3. 대상자
– 졸업논문계획서를 제출한 졸업예정자(아래 참조)
가) 8학기 및 127학점 이상 취득 예상 재학생 혹은 수료생인 졸업예정자
나) 6~7학기 재학 중인 조기졸업 승인된 졸업예정자
다) 7학기 이수중인 학·석사 연계과정 승인된 졸업예정자
4. 논문양식
– 분량 : A4 20장 이상
– 글자크기 : 11
– 행간 : 180
– 폭, 여백은 편집하지 말 것
5. 어학자격증 대체자, 번역 대체자 또한 기간 내 제출해야함
6. 관련 문의는 독어독문학과 사무실로 해주시기 바랍니다.(02-820-0350)"
german_language,[공지] (수정) 2021-1학기 진로지도 안내,N/A,2021-04-01,https://gerlan.ssu.ac.kr/%ed%95%99%ea%b3%bc%ec%82%ac%eb%ac%b4%ec%8b%a4%ec%95%8c%eb%a6%bc/%ea%b3%b5%ec%a7%80%ec%82%ac%ed%95%ad/?term_id&slug=2549,"2021학년도 1학기 진로지도 안내드립니다.
개별적으로 알려드린 담당 교수님 파일에 상담방식 및 일정을 입력하여 메일로 제출해주시기 바랍니다.
문의사항이 있다면 학과사무실(02-820-0350)로 연락주세요.
4월 7일(수)까지 기한 엄수하여 회신 바랍니다.
*일부 학생들 지도교수님이 변경되었습니다. 파일 수정하여 재업로드하였으니 다시 한 번 확인 부탁드립니다."
german_language,[채용정보] ‘ABInBev Korea 오비맥주’ 2021년 상반기 GMT/SET Summer Intern 모집,N/A,2021-03-29,https://gerlan.ssu.ac.kr/%ed%95%99%ea%b3%bc%ec%82%ac%eb%ac%b4%ec%8b%a4%ec%95%8c%eb%a6%bc/%ea%b3%b5%ec%a7%80%ec%82%ac%ed%95%ad/?term_id&slug=2536,"[서류 접수 기간]
3월 9일(화) ~ 4월 6일(화) 23시59분
올해는 GMT/SET 채용과 관련한 다양한 내용을 확인할 수 있는 Recruiting Page가 오픈되었습니다.
더 자세한 내용을 확인해보세요! 🙂
>
http://www.abinbevkorea-recruit.com"
german_language,"[공지] 2021학년도 국가우수장학금(인문100년, 예술체육비전) 신규장학생 사전신청",N/A,2021-03-26,https://gerlan.ssu.ac.kr/%ed%95%99%ea%b3%bc%ec%82%ac%eb%ac%b4%ec%8b%a4%ec%95%8c%eb%a6%bc/%ea%b3%b5%ec%a7%80%ec%82%ac%ed%95%ad/?term_id&slug=2437,"1. 장학금명 및 선발대상
1) 인문100년
가) 전공탐색유형(정규학기 내 최대 8학기 지원): 인문사회계열 학과(부) 2021학년도 신입생
나) 전공확립유형(정규학기 내 최대 4학기 지원): 인문사회계열 학과(부) 3학년 1학기 재학생
2) 예술체육비전
가) 전공탐색유형(정규학기 내 최대 8학기 지원): 예술 및 체육계열 학과(부) 2021학년도 신입생
나) 전공확립유형(정규학기 내 최대 4학기 지원): 예술 및 체육계열 학과(부) 3학년 1학기 재학생
2. 지원내용
1) Ⅰ유형: 등록금 전액, 생활비 학기당 200만원
2) Ⅱ유형: 등록금 전액
※ 기초생활수급자의 경우 유형에 상관없이 학기당 생활비 200만원 추가 지원
3. 온라인 사전신청기간: 2021.3.17(수) ~ 4.13(화) 18시까지
※ 온라인 사전신청을 우선적으로 진행하며, 한국장학재단에서 배정인원 확정(5월 중) 후 서류제출 및 심사 관련 사항 별도 안내 예정
4. 신청방법: 신청 매뉴얼 참고"
german_language,[공지] 2021-1학기 교수학습혁신센터 학습역량 강화 프로그램 학생 참여 안내,N/A,2021-03-26,https://gerlan.ssu.ac.kr/%ed%95%99%ea%b3%bc%ec%82%ac%eb%ac%b4%ec%8b%a4%ec%95%8c%eb%a6%bc/%ea%b3%b5%ec%a7%80%ec%82%ac%ed%95%ad/?term_id&slug=2434,"1. 모집 중 프로그램 목록(2021.03.19. 기준)
번호
프로그램명
개요
대상
모집 기간
상세안내 및 신청
1
CoRE 튜터링
튜티(Tutee)
전공 교과목 학습역량, 비교과과(어학, 진로·취업 자격증, 공모전 등) 학습역량을 갖춘 1인의 튜터(Tutor)가 해당 학습에 도움이 필요한 3~7인의 튜티(Tutee)와 함께 주 1회 이상 정기적으로 온라인(ZOOM) 협동학습
학부
재학생
~3.28.(일)
https://fun.ssu.ac.kr/ko/program/all/view/1806
2
학습동행
멘티(Mentee)
이전학기 학사경고자(평점평균 1.5미만), 학사경고 위험군 학생(평점평균 1.5이상 2.0미만)이 학습동기 제고, 학교생활 적응, 학습능력 향상 등을 목표로 멘토 학생, 전문 학습코치, 지도교수, 교수학습혁신센터와 한 학기 동행
학부
재학생
~3.21.(수)
https://fun.ssu.ac.kr/ko/program/all/view/1808
3
외국인 학부생 튜터링
튜터(Tutor)
전공 교과목 학습 역량 또는 한국어 글쓰기 지도 능력을 갖춘 1인의 튜터(Tutor)가 해당 학습에 도움이 필요한 4~7인의 외국인 학부생 튜티(Tutee)와 팀을 이루어 주 1~2회 이상 정기적으로 협동학습
학부
재학생
~3.28.(일)
https://fun.ssu.ac.kr/ko/program/all/view/1817
4
또래 학습코치
양성
학습, 정서에 어려움을 겪는 또래 학생 곁에서 공감과 격려를 바탕으로 든든한 지지자가 되어줄 또래 학습코치, 또래 학생이 학습, 학업, 대학생활을 잘 할 수 있도록 도와줄 또래 학습코치를 전문가 교육, 실습 등을 통해 양성
학부
재학생
~3.29.(월)
https://fun.ssu.ac.kr/ko/program/all/view/1818
5
또래 학습코칭
(또래 코치에게 코칭 받기)
우리학교 최고의 또래 코치와 참여학생이 학습, 정서 공감, 대학생활을 함께하는 프로그램. 참여학생과 또래 학습코치는 주 1회 이상 정기적으로 코칭(온라인 ZOOM 또는 오프라인 만남)을 실시
학부
재학생
~3.31.(수)
https://fun.ssu.ac.kr/ko/program/all/view/1819
6
1:1 학습코칭
객원 전문 학습코치와 참여학생이 1:1로 만나 학습진로종합검사, 학습전략검사 결과를 바탕으로 학습전략 수립 및 실천(학생 개별 맞춤형 코칭)
학부
재학생
학기 중
상시
한국인
https://citl.ssu.ac.kr/ko/community/notice/view/2246
중국인
https://citl.ssu.ac.kr/ko/community/notice/view/2247
7
INNO-
SCHOOL
프로젝트
참여학생 간 팀을 이루어 전공 교과 지식을 연계, 융합하여 지역사회 문제를 창의적으로 해결하는 프로그램
학부
재학생
~3.28.(일)
https://fun.ssu.ac.kr/ko/program/all/view/1811
8
학습법
워크숍
1차
“로망의 대학생활, 벚꽃 스타트” (새내기 학습동기 강화 특강)
학부
재학생
학기 중
상시
https://fun.ssu.ac.kr/ko/program/all/view/1820
2차
“비대면 상황에서의 효과적인 자기주도 학습전략” (목표/시간관리법 특강)
학부
재학생
학기 중
상시
https://fun.ssu.ac.kr/ko/program/all/view/1822"
german_language,[공지] 2021-1학기 졸업논문계획서 제출 안내,N/A,2021-03-24,https://gerlan.ssu.ac.kr/%ed%95%99%ea%b3%bc%ec%82%ac%eb%ac%b4%ec%8b%a4%ec%95%8c%eb%a6%bc/%ea%b3%b5%ec%a7%80%ec%82%ac%ed%95%ad/?term_id&slug=2424,"1. 제출기한 : 2021년 04월 14일(수) 17:00
2. 제출장소 : 독어독문학과 사무실(조만식 642호) 또는 독어독문학과 이메일 gerlan@ssu.ac.kr
3. 대상자
– 7학기 이상 이수중인 재학생
– 수료생 전체
4. 작성방법
– ‘담당교수’란 기입하지 말 것
– ZD, 번역 대체자도 논문계획서를 작성해야 함   (예시 : zd b1 대체 / 번역 작품 *** 대체)
– 양식은 첨부파일 확인
*번역 대체의 경우 담당 교수님에게 번역할 텍스트를 받아서 번역하므로, 학과 조교에게 미리 문의하기 바랍니다."
german_language,[공지] (신청기간변경) 2021년 보훔대학교 교환학생 선발 및 독일 현지 여름학교 관련 안내,N/A,2021-03-23,https://gerlan.ssu.ac.kr/%ed%95%99%ea%b3%bc%ec%82%ac%eb%ac%b4%ec%8b%a4%ec%95%8c%eb%a6%bc/%ea%b3%b5%ec%a7%80%ec%82%ac%ed%95%ad/?term_id&slug=2405,"1. 독일 보훔대학교 교환학생 선발
•
신청기간 : 2021년 4월 08일(목) ~ 13일(화) 17:00까지
•
신청대상 : 독어독문학과 학부생 (휴학생 포함)
•
선발인원 : 2명
•
제출서류
– 자기계획서(국문1부/ 지원동기와 학업계획 포함/ A4용지 2~3장 내외)
– 성적증명서(국문1부)
– 독일어국제공인어학증명서(ZD, TestDaf/ 취득자에 한함)
•
파견기간 : 1년 (2021년 9월~2022년 8월)
•
제출방법 : 독어독문학과 이메일 (gerlan@ssu.ac.kr)
•
선발방법 : 서류심사 (코로나19사태로 대면면접 생략)
•
참고사항
– 3학년 1학기 재학생까지 신청가능 (3학년 2학기 재학생부터 신청불가)
– 코로나19사태 관련 상황에 따라 교환학생 선발 후 파견이 유보 또는 취소될 수도 있음
2. 독일 현지 여름학교 어학연수
코로나 19 사태로 인하여 여름학교(Sommerschule)는 지원자를 선발하지 않습니다."
german_language,[공지] 2021학년도 1학기 교내장학금 신청 안내,N/A,2021-03-09,https://gerlan.ssu.ac.kr/%ed%95%99%ea%b3%bc%ec%82%ac%eb%ac%b4%ec%8b%a4%ec%95%8c%eb%a6%bc/%ea%b3%b5%ec%a7%80%ec%82%ac%ed%95%ad/?term_id&slug=2395,"2021학년도 1학기 교내장학금 신청 안내
1) 신청대상: 신·편입생, 재입학생, 복학생, 재학생
2) 자격요건
가) 2021-1학기 국가장학금을 신청하고 서류제출(가구원 동의 포함)을 완료한 자
나) 2021-1학기 신입생, 편입생, 복학생, 재입학생, 재학생으로 등록금 납부 예정인 자
※ 2021-1학기 전 등록휴학 후 복학생은 모든 장학금 선발에서 제외(등록대체)
※ 미등록, 입학취소, 복학취소 등으로 인한 학적변동 시 모든 장학금 취소
다) 직전학기 15학점 이상 이수한 자
※ 2021-1학기가 마지막 정규학기인 경우 직전학기 12학점 이상
라) 등록 8학기 이내인자(건축학과 건축학전공: 등록 10학기 이내인 자)
3) 온라인신청 및 서류제출기간: 2021.03.02(화) 10:00 ~ 2021.03.16(화) 17:00
4) 신청방법: 온라인 신청(유세인트 로그인 – 등록/장학 – 장학 – 장학금 신청)
※ 자세한 사항은 숭실대학교 홈페이지 ‘장학’ 공지사항을 참고하여 주시기 바랍니다."
german_language,[공지] 2021학년도 1학기 국가장학금 2차 신청 안내,N/A,2021-03-09,https://gerlan.ssu.ac.kr/%ed%95%99%ea%b3%bc%ec%82%ac%eb%ac%b4%ec%8b%a4%ec%95%8c%eb%a6%bc/%ea%b3%b5%ec%a7%80%ec%82%ac%ed%95%ad/?term_id&slug=2393,"2021학년도 1학기 국가장학금 2차 신청 안내
1) 신청대상:  신·편입생, 재입학생, 복학생, 1차 미신청 재학생＊
＊재학생은 1차 신청이 원칙이나, 재학 중 2회의 한하여 구제신청서에 공인인증서 서명완료 시 재심사 후 지원가능
2) 신청기간: 2021.02.03(수) ~ 2021.03.16(화) 18시까지
3) 신청방법: 한국장학재단 홈페이지 및 모바일 앱에서 신청 가능
4) 문의처: 한국장학재단 콜센터 1599-2000
※ 국가장학금 신청한 학생에 한하여 교내장학금 수혜 가능합니다.
※ 자세한 사항은 숭실대학교 홈페이지 ‘장학’ 공지사항을 참고하여 주시기 바랍니다."
german_language,[공지] 숭실대학교 유튜브 채널 안내,N/A,2021-03-09,https://gerlan.ssu.ac.kr/%ed%95%99%ea%b3%bc%ec%82%ac%eb%ac%b4%ec%8b%a4%ec%95%8c%eb%a6%bc/%ea%b3%b5%ec%a7%80%ec%82%ac%ed%95%ad/?term_id&slug=2389,"유튜브 <숭실대학교TV> 채널 안내드립니다.
학교 제도 및 생활과 관련한 영상을 제공합니다. 학과 및 부서에서 제작한 영상을 업로드하고 있으니, 특히 2021년 신입생들은 많은 활용 바랍니다.
http://www.youtube.com/숭실대학교TV"
german_language,[채용정보] 한독상공회의소 에너지 프로젝트 서포트 직원 (대리) 모집 공고,N/A,2021-03-09,https://gerlan.ssu.ac.kr/%ed%95%99%ea%b3%bc%ec%82%ac%eb%ac%b4%ec%8b%a4%ec%95%8c%eb%a6%bc/%ea%b3%b5%ec%a7%80%ec%82%ac%ed%95%ad/?term_id&slug=2382,"<요약>
모집 기간
: 3월 9일~16일
업무 기간
: 2021년 4월 ~ 2122년 2월 말 (프로젝트 상황에 따라 연장 또는 정규직 전환 가능)
직무 역량
: 영어 및 독일어 구사 가능자
업무 내용
: 독일 연방경제에너지부에서 주최 및 지원하는 프로젝트 계획 및 수행, 한-독 에너지 파트너쉽 관련 프로젝트 계획 및 수행
(자세한 내용은 링크 참조 :
https://korea.ahk.de/schwerpunkte/energieprojekte
)
대략적인 내용을 공지하오니, 관심있는 학생들은 독문과 사무실로 문의해주시면 보다 상세한 내용을 안내해드리겠습니다."
german_language,[채용정보] 주독일대사관 행정직원 채용 공지,N/A,2021-01-29,https://gerlan.ssu.ac.kr/%ed%95%99%ea%b3%bc%ec%82%ac%eb%ac%b4%ec%8b%a4%ec%95%8c%eb%a6%bc/%ea%b3%b5%ec%a7%80%ec%82%ac%ed%95%ad/?term_id&slug=2376,"주독일대사관에서 일반직 행정직원을 채용한다고 합니다.
자세한 안내 사항은 아래 링크에서 확인바랍니다.
http://overseas.mofa.go.kr/de-ko/brd/m_7200/view.do?seq=1343950&srchFr=&srchTo=&srchWord=&srchTp=&multi_itm_seq=0&itm_seq_1=0&itm_seq_2=0&company_cd=&company_nm=&page=1"
german_language,[공지] 2021학년도 1학기 학과근로장학생 선발 안내,N/A,2021-01-19,https://gerlan.ssu.ac.kr/%ed%95%99%ea%b3%bc%ec%82%ac%eb%ac%b4%ec%8b%a4%ec%95%8c%eb%a6%bc/%ea%b3%b5%ec%a7%80%ec%82%ac%ed%95%ad/?term_id&slug=2368,"2021학년도 1학기 학과근로장학생 선발을 다음과 같이 실시함을 안내합니다.
1. 근로장학생 자격 및 선발기준
가. 2021학년도 1학기 국가장학금을
1차
신청하고 소득분위가 8분위 이내인 자
※ 국가장학금을 신청할 수 없는 대한민국 국적 미소지자도 선발 가능
(단, 순수외국인전형으로 입학한 외국인 유학생은 선발 불가)
나. 2021학년도 1학기 재학 및 복학예정자로 해당학기 등록금 납부 예정인 자
1) 2021학년도 1학기 전 등록휴학 후 복학시 선발 불가(등록대체자)
2) 학기 중 미등록, 입학취소, 복학취소 등으로 인한 학적변동시 모든 장학금 취소
3) 2021학년도 1학기 기준 이수학기가 2~7학기만 가능(1학기 및 8학기 신청 불가)
다. 직전학기 취득학점 및 학업성적 제한 없음
라. 타 장학금과 중복수혜 가능(근로장학금 간 중복 불가)
※ 본 장학금은 학업장려비 지원 목적으로 등록금(입학금 및 수업료)를 초과하여 지급
마. 학과별 배정인원 내에서 학과근로A 또는 B 타입 학과 자율선발 가능
(예: 학과근로B 2명 = 학과근로A 1명)
바. 국가근로장학생 및 교내근로장학생에 선발되지 않은 자
2. 유의사항
가. 선발된 학생은 소속부서에서 지정된 근로시간 동안 근무해야 하며, 학기 중 학적변동(휴학, 자퇴, 제적 등) 등 불가피한 사유가 인정되는 중도 포기 시 근로한 시간만 장학금 지급
나. 2021년 7월 말 근로평가 전까지 교체 가능 (단, 교체 전 학생의 근로시간을 차감)
※ 근로 중도교체 및 중단 시 장학팀으로 연락 요망
다. 교체 전·후 학생 모두 근로평가 실시
3. 근로시간 및 장학금액
장학금명
시간당 장학금액
총 근로시간(학기)
1인당 장학금액(원)
학과근로A
8,750원
10시간*20주=200시간
1,750,000
학과근로B
8,750원
5시간*20주=100시간
875,000
4. 행정사항
가. 학생신청방법: u-SAINT포털→등록/장학→근로장학금 신청→지원서 출력/제출
나. 온라인신청 및 서류제출기간: 2021년 1월 18일(월) 10:00 ~ 1월 29일(금) 17:00
1) 제출서류: 지원서 (u-SAINT 출력본, 본인서명 필수)
2) 제출장소: 교내근로(장학팀), 학과근로 (독어독문학과사무실 조만식 642호)"
german_language,[공지] ZD B2(2021.02.26-27) 단체 접수,N/A,2021-01-14,https://gerlan.ssu.ac.kr/%ed%95%99%ea%b3%bc%ec%82%ac%eb%ac%b4%ec%8b%a4%ec%95%8c%eb%a6%bc/%ea%b3%b5%ec%a7%80%ec%82%ac%ed%95%ad/?term_id&slug=2364,"[단체 접수]
2월 26-27일에 실시되는 ZD B2 단체 접수 신청을 받습니다.
1월 16일(토요일)
까지 신청 받겠습니다.
5명 이상 신청하면 단체접수 진행합니다.  5명 이상 모이지 않을 경우, 신청자에게 개인적으로 연락드리겠습니다.
신청을 원하시는 학생은 독어독문학과 메일(gerlan@ssu.ac.kr)로 다음과 같이 기입하여 보내주시기 바랍니다.
생년월일 :
한글이름 :
여권상 영문이름 :
출생지(영문) :
거주지(영문) :
휴대폰번호 :"
german_language,[안내] 2021-1학기 백마성적우수장학금 선발 기준,N/A,2021-01-13,https://gerlan.ssu.ac.kr/%ed%95%99%ea%b3%bc%ec%82%ac%eb%ac%b4%ec%8b%a4%ec%95%8c%eb%a6%bc/%ea%b3%b5%ec%a7%80%ec%82%ac%ed%95%ad/?term_id&slug=2356,"<백마성적우수장학생 기본 자격요건 >
가. 2021학년도 1학기 국가장학금을 신청하여 소득분위 조회가 가능한 자
1) 1차 신청자에 한하여 등록금고지서 사전감면
2) 1차 미신청자 : 2차 신청/서류제출/구제신청 확인 후 사후지급
(2차 신청자 중 한국장학재단 구제신청기간에 구제신청 시 사후지급)
3) 국가장학금을 신청할 수 없는 대한민국 국적 미소지자도 선발 가능
(단, 순수외국인전형으로 입학한 외국인유학생은 선발 불가)
나. 2021학년도 1학기 재학 및 복학예정자로 해당학기 등록금 납부 예정인 자
1) 2021학년도 1학기 前등록휴학 후 복학시 선발대상에서 제외 (등록대체자)
2) 학기 중 미등록, 입학취소, 복학취소 등으로 인한 학적변동시 모든 장학금 취소
3) 선발 후, 학기 중 휴학 시 백마성적우수장학금은 복학학기로 이월
※ 추가 또는 교체선발 시 재학 중인 학생만 선발 (휴학생에 대한 추가/교체 불가)
다. 직전학기 15학점 이상 이수한 자 (졸업 직전학기는 직전학기 12학점 이상)
라. 등록학기가 8학기 이내인 자 (건축학전공: 등록 10학기 이내인 자)
마. F학점 포함 학적부성적 기준 직전학기 3.5 이상인 자
바. 모든 교내장학금간 중복수혜 불가
1) 신청장학금 중 수혜금액이 큰 장학금 자동선발
2) 중복수혜 가능 장학금: 국가장학금, 교외장학금, 학업장려비 지원 목적 장학금 등
<독어독문학과 선발 기준>
– 백마성적우수장학생 기본 자격요건에 부합하는 학생
– 학년에 상관없이 전체 평점평균 순으로 배정 (평점평균 동점시 평점계, 평점계도 동점시 산술평균 순)"
german_language,[공지] ZD B1(2021.01.27-28) 단체 접수 및 현희교수님 특강 안내,N/A,2020-12-16,https://gerlan.ssu.ac.kr/%ed%95%99%ea%b3%bc%ec%82%ac%eb%ac%b4%ec%8b%a4%ec%95%8c%eb%a6%bc/%ea%b3%b5%ec%a7%80%ec%82%ac%ed%95%ad/?term_id&slug=2352,"[단체 접수]
2021년 1월 27-28일에 실시되는 ZD B1 단체 접수 신청을 받습니다.
5명 이상 모일 경우 단체접수 진행합니다. 코로나 상황으로 인해 선착순으로 응시 정원을 제한한다고 합니다. 빠른 접수를 위해
12월 19일(토요일)
까지 신청 받겠습니다. 5명 이상 모이지 않을 경우, 신청자에게 개인적으로 연락드리겠습니다.
신청을 원하시는 학생은 독어독문학과 메일(gerlan@ssu.ac.kr)로 다음과 같이 기입하여 보내주시기 바랍니다.
생년월일 :
한글이름 :
여권상 영문이름 :
출생지(영문) :
거주지(영문) :
휴대폰번호 :
[현희 교수님 특강]
ZD B1 시험을 응시하고자 하는 학생에 한해서 현희 교수님 특강을 열 예정입니다. 특강을 희망하는 학생은 독어독문학과 메일 (gerlan@ssu.ac.kr)로 이름, 학번, 휴대폰번호를 기입하여 신청해주세요."
german_language,[공지] ‘숭실대 독어독문학과 학술 대회’ 결과 안내,N/A,2020-11-30,https://gerlan.ssu.ac.kr/%ed%95%99%ea%b3%bc%ec%82%ac%eb%ac%b4%ec%8b%a4%ec%95%8c%eb%a6%bc/%ea%b3%b5%ec%a7%80%ec%82%ac%ed%95%ad/?term_id&slug=2348,"‘숭실대 독어독문학과 학술 대회’ 수상자 입니다.
[최우수]
2013**** 이*욱
2020**** 윤*혁
[우수]
2019**** 최*윤
2020**** 이*림
[장려]
2020**** 정*해
2020**** 이*담
*심사 결과에 따라 최우수2명(각 30만원), 우수2명(각20만원), 장려2명(각 10만원) 시상하는 것으로 변경되었습니다.
*수상금 지급까지  2-3주 소요됩니다."
german_language,[공지] 숭실대 독어독문학과 학술 대회 안내,N/A,2020-11-09,https://gerlan.ssu.ac.kr/%ed%95%99%ea%b3%bc%ec%82%ac%eb%ac%b4%ec%8b%a4%ec%95%8c%eb%a6%bc/%ea%b3%b5%ec%a7%80%ec%82%ac%ed%95%ad/?term_id&slug=2298,"숭실대학교 독어독문학과 학술 대회
‘독일, 어디까지 알고있니?’
1. 대회 목표
– 독일과 관련된 지식 및 이해를 심화시킨다.
– 발표 능력과 자신감을 향상시킨다.
2.
참가자 자격
: 독어독문학과 재학생(휴학생, 수료생, 기졸업생 불가)
3.
대회 개요
* 발표 주제 : 독일의 언어, 문학, 문화, 사회, 정치,
경제, 통일, 교육 등과 관련된 주제
* 발표 언어 : 한국어
* 발표 시간 : 8~10분
* 심사 기준 : 내용의 정확성 / PPT 등 발표자료의 적절성 / 창의성 / 적절한 구성 / 논리적이고 이해하기 쉬운 전달력 / 자신감 있는 태도 / 발표 시간 준수
4. 대회 일정
* 참가 신청 : 11월 9일(월) 09:00 ~ 11월 23일(월) 23:45
*
비대면 Zoom 발표 : 11월 25일(수) 17:00 ~
(학과생 모두 시청 가능 / 대회 녹화 예정 / 종료시간은 참가자 인원에 따라 상이)
* 교수 심사 : 11월 26일(목) 09:00 ~ 12월 2일(수) 15:00
* 결과 발표 : 12월 2일(수) 예정
※ 일정은 진행상황에 따라 변경될 수도 있습니다.
5. 제출서류
5-1. 학술 대회 지원서(첨부파일 양식 준수, 주제 선정 동기 반드시 작성)
5-2. 학술 대회 녹화본 사용 동의서(첨부파일 양식 준수)
5-3. 개인정보수집이용동의서(첨부파일 양식 준수)
※
펀시스템
으로 제출해주세요.
6.
시상 규모 및 결과 발표(중요)
* 투트랙 심사 : 심사의 공정성을 위하여 1학년 트랙을 따로 설정하여 심사한다. 최우수는 전체 학년에서 선발하고,
우수와 장려는 1학년 학생과 그 외 학생으로 나누어 심사한다.
* 시상 규모 : 최우수 300,000원 – 1명
우수 각 200,000원 – 3명 (1학년 1명/ 그 외 학년 2명)
장려 각 100,000원 – 3명 (1학년 1명/ 그 외 학년 2명)
* 결과 공지 : 학과 재학생 오픈카카오방, 독어독문학과 SNS계정, 개인 연락
* 수상 일정 : 12월 2일(수) 이후
* 최우수작 발표 : 최우수상을 수상한 참가자의 발표 영상은 학과 구성원들에게 공개될 예정입니다.
차후 개최될 학술 대회의 좋은 표본으로 삼기 위함입니다.
7. 기타 안내사항
* 참여자 퀴즈 : 대회를 시청해주시는 분들을 위해 퀴즈를 준비했습니다. 답을 맞추신 분들은 다양한 상품을 받아가실 수 있습니다.
독문과 사무실에서 수령하실 수 있으며 대리 수령도 가능합니다. 대회에 참가하지 않더라도 많은 시청 부탁드립니다.
(상품 : 스타벅스 텀블러, 블루투스 스피커, 보드게임 등, 변동 가능)
* 참가상 : 수상하지 못한 참가자 모두에게 소정의 상품이 있습니다.
(‘로고 공모전’, ‘독일어 말하기 대회’, ‘숭실대학교 독어독문학과 학술 대회’ 모두 해당, 단 중복 지급은 없음)
* 중복 지원 불가 : ‘로고 공모전’이나 ‘독일어 말하기 대회’에서 수상한 사람은 지원할 수 없습니다.
준비된 상금이 최대한 많은 학생들에게 돌아가기 위함입니다. 양해 부탁드립니다.
8. 공모전 참가 주의사항
– 펀시스템 신청(참가 전)과 만족도 조사(참가 후)는 필수입니다. 미협조시 공모전 참가에 제한이 있을 수 있습니다.
(펀시스템 링크 :
https://fun.ssu.ac.kr/ko/program/all/view/1686
)
– 첨부해야 할 서류와 서류별 제출처를 꼼꼼히 확인한 후 제출 바랍니다. 서류 미비로 인한 불이익은 본인의 책임입니다.
– 메일 시스템상 간혹 스팸메일로 분류되어 자동 삭제되는 경우가 있습니다. 참가 서류 제출 후 메일 수신확인을 해주시기 바랍니다.
수신확인이 되지 않은 경우에는 사무실로 연락 주세요.
– 개인 정보는 정확하게 작성해 주시기 바랍니다. (본인 확인을 위함)
– 이 외에도 문의사항이 있을 시에는 독어독문학과 사무실(02-820-0350)으로 연락 주세요.
※ 학과 사무실 운영시간 : 09:00~17:30(점심시간 : 12:20~13:20)"
german_language,[공지] 독일어 말하기 대회 결과 안내,N/A,2020-11-09,https://gerlan.ssu.ac.kr/%ed%95%99%ea%b3%bc%ec%82%ac%eb%ac%b4%ec%8b%a4%ec%95%8c%eb%a6%bc/%ea%b3%b5%ec%a7%80%ec%82%ac%ed%95%ad/?term_id&slug=2294,"‘독일어 말하기 대회’ 수상자 입니다.
[최우수]
2014**** 서*욱
[우수]
2020**** 최*석
2019**** 박*진
2019**** 임*연
[장려]
2020**** 조*찬
2016**** 유*형
2019**** 정*훈"
german_language,[공지] 현희교수님 ZD B2 특강 안내,N/A,2020-11-04,https://gerlan.ssu.ac.kr/%ed%95%99%ea%b3%bc%ec%82%ac%eb%ac%b4%ec%8b%a4%ec%95%8c%eb%a6%bc/%ea%b3%b5%ec%a7%80%ec%82%ac%ed%95%ad/?term_id&slug=2288,"‘B2 디지털 시험’ 대비 현희 교수님 특강이 있습니다.
12월 4일에 실시되는 ‘B2 디지털 시험’에 응시하려는 학생 대상입니다.
특강을 희망하는 학생은 독어독문학과 메일로 이름, 학번, 이메일을 기입하여 신청해주세요.
**독어독문학과 이메일 : gerlan@ssu.ac.kr
**ZD B2 디지털 시험 접수 기간 : 11월 9일 오전 10시 – 11월 12일 밤 12시
선착순으로 마감될 수 있다고 하니 접수에 신경써주시기 바랍니다."
german_language,[공지] 12월 ZD B1 단체 접수 및 현희교수님 ZD B1 특강 안내,N/A,2020-10-19,https://gerlan.ssu.ac.kr/%ed%95%99%ea%b3%bc%ec%82%ac%eb%ac%b4%ec%8b%a4%ec%95%8c%eb%a6%bc/%ea%b3%b5%ec%a7%80%ec%82%ac%ed%95%ad/?term_id&slug=2279,"[단체 접수]
12월에 실시되는 ZD B1 단체 접수 신청을 받습니다.
신청을 원하시는 학생은 독어독문과 메일(gerlan@ssu.ac.kr)로 다음과 같이 기입하여 보내주시기 바랍니다.
생년월일 : 1996.12.25.
한글이름 : 김미소
여권상 영문이름 : KIM MISO
출생지(영문) : SEOUL
거주지(영문) : SEOUL
휴대폰번호 : 010-XXXX-XXXX
[현희 교수님 특강]
ZD B1 시험을 응시하고자 하는 학생에 한해서 현희 교수님 특강을 열 예정입니다. 특강을 희망하는 학생은 독어독문과 메일 (gerlan@ssu.ac.kr)로 이름, 학번, 이메일을 기입하여 신청해 주시기 바랍니다. 11월부터 시작합니다. 서둘러 신청해주세요.
(ZD B1 시험 일정)
시험신청기간 : 11월 23일 – 11월 26일
필기시험 : 12월 18일 10시
구두시험 : 12월 19일 9시"
german_language,[공지] 2020-2 진로지도 안내(남정애 교수님),N/A,2020-10-06,https://gerlan.ssu.ac.kr/%ed%95%99%ea%b3%bc%ec%82%ac%eb%ac%b4%ec%8b%a4%ec%95%8c%eb%a6%bc/%ea%b3%b5%ec%a7%80%ec%82%ac%ed%95%ad/?term_id&slug=2229,"2020학년도 2학기 남정애 교수님의 진로지도 담당 학생들을 위한 공지사항입니다.
첨부된 파일 확인 후 기한 엄수하여 회신 바랍니다. (10월 14일 수요일)"
german_language,[공지] 2020-2 진로지도 안내(김대권 교수님),N/A,2020-10-06,https://gerlan.ssu.ac.kr/%ed%95%99%ea%b3%bc%ec%82%ac%eb%ac%b4%ec%8b%a4%ec%95%8c%eb%a6%bc/%ea%b3%b5%ec%a7%80%ec%82%ac%ed%95%ad/?term_id&slug=2225,"2020학년도 2학기 김대권 교수님의 진로지도 담당 학생들을 위한 공지사항입니다.
첨부된 파일 확인 후 기한 엄수하여 회신 바랍니다. (10월 14일 수요일)"
german_language,[공지] 2020-2 진로지도 안내(이재호 교수님),N/A,2020-10-06,https://gerlan.ssu.ac.kr/%ed%95%99%ea%b3%bc%ec%82%ac%eb%ac%b4%ec%8b%a4%ec%95%8c%eb%a6%bc/%ea%b3%b5%ec%a7%80%ec%82%ac%ed%95%ad/?term_id&slug=2219,"2020학년도 2학기 이재호 교수님의 진로지도 담당 학생들을 위한 공지사항입니다.
첨부된 파일 확인 후 기한 엄수하여 회신 바랍니다. (10월 14일 수요일)"
german_language,[공지] 독일어 말하기 대회 안내,N/A,2020-10-04,https://gerlan.ssu.ac.kr/%ed%95%99%ea%b3%bc%ec%82%ac%eb%ac%b4%ec%8b%a4%ec%95%8c%eb%a6%bc/%ea%b3%b5%ec%a7%80%ec%82%ac%ed%95%ad/?term_id&slug=2196,"독일어 말하기 대회
숨겨왔던 독일어 실력을 마음껏 뽐내주세요!
1. 대회 목표
– 의사소통 중심의 독일어 구사 능력을 증진시킨다.
– 독일에 관련된 다양한 주제를 스스로 탐색해보고 깊이 있게 다뤄봄으로써 논리적 사고를 기른다.
2. 참가 자격 :
독어독문학과 재학생(휴학생, 수료생, 기졸업생 불가)
3. 대회 개요
* 발표 내용 : 시 낭송, 노래, 연극 대본(짧은 콩트), 연설 등 장르에 관계없이 독일어로 5~10분가량 자유롭게 발표
* 심사 기준 : 정확한 발음과 억양 / 적절한 어휘, 문법, 문장의 구사 / 효과적인 내용전달과 자신감 있는 태도
4. 대회 일정
* 참가 신청 : 10월 5일(월) 09:00 ~ 10월 26일(월) 23:45
* 비대면 Zoom 발표 : 10월 28일(수) 17:00 ~
(참가자 전원 참여 / Zoom 링크 개별 안내 / 대회 녹화 예정 / 종료시간은 참가자 인원에 따라 상이)
* 교수 심사 : 10월 29일(목) 09:00 ~ 11월 4일(수) 15:00
* 결과 발표 : 11월 4일(수) 예정
※ 일정은 진행상황에 따라 변경될 수도 있습니다.
5. 제출서류(*서류별 제출처 상이)
5-1. 말하기 원고(대본 참고하여 심사할 예정입니다. 반드시 최종본 제출 바라며 제출 후 수정은 지양해주십시오.)→학과메일로 제출
5-2. 독일어 말하기 대회 지원서(첨부파일 양식 준수)→펀시스템 제출
5-3. 독일어 말하기 대회 녹화본 사용 동의서(첨부파일 양식 준수/펀시스템 정보수집이용동의서와 별도)→펀시스템 제출
5-4. 개인정보수집이용동의서(첨부파일 양식 준수/펀시스템 정보수집이용동의서와 별도)→펀시스템 제출
6. 시상 규모 및 결과 발표(중요)
* 투트랙 심사 : 심사의 공정성을 위하여 1학년 트랙을 따로 설정하여 심사한다. 최우수는 전체 학년에서 선발토록 하고,
우수와 장려는 1학년 학생과 그 외 학생으로 나누어 심사한다.
* 시상 규모 : 최우수 300,000원(전체 학년-1명)
우수 각 200,000원(1학년-1명/그 외 학년-2명)
장려 각 100,000원(1학년-1명/그 외 학년-2명)
* 결과 공지 : 학과 재학생 오픈카카오방, 독어독문학과 SNS계정, 개인연락
* 수상 일정 : 11월 4일(수) 이후
* 최우수작 발표 : 최우수상을 수상한 말하기 대회 참가자의 발표영상은 학과 구성원들에게 공개될 예정입니다.
차후 개최될 독일어 말하기 대회의 좋은 표본으로 삼기 위함입니다.
7. 공모전 참가 주의사항
– 펀시스템 등록(참가 전)과 만족도 조사(참가 후)는 필수입니다. 미협조시 공모전 참가에 제한이 있을 수 있습니다.
(fun.ssu.ac.kr 접속 후 ‘독일어 말하기 대회’ 검색)
–
첨부해야 할 서류와 서류별 제출처를 꼼꼼히 확인한 후 제출 바랍니다.
서류 미비로 인한 불이익은 본인의 책임입니다.
– 메일 시스템상 간혹 스팸메일로 분류되어 자동 삭제되는 경우가 있습니다. 참가 서류 제출 후 메일 수신확인을 해주시기 바랍니다. 수신확인이 되지 않은 경우에는 사무실로 연락 주세요.
– 개인 정보는 정확하게 작성해 주시기 바랍니다. (본인 확인을 위함)
– 이 외에도 문의사항이 있을 시에는 독어독문학과 사무실(02-820-0350)으로 연락 주세요.
※ 학과 사무실 운영시간 : 09:00~17:30(점심시간 : 12:20~13:20)"
german_language,[공지] 독어독문학과 로고 공모전 결과 안내,N/A,2020-09-29,https://gerlan.ssu.ac.kr/%ed%95%99%ea%b3%bc%ec%82%ac%eb%ac%b4%ec%8b%a4%ec%95%8c%eb%a6%bc/%ea%b3%b5%ec%a7%80%ec%82%ac%ed%95%ad/?term_id&slug=2186,"성공리에 진행된 독어독문학과 로고 공모전 결과를 아래와 같이 안내합니다.
예상보다 많은 학우들이 로고를 제작하여 보내주셨으며 전문가가 아님에도 불구하고 훌륭한 작품들이었다는 것이 학과 구성원들의 공통된 의견입니다.
다만, 한정된 예산으로 인해 모두를 선발하지 못함이 유감이며 참가해주신 모든 지원자분들에게 진심으로 감사의 말씀을 전합니다.
비록 이번 공모전에서 원하시는 결과를 얻지 못하셨더라도 앞으로 진행될 ‘독일어 말하기 대회’와 ‘독일 학술대회’ 공모전의 기회가 남아있으니 많은 관심과 참여 부탁드립니다.
수상작은 9월 24일~9월 25일 진행되었던 학생 투표 결과에 따라 최다득표한 세 작품을 9월 28일~9월 29일 진행된 교수 심사를 통해 선정되었습니다. (학생 투표를 통해 선정된 세 작품의 득표수와 지원자 인적사항은 모두 블라인드 처리 되었음을 명시합니다.)
학생투표를 통해 결정된 세 로고에 대하여 교수 심사는 아래와 같은 기준으로 이루어졌습니다.
1. 숭실대학교 독어독문학과를 명시한 표기가 적절한가
2. 독일 독수리 문장을 정확하게 반영하였는가
3. 로고를 독창성있게 표현하였는가
4. 로고로서의 활용도가 높은가
수상자들은 아래와 같습니다.
최우수작 : 로고 7
수상자 : 2016**** 정*우
가작 : 로고 2
수상자 : 2019**** 김*원
가작 : 로고 3
수상자 : 2016****서*현
수상자들에게 축하의 말을 전하며 시상과 같은 후속 절차는 개인적으로 안내할 예정입니다.
비고  1. 안내했던 바와 같이 로고의 저작권은 독어독문학과에 귀속됨을 알려드리며 학과 점퍼 및 학과 깃발 등에는 논의를 거친 후 활용됩니다.            2. 선정된 로고에서 발견된 오류사항이나 개선할 부분은 로고 제작자와의 협의 하에 수정될 수 있습니다."
german_language,[공지] 2020-2 졸업논문 제출 안내,N/A,2020-09-24,https://gerlan.ssu.ac.kr/%ed%95%99%ea%b3%bc%ec%82%ac%eb%ac%b4%ec%8b%a4%ec%95%8c%eb%a6%bc/%ea%b3%b5%ec%a7%80%ec%82%ac%ed%95%ad/?term_id&slug=2177,"1. 제출기한 : 2020년 12월 6일 (일) 18:00
2. 제출장소 : 독어독문학과 사무실(조만식 642호) / 독어독문학과 이메일 gerlan@ssu.ac.kr
3. 대상자
– 논문계획서를 제출한 8학기 이상 이수자 혹은 졸업논문계획서를 제출한 학생
(수료자의 경우, 졸업예정자 등록 신청이 필요)
– 논문계획서를 아직 제출하지 않은 졸업희망 학생은 11월13일(금)까지 꼭 제출하기 바람
4. 논문양식
– 분량 : A4 20장 이상
– 글자크기 : 11
– 행간 : 180
– 폭, 여백은 편집하지 말 것
5. 어학자격증(ZD,Tels,Test Daf) 대체자 , 번역 대체자 또한 기간 내 제출해야함
6. 관련 문의는 독어독문학과 사무실로 해주시기 바랍니다.(02-820-0350)"
german_language,[모집 마감] 한독상공회의소 에너지 프로젝트 서포트 인턴 모집,N/A,2020-09-16,https://gerlan.ssu.ac.kr/%ed%95%99%ea%b3%bc%ec%82%ac%eb%ac%b4%ec%8b%a4%ec%95%8c%eb%a6%bc/%ea%b3%b5%ec%a7%80%ec%82%ac%ed%95%ad/?term_id&slug=1810,"한독상공회의소에서 에너지프로젝트 부분의 인턴을 모집 중입니다.
기간 : 10월 5일~12월 (기본 3개월, 연장가능)
직무 역량 : 영어 및 독일어 구사 가능자
인턴쉽 내용 : 독일 연방경제에너지부에서 주최 및 지원하는 프로젝트 계획 및 수행, 한-독 에너지 파트너쉽 관련 프로젝트 계획 및 수행, 에너지관련 전시회 서포트
대략적인 인턴쉽 내용을 공지하오니, 관심있는 학생들은 독문과 사무실로 문의해주시면 보다 상세한 내용을 안내해드리겠습니다."
german_language,[공지] 2020-2 졸업논문계획서 제출 안내,N/A,2020-09-10,https://gerlan.ssu.ac.kr/%ed%95%99%ea%b3%bc%ec%82%ac%eb%ac%b4%ec%8b%a4%ec%95%8c%eb%a6%bc/%ea%b3%b5%ec%a7%80%ec%82%ac%ed%95%ad/?term_id&slug=1808,"1. 제출기한 : 2020년 11월 13일(금) 17:00
2. 제출장소 : 독어독문학과 사무실(조만식 642호) 또는 독어독문학과 이메일 gerlan@ssu.ac.kr
3. 대상자
– 7학기 이상 이수중인 재학생
– 수료생 중 졸업예정자 신청을 한 학생
4. 작성방법
– ‘담당교수’란 기입하지 말 것
– ZD, 번역 대체자도 논문계획서를 작성해야 함
(예) zd b1 대체 / 번역 작품 *** 대체
5. 유의사항
– 양식은 첨부파일 확인
– 메일명 및 파일명 : 졸업논문계획서_000
– 기제출자도 재제출 필요"
german_language,[공지] 독어독문학과 로고 공모전 안내,N/A,2020-09-04,https://gerlan.ssu.ac.kr/%ed%95%99%ea%b3%bc%ec%82%ac%eb%ac%b4%ec%8b%a4%ec%95%8c%eb%a6%bc/%ea%b3%b5%ec%a7%80%ec%82%ac%ed%95%ad/?term_id&slug=1806,"독어독문학과에서 최초로 로고 공모전을 개최합니다.
앞으로 독어독문학과의 얼굴이 될 자랑스러운 로고를 만들어주세요!
※ 공모전 설명
1. 공모전 목표
– 독어독문학과의 대표 로고를 제작해 다수의 행사에서 사용할 수 있는 학과 점퍼, 학과 깃발 등에 활용하고자 한다.
(선정 후 논의 예정)
– 학과 대표 로고를 제작함으로서 독어독문학과에 대한 정체성을 이해하고 학과소속감을 증진한다.
2. 참가자 자격 : 독어독문학과 재학생 및 휴학생(수료생, 기졸업생 불가)
3. 공모전 일정
* 로고 제출 : 9월 3일(목) 09:00 ~ 9월 23일(수) 22:00
* 학생 투표 : 9월 24일(목) 09:00 ~ 9월 25일(금) 22:00, 독어독문학과 재학생, 휴학생, 수료생 투표(1인 1표)
* 교수 심사 : 9월 28일(월) 09:00 ~ 9월 29일(화) 15:00, 학생 투표에서 최다득표한 세 작품 중 최우수 1명, 가작 2명 선정
* 결과 발표 : 9월 29일(화) 예정
※ 일정은 진행상황에 따라 변경될 수도 있습니다.
4. 제출서류 : 학과 홈페이지 공지사항을 참고하여 첨부서류를 학과 이메일(gerlan@ssu.ac.kr)로 제출
ex) 메일제목 : 2020학년도 독어독문학과 로고공모전_000(이름)
4-1. 로고 제작본(jpg 형태, 210×297 A4크기, 해상도 300dpi 이상)
4-2. 로고 공모전 지원서(첨부파일 양식 준수)
4-3. 로고 공모전 출작품 동의서(첨부파일 양식 준수/펀시스템 정보수집이용동의서와 별도)
4-4. 개인정보수집이용동의서(첨부파일 양식 준수/펀시스템 정보수집이용동의서와 별도)
5. 시상 규모 및 결과 발표
* 시상 규모 : 최우수 300,000원(1명), 가작 각 100,000원(2명)
* 결과 공지 : 학과 재학생 오픈카카오방, 독어독문학과 SNS계정, 개인연락
* 수상 일정 : 추석 연휴 이후(10월 4일 이후)
6. 공모전 참가 주의사항
– 펀시스템 등록(참가 전)과 만족도 조사(참가 후)는 필수입니다. 미협조시 공모전 참가에 제한이 있을 수 있습니다.
(fun.ssu.ac.kr 접속 후 ‘독어독문학과 로고 공모전’ 검색)
– 첨부해야 할 서류를 꼼꼼히 확인한 후 제출 바랍니다. 서류 미비로 인한 불이익은 참가자 본인의 책임입니다.
– 개인 정보는 정확하게 작성해 주시기 바랍니다. (본인 확인을 위함)
– 메일 시스템상 간혹 스팸메일로 분류되어 자동 삭제되는 경우가 있습니다. 참가 서류 제출 후 메일 수신확인을 해주시기 바랍니다. 수신확인이 되지 않은 경우에는 사무실로 연락 주세요.
– 이 외에도 문의사항이 있을 시에는 독어독문학과 사무실(02-820-0350)으로 연락 주세요.
※ 학과 사무실 운영시간 : 09:00~17:30(점심시간 12:20~13:20)"
german_language,[공지] 현희교수님 ZD특강 안내,N/A,2020-06-30,https://gerlan.ssu.ac.kr/%ed%95%99%ea%b3%bc%ec%82%ac%eb%ac%b4%ec%8b%a4%ec%95%8c%eb%a6%bc/%ea%b3%b5%ec%a7%80%ec%82%ac%ed%95%ad/?term_id&slug=1805,"현희 교수님의 방학중 ZD특강을 공지합니다.
코로나19 사태를 고려하여 수업은 ZOOM으로 진행할 예정입니다.
ZD B1 특강 : ZD B1(8/27, 8/28) 응시생 대상, 7월 3일(금) 오전 10시 첫 모임 예정
ZD B2 특강 : ZD B2(7/30, 7/31) 응시생 대상, 7월 3일(금) 오전 11시 첫 모임 예정
수업의 ZOOM 비밀번호 공유를 위해 학과사무실에서 참여자 사전조사를 실시하고 있습니다.
특강에 참여할 학생들은 7월 2일까지 과사무실로 신청하여 주시기 바랍니다. (02-820-0350)
* 방학중 학과 사무실 운영시간 : 10:00-17:00
많은 참여 바랍니다 : )"
german_language,[공지] 2020년 6월 ZD B1 단체 접수 신청,N/A,2020-05-21,https://gerlan.ssu.ac.kr/%ed%95%99%ea%b3%bc%ec%82%ac%eb%ac%b4%ec%8b%a4%ec%95%8c%eb%a6%bc/%ea%b3%b5%ec%a7%80%ec%82%ac%ed%95%ad/?term_id&slug=1804,"오는 6월 29일에 실시되는 ZD B1 단체 접수 신청을 받고 있습니다.
신청을 원하시는 학생들은 독어독문과 메일 gerlan@ssu.ac.kr로 다음과 같이 기입하여 보내주시기 바랍니다.
신청마감일은 5월 25일 (월) 오후 5시까지 입니다.
[ZD B1 단체접수 신청]_펭수(본인이름)
한글이름 : 펭수
생년월일 : 2019.8.8.
여권 영문명 : PENG SOO
출생지(영문) : ANTARCTICA
거주지(영문) : GYEONGGI
휴대폰번호 : 010-XXXX-XXXX"
german_language,[공지] 2020-1 졸업논문 제출 안내,N/A,2020-05-20,https://gerlan.ssu.ac.kr/%ed%95%99%ea%b3%bc%ec%82%ac%eb%ac%b4%ec%8b%a4%ec%95%8c%eb%a6%bc/%ea%b3%b5%ec%a7%80%ec%82%ac%ed%95%ad/?term_id&slug=1803,"1. 제출기한 : 2020년 6월 15일 (월) 오후 5시
2. 제출장소 : 독어독문학과 사무실(조만식 642호) / 독어독문학과 이메일 gerlan@ssu.ac.kr
3. 대상자
– 논문계획서를 제출한 8학기 이상 이수자 혹은 졸업논문계획서를 제출한 학생
(수료자의 경우, 졸업예정자 등록 신청이 필요)
– 논문계획서를 아직 제출하지 않은 졸업희망 학생은 5월31일(일)까지 꼭 제출하기 바람
4. 논문양식
– 분량 : A4 20장 이상
– 글자크기 : 11
– 행간 : 180
– 폭, 여백은 편집하지 말 것
5. 어학자격증(ZD,Tels,Test Daf) 대체자 , 번역 대체자 또한 기간 내 제출해야함
6. 관련 문의는 독어독문학과 사무실로 해주시기 바랍니다."
german_language,[공지] 2020-1 진로지도 안내(이재호 교수님),N/A,2020-04-10,https://gerlan.ssu.ac.kr/%ed%95%99%ea%b3%bc%ec%82%ac%eb%ac%b4%ec%8b%a4%ec%95%8c%eb%a6%bc/%ea%b3%b5%ec%a7%80%ec%82%ac%ed%95%ad/?term_id&slug=1801,"2020년도 1학기 이재호 교수님 진로지도 학생들을 위한 공지사항입니다.
첨부된 파일 확인 바라며, 회신은 4월 15일 수요일까지 기한 엄수 바랍니다."
german_language,[공지] 2020-1 진로지도 안내(남정애 교수님),N/A,2020-04-10,https://gerlan.ssu.ac.kr/%ed%95%99%ea%b3%bc%ec%82%ac%eb%ac%b4%ec%8b%a4%ec%95%8c%eb%a6%bc/%ea%b3%b5%ec%a7%80%ec%82%ac%ed%95%ad/?term_id&slug=1799,"2020년도 1학기 남정애 교수님 진로지도 학생들을 위한 공지사항입니다.
첨부된 파일 확인 바라며, 회신은 4월 15일 수요일까지 기한 엄수 바랍니다."
german_language,[공지] 독일 보훔대학교 교환학생 최종선발 안내,N/A,2020-04-10,https://gerlan.ssu.ac.kr/%ed%95%99%ea%b3%bc%ec%82%ac%eb%ac%b4%ec%8b%a4%ec%95%8c%eb%a6%bc/%ea%b3%b5%ec%a7%80%ec%82%ac%ed%95%ad/?term_id&slug=1798,"2020년도 독일 보훔대학교 교환학생 프로그램에 지원해주신 모든 분께 감사를 드립니다.
최종 합격자는 다음과 같습니다.
2018**** 이*은
축하합니다."
german_language,[공지] 2020-1 졸업논문계획서 제출 안내,N/A,2020-03-24,https://gerlan.ssu.ac.kr/%ed%95%99%ea%b3%bc%ec%82%ac%eb%ac%b4%ec%8b%a4%ec%95%8c%eb%a6%bc/%ea%b3%b5%ec%a7%80%ec%82%ac%ed%95%ad/?term_id&slug=1796,"1. 제출기한 : 2020년 4월 13일(월) 17:00
2. 제출장소 : 독어독문학과 사무실(조만식 642호) 또는 독어독문학과 이메일 gerlan@ssu.ac.kr
3. 대상자
– 7학기 이상 이수중인 재학생
– 수료생 중 졸업예정자 신청을 한 학생
4. 작성방법
– ‘담당교수’란 기입하지 말 것
– ZD, 번역 대체자도 논문계획서를 작성해야 함
(예) zd b1 대체 / 번역 작품 *** 대체
– 양식은 첨부파일 확인"
german_language,[공지 정정] 독일 보훔대학교 교환학생 프로그램 신청,N/A,2020-03-19,https://gerlan.ssu.ac.kr/%ed%95%99%ea%b3%bc%ec%82%ac%eb%ac%b4%ec%8b%a4%ec%95%8c%eb%a6%bc/%ea%b3%b5%ec%a7%80%ec%82%ac%ed%95%ad/?term_id&slug=1795,"● 신청기간 : 2020년 4월 3일(금) ~ 9일(목) 17:00까지
● 신청대상 : 독어독문학과 학부생 (휴학생 포함)
● 선발인원 : 2명
● 제출서류
-자기계획서(국문1부/ 지원동기와 학업계획 포함/ A4용지 2~3장 내외)
-성적증명서(국문1부)
-독일어국제공인어학증명서(ZD, TestDaf/ 취득자에 한함)
● 파견기간 : 1년 (2020년 9월~2021년 8월)
● 제출방법 : 독어독문학과 이메일 (gerlan@ssu.ac.kr)
● 선발방법 : 서류심사 (코로나19사태로 대면면접 생략)
● 참고사항
– [정정] 3학년 1학기 재학생까지 신청가능 (3학년 2학기 재학생부터 신청불가)
– 코로나19사태 관련 상황에 따라 교환학생 선발 후 파견이 유보 또는 취소될 수도 있음"
german_language,[공지] 전공 및 교양 교재 택배 서비스 시행 안내,N/A,2020-03-16,https://gerlan.ssu.ac.kr/%ed%95%99%ea%b3%bc%ec%82%ac%eb%ac%b4%ec%8b%a4%ec%95%8c%eb%a6%bc/%ea%b3%b5%ec%a7%80%ec%82%ac%ed%95%ad/?term_id&slug=1794,"소비자생활협동조합에서 실시중인 교재 택배서비스를 안내합니다.
자세한 내용은 아래 내용을 확인하세요.
안녕하세요? 숭실대학교 소비자생활협동조합입니다.
코로나19의 영향으로 학과 수업이 온라인강의로 대체됨에 따라 학교에 올 수 없는 많은 학생들이 전공 및 교양 교재 구매에 어려움을 겪고 있습니다.
생협에서는 그런 분들에게 도움을 드리고자 한시적으로 교재 택배 서비스를 시행하고 있습니다.
총학생회 및 각 학과 학생회의 협조로 단톡방 등을 통해 학생들에게 안내가 되고 있습니다만 각 학과에서도 관련 내용을 참고하셔서 학생들이 많이 이용할 수 있도록 도움 주시면 감사하겠습니다.
교재 택배 서비스 이용 방법 및 유의사항은 첨부된 이미지 파일을 참고해주세요.
문의가 있을 시 아래의 연락처로 연락 부탁드립니다. 감사합니다.
* 문의 : 02-828-7063 / www.soongguri.com(공지사항 참조)
* 교재 주문 URL
[인문대학] 국어국문학과, 기독교학과, 독어독문학과, 문예창작전공, 불어불문학과, 사학과, 스포츠학부, 영어영문학과, 영화예술전공, 일어일문학과, 중어중문학과, 철학과
https://forms.gle/nrG6VSte4Lh7QrfA6"
german_language,[공지] 2020년 4월 ZD B1 단체 접수 신청,N/A,2020-03-13,https://gerlan.ssu.ac.kr/%ed%95%99%ea%b3%bc%ec%82%ac%eb%ac%b4%ec%8b%a4%ec%95%8c%eb%a6%bc/%ea%b3%b5%ec%a7%80%ec%82%ac%ed%95%ad/?term_id&slug=1793,"오는 4월 25일에 실시되는 ZD B1 단체 접수 신청을 받고 있습니다.
신청을 원하시는 학생들은 독어독문과 메일 gerlan@ssu.ac.kr로 다음과 같이 기입하여 보내주시기 바랍니다.
신청마감일은 3월 24일 (화) 오후 5시까지 입니다.
[ZD B1 단체접수 신청]_펭수(본인이름)
한글이름 : 펭수
생년월일 : 2019.8.8.
여권 영문명 : PENG SOO
출생지(영문) : ANTARCTICA
거주지(영문) : GYEONGGI
휴대폰번호 : 010-XXXX-XXXX"
german_language,[공지] 독일현지 여름학교 어학연수 지원,N/A,2020-03-13,https://gerlan.ssu.ac.kr/%ed%95%99%ea%b3%bc%ec%82%ac%eb%ac%b4%ec%8b%a4%ec%95%8c%eb%a6%bc/%ea%b3%b5%ec%a7%80%ec%82%ac%ed%95%ad/?term_id&slug=1792,"세계보건기구(WHO)가 코로나19와 관련하여 세계적 대유행(팬데믹)을 공식선언하였습니다.
또한 유럽에서 코로나19 확산의 심각성을 우려하지 않을 수 없는 상황입니다.
이에 신중을 기하기 위하여 교환학생 프로그램보다 더 일찍 일정이 진행되는 독일현지 여름학교 어학연수의 경우 올해는 지원자를 선발하지 않기로 결정되었음을 알립니다."
german_language,[공지] 독일 보훔대학교 교환학생 프로그램 신청,N/A,2020-03-13,https://gerlan.ssu.ac.kr/%ed%95%99%ea%b3%bc%ec%82%ac%eb%ac%b4%ec%8b%a4%ec%95%8c%eb%a6%bc/%ea%b3%b5%ec%a7%80%ec%82%ac%ed%95%ad/?term_id&slug=1791,"● 신청기간 : 2020년 4월 3일(금) ~ 9일(목) 17:00까지
● 신청대상 : 독어독문학과 학부생 (휴학생 포함)
● 선발인원 : 2명
● 제출서류
-자기계획서(국문1부/ 지원동기와 학업계획 포함/ A4용지 2~3장 내외)
-성적증명서(국문1부)
-독일어국제공인어학증명서(ZD, TestDaf/ 취득자에 한함)
● 파견기간 : 1년 (2020년 9월~2021년 8월)
● 제출방법 : 독어독문학과 이메일 (gerlan@ssu.ac.kr)
● 선발방법 : 서류심사 (코로나19사태로 대면면접 생략)
● 참고사항
– 4학년 신청 불가
– 코로나19사태 관련 상황에 따라 교환학생 선발 후 파견이 유보 또는 취소될 수도 있음"
german_language,[공지]현희 교수님 ZD 특강 안내,N/A,2019-12-23,https://gerlan.ssu.ac.kr/%ed%95%99%ea%b3%bc%ec%82%ac%eb%ac%b4%ec%8b%a4%ec%95%8c%eb%a6%bc/%ea%b3%b5%ec%a7%80%ec%82%ac%ed%95%ad/?term_id&slug=1790,"* B1 특강( 2020-1월 zd시험을 신청한 학생 대상)
– 1/3금 특강(오티)이 현희교수님 연구실에서 이뤄질 예정입니다. 시험 신청자 중 특강 수강을 원하시는 학생은
독어독문학과 사무실로 연락주시기 바랍니다.
* B2특강 (2020-2월 시험을 신청한 학생 대상)
– 2월 초에 일정이 공지 될 예정입니다."
german_language,[공지] 2020 2월 ZD B2 단체접수 안내,N/A,2019-12-23,https://gerlan.ssu.ac.kr/%ed%95%99%ea%b3%bc%ec%82%ac%eb%ac%b4%ec%8b%a4%ec%95%8c%eb%a6%bc/%ea%b3%b5%ec%a7%80%ec%82%ac%ed%95%ad/?term_id&slug=1789,"*2020년 2월에 실시되는 ZD B2 단체 접수 신청을 받고 있습니다
신청을 원하시는 학생은 독어독문과 메일 gerlan@ssu.ac.kr로 다음과 같이 기입하여 보내주시기 바랍니다
신청마감일은 1월 22일 (수) 오후 5:00까지입니다.
생년월일 : 1996.12.25.
한글이름 : 김미소
여권상 영문이름 : KIM MISO
출생지(영문) : SEOUL
거주지(영문) : SEOUL
휴대폰번호 : 010-XXXX-XXXX"
german_language,[공지]2020-1월 ZD B1 단체 접수 신청,N/A,2019-12-18,https://gerlan.ssu.ac.kr/%ed%95%99%ea%b3%bc%ec%82%ac%eb%ac%b4%ec%8b%a4%ec%95%8c%eb%a6%bc/%ea%b3%b5%ec%a7%80%ec%82%ac%ed%95%ad/?term_id&slug=1788,"*2020년 1월에 실시되는 ZD B1 단체 접수 신청을 받고 있습니다
신청을 원하시는 학생은 독어독문과 메일 gerlan@ssu.ac.kr로 다음과 같이 기입하여 보내주시기 바랍니다
신청마감일은 12월 24일 (화) 오후 5:00까지입니다.
생년월일 : 1996.12.25.
한글이름 : 김미소
여권상 영문이름 : KIM MISO
출생지(영문) : SEOUL
거주지(영문) : SEOUL
휴대폰번호 : 010-XXXX-XXXX"
german_language,[공지]2019학년도 국가우수장학금(인문100년) 일시지원 유형 장학생 선발 안내,N/A,2019-12-04,https://gerlan.ssu.ac.kr/%ed%95%99%ea%b3%bc%ec%82%ac%eb%ac%b4%ec%8b%a4%ec%95%8c%eb%a6%bc/%ea%b3%b5%ec%a7%80%ec%82%ac%ed%95%ad/?term_id&slug=1786,"2019학년도 한국장학재단 국가우수장학금(인문100년) 일시지원 유형 장학생 선발 내용을 안내하니 해당 대학 및 관련 학과(부)에서는 소속 학생들이 지원할 수 있도록 안내하여 주시기 바랍니다.
1. 장학금명: 국가우수장학금(인문100년) 일시지원
2. 장학금액 : 선발 해당학기 등록금 전액 지원
3. 신청기간:  2019.11.28(목)~2019.12.06(금) 17:00
4. 신청방법:  접수 기간 내 지원서(붙임1) 작성하여 장학팀으로 제출
5. 지원자격
1) 2019학년도 2학기 인문사회계열 학과(부)에 재학 중인 3~4학년 (※계약학과 제외)
2) 2019학년도 1, 2학기 연속으로 재학 중인 자
3) 2019학년도 2학기 이수학기 5학기~7학기 인 자
4) 직전학기 15학점 이상을 취득한 자
5) 직전학기 F학점 포함 학적부 성적 기준 3.5이상 또는 산술평균 87점 이상
6) 2019학년도 2학기 외부장학재단 또는 기관에서 장학금을 받지 아니한 자
7) 2019학년도 2학기 기 수혜장학금이 반액 이하인 자
6. 자세한 사항은 공지사항을 참고하여주시기 바랍니다."
german_language,[인턴안내] 국내 화학대기업 독일법인 인턴 채용공고,N/A,2019-11-27,https://gerlan.ssu.ac.kr/%ed%95%99%ea%b3%bc%ec%82%ac%eb%ac%b4%ec%8b%a4%ec%95%8c%eb%a6%bc/%ea%b3%b5%ec%a7%80%ec%82%ac%ed%95%ad/?term_id&slug=1784,"국내 화학대기업 독일법인 인턴 채용 안내입니다. 자세한 사항은 첨부파일을 참고해 주십시오.
* 지원자격
. 독일 워킹홀리데이비자 신청 가능한 자
. 숭실대학교 재학생 및 졸업예정자
. 경영, 영업, 회계, SCM, 화학분야 취업희망자
. 토익 900점 이상의 영어수준 (독일어 가능자 우대)
* 지원방법
․ 지원방법: 홈페이지&이메일 동시 지원
> 경력개발센터 홈페이지(job.ssu.ac.kr>채용추천)에 지원서류 업로드
> 이메일로 지원서류 제출 (제출처: info@imgian.com)
. 지원서류: (영문)이력서, (한글)자기소개서 [자유양식]
. 지원마감: 2019년 12월 12일 목요일 오후 6시"
german_language,[안내]백마성적우수장학생 선발기준 안내,N/A,2019-11-21,https://gerlan.ssu.ac.kr/%ed%95%99%ea%b3%bc%ec%82%ac%eb%ac%b4%ec%8b%a4%ec%95%8c%eb%a6%bc/%ea%b3%b5%ec%a7%80%ec%82%ac%ed%95%ad/?term_id&slug=1783,"가. 장학금 수혜학기에 국가장학금을 신청하여 소득분위 조회가 가능한 자
※ 국가장학금을 신청할 수 없는 대한민국 국적 미소지자도 선발 가능하나, 순수외국인 전형으로 입학한 외국인유학생은 선발 불가
나. 장학금 수혜학기에 재학 및 복학예정자로 해당학기 등록금 납부 예정인 자
※ 등록휴학 후 복학시 선발대상에서 제외(등록대체자)
※ 미등록, 입학취소, 복학취소 등으로 인한 학적변동시 모든 장학금 취소
※ 단, 선발 후 학기중 휴학 시 백마성적우수장학금은 복학학기로 이월되며, 복학학기에 국가장학금 신청 필수
다. 직전학기 15학점 이상 이수한 자 (졸업 직전학기는 직전학기 12학점 이상)
라. 등록학기가 8학기 이내인 자 (건축학전공: 등록 10학기 이내인 자)
마. F학점 포함 학적부성적 기준 직전학기 3.5 이상인 자
바. 모든 교내장학금 간 중복수혜 불가.
– 백마성적우수장학생 기본 자격요건에 부합하는 학생
– 학년에 상관없이 전체 평점평균 순으로 배정.(평점평균 동점시 평점계, 평점계도 동점시 산술평균 순)"
german_language,[안내]2020 독일 정부 초청 장학생 (DAAD 장학생) 선발 안내,N/A,2019-11-20,https://gerlan.ssu.ac.kr/%ed%95%99%ea%b3%bc%ec%82%ac%eb%ac%b4%ec%8b%a4%ec%95%8c%eb%a6%bc/%ea%b3%b5%ec%a7%80%ec%82%ac%ed%95%ad/?term_id&slug=1781,"2020 독일 정부 초청 장학생 (DAAD 장학생) 선발 안내
대학(원)생을 위한 2020 DAAD 독일 현지 Summer 장학생 선발을 아래와 같이 진행하오니 관심있는 학생들의 많은 참여 바랍니다.
1. 지원 개요
가. 지원자격
1) 학사 또는 석사과정 학생  (전공 불문, 장학금 수혜 시점에 학사 2학년 이상 마쳐야 하며, 학생으로 등록되어 있어야 함)
2) B1 이상 독일어 실력 소유자
나. 지원 마감일: 2019. 12. 1.(일) (연 1회)
다. 지원방법 (하기 지원방법 모두 완료할 것)
1) 국제팀 온라인 지원: https://bit.ly/2JRVl1L
2) DAAD 홈페이지 온라인 지원 (첨부파일 참고)
라. 기타: 선발 요강 및 절차 숙지 후 지원
2. 장학 개요
가. 장학금 내역
1) 장학금: EUR 950 (연 1회)
2) 여행경비: EUR 612.50
나. 장학금 수혜기간: 일반적으로 4주 (2020. 6. ~ 2020. 11.)
3. 문의처
가. 국제팀 (신양관 203호): 02-820-0757 / study@ssu.ac.kr
나. 주한독일고등교육진흥원: 02-324-0655 / info@daad.or.kr
2019. 11. 19.
국 제 처 장"
german_language,[공지] 2019-2 졸업논문 제출 안내,N/A,2019-11-20,https://gerlan.ssu.ac.kr/%ed%95%99%ea%b3%bc%ec%82%ac%eb%ac%b4%ec%8b%a4%ec%95%8c%eb%a6%bc/%ea%b3%b5%ec%a7%80%ec%82%ac%ed%95%ad/?term_id&slug=1780,"1. 제출기한 : 2019년 12월 16일 (월) 오후 5시
2. 제출장소 : 독어독문학과 사무실(조만식 642호)  / 독어독문학과 이메일 gerlan@ssu.ac.kr
3. 대상자
– 논문계획서를 제출한 8학기 이상 이수자 혹은 수료생 중 졸업예정자 신청을 한 학생
– 논문계획서를 아직 제출하지 않은 졸업희망 학생은 11월25일(월)까지 꼭 제출하기 바람
4. 논문양식
– 분량 : A4 20장 이상
– 글자크기 : 11
– 행간 : 180
– 폭, 여백은 편집하지 말 것
5. 어학자격증(ZD,Tels,Test Daf) 대체자 , 번역 대체자 또한 기간 내 제출해야함
6. 관련 문의는 독어독문학과 사무실로 해주시기 바랍니다."
german_language,[공지]2019-2 졸업논문계획서 제출 안내,N/A,2019-10-28,https://gerlan.ssu.ac.kr/%ed%95%99%ea%b3%bc%ec%82%ac%eb%ac%b4%ec%8b%a4%ec%95%8c%eb%a6%bc/%ea%b3%b5%ec%a7%80%ec%82%ac%ed%95%ad/?term_id&slug=1778,"1. 제출기한 : 2019년 11월 15일(금) 17:00
2. 제출장소 : 독어독문학과 사무실(조만식 642호) 또는 독어독문학과 이메일 gerlan@ssu.ac.kr
3. 대상자
– 7학기 이상 이수중인 재학생
– 수료생 중 졸업예정자 신청을 한 학생
4. 작성방법
– ‘담당교수’란 기입하지 말 것
– ZD, 번역 대체자도 논문계획서를 작성해야 함
(예) zd b1 대체 / 번역 작품 *** 대체
– 양식은 첨부파일 확인"
german_language,"[공지] ZD B1,B2 단체접수 안내",N/A,2019-10-01,https://gerlan.ssu.ac.kr/%ed%95%99%ea%b3%bc%ec%82%ac%eb%ac%b4%ec%8b%a4%ec%95%8c%eb%a6%bc/%ea%b3%b5%ec%a7%80%ec%82%ac%ed%95%ad/?term_id&slug=1777,"* 12월에 실시되는 ZD B1 ,B2단체 접수 신청을 받고 있습니다
신청을 원하시는 학생은 독어독문과 메일 gerlan@ssu.ac.kr로 다음과 같이 기입하여 보내주시기 바랍니다
* B1 신청마감일 : 11월 20일(수) 오후 5시
* B2 신청마감일 : 11월 6일(수) 오후 5시
생년월일 : 1996.12.25.
한글이름 : 김미소
여권상 영문이름 : KIM MISO
출생지(영문) : SEOUL
거주지(영문) : SEOUL
휴대폰번호 : 010-XXXX-XXXX"
german_language,[공지] 10월 ZD 단체접수 신청 안내,N/A,2019-09-05,https://gerlan.ssu.ac.kr/%ed%95%99%ea%b3%bc%ec%82%ac%eb%ac%b4%ec%8b%a4%ec%95%8c%eb%a6%bc/%ea%b3%b5%ec%a7%80%ec%82%ac%ed%95%ad/?term_id&slug=1776,"* 10월에 실시되는 ZD B1 단체 접수 신청을 받고 있습니다
신청을 원하시는 학생은 독어독문과 메일 gerlan@ssu.ac.kr로 다음과 같이 기입하여 보내주시기 바랍니다
신청마감일은 9월 25일 (수) 오후 5:00까지입니다.
생년월일 : 1996.12.25.
한글이름 : 김미소
여권상 영문이름 : KIM MISO
출생지(영문) : SEOUL
거주지(영문) : SEOUL
휴대폰번호 : 010-XXXX-XXXX"
german_language,[공지]8월 ZD 단체접수 신청 안내,N/A,2019-07-15,https://gerlan.ssu.ac.kr/%ed%95%99%ea%b3%bc%ec%82%ac%eb%ac%b4%ec%8b%a4%ec%95%8c%eb%a6%bc/%ea%b3%b5%ec%a7%80%ec%82%ac%ed%95%ad/?term_id&slug=1775,"* 8월에 실시되는 ZD B1 단체 접수 신청을 받고 있습니다
신청을 원하시는 학생은 독어독문과 메일 gerlan@ssu.ac.kr로 다음과 같이 기입하여 보내주시기 바랍니다
신청마감일은 7월 24일 (수) 오후 5:00까지입니다.
생년월일 : 1996.12.25.
한글이름 : 김미소
여권상 영문이름 : KIM MISO
출생지(영문) : SEOUL
거주지(영문) : SEOUL
휴대폰번호 : 010-XXXX-XXXX"
german_language,[공지]6월 ZD 단체접수 신청 안내,N/A,2019-05-21,https://gerlan.ssu.ac.kr/%ed%95%99%ea%b3%bc%ec%82%ac%eb%ac%b4%ec%8b%a4%ec%95%8c%eb%a6%bc/%ea%b3%b5%ec%a7%80%ec%82%ac%ed%95%ad/?term_id&slug=1774,"* 6월에 실시되는 ZD B1 ,B2단체 접수 신청을 받고 있습니다
신청을 원하시는 학생은 독어독문과 메일 gerlan@ssu.ac.kr로 다음과 같이 기입하여 보내주시기 바랍니다
신청마감일은 5월 29일 (수) 오후 5:00까지입니다.
생년월일 : 1996.12.25.
한글이름 : 김미소
여권상 영문이름 : KIM MISO
출생지(영문) : SEOUL
거주지(영문) : SEOUL
휴대폰번호 : 010-XXXX-XXXX"
german_language,[봉사정보] 다메섹복지회 PC입력 자원봉사 안내,N/A,2019-05-21,https://gerlan.ssu.ac.kr/%ed%95%99%ea%b3%bc%ec%82%ac%eb%ac%b4%ec%8b%a4%ec%95%8c%eb%a6%bc/%ea%b3%b5%ec%a7%80%ec%82%ac%ed%95%ad/?term_id&slug=1773,"다메섹복지회에서 도서를 추천하면 자원봉사자가 도서를 PC에 입력하는 봉사입니다.
자원봉사자가 입력한 전자파일은 PC에서 시각장애인에게 음성을 지원하는 소프트 프로그램을 사용하여 시각장애인이
들을 수 있고, 읽을 수 있도록 점자프린트로 출력하여 점자도서를 제작할 수 있습니다
인정시간 : 4페이지를 입력하면 자원봉사 1시간으로 인정됩니다.
(VMS사회봉사활동인증센터 봉사자 등록이 필요합니다)
입력할 전자파일 첫 페이지에는 1.도서명, 2.저자, 3.출판사, 4.출판연월일을 입력하도록 합니다
위 봉사활동에 관심있는 학생은 02)596-8075로 연락바랍니다.(숭실대 독어독문학과 학생임을 밝혀주세요)"
german_language,[채용정보] (주)슈피겐코리아 2019년 상반기 채용안내,N/A,2019-05-03,https://gerlan.ssu.ac.kr/%ed%95%99%ea%b3%bc%ec%82%ac%eb%ac%b4%ec%8b%a4%ec%95%8c%eb%a6%bc/%ea%b3%b5%ec%a7%80%ec%82%ac%ed%95%ad/?term_id&slug=1772,"(주)슈피겐코리아의 2019년 상반기 채용안내공고입니다(마감일 5.12)
문의있으신 분은 독문과 사무실에 연락주시기 바랍니다
참고 :
http://www.saramin.co.kr/zf_user/jobs/relay/view?isMypage=no&rec_idx=36116750&recommend_ids=eJxNzrkNw1AMA9Bp3IuizjqDeP8tYgMJPssHioRYiN3gXfCrP3zYlSYkNoWgCbmBEnZF%2F5k7oPedhV9aGD%2FHts2RNM10KsJHSHfp0kl9Azl96DuGl1%2B6hi%2BV&view_type=public-recruit&gz=1&utm_source=naver_post&utm_campaign=post&utm_medium=conma&utm_term=post_jobs"
german_language,[공지] 2019-1학기 졸업논문 제출 안내,N/A,2019-04-17,https://gerlan.ssu.ac.kr/%ed%95%99%ea%b3%bc%ec%82%ac%eb%ac%b4%ec%8b%a4%ec%95%8c%eb%a6%bc/%ea%b3%b5%ec%a7%80%ec%82%ac%ed%95%ad/?term_id&slug=1771,"1. 제출기한 : 2019년 6월 7일(금) 오후 5시
2. 제출장소 : 독어독문학과 사무실(조만식 642호)
3. 대상자
– 논문계획서를 제출한 8학기 이상 이수자 혹은 졸업예정자
– 어학자격증 대체자 또한 기간 내 제출해야함
4. 논문양식
– 분량 : A4 20장 이상
– 글자크기 : 11
– 행간 : 180
– 폭, 여백은 편집하지 말 것"
german_language,[공지] 2019학년도 국가우수장학금(인문100년) 신규장학생 선발 안내,N/A,2019-04-09,https://gerlan.ssu.ac.kr/%ed%95%99%ea%b3%bc%ec%82%ac%eb%ac%b4%ec%8b%a4%ec%95%8c%eb%a6%bc/%ea%b3%b5%ec%a7%80%ec%82%ac%ed%95%ad/?term_id&slug=1769,"2019학년도 한국장학재단 국가우수장학금(인문100년) 신규장학생 선발예정이오니 자격을 만족하는 학생은 한국 장학재단에서 사전 온라인 신청하시길 바랍니다.
1. 인문 100년
가. 전공탐색유형 : 2019년 입학생
나. 전공확립유형 : 3학년 1학기 재학생
2. 장학금액 : 2년 또는 4년 간 등록금 전액 지원( 등록학기 내)
3. 신청기간 : (한국장학재단 사전 온라인신청) : 4월 3일(수)~4월 16일(화) 18:00까지
4. 선발인원 및 기준 – 선발인원은 미정이며 사전 온라인(한국장학재단) 신청자에 한하여 추천가능(한국장학재단 공고시 사전 신청자에 별도 안내 예정)
5. 선발방법
가. 공개모집 : 홈페이지 공지 및 단과대학 안내
나. 개별면접 : 대상자의 학과 면접 진행 추천
6. 일정안내
가. 사전 온라인 신청 4월 16일 까지
나. 대학 배정인원 : 5월 중 발표
다. 신규장학생 선발 및 결과 발표 : 6월 중 발표 예정
라. 신규장학생 장학금 및 생활비 : 7월 중 예정
7. 자세한 사항 한국장학재단 참고(http://www.kosaf.go.kr/ko/scholar.do?pg=scholarship05_07_01&ttab1=0)
8. 첨부파일 : 2019년 신규장학생 사전신청 매뉴얼(학생신청용)"
german_language,[공지] 2019년 여름학교 및 교환학생 선발학생 안내,N/A,2019-04-08,https://gerlan.ssu.ac.kr/%ed%95%99%ea%b3%bc%ec%82%ac%eb%ac%b4%ec%8b%a4%ec%95%8c%eb%a6%bc/%ea%b3%b5%ec%a7%80%ec%82%ac%ed%95%ad/?term_id&slug=1768,"1. 여름학교 최종 선발 명단
2016**** 유*형
2019**** 오*주
2. 교환학생 최종 선발 명단
2013**** 이*욱
2018**** 유*원"
german_language,[공지] 4월 ZD B1 단체접수 신청 안내,N/A,2019-03-28,https://gerlan.ssu.ac.kr/%ed%95%99%ea%b3%bc%ec%82%ac%eb%ac%b4%ec%8b%a4%ec%95%8c%eb%a6%bc/%ea%b3%b5%ec%a7%80%ec%82%ac%ed%95%ad/?term_id&slug=1767,"* 4월에 실시되는 ZD B1 단체 접수 신청을 받고 있습니다
신청을 원하시는 학생은 독어독문과 메일 gerlan@ssu.ac.kr로 다음과 같이 기입하여 보내주시기 바랍니다
신청마감일은 4월 3일 (수) 오후 5:00까지입니다.
생년월일 : 1996.12.25.
한글이름 : 김미소
여권상 영문이름 : KIM MISO
출생지(영문) : SEOUL
거주지(영문) : SEOUL
휴대폰번호 : 010-XXXX-XXXX"
german_language,[공지] 2019 -1학기 논문계획서 제출 안내,N/A,2019-03-05,https://gerlan.ssu.ac.kr/%ed%95%99%ea%b3%bc%ec%82%ac%eb%ac%b4%ec%8b%a4%ec%95%8c%eb%a6%bc/%ea%b3%b5%ec%a7%80%ec%82%ac%ed%95%ad/?term_id&slug=1765,"1. 제출기한 : 2019년 04월 10일(수) 17:00
2. 제출장소 : 독어독문학과 사무실(조만식 642호) / 독어독문학과 메일 gerlan@ssu.ac.kr
3. 대상자
– 7학기 이상 이수중인 재학생
– 수료생 중 졸업예정자 신청을 한 학생
4. 작성방법
– ‘담당교수’란 기입하지 말 것
– ZD, 번역 대체자도 논문계획서를 작성해야 함
– 양식은 학과 홈페이지에 게재"
german_language,[공지] 독일현지여름학교 어학연수 지원 안내,N/A,2019-03-05,https://gerlan.ssu.ac.kr/%ed%95%99%ea%b3%bc%ec%82%ac%eb%ac%b4%ec%8b%a4%ec%95%8c%eb%a6%bc/%ea%b3%b5%ec%a7%80%ec%82%ac%ed%95%ad/?term_id&slug=1764,"독어독문학과 학생들을 대상으로 어학연수장학생을 선발합니다. 독일 현지 대학교(쾰른, 킬, 뮌헨대학교 등)에서 개설하는 여름학교(Sommerschule) 프로그램(4주간진행)에서 어학연수를 원하는 학생에게 장학금(약 150만원)을 지원합니다. 지원을 원하는 학생은 아래의 서류를 독어독문학과 사무실에 직접 제출하길 바랍니다.
·신청기간 : 2019년 3월 25일~4월 4일(목) 17:00까지
·신청대상 : 독어독문학과 학부생
·선발인원 : 2명 (전 학년 대상)
·제출서류 :
-자기소개서(국문1부/A4용지 1~2장 내외)
-학업계획서(지원동기포함/국문1부/A4용지 1~2장 내외)
·면접일시 : 4월 5일(금) 18:00부터 – 후에 공지 예정
·제출장소 : 독어독문학과사무실 조만식기념관 642호
※“교환학생 프로그램”과 중복 수혜 불가"
german_language,[공지] 보훔대학교 교환학생 신청,N/A,2019-03-05,https://gerlan.ssu.ac.kr/%ed%95%99%ea%b3%bc%ec%82%ac%eb%ac%b4%ec%8b%a4%ec%95%8c%eb%a6%bc/%ea%b3%b5%ec%a7%80%ec%82%ac%ed%95%ad/?term_id&slug=1763,"·신청기간 : 2019년 3월 25일~4월 4일(목) 17:00까지
·신청대상 : 독어독문학과 학부생 (휴학생 포함)
·선발인원 : 2명
·제출서류 :
-자기소개서(국문1부/A4용지 2~3장 내외)
-학업계획서(국문1부/A4용지 2~3장 내외)
-성적증명서(국문1부)
-독일어국제공인어학증명서(ZD, TestDaf / 취득자에 한함)
·면접일시 : 4월 5일(금) 18:00부터
·파견기간 : 1년 (2019년 9월~2020년 8월)
·제출장소 : 독어독문학과사무실 조만식기념관 642호
※“독일 현지 여름학교 어학연수”와 중복 수혜 불가
4학년 신청 불가"
german_language,[공지] 이재호 교수님 집중독일어2 보충수업안내,N/A,2019-02-26,https://gerlan.ssu.ac.kr/%ed%95%99%ea%b3%bc%ec%82%ac%eb%ac%b4%ec%8b%a4%ec%95%8c%eb%a6%bc/%ea%b3%b5%ec%a7%80%ec%82%ac%ed%95%ad/?term_id&slug=1762,"2019.3.4(월)~3.8(금) 오후 6시 부터 8시까지 백마관 316호에서 이재호교수님의 집중독일어2 보충수업이 있을 예정입니다
관심있으신 학생들의 많은 참여 부탁드립니다."
german_language,[공지] 독어독문학과 졸업식 안내,N/A,2019-02-07,https://gerlan.ssu.ac.kr/%ed%95%99%ea%b3%bc%ec%82%ac%eb%ac%b4%ec%8b%a4%ec%95%8c%eb%a6%bc/%ea%b3%b5%ec%a7%80%ec%82%ac%ed%95%ad/?term_id&slug=1761,"2월 15일 학과에서 시행하는 졸업식 관련 안내입니다
일시 : 2월 15일 금요일 12시
장소 : 진리관 305호
– 인문대학 가운대여는 조만식 312호입니다"
german_language,[공지] 2월 ZD B1 단체 접수 및 현희교수님 특강 신청 안내,N/A,2019-01-07,https://gerlan.ssu.ac.kr/%ed%95%99%ea%b3%bc%ec%82%ac%eb%ac%b4%ec%8b%a4%ec%95%8c%eb%a6%bc/%ea%b3%b5%ec%a7%80%ec%82%ac%ed%95%ad/?term_id&slug=1760,"* 2월에 실시되는 ZD B1 단체 접수 신청을 받고 있습니다
신청을 원하시는 학생은 독어독문과 메일 gerlan@ssu.ac.kr로 다음과 같이 기입하여 보내주시기 바랍니다
신청마감일은 1월 17일 (목) 오후 5:00까지입니다.
생년월일 : 1996.12.25.
한글이름 : 김미소
여권상 영문이름 : KIM MISO
출생지(영문) : SEOUL
거주지(영문) : SEOUL
휴대폰번호 : 010-XXXX-XXXX
** 2월 ZD신청자에 한하여 현희 교수님 특강 신청자를 받습니다.
21일 예비모집을 가질 예정이며 그날 자세한 날짜와 시간을 상의해 정할 예정입니다.
2월 ZD신청자 중 특강을 신청하실 분은 메일에 특강 신청 여부를 기입해 주시기 바랍니다."
german_language,[공지] 2018-2학기 졸업논문 제출 안내,N/A,2018-11-19,https://gerlan.ssu.ac.kr/%ed%95%99%ea%b3%bc%ec%82%ac%eb%ac%b4%ec%8b%a4%ec%95%8c%eb%a6%bc/%ea%b3%b5%ec%a7%80%ec%82%ac%ed%95%ad/?term_id&slug=1759,"1. 제출기한 : 2018년 12월 13일 (목) 오후 5시
2. 제출장소 : 독어독문학과 사무실(조만식 642호)
3. 대상자
– 논문계획서를 제출한 8학기 이상 이수자 혹은 수료생 중 졸업예정자 신청을 한 학생
4. 논문양식
– 분량 : A4 20장 이상
– 글자크기 : 11
– 행간 : 180
– 폭, 여백은 편집하지 말 것
5. 어학자격증(ZD B1, telc B1)대체자 또한 기간 내 제출해야함(단, ZD B1,B2 12월 응시자는 합격증 교부받자 마자 성적 제출할것. -> 12.21(금) 까지 제출필수)"
german_language,[공지] 한독세미나,N/A,2018-11-12,https://gerlan.ssu.ac.kr/%ed%95%99%ea%b3%bc%ec%82%ac%eb%ac%b4%ec%8b%a4%ec%95%8c%eb%a6%bc/%ea%b3%b5%ec%a7%80%ec%82%ac%ed%95%ad/?term_id&slug=1758,"[한독세미나 스피치컨테스트 안내]
12월 7일 한독세미나 중 스피치 컨테스트를 진행할 예정입니다. 스피치는 1~2분, 자유주제이며 독일어로 구성되어야 합니다.
1등: 7만원 상당의 상품
2등: 5만원 상당의 상품
3등: 3만원 상당의 상품
참가상: 1만원 문화상품권
위와 같은 상품도 드리니 많은 참가신청 부탁드려요!! 예산 편성에 따라 상품 가격은 올라갈 수 있습니다.
참가신청: 학생회장 이준영 june314@naver.com"
german_language,"[공지] 12월 ZD B1, B2 단체접수 안내",N/A,2018-10-26,https://gerlan.ssu.ac.kr/%ed%95%99%ea%b3%bc%ec%82%ac%eb%ac%b4%ec%8b%a4%ec%95%8c%eb%a6%bc/%ea%b3%b5%ec%a7%80%ec%82%ac%ed%95%ad/?term_id&slug=1757,"12월에 실시되는 ZD B1와 B2 단체 접수 신청을 받고 있습니다
신청을 원하시는 학생은 독어독문과 메일 gerlan@ssu.ac.kr로 다음과 같이 기입하여 보내주시기 바랍니다
신청마감일은 11월 7일 (수) 오후 5:00까지입니다.
생년월일 : 1996.12.25.
한글이름 : 김미소
여권상 영문이름 : KIM MISO
출생지(영문) : SEOUL
거주지(영문) : SEOUL
휴대폰번호 : 010-XXXX-XXXX"
german_language,"[안내] 국제팀 숭실외국어과정 11월토익과정 특혜 (수업료 60% 할인) – 숭실대학교,대학원 학과 대상",N/A,2018-10-02,https://gerlan.ssu.ac.kr/%ed%95%99%ea%b3%bc%ec%82%ac%eb%ac%b4%ec%8b%a4%ec%95%8c%eb%a6%bc/%ea%b3%b5%ec%a7%80%ec%82%ac%ed%95%ad/?term_id&slug=1755,"– 과 정: 토익 700+목표반, 토익 850+목표반 택 1
– 수업기간: 10월 29일 월 ~ 11월 23일 금
– 수업시간: 월화수목금, 하루 한타임 (공강시간 중 선택가능, 교차수강 가능)
– 수업료: 249,000 원  학과연계접수시 약 60% 할인된 99,000원
* 참가 희망자 접수 (이름,학번, 핸드폰번호, 10월 19일 금 오후 5시까지 / 독어독문학과 학과 사무실 혹은 이메일 )
* 참고파일 첨부"
german_language,[공지] 2018-2학기 졸업 논문계획서 제출안내,N/A,2018-09-18,https://gerlan.ssu.ac.kr/%ed%95%99%ea%b3%bc%ec%82%ac%eb%ac%b4%ec%8b%a4%ec%95%8c%eb%a6%bc/%ea%b3%b5%ec%a7%80%ec%82%ac%ed%95%ad/?term_id&slug=1753,"1. 제출기한 : 2018년 11월 09일(금) 17:00
2. 제출장소 : 독어독문학과 사무실(조만식 642호) 또는 독어독문학과 이메일 gerlan@ssu.ac.kr
3. 대상자
– 7학기 이상 이수중인 재학생
– 수료생 중 졸업예정자 신청을 한 학생
4. 작성방법
– ‘담당교수’란 기입하지 말 것
– ZD, 번역 대체자도 논문계획서를 작성해야 함
– 양식은 학과 홈페이지에 게재"
german_language,"[공지]2018 10월 ZD-B1,B2 단체접수 신청안내",N/A,2018-09-03,https://gerlan.ssu.ac.kr/%ed%95%99%ea%b3%bc%ec%82%ac%eb%ac%b4%ec%8b%a4%ec%95%8c%eb%a6%bc/%ea%b3%b5%ec%a7%80%ec%82%ac%ed%95%ad/?term_id&slug=1752,"10월에 실시되는 ZD B1와 B2 단체 접수 신청을 받고 있습니다
신청을 원하시는 학생은 독어독문과 메일 gerlan@ssu.ac.kr로 다음과 같이 기입하여 보내주시기 바랍니다
신청마감일은 9월 11일 (화) 오후 5:00까지입니다.
생년월일 : 1996.12.25.
한글이름 : 김미소
여권상 영문이름 : KIM MISO
출생지(영문) : SEOUL
거주지(영문) : SEOUL
휴대폰번호 : 010-XXXX-XXXX"
german_language,[취업안내] Aid to the Church in Need Korea (Kirche in Not),N/A,2018-08-14,https://gerlan.ssu.ac.kr/%ed%95%99%ea%b3%bc%ec%82%ac%eb%ac%b4%ec%8b%a4%ec%95%8c%eb%a6%bc/%ea%b3%b5%ec%a7%80%ec%82%ac%ed%95%ad/?term_id&slug=1751,"[취업안내] Aid to the Church in Need Korea (Kirche in Not)
교황청 재단 고통받는 교회 돕기(Aid to the Church in Need, 이하 ACN) 한국지부에서 사무직원을 모집합니다.
ACN은 1947년에 설립되어 독일 쾨니히슈타인의 본부를 기점으로 전 세계 23개국에서 모금활동을 펼치는 천주교 자선단체입니다.
독일어명 Kirche in Not로도 잘 알려져 있으며 매년 140여 개국에서 5,000개 이상의 사업을 지원하고 있습니다.
■ 근무지: 서울시 명동 가톨릭회관
■ 근무시작일: 2018년 8월 29일부터
■ 근무시간: 월~금 09:00~18:00
■ 업무내용: 사무, 회계, 모금 등
■ 자격요건: 영어(또는 독일어) 능통자, OA 가능자, 천주교 신자
■ 구비서류: 이력서, 자기소개서, 기타 필요 서류
■ 접수방법: 이메일 접수 (info@churchinneed.or.kr)
■ 접수마감일: 2018.8.22
■ 면접일정: 2018.8.24 (면접 대상자 개별 연락)
*제출서류는 반환하지 않음.
자세한 내용은 홈페이지(www.churchinneed.or.kr)를 참조해 주세요."
german_language,[인턴안내] KMAC인턴 안내,N/A,2018-08-02,https://gerlan.ssu.ac.kr/%ed%95%99%ea%b3%bc%ec%82%ac%eb%ac%b4%ec%8b%a4%ec%95%8c%eb%a6%bc/%ea%b3%b5%ec%a7%80%ec%82%ac%ed%95%ad/?term_id&slug=1749,"KMAC(한국능률협회컨설팅)에서 인턴을 모집하오니 관심있으신 분들은 참고하시기 바랍니다.
(입사지원서가 필요하신 분은 학과 이메일 gerlan@ssu.ac.kr로 요청해주시기 바랍니다)
첨부파일 참조"
german_language,[공지] 2018년 B1 단체접수 신청,N/A,2018-07-03,https://gerlan.ssu.ac.kr/%ed%95%99%ea%b3%bc%ec%82%ac%eb%ac%b4%ec%8b%a4%ec%95%8c%eb%a6%bc/%ea%b3%b5%ec%a7%80%ec%82%ac%ed%95%ad/?term_id&slug=1748,"2018.08.16에 실시되는 ZD B1 단체 접수 신청을 받고 있습니다
희망하는 학생은 7월 16일(월) 오후 4시까지 학과 사무실(820-0350)으로 연락주시기 바랍니다"
german_language,[공지] 현희교수님 방학 특강,N/A,2018-06-29,https://gerlan.ssu.ac.kr/%ed%95%99%ea%b3%bc%ec%82%ac%eb%ac%b4%ec%8b%a4%ec%95%8c%eb%a6%bc/%ea%b3%b5%ec%a7%80%ec%82%ac%ed%95%ad/?term_id&slug=1747,"현희 교수님 방학 특강
1. 모든 학생을 위한 특강
8월 6일(월) : Perfekt
8월 13일(월) : Verb + Praepostion
8월 20일(월) : Praepostionen
시간 : 12시~1시
2. B1시험을 위한 특강
날짜: 8월 6일, 7일, 13일, 14일
시간: 2시 ~
3. 참여방법
특강참여를 원하는 학생은 8월 2일(화) 17시까지 독어독문과 사무실 02-820-0350로 연락주시길 바랍니다."
german_language,[공지] 이재호 교수님 방학특강 안내,N/A,2018-06-19,https://gerlan.ssu.ac.kr/%ed%95%99%ea%b3%bc%ec%82%ac%eb%ac%b4%ec%8b%a4%ec%95%8c%eb%a6%bc/%ea%b3%b5%ec%a7%80%ec%82%ac%ed%95%ad/?term_id&slug=1746,"초급 독일어 문법 강좌
날 짜: 2018년 8월 20일 ~ 8월 30일
요 일: 월, 화, 수, 목, 금 (총 9회)
시 간: 14시 00분 ~ 16시 30분
장 소: 추후 공지
교 재: 예비 모임 후 결정
신 청: 2018년 8월 17일(금)까지 독어독문학과 사무실:
☏ 02-820-0350
예비 모임: 2018년 8월 20일(월) 14시, 조만식기념관 604호
* 강의 날짜와 시간은 예비 모임 후 변경가능
담당교수: 이재호 (☏ 02-820-0354)"
german_language,[안내] 경력개발센터 여름학기 현장실습(인턴)모집,N/A,2018-06-08,https://gerlan.ssu.ac.kr/%ed%95%99%ea%b3%bc%ec%82%ac%eb%ac%b4%ec%8b%a4%ec%95%8c%eb%a6%bc/%ea%b3%b5%ec%a7%80%ec%82%ac%ed%95%ad/?term_id&slug=1745,"여름학기 현장실습(인턴) 모집
실전경험up, 실무역량up, 자소서 고민 down되는
현장실습을 잡(Job)아라
현장실습은 학생들이 대학에서 습득한 지식을 취업 전 현장에서 적용해 봄으로써 사회적응력 및
실무능력을 갖춘 우수인재를 양성하는 것을 목적으로 하고 있습니다.
최근 사회적 변화에 따라 직무와 상관없는 스펙 위주에서 실무능력 및 경험 중시로 취업구도가
변화하고 있어 실무학습을 통한 진로설계의 필요성과 함께 현장실습의 중요성이 더욱 대두되고
있습니다.
【 유앤파트너즈 】
국내 최초 1호 여성 헤드헌터가 이끄는 업계최고의 인재추천서비스 전문가 기업인 유앤파트너즈는
국내 대기업, 공공기관, 글로벌기업 등의 임원급/경력직 인재를 소싱 및 매칭하는 써치펌으로써
고급인재 추천서비스, 평판조회, 전직지원서비스 등의 사업영역을 갖고 있습니다.
4만명의 인재DB를 구축하여 인재추천뿐만 아니라 인성/적성평가, 정부주요기관의 인재선발매뉴얼
작업 등에 참여하는 등 토털 HR서비스를 제공하고 있습니다.
현장실습생이 본 직무에 적합할 경우 2학기 연계가 가능하며, 채용전환형 인턴도 고려하고 있습니다.
● 실습내용 :
– 이력서 등록, 취업/산업동향 리포트 작성, 뉴스레터 발송, 국내외 채용정보 수집, 전화응대,
인트라넷 운영/DB 등록 업무 등
* 학습내용 : 인재발굴/인재Attraction 등 채용업무, 직무이해, Career설계, 서치펌 인트라넷/DB 관리 이해 등
● 모집요강
-모집대상 : 3, 4학년 재학생
-자격사항 : 전공무관, 워드/파워포인트 활용가능
*우대사항 : 영어회화 가능자
-선발규모 : 2명
-실습기간 : 7/2~8/31 (여름학기 및 2학기 연계 현장실습도 가능)
● 실습방식
-근무시간 : 09:00~18:00
-실습장소 : 삼성동 무역센터 트레이드타워
● 실습비 : 월 800,000원 (기업체 40만원 + 학교 40만원)
【 에이텍씨앤 】
LG전자 B2B전문유통기업으로서 B2B시장에서 LG전자의 모든 제품을 고객이 원하는 맞춤형
솔루션을 함께 공급하는 기업이며, 특히 IT제품을 기반으로 사무효율 향상을 위한 솔루션 및
디지털 사이니지에 강점을 갖고 있습니다.
또한 LG디스플레이, LG이노텍 등 LG그룹 핵심기업의 IT유지보수 서비스를 맡고 있습니다.
인재육성형 중소기업 선정, IT이노베이션대상 특별상 수상 및 LG전자 신사업발굴 우수상 수상 등
가족친화경영 및 인재경영에 힘을 쏟으면서 새로운 신사업 및 솔루션 개발을 통한 성장성이
높은 기업입니다.
● 실습내용 : 디지털마케팅직무
– 신사업팀의 온라인마케팅(LG전자 상품기획), 바이럴마케팅(SNS, 블러그관리) 및
상품출고운영관리 지원 등
* 학습내용 : 기업에서 실행되고 있는 온라인마케팅 및 바이럴마케팅 실무 체험
● 모집요강
-모집대상 : 3, 4학년 재학생
-자격사항 : Excel 활용가능
*우대사항 : 포토샵 사용가능자 우대
-선발규모 : 1명
-실습기간 : 7/2~8/24
● 실습방식
-근무시간 : 09:00~18:00
-실습장소 : 판교테크노밸리 에이텍빌딩
● 실습비 : 월 1,100,000원 (기업체 70만원 + 학교 40만원)
【LG하이프라자 】
전국 405개 LG Best Shop을 운영하고 있는 LG전자 국내유통 자회사인 LG하이프라자에서 체계적인
영업직무 체험을 받고자 하거나 영업직군을 향후 Career로 희망하는 학생들에게 매우 좋은 기회입니다.
본 현장실습은 기존에 일부 대학을 대상으로 추천을 받아 진행되어 왔으며, 금년에 저희 숭실대를
추가하여 현장실습을 진행하게 되었습니다.
본 현장실습(인턴십) 수료자 중 입사희망자는 신입사원 채용 시 서류전형 가산점 적용 등 우대하는
채용연계 기회도 제공됩니다.
● 실습내용 : 영업직군
– 전자제품 상담 및 판매, 고객관리 및 응대, 진열관리 및 재고관리
* 학습내용 : 영업직군의 필요역량인 고객응대 및 CS학습, 제품 학습, 경쟁자와 비교/개선사항 제안,
생활맞춤 컨설팅 제안 등
● 모집요강
-모집대상 : 2019년 2월 졸업예정자이면서 영업/판매직군 실습희망자
* 전공무관
* 2019년 8월 졸업예정자 중 희망자 있을 경우 별도 협의 가능
-선발규모 : 5명
-실습기간 : 6/26~7/30 총 5주,  (단, 희망자에 한해 8주 가능)
● 실습방식
-근무시간 : 11:00~20:00 (주 2회 주중 휴무)
-실습장소 : LG BEST SHOP 매장 (학생 희망 지역 우선고려 배치)
● 실습비 : 월 1,520,000원 (5주 1,900,000원)
*학교 실습지원비는 별도 없음
【 LG하이텔레서비스 】
최고수준의 고객만족서비스 역량을 갖춘 LG전자의 고객서비스 전문 자회사인 LG하이텔레서비스
에서 고객만족의 이해, 고객만족도 관리, VOC관리, MOT(Moments of Truth)마케팅 등 서비스경영을
체험할 수 있는 현장실습을 할 수 있게 되었습니다.
하이텔레서비스는 여성가족부 주관 ‘가족친화우수기업으로 인증받는 등 직원을 Care하는 가족
친화지원 프로그램과 쾌적한 근무환경을 제공하고 있습니다.
● 실습내용 및 선발규모 : 아래 3개 직무 중 희망 직무 선택(복수 지원가능)
– 인력운영 및 인사지원(근태/급여관리) 업무 : 1명
– Documentation 및 고객의 불편사항 분석 지원 : 2명
– 고객 불편사항 접수 및 해결가능 부서 전달 지원 : 7명
* 학습내용 : 고객의 소리에 대한 최고수준의 고객서비스 시스템 체험을 통한
대기업의 서비스경영 이해
● 모집요강
-모집대상 : 3,4학년 재학생
전공무관
-자격사항 : 8주 근무 가능자, MS오피스 프로그램 사용 가능자
-선발규모 : 10명
-실습기간 : 6/25~8/17 총 8주
● 실습방식
-근무시간 : 09:00~18:00
-실습장소 : 가산디지털단지 등
● 실습비 : 월 1,700,000원
*학교 실습지원비는 별도 없음
【 LG하이엠솔루텍 】
LG그룹 계열사로서 종합 냉난방 공조 및 Healthcare가전 서비스 및 메인터넌스 전문기업입니다.
시스템에어컨, GHP, Chiller, 솔루션장비 등 LG전자 냉난방 공조제품에 대한 서비스와
정수기, 공기청정기, 안마의자 등 LG전자 렌탈/케어제품의 유지관리서비스를 제공하고 있습니다.
● 실습내용 :
– 서비스센터 행정업무 지원 및 서비스 엔지니어 현장지원
* 학습내용 : 공조시스템 서비스관련 행정 및 서비스 현장 체험
● 모집요강
-모집대상 : 3, 4,학년 재학생
* 전공무관
* 밝고 긍정적인 마인드 보유 및 운전 가능자 우대
-선발규모 : 10명
-실습기간 : 7/2~8/31
● 실습방식
-근무시간 : 08:30~17:30
-실습장소 : 하이엠솔루텍 서울지역 서비스센터
● 실습비 : 월 1,000,000원 (기업 60만원 + 학교 40만원)
■ 현장실습 신청방법
1. 참가대상 기본자격기준
– 3, 4학년 재학생으로서 여름학기 현장실습교과목 수강이 가능한 자
*단, 휴학생이거나 과목수강(학점취득)없는 실습을 원할 경우 신청불가
2. 지원기한 : 6/13(수)
3. 지원방법
1) 현장실습 지원자의 기본정보를 이메일에 기재하여 경력개발센터
임성일교수에게 송부
-연락처 : silim@ssu.ac.kr, 02-828-7371
2) 기재내용 : 지원자 성명, 소속학과, 연락처, 이메일주소, 희망기업
*지원자에게 현장실습 신청 및 선발프로세스를 별도로 안내토록 하겠습니다.
최근 대기업의 현장실습(인턴) 기회가 부족하여 중견기업/강소기업의 현장실습 경험을
디딤돌로 본인이 희망하고 기업에 도전하는 것이 현명합니다.
모쪼록 학생들에게 현장실습이 향후 진로/취업설계에 큰 자산이 되면서,
사회체험 및 역량개발필요점을 파악할 수 있는 좋은 기회가 될 수 있기를 기대합니다.
경력개발센터
숭실대학교 경력개발센터
교    수         임   성   일
02-828-7371
silim@ssu.ac.kr"
german_language,[안내]2018 청년취업아카데미 인문사회 취업특화과정,N/A,2018-05-29,https://gerlan.ssu.ac.kr/%ed%95%99%ea%b3%bc%ec%82%ac%eb%ac%b4%ec%8b%a4%ec%95%8c%eb%a6%bc/%ea%b3%b5%ec%a7%80%ec%82%ac%ed%95%ad/?term_id&slug=1743,"1. 청년취업아카데미
– 교육비는 전액 국비지원으로 무료 취업지원교육
– 고용노동부, 숭실대학교, 한국지식경제진흥원이 공동으로 운영
– 높은 취업률 시현 : 3개년 평균 82%
– 자기소개서(표준본) 완성 및 인성면접, 실무면접, 임원면접스킬 완전체득
– 대기업 인사담당자 취업지원 멘토링 및 모의면접 운영
– 유통 및 마케팅 분야 국내 최고 강사진 운영
– 청년취업아카데미 수료증 및 유통’마케팅 실무전문가 자격증 수여
2. 취업지원 교육개요
모집대상 : 졸업예정자(18년 8월, 19년 2월) 25명 – 선착순 마감
교육일정 : 여름방학 집중교육 2018.06.22 ~ 08.25(주 5일)
2학기 면접대응교육 2018.09.07 ~ 10.19(주1-2일)
3. 교육과정 구성 첨부파일 참조
4.관심있는 학생은  독어독문학과 메일(gerlan@ssu.ac.kr), 혹은 전화 (02-820-0350)으로 6월 5일까지 연락바람"
german_language,[공지] 2018학년도 인문100년 장학생 안내,N/A,2018-05-10,https://gerlan.ssu.ac.kr/%ed%95%99%ea%b3%bc%ec%82%ac%eb%ac%b4%ec%8b%a4%ec%95%8c%eb%a6%bc/%ea%b3%b5%ec%a7%80%ec%82%ac%ed%95%ad/?term_id&slug=1741,"다음과 같이 인문 100년장학생을 모집하오니, 지원 자격에 충족되는 학생은 아래사항을 참고하여 지원하여 주시기 바랍니다
▣ 선발 공고문
2018학년도 인문100년장학금 신규 장학생 선발 안내
2018학년도 한국장학재단 인문100년장학금 신규 장학생 선발을 다음과 같이 안내하니, 많은 지원 바랍니다.
1. 장학금명 : 인문100년장학금
2. 장학금액 : 등록금 전액 (성적기준 충족 시 정규 등록학기 내 졸업할 때 까지 계속 지원)
3. 지원자격_전공확립유형 (아래를 모두 충족하는 학생)
가. 인문사회계열 학과(부)에 재학 중이고, 이수학기가 5학기(3학년 1학기)인 자
나. 입학 당시 교내 및 교외 4년 전액 장학생으로 선발되지 않은 자
다. 부모직장 또는 타 외부장학재단/기관에서 학자금을 지원받지 않는 자
라. 졸업 후 전공 분야로 대학원 진학을 희망하는 자 우대
마. 1~2학년(4개 학기) 학적부성적 기준 산술평균이 87점 이상인 자
바. 본교 신입학과(부)와 현재 재학중인 학과(부)가 동일한 자(전과하지 아니한 자)
4. 제출서류
가. 지원서 1부. (지정양식, 워드작성)
나. 학업계획서 1부. (지정양식, 워드작성)
다. 전인적인재성장계획서 1부. (지정양식, 워드작성)
——————————————————–(첨부파일 확인)—————–
라. 공모전 입상 및 대회수상 확인서 (해당자에 한함)
※ 선발하는 학과(부)에서 인정하는 범위를 안내하여 주시기 바랍니다.
마. 제출장소 : 독어독문학과 사무실
5. 신청기간
가. 학생 신청기간 (학생 → 학과) : 5월 10일(목) ~ 5월 16일(수)
나. 학과(부) 면접평가 : 5월 18일(금) ~ 23일(수)
다. 추천 대상자 온라인 장학금 학생 신청 : 5월 28일(월)"
german_language,[공지] 2018년 여름학교 및 교환학생 선발자 명단,N/A,2018-04-06,https://gerlan.ssu.ac.kr/%ed%95%99%ea%b3%bc%ec%82%ac%eb%ac%b4%ec%8b%a4%ec%95%8c%eb%a6%bc/%ea%b3%b5%ec%a7%80%ec%82%ac%ed%95%ad/?term_id&slug=1740,"1. 여름학교 최종 선발 명단
2016**** 남*아
2017**** 최*리
2. 교환학생 최종 선발 명단
2017**** 최*혜
2017**** 한*은"
german_language,[공지] 2018-1학기 졸업논문 제출 안내,N/A,2018-04-05,https://gerlan.ssu.ac.kr/%ed%95%99%ea%b3%bc%ec%82%ac%eb%ac%b4%ec%8b%a4%ec%95%8c%eb%a6%bc/%ea%b3%b5%ec%a7%80%ec%82%ac%ed%95%ad/?term_id&slug=1739,"1. 제출기한 : 2018년 6월 5일(화) 오후 5시
2. 제출장소 : 독어독문학과 사무실(조만식 642호)
3. 대상자
– 논문계획서를 제출한 8학기 이상 이수자 혹은 수료생 중 졸업예정자 신청을 한 학생
– 어학자격증 대체자 또한 기간 내 제출해야함
4. 논문양식
– 분량 : A4 20장 이상
– 글자크기 : 11
– 행간 : 180
– 폭, 여백은 편집하지 말 것"
german_language,[취업안내] Wallenius Wilhelmsen Ocean,N/A,2018-03-29,https://gerlan.ssu.ac.kr/%ed%95%99%ea%b3%bc%ec%82%ac%eb%ac%b4%ec%8b%a4%ec%95%8c%eb%a6%bc/%ea%b3%b5%ec%a7%80%ec%82%ac%ed%95%ad/?term_id&slug=1737,"외국기업체 Wallenius Wilhelmsen Ocean에서 근무중인 독어독문과 89학번 임대범 선배님이 인재를 모집하고 있습니다.
관심있으신 학생분들은 4월 6일(금) 17:00까지 독어독문과 사무실로 연락 주시기 바랍니다. 자세한 사항은 첨부파일을 확인해 주십시오.
독문과 사무실 02-820-0350"
german_language,[공지] 2018년 B1 단체접수 신청,N/A,2018-03-15,https://gerlan.ssu.ac.kr/%ed%95%99%ea%b3%bc%ec%82%ac%eb%ac%b4%ec%8b%a4%ec%95%8c%eb%a6%bc/%ea%b3%b5%ec%a7%80%ec%82%ac%ed%95%ad/?term_id&slug=1736,"2018.4.28에 실시되는 ZD B1 단체 접수 신청을 받고 있습니다
희망하는 학생은4월 3일(화) 오후 5시까지 학과 사무실(820-0350)으로 연락주시기 바랍니다"
german_language,[안내] ‘목요 인문 아카데미’ 수강 안내,N/A,2018-03-14,https://gerlan.ssu.ac.kr/%ed%95%99%ea%b3%bc%ec%82%ac%eb%ac%b4%ec%8b%a4%ec%95%8c%eb%a6%bc/%ea%b3%b5%ec%a7%80%ec%82%ac%ed%95%ad/?term_id&slug=1734,"2018학년도 1학기 ‘목요 인문 아카데미’를 실시하니 많은 참여 부탁드립니다
1. 기간 : 2018.3.29~5.31. (8강좌, 매주 목요일, 중간고사 기간 제외)
2. 특강시간 : 16:20 ~ 18:00 (100분)
3. 장소 : 진리관 404호
4. 수료증 수여 : 6강좌 이상 이수한 학부생 대상
5. 수강 접수 : 인문대학 E-mail (humanitas@ssu.ac.kr) – 기재사항 : 소속(학과, 학번) , 성명, 수강주차 (예: 1~8주차 or 3,4 / 7주차 등)
6. 수강생에게 식권 제공
7. 강의일정 – 첨부자료 참고"
german_language,[안내] 2018 숭실대학교 캠퍼스리쿠르팅 3월 일정 안내,N/A,2018-03-12,https://gerlan.ssu.ac.kr/%ed%95%99%ea%b3%bc%ec%82%ac%eb%ac%b4%ec%8b%a4%ec%95%8c%eb%a6%bc/%ea%b3%b5%ec%a7%80%ec%82%ac%ed%95%ad/?term_id&slug=1733,"2018 숭실대학교 캠퍼스리쿠르팅 3월 일정
-3/12(월) 13:00-15:00 벤처관 309호, CJ대한통운
-3/12(월) 15:30-16:30 형남홀 115호, 삼성전자 네트워크사업부
-3/13(화) 10:00-11:00 형남홀 115호, 삼성전자 TP센터
-3/13(화) 11:00-12:00 정보관 102호, WDB공학
-3/15(목) 14:00-16:00 베어드 103호, 삼성화재
-3/15(목) 14:00-16:00 정보관 102호, 삼성리서치(삼성전자 연구소)
-3/19(월) 16:00-17:00 형남홀 115호, 글로벌터치코리아 [일본기업 채용담당]
-3/22(목) 16:00-17:00 형남홀 115호, ASML
-3/23(금) 11:00-12:30 베어드 103호, HOPES Corporation [일본 IT기업]
-3/27(화) 14:00-16:00 형남홀 115호, 아프리카TV
-3/12(월)~15(목) 10:00-17:30 경력개발센터(학생회관 501호), 삼성화재
-3/12(월) 10:00-14:30 형남홀 2층 로비, 삼성전자 네트워크사업부
-3/13(화) 10:00-17:00 형남홀 2층 로비, 삼성물산
-3/13(화) 10:00-17:00 정보관 1층 로비, 현대오토에버
-3/13(화) 11:00-12:30 형남홀 115호 앞 로비, 삼성전자 TP센터
-3/13(화)~14(수) 10:00-17:00 형남홀 2층 로비, 삼성전자 S.LSI 사업부
-3/13(화)~15(목) 10:00-17:00 경력개발센터(학생회관 501호), 삼성SDS
-3/14(수)~15(목) 10:00-17:00 형남홀 2층 로비, 삼성전자 무선사업부
-3/14(수) 11:00-17:00 경력개발센터(학생회관 501호), 대원제약
-3/16(금) 10:00-17:00 형남홀 2층 로비, 삼성에스원
-3/19(월) 10:00-16:00 경력개발센터(학생회관 501호), 글로벌터치코리아
-3/22(목) 10:00-16:00 형남홀 2층 로비, ASML
-3/23(금) 11:00-17:00 형남홀 2층 로비, 금호건설
* 3월 12일 기준으로 작성되었으며, 위 일정은 변동될 수 있으므로
경력개발센터 홈페이지 및 전화 문의를 통해 자세히 확인하시길 바랍니다. (02-820-0168)"
german_language,[공지] 2018 -1학기 논문계획서 제출 안내,N/A,2018-03-08,https://gerlan.ssu.ac.kr/%ed%95%99%ea%b3%bc%ec%82%ac%eb%ac%b4%ec%8b%a4%ec%95%8c%eb%a6%bc/%ea%b3%b5%ec%a7%80%ec%82%ac%ed%95%ad/?term_id&slug=1731,"1. 제출기한 : 2018년 04월 05일(목) 17:00
2. 제출장소 : 독어독문학과 사무실(조만식 642호)
3. 대상자
– 7학기 이상 이수중인 재학생
– 수료생 중 졸업예정자 신청을 한 학생
4. 작성방법
– ‘담당교수’란 기입하지 말 것
– ZD, 번역 대체자도 논문계획서를 작성해야 함
– 양식은 학과 홈페이지에 게재"
german_language,[공지] 보훔대학교 교환학생 신청,N/A,2018-03-07,https://gerlan.ssu.ac.kr/%ed%95%99%ea%b3%bc%ec%82%ac%eb%ac%b4%ec%8b%a4%ec%95%8c%eb%a6%bc/%ea%b3%b5%ec%a7%80%ec%82%ac%ed%95%ad/?term_id&slug=1730,"·신청기간 : 2018년 3월 23일~3월 30일(금) 12:00까지
·신청대상 : 독어독문학과 학부생 (휴학생 포함)
·선발인원 : 2명
·제출서류 :
-자기소개서(국문1부/A4용지 2~3장 내외)
-학업계획서(국문1부/A4용지 2~3장 내외)
-성적증명서(국문1부)
-독일어국제공인어학증명서(ZD, TestDaf / 취득자에 한함)
·면접일시 : 3월 30일(금) 18:00부터
·파견기간 : 1년 (2018년 9월~2019년 8월)
·제출장소 : 독어독문학과사무실 조만식기념관 642호
※“독일 현지 여름학교 어학연수”와 중복 수혜 불가
4학년 신청 불가"
german_language,[공지] 독일현지여름학교 어학연수 지원 안내,N/A,2018-03-07,https://gerlan.ssu.ac.kr/%ed%95%99%ea%b3%bc%ec%82%ac%eb%ac%b4%ec%8b%a4%ec%95%8c%eb%a6%bc/%ea%b3%b5%ec%a7%80%ec%82%ac%ed%95%ad/?term_id&slug=1729,"독어독문학과 학생들을 대상으로 어학연수장학생을 선발합니다. 독일 현지 대학교(쾰른, 킬, 뮌헨대학교 등)에서 개설하는 여름학교(Sommerschule) 프로그램(4주간진행)에서 어학연수를 원하는 학생에게 장학금(약 150만원)을 지원합니다. 지원을 원하는 학생은 아래의 서류를 독어독문학과 사무실에 직접 제출하길 바랍니다.
·신청기간 : 2018년 3월 23일~3월 30일(금) 12:00까지
·신청대상 : 독어독문학과 학부생
·선발인원 : 2명 (전 학년 대상)
·제출서류 :
-자기소개서(국문1부/A4용지 1~2장 내외)
-학업계획서(지원동기포함/국문1부/A4용지 1~2장 내외)
·면접일시 : 3월 30일(금) 18:00부터 – 후에 공지 예정
·제출장소 : 독어독문학과사무실 조만식기념관 642호
※“교환학생 프로그램”과 중복 수혜 불가"
german_language,[안내] 2018-1학기 CoRE 튜터링 모집 안내,N/A,2018-03-06,https://gerlan.ssu.ac.kr/%ed%95%99%ea%b3%bc%ec%82%ac%eb%ac%b4%ec%8b%a4%ec%95%8c%eb%a6%bc/%ea%b3%b5%ec%a7%80%ec%82%ac%ed%95%ad/?term_id&slug=1727,"이번학기 교육개발센터에서 시행하는 ‘CoRE튜터링’ 프로그램과 관련하여 재학생 대상으로 참여자를 모집하고자 합니다.
1. 프로그램 운영 목적
가. 전공과목, 외국어 및 기초 학업역량을 제고하기 위하여 튜터제 실시
나. 학습 공동체 형성을 통해 학업 성취도 및 팀워크 능력 향상
2. 프로그램 상세내용 : 첨부자료 참조
3. 신청기간 및 접수방법
* 튜터 2.26(월) ~ 3.9(금)
* 튜티  1차 : 3.13(화) ~ 3.18(일)
2차 : 3.26(월) ~ 4.1(일)
* FUN 시스템 접수 사이트 : http://fun.ssu.ac.kr/ko/leadership/1/view/382"
german_language,[공지] 2018년 ZD B1 단체신청 안내,N/A,2018-01-23,https://gerlan.ssu.ac.kr/%ed%95%99%ea%b3%bc%ec%82%ac%eb%ac%b4%ec%8b%a4%ec%95%8c%eb%a6%bc/%ea%b3%b5%ec%a7%80%ec%82%ac%ed%95%ad/?term_id&slug=1726,"오는 2월 22일(목) 실시되는 독일어자격증시험 ZD B1에 응시하고자 하는 학생들의 수요를 조사하여 단체신청을 진행하고자 합니다.
단체신청을 원하는 학생은 2월 1일 (목) 오후 5시까지 학과사무실(820-0350)로 신청바랍니다."
german_language,[공지] 현희 교수님 2017년 겨울방학 특강 일시 안내,N/A,2017-12-27,https://gerlan.ssu.ac.kr/%ed%95%99%ea%b3%bc%ec%82%ac%eb%ac%b4%ec%8b%a4%ec%95%8c%eb%a6%bc/%ea%b3%b5%ec%a7%80%ec%82%ac%ed%95%ad/?term_id&slug=1725,"18년 2월 실시되는 독일어자격증시험 ZD B1를 대비하여 현희 교수님의 겨울방학 특강이 진행될 예정입니다.
일시: 2018년 1월 9일 (화)부터 매주 화요일
시간:15:30~17:30
장소: 조만식 326호,진리관 305호(18년 1월 23일만)"
german_language,[공지] 현희 교수님 2017년 겨울방학 특강 안내,N/A,2017-12-12,https://gerlan.ssu.ac.kr/%ed%95%99%ea%b3%bc%ec%82%ac%eb%ac%b4%ec%8b%a4%ec%95%8c%eb%a6%bc/%ea%b3%b5%ec%a7%80%ec%82%ac%ed%95%ad/?term_id&slug=1724,"18년 2월 실시되는 독일어자격증시험 ZD B1 대비하여 현희 교수님의 겨울방학 특강이 진행될 예정입니다.
관심있는 학생들의 많은 참여를 부탁드립니다.
신청기한 : 17년 12월 21일 (목) 17:00까지
신청방법: 학과사무실(820-0350)으로 유선 신청 혹은 학과메일(gerlan@ssu.ac.kr)로 이름, 학번 및 휴대전화 작성하여 전송
*특강스케줄 및 장소는 추후 개별 공지 예정"
german_language,[공지] 이재호 교수님 2017년 겨울방학 특강 안내,N/A,2017-12-05,https://gerlan.ssu.ac.kr/%ed%95%99%ea%b3%bc%ec%82%ac%eb%ac%b4%ec%8b%a4%ec%95%8c%eb%a6%bc/%ea%b3%b5%ec%a7%80%ec%82%ac%ed%95%ad/?term_id&slug=1723,"이재호 교수님께서 진행하시는 초급 / 중급 독일어 문법 강좌가 특강으로 진행될 예정입니다.
관심있는 학생 여러분의 많은 참여 부탁드립니다.
※ 초급 독일어 문법/회화 강좌
날 짜: 2017년 12월 26일(화) ~ 12월 29일(금) / 2018년 1월 2일(화) ~ 1월 5일(금) (총 8회)
시 간: 13시 00분 ~ 14시 30분
장 소: 추후 공지
교 재: 대학생을 위한 활용 독일어(1) / 유인물 제공
신청 및 예비 모임: 2017년 12월 22일(금), 13시, 독어독문학과 사무실: ☏ 02-820-0350
—————————————————————————————————
※ 중급 독일어 문법 강좌 (1차)
날 짜: 2017년 12월 26일(화) ~ 12월 29일(금) / 2018년 1월 2일(화) ~ 1월 5일(금) (총 8회)
시 간: 15시 00분 ~ 16시 30분
장 소: 추후 공지
교 재: 예비 모임 후 결정
신청 및 예비 모임: 2017년 12월 22일(금), 14시, 독어독문학과 사무실: ☏ 02-820-0350
※ 중급 독일어 문법 강좌 (2차)
날 짜: 2018년 2월 19일(월) ~ 2월 23일(금) (총 5회)
시 간: 14시 00분 ~ 16시 00분
장 소: 추후 공지
교 재: 예비 모임 후 결정
신청 및 예비 모임: 2018년 2월 16일(금), 14시, 독어독문학과 사무실: ☏ 02-820-0350
문의 및 담당교수: 이재호 (zhlie@ssu.ac.kr)"
german_language,[공지] 2017-2학기 졸업논문 제출 안내,N/A,2017-11-07,https://gerlan.ssu.ac.kr/%ed%95%99%ea%b3%bc%ec%82%ac%eb%ac%b4%ec%8b%a4%ec%95%8c%eb%a6%bc/%ea%b3%b5%ec%a7%80%ec%82%ac%ed%95%ad/?term_id&slug=1722,"1. 제출기한 : 2017년 12월 6일 (수) 오후 5시
2. 제출장소 : 독어독문학과 사무실(조만식 642호)
3. 대상자
– 논문계획서를 제출한 8학기 이상 이수자 혹은 수료생 중 졸업예정자 신청을 한 학생
4. 논문양식
– 분량 : A4 20장 이상
– 글자크기 : 11
– 행간 : 180
– 폭, 여백은 편집하지 말 것
5. 어학자격증(ZD B1, telc B1)대체자 또한 기간 내 제출해야함"
german_language,[공지] 2017 유럽연합 교육 박람회 안내,N/A,2017-10-24,https://gerlan.ssu.ac.kr/%ed%95%99%ea%b3%bc%ec%82%ac%eb%ac%b4%ec%8b%a4%ec%95%8c%eb%a6%bc/%ea%b3%b5%ec%a7%80%ec%82%ac%ed%95%ad/?term_id&slug=1721,"가 10월 28일(토) ~10월 29일(일) 오전 10시~오후 6시 그랜드 힐튼 서울 2층 그랜드볼룸에서 개최 됩니다.
참가비는 무료이며  웹사이트 (www.studyineuropefairs.co.kr)를 통해 사전등록을 해주신 분들 중 총 200분께 상품을 드립니다. (경품: 미니스피커, USB, 머그 등 1개 아이템 랜덤증정 / 방법: 사전등록 후 해당일 방문자 중 선착순 100명)
더 자세한 사항은 2017 유럽연합 교육박람회 웹사이트를 참고하시기 바랍니다.(www.studyineuropefairs.co.kr)
유럽유학에 관심이 있는 학생 여러분의 많은 참여를 부탁드립니다."
german_language,[공지] ZD B1 단체신청 안내,N/A,2017-10-23,https://gerlan.ssu.ac.kr/%ed%95%99%ea%b3%bc%ec%82%ac%eb%ac%b4%ec%8b%a4%ec%95%8c%eb%a6%bc/%ea%b3%b5%ec%a7%80%ec%82%ac%ed%95%ad/?term_id&slug=1720,"오는 12월 9일(토) 실시되는 독일어자격증시험 ZD B1에 응시하고자 하는 학생들의 수요를 조사하여 단체신청을 진행하고자 합니다.
단체신청을 원하는 학생은 11월 17일 (금) 오후 5시까지 학과사무실(820-0350)로 신청바랍니다."
german_language,[공지] 컴퓨터 활용 관련 자격증(졸업요건) 제출 안내,N/A,2017-10-17,https://gerlan.ssu.ac.kr/%ed%95%99%ea%b3%bc%ec%82%ac%eb%ac%b4%ec%8b%a4%ec%95%8c%eb%a6%bc/%ea%b3%b5%ec%a7%80%ec%82%ac%ed%95%ad/?term_id&slug=1718,"학칙에 의거하여 2014학년도 이후 입학자는 컴퓨터 활용 관련 자격증을 마이크로소프트사가 인증하는 MOS Excel Expert를 포함하여 2개 이상 취득하여야 졸업할 수 있습니다.
이와 관련하여 2가지 이상의 자격증을 취득한 학생들의 자격증을 학과 사무실에서 접수받을 예정이오니 제출을 바랍니다. (졸업예정시기 아니어도 2가지 이상 취득했을 시 미리 제출 가능)
**특히 18년도 2월 졸업 예정인 14학번 학생들은 꼭 자격증을 기한내 제출하시기 바랍니다!
학과(부)별 인정가능(또는 불가능)한 자격증 리스트를 첨부해 드리니 꼭 확인하시기 바랍니다.
*제출기한: 2017.10.18 (수) 09:00~2017.10.31 (화) 17:30
*제출장소: 독어독문학과 사무실 (조만식 642호)
*준비물: 자격증 원본
더 자세한 사항은 학교 홈페이지를 참고하시기 바랍니다."
german_language,[공지] 2017-2학기 논문계획서 제출 안내,N/A,2017-10-10,https://gerlan.ssu.ac.kr/%ed%95%99%ea%b3%bc%ec%82%ac%eb%ac%b4%ec%8b%a4%ec%95%8c%eb%a6%bc/%ea%b3%b5%ec%a7%80%ec%82%ac%ed%95%ad/?term_id&slug=1716,"1. 제출기한 : 2017년 11월 7일 (화) 17:00
2. 제출장소 : 독어독문학과 사무실(조만식 642호)
3. 대상자
– 7학기 이상 이수중인 재학생
– 수료생 중 졸업예정자 신청을 한 학생
4. 작성방법
– ‘담당교수’란 기입하지 말 것
– ZD, 번역 대체자도 논문계획서를 작성해야 함
– 양식은 학과 홈페이지에 게재"
german_language,[공지] 재단법인 숭실대학교 장학회 2017-2학기 장학생 선발 안내,N/A,2017-08-24,https://gerlan.ssu.ac.kr/%ed%95%99%ea%b3%bc%ec%82%ac%eb%ac%b4%ec%8b%a4%ec%95%8c%eb%a6%bc/%ea%b3%b5%ec%a7%80%ec%82%ac%ed%95%ad/?term_id&slug=1714,"재단법인 숭실대학교 장학회에서 2017년도 제2학기 장학생 선발을 실시합니다.
학우 여러분의 많은 관심바랍니다.
1. 장학 재단 : 재단법인 숭실대학교 장학회 (http://alumnus.ssu.ac.kr)
2. 선발유형
가. 120시간 선물 장학금 : 숭실개교 120주년을 기념하여 “후배에게 시간당 1만원 120시간 120만원 선물하기 캠페인”을
통한  특별장학금
나. 장학회선발 장학생 : 2010년부터 (재)숭실대학교 장학회에서 선발하고 있는 장학생
2. 장학 금액
가. 장학재단 장학생 : 2017- 2학기 수업료 반액 이내
나. 120시간 선물 장학금  : 120만원
* 학교 및 국가장학금 등 외부장학금 수혜여부에 관계없이 생활비지원
3. 선발 인원 : 위 가, 나 선발유형 총 80명 내외
4. 지원 자격
가. 학교생활이 활동적이고 모범적이면서 리더십 있는 학생
(국기장학금 신청여부와 무관)
나. 숭실을 사랑하며 재학 중 및 졸업 후 총동문회 활동을 적극적으로 할 수 있는 학생
다. 2017-2학기 3,4학년으로 재학 예정 학생
라. 직전학기 성적 3.0 이상 (직전학기 15학점 이상, 최종직전학기 12학점 이상 이수)인 학생
* 가점배정 : 현재 사회봉사활동을 하고 있거나 사회봉사활동 경력이 있는 학생
5. 제출 서류
가. 장학생 지원서 (재단양식) 1부
나. 자기소개서 (자유양식) – A4용지 2매 이내
다. 학과장 또는 지도교수 추천서 (재단양식) 1부
라. 성적증명서 (열람용) 1부
마. 봉사활동 및 사회활동 증명서 (해당자) 1부
* 지원서양식 (http://alumnus.ssu.ac.kr)에서 다운로드
6. 지원 기간 및 장소
가. 지원기간 : 8월 18일(금) ~ 9월 6일(수) 오후 5시까지,
직접 접수(우편접수 불가)
나. 장    소 : 재단법인 숭실대학교 장학회 (숭실대 후문 창의관 뒤편)
서울시 동작구 상도로  61길 74  (재)숭실대학교 장학회
전화 (02) 820-0863-4  Fax: (02) 820-0066  E-mail :scholar@ssu.ac.kr
7. 선발 일정
가. 서류심사 발표 및 면접 대상자 발표 : 9월 7일(월) 또는 8일(화)
나. 면접 심사 : 9월 11일(수)
다. 최종 합격자 발표 : 9월 13(목)
라. 장학증서 수여식 : 9. 28(목). 15:00 형남공학관 2층 형남홀 (선발자는 반드시 참석해야 함)
※ 상기일정은 다소 변경될 수 있습니다."
german_language,[공지] 2018/2019 독일정부초청 장학생(DAAD 장학생)선발 안내,N/A,2017-08-02,https://gerlan.ssu.ac.kr/%ed%95%99%ea%b3%bc%ec%82%ac%eb%ac%b4%ec%8b%a4%ec%95%8c%eb%a6%bc/%ea%b3%b5%ec%a7%80%ec%82%ac%ed%95%ad/?term_id&slug=1712,"2018/2019 독일정부초청 장학생(DAAD 장학생) 선발을 아래와 같이 안내하오니, 관심있는 학생은 하기 DAAD 홈페이지에서 지원자격 및 세부사항을 확인하여 주시기 바랍니다.
가. 선발분야
1) 모든 대졸자 장학금
2) 독일에서 박사학위 취득 연구장학금
3) 연구장학금(1년)
4) 연구장학금(6개월 이하)
5) 대학/대학원생 서머코스 장학금
6) 건축학 분야 대졸자 장학금
7) 공연예술 전공 대졸자 장학금
8) 미술, 디자인/비주얼 커뮤니케이션, 영화 분야 대졸자 장학금
9) 음악 전공분야 대졸자를 위한 장학금
나. 분야별 장학금 내역, 기간, 준비사항 등 : 붙임 파일 해당 항목에서 확인
다. 세부사항 확인처 : http://www.daad.or.kr/ko/23443/index.html
라. 문의처 : 주한독일고등교육진흥원 (2-324-0655, info@daad.or.kr)"
german_language,[공지] ZD B2 단체신청 및 현희 교수님 특강 안내,N/A,2017-07-03,https://gerlan.ssu.ac.kr/%ed%95%99%ea%b3%bc%ec%82%ac%eb%ac%b4%ec%8b%a4%ec%95%8c%eb%a6%bc/%ea%b3%b5%ec%a7%80%ec%82%ac%ed%95%ad/?term_id&slug=1711,"오는 9월 25일(월) 실시되는 독일어자격증시험 ZD B2에 응시하고자 하는 학생들의 수요를 조사하여 단체신청을 진행하고자 합니다.
단체신청을 원하는 학생은 8월 27일 오후 5시까지 학과사무실(820-0350)로 신청바랍니다.
아울러 B2 시험 관련하여 현희 교수님의 특강이 진행되고 있으며, 스터디 또한 구성되어 있습니다.
특강 및 스터디와 관련하여 문의사항은 나용성 학생(연락처 과사무실 문의)에게 문의하시기 바랍니다."
german_language,[공지] 이재호 교수님 2017년 여름방학 특강 안내,N/A,2017-06-19,https://gerlan.ssu.ac.kr/%ed%95%99%ea%b3%bc%ec%82%ac%eb%ac%b4%ec%8b%a4%ec%95%8c%eb%a6%bc/%ea%b3%b5%ec%a7%80%ec%82%ac%ed%95%ad/?term_id&slug=1710,"초급 독일어 문법 강좌
날 짜: 2017년 7월 04일 ~ 7월 27일
요 일: 화, 목 (총 8회)
시 간: 14시 00분 ~ 16시 30분
장 소: 추후 공지
교 재: 예비 모임 후 결정
신 청: 2017년 6월 27일(화)까지 독어독문학과 사무실: ☏ 02-820-0350
예비 모임: 2017년 6월 28일(수) 14시, 조만식기념관 604호
* 강의 날짜와 시간은 예비 모임 후 변경가능
담당교수: 이재호 (☏ 02-820-0354)"
german_language,[공지] 개교 120주년 기념 광고 공모전 안내,N/A,2017-06-02,https://gerlan.ssu.ac.kr/%ed%95%99%ea%b3%bc%ec%82%ac%eb%ac%b4%ec%8b%a4%ec%95%8c%eb%a6%bc/%ea%b3%b5%ec%a7%80%ec%82%ac%ed%95%ad/?term_id&slug=1708,"개교 120주년을 맞아 아래와 같이 인쇄광고 공모전을 개최하고자 하니 많은 참여바랍니다.
*참가지원서 및 개인정보수집이용동의서는 학교홈페이지 공지사항을 참고하시길 바랍니다.
1. 목적 및 취지
가. 개교 120주년 역사에 대한 관심 증대
나. 구성원이 제작한 광고를 게재함으로써 본교에 대한 애교심 상승
다. 기존과 다른 새로운 시각의 본교 이미지 광고 제작
2. 세부계획
가. 응모주제: 숭실대학교 개교 120주년
나. 분야: 인쇄광고
다. 대상: 학생, 동문 및 교·직원
라. 접수기간: 2017.04.28.(금) ~ 2017.06.09.(금)
마. 제출방법
∙이메일 제출 (pr@ssu.ac.kr)
∙온라인 출품 시에는 실사이즈로 72dpi jpg파일로 변환하여 제출
∙포토샵 사용 시 CMYK로 제작 후 RGB모드로 변환하여 jpg파일로 첨부
∙A2(가로420mm*세로594mm, 가로세로 판형변형 불가)
∙용량 4MB 이내
∙최종 수상작품은 추후 원본파일을 제출 (AI, PSD 등 300dpi 이상의 해상도)
∙120주년 엠블럼과 학교 로고는 반드시 포함되어야 함
∙120주년 엠블럼은 본교 홈페이지 (대학소개>역사및상징>UI)에서 다운 필수
3. 시상내역
가. 대상: 1명(5,000,000원)
나. 금상: 1명(2,000,000원)
다. 은상: 4명(500,000원)
라. 동상: 5명(200,000원)"
german_language,[채용] 유라코퍼레이션 채용설명회 안내,N/A,2017-05-19,https://gerlan.ssu.ac.kr/%ed%95%99%ea%b3%bc%ec%82%ac%eb%ac%b4%ec%8b%a4%ec%95%8c%eb%a6%bc/%ea%b3%b5%ec%a7%80%ec%82%ac%ed%95%ad/?term_id&slug=1707,"유라코퍼레이션은 자동차 전장부품 전문기업(현대기아차 1차 협력사)으로 글로벌 경영을 확대해 나가고 있는 비젼있고 활기찬 기업입니다. 당사에서는 유럽 R&D분소(독일)에 근무할 독일어 가능한 신입사원을 모집하니 관심있는 인재들의 많은 지원바랍니다.
1. 회사소개
– 매 출 액 : 약 1조3천5백억원 (2016년)
– 직 원 수 : 2,050명 (국내)
– 사 업 장
☞ 연 구 소   (국내) 판교, 평택                        (해외) 독일, 중국
☞ 제조공장  (국내) 평택, 화성, 청주, 경주 등    (해외) 중국, 멕시코, 슬로바키아, 러시아 등
– 주요제품 : 와이어링하네스, 커넥터, 전장부품(스마트정션박스, 차량통신네트워크시스템 등 )
– 홈페이지 : www.yuracorp.co.kr
2. 채용설명회 일시 및 장소 : 5/31(수) 13:00 ~ 16:00, 학과 사무실(조만식642호)
3. 진행형식 : 채용 담당자와 1:1 상담
4. 모집요강
– 모집분야 : 독일어 가능자
– 자격요건
• 독일어(필수) & 영어(우대) 가능자
• 17년 8월, 18년 2월 (졸업예정자 또는 기졸업자)
• 전공 무관 (비공학 전공자지원 가능)
– 직무내용
• 본 채용은 당사 유럽R&D분소(독일)에서 근무할 설계/개발 인력을 채용하는 건으로 국내 R&D센터에서 일정기간 업무지식 습득 후 해외 파견 예정입니다.
5.지원서 제출
– 당사 채용 홈페이지에서 온라인 입사지원서 제출  (http://recruit.yura.co.kr)
– 접수기간 : 2017.05.16(화) ~ 06.04(일) 까지"
german_language,[공지] 2017-1학기 졸업논문 제출 안내,N/A,2017-04-14,https://gerlan.ssu.ac.kr/%ed%95%99%ea%b3%bc%ec%82%ac%eb%ac%b4%ec%8b%a4%ec%95%8c%eb%a6%bc/%ea%b3%b5%ec%a7%80%ec%82%ac%ed%95%ad/?term_id&slug=1706,"1. 제출기한 : 2017년 6월 7일(수) 오후 5시
2. 제출장소 : 독어독문학과 사무실(조만식 642호)
3. 대상자
– 논문계획서를 제출한 8학기 이상 이수자 혹은 수료생 중 졸업예정자 신청을 한 학생
4. 논문양식
– 분량 : A4 20장 이상
– 글자크기 : 11
– 행간 : 180
– 폭, 여백은 편집하지 말 것"
german_language,[공지] 2017년 여름학교 및 교환학생 선발자 명단,N/A,2017-03-31,https://gerlan.ssu.ac.kr/%ed%95%99%ea%b3%bc%ec%82%ac%eb%ac%b4%ec%8b%a4%ec%95%8c%eb%a6%bc/%ea%b3%b5%ec%a7%80%ec%82%ac%ed%95%ad/?term_id&slug=1705,"1. 여름학교 최종 선발 명단
2016**** 강*길
2. 교환학생 최종 선발 명단
합격자 없음"
german_language,[공지] 2017-1학기 논문계획서 제출 안내,N/A,2017-03-06,https://gerlan.ssu.ac.kr/%ed%95%99%ea%b3%bc%ec%82%ac%eb%ac%b4%ec%8b%a4%ec%95%8c%eb%a6%bc/%ea%b3%b5%ec%a7%80%ec%82%ac%ed%95%ad/?term_id&slug=1703,"1. 제출기한 : 2017년 04월 05일(수) 17:00
2. 제출장소 : 독어독문학과 사무실(조만식 642호)
3. 대상자
– 7학기 이상 이수중인 재학생
– 수료생 중 졸업예정자 신청을 한 학생
4. 작성방법
– ‘담당교수’란 기입하지 말 것
– ZD, 번역 대체자도 논문계획서를 작성해야 함
– 양식은 학과 홈페이지에 게재"
german_language,[공지] 보훔대학교 교환학생 프로그램 신청,N/A,2017-03-03,https://gerlan.ssu.ac.kr/%ed%95%99%ea%b3%bc%ec%82%ac%eb%ac%b4%ec%8b%a4%ec%95%8c%eb%a6%bc/%ea%b3%b5%ec%a7%80%ec%82%ac%ed%95%ad/?term_id&slug=1702,"·신청기간 : 2017년 3월 24일~3월 30일(목) 12:00까지
·신청대상 : 독어독문학과 학부생 (휴학생 포함)
·선발인원 : 2명
·제출서류 :
-자기소개서(국문1부/A4용지 2~3장 내외)
-학업계획서(국문1부/A4용지 2~3장 내외)
-성적증명서(국문1부)
-독일어국제공인어학증명서(ZD, TestDaf / 취득자에 한함)
·면접일시 : 3월 30일(목) 18:00부터
·파견기간 : 1년 (2017년 9월~2018년 8월)
·제출장소 : 독어독문학과사무실 조만식기념관 642호
※“독일 현지 여름학교 어학연수”와 중복 수혜 불가
4학년 신청 불가"
german_language,[공지] 독일현지여름학교 어학연수 지원,N/A,2017-03-03,https://gerlan.ssu.ac.kr/%ed%95%99%ea%b3%bc%ec%82%ac%eb%ac%b4%ec%8b%a4%ec%95%8c%eb%a6%bc/%ea%b3%b5%ec%a7%80%ec%82%ac%ed%95%ad/?term_id&slug=1701,"독어독문학과 학생들을 대상으로 어학연수장학생을 선발합니다. 독일 현지 대학교(쾰른, 킬, 뮌헨대학교 등)에서 개설하는 여름학교(Sommerschule) 프로그램(4주간진행)에서 어학연수를 원하는 학생에게 장학금(약 150만원)을 지원합니다. 지원을 원하는 학생은 아래의 서류를 독어독문학과 사무실에 직접 제출하길 바랍니다.
·신청기간 : 2017년 3월 24일~3월 30일(목) 12:00까지
·신청대상 : 독어독문학과 학부생
·선발인원 : 2명 (전 학년 대상)
·제출서류 :
-자기소개서(국문1부/A4용지 1~2장 내외)
-학업계획서(지원동기포함/국문1부/A4용지 1~2장 내외)
·면접일시 : 3월 30일(목) 18:00부터
·제출장소 : 독어독문학과사무실 조만식기념관 642호
※“교환학생 프로그램”과 중복 수혜 불가"
german_language,[공지] 현희 교수님 2016년 겨울방학 특강 안내,N/A,2017-01-17,https://gerlan.ssu.ac.kr/%ed%95%99%ea%b3%bc%ec%82%ac%eb%ac%b4%ec%8b%a4%ec%95%8c%eb%a6%bc/%ea%b3%b5%ec%a7%80%ec%82%ac%ed%95%ad/?term_id&slug=1700,"1. ZD B1
– 날짜 : 1월 10일(화), 17일(화), 24일(화), 31일(화)
(2 월 시간표는 24일 학생들과 함께 작성)
– 시간 : 오후 2시
– 장소 :  글로벌 브레인 316호
2. ZD B2
– 날짜 : 1월 10일(화), 17일(화), 24일(화), 31일(화)
(2 월 시간표는 24일 학생들과 함께 작성)
– 시간 : 오후 3시
– 장소 : 글로벌 브레인 316호"
german_language,[공지] 김대권 교수님 2016년 겨울방학 특강 안내,N/A,2016-12-13,https://gerlan.ssu.ac.kr/%ed%95%99%ea%b3%bc%ec%82%ac%eb%ac%b4%ec%8b%a4%ec%95%8c%eb%a6%bc/%ea%b3%b5%ec%a7%80%ec%82%ac%ed%95%ad/?term_id&slug=1699,"서양고전탐색(14)
2016년 겨울방학에 김대권 교수님과 함께 니체의 <차라투스트라는 이렇게 말했다>를 같이 읽으려고 합니다.
관심 있는 학생들의 많은 참여를 바랍니다.
일     시: 2017년 1월 중(모임 일시와 횟수는 예비모임에서 논의)
신     청: 2016년 12월 26일(월)까지 독어독문학과 사무실
예비 모임: 2016년 12월 27일(화) 오후 2시 조만식기념관 632호
교     재: <차라투스트라는 이렇게 말했다>(정동호 역, 책세상 2000, 니체전집 13)"
german_language,[공지] 2017학년도 전기 대학원 입학성적우수장학생 선발 안내,N/A,2016-12-01,https://gerlan.ssu.ac.kr/%ed%95%99%ea%b3%bc%ec%82%ac%eb%ac%b4%ec%8b%a4%ec%95%8c%eb%a6%bc/%ea%b3%b5%ec%a7%80%ec%82%ac%ed%95%ad/?term_id&slug=1698,"2017학년도 전기 대학원 입학성적우수장학생 선발 안내
1. 자격
가. 2017년 2월 본교 학부 졸업예정자
나. 직전 3학기 성적(F학점 포함 열람용 학적부성적) 평균평점 3.75 이상인 자
다. 학석연계과정 중인 학생도 위의 조건을 충족하면 지원 가능함
2. 수혜기간 : 2년(4학기)
3. 지원금액 : 수업료 전액 지급
가. 학과 내 두 가지 이상 과정의 운영으로 수업료가 상이한 경우, 가장 적은 금액 기준으로 지급(예 : 복수학위과정)
나. 입학성적우수장학생이 학사조교B를 겸하는 경우에는 해당 입학성적우수장학금의 반액으로 지급
4. 선발 : 지원자격을 만족하는 자 중에서 다음 기준에 따라 배정인원 범위내 선발
가. 직전 3학기 성적(열람용, F학점 포함) 평균평점 기준 상위 30% 이내인 자
예) 8학기 졸업예정자의 경우, 직전 3학기(5,6,7학기) 수강과목의 평균평점 (열람용, F포함) 기재
나. 졸업예정자의 직전 3학기는 8학기 졸업예정자는 8학기 중 5,6,7학기로 함. 다만, 조기졸업예정자 및 9학기이상 졸업예정자, 수료생 졸업예정자는 졸업 직전 3학기로 하며, 8학기 졸업예정자 및 조기졸업예정자의 경우 9학기이상 졸업예정자 및 수료생 졸업예정자 보다 우선하여 선발함.
다. 선발시 선발학과 내 동일학과 졸업예정자를 우선으로 선발하며, 타학과 졸업예정자는 후순위로 선발
라. 입학성적우수장학생은 원칙적으로 입학후 학업전념 학생을 우선으로 선발함.
5. 입학성적우수장학생 의무 준수사항
1. 입학성적우수장학생은 입학 후 매학기 성적이 A-(4.00)를 유지하여야만 장학금 수혜를 받을 수 있다.
2. 입학성적우수장학생은 입학 후 휴학을 할 수가 없으며, 휴학을 할 경우 자격이 상실된다. 단, 질병(진단서 제출), 군입대(입영통지서 제출), 기타 사고 등은 예외로 한다.
3. 입학성적우수장학생에게는 입학 후 학과주임교수가 필요시 교육 및 연구 지원업무를 담당하게 할 수 있으며, 불응할 경우 자격을 상실한다.
6. 일정
가. 2017학년도 전기 대학원 신·편입생 수시모집 원서접수기간이 만료되면 학과별 지원자 중 2017년 2월 본교 학부 졸업예정자 및 학석연계과정 진학예정자 현황를 학과로 송부하여 학과에 입학성적우수 장학생 추천을 안내할 예정임.(추천마감일 2017.1.3.예정)
나. 위의 사항은 2017학년도 전기 수시모집부터 적용하나, 2017학년도 전기모집에 한하여 2017학년도 전기 정시모집 지원자의 경우 위의 지원자격(9학기 이상 및 수료생  졸업예정자 포함)에 해당하면 2017학년도 전기 수시모집 입학성적우수장학금 지원시 지원할 수 있음."
german_language,[공지] 2017학년도 1학기 학·석사연계과정 지원 및 선발 안내,N/A,2016-11-22,https://gerlan.ssu.ac.kr/%ed%95%99%ea%b3%bc%ec%82%ac%eb%ac%b4%ec%8b%a4%ec%95%8c%eb%a6%bc/%ea%b3%b5%ec%a7%80%ec%82%ac%ed%95%ad/?term_id&slug=1697,"2017학년도 1학기 학·석사연계과정 지원 및 선발 안내
1. ‘학·석사연계과정’이란?
학사과정의 교육과정과 대학원 교육과정을 상호 연계하여 운영하는 과정으로 학사과정 3.5년(건축학부 건축학전공은 4.5년), 석사과정 1.5년에 학사학위 및 석사학위를 취득하는 과정
2. 모집학과 : 학사과정과 석사과정에 동일(또는 유사) 학과가 있는 학과(계약학과 제외)
3. 모집인원 : 석사과정 입학정원의 20% 내에서 모집
4. 지원자격 : 다음 각 호 모두에 해당되는 자
가. 지원일 당시 학사과정 4학기 또는 5학기(건축학부 건축학전공은 6학기 또는 7학기)를 이수 한 자
=> 5학기 또는 6학기 개시 전(건축학부 건축학전공은 7학기 또는 8학기 개시 전)인 학생만 지원 가능
나. 재수강 이전 과목, 학점 포기한 과목, F학점 과목 등을 포함한 전체 과목의 총평점평균이 3.3/4.5 이상인 자
다. 7학기(건축학부 건축학전공은 9학기)에 학사과정의 졸업요건을 충족할 수 있는 자
라. 지원하고자 하는 일반대학원 학과 주임교수와 지도교수의 추천을 받은 자
마. 지원하고자 하는 일반대학원의 동일(또는 유사)학과를 주전공 또는 복수전공하는 자
(부전공, 연계전공은 해당없음)
5. 지원기간 : 2016년 12월 12일(월) ~ 2016년 12월 30일(금) 10:00 ~ 17:00
6. 지원방법 : 제출서류를 구비하여 대학원 교학팀(웨스트민스터홀 658호)으로 방문 접수
7. 제출서류 : 학·석사연계과정신청서(학업계획서, 추천서 포함)(양식 다운로드) 1부
8. 합격자 발표 : 2017년 1월 20일(금) 예정
9. 합격자 혜택
가. 학위취득기간 단축
나. 석사과정 입학금, 입학시험 면제
다. 학사과정 중 일반대학원 과목 수강신청 시 학기당 3학점 추가로 수강신청 가능
라. 학사과정 중 취득한(학사과정 졸업학점 초과 이수) 동일(또는 유사)학과의 일반대학원 과목 3학점~9학점까지 석사과정
학점으로 인정됨(신청시)
10. 자격상실
가. 일반대학원 입학 전에 학·석사연계과정을 중도 포기한 경우(포기신청서 제출)
나. 학사과정 7학기 이수 후 재수강 이전 과목, 학점포기한 과목, F학점 과목 등을 포함한 전체 과목의 총평점평균이 3.3/4.5
미만인 경우
다. 학사과정을 7학기에 모두 이수하지 못한 경우
라. 학사과정 중 졸업학점을 초과하여 일반대학원 과목을 3학점 이상 취득하지 못한 경우
마. 석사과정 첫 학기에 일반대학원 입학 등록을 하지 않은 경우
바. 석사과정을 3학기에 모두 이수하지 못한 경우
사. 석사과정 3학기 이수 후 총평점평균이 4.0/4.5 미만인 경우
11. 유의사항
가. 학사과정 중 학·석사연계과정 중도포기 시 정규학기(8학기) 등록
나. 석사과정 중 학·석사연계과정 중도포기 시 정규학기(4학기) 등록
다. 석사과정 첫 학기 휴학 및 자퇴 불가
라. 석사과정 전과 불가
마. 석사과정 첫 학기에 일반대학원 입학 등록을 하지 않은 경우 학사학위가 취소됨
바. 학·석사연계과정과 조기졸업은 동시에 신청 불가능, 학·석사연계과정 신청을 한 경우 조기졸업 신청을 할 수 없음
12. 문의처 : 대학원 교학팀(02-820-0258~9, grad@ssu.ac.kr)"
german_language,[학생회 공지] 학생회 행사 안내,N/A,2016-11-21,https://gerlan.ssu.ac.kr/%ed%95%99%ea%b3%bc%ec%82%ac%eb%ac%b4%ec%8b%a4%ec%95%8c%eb%a6%bc/%ea%b3%b5%ec%a7%80%ec%82%ac%ed%95%ad/?term_id&slug=1696,"간식행사를 진행합니다
11월 24일 목요일 12시부터~
살짝 푸짐한 메뉴(무려…KFC어메이징세트)로 선착순 55명에게 드릴 예정이니 많은 사랑과 관심 가져주세요
☝한독세미나가 얼마 남지 않았습니다 >> 12월 8일
학과 여러분들의 끼와 재능을 보여주세요! 상금이 기다리고 있습니다 독일어, 독문학과 관련된 학술적인 주제이면 가산점이 부여된다고 합니다!
✌️종강 총회가 진행됩니다 >> 12월 1일
이번 종강 총회에는 비대위 관련하여 학칙을 개정하고자 합니다. 학과 여러분들의 많은 참석 부탁드립니다.image3.PNGimage2.PNG"
german_language,[학생회 공지] 2016-2학기 중간고사 간식행사,N/A,2016-10-10,https://gerlan.ssu.ac.kr/%ed%95%99%ea%b3%bc%ec%82%ac%eb%ac%b4%ec%8b%a4%ec%95%8c%eb%a6%bc/%ea%b3%b5%ec%a7%80%ec%82%ac%ed%95%ad/?term_id&slug=1695,"안녕하세요.
중간고사를 맞이하여 10월 13일 낮 12시부터 과방에서 햄치즈토스트를 나누어 드립니다!!
많은 참여 부탁 드립니다.
그리고, 중간고사 기간인 10월 17일 부터 약 열흘 간 미래관 2-4층을 12시까지 개방한다고 하니
학우여러분의 열공을 기원합니다."
german_language,[공지] 2016-2학기 졸업논문 제출 안내,N/A,2016-09-30,https://gerlan.ssu.ac.kr/%ed%95%99%ea%b3%bc%ec%82%ac%eb%ac%b4%ec%8b%a4%ec%95%8c%eb%a6%bc/%ea%b3%b5%ec%a7%80%ec%82%ac%ed%95%ad/?term_id&slug=1694,"1. 제출기한 : 2016년 11월 16일(수) 오후 5시
2. 제출장소 : 독어독문학과 사무실(조만식 642호)
3. 대상자
– 논문계획서를 제출한 8학기 이상 이수자 혹은 수료생 중 졸업예정자 신청을 한 학생
4. 논문양식
– 분량 : A4 20장 이상
– 글자크기 : 11
– 행간 : 180
– 폭, 여백은 편집하지 말 것"
german_language,[공지] 2016-2학기 논문계획서 제출 안내,N/A,2016-09-07,https://gerlan.ssu.ac.kr/%ed%95%99%ea%b3%bc%ec%82%ac%eb%ac%b4%ec%8b%a4%ec%95%8c%eb%a6%bc/%ea%b3%b5%ec%a7%80%ec%82%ac%ed%95%ad/?term_id&slug=1692,"1. 제출기한 : 2016년 09월 30일(금) 17:00
2. 제출장소 : 독어독문학과 사무실(조만식 642호)
3. 대상자
– 7학기 이상 이수중인 재학생
– 수료생 중 졸업예정자 신청을 한 학생
4. 작성방법
– ‘담당교수’란 기입하지 말 것
– ZD, 번역 대체자도 논문계획서를 작성해야 함"
german_language,[공지] 2016-2학기 김대권교수님과 함께 하는 독서토론세미나,N/A,2016-08-11,https://gerlan.ssu.ac.kr/%ed%95%99%ea%b3%bc%ec%82%ac%eb%ac%b4%ec%8b%a4%ec%95%8c%eb%a6%bc/%ea%b3%b5%ec%a7%80%ec%82%ac%ed%95%ad/?term_id&slug=1691,"1. 일    시: 9월 중순부터 월요일 오후 6시(중간고사 기간 제외)
2. 장    소: 연구실(조만식 기념관 632호)
3. 예비모임: 9월 19일(월) 오후 6시 연구실
4. 모임일정: 1회(9월 26일), 2회(10월 10일), 3회(11월 7일), 4회(11월 14일), 5회(11월 28일)
** 모임일정은 추후 변경 가능
교 재:
플라톤 대화편 5권(이제이북스 출판사)
<프로타고라스>(강성훈 역), <파이드로스>(김주일 역), <소피스트>(이창우 역)
<필레보스>(이기백 역), <고르기아스>(김인곤 역)
관심 있는 학생들은 학교 도서관 홈페이지에서 신청 바랍니다."
german_language,[학생회 공지] 과방 이용 안내,N/A,2016-07-04,https://gerlan.ssu.ac.kr/%ed%95%99%ea%b3%bc%ec%82%ac%eb%ac%b4%ec%8b%a4%ec%95%8c%eb%a6%bc/%ea%b3%b5%ec%a7%80%ec%82%ac%ed%95%ad/?term_id&slug=1690,"안녕하세요 학우여러분, 독어독문학과 학생회입니다.
방학 기간 동안 과방의 청결유지를 위해 분리수거통만 남겨두고 일반 쓰레기통은 잠시 치워두기로 하였습니다.
조금 불편하더라도 깨끗하고 쾌적한 과방을 위해
각종 음식물이 담긴 통& 일반쓰레기는 조만식 3층의 쓰레기통에 버려주시기 바랍니다. 감사합니다."
german_language,[공지] 이재호 교수님 2016년 여름방학 특강 안내,N/A,2016-06-16,https://gerlan.ssu.ac.kr/%ed%95%99%ea%b3%bc%ec%82%ac%eb%ac%b4%ec%8b%a4%ec%95%8c%eb%a6%bc/%ea%b3%b5%ec%a7%80%ec%82%ac%ed%95%ad/?term_id&slug=1689,"<초급 독일어 문법 강좌>
1. 날 짜 : 2016년 7월 05일 ~ 7월 26일
2. 요 일 : 화, 목 (총 7회)
3. 시 간 : 14시 00분 ~ 16시 00분
4. 장 소 : 추후 공지
5. 교 재 : 예비 모임 후 결정
신 청 : 2016년 6월 24일(금)까지 독어독문학과 사무실: ☏ 02-820-0350
예비 모임 : 2016년 6월 27일(월) 13시, 조만식기념관 604호
* 강의 날짜와 시간은 예비 모임 후 변경가능"
german_language,[공지] 현희 교수님 2016년 여름방학 특강 안내,N/A,2016-06-13,https://gerlan.ssu.ac.kr/%ed%95%99%ea%b3%bc%ec%82%ac%eb%ac%b4%ec%8b%a4%ec%95%8c%eb%a6%bc/%ea%b3%b5%ec%a7%80%ec%82%ac%ed%95%ad/?term_id&slug=1688,"1. 기초독회화1
– 날짜 : 6월 23일(목), 28일(화), 7월 28일(목), 8월 2일(화), 9일(화), 18일(목), 30(화)
– 시간 : 오후 12시 30분
– 장소 : 교육관 202호 (7~8월 강의실 추후 공지 예정)
2. ZD B1
– 날짜 : 6월 23일(목), 28일(화), 7월 28일(목), 8월 2일(화), 9일(화), 18일(목), 30(화)
– 시간 : 오후 2시
– 장소 : 교육관 202호 (7~8월 강의실 추후 공지 예정)
3. ZD B2
– 날짜 : 6월 23일(목), 28일(화), 7월 28일(목), 8월 2일(화), 9일(화), 18일(목), 30(화)
– 시간 : 오후 4시
– 장소 : 현희 교수님 연구실 (글로벌 316호)"
german_language,[공지] 김대권 교수님 2016년 여름방학 특강 안내,N/A,2016-05-30,https://gerlan.ssu.ac.kr/%ed%95%99%ea%b3%bc%ec%82%ac%eb%ac%b4%ec%8b%a4%ec%95%8c%eb%a6%bc/%ea%b3%b5%ec%a7%80%ec%82%ac%ed%95%ad/?term_id&slug=1686,"서양고전탐색(13)
2016년 여름방학에 김대권 교수님과 함께 귄터 그라스의 작품을 읽으려고 합니다.
관심 있는 학생들의 많은 참여를 바랍니다.
일     시: 2016년 7월 11일, 25일(2회, 모임 일시는 논의 후 변경 가능)
신     청: 2016년 6월 24일(금)까지 독어독문학과 사무실
예비 모임: 2016년 6월 27일(월) 오후 2시 조만식기념관 632호
교     재:
귄터 그라스(저)/장희창·안장혁(역),『양파 껍질을 벗기다』, 민음사,  2015.
귄터 그라스(저)/장희창(역), 『양철북』(1,2), 민음사, 1999."
german_language,[학생회 공지] 독어독문학과 기말 간식행사 안내,N/A,2016-05-30,https://gerlan.ssu.ac.kr/%ed%95%99%ea%b3%bc%ec%82%ac%eb%ac%b4%ec%8b%a4%ec%95%8c%eb%a6%bc/%ea%b3%b5%ec%a7%80%ec%82%ac%ed%95%ad/?term_id&slug=1685,"기말 간식행사 안내
오늘 공지드릴 행사는 간식행사입니다!!
날짜 : 5월 30일 월요일
시간 : 12시 30분
장소 : 과방
수량 : 70개
이번에는 손수만든 핫도그를 드립니다.!
늦지않게 오셔서 핫도그 받아가세요!!"
german_language,[공지] 2016학년도 2학기 학·석사연계과정 지원 및 선발 안내,N/A,2016-05-24,https://gerlan.ssu.ac.kr/%ed%95%99%ea%b3%bc%ec%82%ac%eb%ac%b4%ec%8b%a4%ec%95%8c%eb%a6%bc/%ea%b3%b5%ec%a7%80%ec%82%ac%ed%95%ad/?term_id&slug=1683,"2016학년도 2학기 학·석사연계과정 지원 및 선발 안내
1. ‘학·석사연계과정’이란?
: 학사과정의 교육과정과 대학원 교육과정을 상호 연계하여 운영하는 과정으로 학사과정 3.5년(건축학부 건축학전공은 4.5년), 석사과정 1.5년에 학사학위 및 석사학위를 취득하는 과정
2. 모집학과 : 학사과정과 석사과정에 동일(또는 유사) 학과가 있는 학과(계약학과 제외)
3. 모집인원 : 석사과정 입학정원의 20% 내에서 모집
4. 지원자격 : 다음 각 호 모두에 해당되는 자
가. 지원일 당시 학사과정 4학기 또는 5학기(건축학부 건축학전공은 6학기 또는 7학기)를 이수 한 자=> 5학기 또는 6학기 개시 전(건축학부 건축학전공은 7학기 또는 8학기 개시 전)인 학생만 지원 가능
나. 재수강 이전 과목, 학점 포기한 과목, F학점 과목 등을 포함한 전체 과목의 총평점평균이 3.3/4.5 이상인 자
다. 7학기(건축학부 건축학전공은 9학기)에 학사과정의 졸업요건을 충족할 수 있는 자
라. 지원하고자 하는 일반대학원 학과 주임교수와 지도교수의 추천을 받은 자
마. 지원하고자 하는 일반대학원의 동일(또는 유사)학과를 주전공 또는 복수전공하는 자
(부전공, 연계전공은 해당없음)
5. 지원기간 : 2016년 6월 13일(월) ~ 2016년 6월 30일(목) 10:00 ~ 17:00
6. 지원방법 : 제출서류를 구비하여 대학원 교학팀(웨스트민스터홀 658호)으로 방문 접수
7. 제출서류 : 학·석사연계과정신청서(학업계획서, 추천서 포함)(양식 다운로드) 1부
8. 합격자 발표 : 2016년 7월 22일(금) 예정
9. 합격자 혜택
가. 학위취득기간 단축
나. 석사과정 입학금, 입학시험 면제
다. 학사과정 중 일반대학원 과목 수강신청 시 학기당 3학점 추가로 수강신청 가능
라. 학사과정 중 취득한(학사과정 졸업학점 초과 이수) 동일(또는 유사)학과의 일반대학원 과목 3학점~9학점까지 석사과정 학점으로 인정됨(신청시)
10. 자격상실
가. 일반대학원 입학 전에 학·석사연계과정을 중도 포기한 경우(포기신청서 제출)
나. 학사과정 7학기 이수 후 재수강 이전 과목, 학점포기한 과목, F학점 과목 등을 포함한 전체 과목의 총평점평균이 3.3/4.5 미만인 경우
다. 학사과정을 7학기에 모두 이수하지 못한 경우
라. 학사과정 중 졸업학점을 초과하여 일반대학원 과목을 3학점 이상 취득하지 못한 경우
마. 석사과정 첫 학기에 일반대학원 입학 등록을 하지 않은 경우
바. 석사과정을 3학기에 모두 이수하지 못한 경우
사. 석사과정 3학기 이수 후 총평점평균이 4.0/4.5 미만인 경우
11. 유의사항
가. 학사과정 중 학·석사연계과정 중도포기 시 정규학기(8학기) 등록
나. 석사과정 중 학·석사연계과정 중도포기 시 정규학기(4학기) 등록
다. 석사과정 첫 학기 휴학 및 자퇴 불가
라. 석사과정 전과 불가
마. 석사과정 첫 학기에 일반대학원 입학 등록을 하지 않은 경우 학사학위가 취소됨
12. 문의처 : 대학원 교학팀(02-820-0258~9, grad@ssu.ac.kr)
※ 첨부
1. 학석사연계과정신청서
2. 학석사연계과정포기신청서"
german_language,[공지] 통일시대를 대비한 2016학년도 동유럽교육기행 참가자 모집 안내,N/A,2016-05-18,https://gerlan.ssu.ac.kr/%ed%95%99%ea%b3%bc%ec%82%ac%eb%ac%b4%ec%8b%a4%ec%95%8c%eb%a6%bc/%ea%b3%b5%ec%a7%80%ec%82%ac%ed%95%ad/?term_id&slug=1682,"통일시대를 대비한 2016학년도 동유럽교육기행 참가자 모집
총학생회와 학생복지위원회 및 학생서비스팀이 공동으로 주관하는 ‘2016 통일시대를 대비한 동유럽 교육기행’에 참여할 학생을 모집합니다.
<기행안내>
활동내용 : 통일 독일의 역사를 통한 한반도 통일 시대의 대비
2차 세계대전 유적지 탐방을 통한 분단의 아픔 이해
동유럽 문화체험 및 현지 기업과 한국 기업 중 외국 진출 기업 방문
기행일정 : 2016년 7월 13일(수) ~ 7월 23일(토) 9박 11일
* 위 일정은 항공권 확보 상황에 따라 출발 도착일이 조정 될 수 있습니다.
* 모든 참가학생은 단체로 출발하며 단체로 귀국해야 합니다.
탐방국가 : 독일, 폴란드, 체코, 오스트리아
접수 및 선발방법 : 1차 서류전형, 2차 인터뷰
모집인원 : 32명(본교 재학생)
학생부담금 : 160만원
<모집기간 일정>
접수기간 : 2016년 5월 9일(월) ~ 5월 20일(금) 24:00까지
지원서류 접수메일 : ssutogether56@gmail.com(숭실대학교총학생회)
서류발표 : 2016년 5월 21일(토)에 공지 및 문자로 일괄 발송.
인터뷰 : 2016년 5월 23일(월) ~ 5월 25일(수)
*자세한 인터뷰 시간은 지원서에 표시한 시간 위주로 계획할 예정이며 개별 연락을 통해 조율이 가능합니다.
최종발표 : 2016년 5월 26일(목) 개별연락
<모집이후 일정>
오리엔테이션 : 2016년 5월 27일(금) 19시 예정
사전세미나 : 사전 세미나는 주 1회 진행할 예정이며, 6월 1~4째주 동안 총 4회 진행할 예정입니다.(매주 금요일 예정)
주의사항 : 참가자 전원은 기행 전 모든 사전교육에 참여해야 합니다.
문의 : 총학생회 기획국장 김명인(010-7447-8816)"
german_language,[공지] 한국독어독문학회 2016 전국 대학생 독일문학 UCC공모전 안내,N/A,2016-05-17,https://gerlan.ssu.ac.kr/%ed%95%99%ea%b3%bc%ec%82%ac%eb%ac%b4%ec%8b%a4%ec%95%8c%eb%a6%bc/%ea%b3%b5%ec%a7%80%ec%82%ac%ed%95%ad/?term_id&slug=1680,"한국독어독문학회 2016 전국 대학생 독일문학 UCC공모전 안내
1. 공모전 대상 작품
– 소설 : 요한 볼프강 폰 괴테 『빌헬름 마이스터의 수업시대』(1795)
헤르만 헤세 『수레바퀴 아래서』(1906)
미하엘 엔데 『끝없는 이야기』(1979)
– 영화 : 카롤리네 링크 <비욘드 사일런스>(1996)
보라 닥테킨 <괴테스쿨의 사고뭉치들>(2013)
2. 공모전 출품형식
– 위에 제시된 3권의 문학작품이나 2편의 영화 중 하나를 분석하여 그 내용을 UCC로 창의적으로 표현한다.
* UCC는 5분 분량 이내의 동영상
– 각 대학 독일문학 및 독일문화 관련 학과 지도교수 1인과 학생 3인 내외의 팀을 구성
– 작품 제출시 제작의도, 작품해석, 제작일지, 지도교수의 역할, 연락처 등을 A4 5매 내외로 작성하여 첨부
– 작품은 2016년 10월 24일부터 11월 7일까지 아래의 메일로 발송
* kgg@kggerman.or.kr
3. 결과발표 및 수상
– 결과발표 : 2016년 11월 21일 한국독어독문학회 홈페이지
– 시상식 : 2016년 12월 3일 한국독어독문학회 학술대회장
– 상금 : 대상 1팀(50만원), 금상 1팀(30만원), 은상 0팀(20만원), 동상 0팀(10만원)
입상 0팀(상장, 부상, 연세대학교 외국어학당 할인 수강권 등)"
german_language,[공지] 숭실대 건축학부 2016 목요 강좌 시리즈 안내,N/A,2016-05-13,https://gerlan.ssu.ac.kr/%ed%95%99%ea%b3%bc%ec%82%ac%eb%ac%b4%ec%8b%a4%ec%95%8c%eb%a6%bc/%ea%b3%b5%ec%a7%80%ec%82%ac%ed%95%ad/?term_id&slug=1679,"숭실대 건축학부 2016 목요 강좌 시리즈 안내
1. 일시 : 05월 26일 목요일 16:30 ~ 18:30
2. 장소 : 형남공학관 115호
3. 강사 : 크리스토프 폴만(Christoph Pollmann)/주한독일고등교육진흥원(DAAD) 원장
4. 주제 : 독일대학교의 건축학, 건축공학 교육과 유학생활"
german_language,[공지] 2016학년도 2학기 석·박사통합과정 지원 및 선발 안내,N/A,2016-05-11,https://gerlan.ssu.ac.kr/%ed%95%99%ea%b3%bc%ec%82%ac%eb%ac%b4%ec%8b%a4%ec%95%8c%eb%a6%bc/%ea%b3%b5%ec%a7%80%ec%82%ac%ed%95%ad/?term_id&slug=1677,"2016학년도 2학기 석·박사통합과정 지원 및 선발 안내
1. 지원기간: 2016. 6. 7(화) 10:00 ∼ 6. 20(월) 17:00
2. 지원자격
가. 일반대학원 석사학위과정 2학기 또는 3학기 재학생(복학예정자 포함)
나. 학업전념학생(2015학년도 2학기 입학자부터 적용)
다. 18학점 이상을 취득 또는 취득예정인 학생
라. 석사과정 전공분야와 통합과정 지원 전공분야가 동일한 자
마. 지도교수의 추천을 받은 자
3. 제출서류
가. 공통 : 석‧박사통합과정 지원서 1부(붙임1 양식)
나. 2015년 2학기 이후 입학자 : 4대 사회보험 가입내역 확인서 1부
※ 4대 사회보험 정보연계센터(www.4insure.or.kr) 공인인증서 로그인 → [증명서발급] → 4대 사회보험 가입내역 확인 청구서 신청 → 4개 처리기관의 처리여부 “출력가능” 확인 후 증명서 출력, (지역가입자 중 사업장이 표기되어 있는 경우 직장병행학생으로 간주, 지원 불가)
※ 시간강사는 다음의 요건충족 시 예외적 지원 허용 : 주 6시간 이내 근무로 인한 4대 사회보험 가입은 별도의 증빙서류(경력증명서)제출 시 학업전념학생으로 인정
4. 지원방법: 제출서류를 작성하여 대학원 교학팀으로 제출(웨스트민스터홀 658호)
5. 선발인원: 박사과정 전체 입학정원의 20%(학칙시행세칙(대학원) 제67조)
6. 발 표 일: 2016. 7. 22(금) 17:00 – 학과 및 개별통지
7. 기    타
가. 수업연한: 4년(8학기) – 석사과정 입학 학기부터
나. 석사과정 외국어 및 종합시험, 석사논문 면제
(석‧박사통합과정 선발 전 석사과정에서 합격한 자격시험은 인정되지 않음)
다. 박사과정 입학금 면제
라. 대학원 홈페이지 內 공지사항 게시
※ 학칙시행세칙(대학원)
제67조(선발인원) 통합과정 선발인원은 박사과정 입학정원의 20% 범위 내에서 대학원운영위원회에서 정한다.
[본조신설 2014.11.29.]
제68조(지원요건) 통합과정에 지원하고자 하는 자는 다음 각 호의 요건을 모두 갖추어야 한다.
1. 일반대학원 석사학위과정 2학기 또는 3학기 재학생(복학예정자 포함)
2. 학업전념학생
3. 18학점 이상을 취득 또는 취득 예정인 학생
4. 석사과정 전공분야와 통합과정 전공분야가 동일
5. 지도교수의 추천
[본조신설 2014.11.29.]"
german_language,[공지] 2016-1학기 졸업논문 제출 안내,N/A,2016-04-28,https://gerlan.ssu.ac.kr/%ed%95%99%ea%b3%bc%ec%82%ac%eb%ac%b4%ec%8b%a4%ec%95%8c%eb%a6%bc/%ea%b3%b5%ec%a7%80%ec%82%ac%ed%95%ad/?term_id&slug=1676,"2016-1학기 졸업논문 제출 안내
1. 제출기한 : 2016년 06월 03일(금) 오전 11시
2. 제출장소 : 독어독문학과 사무실(조만식 642호)
3. 대상자
– 논문계획서를 제출한 8학기 이상 이수자 혹은 수료생 중 졸업예정자 신청을 한 학생
4. 논문양식
– 분량 : A4 20장 이상
– 글자크기 : 11
– 행간 : 180
– 폭, 여백은 편집하지 말 것"
german_language,[학생회 공지] 중간고사 간식행사 안내,N/A,2016-04-08,https://gerlan.ssu.ac.kr/%ed%95%99%ea%b3%bc%ec%82%ac%eb%ac%b4%ec%8b%a4%ec%95%8c%eb%a6%bc/%ea%b3%b5%ec%a7%80%ec%82%ac%ed%95%ad/?term_id&slug=1675,"중간고사 간식행사 안내
여러분 안녕하세요 벚꽃의 꽃말을 아시나요?-?
네, 벚꽃의 꽃말은 중간고사라지요
4월 18일 월요일 12:00 – 13:00 선착순 60명을 대상으로 맥도날드의 토마토치즈버거와 그에 걸맞는 콜라를 드립니다!!!
시간에 맞게 오셔서 맛있는 간식 받아가셔요"
german_language,[학생회 공지] 과방 물품 정리 안내,N/A,2016-04-06,https://gerlan.ssu.ac.kr/%ed%95%99%ea%b3%bc%ec%82%ac%eb%ac%b4%ec%8b%a4%ec%95%8c%eb%a6%bc/%ea%b3%b5%ec%a7%80%ec%82%ac%ed%95%ad/?term_id&slug=1674,"과방 물품 정리 안내
여러분 안녕하세요,
새싹이 움트고 꽃이 피어나는 아름다운 봄입니다
다름이 아니라, 과방에 잠들어 있는 여러 물건들에 대한 안건입니다.
지나치게 많은 물건들의 누적으로 인하여 학생회에서는 물건들을 정리하고자 합니다.
불분명한 물건의 주인으로 인하여 4월 10일까지 본인의 물건들을 찾아가 주시면 감사하겠습니다.
4월 11일부터 정리가 시작 되니 여러분 이 점 유의하셔서 불상사가 발생하지 않도록 부탁드립니다"
german_language,[공지] 2016학년도 후기 대학원 입학성적우수장학생 선발 안내,N/A,2016-04-04,https://gerlan.ssu.ac.kr/%ed%95%99%ea%b3%bc%ec%82%ac%eb%ac%b4%ec%8b%a4%ec%95%8c%eb%a6%bc/%ea%b3%b5%ec%a7%80%ec%82%ac%ed%95%ad/?term_id&slug=1673,"2016학년도 후기 대학원 입학성적우수장학생 선발 안내(인문사회계)
1. 자격
가. 2016년 8월 본교 학부 졸업예정자
나. 수업연한 4년(8학기) 이내인 졸업예정자
다. 직전 3학기 성적(F학점 포함 열람용 성적) 평균평점 3.75 이상인 자
라. 학석연계과정 중인 학생도 위의 조건을 충족하면 지원 가능함
2. 수혜기간 : 2년(4학기)
3. 지원금액 : 수업료 전액 지급
가. 학과 내 두 가지 이상 과정의 운영으로 수업료가 상이한 경우, 가장 적은 금액 기준으로 지급(예 : 복수학위과정)
나. 입학성적우수장학생이 학사조교B를 겸하는 경우에는 해당 입학성적우수장학금의 반액으로 지급
4. 선발 : 지원자격을 만족하는 자 중에서 다음 기준에 따라 배정인원 범위내 선발
가. 8학기 재학생 중 직전 3학기 성적(열람용, F학점 포함) 평균평점 기준 상위 30% 이내인 자
예) 8학기 졸업예정자의 경우, 직전 3학기(5,6,7학기) 수강과목의 평균평점   (열람용, F포함) 기재
나. 선발시 선발학과 내 동일학과 졸업예정자를 우선으로 선발하며, 타학과 졸업       예정자는 후순위로 선발
5. 입학성적우수장학생 의무 준수사항
1). 입학성적우수장학생은 입학 후 매학기 성적이 A-(4.00)를 유지하여야만 장학금 수혜를 받을 수 있다.
2). 입학성적우수장학생은 입학 후 휴학을 할 수가 없으며, 휴학을 할 경우 자격이 상실된다.
단, 질병(진단서 제출), 군입대(입영통지서 제출), 기타 사고 등은 예외로 한다.
3). 입학성적우수장학생에게는 입학 후 학과주임교수가 필요시 교육 및 연구 지원업무를 담당하게
할 수 있으며, 불응할 경우 자격을 상실한다.
6. 일정: 2016학년도 후기 대학원 신·편입생모집 원서접수기간이 만료되면 학과별 지원자 중 2016년 8월 본교 학부 졸업예정자 및 학석연계과정 진학예정자 현황를 학과로 송부하여 학과에 입학성적우수 장학생 추천을 안내할 예정(추천마감일 2016.5.4.예정)임."
german_language,[공지] 2016-1학기 논문계획서 제출 안내,N/A,2016-04-01,https://gerlan.ssu.ac.kr/%ed%95%99%ea%b3%bc%ec%82%ac%eb%ac%b4%ec%8b%a4%ec%95%8c%eb%a6%bc/%ea%b3%b5%ec%a7%80%ec%82%ac%ed%95%ad/?term_id&slug=1671,"2016-1학기 논문계획서 제출 안내
1. 제출기한 : 2016년 04월 21일(목) 17:00
2. 제출장소 : 독어독문학과 사무실(조만식 642호)
3. 대상자
– 7학기 이상 이수중인 재학생
– 수료생 중 졸업예정자 신청을 한 학생
4. 작성방법
– ‘담당교수’란 기입하지 말 것
– ZD 대체자도 논문계획서 작성해야 함
– 양식은 학과 홈페이지에 게재"
german_language,[공지] 2016학년도 후기 대학원 입학전형 일정 안내,N/A,2016-04-01,https://gerlan.ssu.ac.kr/%ed%95%99%ea%b3%bc%ec%82%ac%eb%ac%b4%ec%8b%a4%ec%95%8c%eb%a6%bc/%ea%b3%b5%ec%a7%80%ec%82%ac%ed%95%ad/?term_id&slug=1669,"2016학년도 후기 대학원 입학전형 일정 안내
1. 전형방법 : 서류심사 및 구술평가시험
2. 전형대상 : 국내․외 거주 내․외국인 (외국인유학생은 편입학 모집 없음)
3. 입시일정
– 모 집 공 고 :  2016년 4월 1일(금)∼ / 홈페이지 및 교내․외 신문
– 원 서 접 수 :  2016년 4월 14일(목) 10:00∼22일(금) 16:00 (9일간) / 온·오프라인 접수 동시 진행
– 면접장소 및 평가자 입력 :  2016년 5월 2일(월) 24:00까지 / U-Saint 입학관리( 학과 주임교수 입력)
– 학과서류송부 :  2016년 5월 4일(수) (예정) / 대학원교학팀 배부
– 전 형 일 시 :  2016년 5월 7일(토) 10:00∼ / 각 학과 주임교수실
– 합격자 발표 :  2016년 5월 27일(금) 예정 / 대학원 홈페이지
– 합격자 등록 :  2016년 7월 11일(월)∼13일(수) (3일간) / 우리은행 전국지점
4. 기타사항
가. 접수방법
1) 내국인 : 대학원 입학시스템을 통한 온라인 접수
2) 외국인 : 입학원서(홈페이지 다운, 국․영문)를 작성하여 우편 및 방문 접수
나. 전형료
–  내․외국인 석사과정 : 70,000원
–  내․외국인 박사과정 : 80,000원"
german_language,[공지] 2016-1학기 컴퓨터 활용 관련 자격증(졸업요건) 제출 안내,N/A,2016-04-01,https://gerlan.ssu.ac.kr/%ed%95%99%ea%b3%bc%ec%82%ac%eb%ac%b4%ec%8b%a4%ec%95%8c%eb%a6%bc/%ea%b3%b5%ec%a7%80%ec%82%ac%ed%95%ad/?term_id&slug=1668,"2016-1학기 컴퓨터 활용 관련 자격증(졸업요건) 제출 안내
1. 내용 : 학칙 제46조에 따라 2014학년도 입학자부터는 졸업 시까지 컴퓨터 활용 관련 자격증을 2개 이상 취득하여야 합니다.
2. 대상
가. 2014학년도 이후 신입학자
나. 2016학년도 이후 편입학자
다. 계약학과 제외
3. 제출기간 : 2016. 4. 4.(월) ~ 2016. 4. 15.(금)
4. 제출방법 : 소정기간 내 소속학과(부) 사무실에 자격증 원본 및 사본 제출 (대조 후 원본반환 가능)
5. 유의사항
가. 첨부의 학과(부)별 인정가능(또는 불가능)한 자격증 리스트에 유의하시기 바랍니다.
나. Mos Excel expert 자격증을 반드시 포함하여 2가지 자격증을 모두 취득한 후 8학기 이전까지 제출을 완료하여야 합니다.
다. 본 졸업요건은 교양필수 학점 및 컴퓨터활용 자격증 관련 과목(스프레드시트고급활용, 숭실사이버대 컴퓨터활용자격증취득과정 등)과 관련이 없습니다.
1) 컴퓨터활용 자격증 관련 과목을 수강하였어도 자격증 제출 기한 내 제출하지 않을 경우 본 졸업요건을 충족한 것으로 인정하지 않습니다.
2) 컴퓨터활용 자격증 관련 과목을 수강하지 않은 경우 해당 자격증 제출만으로 학점인정은 불가합니다.
6. 첨부: 관련 규정(컴퓨터 활용 관련 자격증 학과(부)별 인정 여부 포함) 1부.
2016. 4.
교 무 처 장"
german_language,[학생회 공지] 만우절행사 안내,N/A,2016-03-31,https://gerlan.ssu.ac.kr/%ed%95%99%ea%b3%bc%ec%82%ac%eb%ac%b4%ec%8b%a4%ec%95%8c%eb%a6%bc/%ea%b3%b5%ec%a7%80%ec%82%ac%ed%95%ad/?term_id&slug=1667,"만우절 행사
4월 1일 만우절에 학우간에 잊지 못할 추억을 만들 수 있는 행사를 진행합니다.
참여방법
1. 4인 1조의 팀 구성!
2. 특정 컨셉(교복, 졸업식, 점심, 수업 시간 등)이나 특정 장소(백마상, 숨겨진 명소 등)혹은 자유주제로 개성있는 사진 촬영!
3. 학과 페이스북에 업로드!
*참가 팀들 중 우수작을 선정해 다음과 같은 상품을 드립니다!
•특정 컨셉 및 장소 촬영 상품 : 각 1,2등팀에 수입맥주4캔+오리고기(편의점)을 상품으로 드립니다!
•자유주제 촬영 상품 : 1등 팀에 도스마스 이용쿠폰
*번외행사
본인을 포함해 3명이 같은 교복을 입고 업로드 시 KGB, Mudshake, 크루저를 상품으로 드립니다!"
german_language,[공지] 2016년 독어독문학과 여름학교&교환학생 선발자 명단,N/A,2016-03-25,https://gerlan.ssu.ac.kr/%ed%95%99%ea%b3%bc%ec%82%ac%eb%ac%b4%ec%8b%a4%ec%95%8c%eb%a6%bc/%ea%b3%b5%ec%a7%80%ec%82%ac%ed%95%ad/?term_id&slug=1666,"2016년 독어독문학과 여름학교&교환학생 선발자 명단
1. 여름학교 최종 선발 명단
2014**** 박*빈
2015**** 안*린
2. 교환학생 최종 선발 명단
2012**** 류*환
2013**** 최*린
여름학교 담당 교수님은 남정애 교수님이시고, 교환학생은 김대권교수님께서 담당해 주십니다. 유학과 관련한 자세한 문의사항은 교수님과 상담하길 바랍니다."
german_language,[공지] 독일 보훔 대학교 교환학생 프로그램 신청 안내,N/A,2016-03-10,https://gerlan.ssu.ac.kr/%ed%95%99%ea%b3%bc%ec%82%ac%eb%ac%b4%ec%8b%a4%ec%95%8c%eb%a6%bc/%ea%b3%b5%ec%a7%80%ec%82%ac%ed%95%ad/?term_id&slug=1665,"독일 보훔 대학교 교환학생 프로그램 신청
·신청기간 : 2016년 3월 18일~3월 24일(목) 12:00까지
·신청대상 : 독어독문학과 학부생 (휴학생 포함)
·선발인원 : 2명
·제출서류 :
-자기소개서(국문1부/A4용지 2~3장 내외)
-학업계획서(국문1부/A4용지 2~3장 내외)
-성적증명서(국문1부)
-독일어국제공인어학증명서(ZD, TestDaf / 취득자에 한함)
·면접일시 : 3월 24일(목) 18:00부터
·파견기간 : 1년 (2016년 9월~2017년 8월)
·제출장소 : 독어독문학과사무실 조만식기념관 642호
※“독일 현지 여름학교 어학연수”와 중복 수혜 불가
4학년 신청 불가"
german_language,[공지] 동문장학금 독일현지여름학교 어학연수 지원 안내,N/A,2016-03-10,https://gerlan.ssu.ac.kr/%ed%95%99%ea%b3%bc%ec%82%ac%eb%ac%b4%ec%8b%a4%ec%95%8c%eb%a6%bc/%ea%b3%b5%ec%a7%80%ec%82%ac%ed%95%ad/?term_id&slug=1664,"동문장학금 독일현지여름학교 어학연수 지원
독어독문학과 학생들을 대상으로 어학연수장학생을 선발합니다. 독일 현지 대학교(쾰른, 킬, 뮌헨대학교 등)에서 개설하는 여름학교(Sommerschule) 프로그램(4주간진행)에서 어학연수를 원하는 학생에게 장학금(약 150만원)을 지원합니다.
지원을 원하는 학생은 아래의 서류를 독어독문학과 사무실에 직접 제출하길 바랍니다.
·신청기간 : 2016년 3월 18일~3월 24일(목) 12:00까지
·신청대상 : 독어독문학과 학부생
·선발인원 : 2명 (전 학년 대상)
·제출서류 :
-자기소개서(국문1부/A4용지 1~2장 내외)
-학업계획서(지원동기포함/국문1부/A4용지 1~2장 내외)
·면접일시 : 3월 24일(목) 18:00부터
·제출장소 : 독어독문학과사무실 조만식기념관 642호
※“교환학생 프로그램”과 중복 수혜 불가"
german_language,[채용]  TnB Solution 채용 안내,N/A,2016-03-03,https://gerlan.ssu.ac.kr/%ed%95%99%ea%b3%bc%ec%82%ac%eb%ac%b4%ec%8b%a4%ec%95%8c%eb%a6%bc/%ea%b3%b5%ec%a7%80%ec%82%ac%ed%95%ad/?term_id&slug=1663,"<채용 안내>
1. 회사이름 : TnB Solution
2. 직무 : 거래처 영업 관리 및 영업 (남학생, 근거리 거주자 우대, 운전면허 필수)
3. 직무 능력
가. 원만한 대인관계 (거래선과 술자리가 종종 있음)
나. 문서 편집능력 (PDF 편집 외 기타 문서 능력 요함)
다. 영어 능력 (이메일로 해외 업체와 의사전달 가능 요함)
라. 독서 능력 (연 3권의 독후감 제출로 차기 연봉 협상 시 인사고과에 반영)
4. 연봉 : 초봉 2,600만 원선 (퇴직급여포함), 식대・통신비・교통비 지원 (연봉 협상은 매년 진행)
5. 채용 시기 : 4월 ~ 6월 초 (자기소개서에 감명 깊게 읽은 도서명 10권 기재 필수)
6. 4대 보험 지원
7. 근무시간 : 09시 ~ 18시
8. 회사소재지 : 동탄신도시 메타폴리스 근처
9. 회사 연혁 : 2005년 3월 창립, 자본금 3억 원 / 2015년 매출 25억원 (홈페이지 없음)
10. 근무 인원 : 3명 (대표이사 포함)
11. 취급 품목 : 반도체, 센서 외 기타 전자 부품
12. 주거래처 : ㈜오스템, ㈜바텍, ㈜HFR, ㈜켐트로닉스, ㈜웨이브일렉트로닉스 외
13. 주수입국가 : 홍콩, 대만, 중국, 독일
14. 문의사항 연락처 : brian0520@tnbsol.com, 031-8003-8633"
german_language,[공지] 2016년 1학기 김대권 교수와 함께 하는 독서토론세미나 안내,N/A,2016-02-24,https://gerlan.ssu.ac.kr/%ed%95%99%ea%b3%bc%ec%82%ac%eb%ac%b4%ec%8b%a4%ec%95%8c%eb%a6%bc/%ea%b3%b5%ec%a7%80%ec%82%ac%ed%95%ad/?term_id&slug=1662,"2016년 1학기 김대권 교수와 함께 하는 독서토론세미나
일   시: 3월 중순부터 매주 화요일 오후 6시(중간고사 기간 제외)
장   소: 연구실(조만식 기념관 632호)
첫 모임: 3월 8일(화) 오후 6시 연구실
교 재:
플라톤 대화편 6권(이제이북스 출판사)
『메넥세노스』(이정호 역), 『라케스』(한경자 역), 『뤼시스』(강철웅 역).
『메논』(이상인 역), 『에우튀데모스』(김주일 역), 『알키비아데스 I·II』(김주일·정준영 역)
관심 있는 학생들은 학교 도서관 홈페이지에서 신청 바랍니다."
german_language,[공지] 2016학년도 1학기 학과근로장학생 신청 안내,N/A,2016-02-15,https://gerlan.ssu.ac.kr/%ed%95%99%ea%b3%bc%ec%82%ac%eb%ac%b4%ec%8b%a4%ec%95%8c%eb%a6%bc/%ea%b3%b5%ec%a7%80%ec%82%ac%ed%95%ad/?term_id&slug=1661,"2016학년도 1학기 학과근로장학생을 다음과 같이 모집하니, 자격요건 및 지원방법을 숙지한 후 지원기간 내 지원하여 주시기 바랍니다.(국가근로장학금 신청자도 신청가능합니다.)
1. 장학금명 : 학과근로A, B<※ A, B로 운영여부는 해당학과에 따라 다름>
2. 장학생선발관련공지 : 학과 홈페이지 등 참조
3. 근로장학생 자격 요건
가. 2016학년도 1학기 국가장학금을 신청/서류제출을 완료한 자
1) 1차 신청기간에 완료하여 소득분위가 조회된 자에 한함
2) 국가장학금을 신청할 수 없는 대한민국 국적 미소지자도 선발 가능
(단, 외국인유학생은 선발 불가)
나. 2016학년도 1학기 재학 및 복학예정자로 해당학기 등록금 납부 예정인 자
1) 2016학년도 1학기 전 등록휴학 후 복학시 선발대상에서 제외(등록대체자)
2) 학기 중 미등록, 입학취소, 복학취소 등으로 인한 학적변동시 모든 장학금 취소
3) 2016학년도 1학기 기준 2∼7학기 재학생만 가능(1학기 및 8학기 신청불가)
다. 직전학기 이수학점 15학점 이상 및 F학점 포함 학적부성적 2.5 이상인 자
라. 타 장학금과 중복수혜 가능(교내/학과근로, 국가근로장학금간 중복수혜 불가)
※ 기 선발된 장학금과 근로장학금을 포함하여 수업료 초과 불가
마. 소속학과(부)에만 신청 가능(단, 금융경제학과는 타 소속학과(부) 학생 신청 가능)
4. 근로장학생 종류별 장학금액 및 근로시간
가. 「학과근로A」= 1,342,000원 : 6,100원×(주당)10시간×(학기당)22주 = 총 220시간
나. 「학과근로B」=   671,000원 : 6,100원×(주당) 5시간×(학기당)22주 = 총 110시간
5. 학생신청방법 : u-SAINT포털 → 등록/장학 → 장학메뉴 ‘근로장학금’ → 학과근로A/B신청
→ 지원서 출력 → 소속학과[지원서(u-SAINT출력본) 반드시 제출]
6. 온라인접수 및 서류제출기간 : 2016년 2월 12일(금) ∼ 19일(금) 10:00∼17:00
1) 제출서류 : 지원서(u-SAINT출력본)
2) 제출장소 : 각 학과(부) 사무실
7. 기타사항 :
가. 학기 중 학적변동(휴학, 자퇴, 제적 등) 등의 불가피한 사유가 인정되는 중도포기시
근로한 시간만큼 학기말 지급
나. 7월말 근로평가 전까지 교체 가능(단, 교체 전 학생의 근로시간을 차감)
다. 교체 전·후 학생 모두 근로평가 시행
라. 국가근로 및 교내근로로 선발시 학과근로 선발에서 제외 됨.
8. 발표 : 2016년 2월 29일(월) 소속학과(부)에서 확인(u-SAINT ‘장학’에서도 확인 가능)
9. 문의 : 소속학과(부)
10. 장학금지급 : 2016년 8월말 개인계좌 지급. 끝."
german_language,[공지] 제88회 2015학년도 전기 독어독문학과 학위수여식 안내,N/A,2016-01-28,https://gerlan.ssu.ac.kr/%ed%95%99%ea%b3%bc%ec%82%ac%eb%ac%b4%ec%8b%a4%ec%95%8c%eb%a6%bc/%ea%b3%b5%ec%a7%80%ec%82%ac%ed%95%ad/?term_id&slug=1660,"제88회 2015학년도 전기 독어독문학과 학위수여식 안내
1. 일시 : 2016년 2월 19일 12:00
2. 장소 : 조만식기념관 204호
3. 식순 : 졸업장 수여 및 교수님들과 사진 촬영
※ 독어독문학과 학위수여식이 진행될 조만식기념관 204호는 오전 10시부터 학부모 대기실로 개방할 예정입니다.
학위수여식과 관련된 문의사항은 학과 사무실(02-820-0350)로 연락해주시기 바랍니다."
german_language,[공지] 현희 교수님 : 2015/2016년 겨울방학 ZD B2시험 특강  강의실 안내,N/A,2016-01-18,https://gerlan.ssu.ac.kr/%ed%95%99%ea%b3%bc%ec%82%ac%eb%ac%b4%ec%8b%a4%ec%95%8c%eb%a6%bc/%ea%b3%b5%ec%a7%80%ec%82%ac%ed%95%ad/?term_id&slug=1659,"현희 교수님 : 2015/2016년 겨울방학 ZD B2시험 특강 강의실 안내
날짜 : 2016년 2월 4일 (목), 11일 (목), 18일 (목), 25일 (목)
시간 : 오후 4시~6시
장소 : 조만식기념관 512호"
german_language,[공지] 현희 교수님 : 2015/2016년 겨울방학 ZD B2시험 특강,N/A,2016-01-04,https://gerlan.ssu.ac.kr/%ed%95%99%ea%b3%bc%ec%82%ac%eb%ac%b4%ec%8b%a4%ec%95%8c%eb%a6%bc/%ea%b3%b5%ec%a7%80%ec%82%ac%ed%95%ad/?term_id&slug=1658,"2015/2016년 겨울방학에 독일문화원 B2시험을 준비하는 학생들을 위하여 특강을 준비했습니다.
교수: 현 희
날짜: 2016년 2월 4일 (목), 11일 (목), 18일 (목), 25일 (목)
말하기 연습시간은 그룹별도 진행하기 위하여 논의 후 정함
시간: 4시~6시
강의실: 추후공지
예비모임: 1월 14일 오후 5시 (독어독문학과 사무실)"
german_language,[공지] 2016학년도 재단법인 숭실대학교 장학회 장학생 선발 안내,N/A,2015-12-28,https://gerlan.ssu.ac.kr/%ed%95%99%ea%b3%bc%ec%82%ac%eb%ac%b4%ec%8b%a4%ec%95%8c%eb%a6%bc/%ea%b3%b5%ec%a7%80%ec%82%ac%ed%95%ad/?term_id&slug=1657,"2016학년도 재단법인 숭실대학교 장학회 장학생 선발 안내
1. 장학 재단 : 재단법인 숭실대학교 장학회
(http://alumnus.ssu.ac.kr)
2. 장학 금액 : 2016학년도 각 학기별 수업료 반액 이내
3. 선정 인원 : 학기별 10명 내외
4. 지원 자격
가. 학교생활이 활동적이고 모범적이면서 리더십 있는 학생
나. 숭실을 사랑하며 재학 중 및 졸업 후 총동문회 활동을 적극적으로 할 수 있는 학생
다. 현재 사회봉사활동을 하고 있거나 사회봉사활동 경력이 있는 학생
라. 한국장학재단의 2016학년도 국가장학금을 신청한 학생
마. 2016학년도 3, 4학년으로 재학 예정 학생
(휴학할 경우 장학금을 반환해야 함)
바. 직전학기 성적 3.0 이상인 학생
(직전학기 15학점 이상, 최종직전학기 12학점 이상 이수)
5. 제출 서류
가. 장학생 지원서(재단양식) 1부
나. 자기소개서(자유양식) – A4용지 2매 이내
다. 학과장 또는 지도교수 추천서(재단양식) 1부
라. 성적증명서(열람용) 1부
마. 봉사활동 및 사회활동 증명서(해당자) 1부
※ 지원서양식(http://alumnus.ssu.ac.kr)에서 다운로드
6. 지원 기간 및 장소
가. 지원 기간 : 1학기 장학생 선발 – 2016년 1월 중순
2학기 장학생 선발 – 2016년 7월 중순
나. 지원 장소 : 재단법인 숭실대학교 장학회
(숭실대학교 후문 창의관 뒤편)
서울시 동작구 사당로2길 2-32 (재)숭실대학교 장학회
TEL) 02-820-0863 / FAX) 02-820-0066
Email) scholar@ssu.ac.kr"
german_language,[공지] 이재호 교수님 : 독일어 문법(중급) 특강 강의실 안내,N/A,2015-12-21,https://gerlan.ssu.ac.kr/%ed%95%99%ea%b3%bc%ec%82%ac%eb%ac%b4%ec%8b%a4%ec%95%8c%eb%a6%bc/%ea%b3%b5%ec%a7%80%ec%82%ac%ed%95%ad/?term_id&slug=1656,"독일어 문법(중급) 특강  강의실 안내
일시 : 1월 6일(수), 7일(목)
12일(화), 13일(수)
19일(화), 20일(수), 22일(금)
시간 : 15:30~18:00
장소 : 조만식기념관 512호(세미나실)"
german_language,[공지] 이재호 교수님 : 독일어 문법(중급) 특강 안내,N/A,2015-12-09,https://gerlan.ssu.ac.kr/%ed%95%99%ea%b3%bc%ec%82%ac%eb%ac%b4%ec%8b%a4%ec%95%8c%eb%a6%bc/%ea%b3%b5%ec%a7%80%ec%82%ac%ed%95%ad/?term_id&slug=1655,"독일어 문법(중급) 특강
강의교재 및 수업내용
주교재
Lebendiges Deutsch für Studenten II (Lektion 16~20)
수업내용
관계대명사와 관계문 및 접속법 I/II식
참고교재
Lehr- und Übungsbuch der deutschen Grammatik (§35 Relativsätze, §52~§56 Der Konjunktiv I/II)
강의일정
날짜: 2016년 1월 4일(월), 6일(수), 8일(금), 11일(월), 13일(수), 15일(금)
시간: 14시 00분 ~ 16시 00분
강의실: 추후공지
예비모임: 2015년 12월 21일(월) 오후 1시 독어독문학과 사무실
참조: 강의 날짜와 시간은 예비모임에서 수강생들의 일정에 따라 조율 가능함
강의신청 및 문의
숭실대학교 독어독문학과 사무실: ☏ 02-820-0350
강의 담당: 이재호 교수 ☏ 820-0354"
german_language,[공지] 2016-1학기 전과 및 다전공 신청 안내,N/A,2015-12-04,https://gerlan.ssu.ac.kr/%ed%95%99%ea%b3%bc%ec%82%ac%eb%ac%b4%ec%8b%a4%ec%95%8c%eb%a6%bc/%ea%b3%b5%ec%a7%80%ec%82%ac%ed%95%ad/?term_id&slug=1654,"2016-1학기 전과 및 다전공 신청 안내
2016-1학기 전과 및 다전공(복수전공, 부전공, 연계전공, 융합전공) 승인절차를 다음과 같이 진행할 예정이니 협조하여 주시기 바랍니다.
1. 신청자격
가. 전과
① 신청일 현재 2∼5학기 이수자
② 2015학년도 신설학과(부)는 2학기 이수자만 지원 가능
③ 정보통신전자공학부는 3-5학기, 전자정보공학부는 2학기 이수자만 지원 가능
나. 다전공
① 신청일 현재 2∼6학기 이수자
② 2015학년도 신설학과(부), 전자정보공학부는 2학기 이수자만 지원 가능
2. 일정
가. 학생 신청 기간: 2016.01.06.(수) 10:00 ∼ 2016.01.08.(금) 17:00
※ 2015학년도 신설학과(부): 소프트웨어학부, 스마트시스템소프트웨어학과, 예술창작학부 영화예술전공"
german_language,[공지] 김대권 교수님 : 서양고전탐색(12) 참가신청 안내,N/A,2015-12-03,https://gerlan.ssu.ac.kr/%ed%95%99%ea%b3%bc%ec%82%ac%eb%ac%b4%ec%8b%a4%ec%95%8c%eb%a6%bc/%ea%b3%b5%ec%a7%80%ec%82%ac%ed%95%ad/?term_id&slug=1653,"서양고전탐색(12)
2015년 겨울방학에 김대권 교수님과 함께 카프카의 작품을 읽으려고 합니다. 관심 있는 학생들의 많은 참여를 바랍니다.
일     시: 2016년 1월 4일, 11일, 25일(3회, 모임일시는 논의 후 변경 가능)
장     소: 조만식기념관 632호
대     상: 제한 없음
신     청: 2015년 12월 22일(화)까지 독어독문학과 사무실
예비 모임: 2015년 12월 23일(수) 오후 2시 조만식기념관 632호
교     재:
프란츠 카프카(저)/권혁준(역): 『카프카 단편집』. 지만지 2013.
프란츠 카프카(저)/권혁준(역): 『소송』. 문학동네 2010.
프란츠 카프카(저)/권혁준(역): 『성』. 창비 2015."
german_language,[공지] 2015학년도 제22회 한독세미나 안내,N/A,2015-11-30,https://gerlan.ssu.ac.kr/%ed%95%99%ea%b3%bc%ec%82%ac%eb%ac%b4%ec%8b%a4%ec%95%8c%eb%a6%bc/%ea%b3%b5%ec%a7%80%ec%82%ac%ed%95%ad/?term_id&slug=1652,"2015학년도 제22회 한독세미나
◎ 일 시 : 2015년 12월 05일 (토) 오후 3:00
◎ 장 소 : 베어드홀 103호
◎ 순서
학과장님 인사말 (이재호 교수님)
1부 – 교환 학생 및 인턴 체험 후기 발표
*독일 여름학교 어학 연수 (14 곽민애, 15 노형윤)
*보훔 대학교 (12 김상아)
*Praktikum in Kronberg Rathaus (12 최윤정)
2부 – 장기자랑 및 발표회
*시 낭송 (15 김진수, 박영욱, 김영석)
*밴드부 공연 (15 최경현, 안성빈, 김나한)
*노래 (15 노형윤, 백소윤, 윤혜민)
*연극부 작품 발표회 (09 김도형)
3부 – 졸업생 취업 설명회
*한국 하니웰(주) (02 김하성)
*대한항공 (10 양서린)
시상
기념사진 및 끝인사
◎ 뒷풀이 안내
▴장소 : 만복국수 숭실대점
▴시간 : 늦은 6시"
german_language,[공지] 2015학년도 동계 동유럽 교육기행 참가자 모집,N/A,2015-11-17,https://gerlan.ssu.ac.kr/%ed%95%99%ea%b3%bc%ec%82%ac%eb%ac%b4%ec%8b%a4%ec%95%8c%eb%a6%bc/%ea%b3%b5%ec%a7%80%ec%82%ac%ed%95%ad/?term_id&slug=1650,"2015학년도 동계 동유럽 교육기행 참가자 모집
학생서비스팀 및 학생복지위원회가 공동으로 주관하는 ‘2015 통일시대를 대비한 동유럽 교육기행'(2015 해외 동계 교육기행)에 참여할 학생을 모집합니다.
아래의 내용을 참고하시어 많은 신청 바랍니다.
지원서류 접수메일 : ssubokji.global@gmail.com(숭실대학교학생복지위원회)
<모집기간 일정>
● 접수기간 : 2015년 11월 16일(월) ~ 12월 19일(토) 24:00까지
● 서류발표 : 2015년 12월 20일(일)에 공지 및 문자로 일괄 발송.
● 인터뷰   : 2015년 12월 21일(월) ~ 12월 24일(목) 10:00 ~ 17:00
인터뷰 시간은 지원서류에 표시하신 시간을 제외하고 스케줄을 짤 예정이며, 자세한 장소는 추후에 공지 및 문자를 보내드리겠습니다.
● 최종발표 : 2014년 12월 25일(금)
<모집이후 일정>
● 사전세미나 : 사전 모임은 주 1회 진행할 예정이며, 12월 마지막주는 OT, 1월 중에 3회, 총 4회 진행할 예정입니다. (요일은 화요일 예정) 세미나의 주제는 OT에 자세히 공지할 예정입니다. 세부적인 프로그램에 대한 문의는 Q&A 게시판을 이용해주시길 바랍니다.
● 탐방기간 : 2016년 1월 26일(화) ~ 2월 5일(금) 9박 11일간
● 참가비용 : 160만원 (총 비용 중 학생부담금 40%)"
german_language,[공지] 2015-2학기 졸업논문 제출 안내,N/A,2015-10-27,https://gerlan.ssu.ac.kr/%ed%95%99%ea%b3%bc%ec%82%ac%eb%ac%b4%ec%8b%a4%ec%95%8c%eb%a6%bc/%ea%b3%b5%ec%a7%80%ec%82%ac%ed%95%ad/?term_id&slug=1649,"2015-2학기 졸업논문 제출 안내
1. 제출기한 : 2015년 12월 04일(금) 17:00 시
2. 제출장소 : 독어독문학과 사무실(조만식 642호)
3. 대상자
– 논문계획서를 제출한 7학기 이상 이수자 혹은 수료생 중 졸업예정자 신청을 한 학생
4. 논문양식
– 분량 : A4 20장 이상
– 글자크기 : 11
– 행간 : 180
– 폭, 여백은 편집하지 말 것"
german_language,[공지] 2016학년도 전기 대학원 입학전형 일정 안내,N/A,2015-10-01,https://gerlan.ssu.ac.kr/%ed%95%99%ea%b3%bc%ec%82%ac%eb%ac%b4%ec%8b%a4%ec%95%8c%eb%a6%bc/%ea%b3%b5%ec%a7%80%ec%82%ac%ed%95%ad/?term_id&slug=1647,"2016학년도 전기 대학원 입학전형 일정 안내
1. 전형방법 : 서류심사 및 구술평가시험
2. 전형대상 : 국내․외 거주 내․외국인 (외국인유학생은 편입학 모집 없음)
3. 입시일정
모 집 공 고  2015년 10월  1일(수)∼ / 홈페이지 및 교내․외 신문
원 서 접 수  2015년 10월 15일(목)∼23일(금) (9일간) / 온·오프라인 접수 동시 진행
면접장소 및 평가자 입력  2015년 11월 3일(화) 24:00까지 / U-Saint 입학관리 – 학과 주임교수 입력
학과서류송부  2015년 11월 4일(수) (예정) / 대학원교학팀 배부
전 형 일 시  2015년 11월 7일(토) 10:00∼ / 각 학과 주임교수실
합격자 발표  2015년 11월 25일(수) (예정) / 대학원 홈페이지
합격자 등록  2016년 1월 12일(화)∼14일(목) (3일간) / 우리은행 전국지점
4. 기타사항
가. 접수방법
1) 내국인 : 대학원 입학시스템을 통한 온라인 접수
2) 외국인 : 입학원서(홈페이지 다운, 국․영문)를 작성하여 우편 및 방문 접수
나. 전형료
내․외국인 석사과정 70,000원
내․외국인 박사과정 80,000원
붙임 : 2016학년도 전기 입학전형 모집요강 1부. 끝."
german_language,[공지] ZD 단체접수 안내,N/A,2015-10-01,https://gerlan.ssu.ac.kr/%ed%95%99%ea%b3%bc%ec%82%ac%eb%ac%b4%ec%8b%a4%ec%95%8c%eb%a6%bc/%ea%b3%b5%ec%a7%80%ec%82%ac%ed%95%ad/?term_id&slug=1646,"ZD 단체접수 안내
독일문화원에서 10월 31일(토) 실시하는 Goethe-Zertifikat B1을 응시하고자 하는 재학생 및 졸업생은 학과 단체 접수를 통해 신청하길 바랍니다.
1. 신청기간 : 2015.10.05(월) 09:00 –17:30
2. 접수방법 : 학과사무실 방문 후 명단 작성, 또는 이재호 교수님, 현희 교수님께 개별 연락"
german_language,[공지] 2015년 Blick um Blick 대학생 UCC 공모전 안내,N/A,2015-09-22,https://gerlan.ssu.ac.kr/%ed%95%99%ea%b3%bc%ec%82%ac%eb%ac%b4%ec%8b%a4%ec%95%8c%eb%a6%bc/%ea%b3%b5%ec%a7%80%ec%82%ac%ed%95%ad/?term_id&slug=1644,"2015년 Blick um Blick (마주치는 눈길) 행사의 일환으로 진행될 대학생 UCC 공모전을 다시 한 번 아래와 같이 알여드립니다.
1. 문학작품 하인리히 뵐의 『카타리나 블룸의 잃어버린 명예』, 넬레 노이하우스의 『백설공주에게 죽음을』, 영화 미하엘 하네케의 <하얀 리본>, 데니스 간젤의 <디 벨레> 중에서 하나를 분석, 이를 전체주제에 부합하도록 독창적으로 해석하고 그 내용을 UCC 매체를 활용하여 창조적으로 표현.
2. 각 대학 독일문학 및 독일문화 관련학과에서 지도교수 1인과 학생 3인 내외로 팀을 구성.
3. 작품 제출 시 제작의도, 작품해석, 제작일지, 지도교수의 역할, 연락처 등을 A4 5매 내외로 작성하여 첨부. (자유형식)
4. 출품기간: 2015년 10월 15일부터 11월 2일까지.
5. 제출주소: kgg@kggerman.or.kr
6. 결과발표: 2015년 11월 30일 한국독어독문학회 홈페이지(http://www.kggerman.or.kr)에  게시
이번 공모전의 취지는 대학생들이 독일문학과 영화의 다양한 측면을 독창적으로 해석하여 이를 새로운 매체로 표현할 수 있도록 하는 데 있습니다. 기타 사항은 첨부된 포스터를 참조하여 주십시오."
german_language,[공지] 독어독문학과 원어연극 상연 안내,N/A,2015-09-18,https://gerlan.ssu.ac.kr/%ed%95%99%ea%b3%bc%ec%82%ac%eb%ac%b4%ec%8b%a4%ec%95%8c%eb%a6%bc/%ea%b3%b5%ec%a7%80%ec%82%ac%ed%95%ad/?term_id&slug=1642,"독어독문학과 원어연극  ‘BIEDERMANN und die BRANDSTIFTER'(비더만과 방화범들)’ 상연을 안내합니다
공연 관람과 함께 한 학기 동안 원어연극을 위해 애쓴 우리 학생들에게 칭찬과 격려를 부탁드립니다. 감사합니다.
1. 일시 : 2015년 09월 17(목) ~ 18(금) 19:00
2. 주최 : 숭실대학교 인문대학 독어독문학과
3. 장소 : 숭실대학교 학생회관 1층 블루큐브"
german_language,[공지] 2015년 2학기 김대권 교수와 함께 하는 독서토론세미나 신청 안내,N/A,2015-09-03,https://gerlan.ssu.ac.kr/%ed%95%99%ea%b3%bc%ec%82%ac%eb%ac%b4%ec%8b%a4%ec%95%8c%eb%a6%bc/%ea%b3%b5%ec%a7%80%ec%82%ac%ed%95%ad/?term_id&slug=1641,"2015년 2학기 김대권 교수와 함께 하는 독서토론세미나
일   시: 9월 중순부터 매주 화요일 오후 6시(중간고사 기간 제외)
장   소: 연구실(조만식 기념관 632호)
첫 모임: 9월 8일(화) 오후 6시 연구실
교 재:
플라톤: 『크리티아스』(이정호 역), 『크라튈로스』(김인곤·이기백 역), 『향연』(강철웅 역). 이제이북스.
김상봉: 『그리스 비극에 대한 편지』. 한길사 2003.
세네카: 『인생이 왜 짧은가』(천병희 역). 숲 2005.
관심 있는 학생들은 학교 도서관 홈페이지에서 신청 바랍니다."
german_language,[공지] 2015학년도 2학기 교수님 변경과목 강의계획서,N/A,2015-08-17,https://gerlan.ssu.ac.kr/%ed%95%99%ea%b3%bc%ec%82%ac%eb%ac%b4%ec%8b%a4%ec%95%8c%eb%a6%bc/%ea%b3%b5%ec%a7%80%ec%82%ac%ed%95%ad/?term_id&slug=1639,"2015학년도 2학기부터 기존 Kai Rohs 교수님이 담당하시던 과목들을 새로 부임하신 현희 교수님이 담당하게 되었습니다.
이에 해당 과목에 대한 강의계획서를 첨부합니다.
*과목은 다음과 같습니다.
– 기초독회화 2
– 초급독회화 2
– 중급독회화 2
– ZD-독일어"
german_language,[공지] 2015학년도 2학기 학과근로장학생 신청 공고,N/A,2015-08-06,https://gerlan.ssu.ac.kr/%ed%95%99%ea%b3%bc%ec%82%ac%eb%ac%b4%ec%8b%a4%ec%95%8c%eb%a6%bc/%ea%b3%b5%ec%a7%80%ec%82%ac%ed%95%ad/?term_id&slug=1637,"2015학년도 2학기 학과근로장학생 신청 안내
2015학년도 2학기 학과근로장학생을 다음과 같이 모집하니, 자격요건 및 지원방법을 숙지한 후지원기간 내 지원하여 주시기 바랍니다. (국가근로장학금 신청자도 신청가능합니다.)
1. 장학금명: 학과근로A, B     <※ A, B로 운영여부는 해당학과에 따라 다름>
2. 장학생선발관련공지: 학과 홈페이지에 학과별로 직접공지하므로 해당학과 홈페이지 참조
3. 학과근로장학생 자격 및 선발기준
가. 2015학년도 2학기 한국장학재단 국가장학금을 신청완료(서류제출완료)한 자(1차 신청에 한함)
나. 직전학기 이수학점 15학점 이상 및 평점평균 2.5 이상인 자
다. 2015학년도 2학기 재학생 (2015학년도 2학기 기준, 2~7학기 재학생만 가능, 1학기 및 8학기 재학생 신청불가)
라. 해당학기 이전 등록휴학 후 복학하는 자(등록대체자) 선발불가
마. 선발된 학생은 소속 학과에서 지정된 근로시간 동안 근무해야 하며, 학기 중 학적 변동(휴학, 자퇴, 제적 등) 및
불가피한 사유가 인정되는 중도포기시 근로한 시간만큼 지급
바. 타 장학금과 중복수혜 가능 (근로장학금간 중복수혜 불가)
※ 기 선발된 장학금과 학과근로장학금을 포함하여 수업료를 초과할 수 없음.
사. 소속학과(부)에만 신청 가능
4. 근로장학생 종류별 장학금액 및 근로시간
가. 「학과근로A」= 1,232,000원 : 5,600원×(주당)10시간×(학기당)22주 = 총 220시간
나. 「학과근로B」=    616,000원 : 5,600원×(주당)  5시간×(학기당)22주 = 총 110시간
5. 신청방법
가. 신청방법 : u-SAINT포털 → 등록/장학 → 장학메뉴 ‘근로장학금’ 신청’  → 학과근로A/B 신청 → 지원서 출력
→ 지원서: u-SAINT 출력본 제출
나. 온라인접수기간 : 2015년 8월 12일(수) 10:00 ~ 19일(수) 17:00
다. 학과서류제출기간 : 2015년 8월 12일(수) 10:00 ~ 19일(수) 17:00
※ 접수장소 : 각 학과사무실
6. 발표: 2015년 8월 27일(목) 발표 예정 (u-SAINT ‘장학’에서 확인 가능)
7. 문의 : 소속 학과 사무실
8. 장학금지급 : 학기종료 후 2016년 2월 중순 이후 개인계좌 지급."
german_language,[여름방학특강] 카이로스 교수님의 독일어반 특강 안내,N/A,2015-06-22,https://gerlan.ssu.ac.kr/%ed%95%99%ea%b3%bc%ec%82%ac%eb%ac%b4%ec%8b%a4%ec%95%8c%eb%a6%bc/%ea%b3%b5%ec%a7%80%ec%82%ac%ed%95%ad/?term_id&slug=1636,"2015학년도 여름방학을 맞아 카이로스 교수님의 독일어반이 개설되었습니다.
관심있는 학생들의 많은 참여 부탁드립니다.
독일어반
기간 : 2015년 7월 5일~8월 14일
일시 : 매주 화/금요일, 오후 4시 30분~6시
영어성경반
기간 : 2015년 7월 5일~8월 14일
일시 : 매주 금요일, 오후 2시
신청방법 : 카이로수 교수 010-6276-1180으로 직접 신청
신청기한 : 2015년 7월 1일까지"
german_language,[여름방학특강]이재호 교수님의 초급 독일어 문법/회화 강좌 개설,N/A,2015-06-16,https://gerlan.ssu.ac.kr/%ed%95%99%ea%b3%bc%ec%82%ac%eb%ac%b4%ec%8b%a4%ec%95%8c%eb%a6%bc/%ea%b3%b5%ec%a7%80%ec%82%ac%ed%95%ad/?term_id&slug=1635,"I 개요
2015년 여름방학 동안 독어독문학과 전공기초 과목인 『집중 독일어1』과 『기초 독회화1(원어)』의 문법과 회화 내용을 총정리하려고 합니다. 『집중 독일어1 (1학기) / 집중 독일어2 (2학기)』와 『기초 독회화1 (1학기) / 기초 독회화2 (2학기)』는 두 학기 연계되는 교과목이므로, 1학기 수업내용의 이해가 부족했던 1학년 학생들에게는 2학기 전공수업을 위해서 도움이 될 것입니다. 관심 있는 상급학년 학생들도 신청 가능합니다.
II 교재
1. Lebendiges Deutsch für Studenten I (대학생을 위한 활용 독일어 I), 문예림.
2. Schritte international 1, Kursbuch und Arbeitsbuch, Hueber.
III 일정
날 짜: 2015년 7월 07일 ~ 7월 30일
요 일: 화, 목 (총 8회)
시 간: 14시 00분 ~ 16시 00분
강의 진행: 교재 1 (문법: 70분), 교재 2 (회화: 30분)
강의실: 추후 공지 합니다
신 청: 2015년 6월 26일(금) 17시까지 독어독문학과 사무실: ☏ 02-820-0350
예비 모임: 2015년 6월 29일(월) 16시, 독어독문학과 사무실
* 강의 요일과 시간은 예비 모임 후 변경가능
강의 담당: 이재호 교수 [E-Mail: zhlie@ssu.ac.kr]"
german_language,[여름방학 특강] 김대권 교수님과 함께 토마스 만 작품(III) 읽기,N/A,2015-05-27,https://gerlan.ssu.ac.kr/%ed%95%99%ea%b3%bc%ec%82%ac%eb%ac%b4%ec%8b%a4%ec%95%8c%eb%a6%bc/%ea%b3%b5%ec%a7%80%ec%82%ac%ed%95%ad/?term_id&slug=1634,"서양고전탐색(11)
2015년 여름방학에 김대권 교수님과 함께 토마스 만의 작품(III)을 읽으려고 합니다.
관심 있는 학생들의 많은 참여를 바랍니다.
일     시: 2015년 7월 13일, 27일(2회, 모임일시는 논의 후 변경 가능)
장     소: 조만식기념관 632호
대     상: 제한 없음
신     청: 2015년 6월 22일(월)까지 독어독문학과 사무실
예비 모임: 2015년 6월 25일(목) 오후 2시 조만식기념관 632호
교     재: 토마스 만의 파우스트 박사 1, 2(임홍배/박병덕 역, 민음사 2010)
서양고전탐색(1, 2007년 여름방학): 오비디우스의 변신이야기
서양고전탐색(2, 2008년 여름방학): 아이스킬로스와 소포클레스의 비극 작품
서양고전탐색(3, 2009년 여름방학): 에우리피데스의 비극 작품
서양고전탐색(4, 2009년 겨울방학): 단테의 신곡
서양고전탐색(5, 2010년 여름방학): 세르반떼스의 돈끼호떼
서양고전탐색(6, 2012년 여름방학): 헤로도토스의 역사
서양고전탐색(7, 2013년 여름방학): 헤세의 크눌프, 페터 카멘친트, 수레바퀴 아래서,
황야의 이리, 싯다르타
서양고전탐색(8, 2013년 겨울방학): 헤세의 데미안, 나르치스와 골드문트, 유리알 유희
서양고전탐색(9, 2014년 여름방학): 토마스 만의 베니스에서의 죽음, 부덴부로크 가의 사람들
서양고전탐색(10, 2014년 겨울방학): 토마스 만의 마의산"
german_language,[공지] 2015학년도 2학기 재학생 및 복학예정자 대상 교내장학금 신청공고,N/A,2015-05-15,https://gerlan.ssu.ac.kr/%ed%95%99%ea%b3%bc%ec%82%ac%eb%ac%b4%ec%8b%a4%ec%95%8c%eb%a6%bc/%ea%b3%b5%ec%a7%80%ec%82%ac%ed%95%ad/?term_id&slug=1632,"2015학년도 2학기 재학생 및 복학예정자 대상 교내장학금 신청공고
※ 본교에서 지급되는 모든 교내장학금은 아래 국가장학금 신청기간 내 국가장학금을 신청
하고 서류제출을 완료한 학생을 대상으로만 수혜자를 선정합니다. 따라서, 교내장학금을
수혜하려는 모든 학생은 반드시 교내장학금과 국가장학금을 동시 신청하시기 바랍니다.
– 국가장학금 신청결과 제공되는 학생의 소득분위정보를 장학생선발에 활용
– 국가장학금은 반드시 매학기 신청하여야 함.
1. 국가장학금 신청기간 : 2015년 5월 22일(금) 9:00 ~ 6월 10일(수) 18:00
※ 한국장학재단 홈페이지(www.kosaf.go.kr) 공인인증 로그인 후 신청
※ 국가장학금을 1차 신청기간에 신청한 학생만 인정함.
2. 교내장학금 온라인신청기간
가. 온라인신청기간
1) 정규신청 : 2015년 5월 22일(금) 10:00 ~ 6월 10일(수) 17:00 (3주간)
2) 추가신청 : 2015년 6월 22일(월) 10:00 ~ 7월 3일(금) 17:00 (2주간)
※ 주말 및 공휴일 24시간 신청 가능 (단, 마감일 제외)
※ 추가신청자는 반드시 국가장학금을 1차 신청기간에 미리 신청하여야 함.
나. 서류제출이 필요한 장학금의 경우, 교내장학금 온라인신청기간 내 반드시 제출
※ 방문 및 등기우편제출 가능 (FAX 불가)
※ 등기우편 제출 시 교내장학금 온라인 신청기간 내 장학팀 도착분만 인정
※ 단, 형제장학금의 경우, 재학생 등록기간 종료시까지 서류제출 인정
다. 근로장학금(교내근로/학과근로) 신청 : 2015년 8월 초 공지 예정
3. 신청대상 : 2015학년도 2학기 재학생 및 복학예정자
4. 교내장학생 자격요건
가. 2015학년도 2학기 국가장학금을 신청하고 서류제출을 완료한 자
나. 2015학년도 2학기 재학생 및 복학예정자로 등록금 납부를 완료예정인 자
1) 2015학년도 2학기 전 등록휴학 후 복학생은 모든 장학금 선발에서 제외(등록대체)
2) 미등록, 입학취소, 복학취소 등으로 인한 학적변동시 모든 장학금 취소
다. 직전학기 15학점 이상 이수한 자 (2015년 2학기가 4학년 8학기인 자는 12학점 이상)
※ 건축학과 건축학전공 : 10학기인 자는 직전학기 12학점 이상 이수(1∼9학기는 15학점 이상)
라. 등록 8학기 이내인 자(건축학과 건축학전공 : 등록 10학기 이내인 자)
예1) 학기취소 1회 후 8학기 진학예정인 경우 : 9회 등록금 납부이므로 선발 불가
예2) 학점 미이수로 9학기 진학예정인 경우 : 9회 등록금 납부이므로 선발 불가
5. 교내장학생 공통사항
가. 성적 및 취득학점 산정방법
1) 평점평균(GPA) / 산술평균(100점만점) : F학점이 포함된 학적부성적 기준 산정
2) 취득학점 산정시 F학점은 0학점 취득으로 인정되어 취득학점 산정에서 제외
나. 온라인으로 반드시 신청해야 하며, 제출서류가 있는 장학금에 한하여 서류제출
※ 제출기간 내 미제출시 장학생 선발대상에서 제외
다. 모든 교내장학금은 중복수혜 불가
1) 중복신청은 가능하나, 신청 장학금 중 수혜금액이 큰 장학금으로 자동선발
2) 중복수혜 가능 장학금 : 국가장학금, 교외(외부)장학금, 근로장학금(교내/학과/봉사)
– 수업료범위 내 중복수혜 가능 (근로장학금 간 중복수혜 불가)
라. 한국장학재단 이중지원방지사업 안내
1) 한국장학재단 학자금대출금액과 교내/외장학금을 모두 합하여 수업료를 초과할
경우, 이중지원학생에 해당
2) 한국장학재단 콜센터와 통화하여, 이중지원여부를 해소해야 함.
(2016학년도 1학기 국가장학금 및 학자금대출여부에 영향)
6. 장학생 선정결과 발표 및 지급방식
가. 2015년 8월 중순 발표 예정(u-Saint  등록/장학 및 등록금고지서 감면여부 확인 가능)
나. 장학금신청시 계좌입력 : 우리은행 본인명의 개인계좌 입력 필수
다. 등록금 분할납부를 신청한 학생의 경우. 선발된 장학금 중 사전감면을 제외한 계좌지급
장학금은 분할납부 최종등록(3차) 확인 후 지급
라. 비전장학금 지급범위 및 장학금액은 한국장학재단 국가장학금 정책에 따라 매학기
변경될 수 있음.
학 생 처 장"
german_language,[공지]한독주니어포럼,N/A,2015-05-13,https://gerlan.ssu.ac.kr/%ed%95%99%ea%b3%bc%ec%82%ac%eb%ac%b4%ec%8b%a4%ec%95%8c%eb%a6%bc/%ea%b3%b5%ec%a7%80%ec%82%ac%ed%95%ad/?term_id&slug=1630,"한독주니어포럼의 목표는 한국과 독일 양국 간의 교류와 협력을 증진하고
미래를 이끌어나갈 젊은 인재를 양성하는 데 있습니 .
올해로 4회를 맞는 ‘한독 주니어 포럼’은 독일 Rostock에서 개최됩니다.
‘주니어 포럼’은 2012년 ‘한독 포럼’ 행사의 한 축으로 설립되었으며,
양국의 대학생이 주축이 되어 ‘한독 포럼’과 같이 한국과 독일에서 번갈아 개최됩니다.
학생들은 이 포럼을 통해 자신들의 아이디어와 제안 사항을 ‘한독 포럼’의 공동 협력사업안에 포함시킬 기회를 갖게 됩니다.
자세한 사항은 첨부해 드리는 내용을 참조하시기 바랍니다.
Das Deutsch-Koreanische Junior-Forum 2015
Das Junior-Forum lädt 40 junge Menschen aus Deutschland und Korea ein, die sich für die deutsch-koreanischen Beziehungen besonders interessieren. Das Junior-Forum wird in diesem Jahr vom Fach Koreastudien der Freien Universität Berlin organisiert und findet in Rostock statt.
Vier der folgenden Themen werden 2015 im Mittelpunkt des Deutsch-Koreanischen Junior-Forums stehen:
  Umweltschutz (auch „Green Economy“)
  Lebensmittelsicherheit (international)
  Soziale Sicherung
  Friedenspolitik (in der Region Europa/Ostasien)
  Menschenrechte
  Umgang mit Terrorismus (Meinungsfreiheit)
Daneben werden ggf. weitere Themen diskutiert. Vorschläge werden gerne im Rahmen Ihrer Bewerbung
entgegengenommen.
Für Unterkunft und Verpflegung am Tagungsort sorgen die Veranstalter. Aufgrund eines großzügigen Stipendiums der Robert Bosch Stiftung ist es der Ewha Graduate School of International Studies möglich, den Flug von bis zu 10 Studierenden nach Deutschland zu finanzieren. Die Anreise innerhalb Deutschlands ist möglicherweise mit zusätzlichen Kosten verbunden und muss u.U. eigenständig organisiert werden. Das Abschließen einer Reisekrankenversicherung auf eigene Kosten ist für alle TeilnehmerInnen für die gesamte Reisezeit Pflicht. Alle TeilnehmerInnen unternehmen die Reise auf eigene Verantwortung und auf eigenes Risiko.
Bewerbung zur Teilnahme am Deutsch-Koreanischen Junior-Forum
Bewerbungsvoraussetzungen:
  Sie studieren an einer koreanischen Hochschule.
  Sie sind volljährig und maximal 35 Jahre alt.
  Sie können an einer anspruchsvollen Diskussion entweder auf Deutsch oder auf Englisch teilnehmen.
  Sie haben die koreanische Staatsbürgerschaft.
  Sie haben vertiefte Vorkenntnisse und ein persönliches Interesse an den deutsch-koreanischen
Beziehungen.
Bewerbungsunterlagen auf Deutsch oder Englisch:
  Kurzes Anschreiben und Lebenslauf
  Interessensbekundung, für welches der oben genannten Themen Sie sich primär interessieren,
  Essay (200–400 Wörter) zum Thema: „Welchen Beitrag kann die junge Generation leisten, um die
deutsch-koreanischen Beziehungen zukünftig weiter zu verbessern?“ Im Rahmen des Essays geben Sie bitte jeweils mindestens ein konkretes Beispiel zu den folgenden Punkten:
1. Ein konkretes Thema, für das sich insbesondere die jüngere Generation besonders interessiert.
2. Ein Thema, das generationsübergreifend interessant ist.
3. Einen Aspekt der aktuellen deutsch-koreanischen Beziehungen, den Sie kritisch sehen.
4. Ein ganz konkrete Initiative, mit der Sie sich in die deutsch-koreanischen Beziehungen
einbringen könnten.
Bitte richten Sie Ihre Bewerbung an die Ewha Graduate School of International Studies, z.H. Ms Reigh Lee: gk.forum.jr@gmail.com
Einsendeschluss der Bewerbungsunterlagen: 17. Mai 2015"
german_language,[취업] 2015년 상반기 금융전문가 양성과정인 i-PA 선발계획,N/A,2015-05-12,https://gerlan.ssu.ac.kr/%ed%95%99%ea%b3%bc%ec%82%ac%eb%ac%b4%ec%8b%a4%ec%95%8c%eb%a6%bc/%ea%b3%b5%ec%a7%80%ec%82%ac%ed%95%ad/?term_id&slug=1629,"2015년 알리안츠 i-PA Infinity Program 5기 모집 안내
1. 모집대상 : 4년제 정규대학교 졸업 및 8월 졸업예정자/여의도 본사출퇴근 가능자
2. 우대사항 : 외국어능통자/대외공모전수상자/국가유공자
3. 서류접수 : 5월 11일(월)~27일(수),
4. 면접전형 : 1차면접 6월1일(월)~3일(수),  2차면접 6월 4일(목)~5일(금)
5. 합격발표 : 6월 9일(화) 개별통보
자세한 사항 첨부파일 참고"
german_language,[공지]2015-1학기 컴퓨터 활용 관련 자격증 제출 안내,N/A,2015-05-06,https://gerlan.ssu.ac.kr/%ed%95%99%ea%b3%bc%ec%82%ac%eb%ac%b4%ec%8b%a4%ec%95%8c%eb%a6%bc/%ea%b3%b5%ec%a7%80%ec%82%ac%ed%95%ad/?term_id&slug=1627,"2015-1학기 컴퓨터 활용 관련 자격증 제출에 대해 아래와 같이 안내합니다.
1. 대   상 : 2014학년도 이후 입학자(단, 편입생 중 13학번 이하 학생 및 계약학과 학생 등은 제외)
2. 내   용 : 학칙 제46조에 따라 2014학년도 입학자부터는 컴퓨터 활용 관련 자격증을 2개 이상 취득하여야 합니다.
3. 제출기간 : 5월 18일(월) 09:00 ~ 5월 29일(금) 17:30
4. 신청방법 : 소정기간 내 소속학과(부) 사무실에 자격증 원본 및 사본 제출 (대조 후 원본반환 가능)
5. 유의사항
가. 첨부의 학과(부)별 인정가능(또는 불가능)한 자격증 리스트에 유의하시기 바랍니다.
나. Mos Excel expert 자격증을 반드시 포함하여 2가지 자격증을 모두 취득한 후 8학기 이전까지 제출을 완료하여야 합니다.
다. 본 졸업요건은 컴퓨터활용 자격증 관련 과목(스프레드시트고급활용 등)과 관련이 없습니다.
1) 컴퓨터활용 자격증 관련 과목을 수강하였어도 자격증 제출 기한 내 제출하지 않을 경우
본 졸업요건을 충족한 것으로 인정  하지 않습니다.
2) 컴퓨터활용 자격증 관련 과목을 수강하지 않은 경우 해당 자격증 제출만으로 학점인정은 불가합니다."
german_language,[공지] 2015년 독어독문학과 여름학교&교환학생 선발자 명단,N/A,2015-04-23,https://gerlan.ssu.ac.kr/%ed%95%99%ea%b3%bc%ec%82%ac%eb%ac%b4%ec%8b%a4%ec%95%8c%eb%a6%bc/%ea%b3%b5%ec%a7%80%ec%82%ac%ed%95%ad/?term_id&slug=1626,"안녕하세요. 독어독문학과 입니다.
2015년 여름학교와 교환학생 선발에 많은 관심 보내주신 학생 여러분들께 진심으로 감사 드립니다.
최종 선발 명단 안내 해 드립니다.
(개인정보 보호를 위해 명단에 *표시가 있습니다.)
1. 여름학교 최종 선발 명단
2010**** 정*용
2014**** 곽*애
2015**** 노*윤
2. 교환학생 최종 선발 명단
2013**** 조*윰
2014**** 박*현
여름학교 담당 교수님은 남정애 교수님이시고, 교환학생은 김대권교수님께서 담당 해 주십니다.
유학과 관련된 자세한 문의사항은 교수님과 상담하시기 바랍니다.
이상입니다.
감사합니다."
german_language,[공지]2015-1학기 논문계획서 제출,N/A,2015-04-10,https://gerlan.ssu.ac.kr/%ed%95%99%ea%b3%bc%ec%82%ac%eb%ac%b4%ec%8b%a4%ec%95%8c%eb%a6%bc/%ea%b3%b5%ec%a7%80%ec%82%ac%ed%95%ad/?term_id&slug=1624,"2015-1학기 논문계획서 제출에 관해 안내해드리니 기한 내에 제출하시기 바랍니다.
1. 논문계획서(논문제목, 지도교수) 입력 및 결과 제출
가. 대상자 : 1) 7학기 이상 이수중인 재학생
2) 수료생 중 졸업예정자 신청을 한 학생
2. 논문계획서 작성 방법
1) 담당교수 작성하지 말것.
2) ZD 대체도 논문계획서 작성해야함.
3) 제출기한 : 2015년 5월 11일 월요일 오후 5시
4) 제출장소 : 독어독문학과 사무실
붙임 : 논문계획서 양식"
german_language,[공지] 2015년 보훔대학교 교환학생 프로그램 모집,N/A,2015-04-07,https://gerlan.ssu.ac.kr/%ed%95%99%ea%b3%bc%ec%82%ac%eb%ac%b4%ec%8b%a4%ec%95%8c%eb%a6%bc/%ea%b3%b5%ec%a7%80%ec%82%ac%ed%95%ad/?term_id&slug=1623,"【독일 보훔 대학교 교환학생 프로그램 신청】
·신청기간 : 2015년 4월 7일~4월 13일 월요일 17:30까지
·신청대상 : 독어독문학과 학부생 (휴학생 포함)
·선발인원 : 2명
·선발기준 : 1차(서류전형), 2차(면접, 면접일시는 개별 통지)
·제출서류 : 별도 양식 없음
-자기소개서(국문 1부 / A4용지 2~3장 내외)
-학업계획서(국문 1부 / A4용지 2~3장 내외)
-성적증명서(국문 1부)
-독일어국제공인어학증명서(ZD, TestDaf / 취득자에한함)
·파견기간 : 1년 (2015년 9월~2016년 8월)
·문의 : 독어독문학과사무실 조만식기념관 642호
02-820-0350 / gerlan@ssu.ac.kr
※“독일 현지 여름학교 어학연수”와 중복 수혜 불가
4학년 신청 불가"
german_language,[공지] 2015년 동문장학금 어학연수 장학생 모집,N/A,2015-04-07,https://gerlan.ssu.ac.kr/%ed%95%99%ea%b3%bc%ec%82%ac%eb%ac%b4%ec%8b%a4%ec%95%8c%eb%a6%bc/%ea%b3%b5%ec%a7%80%ec%82%ac%ed%95%ad/?term_id&slug=1622,"【동문장학금 독일현지여름학교 어학연수 지원】
독어독문학과 학생들을 대상으로 어학연수장학생을 선발합니다.
독일 현지 대학교(쾰른, 킬, 뮌헨대학교 등)에서 개설하는 여름학교(Sommerschule) 프로그램(4주간진행)에서 어학연수를 원하는 학생에게 장학금(약 170만원)을 지원합니다.
지원을 원하는 학생은 아래의 서류를 독어독문학과 사무실에 직접 제출하거나 이메일로 보내주시기 바랍니다.
·신청기간 : 2015년 4월 7일~4월 13일 월요일 17:30까지
·신청대상 : 독어독문학과 학부생
·선발인원 : 2명 (전 학년 대상)
·제출서류 : 별도 양식 없음
-자기소개서(국문 1부/A4용지 1~2장 내외)
-학업계획서(지원동기 포함/국문 1부/A4용지 1~2장 내외)
·면접일시 및 합격발표는 추후 공지
·제출장소 : 독어독문학과사무실 조만식기념관 642호
02-820-0350 / gerlan@ssu.ac.kr
※“교환학생 프로그램”과 중복 수혜 불가"
german_language,[공지] 2015 하계 해외봉사활동 참가자 모집,N/A,2015-03-25,https://gerlan.ssu.ac.kr/%ed%95%99%ea%b3%bc%ec%82%ac%eb%ac%b4%ec%8b%a4%ec%95%8c%eb%a6%bc/%ea%b3%b5%ec%a7%80%ec%82%ac%ed%95%ad/?term_id&slug=1620,"2015학년도 하계 해외봉사활동을 다음과 같이 모집하오니 많은 지원 바랍니다.
*자세한 일정은 첨부파일을 통해 확인해주시기 바랍니다.
1. 파견 내용
파견국 : 필리핀
봉사지역 : 두마게티
봉사활동 기간 : 2015. 7. 4(토) ~ 7. 16(목) [12박 13일] 예정
봉사활동 내용 : 노력봉사 및 교육봉사(IT교육, 과학교육 등), 실리만대학교 문화교류
2. 학생  부담금 : 1인당 600,000원
※ 기초생활수급자의 경우 10%만 부담(증빙서류 제출)
※ 외국인 유학생은 참가비의 50%만 부담"
german_language,[공지]2015학년도 취업준비반 모집,N/A,2015-03-25,https://gerlan.ssu.ac.kr/%ed%95%99%ea%b3%bc%ec%82%ac%eb%ac%b4%ec%8b%a4%ec%95%8c%eb%a6%bc/%ea%b3%b5%ec%a7%80%ec%82%ac%ed%95%ad/?term_id&slug=1618,"경력개발센터에서는 학생들의 성공적인 취업지원을 돕기 위한 일환으로
동아리 형태의 “취업준비반”을 매년 지원 운영하고 있는 바,
2015학년도에도 아래와 같이 모집하므로 많은 학생들의 참여를 부탁드립니다.
1. 운영목적
공통의 취업목표 달성을 위한 동아리 형태의 취업준비반을 구성하여, 취업 정보수집 및 공유,
스터디 활동 등 제반 취업준비 활동을 지원하여 취업 역량을 강화하고 취업 성공의 목표를 달성하도록 함.
2. 운영기간: 2015. 4. ∼ 2016. 1. 29.(10개월 이내)
3. 운영반수: 20개반(1개반당 최소 5명 이상 최대 20명 이내)
4. 모집대상: 본교 재학 및 휴학생, 2014년 8월 및 2015년 2월 졸업생
5. 지 원 금: 반별로 1학기 최대 50만원,  2개 학기 100만원이내 지원
6. 신청방법
가. 신청기간: 2015. 3. 24.(화) ∼ 3. 27.(금) 15:00
나. 제출서류: 등록신청서, 반원명부, 활동계획서 각 1부.
다. 제출방법: 경력개발센터(학생회관 501호 방문접수). 끝."
german_language,[공지]독어독문학과 학생들을 위한 활기찬 대학생활 길라잡이,N/A,2015-03-18,https://gerlan.ssu.ac.kr/%ed%95%99%ea%b3%bc%ec%82%ac%eb%ac%b4%ec%8b%a4%ec%95%8c%eb%a6%bc/%ea%b3%b5%ec%a7%80%ec%82%ac%ed%95%ad/?term_id&slug=1616,"독어독문학과 학생들을 위한 대학 생활을 안내해드립니다.
첨부파일을 확인하시기 바랍니다."
german_language,[공지] 2015 신입생 학부모 초청 행사 안내,N/A,2015-03-18,https://gerlan.ssu.ac.kr/%ed%95%99%ea%b3%bc%ec%82%ac%eb%ac%b4%ec%8b%a4%ec%95%8c%eb%a6%bc/%ea%b3%b5%ec%a7%80%ec%82%ac%ed%95%ad/?term_id&slug=1615,"2015학년 신입생 학부모 초청 행사에 대해 안내해드립니다.
학부모님들의 많은 참여 부탁드립니다.
1. 일 시 : 2015.4.18(토) 13:00 ~ 18:00
2. 일 정
1) 식전행사 – 캠퍼스 투어, 박물관 탐방 (사전 신청자에 한함)
2) 제1부 – 숭실대학교 비전공유, 교육 및 학사제도 안내 등
3) 제2부 – 전공 학과 교수와 간담회 및 간단한 식사(도시락 제공)
자세한 사항은 첨부한 파일을 통해 확인해 주시기 바랍니다."
german_language,[공지] 교과과정 변경 및 수강신청 유의사항,N/A,2015-02-12,https://gerlan.ssu.ac.kr/%ed%95%99%ea%b3%bc%ec%82%ac%eb%ac%b4%ec%8b%a4%ec%95%8c%eb%a6%bc/%ea%b3%b5%ec%a7%80%ec%82%ac%ed%95%ad/?term_id&slug=1614,"교과과정 변경 및 수강신청 시 유의사항
1. 2015학년도 1학기부터 ‘독문학사’(전공선택: 2학년 2학기)가 폐지되고
‘독일지역학’(전공선택: 2학년 1학기)이 신설됩니다.
* 기존 공지 오류사항을 정정합니다.
‘독문학사’는 폐지되었기 때문에 재수강이 불가능합니다. 착오없으시기 바랍니다.
2. 2015학년도 1학기부터 아래 3교과목의 이수시기가 변경됩니다.
(2015학년도 1학기 입학자부터 적용)
– 독일동화와 민담 (2학년 1학기 → 2학년 2학기)
– 독문해석연습 (2학년 2학기 → 3학년 2학기)
– ZD독일어 (3학년 2학기 → 2학년 2학기)
3. 2014학년도 2학기부터 독어독문학과 학생은 교양 교과목 ‘기초독일어’ 수강 신청불가"
german_language,[공지] 장학 프로그램 안내,N/A,2015-01-26,https://gerlan.ssu.ac.kr/%ed%95%99%ea%b3%bc%ec%82%ac%eb%ac%b4%ec%8b%a4%ec%95%8c%eb%a6%bc/%ea%b3%b5%ec%a7%80%ec%82%ac%ed%95%ad/?term_id&slug=1612,"장학 프로그램에 대해 공지해드리니 자세한 내용은 첨부파일을 참고해주시기 바랍니다.
자격: 기독교인으로서 아프리카에서 활동하는 데 관심있는 학생
지원 및 활동: 독일 Bamberg 대학에서 석사과정을 하고 아프리카로 가서 활동
장학금액 : 연간 3만유로
* 관심 있는 학생은 김대권 교수님께 연락하시기 바랍니다."
german_language,2015년 1학기 김대권 교수와 함께 하는 독서토론세미나,N/A,2015-01-21,https://gerlan.ssu.ac.kr/%ed%95%99%ea%b3%bc%ec%82%ac%eb%ac%b4%ec%8b%a4%ec%95%8c%eb%a6%bc/%ea%b3%b5%ec%a7%80%ec%82%ac%ed%95%ad/?term_id&slug=1611,"2015년 1학기 김대권 교수와 함께 하는 독서토론세미나
일   시: 3월 중순부터 매주 월요일 오후 6시(중간고사 기간 제외)
장   소: 연구실(조만식 기념관 632호)
첫 모임: 3월 16일 오후 6시
교 재:
플라톤: ‘국가’. 박종현 역. 서광사 2005(개정증보판).
샤를 드 퐁테스키외: ‘로마의 성공, 로마제국의 실패’. 김미선 역. 사이 2013.
관심 있는 학생들은 학교 도서관 홈페이지에서 신청 바랍니다."
german_language,[공지] 이재호 교수님 특강 장소공고,N/A,2014-12-22,https://gerlan.ssu.ac.kr/%ed%95%99%ea%b3%bc%ec%82%ac%eb%ac%b4%ec%8b%a4%ec%95%8c%eb%a6%bc/%ea%b3%b5%ec%a7%80%ec%82%ac%ed%95%ad/?term_id&slug=1610,"2014학년도 겨울방학 이재호교수님 독일어 문법특강 강의일정
날짜: 2015년 1월 5일(월), 7일(수), 9일(금), 12일(월), 14일(수), 15일(목)
시간: 14시 00분 ~ 16시 00분
강의실: 조만식기념관 513호
문의사항이 있으면 연락 바랍니다.
숭실대학교 독어독문학과 사무실: ☏ 02-820-0350
강의 담당: 이재호 교수 ☏ 820-0354"
german_language,[공지]‘2014년 전국대학생 독일문학 UCC 공모전’ 금상 수상,N/A,2014-12-12,https://gerlan.ssu.ac.kr/%ed%95%99%ea%b3%bc%ec%82%ac%eb%ac%b4%ec%8b%a4%ec%95%8c%eb%a6%bc/%ea%b3%b5%ec%a7%80%ec%82%ac%ed%95%ad/?term_id&slug=1608,"‘2014년 전국대학생 독일문학 UCC 공모전’ 금상 수상
숭실대학교 독어독문학과 1학년에 재학중인 박조현, 이현지, 허윤아 학생이
한국독어독문학회가 주최한 ‘2014년도 전국대학생 독일문학 UCC 공모전’에서 금상을 수상하였다.
이 공모전은 매년 대학생들이 정해진 독일문학작품들 중에서 하나를 선택하여 읽고
자신들의 독창적인 해석을 UCC로 제작하여 제출하면 그 중 우수한 UCC를 선정하여 상을 수여하는 행사이다.
올해 공모전의 주제는 ‘다른 세상을 꿈꾸는 나’였으며, 수상식은 12월 6일에 있었다.
박조현, 이현지, 허윤아 학생은 독어독문학과 남정애 교수의 지도하에
로베르트 발저의 소설 『벤야멘타 하인학교』를 선택하여 읽었고,
이 작품에 등장하는 수동적인 하인의 삶을 오늘날 우리 사회에서 성공을 위해
정답처럼 정해진 길을 가는 젊은이의 삶에 투영시켰으며,
성공을 향한 안정되지만 무의미한 길을 거부하고
능동적이고 주체적인 삶을 살 수 있는 세상을 꿈꾼다는 내용의 UCC를 제작 및 제출하여 금상 수상이라는 결과를 이루어냈다."
german_language,[공지]2015년 지역인재 7급 견습직원 추천선발,N/A,2014-12-11,https://gerlan.ssu.ac.kr/%ed%95%99%ea%b3%bc%ec%82%ac%eb%ac%b4%ec%8b%a4%ec%95%8c%eb%a6%bc/%ea%b3%b5%ec%a7%80%ec%82%ac%ed%95%ad/?term_id&slug=1606,"2015년 지역인재 7급 견습직원 추천선발
1. 대학별 일정기준을 충족하는 일정인원을 추천받아 105명을 선발하여 1년 견습근무후 7급 공무원으로 채용하는 제도
2. 본교 선발인원: 총 7명 이내
3. 선발 절차
가. 본교 추천인원 모집 및 예비추천자 선발: 2014. 12.30(화)
나. 1차 예비추천자 선발(자격심사) : 2015. 1. 6.(화)
다. PSAT 모의고사 실시: 2015. 1. 13(화)
라. 추천위원회 심사 및 최종추천대상자 선정: 2015. 1. 15(목)
마. 추천: 2015. 1. 19(월)
3. 지원자격
가. 1995. 12. 31. 이전 출생한 본교생으로서 졸업 또는 졸업예정자
나. 학과 성적 상위 10% 이내에 해당하는 자
다. 공인영어능력검정시험에서 기준점수 이상인 자
라. 한국사능력검정시험(국사편찬위원회) 2급 이상인 자
추천서류 제출 : 2015.1.19(월)～23(금)
(인터넷)응시원서 제출 : 2015.1.21.(수)～23(금)
서류전형 발표 : 2015. 3.11(수)
필기시험 : 2015. 2. 7(토)
면접시험 : 2015. 4.25(토)
*자세한 시험일정은 첨부파일을 확인하시기 바랍니다."
german_language,[공지] 2015학년도 1학기 학·석사연계과정 지원 및 선발 안내,N/A,2014-12-05,https://gerlan.ssu.ac.kr/%ed%95%99%ea%b3%bc%ec%82%ac%eb%ac%b4%ec%8b%a4%ec%95%8c%eb%a6%bc/%ea%b3%b5%ec%a7%80%ec%82%ac%ed%95%ad/?term_id&slug=1604,"2015학년도 1학기 학·석사연계과정 지원 및 선발 안내
1. ‘학·석사연계과정’이란?
: 학사과정의 교육과정과 대학원 교육과정을 상호 연계하여 운영하는 과정으로 학사과정 3.5년(건축학부 건축학전공은 4.5년), 석사과정 1.5년에 학사학위 및 석사학위를 취득하는 과정
2. 모집학과 : 학사과정과 석사과정에 동일(또는 유사) 학과가 있는 학과(계약학과 제외)
3. 모집인원 : 석사과정 입학정원의 20% 내에서 모집
4. 지원자격 : 다음 각호 모두에 해당되는 자
가. 지원일 당시 학사과정 4학기 또는 5학기(건축학부 건축학전공은 6학기 또는 7학기)를 이수 한 자
나. 재수강 이전 과목, 학점포기한 과목, F학점 과목 등을 포함한 전체 과목의 총평점평균이 3.3/4.5 이상인 자
다. 7학기에 학사과정의 졸업요건을 충족할 수 있는 자
라. 지원하고자 하는 일반대학원 학과 주임교수와 지도교수의 추천을 받은 자
마. 지원하고자 하는 일반대학원의 동일(또는 유사)학과를 주전공 또는 복수전공하는 자(부전공, 연계전공은 해당없음)
5. 지원기간 : 2014년 12월 17일(수) ~ 2014년 12월 30일(화) 10:00 ~ 17:00
6. 지원방법 : 제출서류를 구비하여 대학원 교학팀(웨스트민스터홀 658호)으로 방문 접수
7. 제출서류 : 학·석사연계과정신청서(학업계획서, 추천서 포함)(양식 다운로드) 1부
8. 합격자 발표 : 2015년 1월 23일(금) 예정
9. 합격자 혜택
가. 학위취득기간 단축
나. 석사과정 입학금, 입학시험 면제
다. 학사과정 중 학기당 3학점 추가로 수강신청 가능
라. 학사과정 중 취득한(학사과정 졸업학점 초과 이수) 동일(또는 유사)학과의 일반대학원 과목 3학점~9학점까지 석사과정 학점으로 인정됨(신청시)
10. 자격상실
가. 일반대학원 입학 전에 학·석사연계과정을 중도 포기한 경우(포기신청서 제출)
나. 학사과정 7학기 이수 후 재수강 이전 과목, 학점포기한 과목, F학점 과목 등을 포함한 전체 과목의 총평점평균이 3.3/4.5 미만인 경우
다. 학사과정을 7학기에 모두 이수하지 못한 경우
라. 학사과정 중 졸업학점을 초과하여 일반대학원 과목을 3학점 이상 취득하지 못한 경우
마. 석사과정 첫 학기에 일반대학원 입학 등록을 하지 않은 경우
바. 석사과정을 3학기에 모두 이수하지 못한 경우
사. 석사과정 3학기 이수 후 총평점평균이 4.0/4.5 미만인 경우
11. 유의사항
가. 학사과정 중 학·석사연계과정 중도포기 시 정규학기(8학기) 등록
나. 석사과정 중 학·석사연계과정 중도포기 시 정규학기(4학기) 등록
다. 석사과정 첫 학기 휴학 및 자퇴 불가
라. 석사과정 전과 불가
마. 석사과정 첫 학기에 일반대학원 입학 등록을 하지 않은 경우 학사학위가 취소됨
12. 문의처 : 대학원 교학팀(02-820-0258~9, grad@ssu.ac.kr)
2014. 12"
german_language,[공지]2014학년도 겨울방학 Kai Rohs교수님 특강 독일어회화반,N/A,2014-12-05,https://gerlan.ssu.ac.kr/%ed%95%99%ea%b3%bc%ec%82%ac%eb%ac%b4%ec%8b%a4%ec%95%8c%eb%a6%bc/%ea%b3%b5%ec%a7%80%ec%82%ac%ed%95%ad/?term_id&slug=1603,"방학독일어회화반
Kai Rohs교수 특강
1.기간 : 2015.01.05 – 2015.01.30
2.요일/시간 : 월, 화, 금
*고급 15-16시
*중급 16-17시
*초급 17-18시
3.신청방법: 문자로 신청해주세요
(마감 12월26일) 010-6276-1180
그리고 독일어성경모임이 있습니다.
관심이 있는 학생은 12월26일까지 문자로 신청해주세요."
german_language,[공지] 2014학년도 겨울방학 이재호 교수님 특강 – 독일어 문법(중급),N/A,2014-12-05,https://gerlan.ssu.ac.kr/%ed%95%99%ea%b3%bc%ec%82%ac%eb%ac%b4%ec%8b%a4%ec%95%8c%eb%a6%bc/%ea%b3%b5%ec%a7%80%ec%82%ac%ed%95%ad/?term_id&slug=1601,"2014학년도 겨울방학 독일어 문법(중급) 특강
강의교재 및 수업내용
주교재
1. Lebendiges Deutsch für Studenten II (Lektion 16~20)
2. Schritte 1~6 (A1에서 B1까지 독일어 문법 총정리)
참고교재
Lehr- und Übungsbuch der deutschen Grammatik (§35 Relativsätze, §52~§56 Der Konjunktiv I/II)
강의일정
날짜: 2015년 1월 5일(월), 7일(수), 9일(금), 12일(월), 14일(수), 15일(목)
시간: 14시 00분 ~ 16시 00분
강의실: 추후공지
예비모임: 2014년 12월 22일(월) 오후 1시 독어독문학과 사무실
강의신청 및 문의처
숭실대학교 독어독문학과 사무실: ☏ 02-820-0350
강의 담당: 이재호 교수 ☏ 820-0354"
german_language,[공지] 2014학년도 통일시대를 대비한 동유럽 교육문화기행,N/A,2014-12-04,https://gerlan.ssu.ac.kr/%ed%95%99%ea%b3%bc%ec%82%ac%eb%ac%b4%ec%8b%a4%ec%95%8c%eb%a6%bc/%ea%b3%b5%ec%a7%80%ec%82%ac%ed%95%ad/?term_id&slug=1599,"2014학년도 통일시대를 대비한 동유럽 교육문화기행
독일, 체코, 폴란드, 오스트리아
● 여행일정 : 자세한 일정은 홈페이지를 참조해주세요.
기행안내
● 접수기간 : 2014년 11월 28일(금)~ 12월 21일(일) 24:00까지
● 탐방기간 : 2015년 1월 26일(월)~ 2월 5일(목) 9박 11일간
● 참가비용 : 159만원 (학교예산 지원 약 200만원)
참가비는 소폭 하향될 수 있습니다.
●모집일정 : 2014년 11월 28일(금)~12월 21일(일)까지
이후 서류 심사 및 간단한 인터뷰로 선발
●지원방법 : 숭실대학교 통계 해외문화탐방 교육기행 공식 홈페이지에서 지원서 작성
(http://cafe.naver.com/ssuglobaltrip)
●활동내용 : 동유럽 문화체험 및 현지 자매대학 방문
통일 독일의 역사를 통한 한반도 통일시대의 대비
동유럽 탐방을 통한 근대 민주주의 의미 습득
●문의 : 학생처 학생서비스팀 02)820-0163
학생복지위원회 02) 820-0969
주의사항 : 참가자 전원은 기행 전 모든 사전 교육에 참여해야 합니다."
german_language,[공지] 2014학년도 겨울방학 김대권 교수님과 함께 하는 서양고전탐색(10),N/A,2014-11-27,https://gerlan.ssu.ac.kr/%ed%95%99%ea%b3%bc%ec%82%ac%eb%ac%b4%ec%8b%a4%ec%95%8c%eb%a6%bc/%ea%b3%b5%ec%a7%80%ec%82%ac%ed%95%ad/?term_id&slug=1598,"서양고전탐색(10)
2014년 겨울방학에 김대권 교수님과 함께 토마스 만의 작품(II)을 읽으려고 합니다.
관심 있는 학생들의 많은 참여를 바랍니다.
일     시: 2015년 1월 5일, 12일, 19일, 26(4회, 모임일시는 논의 후 변경 가능)
장     소: 조만식기념관 632호
대     상: 제한 없음
신     청: 2014년 12월 20일까지 독어독문학과 사무실
예비 모임: 2014년 12월 22일(월) 오후 2시 조만식기념관 632호
교     재: 토마스 만의 마의 산(윤순식 역, 열린책들, 2014)
서양고전탐색(1, 2007년 여름방학): 오비디우스의 변신이야기
서양고전탐색(2, 2008년 여름방학): 아이스킬로스와 소포클레스의 비극 작품
서양고전탐색(3, 2009년 여름방학): 에우리피데스의 비극 작품
서양고전탐색(4, 2009년 겨울방학): 단테의 신곡
서양고전탐색(5, 2010년 여름방학): 세르반떼스의 돈끼호떼
서양고전탐색(6, 2012년 여름방학): 헤로도토스의 역사
서양고전탐색(7, 2013년 여름방학): 헤세의 크눌프, 페터 카멘친트, 수레바퀴 아래서,
황야의 이리, 싯다르타
서양고전탐색(8, 2013년 겨울방학): 헤세의 데미안, 나르치스와 골드문트, 유리알 유희
서양고전탐색(9, 2014년 여름방학): 토마스 만의 베니스에서의 죽음, 부덴부로크 가의 사람들"
german_language,[공지] 2015학년도 1학기 국가장학금 안내,N/A,2014-11-17,https://gerlan.ssu.ac.kr/%ed%95%99%ea%b3%bc%ec%82%ac%eb%ac%b4%ec%8b%a4%ec%95%8c%eb%a6%bc/%ea%b3%b5%ec%a7%80%ec%82%ac%ed%95%ad/?term_id&slug=1596,"2015학년도 1학기 국가장학금 안내
2015학년도 1학기 한국장학재단 국가장학금 신청과 관련하여 다음과 같이 공지하오니 참고해주시기 바랍니다.
1. 장학금명 : 국가장학금 (국가장학금Ⅰ유형 신청 시 Ⅱ유형은 자동 신청)
2. 장학금 신청 및 서류 제출기간
가. 장학금 신청 : 한국장학재단 홈페이지 (www.kosaf.go.kr)
나. 장학금 온라인 신청기간 : 2014년 11월 20일(목) ～ 12월 8일(월) 18:00
– 2015년부터 한국장학재단의 소득분위 산정방식 변경으로 인해 장학금 신청 기간이  단축 됨
다. 장학금 서류 제출기간 (해당자에 한함) : 2013년 12월 19일(목)～2014년 1월 17일(금) 18:00
3. 제도안내
가. 국가장학금을 신청하지 않으면, 장학종류에 따라 교내 및 교외장학금을 수혜할 수 없음
나. 국가장학금은 수업료 범위 내에서 교내 및 교외 장학금과 중복수혜가 가능함
다. 2015년부터 소득분위 산정방식 변경으로 ‘가구원 정보동의’가 신설 됨 (붙임 참조)
– 가구원 정보동의 미 진행 시 해당 학생 소득분위가 조회되지 않으므로 반드시
‘가구원 정보동의’가 이루어져야 함
4. 장학금 신청자격
가. 본교 학부 정규 8학기 이내 재학생 (2015학년도 1학기 재학 예정인 학생)
나. 대한민국 국적자 (주민등록상 해외 이주 신고자, 영주권자 제외)
다. 등록휴학으로 인해 2015-1학기 무등록 복학하는 학생의 경우 국가장학금Ⅱ유형
수혜 불가 (단, 국가장학금Ⅰ유형은 재단 방침을 따름)
5. 장학금액 : 현재 미정 (2015년 2월 결정 예정)
6. 신청자격 및 세부 선발방법 : 붙임 참조
첨부파일 : 2015학년도 1학기 국가장학금Ⅰ유형 및 Ⅱ유형 신청안내및 한국장학재단 학자금지원 ‘가구원 정보제공 동의’ 안내
7. 대학 및 학과(부) 국가장학금 신청현황 안내 : 주 2회 대학 및 학과(부)별 신청현황을 공문 또는 업무연락으로 발송예정"
german_language,[공지]2015학년도 1학기 재학생 및 복학예정자 대상 교내장학금 신청공고,N/A,2014-11-13,https://gerlan.ssu.ac.kr/%ed%95%99%ea%b3%bc%ec%82%ac%eb%ac%b4%ec%8b%a4%ec%95%8c%eb%a6%bc/%ea%b3%b5%ec%a7%80%ec%82%ac%ed%95%ad/?term_id&slug=1594,"2015학년도 1학기 재학생 및 복학예정자 대상 교내장학금 신청공고
※ 본교에서 지급되는 모든 교내장학금은 아래 국가장학금 신청기간 내 국가장학금을 신청
하고 서류제출을 완료한 학생을 대상으로만 수혜자를 선정합니다. 따라서, 교내장학금을
수혜하려는 모든 학생은 반드시 교내장학금과 국가장학금을 동시신청하시기 바랍니다.
– 국가장학금 신청결과 제공되는 학생의 소득분위정보를 장학생선발에 활용
– 국가장학금은 반드시 매학기 신청하여야 함.
1. 국가장학금 신청기간 : 2014년 11월 20일(목) ~ 12월 8일(월)
※ 한국장학재단 홈페이지(www.kosaf.go.kr) 공인인증 로그인 후 신청
※ 국가장학금 1차 신청기간에 신청한 학생만 인정함.
2. 교내장학금 온라인신청기간
가. 온라인신청기간
1) 정규신청 : 2014년 11월 17일(월) 10:00 ~ 12월 5일(금) 17:00 (3주간)
2) 추가신청 : 2014년 12월 22일(월) 10:00 ~ 2015년 1월 2일(금) 17:00 (2주간)
(단, 추가신청자는 반드시 국가장학금 1차 신청기간에 신청하여야 함.)
나. 서류제출이 필요한 장학금의 경우, 교내장학금 온라인신청기간 내 반드시 제출
※ 방문 및 등기우편제출 가능 (FAX 불가)
※ 등기우편 제출 시 교내장학금 온라인 신청기간 내 장학팀 도착분만 인정
※ 단, 형제장학금의 경우, 재학생 등록기간 종료시까지 서류제출 인정
다. 근로장학금(교내근로/학과근로) 신청 : 2015년 2월 초 공지 예정
3. 신청대상 : 2015학년도 1학기 재학생 및 복학예정자
4. 교내장학생 자격요건
가. 2015학년도 1학기 국가장학금을 신청하고 서류제출을 완료한 자
나. 2015학년도 1학기 재학생 및 복학예정자로 등록금 납부를 완료예정인 자
1) 2015학년도 1학기 전 등록휴학 후 복학생은 모든 장학금 선발에서 제외(등록대체)
2) 미등록, 입학취소, 복학취소 등으로 인한 학적변동시 모든 장학금 취소
다. 직전학기 15학점 이상 이수한 자 (2015년 1학기가 4학년 8학기인 자는 12학점 이상)
※ 건축학과 건축학전공 : 10학기인 자는 직전학기 12학점 이상 이수(1∼9학기는 15학점 이상)
라. 등록 8학기 이내인 자(건축학과 건축학전공 : 등록 10학기 이내인 자)
예1) 학기취소 1회 후 8학기 진학예정인 경우 : 9회 등록금 납부이므로 선발 불가
예2) 학점 미이수로 9학기 진학예정인 경우 : 9회 등록금 납부이므로 선발 불가
5. 교내장학생 공통사항
가. 성적 및 취득학점 산정방법
1) 평점평균(GPA) / 산술평균(100점만점) : F학점이 포함된 학적부성적 기준 산정
2) 취득학점 산정시 F학점은 0학점 취득으로 인정되어 취득학점 산정에서 제외
나. 온라인으로 반드시 신청해야 하며, 제출서류가 있는 장학금에 한하여 서류제출
※ 제출기간 내 미제출시 장학생 선발대상에서 제외
다. 모든 교내장학금은 중복수혜 불가
1) 중복신청은 가능하나, 신청 장학금 중 수혜금액이 큰 장학금으로 자동선발
2) 중복수혜 가능 장학금 : 국가장학금, 교외(외부)장학금, 근로장학금(교내/학과/봉사)
– 수업료범위 내 중복수혜 가능 (근로장학금 간 중복수혜 불가)
라. 한국장학재단 이중지원방지사업 안내
1) 한국장학재단 학자금대출금액과 교내/외장학금을 모두 합하여 수업료를 초과할
경우, 이중지원학생에 해당
2) 한국장학재단 콜센터와 통화하여, 이중지원여부를 해소해야 함.
(2015학년도 2학기 국가장학금 및 학자금대출여부에 영향)
6. 서류제출장소 : 첨부문서 참조 (장학금 선발자격 및 제출서류 안내)
7. 장학생 선정결과 발표 및 지급방식
가. 2015년 2월 중순 발표예정(u-Saint  등록/장학 및 등록금고지서 감면여부 확인 가능)
나. 장학금신청시 계좌입력 : 우리은행 본인명의 개인계좌 입력 필수
다. 등록금 분할납부를 신청한 학생의 경우. 선발된 장학금 중 사전감면을 제외한 계좌지급
장학금은 분할납부 최종등록(3차) 확인 후 지급(추후 안내 – 2015년 5월 초 안내)
라. 비전장학금 지급범위 및 장학금액은 한국장학재단 국가장학금 정책에 따라 매학기
변경될 수 있음."
german_language,[공지] 2014-2학기 특별장학금 신청 안내,N/A,2014-11-12,https://gerlan.ssu.ac.kr/%ed%95%99%ea%b3%bc%ec%82%ac%eb%ac%b4%ec%8b%a4%ec%95%8c%eb%a6%bc/%ea%b3%b5%ec%a7%80%ec%82%ac%ed%95%ad/?term_id&slug=1593,"2014학년도 2학기 특별장학금을 시행하니, 신청하여 주시기 바랍니다.
1. 특별장학금 개요
가. 가계곤란학생에 대한 가계부담 경감을 위해 특별장학금 지급
나. 단과대학에 선발권한을 부여하여 자체 선발
2. 자격요건
가.2014학년도 2학기 한국장학재단 국가장학금을 신청/서류제출을 완료하고 한국장학재단 제공 소득분위 0～8분위 이내인 자
※ 국가장학금을 신청할 수 없는 대한민국 국적 미소지자도 선발 가능
(단, 외국인유학생은 선발 불가)
나. 2014학년도 2학기 재학생으로 등록금을 납부한 자(등록대체자 제외)
다. 직전학기 15학점 이상 이수한 자 (졸업직전학기는 직전학기 12학점 이상)
라. F학점 포함 기준 직전학기 산술평균(100점 만점) 70점 이상인 자
마. 등록 8학기 이내인 자(건축학과 건축학전공 : 등록 10학기 이내인 자)
3. 신청 기간
2014년 11월 13일 – 2014년 11월 18일
4. 신청 서류
가. 특별장학금 신청사유서
나. 성적증명서(직전학기 까지)
다. 2014-2 장학금수혜내역(u-saint에서 확인)
5. 서류 제출 – 독어독문학과 사무실
6. 문의- 독어독문학과 02-820-0350 / 장학팀 02-820-0166"
german_language,[공지]독어독문학과 제21회 한독세미나,N/A,2014-10-30,https://gerlan.ssu.ac.kr/%ed%95%99%ea%b3%bc%ec%82%ac%eb%ac%b4%ec%8b%a4%ec%95%8c%eb%a6%bc/%ea%b3%b5%ec%a7%80%ec%82%ac%ed%95%ad/?term_id&slug=1591,"◎독어독문학과 제21회 한독세미나◎
올해 21회째를 맞는 한독세미나가 곧 개최됩니다.
이번 세미나에서는 독일 보훔대학교 교환학생 프로그램 참가자와 여름방학 어학연수 참가자의 발표,
졸업생의 취업특강 그리고 여러분들의 ‘끼’를 마음껏 펼칠 수 있는 퍼포먼스 행사가 마련되어 있습니다.
2학기의 마지막 중요한 행사이므로 독어독문학과 학생들의 많은 참여를 바랍니다.
○한독세미나 주요 프로그램
– Bochum 대학교 교환학생 후기
– Siteco 장학금 어학연수 후기 발표
– 졸업생 취업강연 : 04학번 박문근(기업은행)
– 독어독문학과 학생들의 공연
– 프로그램 중간에 진행되는 퀴즈 등
○일시 : 2014년 11월 29일 토요일 오후 3시
○장소 : 베어드홀 102호
공연 참가를 희망하는 학생은 11월 14일 (금)까지 독어독문학과사무실로 신청서를 제출해 주세요.
(첨부파일 양식 다운하여 작성 후 제출)"
german_language,[공지]2014학년도 2학기 교직과정 이수 신청 안내,N/A,2014-09-18,https://gerlan.ssu.ac.kr/%ed%95%99%ea%b3%bc%ec%82%ac%eb%ac%b4%ec%8b%a4%ec%95%8c%eb%a6%bc/%ea%b3%b5%ec%a7%80%ec%82%ac%ed%95%ad/?term_id&slug=1589,"2014학년도 2학기 교직과정 이수 신청을 다음과 같이 실시합니다.
1. 신청대상: 교직 설치학과(부) 소속 2014-2학기 2학년(3학기 또는 4학기) 재학생
2. 신청기간: 2014. 9. 22(월) 10:00 ~ 12. 19(금) 17:00
3. 신청방법: U-SAINT 학사관리>교직>평생교육>교직이수 신청
4. 주요내용
가. 2014-2학기 현재 4학기인 재학생은 이번 학기에만 신청가능
나. 교직이수자 선발은 2014-1, 2학기 전체 대상자를 대상으로 2학기 겨울방학 중  학과(부)에서 실시할 예정임.
붙 임: 교직이수 신청 방법(학생용) 1부. 끝."
german_language,[행사공지] 전국 계명-괴테 골든벨 대회,N/A,2014-08-18,https://gerlan.ssu.ac.kr/%ed%95%99%ea%b3%bc%ec%82%ac%eb%ac%b4%ec%8b%a4%ec%95%8c%eb%a6%bc/%ea%b3%b5%ec%a7%80%ec%82%ac%ed%95%ad/?term_id&slug=1588,"안녕하세요. 독어독문학과 사무실입니다.
계명대학교에서 ‘전국 계명-괴테 골든벨 대회’를 개최한다고 합니다.
독어독문학과 학생들의 많은 참여 바랍니다.
[전국 계명 – 괴테 골든벨 대회]
*대회일정 : 2014년 10월 8일 수요일 13:00~16:00
*시상내역:
계명대학교 총장상(1명: 독일왕복항공권+독일 괴테-인스티투트 어학연수 2주)
주한독일문화원장상 (1명: 독일왕복항공권+독일 괴테-인스티투트 어학연수 2주)
주한독일문화원장상 (2명: 주한독일문화원 국내 어학강좌 무료 수강증)
주한독일문화원장상 (6명: 주한독일문화원 국내 어학강좌 50% 할인 수강증)
*참가대상 : 전국 대학 독문과 재학생. 타과생은 A1이상 소지자
(참가제한 : 3년이상 독일 체류자)
*참가신청: 계명대학교 독일어문학과
( http://cms.kmu.ac.kr/user/german)
*출제분야: 독일에 대한 전반적인 지식(문화, 문학, 예술, 스포츠, 정치, 역사 등)
*접수기간: 2014.9.1~9.20 (선착순100명)
*제출서류: 참가신청서(증명사진포함), 재학증명서, 어학증명서(해당자)
*문의: 계명대학교 독일어문학과 사무실 053-580-5064
*주최: 계명대학교, 주한독일문화원
*주관: 계명대학교 독일어문학과"
german_language,"2014-2 신입,편입,복학생 대상 교내장학금 신청 안내",N/A,2014-08-18,https://gerlan.ssu.ac.kr/%ed%95%99%ea%b3%bc%ec%82%ac%eb%ac%b4%ec%8b%a4%ec%95%8c%eb%a6%bc/%ea%b3%b5%ec%a7%80%ec%82%ac%ed%95%ad/?term_id&slug=1586,"안녕하세요. 독어독문학과 사무실입니다.
2014-2학기 신입, 편입, 복학생에 대한 교내장학금 신청 안내 입니다.
잘 읽어보시고 신청하세요!
첨부파일에 필요서류 안내가 되어있습니다.
참고 부타드립니다.
2014학년도 2학기 신입생/편입생/복학생 대상 교내장학금 신청공고
※ 본교에서 지급되는 모든 교내장학금은 아래 국가장학금 신청기간 내 국가장학금을 신청
하고 서류제출을 완료한 학생을 대상으로만 수혜자를 선정합니다. 따라서, 교내장학금을
수혜하려는 모든 학생은 반드시 교내장학금과 국가장학금을 동시신청하시기 바랍니다.
– 국가장학금 신청결과 제공되는 학생의 소득분위정보를 장학생선발에 활용 및 교육부 보고
– 국가장학금은 반드시 매학기 신청하여야 함.
1. 국가장학금 신청기간 : 2014년 8월 26일(화) ~ 9월 4일(목)
※ 한국장학재단 홈페이지(www.kosaf.go.kr) 공인인증 로그인 후 신청
2. 교내장학금 온라인신청기간 : 2014년 9월 1일(월) 10:00 ~ 12일(금) 17:00 (2주간)
가. 교내장학금 추가 접수기간 없음.
나. 서류제출이 필요한 장학금의 경우, 교내장학금 온라인신청기간 내 반드시 제출
※ 방문 및 등기우편제출 가능 (FAX 불가)
※ 등기우편 제출 시 교내장학금 온라인 신청기간 내 장학팀 도착분만 인정
3. 대상 : 2014학년도 2학기 신입생/편입생/복학생 (재학생 신청불가)
4. 서류제출장소 : 첨부문서 참조 (2014학년도 2학기 장학금 선발자격 및 제출서류 안내)
5. 교내장학생 자격요건
가. 2014학년도 2학기 국가장학금을 신청하고 서류제출을 완료한 자
나. 2014학년도 2학기 신·편입생 및 복학생으로 해당학기 등록금납부를 완료예정인 자
1) 2014학년도 2학기 전 등록휴학 후 복학생은 모든 장학금 선발에서 제외(등록대체)
2) 미등록, 입학취소, 복학취소 등으로 인한 학적변동시 모든 장학금 취소
다. 직전학기 15학점 이상 이수한 자 (2014년 2학기가 4학년 8학기인 자는 12학점 이상)
※ 건축학과 건축학전공 : 10학기인 자는 직전학기 12학점 이상 이수(1∼9학기는 15학점 이상)
라. 등록 8학기 이내인 자(건축학과 건축학전공 : 등록 10학기 이내인 자)
예1) 학기취소 1회 후 8학기 진학예정인 경우 : 9회 등록금 납부이므로 선발 불가
예2) 학점 미이수로 9학기 진학예정인 경우 : 9회 등록금 납부이므로 선발 불가
6. 교내장학생 공통사항
가. 성적 및 취득학점 산정방법
1) 평점평균(GPA) / 산술평균(100점만점) : 열람학점(F포함)을 기준으로 산정
2) 취득학점 산정시 F학점은 0학점 취득으로 인정되어 취득학점 산정에서 제외
나. 온라인으로 반드시 신청해야 하며, 제출서류가 있는 장학금에 한하여 서류제출
※ 제출기간 내 미제출시 장학생 선발대상에서 제외
다. 모든 교내장학금은 중복수혜 불가
1) 장학금간 중복신청은 가능하나, 신청 장학금 중 수혜금액이 큰 장학금으로 자동선발
2) 중복수혜 가능 장학금 : 국가장학금, 교외(외부)장학금, 근로장학금(교내/학과/봉사)
– 수업료범위 내 중복수혜 가능 (근로장학금 간 중복수혜 불가)
바. 한국장학재단 이중지원방지사업 안내
1) 한국장학재단 학자금대출금액과 교내/외장학금을 모두 합하여 수업료를 초과할
경우, 이중지원학생에 해당
2) 한국장학재단 콜센터와 통화하여, 이중지원여부를 해소해야 함.
(2015학년도 1학기 국가장학금 및 학자금대출여부에 영향)
7. 2014학년도 2학기 장학금 선발자격 및 제출서류 안내 (첨부문서 참조)
8. 장학생 선정결과 발표 및 지급방식
가. 2014년 9월 말 발표예정(u-Saint  등록/장학에서 확인 가능)
나. 장학금신청시 계좌입력 : 우리은행 본인명의 개인계좌 입력 필수
다. 지급방식 : 입력한 계좌 지급
※ 학자금대출 신청자의 경우, 장학금으로 학자금 대출 우선 상환
라. 등록금 분할납부를 신청한 학생의 경우. 분할납부 최종등록(3차) 확인 후 장학금 지급
(추후 안내 – 2014년 11월 중 안내)
2014. 08. 18.
학 생 처 장"
german_language,2014-2학기 학과근로장학생 선발 실시 안내,N/A,2014-08-11,https://gerlan.ssu.ac.kr/%ed%95%99%ea%b3%bc%ec%82%ac%eb%ac%b4%ec%8b%a4%ec%95%8c%eb%a6%bc/%ea%b3%b5%ec%a7%80%ec%82%ac%ed%95%ad/?term_id&slug=1584,"안녕하세요. 독어독문학과 사무실입니다.
2014-2학기 독어독문학과사무실에서 근무를 할 장학생을 선발합니다.
첨부파일을 정독한 후 신청해 주세요.
(신청서에 있는 모든 칸을 반드시 채워주셔야 합니다.)
많은 신청 바랍니다.
감사합니다. ^^"
german_language,[공지]이재호 교수님 방학 특강 장소 공고,N/A,2014-07-09,https://gerlan.ssu.ac.kr/%ed%95%99%ea%b3%bc%ec%82%ac%eb%ac%b4%ec%8b%a4%ec%95%8c%eb%a6%bc/%ea%b3%b5%ec%a7%80%ec%82%ac%ed%95%ad/?term_id&slug=1583,"2014년 7월 중에 진행되고 있는 이재호 교수님의 초급 독일어 문법/회화 특강 장소를 알려드립니다.
7월 15일 화요일 – 웨스트민스터홀 436호
7월 17일 목요일 – 웨스트민스터홀 434호
7월 22일 화요일 – 조만식 기념관 326호
7월 24일 목요일 – 조만식 기념관 326호
장소 사용에 착오 없으시길 바랍니다.
감사합니다."
german_language,[공지] Kai Rohs 교수님 방학특강 – 회화,N/A,2014-06-27,https://gerlan.ssu.ac.kr/%ed%95%99%ea%b3%bc%ec%82%ac%eb%ac%b4%ec%8b%a4%ec%95%8c%eb%a6%bc/%ea%b3%b5%ec%a7%80%ec%82%ac%ed%95%ad/?term_id&slug=1582,"Kai Rohs 교수님과 함께하는 방학특강
1. 독일어회화 모임
신청 : 2014년 7월 2일까지 / 교수님께 직접 신청
(교수님 연락처 : 010-6276-1180)
수업 일시 : 2014년 7월 7일 ~ 2014년 8월 2일
매주 월.목 오후 2시~5시
(1시간씩 3타임, 2시.3시.4시 / 원하는 시간대로 신청 가능)
2. 독.한 찬양모임
신청 : 위와 같음
모임 일시 : 2014년 6월 23일부터 매주 월요일 6시~7시 1시간씩
3. 기타 문의는 독어독문학과 사무실 또는 교수님께 해주세요."
german_language,[공지] 이재호 교수님 방학특강 – 초급 독일어 문법/회화 강좌,N/A,2014-06-27,https://gerlan.ssu.ac.kr/%ed%95%99%ea%b3%bc%ec%82%ac%eb%ac%b4%ec%8b%a4%ec%95%8c%eb%a6%bc/%ea%b3%b5%ec%a7%80%ec%82%ac%ed%95%ad/?term_id&slug=1581,"초급 독일어 문법/회화 강좌
I 개요
2014년 여름방학 동안 독어독문학과 전공기초 과목인 『집중 독일어1』과 『기초 독회화1(원어)』의 문법과 회화 내용을 총정리하려고 합니다. 『집중 독일어1 (1학기) / 집중 독일어2 (2학기)』와 『기초 독회화1 (1학기) / 기초 독회화2 (2학기)』는 두 학기 연계되는 교과목이므로, 1학기 수업내용의 이해가 부족했던 1학년 학생들에게는 2학기 전공수업을 위해서 도움이 될 것입니다. 관심 있는 상급학년 학생들도 신청 가능합니다.
II 교재
1. Lebendiges Deutsch für Studenten I (대학생을 위한 활용 독일어 I), 문예림.
2. Schritte international 1, Kursbuch und Arbeitsbuch, Hueber.
III 일정
날 짜: 2014년 7월 01일 ~ 7월 24일
요 일: 화, 목 (총 8회)
시 간: 14시 00분 ~ 15시 50분
강의 진행: 교재 1 (문법: 70분), 교재 2 (회화: 30분)
강의실: 7월 1일~7월 10일까지 조만식 기념관 326호 / 이후 강의실 추후 공지
신 청: 2014년 6월 26일(목) 17시까지 독어독문학과 사무실: ☏ 02-820-0350
예비 모임: 2014년 6월 27일(금) 13시, 독어독문학과 사무실
* 강의 요일과 시간은 예비 모임 후 변경가능
강의 담당: 이재호 교수 [E-Mail: zhlie@ssu.ac.kr]"
german_language,[공지] 2014-2학년도 국가장학금 신청 안내,N/A,2014-06-11,https://gerlan.ssu.ac.kr/%ed%95%99%ea%b3%bc%ec%82%ac%eb%ac%b4%ec%8b%a4%ec%95%8c%eb%a6%bc/%ea%b3%b5%ec%a7%80%ec%82%ac%ed%95%ad/?term_id&slug=1578,"독어독문학과 학생들 안녕하세요. 독문과 사무실입니다.
2학기 국가장학금 신청이 시작되었습니다.
국가장학금을 신청하지 않을 경우 성적장학금도 수혜 불가하니 꼭 신청하세요!
첨부파일도 꼭 확인하세요!
2014
2
학기 국가장학금
Ⅰ
유형 및
Ⅱ
유형 신청안내
1.
신청기간
가
.
온라인 신청
: 2014
년
6
월
10
일
(
화
) ~ 6
월
30
일
(
화
) 18:00 (24
시간 신청가능
나
.
서류 제출
: 2014
년
6
월
10
일
(
화
) ~ 7
월
2
일
(
목
) 18:00
–
국가장학금
1
차 신청기간에 미신청
(
서류 미제출 포함
)
시 모든 교내장학금 및 교외장학금
선발에서 제외
–
국가장학금
2
차
(
복학생 대상
)
는
8
월 말 예정
2.
수혜자격 및 장학금액
가
.
직전학기 열람학점
12
학점 이상 및 백분위평균
80
점 이상
–
장애학생의 경우 백분위평균
70
점 이상
–
0
분위 및
1
분위는 최초
1
회에 한하여 백분위평균
70
점까지 인정 가능
(
단
,
국가
Ⅰ
유형만 해당
)
0
분위
~8
분위 이내 학생
다
.
한국장학재단에서 정한 기준을 충족하는 학생
(
자세한 내용은 한국장학재단 홈페이지 참조
)
–
국가
Ⅱ
유형의 경우
2
학기 등록금을 납부하는 학생에 한하여 선발
라
.
장학금액
소득분위
국가
Ⅰ
유형
국가
Ⅱ
유형
다자녀
(
셋째아이 이상
0
분위
2,250,000
원
2014
년
8
월 초 결정예정
국가
Ⅱ
장학금액은 매 학기
변경 가능함
2,250,000
원
1
분위
2,250,000
원
2,250,000
원
2
분위
2,250,000
원
2,250,000
원
1,687,500
원
2,250,000
원
4
분위
1,237,500
원
2,250,000
원
5
분위
787,500
원
2,250,000
원
6
분위
562,500
원
2,250,000
원
337,500
원
2,250,000
원
3.
신청방법
가
.
한국장학재단
(
www.kosaf.go.kr
)
로그인
– ‘
사이버창구
’ – ‘
장학
/
대출 신청
’
나
.
개인정보제공 동의 및 약관 동의
,
서약사항 확인
다
.
학교정보 및 개인정보 입력
– 2014
학년도 신입학생 및 편입학생은
재학생군
으로 신청
– 2014-2
학기 재입학 예정인 학생에 한하여 신입생군으로 신청
라
.
학자금유형 선택 후 신청정보 확인
(
국가장학금 선택
)
4.
서류제출
가
.
서류제출 대상자
1)
신청완료 후
1~2
일 이내
(
휴일 제외
)
한국장학재단 홈페이지에 방문하여 서류제출 대상여부 확인
–
서류제출 확인방법
:
한국장학재단 로그인
–
사이버창구
–
장학
/
대출신청
–
신청현황
–
필수 및 선택 서류
(
해당학생에 한함
)
가 모두 완료
2)
신청완료 후
1~2
일 이내
(
휴일 제외
)
서류제출 대상 학생에 한하여
,
신청 시 입력한 휴대폰 번호로
–
한국장학재단 번호를 스팸처리 한 학생은 해제 요청
나
.
서류제출 방법
(
택
1)
1)
한국장학재단 홈페이지에 스캔파일을 등록
2)
모바일 업로드
:
한국장학재단 학자금 서류제출 앱다운 후 사진파일 업로드
5.
장학생 선발결과 및 지급방법 안내
.
선발결과 안내
: 8
월
11
일
(
월
)
공지 예정
(u-Saint
장학금 수혜내역 확인
)
나
.
장학금 지급방법
1) 2014-2
학기 등록금을 납부하여야 하는 학생
:
등록금 고지서에 장학금액 사전 감면
2) 2014-2
학기 복학 시 등록금이 이월된 미등록 복학생
: 10
월 중 학생계좌 지급
6.
국가장학금 소득분위 체계 변경 내용
가
.
본인
,
부모님
,
배우자의 정보제공 동의가 있어야만 소득분위를 산정할 수 있음
(
최초
1
회 동의
)
나
.
가구원 정보제공 동의의 편의를 위한 사전 동의 제도 시행
다
.
사회보장정보시스템 활용에 따라 소득
/
재산
/
부채가 반영되어 소득분위 기준이 정확해 짐
라
.
대학생의 아르바이트 근로소득은 소득분위산정에서 공제 됨
마
.
한국장학재단에서 소득분위 결과를 학생이 직접 확인 가능
7.
중요사항
가
.
2014-2
학기 국가장학금 미 신청자
(
서류 미제출 포함
)
는
2014-2
학기 교내 및 교외 장학생 추천 시
제외
–
교내 및 교외 전액 장학생도 모두 국가장학금을 신청하여야 함
–
단
,
국가유공자 본인 및 자녀
,
숭실글로벌 장학금 수혜 대상자
,
이중 또는 해외국적학생의
경우 국가장학금 신청 예외
이중 또는 해외국적
(
외국인학생 제외
)
학생의 경우 관련서류를 장학팀에
6
월
30
일까지 제출
최초
1
회에 한함
)
하여야 함
–
국가장학금 신청상태가
‘
서류완료
’
인 학생에 한하여 교내장학금 선발
나
.
국가장학금
Ⅱ
유형의 경우 대학 별 배정예산 범위 내에서 장학금액 및 선발 기준이 다르므로
,
매 학기 선발 내용 및 지급 방법은 변경될 수 있음
다
. 2014-2
학기 복학예정자 중 등록이 이월된 미등록 복학생의 경우 등록금을 납부한 학기에 국가 장학금 수혜 내역이 없어야만 국가장학금
Ⅰ
유형 수혜 가능
라
.
2014-2
학기 등록금을 납부하는 학생에 한하여 국가장학금
Ⅱ
유형 수혜 가능
(
등록대체자 수혜 불가
)
마
.
국가장학금은 휴학생
(2014-2
학기 복학예정자
)
및 재학생 모두 신청가능
바
.
한국장학재단 심사 시 이중 지원자로 등록되지 않은 학생에 한하여 국가장학금 수혜 가능
–
이중지원 여부는 학생 개인이 한국장학재단으로 문의하여 처리하여야 함
.
대학안내 불가
.
–
이중지원 해소는
7
월
18
일
(
금
)
까지 처리 바람
.
이중지원 해소가 지연될 경우
2
학기 장학생 선발
에서 제외될 수 있음
문의사항
:
한국장학재단 콜센터
(1599-2000)"
german_language,[공지] 2014-2학년도 국가장학금 신청 안내,N/A,2014-06-11,https://gerlan.ssu.ac.kr/%ed%95%99%ea%b3%bc%ec%82%ac%eb%ac%b4%ec%8b%a4%ec%95%8c%eb%a6%bc/%ea%b3%b5%ec%a7%80%ec%82%ac%ed%95%ad/?term_id&slug=1575,"독어독문학과 학생들 안녕하세요. 독문과 사무실입니다.
2학기 국가장학금 신청이 시작되었습니다.
국가장학금을 신청하지 않을 경우 성적장학금도 수혜 불가하니 꼭 신청하세요!
첨부파일도 꼭 확인하세요!
2014
2
학기 국가장학금
Ⅰ
유형 및
Ⅱ
유형 신청안내
1.
신청기간
가
.
온라인 신청
: 2014
년
6
월
10
일
(
화
) ~ 6
월
30
일
(
화
) 18:00 (24
시간 신청가능
나
.
서류 제출
: 2014
년
6
월
10
일
(
화
) ~ 7
월
2
일
(
목
) 18:00
–
국가장학금
1
차 신청기간에 미신청
(
서류 미제출 포함
)
시 모든 교내장학금 및 교외장학금
선발에서 제외
–
국가장학금
2
차
(
복학생 대상
)
는
8
월 말 예정
2.
수혜자격 및 장학금액
가
.
직전학기 열람학점
12
학점 이상 및 백분위평균
80
점 이상
–
장애학생의 경우 백분위평균
70
점 이상
–
0
분위 및
1
분위는 최초
1
회에 한하여 백분위평균
70
점까지 인정 가능
(
단
,
국가
Ⅰ
유형만 해당
)
0
분위
~8
분위 이내 학생
다
.
한국장학재단에서 정한 기준을 충족하는 학생
(
자세한 내용은 한국장학재단 홈페이지 참조
)
–
국가
Ⅱ
유형의 경우
2
학기 등록금을 납부하는 학생에 한하여 선발
라
.
장학금액
소득분위
국가
Ⅰ
유형
국가
Ⅱ
유형
다자녀
(
셋째아이 이상
0
분위
2,250,000
원
2014
년
8
월 초 결정예정
국가
Ⅱ
장학금액은 매 학기
변경 가능함
2,250,000
원
1
분위
2,250,000
원
2,250,000
원
2
분위
2,250,000
원
2,250,000
원
1,687,500
원
2,250,000
원
4
분위
1,237,500
원
2,250,000
원
5
분위
787,500
원
2,250,000
원
6
분위
562,500
원
2,250,000
원
337,500
원
2,250,000
원
3.
신청방법
가
.
한국장학재단
(
www.kosaf.go.kr
)
로그인
– ‘
사이버창구
’ – ‘
장학
/
대출 신청
’
나
.
개인정보제공 동의 및 약관 동의
,
서약사항 확인
다
.
학교정보 및 개인정보 입력
– 2014
학년도 신입학생 및 편입학생은
재학생군
으로 신청
– 2014-2
학기 재입학 예정인 학생에 한하여 신입생군으로 신청
라
.
학자금유형 선택 후 신청정보 확인
(
국가장학금 선택
)
4.
서류제출
가
.
서류제출 대상자
1)
신청완료 후
1~2
일 이내
(
휴일 제외
)
한국장학재단 홈페이지에 방문하여 서류제출 대상여부 확인
–
서류제출 확인방법
:
한국장학재단 로그인
–
사이버창구
–
장학
/
대출신청
–
신청현황
–
필수 및 선택 서류
(
해당학생에 한함
)
가 모두 완료
2)
신청완료 후
1~2
일 이내
(
휴일 제외
)
서류제출 대상 학생에 한하여
,
신청 시 입력한 휴대폰 번호로
–
한국장학재단 번호를 스팸처리 한 학생은 해제 요청
나
.
서류제출 방법
(
택
1)
1)
한국장학재단 홈페이지에 스캔파일을 등록
2)
모바일 업로드
:
한국장학재단 학자금 서류제출 앱다운 후 사진파일 업로드
5.
장학생 선발결과 및 지급방법 안내
.
선발결과 안내
: 8
월
11
일
(
월
)
공지 예정
(u-Saint
장학금 수혜내역 확인
)
나
.
장학금 지급방법
1) 2014-2
학기 등록금을 납부하여야 하는 학생
:
등록금 고지서에 장학금액 사전 감면
2) 2014-2
학기 복학 시 등록금이 이월된 미등록 복학생
: 10
월 중 학생계좌 지급
6.
국가장학금 소득분위 체계 변경 내용
가
.
본인
,
부모님
,
배우자의 정보제공 동의가 있어야만 소득분위를 산정할 수 있음
(
최초
1
회 동의
)
나
.
가구원 정보제공 동의의 편의를 위한 사전 동의 제도 시행
다
.
사회보장정보시스템 활용에 따라 소득
/
재산
/
부채가 반영되어 소득분위 기준이 정확해 짐
라
.
대학생의 아르바이트 근로소득은 소득분위산정에서 공제 됨
마
.
한국장학재단에서 소득분위 결과를 학생이 직접 확인 가능
7.
중요사항
가
.
2014-2
학기 국가장학금 미 신청자
(
서류 미제출 포함
)
는
2014-2
학기 교내 및 교외 장학생 추천 시
제외
–
교내 및 교외 전액 장학생도 모두 국가장학금을 신청하여야 함
–
단
,
국가유공자 본인 및 자녀
,
숭실글로벌 장학금 수혜 대상자
,
이중 또는 해외국적학생의
경우 국가장학금 신청 예외
이중 또는 해외국적
(
외국인학생 제외
)
학생의 경우 관련서류를 장학팀에
6
월
30
일까지 제출
최초
1
회에 한함
)
하여야 함
–
국가장학금 신청상태가
‘
서류완료
’
인 학생에 한하여 교내장학금 선발
나
.
국가장학금
Ⅱ
유형의 경우 대학 별 배정예산 범위 내에서 장학금액 및 선발 기준이 다르므로
,
매 학기 선발 내용 및 지급 방법은 변경될 수 있음
다
. 2014-2
학기 복학예정자 중 등록이 이월된 미등록 복학생의 경우 등록금을 납부한 학기에 국가 장학금 수혜 내역이 없어야만 국가장학금
Ⅰ
유형 수혜 가능
라
.
2014-2
학기 등록금을 납부하는 학생에 한하여 국가장학금
Ⅱ
유형 수혜 가능
(
등록대체자 수혜 불가
)
마
.
국가장학금은 휴학생
(2014-2
학기 복학예정자
)
및 재학생 모두 신청가능
바
.
한국장학재단 심사 시 이중 지원자로 등록되지 않은 학생에 한하여 국가장학금 수혜 가능
–
이중지원 여부는 학생 개인이 한국장학재단으로 문의하여 처리하여야 함
.
대학안내 불가
.
–
이중지원 해소는
7
월
18
일
(
금
)
까지 처리 바람
.
이중지원 해소가 지연될 경우
2
학기 장학생 선발
에서 제외될 수 있음
문의사항
:
한국장학재단 콜센터
(1599-2000)"
german_language,[공지] 국립산림과학원 산림복지연구과 독일어번역 단기아르바이트 모집,N/A,2014-06-02,https://gerlan.ssu.ac.kr/%ed%95%99%ea%b3%bc%ec%82%ac%eb%ac%b4%ec%8b%a4%ec%95%8c%eb%a6%bc/%ea%b3%b5%ec%a7%80%ec%82%ac%ed%95%ad/?term_id&slug=1574,"국립산림과학원 산림복지연구과에서 독일어 번역 단기 아르바이트생을 모집합니다.
-담당업무 : 독일어 자료 번역 및 자료 수집
독일 산림휴양, 정책관련 자료 번역 및 수집
연구업무 보조
-모집인원 : 1명
-학력 : 무관 (재학생, 휴학생, 졸업 예정자도 가능) / 독일어 독해 능력 우수자 우대
-근무지역 : 서울시 동대문구 청량리동 회기로 57
-근무부서 : 국립산림과학원 산림복지연구과
-근무기간 : 6월~10월 (약 5개월 근무), 9시~18시
-성별 : 무관
-경력 : 무관
-급여 : 1,116,600원/월(세전금액)
-기타 복리후생 : 4대보험(국민연금, 고용보험, 산재보험, 건강보험), 월차
-제출서류 : 이력서, 자기소개서
-지원방법 : 이메일로 서류제출 (담당자 : 박수진 sjpark@forest.go.kr) * 죄송합니다. 전화문의는 받지 않습니다.
-접수기간 : 5월 29일~6월 5일까지
-면접예정일 : 채용예정자 대상 수시진행"
german_language,[공지] 김대권 교수님과 함께 하는 서양고전탐색(9),N/A,2014-06-02,https://gerlan.ssu.ac.kr/%ed%95%99%ea%b3%bc%ec%82%ac%eb%ac%b4%ec%8b%a4%ec%95%8c%eb%a6%bc/%ea%b3%b5%ec%a7%80%ec%82%ac%ed%95%ad/?term_id&slug=1572,"서양고전탐색(9)
2014년 여름방학에 김대권 교수님과 함께 토마스 만의 작품(I)을 읽으려고 합니다.
관심 있는 학생들의 많은 참여를 바랍니다.
-일     시: 2014년 7월 7일, 14일, 21일, 28일(4회, 모임일시는 논의 후 변경 가능)
-장     소: 조만식기념관 632호
-대     상: 제한 없음
-신     청: 2014년 6월 27일까지 독어독문학과 사무실
-예비 모임: 2014년 6월 30일(월) 오후 2시 조만식기념관 632호
-교     재: 베니스에서의 죽음 (홍성광(역), 열린책들, 2009)
부덴브로크가의 사람들 1,2 (홍성광(역), 민음사, 2001)
서양고전탐색(1, 2007년 여름방학): 오비디우스의 변신이야기
서양고전탐색(2, 2008년 여름방학): 아이스킬로스와 소포클레스의 비극 작품
서양고전탐색(3, 2009년 여름방학): 에우리피데스의 비극 작품
서양고전탐색(4, 2009년 겨울방학): 단테의 신곡
서양고전탐색(5, 2010년 여름방학): 세르반떼스의 돈끼호떼
서양고전탐색(6, 2012년 여름방학): 헤로도토스의 역사
서양고전탐색(7, 2013년 여름방학): 헤세의 크눌프, 페터 카멘친트, 수레바퀴 아래서,
황야의 이리, 싯다르타
서양고전탐색(8, 2013년 겨울방학): 헤세의 데미안, 나르치스와 골드문트, 유리알 유희"
german_language,주한독일문화원 – ‘독일어홍보대사’ 경연대회,N/A,2014-05-26,https://gerlan.ssu.ac.kr/%ed%95%99%ea%b3%bc%ec%82%ac%eb%ac%b4%ec%8b%a4%ec%95%8c%eb%a6%bc/%ea%b3%b5%ec%a7%80%ec%82%ac%ed%95%ad/?term_id&slug=1570,"“Hallo Deutschland” 대학, 대학원생 ‘독일어홍보대사’ 경연대회
경연대회 2014년 주제
“환경”
<경연대회 요강>
“괴테-독일어홍보대사”를 찾습니다.
어떻게 하면 독일 문화와 언어에 대한 초등학생과 중학생들의 관심을 이끌어낼 수 있을까요?
어떻게 하면 40분 안에 낯선 나라에 대한 호기심을 자극할 수 있을까요?
이 질문에 대답할 기회를 여러분께 드리려고 합니다.
이번 경연 대회는 대학생 또는 대학원생들이 팀을 구성하여
초등학생, 중학생 또는 고등학생을 대상으로 수업을 준비하고 독일을 소개하는 것을 목표로 합니다.
2014년도의 대주제는 “환경“입니다.
여러분은 본 주제를 가지고 자유롭게 구상하여 지원할 수 있습니다.
중요한 것은 독일 언어와 문화를 소개할 수 있는, 여러분만의 독특하고 참신한 아이디어입니다.
“괴테-독일어홍보대사”가 될 수 있는 절호의 기회입니다. 도전해 보시기 바랍니다.
<시상>
-1위
동아시아 지역 대학생들과 함께 독일 괴팅엔에서 열리는 1주일 동안의 세미나에 참가할 수 있는 전액 장학금
기간: 2014년 11월 말 (여행 경비, 세미나 참가비, 숙식비 포함)
-2, 3위
주한독일문화원(Goethe-Institut Korea)에서 1개의 독일어 강좌 무료 수강권
(단, 2015년 2월까지 유효함)
<지원 조건>
-팀으로만 지원 가능
-각 팀은 2인으로 구성하되, 독일어 능력 수준이 Gorthe-Zertifikat B1 자격을 취득한 수준 이상이어야 함
-참가자 전원이 대학 및 대학원생이어야 함
<지원 서류>
-독일어로 기재한 지원 양식 1부 (홈페이지에서 다운로드 가능)
-독일어로 작성한 지원 동기서 1부
-독일어와 한국어로 작성한 40분 분량 워크숍 구상안 (3~5쪽, 줄간격 1.5, 글자 크기 12, 글자체 Times New Roman/Arial)
-어학 능력 증명서류 제출 : B1 단계 이상의 괴테-독일어능력증면서
-모든 지원 서류는 전자문서 형태로 hallodeutschland@seoul.goethe.org에 제출
-지원 서류 제출 기한은 전자문서 접수를 기준으로 2014년 6월 8일 (일)
-지원 서류 제출 시 수신 확인 메일을 발송합니다.
수신 확인 메일을 1주 내에 받지 못 하였거나 지원 절차와 관련하여 기타 질문이 있을 경우에는
아래 연락처로 문의하시기 바랍니다.
김솔지
전화 +82 2 2021 2818
hallodeutschland@seoul.goethe.org
<선발기준>
-독특하고 참신한 아이디어
-대상 연령대에 적합한 워크숍 내용 채택
-방법론적, 교수법적으로 적합한 학습 목표 선정 및 시간기획
-대상 연령대에 적합한 자료 및 매체 선정
<선발절차>
(1)예선 – 서류심사
2014년 6월 8일(일)까지 제출한 참가 신청 팀들의 서류를 심사한 후 최대 6팀을 일차 선발합니다.
1차 선발 결과는 2014년 6월 13일(금)에 주한독일문화원의 홈페이지에서 확인할 수 있습니다.
(2)본선 – 프레젠테이션
서류 심사를 거쳐 선발된 6팀은 2014년 6월 27일(금)에 주한독일문화원에서 20분 가량 구상안을 발표합니다.
프레젠테이션에서는 한국어와 독일어를 함께 사용하여 심사위원들이 발표자의 독일어 능력을 가늠해 볼 수 있어야 합니다.
심사위원들은 총 6팀 가운데 3팀을 선발합니다.
이들 중 각 팀의 구상안과 프레젠테이션을 토대로 주한독일문화원 관계자 및 심사위원들이
면밀히 평가, 검토 후 우승팀을  비롯하여 2,3위 팀을 발표합니다.
결과는 2014년 7월 14일(금)에 홈페이지에서 확인할 수 있습니다.
(3)학교에서 수업 진행 – 수상을 위한 의무 사항
선발된 세 팀은 2014년 7월부터 10월까지 각자의 구상한을 실행에 옮겨야 합니다.
각 팀은 최소 세 군데의 초등학교와 중학교에서 워크숍을 진행합니다.
*워크숍 준비와 관련하여 소요되는 교통비 및 기타 경비에 대한 일정 금액이 지원됩니다.
*본 프로젝트에서 사용된 구상안 및 자료들의 저작권은 경연대회 후 주한독일문화원에 있음을 알려드립니다.
*일정은 사정에 따라 변경될 수 있습니다."
german_language,[공지]독일 교환학생&여름학교 선발학생 명단 발표,N/A,2014-04-11,https://gerlan.ssu.ac.kr/%ed%95%99%ea%b3%bc%ec%82%ac%eb%ac%b4%ec%8b%a4%ec%95%8c%eb%a6%bc/%ea%b3%b5%ec%a7%80%ec%82%ac%ed%95%ad/?term_id&slug=1569,"– 2014 독일 보훔 교환학생 선발명단 –
심유* (2012****)
김상* (2012****)
– 2014 여름학교 선발명단 –
김화* (2014****)
최다* (2013****)
최윤* (2012****)
고민* (2011****)"
german_language,학업성적 관련 제도 개선 및 성적증명서 발급 변경사항 안내,N/A,2014-03-27,https://gerlan.ssu.ac.kr/%ed%95%99%ea%b3%bc%ec%82%ac%eb%ac%b4%ec%8b%a4%ec%95%8c%eb%a6%bc/%ea%b3%b5%ec%a7%80%ec%82%ac%ed%95%ad/?term_id&slug=1567,"2014학년도 1학기부터 성적 관련 제도 및 성적증명서 발급이 아래와 같이 변경됨을 알려드립니다.
1. 학점포기 제도 전면 폐지
2014년 4월 28일 ~ 5월 9일간에 전체 재학생과 휴학생을 대상으로
최종적으로 학점포기 신청을 접수할 예정(세부 내용은 별도의 공지사항 참조)이며,
이 기간 이후 학점포기 제도는 전면 폐지됩니다.
*학점포기 제도 폐지에 따른 최종 학점포기 신청는 첨부한 파일을 확인해주시기 바랍니다.
2. 재수강 제도 변경
가. F등급 취득 과목 재수강 : 2014-1학기에 수강한 과목부터는 F등급이 평점평균 계산에 포함되며,
이에 따라 F등급 과목도 재수강이 가능하게 됩니다.
 단, F등급 취득 과목은 이전과 동일하게 취득학점에서는 제외됩니다.
 F등급 취득 과목의 재수강은 2014-2학기부터 가능하며,
2014-1학기까지는 F등급 취득 과목을 다시 수강한 경우 재수강에   포함되지 않습니다.
나. 재수강 가능 과목 확대 : 현재 한 학기 최대 2과목, 졸업 시까지 8과목으로 제한되어 있는 재수강이
2014-2학기부터는 한 학기 최대 4과목, 졸업 시까지 12과목으로 상향 조정됩니다.
다. 재수강 시 취득 가능한 성적 등급 제한 : 2014-2학기부터 재수강한 과목은 A⁰등급 이상을 취득할 수 없습니다.
3. 성적증명서 표기 내용 변경
가. F등급 취득 과목 표기 : 2014-1학기에 수강한 과목부터 F등급을 취득한 과목도 성적증명서에 표기됩니다.
나. 재수강 여부 표기 : 2014-1학기부터 재수강한 과목에는 “재수강”으로 성적증명서에 표기됩니다.
   재수강 이전 과목과 그 성적은 이전과 동일하게 성적증명서에 표기되지 않으나,
   교내에서 활용되는 성적 데이터나 학적부 등에는 이전 과목이 모두 포함됩니다,
   교내에서 활용되는 석차 등은 기존과 동일하게 재수강 전후의 모든 성적을 기준으로 산정됩니다.
 Pass/Fail 과목도 Fail 취득 후 다시 수강 시 “재수강”으로 표기됩니다.
다. 2013-2학기까지 이수한 과목의 표기 :
2013-2학기까지 이수한 과목 중 F등급 취득과목, 학점포기 과목, 재수강 과목 등은 성적증명서에 표기되지 않습니다."
german_language,[공지] (주)시테코장학금 독일현지여름학교 어학연수 지원,N/A,2014-03-27,https://gerlan.ssu.ac.kr/%ed%95%99%ea%b3%bc%ec%82%ac%eb%ac%b4%ec%8b%a4%ec%95%8c%eb%a6%bc/%ea%b3%b5%ec%a7%80%ec%82%ac%ed%95%ad/?term_id&slug=1566,"【
(
주
)
시테코장학금 독일현지여름학교 어학연수 지원
】
주식회사 시테코
(
대표
89
학번 이동훈동문
)
에서 독어독문학과 학생들을 대상으로 장학생을 선발합니다
.
독일 현지 대학교
(
쾰른
,
킬
,
뮌헨대학교 등
)
에서 개설하는 여름학교
(Sommerschule)
프로그램
(4
주간진행
)
에서 어학연수를 원하는 학생에게 장학금
(
약
170
만원
)
을 지원합니다
.
지원을 원하는 학생은 아래의 서류를 독어독문학과 사무실에 직접 제출하거나 이메일로 보내주시기 바랍니다
. (
가정형편이 어려운 학생도 지원 바랍니다
.)
·
신청기간
: 2014
년
3
월
27
일
~4
월
4
일 금요일
17:30
·
선발인원
: 4
명
(
전 학년 대상
)
·
제출서류
:
–
자기소개서
(
국문
1
부
/A4
용지
1~2
장 내외
)
–
학업계획서
(
지원동기 포함
/
국문
1
부
/A4
용지
1~2
장 내외
)
·
면접일시
: 2014
년
4
월
10
일
(
목
)
오후
6
시
/
학과사무실
4
월
11
일
(
금
)
개별 및 학과 홈페이지 공지
·
제출장소
:
독어독문학과사무실 조만식기념관
642
호
02-820-0350 /
gerlan@ssu.ac.kr
※
“
교환학생 프로그램
”
과 중복 수혜 불가"
german_language,[공지] 2014 독일 보훔 대학교 교환학생 프로그램 신청,N/A,2014-03-26,https://gerlan.ssu.ac.kr/%ed%95%99%ea%b3%bc%ec%82%ac%eb%ac%b4%ec%8b%a4%ec%95%8c%eb%a6%bc/%ea%b3%b5%ec%a7%80%ec%82%ac%ed%95%ad/?term_id&slug=1565,"*
독일 보훔 대학교 교환학생 프로그램 신청
신청기간
: 2014
년
3
월
26
일
~4
월
4
일 금요일
17:30
까지
신청대상
:
독어독문학과 학부생
(
휴학생 포함
)
선발인원
: 2
명
선발기준
: 1
차
(
서류전형
), 2
차
(
면접
,
면접일시는 개별 통지
)
제출서류
:
자기소개서
(
국문
,
독문 각
1
부
/ A4
용지
2~3
장 내외
)
&nbsletter-spacing: 0pt; mso-font-width: 100%; mso-text-raise: 0pt”>1
부
/ A4
용지
2~3
장 내외
)
성적증명서
(
국문
1
부
)
독일어국제공인어학증명서
(ZD, TestDaf /
취득자에한함
)
파견기간
: 1
년
(2014
년
9
월
~2015
년
8
월
)
문의
:
독어독문학과사무실 조만식기념관
642
호
02-820-0350 /
gerlan@ssu.ac.kr
*“
독일 현지 여름학교 어학연수
”
와 중복 수혜 불가
/ 4
학년 신청 불가"
german_language,[공지] 2014년 한국대학교육협의회 대입상담센터 전공상담기부자 추천,N/A,2014-03-20,https://gerlan.ssu.ac.kr/%ed%95%99%ea%b3%bc%ec%82%ac%eb%ac%b4%ec%8b%a4%ec%95%8c%eb%a6%bc/%ea%b3%b5%ec%a7%80%ec%82%ac%ed%95%ad/?term_id&slug=1563,"2014년 한국대학교육협의회 대입상담센터 전공상담기부자 추천
가
)
구성
:
단과대학과 학과를 대표하여 전공에 대한 상담 및 홍보를 할 수 있는 학생
나
)
운영방법
:
시
·
도 교육청 및 고교에서 진행하는 진로관련 프로그램에서
강사 및 상담자로 활동
(
세부 내용은 붙임문서 참조
)
다
)
운영기간
: 2014
년
3
월
∼
2015
년
2
월 말
라
)
추천인원
:
학과 당
3
명 이내
*자세한 설명은 첨부파일 참고
프로그램 참가를 원하는 학생은 3월 21일 금요일까지 사무실로 연락 바랍니다.
독어독문학과사무실 : 02-820-0350"
german_language,[공지] 2014 재외공관 공공외교 현장실습 모집 안내,N/A,2014-03-11,https://gerlan.ssu.ac.kr/%ed%95%99%ea%b3%bc%ec%82%ac%eb%ac%b4%ec%8b%a4%ec%95%8c%eb%a6%bc/%ea%b3%b5%ec%a7%80%ec%82%ac%ed%95%ad/?term_id&slug=1558,"안녕하세요. 독어독문학과 입니다.
2014년 재외공관 공공외교 현장실습원 파견 학생을 모집한다고 합니다.
관심있는 학생들의 많은 참여 부탁드립니다.
관련 서류는 모두 학과사무실로 제출해 주세요.
가
.
사업개요
1)
사 업 명
: 2014
재외공관 공공외교 현장실습원 파견
2)
기 간
: 2014
년
8
월
~ 2014
년
12
월
(5
개월
)
3)
주요활동
:
재외공관의 공공외교 업무 지원
(
붙임
2
참조
)
4)
파견조건
o
해외 체류에 필요한 비자
(
단기 취업비자 등
)
는 파견대상자가 자기 책임하에 직접 취득
※
외교부에서는 비자발급 협조 공한 발급
o
관련 규정에 따라 공관 행정원 신분부여 불가
(
관용여권 발급 불가
)
o
체류기간 중 각종 사건사고 대비 여행자 보험 가입
o
어학
/
성적 등 지원자격 조건 충족
(
붙임
4
∼
5
참조
)
o
학점 인정 관련 학과 결정
(
파견 종료 후 현장실습 확인서 발급 요
)
나
.
제출안내
1)
제출기한
: 2014. 3. 14. 오후 5시
2)
제출서류
가
)
신청서 및 활동계획서
(
붙임
3
양식
)
※
확인서는 제출하지 않음
(
경력개발팀 작성
)
–
희망공관은 가급적
다
)
성적증명서
(
열람용
)(
백분율 표시
)
라
)
어학능력 증빙자료
(
사본 무방
)
다
.
기타
1)
추가 교비 지원은 없음
2)
본
2
차 수요조사 이후 진행 일정은 우리 팀에서 학생 개별 연락 예정"
german_language,[공지]2014-1학기 신.편입생 및 복학생 교내장학금 신청 안내,N/A,2014-02-21,https://gerlan.ssu.ac.kr/%ed%95%99%ea%b3%bc%ec%82%ac%eb%ac%b4%ec%8b%a4%ec%95%8c%eb%a6%bc/%ea%b3%b5%ec%a7%80%ec%82%ac%ed%95%ad/?term_id&slug=1555,"2014
학년도
1
학기 신입생
/
편입생
/
복학생대상 교내장학금 신청공고
※
본교에서 지급되는 모든 교내장학금은 아래 국가장학금 신청기간 내 국가장학금을 신청
하고 서류제출을 완료한 학생을 대상으로만 수혜자를 선정합니다
.
따라서
,
교내장학금을
수혜하려는 모든 학생은 반드시 교내장학금과 국가장학금을 동시신청하시기 바랍니다
.
–
국가장학금 신청결과 제공되는 학생의 소득분위정보를 장학생선발에 활용 및 교육부 보고
–
국가장학금은 반드시 매학기 신청하여야 함
.
1.
국가장학금 신청기간
: 2014
년
3
월
3
일
(
월
) ~ 14
일
(
금
)
※
한국장학재단 홈페이지
(
www.kosaf.go.kr
)
공인인증 로그인 후 신청
2.
교내장학금 온라인 신청기간
: 2014
년
(
금
) 17:00
가
.
신입생의 경우
,
합격자안내사항에 공지된 신청기간에서 연장
나
.
교내장학금 추가 접수기간 없음
.
다
.
팩스제출불가
,
등기우편 접수가능
(
단
, 3
월
14
일
17:00
까지 장학팀 도착분만 인정
)
3.
대상
:
2014
학년도
1
학기 신입생
,
편입생
,
복학생
(
재학생은 신청 불가
)
4.
제출장소
:
학생회관
501-1
호 장학팀
5.
교내장학생 공통자격사항
가
. 2014
학년도
1
학기 신입생
,
편입생 및 복학생으로 해당학기 등록금납부를 완료한 자
1)
2014
학년도
1
학기 이전 등록휴학 후 복학생은 모든 장학금 선발에서 제외
(
등록대체
)
2)
미등록
,
입학취소
,
복학취소 등으로 인한 학적변동시 모든 장학금 취소
다
.
직전학기
15
학점 이상 이수한 자
(2014
년
1
학기가
4
학년
8
학기인 자는
12
학점 이상
)
1)
건축학과 건축학전공
: 10
학기인 자는 직전학기
12
학점 이상 이수
(1
∼
9
학기는
15
학점 이상
)
년
2
학기부터 적용
)
라
.
등록학기
(
등록금납부학기
)
가
8
학기 이내인 자
마
.
모든 교내장학금간 중복수혜 불가
1)
장학금간 중복신청은 가능하나
,
신청 장학금 중 수혜금액이 큰 장학금 자동선발
2)
중복수혜 가능 장학금
:
국가장학금
,
교외장학금
,
근로장학금
(
교내
/
학과
)
–
수업료범위 내 중복수혜 가능
(
근로장학금 간 중복수혜 불가
)
6.
2014
학년도
1
학기 장학금 선발자격 및 제출서류 안내
(
첨부문서 참조
)
▶
등록
/
장학
▶
장학메뉴
▶
장학금신청
나
.
반드시
u-SAINT
에서 신청해야 하며
,
제출서류가 있는 장학금에 한하여 서류제출
※
제출기간 내 미제출시 장학생 선발대상에서 제외
다
.
2014
년
1
학기 한국장학재단 학자금대출을 받은 장학생
:
대학에서 수혜받을 장학금액
만큼 한국장학재단 학자금대출 직접 상환
8.
장학생 선정결과 발표 및 지급방식
가
. 2014
년
4
월 초 발표예정
(u-SAINT
등록
/
장학에서 확인 가능
)
나
.
장학금 신청 시 입력했던 학생계좌로 지급
(
우리은행 개인계좌를
u-Saint
계좌정보에 입력 필수
)
차
)
확인 후 지급
(
지급관련 최종안내
– 2014
년
5
월 말 교내 홈페이지 공지
)
2014. 02. 21
학 생 처 장"
german_language,[공지] 2014-1 강의시간표,N/A,2014-02-18,https://gerlan.ssu.ac.kr/%ed%95%99%ea%b3%bc%ec%82%ac%eb%ac%b4%ec%8b%a4%ec%95%8c%eb%a6%bc/%ea%b3%b5%ec%a7%80%ec%82%ac%ed%95%ad/?term_id&slug=1553,"신입생, 복학생 등 수강신청에 어려움이 있는 학생은
수강신청 시 참고하시기 바랍니다."
german_language,[공지] 2014-1학기 학과근로 장학생 선발 공고,N/A,2014-02-13,https://gerlan.ssu.ac.kr/%ed%95%99%ea%b3%bc%ec%82%ac%eb%ac%b4%ec%8b%a4%ec%95%8c%eb%a6%bc/%ea%b3%b5%ec%a7%80%ec%82%ac%ed%95%ad/?term_id&slug=1552,"안녕하세요. 독어독문학과 사무실입니다.
2014-1학기에 독문과사무실에서 근로장학생으로 근무할 학생을 선발합니다.
지원을 원하는 학생은 아래의 지원방법을 숙지하여 지원서를 작성해서 학과로 직접 방문접수 하시거나, 이메일로 접수 해 주시기 바랍니다.
(지원서는 빈칸없이 작성해야 합니다.)
이번학기에도 많은 지원 부탁드립니다. 감사합니다. ^^
1.
근로장학생 자격 및 선발기준
가
.
2014
학년도
1
학기 한국장학재단 국가장학금을 신청완료
(
서류제출완료
)
한 자
(1
차 신청기간에 신청완료자에 한하며
,
소득분위제한 없음
)
※
SAP
에서 국가장학금 신청
/
서류제출여부 확인 방법
:
학생마스터데이터
조회
→
장학금수혜내역
→
한국장학재단
(
국가장학금
Ⅰ
유형
재단
(
국가장학금
Ⅱ
유형
)
장학금
항목에 대하여 수혜금액이 있거나
, 0
원인 학생
나
.
직전학기 이수학점
15
학점 이상 및 평점평균
2.5
이상인 자
다
. 2014
학년도
1
학기 재학생
(2014
학년도
1
학기 기준
2
∼
7
학기 재학생만 가능
,
1
학기 및
8
학기 재학생 신청불가
)
.
선발학기 기준 소속학과
(
부
)
학생만 선발 가능
(
타과학생 선발 불가
)
마
.
해당학기 이전 등록휴학 후 복학하는 자
(
등록대체자
)
선발 불가
바
.
학기 중 휴학 등 본인의사에 의해 중도포기하는 경우
,
근로장학생 자격이
취소되며 장학금 일체 지급불가
사
.
타 장학금과 중복수혜 가능
(
근로장학금간 중복수혜 불가
)
※
기 선발된 장학금과 학과근로장학금을 포함하여 수업료 초과 불가
아
.
수업일수
1/2
선 이후 발생하는 결원은 별도의 충원 없음
.
자
.
학과별 배정금액 내에서 학과근로
A/B
학과자율선발 가능
학과근로
A 1
명
)
차
.
국가근로장학생에 선발되지 않은 자
(
국가근로발표
: 2014
년
2
월
21
일 예정
)
2.
학과
(
부
)
별 근로장학생 인원 배정 원칙
가
.
기본배정인원
:
학과별
4
명
(
실험실
2
개당
1
명 배정
)
※
재학인원이 적은 선취업후진학학과
(
금융경제
,
국제상거래
: 2013
학년도
1, 2
학기 평균재학인원 비율에 따라 배정
3.
예산사항
가
.
시간당 장학금액 인상
:
정부의 최저임금인상으로 인하여 인상
종류
2013
년
2014
년
상승비율
비고
정부 최저임금
4,860
원
5,210
원
7.2%
시간당장학금액
5,000
원
5,500
원
10%
나
.
세부내역
장학금명
시간당장학금액
근로시간
(
학기
)
비고
학과근로
5,500
원
10
시간
×22
주
=220
시간
학과근로
B
5,500
원
5
시간
×22
주
=110
시간
※
1
인당 기본배정금액
: 1,210,000
원
(5,500
원
× 10
시간
× 22
주
)
다
. (
학기 말 개인계좌 지급예정
)
4.
행정사항
가
.
선발공고
: 2014
년
2
월
12
일
(
수
)
나
.
학생신청방법
: u-SAINT
포털
→
등록
/
장학
→
장학메뉴
‘
근로장학금
’
신청
’
→
학과근로
A/B
신청
→
지원서 출력
→
지원서
다
.
온라인접수기간
: 2014
년
2
월
17
일
(
월
)
∼
21
일
(
금
) 10:00
∼
17:00
라
.
학과서류제출기간
: 2014
년
2
월
17
일
(
월
)
∼
21
일
(
금
) 10:00
∼
17:00
※
접수장소
:
각 학과사무실
마
.
학과선발 및
SAP
입력
: 2014
년
2
월
25
일
(
화
)
까지
바
.
학과근로장학생 최종선발
: 2014
년
2
월
26
일
(
수
)
예정"
german_language,[공지]한국전시산업진흥회 해외인턴 설명회,N/A,2014-01-29,https://gerlan.ssu.ac.kr/%ed%95%99%ea%b3%bc%ec%82%ac%eb%ac%b4%ec%8b%a4%ec%95%8c%eb%a6%bc/%ea%b3%b5%ec%a7%80%ec%82%ac%ed%95%ad/?term_id&slug=1551,"한국전시산업진흥회 해외인턴 설명회
일시 :
2014년 2월 13일 오후 3시
장소 : 조만식 기념관 533호
(사회대 Cumming Room)
독어독문학과 학생들의 많은 참여 바랍니다."
german_language,한국전시산업진흥회 해외인턴사업,N/A,2014-01-29,https://gerlan.ssu.ac.kr/%ed%95%99%ea%b3%bc%ec%82%ac%eb%ac%b4%ec%8b%a4%ec%95%8c%eb%a6%bc/%ea%b3%b5%ec%a7%80%ec%82%ac%ed%95%ad/?term_id&slug=1550,"한국전시산업진흥회 해외인턴사업
산업통상자원부 유관기관인 한국전시산업진흥회에서 해외파견 인턴을 모집합니다.
ZD B1를 취득한 학생들은 많은 지원 바랍니다.
사업목적
해외 전시회 현장 체험을 통한 전시 전문인력 양성 및 청년실업 해소
지원대상
전시산업에 관심이 있는 대학 재학생 및 졸업자
* 재학생은 4학기 이상 수료자(학기중 해외파견 가능자)
* 졸업자는 졸업 후 2년 이내 경과자
* 전문대학은 졸업자 (졸업 후 2년 이내)만 지원 가능 대학평점3.0/4.5, 2.88/4.3, 2.70/4.0 (평균 B학점 이상)
편입생은 편입 전후 성적 포함, 대학원생은 학부성적 기준어학성적
어학성적
구분
기준
영어
TOEIC 750, TEPS 600, TOEFL(iBT 85), IELTS 6.5, FLEX 2B(750점)
제2외국어
중국어 : 신HSK 6급, FLEX 2B(750점)일본어 : JPT 750점, JLPT 1급(135점), FLEX 2B(750점)독일어 : Goethe-Zertifikat B1, FLEX 2B(750점)인도네시아어 : 영어 기준점수 이상 취득자 중 해당언어 전공자, 중급이상(또는 총점의 60%이상) 어학취득자
우대조건
저소득층(기초생활수급자, 차상위계층, 최저생계비 150% 이하, 소득 1~3분위 등)
취업 취약계층(졸업 후 6개월 이상 경과자, 장애인 등)
국가유공자와 그 자녀
정보화 자격증(국제공인, 국가공인) 소지자
선발인원
연간 200명
파견국가
아시아, 중동, 유럽, 미주, 중남미, 아프리카 등기 간교육7일 + 해외연수3개월(90일 이내)활동내용해외전시회 참가 지원, 유명전시회 참관, 기타 행정업무 등
정부재정지원
재정지원왕복항공비, 여행자보험비, 비자발급비, 소정의 현지 체재비(국가별 차등지원)
문의전화
: 02-574-2047메일 :
jwmin@akei.or.kr"
german_language,[공지] 2013-2학기 특별장학금 수혜학생 발표,N/A,2014-01-17,https://gerlan.ssu.ac.kr/%ed%95%99%ea%b3%bc%ec%82%ac%eb%ac%b4%ec%8b%a4%ec%95%8c%eb%a6%bc/%ea%b3%b5%ec%a7%80%ec%82%ac%ed%95%ad/?term_id&slug=1549,"안녕하세요. 독어독문학과 사무실입니다.
2013-2학기 특별장학금을 신청해주신 모든 학생 분들께 감사드립니다.
2013-2학기 등록금을 초과한 경우 지급이 불가능하여 국가장학금을 많이 받은 학생은 선발 할 수 없었습니다. 이점 양해 부탁드립니다.
선발 명단을 보시고 자세한 금액과 다른 문의가 있으시면  과사무실로 연락 부탁드립니다.
독어독문학과 사무실 : 02-820-0350
이름
학번
박*영
2012****
김*아
2012****
김*아
2010****
김*하
2006****"
german_language,[공지]2013학년도 겨울방학 독일어 문법(중급) 특강,N/A,2013-12-26,https://gerlan.ssu.ac.kr/%ed%95%99%ea%b3%bc%ec%82%ac%eb%ac%b4%ec%8b%a4%ec%95%8c%eb%a6%bc/%ea%b3%b5%ec%a7%80%ec%82%ac%ed%95%ad/?term_id&slug=1548,"2013학년도 겨울방학
독일어 문법(중급) 특강
강의교재 및 수업내용
주교재
1. Lebendiges Deutsch für Studenten II (Lektion 17~20)
2. Schritte 1~6 (A1에서 B1까지 독일어 문법 총정리)
참고교재
Lehr- und Übungsbuch der deutschen Grammatik (§35 Relativsätze, §52~§56 Der Konjunktiv I/II)
강의일정
날짜: 2014년 1월 6일(월), 8일(수), 10일(금), 13일(월), 15일(수), 20일(금)
시간: 14시 00분 ~ 16시 00분
강의실: 벤처중소기업센터 10205호
강의신청 및 문의처
숭실대학교 독어독문학과 사무실: ☏ 02-820-0350
강의 담당: 이재호 교수 ☏ 820-0354"
german_language,2014-1학기 국가장학금 신청 안내,N/A,2013-12-24,https://gerlan.ssu.ac.kr/%ed%95%99%ea%b3%bc%ec%82%ac%eb%ac%b4%ec%8b%a4%ec%95%8c%eb%a6%bc/%ea%b3%b5%ec%a7%80%ec%82%ac%ed%95%ad/?term_id&slug=1546,"2014
학년도
1
학기 국가장학금
Ⅰ
유형 및
Ⅱ
유형 신청안내
1.
신청기간
: 2013
년
12
월
19
일
(
목
) ~ 2014
년
1
월
14
일
(
화
2.
신청대상
:
숭실대학교 학부생으로
2014
학년도
1
학기 재학 예정인 재학생
,
휴학생
(1
학기 복학예정자
)
–
대학원생 및 평생교육원
,
호스피탈리티
,
숭실 사이버대학 해당 없음
3.
장학금 신청자격
성적요건
:
미정
나
.
자격요건
1)
대한민국 국적을 소지한 학생
(
주민등록상 해외이주 신고자
,
영주권자 제외
)
2)
정규
8
학기 이내의 재학생
(
건축학전공의 경우 정규
10
학기 이내
)
3)
한국장학재단의 장학금 수혜 자격을 충족하는 학생
(
세부사항은 한국장학재단 홈페이지 참조
)
4. 2014-1
학기 국가장학금액
:
미정
(2
월 초 결정 예정
)
5.
장학금 신청방법
가
.
한국장학재단
(
www.kosaf.go.kr
)
로그인
– ‘
사이버창구
’ – ‘
장학
/
대출 신청
’
나
.
개인정보제공 동의 및 약관 동의
,
서약사항 확인
다
.
학교정보 및 개인정보 입력
(2014-1
학기에 입학하는 신입생 및 편입생은 신입생군으로 신청
)
라
.
학자금유형 선택 후 신청정보 확인
(
국가장학금 선택
)
6.
서류제출
가
.
서류제출 대상자
1)
신청완료 후 다음 날
(
휴일 제외
)
한국장학재단 홈페이지에 방문하여 서류제출 대상여부 확인
2)
신청완료 후 다음 날
(
휴일 제외
)
서류제출 대상 학생에 한하여
,
신청 시 입력한 휴대폰 번호로
SMS
를 발송하여 서류 제출 안내
–
한국장학재단 번호를 스팸처리 한 학생은 해제 요청
나
.
서류제출 방법
(
택
1) –
장학금 신청 매뉴얼 화면 확인 요청
1)
한국장학재단 홈페이지에 스캔파일을 등록
2)
한국장학재단 팩스 송부
3)
한국장학재단 서류제출 앱을 활용한 등록
다
.
서류제출 기간
: 2013
년
12
월
19
일
(
목
) ~ 2014
년
1
월
17
일
(
금
)7
월
9
일
(
화
) 18:00
7.
장학생 선발결과 및 지급방법 안내
: 2
월 중순 공지 예정
가
.
선발결과 안내
: 2
월 중순 공지 예정
(u-Saint
장학금 수혜내역 확인
)
나
.
장학금 지급방법
1) 2014-1
학기 등록금을 납부하여야 하는 학생
:
등록금 고지서에 장학금액 사전 감면
2) 2014-1
학기 복학 시 등록금이 이월된 미등록 복학생
: 4
월 중 학생계좌 지급
8.
중요사항
가
.
2014-1
학기 국가장학금 미 신청자는
2014-1
학기 교내 및 교외 장학생 추천 시 제외됩니다
.
–
교내 및 교외 전액 장학생도 모두 국가장학금을 신청하시기 바랍니다
.
–
단
,
보훈장학금 및 숭실글로벌 장학금 수혜 대상자는 제외
–
국가장학금 신청상태가
‘
서류완료
’
인 학생에 한하여 교내장학금이 선발
됩니다
.
나
.
2014-1
학기 복학예정자 중 등록이 이월된 미등록 복학생의 경우 등록금을 납부한 학기에 국가 장학금 수혜 내역이 없어야만 국가장학금
Ⅰ
유형 수혜 가능
다
.
2014-1
학기 등록금을 납부하는 학생에 한하여 국가장학금
Ⅱ
유형 수혜 가능
(
등록대체자 수혜 불가
)
라
.
국가장학금
Ⅱ
유형의 경우 대학 별 배정예산 범위 내에서 집행되므로 매 학기 장학금액 및 선발
기준이 변경될 수 있습니다
.
마
.
국가장학금 소득분위는 매 학기 변경될 수 있으므로
,
모든 학생은 신청하여야 합니다
.
바
.
한국장학재단 심사 시 이중 지원자로 등록되지 않은 학생에 한하여 국가장학금 수혜 가능
–
학자금대출 실행 학생이 학생계좌로 장학금을 지급받은 경우 학생에 따라 장학금을 대출
상환하여야 함
.
–
이중지원 여부는 학생 개인이 한국장학재단으로 문의하여 처리하여야 함
–
이중지원 해소는
2
월
2
일
(
일
)
까지 처리 바람
.
이중지원 해소가 지연될 경우
2
학기 장학생 선발
에서 제외될 수 있음
.
사
.
수업료에는 입학금 및 필수
/
선택 경비가 포함되지 않음
9.
문의사항
:
한국장학재단 콜센터
(1599-2000)"
german_language,[공지] 2014-1학년도 교내장학금 신청 공고,N/A,2013-12-10,https://gerlan.ssu.ac.kr/%ed%95%99%ea%b3%bc%ec%82%ac%eb%ac%b4%ec%8b%a4%ec%95%8c%eb%a6%bc/%ea%b3%b5%ec%a7%80%ec%82%ac%ed%95%ad/?term_id&slug=1543,"2014
학년도
1
학기 재학생 및 복학생 대상 교내장학금 신청공고
※
본교에서 지급되는 모든 교내장학금은 아래 국가장학금 신청기간 내 국가장학금을 신청
하고 서류제출을 완료한 학생을 대상으로만 수혜자를 선정합니다
.
따라서
,
교내장학금을
수혜하려는 모든 학생은 반드시 교내장학금과 국가장학금을 동시신청하시기 바랍니다
.
–
국가장학금 신청결과 제공되는 학생의 소득분위정보를 장학생선발에 활용 및 교육부 보고
–
국가장학금은 반드시 매학기 신청하여야 함
.
1.
국가장학금 신청기간
:
미정
(12
월 중 한국장학재단 및 본교 홈페이지 공고 예정
)
※
한국장학재단 홈페이지
(
www.kosaf.go.kr
)
공인인증 로그인 후 신청
※
국가장학금
1
차 신청기간에 신청한 학생만 인정함
. (2
차신청기간 신청시 불인정
)
(
월
) ~ 2014
년
1
월
3
일
(
금
) 17:00 (4
주간
)
가
.
교내장학금 추가 접수기간 없음
.
나
.
서류제출이 필요한 장학금의 경우
,
교내장학금 온라인신청기간 내 반드시 제출
※
방문 및 등기우편제출 가능
(FAX
불가
)
※
등기우편제출시 교내장학금 온라인 신청기간 내 장학팀 도착분만 인정
다
.
근로장학금
(
교내근로
/
학과근로
)
신청
: 2014
년
1
월 말
~ 2
월 초 공고 예정
3.
대상
:
2014
학년도
첨부문서 참조
(2014
학년도
1
학기 장학금 선발자격 및 제출서류 안내
)
5.
교내장학생 자격요건
가
.
2014
학년도
1
학기 국가장학금
(1
차 신청기간에 한함
)
을 신청하고 서류제출을 완료한 자
나
. 2014
학년도
1
학기 재학 및 복학예정자로 해당학기 등록금납부를 완료예정인 자
1)
2014
학년도
1
학기 전 등록휴학 후 복학생은 모든 장학금 선발에서 제외
(
등록대체
)
2)
미등록
,
입학취소
,
복학취소 등으로 인한 학적변동시 모든 장학금 취소
다
.
직전학기
15
학점 이상 이수한 자
(2014
년
1
※
건축학과 건축학전공
: 10
학기인 자는 직전학기
12
학점 이상 이수
(1
∼
9
학기는
15
학점 이상
)
라
.
등록
8
학기 이내인 자
(
건축학과 건축학전공
:
등록
10
학기 이내인 자
)
예
1)
학기취소
1
회 후
8
학기 진학예정인 경우
: 9
회 등록금 납부이므로 선발 불가
예
2)
학점미이수로
9
학기 진학예정인 경우
: 9
회 등록금 납부이므로 선발 불가
6.
교내장학생 공통사항
가
.
성적 및 취득학점 산정방법
1)
평점평균
(GPA) /
산술평균
(100
점만점
) :
F
학점은
0
학점 취득으로 인정되어 취득학점 산정에서 제외
나
.
온라인으로 반드시 신청해야 하며
,
제출서류가 있는 장학금에 한하여 서류제출
※
제출기간 내 미제출시 장학생 선발대상에서 제외
다
.
모든 교내장학금은 중복수혜 불가
1)
장학금간 중복신청은 가능하나
,
신청 장학금 중 수혜금액이 큰 장학금으로 자동선발
2)
중복수혜 가능 장학금
:
국가장학금
,
교외
(
외부
)
장학금
,
근로장학금
(
교내
/
학과
)
–
수업료범위 내 중복수혜 가능
(
근로장학금 간 중복수혜 불가
)
바
.
한국장학재단 이중지원방지사업 안내
1)
한국장학재단 학자금대출금액과 교내
/
외장학금을 모두 합하여 수업료를 초과할
경우
,
(2014
학년도
2
학기 국가장학금 및 학자금대출여부에 영향
)
7.
2014
학년도
1
학기 장학금 선발자격 및 제출서류 안내
(
첨부문서 참조
)
8.
장학생 선정결과 발표 및 지급방식
가
. 2014
년
2
월 중순 발표예정
(u-Saint
등록
/
장학 및 등록금고지서 감면여부 확인 가능
)
나
.
장학금신청시 계좌입력
:
우리은행 본인명의 개인계좌 입력 필수
다
.
등록금 분할납부를 신청한 학생의 경우
.
선발된 장학금 중 사전감면을 제외한 계좌지급
장학금은 분할납부 최종등록
(3
차
)
확인 후 지급
(
추후 안내
– 2014
년
5
월 중 안내
.
2013. 12. 01
학 생 처 장"
german_language,[공지]2013-2 특별장학금 신청,N/A,2013-12-09,https://gerlan.ssu.ac.kr/%ed%95%99%ea%b3%bc%ec%82%ac%eb%ac%b4%ec%8b%a4%ec%95%8c%eb%a6%bc/%ea%b3%b5%ec%a7%80%ec%82%ac%ed%95%ad/?term_id&slug=1542,"2013-2
특별장학금 신청
1.
특별장학금 개요
가
.
가계곤란학생에 대한 가계부담 경감을 위해 특별장학금 지급
나
.
기존 교내장학금과 중복수혜가 가능
2.
선발인원
: 3
명
3.
장학금액
: 1
명당
1,200,000
원 지급
4.
신청자격
:
1) 2013
학년도
2
학기 한국장학재단 국가장학금을 신청
/
서류제출을 완료하고 한국장학재단 제공 소득분위
0~8
분위 이내인 자
2)
신청일 기준
2013
학년도
2
학기 학부과정에 재학 중인 자
(
등록대체자제외
)
3)
직전학기
15
학점 이상 이수한 자
(
(F
포함
)
기준 직전학기 산술평균
(100
점 만점
) 70
점 이상인 자
5)
등록
8
학기 이내인 자
예
1)
학기취소
1
회 후
8
학기 진학예정인 경우
: 9
회 등록금 납부이므로 선발 불가
예
2)
학점미이수로
9
학기 진학예정인 경우
: 9
회 등록금 납부이므로 선발 불가
5.
신청기간
: 2013
년
12
월
19
일
(
목
)
독문과사무실
6.
신청서류
:
1)
특별장학금 신청사유서
2)
성적증명서
(
직전학기 까지
)"
german_language,[공지]겨울방학 서양고전탐색 프로그램,N/A,2013-12-09,https://gerlan.ssu.ac.kr/%ed%95%99%ea%b3%bc%ec%82%ac%eb%ac%b4%ec%8b%a4%ec%95%8c%eb%a6%bc/%ea%b3%b5%ec%a7%80%ec%82%ac%ed%95%ad/?term_id&slug=1541,"서양고전탐색(8)
올해 겨울방학에 김대권 교수님과 함께
헤르만 헤세의 작품(II)
을 읽으려고 합니다. 관심 있는 학생들의 많은 참여를 바랍니다.
일 시: 2014년 1월 6일, 13일, 20일, 27(4회,
모임일시는
논의 후 변경 가능
)
장 소: 추후 공고
대 상: 제한 없음
신 청: 2013년 12월 27일까지 독어독문학과 사무실
예비 모임: 2013년 12월 30일(월) 오후 2시 독어독문학과 사무실
교 재:
데미안(민음사, 2004)
나르치스와 골드문트(민음사, 2002)
유리알 유희(민음사, 2011)
서양고전탐색(1, 2007년 여름방학): 오비디우스의 변신이야기
서양고전탐색(2, 2008년 여름방학): 아이스퀼로스와 소포클레스의 비극 작품
서양고전탐색(3, 2009년 여름방학): 에우리피데스의 비극 작품
서양고전탐색(4, 2009년 겨울방학): 단테의 신곡
서양고전탐색(5, 2010년 여름방학): 세르반떼스의 돈끼호떼
서양고전탐색(6, 2012년 여름방학): 헤로도토스의 역사
서양고전탐색(7, 2013년 여름방학): 헤세의 크눌프, 페터 카멘친트, 수레바퀴 아래서,
황야의 이리, 싯다르타"
german_language,"＜더작가 토론회＞ 바른생활 대한민국 – 정의, 널 알고 싶다!|",N/A,2013-11-13,https://gerlan.ssu.ac.kr/%ed%95%99%ea%b3%bc%ec%82%ac%eb%ac%b4%ec%8b%a4%ec%95%8c%eb%a6%bc/%ea%b3%b5%ec%a7%80%ec%82%ac%ed%95%ad/?term_id&slug=1537,"더작가 정기 토론회
더 나은 세상을 꿈꾸는 어린이책 작가모임 (약칭: 더작가) 에서 토론회를 개최합니다.
재학생 여러분들의 많은 참여바랍니다.
시간 및 장소 : 2013년 11월 19일 (화) 저녁 7시 조만식기념관 531호
포스터에는 참가비 5천원이라고 써있으나. 재학생에 한해서 입장료가 무료이므로
많은 참석 바랍니다.
어른들은 아이들이 바르게 자라주기를 원합니다. 그러나 정작 아이들은 ‘바르게 사는’게 뭔지 모릅니다. 어쩌면 어른들조차 바르게 사는 게 뭔지 몰라, 아니면 애써 알려고 하지 않아 정의로운 모습을 보여주지 못한 탓일 수도 있습니다. 이에 우리 더작가에서는 철학적 사유를 통해 ‘정의’를 명쾌하게 해석해줄 분을 모셔 속 시원한 강연 판을 열기로 했습니다.
아울러 더작가의 평화 책 『박순미 미용실』,『비정규씨 출근하세요?』에 이은 『바른생활 대한민국(가제)』의 기조 강연으로 삼고자 합니다. 우리 더작가의 평화 책에 관심을 갖고 있었지만 잠시 미뤄뒀던 분이나, 이번 기회에 꼭 『바른생활 대한민국(가제)』의 작가로 참여해보고 싶은 분이나,
종언을 고하는 시대에 한 줄기 희망을 찾고 싶은 분들은 누구나 환영하오니 많은 참석 부탁드립니다."
german_language,제 20회 한독세미나 개최,N/A,2013-11-11,https://gerlan.ssu.ac.kr/%ed%95%99%ea%b3%bc%ec%82%ac%eb%ac%b4%ec%8b%a4%ec%95%8c%eb%a6%bc/%ea%b3%b5%ec%a7%80%ec%82%ac%ed%95%ad/?term_id&slug=1536,"– 독어독문학과 제20회 한독세미나 –
올해 20회째를 맞는 한독세미나가 곧 개최됩니다. 이번 세미나에서는 독일 보훔대 교환학생프로그램 참가자와 여름방학 어학연수 참가자의 발표, 졸업생의 취업특강, 그리고 여러분들의 ‘끼’를 마음껏 펼칠 수 있는 퍼포먼스 행사가 마련되어있습니다. 한 해를 마감하는 중요한 행사이므로 독어독문과 학생들의 많은 참여를 바랍니다.
한독세미나 주요 프로그램
– Bochum 대학교 교환학생 후기
– Siteco 장학금 어학연수 후기 발표
– 졸업생 취업강연: 04학번 이광호(한전 KPS)
– 독어독문과 학생들의 연극, 춤, 노래공연!
– 프로그램 중간에 진행되는 스릴 만점 O, X 퀴즈 등
일시 : 2013년 12월 7일 토요일 오후 3시
장소 : 베어드홀 102호
공연 참가를 희망하는 학생은 11월 29일 까지 독문과 사무실에서 신청해주세요"
german_language,11월 11일 이후 독일어 국제공인시험(ZD) 준비반 일정 및 강의실 안내,N/A,2013-11-04,https://gerlan.ssu.ac.kr/%ed%95%99%ea%b3%bc%ec%82%ac%eb%ac%b4%ec%8b%a4%ec%95%8c%eb%a6%bc/%ea%b3%b5%ec%a7%80%ec%82%ac%ed%95%ad/?term_id&slug=1535,"11월 11일 이후 독일어 국제공인시험(ZD) 준비반 일정 및 강의실 안내
필기시험 대비 강의
강의일정 : 11.11, 11.13, 11.18, 11.20, 11.25, 11.27 (조만식기념관 531호)
구두시험 대비 강의
강 사 : Kai Rohs 교수님
11월 18일 ~ 11월 29일 안으로
Kai Rohs 교수님과 추후 일정을 조정 할 것
– 강의를 신청한 학생은 본 강의에 반드시 참석하길 바람 –"
german_language,DAAD 독일대학 여름방학강좌 참가자 지원 장학금,N/A,2013-10-11,https://gerlan.ssu.ac.kr/%ed%95%99%ea%b3%bc%ec%82%ac%eb%ac%b4%ec%8b%a4%ec%95%8c%eb%a6%bc/%ea%b3%b5%ec%a7%80%ec%82%ac%ed%95%ad/?term_id&slug=1534,"독일대학 여름방학강좌 참가자 지원 장학금
Hochschulsommerkurse für ausländische Studierende und Graduierte
지원하고자 하는 학생은 독문과 사무실 최유창 조교와 연락 바랍니다.
지원목적:
≡ 이 장학프로그램은 독일어와 독일문화에 대한 지식을 심화하기 위해 설계되었다.
따라서, 독일 국립대학 또는 국가가 인정하는 대학이나 대학과 연계된 어학기관에서
제공하는 어학, 지역학 그리고 전공언어 과정에 참가하기 위한 장학금을 제공한다.
강좌목록과 기관은 DAAD-웹사이트에서 확인할 수 있다:
www.daad.de/hsk-kursliste
.
수혜기간:
≡ 강좌기간은 수업일수 18 일 이상 (도착일과 출발일을 포함해 최대 주 5 일),
주간 25 시간 이상으로 이루어진다. 수업언어는 독일어이며, 강의가 없는 여름
(일반적으로 6 월부터) 동안 독일대학에서 강좌가 진행된다.
≡ 장학금 지급기간은 연장이 불가능하다.
장학금 내역:
≡ DAAD 는 680 유로에 해당하는 장학금과 여행경비 438 유로를 지급한다.
≡ 숙박시설은 일반적으로 강좌 주최측을 통해서 예약할 수 있다.
지원마감:
≡ 11 월 30 일 (DAAD 서울사무소 도착 기준. 우체국 소인은 유효하지 않다.
지원마감일이 휴일인 경우, 마감일은 자동적으로 다음 날로 연기되지 않는다. 그
이전에 모든 서류를 제출해야 한다.)
지원장소:
≡ DAAD 서울사무소 (100-053, 서울시 중구 퇴계로 108 (회현동 3 가) 세대빌딩 602 호)
자격요건:
≡ 전공분야에 제한없이 장학기간 시작시점에 최소 4 학기 이상의 학업과정을 이수한
학사 및 석사과정생이 지원할 수 있다.
≡ 지난 해 학사학위 취득 후 석사과정을 밟을 경우 지원할 수 있다. 이 경우, 대학
증명서를 제출한다.
≡ 석사학위 취득자와 박사과정생은 지원자격에서 제외된다.
지원자는 장학금 지급시점에 한국 혹은 지속적으로 체류한 국가 (독일 제외)의 대학에
등록되어 있어야 한다.
지원자는 강의 그룹세미나 등에 참여할 수 있을 정도의 독일어 실력을 갖춰야 한다.
(적어도 B1 수준 이상). 독일어 증명서는 발행 후 1 년이 경과되어서는 안 된다. 그러나
아래의 증명서는 일년이 지나도 상관없다. : Deutsches Sprachdiplom, Deutsches Abitur,
C1 이상의 수준의 TestDaF 점수, Goethe-Institut 에서 시행하는 어학시험.
≡ 장학기간 시작시점에 만 18 세 이상이어야 한다.
≡ 장학금은 3 년 동안 1 회로 제한한다.
구비서류:
모든 서류는 영어 또는 독일어로 작성 또는 발급받아 제출한다. 한국어 자료는 유효하지
않다.
≡ 신청서양식은
www.daad.de/de/form
(→ Antrag auf ein
Hochschulsommerkursstipendium)에서 내려받을 수 있다. 지원자는 지원서류 제출 시
본인이 희망하는 강좌를 알려주어야 한다. DAAD 측에서는 이를 고려하 최종적으로
강좌를 배정하게 되지만, 수용인원이 제한된 까닭에 다른 강좌로 배정을 받을 수도
있다.
≡ 공백기 없는 이력서 (테이블식)
≡ 상세한 지원사유 (정해진 서식 없음)
≡ 최근 날짜에 작성한 교수 1 인의 추천서. 지원자의 학업 역량에 대한 평가가 내용에
포함되어야 하며, 추천서 양식은
www.daad.de/de/form
(→ Gutachten)에서 내려받을
수 있다. 추천서는 밀봉된 상태로 DAAD 서울사무소에 보낸다.
≡ 대학성적증명서 (영문)
≡ 경우에 따라 대학졸업증명서 (영문)
≡ 독일어/엉어 어학증명서 (독일문화원의 B1 수준 이상)
지원양식에 작성한 희망 강좌는 추후 변경할 수 없으며, 강좌를 중간에 중단하는 것도
허용되지 않는다.
모든 서류는 독일어 또는 영어로 3 부씩(원본 1 세트, 사본 2 세트 분리) DAAD
서울사무소에 제출한다.
원본을 제출 수 없는 서류의 경우, 원본대조필을 받은 사본을 대신 제출한다.
(출처 :
http://www.daad.or.kr/Documents/DAAD_Stipendien_2013/Hochschulsommerkurse_kor.pdf
)"
german_language,독일어 국제공인시험 (ZD) 준비반 일정 및 강의실 안내,N/A,2013-10-07,https://gerlan.ssu.ac.kr/%ed%95%99%ea%b3%bc%ec%82%ac%eb%ac%b4%ec%8b%a4%ec%95%8c%eb%a6%bc/%ea%b3%b5%ec%a7%80%ec%82%ac%ed%95%ad/?term_id&slug=1533,"독일어 국제공인시험(ZD) 준비반 일정 및 강의실 안내
필기시험 대비 강의
강 사 : 현 희 선생님 (독일문화원)
특강기간: 필기시험대비(10월 14일~11월 11일),
매주 월요일·수요일 19:00~21:00
강의실 : 10.14, 10.16, 10.21, 10.23, 10.30, 11.4, 11.6 (조만식기념관 531호)
10.28 (미래관 303호)
– 강의실 변경에 유의 할 것!
11.11 (미정 – 추후공고 예정)
구두시험 대비 강의
강 사 : Kai Rohs 교수님
특강기간 : 11월 18일 ~ 11월 29일
Kai Rohs 교수님과 추후 일정을 조정 할 것
– 강의를 신청한 학생은 본 강의에 반드시 참석하길 바람 –"
german_language,"[공지]독일문학기행, 독일어권 진출 한국기업 현지조사 최종선발",N/A,2013-10-07,https://gerlan.ssu.ac.kr/%ed%95%99%ea%b3%bc%ec%82%ac%eb%ac%b4%ec%8b%a4%ec%95%8c%eb%a6%bc/%ea%b3%b5%ec%a7%80%ec%82%ac%ed%95%ad/?term_id&slug=1532,"독일문학기행
그림자매
이0연
김0라
박0영
양0아
0Q13
한0수
이0원
이0재
유0연
절박하죠
노0지
강0연
조0영
한0영
이상 총 12명
독일어권 진출 한국기업 현지조사
팀 강휘스트
김0휘
송0영
정0진
정0진
Ssupermann
김0아
노0선
박0현
이0원
이상 총 8명"
german_language,[공지] 2013-2학기 졸업논문 계획서 제출 공지,N/A,2013-10-02,https://gerlan.ssu.ac.kr/%ed%95%99%ea%b3%bc%ec%82%ac%eb%ac%b4%ec%8b%a4%ec%95%8c%eb%a6%bc/%ea%b3%b5%ec%a7%80%ec%82%ac%ed%95%ad/?term_id&slug=1530,"안녕하세요. 독어독문학과 사무실입니다.
현재 7학기 이상 이수중인 독문과 학생 여러분들은 10월 16일 오후 5시 30분까지 졸업논문 계획서를 제출하여 주시기 바랍니다.
독어독문학과의 졸업요건은 일반논문, 작품번역, ZD자격증대체(취득 2년 이내의 자격증)가 있습니다.
세가지 중 여러분이 선택하셔서 계획서를 작성하여 제출하시면 됩니다.
첨부한 졸업눈문계획서 양식을 작성하여 과사무실 메일로 보내주시거나 직접 제출하시면 됩니다.
이미 제출한 학생 중 변경을 하고 싶은 학생은 다시 제출하셔도 됩니다.
감사합니다.
*문의 : 독어독문과사무실 02-820-0350"
german_language,"[공지]독일문학기행, 독일어권 진출 한국기업 현지조사 프레젠테이션 장소 공지",N/A,2013-10-01,https://gerlan.ssu.ac.kr/%ed%95%99%ea%b3%bc%ec%82%ac%eb%ac%b4%ec%8b%a4%ec%95%8c%eb%a6%bc/%ea%b3%b5%ec%a7%80%ec%82%ac%ed%95%ad/?term_id&slug=1529,"10월 4일 금요일 18:00
조만식기념관 202호
에서
독일문학기행, 독일어권 진출 한국기업 현지조사 프레젠테이션 및 선발이 있을 예정입니다.
위 프로그램을 신청한 학생은 반드시 참석하길 바랍니다."
german_language,취업스터디그룹 보고서 양식,N/A,2013-10-01,https://gerlan.ssu.ac.kr/%ed%95%99%ea%b3%bc%ec%82%ac%eb%ac%b4%ec%8b%a4%ec%95%8c%eb%a6%bc/%ea%b3%b5%ec%a7%80%ec%82%ac%ed%95%ad/?term_id&slug=1527,보고서 제출 시 이 양식을 작성하기 바랍니다.
german_language,2013교육역량강화사업 – ‘취업스터디’ 선발 조 발표,N/A,2013-09-30,https://gerlan.ssu.ac.kr/%ed%95%99%ea%b3%bc%ec%82%ac%eb%ac%b4%ec%8b%a4%ec%95%8c%eb%a6%bc/%ea%b3%b5%ec%a7%80%ec%82%ac%ed%95%ad/?term_id&slug=1526,"안녕하세요. 독어독문학과 사무실입니다.
‘취업스터디’사업에 지원 해 주신 모든 독문과 학우 여러분 감사합니다.
최종 선발된 5팀을 공지합니다.
1. 해피플라이트
조장
양*지
(승무원준비)
조원
김*지
노*선
4. 외국계기업취업팀
조장
서*연
조원
조*연
김*영
6. Die Alte
조장
인*열
(공무원&사기업취업준비)
조원
장*수
황*연
조장
구*웅
(취업준비)
조원
이*원
윤*원
김*생
8. 테스트다품
조장
최*진
(독일어자격증취득)
조원
서*영
이*원
각 조의 조장들은 내일 6시에 김대권 교수님 연구실에서 모임이 있으니 참석하여 주시기 바랍니다.
감사합니다."
german_language,[공지] 졸업사정 오류정정 및 이수구분 변경신청 안내,N/A,2013-09-26,https://gerlan.ssu.ac.kr/%ed%95%99%ea%b3%bc%ec%82%ac%eb%ac%b4%ec%8b%a4%ec%95%8c%eb%a6%bc/%ea%b3%b5%ec%a7%80%ec%82%ac%ed%95%ad/?term_id&slug=1523,"신청 할 학생은 첨부파일을 꼭 참고하세요!!
2013
학년도
2
학기 졸업예정자에 대한 졸업사정 오류정정
/
이수구분 변경 신청 및 졸업사정 일정을 아래와 같이 안내합니다
.
*
졸업사정 오류정정
/
이수구분 변경 신청
1.
대상자
:
2014
년
2
월 졸업예정자
(
현재 le”>
학기 이상 이수중인 학생
)
2.
신청기간
:
9
월
30
일
(
월
) ~ 10
월
11
일
(
금
)
3.
신청방법
가
. u-SAINT
접속
→
학사관리
→
성적
/
졸업
→
졸업사정표
(
졸업예정자
)
나
.
확인 후 오류사항이 있으면 오류정정
/
이수구분 변경 신청서를 작성하여 졸업사정표와 함께 각 학과
(
부
)
사무실로 제출
(
양식 첨부
)
4.
유의사항
가
.
수강신청 내역
,
학점포기 승인 결과 등이 반영된 졸업사정표를 확인한 후 오류정정 신청을 하시기 바랍니다
.
나
.
신청시 과목번호
,
이수연도 및 학기를
U-saint
에서 정확히 확인하시어 신청하시기 바랍니다
. (
다
.
졸업사정표는 졸업시뮬레이션과 달리 수강신청 내역 등을 실시간으로 반영하지 않고 졸업사정표
오른쪽 상단의 졸업사정일자
(9
월
23
일
~ 26
일
)
기준으로 반영된 내용이므로 유의바랍니다
.
라
.
공학인증 관련 졸업사정은 공학교육혁신센터의 안내에 따라 진행하시기 바랍니다
.
5.
오류 유형
가
.
이수구분 오류
:
첨부파일의 이수구분 변경 원칙을 확인하고 인정 가능한 사항만 정정 신청
나
.
전공필수 졸업요건 예외처리
:
첨부파일의 예외 인정 원칙을 확인하고 인정 가능한 사항만 정정 신청
다
.
재수강
,
중복수강 처리 오류
:
재수강 신청을 하였는데 정상적으로 처리되지 않은 경우 등
라
.
동일한 과목의 중복
(
이중
)
인정 오류
1)
주전공에서 인정된 과목이 다전공에서 중복으로 인정되는 경우
2)
전공기초로 인정된 과목이 전공
(
선택
,
필수
)
등에 중복으로 인정되는 경우
3)
교양선택으로 인정된 과목이 교양필수 또는 전공
,
다전공 등에 중복으로 인정되는 경우 등
마
.
다전공 이수 관련 오류
1)
다전공을 이수하고 있는데 졸업사정표에 나오지 않는 경우
2)
다전공을 포기하였는데 졸업사정표에 나오는 경우
3)
다전공 이수학점 오류 등
바
.
편입 및 전과 학점인정 결과 오류
:
학과사무실로 먼저 확인한 후 오류 여부 판단
사
.
교양선택 이수학점 오류
1) 2006 ~ 2008
학번 학생 중 교양필수와 교양선택을 입학년도 기준과 같이 이수하였음에도 불구하고 졸업요건 조정으로 인해 교양선택 졸업요건이
Fail
로 나오는 경우
2) 2006 ~ 2008
학번의 입학년도 기준 교양 이수학점
:
교양필수
14
학점
,
교양선택
21
학점
(
인문대
,
법대
,
사회대
)
또는
15
학점
(
자연대
,
경통대
,
경영대
,
공대
, IT
대
)
아
.
대학원 과목을 수강하여 학부 전공학점으로 인정이 필요한 경우
자
,
졸업논문
/
졸업종합시험 등
*
전체적인 졸업사정 일정
1.
9
월
30(
월
) ~ 10
월
11
일
(
금
) :
졸업사정 결과 확인 및 오류정정 신청
(
학생
)
월
16
일
(
수
) :
접수된 내용을 정리하여 학사팀으로 전달
(
각 학과사무실
)
3.
10
월
23
일
(
수
) :
수정작업 완료 및 졸업사정표 반영
(
학사팀
)
4.
10
월
24
일
(
목
) ~ 10
월
31
일
(
목
) :
수정 결과 확인 및 이의 신청
(
학생
)
가
.
졸업사정표를 재확인하고 신청결과가 반영되지 않았을 경우 학사팀을 방문하여 재확인
나
. 1
차 졸업사정 완료
5.
추후 졸업사정 계획
가
.
정규학기 성적처리 후 졸업사정 재실행
나
.
계절학기 성적처리 후 졸업사정 재실행
*
졸업관련 문의
: 820-0154 (
학사팀 졸업 담당자
)
1.
졸업사정 오류정정
,
이수구분 변경 신청서
1
부
.
2.
이수구분 및 전공필수 예외처리 기준
1
부
.
끝
.
2013. 09. 25.
교 무 처 장"
german_language,[공지] 독일문학기행 참고사항 !!,N/A,2013-09-10,https://gerlan.ssu.ac.kr/%ed%95%99%ea%b3%bc%ec%82%ac%eb%ac%b4%ec%8b%a4%ec%95%8c%eb%a6%bc/%ea%b3%b5%ec%a7%80%ec%82%ac%ed%95%ad/?term_id&slug=1522,"안녕하세요! 독문과 학우 여러분!
'독일문학기행'에 대해 많은 여러분들이 부담을 느끼고 있는 것 같아서 몇 가지 참고사항을 안내 해 드립니다.
참고사항을 잘 확인하시고 신청 바랍니다!!
<
독일문학기행
>
참고사항
독일문학기행과 관련해서 몇 가지 다른 루트를 제시하니 참고하기 바랍니다
.
*
괴테
프랑크푸르트 암 마임
–
라이프치히
–
슈트라스부르크
–
베츨라
–
바이마르
–
로마 (?)
*
헤세
칼프
,
마울브론
,
튀빙엔
,
바젤
(
스위스
),
가이엔호펜
,
베른
(
스위스
),
몬타그놀라
(
스위스
)
등
*
릴케
프라하
,
린츠
,
뮌헨
,
베를린
, (
러시아까지
…?),
보르프스베데
,
파리
(*
동화
하나우
(
그림형제의 고향
),
카젤
(
그림형제 박물관
),
알스펠트
(‘
빨간 모자
‘),
브레멘
(‘
브레멘 음악대
‘),
하멜른
(‘
피리 부는 사나이
),
자바부르크 성
(‘
장미공주
‘)
등"
german_language,[공지]한독세미나 신청서 양식,N/A,2013-09-09,https://gerlan.ssu.ac.kr/%ed%95%99%ea%b3%bc%ec%82%ac%eb%ac%b4%ec%8b%a4%ec%95%8c%eb%a6%bc/%ea%b3%b5%ec%a7%80%ec%82%ac%ed%95%ad/?term_id&slug=1520,"*신청서 작성시 유의사항
독문과 사무실 E-Mail (
gerlan@ssu.ac.kr
)로 신청서를 제출 한 후
자필로 서명을 하여 오프라인 상으로 독문과 사무실에 제출 할 것"
german_language,[공지]취업스터디 신청서 양식,N/A,2013-09-09,https://gerlan.ssu.ac.kr/%ed%95%99%ea%b3%bc%ec%82%ac%eb%ac%b4%ec%8b%a4%ec%95%8c%eb%a6%bc/%ea%b3%b5%ec%a7%80%ec%82%ac%ed%95%ad/?term_id&slug=1518,"*신청서 작성시 유의사항
독문과 사무실 E-Mail (
gerlan@ssu.ac.kr
)로 신청서를 제출 한 후
자필로 서명을 하여 오프라인 상으로 독문과 사무실에 제출 할 것"
german_language,[공지]ZD 준비반 신청서 양식,N/A,2013-09-09,https://gerlan.ssu.ac.kr/%ed%95%99%ea%b3%bc%ec%82%ac%eb%ac%b4%ec%8b%a4%ec%95%8c%eb%a6%bc/%ea%b3%b5%ec%a7%80%ec%82%ac%ed%95%ad/?term_id&slug=1516,"*신청서 작성시 유의사항
독문과 사무실 E-Mail (
gerlan@ssu.ac.kr
)로 신청서를 제출 한 후
자필로 서명을 하여 오프라인 상으로 독문과 사무실에 제출 할 것"
german_language,[공지]독일문학기행 신청서 양식,N/A,2013-09-09,https://gerlan.ssu.ac.kr/%ed%95%99%ea%b3%bc%ec%82%ac%eb%ac%b4%ec%8b%a4%ec%95%8c%eb%a6%bc/%ea%b3%b5%ec%a7%80%ec%82%ac%ed%95%ad/?term_id&slug=1514,"*신청서 작성시 유의사항
독문과 사무실 E-Mail (
gerlan@ssu.ac.kr
)로 신청서를 제출 한 후
자필로 서명을 하여 오프라인 상으로 독문과 사무실에 제출 할 것"
german_language,[공지]기업 독일현지 조사 신청서 양식,N/A,2013-09-09,https://gerlan.ssu.ac.kr/%ed%95%99%ea%b3%bc%ec%82%ac%eb%ac%b4%ec%8b%a4%ec%95%8c%eb%a6%bc/%ea%b3%b5%ec%a7%80%ec%82%ac%ed%95%ad/?term_id&slug=1512,"*신청서 작성시 유의사항
독문과 사무실 E-Mail (
gerlan@ssu.ac.kr
)로 신청서를 제출 한 후
자필로 서명을 하여 오프라인 상으로 독문과 사무실에 제출 할 것"
german_language,[공지]2013 교육역량강화 사업설명,N/A,2013-09-09,https://gerlan.ssu.ac.kr/%ed%95%99%ea%b3%bc%ec%82%ac%eb%ac%b4%ec%8b%a4%ec%95%8c%eb%a6%bc/%ea%b3%b5%ec%a7%80%ec%82%ac%ed%95%ad/?term_id&slug=1511,"안녕하세요. 독어독문학과 학우여러분! 독문과 사무실입니다.
어제 2013독어독문학과 교육역량강화사업 사업설명회가 있었는데요!
많은 학우여러분들께서 참여해 주셨습니다! 감사드립니다.!
미쳐 참석하지 못하신 학우 여러분들과 다 이해하지 못한 학생들을 위해 더 자세한 설명을 들고 돌아왔습니다!
꼭 자세히 읽어보시고 많은 참여 부탁드립니다!!^-^
문의 : 02-820-0350 / 혹은 교수님들께!
[ 2013 독어독문학과 교육역량강화사업 사업설명 ]
1.취업스터디
[
개요
]
동일한 직종에 취업을 준비하는 학생들이
3~4
인이
1
조가 되어 기업 및 채용정보를 직접 수집하고 스터디를 함으로써 취업역량 강화 및 경쟁우위를 갖출 수 있는 학습 공동체 프로그램
.
취업스터디 외에 독일어 관련 스터디와 공모전 준비 그룹도 지원가능
[
신청 및 선발
]
–
대 상
:
독어독문학과 재학생 및 휴학생
조 구성
:
조당 리더
1
인
+
조원 최소
2
인 이상
(
최대
4
인
)
–
신청기간
: 2013
년
9
월
9
일
~ 9
월
25
일
,
신청서와 활동계획서
(
학과 홈페이지
)
–
심사 및 선발
:
스터디 목적 및 학습계획의 구체성 및 적합성을 평가하여
2013
년
9
월
27
일
(
금
)
총
5
개조 선발
(
*
경우에 따라 면접시행
)
–
모임 횟수
:
최소 한 달에
2
번씩 총
8
회
–
중간보고서
:
한 달에 한번 총
3
회
(10
월말
,11
월말
,12
월말
)
김대권교수님께 중간보고서
(
학과홈페이지
)
제출
–
결과보고서
:
스터디그룹 활동 및 운영결과물을
2014
년
2
월 중순까지 자유양식으로 작성
,
제출
–
지원사항
:
각 조당 소정의 활동비 지원
(
조원수에 따라 차등 지원
)
희망직군에 근무하는 졸업생 멘토링 지원
*
중간보고 시
,
운영실적이 미진한 경우 추후 지원금 지급하지 않음
2012
년에 구축된
<
독일진출 한국기업 취업
DB>
를 바탕으로 직접 독일어권 현지 한국기업을 방문하여 현황을 파악하는 것이 목적이다
.
[
신청 및 선발
]
–
대 상
:
독어독문학과 재학생 및 휴학생
(4
인
1
조
)
–
신청기간
: 9
월
9
일
~ 9
월
30
일
,
신청서는 학과 홈페지에 탑재
–
프리젠테이션
(
약
15
분
)
:
조장 및 조원
,
기업 선정이유
,
조사일정
,
운영 세부계획 등 발표
–
심사 및 선발
:
조사목적
,
사전준비 작업
,
계획서의 충실도
,
계획서의 실행가능성
,
조 구성 및 업무분담 등을 평가하여
2013
년
10
월
4
일
1
개조 선발
–
보고서 제출
:
기업 체험일지를 작성
,
사진
,
동영상 자료를 수집하여 제출
–
책자 발간
:
제출한 자료를 편집
,
책자 발간
–
지원사항
:
조에 소정의 활동비 지원
* 2012
년에 구축된
‘
독일 진출 한국기업 취업
DB’
참조
(
학과도서관에 비치
)
===================================================
3.
독일어 국제공인시험
(ZD)
준비반
[
개요
]
독일문화원에서 주관하는
11
월
16
일
(
토
) ZD
시험 대비
. 10
월
14
일부터
11
월 말까지 특강을 실시하여 실전시험에 대비한다
.
[
신청
]
–
대 상
:
독어독문학과 재학생 및 휴학생
–
신청기간
: 9
월
9
일
~ 9
월
27
일
,
신청서
(
학과 홈페이지
)
–
특강기간
:
필기시험대비
(10
월
14
일
~11
월
11
일
),
매주 월요일
·
수요일
19:00~21:00
명에게 시험응시료 지원
*
시험 불참 시 응시료 전액 환불
===================================================
4.
독일문학기행
[
개요
]
독일어권 작가
,
문학 작품
,
문학사조를 선정한다
.
그리고 선정한 대상뿐만 아니라
,
문학작품의 배경과 모티브가 되거나 작가의 생애 혹은 특정 문학사조와 관련된 지역에 대해 사전 조사한다
.
독일어권 현지에서는 선정한 지역을 방문하여 사전 조사한 내용과 비교하고 대조한다
.
[
신청 및 선발
]
–
대 상
:
독어독문학과 재학생
(4
인
1
조
,
2013
학번
2
인 반드시 포함
)
–
신청기간
: 9
월
9
일
~ 9
월
30
일
,
신청서
(
학과 홈페이지
)
–
프리젠테이션
(
약
15
분
)
:
조장 및 조원
,
문학작품 및 작가 선정이유
,
탐방일정
,
탐방 세부계획 등 발표
–
심사 및 선발
:
독일문학작품 및 작가의 이해도
,
사전조사 준비
,
계획의 독창성
,
계획서 의 충실도 및 구체성
,
계획서의 실행가능성
,
조 구성 및 업무분담 등을 평가해
2013
년
10
월
4
일 총
3
개조 선발
–
탐방 기간
: 2013
년 겨울방학 중
–
탐방보고서 제출
:
각 조는 탐방일지를 작성
,
사진
,
동영상 자료를 수집하여 제출
–
탐방책자 발간
: 2014
년
2
월말에 제출한 자료를 편집
,
책자 발간
–
지원 사항
:
각 조에 소정의 활동비 지원
===================================================
5.
한독세미나
[
개요
]
향후 원어연극 부활과 독일어 능력 향상을 위해 독일어 원어 콩트
,
시
,
퍼포먼스 등 발표
[
신청 및 선발
]
: 11
월 말경
,
자세한 일정은 추후 학과 홈페이지와 게시판에 공지
지원사항
:
선발된 학생에게는 소정의 장학금 지원
===================================================
6.
독일어회화 튜터링
[
개요
]
소수의 학생들이 자발적으로 그룹을 조직하고 원어민 교수와 격의 없이 의사소통함으로써 독일어 실력을 배양하는 것을 목적으로 한다
.
[
신청 및 선발
]
–
대 상
:
독어독문학과 재학생 및 휴학생
–
신청기간
: 9
월
6
일까지
,
추후에는
Kai Rohs
교수님과 상의 바람
–
심사 및 선발
: Prof. Kai Rohs, 3
개조
(
조당
3~6
명
)
선발
–
보고서 제출
:
소정의 보고서
(
학과 홈페이지
)
를 김대권 교수님께 제출
지원사항
:
선발된 조에게는 소정의 운영비 지원
===================================================
*
유의사항
–
모든 신청서는 학과 홈페이지에서 내려 받아 작성한 후 학과 이메일
(
gerlan@ssu.ac.kr
)
로 보내고 한 부를 출력하여 학과 사무실에 제출하기 바람
.
– <
독일문학기행
>
을 제외한 모든 사업에 휴학생 신청 가능
.
– <
독일어권 진출 한국기업 현지조사
>
와
<
독일문학기행
>
은 중복신청 할 수 없고
,
이 외의 모든 사업에는 중복신청 가능
– <
독일어 국제공인시험
(ZD)
준비반
>
의 경우
,
소정의 응시료를 지원받은 후 시험에 불참할 경우 응시료 전액을 환불해야 함
."
german_language,[중요공지] 독어독문학과 졸업 요건 (원어강의 수강 갯수 요건),N/A,2013-09-06,https://gerlan.ssu.ac.kr/%ed%95%99%ea%b3%bc%ec%82%ac%eb%ac%b4%ec%8b%a4%ec%95%8c%eb%a6%bc/%ea%b3%b5%ec%a7%80%ec%82%ac%ed%95%ad/?term_id&slug=1507,"독어독문학과 학우여러분 안녕하세요! 독문과사무실입니다.
요즘 몇명의 학생들이 졸업하기 전 원어과목을 3과목 이상 수강해야 졸업이 가능한 것인지 문의를 한 적이 있습니다.
사무실 측에서도 처음 듣는 이야기라 수업팀과, 독문과 내규, 종합강의시간표 등 여러군데에서 확인작업을 한 끝에 내린 결론은 다음과 같습니다.
""2006학년도 입학자부터 전공기초과목 및 전공과목(전공필수, 전공선택)에 한하여 원어 및 영어강의를 졸업 시까지 3개 과목 이상을 이수함을 원칙으로 함""
이상은 2013년도에 배부된 종합강의시간표에도 명시된 사항입니다.
참고로 스캔하여 올립니다.
독문과 학생들 모두 착오 없으시길 바랍니다."
german_language,[공지] 앞으로 수정될 대학요람 독문과 자료 공지,N/A,2013-08-26,https://gerlan.ssu.ac.kr/%ed%95%99%ea%b3%bc%ec%82%ac%eb%ac%b4%ec%8b%a4%ec%95%8c%eb%a6%bc/%ea%b3%b5%ec%a7%80%ec%82%ac%ed%95%ad/?term_id&slug=1505,"안녕하세요. 독문과 학우 여러분!
앞으로 나올 대학요람에 실릴 독문과 자료를 미리 공개 해 드립니다.
큰 변화는 없지만 독문과 학생들이 알아야 하는 내용이기에 공개합니다.
잘 읽어보시고 꼭 숙지해 주세요.
이제 방학이 얼마 남지 않았네요. 마무리 잘 하시고 개강하면 만나요.^^
첨부파일 꼭 확인하세요~"
german_language,[공지] 2013독어독문학과 교육역량강화사업 안내,N/A,2013-08-22,https://gerlan.ssu.ac.kr/%ed%95%99%ea%b3%bc%ec%82%ac%eb%ac%b4%ec%8b%a4%ec%95%8c%eb%a6%bc/%ea%b3%b5%ec%a7%80%ec%82%ac%ed%95%ad/?term_id&slug=1504,"안녕하세요. 독어독문학과 입니다.
작년에 이어 올해도 숭실대학교가 교육역량강화사업 대학에 선정이 되었는데요!
이에 힘입어 독어독문학과도 우리 학생들을 위해 몇가지 사업을 준비했습니다.
다음 사업계획을 잘 읽어보시고 사업설명회에 참가하시어, 본인이 원하는 사업에 지원하세요.
독문과 재학생, 휴학생 모두에게 공평한 기회가 열려있습니다!
문의사항 : 02-820-0350
2013
년 독어독문학과 교육역량강화사업
연번
세부사업명
내 용
참가대상
①
취업스터디
*
5
개조
(
조당
4
명
) 20
명
선발
*
동문선배 멘토링
②
독일어권 진출 한국기업 현지조사
*
4
인
1
조
선발
*
독일어권 소재 한국기업
(
중소기업
,
대기업
)
방문 조사
재학생과 휴학생
③
독일어 국제 공인시험
(ZD)
준비반
*
한국인과 원어민 강사 각
1
인
*
준비반에 적극 참여한 학생
25
명
에게 응시료 지원
재학생과 휴학생
독일문학기행
*
3
개조
(
조당
4
명
) 12
명
선발
*
독문학 관련 내용
(
작가
,
작품
,
문학사조
)
사전 조사 토대로
독일 현지 탐방
재학생
(
각 조당
2
명은 신입생
)
⑤
한독세미나
*
학생 주도적 행사
(
원어 콩트
,
시
재학생과 휴학생
⑥
독일어회화 튜터링
*
3
개조
(4~6
명씩
)
선발
*
원어민 교수와 독일어 회화
재학생과 휴학생
*
유의사항
–
교육역량강화사업설명회는
9
월
5
일
(
목
)
오후
6
시 조만식기념관
208
호에서 열림
– <
독일어권 진출 한국기업 현지조사
>
와
<
독일문학기행
>
은 중복신청불가
– <
독일어 국제공인시험 준비반
>:
시험에 불참할 경우 응시료 전액 환불"
german_language,[공지사항] 2013-2학기 학과근로장학생 모집안내!!,N/A,2013-08-05,https://gerlan.ssu.ac.kr/%ed%95%99%ea%b3%bc%ec%82%ac%eb%ac%b4%ec%8b%a4%ec%95%8c%eb%a6%bc/%ea%b3%b5%ec%a7%80%ec%82%ac%ed%95%ad/?term_id&slug=1503,"안녕하세요! 독어독문학과 사무실 입니다!
독문과 학생들 여름방학은 잘들 보내고 계신가요??
혹시 2학기에 독문과 사무실에서 근로장학생으로 활동하실 분 있으신가요?
단, 조건이 있군요.
아래 글을 잘 읽고 지원 부탁드립니다!
국가장학금 신청한 학생들만 할 수 있는거 아시죠?
문의사항은 학과사무실 02-820-0350
또는 장학에 대해 더 자세한 사항은 장학과  박철 선생님을 찾으세요!! 02-820-0166
1. 근로장학생 자격 및 선발기준
가. 국가장학금을 신청완료(서류제출완료)하고, 소득분위가 8분위 이내인 자
나. 직전학기 이수학점 15학점 이상 및 평점평균 2.5 이상인 자
다. 2013학년도 2학기 재학생 (2013학년도 2학기 기준 2∼7학기 재학생만 가능,1학기 및 8학기 재학생 신청불가)
라. 소속학과(부) 학생만 선발 가능(타과학생 선발 불가)
마. 해당학기 이전 등록휴학 후 복학하는 자(등록대체자) 선발 불가
바. 학기 중 휴학 등 본인의사에 의해 중도포기하는 경우, 근로장학생 자격이 취소되며 장학금 지급 없음.
사. 타 장학금과 중복수혜 가능 (근로장학금간 중복수혜 불가)
※ 기 선발된 장학금과 학과근로장학금을 포함하여 등록금액을 초과할 수 없음.
아. 수업일수 1/2선 이후 발생하는 결원은 별도의 충원 없음.
자. 학과별 배정금액 내에서 학과근로A/B 학과자율선발 가능
(예 : 학과근로B 2명 = 학과근로A 1명)
2. 학과(부)별 근로장학생 인원 배정
가. 예산 부족으로 인해 2013학년도 1학기 대비 인원동결 및 신규배정불가
나. 배정방식
1) 기본배정인원 : 학과별 4명(주 10시간×4명=40시간)
– 1명/1시간 근로가능(학과규모 및 현원을 고려하지 않은 최소 필요인원)
2) 추가배정인원 : 2012학년도 1,2학기 평균재학인원 비율에 따라 배정
일단 우리 독문과에 배정된 인원은 5명입니다!
다. 장학금 종류
학과근로A : 1시간당 5000원 (10시간 X 22주 = 220시간 ) 총 1,100,000원
학과근로B : 1시간당 5000원 (5 시간 X 22주 = 110시간 ) 총 550,000원
라. 지급일정 : 근로 후 지급을 원칙으로 함. (학기 말 개인계좌 지급예정)
4. 행정사항
가. 선발공고 : 2013년 8월 1일(목)
나. 학생신청방법 : u-SAINT포털 → 등록/장학 → 장학메뉴 ‘근로장학금’ 신청’
→ 학과근로A/B신청 → 지원서 출력 → 지원서(u-SAINT출력본) 제출
다. 온라인접수기간 : 2013년 8월 16일(금) ∼ 21일(수) 10:00∼17:00
라. 학과서류제출기간 : 2013년 8월 16일(금) ∼ 21일(수) 10:00∼17:00
※ 접수장소 : 각 학과사무실
마. 학과선발 및 SAP입력 : 2013년 8월 23일(금)까지
바. 학과근로장학생 최종선발 : 2013년 8월 27일(화) 예정
사. 국가장학금 신청자 현황 : 2013년 8월 14일(수) 발송 예정
※ 해당 내역은 학생 마스터에서도 확인 가능
※ 교내근로 선발 명단은 선발완료 즉시 발송 예정
잘 읽어 보셨나요?
학과 사무실에서 함께 근무하면서 좋은 추억 만들어 봅시다!
많은 지원 기다리겠습니다!
감사합니다."
german_language,카이로스 교수님과 함께하는 방학 중 회화모임 안내!!!,N/A,2013-06-21,https://gerlan.ssu.ac.kr/%ed%95%99%ea%b3%bc%ec%82%ac%eb%ac%b4%ec%8b%a4%ec%95%8c%eb%a6%bc/%ea%b3%b5%ec%a7%80%ec%82%ac%ed%95%ad/?term_id&slug=1502,"안녕하세요. 독어독문학과 입니다.
이번 여름방학 중 카이로스 교수님께서 학생들과 함께하는 회화 모임을 하신다고 합니다.
관심있는 학생들의 많은 참여 부탁드립니다.
신청은 교수님 이메일로 직접 하시면 됩니다.
1.
독일어회화 모임
(7
월
15
일부터
)
관심이 있는 학생들
07
월
07
일까지
저한테 이메일로
(
kairohs@yahoo.co.kr
)
연락해주세요
!
2.
한국어
,
영어
,
독일어등 찬양모임
,
저녁식사 포함
일요일 저녁마다
6
시
(7
월
14
일부터
)
(
연구관
213
호
)
문의
: kairohs@yahoo.co.kr"
german_language,2013-2학기 국가장학금 신청 안내,N/A,2013-06-11,https://gerlan.ssu.ac.kr/%ed%95%99%ea%b3%bc%ec%82%ac%eb%ac%b4%ec%8b%a4%ec%95%8c%eb%a6%bc/%ea%b3%b5%ec%a7%80%ec%82%ac%ed%95%ad/?term_id&slug=1500,"독어독문학과 재학생 및 2학기 복학 예정 학생 여러분! 국가장학금 신청 기간입니다.
반드시 신청하세요! 국가장학금을 신청해야 교내,교외 장학금도 받을 수 있습니다.
모든 장학생 선발이 국가장학금을 신청한 학생에 한하여 이루어지기 때문에 반드시 신청해야 합니다.
아래의 안내사항을 꼭 정독하세요!!
2013
학년도
2
학기 국가장학금
Ⅰ
유형 및
Ⅱ
유형 신청안내
1.
신청기간
: 2013
년
6
월
11
일
(
화
5
일
(
금
) 18:00
2.
신청대상
:
숭실대학교 학부생으로
2013
학년도
2
학기 재학 예정인 재학생
,
휴학생
(2
학기 복학예정자
)
–
대학원생 및 평생교육원
,
호스피탈리티
,
숭실 사이버대학 해당 없음
가
.
성적요건
:
직전학기
12
학점 이상 이수 및 백분위 산술평균
80
점 이상
–
단
,
장애학생은 이수학점 제한 없이 백분위 산술평균
70
점 이상
나
.
자격요건
1)
대한민국 국적을 소지한 학생
(
주민등록상 해외이주 신고자
,
영주권자 제외
)
2)
정규
8
학기 이내의 재학생
(
건축학전공의 경우 정규
3)
한국장학재단의 장학금 수혜 자격을 충족하는 학생
(
세부사항은 한국장학재단 홈페이지 참조
)
4. 2013-2
학기 국가장학금액
소득분위
국가장학금
Ⅰ
유형
국가장학금
Ⅱ
유형
0
분위
2,250,000
원
‘
수업료의
100%’ – ‘
유형 금액
’
1
분위
2,250,000
원
미정
8
월 초 공지 예정
2
분위
1,350,000
원
3
분위
900,000
원
4
분위
675,000
원
5
분위
562,500
원
6
분위
450,000
원
7
분위
~8
분위
337,500
원
9
분위
~10
분위
없음
없음
※
국가장학금
Ⅱ
유형은 본교 국가장학금 배정 예산 범위 내에서 집행되며
, 1
학기와 금액이 다를 수 있음
.
2013-2
학기 복학예정자 중 등록이 이월된 미등록 복학생의 경우 등록금을 납부한 학기에 국가장학금 수혜 내역이 없어야만 국가장학금
Ⅰ
유형 수혜 가능
※
2013-2
학기 등록금을 납부하는 학생에 한하여 국가장학금
Ⅱ
유형 수혜 가능
(
등록대체자 수혜불가
)
※
수업료에는 입학금 및 필수
/
선택 경비가 포함되지 않음
5.
장학금 신청방법
가
.
한국장학재단
(
www.kosaf.go.kr
)
로그인
장학
/
대출 신청
’
나
.
개인정보제공 동의 및 약관 동의
,
서약사항 확인
다
.
학교정보 및 개인정보 입력
(2013-1
학기에 입학한 신입생 및 편입생은 재학생군으로 신청
)
라
.
학자금유형 선택 후 신청정보 확인
(
국가장학금 선택
)
6.
서류제출
가
.
서류제출 대상자
1)
신청완료 후 다음 날
(
휴일 제외
)
한국장학재단 홈페이지에 방문하여 서류제출 대상여부 확인
2)
신청완료 후 다음 날
(
휴일 제외
)
서류제출 대상 학생에 한하여
,
신청 시 입력한 휴대폰 번호로
SMS
를 발송하여 서류 제출 안내
–
한국장학재단 번호를 스팸처리 한 학생은 해제 요청
나
.
서류제출 방법
(
택
1)
1)
2)
한국장학재단 팩스 송부
다
.
서류제출 기간
: 2013
년
6
월
11
일
(
화
) 09:00 ~ 7
월
9
일
(
화
) 18:00
7.
장학생 선발결과 및 지급방법 안내
: 8
월 초 공지 예정
가
.
선발결과 안내
: 8
월 초 공지 예정
나
.
장학금 지급방법
1) 2013-2
학기 등록금을 납부하여야 하는 학생
:
등록금 고지서에 장학금액 사전 감면
2) 2013-2
학기 복학 시 등록금이 이월된 미등록 복학생
: 10
월 중 학생계좌 지급
8.
중요사항
가
.
2013-2
학기 국가장학금 미 신청자는
2013-2
학기 교내 및 교외 장학생 추천 시 제외됩니다
.
–
교내 및 교외 전액 장학생도 모두 국가장학금을 신청하시기 바랍니다
.
–
국가장학금 신청상태가
‘
서류완료
’
인 학생에 한하여 교내장학금이 선발
됩니다
.
나
.
국가장학금
Ⅱ
유형의 경우 대학 별 배정예산 범위 내에서 집행되므로 매 학기 장학금액 및 선발
기준이 변경될 수 있습니다
.
다
.
국가장학금 소득분위는 매 학기 변경될 수 있으므로
,
모든 학생은 신청하여야 합니다
.
라
.
한국장학재단 심사 시 이중 지원자로 등록되지 않은 학생에 한하여 국가장학금 수혜 가능
–
학자금대출 실행 학생이 학생계좌로 장학금을 지급받은 경우 학생에 따라 장학금을 대출
상환하여야 함
.
–
이중지원 여부는 학생 개인이 한국장학재단으로 문의하여 처리하여야 함
.
대학안내 불가
.
–
이중지원 해소는
7
월
12
일
(
금
)
까지 처리 바람
.
이중지원 해소가 지연될 경우
2
학기 장학생 선발
에서 제외될 수 있음
.
9.
문의사항
:
한국장학재단 콜센터
(1599-2000)"
german_language,[공지] 2013 여름방학 중 독문과 학생을 위한 특별 강의!!,N/A,2013-06-04,https://gerlan.ssu.ac.kr/%ed%95%99%ea%b3%bc%ec%82%ac%eb%ac%b4%ec%8b%a4%ec%95%8c%eb%a6%bc/%ea%b3%b5%ec%a7%80%ec%82%ac%ed%95%ad/?term_id&slug=1499,"안녕하세요. 독어독문학과 입니다.
이번 여름방학 때 우리 독문과 학생들을 위한 특별 강의가 개설됩니다.
수강을 원하는 학생은 독문과 사무실에 와서 신청을 해주세요.
많은 참여 부탁드립니다.^^
1. 초급 독일어 문법/회화 강좌 (1학년 학생 위주)
I 개요
2013년 여름방학 동안 독어독문학과 전공기초 과목인 『집중 독일어1』과 『기초 독회화1(원어)』의 문법과 회화 내용을 총정리하려고 합니다. 『집중 독일어1 (1학기) / 집중 독일어2 (2학기)』와 『기초 독회화1 (1학기) / 기초 독회화2 (2학기)』는 두 학기 연계되는 교과목이므로, 1학기 수업내용의 이해가 부족했던 1학년 학생들에게는 2학기 전공수업을 위해서 도움이 될 것입니다. 관심 있는 상급학년 학생들도 신청 가능합니다.
II 교재
1. Lebendiges Deutsch für Studenten I (대학생을 위한 활용 독일어 I), 문예림.
2. Schritte international 1, Kursbuch und Arbeitsbuch, Hueber.
III 일정
날 짜: 2013년 6월 25일 ~ 7월 18일
요 일: 화, 목 (총 8회)
시 간: 14시 00분 ~ 15시 50분
강의 진행: 교재 1 (문법: 70분), 교재 2 (회화: 30분)
강의실: 추후 공고
신 청: 2013년 6월 21일(금) 17시까지 독어독문학과 사무실: ☏ 02-820-0350
예비 모임: 2013년 6월 24일(월) 13시, 독어독문학과 사무실
* 강의 요일과 시간은 예비 모임 후 변경가능
강의 담당: 이재호 교수 [E-Mail:
zhlie@ssu.ac.kr
]
2. 서양고전탐색 (전 학년 가능)
일 시
: 2013
년
7
월
1
일
, 8
일
, 15
일
, 22
일
, 29
일
(5
회
,
논의 후 변경 가능
)
장 소
:
추후 공고
신 청
: 2012
년
6
월
21
일까지 독어독문학과 사무실
예비 모임
: 6
월
24
일
(
월
)
오후
2
시 독어독문학과 사무실
교 재
:
(
문학과지성사
, 2013)
수레바퀴 아래서
(
문학동네
, 2013)
싯다르타
(
민음사
, 2002)
황야의 이리
(
민음사
, 2002)"
german_language,[공지] 2013-2학기 교내장학금 신청 안내,N/A,2013-06-04,https://gerlan.ssu.ac.kr/%ed%95%99%ea%b3%bc%ec%82%ac%eb%ac%b4%ec%8b%a4%ec%95%8c%eb%a6%bc/%ea%b3%b5%ec%a7%80%ec%82%ac%ed%95%ad/?term_id&slug=1497,"안녕하세요. 독어독문학과입니다. 2013-2학기 교내장학금 신청 공고가 나왔습니다.
잘 읽어보시고 꼭 신청하세요!! 국가장학금도 신청을 해야 교내장학금을 수혜할 수 있습니다.
문의사항은 장학팀으로 : 820-0166(교내장학), 820-0167(국가장학)
[2013-2
학기 교내장학금 신청 공고
]
※
본교에서 지
급되는 모든 교내장학금은 한국장학재단 국가장학금을 신청한 학생을 대상으로만
수혜자를 선정합니다
. (
국가장학금 신청 결과 제공되는 학생의 소득분위정보를 장학생 선발 시 활용 및 해당사항을 교육과학기술부에 보고
)
따라서 교내장학금을 수혜하려는 모든 학생은 반드시 교내장학금과 국가장학금을 동시 신청하시기 바랍니다
:
미정
_6
월말 예정
(
교내 홈페이지 및 한국장학재단 홈페이지 수시 확인
)
2.
교내장학금 온라인 신청 및 서류제출 기간
: 2013
년
6
월
5
일
(
수
) ~ 7
월
3
일
(
수
) 17:00 (12:00 ~ 13:00
점심시간 제외
)
가
.
교내장학금 추가 접수기간은
7
월
3
일 이후
3
일 예정
.(2013.7.8.~10)
나
.
장학금 고지서 선감면처리 원칙 준수를 위함
. (
교과부 방침
)
(2013
학년도
2
학기 편입생 및 해당기간에 신청하지 못한 복학생에 한해서만
9
월 신청 가능
)
다
.
교내근로
A, B
및 학과근로의 경우
8
월 초 세부 선발 일정 공지
※
팩스제출 불가
,
등기우편 접수 가능
(
단
, 7
월
3
일
17:00
까지 장학팀 도착분만 인정
)
3.
제출장소
:
학생회관
501-1
호
[
학생처 장학팀
]
4. [
필독
]
장학생 선발 공통 자격사항
가
. 2013-2
학기 국가장학금을 신청한 학생
(2
학기 선출 후 장학금을 수혜할 일부 간부장학생 및 외국인 장학생은 제외
)
나
. 2013-2
학기 재학 및 복학 예정자로 반드시
2013-2
학기 등록금 납부를 완료한 학생
2013-2
학기 복학하는 학생은 모든 장학생 선발에서 제외됨
.(
등록대체
)
※
2013-2
학기 등록금 납부 전 휴학 신청자는 휴학 신청과 동시에 장학금이 모두 취소됨
.
※
2013-2
학기 복학신청 후 등록하지 않고 복학을 취소한 자는 장학금이 모두 취소됨
.
다
.
직전학기
15
학점 이상 이수한 학생
(2013
학년도
2
학기가
4
학년
8
학기인 자는
12
학점 이상
)
라
.
등록
8
학기 이내인 학생
예
)
학기취소
1
회 후
4
학년
8
학기 진학예정인 경우
,
등록금 납부는
9
회째이므로 선발 불가
예
2)
초과학기자는 선발 불가
(
학점 미이수로 인한 초과 또는 졸업보류 모두 해당됨
.)
마
.
장학생 선정 성적
(
평점평균
으로 산정됨
.
단
,
취득학점 산정시
F
학점은
0
학점 처리되어 취득학점에서 제외됨
.
예
) 18
학점 신청 후
F
학점 취득
(3
학점에 해당
) :
취득학점은
15
학점으로 인정됨
.
바
.
온라인신청 후 서류를 제출하는 장학금의 경우 미제출 시 미신청으로 간주되어 장학생 선발에서 제외됨
.
사
.
모든 교내장학금은 중복수혜할 수 없으며
,
신청한 것 중 금액이 큰 것으로 자동선발됨
,
단
,
국가장학금 및 교외재단 장학금
,
교내근로 및 학과근로
A, B
의 경우 수업료 범위 내에서 중복수혜 가능
(
근로끼리는 중복 불가
)
5. [
필독
]
장학금별 선발 자격 및 제출 서류
구분
필수사항
제출서류
기타사항
접수 및
문의처
매
학
기
신
청
장
학
금
비전
80
점이상
수업료
25%(1,2
분위
수업료
20%(3,4,5
분위
)
수업료
15%(6,7,8
분위
)
※
국가장학금 지원금액변동시 변경될 수 있음
①
한국장학재단에 국가장학금 신청
②
U-Saint
에 비전장학금 신청
학교홈페이지로그인
→
u-SAINT
포털
→
등록
/
장학
→
장학
→
비전장학금 신청
→
완료
온라인 신청으로 완료
한국장학재단 국가장학금 신청 결과 소득분위가
1~7
분위 이내인 학생
장학팀
성적
수업료
100%
수업료
50%
①
한국장학재단에 국가장학금 신청
소속학과에서 접수 및 선발
소속
학과
형제
3.0
이상
수업료
50%
①
한국장학재단에 국가장학금 신청
②
U-Saint
에 형제장학금 신청
학교홈페이지로그인
→
u-SAINT
등록
/
장학
→
장학
→
형제장학금 신청
→
신청서 출력 및 개인정보 동의 체크
(
자필로 작성
),
형제학번 기재
①
교내장학금 신청서
(
형제학번 기재
)
※
반드시 수혜할 학생 명의로
신청
②
부
·
모 명의 가족관계증명서
(
형제확인용
)
①
형제
2
인 모두
2013-2
학기 등록금을 납부
(
등록후복학인정
x)
②
형제 모두 등록
8
두 학생 중 수혜하는 학생의 성적이
3.0
이상
/15
학점 취득
장학팀
고시
(
전액
)
고시
(
반액
)
3.0
이상
수업료
100%
수업료
50%
(
단
,
전액대상자의 경우
,
국가장학금
수혜시 수업료전액
–
국가장학금 차액을 지급
)
①
한국장학재단에 국가장학금 신청
②
U-Saint
→
u-SAINT
포털
→
등록
/
장학
→
장학
→
고시장학금 신청
→
신청서 출력 및 개인정보 동의 체크
(
자필로 작성
)
①
교내장학금 신청서
②
고시합격증명서류
(
신규에 한함
)
①
고시합격 후 도래하는 첫번째 학기부터 수혜
②
1
차합격의 경우
2
회
, 2
차합격의 경우 졸업시까지 지급
(
단
,
등록
8
학기 이내
,
해당학기 등록금 납부
,
성적 충족시
기획처
고시실
교역자
자녀
3.0
이상
60
만원
①
한국장학재단에 국가장학금 신청
②
U-Saint
에 교역자장학금 신청
학교홈페이지로그인
→
u-SAINT
포털
→
등록
/
장학
→
장학
→
교역자장학금 신청
→
신청서 출력 및 개인정보 동의 체크
(
자필로 작성
)
②
노회발행 교역자 재직증명서
③
가족관계증명서
(
가족여부확인용
)
한국기독교교회협의회 및 한국 기독교총연합회에 가입된 교단에 속하는 교회의 교역자 본인 및 직계자녀
교목실
간부
2.5
이상
수업료
100%
수업료
50%
수업료 일정액
①
한국장학재단에 국가장학금 신청
없음
–
총학생회 회장
,
부회장
–
단과대학 학생회 회장
,
동아리연합회 회장
,
부회장 등
임기가
1
년으로
2
학기 수혜가
확정된 자
(2
학기 선출될 자는 제외
)
학생팀
국제교류
국제교류팀에서
정한 금액
(
본교등록금부분
)
①
한국장학재단에 국가장학금 신청
없음
2013-2
학기 파견 및 교환학생으로 선발된 자로
,
본교등록금에 해당하는 장학금을 수혜하기로 된 자
국제
입
학
시
자
격
취
득
장
학
금
입학성적
우수
3.5
이상
수업료
100%
①장학재단에 국가장학금 신청
온
/
오프라인 신청이
필요 없음
단
,
국가장학금 필히 신청
(
미신청시 장학금지급불가
)
※
국가유공자자녀 및 본인 신규 발생자의 경우
,
증빙서류
(
보훈증명서
,
보훈 청발급 및 문의
)
추가 제출
입학 시 입학성적우수자장학생로 선정된 학생
※
기숙사신청의 경우
,
기숙사로
문의
장학팀
축구
특기자
수업료
100%
(
국가장학금수혜시 수업료전액
–
국가장학금 차액을 지급
)
①
한국장학재단에 국가장학금 신청
입학시 축구
/
골프특기자로 선정된 학생
장학팀
숭실글로벌
2.0~2.5
미만
2.5
이상
수업료
35%
수업료
55%
수업료
40%
수업료
60%
(
대한민국 국적자가 아니므로 한국장학재단 장학금 신청불가
)
입학시 순수외국인 전형으로 입학한 학생
장학팀
교직원 자녀
3.0
이상
수업료
100%
(
국가장학금수혜시 수업료전액
–
국가장학금 차액을 지급
)
①
한국장학재단에 국가장학금 신청
본교 교원 및 직원의 자녀
장학팀
국가유공자
자녀
월남귀순자
수업료
100%
①
한국장학재단에 국가장학금 신청
국가유공자 자녀 및 월남귀순자 본인
장학팀
국가유공자
본인
수업료
100%
①
한국장학재단에 국가장학금 신청
국가유공자 본인
장학팀
※
입학시자격취득장학금은 온라인 신청 및 서류제출 없음
.
6.
장학생 선정 결과 발표
: 8
월 첫째주 발표 예정
(u-Saint
등록
/
장학에서 확인 가능
)
※
정확한 발표 일자는
7
월 말 홈페이지에 공지
※
형제장학금의 경우
,
장학금 수혜 자격이 두 학생의 등록 여부이므로
,
등록사실이 확인된
9
월말 발표되어 학생계좌로 지급됨
. (
선발여부 발표일자는
9
월 말 홈페이지에 공지
)
7.
장학금 지급방식
:
등록금 고지서에서 감면처리됨
. (
교육과학기술부 방침
)
※
장학생 선발 후 분할납부를 신청한 경우
,
감면된 차액이 분할납부 처리됨
.
※
분할납부를 선 신청한 후 장학생으로 선발된 경우 최종등록이 확인된
11
월 중 지급
(
지급일자
11
월 중 홈페이지 공지
)
※
회사지원금 신청 등을 위한 학생계좌지급 요청 불가
2013. 6. 3.
학 생 처 장"
german_language,[공지]2013 후기 대학원 수시모집안내,N/A,2013-06-03,https://gerlan.ssu.ac.kr/%ed%95%99%ea%b3%bc%ec%82%ac%eb%ac%b4%ec%8b%a4%ec%95%8c%eb%a6%bc/%ea%b3%b5%ec%a7%80%ec%82%ac%ed%95%ad/?term_id&slug=1496,"1. 원서접수
[ 내국인 ] – 인터넷접수만 가능
▶ 접수기간 : 2013.06.17(월) 10:00 ~ 20(목) 16:00까지
(대학원홈페이지 하단 링크서비스 – “온라인 입학지원” 클릭)
[ 외국인 ] – 방문 및 우편접수만 가능
▶ 접수기간 : 2013.06.17(월) ~ 20(목) 10:00 ~ 16:00까지
(대학원교학팀 방문 접수)
2. 전형일시 : 2013.07.12(금) 10:00부터
3. 합격자발표 : 2013.07.19(금) 예정
4. 합격자등록 : 2013.07.23(화) ~ 24(수) 9:00 ~ 16:00까지
※ 세부사항
내국인 입학전형 바로가기: 클릭
외국인 입학전형 바로가기: 클릭
숭실대학교 대학원장"
german_language,[공지]여름방학 서양고전탐색,N/A,2013-05-31,https://gerlan.ssu.ac.kr/%ed%95%99%ea%b3%bc%ec%82%ac%eb%ac%b4%ec%8b%a4%ec%95%8c%eb%a6%bc/%ea%b3%b5%ec%a7%80%ec%82%ac%ed%95%ad/?term_id&slug=1495,"서양고전탐색(7)
올해 여름방학에는 김대권 교수님과 함께
헤르만 헤세의 작품(I)
을 읽으려고 합니다. 관심 있는 학생들의 많은 참여를 바랍니다.
일 시: 2013년 7월 1일, 8일, 15일, 22일, 29일(5회,
논의 후 변경 가능
)
장 소: 추후 공고
신 청: 2012년 6월 21일까지 독어독문학과 사무실
예비 모임: 6월 24일(월) 오후 2시 독어독문학과 사무실
교 재:
크눌프(민음사, 2004)
페터 카멘친트(문학과지성사, 2013)
수레바퀴 아래서(문학동네, 2013)
싯다르타(민음사, 2002)
황야의 이리(민음사, 2002)
서양고전탐색(1, 2007년 여름방학): 오비디우스의 변신이야기
서양고전탐색(2, 2008년 여름방학): 아이스퀼로스와 소포클레스의 비극 작품
서양고전탐색(3, 2009년 여름방학): 에우리피데스의 비극 작품
서양고전탐색(4, 2009년 겨울방학): 단테의 신곡
서양고전탐색(5, 2010년 여름방학): 세르반떼스의 돈끼호떼
서양고전탐색(6, 2012년 여름방학): 헤로도토스의 역사"
german_language,졸업논문 지도교수님확인 및 일정안내,N/A,2013-05-21,https://gerlan.ssu.ac.kr/%ed%95%99%ea%b3%bc%ec%82%ac%eb%ac%b4%ec%8b%a4%ec%95%8c%eb%a6%bc/%ea%b3%b5%ec%a7%80%ec%82%ac%ed%95%ad/?term_id&slug=1493,"안녕하세요. 숭실대학교 독어독문학과 입니다.
논문계획서 입력이 마감되었습니다.
졸업 대상 학생들은 논문 지도교수님을 확인하세요.
(첨부파일을 반드시 확인하세요.)
* 논문 제출 일정
– 졸업논문 제출 마감 : 2013년 6월 12일 오후 5시
– 마감시간을 엄수하지 않으면 졸업시 문제가 생길 수 있으니 반드시 시간을 지켜주시기 바랍니다.
* 문의사항 : 02-820-0350"
german_language,[공지]2013-1 졸업논문계획서 양식 및 논문편집 요령,N/A,2013-05-03,https://gerlan.ssu.ac.kr/%ed%95%99%ea%b3%bc%ec%82%ac%eb%ac%b4%ec%8b%a4%ec%95%8c%eb%a6%bc/%ea%b3%b5%ec%a7%80%ec%82%ac%ed%95%ad/?term_id&slug=1490,"2013-1 논문계획서 제출기한은
5월 10일(금)입니다.
논문계획서 미제출시 논문을 작성해도 전산상 처리를 할 수 없습니다!
제출대상은 현재 ‘7학기 재학생과 8학기 재학생 중 미제출자’ 입니다.
문의 독어독문학과 사무실 02–820-0350 / gerlan@ssu.ac.kr
반드시 기한 엄수하여 제출하시기 바랍니다."
german_language,인문대학 Jobfair (취업특강 및 실무 모의면접 페스티발),N/A,2013-05-03,https://gerlan.ssu.ac.kr/%ed%95%99%ea%b3%bc%ec%82%ac%eb%ac%b4%ec%8b%a4%ec%95%8c%eb%a6%bc/%ea%b3%b5%ec%a7%80%ec%82%ac%ed%95%ad/?term_id&slug=1488,"인문대학 Jobfair (취업특강 및 실무 모의면접 페스티발)
■ 취업특강
– 일시 : 5. 27.(월), 17:00～20:00
– 장소 : 김덕윤 예배실 (저녁식사 제공)
– 사전접수 : 선착순 200명
– 접수처 : 본인소속 학과 사무실
■ 실무 모의 면접페스티발
– 일시 : 5. 28(화), 30(목), 14:00～18:00 (2일)
– 장소 : 전산관 310호, 311호, 312호 (312호는 대기실)
– 대상 : 인문대학 소속 재학생 및 취업준비생 (휴학 및 졸업생 포함)
– 사전 접수 및 시간일정 배정 : 선착순 총 80명
– 접수처 : 본인소속 학과 사무실 (이력서, 자기소개서 – 게시판 파일 첨부)
– 참가를 원하는 학생은 반드시 이력서, 자기소개서를 작성 할 것
– 면접 및 피드백 실시
(
PT면접 포함)
– 참관 가능 : 호실별 10명 제한 (엄숙 요망)
– 참여 및 설문조사 응답자 전원 : 도서상품권(1만원) 지급
– 우수 면접 평가자 포상 : 도서상품권(3만원) 추가 지급
–
일정
장소
시간
신청번호
학생명단(연락처 포함)
5. 28.(화)
전산관 310호
(㈜한국스탠다드차타드은행 인사팀 팀장
, 면접 전문 컨설턴트
)
14:00-14:50
1
인성면접 (5명)_그룹
15:00-15:50
3
인성면접 (5명)_그룹
17:00-18:00
4
PT면접
(4명)_개별, 15분씩
전산관 311호
(㈜대상주식회사 인사팀 과장
,
면접전문컨설턴트)
14:00-14:50
5
인성면접 (5명)_그룹
15:00-15:50
6
인성면접 (5명)_그룹
16:00-16:50
7
인성면접 (5명)_그룹
17:00-18:00
8
인성면접 (5명)_그룹
5. 30.(목)
14:00-14:50
9
인성면접 (5명)_그룹
15:00-15:50
10
인성면접 (5명)_그룹
16:00-16:50
11
인성면접 (5명)_그룹
17:00-18:00
12
PT면접
(4명)_개별, 15분씩
전산관 311호
(
굿네이버스 인사팀장,
면접전문컨설턴트)
14:00-14:50
13
인성면접 (5명)_그룹
15:00-15:50
14
인성면접 (5명)_그룹
15
인성면접 (5명)_그룹
17:00-18:00
16
인성면접 (5명)_그룹
면접시간표 : 번호순으로 1번～16번으로 표시하여 번호별로 접수한 후 선착순 인원배정"
german_language,주한독일문화원 “괴테-독일어홍보대사” 모집,N/A,2013-04-16,https://gerlan.ssu.ac.kr/%ed%95%99%ea%b3%bc%ec%82%ac%eb%ac%b4%ec%8b%a4%ec%95%8c%eb%a6%bc/%ea%b3%b5%ec%a7%80%ec%82%ac%ed%95%ad/?term_id&slug=1486,"주한독일문화에서 경연대회를 통해 “괴테-독일어홍보대사”를 모집합니다.
관심있는 학생들은 첨부된 파일을 참고하시기 바랍니다.
어떻게 하면 독일 문화와 언어에 대한 초등학생과 중학생들의 관심을 이끌어낼 수 있을까요?
어떻게 하면 40분 안에 낯선 나라에 대한 호기심을 자극할 수 있을까요?
이 질문에 대답할 기회를 여러분께 드리려고 합니다.
이번 경연 대회는 한국, 일본, 중국, 몽골 그리고 홍콩의 대학생 또는 대학원생들이 팀을 구성하여 초등학생, 중학생 또는 고등학생을 대상으로 수업을 준비하고 독일을 소개하는 것을 목표로 합니다.
2013년도의 대주제는 “문학의 나라 – 독일“과 “스포츠의 나라 – 독일”입니다. 문학과 스포츠 가운데 하나 또는 두 주제를 함께 여러분이 자유롭게 선택할 수 있습니다. 중요한 것은 독일 언어와 문화를 소개할 수 있는, 여러분만의 독특하고 참신한 아이디어입니다.
“괴테-독일어홍보대사”가 될 수 있는 절호의 기회입니다. 도전해 보시기 바랍니다.
공고 Hallo Deutschland! (PDF 257KB)
선발 기준, 선발 절차
시상
1, 2등
동아시아 지역 대학생들과 함께 독일 도시 괴팅겐에서 열리는 1주 세미나에 참가할 수 있는 전액 장학금
기간: 11월 말 (여행 경비, 세미나 참가비, 숙식비 포함)
3등
독일 Goethe-Institut의 2주 독일어 집중강좌를 수강할 수 있는 장학금
기간: 2014년 1월말 이전 (수강료, 숙소, 항공료 보조금 700유로)
지원 조건
팀으로만 지원 가능
각 팀은 2인으로 구성하되, 독일어 능력 수준이 B1 수료 이상이어야 함
참가자 전원이 대학 및 대학원생이어야 함
지원 서류
독일어로 기재한 지원 양식 1부 (Word 69KB)
독일어로 작성한 지원 동기서 1부
독일어와 한국어로 작성한 40분 분량 워크숍 구상안 (3~5쪽, 줄간격 1.5, 글자 크기 12)
* 워크숍은 한국어로 진행
어학 능력 증명서류 제출: 괴테-독일어능력증명서 또는 소속 대학이 인정하는 확인서 (PDF 81KB)
재학증명서
모든 지원 서류는 전자문서 형태로 mi-ran.ahn@seoul.goethe.org에 제출
지원 서류 제출 기한은 전자문서 접수를 기준으로 2013년 5월 12일(일)
지원 서류 제출 시 수신 확인 메일을 발송합니다. 수신 확인 메일을 1주 내에 받지 못 하였거나 지원 절차와 관련하여 기타 질문이 있을 경우에는 아래 연락처로 문의하시기 바랍니다.
안미란
전화 (02) 2021-2837
mi-ran.ahn@seoul.goethe.org"
german_language,독일 보훔대 교환학생 및 (주)시테코 장학금 독일 현지 어학연수 선발자 명단,N/A,2013-04-12,https://gerlan.ssu.ac.kr/%ed%95%99%ea%b3%bc%ec%82%ac%eb%ac%b4%ec%8b%a4%ec%95%8c%eb%a6%bc/%ea%b3%b5%ec%a7%80%ec%82%ac%ed%95%ad/?term_id&slug=1485,"독일 보훔대 교환학생 선발자
정수*(2011****)
조은*(2011***)
(주) 시테코 장학금 독일 현지 어학연수 선발자
김현*(2013****)
김보*(2012****)
김경*(2011****)
서동*(2010****)"
german_language,(재)김희경유럽정신문화장학재단 2013 학부생 어학연수 지원,N/A,2013-03-26,https://gerlan.ssu.ac.kr/%ed%95%99%ea%b3%bc%ec%82%ac%eb%ac%b4%ec%8b%a4%ec%95%8c%eb%a6%bc/%ea%b3%b5%ec%a7%80%ec%82%ac%ed%95%ad/?term_id&slug=1483,"(재)김희경유럽정신문화장학재단에서 2013년도 학부생 어학연수 지원 장학생을 모집 합니다.
지원대상자는 유럽인문학을 전공하는 학생으로 독일, 스위스, 오스트리아 등 영국 외 유럽국가에서
어학연수를 희망하는 학생에게 6개월 6,000,000원, 1년 과정 12,000,000원이 지급 됩니다.
지원서 접수는 2013.4.1(월) ~ 4.15(월) 17:00까지 입니다.
희망하는 학생은 첨부된 이미지 파일을 참고하시고 혹은 (재)김희경유럽정신문화장학재단 www.khk.or.kr을
참고하시기 바랍니다."
german_language,[공지](주)시테코 장학생 선발 – 독일 현지 여름학교 어학연수 지원,N/A,2013-03-25,https://gerlan.ssu.ac.kr/%ed%95%99%ea%b3%bc%ec%82%ac%eb%ac%b4%ec%8b%a4%ec%95%8c%eb%a6%bc/%ea%b3%b5%ec%a7%80%ec%82%ac%ed%95%ad/?term_id&slug=1481,"(주)시테코 장학금
독일 현지 여름학교 어학연수 지원
주식회사 시테코(대표 89학번 이동훈)에서 독어독문학과 학생들을 대상으로 장학생을 선발합니다. 독일 현지 대학교(쾰른, 킬, 뮌헨대 등)에서 개설하는 여름학교(Sommerschule) 프로그램(4주간 진행)에서 어학연수를 원하는 학생에게 장학금(약 170만원)을 지원합니다.
지원을 원하는 학생은 아래의 서류를 독어독문학과 사무실에 직접 제출하거나 이메일로 보내주시기 바랍니다.
* 선발인원 : 4명 (전 학년 대상)
* 제출서류 :
– 자기소개서(국문 1부,  A4용지 기준으로 1~2장 내외로 작성)
– 학업계획서(지원동기 포함, 국문 1부,  A4용지 기준으로 1~2장 내외로 작성)
* 제출기한 : 2013년 4월 5일(금) 17:30까지
* 제출장소 : 독어독문학과 사무실 (조만식기념관 642호)
gerlan@ssu.ac.kr  /  02-820-0350
* 면접일시 : 2013년 4월 10일(수) 오후 6시 / 학과사무실
* 합격발표 : 2013년 4월 12일(금) 개별 및 홈페이지 공지"
german_language,[공지]독일 Bochum 대학교 교환학생 프로그램 신청,N/A,2013-03-25,https://gerlan.ssu.ac.kr/%ed%95%99%ea%b3%bc%ec%82%ac%eb%ac%b4%ec%8b%a4%ec%95%8c%eb%a6%bc/%ea%b3%b5%ec%a7%80%ec%82%ac%ed%95%ad/?term_id&slug=1479,"독어독문학과에서는 독일 Bochum 대학교에 교환학생으로 수학하고자 하는 학생을 선발합니다.
신청기간 : 2013년 4월 5일 금요일 17:30까지
신청대상 : 독어독문학과 학부생(휴학생 포함)
선발인원 : 2명
선발기준 : 1차(서류 전형), 2차(면접, 면접 일시는 개별 통지)
제출서류 : 자기소개서(국문, 독문 각 1부,  A4용지 기준으로 2~3장 내외로 작성)
학업계획서(국문, 독문 각 1부,  A4용지 기준으로 2~3장 내외로 작성)
성적증명서(국문 1부)
독일어국제공인어학증명서(ZD, TestDaf / 취득자에 한함)
파견기간 : 1년(2013년 9월 – 2014년 8월)
문    의 : 독어독문학과 사무실 조만식기념관 642호
02-820-0350 / gerlan@ssu.ac.kr
* “독일 현지 여름학교 어학연수”와 중복 수혜 불가!!"
german_language,[필독공지!!]2013-1학기 신입생/편입생/복학생 대상 교내장학금 신청 공고!!!,N/A,2013-03-08,https://gerlan.ssu.ac.kr/%ed%95%99%ea%b3%bc%ec%82%ac%eb%ac%b4%ec%8b%a4%ec%95%8c%eb%a6%bc/%ea%b3%b5%ec%a7%80%ec%82%ac%ed%95%ad/?term_id&slug=1478,"[2013-1
학기 신입생
/
편입생
/
복학생 대상 교내장학금 신청 공고
]
※
본교에서 지급되는 모든 교내장학금은 한국장학재단 국가장학금을 신청한 학생을 대상으로만 수혜자를 선정합니다
.
국가장학금 신청 결과 제공되는 학생의 소득분위정보를 장학생 선발 시 활용 및 해당사항을 교육과학기술부에 보고
)
<
국가장학금은 매학기 신청하여야 함
>
따라서
,
교내장학금을 수혜하려는 모든 학생은 반드시 교내장학금과 국가장학금을 동시 신청하시기 바랍니다
.
국가장학 신청기간
: 3
월
4
일
(
월
) ~ 3
월
15(
금
)(
한국장학재단 홈페이지 신청
)
2.
교내장학 신청기간
: 2013
년
3
월
4
일
(
월
) ~ 2013
년
3
월
15
일
(
금
)
가
.
교내장학 추가 접수기간 없음
나
.
팩스제출 불가
,
등기우편 접수 가능
(
단
, 3
월
15
일
17:30
까지 장학팀 도착분만 인정
)
3.
대 상
:
2013
학년도
1
학기 신입생
,
편입생
,
복학생
(
재학생 신청기간 아님
)
4.
제출장소
:
학생회관
501-1
호
[
학생처 장학팀
]
5. [
필독
]
장학생 선발 공통 자격사항
2013-1
학기 등록금 납부를 완료한 학생
1)
2013-1
학기 이전 등록휴학 후
2013-1
학기 복학생은 모든 장학생 선발에서 제외됨
.(
등록대체
)
2) 2013-1
학기 복학신청 후 등록하지 않고 복학을 취소한 자는 장학금이 모두 취소됨
.
다
.
직전학기
15
학점 이상 이수한 학생
(2013
학년도
1
학기가
4
학년
8
학기인 자는
12
학점 이상
)
1)
단
,
신입생 및 편입생의 경우 직전학기 성적기준 없음
,
성적 기준은
2013-2
학기부터 적용
라
.
온라인 신청을 기본으로 하며
,
제출서류가 있는 장학금에 한하여 서류를 제출하되
,
제출하지 않은 경우
,
미 신청으로 간주되어 장학생 선발에서 제외됨
.
마
.
모든 교내장학금은 중복 수혜할 수 없으며
,
신청한 것 중 금액이 큰 것으로 자동 선발됨
,
단
,
국가장학금 및 교외재단 장학금
,
교내근로 및 학과근로
A, B
의 경우 수업료 범위 내에서 중복 수혜
가능
(
근로끼리는 중복 불가
)
6. [
필독
]
장학금 선발 자격 및 제출 서류
문의처
구분
장학금액
필수사항
제출서류
기타사항
비전
80점이상
수업료 25%
(1~3분위),
수업료 20%
(4,5분위),
수업료 15%
(6~8분위)
①
한국장학재단에 국가장학금 신청
② U-Saint
에 비전장학금 신청
학교홈페이지로그인
→
u-SAINT
포털
→
등록
/
장학
→
장학
→
비전장학금 신청 신청서 출력 및 개인정보 동의 체크
(
자필로 작성
),
①
교내장학금 신청서
한국장학재단 국가장학금 신청 결과 소득분위가
1~8
분위 이내인 학생
장학팀
형제
3.0이상
수업료 50%
①
한국장학재단에 국가장학금 신청
② U-Saint
에 형제장학금 신청
학교홈페이지로그인
→
u-SAINT
포털
→
등록
/
→
신청서 출력 및 개인정보 동의 체크
(
자필로 작성
),
형제학번 기재
①
교내장학금 신청서
(
형제학번 기재
)
※
반드시 수혜할 학생 명의로신청
②
부
·모 명의 가족관계증명서
(
형제확인용
)
①
형제
2
인 모두
2013-1
학기 등록금을 납부
(
등록후복학인정
x)
②
형제 모두 등록
8
학기 이내 해당
③
두 학생 중 수혜하는 학생의 성적이
3.0
이상
/15
학점 취득
장학팀
동문자녀
입학금(90
만원)
①
한국장학재단에 국가장학금 신청
② U-Saint
에 형제장학금 신청
학교홈페이지로그인
→
u-SAINT
포털
→
등록
/
장학
→
장학
→
동문자녀장학금 신청
→
신청서 출력 및 개인정보 동의 체크
(
자필로 작성
)
①
교내장학금 신청서
②
부
·모의 본교 졸업증명서
③
가족관계증명서
(
부모관계확인용
)
장학팀
교역자
자녀
3.0이상
60만원
①
한국장학재단에 국가장학금 신청
② U-Saint
에 교역자장학금 신청
학교홈페이지로그인
→
u-SAINT
포털
→
등록
/
장학
→
장학
→
교역자장학금 신청
→
신청서 출력 및 개인정보 동의 체크
(
자필로 작성
)
① 교내장학금 신청서
② 노회발행 교역자 재직증명서
③ 가족관계증명서
(
가족여부확인용)
한국기독교교회협의회 및 한국 기독교총연합회에 가입된 교단에 속하는 교회의 교역자 본인 및 직계자녀
교목실
교직원 자녀
3.0이상
수업료 100%
(국가장학금수혜시 수업료전액
–
국가장학금 차액을 지급)
①
한국장학재단에 국가장학금 신청
③ 가족관계증명서
(
가족여부확인용)
본교 교원 및 직원의 자녀
장학팀
국가유공자
자녀
월남귀순자
70점 이상
수업료 100%
①
한국장학재단에 국가장학금 신청
①
교내장학금 신청서
※
국가유공자자녀 및 본인
신규 발생자의 경우
,
증빙서류
(
보훈증명서
,
보훈청 발급 및 문의
)
추가 제출
※
단
,
복학생의 경우 첨부파일의 신청서만 제출
국가유공자 자녀 및 월남귀순자 본인
장학팀
국가유공자
본인
수업료 100%
①
한국장학재단에 국가장학금 신청
장학팀
고시
(전액
/
반액)
3.0이상
수업료 100%
수업료 50%
(단
,
전액대상자의 경우
, 국가장학금
수혜시 수업료전액-
국가장학금 차액을 지급)
①
한국장학재단에 국가장학금 신청
② U-Saint
에 고시장학금 신청
학교홈페이지로그인
→
u-SAINT
포털
→
등록
/
장학
→
장학
→
고시장학금 신청
→
신청서 출력 및 개인정보 동의 체크
(
자필로 작성
)
①
교내장학금 신청서
②
고시합격증명서류
(
신규에 한함
)
①
고시합격 후 도래하는 첫번째 학기부터 수혜
②1
차합격의 경우
2
회
, 2
차합격의 경우 졸업시까지 지급
기획처
고시실
7.
장학생 선정 결과 발표 및 지급방식
가
. 2013
년
4
월 중순 발표 예정
(u-Saint
등록
/
장학에서 확인 가능
)
나ound: #ffffff”>다
.
등록금 분할 납부를 먼저 신청한 후 선발된 장학생에 한하여 최종등록
(3
차
)
이 확인된 후 지급
(
지급일자
5
월말 홈페이지 공지
)"
german_language,[공지]독어독문학과 졸업이수요건,N/A,2013-03-08,https://gerlan.ssu.ac.kr/%ed%95%99%ea%b3%bc%ec%82%ac%eb%ac%b4%ec%8b%a4%ec%95%8c%eb%a6%bc/%ea%b3%b5%ec%a7%80%ec%82%ac%ed%95%ad/?term_id&slug=1476,"변경된 졸업이수요건 입니다. 4학년 학생은 반드시 참고하시기 바랍니다.
졸업이수요건
독어독문학과에 재학 중인 학생은 졸업요건에 따른 학점을 이수하고 졸업 전 마지막 학기에 다음과 같은 절차를 밟아 졸업 여부를 심사받는다.
영역별 졸업요건 및 세부내용
졸업논문
독문학, 독어학 및 기타 관련 분야에서 논문주제를 선택하고 논문계획서를 작성하여 학과사무실에 제출한다(논문계획서 제출기간은 홈페이지에 공고). 지도교수의 도움을 받아 논문을 작성하고 이를 정해진 기간 내에 학과사무실에 제출한다.
문학작품 번역
지도교수와 논의하여 국내에 아직 번역되지 않은 문학작품을 골라 번역한 후 정해진 기간 내에 학과사무실에 제출한다.
독일어 국제 공인 어학증명서
공인된 기관에서 실시한 ‘독일어 국제공인시험(ZD/B1)’에서 ‘gut’(240점) 이상의 성적을 거둔 학생의 경우, 제출한 어학증명서로 졸업논문이나 문학작품 번역을 갈음한다. 단, 어학증명서의 유효기간이 졸업 여부를 심사하는 시점에서 2년을 경과해서는 안 된다.
※ 해외 인턴십 및 취업 시 독일문화원(Goethe-Institut)에서 발급된 어학증명서만을 인정하는 일부 기업체가 있으니, 이 점을 염두에 두고 시험주관기관을 선택하는 것이 좋다."
german_language,신입생 심리검사 및 분석 공고,N/A,2013-03-06,https://gerlan.ssu.ac.kr/%ed%95%99%ea%b3%bc%ec%82%ac%eb%ac%b4%ec%8b%a4%ec%95%8c%eb%a6%bc/%ea%b3%b5%ec%a7%80%ec%82%ac%ed%95%ad/?term_id&slug=1473,"학생상담센터에서는 2013-1학기를 맞이하여 신입생들에게 심리검사를 실시하여,자신의 관심분야에 근거해 장래 어떤일을 잘 할 수 있는지를 알아보고 또한 검사를 통해 개인의 성격, 대인관계, 진로, 적성에대한 이해의 폭을 넓힐 수 있으며 자신을 보다 개관적으로 이해할 수 있는 검사라 할 수 있습니다.
가) 검사종류 : 성격 선호도 검사(MBTI),적성 탐색 검사(Holland)
나) 검사일시 : 2013년 3월11(월) – 3월 29일(금)15일간
– 인문대학.사회과학대학 : 3월11일(월)-3월15일(금) 5일간
– 경영대학.경제통상.법과대학 : 3월18일(월)-3월22일(금) 5일간
– 자연과학.공과대학.IT대학 : 3월25일(월)-3월29일(금)   5일간
다)검사 및 분석장소  벤처관311호실 (오전 검사실시:09:00-10:15 교시, 10:30-11:45분 3교시)
(오후 검사실시 :13:30-14:45 5교시, 15:00-16:15 6교시)
라) 분석일시 : 2013년 4월1일-19일까지(15일간)
– 인문대.사회과학대학 : 4월1일(월)-5일(금)5일간
– 경영대.경제통상.법과대학 : 4월8일(월)-12일(금)5일간
– 자연과학대.공과대.IT대학 : 4월15일(월)-19일(금)5일간
마) 분석장소 : 벤처관 311호실 (오전 검사분석 :09:00-10:15 2교시, 10:30-11:45 3교시)
(오후 검사분석 :13:30-14:45 5교시, 15:00-16:15 6교시)
바) 심리검사 신청서 제출일 : 각 대학에서 검사 및 분석 일자를 학과별로 조정하여 심리검사신청서를 학생상담센터로 제출 부 탁드립니다
-제출일-
-인문대, 사회과학대학 : 3월 8일 까지
-경영대, 경제통상대학, 법과대학 : 3월 15일 까지
-자연과학대학, 공과대학, IT대학 : 3월 22일 까지"
german_language,[공지]2013-1 독어독문학과 학과근로 선발 계획,N/A,2013-02-18,https://gerlan.ssu.ac.kr/%ed%95%99%ea%b3%bc%ec%82%ac%eb%ac%b4%ec%8b%a4%ec%95%8c%eb%a6%bc/%ea%b3%b5%ec%a7%80%ec%82%ac%ed%95%ad/?term_id&slug=1472,"안녕하세요~
2013학년도 1학기 학과근로 장학생 선발과 관련하여 공지합니다.
아래 사항을 숙지하시고 기간에 맞춰 신청하시기 바랍니다.
독어독문학과에서는
학과근로B 10명
을 선발합니다.
– 독어독문학과 조교
1
.
학과근로
A, B
장학생 근로 시간
,
금액 및 세부내역
구분
학과근로
A
학과근로
B
비고
근로시간
주
10
시간
X 22
주
=220
시간
)
주
5
시간
X 22
주
=110
시간
(
학기중
~
방학
)
*
해당 시간을 반드시 채워야만 장학금이 지급되며 채우지 못하거나 중도포기시 장학금이 일체 지급되지 않음
.
금액
110
만원
55
만원
*
지급방식
:
학기 말 후불 지급
8
월 셋째주 예정
2
.
학과근로 자격 및 선발 기준
1)
2)
학과근로 장학금을 수혜하여 학생이 받은 총 장학금액이 수업료를 초과하지 않는 자
3)
직전학기
2.5
이상
/ 15
학점 이상 취득한 자
4) 1
학년
1
학기 및
4
학년
2
학기 재학생은 선발 불가
(
학생 운영에 어려움이 있음
)
5)
소속학과
(
부
)
학생만 선발 가능
6)
※
교내근로 선발 확정이
2
월 중순경에 이루어지므로
,
교내근로로 선발된 학생은
학과근로 심사에서 제외해야 함
.
7)
중도포기하지 않을 자
(
중도포기 시 장학금이 일체 지급되지 않음
)"
german_language,[양식]졸업논문계획서 양식 및 논문편집 요령,N/A,2012-10-12,https://gerlan.ssu.ac.kr/%ed%95%99%ea%b3%bc%ec%82%ac%eb%ac%b4%ec%8b%a4%ec%95%8c%eb%a6%bc/%ea%b3%b5%ec%a7%80%ec%82%ac%ed%95%ad/?term_id&slug=1469,"2012-2 논문계획서 제출기한은
11월 19일(월)입니다.
제출대상은 현재 7학기 재학생과 8학기 재학생 중 미제출자 입니다.
문의 독어독문학과 사무실 02–820-0350 / gerlan@ssu.ac.kr
기한 엄수하여 주시기 바랍니다."
german_language,[신청양식] 한독세미나 참가 신청서,N/A,2012-10-09,https://gerlan.ssu.ac.kr/%ed%95%99%ea%b3%bc%ec%82%ac%eb%ac%b4%ec%8b%a4%ec%95%8c%eb%a6%bc/%ea%b3%b5%ec%a7%80%ec%82%ac%ed%95%ad/?term_id&slug=1467,"12월 1일에 개최하는 한독세미나 공연 참가 신청서를 첨부하였습니다.
많은 관심과 성원 바랍니다~
-독어독문학과-"
german_language,"[신청양식]독문과 튜터링 신청서, 보고서",N/A,2012-09-17,https://gerlan.ssu.ac.kr/%ed%95%99%ea%b3%bc%ec%82%ac%eb%ac%b4%ec%8b%a4%ec%95%8c%eb%a6%bc/%ea%b3%b5%ec%a7%80%ec%82%ac%ed%95%ad/?term_id&slug=1464,"신청서는 작성하셔서 과사로 제출하시고 보고서는 중간, 최종 보고서로 2부로 작성하고 공지를 받은 후에 제출하면 됩니다."
german_language,[신청양식]독일진출 한국기업 취업자료 수집팀 신청서,N/A,2012-09-17,https://gerlan.ssu.ac.kr/%ed%95%99%ea%b3%bc%ec%82%ac%eb%ac%b4%ec%8b%a4%ec%95%8c%eb%a6%bc/%ea%b3%b5%ec%a7%80%ec%82%ac%ed%95%ad/?term_id&slug=1462,"독일진출 한국기업 취업자료 수집팀 신청양식 입니다.
작성해서 과사로 제출하시기 바랍니다."
german_language,2012학년도 독어독문학과 교육역량강화사업 설명회,N/A,2012-09-11,https://gerlan.ssu.ac.kr/%ed%95%99%ea%b3%bc%ec%82%ac%eb%ac%b4%ec%8b%a4%ec%95%8c%eb%a6%bc/%ea%b3%b5%ec%a7%80%ec%82%ac%ed%95%ad/?term_id&slug=1461,"2012
년
2
학기 독어독문학과
교육역량강화사업 설명회
독문과에서는
1
학기 독일사회복지 현황 조사에 이어서
2
학기에 실시하는 교육역량강화사업을 우리 독문과 학생들에게 알리고자합니다
. 1
학기 때 보다 더 많은 다양한 행사와 참여의 기회
,
전공실력 향상 그리고 경력개발에 큰 도움이 되는 행사들이 준비되었으니 여러분의 많은 참여 바랍니다
.
2
학
기 독어독문학과에서 시행하는 교육역량강화 사업
•
독일어국제공인시험
(ZD)
준비반
•
한독세미나
•
독일어 튜터링
•
독일진출 한국기업 취업
DB
구축
일시 및 장소
: 2012
년
9
월
14
일
호
–
독 어 독 문 학 과
–"
german_language,[공지]2012-2 독어독문학과 학과근로 선발,N/A,2012-08-13,https://gerlan.ssu.ac.kr/%ed%95%99%ea%b3%bc%ec%82%ac%eb%ac%b4%ec%8b%a4%ec%95%8c%eb%a6%bc/%ea%b3%b5%ec%a7%80%ec%82%ac%ed%95%ad/?term_id&slug=1460,"안녕하세요~
2012학년도 2학기 학과근로 장학생 선발과 관련하여 공지합니다.
아래 사항을 숙지하시고 기간에 맞춰 신청하시기 바랍니다.
독어독문학과에서는
학과근로B 10명
을 선발합니다.
– 독어독문학과 조교
2012
학년도
2
학기 학과근로 장학생 선발 기준
가
.
학과
(
부
)
등록금액
(
단위
:
원
)
구 분
인문대
,
법대
,
사회대
,
경제통상대
,
경영대
3,406,000
※
반액의 경우 백 원 단위는 절상
(
切上
)
나
.
학과근로
B
장학생 근로 시간
,
금액 및 세부내역
구분
학과근로
B
비고
근로시간
주
5
시간
X 22
주
=110
시간
(
학기중
~
방학
)
*
해당 시간을 반드시 채워야만 장학금이 지급되며 채우지 못하거나 휴학 또는 중도포기시 장학금이 일체 지급되지 않음
.
55
만원
*
지급방식
:
학기 말 후불 지급
2
월 셋째주 예정
다
.
학과근로 자격 및 선발 기준
1) 2012-2
학기 한국장학재단 국가장학금 소득분위
7
분위 이내인 자
2) 2012
학년도
2
학기 재학생
(
단
, 4
학년은
7
학기생만 가능
/ 8
학기 이상은 불가
)
3)
직전학기 이수학점
성적
2.50
이상 취득한 자
4) 1
학년
1
학기 및
4
학년
2
학기 재학생은 선발 불가
(
학생 운영에 어려움이 있음
)
5)
소속학과
(
부
)
학생만 선발 가능
6)
교내 및 교외 타 장학금과 수업료 범위 내에서 중복 가능
7)
교내근로 및 국가근로와 중복하여 수혜할 수 없음
.
※
교내근로 선발 확정이
8
월
16
일
,
교내근로로 선발된
학생은 학과근로 심사에서 제외해야 함
.
8)
휴학 또는 중도포기하지 않을 자
(
휴학 또는 중도포기 시 장학금이 일체 지급되지 않음
)
9) 1)
～
8)
을 충족하는 학생은 학과 자체 기준에 따라 자유롭게 선발 가능함
."
german_language,[채용]헨켈 코리아 Customer Service,N/A,2012-07-16,https://gerlan.ssu.ac.kr/%ed%95%99%ea%b3%bc%ec%82%ac%eb%ac%b4%ec%8b%a4%ec%95%8c%eb%a6%bc/%ea%b3%b5%ec%a7%80%ec%82%ac%ed%95%ad/?term_id&slug=1459,"Henkel Adhesive Technologies is a worldwide leader in bonding, sealing and surface treatments – thanks to our ambitious people. We create unique value for our clients and our technologies can be found in many objects touching our lives every day. Our success is built on constant innovation and people who strive for excellence. Working at Henkel is much more than just a job. It’s a passion. Have you got what it takes?
What we offer
Achieve target of customer service level
Handle customer inquiry and process customer order in SAP
Monitor delivery and support customer request for deliveries
Issue E-Billing invoice and packing list to send customer
Manage the open order list and back orders for customers and sales team
Who we are looking for
Bachelor’s degree
Fresh graduate or 1 year work experience
Knowledge of SAP operation preferred
Basic English writing and speaking skills
Self-motivated, result-oriented and driven to succeed
Good interpersonal and communication skills
Apply online if this sounds like your next challenge. Refer to the job ID 3620KR_20082036 mentioned above and get one step closer to starting your new job in Seoul.
Discover our winning culture: www.henkel.com/career"
german_language,[인턴]지멘스 경영정보부 Support 인턴,N/A,2012-07-16,https://gerlan.ssu.ac.kr/%ed%95%99%ea%b3%bc%ec%82%ac%eb%ac%b4%ec%8b%a4%ec%95%8c%eb%a6%bc/%ea%b3%b5%ec%a7%80%ec%82%ac%ed%95%ad/?term_id&slug=1458,"[회사 소개]
독일 베를린과 뮌헨에 본사를 두고 있는 세계적인 전기전자기업 지멘스는 현재 전 세계 190여 개국에 약 40만명의 직원이 산업, 에너지, 헬스케어 분야에서 혁신적인 기술력을 바탕으로 최첨단 제품과 솔루션 및 서비스를 제공하고 있습니다.
1960년대에 설립된 한국지멘스는 2000여 명의 직원이 선진기술과 글로벌 경험을 바탕으로 첨단 산업분야의 우수한 기술력 확보에 최선을 다하고 있으며, 2010년 총 매출 1조 7천억 원을 기록하고 있습니다. 가치를 최우선으로 생각하는 지멘스는 혁신을 바탕으로 한 지속 가능한 성장으로 보다 나은 대한민국을 만들어 가는데 기여합니다.
[담당업무]
Support IT Service Desk
– Process assigned IT service request and incident tickets for users.
Support company mobile phone service
– Handle mobile phone related user request (e.g. activation/deactivation)
– Support mobile phone service charge handling
[자격조건]
– 4년제 대학 재학생/휴학생/졸업예정자로 6개월 근무 가능하신 분
– 전공 무관으로 IT 관련 전공자가 아니어도 업무 수행 가능합니다.
– 영어 커뮤니케이션이 가능하며, 한국어 Native로 사용하시는 분
– MS Office (Excel, PowerPoint, Word) 사용 가능자
[채용조건]
– 고용형태 : 인턴직 6개월 (업무 평가에 따라 계약 전환 여부 결정 혹은 지멘스 내 다른 부서 입사 지원 시 우대)
– 채용직급 : 인턴
– 근무지 : 서울시 서대문구 충정로 풍산빌딩
– 근무시작일 : ASAP
– 급여 : 처음 3개월 월 1,100,000원 / 후반 3개월 월 1,400,000원
[지원방법]
– 지멘스 홈페이지(www.siemens.co.kr) 접속 후, 채용정보의 채용 모집분야에서 해당 직무 검색하여 온라인지원 혹은,
– 하단의 “지원” 버튼 클릭 후, 온라인지원
– 형식 : 국문이력서/자기소개서, 영문이력서/자기소개서를 첨부해주세요.
[채용기간]
채용시 마감 (선접수 선면접 방식으로 진행하고 있습니다. 빠른 지원 바랍니다.)
[채용절차]
– 서류전형 => 면접 => 건강검진 => 최종합격
– 결과는 개별적으로 통보됩니다.
* 국가보훈대상자와 신체장애자는 관련서류 제출시 관계법에 따라 우대함.
제출하신 서류는 일체 반환하지 않습니다.
입사지원서 내용에 허위사실이 판명될 경우 입사가 취소될 수 있습니다.
문의사항은 02-3450-7091,1075로 부탁드립니다."
german_language,[채용](주)현대종합금속 독일어 가능자 우대채용,N/A,2012-07-10,https://gerlan.ssu.ac.kr/%ed%95%99%ea%b3%bc%ec%82%ac%eb%ac%b4%ec%8b%a4%ec%95%8c%eb%a6%bc/%ea%b3%b5%ec%a7%80%ec%82%ac%ed%95%ad/?term_id&slug=1457,"현대종합금속㈜ 에서 독일어 가능자를 채용합니다.
관심있는 학생들은 지원바랍니다.
회사명
현대종합금속㈜
대표자명
김상욱
업종
금속.철강.재료
주요사업내용
용접기 및 관련제품 제조, 판매
기업규모
중견기업(300명 이상)
설립연도
사원수
760명
매출액
5452억
회사주소
(135-091) 서울 강남구 삼성1동 157-37 일송빌딩 16층
홈페이지
www.hyundaiwelding.com/
신입사원 채용
링크 :  http://www.career.co.kr/jobs/view/?id_num=11059427&mode=ing
모집요강 및 응시자격
모집부문
전공
근무지
인원
응시자격
내수영업
상경계열
(경영, 경제外)
이공계열
(금속, 재료, 기계, 화학, 조선)
서울
대구
울산
거제
0명
• 4년제 대학 이상 졸업(예정)자
• 외국어능통자 우대
• 해당분야 자격증 소지자 우대
• 국가보훈대상자는 관계법령에 따라 우대
• 해외여행에 결격사유가 없는 자
• 병역필 또는 면제자
무역
상경계열, 독일어, 중국어,
인도네시아어 우대
본사
(서울)
0명
기획
(공장관리)
금속, 기계, 식품, 농업, 임업
본사
(서울)
0명
관리부(경리)
업무부(출하)
생산
기술영업
품질보증
상경계열(경영, 경제, 회계)
이공계열(금속, 재료, 화학,
신소재, 산업공학, 시스템공학, 기계)
포항
공장
0명
성남연구소
금속,재료,무기재료,
신소재공학,분말야금,제강공정,용접
성남
0명
• 석사 이상 졸업(예정자)
• 석사후 관련분야 개발경력 3년이상
또는 박사소지자 및 예정자 우대
서류접수기간
2012년 6월 18일(월) ~ 2012년 7월 15일(일) 24:00
전형방법
1차 – 서류전형(합격자에 한해 홈페이지 게재 및 개별통보)
2차 – 1, 2차 면접전형(서류전형 합격자에 한함)
3차 – 신체검사(면접전형 합격자에 한함)
문의처
recruit@hyundaiwelding.com (이메일로만 문의 가능)
접수방법
당사 홈페이지내 온라인 지원(http://www.hyundaiwelding.com/recruit/apply.asp)
기타사항
제출서류는 일체 반환하지 않음
지원서 내용중 허위기재사항 발견시 불합격처리함
채용마감일에는 지원자가 많아 홈페이지 접속이 원활하지 않을 수 있습니다"
german_language,[아르바이트]베링거인겔하임 Medical Department staff (의학부 Admin Staff 모집),N/A,2012-06-29,https://gerlan.ssu.ac.kr/%ed%95%99%ea%b3%bc%ec%82%ac%eb%ac%b4%ec%8b%a4%ec%95%8c%eb%a6%bc/%ea%b3%b5%ec%a7%80%ec%82%ac%ed%95%ad/?term_id&slug=1456,"Medical Department staff (의학부 Admin Staff 모집)
l  채용 내용
-인원: 0명
-(언어) 지원조건: no fear to speak English (영어면접있음)
-근무조건: 주 5일, 1일 8시간(09:00~18:00)
-보수: 월급 115만원 (식대 130,000원 별도)
-전공불문 모두 지원 가능
-근무기간: min 1 year (negotiable)
-근무지역: 1,4호선 서울역 앞 연세재단 세브란스 빌딩
-근무내용: Admin 업무
-근무시작일: 7월 15일 이후
-지원방법: 이메일 hyoji.kang@boehringer-ingelheim.com
Recruitment.seo@boehringer-ingelheim.com
-국문/영문 자유이력서 및 자기 소개서
-마감일: 접수되는 대로 면접 진행 예정이오니, 가능한 빠른 지원 바랍니다.
다국적 제약회사 의학부에서 전반적인 업무를 배울 수 있는 기회!
자유롭고 창조적인 회사에서 전반적인 직장경험을 할 수 있는 기회!
회사에서의 비즈니스 영어, 매너 등을 배울 수 있는 기회!
다국적 제약회사 및 관련업종 취업을 위한 멘토와 발판을 만날 수 있는 기회!
신약 개발 과정부터 마켓에 나오는 과정을 가까이서 경험할 수 있는 기회!
인턴쉽 과정을 통해 다국적 제약회사 경험을 원하는, 패기와 열정으로 가득찬 아르바이트 사원을 모집합니다. 많은 관심과 지원 바랍니다."
german_language,[채용]이트너스(주)Web voc(독일어권) 담당자 모집,N/A,2012-06-29,https://gerlan.ssu.ac.kr/%ed%95%99%ea%b3%bc%ec%82%ac%eb%ac%b4%ec%8b%a4%ec%95%8c%eb%a6%bc/%ea%b3%b5%ec%a7%80%ec%82%ac%ed%95%ad/?term_id&slug=1455,"이트너스 (주)는 인사총무 분야의 BPO전문기업으로 삼성계열사를 비롯 POSCO, SK, LG상사 등 다수의 고객사를 보유하고
있는 경영지원솔루션 시장에서 경쟁력을 갖춘 중소기업입니다.
업무는 독일 IT 관련자료, 홈페이지 번역이고 필요한 인재는 독어독문학을 전공하고 독일어 번역에 능숙한 인원으로
20중후반의 졸업예정자 또는 졸업자면 되겠습니다.(3~4명정도)
자세한 내용은 홈페이지를 http://etners.com/recruit/recr_view.jsp 확인하세요"
german_language,[공지]2012 여름방학 독일어 찬양모임,N/A,2012-06-19,https://gerlan.ssu.ac.kr/%ed%95%99%ea%b3%bc%ec%82%ac%eb%ac%b4%ec%8b%a4%ec%95%8c%eb%a6%bc/%ea%b3%b5%ec%a7%80%ec%82%ac%ed%95%ad/?term_id&slug=1454,"이번 여름방학에 Kai Rohs 교수님이 독일어 찬양모임을 여십니다.
노래를 통해 독일어 말하기를 향상 시킬 수 있는 좋은 기회인 만큼
많은 참여바랍니다.
여름방학 2012
독일어 찬양모임
Deutsches Lobpreistreffen
in den Sommersemesterferien 2012
7월 15일부터
ab dem 15. Juli
모임의 내용? 독일의 찬양 (CCM) – 가사 읽기, 가사 해석, 찬양을 함께 노래하기
Inhalt?       Neuere deutsche Lobpreislieder – Lesen des Liedtextes,
Übersetzung, gemeinsames Singen
언제?        일요일 저녁마다 6-7
Wann?       Jeden Sonntagabend von 18 bis 19 Uhr
어디서?       연구관 213호실
Wo?          Im 연구관, Raum 213
참석자?       참석하고 싶은 분 모두 다
Teilnehmer?   Alle, die Interesse haben
문의 (Fragen): Kai Rohs (017-276-1180)"
german_language,[공지]2012학년도 2학기 국가장학금 신청,N/A,2012-06-08,https://gerlan.ssu.ac.kr/%ed%95%99%ea%b3%bc%ec%82%ac%eb%ac%b4%ec%8b%a4%ec%95%8c%eb%a6%bc/%ea%b3%b5%ec%a7%80%ec%82%ac%ed%95%ad/?term_id&slug=1452,"한국장학재단에서 2012학년도 2학기 국가장학금 신청을 공고합니다.
*장학금 신청 및 서류 제출기간
가. 장학금 신청 : 한국장학재단 홈페이지 (www.kosaf.go.kr)
나. 장학금 온라인 신청기간 : 2012년 6월 4일(월)～6월 29일(금)
다. 장학금 서류 제출기간 (제출 해당자에 한함) : 2012년 6월 4일(월)～7월 4일(수) 17시
라. 장학금 신청방법 : 붙임의 국가장학금 신청방법 매뉴얼 참조
자세한 내용은 첨부 된 ‘국가장학금신청 매뉴얼’을 필히 확인하시기 바랍니다."
german_language,[공지]여름방학 기초독일어 문법/회화 강좌,N/A,2012-06-08,https://gerlan.ssu.ac.kr/%ed%95%99%ea%b3%bc%ec%82%ac%eb%ac%b4%ec%8b%a4%ec%95%8c%eb%a6%bc/%ea%b3%b5%ec%a7%80%ec%82%ac%ed%95%ad/?term_id&slug=1451,"기초 독일어 문법/회화 강좌
개요
2012년 여름방학 동안에도 독어독문학과 전공기초 과목인 『집중 독일어1』과 『기초 독회화1(원어)』의 문법과 회화 내용을 총정리하려고 합니다. 『집중 독일어1 (1학기)/ 집중 독일어2 (2학기)』와 『기초 독회화1 (1학기)/ 기초 독회화2 (2학기)』는 두 학기 연계되는 교과목이므로, 1학기 수업내용의 이해가 부족했던 학생들에게는 2학기 전공수업을 위해서 도움이 될 것입니다. 독일어 문법과 회화를 다시 한번 정리하려는 상급학년 학생들도 신청 가능합니다.
교재
I.	Lebendiges Deutsch für Studenten I (대학생을 위한 활용 독일어 I), 문예림.
II. 	Schritte international 1, Kursbuch und Arbeitsbuch, Hueber.
일정
날짜: 2012년 7월 3일 ~ 7월 28일
요일: 화, 목 (총 8회)
시간: 14시 00분 ~ 15시 30분
강의 진행 및 내용: 교재 I (문법: 50분), 교재 II (회화: 40분)
강의실: 추후 공지
예비모임: 2012년 6월 29일(금) 14시, 독어독문학과 사무실
[강의 요일과 시간은 신청학생들의 의견을 수렴하여 수정될 수 있음]
강의 담당: 이재호 교수: ☏ 02-820-0354 / E-Mail: zhlie@ssu.ac.kr
신청
2012년 6월 25일까지 독어독문학과 사무실: ☏ 02-820-0350"
german_language,[공지]여름방학 서양고전탐색 강좌,N/A,2012-06-05,https://gerlan.ssu.ac.kr/%ed%95%99%ea%b3%bc%ec%82%ac%eb%ac%b4%ec%8b%a4%ec%95%8c%eb%a6%bc/%ea%b3%b5%ec%a7%80%ec%82%ac%ed%95%ad/?term_id&slug=1450,"제 6차 서양고전탐색
올해 여름방학에는 김대권 교수님과 함께 ‘헤로도토스’의 ‘역사’를 읽으려고 합니다.
관심 있는 학생들의 많은 참여를 바랍니다.
일     시: 2012년 7월 6일, 13일, 20일, 27일(4회)
장     소: 추후 공고
신     청: 2012년 6월 25일까지 독어독문학과 사무실
예비 모임: 6월 25일(월) 오후 2시 독어독문학과 사무실
교     재: 헤로도토스의 ‘역사'(도서출판 숲 2009).
수업 방식: 발표와 토론
서양고전탐색은 2007년 부터 지금까지 매 여름방학 마다 학생들이 직접
김대권 교수님 고전을 공부하는 강좌로 학생들의 인문학적 소양을 높이는 데
큰 도움이 되는 강좌 입니다.
*지금까지 다뤄왔던 서양고전
서양고전탐색(1, 2007년 여름방학): 오비디우스의 ‘변신이야기’
서양고전탐색(2, 2008년 여름방학): 아이스퀼로스와 소포클레스의 비극 작품
서양고전탐색(3, 2009년 여름방학): 에우리피데스의 비극 작품
서양고전탐색(4, 2009년 겨울방학): 단테의 ‘신곡’
서양고전탐색(5, 2010년 여름방학): 세르반떼스의 ‘돈끼호떼’"
german_language,[공지]2012년 인제청년상 공모,N/A,2012-05-22,https://gerlan.ssu.ac.kr/%ed%95%99%ea%b3%bc%ec%82%ac%eb%ac%b4%ec%8b%a4%ec%95%8c%eb%a6%bc/%ea%b3%b5%ec%a7%80%ec%82%ac%ed%95%ad/?term_id&slug=1448,"현실의 문제를 극복해나가는 청년들의 진지하고 창의적인 글을 구합니다!
올 해로 2회를 맞는 인제청년상은 30세 이하의 청년들을 대상으로
좋은 문제의식을 담은 원고를 모집하여 수상하고 있습니다.
공모주제 : 화해와 조화
원고접수 : 2012년 8월 27일 (월) ~ 9월 14일 (금)
심사 : 2012년 9월 17일 (월) ~ 10월 26일 (금)
수상자 발표 : 2012년 10월 29일 (월)
자세한 사항은 첨부 된 파일을 다운받으시고
과사무실에 브로셔가 준비되었으니 필요하신 분은 방문하시길 바랍니다."
german_language,[공지]”독일현지 사회복지 현황조사”(학과교육역량강화사업) 조사팀 모집 안내,N/A,2012-05-02,https://gerlan.ssu.ac.kr/%ed%95%99%ea%b3%bc%ec%82%ac%eb%ac%b4%ec%8b%a4%ec%95%8c%eb%a6%bc/%ea%b3%b5%ec%a7%80%ec%82%ac%ed%95%ad/?term_id&slug=1446,"독일현지 사회복지 현황 조사팀 모집
2012
학년도 독어독문학과 교육역량강화사업의 일환으로
“
독일현지 사회복지 현황 조사
”
에 참가할 조사팀을 모집합니다
.
조사의 목적은 사회복지 선진국인 독일을 방문하여 사회복지 관련 기관이나 시설의 현황을 파악하는 것입니다
.
독어독문학과 학생들의 많은 참가 신청을 기다리겠습니다
.
1.
대 상
:
독어독문학과 재학생
2.
신청기간
: 5
월
2
일
~ 5
월
17
일
3.
신청장소
:
독어독문학과 사무실
4.
신청방법
: 4
인
1
조를 구성
,
학과사무실에서 신청서 작성 및 제출
조구성은
4
인 중
2012
학번
2
인 이상을 원칙으로 함
5.
선발인원
: 2
개조
~ 3
개조
6.
발표일시
: 5
월
21
일
(
월
)
오후
3
주간의 탐방계획안 발표
(
발표시간 조당
15
분
)
7.
탐방기간
: 2012
년 여름방학 중
3
주
~ 4
주
8.
탐방보고서 제출
:
각 조는 탐방일지를 작성
,
사진
,
동영상 자료를 수집하여 제출
9.
탐방보고서 발간
:
제출한 자료를 편집하여 보고서 발간 예정
10.
지원내용
:
선발된 조에 교통비 일부 지원
※
고아원
,
양로원 등 사전 방문허가를 받아야 하는 시설은 조사 대상에서 제외됩니다
.
※
“(
주
)
시테코 장학금 독일현지 여름학교 어학연수 지원
”
과 중복 수혜 불가
!!
※
문의
:
독어독문학과 사무실
(
조만식기념관
642
호
)
☏
820-0350
e-mail : gerlan@ssu.ac.kr
독 어 독 문 학 과"
german_language,[공지]시테코 장학금 지원 안내,N/A,2012-05-02,https://gerlan.ssu.ac.kr/%ed%95%99%ea%b3%bc%ec%82%ac%eb%ac%b4%ec%8b%a4%ec%95%8c%eb%a6%bc/%ea%b3%b5%ec%a7%80%ec%82%ac%ed%95%ad/?term_id&slug=1444,"독 어 독 문 학 과
(
주
)
시테코 장학금
독일 현지 여름학교 어학연수 지원
주식회사 시테코
(
대표
89
학번 이동훈
)
에서 독어독문학과 학생들을 대상으로
장학생을 선발
합니다
.
이번학기에는 독일 현지 대학교
(
쾰른
,
킬
,
뮌헨대 등
)
에서 개설하는 여름학교
(Sommerschule)
프로그램
(4
주간 진행
)
에서 어학연수를 원하는 학생에게 장학금을 지원합니다
.
지원을 원하는 학생은 아래의 서류를
독어독문학과 사무실
에 직접 제출하거나
이메일로
보내주세요
.
*
제출서류
–
자기소개서와 학업계획서 및 지원동기
(
국문 작성
) (
연락처 필
)
*
제출기한
: 2012
년
5
월
11
일
(
금
)
*
제출장소
:
독어독문학과 사무실
(
조만식기념관
642
호
)
gerlan@ssu.ac.kr
/ 02-820-0350
*
면접일시
: 2012
년
5
월
14
일
(
월
)
오후
6
시
/
학과사무실
*
합격발표
: 2012
년
5
월
15
)
개별 및 홈페이지 공지
*
선발인원
: 2
명
(
전 학년 지원가능
)
※
본교 등록금 반액 분 지원
※
※
여름학교 등록비 및 기숙사비 전액을 해당 지원금으로 충당할 수 있음
※
※
2012
년 학과역량강화사업의 일환인
“
독일 현지 사회복지 현황 조사
”
와 중복 수혜 불가
!!!
※
문의 사항이 있으시면 독어독문학과 사무실로 전화주세요
."
german_language,[공지] 2012년 2학기 독일 보훔대학교 교환학생 설명회,N/A,2012-03-12,https://gerlan.ssu.ac.kr/%ed%95%99%ea%b3%bc%ec%82%ac%eb%ac%b4%ec%8b%a4%ec%95%8c%eb%a6%bc/%ea%b3%b5%ec%a7%80%ec%82%ac%ed%95%ad/?term_id&slug=1440,"독어독문학과 교환학생 설명회 개최
독일 보훔대학교와의 교환학생 프로그램의 설명회를 개최합니다. 관심있는 학생들의 많은 참석 바랍니다.
일시 : 2012년 3월 19일 월요일 오후 6시                                                                                                                  장소 : 조만식기념관 407호                                                                                                                                    대상 : 독어독문학과 학부생                                                                                                                                  문의 : 독어독문학과 사무실 조만식기념관 642호                                                                                                         820-0350 /
gerlan@ssu.ac.kr"
german_language,[공지]2012-1 독어독문학과 학과근로 선발 안내,N/A,2012-02-17,https://gerlan.ssu.ac.kr/%ed%95%99%ea%b3%bc%ec%82%ac%eb%ac%b4%ec%8b%a4%ec%95%8c%eb%a6%bc/%ea%b3%b5%ec%a7%80%ec%82%ac%ed%95%ad/?term_id&slug=1439,"안녕하세요~
독어독문학과 학과근로 선발 안내입니다.
장학제도가 많이 변경되어 혼란스러우리라 생각됩니다. 아래 사항뿐 아니라 장학과 공지 등을
차분히 숙지하여 착오없이 장학 및 근로신청을 하기 바랍니다.
-독어독문학과 조교
*독어독문학과 학과근로 선발 안내
1.
선발인원
:
학과근로
B 10
명 (학과근로A 선발 안함)
2.
학과근로
B
장학생 근로 시간
,
금액 및 세부내역
구분
학과근로
B
비고
근로시간
주
5
시간
X 22
주
=110
시간
(
학기중
~
방학
)
*
해당 시간을 반드시 채워야만 장학금이 지급되며 채우지 못하거나 중도포기시 장학금이 일체 지급되지 않음
.
55
만원
*
지급방식
:
학기 말 후불 지급
8
월 셋째주 예정
3.
학과근로 자격 및 선발 기준
1)
한국장학재단 국가장학금을 신청하여 소득분위가
7
분위 이내인 자
2)
학과근로 장학금을 수혜하여 학생이 받은 총 장학금액이 수업료를 초과하지
않는 자
3)
직전학기
2.5
이상
/ 15
학점 이상 취득한 자
4) 1
학년
1
학기 및
4
학년
2
학기 재학생은 선발 불가
(
학생 운영에 어려움이 있음
)
5)
독어독문학과 학생만 선발 가능
6)
교내근로 및 국가근로와 중복하여 수혜할 수 없음
7)
중도포기하지 않을 자
(
중도포기 시 장학금이 일체 지급되지 않음
)
8) 1)
～
7)
을 충족하는 학생은 학과 자체 기준에 따라 자유롭게 선발 가능함"
german_language,[공지]특별장학금 안내,N/A,2011-10-28,https://gerlan.ssu.ac.kr/%ed%95%99%ea%b3%bc%ec%82%ac%eb%ac%b4%ec%8b%a4%ec%95%8c%eb%a6%bc/%ea%b3%b5%ec%a7%80%ec%82%ac%ed%95%ad/?term_id&slug=1438,"2011학년도 2학기 특별장학금을 아래와 같이 시행합니다.
해당학생들의 많은 지원 바랍니다.
1. 지원 자격
가. 2011-2학기 학부 재학생 (현재 ‘재학중’인 학생을 대상으로 함,
초과학기 학생 및 등록휴학생 모두 미포함)
나. 직전학기 이수학점 15학점 이상 (졸업직전학기는 12학점 이상)
다. 직전학기 백분위 성적 70점 (열람학점) 이상 (소수첫째자리 버림)
: 예, 69.9=69, 70.1=70)
라. 소득분위 1～7분위 학생 ( 한국장학재단 기준 적용 )
소득분위
직장보험
지역보험
1분위
29,093 원 이하
58,186 원 이하
2분위
48,739 원 이하
97,478 원 이하
3분위
63,568 원 이하
127,135 원 이하
4분위
76,845 원 이하
153,690 원 이하
6분위
103,753 원 이하
207,505 원 이하
7분위
120,790 원 이하
241,580 원 이하
마.
교내 및 교외 장학금 중복수혜 가능 여부
1) 교내 타장학금 미수혜자 우선 선발 (교외장학금만 수혜한 자는 인정. 단 교외
장학금과 특별장학금 합산액이 수업료를 초과하지 않는 자에 한함.)
2) 우선선발자로 선발이 완료되지 않을 경우, 교내장학금을 수혜한 자를 추가로
심사함.
(단, 교내외장학금액과 특별장학금 합산액이 수업료를 초과하지 않는 자에 한함.)
2. 단과대학 및 학과(부)별 1인당 장학금액
해당 단과대학 및 학과(부)
1인당 장학금액
인문대(생활체육 제외), 법학과,
사회대, 경영대학, 경제통상대학
자연대(수학, 정보통계보험수리)
1,100,000원
생활체육, 자연대(물리, 화학, 의생명)
1,300,000원
공대 , IT대
금융, 국제법무
3
가. 필수서류
1) 특별장학금 지원서 (온라인 신청 후 지원서 출력 제출)
2) 건강보험증 사본 및 건강보험료 납부확인서
(부모가 따로 납부할 경우 각각 제출)
– 건강보험료 고지금액 인정기간 : 2011년 3월～6월 분 중 금액이 적은
것으로 인정
나. 추가 제출서류 (해당자) : 부 또는 모가 사별 또는 이혼한 경우
부 또는 모 명의의 가족관계증명서
5
. 시행 일정
가. 신청 기간 : 10월 27일(목)～11월 9일(수) 오후 5시까지
나. 신청장소 : 학생처 장학팀
다. 승인 결과 공지 : 11월 23일(수) (예정)
라. 장학금 지급 : 11월 29일(화) (예정)
6. 심사 기준 : 심사표에 준함 (붙임 1 참조)
가.
교내장학금 미수혜자를 아래 심사표에 의해 점수가 높은 학생 순으로 우선 선발
나.우선선발자로 선발 완료되지 않을 시, 아래 심사표에 의해 교내장학금 수혜자를
대상으로 다시 심사하여 점수가 높은 학생 순으로 선발함."
german_language,[공지] “독일 사회복지 세미나” 실시 안내(신청자 접수),N/A,2011-10-17,https://gerlan.ssu.ac.kr/%ed%95%99%ea%b3%bc%ec%82%ac%eb%ac%b4%ec%8b%a4%ec%95%8c%eb%a6%bc/%ea%b3%b5%ec%a7%80%ec%82%ac%ed%95%ad/?term_id&slug=1435,"안녕하세요
2011학년도 학과교육역량강화 사업의 일환으로 ""독일 사회복지 세미나""를 실시합니다.
참가자 4명을 서류심사를 통해 선발하여 10월 말부터 1월 초까지 진행되는 사업입니다.
참가 학생에게는 소정의 장학금을 지급할 예정입니다.
참가를 원하는 학생은 첨부된
신청서
를 작성하여
자기소개서
(자유양식),
성적증명서
와 함께 학과사무실에 제출해 주시기 바랍니다.
자세한 사항은 첨부된 파일을 참조하시고, 더 궁금하신 사항이 있으시면
독어독문학과 사무실에 문의 바랍니다.
조만식기념관 642호 / 820-0350"
german_language,[공지]2011학년도 ZD 준비반 안내(신청자 접수),N/A,2011-10-17,https://gerlan.ssu.ac.kr/%ed%95%99%ea%b3%bc%ec%82%ac%eb%ac%b4%ec%8b%a4%ec%95%8c%eb%a6%bc/%ea%b3%b5%ec%a7%80%ec%82%ac%ed%95%ad/?term_id&slug=1434,"안녕하세요
이번학기에도 어김없이 ZD준비반을 개설합니다.
물론 2012년부터는 ZD강의가 정규교과목에 포함되어 따로 특강을 개설하게 될지는 모르겠습니다.
어쩌면 마지막 특강이 될지도 모르겠습니다.
특강은 10월 31일(월) 시작하고,
12월 12일 훔볼트 독일문화 평생교육원에서 실시하는 시험을 대비하여
약 6주간 개설됩니다.
매주 월요일, 수요일 저녁 7시부터 8시 30분(쯤)까지 강의가 있습니다.
강의는 신승성 선생님과 Kai Rohs 선생님 두분이 맡아주셨습니다.
신청을 원하는 학생은 독어독문학과 사무실 게시판의 신청자 명단에 이름을 적어주십시오.
숭실대학교 재학생 누구나 신청 가능합니다.
뜻 있는 학생들의 많은 참여를 기다립니다.
독어독문학과 사무실 — 조만식기념관 642호 / 820-0350)
*응시료 지원 등에 관해서는 특강개설 후 안내하겠습니다."
german_language,ZD준비반 & 사회복지제도 세미나 설명회,N/A,2011-10-11,https://gerlan.ssu.ac.kr/%ed%95%99%ea%b3%bc%ec%82%ac%eb%ac%b4%ec%8b%a4%ec%95%8c%eb%a6%bc/%ea%b3%b5%ec%a7%80%ec%82%ac%ed%95%ad/?term_id&slug=1433,"독일어 국제 공인시험 ZD 준비반
& 독일사회복지제도 세미나 설명회
일시 : 2011년 10월 14일 (금) 18:30
장소 : 조만식 기념관 208호
관심있는 학생들의 많은 참여 바랍니다
기타 문의사항은 독어독문과 사무실 고재후 조교님께 문의
조만식기념관 642호 820-0350
-독어독문학과-"
german_language,2012년 2월 졸업예정자 졸업사정 안내,N/A,2011-09-14,https://gerlan.ssu.ac.kr/%ed%95%99%ea%b3%bc%ec%82%ac%eb%ac%b4%ec%8b%a4%ec%95%8c%eb%a6%bc/%ea%b3%b5%ec%a7%80%ec%82%ac%ed%95%ad/?term_id&slug=1431,"* 졸업사정 오류정정/이수구분 변경 신청
1. 대상자 : 2012년 2월 졸업예정자(현재 8학기 이상 이수중인 학생)
2. 신청기간 : 9월 28일(수) – 10월 5일(수)
3. 신청방법
가. u-SAINT 접속 → 학사관리 → 성적/졸업 → 졸업사정표(졸업예정자) 조회 및 출력
나. 확인 후 오류사항이 있으면 오류정정/이수구분 변경 신청서를 작성하여 졸업사정표와 함께 각 학과(부) 사무실로 제출 (양식 첨부)
4. 유의사항
가. 수강신청 내역, 학점포기, 수강신청 취소 내역 등이 반영된 졸업사정표는 9월 27일(화)부터 확인할 수 있습니다.
나. 졸업예정자는 9월 23일(금) 17시까지 다전공 포기 신청을 완료하여 주시기 바랍니다. 이후 신청한 내역은 1차 졸업사정 결과에 반영되지 않습니다.
다. 신청시 과목번호, 이수연도 및 학기를 U-saint에서 정확히 확인하시어 신청해주시기 바랍니다(정확하지 않을 경우 변경처리가 되지 않을 수 있음).
라. 졸업사정표는 졸업 시뮬레이션과 달리 수강신청 내역 등을 실시간으로 반영하지 않고 졸업사정표 오른쪽 상단의 졸업사정일자 기준으로 반영된 내용이므로 이에 유의바랍니다.
마. 공학인증 관련 졸업사정은 공학교육혁신센터의 안내에 따라 진행하시기 바랍니다.
5. 오류 유형
가. 이수구분 오류 : 첨부파일의 이수구분 변경 원칙을 확인하고 인정가능한 사항만 정정 신청
나. 전공필수 졸업요건 예외처리 : 첨부파일의 예외 인정 원칙을 확인하고 인정가능한 사항만 정정 신청
다. 재수강, 중복수강 처리 오류 : 재수강 신청을 하였는데 정상적으로 처리되지 않은 경우 등
라. 동일한 과목의 중복(이중) 인정 오류
1) 주전공에서 인정된 과목이 다전공에서 중복으로 인정되는 경우
2) 전공기초로 인정된 과목이 전공(선택, 필수) 등에 중복으로 인정되는 경우
3) 교양선택으로 인정된 과목이 교양필수 또는 전공, 다전공 등에 중복으로 인정되는 경우 등
마. 다전공 이수 관련 오류
1) 다전공을 이수하고 있는데 졸업사정표에 나오지 않는 경우
2) 다전공을 포기하였는데 졸업사정표에 나오는 경우
3) 다전공 이수학점 오류 등
바. 편입 및 전과 학점인정 결과 오류 : 학과사무실로 먼저 확인한 후 오류 여부 판단
사. 교양선택 이수학점 오류
1) 2006-2008학번 학생 중 교양필수와 교양선택을 입학년도 기준과 같이 이수하였음에도 불구하고 졸업요건 조정으로 인해 교양선택 졸업요건이 Fail로 나오는 경우
2) 2006-2008학번의 입학년도 기준 교양 이수학점 : 교양필수 14학점, 교양선택 21학점(인문대, 법대, 사회대) 또는 15학점(자연대, 경통대, 경영대, 공대, IT대)
아. 대학원 과목을 수강하여 학부 전공학점으로 인정이 필요한 경우
자. 이수과목 누락 : 채플, 졸업논문/졸업종합시험 등
*전체적인 졸업사정 일정
1. 9월 28(수) – 10월 5일(수) : 졸업사정 결과 확인 및 오류정정 신청 (학생)
2. 10월 12일(수) : 접수된 내용을 정리하여 학적팀으로 전달 (각 학과사무실)
3. 10월 21일(금) : 수정작업 완료 및 졸업사정표 반영 (학적팀)
4. 10월 24일(월) – 10월 26일(수) : 수정 결과 확인 및 이의 신청 (학생)
가. 졸업사정표를 재확인하고 신청결과가 반영되지 않았을 경우 학적팀을 방문하여 재확인
나. 1차 졸업사정 완료
5. 추후 졸업사정 계획
가. 정규학기 성적처리 후 졸업사정 재실행
나. 계절학기 성적처리 후 졸업사정 재실행
* 졸업 관련 문의 : 820-0154 (학적팀 졸업 담당자)
**안내파일 첨부"
german_language,국내 독일기업 취업 자료수집팀 모집,N/A,2011-06-30,https://gerlan.ssu.ac.kr/%ed%95%99%ea%b3%bc%ec%82%ac%eb%ac%b4%ec%8b%a4%ec%95%8c%eb%a6%bc/%ea%b3%b5%ec%a7%80%ec%82%ac%ed%95%ad/?term_id&slug=1428,"<국내 독일기업 취업 자료수집팀 모집>
우리 학과에서는 2011학년도 교육역량강화사업의 일환으로 국내에 진출한 독일기업들에 대한 취업정보를 직접 수집, 정리하는 사업을 진행합니다. 재학생들이 팀을 이루어 직접 기업들을 방문하거나, 기업 담당자를 인터뷰하는 등 여러 경로를 통해 정보를 수집하는 작업이 될 것입니다. 이 팀에 참여할 학생을 모집합니다. 관심있는 독어독문학과 학생들의 많은 지원을 기다리겠습니다.
1. 지원자격 : 독어독문학과 2, 3, 4학년
2. 선발인원 : 4명
3. 제출서류 : 신청서(지원동기는 A4 한 장 내외로 작성) / 학과홈페이지 게시판 공지 첨부파일)
4. 제출기한 : 8월 1일 월요일 12:00
5. 접수방법 : 학과이메일 gerlan@ssu.ac.kr
6. 문의 : 독어독문학과 사무실 02)820-0350 / 조만식기념관 642호
※ 참여학생에게는 장학금을 지급할 예정입니다.(금액 추후 공지)"
german_language,독어독문학과 “(주)시테코 장학생” 선발 안내,N/A,2011-06-30,https://gerlan.ssu.ac.kr/%ed%95%99%ea%b3%bc%ec%82%ac%eb%ac%b4%ec%8b%a4%ec%95%8c%eb%a6%bc/%ea%b3%b5%ec%a7%80%ec%82%ac%ed%95%ad/?term_id&slug=1427,"독   어   독   문   학   과
(주)시테코 장학금 신청 접수
주식회사 시테코(대표 89학번 이동훈)에서 독어독문학과 학생들을 대상으로 장학생을 선발합니다. 학업에 열심이며 학과에 애정이 있는 학생들의 지원을 기다립니다.
지원을 원하는 학생은 아래의 서류를 독어독문학과 사무실에 직접 제출하거나 이메일을 통해 보내주세요.
-자기소개서 (연락처 필)
-이수구분별 성적표
-제출기한 : 2011년 7월 18일(월)
-제출장소 : 독어독문학과 사무실 (조만식기념관 642호)
gerlan@ssu.ac.kr  /  02-820-0350
※문의 사항이 있으시면 독어독문학과 사무실로 전화주세요."
german_language,독일 현지 문화체험 프로젝트 설명회 (5월25일),N/A,2011-05-24,https://gerlan.ssu.ac.kr/%ed%95%99%ea%b3%bc%ec%82%ac%eb%ac%b4%ec%8b%a4%ec%95%8c%eb%a6%bc/%ea%b3%b5%ec%a7%80%ec%82%ac%ed%95%ad/?term_id&slug=1426,"독일 현지 문화 체험단 모집 설명회
2011학년도 독어독문학과 교육역량강화사업의 일환으로 “독일 현지 문화 체험 프로젝트”에 참가할 체험단을 모집합니다. 책과 수업으로만 접하던 독일의 문화를 현지에서 직접 느낄 수 있는 좋은 기회가 될 것입니다. 이와 관련하여 설명회를 개최하오니, 관심있는 학생들의 많은 참여 바랍니다.
1. 일 시 : 2011년 5월 25일(수) 오후 6시
2. 장 소 : 교육관 202호
3. 내 용 : 탐방기간과 지역, 탐방조 구성과 선발기준, 탐방비용지원 등
4. 문 의 : 독어독문학과 사무실 – 조만식기념관 642호
02)820-0350 / gerlan@ssu.ac.kr
– 독 어 독 문 학 과 –"
german_language,독일 보훔대학교 교환학생 프로그램 설명회 (자료),N/A,2011-03-24,https://gerlan.ssu.ac.kr/%ed%95%99%ea%b3%bc%ec%82%ac%eb%ac%b4%ec%8b%a4%ec%95%8c%eb%a6%bc/%ea%b3%b5%ec%a7%80%ec%82%ac%ed%95%ad/?term_id&slug=1424,"안녕하세요
2011년 3월 22일에 진행된 “독일 보훔대학교 교환학생 프로그램 설명회”의 자료 업로드 합니다.
참석하지 못한 학생들이나 자료가 필요한 학생들은 첨부된 자료를 참고하세요~
또한 궁금한 사항이 있으시면 업무시간 내에 학과사무실로 문의해 주세요
02)820-0350 / 업무시간 평일 오전 9:00 ~ 오후 5:30
독어독문학과 조교"
german_language,재학생게시판 테스트입니다.,N/A,2010-12-31,https://gerlan.ssu.ac.kr/%ed%95%99%ea%b3%bc%ec%82%ac%eb%ac%b4%ec%8b%a4%ec%95%8c%eb%a6%bc/%ea%b3%b5%ec%a7%80%ec%82%ac%ed%95%ad/?term_id&slug=1399,재학생게시판 테스트입니다
german_language,"2011 봄학기, 캐나다 크리스챤 스쿨 인턴(보조교사)모집",N/A,2010-10-20,https://gerlan.ssu.ac.kr/%ed%95%99%ea%b3%bc%ec%82%ac%eb%ac%b4%ec%8b%a4%ec%95%8c%eb%a6%bc/%ea%b3%b5%ec%a7%80%ec%82%ac%ed%95%ad/?term_id&slug=1423,"50년 전통의 캐나다 최대, 최고 사립학교 재단인 캐나다 크리스챤 스쿨 재단 (www.oacs.org) 에서는 2011년 봄학기 캐나다 크리스챤 스쿨인턴(보조교사) 모집 합니다.
*  국내에서 유일하게 캐나다 현지 교육재단이 직접 한국에서 모객하는 프로그램입니다.
*  사랑과 봉사로 돌보는 청교도풍의 크리스챤 홈스테이 가정에서 생활합니다.
*  직접 캐나다 학생들을 대상으로 단독 수업을 진행해 봄으로써,날로 그 중요성이 강조되고 있는 스피킹 향상에 놀라운 기회가 될것입니다.
*** 모집 요강 보러가기 : http://www.oacs.org/schools/International/taprog.asp
*** 인턴들의 경험담이나 현지의 생생한 소식은 블로그에 있습니다.    http://oacs.tistory.com
감사합니다.^^"
german_language,"알바 및 부업하실분 구해요~만20세이상,(90년생 생일지난분)★",N/A,2010-03-27,https://gerlan.ssu.ac.kr/%ed%95%99%ea%b3%bc%ec%82%ac%eb%ac%b4%ec%8b%a4%ec%95%8c%eb%a6%bc/%ea%b3%b5%ec%a7%80%ec%82%ac%ed%95%ad/?term_id&slug=1422,"▣ 당사에서 (재,택,업,무) 아/르/바/이/트 및 사원을 모집합니다. ◆ 본사 홈페이지에 있는 업,무,자,료을 복사 하셔서 인,터,넷,에 올리시면 됩니다. ◆ 정.해.진 업무량이 없이 집에서 자유롭게 일 하실수 있습니다.(인,터,넷,이 되는 곳이면 어디든 가능) ◆ 출퇴근 없이 장/단기 근무 및 평일/주말 근무가능 ◆ 급여는 매월 26일에 본인의 통장으로 정확히 입금됩니다. ◆ 만 20세이상 남녀 누구나 가능, 주부 및 직장인 대학생, 휴학생등 2잡,부업을 원하시는분. ◆ 급여는 월 80~200만원 이상 (열심히 하시면 고수익가능), (서울에살던 부산에살던 대구에살던 상관없음)
관심있으시거나 궁금하신점이 있으시면 이리로 문의하여 주시기바랍니다^^
koeny77@hanmail.net (제 네이트온 주소,친추바람)
chlghcks77@naver.com (제 메일 주소, 연락바람)
010-6769-3858  (제 핸드폰번호임!이리로 연락주시면 가장빠르게 상담할수있어요~)
참고로 사기나 그런거 절대아니구요!-_-;;; 다단계나 그런것도 아닙니다! 보시면 다 아실꺼에용…
그럼 좋은하루 보내시기 바랍니당 ~"
german_language,2010 기독인 신입생 오리엔테이션 안내,N/A,2010-02-11,https://gerlan.ssu.ac.kr/%ed%95%99%ea%b3%bc%ec%82%ac%eb%ac%b4%ec%8b%a4%ec%95%8c%eb%a6%bc/%ea%b3%b5%ec%a7%80%ec%82%ac%ed%95%ad/?term_id&slug=1421,사랑하고 축복합니다.
german_language,한화캠퍼스 드림파티가 당신의 과를 후원합니다,N/A,2009-10-12,https://gerlan.ssu.ac.kr/%ed%95%99%ea%b3%bc%ec%82%ac%eb%ac%b4%ec%8b%a4%ec%95%8c%eb%a6%bc/%ea%b3%b5%ec%a7%80%ec%82%ac%ed%95%ad/?term_id&slug=1420,"● 이벤트1. 홈페이지 글 올리고 외식상품권 받자!
지금 드림파티 홈페이지를 방문하셔서 우수한 컨텐츠를 올려주시는 분께 매달 3분을 뽑아 외식상품권을 드립니다!
(1등 10만원권/2등 5만원권/3등 3만원권)
1) 캠퍼스 라이프: 친구 자랑, 교수님 자랑, 학교 자랑 등 캠퍼스에서
벌어지는 특이하고 재미난 이야기라면 무엇이든지 OK! 간단한 사연과
사진을 올려주세요.
2) 한화돋보기: 한화 건물, 제품, 행사, 직원 등 주변 일상 속에서 한화와
함께 한 행복한 순간들을 사연과 함께 사진으로 올려주세요.
3) 파티이야기: 나만의 파티, 나만의 감동 이벤트, 나만의 파티 장소 등
여러분만의 노하우를 올려주세요.
● 이벤트2. 무료 파티 열어 달라고 조르기!
한화그룹이 대학생들을 대상으로 무료로 파티를 열어드립니다.
매월 1팀을 선정해서 직접 한화 캠퍼스 드림파티를 열어주고,
2팀을 드림 프레젠트로 선정하여 현물 지원을 해드립니다.
동아리나 학과의 중요한 행사가 있을 때, 교수님과의 자리를 마련하고
싶을 때 언제든지 신청해 주세요. 잊지 못할 추억을 만들어드립니다.
<한화 캠퍼스 드림파티>
● 응모 자격: 전국 각 지역 소재 대학에 재학중인 대학(원)생, 교직원 누구나
● 행사 기간: 2009년 1월~12월 연중 실시
● 행사 장소: 사연 신청 시 장소 (전국 소재 대학교 강의실 또는 강당 협의)
● 행사 인원: 50~100명 내외
● 행사 내용: 학과, 동아리 또는 그 외 대학생 단체
대학생 단체(모임) 행사에 한화 직원(해당 학교 출신 선배)이 참석하여
행사지원
● 지원 내역: 출장음식 서비스와 기타 요청 내용(협의)
● 신청 방법: 홈페이지(http://party.hanwha.co.kr)에서 파티 신청
** 매월 사연 2개를 추가로 선정해 현물(30만원 이내 간식, 기념품,
현수막 등)도 지원해 드립니다."
german_language,한화 캠퍼스 드림파티가 학과 파티를 지원해 드립니다,N/A,2009-09-27,https://gerlan.ssu.ac.kr/%ed%95%99%ea%b3%bc%ec%82%ac%eb%ac%b4%ec%8b%a4%ec%95%8c%eb%a6%bc/%ea%b3%b5%ec%a7%80%ec%82%ac%ed%95%ad/?term_id&slug=1419,"한화 캠퍼스 드림파티! 모임 있을 때 신청하러 고고씽!
대학생활, 신나는 파티가 필요할 땐 뭐?!! 한화 캠퍼스 드림파티!!
한화 캠퍼스 드림파티로 대학생활 잊지 못 할 파티를 열어보세요!
● 이벤트1. 홈페이지 글 올리고 외식상품권 받자!
지금 드림파티 홈페이지를 방문하셔서 우수한 컨텐츠를 올려주시는 분께 매달 3분을 뽑아 외식상품권을 드립니다!
(1등 10만원권/2등 5만원권/3등 3만원권)
1) 캠퍼스 라이프: 친구 자랑, 교수님 자랑, 학교 자랑 등 캠퍼스에서
벌어지는 특이하고 재미난 이야기라면 무엇이든지 OK! 간단한 사연과
사진을 올려주세요.
2) 한화돋보기: 한화 건물, 제품, 행사, 직원 등 주변 일상 속에서 한화와
함께 한 행복한 순간들을 사연과 함께 사진으로 올려주세요.
3) 파티이야기: 나만의 파티, 나만의 감동 이벤트, 나만의 파티 장소 등
여러분만의 노하우를 올려주세요.
● 이벤트2. 무료 파티 열어 달라고 조르기!
한화그룹이 대학생들을 대상으로 무료로 파티를 열어드립니다.
매월 1팀을 선정해서 직접 한화 캠퍼스 드림파티를 열어주고,
2팀을 드림 프레젠트로 선정하여 현물 지원을 해드립니다.
동아리나 학과의 중요한 행사가 있을 때, 교수님과의 자리를 마련하고
싶을 때 언제든지 신청해 주세요. 잊지 못할 추억을 만들어드립니다.
<한화 캠퍼스 드림파티>
● 응모 자격: 전국 각 지역 소재 대학에 재학중인 대학(원)생, 교직원 누구나
● 행사 기간: 2009년 1월~12월 연중 실시
● 행사 장소: 사연 신청 시 장소 (전국 소재 대학교 강의실 또는 강당 협의)
● 행사 인원: 50~100명 내외
● 행사 내용: 학과, 동아리 또는 그 외 대학생 단체
대학생 단체(모임) 행사에 한화 직원(해당 학교 출신 선배)이 참석하여
행사지원
● 지원 내역: 출장음식 서비스와 기타 요청 내용(협의)
● 신청 방법: 홈페이지(http://party.hanwha.co.kr)에서 파티 신청
** 매월 사연 2개를 추가로 선정해 현물(30만원 이내 간식, 기념품,
현수막 등)도 지원해 드립니다."
german_language,중고교재 거래 전문 사이트 스쿨부킹입니다.,N/A,2009-08-12,https://gerlan.ssu.ac.kr/%ed%95%99%ea%b3%bc%ec%82%ac%eb%ac%b4%ec%8b%a4%ec%95%8c%eb%a6%bc/%ea%b3%b5%ec%a7%80%ec%82%ac%ed%95%ad/?term_id&slug=1416,"전공책이 비싸 중고로 사려니 팔려는 사람 찾느라 고생스러우셨죠?
뽀얀 먼지가 쌓여가는 책을 팔고 싶은데 사는사람 찾기가 힘들지 않으신가요?
기존 중고 사이트는 직거래가 어렵고.. 배송하자니 믿을 수 있을까 불안하구요.
이제 학교 학우끼리 책을 직거래 할 수 있는 스쿨부킹을 사용하세요^^
학교에서 팔고자 하는 학우를 직접 만나 원하는 책의 상태를 확인하시고 사실 수 있습니다.
스쿨부킹은 같은 학교 학우들이 교과서 및 수험서를 직접 만나 거래할 수 있도록 도와주는 중개 쇼핑몰입니다.
직접 만나서 주고 받으니 배송도 필요 없고 수업에 대한 정보도 주고 받을 수 있어요
WWW.SCHOOLBOOKING.CO.KR
지금 가입하시면 2000포인트를 드립니다.
숭실대학교의 맞춤식 중고책 거래사이트 스쿨부킹!!
많이 애용해주세요"
german_language,자본론을 알아야 세계 경제위기를 넘는다,N/A,2009-04-30,https://gerlan.ssu.ac.kr/%ed%95%99%ea%b3%bc%ec%82%ac%eb%ac%b4%ec%8b%a4%ec%95%8c%eb%a6%bc/%ea%b3%b5%ec%a7%80%ec%82%ac%ed%95%ad/?term_id&slug=1415,"현재 베스트셀러가 되고 있는 <원숭이도 이해하는 자본론>의 저자 임승수 씨를 모시고
” <원숭이도 이해하는 자본론> 저자 임승수의 자본론 특강 – 자본론을 알아야 세계 경제위기를 넘는다 ”
특강을 마련하였습니다.
◆ 5월 9일(토)           1강 자본가의 이윤은 노동자의 빼앗긴 시간
저녁 7시 ~ 9시30분       2강 자본가가 노동자의 시간을 뺏는 다양한 기술들
◆ 5월 14일(목)          3강 이기적 인간, 자본주의 사회에 맞춰진 인간
저녁 7시 ~ 9시30분       4강 자본주의 세상에 독점과 공황은 필수
◆ 5월 16일(토)           5강 자본주의가 계속될수록 이윤율은 하락한다
저녁 7시 ~ 9시30분        6강 민중이 주인되는 세상은 가능한가?
*  신청은 대학생이면 누구나 가능합니다.
* FUN20 아카데미 수료자 및 현재 수강하시고 계신 분의 수강료는 2만원 입니다.
*  이번 특강은 선착순으로 접수합니다. 신청인원이 많을 시 조기 마감될 수 있습니다.
* 자세한 사항은 http://fun20.net 을 참고하세요."
german_language,고대앞 엘리트아카데미에서 영어 무료 공개강좌(개츠비)를 실시합니다…,N/A,2009-04-23,https://gerlan.ssu.ac.kr/%ed%95%99%ea%b3%bc%ec%82%ac%eb%ac%b4%ec%8b%a4%ec%95%8c%eb%a6%bc/%ea%b3%b5%ec%a7%80%ec%82%ac%ed%95%ad/?term_id&slug=1414,"황금같은 시간과 막대한 돈을 투자해서 해외연수를 꼭 가야할까요?
국내에서도 네이티브스피커 처럼 영어를 자유롭게 구사할 수 있는
방법을 “대공개”합니다. TOEIC, TOEFL, Speaking, 취업인터뷰대비등등
미국인교수가 직접 영어로 수업을 진행합니다.
엘리트잉글리쉬아카데미(www.engacademy.com)에서 1개월간 토요무료
공개강좌를 실시하니 관심있는 분들은 많이 참석해 주시기 바랍니다.
공개 강좌의 내용은 위대한 개츠비이며 개강일은 4월 4일 토요일 부터입니다.
주제 : 원어민 수준의 회화능력이란?
장소 : 고대앞 안암역 2번출구, 개운사 맞은편 엘리트잉글리쉬아카데미
일시 : 4월 4일 ~ 5월 9일 매주 금요일  오후 7시 30분 ~ 8시 30분까지
매주 토요일  오후 1시 30분 ~ 3시 30분까지
담당 : Jason Leaist(미육군학교 교수)
George Yun(본원원장)
대상 : 네이트브 스피커 처럼 자신감 넘치는
영어를 구사하고 싶으신 모든 분들
이 강좌를 통해 여러분들의 독해와 회화실력이 획기적으로 향상될 것입니다.
더욱 자세한 내용은 전화 02-923-1235로 연락주시구요,
완전 무료 공개강좌이니 많은 참석을 바랍니다. 감사합니다."
german_language,“단체복”의 모든 것”- 공장직영가격 – 동대문 20년 전통,N/A,2009-03-12,https://gerlan.ssu.ac.kr/%ed%95%99%ea%b3%bc%ec%82%ac%eb%ac%b4%ec%8b%a4%ec%95%8c%eb%a6%bc/%ea%b3%b5%ec%a7%80%ec%82%ac%ed%95%ad/?term_id&slug=1413,"안녕하세요 청보스포츠입니다.
클릭 홈페이지 연결"
german_language,"레포츠와함께하는정선 펜션(MT,OT)",N/A,2009-03-02,https://gerlan.ssu.ac.kr/%ed%95%99%ea%b3%bc%ec%82%ac%eb%ac%b4%ec%8b%a4%ec%95%8c%eb%a6%bc/%ea%b3%b5%ec%a7%80%ec%82%ac%ed%95%ad/?term_id&slug=1412,"강원도정선군정선읍에위치하는정선여행팬션는
동강청정지역으로
깨끗하고시원한공기, 많은놀거리─정선레일바이크,정선5일장,정선카지노,하이원, 등
당신과함께할 아름다운장소들입니다
특히, 정선여행펜션은 레프팅,서바이벌,4륜바이크,동강낚시 바베큐장,족구장 등 여러편리시설들로
당신의 휴가를 책임지도록하겠습니다.
www.jungsuntour.com
예약문의:서울지사02-3272-5173
010-7215-1092"
german_language,MT에 초대합니다,N/A,2009-02-07,https://gerlan.ssu.ac.kr/%ed%95%99%ea%b3%bc%ec%82%ac%eb%ac%b4%ec%8b%a4%ec%95%8c%eb%a6%bc/%ea%b3%b5%ec%a7%80%ec%82%ac%ed%95%ad/?term_id&slug=1411,"www.mt-ok.co.kr
소백산 자연캠프는
영월 동강의 물줄기와 단양의 남한강이 만나는
소백산 끝자락에 위치한 옛 초등학교를
현대적인 시설로 리모델링하여 만든 곳으로
주변의 수려한 경관과 관광지들로 풍부한 볼거리를 제공하며
신나는 레프팅과, 서바이벌 등을 즐길수 있고
태왕사신기, 일지매, 천추태후등을 촬영한 온달산성이 근처에 있으며
아시아 최대의 석회동굴인 고수동굴 온달동굴 등이 있습니다.
또한 매주 토요일에는 포크송과 통기타가 만나는 작은 음악회를 진행하여
저희 캠프를 방문하는 모든 분들께 잊지못할 추억을 만들어 드립니다
충북 단양군 영춘면 동대리 806
043-423-5502   www.mt-ok.co.kr
019-645-6780"
german_language,[1/21. 연세대] 윤용로 기업은행장님 강연회 신청하세요!,N/A,2009-01-12,https://gerlan.ssu.ac.kr/%ed%95%99%ea%b3%bc%ec%82%ac%eb%ac%b4%ec%8b%a4%ec%95%8c%eb%a6%bc/%ea%b3%b5%ec%a7%80%ec%82%ac%ed%95%ad/?term_id&slug=1410,"‘소통인 상상 실현 프로젝트 ‘
– 대학생 세상과 소통하다 –
윤용로 기업은행장님을 모시고 “국제 금융 변화와 대학생의 자세” 라는
주제를 가지고 강연을 진행하고자 합니다.
대학생 여러분의 많은 참여 부탁드립니다.
■ 강연일시 :2009년 1월 21일(수) 15:00 – 16:30
■ 강연장소 : 연세대 백양관 강당
■ 강연주제 : 국제 금융 환경의 변화와 대학생의 자세
■ 초청연사 : 윤용로 기업은행장
■ 강연주최 : 소통인 (www.sotongin.com)
전국대학연합모임 케피터즈  (http://club.cyworld.com/kepitez)
——————————————————————————–
소통인과 케피터즈는 2009 CEO 특강 첫번째!
” 윤용로 기업은행장님 ” 강연회에 많은 참여와 관심 부탁드립니다!
※ 신청방법 → http://club.cyworld.com/5174030316/110766342 댓글 남겨주세요!
* 케피터즈는 2009년 1월부터 소통인과 협력하며 대학생 대상 CEO 강연회를 비롯하여 기업 인사담당자와의 간담회 등의프로그램을 준비하고 진행하고 있습니다^^
*케피터즈의 새내기회원(1단계)도 참여 가능하니, 관심이 있으신 분들은 케피터즈에 가입하시고 참가 신청 댓글도 남겨주시기 바랍니다.
* 기업은행장님의 강연회는 부득이하게 일정 인원으로 제한됩니다. 따라서, 이 소중한 강연회에 무단으로 불참하실 경우 케피터즈의 클럽 강제탈퇴 및 재가입금지, 케피터즈와 소통인의 앞으로의 모든 행사 참가 자격에 있어 제한합니다.
* 참가인원이 총 500명인데,  229명(1월 12일 오전 1시 현재)이  신청했습니다.  빨리 참가신청하세요!^^
*문의사항이 있으시면, 케피터즈 스탭으로 활동 중인 행정학부 김대호에게 연락을 주시길 바랍니다.
goldwolfk@nate.com"
german_language,과외 해주실분,N/A,2008-10-29,https://gerlan.ssu.ac.kr/%ed%95%99%ea%b3%bc%ec%82%ac%eb%ac%b4%ec%8b%a4%ec%95%8c%eb%a6%bc/%ea%b3%b5%ec%a7%80%ec%82%ac%ed%95%ad/?term_id&slug=1409,"독문학과 2-3학년 재학생중에 중학생에게 독어와 영어 지도 해 주실분 구합니다
grolive@naver.com 으로 연락 주세요"
german_language,2008년 가을학기 시치료사/시치료전문가 추가등록 안내,N/A,2008-09-02,https://gerlan.ssu.ac.kr/%ed%95%99%ea%b3%bc%ec%82%ac%eb%ac%b4%ec%8b%a4%ec%95%8c%eb%a6%bc/%ea%b3%b5%ec%a7%80%ec%82%ac%ed%95%ad/?term_id&slug=1408,"2008년 가을학기 시치료사/시치료전문가 추가등록 안내
￭ 시치료사/ 시치료 전문가란?
인간의 발달과 心身의 전인적 건강을 위해 문학(시), 심리학, 정신분석, 예술치료 분야, 정신의학 등의 기본 이론과 실제적인 임상 능력을 갖추어 내담자 중심의 통합적 시치료 상담을 할 수 있는 전문가를 말한다.
￭ 목적
인간의 성장 과정에서 겪게 되는 심리적  어려움이나 갈등 및 위기, 삶의 문제를 극복하고 성장을 위해 시치료를 통해 도움을 줄 수 있는 이론과 임상 능력을 갖추어 실제 상담/ 치료현장에서 적용할 수 있는 심리치료사의 자질을 갖추도록 한다.
￭ 대상
시치료에 관한 전문적인 지식과 임상 훈련을 필요로 하는 대학생, 대학원생, 학부모, 교사, 강사, 사회복지사, 심리치료사, 문학치료사, 독서치료사, 예술치료사, 상담사, 정신건강 전문가, 목회자, 간호사, 의사, 작가, 출판인 등
￭ 2008 가을학기 개설과목
1. < 시치료와 상담심리학 >
– 토요일 격주 (2/4주) 오전반/ 10:00~12:00
2. < 시치료와 공감적 상담대화법 >
– 토요일 격주 (2/4주) 오후반/ 12:10~16:10
3. < 시치료론 >
– 토요일 격주 (2/4주) 저녁반 / 16:30~21:30
￭ 자격협회: (사)국제통합대체의학협회
￭ 교육주관: 한국시치료연구소
￭ 교육장소: 한국시치료연구소  ( http://www.poetrytherapy.or.kr ) 약도 참조
서울시 강남구 도곡2동 현대비전 21/ 708호
( 3호선 도곡역 4번 출구 5분 거리)
￭ 교육기간: 2008년9월27일~12월27일까지 (9월27일 개강)
￭ 문의 및 신청 접수
Tel: 02-566-8526 (한국시치료연구소)
Cel: 010-4800-7877 (최소영 소장) / 010-9516-0668 ( 한효정 간사 )
E-mail: museyoung@yahoo.co.kr ( 입학원서 제출 )
￭ 등록
1. 신청가능 확인 후 입학원서 제출 접수 (9월20일까지)
원서는 한국시치료연구소( http://www.poetrytherapy.or.kr )공지사항 103번에 공지 됨.
2. 등록 입금계좌 : 하나은행, 180-910002-73505 (오세린, 한국시치료연구소) 각
각 과목당 40 만원"
german_language,숭실대학교 공개강의평가,N/A,2008-07-13,https://gerlan.ssu.ac.kr/%ed%95%99%ea%b3%bc%ec%82%ac%eb%ac%b4%ec%8b%a4%ec%95%8c%eb%a6%bc/%ea%b3%b5%ec%a7%80%ec%82%ac%ed%95%ad/?term_id&slug=1407,
german_language,"초등,유아  과외 선생님 구합니다.^^",N/A,2008-07-09,https://gerlan.ssu.ac.kr/%ed%95%99%ea%b3%bc%ec%82%ac%eb%ac%b4%ec%8b%a4%ec%95%8c%eb%a6%bc/%ea%b3%b5%ec%a7%80%ec%82%ac%ed%95%ad/?term_id&slug=1406,"초등,유아 전문과외 “아이와 선생님” 에서
초등,유아 과외선생님을 모집합니다..
사이트 (http://www.gawetopia.com) 주소입니다.
무료 회원등록중입니다^^.
선생님 등록및 이용안내는 사이트를 참조하세요
궁금하신 사항있으시면 연락주세요^^
전화문의 02-865-8857"
german_language,이제  영어의  의문이  풀렸다,N/A,2008-06-08,https://gerlan.ssu.ac.kr/%ed%95%99%ea%b3%bc%ec%82%ac%eb%ac%b4%ec%8b%a4%ec%95%8c%eb%a6%bc/%ea%b3%b5%ec%a7%80%ec%82%ac%ed%95%ad/?term_id&slug=1405,"//도움이 될 책 한 권 소개합니다.
이처럼 감동적인 영어책은 처음 일 겁니다.
그만큼 우리가 영어에 헤메고 있다는 것이겠죠.
아마 영어에 대한 새로운 시각이 생길겁니다.
회화로까지 이어지는 진보된 영어이론을 담고 있습니다.
영어에 대한 전체적인 교통정리가 될 겁니다.
‘이제*영어의*의문이*풀렸다’라는 책입니다.
교보문고에서 검색해서 미리보기를 통해서 보시던가
아님 다///////음 /////카///////페
‘이제*영어의*의문이*풀렸다’에
들어가서 내용을 먼저 확인하세요.
운영자게시판의 내용을 읽어보세요.
PUT과 1부의 내용을 읽어보세요.
나머지도 읽어보시구요.
그리고 느낌이오면 반드시 구입해서 읽어보세요.
http://cafe.daum.net/LEEKANG"
german_language,2008′ Summer Work & Travel in USA 참가자모집,N/A,2008-04-29,https://gerlan.ssu.ac.kr/%ed%95%99%ea%b3%bc%ec%82%ac%eb%ac%b4%ec%8b%a4%ec%95%8c%eb%a6%bc/%ea%b3%b5%ec%a7%80%ec%82%ac%ed%95%ad/?term_id&slug=1404,"아직도 방학기간동안 국내에서 아르바이트하시면서 영어공부 하세요?
이번 여름방학에는 미국에 가서 돈도 벌고, 경험도 쌓으며 미국을 여행하면서 살아있는 영어를 배우는 기회를 마련해 보세요… 여러분의 미래가 밝아집니다.
돈, 경력, 관광… 그리고 Alive English 이 네가지를 한꺼번에… 자… 서두르세요!!!
● 지원자격
– 연령 : 만 18세~28세 이하 (남자의 경우 군 미필자도 가능)
– 학력 : 2, 3년제 대학이상 및 대학원 재학생 (전공 및 경력 무관)
– 영어실력 : 초급 이상 (앤제이 트레인턴 전화인터뷰 통과자)
● 선발분야 및 실습정보
– 선발분야 : 호텔, 리조트 및 기타 (주방보조, 하우스키핑, 음식서빙, 소매점 등)
– 실습지 : 미국 전지역
● 실습기간 및 급여
– 실습기간 : 2008년 6월 ~ 2008년 8월말 (대학 방학일정에 맞춰 실시하며 근무지 상황에 따라 변동 가능합니다; 약 1개월은 미국여행)
– 급여 : 시간당 US $7~9 수준 (주 30~40시간 실습)
● 선발인원 및 마감일자
– 선발인원 : 20명 (선착순)
– 선발마감 : 2008년 5월 9일(금) 접수분까지 (선발인원이 채워지면 조기종료 할 수 있음)
● 참가비 내역
– 전형료 : 10만원 (참가신청서 작성 후 입금; 환불불가)
서류전형 비용, 채용 인터뷰, 서류(Application Form, Reference Form, Student Status Report 등) 작성지원
– 참가수속비 : 140만원
진행비, Job Placement Fee, DS-2019 발급비용, 보험료(J-1 Visa Holder에 대하여 보험가입은 필수), 송금비용, 출국 전 Orientation 포함
※ 특별행사로, 금년 여름방학 프로그램에 한하여 참가자분들의 부담을 덜기위해 나누어드린 전단지와 달리 전형료와 참가수속비를 각각 대폭 낮췄으니 많은 대학(원)생분들의 관심과 참여 바랍니다.
※ 또한 5명이상 단체신청분에 한하여 ‘1인당 15만원’의 비자대행비를 지원해 드립니다.
● 서류전형합격자 및 면접일정
– 1차 : 서류전형합격자 발표 및 개별 인터뷰 일정 통보
– 2차 : 전화 영어 인터뷰 (영어 초급이상 참가가능)
– 3차 : 실습확정서 (DS-2019) 발급
더 자세한 사항은 저희 홈페이지 www.traintern.com 프로그램안내 또는 모집정보에서 확인하시거나 전화 02-3148-6789로 문의하시면 됩니다.
감사합니다."
german_language,연합IT벤쳐동아리 S.O.P.T에서 2기 회원을 모집합니다,N/A,2008-03-12,https://gerlan.ssu.ac.kr/%ed%95%99%ea%b3%bc%ec%82%ac%eb%ac%b4%ec%8b%a4%ec%95%8c%eb%a6%bc/%ea%b3%b5%ec%a7%80%ec%82%ac%ed%95%ad/?term_id&slug=1403,"연합 IT 벤쳐 동아리 S.O.P.T에서 자신의 열정을 외칠 준비가 되어있는 여러분을 환영합니다.
＊ S.O.P.T는…?
각 분야별로 열정이 가득한 대학생들이 서로 모여 기획, 디자인, 개발에 대해 공부하고 이를 토대로 프로젝트를 진행합니다.
또한 SOPT내에서 대학생활의 낭만을 위해 다양한 사람들과의 인맥을 쌓고 좋은 추억을 만들 수 있습니다.
개개인의 실력과 지역차를 고려하며 남녀 성비 50대 50의 적절한 팀구성으로 원활한 프로젝트 진행은 물론 함께 스터디를 합니다.
자신의 열정을 외칠 준비가 되어있는 대학생이면 누구나 지원가능합니다.
이곳에서 대학생의 사랑과 낭만을 만드시고, 실력과 경험을 쌓으세요.
S.O.P.T에서 여러분들의 뜨거운 열정을 기다리겠습니다.
* 모집대상 : 수도권내 재학 및 휴학중인 대학생이면 누구나
* 모집기간 : ~ 08.3.14(금)
* 모집분야 : 기획, 개발, 디자인
* 지원 방법 : http://sopt.org 에서 온라인 지원.
* 면접일 : 08.3.15(토) 14:00~18:00, 08.3.16(일) 14:00~18:00
(부득이한 사유로 특정일에 면접이 불가능한 경우, 그리고 면접대기자분들의 면접대기시간을 줄이기 위해 면접시간을 정하여 개별 연락드리도록 하겠습니다.)
* 장소 : 동국대학교 원흥1관 E417
* 합격자발표 : 08.3.19(수) 홈페이지(http://sopt.org)에 공지합니다.
* 담당자 – 김경민 : 010-9223-0687, 황지윤 : 016-9716-1986
궁금한 사항이나 기타 문의는 담당자에게 연락을 주시거나 홈페이지에 글을 남겨주세요^^"
german_language,[토론영어]틀림없이 되는 영어토론으로 영어를 끝내자!-영어어휘 걱정…,N/A,2007-12-27,https://gerlan.ssu.ac.kr/%ed%95%99%ea%b3%bc%ec%82%ac%eb%ac%b4%ec%8b%a4%ec%95%8c%eb%a6%bc/%ea%b3%b5%ec%a7%80%ec%82%ac%ed%95%ad/?term_id&slug=1402,"<<영어에 관심있는 학생 및 교직원분들은 이 글을 읽는 자체만으로도 유익한 정보가 됩니다. 만약 원치 않으신다면 메일을 주세요.>>
** 확실히 되는 영어토론 코스 – 회원 접수합니다. 전국 어디에서나 가능합니다.
** 영어 달성 목표 : 5주 내에 정한 주제에 대한 영어 숙달자 혹은 미국인과 함께 유창한 토론이 가능함. (5주 내에 속독, 듣기, 말하기, 작문 통합 코칭) – 목표달성 이후는 상호협의로 관리 함.
** www.quickread.co.kr/school 에서 2개월을 설정하고 구매하시면 됩니다. (예상 완결기간 5주-8주 – 특허 출원 코스)
** <<조건부 구매-선택사항>> – 만약에 5~8주안에 주제에 대해 유창하게 영어가 나오지 않으면 지불한 모든 금액을 환불합니다. 그 대신 그렇게 영어가 될 때는 비용을 배로 부과합니다. 믿지 않는 분을 위한 조건부 코칭입니다.
** 1개월 비용으로 환산하면 대학생 과외비용과 같거나 약간 더 비싼 비용입니다. 과외는 방문 과외하고 나면 끝나지만 이 코칭은 기간동안 계속 관리를 하기 때문에 더 피곤한 일이며 유창한 토론코치 혹은 미국인 토론코치가 일부 투입되기 때문에 비용이 더 많이 들어가는 것임을 이해해 주시기 바랍니다.
** 의문사항이나 문의사항은 www.quickread.co.kr 홈페이지의 Contact Us에서 메일을 보내세요. **
영어 읽고, 쓰고, 말하고, 듣기 잘하기 위해서 여러 방법을 동원하고 시간낭비 많이 했잖아요. 잘 되지 않았겠지요. 그러나 여러분! 아래 글을 잘 읽어 보세요. 읽어 보는 것만으로 영어를 돌파하는데 반은 이루어 졌습니다. – 실천만 남았습니다.
영어의 모든 책 어휘를 분석(홈페이지에 SW분석기 있음)하면 책의 80% 페이지는 약 천(1,000)개의 단어로 구성되어 있습니다. 천개의 단어는 여러분이 너무 잘 아는 단어입니다. 그런데 왜 여러분은 영어 리딩에 자신이 없고 영어 스피킹에도 유창하지 않는가요?
그 해답이 여기에 있습니다. 해리포트 1~4권(약 천2백 페이지)의 단어총계는 15,651개(일부 중복됨)입니다, 그런데 천2백 페이지의 80%인 960 페이지의 단어는 단지 1,068개(6.82%)단어 입니다. 결국 천(1,000)개의 단어를 아주 숙달되지 않으면 14,683개를 잘 이해한다고 할지라고 이해가 쉽지 않다는 말입니다. 역으로 천개의 단어를 자유자재로 다룬다면 14,683개의 단어를 대충 알아도 쉽게 이해가 되는 것입니다.
또한 리딩이 잘 되지 않는 원인은 한 권의 책에 그 천개의 단어로 구성된 문장들을 보면 같은 문장이 거의 없다는 것이다. 즉, 영미인들은 그 천개의 단어를 아주 다양하게 조합해 사용한다는 사실입니다. 그러므로 영어 리딩, 스피킹을 잘하기 위해서는 강의를 들어서 해결될 문제의 성질이 아니며 여러분들이 직접 체험하고 숙달을 해야 되는 것입니다.
특히, 영어회화체(550개), 토익의 단어(약1,000개 이하)는 그 비중이 더욱 낮습니다. 그래서 토익, 토플 점수가 높아도 천개 단어에 완전히 익숙하지 않은 고득점자는 리딩이 잘 되지 않고 말하는데도 자신감이 없다는 것은 당연한 사실입니다.
인터넷 뉴스를 검색하다 우연히 본 내용을 소개해 보겠습니다. 한국의 모 유명 국제대학교에 대한 기사인데 이런 내용입니다. <-기사 인용글- “‘교수가 영어를 못하니까 스크립트(대본)를 미리 짜오는 게 아니냐’고 우리끼리 우스갯소리를 한다”고 말했다. 그래서 일부 학생들은 참다못해 똑같은 과목이되 차라리 한국어로 진행하는 수업을 들으려고 했지만 그럴 수 없었다. -인용 끝-, -기사인용- XX대 공대의 한 관계자도 ""이공계열 교수들 중에서는 유학을 다녀와도 영어 강의가 되지않는 사람이 적지 않다""며 ""학생들에게 이런 교수들의 강의에 열중하라고 주문하는 것이 옳은지 모르겠다.""고 말했다.-인용끝> 어떤 한국인 교수님의 영어실력이 너무 없다고 하는 기사입니다. 자!  여러분, 그 교수님은 적어도 유학파일 것인데 왜 수강학생이 한국교수님이 영어실력이 없다고 토로했겠는가요? 그 교수님이 진짜 영어실력이 없었어 그렇겠는가요? 그렇지 않습니다. 이 역시 천개의 단어가 자유롭게 숙달을 되지 않아서 그런 평을 듣는 것입니다. 영미인들이 평생 사용하는 천개의 단어는 그저 아는 것으로는 해결이 되지 않습니다.
그렇다고 제발 문제지 구입해서 답을 풀지 마세요. 아니면 한 유학파 교수의 예에서 보듯이 여러분도 영미인 일대일 개인 지도니 해외연수만 갔다오면 영어가 모두 해결 될 듯이 말하지 마세요. 꼭 그렇게 하고 싶다면 영어 소설책 한 권이라도 읽고 해외 연수라도 갔다 오세요. 그러면 귀중한 돈 낭비, 시간 낭비를 대폭 줄일 수 있습니다.
이런 ** 모든 영어문제를 해결하기 위해서 ** Quick Reading 토론영어 코칭에서 그 해답을 찾아 특허출원을 했습니다. 코칭을 받으면 읽고, 속독하고, 듣고, 말하고, 쓰고, 토론을 동시에 단기간에 해결을 합니다. 과정을 보면 단순하고 모두 아는 것이라 생각할 수 있지만 이 속에 여러분이 알지 못하는 숨은 노-하우가 있습니다. 그리고 대부분의 대학생들은 중학교 정도 이상의 영어실력은 모두 가지고 있습니다. 그래서 한번이라도 본 단기코스를 끝내면 어떤 주제에 대해서 토론이 자유롭게 이루어지며 여기서 말한 천단어에 익숙해지게하는 것입니다. 이 코칭을 마치고 나면 영어실력이 있다면 체득한 영어지식이 더 상승되고, 영어실력이 없다면 기초를 다져 어떤 영어라도 읽고, 쓰고, 말하고, 듣는데 겁나지 않습니다.
또 한 가지 이 코스를 진행하는데 말하고 싶은 것은 우리의 대부분 뇌에 습관화된 것이 있는데 항상 수동적으로 선생님에게 가르침을 받아왔기 때문에 수동적으로 무엇인가를 받지 않으면 값어치가 없다고 생각한다는 것이다. 영국이나 유럽의 수업은 주로 토론식 세미나이란 말을 들어 보셨겠지요. 그래서 어떤 석, 박사코스는 주로 리서치 과정이라서 영국에 간 한국 유학생이 한국에 돌아와서 자유롭게 리스치를 하고 있는 것을 보았을 것입니다. 이런 학습제도는 어짜피 학업은 학생이 하는것이고 교수는 지도과 관리만 하면 된다는 인식에서 나온 것입니다. 영어를 배우기 전에 먼저 비용을 지불하고 앉아 듣고 있는 타성에 젖은 수동적인 학습 두뇌를 해방시켜 보세요. 그러면 자율적인 학습 마인드가 될 수 있습니다.
그래서 우리의 코칭에서는 가르쳐 주는 것은 아무것도 없습니다. 가르치는 것은 배우는 여러분 자신이 자신을 가르쳐야 됩니다. (누구를 가르치면 확실히 지식이 명확해 집니다. 그 대신 학생들은 편할 수 있으나 학생 자신이 각자 알아서 처신해야 되는 단점이 있습니다. 어떤 면에서는 주객이 전도된 것이지요.) 우리는 단지 연구한 지식으로 단계별로 코칭해서 목표에 달성하도록 관리를 컨설팅 할 뿐입니다. 이것은 강의를 하는 것 보다 더 힘든 작업입니다. 강의는 동영상을 만들어 다운로드시키고 들려주면 끝납니다. 그것은 너무 쉽고 무책임한 것인데 여러분은 너무 만족하고 있습니다. 그러나 현실적으로 생각하면 그것이 맞든 틀리든 소비자가 좋다고 하는것을 해주어야 보수를 쉽게 받을 수가 있으니. 양심과 돈, 선택하기 참 힘든 일입니다.
거두절미하고, 우리의 단기간 코스는 최소의 기간에 최대의 효과를 내도록 관리하고 도와주는 것임을 잊지 말기 바랍니다. 만약에 이 글을 읽고 영어리딩이 역시 중요하구나 생각하고 결심 후 도전해 보세요. 그 많은 단어, 숙어에 질리면 해설서 읽고 좀 하다 얼마가지 않아 포기합니다.
그런데 이 코스는 여러분이 아주 잘 아는 단어에 몇 십 페이지로 시작합니다. 이것만 코칭대로하면 그 다음에 그 주제에 대해 자유롭게 토론이 됩니다. 어떤 분은 충분히 이해하지 않고 학원과 같이 생각하기 때문에 불만으로 생각하는 분도 계시는데 이 코칭은 선생님이 공부하고 학생은 듣기만 하는 수동적인 코스가 아닙니다.  학생 스스로 목표달성을 해서 선생님 보다 더 잘하도록 관리하고 체크하고 점검하는 것입니다.
++ 이번 방학을 맞이하여 코칭을 받을 분들을 모십니다. ++
이제는 영어회화, 토익시대가 아니라 **토론영어**입니다. 이번 방학을 맞이하여 코칭을 받을 분들을 모십니다. 프로그램 기간 2개월치를 입금하시면 바로 그날부터 원거리 코칭 내지 면담 코칭이 시작됩니다. 개인별 코칭비용은 약 수백만 원 정도이며 그룹코칭도 인원수에 따라 백만 원 이상이어야 코칭비용의 체산성이 맞습니다. 이번 코칭은 면담, 원거리일 경우 전화, 이메일 코칭으로 가장 저렴한 비용으로 99만원에 기회를 드리고 2개월 동안 이루어 집니다. 이 과정은 여러분이 하기에 따라 개인별 코칭과 별다를 것이 없습니다.
지원한 인원이 불충분할 경우 환불 조치됩니다. 카드결제 가능합니다. 여러분이 혼자하면 포기하고 중도 하차하겠지만 단계별로 확실히 진행하도록 철저히 관리해 드립니다.
바쁘지 않은 분 더 읽어 보세요.
우리가 말하는 토론영어가  2-3주 내에 코칭대로 실행하면 유창하게 영어가 된다고 말하면 잘 믿지 않는 분이 계십니다. 그런데 어떻게 모든 분야에 대해 그리고 언어의 네가지 기능을 완벽하게 2-3주 내에 끝내겠습니까? 그렇다면 여러분은 한국말은 모든 분야에 대해 이해 가능하고 쓰고, 발음하고 하는 것이 완벽 하십니까?
여기에 Quick Reading 토론영어를 2-3주 실행하면 어느 만큼할 수 있는지와 실제로 증명하는 예를 어떤 블로그에서 발견했습니다.
아래에 어떤 의사 선생님의 영어 인터뷰에 대한 자신의 체험기가 있어 첨부 했습니다. Quick Reading 토론영어 개발자도 미국인들과 10년을 근무했지만 아래 의사 선생님과 같이 그들에게 영어실력을 속였다고나 할까요. 직장에서는 유창(?)했지만 밖에서는 그렇지 않으니 문제였는데. 이번 Quick Reading 토론영어는 아래의 실증의 예과 같이 2-3주 내에 아무런 의심없이 코칭의 지시대로 하면 의사 선생님과 같이 진땀도 흘릴 필요없이 유창하게 영어가 되면서 여기에 숨은 몇가지 단점<하단 글 예-영어로 연극을 할 때 영어로 대사 잘 한다고 영어 잘 하는 것은 아니겠죠?>을 극복시켜 훈련하기 때문에 어떤 상황에서도 생각을 영어로 하도록 발화력을 증대시켜 줍니다.
그래서 이 코칭 코스는 많은 경험에서 관찰과 통찰 속에서 이런 방법을 고안해 낼 수 있었음을 알려 드리며 경험없이는 거의 불가능한 일일 수 있습니다. 왜냐하면 이 코칭을 그대로 철저히 수행해서 여러분이 유창하게 영어를 한다고 할지라도 왜 내가 이렇게 유창하게 할 수 있었는지를 본 개발자가 아니면 그 진단이 되지 않는다는 것입니다. 소위 말해서 경험하고 실패한 관록에서 나온 것입니다.
=== 아래 글은 미국에서 의사를 하는 한인의사의 경험담 일부 발췌 내용 ===
제가 미국에서 병원 입사 인터뷰를 마치고 한국에 돌아와서 친구들을 만났습니다. 한결같이 하는 말은 얼마나 영어를 잘하기에 미국병원에서 면접을 볼 수 있느냐는 것이었습니다. 하긴 저 자신도 우스운 것이 필라델피아의 모 대학병원에서 면접을 보는데 그 병원 교수님이 물어보시더군요. 자신이 많은 한국 사람을 보았는데 대부분 매우 명석하고 지식이 많았다. 하지만 영어는 별로더라. 너는 한국인인데 어떻게 그렇게 영어를 잘하느냐고 하면서 자신이 요즘 스페인어를 공부중인데 실력이 도통 늘지 않는다 무슨 방법으로 하면 좋겠느냐고 오히려 면접하러간 저에게 자문을 구하는 일이 있었습니다.
솔직히 고백을 드리면 당시 인터뷰를 위해 미국을 다닐 때 제 영어실력은 정말 생존만 가능한 정도의 영어(survival English라고 그러죠)였습니다. 그럼 유창한 영어실력으로 인터뷰를 준 미국의 의대 교수를 사로잡은 비결은 무엇일까요. 여러분, 영어로 연극을 할 때 영어로 대사 잘 한다고 영어 잘 하는 것은 아니겠죠? 그렇습니다. 저는 그냥 예상 질문과 모범답안을 만들어서 완벽히 연극 대사 외우듯이 공부하고 가서 답변을 했던 겁니다.
물론 모범답안 놓고 준비한 것이 누굴 속이기 위해 나쁜 일 한 것은 아닐 겁니다. 미국인 지원자들도 예행연습은 한다고 그러던데요. 문제는 너무 준비를 잘한 나머지 저의 한참 부족한 영어를 감추는 수준을 넘어서 외국어 공부 비결을 미국 교수에게 가르쳐야 하는 상황을 만들었으니 정말 희극적인 상황된 것이죠. 그 인터뷰에서 제가 식은땀을 흘리며 제 예상 답변에는 없는 외국어 공부의 비결을 가르치는 모습을 상상해 보세요. 정말 세상에서 가장 긴 인터뷰였습니다.
기본기를 기르는 진짜 영어공부의 첫 단계는 전에 말씀드린 대로 영어책 읽기 입니다.
– ko.usmlelibrary.com 뉴욕에서 의사하기 일부내용 발췌 –
== CBS FM “배한성의 아주 특별한 인터뷰”  한인 미 육군 소령. 하버드대 박사 서진규 2편에서 발췌 ==
<중략> “그런데 그 점에서 한국의 교육방식이 너무 수동적인 식으로 가르쳐서 그 버릇이 남아있기 때문에, 하버드에서는 세미나나 자기의 의견을 확실히 발표하고 토론을 잘 해야 하는데 거기서 이 아이(한국 학생)들이 밀리는 거예요. 그래서 처음에는 많이 힘들어 해요. 하지만 그것도 또 금방 한국 사람들은 극복해 냅니다. ” <중략>
** 의문사항이나 문의사항은 www.quickread.co.kr 홈페이지의 Contact Us에서 메일을 보내세요. **
E-mail: help@quickreading.co.kr
homepage: www.quickread.co.kr"
german_language,제1회 피자헛 대학생 광고 공모전,N/A,2007-10-26,https://gerlan.ssu.ac.kr/%ed%95%99%ea%b3%bc%ec%82%ac%eb%ac%b4%ec%8b%a4%ec%95%8c%eb%a6%bc/%ea%b3%b5%ec%a7%80%ec%82%ac%ed%95%ad/?term_id&slug=1401,"<행사명>	제1회 피자헛 대학생 광고 공모전
<참가대상>	전문대 및 4년제 대학에 재학 또는 휴학중인 대학(원)생
개인 또는 팀(4인 이내)
<공모주제> 	신제품 프레쉬 고메이 브랜드 인지도 제고 및 구매 유도를 위한 광고 및 마케팅 전략
<참가부문>	TV 광고 스토리보드 / 인쇄 광고 / 마케팅 기획서
<응모기간>	2007년11월 5일~11월 25일
<응모방법>	공식 홈페이지(www.pizzahutstar.co.kr)에서 온라인 접수
<시상내역>	대상 (1팀): 상금 500만원 및 상패
금상 (부문별 1팀-총 3팀): 상금 200만원 및 상패
은상 (부문별 1팀-총 3팀): 상금 50만원 및 상패
프레쉬고메이상 (100팀): 피자헛 피자 무료 시식권 1장
<수상작 발표> 2007년12월 12일 (온라인 공지 및 개별 통지)
<주최>	한국피자헛(주)
<제출방법>
1. 접수기간: 2007년11월 5일~11월 25일 자정까지
2. 접수방법: www.pizzahutstar.co.kr (피자헛 대학생 광고 공모전 홈페이지)
작품응모에 들어가 참가신청 및 작품설명을 작성하고 작품파일을 첨부하여 업로드 해 주시기 바랍니다.
* 응모는 피자헛 공모전 홈페이지를 통해서만 가능합니다
* 접수내용:  팀명, 팀장, 팀원(4인이내), 작품명 및 작품설명, 작품파일 첨부
<응모형식 및 규격>
1. TV광고 스토리보드 부문
-분량: 30초 TV 광고 스토리보드 (스토리보드 양식 다운로드하여 사용)
-규격: jpg 파일 / 72dpi / 5MB 미만
2. 인쇄광고 부문
-분량: A4 사이즈(210*297mm)
-규격: jpg 파일 / 72dpi / 5MB 미만
3. 마케팅 기획 부문
-분량: PPT 30P 이내 기획서
-규격: MS 파워포인트 / 8MB 미만
*수상작은 추후 300dpi 파일을 제출해야 하오니 원본은 보관해 주시기 바랍니다.
<주의사항>
-응모작품은 반드시 제시된 양식과 규격에 맞아야 하며, 규격과 다르게 응모할 시에는 심사대상에서 제외될 수 있음
-응모작품은 발표가 되지 않은 새로운 창작물에 한하며, 기성 작품의 모방작으로 판명될 시에는 심사에서 제외되며,
수상하였더라도 사후 수상을 취소함
-응모작에 대한 판권 및 저작권은 회사에 귀속되며, 작품은 반환되지 않음"
german_language,독어독문학과 여러분!! 나이키배 마라톤 대회 참가합시다~!!,N/A,2007-10-24,https://gerlan.ssu.ac.kr/%ed%95%99%ea%b3%bc%ec%82%ac%eb%ac%b4%ec%8b%a4%ec%95%8c%eb%a6%bc/%ea%b3%b5%ec%a7%80%ec%82%ac%ed%95%ad/?term_id&slug=1400,"글이 없네요.. 그래도 보시는 분 있으시리라 믿고 올립니다.
안녕하세요. 숭실대 컴퓨터부 학생 박정욱입니다.
다름이 아니라 좋은 대회가 있는 있음에도 불구하고 모르는 분들이 많은 것 같아 이렇게
글을 올립니다.
학교의 이름을 걸고 뛰는 대학간 대항 10km 러닝!
각 학교의 명예를 걸고 펼쳐질 100인의 러닝 배틀에 참가하세요.
http://nike.co.kr/nikeplus/nuc/info/info_01.jsp
아직 홍보가 제대로 안되어서 잘 모르고 계시는 분도 많으신데요.
숭실대학교 학생여러분 많이 참가해서 꼭 우리학교가 상품먹자구요!!
학교별로 100명씩 모아 대회가 이루어지는데 다른 학교 역시 홍보가
잘안된 관계로 저희 학생 100명만 모이면 상품은 그저 먹을 거 같습니다.
운동삼아 좋은 기회로 뛰시고 또 상품도 받고 일석이조입니다.
마라톤 좋아하시는 분은 바로 참가.
마라톤 평상시 모르시는 분도 이번기회로 마라톤과 좀 더 친해지자구요.
독어독문학과이면 여학생분들이 많을 것 같은데;;
이번 기회에 접해보는 것도 나쁘지 않아요!! 꼭 함께 해요^^
참가비 5000원에 기념티는 전원증정이니 티값생각하면 엄청 쌉니다.
나이키에서 후원하는 대회라 좋은 대회입니다.
꼭 많은 분들이 참가해 주셔서 저희 학교가 꼭 상품 먹었음 좋겠습니다.
꼭 싸이트 들어가셔서 한번 확인해보시고 참가해주세요.
시험끝나고 뛰면서 스트레스 풉시다!!!!!!!!!!!
상품도 먹을 수 있습니다!!!!!!!!!!!!!!!!!!!!
2007년 10월 24일 현재 숭실대학교 20명 참가입니다.
제가 열심히 홍보하면 충분히 100명 만들수있습니다.
단, 여러분의 많은 도움이 필요합니다. 같이 이루어 갑시다! ^^
친구분들끼리 같이 참여하는 것이 무엇보다 가장 좋을 것 같습니다~~!!
숭실대 독어독문학과 화이팅입니다~!!"
