department,title,author,date,link,content
japanese_language,[졸업] 2025-2학기 졸업 대체 자격증 및 졸업논문 제출 안내,N/A,2025-09-24,https://japanstu.ssu.ac.kr/%ed%95%99%ea%b3%bc%ec%82%ac%eb%ac%b4%ec%8b%a4%ec%95%8c%eb%a6%bc/%ea%b3%b5%ec%a7%80%ec%82%ac%ed%95%ad/?term_id&slug=5612,"2025-2학기 졸업 예정자분들은 기한 내 졸업 대체 자격증 혹은 졸업논문을 제출하여 주시기 바랍니다.
졸업 대체 자격증
-JLPT N1(점수 표기 필수) 또는 JPT 700점 이상이며, 제출일 기준 2년 이내 취득분 만을 인정.
-제출기한은 11월 말까지 이며, 스캔하여 학번, 성함과 함께 학과 이메일(japanstu@ssu.ac.kr)로 제출
졸업논문
-10/24(금)까지 졸업논문계획서를 지도교수님과 논의 후 작성하여 학과 사무실로 ‘직접’ 제출
-논문완본은 11월 말까지 제본하여 1부를 학과 사무실로 ‘직접’ 제출(소프트, 스프링 제본 둘 다 가능)
-졸업논문계획서 및 졸업논문 양식은 첨부파일 확인
기타 문의사항은 학과홈페이지 공지사항 내 ‘[중요안내] 일어일문학과 내규(2025.09.12. 수정)’ 혹은 학과사무실(02-820-0530)로 문의"
japanese_language,[안내] 2025학년도 한나장학생 모집 안내(~9/29),N/A,2025-09-18,https://japanstu.ssu.ac.kr/%ed%95%99%ea%b3%bc%ec%82%ac%eb%ac%b4%ec%8b%a4%ec%95%8c%eb%a6%bc/%ea%b3%b5%ec%a7%80%ec%82%ac%ed%95%ad/?term_id&slug=5602,"2025학년도 한나장학생 모집 안내
한나장학금은 우리 학과 겸임교수를 역임하신 김정희 교수님께서 출연해 주신 기금으로 운영하는 일어일문학과 내부 장학금입니다.
조금이나마 학업 수행에 도움이 되었으면 합니다. 많은 지원 바랍니다.
1, 대상: 일어일문학과 1학년
2. 모집인원: 2명
3.  구비서류: 자기소개서, 주민등록등본 각 1부
4. 신청기한: 9월 29일(월) 12시까지 학과사무실로 직접 제출 혹은 이메일(japanstu@ssu.ac.kr) 제출
5. 장학금액: 1,200,000원(1인당)
6. 지급시기: 10월 중 예정
7. 수여식 일자 / 장소: 10월 1일(수) 15:00~15:30 / 일어일문학과 사무실(조만식기념과 646호)
* 장학생은 수여식 행사에 반드시 참석해야 함.
8. 유의사항: 전과, 자퇴 시 수령한 장학금을 반환해야 함.
9. 기타 문의사항은 학과 사무실(02-820-0530)로 연락 바랍니다."
japanese_language,2025학년도 2학기 백마성적우수장학금 선발 기준 안내,N/A,2025-07-21,https://japanstu.ssu.ac.kr/%ed%95%99%ea%b3%bc%ec%82%ac%eb%ac%b4%ec%8b%a4%ec%95%8c%eb%a6%bc/%ea%b3%b5%ec%a7%80%ec%82%ac%ed%95%ad/?term_id&slug=5591,"[자격요건]
가.
2025학년도 2학기 국가장학금을 신청하여 소득분위 조회가 가능한 자
1) 국가장학금 1차 신청자에 한하여 등록금고지서 사전감면
2) 1차 미신청자: 2차 신청/서류제출 확인 후 지급
(2차 신청자 중 한국장학재단 구제신청 시 사후지급)
3) 국가장학금을 신청할 수 없는 대한민국 국적 미소지자도 선발 가능
(단, 순수외국인전형으로 입학한 외국인유학생은 선발 불가)
나. 2025학년도 2학기 재학 및 복학 예정자로 해당 학기 등록금 납부 예정인 자
1) 2025학년도 2학기 前 등록휴학 후 복학 시 선발 대상에서 제외(등록대체자)
2) 학기 중 미등록, 입학취소, 복학취소 등으로 인한 학적변동 시 모든 장학금 취소
3) 선발 후, 학기 시작 준 또는 중도 휴학 시 백마성적우수장학금은 복학 학기로 이월
※ 추가 또는 교체 선발 시 재학 중인 학생만 선발 가능(휴학생에 대한 추가/교체 불가)
다. 직전 학기 15학점 이상 이수한 자(졸업 직전학기는 직전학기 12학점 이상)
라. 2025학년도 2학기가 정규등록학기 8학기 이내인 자(건축학부 건축학전공: 정규등록 10학기 이내인 자)
마. F학점 포함 학적부성적 기준 직전 학기
3.8 이상
인 자
바. 모든 교내장학금간 중복수혜 불가
1) 신청장학금 중 수혜금액이 큰 장학금으로 자동 선발
2) 중복수혜 가능 장학금: 국가장학금, 교외장학금, 학과우수장학금, 기타 학업장려비 지원 목적 장학금 등
사. 졸업예정자 선발 불가(조기졸업 대상자 포함)하므로 유의
또한 다음과 같은 학과 내규에 따라 장학금이 지급되오니 참고하시기 바랍니다.
1) 1학년 재학생은 전공기초와 전공선택과목을 전부 이수해야 함.
2) 2, 3학년 재학생은 전공선택 3과목 이상 이수해야 함.
3) 4학년 재학생은 전공선택 2과목 이상 이수해야 함.
4) 전과를 신청한 학생은 백마 성적 장학금 선발 대상에서 제외됨."
japanese_language,[졸업] 2025-1학기 졸업 대체 자격증 및 졸업논문 제출 안내,N/A,2025-03-18,https://japanstu.ssu.ac.kr/%ed%95%99%ea%b3%bc%ec%82%ac%eb%ac%b4%ec%8b%a4%ec%95%8c%eb%a6%bc/%ea%b3%b5%ec%a7%80%ec%82%ac%ed%95%ad/?term_id&slug=5497,"2025-1학기 졸업 예정자분들은 기한 내 졸업 대체 자격증 혹은 졸업논문을 제출하여 주시기 바랍니다.
졸업 대체 자격증
-JLPT N1(점수 표기 필수) 또는 JPT 700점 이상이며, 제출일 기준 2년 이내 취득분 만을 인정.
-제출기한은 5월 말까지 이며, 스캔하여 학번, 성함과 함께 학과 이메일(japanstu@ssu.ac.kr)로 제출
졸업논문
-4/18(금)까지 졸업논문계획서를 지도교수님과 논의 후 작성하여 학과 사무실로 ‘직접’ 제출
-논문완본은 5월 말까지 제본하여 1부를 학과 사무실로 ‘직접’ 제출(소프트, 스프링 제본 둘 다 가능)
-졸업논문계획서 및 졸업논문 양식은 첨부파일 확인
기타 문의사항은 학과홈페이지 공지사항 내 ‘일어일문학과 내규(2025.03.17. 수정)’ 혹은 학과사무실(02-820-0530)로 문의"
japanese_language,[중요안내] 일어일문학과 내규(2025.09.12. 수정),N/A,2025-03-18,https://japanstu.ssu.ac.kr/%ed%95%99%ea%b3%bc%ec%82%ac%eb%ac%b4%ec%8b%a4%ec%95%8c%eb%a6%bc/%ea%b3%b5%ec%a7%80%ec%82%ac%ed%95%ad/?term_id&slug=5494,"25.09.12.(금) 부로 학과 내규가 최신화되어 안내해드립니다.
제
1
장 내규의 적용
제
1
조
(
내규의 적용
)
숭실대학교 일어일문학과(이하 “일어일문학과”라 한다.) 학생(재학생, 휴학생 및 수료자 포함)에게는 일어일문학과의 내규가 적용된다.
제
2
장 졸업
제
2
조
(
졸업심사 요건의 충족
)
일어일문학과 학생은 졸업 심사를 받기 위하여 숭실대학교의 학칙 및 일어일문학과의 내규에서 정하는 요건을 충족해야 한다. 요건을 충족하지 아니한 학생이 졸업 심사자료를 제출한 경우에는 심사하지 아니하며, 졸업심사를 받지 아니하면 졸업할 수 없다.
제
3
조
(
학점의 이수
)
일어일문학과 학생은 졸업 심사를 받기 위하여 다음과 같이 전공 교과목을 이수해야 한다. 교양과목 등 전공 외 교과목의 경우 숭실대학교의 학칙을 따른다. 타 전공 인정과목을 이수한 경우에는 전공선택 학점을 이수한 것으로 본다.
2024학년도 이전 입학자는 단일전공(부전공 포함)을 하는 경우 전공기초 15학점, 전공선택 60학점을 이수해야 하고, 복수전공을 하는 경우 전공기초 15학점, 전공선택 42학점을 이수해야 한다. 이 경우 전공선택 학점에 전공기초 학점은 포함되지 않는다.
2024학년도 입학자부터는 단일전공(부전공 포함)을 하는 경우 전공기초 15학점, 전공선택 72학점을 이수해야 하고, 복수전공을 하는 경우 전공기초 15학점, 전공선택 36학점을 이수해야 한다. 이 경우 전공선택 학점에 전공필수 학점은 포함되지 않는다.
제
4
조
(
학년별 수강신청의 요건
)
일어일문학과 학생들은 전공선택 과목의 학년별 기준을 준수하여 수강 신청을 진행하여야 한다.
5학기에 해당하는 재학생부터는 전공기초 및 1학년 전공선택 과목 수강이 불가하다.
7학기에 해당하는 재학생부터는 전공기초 및 1학년과 2학년 전공선택 과목 수강이 불가하다.
재수강 학생 및 편입생 또는 전과생에 해당하는 경우 학과장의 승인을 조건으로 전공기초 수업 및 1학년과 2학년 전공선택 과목을 수강할 수 있다.
제
5
조
(
졸업논문계획서 및 졸업심사자료 제출
)
일어일문학과 학생은 졸업심사를 받기 위하여 일어일문학과 사무실에서 공지한 기한까지 졸업논문계획서 및 다음의 어느 하나에 해당하는 졸업심사자료를 제출해야 한다.
졸업논문: 일본어학, 일본문학 및 그 밖에 일본과 관련된 분야에서 논문 주제를 선택하여 작성한다.
일본어 국제공인 어학증명서: 공인된 기관의 일본어 국제공인시험에서 아래의 성적 기준을 충족한 학생의 경우 제출한 어학증명서로 졸업논문을 갈음한다. 다만, 어학증명서는 제출 시점으로부터 2년 이내의 취득분만을 유효한 것으로 한다.
1) JLPT: N1 이상
2) JPT: 700점 이상
제
6
조
(
성적장학금 선발 기준의 요건
)
일어일문학과 학생들은 백마성적장학금 대상으로 선발되기 위하여 다음의 각 학년별 기준을 충족하여야 한다. 단, 전과를 신청한 학생들은 백마성적장학금 선발 대상에서 제외된다.
1학년 재학생은 전공기초와 전공선택과목을 전부 이수해야 한다.
2학년과 3학년 재학생은 전공선택 3과목 이상 이수해야 한다.
4학년 재학생은 전공선택 2과목 이상 이수해야 한다.
제
7
조
(
교환학생 학점인정 요건
)
일어일문학과를 전공하는 학생 중 파견 교환학생으로 선발되어 해외 대학에서 수학하는 경우 해당 대학에서 수강한 과목의 학점은 다음의 기준에 따라 인정된다.
일어일문학과를 주전공으로 하는 학생의 경우 일어일문학과 전공선택 학점의 최대 9학점까지 인정한다.
타학과를 주전공으로 하는 부전공, 복수전공 학생의 경우 일어일문학과 전공선택 학점의 최대 6학점까지 인정한다.
제
8
조
(
현장실습학기제 학점인정 요건
)
일어일문학과 재학생 중 현장실습학기제에 참여하는 경우 정규학기 간 진행되는 장기 현장실습의 경우에만 전공선택 학점이 인정되며, 전공선택 학점은 최대 6학점까지 인정된다."
japanese_language,[안내] 2025-1학기 학과근로장학생 모집공고,N/A,2025-01-23,https://japanstu.ssu.ac.kr/%ed%95%99%ea%b3%bc%ec%82%ac%eb%ac%b4%ec%8b%a4%ec%95%8c%eb%a6%bc/%ea%b3%b5%ec%a7%80%ec%82%ac%ed%95%ad/?term_id&slug=5464,"2025
학년도
1
학기 학과근로장학생 모집 안내
2025학년도 1학기 학과근로장학생을 다음과 같이 모집하니 많은 지원 바랍니다.
근로장학생 자격 및 선발기준
가. 2025학년도 1학기 국가장학금을
1
차
신청하고 소득분위가
9
분위 이내인 자
※ 국가장학금을 신청할 수 없는 대한민국 국적 미소지자도 선발 가능
(단, 순수외국인전형으로 입학한 외국인 유학생은 선발 불가)
나. 2025학년도 1학기 재학 및 복학예정자로 해당학기 등록금 납부 예정인 자
1) 2025학년도 1학기 전 등록휴학 후 복학시 선발 불가(등록대체자)
2) 학기 중 미등록, 입학취소, 복학취소 등으로 인한 학적변동시 모든 장학금 취소
3) 2025학년도 1학기 기준
이수학기가
2~7
학기만 가능
(
건축학 전공은
9
학기까지
)
※
마지막학기 재학생은 선발 불가
다. 직전학기 취득학점 및 학업성적 제한 없음
라. 타 장학금과 중복수혜 가능(근로장학금 간 중복 불가)
※ 본 장학금은 학업장려비 지원 목적으로 등록금(입학금 및 수업료)를 초과하여 지급
마. 국가근로장학생 및 교내근로장학생에 선발되지 않은 자
※
국가근로 및 교내근로 선발자가 포기 후 학과근로 선발될 수 없음
근로장학생 종류별 장학금액 및 근로시간
장학금명
시간당 장학금
총 근로시간 (학기)
1인당 장학금액(원)
학과근로A
10,030원
10시간*20주=200시간
2,006,000
학과근로B
10,030원
5시간*20주=100시간
1,003,000
※ 일어일문학과는 학과근로A만 선발
※ 장학금은 매월 지급하며, 실 지급액은 근로시간에 따라 달라질 수 있음
※ 주 기준은 학기당 받을 수 있는 장학금액 산정을 위한 것이며, 총 시간 내에서 8월까지
근로할 수 있음
※ 장학금 지급일: 매월 셋째주 금요일 예정(Ex. 9월분 근로장학금 지급일: 10월 셋째주 금요일)
유의 사항
가. 선발된 학생은 소속부서에서 지정된 근로시간 동안 근무해야 하며, 학기 중 학적변동
(휴학, 자퇴, 제적 등) 등 불가피한 사유가 인정되는 중도 포기 시 근로 시간 만큼 지급
나. 2025년 7월 근로평가 전까지 교체 가능(단, 교체 전 학생의 근로시간을 차감)
다.
국가근로 및 교내근로로 선발 시 학과근로 선발에서 제외됨
(선발 우선순위: 1. 국가근로, 2. 교내근로, 3. 학과근로)
–
신청절차
가. 학생신청방법: u-SAINT포털 → 등록/장학 → 장학메뉴 ‘근로장학금’→학과근로A 신청 → 지원서 출력 → 지원서 제출
※
u-SAINT
출력본 제출 필수
나. 온라인접수 및 서류제출기간:
2025
년
2
월
3
일
(
월
) 10:00 ~ 2
월
7
일
(
금
) 17:00
※
제출 일시 이후 제출본은 불인정하니 유의
1) 제출서류: 지원서(u-SAINT출력본)
2) 제출장소: 각 학과사무실
–
선발결과 발표
:
2025년 2월 24일(월) 18:00 이후 본교 홈페이지 공지사항 공지 예정
문의
:
일어일문학과 사무실(전화번호: 820-0530)"
japanese_language,2025학년도 1학기 백마성적우수장학금 선발기준 안내,N/A,2025-01-13,https://japanstu.ssu.ac.kr/%ed%95%99%ea%b3%bc%ec%82%ac%eb%ac%b4%ec%8b%a4%ec%95%8c%eb%a6%bc/%ea%b3%b5%ec%a7%80%ec%82%ac%ed%95%ad/?term_id&slug=5453,"[자격요건]
가. 2025학년도 1학기 국가장학금을 신청하여 소득분위 조회가 가능한 자
1) 국가장학금 1차 신청자에 한하여 등록금고지서 사전감면
2) 1차 미신청자: 2차 신청/서류제출 확인 후 지급
(2차 신청자 중 한국장학재단 구제신청 시 사후지급)
3) 국가장학금을 신청할 수 없는 대한민국 국적 미소지자도 선발 가능
(단, 순수외국인전형으로 입학한 외국인유학생은 선발 불가)
나. 2025학년도 1학기 재학 및 복학 예정자로 해당 학기 등록금 납부 예정인 자
1) 2025학년도 1학기 前 등록휴학 후 복학 시 선발 대상에서 제외(등록대체자)
2) 학기 중 미등록, 입학취소, 복학취소 등으로 인한 학적변동 시 모든 장학금 취소
3) 선발 후, 학기 중 휴학 시 백마성적우수장학금은 복학 학기로 이월
※ 추가 또는 교체 선발 시 재학 중인 학생만 선발 가능(휴학생에 대한 추가/교체 불가)
다. 직전 학기 15학점 이상 이수한 자(졸업 직전학기는 직전학기 12학점 이상)
라. 2025-1학기가 정규등록학기 8학기 이내인 자(건축학과 건축학전공: 정규등록 10학
기 이내인 자)
마. F학점 포함 학적부성적 기준 직전 학기
3.8 이상
인 자
바. 모든 교내장학금간 중복수혜 불가
1) 신청장학금 중 수혜금액이 큰 장학금으로 자동 선발
2) 중복수혜 가능 장학금: 국가장학금, 교외장학금, 학과우수장학금, 기타 학업장려비 지원 목적 장학금 등
사. 졸업예정자 선발 불가(조기졸업 대상자 포함)하므로 유의
또한 다음과 같은 학과 내규에 따라 장학금이 지급되오니 참고하시기 바랍니다.
1) 1학년 재학생은 전공기초와 전공선택 과목을 전부 이수해야 함.
2) 2,3학년 재학생은 전공선택 3과목 이상 이수해야 함.
3) 4학년 재학생은 전공선택 2과목 이상 이수해야 함.
4) 전과를 신청한 학생은 백마 성적 장학금 선발 대상에서 제외됨.
2025.01.13
일어일문학과"
japanese_language,[안내] 2025학년도 수강신청 안내,N/A,2024-12-24,https://japanstu.ssu.ac.kr/%ed%95%99%ea%b3%bc%ec%82%ac%eb%ac%b4%ec%8b%a4%ec%95%8c%eb%a6%bc/%ea%b3%b5%ec%a7%80%ec%82%ac%ed%95%ad/?term_id&slug=5419,
japanese_language,[안내]2024학년도 한나장학생 모집 안내(~11/4),N/A,2024-10-14,https://japanstu.ssu.ac.kr/%ed%95%99%ea%b3%bc%ec%82%ac%eb%ac%b4%ec%8b%a4%ec%95%8c%eb%a6%bc/%ea%b3%b5%ec%a7%80%ec%82%ac%ed%95%ad/?term_id&slug=5359,"2024학년도 한나장학생 모집 안내
한나장학금은 우리 학과 겸임교수를 역임하신 김정희 교수님께서 출연해 주신 기금으로 운영하는 일어일문학과 내부 장학금입니다.
조금이나마 학업 수행에 도움이 되었으면 합니다. 많은 지원 바랍니다.
1, 대상: 일어일문학과 1학년
2. 모집인원: 2명
3.  구비서류: 자기소개서, 주민등록등본 각 1부
4. 신청기한: 11월 4일(월) 15시까지 학과사무실로 직접 제출 혹은 이메일(japanstu@ssu.ac.kr) 제출
5. 장학금액: 1,000,000원(1인당)
6. 지급시기: 11월 중 예정
7. 유의사항: 전과, 자퇴 시 수령한 장학금을 반환해야 함.
8. 기타 문의사항은 학과 사무실(02-820-0530)로 연락 바랍니다."
japanese_language,[졸업]2024-2학기 졸업 대체 자격증 및 졸업 논문 계획서 제출 안내,N/A,2024-09-19,https://japanstu.ssu.ac.kr/%ed%95%99%ea%b3%bc%ec%82%ac%eb%ac%b4%ec%8b%a4%ec%95%8c%eb%a6%bc/%ea%b3%b5%ec%a7%80%ec%82%ac%ed%95%ad/?term_id&slug=5353,"2024-2학기 졸업 예정자분들은 기한 내 졸업 대체 자격증 혹은 졸업논문을 제출하여 주시기 바랍니다.
졸업 대체 자격증
-JPT 700점 이상(제출일 기준으로 2년내 취득분만 유효) 혹은 JLPT N1 이상(점수가 표기되어 있어야 함.)
-제출기한은 11월 말
까지 이며, 스캔하여 학번, 성함과 함께 학과 이메일(japanstu@ssu.ac.kr)로 제출
졸업논문
-10/18(금)까지 졸업논문계획서를 지도교수님과 논의 후 작성하여 학과 사무실로 직접 제출
-논문완본은 11월 말까지 제본하여 1부를 학과 사무실로 직접 제출(소프트, 스프링 제본 둘 다 가능)
-졸업논문계획서 및 졸업논문 양식은 첨부파일 확인
기타 문의사항은 학과홈페이지 졸업요건 메뉴 혹은 학과사무실(02-820-0530)로 문의"
japanese_language,[안내]제18회 일본어 스피치 콘테스트 주최 안내,N/A,2024-08-28,https://japanstu.ssu.ac.kr/%ed%95%99%ea%b3%bc%ec%82%ac%eb%ac%b4%ec%8b%a4%ec%95%8c%eb%a6%bc/%ea%b3%b5%ec%a7%80%ec%82%ac%ed%95%ad/?term_id&slug=5346,"제18회 일본어 스피치 콘테스트를 다음과 같이 주최하오니 많은 참여 부탁드립니다.
*일시: 2024.10.10(목) 16:30~18:30
*장소: 조만식기념관 209호
*진행방식: 2~3인이 한 팀을 이루어 한국과 일본에 관한 자유 주제에 관해서 팀원 상호간에 일본어로 토론하는 방식으로 진행(팀당 15~20분 동안 진행)
*포상
-최우수상: 장학금 80만원 및 상장
-우수상: 장학금 60만원 및 상장
-장려상: 장학금 30만원 및 상장
*신청마감:
~09.13(금) 17:00까지
*신청방법:
팀대표가 신청양식을 작성하여
학과사무실 메일(japanstu@ssu.ac.kr)로 제출
(양식을 작성하여 서명 후 PDF파일로 제출)"
japanese_language,[일어일문학과]일어일문학과 내규(2024.01.17. 수정),N/A,2024-01-17,https://japanstu.ssu.ac.kr/%ed%95%99%ea%b3%bc%ec%82%ac%eb%ac%b4%ec%8b%a4%ec%95%8c%eb%a6%bc/%ea%b3%b5%ec%a7%80%ec%82%ac%ed%95%ad/?term_id&slug=5268,"수강신청 건
1) 3학년은 1학년 수업 수강 불가
2) 4학년은 1,2학년 수업 수강 불가
단, 편입생 및 전과생인 경우 1학년 전공기초 수업이나 2학년 과목을 이수 시에 학과장님의 승인을 조건으로 수강 가능하다.
장학금 신청 건
1) 1학년 재학생은 전공기초와 전공선택과목을 전부 이수해야 함.
2) 2,3학년 재학생은 전공선택 3과목 이상 이수해야 함.
3) 4학년 재학생은 전공선택 2과목 이상 이수해야 함.
4) 전과를 신청한 학생은 백마 성적 장학금 선발 대상에서 제외됨.
교환학생 학점인정 건
1) 단일전공자인 경우 일어일문학과 과목 최대 9학점 까지 인정.
2) 타학과 복수전공자 및 부전공자인 경우 일어일문학과 최대 6학점 까지 인정.
일어일문학과
2024.01.17"
japanese_language,[졸업]일어일문학과 졸업요건(2021.07.21자 최신화),N/A,2021-07-21,https://japanstu.ssu.ac.kr/%ed%95%99%ea%b3%bc%ec%82%ac%eb%ac%b4%ec%8b%a4%ec%95%8c%eb%a6%bc/%ea%b3%b5%ec%a7%80%ec%82%ac%ed%95%ad/?term_id&slug=3394,"졸 업 요 건
1.어학자격증: JPT 700점 이상(2009년 입학생부터/이전 입학생은 650점 이상) 혹은 JLPT N1 이상
2.졸업논문: 논문양식에 맞춰서 작성된 논문완본을 3부 사무실로 제출(소프트 제본)
7학기째인 학생 중 어학 자격증 미소지자는 논문계획서를 개강 후 20일까지 반드시 제출할 것(학기 초에 메일로 공지함).
논문계획서 양식은 첨부파일의 양식을 따르며, 임의의 변경은 불가능함.
논문완본 제출은 8학기 11월말까지 (2월 졸업생), 5월말까지 제출(8월 졸업생). 어학자격증도 같은 기간내에 제출.
제출 기한 이후에 제출할 경우, 학사일정에 따라 반영이 안되서 해당학기 졸업이 어려울 수 있으니 기간 준수 필요.
논문완본 제출 이전에 반드시 논문계획서에 지도교수님 확인을 받아 사무실로 제출할 것.
졸업논문양식은 첨부파일의 양식을 따르며, 형식의 변경은 불가능함. 반드시 양식에 따라 작성할 것.
개인정보의 변경이 있을 경우 학사시스템에도 변경할 것. 변경되지 않을 경우 졸업을 포함한 연락이 누락될 수 있음.(전화번호/메일주소 확인)
졸업이수구분은 수시로 확인하여 이상이 있을시 학과사무실에 문의바람(졸업논문 및 자격증 입력여부는 6월 중순/12월 중순경부터 반영됨)
기타 졸업에 관한 문의 사항이 있을 시, 학과사무실(japanstu@ssu.ac.kr)로 문의주시기 바랍니다.(메일로 문의할 경우, 좀 더 원활한 답신이 가능)
*학기가 시작하는 3월, 9월에 1차 졸업여부 확인을 위한 메일이 전송될 예정이며 4월, 10월 초순 경에 논문계획서 및 어학자격증 제출을에 대한 메일을 전송할예정입니다. 학사시스템(u-saint)에 입력된 메일주소를 확인해주시기 바랍니다.
일어일문학과"
japanese_language,[중요안내]일어일문학과 수강신청관련 학과내규2-수강신청,N/A,2021-03-12,https://japanstu.ssu.ac.kr/%ed%95%99%ea%b3%bc%ec%82%ac%eb%ac%b4%ec%8b%a4%ec%95%8c%eb%a6%bc/%ea%b3%b5%ec%a7%80%ec%82%ac%ed%95%ad/?term_id&slug=3099,"<수강신청 관련 학과 내규>
4학년은 1학년과 2학년 전공교과목을 원칙적으로 수강할 수 없으며, 3학년은 1학년 전공교과목을 원칙적으로 수강할 수 없다.
단, 부득이한 사정으로 수강하고자 하는 경우 학과장 교수님께 허락을 받아야 한다."
japanese_language,[중요안내]일어일문학과 수강신청관련 학과내규1-전공교과목 수강인원,N/A,2021-03-12,https://japanstu.ssu.ac.kr/%ed%95%99%ea%b3%bc%ec%82%ac%eb%ac%b4%ec%8b%a4%ec%95%8c%eb%a6%bc/%ea%b3%b5%ec%a7%80%ec%82%ac%ed%95%ad/?term_id&slug=3094,"전공교과목 수강인원을 원칙적으로 아래와 같이 정한다.
1학년 전공교과목 총원 40명
2학년 전공교과목 총원 40명
3학년 전공교과목 총원 35명
4학년 전공교과목 총원 25명
단, 부득이한 경우 담당교수님께 의논하고 담당교수님이 학과장교수님과 상의하여 결정한다."
japanese_language,[안내] 2025학년도 교육수요자만족도조사 실시,N/A,2025-11-12,https://japanstu.ssu.ac.kr/%ed%95%99%ea%b3%bc%ec%82%ac%eb%ac%b4%ec%8b%a4%ec%95%8c%eb%a6%bc/%ea%b3%b5%ec%a7%80%ec%82%ac%ed%95%ad/?term_id&slug=5629,"숭실대학교에서 25.11.28.(금)까지 교육수요자만족도조사를 실시하니 많은 참여 부탁드립니다.
대상
설문 참여 링크
주요 유관부서
학부생(내국인)
https://seolmoon.com/?4135L
단과대학/학부(과)
학부생(외국인-한영)
https://seolmoon.com/?4136L
단과대학/학부(과) 및 국제팀
학부생(외국인-한중)
https://seolmoon.com/?4137L
단과대학/학부(과) 및 국제팀
대학원생(내국인)
https://seolmoon.com/?4138L
일반/특수 대학원
대학원생(외국인-한영)
https://seolmoon.com/?4139L
일반/특수 대학원 및 국제팀
대학원생(외국인-한중)
https://seolmoon.com/?4140L
일반/특수 대학원 및 국제팀"
japanese_language,[안내] 2025학년도 겨울계절제 국내대학 학점교류 신청 안내,N/A,2025-10-23,https://japanstu.ssu.ac.kr/%ed%95%99%ea%b3%bc%ec%82%ac%eb%ac%b4%ec%8b%a4%ec%95%8c%eb%a6%bc/%ea%b3%b5%ec%a7%80%ec%82%ac%ed%95%ad/?term_id&slug=5619,
japanese_language,[안내] 2025-2학기 농촌출신대학(원)생 학자금 대출 시행 안내,N/A,2025-07-07,https://japanstu.ssu.ac.kr/%ed%95%99%ea%b3%bc%ec%82%ac%eb%ac%b4%ec%8b%a4%ec%95%8c%eb%a6%bc/%ea%b3%b5%ec%a7%80%ec%82%ac%ed%95%ad/?term_id&slug=5583,"□ 주요사항
〇 지원목적:농어촌지역 학부모의 교육비 부담 경감 및 농촌출신 대학(원)생에 대한 균등한 교육기회 제공
〇 대출금액:당해 학기 대학(원)이 통보한
등록금 전액
※ 생활비는 농촌학자금대출 대상에서 제외(한국장학재단 일반상환·취업후상환 생활비대출로 이용 가능)
〇 대출조건:
무이자
〇 대출일정
구  분
기  간
비  고
신청 및 서류제출
2025. 7. 2.(수) ~ 2025. 7. 29.(화)
재단 내부심사(거주 및 종사요건 등)
대출 심사
2025. 7. 30.(수) ~ 2025. 8. 20.(수)
대출 실행
2025. 8. 21.(목) ~ 2025. 10. 2.(목)
개인별 대학지정계좌 지급
※ 상기 일정은 추진상황 및 대체공휴일 지정 등에 따라 변동 가능
※ 신청 시작일 09:00부터 24:00까지 신청 가능(주말 및 공휴일 포함). 단, 신청마감일은 18:00까지 신청 가능
※ 실행은 실행기간 중 09:00∼17:00까지 가능(주말 및 공휴일 제외). 단, 대학별 수납마감 시간 이내에만 가능"
japanese_language,[안내] 2025학년도 2학기 교내장학금 시행 및 신청 안내,N/A,2025-05-28,https://japanstu.ssu.ac.kr/%ed%95%99%ea%b3%bc%ec%82%ac%eb%ac%b4%ec%8b%a4%ec%95%8c%eb%a6%bc/%ea%b3%b5%ec%a7%80%ec%82%ac%ed%95%ad/?term_id&slug=5567,"1. 교내장학금 자격요건
가. 2025학년도 2학기 국가장학금 신청(1차: ~ 2025.06.23(월) 18:00까지 신청) 및 서
류 제출을 완료하고 소득분위가 조회된 자
나. 2025학년도 2학기 재학 및 복학(예정)자로 등록금 납부 예정인 자
1) 2025학년도 2학기 前 등록휴학 후 복학 시 장학생 선발대상에서 제외
2) 미등록, 입학취소, 복학취소, 휴학 등 학적변동 시 모든 장학금 취소
다. 직전학기 15학점 이상 이수한 자(최종 정규학기의 경우, 직전학기 12학점 이상)
라. 정규등록학기가 8학기 이내인 자(건축학부 건축학전공은 10학기 이내)
2. 학생 신청절차
가. 온라인 신청 및 서류제출기간 :
2025.6.2(월)10:00 ~ 2025.06.27(금) 17:30
※ 2차: 2025. 09. 01(월)~ 2025. 09. 26(금) 예정
나. 학생 신청방법: u-SAINT포털 → 등록/장학 → 장학메뉴 → 장학금 신청
다. 학생 서류제출: 온라인 신청기간 내 방문 및 등기우편제출 가능(세부내용 붙임 파일 참
조)
※ 단, 전문자격시험합격자장학금의 경우 등기우편 불가"
japanese_language,2025학년도 1학기 AI 기반 맞춤형 학습지원(슈터디) 운영 안내,N/A,2025-05-19,https://japanstu.ssu.ac.kr/%ed%95%99%ea%b3%bc%ec%82%ac%eb%ac%b4%ec%8b%a4%ec%95%8c%eb%a6%bc/%ea%b3%b5%ec%a7%80%ec%82%ac%ed%95%ad/?term_id&slug=5556,
japanese_language,[장학팀] 25-1학기 특별재난지역(산불피해) 지원 장학금 장학생 선발 홍보,N/A,2025-04-28,https://japanstu.ssu.ac.kr/%ed%95%99%ea%b3%bc%ec%82%ac%eb%ac%b4%ec%8b%a4%ec%95%8c%eb%a6%bc/%ea%b3%b5%ec%a7%80%ec%82%ac%ed%95%ad/?term_id&slug=5545,"2025학년도 특별재난지역(산불피해)지원 장학금 장학생을 선발하오니 확인하시고 지원하시기 바랍니다.
1. 지원목적: 2025년 산불 화재로 경제적 곤란과 어려움에 처한 학생에게 장학금 지원하여 학비 부담을 경감하고 학업에 대한 동기를 부여하고자 함
2. 지원대상: 2025년 산불로 인하여 피해를 입은(학부모 또는 학생이 특별재난지역 거주)학부 재학생
3. 자격요건
가. 2025학년도 1학기 등록한 학부 재학생
나. 2025년 산불로 인한 피해 사실이 확인된 자
다. 정규등록 8학기 이내인 자(건축학과 건축학전공은 정규등록 10학기 이내)
4. 지원금액: 피해사실확인서에 따라 학교가 정한 금액
(생활비 지원 목적 최대 300만 원)
5. 선발일정 및 제출서류
가. 일정
1) 신청기간: 2025.5.23.(금) 15:00까지
2) 결과발표: 2025.5.30.(금) 예정
3) 장학금지급: 6월 중
(대표학생 10명에게 해당 장학금 기부자에 대한 감사편지를 요청드릴 수 있으니 양해부탁드립니다.)
나. 제출서류
1) 장학금 신청서(붙임파일)
2) 피해사실확인서(관할 주소지 행정복지센터 등 관공서에서 발행)
3) 가족관계증명서(피해자와의 관계 확인용)
※ 제출서류는 2025년 3월 이후 발급분에 한하여 유효함
다. 신청방법: 제출서류를 장학팀 이메일(
ser@ssu.ac.kr
)로 송부
6. 문의: 학생처 장학팀 교외장학 담당(02-820-0819)
붙 임: 장학금 신청서 양식 1부. 끝."
japanese_language,[홍보] 2025학년도 여름 학기 현장실습학기제 안내,N/A,2025-04-15,https://japanstu.ssu.ac.kr/%ed%95%99%ea%b3%bc%ec%82%ac%eb%ac%b4%ec%8b%a4%ec%95%8c%eb%a6%bc/%ea%b3%b5%ec%a7%80%ec%82%ac%ed%95%ad/?term_id&slug=5524,"1. 2025-여름학기 현장실습학기제 주요 일정
가. 기업 참여 신청기간: 2025.4.21(월)~5.1(목)
나. 학생 참여 신청기간: 2025.5.2(금)~5.15(목)
※ 추가 신청일정 별도 진행
다. 실습기간: 2025.6.24(화)~8.31(일), 해당 기간 중 최소 한달 이상
※ 2025-여름학기 ~ 2025-2학기까지 총 6개월 연계 실습도 가능"
japanese_language,[안내] 2025학년도 국제학생증 발급 이벤트 안내 및 홍보 요청,N/A,2025-03-19,https://japanstu.ssu.ac.kr/%ed%95%99%ea%b3%bc%ec%82%ac%eb%ac%b4%ec%8b%a4%ec%95%8c%eb%a6%bc/%ea%b3%b5%ec%a7%80%ec%82%ac%ed%95%ad/?term_id&slug=5501,"1. 취지 및 배경
가. 국제학생증은 대학생들의 수요가 상당한 금융서비스 상품 중 하나임
나. 65대 총학생회(S:SURE)와 대학본부가 시중 은행과의 협상을 통해 이벤트를 유치하였음
다. 궁극적으로 학생들의 캠퍼스 생활 만족도를 제고하고자 함
2. ISIC 국제학생증 개요
가. 해외여행 등에 요긴하게 사용할 수 있는 금융권에서 발급하는 서비스 상품(체크카드) 증 하나임. 학교에서 발급하는 통상의 학생증 개념에는 해당하지 않음
나. 서비스 혜택이 매력적이고, 학생들의 수요가 상당한 것으로 관찰됨
다. 발급비: 19,000원 내외
(본 이벤트 기간 중 무료)
3. 추진 계획
가. 일정
기간
추진 사항
비고
3.17.(월)
이벤트 홍보물 게시
총학생회, 학생서비스팀
3.18.(화)~4.9.(수
)
수요자 신청
하나은행 온라인 신청 페이지
4.10.(목)~11.(금)
학적 상태 확인
학생서비스팀
4.14.(월)~
발급 및 배부
하나은행
나. 참여 대상:
본교에 재학, 휴학 중인 [학부생, 대학원생]
다. 발급 비용: 무료
라. 참여 방법
1) 본교 홈페이지 공지사항을 통해 온라인 신청
가) 한글: https://lrl.kr/cgzyo
나) 영어: https://lrl.kr/cWw0K
2) 신청 페이지 URL: http://www.isic.co.kr/hbr/143002
3) QR"
japanese_language,[안내] ’25년 숭실대학교 찾아가는 전입신고창구’ 운영 및 이용 안내,N/A,2025-02-21,https://japanstu.ssu.ac.kr/%ed%95%99%ea%b3%bc%ec%82%ac%eb%ac%b4%ec%8b%a4%ec%95%8c%eb%a6%bc/%ea%b3%b5%ec%a7%80%ec%82%ac%ed%95%ad/?term_id&slug=5482,"동작구청 주관으로 시행하는 ‘2025년 숭실대학교 찾아가는 전입신고창구’ 운영을 다음과 같이 안내하니 많은 이용 바랍니다.
1. 취지
가. 본교의 학생들과 지역주민의 전입신고 행정업무 처리 편의 도모
나. 총학생회 학생복지 증진 사업의 일환
다. 동작구의 적극행정의 일환
2. 운영 내용
가. 주관: 동작구청 행정자치과
나. 일시: 2025.2.17.(월) ~ 3.6.(목) [수요 집중 시기 동안 임시 운영]
다. 장소: 학생회관 4층 emart24 편의점 옆 공간
라. 주요 사항
1) 전입신고, 주택임대차계약신고
2) 전세사기예방 상담 제공
3) 전입구민 생활안내서 배부
4) 상도1동 1인가구 전입지원 홍보 및 물품(택배송장지우개) 증정"
japanese_language,[안내] 한국장학재단 주거안정장학금 신청 안내,N/A,2025-02-05,https://japanstu.ssu.ac.kr/%ed%95%99%ea%b3%bc%ec%82%ac%eb%ac%b4%ec%8b%a4%ec%95%8c%eb%a6%bc/%ea%b3%b5%ec%a7%80%ec%82%ac%ed%95%ad/?term_id&slug=5475,
japanese_language,[안내] 국가장학금 2차 신청 안내,N/A,2025-02-05,https://japanstu.ssu.ac.kr/%ed%95%99%ea%b3%bc%ec%82%ac%eb%ac%b4%ec%8b%a4%ec%95%8c%eb%a6%bc/%ea%b3%b5%ec%a7%80%ec%82%ac%ed%95%ad/?term_id&slug=5471,"[국가장학금 2차 신청 안내]
가. 신청기간: 2025.02.04.(화) 09:00~03.18.(화) 18:00
나. 서류 제출 및 가구원 동의 기간: 2025.02.04.(화) 09:00~03.25.(화) 18:00
다. 신청대상: 신입생(고3, 재수생 등 입학예정자), 재학생, 편입생, 재입학생, 복학생 등
모든 학적 신청가능
※ 재학생은 1차 신청이 원칙이며, 재학중 2회에 한해 2차 신청으로 수혜가능
※ 국가장학금 신청후 소득분위 심사가 완료된 학생에게 교내장학금 지급이 가능하므로
반드시 신청
라. 신청방법: 한국장학재단 홈페이지(www.kosaf.go.kr) 및 모바일 앱에서 신청"
japanese_language,[안내] 2025-1학기 자유전공학부 신입생을 위한 재학생 멘토 모집,N/A,2025-01-31,https://japanstu.ssu.ac.kr/%ed%95%99%ea%b3%bc%ec%82%ac%eb%ac%b4%ec%8b%a4%ec%95%8c%eb%a6%bc/%ea%b3%b5%ec%a7%80%ec%82%ac%ed%95%ad/?term_id&slug=5467,"대학에서 금년 신설되는 자유전공학부 신입생을 위한 멘토를 모집 중에 있으니 많은 관심 바랍니다.
1. 개요
다양한 학과(부)의 재학생 선배-자유전공학부 신입생 간 멘토·멘티 프로그램
2. 역할
-자유전공학부생의 전공탐색 활동 지도(1인 5~7인의 멘티 담당)
-재학생 선배의 전공 및 대학생활 경험 전수
3. 활동내용
-‘전공탐색과 설계’ 교과목 연계 전공탐색 멘토링 총 5회 예정
기간: 2025.03.12.~2025.04.09. 중 매주 수요일6-7교시(15:00~18:00)
-자유멘토링 2회(2025. 04.09~2025.05.09. 중 2회)
-멘토교육 참여: 3월 첫째주 예정(1회, 3시간)
4. 혜택
-활동증명서 발급
-활동장학금 지급: 약 30만원 내외(단, 상기 활동에 모두 참여한 경우)
-우수멘토 선발 시 장학금 지급
5. 선발기준
-자기주도적으로 후배들의 전공탐색 및 대학생활 적응을 도와줄 수 있는 자
-‘전공탐색과 설계’ 교과목 연계 전공멘색 멘토링(5회)과 멘토교육 일정 참여 가능자
-의사소통능력 및 리더십역량을 갖춘 자
6. 지원방법
– 제출기한: 2025년 2월 7일(금)  12:00
– 첨부문서를 학과 이메일 “japanstu@ssu.ac.kr”로 제출
* 파일 제출 시 “파일명(20OOOOOO_김OO)”으로 제출"
japanese_language,[안내] 2025학년도 국내대학 학점교류 실시 및 신청 안내,N/A,2025-01-14,https://japanstu.ssu.ac.kr/%ed%95%99%ea%b3%bc%ec%82%ac%eb%ac%b4%ec%8b%a4%ec%95%8c%eb%a6%bc/%ea%b3%b5%ec%a7%80%ec%82%ac%ed%95%ad/?term_id&slug=5456,"1. 신청 자격
가. 2025학년도 1학기 3~7학기 재학생
나. 직전 학기까지 학업성적이 총 평점 평균 3.0 이상
다. 학칙에 의거 징계받은 사실이 없는 자
2. 신청 학점
:
최대 수강신청 가능 학점 범위 내
3. 국내 대학 학점교류 진행 방식
학생
학과
단과대학
학사팀
학점교류 신청서
(붙임1) 작성 후
학과에 제출
▷
학점교류 신청 접수 및 과목 승인
(학과(부)장)
▷
학과에서 제출한
서류를 취합하여
학사팀으로
공문 송부
▷
단과대학 신청
공문 취합,
학생 온라인 접수
(LMS) 확인 후
교류 학교로
공문 송부
◁
학점교류 신청 승인 결과 안내
승인 받은
학점교류 신청서
소속 학과에 제출,
온라인 접수(LMS)
학점교류생 명단
(붙임3)을 작성하여
학생 제출 서류와
함께 단과대학 제출
※  홈페이지▶학사▶학생교류지원▶학점교류 신청하기 게시판에
대학별 실시 계획이 확정되는 대로
계속 업데이트
예정"
japanese_language,[안내] 24년도 동계방학 AI기반 맞춤형 학습지원(슈터디) 운영 안내,N/A,2025-01-08,https://japanstu.ssu.ac.kr/%ed%95%99%ea%b3%bc%ec%82%ac%eb%ac%b4%ec%8b%a4%ec%95%8c%eb%a6%bc/%ea%b3%b5%ec%a7%80%ec%82%ac%ed%95%ad/?term_id&slug=5442,
japanese_language,숭실대학교 캠퍼스타운 입주기업 모집 홍보,N/A,2024-12-30,https://japanstu.ssu.ac.kr/%ed%95%99%ea%b3%bc%ec%82%ac%eb%ac%b4%ec%8b%a4%ec%95%8c%eb%a6%bc/%ea%b3%b5%ec%a7%80%ec%82%ac%ed%95%ad/?term_id&slug=5436,
japanese_language,[안내] 2025-1학기 교내장학금 시행 및 신청 안내,N/A,2024-12-23,https://japanstu.ssu.ac.kr/%ed%95%99%ea%b3%bc%ec%82%ac%eb%ac%b4%ec%8b%a4%ec%95%8c%eb%a6%bc/%ea%b3%b5%ec%a7%80%ec%82%ac%ed%95%ad/?term_id&slug=5408,"1. 교내장학금 자격요건
가. 2025학년도 1학기 국가장학금 신청(1차: 2024.12.26(목) 18:00까지 신청 가능) 및
서류 제출을 완료하고 소득분위가 조회된 자(국가장학금 지급 대상 분위의 경우 심사
가 완료된 자)
나. 2025학년도 1학기 재학 및 복학(예정)자로 등록금 납부 예정인 자
1) 2025학년도 1학기 前 등록휴학 후 복학 시 장학생 선발대상에서 제외
2) 미등록, 입학취소, 복학취소, 휴학 등 학적변동 시 모든 장학금 취소
다. 직전학기 15학점 이상 이수한 자(최종 직전학기는 12학점)
라. 정규등록학기가 8학기 이내인 자(건축학부 건축학전공은 10학기 이내)
2. 학생 신청절차
가. 온라인 신청 및 서류제출기간 :
2024.12.23(월)10:00 ~ 2025.01.10(금)24:00
※ 2차: 2025. 03. 03(월)~ 2025. 03. 28(금) 예정
나. 학생 신청방법: u-SAINT포털 → 등록/장학 → 장학메뉴 → 장학금 신청
다. 학생 서류제출: 온라인 신청기간 내 방문 및 등기우편제출 가능(세부내용 붙임 파일 참
조)
※ 단, 전문자격시험합격자장학금의 경우 등기우편 불가
3. 관련 부서 및 협조사항
가. 신청 홍보: 단과대학 교학팀 및 모든 학과(부) – 홈페이지, SNS 등
나. 학생 선발 명단 제출: 아래 부서에만 해당
장학금명
관련부서
협조사항
국제교류장학금
국제교류·유치팀
1. 온라인 신청없음 (학생문의응대 협조)
2. 부서 장학생 자격 검증 및 해당 장학생 추천 3. 기간 내 국가장학금 신청 독려
특기자장학금(축구)
학생서비스팀
특기자장학금
(골프,당구)
스포츠학부
장애학생장학금
장애학생지원센터
자립준비청년장학금
사회공헌팀
목사자녀장학금
학원선교팀
1. 학생문의응대 협조
2. 신청서류 자격 검증 및 해당 장학생 추천
3. 기간 내 국가장학금 신청 독려
전문자격시험합격자
장학금
진로취업센터
봉사장학금
봉사장학금
추천 전 부서
1. 대상자 기간 내 국가장학금 신청 독려
2. 기타 봉사장학금 자격 요건 미리 확인하도록 예정자에게 사전 안내 요망
-평점평균 : 2.3 이상
-학기말까지 임기를 완료한 자 등
다. 장학생 추천 기한: 2025.01.17(금)까지 공문발송(등록금 고지서 반영 일정 관
계
로, 기
한 준수 요망)"
japanese_language,[안내]2024학년도 2학기 한국장학재단 국가장학금 2차 신청 안내(~9/11),N/A,2024-08-13,https://japanstu.ssu.ac.kr/%ed%95%99%ea%b3%bc%ec%82%ac%eb%ac%b4%ec%8b%a4%ec%95%8c%eb%a6%bc/%ea%b3%b5%ec%a7%80%ec%82%ac%ed%95%ad/?term_id&slug=5339,
japanese_language,[안내]2024학년도 2학기 학과근로 장학생 선발 시행 안내,N/A,2024-07-29,https://japanstu.ssu.ac.kr/%ed%95%99%ea%b3%bc%ec%82%ac%eb%ac%b4%ec%8b%a4%ec%95%8c%eb%a6%bc/%ea%b3%b5%ec%a7%80%ec%82%ac%ed%95%ad/?term_id&slug=5328,"1. 학과근로장학생 자격 및 선발기준
가. 2024학년도 2학기 국가장학금을
1차
신청(붙임2)하고 소득분위가 8분위 이내인 자
※ 국가장학금을 신청할 수 없는 대한민국 국적 미소지자도 선발 가능
(단, 순수외국인전형으로 입학한 외국인 유학생은 선발 불가)
나. 2024학년도 2학기 재학 및 복학 예정자로 해당 학기 등록금 납부 예정인 자
1) 2024학년도 2학기 전 등록휴학 후 복학 시 선발 불가(등록대체자)
2) 학기 중 미등록, 입학취소, 복학취소 등으로 인한 학적변동시 모든 장학금 취소
3) 2024학년도 2학기 기준 이수학기가
2~8학기
인 학생만 가능(1학기 신청 불가, 건축학 전공자의 경우 10학기까지 신청 가능)
다. 직전학기 취득학점 및 학업성적 제한 없음
라. 장애인, 북한이탈주민 및 자립준비청년 우선 선발(한국장학재단 정보 활용)
마. 타 장학금과 중복수혜 가능(근로장학금 간 중복 불가)
※ 본 장학금은 학업장려비 지원 목적으로 등록금(수업료)을 초과하여 지급 가능
바. 학과별 배정인원 내에서 학과근로A 또는 B 타입 학과 자율 선발 가능
(예: 학과근로B 2명 = 학과근로A 1명)
사. 국가근로장학생 및 교내근로장학생에 선발되지 않은 자
3. 유의사항
가. 선발된 학생은 소속 부서에서 지정된 근로 시간 동안 근무해야 하며, 학기 중 학적변동
(휴학, 자퇴, 제적 등) 등 불가피한 사유가 인정되는 중도 포기 시 근로한 시간만 장학
금 지급
나. 2024년 12월 근로평가 전까지 교체 가능 (단, 교체 전 학생의 근로시간을 차감)
※ 근로 중도 교체 및 중단 시 장학팀으로 공문 요망
다. 교체 전·후 학생 모두 근로평가 실시
4. 예산사항
가. 시간당 장학금액을 9,860원으로 책정
장학금명
시간당
장학금액
총 근로시간(학기)
1인당
장학금액(원)
인원(명)
합계(원)
교내근로A
9,860원
16시간*20주=320시간
3,155,200
28
88,345,600
학과근로A
9,860원
10시간*20주=200시간
1,972,000
200
394,400,000
학과근로B
9,860원
5시간*20주=100시간
986,000
0
0
총계
228
482,745,600
※ 국제무역학과, 금융경제학과, 미디어경영학과 배정인원(학과 자체 예산) 미반영
나. 학과근로 A유형을 기준으로 배정하며,
학과별로 A:B=1:2 비율로 조정 가능
다. 재원: 교내장학금_학부 / 근로장학_비등
라. 지급일정: 매월 셋째주 금요일
5. 행정사항
가. 선발공고: 2024년 7월 31일(수)
나. 학생신청방법: u-SAINT포털→등록/장학→근로장학금 신청→지원서 출력/제출
다. 온라인신청 및 서류제출기간:
2024.8.1(목) 10:00 ~ 8. 9(금) 17:00
1) 제출서류:
지원서(u-SAINT 출력본, 본인서명 필수)
2) 선발인원: 학과근로A 2명, 학과근로B 2명
3) 제출장소: 교내근로(장학팀), 학과근로(각 학과사무실)
라. 교내 및 학과근로장학생 최종선발 및 발표: 2024. 8. 23(금) 18:00 예정"
japanese_language,2024학년도 2학기 백마성적우수장학금 선발기준 안내,N/A,2024-07-18,https://japanstu.ssu.ac.kr/%ed%95%99%ea%b3%bc%ec%82%ac%eb%ac%b4%ec%8b%a4%ec%95%8c%eb%a6%bc/%ea%b3%b5%ec%a7%80%ec%82%ac%ed%95%ad/?term_id&slug=5320,"5. 자격요건
가. 2024학년도 2학기 국가장학금을 신청하여 소득분위 조회가 가능한 자
1) 1차 신청자에 한하여 등록금고지서 사전감면 가능
2) 1차 미신청자: 2차 신청/서류제출 확인 후 지급
(2차 신청자 중 한국장학재단 구제신청 시 사후지급)
3) 국가장학금을 신청할 수 없는 대한민국 국적 미소지자도 선발 가능
(단, 순수외국인전형으로 입학한 외국인 유학생은 선발 불가)
나. 2024학년도 2학기 재학 및 복학예정자로 해당학기 등록금 납부 예정인 자
1) 2024학년도 2학기 前 등록휴학 후 복학 시 선발대상에서 제외(등록대체자)
2) 학기 중 미등록, 자퇴, 제적, 입학취소, 복학 취소 등 학적변동시 모든 장학금 취소
3) 선발 후, 학기 중 휴학 시 백마성적우수장학금은 복학 학기로 이월
– 복학 학기에 국가장학금 신청 의무임(해당 사항 학생 안내 요망)
4) 추가 또는 교체 선발 시에는 재학 중인 학생만 선발 가능(휴학생 추가/교체 불가)
다. 직전학기 15학점 이상 이수한 자(졸업 직전학기는 직전학기 12학점 이상)
라. 정규등록학기가 8학기 이내인 자(건축학과 건축학전공: 정규등록 10학기 이내인 자)
마. F학점 포함 학적부성적 기준 직전 학기 평점평균
3.8 이상
인 자
※ 2024학년도 2학기부터 선발 최소 기준 변경(장학팀-4560(2024.01.09)호와 관련하여
기 안내사항임)
구분
변경 전
변경 후
비고
평점평균 기준
3.5
/4.5
3.8
/4.5
2024.2.19.
홈페이지 공지 완료
바. 모든 교내장학금간 중복수혜 불가
1) 신청장학금 중 수혜금액이 큰 장학금 선발
2) 중복수혜 가능 장학금: 국가장학금, 교외장학금, 학과우수장학금, 기타 학업장려비 지원 목적 장학금 등
사. 졸업예정자 선발 불가(조기졸업 대상자 포함)하므로 유의
또한 다음과 같은 학과 내규에 따라 장학금이 지급되오니 참고하시기 바랍니다.
1) 1학년 재학생은 전공기초와 전공선택 과목을 전부 이수해야 함.
2) 2,3학년 재학생은 전공선택 3과목 이상 이수해야 함.
3) 4학년 재학생은 전공선택 2과목 이상 이수해야 함.
4) 전과를 신청한 학생은 백마 성적 장학금 선발 대상에서 제외됨.
2024.07.18
일어일문학과"
japanese_language,[안내]2024학년도 교직과정 이수 신청 안내,N/A,2024-06-24,https://japanstu.ssu.ac.kr/%ed%95%99%ea%b3%bc%ec%82%ac%eb%ac%b4%ec%8b%a4%ec%95%8c%eb%a6%bc/%ea%b3%b5%ec%a7%80%ec%82%ac%ed%95%ad/?term_id&slug=5315,"1. 교직이수 신청기간: 2024.6.17.(월) 10:00 ~ 12.6.(금) 23:59
※ 2024-1학기 기준 2학년 2학기(4학기) 재학 중인 학생은
2024.8.31.(토) 23:59까지
u-SAINT를 통한 신청 및 적·인성 검사 응시를 완료하여야 함
2. 선발대상
가 .교직과정 설치학과(부) 소속
2학년(3학기 혹은 4학기) 재학생
’24-1학기 기준 학적
’24-2학기 기준 학적
신청가능 여부
2학년 1학기(3학기) 재학
2학년 1학기(3학기) 재학
신청
가능
2학년 1학기(3학기) 이수 후 휴학
2학년 1학기(3학기) 이수 후 휴학
2학년 2학기(4학기) 재학
2학년 2학기(4학기) 재학
2학년 2학기(4학기) 이수 후 휴학
2학년 2학기(4학기) 이수 후 휴학
신청
불가
※ 재입학생 및 편입생은 교직과정 이수
불가
(예외사항 붙임 안내문 참조)
3. 교직과정 설치학과(부)별 선발 인원
대학
학과(부)
표시과목
선발인원(명)
인문대학
국어국문학과
국어
3
영어영문학과
영어
7
중어중문학과
중국어
2
일어일문학과
일본어
3
철학과
철학
2
사학과
역사
3
자연과학대학
수학과
수학
3
물리학과
물리
4
화학과
화학
4
경제통상대학
경제학과
일반사회
3
글로벌통상학과
상업
5
경영대학
경영학부
상업
8
회계학과
상업
2
공과대학
화학공학과
화공
3
전기공학부
전기
6
IT대학
전자정보공학부
전자공학전공
전자
4
통신
전자정보공학부
IT융합전공
전자
4
통신
컴퓨터학부
정보·컴퓨터
7
계
73
4. 학교 홈페이지 공지사항 참조:
https://scatch.ssu.ac.kr/vvsp"
japanese_language,[안내]2024학년도 2학기 학·석사연계과정 지원 및 선발 안내,N/A,2024-05-20,https://japanstu.ssu.ac.kr/%ed%95%99%ea%b3%bc%ec%82%ac%eb%ac%b4%ec%8b%a4%ec%95%8c%eb%a6%bc/%ea%b3%b5%ec%a7%80%ec%82%ac%ed%95%ad/?term_id&slug=5310,"2024학년도 2학기 학·석사연계과정 지원 및 선발을 아래와 같이 진행하고자 하니 관심있는 학사과정생들이 지원할 수 있도록 안내하여 주시기 바랍니다.
1. 지원기간 : 2024.06.03(월)~06.14(금)
2. 모집학과 : 학사과정과 석사과정에 동일(또는 유사)학과가 있는 학과(계약학과 제외)
3.지원자격 :
다음 각호 모두 해당되는 자
가. 지원일 당시 학사과정 4학기 이상 6학기 이내 재학 중(건축학부 건축학전공은 6학기 이상 8학기 이내 재학 중)인 자 (학·석사연계과정 신청자는 조기졸업 신청을 할 수 없음)
나. 재수강 이전 과목, 학점포기한 과목, F학점 과목 등을 포함한 전체 과목의 총평점평균이 3.0 / 4.5 이상인 자
다. 7학기 또는 8학기(건축학부 건축학 전공은 9학기 또는 10학기)에 학사과정의 졸업요건을 충족할 수 있는 자
라. 지원하고자 하는 일반대학원 학과 주임교수와 지도교수의 추천을 받은 자
마. 지원하고자 하는 일반대학원의 동일(또는 유사)학과를 주전공 또는 복수전공으로 하는자
4. 제출서류 및 지원방법
가. 학·석사연계과정 신청서 1부.
나. 대학원 교학팀으로 방문 접수(웨스트민스터홀 658호)
5. 선발인원 : 석사과정 입학정원의 20%
6. 발표일 : 2024.07.26(금) 예정 – 학과 및 개별통지
7. 관련안내
가. 대상 : 지원가능 대상자 및 학과
나. 방법 : 안내문 배포 및 대학원 홈페이지 공지
8. 문의처 : 대학원 교학팀(02-820.0258~9 , grad@ssu.ac.kr)"
japanese_language,"[안내]2025년도 일본 정부(문부과학성) 장학금 연구유학생 및 일한 공동고등교육 유학생 교류사업(석사, 박사 학위 과정) 선발 안내(~5/13)",N/A,2024-05-02,https://japanstu.ssu.ac.kr/%ed%95%99%ea%b3%bc%ec%82%ac%eb%ac%b4%ec%8b%a4%ec%95%8c%eb%a6%bc/%ea%b3%b5%ec%a7%80%ec%82%ac%ed%95%ad/?term_id&slug=5297,"가. 자격 및 조건
1) 연령: 1990년 4월 2일 이후 출생한 대한민국 국적 소지자
2) 학력: 일본의 대학 졸업 또는 졸업예정자와 동등한 자격을 가진 자 등
3) 장학기간: 원칙적으로 2025년 4월부터 2년간이며, 10월(또는 9월)부터는 1년 6개월간(단, 상위과정 진학시 연장 가능)
4) 장학금: 학비 및 항공요금 지급 외에 매월 약 143,000엔 지급 등
나. 지원방법: 지원자가 직접 하단의
제출서류를
2024년 5월 13일(월)
까지 주한일본대사관 공보문화원
이메일(yuhak@so.mofa.go.jp)로 송부
다. 제출서류: ①연구유학생 응모자 Excel 파일(사진첨부), ②최종 학력의 졸업/졸업예정증명서, ③졸업(수료)예정 확인서, ④일본 재류 기간 등에 대한 확인서, ⑤언어 능력 증명서, ⑥ 퇴역 예정 증명서   ※③,④,⑤,⑥ 은 해당자만 제출
라.
반드시 <붙임 1,2,3> 모집요강 및 모집 절차·일정에서 지원자격, 제출서류 등 세부 사항을 숙지하고 지원
하며, 제출 서류 양식은 주한일본대사관 홈페이지 공지사항 및 Study in Japan 홈페이지를 확인할 것
마.
문의처: 주한일본대사관 공보문화원
(전화 02-765-3011~3 <내선 144,145>, 이메일: yuhak@so.mofa.go.jp)"
japanese_language,"[안내]2024학년도 국가우수장학금(인문100년, 예술체육비전) 신규장학생 사전신청 안내(~4/5까지)",N/A,2024-03-20,https://japanstu.ssu.ac.kr/%ed%95%99%ea%b3%bc%ec%82%ac%eb%ac%b4%ec%8b%a4%ec%95%8c%eb%a6%bc/%ea%b3%b5%ec%a7%80%ec%82%ac%ed%95%ad/?term_id&slug=5286,"가. 장학금명 및 지원대상
장학금명
유형
지원기간
지원대상
인문
100년
전공탐색
정규학기 내 최대
8학기
인문사회계열 학과(부)
2024학년도 신입생
전공확립
정규학기 내 최대
4학기
인문사회계열 학과(부)
3학년 1학기 재학생
예술체육
비전
전공탐색
정규학기 내 최대
8학기
예술 및 체육계열 학과(부)
2024학년도 신입생
전공확립
정규학기 내 최대
4학기
예술 및 체육계열 학과(부)
3학년 1학기 재학생
나. 지원내용
1) Ⅰ유형: 등록금 전액, 생활비 학기당 250만원
2) Ⅱ유형: 등록금 전액
※ 기초생활수급자의 경우 유형에 상관없이 생활비 학기당 250만원 추가 지원
3. 학생 사전 신청기간: 2024.03.19.(화) 09:00 ~ 2024.04.05.(금) 18:00 까지
※ 온라인 사전 신청을 우선적으로 진행하며, 배정인원 확정 후 추가 서류제출 및 심사 관련
사항 추후 별도 안내
※ 신청방법: 붙임 매뉴얼 참고
4. 선발 일정
가. [학생] 희망자 한국장학재단 홈페이지에서 사전신청
나. [대학] 대학별 자체 선발 및 재단 추천
※
4~5월중 각 대학으로 신규장학생 추천 공문 발송 예정
다. [재단] 장학생 최종 선정"
japanese_language,[졸업]2024-1학기 졸업 대체 자격증 및 졸업 논문 계획서 제출 안내,N/A,2024-03-20,https://japanstu.ssu.ac.kr/%ed%95%99%ea%b3%bc%ec%82%ac%eb%ac%b4%ec%8b%a4%ec%95%8c%eb%a6%bc/%ea%b3%b5%ec%a7%80%ec%82%ac%ed%95%ad/?term_id&slug=5282,"2024-1학기 졸업 예정자분들은 기한 내 졸업 대체 자격증 혹은 졸업논문을 제출하여 주시기 바랍니다.
졸업 대체 자격증
-JPT 700점 이상(제출일 기준으로 2년내 취득분만 유효) 혹은 JLPT N1 이상(점수가 표기되어 있어야 함.)
-제출기한은 5월 말
까지 이며, 스캔하여 학번, 성함과 함께 학과 이메일(japanstu@ssu.ac.kr)로 제출
졸업논문
-4/12(금)까지 졸업논문계획서를 지도교수님과 논의 후 작성하여 학과 사무실로 직접 제출
-논문완본은 5월 말까지 제본하여 3부를 학과 사무실로 직접 제출
-졸업논문계획서 및 졸업논문 양식은 첨부파일 확인
기타 문의사항은 학과홈페이지 졸업요건 메뉴 혹은 학과사무실(02-820-0530)로 문의"
japanese_language,[안내]2024학년도 1학기 학과근로 장학생 선발 시행 안내,N/A,2024-01-31,https://japanstu.ssu.ac.kr/%ed%95%99%ea%b3%bc%ec%82%ac%eb%ac%b4%ec%8b%a4%ec%95%8c%eb%a6%bc/%ea%b3%b5%ec%a7%80%ec%82%ac%ed%95%ad/?term_id&slug=5275,"1. 학과근로장학생 자격 및 선발기준
가. 2024학년도 1학기 국가장학금을
1차
신청하고 소득분위가 8분위 이내인 자
※ 국가장학금을 신청할 수 없는 대한민국 국적 미소지자도 선발 가능
(단, 순수외국인전형으로 입학한 외국인 유학생은 선발 불가)
나. 2024학년도 1학기 재학 및 복학예정자로 해당학기 등록금 납부 예정인 자
1) 2024학년도 1학기 전 등록휴학 후 복학시 선발 불가(등록대체자)
2) 학기 중 미등록, 입학취소, 복학취소 등으로 인한 학적변동시 모든 장학금 취소
3) 2024학년도 1학기 기준 이수학기가
2~8학기
만 가능(1학기 신청 불가, 건축학 전공자의 경우 10학기까지)
다. 직전학기 취득학점 및 학업성적 제한 없음
라. 장애인, 북한이탈주민 및 자립준비청년 우선 선발 (한국장학재단 정보 활용)
마. 타 장학금과 중복수혜 가능(근로장학금 간 중복 불가)
※ 본 장학금은 학업장려비 지원 목적으로 등록금(입학금 및 수업료)를 초과하여 지급
바. 학과별 배정인원 내에서 학과근로A 또는 B 타입 학과 자율선발 가능
(예: 학과근로B 2명 = 학과근로A 1명)
사. 국가근로장학생 및 교내근로장학생에 선발되지 않은 자
2. 유의사항
가. 선발된 학생은 소속부서에서 지정된 근로시간 동안 근무해야 하며, 학기 중 학적변동
등 불가피한 사유가 인정되는 중도 포기 시 근로한 시간만 장학금 지급
나. 2024년 7월 근로평가 전까지 교체 가능 (단, 교체 전 학생의 근로시간을 차감)
※근로 중도 교체 및 중단 시 장학팀으로 공문 요망
다. 교체 전·후 학생 모두 근로평가 실시
3. 예산사항
가. 시간당 장학금액을 9,860원으로 책정
장학금명
시간당
장학금액
총 근로시간(학기)
1인당
장학금액(원)
인원(명)
합계(원)
학과근로A
9,860원
10시간*20주=200시간
1,972,000
198
390,456,000
학과근로B
9,860원
5시간*20주=100시간
986,000
0
0
총계
198
390,456,000
※ 국제무역학과, 금융경제학과, 미디어경영학과 배정인원(학과 자체 예산) 미반영
나. 학과근로 A유형을 기준으로 배정하며,
학과별로 A:B=1:2 비율로 조정 가능
다. 재원: 교내장학금_학부 / 기타장학
라. 지급일정: 매월 셋째주 금요일
5. 행정사항
가. 선발공고: 2024년 1월 29일(월)
나. 학생신청방법: u-SAINT포털→등록/장학→근로장학금 신청→지원서 출력/제출
다. 온라인신청 및 서류제출기간:
2024년 1월 30일(화) 10:00 ~ 2월 7일(수) 17:00
1) 제출서류:
지원서 (u-SAINT 출력본, 본인서명 필수)
2) 선발인원: 학과근로A 3명
2) 제출장소: 교내근로(장학팀), 학과근로 (각 학과사무실)
라. 교내 및 학과근로장학생 최종선발 및 발표: 2024. 2. 22(목) 18:00 예정"
japanese_language,2024학년도 1학기 백마성적우수장학금 선발기준 안내,N/A,2024-01-17,https://japanstu.ssu.ac.kr/%ed%95%99%ea%b3%bc%ec%82%ac%eb%ac%b4%ec%8b%a4%ec%95%8c%eb%a6%bc/%ea%b3%b5%ec%a7%80%ec%82%ac%ed%95%ad/?term_id&slug=5266,"자격요건
가. 2024학년도 1학기 국가장학금을 신청하여 소득분위 조회가 가능한 자
1) 1차 신청자에 한하여 등록금고지서 사전감면
2) 1차 미신청자 : 2차 신청/서류제출 확인 후 지급
(2차 신청자도 선발 및 사후지급가능하므로 학과에서는 현재 미신청자도 선발 요망)
3) 국가장학금을 신청할 수 없는 대한민국 국적 미소지자도 선발 가능
(단, 순수외국인전형으로 입학한 외국인유학생은 선발 불가)
나. 2024학년도 1학기 재학 및 복학예정자로 해당학기 등록금 납부 예정인 자
1) 2024학년도 1학기 前등록휴학 후 복학시 선발대상에서 제외(등록대체자)
2) 학기 중 미등록, 입학취소, 복학취소 등으로 인한 학적변동시 모든 장학금 취소
3) 선발 후, 학기 중 휴학 시 백마성적우수장학금은 복학학기로 이월
※ 추가 또는 교체선발 시 재학 중인 학생만 선발 (휴학생에 대한 추가/교체 불가)
다. 직전학기 15학점 이상 이수한 자 (졸업 직전학기는 직전학기 12학점 이상)
라. 정규등록학기가 8학기 이내인 자(건축학과 건축학전공: 정규등록 10학기 이내인 자)
마. F학점 포함 학적부성적 기준 직전학기 3.5 이상인 자
바. 모든 교내장학금간 중복수혜 불가
1) 신청장학금 중 수혜금액이 큰 장학금 자동선발
2) 중복수혜 가능 장학금: 국가장학금, 교외장학금, 학과우수장학금, 기타 학업장려비 지원 목적 장학금 등
사. 졸업예정자 선발 불가(조기졸업 대상자 포함)하므로 유의
또한 다음과 같은 학과 내규에 따라 장학금이 지급되오니 참고하시기 바랍니다.
1) 1학년 재학생은 전공기초와 전공선택 과목을 전부 이수해야 함.
2) 2,3학년 재학생은 전공선택 3과목 이상 이수해야 함.
3) 4학년 재학생은 전공선택 2과목 이상 이수해야 함.
4) 전과를 신청한 학생은 백마 성적 장학금 선발 대상에서 제외됨.
2024.01.17
일어일문학과"
japanese_language,[안내]2023년 특별상환유예 제도 안내,N/A,2023-10-12,https://japanstu.ssu.ac.kr/%ed%95%99%ea%b3%bc%ec%82%ac%eb%ac%b4%ec%8b%a4%ec%95%8c%eb%a6%bc/%ea%b3%b5%ec%a7%80%ec%82%ac%ed%95%ad/?term_id&slug=5210,"– 일반상환학자금대출 상환 부담을 덜어주는 –
≪
특별상환 유예대출 신청 안내
≫
◆
특별상환 유예대출이란
?
경제적으로 곤란한 사유가 발생한
일반상환학자금대출자의 원리금 상환을 최대
3
년 간 유예해주는 제도
로 해당 금액은 별도 대출로 구성되어
무이자 분할상환
(4
년 간
)
또는 만기 일시상환
(4
년 후
)
하는 제도
◆
신청 기본 요건은
?
만 35세 이하의 학부 또는 대학원 졸업생(대학원 재학생 가능)
일반상환학자금대출 잔액 보유자(부실채권 미보유자)
취업 후 상환 학자금 의무상환 개시 결정 전인 자
◆
추가 자격 요건은
?
▷ 아래 요건 중 하나에 해당되면 신청 가능
부모의 사망(신청일 기준 2년 이내)
부모의 파산·면책 또는 개인회생 결정(신청일 기준 5년 이내)
본인이 수급자·차상위 계층 또는 장애
본인 또는 부모의 중증질병
졸업 후 2년 이내 기한이익상실 예정자(연체 6개월)
보이스 피싱, 불법사금융 피해에 처한 자(신청일 기준 2년 이내)
고용 및 산업위기지역 거주 또는 실직·폐업자
군복무(예정)자 중 연체 3개월 이상자(졸업여부 무관)
대학생 창업자(정부·지자체 등 창업 지원 프로그램 참여자 포함, 졸업여부 무관)
본인 또는 부모의 실직·폐업
◆
신청 방법 및 기간은
?
한국장학재단 홈페이지 또는 모바일 앱에서 연간 상시 신청 가능
◆
상담 문의
한국장학재단 대표 콜센터(☎1599-2000)"
japanese_language,[안내]2023년도 교직과정 이수 신청 안내(~12/8),N/A,2023-10-12,https://japanstu.ssu.ac.kr/%ed%95%99%ea%b3%bc%ec%82%ac%eb%ac%b4%ec%8b%a4%ec%95%8c%eb%a6%bc/%ea%b3%b5%ec%a7%80%ec%82%ac%ed%95%ad/?term_id&slug=5201,"1. 교직이수 신청기한: 2023. 12. 8.(금) 17:00 까지
2. 신청대상
:
교직 설치학과(부) 소속 2학년 (3학기 혹은 4학기) 재학생 및 휴학생
’23-2학기 기준 학적
신청가능 여부
2학년 1학기(3학기) 재학
신청 가능
2학년 1학기(3학기) 이수 후 휴학
2학년 2학기(4학기) 재학
2학년 2학기(4학기) 이수 후 휴학
신청 불가
※ 4학기 이수 후 휴학 중인 학생은 신청 불가능
3. 교직 설치 학과(부)별 선발 인원
대학
학과(부)
표시과목
선발인원(명)
인문대학
국어국문학과
국어
3
영어영문학과
영어
7
중어중문학과
중국어
2
일어일문학과
일본어
3
철학과
철학
2
사학과
역사
3
자연과학대학
수학과
수학
3
물리학과
물리
4
화학과
화학
4
경제통상대학
경제학과
일반사회
3
글로벌통상학과
상업
5
경영대학
경영학부
상업
8
회계학과
상업
2
공과대학
화학공학과
화공
3
전기공학부
전기
6
IT대학
전자정보공학부
전자공학전공
전자
4
통신
전자정보공학부
IT융합전공
전자
4
통신
컴퓨터학부
정보·컴퓨터
7
계
73
4. 학교 홈페이지 공지사항
바로보기
☞
교직과정 이수신청 안내
."
japanese_language,[졸업]2023-2학기 졸업 대체 자격증 및 졸업 논문 계획서 제출 안내,N/A,2023-09-15,https://japanstu.ssu.ac.kr/%ed%95%99%ea%b3%bc%ec%82%ac%eb%ac%b4%ec%8b%a4%ec%95%8c%eb%a6%bc/%ea%b3%b5%ec%a7%80%ec%82%ac%ed%95%ad/?term_id&slug=5185,"2023-2학기 졸업 예정자분들은 기한 내 졸업 대체 자격증 혹은 졸업논문을 제출하여 주시기 바랍니다.
졸업 대체 자격증
-JPT 700점 이상(제출일 기준으로 2년내 취득분만 유효) 혹은 JLPT N1 이상(점수가 표기되어 있어야 함.)
-제출기한은 11월 말
까지 이며, 스캔하여 학번, 성함과 함께 학과 이메일(japanstu@ssu.ac.kr)로 제출
졸업논문
-10/13(금)까지 졸업논문계획서를 지도교수님과 논의 후 작성하여 학과 사무실로 직접 제출
-논문완본은 11월 말까지 제본하여 3부를 학과 사무실로 직접 제출
-졸업논문계획서 및 졸업논문 양식은 첨부파일 확인
기타 문의사항은 학과홈페이지 졸업요건 메뉴 혹은 학과사무실(02-820-0530)로 문의"
japanese_language,[안내]2023학년도 한나장학생 모집 안내(~9/18),N/A,2023-09-08,https://japanstu.ssu.ac.kr/%ed%95%99%ea%b3%bc%ec%82%ac%eb%ac%b4%ec%8b%a4%ec%95%8c%eb%a6%bc/%ea%b3%b5%ec%a7%80%ec%82%ac%ed%95%ad/?term_id&slug=5179,"2023학년도 한나장학생 모집 안내
한나장학금은 우리 학과 겸임교수를 역임하신 김정희 교수님께서 출연해 주신 기금으로 운영하는 일어일문학과 내부 장학금입니다.
조금이나마 학업 수행에 도움이 되었으면 합니다. 많은 지원 바랍니다.
1, 대상: 일어일문학과 1학년
2. 모집인원: 2명
3.  구비서류: 자기소개서, 건강보험료 납입증명서, 주민등록등본 각 1부
4. 신청기한: 9월 18일(월) 15시까지 학과사무실로 직접 제출 혹은 이메일(japanstu@ssu.ac.kr) 제출
5. 장학금액: 1,000,000원(1인당)
6. 지급시기: 10월 중 예정
7. 기타 문의사항은 학과 사무실(02-820-0530)로 연락 바랍니다."
japanese_language,[안내]2023학년도 2학기 교내장학금 신청 안내(~9/15),N/A,2023-09-06,https://japanstu.ssu.ac.kr/%ed%95%99%ea%b3%bc%ec%82%ac%eb%ac%b4%ec%8b%a4%ec%95%8c%eb%a6%bc/%ea%b3%b5%ec%a7%80%ec%82%ac%ed%95%ad/?term_id&slug=5173,"1. 교내장학금 자격요건
가. 2023학년도 2학기 국가장학금 신청 및 서류제출을 완료하고 소득분위가 조회된 자
(국가장학금 지급 대상 분위의 경우 심사가 완료된 자)
나. 2023학년도 2학기 재학 학생으로 등록금 납부 예정인 자
1) 2023학년도 2학기 前 등록휴학 후 복학시 장학생 선발대상에서 제외
2) 미등록, 입학취소, 복학취소, 휴학 등 학적변동 시 모든 장학금 취소
다. 직전학기 15학점 이상 이수한 자(최종 직전학기는 12학점)
라. 정규 등록학기가 8학기 이내인 자(건축학부 건축학전공은 10학기 이내)
2. 신청절차
가. 온라인 신청기간 및 서류제출기간 : ~9월 15일(금)까지 예정 (추가 신청 없음)
나. 학생 신청방법: u-SAINT포털 – 등록/장학 – 장학메뉴 – 장학금 신청
다. 학생 서류제출: 온라인 신청기간 내 방문 및 등기우편제출 가능(세부내용 붙임 파일 참조)
※ 단, 전문자격시험합격자장학금의 경우 등기우편 불가"
japanese_language,[안내]2023학년도 2학기 한국장학재단 국가장학금 2차 신청 안내(~9/14),N/A,2023-08-16,https://japanstu.ssu.ac.kr/%ed%95%99%ea%b3%bc%ec%82%ac%eb%ac%b4%ec%8b%a4%ec%95%8c%eb%a6%bc/%ea%b3%b5%ec%a7%80%ec%82%ac%ed%95%ad/?term_id&slug=5155,
japanese_language,[안내]2023학년도 2학기 학과근로 장학생 선발 시행 안내,N/A,2023-07-31,https://japanstu.ssu.ac.kr/%ed%95%99%ea%b3%bc%ec%82%ac%eb%ac%b4%ec%8b%a4%ec%95%8c%eb%a6%bc/%ea%b3%b5%ec%a7%80%ec%82%ac%ed%95%ad/?term_id&slug=5138,"1. 학과근로장학생 자격 및 선발기준
가. 2023학년도 2학기 국가장학금을 신청하고 소득분위가 8분위 이내인 자
※ 국가장학금을 신청할 수 없는 대한민국 국적 미소지자도 선발 가능
(단, 순수외국인전형으로 입학한 외국인 유학생은 선발 불가)
나. 2023학년도 2학기 재학 및 복학예정자로 해당학기 등록금 납부 예정인 자
1) 2023학년도 2학기 전 등록휴학 후 복학시 선발 불가(등록대체자)
2) 학기 중 미등록, 입학취소, 복학취소 등으로 인한 학적변동시 모든 장학금 취소
3) 2023학년도 2학기 기준 이수학기가 2~8학기만 가능
다. 직전학기 취득학점 및 학업성적 제한 없음
라. 장애인, 북한이탈주민 및 자립준비청년 우선 선발 요망 (증빙제출 필요)
마. 타 장학금과 중복수혜 가능(근로장학금 간 중복 불가)
※ 본 장학금은 학업장려비 지원 목적으로 등록금(입학금 및 수업료)를 초과하여 지급
바. 국가근로장학생 및 교내근로장학생에 선발되지 않은 자
2. 유의사항
가. 선발된 학생은 소속부서에서 지정된 근로시간 동안 근무해야 하며, 학기 중 학적변동
등 불가피한 사유가 인정되는 중도 포기 시 근로한 시간만 장학금 지급
나. 2023년 12월 근로평가 전까지 교체 가능 (단, 교체 전 학생의 근로시간을 차감)
※근로 중도 교체 및 중단 시 장학팀으로 공문 요망
다. 교체 전·후 학생 모두 근로평가 실시
3. 예산사항
가. 시간당 장학금액을 9,620원으로 책정
장학금명
시간당
장학금액
총 근로시간(학기)
1인당
장학금액(원)
인원(명)
합계(원)
학과근로A
9,620원
10시간*20주=200시간
1,924,000
199
382,876,000
학과근로B
9,620원
5시간*20주=100시간
962,000
0
0
총계
202
382,876,000
※ 국제무역학과, 금융경제학과, 미디어경영학과 배정인원(학과 자체 예산) 미반영
나. 학과근로 A유형을 기준으로 배정하며,
학과별로 A:B=1:2 비율로 조정 가능
다. 재원: 교내장학금_학부 / 기타장학
라. 지급일정: 매월 셋째주 금요일
4. 행정사항
가. 선발공고: 2023년 7월 31일(월)
나. 학생신청방법: u-SAINT포털→등록/장학→근로장학금 신청→지원서 출력/제출
다. 온라인신청 및 서류제출기간:
2023년 7월 31일(월) 10:00 ~ 8월 8일(화) 17:00
1) 제출서류:
지원서 (u-SAINT 출력본,
본인서명 필수
)
2) 제출장소: 교내근로(장학팀), 학과근로 (각 학과사무실)
라. 학과근로장학생 최종선발 및 발표: 2023. 8. 18(금) 18:00 예정"
japanese_language,2023학년도 2학기 백마성적우수장학금 선발기준 안내,N/A,2023-07-24,https://japanstu.ssu.ac.kr/%ed%95%99%ea%b3%bc%ec%82%ac%eb%ac%b4%ec%8b%a4%ec%95%8c%eb%a6%bc/%ea%b3%b5%ec%a7%80%ec%82%ac%ed%95%ad/?term_id&slug=5134,"자격요건
가. 2023학년도 2학기 국가장학금을 신청하여 소득분위 조회가 가능한 자
1) 1차 신청하여 국가장학금 심사된 자에 한하여 등록금고지서 사전감면
2) 1차 미신청자 : 2차 신청(8월 중순부터 개시 예정) 및 심사 여부 확인 후 지급
(2차 신청자는 10월 말~11월 초 국가장학금 승인 차수에 따라 순차적으로 사후지급)
3) 국가장학금을 신청할 수 없는 대한민국 국적 미소지자도 선발 가능
(단, 순수외국인전형으로 입학한 외국인 유학생은 선발 불가)
나. 2023학년도 2학기 재학 및 복학예정자로 해당학기 등록금 납부 예정인 자
1) 2023학년도 2학기 前등록휴학 후 복학시 선발대상에서 제외(등록대체자)
2) 학기 중 미등록, 자퇴, 제적, 입학취소, 복학 취소 등 학적변동시 모든 장학금 취소
3)
선발 후 휴학 시 백마성적우수장학금은 복학 학기로 이월되며
복학 학기에 국가장학금 신청 의무임
4) 추가 또는 교체선발 시에는 재학 중인 학생만 선발 가능(휴학생 추가/교체 불가)
다. 직전학기 15학점 이상 이수한 자 (졸업 직전학기는 직전학기 12학점 이상)
라. 정규등록학기가 8학기 이내인 자(건축학과 건축학전공: 정규등록 10학기 이내인 자)
마. F학점 포함 학적부성적 기준 직전학기 3.5 이상인 자
바. 모든 교내장학금간 중복수혜 불가
1) 신청장학금 중 수혜금액이 큰 장학금 선발(동일할 시 백마성적우수장학금 선발)
2) 중복수혜 가능 장학금: 국가장학금, 교외장학금, 학업장려비 지원 목적 장학금 등
또한 다음과 같은 학과 내규에 따라 장학금이 지급되오니 참고하시기 바랍니다.
1) 1학년 재학생은 전공기초와 전공선택 과목을 전부 이수해야 함
2) 2, 3학년 재학생은 전공선택 3과목 이상 이수해야 함
3) 4학년 재학생은 전공선택 2과목 이상 이수해야 함
2023.07.24
일어일문학과"
japanese_language,[안내]2023학년도 국사편찬위원회 사료연수과정 신입생 모집 안내(~7/7),N/A,2023-06-13,https://japanstu.ssu.ac.kr/%ed%95%99%ea%b3%bc%ec%82%ac%eb%ac%b4%ec%8b%a4%ec%95%8c%eb%a6%bc/%ea%b3%b5%ec%a7%80%ec%82%ac%ed%95%ad/?term_id&slug=5119,"가. 모집 과정 및 인원
1) 일반과정
가) 국내사료과정(한문초서 전공): 20명 이내
나) 국외사료과정(일본어 초서 전공): 20명 이내
2) 고급과정(한문 초서 전공): 20명 이내
나. 전형 방법
1) 서류 접수: 2023. 6. 26.(월) ~ 7. 7.(금)
2) 서류 심사 합격자 발표: 2023. 7. 14.(금), 국사편찬위원회 홈페이지 공지
3) 필기 및 면접 시험: 2023. 7. 27.(목) 09:30 – 11:50
4) 최종 합격자 발표: 2023. 8. 4.(금), 국사편찬위원회 홈페이지 공지
5) 합격자 등록 및 수강 신청: 2023. 8. 7.(월) ~ 8. 11.(금)
※ 상세한 내용은 국사편찬위원회 홈페이지 및 붙임 모집요강 참조"
japanese_language,2023학년도 숭실대학교 후기 대학원 수시모집 안내,N/A,2023-05-30,https://japanstu.ssu.ac.kr/%ed%95%99%ea%b3%bc%ec%82%ac%eb%ac%b4%ec%8b%a4%ec%95%8c%eb%a6%bc/%ea%b3%b5%ec%a7%80%ec%82%ac%ed%95%ad/?term_id&slug=5101,"2023학년도 숭실대학교 전기 대학원 수시모집 전형일정 및 안내
• 온라인 입학지원 : 대학원 홈페이지 우측 하단 “온라인 입학지원” 클릭
• 대학원 홈페이지 주소 : https://grad.ssu.ac.kr
• 제출서류 보내실 곳 : (우 06978) 서울특별시 동작구 상도로 369 숭실대학교 웨스트민스터홀 658호 대학원 입학담당자 앞
• 전화번호: 02-820-0258~0259"
japanese_language,[안내]2023학년도 2학기 교내장학금 신청 안내(~6/14),N/A,2023-05-26,https://japanstu.ssu.ac.kr/%ed%95%99%ea%b3%bc%ec%82%ac%eb%ac%b4%ec%8b%a4%ec%95%8c%eb%a6%bc/%ea%b3%b5%ec%a7%80%ec%82%ac%ed%95%ad/?term_id&slug=5096,"1. 교내장학금 자격요건
가. 2023학년도 2학기 국가장학금 신청(2023. 06. 22(목) 18:00 신청 가능) 및 서류제출을 완료하고 소득분위가 조회된 자 (국가장학금 지급 대상 분위의 경우 심사가 완료된 자)
나. 2023학년도 2학기 재학 학생으로 등록금 납부 예정인 자
1) 2023학년도 2학기 前 등록휴학 후 복학시 장학생 선발대상에서 제외
2) 미등록, 입학취소, 복학취소, 휴학 등 학적변동 시 모든 장학금 취소
다. 직전학기 15학점 이상 이수한 자(최종 직전학기는 12학점)
라. 정규 등록학기가 8학기 이내인 자(건축학부 건축학전공은 10학기 이내)
2. 신청절차
가. 온라인 신청기간 및 서류제출기간 : 2023년 5월 26일(금) 09:00~6월 14일(금) 17:30(2주간)
※ 2차: 6월 26일(월)~7월 7일(금), 3차: 9월 1일(금)~9월 15일(금) 예정
나. 학생 신청방법: u-SAINT포털 – 등록/장학 – 장학메뉴 – 장학금 신청
다. 학생 서류제출: 온라인 신청기간 내 방문 및 등기우편제출 가능(세부내용 붙임 파일 참조)
※ 단, 고시장학금의 경우 등기우편 불가
자세한 사항은 첨부파일 참고"
japanese_language,[안내]2023학년도 학부생 및 대학원생 실태조사 안내(~6/7),N/A,2023-05-26,https://japanstu.ssu.ac.kr/%ed%95%99%ea%b3%bc%ec%82%ac%eb%ac%b4%ec%8b%a4%ec%95%8c%eb%a6%bc/%ea%b3%b5%ec%a7%80%ec%82%ac%ed%95%ad/?term_id&slug=5090,
japanese_language,[안내]2023학년도 2학기 한국장학재단 국가장학금 1차 신청 안내(~6/22),N/A,2023-05-23,https://japanstu.ssu.ac.kr/%ed%95%99%ea%b3%bc%ec%82%ac%eb%ac%b4%ec%8b%a4%ec%95%8c%eb%a6%bc/%ea%b3%b5%ec%a7%80%ec%82%ac%ed%95%ad/?term_id&slug=5065,
japanese_language,[안내]코이카 중기해외봉사단 모집 안내(학점인정)(~5/31),N/A,2023-05-23,https://japanstu.ssu.ac.kr/%ed%95%99%ea%b3%bc%ec%82%ac%eb%ac%b4%ec%8b%a4%ec%95%8c%eb%a6%bc/%ea%b3%b5%ec%a7%80%ec%82%ac%ed%95%ad/?term_id&slug=5060,
japanese_language,"[안내][2023년 캠퍼스 타운]외국인 유학생 창업, 스타트업 취업 스쿨 모집 안내(~6/23)",N/A,2023-05-17,https://japanstu.ssu.ac.kr/%ed%95%99%ea%b3%bc%ec%82%ac%eb%ac%b4%ec%8b%a4%ec%95%8c%eb%a6%bc/%ea%b3%b5%ec%a7%80%ec%82%ac%ed%95%ad/?term_id&slug=5049,
japanese_language,[안내]2023-여름계절제 국내 대학 학점교류 신청 안내,N/A,2023-05-08,https://japanstu.ssu.ac.kr/%ed%95%99%ea%b3%bc%ec%82%ac%eb%ac%b4%ec%8b%a4%ec%95%8c%eb%a6%bc/%ea%b3%b5%ec%a7%80%ec%82%ac%ed%95%ad/?term_id&slug=5039,
japanese_language,[안내]제26회 일어일문학과 취업특강 실시 안내(5/4),N/A,2023-05-02,https://japanstu.ssu.ac.kr/%ed%95%99%ea%b3%bc%ec%82%ac%eb%ac%b4%ec%8b%a4%ec%95%8c%eb%a6%bc/%ea%b3%b5%ec%a7%80%ec%82%ac%ed%95%ad/?term_id&slug=5030,"제26회 일어일문학과 취업특강을 다음과 같이 진행하오니 많은 참여 부탁드립니다.
제26회 일어일문학과 취업특강
1. 주제: 일어일문학과 취업준비!! 최적의 방법은?
2. 일시: 5월 4일(목) 오후 4시~
3. 장소: 전산관 105호(다솜홀)
4. 강사: 이혜원 강사님
-前기업체 인사 HR담당 10년이상
-2013~현재 숭실대 취업 지원관 근무
-KPC전문 코치, MBTI+STRONG+BIRKMAN 전문 코치"
japanese_language,[안내]서울형 청년인턴 직무캠프 3기 참여자 모집(~5/15까지),N/A,2023-04-27,https://japanstu.ssu.ac.kr/%ed%95%99%ea%b3%bc%ec%82%ac%eb%ac%b4%ec%8b%a4%ec%95%8c%eb%a6%bc/%ea%b3%b5%ec%a7%80%ec%82%ac%ed%95%ad/?term_id&slug=5022,
japanese_language,[안내] 서울시 청년인생설계학교 2023년 1기 신청 안내,N/A,2023-04-06,https://japanstu.ssu.ac.kr/%ed%95%99%ea%b3%bc%ec%82%ac%eb%ac%b4%ec%8b%a4%ec%95%8c%eb%a6%bc/%ea%b3%b5%ec%a7%80%ec%82%ac%ed%95%ad/?term_id&slug=5001,"기사 원문 참고:
https://mediahub.seoul.go.kr/archives/2007518"
japanese_language,2023학년도 숭실대학교 후기 대학원 정시모집 안내,N/A,2023-03-27,https://japanstu.ssu.ac.kr/%ed%95%99%ea%b3%bc%ec%82%ac%eb%ac%b4%ec%8b%a4%ec%95%8c%eb%a6%bc/%ea%b3%b5%ec%a7%80%ec%82%ac%ed%95%ad/?term_id&slug=4985,"2023학년도 숭실대학교 후기 대학원 정시모집 전형일정 및 안내
• 온라인 입학지원 : 대학원 홈페이지 우측 하단 “온라인 입학지원” 클릭
• 대학원 홈페이지 주소 : https://grad.ssu.ac.kr
• 제출서류 보내실 곳 : (우 06978) 서울특별시 동작구 상도로 369 숭실대학교 웨스트민스터홀 658호 대학원 입학담당자 앞
입학안내 게시판 (링크)
Admission Information (link)"
japanese_language,[안내] 2023학년도 국가우수장학금(인문100년·예술체육비전) 신규장학생 사전신청 안내,N/A,2023-03-24,https://japanstu.ssu.ac.kr/%ed%95%99%ea%b3%bc%ec%82%ac%eb%ac%b4%ec%8b%a4%ec%95%8c%eb%a6%bc/%ea%b3%b5%ec%a7%80%ec%82%ac%ed%95%ad/?term_id&slug=4978,"2023학년도 국가우수장학금(인문100년·예술체육비전) 신규장학생 사전신청에 관한 안내를 다음과 같이 드리오니 참고하여  주시기 바랍니다.
가. 장학금명 및 지원대상
장학금명
유형
지원기간
지원대상
인문
100년
전공탐색
정규학기 내 최대
8학기
인문사회계열 학과(부)
2023학년도 신입생
전공확립
정규학기 내 최대
4학기
인문사회계열 학과(부)
3학년 1학기 재학생
예술체육
비전
전공탐색
정규학기 내 최대
8학기
예술 및 체육계열 학과(부)
2023학년도 신입생
전공확립
정규학기 내 최대
4학기
예술 및 체육계열 학과(부)
3학년 1학기 재학생
나. 지원내용
1) Ⅰ유형: 등록금 전액, 생활비 학기당 250만원
2) Ⅱ유형: 등록금 전액
※ 기초생활수급자의 경우 유형에 상관없이 생활비 학기당 250만원 추가 지원
다. 학생 사전 신청기간: 2023.3.20(월)~4.7.(금) 18:00 까지
※ 온라인 사전 신청을 우선적으로 진행하며, 배정인원 확정 후 추가 서류제출 및
심사 관련 사항 추후 별도 안내
라. 신청방법: 붙임 매뉴얼 참고"
japanese_language,[안내] 2023년 한·일 학술문화 및 청소년교류 대학생단 방일연수 참가자 선발 안내,N/A,2023-03-24,https://japanstu.ssu.ac.kr/%ed%95%99%ea%b3%bc%ec%82%ac%eb%ac%b4%ec%8b%a4%ec%95%8c%eb%a6%bc/%ea%b3%b5%ec%a7%80%ec%82%ac%ed%95%ad/?term_id&slug=4973,"가. 사업 개요
구분
연수단
연수시기
인원(명)
사전교육
방문지역
방일
제1단
6.25.(일) ~ 7.1.(토)
38명
5.27.(토)
온라인 예정
도쿄, 후쿠오카 등
*세부사항은 일본측에서 준비중이며, 연수단 확정시 공지
제2단
38명
나. 선발 방법: 아이디어 공모(아래 주제)에 의한 선발 * 붙임 참조
다. 연수 경비 지원: 우리원(왕복항공료, 해외여행자보험), 일본(체재비)
※ 출입국 등 국내 이동경비, 일비, 여권 발급비, PCR검사비, 여행보험 보장 이외의 발생 비용 등은 개인 부담
라. 행정사항
1) 지원서 제출 기한: 2023. 4. 7.(금)
2) 제출 서류 및 방법: 우편 또는 메일(세부사항 붙임 참조)
붙임  1. 2023년도 한일 학술문화 및 청소년교류 대학생단 선발 계획 1부.
2. 2023년도 한일 학술문화 및 청소년 교류 대학생단 지원자 현황(서식) 1부."
japanese_language,[안내] 동아리 개설 신청 안내,N/A,2023-03-20,https://japanstu.ssu.ac.kr/%ed%95%99%ea%b3%bc%ec%82%ac%eb%ac%b4%ec%8b%a4%ec%95%8c%eb%a6%bc/%ea%b3%b5%ec%a7%80%ec%82%ac%ed%95%ad/?term_id&slug=4955,"동아리 개설을 희망하는 학생은 첨부파일에 있는 양식을 다운받아 작성 후 학과사무실로 제출하여 주시기 바랍니다.
제출기한: 3월 31일(금)까지
학과 교수회의에서 심의를 거쳐 학과동아리 인정여부를 결정하오니 많은 참여 부탁드립니다."
japanese_language,[일어일문학과] 2022학년도 일어일문학과 대학요람,N/A,2023-03-14,https://japanstu.ssu.ac.kr/%ed%95%99%ea%b3%bc%ec%82%ac%eb%ac%b4%ec%8b%a4%ec%95%8c%eb%a6%bc/%ea%b3%b5%ec%a7%80%ec%82%ac%ed%95%ad/?term_id&slug=4946,2022학년도 일어일문학과 대학요람 pdf 파일입니다.
japanese_language,[안내] 2023학년도 1학기 국가장학금 신청자 가구원 동의 안내,N/A,2023-03-10,https://japanstu.ssu.ac.kr/%ed%95%99%ea%b3%bc%ec%82%ac%eb%ac%b4%ec%8b%a4%ec%95%8c%eb%a6%bc/%ea%b3%b5%ec%a7%80%ec%82%ac%ed%95%ad/?term_id&slug=4930,"2023학년도 1학기 국가장학금 가구원 동의 관련하여 다음과 같이 안내합니다.
※ 2023학년도 1학기 국가장학금 가구원 동의 미완료자 대상 안내입니다.
※ 가구원 동의 절차 미완료 시 국가장학금 지원이 불가하며,
장학규정에 따라 교내장학금 지원도 불가하니 기한 내에 완료하여 주시기 바랍니다.
1. 가구원 정보제공 동의 기간: 2023.03.22.(수) 18:00 까지(온·오프라인 동일)
구분
영향
기한 내 가족관계 확인 및
가구원 정보제공동의를 하지 않을 경우
지원구간 산정이 지연되거나 불가할 수 있음(또한, 최신화 신청도 불가할 수 있음)
* 최신화 신청: 지원구간 산정 결과에 대해 이의 또는 최신화 사유가 있는 경우, 재단 홈페이지(모바일 앱 포함)를 통해 최신화 신청
재외국민 특별전형 입학자, 주민등록코드 상재외국민(가구원 중 1인 이상)
또는  학생 또는가구원(형제·자매 포함)이 재외국민 특별전형으로 입학하여
국외 소득·재산 신고 대상자로 선정된 이력이 있는 경우(당해 학기 포함)
기한 내 가족관계 확인 및 가구원 정보제공 동의를 하지 않으면, 국외 소득․재산 신고 대상자로 선정되지 않아 지원구간 산정 불가
2. 동의대상 가구원 범위
– 미혼: 학생의 부·모 모두
– 기혼: 학생의 배우자
※ 학생 본인이 기초·차상위계층 자격인 경우, 가구원 정보제공동의 생략 가능
※ 가구원 부양관계 단절 등 동의 불가 시, 제외 심사를 통해 동의대상 가구원 제외 가능
3. 방법
– 온라인: 홈페이지(www.kosaf.go.kr) 또는 모바일 앱 접속 → 가구원(부․모 또는 배우자)의 전자서명 동의
– 오프라인: 입원․고령․농어촌거주․장애 등 온라인 동의 불가 시, 상담센터 문의(1599-2000) 하여 오프라인 동의 진행
※ 자세한 사항은 첨부파일(가구원 정보제공 동의 상세절차) 참조
4. 문의처: 한국장학재단 콜센터 1599-2000
붙임 가구원 정보제공동의 상세 절차 1부.  끝."
japanese_language,[안내]2023년도 제주삼다수재단 장학생 모집·선발 공고(~2/10),N/A,2023-02-02,https://japanstu.ssu.ac.kr/%ed%95%99%ea%b3%bc%ec%82%ac%eb%ac%b4%ec%8b%a4%ec%95%8c%eb%a6%bc/%ea%b3%b5%ec%a7%80%ec%82%ac%ed%95%ad/?term_id&slug=4885,"가. 접수기간: 2023. 1. 30.(월) ~ 2. 10.(금) 18시 00분까지
나. 장학생 지원계획
1) 지원대상: 대학생(신입생 및 재학생)  2) 선발인원: 총 60명
3) 지원금액: 1인당 연간 최대 550만원(학기당 최대 275만원)
※ 등록금 범위 내, 타 장학금 수혜금액 제외하여 지원
4) 지급시기: 1학기 장학금 3월중, 2학기 장학금 9월중 지급
다. 접수방법: 온라인 접수
라. 접수처: samdasoo.incruit.com (문의전화: 070-7439-8520, 8521) ※ 전화상담가능시간: 오전 10:00~12:00, 오후 13:00~16:00 (토/일/공휴일 휴무)
마. 장학생 선발결과 발표: 2023. 2. 27.(월) (예정) – 제주특별자치도개발공사 홈페이지(공지사항) 및 개별 통지"
japanese_language,2023년 제14기 사회리더 대학생 멘토링 멘티 모집,N/A,2023-01-30,https://japanstu.ssu.ac.kr/%ed%95%99%ea%b3%bc%ec%82%ac%eb%ac%b4%ec%8b%a4%ec%95%8c%eb%a6%bc/%ea%b3%b5%ec%a7%80%ec%82%ac%ed%95%ad/?term_id&slug=4853,"가. 사회리더 대학생 멘토링 소개
기업 CEO와 석학, 문화예술인 등 사회 각 분야의 리더급 인사(멘토)와 대학생(멘티)이 한 팀을 이루어 다양한 지식과 경험을 공유할 수 있는
한국장학재단의 대표 멘토링 프로그램
으로, 1년간 월 1회의 멘토링 활동 뿐만 아니라, 문화체험과 기업탐방 등의 특별활동, 그리고 한국장학재단이 주최하는 다양한 역량개발 프로그램 참여 기회가 주어집니다.
나. 멘티 모집 요강
□ 신청 기간:
2023. 1. 27.(금) 09시 ~ 2. 21.(화) 자정까지
□ 지원 자격:
2023년 전국 대학(원) 재학생 및 휴학생(’23년 신입생 신청 가능)
※ 지원 제외 대상: ①1988.1.1.이전 출생자 ②기졸업자 ③’23년 2월 졸업예정자 ④사회리더 대학생 멘토링 4회 참여자(누적 4회까지 참여 가능)
□ 신청 방법:
한국장학재단 홈페이지에서 온라인 신청(PC에서만 신청 가능, 모바일 신청 불가)
☞ 한국장학재단 홈페이지>사회리더 대학생 멘토링>참여 신청
□ 제출 서류
ㅇ
[필수]
재학(휴학)증명서
ㅇ
[선택]
저소득층, 장애인, 다문화․탈북 증빙서류, 봉사활동 인증서 등
다. 멘토링 활동 내용
□
다양한 분야
*
의 사회지도층 멘토와 월 1회 이상 멘토링 활동(6회 이상 활동 권장)
* 9개 전문분과별 멘토가 전국에서 활동(’22년 기준 멘토 262명, 멘티 2,261명 선발)
☞
9개 전문분과
: 경영관리, 과학기술/IT/연구, 교육, 금융, 문화예술콘텐츠, 보건의료, 사회행정서비스, 영업/마케팅, 창업/사회혁신
□
발대식(4월), 리더십콘서트(8월) 등 재단 주최의 교육 프로그램 제공
□
사회공헌활동, 기업탐방 등 역량개발 프로그램 참여 기회 부여
□
한국장학재단 이사장 명의 수료증 발급(수료요건 충족 시)"
japanese_language,2023학년도 1학기 국가장학금 2차 신청 안내(~3/15),N/A,2023-01-30,https://japanstu.ssu.ac.kr/%ed%95%99%ea%b3%bc%ec%82%ac%eb%ac%b4%ec%8b%a4%ec%95%8c%eb%a6%bc/%ea%b3%b5%ec%a7%80%ec%82%ac%ed%95%ad/?term_id&slug=4850,"2023학년도 1학기 국가장학금 2차 신청 일정을 아래와 같이 안내하오니, 관심 있는 학생들은 참고하시기 바랍니다.
ㅇ
(신청기간)
2023.2.2.(목) 09:00 ~ 3.15.(수) 18:00
(총 42일간)
ㅇ
(서류 제출 및 가구원 동의)
2023.2.2.(목) 09:00 ~ 3.22.(수)18:00
ㅇ
(신청대상)
신입생(고3, 재수생 등 입학예정자), 편입생, 재입학생, 복학생 및 1차 신청을 놓친 재학생
※
재학생은 1차 신청이 원칙
이며, 재학 중 2회에 한해 구제신청 자동 적용
ㅇ
(신청방법)
한국장학재단 누리집(
www.kosaf.go.kr
) 및 모바일 앱에서 신청
ㅇ
(신청문의)
한국장학재단 상담센터 1599-2000"
japanese_language,2023-1학기 국내 대학 학점교류 신청 안내,N/A,2023-01-12,https://japanstu.ssu.ac.kr/%ed%95%99%ea%b3%bc%ec%82%ac%eb%ac%b4%ec%8b%a4%ec%95%8c%eb%a6%bc/%ea%b3%b5%ec%a7%80%ec%82%ac%ed%95%ad/?term_id&slug=4825,"1. 학점교류 참여 대학 현황(대학 사정에 따라 시행하지 않을 수 있음)
대학명
가톨릭대학교, 강서대학교, 건국대학교, 광운대학교, 동국대학교, 명지대학교, 삼육대학교, 상명대학교, 서경대학교, 서울과학기술대학교, 서울시립대학교, 서울여자대학교, 성공회대학교, 성신여자대학교, 세종대학교, 숙명여자대학교, 우석대학교, 장로회신학대학교, 중앙대학교, 총신대학교, 추계예술대학교, 한국외국어대학교, 한동대학교, 한성대학교, 홍익대학교
2. 대학별 신청 기한
가. 현재 모집 중인 대학의 신청 기한은 아래와 같음. 기한 엄수하여 본인 소속 학과로 신청
나. 세부 사항은 대학별 안내문(첨부) 참고
※ 대학별로 학점교류 신청 방법, 수강신청 기한, 수업 기간 등이 다르니 유의할 것
3. 학점교류 신청 방법
가. 신청 학점: 2023-1학기 수강신청 가능 학점 이내(대학별 신청 가능 학점 확인 필수)
나. 신청 자격
1) 본교 재학 중인 학부생으로서 2023-1학기 기준 3～7학기 재학 중인 자
2) 직전 학기까지 학업성적이 총 평점 평균 3.0 이상인 자
3) 학칙에 의거 징계받은 사실이 없는 자
다. 신청 방법 및 제출 서류
1) 신청 방법: 신청서(첨부) 작성하여 소속 학과 사무실로 제출
2) 제출 서류: 국내 대학 학점교류 신청서(첨부) 1부
4. 주의사항
가. 신청서 작성 관련
1) 졸업까지 학점교류로 취득 가능한 총 학점 수는 본교 졸업학점의 1/3 이내로 함
2) 신청서의 본교 인정교과목 이수구분란 작성 시, – 전공과목(전공선택) 인정 여부는 본인 소속 학과로 문의
– 본교에 인정 과목이 없을 경우 교양선택으로 인정
– 교양선택으로 인정될 경우 이수구분만 인정되며 분야별 영역 이수는 인정되지 않음
3) 학점교류 대학별 안내문을 확인하여 신청 기간, 수강신청 방법 등을 확인해야 함"
japanese_language,온라인 단기 AI 인공지능 기초교육과정,N/A,2023-01-05,https://japanstu.ssu.ac.kr/%ed%95%99%ea%b3%bc%ec%82%ac%eb%ac%b4%ec%8b%a4%ec%95%8c%eb%a6%bc/%ea%b3%b5%ec%a7%80%ec%82%ac%ed%95%ad/?term_id&slug=4816,
japanese_language,1:1커넥팅 캠페인,N/A,2023-01-03,https://japanstu.ssu.ac.kr/%ed%95%99%ea%b3%bc%ec%82%ac%eb%ac%b4%ec%8b%a4%ec%95%8c%eb%a6%bc/%ea%b3%b5%ec%a7%80%ec%82%ac%ed%95%ad/?term_id&slug=4812,"도움이 필요한
숭실대학교 재학생과
도움을 주고자 하는 후원자를
일대일로 매칭하는 캠페인입니다.
도움이 필요한 학생은 아래의 방법으로 신청해주세요
*접수기간: ~ 2023.01.13.(금)
*참가자격: 본교 재학생 누구나
*참가방법:
https://fund.ssu.ac.kr/fro_end/html/dep_03/3500.php
*문의: 발전기금팀 02-820-0309"
japanese_language,2023학년도 1학기 농촌출신대학생 학자금융자(무이자) 지원 안내,N/A,2023-01-02,https://japanstu.ssu.ac.kr/%ed%95%99%ea%b3%bc%ec%82%ac%eb%ac%b4%ec%8b%a4%ec%95%8c%eb%a6%bc/%ea%b3%b5%ec%a7%80%ec%82%ac%ed%95%ad/?term_id&slug=4803,"2023년 1학기 농촌출신대학생 학자금융자(무이자) 지원 사업을 안내하오니, 기한내 신청해 주시기 바랍니다.
※ 상기 일정은 추진상황에 따라 변동가능
※ 신청은 시작일 09:00부터 24:00까지 가능(주말 및 공휴일 제외).
단, 신청마감일은 18:00까지 신청가능
※ 실행은 실행기간 중 09:00∼17:00까지 가능(주말 및 공휴일 제외).
단, 대학별 수납마감 시간 이내에만 가능
※ 신청 마감일은 서버폭주 등 문제가 우려되므로 17:00 이전까지 신청 요망. 끝.
1. 사업개요
⦁ 지원목적 : 농어업인 교육비 부담 경감 및 농어촌출신 대학생에 대한 균등한 교육기회 제공
⦁ 융자금액 : 당해 학기 대학이 통보한 등록금 전액(입학금, 수업료 등)
※ 생활비, 기숙사비 등은 융자금 대상에서 제외
⦁ 융자이율 : 무이자
⦁ 융자횟수 : 재학 대학(교)의 정규학기 수 이내
⦁ 주관부처 : 농림축산식품부 농촌사회서비스과
⦁ 시행주체 : 한국장학재단 학자금대출부(☎ 1599-2000)
2. 지원자격
⦁ 농어촌지역에 주민등록 주소를 두고 6개월(180일)이상 거주하거나 농어업에 종사하고 있는 학부모(보호자)의 자녀(대학생) 또는 농어업에 종사하는 대학생 본인으로서 아래 세부 자격 요건을 충족한 자
– 직전학기 소속대학 최저이수학점 또는 12학점 이상 이수, 70점 이상(100점 만점) 성적 기준을 통과한 자
단, 신입생군(신입생, 편입생, 재입학생)은 성적 및 이수학점 기준 적용 제외되며 기타 세부 기준은 홈페이지 참조
※ 대학원 및 학점은행제 교육기관과 외국대학은 지원 대상에서 제외
※ 위 성적 또는 학점의 자격 조건에 미달하는 학생은 특별승인 제도 문의 (한국장학재단 학자금대출부 ☎ 1599-2000)
3. 신청기간
⦁  신청 및 서류제출(1차) 2023. 1. 2.(월) ~ 2023. 1. 13.(금)
⦁  신청 및 서류제출(2차) 2023. 2. 1.(수) ~ 2023. 2. 21.(화)
※ 신청 시작일 09:00부터 24:00까지 신청 가능(주말 및 공휴일 제외). 단, 신청 마감일은 18:00까지 신청 가능
※ 재학생 및 신입생군 1, 2차 신청 가능하나 신청 차수에 따라 심사 및 실행 등은 순차적으로 진행
4. 신청방법
⦁ 재단홈페이지 로그인 (
http://www.kosaf.go.kr
) ⇒ 학자금대출 신청 ⇒ 농촌학자금융자 신청 및 서류제출
5. 제출서류
⦁ 재단 홈페이지에서 농촌학자금융자 신청 후 [신청현황]화면에서 제출하여야 할 서류 확인 후 제출
※ 제출서류 중 농어업종사 증빙서류는 약 10~30일 소요되므로 제출기한에 맞게 사전준비 필요
※ 단, 농·어업인 확인서의 유효기간은 3개월임
농업
농업경영체등록증(제출불필요, 전산연계 확인) 또는 농업인 확인서(약 10일 소요)
※ 국립농산물품질관리원(1644-8778)에 발급 문의
어업
어업경영체등록증(약 30일 소요) 또는 어업인 확인서(약 10일 소요)
※ 각 지방 해양수산청 발급 문의
⦁ 서류제출기간 : 신청기간과 동일
⦁ 서류제출방법 : 한국장학재단 홈페이지(www.kosaf.go.kr) 또는 재단 앱(App) 활용 모바일 업로드
6. 대상자 선정 절차 및 융자실행 일정
⦁ 대상자 선정 절차 : 융자신청(학생) → 융자심사(재단) → 융자실행(학생)
– 1차 신청자 실행기간: 2023. 2.  7.(화) ~ 2023. 4. 7.(금)
– 2차 신청자 실행기간: 2023. 3. 16.(목) ~ 2023. 4. 7.(금)
※ 신청인원 등에 따라 융자지원에 제약이 있을 수 있으며, 추진상황에 따라 일정이 변동될 수 있음
7. 상세 문의: 한국장학재단 학자금대출부(☎ 1599-2000)"
japanese_language,2023학년도 1학기 교내장학금 신청 시행 안내,N/A,2022-11-29,https://japanstu.ssu.ac.kr/%ed%95%99%ea%b3%bc%ec%82%ac%eb%ac%b4%ec%8b%a4%ec%95%8c%eb%a6%bc/%ea%b3%b5%ec%a7%80%ec%82%ac%ed%95%ad/?term_id&slug=4778,"1. 국가장학금 신청기간
: 2022
년
11
월
24
일
(
목
) 09:00
∼
2023
년
01
월
05
일
(
목
) 18:00
까지
※ 한국장학재단 홈페이지(www.kosaf.go.kr) 공인인증 로그인 후 신청
※
재학생은 국가장학금
1
차 신청이 원칙
(
단
,
재학 중
1
회에 한하여
2
차 신청이 가능
)
▶
재학생이
2
차 신청하는 경우 구제신청은 재학 중
2
회에 한하여 자동 신청됨
2. 교내장학금 온라인신청기간
가
.
온라인신청 및 서류제출기간
:
2022
년
11
월
28
일
(
월
) 09:00 ~ 2023
년
1
월
11
일
(
수
) 17:00 (6
주간
)
※ 주말(공휴일 포함) 24시간 신청 가능 (단, 마감일 제외)
※ u-SAINT 입력 후 장학금 신청내역을 조회하여 장학금 신청이 정상적으로 완료되었는지 꼭 확인
나. 서류제출이 필요한 장학금의 경우, 교내장학금 온라인 신청기간 내 반드시 제출
※ 방문 및 등기우편제출 가능 (FAX 불가)
※ 등기우편제출 시 교내장학금 온라인 신청기간 내 장학팀 도착분만 인정
※
서류는 제출일 기준
1
개월 이내에 발급된 것만 인정됨
3. 신청대상 : 2023학년도 1학기 재학생 및 복학예정자
4. 교내장학생 자격요건
가. 2023학년도 1학기 국가장학금을 신청하고 서류제출(가구원동의 포함)을 완료한 자
나. 2023학년도 1학기 재학생 및 복학(예정)자로 등록금 납부 예정인 자
1) 2023학년도 1학기 전 등록휴학 후 복학생은 모든 장학금 선발에서 제외(등록대체)
2) 미등록, 입학취소, 복학취소 등으로 인한 학적변동 시 모든 장학금 취소
다. 직전학기 15학점 이상 이수한 자
※ 2023년 1학기가 4학년 8학기인 자는 직전학기 12학점 이상
※ 건축학부 건축학전공 : 10학기인 자는 직전학기 12학점 이상 이수(1∼9학기는 15학점 이상)
라. 정규등록 8학기 이내인 자(건축학과 건축학전공 : 등록 10학기 이내인 자)
예1) 학기취소 1회 후 8학기 진학 예정인 경우 : 9회 등록금 납부이므로 선발 불가
예2) 학점 미 이수로 9학기 진학예정인 경우 : 9회 등록금 납부이므로 선발 불가"
japanese_language,2023학년도 숭실대학교 전기 대학원 수시모집 안내,N/A,2022-11-28,https://japanstu.ssu.ac.kr/%ed%95%99%ea%b3%bc%ec%82%ac%eb%ac%b4%ec%8b%a4%ec%95%8c%eb%a6%bc/%ea%b3%b5%ec%a7%80%ec%82%ac%ed%95%ad/?term_id&slug=4773,"2023학년도 숭실대학교 전기 대학원 수시모집 전형일정 및 안내
• 온라인 입학지원 : 대학원 홈페이지 우측 하단 “온라인 입학지원” 클릭
• 대학원 홈페이지 주소 : https://grad.ssu.ac.kr
• 제출서류 보내실 곳 : (우 06978) 서울특별시 동작구 상도로 369 숭실대학교 웨스트민스터홀 658호 대학원 입학담당자 앞
• 전화번호: 02-820-0258~0259"
japanese_language,2022-겨울계절제 국내 대학 학점교류 실시 및 신청 안내,N/A,2022-11-01,https://japanstu.ssu.ac.kr/%ed%95%99%ea%b3%bc%ec%82%ac%eb%ac%b4%ec%8b%a4%ec%95%8c%eb%a6%bc/%ea%b3%b5%ec%a7%80%ec%82%ac%ed%95%ad/?term_id&slug=4713,"1. 신청 자격
가. 2022-2학기 기준 3~7학기 재학 중인 자    나. 직전 학기까지 학업성적이 총 평점 평균 3.0 이상인 자
다. 학칙에 의거 징계받은 사실이 없는 자
2. 신청 학점: 6학점(계절제 수강신청 가능 총 학점 범위) 이내
3. 신청 방법 및 제출 서류
가. 신청 방법: 신청서(첨부) 작성하여 소속 학과 사무실로 제출
나. 제출 서류: 국내 대학 학점교류 신청서(첨부) 1부
4. 학점교류 참여 대학 현황
제세한 사항은 홈페이지(
클릭
)를 통해서 확인해주시기 바랍니다."
japanese_language,2023학년도 숭실대학교 전기 대학원 정시모집 안내,N/A,2022-10-06,https://japanstu.ssu.ac.kr/%ed%95%99%ea%b3%bc%ec%82%ac%eb%ac%b4%ec%8b%a4%ec%95%8c%eb%a6%bc/%ea%b3%b5%ec%a7%80%ec%82%ac%ed%95%ad/?term_id&slug=4646,"• 온라인 입학지원 : 대학원 홈페이지 우측 하단 “온라인 입학지원” 클릭
• 대학원 홈페이지 주소 : https://grad.ssu.ac.kr
• 제출서류 보내실 곳 : (우 06978) 서울특별시 동작구 상도로 369 숭실대학교 웨스트민스터홀 658호 대학원 입학담당자 앞
• 전화번호: 02-820-0258~0259"
japanese_language,[안내]2022학년도 한나장학생 모집 안내(~9/19),N/A,2022-09-06,https://japanstu.ssu.ac.kr/%ed%95%99%ea%b3%bc%ec%82%ac%eb%ac%b4%ec%8b%a4%ec%95%8c%eb%a6%bc/%ea%b3%b5%ec%a7%80%ec%82%ac%ed%95%ad/?term_id&slug=3495,"2022
학년도 한나장학생 모집
한나장학금은 우리 학과 겸임교수를 역임하신 김정희교수님께서 출연해 주신 기금으로 운영하는 일어일문과 내부 장학금으로, 학자금 조달에 어려움을 겪고 있는 학우를 위한 장학금입니다.
대 상 : 일어일문학과 1학년 (2022학번)
모집인원 : 2명
구비서류 : 자기소개서, 건강보험료 납입증명서, 주민등록등본 1부
신청기한 : 9월 19일(월) 15:00시까지 학과사무실로 직접제출
또는 이메일(
japanstu@ssu.ac.kr
) 제출
장학금액 : 1,000,000원 (1인당)
지급시기 : 10월 중"
japanese_language,[안내]2022학년도 2학기 일어일문학과 학과근로장학생 추가모집,N/A,2022-08-30,https://japanstu.ssu.ac.kr/%ed%95%99%ea%b3%bc%ec%82%ac%eb%ac%b4%ec%8b%a4%ec%95%8c%eb%a6%bc/%ea%b3%b5%ec%a7%80%ec%82%ac%ed%95%ad/?term_id&slug=3471,"1. 근로장학생 자격 및 선발기준
가. 2022학년도 2학기 국가장학금을
1차
신청하고 소득분위가 8분위 이내인 자
※ 국가장학금을 신청할 수 없는 대한민국 국적 미소지자도 선발 가능
(단, 순수외국인전형으로 입학한 외국인 유학생은 선발 불가)
나. 2022학년도 2학기 재학 및 복학예정자로 해당학기 등록금 납부 예정인 자
1) 2022학년도 2학기 전 등록휴학 후 복학시 선발 불가(등록대체자)
2) 학기 중 미등록, 입학취소, 복학취소 등으로 인한 학적변동시 모든 장학금 취소
3) 2022학년도 2학기 기준 이수학기가 2~7학기만 가능(1학기 및 8학기 신청 불가)
다. 직전학기 취득학점 및 학업성적 제한 없음
라. 타 장학금과 중복수혜 가능(근로장학금 간 중복 불가)
※ 본 장학금은 학업장려비 지원 목적으로 등록금(입학금 및 수업료)를 초과하여 지급
마. 국가근로장학생 및 교내근로장학생에 선발되지 않은 자
2. 유의사항
가. 선발된 학생은 소속부서에서 지정된 근로시간 동안 근무해야 하며, 학기 중 학적변동
등 불가피한 사유가 인정되는 중도 포기 시 근로한 시간만 장학금 지급
나. 2023년 12월까지 교체 가능 (단, 교체 전 학생의 근로시간을 차감)
3. 예산사항
가. 시간당 장학금액을 9,160원으로 책정
장학금명
시간당
장학금액
총 근로시간(학기)
1인당
장학금액(원)
인원(명)
합계(원)
교내근로A
9,160원
16시간*20주=320시간
2,931,200
30
87,936,000
학과근로A
9,160원
10시간*20주=200시간
1,832,000
201
368,232,000
학과근로B
9,160원
5시간*20주=100시간
916,000
0
0
총계
456,168,000
나. 재원: 교내장학금_학부 / 근로장학_비등
다. 지급일정: 매월 셋째주 금요일
라. 모집인원 : 학과근로 B 1명
4. 행정사항
가. 선발공고: 2022년 8월 30일(화)
나. 학생신청방법: 지원서 출력/제출
다.
서류제출기간: 2022년 8월 30일(화) 10:00~9월 2일(금) 15:00
1) 제출서류: 지원서 (본인서명 필수)
2) 제출장소: 학과사무실"
japanese_language,2022학년도 2학기 한국장학재단 국가장학금 2차 신청 안내,N/A,2022-08-25,https://japanstu.ssu.ac.kr/%ed%95%99%ea%b3%bc%ec%82%ac%eb%ac%b4%ec%8b%a4%ec%95%8c%eb%a6%bc/%ea%b3%b5%ec%a7%80%ec%82%ac%ed%95%ad/?term_id&slug=2883,"2022학년도 2학기 한국장학재단 국가장학금 2차 신청 안내
1. 신청기간: 2022.08.17.(수) 09:00~2022.09.15.(목) 18:00(총 42일간)
2. 서류제출 및 가구원 동의: 2022.08.17.(수) 09:00~2022.09.23.(금) 18:00
3. 신청대상: 신입생(2학기 입학예정자), 편입생, 재입학생, 복학생 및 1차 신청을 놓친 재학생
*
※ 재학생은 1차 신청이 원칙이며, 재학 중 2회의 한하여 구제신청 자동 적용 및 심사 후 지원 가능
(단, 구제신청 기회 2회 기사용 또는 기타 탈락사유 존재 시 지원 불가)
※ 신·편입학 첫학기만 학적구분 ‘학부 신·편입생’으로 신청, 두번째 학기부터는  ‘학부 재학생’으로 신청
※ 신입생은 학생 본인 및 가구원(부모 혹은 배우자)의 공동인증서를 반드시 준비
※ 국가장학금 미신청자는 2022년 2학기 재난장학금 지원 불가하므로, 재난 피해가구 학생은 반드시 국가장학금 신청(
해당 공지사항 바로가기
)
4. 신청방법: 한국장학재단 홈페이지와 모바일 앱을 통한 신청가능(붙임의 매뉴얼 참조)
5. 기타 안내사항
□ 2차 신청기간에 신청한 경우, 국가장학금 신청 시 입력한 본인명의계좌로 학기중에 지급
–  한국장학재단, 공무원연금공단 학자금 대출이 있는 경우 대출상환으로 처리
–  분할납부자는 등록금 완납 후 지급 가능
□ 이수학점 및 성적 기준
– 이수학점: 직전학기 12학점 이상(※ 졸업학기의 경우, 직전학기 이수학점 기준 미적용)
– 산술평균 80점 이상
※ 기초생활수급자/차상위계층, 장애학생 등 예외적용 대상자는 한국장학재단 업무처리기준에 따름
※ 직전학기 성적이 모두 P/F인 경우, 산출 가능한 가장 최근학기 성적 적용
□ 국가장학금 1유형 신청 시, 국가장학금 2유형도 연동되어 심사됩니다.
– 1유형: 소득분위별 한국장학재단 지정금액 지급
– 2유형: 소득분위별 교내기준에 따라 지정금액 지급
– 국가장학금 1유형 탈락 시, 국가장학금 2유형도 탈락
□ 국가장학금 1유형 신청 결과 확인 된 소득분위 자료는 교내 비전장학금 심사에 활용됩니다.
– 비전장학금: 국가장학금과 연계하여 본교에서 지급하는 교내장학금(※ 소득분위 1~8분위 대상)
– 국가장학금 미 신청 시, 비전장학금 선발 불가(
해당 공지사항 바로가기
)
□ 국가장학금 지급 이후 휴학 등으로 재학하지 않는 경우, 장학금이 취소됩니다.
– 국가장학금 수혜 횟수에 포함되지 않음
– 복학 시, 국가장학금 및 교내장학금 재신청
□
중복지원
–
학자금 대출 + 장학금 총액이 등록금(수업료+입학금)을 초과하는 경우 ‘중복지원’에 해당됨
(※ 근로장학금, 포상장학금, 교육지원장학금 등 등록금 지원 목적이 아닌 학업장려비 성격 장학금은 제외)
–
중복지원 일 경우 한국장학재단 국가장학금 및 학자금대출 이용 불가
–
학자금 대출을 상환하거나 장학금을 반환해야 중복지원 해소 가능
□ 여러 장학금을 동시에 받는 경우, 외부장학금과 국가장학금이 우선 적용됩니다.
– 우선순위 : 외부장학금 >국가장학금 >교내장학금
6. 문의처
– 한국장학재단 콜센터 1599-2000
– 학생처 장학팀 02-820-0166(국가장학금 관련 문의)
붙임 국가장학금 신청 매뉴얼 각 1부. 끝."
japanese_language,2022학년도 1학기 특별장학금 선발 기준 안내,N/A,2022-07-19,https://japanstu.ssu.ac.kr/%ed%95%99%ea%b3%bc%ec%82%ac%eb%ac%b4%ec%8b%a4%ec%95%8c%eb%a6%bc/%ea%b3%b5%ec%a7%80%ec%82%ac%ed%95%ad/?term_id&slug=4499,"1. 장학금명: 특별장학금(세미쿼터 성적우수장학금)
2. 지급목적
가. 2020년부터 확산된 코로나19로 인해 비대면 수업, 시험이 전면 확대. 특수성을 반영하기
위해 절대평가를 실시하였으며, 성적 고득점자 수가 크게 확대됨
나. 세미쿼터 성적우수 장학금을 통해 성적장학금 수요를 충족하고, 코로나19로 인한 가계의
어려움 극복을 위해 한시적으로 운영
3. 배분 방식 : 백마성적장학금 운영 방식에 따라 학과별 직전 학기 재학생 비율을 기준으로  금액을 배분하며, 수업료 1/8(12.5%) 기준으로 인원수 배정 (붙임1 참조)
4. 자격요건
가. 2022학년도 1학기 한국장학재단 국가장학금을 신청하고 소득분위가 조회된 자
나. 2022학년도 1학기 재학생으로 등록금 납부를 완료한 자(등록대체자 제외)
다. 직전 학기 성적 기준 3.5 이상인 자
라. 등록 8학기 이내인 자(건축학과 건축학전공: 등록 10학기 이내인 자)
마. 직전 학기 취득학점 15학점(졸업 직전 학기 12학점) 이상
바. 성적 등 선발 세부 기준 : 2022학년도 1학기 성적장학금 수혜자 외 차순위 우수 학생에
지급하되, 학과(부)에서 자체적으로 운영하여 선발
사. 모든 교내장학금과 중복 수혜 불가
※단, 교내/학과근로, 학과(부)우수, 교육지원, 포상, SW장학금, 발전기금출연분은 중복 가능
또한 다음과 같은 학과 내규에 따라 장학금이 지급되오니 참고하시기 바랍니다.
1) 1학년 재학생은 전공기초와 전공선택 과목을 전부 이수해야 함
2) 2, 3학년 재학생은 전공선택 3과목 이상 이수해야 함
3) 4학년 재학생은 전공선택 2과목 이상 이수해야 함
2022.07.19
일어일문학과"
japanese_language,2023학년도 1학기 백마성적우수장학생 선발 기준 안내,N/A,2022-07-19,https://japanstu.ssu.ac.kr/%ed%95%99%ea%b3%bc%ec%82%ac%eb%ac%b4%ec%8b%a4%ec%95%8c%eb%a6%bc/%ea%b3%b5%ec%a7%80%ec%82%ac%ed%95%ad/?term_id&slug=4497,"자격요건
가. 2023학년도 1학기 국가장학금을 신청하여 소득분위 조회가 가능한 자
1) 1차 신청자에 한하여 등록금고지서 사전감면
2) 1차 미신청자 : 2차 신청/서류제출/구제신청 확인 후 지급
(2차 신청자 중 한국장학재단 구제신청 시 10월 말 사후지급)
3) 국가장학금을 신청할 수 없는 대한민국 국적 미소지자도 선발 가능
(단, 순수외국인전형으로 입학한 외국인유학생은 선발 불가)
나. 2023학년도 1학기 재학 및 복학예정자로 해당학기 등록금 납부 예정인 자
1) 2023학년도 1학기 前등록휴학 후 복학시 선발대상에서 제외(등록대체자)
2) 학기 중 미등록, 자퇴, 제적, 입학취소, 복학 취소 등 학적변동시 모든 장학금 취소
3) 선발 후 2023학년도 1학기 휴학 승인 시 백마성적우수장학금은 복학 학기로 이월
※ 단, 추가 또는 교체선발 시 재학 중인 학생만 선발 가능(휴학한 학생 추가/교체 불가)
다. 직전학기 15학점 이상 이수한 자 (졸업 직전학기는 직전학기 12학점 이상)
라. 등록학기가 8학기 이내인 자(건축학과 건축공학전공: 등록 10학기 이내인 자)
마. F학점 포함 학적부성적 기준 직전학기 3.5 이상인 자
바. 모든 교내장학금간 중복수혜 불가
1) 신청장학금 중 수혜금액이 큰 장학금 자동선발(동일할 경우 백마성적우수장학금 선발)
2) 중복수혜 가능 장학금: 국가장학금, 교외장학금, 학업장려비 지원 목적 장학금 등
또한 다음과 같은 학과 내규에 따라 장학금이 지급되오니 참고하시기 바랍니다.
1) 1학년 재학생은 전공기초와 전공선택 과목을 전부 이수해야 함
2) 2, 3학년 재학생은 전공선택 3과목 이상 이수해야 함
3) 4학년 재학생은 전공선택 2과목 이상 이수해야 함
2023.01.19
일어일문학과"
japanese_language,2022학년도 2학기 국내대학 학점교류 시행 안내,N/A,2022-07-11,https://japanstu.ssu.ac.kr/%ed%95%99%ea%b3%bc%ec%82%ac%eb%ac%b4%ec%8b%a4%ec%95%8c%eb%a6%bc/%ea%b3%b5%ec%a7%80%ec%82%ac%ed%95%ad/?term_id&slug=2969,3. 2022-2학기 국내 대학 학점교류 신청 관련 안내
japanese_language,2022학년도 숭실인재양성장학생 모집 안내,N/A,2022-07-05,https://japanstu.ssu.ac.kr/%ed%95%99%ea%b3%bc%ec%82%ac%eb%ac%b4%ec%8b%a4%ec%95%8c%eb%a6%bc/%ea%b3%b5%ec%a7%80%ec%82%ac%ed%95%ad/?term_id&slug=4450,"1. 제도 취지
가. 본교 학부 졸업자 중 인재를 선발하여 국가, 사회에 봉사할 우수한 지도자를 양성하고자 함.
나. 국외에서 박사과정을 이수 중인 본교 졸업생에게 자긍심과 애교심을 고취 시키고자 함.
2. 장학금 지원
가. 장학금명: 숭실인재양성기금 장학금
나. 수혜기간: 1년(단, 휴학 시 지급 중지함)
다. 선발인원: ○명
라. 장학금액: 1인당 총 10,000,000원(5,000,000원 / 1회)
1) 1차 지급: 2022. 10월
2) 2차 지급: 2023.  2월(※ 2023학년도 1학기 재학(예정) 사실을 증명하는 서류 제출자에 한함.)
3. 지원 자격
가. 대한민국 국적 보유자
나. 본교 학사과정 졸업생으로서 국외대학 박사과정 재학생(신입생 포함) 또는 석·박사통합과정 5학기 이상 이수 예정인 자
다. 국외대학 박사과정 수업연한(등록금 납부기간)이 1년 이상 남은 자
라. 성적기준
1) 학사과정:  학적부성적 기준 학사과정 전 학년 평점평균 3.0 이상인 자(4.5 만점 기준)
2) 박사과정: 전 과정 평점평균(GPA) 3.5 이상인 자(4.5 만점 기준)
마. 본교 건학이념에 부합되는 기독교인
4. 지원서류: 붙임 참조
5. 선발방법: 1차 서류심사, 2차 면접심사
6. 접수기간 및 방법
가.
접수기간: 2022. 7. 18(월) ~ 8. 12(금), 10:00 ~ 17:00
나. 접수방법: 장학팀 직접 방문 또는 등기우편 제출"
japanese_language,2022학년도 2학기 학·석사연계과정 지원 및 선발 안내 (~6/24),N/A,2022-05-20,https://japanstu.ssu.ac.kr/%ed%95%99%ea%b3%bc%ec%82%ac%eb%ac%b4%ec%8b%a4%ec%95%8c%eb%a6%bc/%ea%b3%b5%ec%a7%80%ec%82%ac%ed%95%ad/?term_id&slug=4359,"1. 지원기간 : 2022.06.07(화)~06.24(금)
2. 모집학과 : 학사과정과 석사과정에 동일(또는 유사)학과가 있는 학과(계약학과 제외)
3. 지원자격 :
다음 각호 모두 해당되는 자
가. 지원일 당시 학사과정 4학기 이상 6학기 이내 재학 중(건축학부 건축학전공은 6학기 이상 8학기 이내 재학 중)인 자 (학·석사연계과정 신청자는 조기졸업 신청을 할 수 없음)
나. 재수강 이전 과목, 학점포기한 과목, F학점 과목 등을 포함한 전체 과목의 총평점평균이 3.0 / 4.5 이상인 자
다. 7학기 또는 8학기(건축학부 건축학 전공은 9학기 또는 10학기)에 학사과정의 졸업요건을 충족할 수 있는 자
라. 지원하고자 하는 일반대학원 학과 주임교수와 지도교수의 추천을 받은 자
마. 지원하고자 하는 일반대학원의 동일(또는 유사)학과를 주전공 또는 복수전공으로 하는자(부전공, 연계전공은 해당 없음)
4. 제출서류 및 지원방법
가. 학·석사연계과정 신청서 1부.
나. 대학원 교학팀으로 방문 접수(웨스트민스터홀 658호)
5. 선발인원 : 석사과정 입학정원의 20%
6. 발표일 : 2022.07.28(목) 예정 – 학과 및 개별통지
7. 관련안내
가. 대상 : 지원가능 대상자 및 학과
나. 방법 : 안내문 배포 및 관련 동영상 링크(
https://url.kr/xt2f5i
)
8. 문의처 : 대학원 교학팀(02-820.0258~9 , grad@ssu.ac.kr)"
japanese_language,일어일문학과 유학생을 위한 한국문화 체험의 달,N/A,2022-05-09,https://japanstu.ssu.ac.kr/%ed%95%99%ea%b3%bc%ec%82%ac%eb%ac%b4%ec%8b%a4%ec%95%8c%eb%a6%bc/%ea%b3%b5%ec%a7%80%ec%82%ac%ed%95%ad/?term_id&slug=4328,"안녕하세요~^^
우리 일어일문학과에서는
유학생 여러분과 한국인 학생들이 함께 소통하고 교류할 수 있도록
<한국문화 체험의 달> 행사를 진행합니다.
한국문화를 체험할 수 있는 원데이 클래스에 함께 참여하여
일어일문학과 유학생 여러분들이 한국문화를 한층 더 깊이 이해하고
내국인 학생들과 신뢰와 우정을 쌓아
보람되고 값진 유학생활이 되도록 돕고자 합니다.
한국인 학생과 유학생이 친목을 다지고 즐거운 추억을 만들 수 있는 행사이오니
많은 신청 바랍니다.
✔ 신청 대상
– 2022년도 1학기 일어일문학과 외국인 유학생, 한국인 재학생
– 한국인 학생 1명 혹은 2명 + 유학생 1명 혹은 2명 한 팀으로 신청
– 팀을 구성하여 신청해도 좋고, 개인적으로 신청하여 구성하는 것도 가능.
✔ 신청 일시
– 5월 9일 ~ 5월 20일
✔ 진행 일시
– 5월 16일 ~ 6월 6일
✔ 신청 방식
– 구글 폼 작성
https://forms.gle/2VMKP2R1cGeQan6X9
✔ 행사 진행 순서
1. 개인 혹은 팀으로 신청
2. 채팅방 개설
3. 원데이 클래스 중 어떤 체험을 할지와 일정 논의
4. 학과사무실에 연락하여 예약 진행
*선택 가능한 원데이 클래스
도자기 물레 체험 https://url.kr/pn12of
한국 전통 천연 염색 체험 https://url.kr/jh8157
유리잔 페인팅 https://url.kr/hx3cm9
매듭팔찌 만들기 https://url.kr/om52ap
민화 컵받침 만들기 https://url.kr/dg7pia
도자기 접시 공예 https://url.kr/yuig8d"
japanese_language,2022학년도 후기 대학원 정시모집 안내,N/A,2022-03-31,https://japanstu.ssu.ac.kr/%ed%95%99%ea%b3%bc%ec%82%ac%eb%ac%b4%ec%8b%a4%ec%95%8c%eb%a6%bc/%ea%b3%b5%ec%a7%80%ec%82%ac%ed%95%ad/?term_id&slug=4230,"온라인 입학지원 : 대학원 홈페이지 우측 하단 “온라인 입학지원” 클릭
대학원 홈페이지 주소 : https://grad.ssu.ac.kr
제출서류 보내실 곳 : (우 06978) 서울특별시 동작구 상도로 369
숭실대학교 웨스트민스터홀 658호 대학원 입학담당자 앞"
japanese_language,2022학년도 1학기 교내장학금 추가 신청 시행 안내,N/A,2022-03-29,https://japanstu.ssu.ac.kr/%ed%95%99%ea%b3%bc%ec%82%ac%eb%ac%b4%ec%8b%a4%ec%95%8c%eb%a6%bc/%ea%b3%b5%ec%a7%80%ec%82%ac%ed%95%ad/?term_id&slug=2902,"1. 교내장학금 자격요건
가. 2022학년도 1학기 국가장학금 신청 및 서류제출을 완료하고 소득분위가 조회된 자(국가장학금 지급 대상 분위의 경우 심사가 완료된 자)
나. 2022학년도 1학기 재학생으로 등록금 납부 예정인 자
1) 2022학년도 1학기 前 등록휴학 후 복학시 장학생 선발대상에서 제외
2) 미등록, 입학취소, 복학취소, 휴학 등 학적변동 시 모든 장학금 취소
다. 직전학기 15학점 이상 이수한 자(최종 직전학기는 12학점)
라. 등록학기가 8학기 이내인 자(건축학부 건축학전공은 10학기 이내)
2. 신청절차
가. 온라인 신청기간 및 서류제출기간 : 2022년 3월 25일(금) 10:00 ~ 3월 31일(목) 17:00까지
나. 학생 신청방법: u-SAINT포털 – 등록/장학 – 장학메뉴 – 장학금 신청
다. 학생 서류제출: 온라인 신청기간 내 방문 및 등기우편제출 가능(세부내용 붙임 파일 참조)
※ 단, 고시장학금의 경우 등기우편 불가"
japanese_language,[안내]2022학년도 국가우수장학금(인문100년) 신규장학생 사전신청 안내,N/A,2022-03-28,https://japanstu.ssu.ac.kr/%ed%95%99%ea%b3%bc%ec%82%ac%eb%ac%b4%ec%8b%a4%ec%95%8c%eb%a6%bc/%ea%b3%b5%ec%a7%80%ec%82%ac%ed%95%ad/?term_id&slug=3116,"가.  국가우수장학금(인문100년) 장학금 유형 및 지원자격
1) 전공탐색유형(정규학기 내 최대 8학기 지원): 인문사회계열 학과(부) 2022학년도 신입생
2) 전공확립유형(정규학기 내 최대 4학기 지원): 인문사회계열 학과(부) 3학년 1학기 재학생
나. 지원내용
1) Ⅰ유형: 등록금 전액, 생활비 학기당 250만원
2) Ⅱ유형: 등록금 전액
※ 기초생활수급자의 경우 유형에 상관없이 학기당 생활비 250만원 추가 지원
다. 온라인 사전신청기간: 2022.3.16(수) ~ 4.12(화) 18시까지
※ 온라인 사전신청을 우선적으로 진행하며, 한국장학재단에서 배정인원 확정(5월 중) 후 서류제출 및 심사 관련 사항 별도 안내 예정
라. 신청방법: 신청 매뉴얼 참고"
japanese_language,[안내]제25회 일어일문학과 졸업생 초청 취업특강 안내,N/A,2022-03-14,https://japanstu.ssu.ac.kr/%ed%95%99%ea%b3%bc%ec%82%ac%eb%ac%b4%ec%8b%a4%ec%95%8c%eb%a6%bc/%ea%b3%b5%ec%a7%80%ec%82%ac%ed%95%ad/?term_id&slug=3614,"2022
학년도 일어일문학과 졸업생 취업특강
일시: <1차> 3월 31일 목요일 오후 4시 30분-5시 45분
함송연 (㈜크래프톤, 11학번)
<2차> 4월 28일 목요일 오후 4시 30분-5시 45분
유지은 (㈜자이맥스큐슈, 12학번)
장소: 온라인 진행
<1차> 3월 31일
https://zoom.us/j/94485263289?pwd=NW9CU0psQmt6SEhURkJkWkVyOXdFdz09
회의 ID: 944 8526 3289
암호: Qs2dPT
<2차> 4월 28일
https://zoom.us/j/92836391323?pwd=ekRycUJwM2lIbjZGREMrUW03dFNSQT09
회의 ID: 928 3639 1323
암호: JY1Tv8
일어일문학과는 매년 기업 현장에서 활약하고 계시는 외부강사 및 본학과 졸업생들을 강사로 초청하여 취업특강을 실시하고 있습니다.
2022년도에는 우리나라 게임소프트개발회사인 ㈜크래프톤과 일본 부동산업체인 ㈜자이맥스큐슈에서 활약하고 있는 11학번과 12학번 졸업생을 초청하여 2차에 걸쳐 취업특강을 실시하고자 합니다.
현재 한국과 일본에서 활약하고 있는 선배들의 생생한 경험담을 직접 듣을 수 있는 귀한 기회입니다. 본 특강을 통해 기업 현장의 가감없는 현실을 이해하게 되고 각자 사회에 나가기 전에 준비해야 할 것에 대해 생각하는 계기가 마련될 것입니다.
본 행사는 학생들이 자신의 미래를 설계하는데 실제적인 도움을 줄 수 있을 것이며 취업률을 높이는 데도 일조하게 될 것입니다.
일어일문학과 재학생뿐만 아니라 취업을 앞둔 숭실의 여러 학생들의 많은 참여를 기대하겠습니다.
2022년 3월 15일 화요일
일어일문학과 학과장 오미영 올림"
japanese_language,[안내]2022학년도 재단법인 정수장학회 장학생 선발(~1/17 월 12:00),N/A,2022-01-13,https://japanstu.ssu.ac.kr/%ed%95%99%ea%b3%bc%ec%82%ac%eb%ac%b4%ec%8b%a4%ec%95%8c%eb%a6%bc/%ea%b3%b5%ec%a7%80%ec%82%ac%ed%95%ad/?term_id&slug=4022,"1. 자격요건
가. 가정형편이 곤란하고 타의 모범이 되는 학생
나. 장차 국가와 사회에 유익하게 기여하리라 인정되는 학생
다. 타 장학금을 받지 않는 학생
라. 1997년 1월 1일 이후 출생자
라. 2021학년도
제
1
학기
평균점수
85
점
(
백분율점수 기준
)
이상이고
,
학업석차가
10%
이내인 학생
마. 2022학년도 1학기 기준
인문계
,
자연계 소속
2, 3
학년
(2학기 또는 4학기 이수자)
2. 장학금액
:
졸업시까지 등록금 전액
(
수업료
+
기성회비
)
3. 추천인원
:
4
명
(2
학년
2
명
, 3
학년
2
명
)
기타 내용 및 제출서류 확인은 아래의 링크 및 학교 홈페이지 ‘장학’ 공지사항의 내용을 확인해주시기 바랍니다.
https://scatch.ssu.ac.kr/%ea%b3%b5%ec%a7%80%ec%82%ac%ed%95%ad/?f=all&category&slug=2022%ED%95%99%EB%85%84%EB%8F%84-%EC%9E%AC%EB%8B%A8%EB%B2%95%EC%9D%B8-%EC%A0%95%EC%88%98%EC%9E%A5%ED%95%99%ED%9A%8C-%EC%9E%A5%ED%95%99%EC%83%9D-%EC%84%A0%EB%B0%9C&keyword=%EC
일어일문학과"
japanese_language,[안내]2022학년도 1학기 백마성적우수장학생 선발 기준 안내,N/A,2022-01-12,https://japanstu.ssu.ac.kr/%ed%95%99%ea%b3%bc%ec%82%ac%eb%ac%b4%ec%8b%a4%ec%95%8c%eb%a6%bc/%ea%b3%b5%ec%a7%80%ec%82%ac%ed%95%ad/?term_id&slug=4016,"2022학년도 1학기 백마성적우수장학생 선발 기준에 관하여 다음과 같이 안내드립니다.
가. 2022학년도 1학기 국가장학금을 신청하여 소득분위 조회가 가능한 자
1) 1차 신청자에 한하여 등록금고지서 사전감면
2) 1차 미신청자 : 2차 신청/서류제출/구제신청 확인 후 사후지급
(2차 신청자 중 한국장학재단 구제신청기간에 구제신청 시 사후지급)
3) 국가장학금을 신청할 수 없는 대한민국 국적 미소지자도 선발 가능
(단, 순수외국인전형으로 입학한 외국인유학생은 선발 불가)
나. 2022학년도 1학기 재학 및 복학예정자로 해당학기 등록금 납부 예정인 자
1) 2022학년도 1학기 前등록휴학 후 복학시 선발대상에서 제외 (등록대체자)
2) 학기 중 미등록, 입학취소, 복학취소 등으로 인한 학적변동시 모든 장학금 취소
3) 선발 후, 학기 중 휴학 시 백마성적우수장학금은 복학학기로 이월
※ 추가 또는 교체선발 시 재학 중인 학생만 선발 (휴학생에 대한 추가/교체 불가)
다. 직전학기 15학점 이상 이수한 자 (졸업 직전학기는 직전학기 12학점 이상)
라. 등록학기가 8학기 이내인 자 (건축학전공: 등록 10학기 이내인 자)
마. F학점 포함 학적부성적 기준 직전학기 3.5 이상인 자
바. 모든 교내장학금간 중복수혜 불가
1) 신청장학금 중 수혜금액이 큰 장학금 자동선발
2) 중복수혜 가능 장학금: 국가장학금, 교외장학금, 학업장려비 지원 목적 장학금 등
또한 다음과 같은 학과 내규에 따라 장학금이 지급되오니 참고하시기 바랍니다.
1) 1학년 재학생은 전공기초와 전공선택 과목을 전부 이수해야 함
2) 2, 3학년 재학생은 전공선택 3과목 이상 이수해야 함
3) 4학년 재학생은 전공선택 2과목 이상 이수해야 함
2022.01.12
일어일문학과"
japanese_language,2021학년도 숭실문화상 공모(2021.11.01~2021.11.18),N/A,2021-11-15,https://japanstu.ssu.ac.kr/%ed%95%99%ea%b3%bc%ec%82%ac%eb%ac%b4%ec%8b%a4%ec%95%8c%eb%a6%bc/%ea%b3%b5%ec%a7%80%ec%82%ac%ed%95%ad/?term_id&slug=3810,"1. 공모부문 및 작품 분량
가. 제48회 다형(김현승) 문학상
1) 시: 3편 이상
2) 소설, 평론, 드라마(희곡, 시나리오): 200자 원고지 80매 내외
나. 제47회 이당(안병욱) 논문상
1) 인문·사회과학을 주제로 한 논문: 200자 원고지 50매 내외
2. 응모자격: 학부생(재학생에 한함)
3. 접수기간: 2021.11.01.(월) ~ 11.18.(목) 17:00
4. 시상일시 및 장소: 2021.11.26.(금) 15:00 (예정) / 베어드홀 4층 회의실
5. 제출양식: 작품을 한글파일로 작성하여 이메일 전송 또는 직접 방문하여 원작 제출
(소속 학과[부], 학년, 학번 및 연락처 명기)
6. 시상내역: 각 부문별 당선작 1편 및 가작 1편
가. 상장: 숭실대학교 총
나. 상금(장학금으로 지급할 예정)
1) 당선작: 500,000원
2) 가작: 300,000원
7. 당선작 발표: 2021.11.29.(월) 발행 ‘숭대시보'(제1283호)에 게재"
japanese_language,[안내][긴급]2021학년도 2학기 6주차(10월 6일) 이후 대면수업 코로나 19 대응,N/A,2021-10-01,https://japanstu.ssu.ac.kr/%ed%95%99%ea%b3%bc%ec%82%ac%eb%ac%b4%ec%8b%a4%ec%95%8c%eb%a6%bc/%ea%b3%b5%ec%a7%80%ec%82%ac%ed%95%ad/?term_id&slug=3641,"안녕하세요, 일어일문학과 학과사무실입니다.
2021학년도 2학기 대면수업 관련하여 학교측에서 다음과 같은 공지사항을 게시하였습니다.
반드시 확인하셔서 이후 수업에 참가하는 데 불이익이 없으시길 바립니다.
감사합니다.
https://scatch.ssu.ac.kr/%EA%B3%B5%EC%A7%80%EC%82%AC%ED%95%AD/?slug=2021%ED%95%99%EB%85%84%EB%8F%84-2%ED%95%99%EA%B8%B0-6%EC%A3%BC%EC%B0%A810%EC%9B%94-6%EC%9D%BC-%EC%9D%B4%ED%9B%84-%EB%8C%80%EB%A9%B4%EC%88%98%EC%97%85-%EC%BD%94%EB%A1%9C%EB%82%98-19-%EB%8C%80&category=%ED%95%99%EC%82%AC
일어일문학과"
japanese_language,[안내]제10회 원어연극 진행 관련 식권 지급 안내,N/A,2021-09-23,https://japanstu.ssu.ac.kr/%ed%95%99%ea%b3%bc%ec%82%ac%eb%ac%b4%ec%8b%a4%ec%95%8c%eb%a6%bc/%ea%b3%b5%ec%a7%80%ec%82%ac%ed%95%ad/?term_id&slug=3616,"안녕하세요, 일어일문학과 학사조교입니다.
지난 9월 9일에 진행된 제10회 원어연극이 무사히 잘 마무리되었습니다.
학생분들의 관심과 참여 감사드립니다.
이에 당일 행사에 참여하신 학생분들에게 한하여, 학과에서 식권을 1매씩 배부드릴 예정입니다.
식권은 9월 30일까지 학과사무실에서 보관하고 있을 예정이며 30일까지 학과사무실로 방문 후 수령해주시기 바랍니다.
수령시에는 학과에 준비해둔 수령대장에 서명해주시기 바랍니다.
감사합니다.
2021.09.23
일어일문학과"
japanese_language,[안내]2021학년도 일어일문학과 제10회 원어연극 상영회 안내(9/9 16:30~),N/A,2021-09-06,https://japanstu.ssu.ac.kr/%ed%95%99%ea%b3%bc%ec%82%ac%eb%ac%b4%ec%8b%a4%ec%95%8c%eb%a6%bc/%ea%b3%b5%ec%a7%80%ec%82%ac%ed%95%ad/?term_id&slug=3512,"일시: 2021년 9월 9일 오후 4시 30분- 5시 45분
장소: Zoom을 통한 온라인 상영 실시
(참가주소:
https://zoom.us/j/99454568291?pwd=c1UxREJ0ZFl1Zkh0VjM1VjlRd0pmZz09
)
원어연극은 스피치콘테스트와 격년으로 실시되는 일어일문학과 학과 행사입니다. 2004년 제1회 「三 国一の花嫁」를 시작으로, 일어일문학과 학생들이 감독과 스탭, 배우를 맡아 스스로 대본을 선정하고 연습하여, 다른 학우들 앞에서 연극을 상연하는 행사입니다.
올해 2021년도에는 코로나로 인하여 온라인으로 실시하게 되었습니다.
제10회 원어연극은 기존의 연극과는 달리 소수의 인원이 팀을 이루어 단막극을 촬영한 동영상을 상연합니다. 연극에 참가하는 학우들은 방학 전부터 함께 회의를 진행하고 대본을 작성하고 zoom을 통해 연습하였고 또한 엄격한 방역 수칙을 준수하며 학교에서 연습을 진행하였습니다. 비록 같은 장소에서 여러분께 실력을 뽐낼 수는 없지만 화면 너머로 나마 열심히 연습한 학우들의 노력과 기쁨을 함께 나누어 주시기 바랍니다.
참가인원
A
팀
B
팀
연극제목
山登り
연극제목
答えはノートに
팀원
김성민(20학번)
팀원
강현서(20학번)
엄예은(20학번)
야마노나츠미(19학번)
이진옥(20학번)
김건우(21학번)
전혜연(20학번)
나한별(21학번)
이도현(21학번)"
japanese_language,[안내]2022학년도 1학기 파견 교환학생 모집 안내,N/A,2021-08-10,https://japanstu.ssu.ac.kr/%ed%95%99%ea%b3%bc%ec%82%ac%eb%ac%b4%ec%8b%a4%ec%95%8c%eb%a6%bc/%ea%b3%b5%ec%a7%80%ec%82%ac%ed%95%ad/?term_id&slug=3465,"국제팀에서 2022학년도 1학기 파견 교환학생을 모집합니다. 관심있는 학생들의 많은 지원 바랍니다.
공지사항 링크:
https://study.ssu.ac.kr/community/notice_view.do?sbSeq=MTQ5Mg==
일정: 2021.08.16.(월) ~ 08.20.(금)
문의:국제팀 (신양관 203호, 02-820-0757,
study@ssu.ac.kr
)"
japanese_language,[안내]2021학년도 2학기 백마성적우수장학생 선발기준 안내,N/A,2021-07-09,https://japanstu.ssu.ac.kr/%ed%95%99%ea%b3%bc%ec%82%ac%eb%ac%b4%ec%8b%a4%ec%95%8c%eb%a6%bc/%ea%b3%b5%ec%a7%80%ec%82%ac%ed%95%ad/?term_id&slug=3375,"가. 2021학년도 2학기 국가장학금을 신청하여 소득분위 조회가 가능한 자
1) 1차 신청자에 한하여 등록금고지서 사전감면
2) 1차 미신청자 : 2차 신청/서류제출/구제신청 확인 후 사후지급
(2차 신청자 중 한국장학재단 구제신청기간에 구제신청 시 사후지급)
3) 국가장학금을 신청할 수 없는 대한민국 국적 미소지자도 선발 가능
(단, 순수외국인전형으로 입학한 외국인유학생은 선발 불가)
나. 2021학년도 2학기 재학 및 복학예정자로 해당학기 등록금 납부 예정인 자
다. 직전학기 15학점 이상 이수한 자 (졸업 직전학기는 직전학기 12학점 이상)
라. 등록학기가 8학기 이내인 자 (건축학전공: 등록 10학기 이내인 자)
마. F학점 포함 학적부성적 기준 직전학기 3.5 이상인 자
바. 모든 교내장학금간 중복수혜 불가
사. 학과 내규 규정에 충족되어야함
*’일어일문학과 내규(2018.07.27.수정)’ 게시글 참조"
japanese_language,[안내]2021학년도 (재)롯데장학재단 멘토링 장학금 신청 홍보,N/A,2021-05-27,https://japanstu.ssu.ac.kr/%ed%95%99%ea%b3%bc%ec%82%ac%eb%ac%b4%ec%8b%a4%ec%95%8c%eb%a6%bc/%ea%b3%b5%ec%a7%80%ec%82%ac%ed%95%ad/?term_id&slug=3270,"가. 2021학년도 (재)롯데장학재단 38기 멘토링 장학생 선발 안내
1) 지원요건
가) 초·중·고등학생 학습지도(영어, 수학 등) 가능한 자(전공, 성별 무관)
나) 2021-2학기 기준 2학년 1학기 or 2학기 재학생
다) 2020-2학기 기준 총(평균) 평점 3.5/4.5 이상, 이수학점 12학점 이상
라) 2021-1학기 기준 소득구간 8구간 이내
2) 멘토링 활동내용
가) 활동내용: 초·중·고등학생 학습지도(영어, 수학 등)/온·오프라인 활동
나) 활동기간: 2021.09.01.~2022.08.31.(12개월)
다) 활동시간: 월 4회, 12시간 이상(년 150시간 이상/ 주 3시간 이상)
※활동장소는 대학 인근 센터로 추후 별도 안내 예정
3) 지원내용
가) 지원기간: 1년(2021년 2학기~2022년 1학기)
나) 장학금액(아래 1, 2 中 택1 )
(1) 등록금(수업료) 전액+멘토링 활동비(월 15만원)
(2) 생활비 300만원/학기 + 멘토링 활동비(월 15만원)
다)멘토링 장학생 특전
(1) 멘토링 활동 종료 후, 정규과정 종료 시 까지 장학금 지원(멘토링 활동 정상수료자 限)
(2) 재단지원 프로그램 제공(취업특강 및 문화활동 지원)
4) 신청기간: 2021.05.21.(금) ~ 06.04.(금) 15:00까지
5) 신청방법: 서류구비 후 직접 혹은 이메일 제출
-제출처: 숭실대학교 장학팀(학생회관 406호) 혹은 이메일(ser@ssu.ac.kr) 제출
※
자세한 사항은 숭실대학교 홈페이지 ‘장학’ 공지사항을 참고하여 주시기 바랍니다
."
japanese_language,[안내]2021학년도 일어일문학과 원어연극 관련 공지(기간 연장: 6월 3일까지),N/A,2021-05-03,https://japanstu.ssu.ac.kr/%ed%95%99%ea%b3%bc%ec%82%ac%eb%ac%b4%ec%8b%a4%ec%95%8c%eb%a6%bc/%ea%b3%b5%ec%a7%80%ec%82%ac%ed%95%ad/?term_id&slug=3193,"안녕하세요~^^
2021학년도 우리 학과 <일본어 원어 연극> 행사를 개최합니다.
현재의 특수한 상황을 고려하여 행사 방식을 다음과 같이 변경합니다.
—————————————————————————————-
동영상으로 촬영하여 온라인 상영(9/9 목요일 16:30)
각 팀당 4인(연출, 배우 포함) 이하 3팀.
15-20분 분량의 단막극(코미디 포함).
주제 자유.
—————————————————————————————–
참가신청: 6/3(화) 17시 학과사무실
신청서류: 자유형식으로 다음 내용을 적어서 제출
* 작품제목, 참가자, 각 사람의 참여동기, 작품대본, 준비 계획
* 참가를 희망하지만 팀을 찾지 못하는 학생은 川口교수님께 의논하시기 바랍니다.
—————————————————————————————-
3팀 이상 신청할 경우 교수님들의 심사를 통해 선발.
준비비 등은 사전에 지급하지 않고
상영 후 심사를 통해 1, 2, 3등을 정하고 상금을 수여할 예정.
기타 자세한 사항은 학과사무실(02-820-0530. 조만식기념관 646호)을 통해 문의할 것.
창의적이고 활기찬 우리 일어일문학과 학생들의 적극적인 참여를 기대합니다.
*개인적으로 참여의사가 있는 사람은 川口교수님께 상담할 것.
*대본은 추후에 제출해도 됨.
2021년 5월 26일 수요일
학과장 오미영 교수"
japanese_language,[안내]일어일문학과 유학생 지원 문화탐방 프로그램 안내,N/A,2021-04-30,https://japanstu.ssu.ac.kr/%ed%95%99%ea%b3%bc%ec%82%ac%eb%ac%b4%ec%8b%a4%ec%95%8c%eb%a6%bc/%ea%b3%b5%ec%a7%80%ec%82%ac%ed%95%ad/?term_id&slug=3191,"안녕하세요
.
일어일문학과에서 유학생 지원 프로그램의 일환으로
한국의 뮤지컬 공연을 감상하는 문화탐방 프로그램을 실시합니다
.
한국 뮤지컬은 세계적으로도 그 우수성이 널리 알려져있습니다
.
—–
기간
: 2021
년
5
월
31
일까지
인원
: 2_3
명
(
원하는 친구와 신청하시면 됩니다
)
신청방법
:
관람을 희망하는 공연・일시・참가자 확정
→ 학과사무실
(02-820-0530,
japanstu@ssu.ac.kr
)
로 연락
→ 학과사무실에서 예약
→ 티켓전달
→ 관람
—–
참고로 현재 공연 중인 뮤지컬 링크입니다
.
지하철
1
호선
:
https://mobileticket.interpark.com/goods/21002381?app_tapbar_state=hide
&
브라더스 까라마조프
https://mobileticket.interpark.com/goods/21000830?app_tapbar_state=hide
&
마마
,
돈크라이
https://mobileticket.interpark.com/goods/21003130?app_tapbar_state=hide
&
——
뮤지컬 공연 관람을 하지 않는 유학생의 경우
,
일어일문학과의 학과 잠바 구입해드립니다
.
단 신청하신 분은 반드시 수령하셔야 하며 수령하지 않을 경우 비용을 지불하셔야 합니다
.
디자인은
2020
년과 동일합니다
.
*첨부파일로 중국어 번역문(中文)을 첨부드립니다.
이상입니다
.
2021
년
4
월
30
일 금요일"
japanese_language,[안내]융합전공 안내-동아시아경제통상,N/A,2021-03-12,https://japanstu.ssu.ac.kr/%ed%95%99%ea%b3%bc%ec%82%ac%eb%ac%b4%ec%8b%a4%ec%95%8c%eb%a6%bc/%ea%b3%b5%ec%a7%80%ec%82%ac%ed%95%ad/?term_id&slug=3104,"융합전공-동아시아 경제통상
●목표
인문학적 소양을 바탕으로 현장 중심의 창의력과 융합적 실무능력을 배양하고 동아시아 지역특화, 역사문화, 어문학  및 경제, 통상, 금융ㅇ을 아우를 수 있는 전문가 양성
●학습내용
지역언어 능력 함양, IT기술 능력 배양, 국제통상 및 금융분야 이론과 현장실무경험, 동아시아 관련 역사문화, 어문학 등의 인문학적 소양과 사회, 경제, 정치 관련 지식 습득
●일어일문학과 개설 필수과목 개요
일본비즈니서커뮤니케이션의 이해: 일본 비즈니스와 커뮤니케이션을 연계하며 학습
●교과과정
붙임1 파일 참조
●융합전공이란?
융복합 인재를 요구하는 시대에 학문 간 경계를 뛰어넘어 보다 다양하고 폭넓게 진로를 탐색하며 역량을 개발할 수 있도록 지원하는 다전공
●신청자격
신청시점 기준 1~6학기 이수자(융합특성화자유전공학부 1학년은 제외, 신입생은 7월 초에 1학기 이수자가 돠며, 3학년 2학기 종강 시점에 6학기 이수자가 됨)
●신청시기
7월초/1월초(세부 일정은 본교 홈페이지 ‘학사’ 공지사항 참고)
●이수방법 및 학점
붙임1 파일 참조."
japanese_language,[일어일문학과] 2020학년도 교직과정 이수예정자 선발 완료,N/A,2021-01-21,https://japanstu.ssu.ac.kr/%ed%95%99%ea%b3%bc%ec%82%ac%eb%ac%b4%ec%8b%a4%ec%95%8c%eb%a6%bc/%ea%b3%b5%ec%a7%80%ec%82%ac%ed%95%ad/?term_id&slug=2976,"학과사무실에서 알립니다.
2020학년도 교직과정 이수예정자 선발이 완료되었습니다.
선발 된 학생에게는 2021월 1월 21일
10
시에 문자로 안내했습니다.
선발되지 않은 학생의 이의신청은 1월 25일 월요일까지 받겠습니다.
감사합니다."
japanese_language,일본에서 사용하는 비즈니스 회화 예절(번역) 참고자료,N/A,2020-12-10,https://japanstu.ssu.ac.kr/%ed%95%99%ea%b3%bc%ec%82%ac%eb%ac%b4%ec%8b%a4%ec%95%8c%eb%a6%bc/%ea%b3%b5%ec%a7%80%ec%82%ac%ed%95%ad/?term_id&slug=2913,"오미영 교수님의 일본어번역수업
수강생 유곤지 학생이 본 자료제공을 해주었습니다.
관심있는 학생들은 참고하시기 바랍니다."
japanese_language,학부생 대상 폭력예방교육 안내,N/A,2020-12-04,https://japanstu.ssu.ac.kr/%ed%95%99%ea%b3%bc%ec%82%ac%eb%ac%b4%ec%8b%a4%ec%95%8c%eb%a6%bc/%ea%b3%b5%ec%a7%80%ec%82%ac%ed%95%ad/?term_id&slug=2899,"상담센터 양성평등팀에서는 본교생이 성폭력에 대한 바른 지식을 가지고 대처할 수 있도록 학부생을 위한 성폭력 예방교육을 진행합니다.
1. 교육내용
가. 변호사가 알려주는 성폭력 실제와 대응법-디지털 성범죄를 중심으로
1) 일시: 2020년 12월 22일(화) 오후 2시~4시
2) 강사: 경규연 변호사(윤익법률사무소, 양성평등팀 법률자문위원)
나. 대학생을 위한 성폭력·가정폭력 예방교육-데이트 폭력을 중심으로
1) 일시: 2020년 12월 23일(수) 오후 2시~4시
2) 강사: 나은숙 강사(폭력예방통합강사협회장, 여성가족부 폭력예방전문강사)
2. 추진계획
가. 교육방법: Zoom을 활용한 비대면 실시간 강의 (강의 1일전 zoom 링크 안내)
나. 신청방법: 펀 시스템으로 신청
https://fun.ssu.ac.kr/ko/program/all/view/1723
다. 신청기간:
2020
년 12월 3일(목)부터 ~ 18일(금) 오후 5시까지
라. 이수기준: 수강 후 만족도 조사까지 완료 요망
마. 기타사항: 수강하신 분들 대상으로 소정의 선물이 제공될 예정입니다
바. 문의사항: 상담센터 양성평등팀 한지혜 연구원(☎ 02-820-0843/
angelluv114@ssu.ac.kr
)"
japanese_language,[통일부] ‘2020년 학교통일교육 실태조사’ 참여안내,N/A,2020-11-27,https://japanstu.ssu.ac.kr/%ed%95%99%ea%b3%bc%ec%82%ac%eb%ac%b4%ec%8b%a4%ec%95%8c%eb%a6%bc/%ea%b3%b5%ec%a7%80%ec%82%ac%ed%95%ad/?term_id&slug=2895,"통일부에서 ‘2020년 학교통일교육 실태조사’를 아래와 같이 실시하오니 적극적인 참여 부탁드립니다.
가. 대상: 숭실대학교 재학생 358명 이상
나. 시기: 11월 중
다. 참여방법: 웹조사
(
https://svy.web-survey.co.
kr/?pid=S12131yuobyl&grpid=rdn
)
라. 참여자 사례: 모바일 편의점 상품권(2,000원)
마. 조사내용: 통일인식, 북한인식, 학교통일 관련 설문 20문항 내외"
japanese_language,2021학년도 전기 대학원 수시모집 모집요강 안내,N/A,2020-11-24,https://japanstu.ssu.ac.kr/%ed%95%99%ea%b3%bc%ec%82%ac%eb%ac%b4%ec%8b%a4%ec%95%8c%eb%a6%bc/%ea%b3%b5%ec%a7%80%ec%82%ac%ed%95%ad/?term_id&slug=2862,2021학년도 전기 대학원 수시모집 모집요강 안내해 드립니다.
japanese_language,2021학년도 1학기 학·석사연계과정 지원 및 선발 안내,N/A,2020-11-18,https://japanstu.ssu.ac.kr/%ed%95%99%ea%b3%bc%ec%82%ac%eb%ac%b4%ec%8b%a4%ec%95%8c%eb%a6%bc/%ea%b3%b5%ec%a7%80%ec%82%ac%ed%95%ad/?term_id&slug=2841,"1. 지원기간 :
2020년 12월 7일(월) ~ 12월 24일(목)
2. 모집학과 : 학사과정과 석사과정에 동일(또는 유사)학과가 있는 학과(계약학과 제외)
3. 지원자격 :
다음 각호 모두에 해당되는 자
가) 지원일 당시
학사과정 4학기 이상 6학기 이내 재학 중
(건축학부 건축학전공은 6학기 이상 8학기 이내 재학 중)인 자 => 5학기 내지 7학기 개시 전(건축학부 건축학전공은 7학기 내지 9학기 개시 전)인 학생만 지원 가능
(학
·
석사연계과정 신청자는 조기졸업 신청을 할 수 없음
)
나) 재수강 이전 과목, 학점포기한 과목, F학점 과목 등을 포함한 전체 과목의 총평점평 균이
3.0/4.
5 이상인 자
다)
7학기 또는 8학기
(건축학부 건축학전공은 9학기 또는 10학기)
에 학사과정의 졸업요건을 충족
할 수 있는 자
라) 지원하고자 하는 일반대학원 학과 주임교수와 지도교수의 추천을 받은 자
마) 지원하고자 하는 일반대학원의 동일(또는 유사)학과를 주전공 또는 복수전공하는 자 (부전공, 연계전공은 해당없음)
4. 제출서류 :
학·석사연계과정신청서 1부
5. 지원방법: 제출서류를 구비하여 대학원 교학팀(웨스트민스터홀 658호)로 방문접수
6. 선발인원: 석사과정 입학정원의 20%
7. 발 표 일:
2021년 1월 29(금) 예정 – 학과 및 개별통지
8. 문의처 : 대학원 교학팀(02-820-0258∼9, grad@ssu.ac.kr)"
japanese_language,2020학년도 정기 학습역량진단(LCT-CMB) 참여 안내,N/A,2020-11-12,https://japanstu.ssu.ac.kr/%ed%95%99%ea%b3%bc%ec%82%ac%eb%ac%b4%ec%8b%a4%ec%95%8c%eb%a6%bc/%ea%b3%b5%ec%a7%80%ec%82%ac%ed%95%ad/?term_id&slug=2833,"1. 2020학년도 정기 진단 실시 정보
가. 대상: 본교 학부 재학생
나. 진단 기간: 11.10.(화)~12.13.(일), 5주
다.
진단 언어: 한국어, 中國語
라. 목표 인원 수: 1,000명 이상
마. 참여 혜택
1)
교내 생협 식권 5,000원권 지급(선착순 1,000명)
2) 개인별 학습역량 분석 리포트 제공
바. 참여 방법
1) FUN시스템 학습역량 진단 페이지(
fun.ssu.ac.kr/ko/essential/competency
) 접속 후 로그인
2)
한국인 학생은 한글 진단명을, 中國人 학생은 中文 진단명을 클릭하여 진단
사. 실시 목적
1) 2020학년도 본교 학부생 학습역량 수준 분석
2) 2017→2020학년도 본교 학부생 학습역량 변화도 분석(전공계열, 학년, 내/외국인)
3) 2020학년도 학습역량 강화 프로그램 효과성 검증
4) 2021학년도 이후 학습역량 강화 프로그램 신설 및 개선(안) 도출
5) 학생 개별 학습역량 분석 리포트 제공 및 맞춤형 학습역량 강화 프로그램 참여 유도
6) 학습역량 진단 결과를 추후 학습자 상담 또는 학습코칭 기본 자료로 활용
2. 학습역량진단(LCT-CMB) 개요
가. 본교 이경화 교수(평생교육학과) 등이 2011년에 개발한 검사 도구
나. 대학생의 학습역량을 ‘학습자의 인지(Cognition), 학습 동기(Motivation), 학습 행동(Behavior) 영역을 포괄한, 학습을 잘 할 수 있는 힘’이라고 정의
다. 숭실 7대 학습 역량을 19개 하위요소로 세분화하여 진단
학습 역량
인지(Cognition)
동기(Motivation)
행동(Behavior)
고등
사고력
창의성
문제
해결력
정서
동기
학습전략
학습환경관리 및
자원 활용력
고등사고
초인지
창의적 능력
창의적 성향
문제해결과정
조작과 실천
우울
시험불안
학습스트레스
자기결정성
학습목표지향성
자기효능감
집중전략
노트정리
기억전략
노력조절
학습 환경관리
도움 및 자원활용
진로준비
라. 연도별 추진 실적
1) 2017학년도 정기 진단: 총 1,028명 참여
2) 2018학년도 정기 진단: 총 795명 참여
3) 2019학년도 정기 진단: 총 1,095명 참여"
japanese_language,[중앙도서관] 레포트작성을 위한 정보활용교육 & 퀴즈대회 안내,N/A,2020-11-12,https://japanstu.ssu.ac.kr/%ed%95%99%ea%b3%bc%ec%82%ac%eb%ac%b4%ec%8b%a4%ec%95%8c%eb%a6%bc/%ea%b3%b5%ec%a7%80%ec%82%ac%ed%95%ad/?term_id&slug=2829,"1. 레포트 작성을 위한 정보활용교육
가. 일시 : 2020.11.18.(수) 14:00~15:30
나. 내용
1) 레포트의 개념과 기본형식
2) 학술정보의 이해
3) 도서관 소장/미소장 학술정보 검색 및 이용법
4) 참고문헌인용법/표절방지(학습윤리) 교육
다. 진행방법 : ZOOM을 활용한 온라인 실시간 교육으로 진행
2. 중앙도서관 학술정보퀴즈대회
가. 일시 : 2020.11.24.(화) 17:00~17:30
나. 목적 : 도서관 학술자료 홍보와 우수이용자 포상
다. 진행방법
1) ZOOM으로 동시접속해 화면을 보면서 핸드폰으로 퀴즈를 푸는 방식으로 진행
2) ‘퀴즈N’을 활용하여 진행되며, 점수와 순위 실시간 공지
3) 상위입상자에게  장학금과 상품 수여(붙임 1 참조)
라. 출제범위 : 도서관 홈페이지와  ‘2020 도서관 정보활용안내’ 책자에서 주로 출제될 예정이며, 18일 진행되는 ‘레포트작성을 위한 정보활용교육’에서 주요 내용 강의
3. 신청 : 도서관 홈페이지 우측 가운데 ‘정보활용교육’ 아이콘 클릭
https://oasis.ssu.ac.kr/#/education/result/?offset=0&max=20"
japanese_language,2020-겨울계절제 국내대학 학점교류 실시 및 수강신청 안내,N/A,2020-11-02,https://japanstu.ssu.ac.kr/%ed%95%99%ea%b3%bc%ec%82%ac%eb%ac%b4%ec%8b%a4%ec%95%8c%eb%a6%bc/%ea%b3%b5%ec%a7%80%ec%82%ac%ed%95%ad/?term_id&slug=2782,"“본 공지는 대학별 실시계획이 확정되는대로 계속 업데이트 되니 수시로 확인하기 바랍니
다.”
1. 학점교류 참여대학 현황
가톨릭대학교, 건국대학교, 광운대학교, 동국대학교, 동덕여자대학교, 명지대학교, 삼육대학
교, 상명대학교, 서경대학교, 서울과학기술대학교, 서울시립대학교, 서울여자대학교, 성공회대
학교, 성신여자대학교, 세종대학교, 숙명여자대학교,장로회신학대학교, 중앙대학교, 총신대학
교, 추계예술대학교, KC대학교, 한국외국어대학교, 한동대학교, 한성대학교, 홍익대학교
(개별대학 사정에 따라 시행하지 않을 수 있음)
2. 대학별 지원 기한
※ 대학별로 지원 방법, 수강신청 기한, 수업 기간이 다르니 유의할 것. ※ 현재 모집 중인 대학의 지원 기한은 아래와 같음. 세부사항은 대학별 안내문(첨부) 참고. 기한 엄수하여 본인 소속 학과로 신청.
3. 참가지원 방법
가. 신청학점: 계절제 수강 가능학점(6학점) 이내
나. 신청자격
1) 2020-2학기 현재 본교 3～7학기 재학생 (휴학생 신청 불가)     2) 직전학기까지 성적 평점평균 3.0 이상(학적부 기준)인 자
3) 학칙에 따른 징계 사실이 없는 자
다. 신청방법 및 제출서류
1) 신청방법: 지원서(첨부) 작성하여 소속학과 사무실로 방문 제출
2) 제출서류
⦁국내대학 학점교류 참가지원서(첨부) 1부
⦁성적증명서 1부
라. 주의사항
1) 타 대학에서 취득 가능한 총 학점 수는 본교 졸업학점의 1/3 이내로 함
2) 지원서의 계절학본교 인정교과목 이수구분란 작성 시,       – 전공과목 인정 여부는 본인 소속 학과로 문의
– 교양과목 인정 여부는 해당과목 개설 학과로 문의
– 본교에 인정 과목 없을 경우 교양선택으로 인정
– 교양선택으로 인정될 경우 이수구분만 인정되며 분야별 영역이수는 인정되지 않음
(단, 교과과정위원회 사전 심의 및 지정 과목에 한해 영역 인정 가능)
3) 이수 제한 및 재수강 관련
– 교양필수, 전공기초, 전공필수 과목은 반드시 본교에서 이수해야 함
– 복수전공, 부전공, 연계전공 등 다전공 과목은 반드시 본교에서 이수해야 함(단, DIY 자기설계융합전공 지정과목은 가능)
– 본교에서 기 이수한 과목과 동일한 과목은 교류대학에서 이수 불가
– 교류대학에서 이수한 과목의 재수강은 해당 교류대학에서만 가능
4) 개인정보 수집 및 이용 동의: 지원서에 작성한 개인정보는 교류대학에 제공되어 관련
업무 처리에 이용될 수 있으며, 이에 대해 동의하지 않을 경우 신청이 취소될 수 있음
마. 기타
1) 본교 계절제 최대 수강 가능학점인 6학점에 타 대학수강신청 학점도 포함되므로, 수
강 신청 및 변경 기간에 학점이 초과되지 않도록 주의할 것.
2) 타 대학에서 수강하는 동안 강의실 변경 및 분반, 강의실 및 출석 확인 등의 문제 발생 시 본교 학사팀 또는 각 대학별 담당자에
확인하여 불이익 없도록 할 것.
3) 교류대학의 수강신청 변경 및 취소, 폐강 등으로 최초 지원서 제출 당시와 신청 내용이 달라진 경우 즉시 해당 내용을 본인 소속
학과에 통지할 것.
4) 각 교류대학별 수강안내문 숙지하여 해당교 학사일정 등을 준수해야 함
5) 학점교류 도중 휴학 시 학점 취득 불가함. (교류대학 학칙에 따라 다소 상이할 수 있음)
교 무 처 장"
japanese_language,여행경보 발령 안내(전 국가·지역 해외여행에 대한 특별여행주의보(3차) 연장,N/A,2020-10-22,https://japanstu.ssu.ac.kr/%ed%95%99%ea%b3%bc%ec%82%ac%eb%ac%b4%ec%8b%a4%ec%95%8c%eb%a6%bc/%ea%b3%b5%ec%a7%80%ec%82%ac%ed%95%ad/?term_id&slug=2693,"외교부는 코로나19의 세계적인 확산에 따른 우리 국민의 해외여행 취소·연기를 당부하기 위해 위 호와 관련하여 안내드린 전 국가·지역 해외여행에 대한
특별여행주의보를 11.17.(화)까지
연장 하기로 함"
japanese_language,2020학년도 2학기 특별재난지역(수해 피해) 지원 장학생 선발 안내,N/A,2020-10-22,https://japanstu.ssu.ac.kr/%ed%95%99%ea%b3%bc%ec%82%ac%eb%ac%b4%ec%8b%a4%ec%95%8c%eb%a6%bc/%ea%b3%b5%ec%a7%80%ec%82%ac%ed%95%ad/?term_id&slug=2691,"□ 선발내용
가. 대상: 집중호우로 인하여 수해 피해를 입은(특별재난지역 거주) 학부 재학셍
나. 자격요건
1) 2020학년도 2학기 등록한 학부 재학생
2) 2020년 6월 이후 집중호우로 인한 피해 사실이 확인된 자
3) 정규등록 8학기 이내인 자 (건축학과 건축학전공: 정규등록 10학기 이내인 자)
다. 지원금액: 대상자수에 따라 1인당 장학금액 산정 예정(1인당 최대 100만원 지원 가능)
※ 생활비 지원 목적
라. 신청기간: 2020.10.13.(화) ~ 10.30.(금)
마. 신청방법: 제출서류 장학팀 메일(
ser@ssu.ac.kr
)로 제출
바. 제출서류
1) 장학금 신청서
2) 피해사실 확인서(관할 읍·면·동 주민센터 발행)
3) 가족관계증명서
※ 자세한 사항은 학교 홈페이지 공지사항을 참고하여 주시기 바랍니다
.
끝."
japanese_language,2020년 정부초청외국인장학생 동문 멘토링 프로그램 운영 계획 및 멘티 추천,N/A,2020-10-22,https://japanstu.ssu.ac.kr/%ed%95%99%ea%b3%bc%ec%82%ac%eb%ac%b4%ec%8b%a4%ec%95%8c%eb%a6%bc/%ea%b3%b5%ec%a7%80%ec%82%ac%ed%95%ad/?term_id&slug=2685,"가) 목적: 졸업생을 멘토로 재학생을 멘티로 하는 동문 멘토링 프로그램을 운영
하여, 학업, 취업 등 상담을 제공함으로써 유학생활 적응력 향상
나) 멘토링 방법: 권역별로 멘토와 멘티를 연계하여, 온라인 기반 상담
다) 멘티 추천 방법
○ 대상: 유학생활에 어려움을 겪고 있는 학위과정 장학생 중, 참여 희망자
○ 인원: 장학기간중인 수학인원 50명 미만은 2명, 50명 이상은 3명 이내(1명은 필히 추천 요망)
○ 방법: 수학대학 GKS 부서에서 회의 등의 절차를 거쳐 적합한 학생을 추천"
japanese_language,[중요] 제16회 일본어 스피치 컨테스트 펀시스템 신청,N/A,2020-10-20,https://japanstu.ssu.ac.kr/%ed%95%99%ea%b3%bc%ec%82%ac%eb%ac%b4%ec%8b%a4%ec%95%8c%eb%a6%bc/%ea%b3%b5%ec%a7%80%ec%82%ac%ed%95%ad/?term_id&slug=2643,"안녕하세요. 일어일문학과 사무실입니다.
16회 일본어 스피치 컨테스트 참가자 및 참관예정 학생들은 아래 링크를 통해 참여 신청을 해주시길 바랍니다.
http://제16회 일본어 스피치 컨테스트 펀시스템 신청 바로가기
감사합니다."
japanese_language,[일어일문학과][수정] 제 16회 일어일문학과 스피치 컨테스트 안내,N/A,2020-10-16,https://japanstu.ssu.ac.kr/%ed%95%99%ea%b3%bc%ec%82%ac%eb%ac%b4%ec%8b%a4%ec%95%8c%eb%a6%bc/%ea%b3%b5%ec%a7%80%ec%82%ac%ed%95%ad/?term_id&slug=1626,"第16回　日本語スピーチコンテスト
2020년도 일어일문학과 스피치컨테스트 안내
참가자 모집안내
– 스피치컨테스트에 참가하고자 하는 팀은 11/6(금)까지 참가신청서 작성하여 학과사무실로 신청
– 참가신청서 및 상세내용 첨부파일 참조
참가자 안내
– 참가신청서를 제출하여 승인된 학생은 11/19(목)까지 제작 영상 제출
1. 일    시 : 2020년 11월 26일 목요일
2. 장    소 : ZOOM을 통한 실시간 회의
3. 주최장소 : 학과사무실
16회 일어일문학과 스피치컨테스트를 개최할 예정이오니, 많은 관심과 참석 부탁드립니다.
문의 : 전화(02-820-0530) 또는 메일(
japanstu@ssu.ac.kr
)"
japanese_language,2020-2학기 한나장학생 모집,N/A,2020-09-21,https://japanstu.ssu.ac.kr/%ed%95%99%ea%b3%bc%ec%82%ac%eb%ac%b4%ec%8b%a4%ec%95%8c%eb%a6%bc/%ea%b3%b5%ec%a7%80%ec%82%ac%ed%95%ad/?term_id&slug=2640,"한나장학생 모집
한나장학금은 우리 학과 겸임교수를 역임하신 김정희교수님께서 출연해 주신 기금으로 운영하는 일어일문과 내부 장학금으로
,
학자금 조달에 어려움을 겪고 있는 학우를 위한 장학금입니다
.
1.
대 상
:
일어일문과
1
학년
(2020
학번
)
2.
모집인원
: 2
명
3.
구비서류
:
자기소개서
,
건강보험료 납입증명서
,
주민등록등본
1
부
4.
신청기한
: 09
월
25
일
(
금
) 15:00
시까지 학과사무실 직접제출 또는 이메일
:
japanstu@ssu.ac.kr
제출
5.
장학금액
: 1,000,000
원
(1
인당
–
한나장학금 운영위원회
–"
japanese_language,2020-2학기 교수학습혁신센터 학습역량 강화 프로그램 참여 안내,N/A,2020-09-11,https://japanstu.ssu.ac.kr/%ed%95%99%ea%b3%bc%ec%82%ac%eb%ac%b4%ec%8b%a4%ec%95%8c%eb%a6%bc/%ea%b3%b5%ec%a7%80%ec%82%ac%ed%95%ad/?term_id&slug=2635,교수학습혁신센터는 본교 학부생의 학습역량 강화를 목표로 2020-2학기 다음과 같이 비교과 프로그램을 운영합니다.
japanese_language,[신청] 9월 학술DB 이용교육 개설 안내,N/A,2020-09-07,https://japanstu.ssu.ac.kr/%ed%95%99%ea%b3%bc%ec%82%ac%eb%ac%b4%ec%8b%a4%ec%95%8c%eb%a6%bc/%ea%b3%b5%ec%a7%80%ec%82%ac%ed%95%ad/?term_id&slug=2634,"새학기 중앙도서관에서 준비한 학술
DB
이용 교육입니다
.
코로나
19
관련
,
비대면 학습이 가능하도록 실시간 온라인강좌
(
모바일 가능
)
를 준비했습니다
. DB
별 전문 강사가 숭실대학교 학생들만을 위해 준비한 강의이며
,
실시간 질의도 가능합니다
.
학부생
,
대학원생
,
논문준비생
,
전문연구자
,
교수자 등 모든 구성원에게 유용하고 필수적인
DB
들을 선정하여 강의를 준비했습니다
.
많은 이용 부탁드립니다
.
1.
신청방법
:
https://oasis.ssu.ac.kr/#/education/calendar/
에서 신청
(
로그인 필요
)
2.
실시간으로 참여가 어렵더라도 신청해 주시면
,
교육신청하신 모든 분에게
1
주일 내로 교육녹화자료 링크를 메일로 보내 드립니다
.
3.
문의
:
jinyamy@ssu.ac.kr
(
내선
0745)
DB
명
내용
교육대상
강의일시
Web of Science
& JCR
참고문헌검색
,
연구성과 확인
논문검색과 피인용 등 논문의 각종 지수를 통한 영향력 확인
SCI, SSCI
등재리스트 확인
–
대학원생 이상
–
학위
/
연구
논문작성자
9
월
15
일
(
월
)
14:00
EDS
관련자원 통합 검색법
도서관서비스 이용법과
OA
정보원 활용
도서관 미소장자료 이용법
학부생
/
대학원생
9
월
16
일
(
수
)
16:00
SCOPUS
–
색인
,
초록
,
참고문헌 및 피인용 횟수 및 관련 논문정보검색
기관별
,
연구자별
,
주제별 검색 및 분석
– SCI/SSCI
에 등재된 대부분의 학술지논문포함
–
대학원생 이상
학위
/
연구
논문작성자
9
월
21
일
(
월
)
14:00
Turnitin
–
유사도 검사
:
출판된 자료들과 매치
,
출처 및 유사도 제공
,
과제 제출 전 확인하여 표절 방지
(
연구윤리
)
– ETS E-rater :
영문법 체크
,
영작 능력 향상
*
교수와 학생의 이용방법이 달라 학생은 교수
/
관리자 대상 교육에 참여할 수 없습니다
학생
표절방지
&
영문법체크
교수 및 관리자
과제물 관리
&
평가
)
학생
: 14:00
교수
: 15:00
New RefWorks
–
논문작성시 필수적인 참고문헌 관리도구
–
도서관 홈페이지
,
학술
DB,
구글스칼라
, RISS
등
DB
에서 논문정보반입 방법 안내
–
한글
/Word
에서 참고문헌 리스트 자동생성
,
본문 내 인용표기
별도프로그램 설치 없이 온라인접속가능
학부생
,
대학원생
,
한글이용자
,
국내연구를 병행하는 연구자
9
월
23
일
(
수
)
14:00
KSDC
&
ICPSR
– KSDC
를 통한 설문조사 작성 및 응답 수집
–
응답결과 통계분석
&
통계분석도구 제공
–
국내외 설문조사 통계자료
,
원데이터 검색 및 분석
설문조사
/
양적연구
/
사회과학
/
경영학분야 연구자
9
월
24
일
(
목
)
14:00
EndNote
–
도서관 홈페이지
,
학술
DB,
구글스칼라
, RISS
등
DB
에서 논문정보반입 방법 안내
PDF
자동 반입
(
끌어오기
)
기능 활용
– Word
에서 참고문헌 리스트 자동 생성
,
본문 내 인용표기
PC
에 프로그램을 설치하여 이용
학부생
,
대학원생
,
이공계열 연구자
9
월
28
일
(
월
)
14:00
WIPS
전세계 특허정보 데이터베이스
IP
이슈 대응을 위한 최신 변동정보
,
심판
,
행정정보 제공
검색에서부터 리뷰
,
분석 단계별 유용한 지원 툴 제공
경상계열 연구자
,
특허정보열람이
필요한 연구자
9
월
22
일
(
화
)
15:00"
japanese_language,숭실대학교 코로나19 행동수칙 안내(2020.08.21),N/A,2020-08-24,https://japanstu.ssu.ac.kr/%ed%95%99%ea%b3%bc%ec%82%ac%eb%ac%b4%ec%8b%a4%ec%95%8c%eb%a6%bc/%ea%b3%b5%ec%a7%80%ec%82%ac%ed%95%ad/?term_id&slug=1549,숭실대학교 코로나19 행동수칙 안내해 드립니다.
japanese_language,[일어일문학과] 2019-2020학년도 일어일문학과 대학요람,N/A,2020-08-14,https://japanstu.ssu.ac.kr/%ed%95%99%ea%b3%bc%ec%82%ac%eb%ac%b4%ec%8b%a4%ec%95%8c%eb%a6%bc/%ea%b3%b5%ec%a7%80%ec%82%ac%ed%95%ad/?term_id&slug=1436,2019-2020학년도 일어일문학과 대학요람 첨부파일입니다.
japanese_language,[일어일문학과] 백마성적우수장학생 선발기준 안내 및 공지,N/A,2020-08-14,https://japanstu.ssu.ac.kr/%ed%95%99%ea%b3%bc%ec%82%ac%eb%ac%b4%ec%8b%a4%ec%95%8c%eb%a6%bc/%ea%b3%b5%ec%a7%80%ec%82%ac%ed%95%ad/?term_id&slug=1424,"백마성적우수장학생 기본 자격요건
가. 장학금 수혜학기에 국가장학금을 신청하여 소득분위 조회가 가능한 자
※ 국가장학금을 신청할 수 없는 대한민국 국적 미소지자도 선발 가능하나, 순수외국인 전형으로 입학한 외국인유학생은 선발 불가
나. 장학금 수혜학기에 재학 및 복학예정자로 해당학기 등록금 납부 예정인 자
※ 등록휴학 후 복학시 선발대상에서 제외(등록대체자)
※ 미등록, 입학취소, 복학취소 등으로 인한 학적변동시 모든 장학금 취소
※ 단, 선발 후 학기중 휴학 시 백마성적우수장학금은 복학학기로 이월되며, 복학학기에 국가장학금 신청 필수
다. 직전학기 15학점 이상 이수한 자 (졸업 직전학기는 직전학기 12학점 이상)
라. 등록학기가 8학기 이내인 자 (건축학전공: 등록 10학기 이내인 자)
마. F학점 포함 학적부성적 기준 직전학기 3.5 이상인 자
바. 모든 교내장학금 간 중복수혜 불가
사. 학과 내규 규정에 충족되어야함"
japanese_language,[일어일문학과] 일어일문학과 수강신청시 유의사항,N/A,2020-08-14,https://japanstu.ssu.ac.kr/%ed%95%99%ea%b3%bc%ec%82%ac%eb%ac%b4%ec%8b%a4%ec%95%8c%eb%a6%bc/%ea%b3%b5%ec%a7%80%ec%82%ac%ed%95%ad/?term_id&slug=1418,"<수강신청시 유의사항>
일어일문학과에서는 전공과목을 효율적이고 체계적으로 학습할 수 있도록 하기 위하여, 다음과 같이 수강 세칙을 정하여 운영하고자 합니다. 내용을 숙지하여 수강신청에 임하기 바랍니다.
– 다 음 –
1.기본적으로 2개 학년 아래 수업을 수강할 수 없음.
– 3학년은 1학년 수업 수강 불가
4학년은 1, 2학년 수업 수강 불가
2. 재수강 신청자는 분반 선택 시 반드시 ‘재수강반’으로 선택해야 함. 재수강이 아닌 경우에도 아래 학년 전공수업을 수강할 경우, 반드시 재수강반으로 수강신청 해야 함. C,D학점 재수강 신청자는 최대 A-까지 받을 수 있음.
3. 위 사항에도 불구하고 특별한 사정이 있는 경우 -편입생 및 전과생이 1학년 전공기초 수업을 이수해야하는 경우 등- 학과장님과 면담 후 수강 가부를 결정함.
*해당학기 수업을 해당학년에 들으시기 바랍니다.
일 어 일 문 학 과
2014.08.25"
japanese_language,동아시아경제통상 융합전공 이수 신청 관련 안내,N/A,2020-07-28,https://japanstu.ssu.ac.kr/%ed%95%99%ea%b3%bc%ec%82%ac%eb%ac%b4%ec%8b%a4%ec%95%8c%eb%a6%bc/%ea%b3%b5%ec%a7%80%ec%82%ac%ed%95%ad/?term_id&slug=2631,"글로벌통상학과와 경제학과 금융학부, 일어일문학과가 공동으로 참여하여
새로 출범한 ‘동아시아 경제통상 융합전공’이 2020년 2학기부터 시작됩니다."
japanese_language,생활 속 거리두기 세부지침(개정)안내,N/A,2020-07-07,https://japanstu.ssu.ac.kr/%ed%95%99%ea%b3%bc%ec%82%ac%eb%ac%b4%ec%8b%a4%ec%95%8c%eb%a6%bc/%ea%b3%b5%ec%a7%80%ec%82%ac%ed%95%ad/?term_id&slug=2629,"「
생활 속 거리 두기
」
세부지침 추
가
‧
개
정 내용
□
세부지침 추가
○
국민 실생활과 밀접
하고
지침 마련이 필요
한 지역축제
,
학술행사
,
수영장
등
11
개 세부지침을 추가로 수립
,
시행
지침 분야
주요 내용
물류센터
택배 차량 운행 전
･
후 소독
,
일용직 및 방문자 명부작성
,
작업장 환기 등 물류센터 특수성 반영
전시행사
(
산업부
)
전시장이 밀집되지 않도록 입장정원 제한하기
,
이용자가
2m(
최소
1m)
거리 두기
,
현금보다 전자 결제방식 이용
,
외국 업체 초청 등 자제 등
고시원
(
다부처
)
이용자 외 방문 자제
,
명부관리
,
공용공간 음식섭취
,
대화 등 자제
,
개인물품 사용
연수시설
(
다부처
)
온라인 연수 활용
,
소규모 단위 분반 교육
,
연수 인원 관리
,
참여 프로그램
(
레크레이션
)
자제 등
학술행사
(
다부처
)
온라인
･
오프라인 병행
,
장소 규모 감안 인원 제한
,
단체식사 제공 자제
(
필요 시 개인도시락
),
후원사 홍보 부스 운영 자제 등
기념식
(
다부처
)
입장권 사전 예매 안내
,
입장 정원 제한
,
단체식사제공 자제 등 주의사항 규정
기숙사
(
다부처
)
통학 가능 시 이용자제
, 1
일
1
실 배정
,
매일 증상 여부 확인
,
외부인 출입통제 등 감염경로 최소화
,
개인
･
집단 예방수칙 마련
하천
･
계곡
(
행안부
)
2m(
최소
1m)
거리 두기 감안 텐트
･
돗자리 설치
,
공용시설
･
(
해경
)
가족 단위 소규모 방문
,
사전 예약제
･
시간대별 운영 등으로 이용자 분산
,
증상 여부 확인 등
지역축제
(
행안부
,
문체부
)
참여 시 개인 방역수칙 철저
,
현장 참여 최소화
,
온라인 개최 병행
,
시식 및 홍보부스 운영 중단하거나 최소화 등
수영장
(
문체부
)
예약제
･
이용 시간제
,
강습 종료 시간 조정 등으로 분산 유도
,
체육지도자 무입수 지도
세부지침 개정 내용
○
음식점
,
종교시설
,
목욕장업
등
8
개 시설지침
을 현장 적용에 맞게
보완 및
고위험시설
등에
명부 작성 관리 추가
분야
보완 및 개정 내용
대중교통
◾
대중교통 내에서 통화할 때도 마스크 착용
◾
대중교통 내에서 음식물 섭취 자제
음식점
◾
식사 전
･
후 대화 시 마스크 착용
공용 집기류 사용 시 손 소독제 또는 비닐장갑 사용
◾
구내식당은 시간을 나눠 분산 이용
◾
수저관리
(
개별포장 수저 제공 등 위생적 관리
)
종교시설
◾
합창 등 노래 및 큰 소리로 말하는 행동하지 않기
◾
각종 모임 및 행사 자제
◾
종교시설 내에서 음식 섭취하지 않기
◾
종교행사 후 시설소독 및 환기
(
소독 관리대장 작성
)
유원시설
◾
놀이공원
,
워터파크 등 종합
･
일반
･
기타 유원시설
◾
입장 인원 관리
,
공용시설 이용 시간 최소화 등
가족 단위
･
소규모로 방문
◾
가급적 개인 숙소
･
시설 등 이용
◾
탈의실
,
샤워실 사용 인원 제한 등
목욕장업
(
목욕탕
,
찜질방
)
◾
지정된 장소 외 음식물 섭취 제한
◾
사업장 내 노래방기기 이용 금지
◾
탈의실 등에서는 마스크 착용
◾
영업 전
･
후 시설 소독
공연장
◾
공연자와 관람객 간 악수
,
포옹
,
기념촬영 등 신체접촉 금지
◾
노래하지 않을 때는 마스크 착용
◾
손님 이용한 룸은 소독 실시 후 재사용
유흥시설 등
17
개
*
◾
명부
(
전자 또는 수기
)
기록 관리
(4
주 보관 후 폐기
)
*
(
명부작성
17
개 시설
)
물류센터
,
전시행사
,
음식점
(
뷔페
),
학원
･
독서실
,
고시원
,
종교시설
,
외래진료 및 면회
(
면회자
),
지역축제
,
목욕장업
(
찜질방
),
노래연습장
,
실내체육시설
,
수영장
,
피시방
,
유흥시설
참고
생활 속 거리 두기 보조지침
(
부처별 세부지침
)
구성
□
총
15
개 부처
, 52
개 보조지침
(
업무
11,
일상56pt solid; width: 73.25pt; background: #fff7cc; border-bottom: #000000 0.56pt solid; padding-bottom: 1.41pt; padding-top: 1.41pt; padding-left: 5.1pt; border-left: #000000 0.56pt solid; padding-right: 5.1pt”>
대분류
중분류
소분류
Ⅰ
.
업무
(11)
1.
일할 때
①
사업장
(
직장
)
②
회의
민원창구
④
우체국
⑤
국내 출장
⑥
방문 서비스
⑦
콜센터
건설업
⑨
은행 지점
⑩
신규
물류센터
⑪
신규
전시행사
Ⅱ
.
일상
(18)
1.
①
개정
대중교통
②
여객선
(
국제
·
연안
)
2.
식사할 때
①
개정
음식점
‧
카페
/
스터디카페
3.
공부할 때
①
학원
·
독서실
②
신규
고시원
③
신규
연수시설
④
신규
학술행사
4.
쇼핑할 때
대형유통시설
(
백화점
,
마트 등
)
②
전통시장
③
중소슈퍼
5.
특별한 날
①
결혼식 등 가족 행사
②
장례식장
③
산후조리원
④
신규
기념식
6.
종교생활
①
개정
종교시설
7.
병
·
의원 갈 때
외래진료 및 면회
8.
에어컨
사용할 때
①
에어컨 사용
9.
공동생활
①
신규
기숙사
Ⅲ
.
여가
(23)
①
개정
호텔
‧
콘도
②
개정
유원시설
③
야영장
④
동물원
⑤
국립공원
⑥
개정
해수욕장
⑦
신규
하천
･
계곡
⑧
신규
수상레저
⑨
신규
지역축제
여가 등
①
야외활동
②
공중화장실 등
③
이
‧
미용업
④
개정
목욕장업
(
목욕탕
,
찜질방
)
⑤
도서관
⑥
개정
공연장
⑦
영화상영관
⑧
미술관
‧
박물관
⑨
·
축구장
⑩
개정
노래연습장
⑪
실내체육시설
⑫
신규
수영장
⑬
피시
(PC)
방
⑭
유흥시설"
japanese_language,[장학] 2020년 5.18희망장학생 선발 안내,N/A,2020-06-15,https://japanstu.ssu.ac.kr/%ed%95%99%ea%b3%bc%ec%82%ac%eb%ac%b4%ec%8b%a4%ec%95%8c%eb%a6%bc/%ea%b3%b5%ec%a7%80%ec%82%ac%ed%95%ad/?term_id&slug=1217,"우리 재단에서는 5·18민주화운동의 정신을 계승하고, 진상규명에 참여해주신 국민 여러분께 보답하기 위해
민주화 운동 및 국가폭력 피해자 (유)자녀를 대상으로 희망장학생을 선발하고자 합니다.
【 5·18희망장학생 선발 개요 】
○ 접수기간 : 2020. 7. 2.(목) ~ 7. 9.(목)
○ 대    상 : 5·18민주화운동을 제외한 민주화운동 및 국가폭력 희생자 대학생 (유)자녀
○ 지원규모 : 20명 선발, 1인 100만원 지원
○ 접수방법 : 제출서류 원본 우편접수 또는 스캔파일 E-Mail 제출
○ 문의 및 접수처 : 5·18기념재단 장학사업 담당자(☎ 062-360-0515)
– 주  소 : 광주광역시 서구 내방로 152, 1층 5·18기념재단
– E-Mail : peace@518.org"
japanese_language,[장학] 2020년 (재)인천인재육성재단 상반기 장학생 선발,N/A,2020-06-15,https://japanstu.ssu.ac.kr/%ed%95%99%ea%b3%bc%ec%82%ac%eb%ac%b4%ec%8b%a4%ec%95%8c%eb%a6%bc/%ea%b3%b5%ec%a7%80%ec%82%ac%ed%95%ad/?term_id&slug=1198,"재)인천인재육성재단은 인천 출신 학생에게 애향심 고취와 격려를 위해 2020년도 상반기 장학생을 선발하고자 합니다.
자세한 사항은 첨부된 파일을 참조하시기 바랍니다.
◆ 선발개요
구 분
선발대상
선발인원
1
인당 지급금액
소요예산
총계
(5
종
)
합계
508
명
–
63,400
만원
고등학생
67
명
대학생
441
명
인천인
소계
418명
–
53,900만원
고등학생
50명
100만원
대학생
368명
200만원
애터미 거주비 지원
소계
50명
–
5,000만원
대학생
50명
100만원
인천대교 희망
소계
20명
–
2,000만원
고등학생
8명
100만원
대학생
12명
100만원
재능인
소계
10
–
1,500만원
고등학생
5
100만원
대학생
5
200만원
응원
소계
10명
–
1,000만원
고등학생
4명
100만원
대학생
6명
100만원"
japanese_language,신종 코로나바이러스 감영증 예방을 위한 방역수칙 준수안내,N/A,2020-06-04,https://japanstu.ssu.ac.kr/%ed%95%99%ea%b3%bc%ec%82%ac%eb%ac%b4%ec%8b%a4%ec%95%8c%eb%a6%bc/%ea%b3%b5%ec%a7%80%ec%82%ac%ed%95%ad/?term_id&slug=2624,
japanese_language,[학사] 2020-1학기 기말고사 실시 (유의사항) 안내 (0608),N/A,2020-06-04,https://japanstu.ssu.ac.kr/%ed%95%99%ea%b3%bc%ec%82%ac%eb%ac%b4%ec%8b%a4%ec%95%8c%eb%a6%bc/%ea%b3%b5%ec%a7%80%ec%82%ac%ed%95%ad/?term_id&slug=1176,"구성원의 안전 및 부정행위 방지를 위해 대면
/
비대면 평가를 실시하니 많은 양해와 협조를 바랍니다
.
■
유의사항
–
부정행위자
는 학생생활규정 제27조에 따라
징계
함
–
마스크 미착용
및
발열확인스티커 미부착자
는
입실 불가
■
대면평가 입실절차
■
등교 불허 대상자
– 다음 해당자는 구비서류를 갖추어 유고결석 및 비대면 시험 요청할 것
구분
구비서류
발열, 기침 등 의심증상자
진료기록 확인서
코로나19 확진자
격리통지서
최근 2주 내 해외방문 이력 있는 학생
해외출입국기록
최근 2주내 유증상자 접촉 이력이 있는 학생
자가격리 문자
– 유고결석 신청: 학생서비스팀에 유선 문의(02-820-0162)
– 비대면시험 신청: 담당 교원에 비대면 시험 문의"
japanese_language,[중앙방역대책본부] 다중이용시설 이용 학생 검사요청 안내,N/A,2020-05-29,https://japanstu.ssu.ac.kr/%ed%95%99%ea%b3%bc%ec%82%ac%eb%ac%b4%ec%8b%a4%ec%95%8c%eb%a6%bc/%ea%b3%b5%ec%a7%80%ec%82%ac%ed%95%ad/?term_id&slug=2621,"<확진자 방문 다중이용시설 이용자 대상 검사 계획>
(중앙방역대책본부, ‘20.4.20(월))
□  개요
○ 코로나19 확진자 방문 또는 이용한 다중이용시설 이용자 대상 일제검사
– 연휴(4.30~5.5) 이후 확진자 증가에 따라 확진자 방문 다중이용시설을 이용한 이용자(감염우려자)에 대한 일제검사 실시
○ 검사 대상 및 방법
– (대상) 확진자 전파, 노출 가능 시기에 방문한 다중이용시설* 이용객
* 유흥업소, 노래방, PC방, 종교시설(교회 등 관련모임), 행사장(돌잔치, 결혼식)
– (방법)
① 방문일 기준 14일 미경과 → 빠른 시일 내 검사 1회 시행
* 검사 이후 14일 이내 증상 발생 시 추가 검사 시행
② 방문일 기준 14일 경과 → 1회 검사 후 종료
□ 협조 사항
– (지자체) 확진자 발생 시 다중이용시설 방문력 확인 및 추가환자 발생 확인 시 해당 시설 방문객 명단 확보 및 공유
․ (홍보강화) 해당 다중시설 이용자가 적극 검사를 받을 수 있도록 다양한 수단을 활용하여 적극 홍보 및 안내 실시
․ (신고절차) 질병보건통합관리시스템에 “조사대상 유증상자 ③”으로 신고하되, 비고란에 방문 업체명 및 날짜 반드시 명시
– (방대본) 해당 대상자 검사비용에 대한 건강보험 적용 및 국비 지원"
japanese_language,2020년 제4차 신임 해양경찰 의무경찰 모집 안내,N/A,2020-05-19,https://japanstu.ssu.ac.kr/%ed%95%99%ea%b3%bc%ec%82%ac%eb%ac%b4%ec%8b%a4%ec%95%8c%eb%a6%bc/%ea%b3%b5%ec%a7%80%ec%82%ac%ed%95%ad/?term_id&slug=2616,
japanese_language,2020학년도 2학기 국가장학금 1차 신청 안내,N/A,2020-05-19,https://japanstu.ssu.ac.kr/%ed%95%99%ea%b3%bc%ec%82%ac%eb%ac%b4%ec%8b%a4%ec%95%8c%eb%a6%bc/%ea%b3%b5%ec%a7%80%ec%82%ac%ed%95%ad/?term_id&slug=2610,"가. 국가장학금 1차 신청기간
: 2020
년
5
월
20
일
(
수
) ~ 6
월
18
일
(
목) 18시까지
※
공휴일
,
일요일 포함 신청기간 내
24
시간 신청 가능
※
재학생이
1
차 신청기간에 신청하지 않을 경우
, ‘
신청기간 미 준수
’
로 탈락됩니다
.
(
다만
,
구제신청서를 작성할 경우 재학 중
2
회에 한해 구제신청을 받을 수 있습니다
.)
※ 1
차 신청기간에 신청하지 않을 경우
,
장학금 지급이 많이 지연될 수 있습니다
.
나.
서류제출 및 가구원 동의기간 : 2020년 5월 20일(수) ~ 6월 23일(화) 18시까지
※
서류제출 및 가구원 동의 대상자는 반드시 이를 이행해야 장학금 신청이 완료됩니다
.
다.
신청대상
:
대한민국 국적 학부생
※
재학생/신입생/편입생/재입학생/복학생 및 휴학생 등 모든 학적 신청가능
※
국가장학금 최대 수혜횟수 범위 내에서 지급가능
라.
신청방법
:
한국장학재단 홈페이지 온라인신청
한국장학재단 홈페이지 주소
:
www.kosaf.go.kr
마. 상세안내: 학교 홈페이지 ‘장학’ 공지사항 참고"
japanese_language,[장학] 2020학년도 2학기 국가장학금 1차 신청 안내,N/A,2020-05-19,https://japanstu.ssu.ac.kr/%ed%95%99%ea%b3%bc%ec%82%ac%eb%ac%b4%ec%8b%a4%ec%95%8c%eb%a6%bc/%ea%b3%b5%ec%a7%80%ec%82%ac%ed%95%ad/?term_id&slug=1168,"가. 국가장학금 1차 신청기간 :
2020년 5월 20일(수) ~ 6월 18일(목) 18시까지
※ 공휴일, 일요일 포함 신청기간 내 24시간 신청 가능
※ 재학생이 1차 신청기간에 신청하지 않을 경우,
‘신청기간 미준수’로 탈락
됩니다.
(다만, 구제신청서를 작성할 경우 재학 중 2회에 한해 구제신청을 받을 수 있습니다.)
※ 1차 신청기간에 신청하지 않을 경우, 장학금 지급이 많이 지연될 수 있습니다.
나. 서류제출 및 가구원 동의기간 :
2020년 5월 20일(수) ~ 6월 23일(화) 18시까지
※ 서류제출 및 가구원 동의 대상자는 반드시 이를 이행해야 장학금 신청이 완료됩니다.
다. 신청대상 : 대한민국 국적 학부생
※ 재학생/신입생/편입생/재입학생/복학생 및 휴학생 등 모든 학적 신청가능
※ 국가장학금 최대 수혜횟수 범위 내에서 지급가능
라. 신청방법 : 한국장학재단 홈페이지 온라인신청
※ 붙임파일의 신청 매뉴얼 참조
※ 한국장학재단 홈페이지 주소 : www.kosaf.go.kr
마. 상세안내: 학교 홈페이지 ‘장학’ 공지사항 참고
https://scatch.ssu.ac.kr/%EA%B3%B5%EC%A7%80%EC%82%AC%ED%95%AD/?slug=%e2%98%852020%ed%95%99%eb%85%84%eb%8f%84-2%ed%95%99%ea%b8%b0-%ed%95%9c%ea%b5%ad%ec%9e%a5%ed%95%99%ec%9e%ac%eb%8b%a8-%ea%b5%ad%ea%b0%80%ec%9e%a5%ed%95%99%ea%b8%88-%ec%8b%a0%ec%b2%ad-%ec%95%88%eb%82%b4"
japanese_language,2020학년도 2학기 학·석사연계과정 지원 및 선발 안내,N/A,2020-05-15,https://japanstu.ssu.ac.kr/%ed%95%99%ea%b3%bc%ec%82%ac%eb%ac%b4%ec%8b%a4%ec%95%8c%eb%a6%bc/%ea%b3%b5%ec%a7%80%ec%82%ac%ed%95%ad/?term_id&slug=2607,"1. ‘학·석사연계과정’이란?
: 학사과정의 교육과정과 대학원 교육과정을 상호 연계하여 운영하는 과정으로 학사과정 3.5년 또는 4년(건축학부 건축학전공은 4.5년 또는 5년), 석사과정 1.5년에 학사학위 및 석사학위를 취득하는 과정
2. 모집학과 : 학사과정과 석사과정에 동일(또는 유사) 학과가 있는 학과(계약학과 제외)
3. 모집인원 : 석사과정 입학정원의 20% 내에서 모집
4. 지원자격 : 다음 각 호 모두에 해당되는 자
가. 지원일 당시 학사과정 4학기 이상 6학기 이내 재학 중인 자(건축학부 건축학전공은 6학기 내지 8학기 재학 중인 자)=> 5학기 내지 7학기 개시 전(건축학부 건축학전공은 7학기 내지 9학기 개시 전)인 학생만 지원 가능(학·석사연계과정 신청자는 조기졸업과 동시에 신청할 수 없음)
나. 재수강 이전 과목, 학점 포기한 과목, F학점 과목 등을 포함한 전체 과목의 총평점평균이 3.0/4.5 이상인 자
다. 7학기 또는 8학기(건축학부 건축학전공은 9학기 또는 10학기)에 학사과정의 졸업요건을 충족할 수 있는 자
라. 지원하고자 하는 일반대학원 학과 주임교수와 지도교수의 추천을 받은 자
마. 지원하고자 하는 일반대학원의 동일(또는 유사)학과를 주전공 또는 복수전공하는 자
(부전공, 연계전공은 해당없음)
5. 지원기간 : 2020년 6월 8일(월) ~ 2020년 6월 28일(금)
6. 지원방법 : 제출서류를 구비하여 대학원 교학팀(웨스트민스터홀 658호)으로 방문 접수
7. 제출서류 : 학·석사연계과정신청서(학업계획서, 추천서 포함)(양식 다운로드) 1부
8. 합격자 발표 : 2020년 7월 31일(금) 예정
9. 합격자 혜택
가. 학위취득기간 단축
나. 석사과정 입학금, 입학시험 면제
다. 학사과정 중 일반대학원 과목 수강신청 시 학기당 3학점 추가로 수강신청 가능
라. 학사과정 중 취득한(학사과정 졸업학점 초과 이수) 동일(또는 유사)학과의 일반대학원 과목 3학점~9학점까지 석사과정 학점으로 인정됨(신청 시)
10. 자격상실
가. 일반대학원 입학 전에 학·석사연계과정을 중도 포기한 경우(포기신청서 제출)
나. 학사과정 8학기 이수 후 재수강 이전 과목, 학점포기한 과목, F학점 과목 등을 포함한 전체 과목의 총평점평균이 3.0/4.5 미만인 경우
다. 학사과정을 8학기에 모두 이수하지 못한 경우
라. 학사과정 중 졸업학점을 초과하여 일반대학원 과목을 3학점 이상 취득하지 못한 경우
마. 석사과정 첫 학기에 일반대학원 입학 등록을 하지 않은 경우
바. 석사과정을 3학기에 모두 이수하지 못한 경우
사. 석사과정 3학기 이수 후 총평점평균이 4.0/4.5 미만인 경우
11. 유의사항
가. 학사과정 중 학·석사연계과정 중도포기 시 학사과정 정규 수업연한 적용
나. 석사과정 중 학·석사연계과정 중도포기 시 4학기 등록
다. 석사과정 첫 학기 휴학 및 자퇴 불가
라. 석사과정 전과 불가
마. 석사과정 첫 학기에 일반대학원 입학 등록을 하지 않은 경우 학사학위가 취소됨
12. 문의처 : 대학원 교학팀(02-820-0258~9, grad@ssu.ac.kr)"
japanese_language,병무청 인공지능 기반의 민원상담·신청 시스템(챗봇),N/A,2020-05-14,https://japanstu.ssu.ac.kr/%ed%95%99%ea%b3%bc%ec%82%ac%eb%ac%b4%ec%8b%a4%ec%95%8c%eb%a6%bc/%ea%b3%b5%ec%a7%80%ec%82%ac%ed%95%ad/?term_id&slug=2604,"○ 서비스 범위 : 병역이행과 관련된 모든 상담
○ 서비스 접속 : 병무청앱, 병무청홈페이지, 카카오 플러스 친구(‘20.5.15부터)
○ 오류찾기 개선의견 이벤트
구 분
우수 개선안(심사·선정)
참여상(추첨)
상 품
5명 상품권 10만원
100명 음료 기프트콘 5천원
* 챗봇 대화창에 ""개선의견"" 입력 후 의견제출
○ 문의처 : 병무민원상담소(1588-9090)"
japanese_language,나라키움 대학생주택 2020년 여름학기 입주자 모집,N/A,2020-05-14,https://japanstu.ssu.ac.kr/%ed%95%99%ea%b3%bc%ec%82%ac%eb%ac%b4%ec%8b%a4%ec%95%8c%eb%a6%bc/%ea%b3%b5%ec%a7%80%ec%82%ac%ed%95%ad/?term_id&slug=2600,"–   다       음  –
1. 모집대상 및 인원
구분
주소
모집인원
남학생
여학생
마포
서울시 마포구 성산동 81-1(성산로 4안길9)
4명
3명
강동
서울시 강동구 성내동 466-4(성내로 14길 41-35)
4명
–
* 상기 인원은 상황에 따라 변경될 수 있음
2. 신청기간 :
2020.5.18.(월) – 2020.5.31.(일)
3. 기숙사 입사 자격
ㅇ 서울특별시 소재 대학교(전문대 포함)에 재학중인 대학생
4. 거주기간 및 거주비용 :
붙임1 참고
5. 제출서류
ㅇ 입주신청서(붙임2), 주민등록등본, 통장사본(보증금 반환용) 등
6. 제출방법:
이메일 접수(narakium@kamco.or.kr)
7. 기타 문의:
한국자산관리공사 공공재산관리처(Tel: 02-3420-5654)
※ 나라키움 대학생주택 관련 상세 안내는 캠코부동산(http://land.kamco.or.kr) 참고"
japanese_language,[교수학습]  2020-1학기 온라인 학습법 특강 참여 안내,N/A,2020-05-14,https://japanstu.ssu.ac.kr/%ed%95%99%ea%b3%bc%ec%82%ac%eb%ac%b4%ec%8b%a4%ec%95%8c%eb%a6%bc/%ea%b3%b5%ec%a7%80%ec%82%ac%ed%95%ad/?term_id&slug=1155,"교수학습혁신센터에서는 코로나바이러스감염증-19(COVID-19) 상황 하에서 본교 학부생의 학습역량 강화를 목표로 2020-1학기에 온라인 학습법 특강을 운영하고 있습니다. 많은 학생들이 참여를 바랍니다.
1. 특강 목록(2020.5.11. 기준)
번호
특강명
내용 키워드
대상
특강자
운영 기간
1
네 마음속에 불을 지펴라!
학습 동기 강화
전체 학부생
이희원 교수
(서울대학교)
~8.31.
(운영 중)
2
학업 스트레스 관리법
학업 스트레스 관리
전체 학부생
김원식 박사
(교수학습혁신센터)
3
행복한 자존감 수업
자존감, 학업적 자기효능감 향상
전체 학부생
정윤경 교수
(인하대학교)
4
최우수 선배가 알려주는 대학교 공부법, 생활비법
최우수 선배의 대학교 공부법, 학업 위기와 극복 사례, 대학생활 비법
전체 학부생
(신입생)
김소연, 김기현,
장영재(본교 재학생)
5
온라인 자기주도 학습: 슬기로운 랜선생활
자기인식, 자기주도성, 목표 설정, 시간 분배, 읽기 쓰기 전략, 뇌기반 학습, 보상 시스템
전체 학부생
남상은 수석코치
(TLP 교육디자인)
6
NCS 수리영역 고득점을 위한 전략
NCS 수리영역의 이해, 문제 풀이법
전체 학부생
최성자 교수
(본교 수학과)
5.21.
~8.31.
(예정)
7
Design Thinking(디자인 씽킹)
창의적 문제 해결을 위한 사고법
전체 학부생
김용범 교수
(베어드교양대학)
6.1.
~8.31.
(예정)
2. 신청 및 시청방법: 스마트캠퍼스(myclass.ssu.ac.kr) PC 로그인 후 팝업 배너 참조
3. 우수 참여자 시상: 교내 식권(10,000원) 및 총장 명의 표창장
※ 상세 내용은 특강 별 스마트캠퍼스 강의실 공지사항 게시판 참조"
japanese_language,[상담] 2020-1학기 단체심리검사 신청 안내,N/A,2020-05-08,https://japanstu.ssu.ac.kr/%ed%95%99%ea%b3%bc%ec%82%ac%eb%ac%b4%ec%8b%a4%ec%95%8c%eb%a6%bc/%ea%b3%b5%ec%a7%80%ec%82%ac%ed%95%ad/?term_id&slug=1141,"우리교 상담센터에서는 본교생의 자기이해 및 적성탐색을 지원라고자 아래와 같이 단체심리검사를 실시하오니 많은 신청 바랍니다.
1. 1학기 신청기간: 2020.04.28-2020.06.23.
2. 진행방식
가. 검사 실시 : 온라인(실시 후 결과지 제공)
나. 검사 해석 : 비대면 동영상 해석 제공(스마트 캠퍼스)
* 스마트 캠퍼스-비교과과정-수강신청-2020단체심리검사
* 6월 1일부터 스마트 캠퍼스에서 참여 가능함.
* 본인이 실시한 검사의 동영상 해석은 실시 후 1달 이내 시청완료 바람
3. 신청인원 : 15인 이상 단체 신청 가능 (학과, 수업 단위 가능)
*15인 미달일 경우, 학과 단체 신청이 어려울 수 있음.
4. 신청방법: 검사 실시를 원하는 학생의 경우, 학과이메일(enchristo@ssu.ac.kr)로 회신(개인 또는 집단)
5. 검사 종류(택일 또는 둘 다 신청 가능)
가. 국내 재학생 : MBTI(성격), Holland(적성)
나. 중국인 유학생 : NEO(성격), Holland(적성)"
japanese_language,[학사] 2020-1학기 논문계획서 및 졸업논문(영어성적) 제출 안내,N/A,2020-04-24,https://japanstu.ssu.ac.kr/%ed%95%99%ea%b3%bc%ec%82%ac%eb%ac%b4%ec%8b%a4%ec%95%8c%eb%a6%bc/%ea%b3%b5%ec%a7%80%ec%82%ac%ed%95%ad/?term_id&slug=1113,"2020-1학기 논문계획서 및 졸업논문(논문대체 영어성적표) 제출 안내입니다. 아래의 공지를 참고하여 기한 내에 제출해주시기 바랍니다.
코로나19로 인하여 영어공인시험이 시행되지 않는 경우(혹은 제한적으로 시행되는 경우) 영어성적대체가 어려울 수 있기 때문에 졸업 요건이
졸업논문으로 진행될 수 있습니다.
이에 대한 학생 여러분의 협조를 간곡히 부탁드립니다.
논문계획서
(
논문대체계획서
)
제출
가. 대상자:
7학기 이상 재학생
나. 제출일 및 방법
–
5월 4일(월) 17시
까지 첨부된 양식 작성하여 출력 후 학과사무실로 제출.
– 코로나19로 인하여 오프라인 방문이 어려운 경우, 작성 후
학과 메일(
enchristo@ssu.ac.kr
)로 제출.
– 양식: 첨부파일 참조
다. 작성 방법
– 논문대체 영어점수 제출 희망자: 논문 대체 선택 3가지 항목 중 하나에 체크하여 제출.
– 논문 제출 희망자: 논문제목 및 분야와 간단한 논문 개요를 작성하여 제출. (지도교수란 공란으로 제출)
2. 졸업논문
(
또는 공인 영어 성적표
)
제출
가. 대상자:
8학기 이상 재학생 또는 졸업예정자
나. 제출일 및 방법
–  논문: 스프링 제본이 완료된 논문을
6월 17일(수) 17시
까지 학과사무실로 제출 (2권)
※
논문 제출은 6월17일이 원칙이나, 코로나19로 인하여 6월 19(금)까지 연기 가능.
– 영어성적대체:
6월 19일(금) 17시
까지 성적표 사본 1부를 학과사무실로 제출.
다. 분량: 표지와 목차를 제외한, 논문규격에 맞춘 A4용지 30장 내외
라. 양식: 첨부파일 참조
※ 논문은 졸업하는 학기에 제출합니다. 8학기 이상 이수를 해야 하는 학생은 학과사무실에 미리 알려주시기 바랍니다.
3. 유의사항
가. 수료생 중 졸업예정자 신청을 한 학생도 졸업예정자와 동일하게 졸업논문 절차를 진행하면 됩니다.
나. 논문계획서 제출 완료한 학생의 경우, 논문주제와 제목은 변경이 가능하지만, 이는 지도교수 확정 후 지도교수와 논의를 통해 진행할 수 있습니다.
다. 제출기한을 반드시 지켜주시기 바랍니다. 제출기한을 지키지 못했을 경우 불이익이 생길 수 있습니다. (접수 불가, 감점 등)
라. 논문은 스프링 제본을 마친 완본을 제출하여야 합니다. (2권 제출)
마. 논문 또는 영어자격시험 성적표 제출 마감 이후의 변경은 절대 불가함을 숙지 바랍니다.
바. 논문작성 시 반드시 규격을 준수하고 모르는 부분은 학과사무실(820-0070)에 문의하시기 바랍니다."
japanese_language,대학가 불법원룸 피해예방 안내,N/A,2020-04-23,https://japanstu.ssu.ac.kr/%ed%95%99%ea%b3%bc%ec%82%ac%eb%ac%b4%ec%8b%a4%ec%95%8c%eb%a6%bc/%ea%b3%b5%ec%a7%80%ec%82%ac%ed%95%ad/?term_id&slug=2596,
japanese_language,[국방부] 2020년도 군종사관후보생 선발 계획,N/A,2020-04-23,https://japanstu.ssu.ac.kr/%ed%95%99%ea%b3%bc%ec%82%ac%eb%ac%b4%ec%8b%a4%ec%95%8c%eb%a6%bc/%ea%b3%b5%ec%a7%80%ec%82%ac%ed%95%ad/?term_id&slug=1105,"가
.
원서교부 및 접수
1) 원서 접수기간 : 6.1.(월)~6.5.(금) 09:00~18:00
2) 원서 접수방법 : 인터넷 접수
가) 군종사관후보생 선발 홈페이지(
http://gunjong.mnd.go.kr
)
* 붙임. “20년 군종사관후보생 선발시험 원서접수 방법” 및 “아이핀 온라인 발급 안내” 참조
– 아이핀 발급 홈페이지(http://niceipin.co.kr/niceipin/sub01.asp)
나) 응시원서 응시표는 접수가 끝난 후 국방부에서 일괄 접수번호 부여 후 시스템에서 6.12.(금) 09:00부터 출력 가능
나
.
필기시험
1) 일시 : 7.18.(토) 09:30~12:00 (09:10까지 입실하여야 합니다.)
2) 장소 :
총신대학교
(서울시 동작구 사당3동 산31-3)
3) 준비물 : 응시표,
필기구
(
컴퓨터용 흑색 사인펜
), 수정테이프, 신분증(주민등록증, 운전면허증, 여권 중 택일)
※ 신분증, 응시표를 제시하지 않는 경우에는 시험에 응시할 수 없습니다.
4) 학교 운동장이 협소하여 주차 공간이 부족하므로 대중교통 이용 권장
다
.
신체검사
1) 일시 : 8.11.(화) 09:00~12:00 ※ 국군수도병원 베데스다 교회에 08:30까지 집결
2) 장소 : 국군수도병원 (경기도 성남시 분당구 율동 소재)
라
.
인성검사
1) 일시 : 8.11.(화) 14:00~16:00 ※ 국군수도병원 4층 강당에 13:30까지 입실
2) 장소 : 국군수도병원 (경기도 성남시 분당구 율동 소재)
※ 당일 상황에 따라 시간 및 장소는 변동 가능
마
.
면접시험
1) 일시 : 8.25.(화) 13:30~18:00 ※ 육군회관에 13:00까지 도착
2) 장소 : 육군회관 (서울시 용산구 이태원로 22 국방부 서문)
바
.
선발심의위원회 개최
:
9.15.(화) 국방부 ※ 응시자는 참석하지 않습니다.
사
.
합격자 발표
1) 필기시험 합격자 : 8.5.(수) 소속 교단 및 학교에 통보
2) 최종 합격자 : 9.3.(목) 소속 교단 및 학교에 통보
아. 군종사관후보생 선발 홈페이지
http://gunjong.mnd.go.kr
보다 자세한 사항은 첨부파일을 통해 확인하여 주시기 바랍니다."
japanese_language,대학 내 집단 활동 및 출입 관리 철저 요청,N/A,2020-04-16,https://japanstu.ssu.ac.kr/%ed%95%99%ea%b3%bc%ec%82%ac%eb%ac%b4%ec%8b%a4%ec%95%8c%eb%a6%bc/%ea%b3%b5%ec%a7%80%ec%82%ac%ed%95%ad/?term_id&slug=2595,"1. 관련
가. 대학학사제도과-2819(2020.2.26.) ‘대학 내 동아리 활동 및 시설물 관련 협조 요청’
나. 대학학사제도과-3696(2020.3.4.) ‘대학 내 다중이용시설 및 외부인 출입 관리 철저 협조 요청’
2. 위 대호와 관련하여 우리 부는 코로나19 확산 방지를 위해 각 대학에 졸업식, OT 등 집단 행사 및 각종 동아리 활동 등 다수가 모이는 행사에 대한 자제를 요청한 바 있으며, 도서관, 학생회관, 식당 등 다중이용시설에 대한 이용 자제 및 중단, 대학 시설물에 대한 외부인 출입 관리 철저도 권고하였습니다.
3. 봄철을 맞이하여 대학 내 외부인들의 방문이 늘어날 것이 예상되므로 외부인 출입 관리 철저를 다시 한 번 요청드림과 아울러, 동아리 활동, 학생 자치활동, 운동부 훈련 등 집단 활동에 대한 자제를 재차 요청드리니 적극 협조하여 주시기 바랍니다.  끝"
japanese_language,철도장학금 지원사업 지원자 모집(연장)공고,N/A,2020-04-13,https://japanstu.ssu.ac.kr/%ed%95%99%ea%b3%bc%ec%82%ac%eb%ac%b4%ec%8b%a4%ec%95%8c%eb%a6%bc/%ea%b3%b5%ec%a7%80%ec%82%ac%ed%95%ad/?term_id&slug=2593,"□ 사업 내용
가. 모집대상 : 철도와 관련된 내용으로 철도관련 석·박사 학위 취득을 희망하는 자
나. 선발인원 : 8명∼12명
다. 모집공고 : ‘20.2.24∼
‘20.4.24
.(방문 또는 우편접수)
다. 지원범위 : 국외 연간 2천만원, 국내 연간 1천만원 내외에서 지원
라. 시행기관 : 한국철도협회(담당 최진영과장, 02-3487-7921, korass58@hanmail.net)"
japanese_language,2020학년도 1학기 ‘숭실평화통일스쿨’ 운영 변경 안내,N/A,2020-04-13,https://japanstu.ssu.ac.kr/%ed%95%99%ea%b3%bc%ec%82%ac%eb%ac%b4%ec%8b%a4%ec%95%8c%eb%a6%bc/%ea%b3%b5%ec%a7%80%ec%82%ac%ed%95%ad/?term_id&slug=2592,"2020학년도 1학기 ‘숭실평화통일스쿨’ 운영 변경 내용을 다음과 같이 안내합니다.
1. 변경사유: 코로나19 집단감염 예방을 위해, 2020-1학기 전체를 비대면 온라인 강의로 진행하기로
한 본교 지침을 준수하기로 함
2. 변경내용
가.
5월~6월 중 외부 일정으로 진행하기로 하였던 숭실평화통일스쿨을, 2020-1학기에
한하여
한시적으로 온라인 수업의 형태로 스쿨을 대체하기로 함
나. 숭실평화통일스쿨 이수를 위해 총 7개 회차의 온라인 수업이 추가로 제공될 예정이며, 해당
수업을 모두 이수하여야만 ‘숭실평화통일스쿨’ 이수로 인정 함
3. 예정사항
가. 2020-1학기에 시행되는 숭실평화통일스쿨은 코로나19로 인한 한시적인 조치사항으로,
2020-2학기부터 통학형 2일 프로그램 일정으로 오프라인 스쿨 진행 예정
나. 2020-1학기 숭실평화통일스쿨 이수와 관련한 세부내용은, 4월 10일(금) 스마트캠퍼스 교과목
공지에 안내 예정"
japanese_language,이화여대 외국어교육특수대학원 국제일본어교육학과 신입생 모집 안내,N/A,2020-04-10,https://japanstu.ssu.ac.kr/%ed%95%99%ea%b3%bc%ec%82%ac%eb%ac%b4%ec%8b%a4%ec%95%8c%eb%a6%bc/%ea%b3%b5%ec%a7%80%ec%82%ac%ed%95%ad/?term_id&slug=2588,
japanese_language,[서울주택도시공사] 청년 매입임대주택 입주자 모집,N/A,2020-04-10,https://japanstu.ssu.ac.kr/%ed%95%99%ea%b3%bc%ec%82%ac%eb%ac%b4%ec%8b%a4%ec%95%8c%eb%a6%bc/%ea%b3%b5%ec%a7%80%ec%82%ac%ed%95%ad/?term_id&slug=2583,"서울주택도시공사는 서울특별시 소재 대학교에 재학 중인
대학생
, 졸업(중퇴)한지  2년 이내의
취업준비생
등을 대상으로 아래와 같이 청년 매입임대주택 입주자 모집을  진행하고 있습니다.
※ 신청 자격 등 자세한 사항은 첨부된 공고문을 참고하여 주시기 바랍니다.
."
japanese_language,"교내 운동장(축구장, 야외 농구장, 실내 농구장) 폐쇄 및 휴관 안내",N/A,2020-04-10,https://japanstu.ssu.ac.kr/%ed%95%99%ea%b3%bc%ec%82%ac%eb%ac%b4%ec%8b%a4%ec%95%8c%eb%a6%bc/%ea%b3%b5%ec%a7%80%ec%82%ac%ed%95%ad/?term_id&slug=2579,"1. 취지 및 배경
가. 코로나바이러스감염증-19 확산 방지
나. 학사팀-438(2020.04.03.)호 ‘20-1학기 전면 원격(비대면) 수업 운영 및 절대평가 적용 안내’
2. 폐쇄 및 휴관 방침
※ 코로나 사태의 변화 추이에 따라 본 방침은 변동될 수 있음.
3. 예외사항
가. 5.11.(월)부터 실험/실습/실기 수업은 필요시 대면으로 진행될 수 있으며, 이 경우 운동장을 이용할 수 있음.
나. 축구단 훈련은 최소화하여 운동장 이용 가능함."
japanese_language,2020년 4~5월 중앙도서관 학술DB 이용교육 안내,N/A,2020-04-09,https://japanstu.ssu.ac.kr/%ed%95%99%ea%b3%bc%ec%82%ac%eb%ac%b4%ec%8b%a4%ec%95%8c%eb%a6%bc/%ea%b3%b5%ec%a7%80%ec%82%ac%ed%95%ad/?term_id&slug=2577,"2020년 4~5월 중앙도서관 학술DB 이용교육을 아래와 같이 안내합니다. 특히 코로나19 확산방지를 위하여 Zoom을 활용한 비대면 온라인강좌로 진행될 예정이니 많은 학생들이 참여할 수 있도록 적극 안내하여 주시기 바랍니다.
1. 신청방법: 홈페이지 신청
https://oasis.ssu.ac.kr/#/education/calendar/
2. 강의방법: 비대면 온라인강좌
3. 강의 내용 및 일시: 첨부파일 참조
※ 10명 이상 신청 시 별도의 맞춤형 교육도 개설 가능
4. 문의:
jinyamy@ssu.ac.kr
(내선 0745)"
japanese_language,2020-1학기 <1:1 학습코칭> 참여 안내,N/A,2020-04-09,https://japanstu.ssu.ac.kr/%ed%95%99%ea%b3%bc%ec%82%ac%eb%ac%b4%ec%8b%a4%ec%95%8c%eb%a6%bc/%ea%b3%b5%ec%a7%80%ec%82%ac%ed%95%ad/?term_id&slug=2576,"1. 학습코칭 개요: 객원 전문 학습코치가 참여학생과 1:1로 만나 학습 고민을 상담하고, 학습유형
검사(U&I) 또는 학습전략검사(MLST-Ⅱ) 실시 결과를 바탕으로 참여학생의 학습 문제 개선, 학습역량 강화를 지원함
2. 참여 대상: 본교 한국인, 중국인 학부 재학생
3. 운영 기간: 2020.4.13.~2020.6.19.
※ 학생이 사전 예약한 시간에 학습코칭을 실시함(1회 1시간, 총 5회 참여 권장)
4. 장소: 신양관 201호 학습코칭실
5. 학습코치 정보 및 참여 신청
가. 한국인 학부 재학생:
https://citl.ssu.ac.kr/ko/community/notice/view/1474
나. 중국인 학부 재학생:
https://citl.ssu.ac.kr/ko/community/notice/view/1475
6. 비고: 오프라인(대면) 실시하며, 코로나19 사태 관련 하기 참여수칙을 정함
가. 마스크 미 착용 시 학습코칭실 입실 불가
나. 마스크를 착용한 채 학습코칭 실시
다. 발열 또는 호흡기 증상이 있을 시 입실 불가
라. 해외로부터 입국한 후 2주 동안 자가격리하지 않은 자의 입실을 제한
마. 각 학습코칭실에 비치된 손 소독제를 입·퇴실 시 사용
바. 신체접촉을 피하고, 2m 이상의 건강거리 유지
사. 기침 또는 재채기할 때 반드시 옷소매로 입과 코를 가림
아. 1시간에 한 번씩 물과 비누로 손을 씻음
자. 발열 또는 호흡기 증상 발견 즉시 교수학습혁신센터에 알림
7. 문의처: 교수학습혁신팀 정유진 팀원(내선 7135)"
japanese_language,코로나19 바이러스 관련 유고결석 안내,N/A,2020-04-01,https://japanstu.ssu.ac.kr/%ed%95%99%ea%b3%bc%ec%82%ac%eb%ac%b4%ec%8b%a4%ec%95%8c%eb%a6%bc/%ea%b3%b5%ec%a7%80%ec%82%ac%ed%95%ad/?term_id&slug=2570,"코로나
19
바이러스 관련하여 아래와 같이 유고결석을 안내해 드립니다
.
<
유고결석 프로세스>
<유고결석 사유>
학생생활규정
22
조
(
유고결석
)
1.
보건결석
2.
본인결혼
3.
혈족사망
4.
질병
5.
병무관계
6.
공식행사
7.
기타
:
코로나
19
감염병에 의한 자가 격리자
,
한국 입국 지체자 등 코로나
19
바이러스와 관련하여 결석하는 경우
**인정기간
:
총 수업일수의
3
분의
1
이내
따라서
,
주
2
회 있는 수업
:
총
30
회 수업 중
10
회까지 유고결석 가능합니다
.
주
1
회 있는 수업
:
총
15
회 수업 중
5
회까지 유고결석 가능합니다
."
japanese_language,[교육혁신] 2020-1학기 외국인 학부생 튜터링(3기) 튜티(Tutee) 모집,N/A,2020-03-31,https://japanstu.ssu.ac.kr/%ed%95%99%ea%b3%bc%ec%82%ac%eb%ac%b4%ec%8b%a4%ec%95%8c%eb%a6%bc/%ea%b3%b5%ec%a7%80%ec%82%ac%ed%95%ad/?term_id&slug=1096,"신청 대상
:
본교 외국인 학부 재학생
申请对象：本校外国人学部生
개요
: 외국인 유학생 튜터링은 학생들이 학습 팀을 구성(최소 4명~최대 7명)하여 튜터가 튜티에게 다음 중 한 가지 학습내용을 가르쳐주는 프로그램입니다. 概要：辅导活动是以4~7人组成学习小组，由辅导老师向学习小组的学生辅导以下两种内容中的一种
1) 특정 교과목  特定科目
2) 한국어, 한국문화, 한국역사 등 한국사회의 이해를 목적으로 하는 주제
韩语，韩国文化，韩国历史，等 利于对韩国社会的理解的主题
활동내용
活动内容
1) 튜터와 튜티들이 주 1~2회 만나서 함께 공부 辅导老师与学员们一周见面1~2次 一起学习
2) 튜터와 튜티가 1:1로 만나 학업, 학교 적응, 진로 관련 고민 상담 진행
辅导老师与学员1：1见面学习或商谈学生的校园生活问题 毕业去向 等等
3) 교수학습혁신센터에서 주관하는 외국인 학부생 대상 집합 교육 참여(최대 4시간)
활동 기간
: 2020.4.20.~2020.6.19.
活动时间：~2019.12.20（详细活动时间过后通知）
신청 기간
: ~2020.4.12.
申请时间
：
~2020.4.12.
비용
:
무료
费用：免费
신청방법
申请方法
– 첨부파일
①
‘
튜터
(Tutor)
목록 및 정보
’,
②
‘
튜터
(Tutor)
지원서
‘
를 확인하여
12
명의 튜터 중 원하는 튜터
1
인을 선택
한다. 이 때,
‘
학습 권장 대상
‘, ‘
튜터링 가능시간
‘
정보를 꼼꼼히 읽고 확인한다
.
在附件中的12名辅导老师中选择1名
– 이메일(yoojin@ssu.ac.kr)로 신청하되, 아래 사항을 모두 적어 신청한다
(
한글로 작성
).
邮件编辑好以下内容后，发送至邮箱
yoojin
@ssu.ac.kr
尽可能地用韩语编辑
(
in Korean language
)
1) 1~12번의 튜터 중 원하는
튜터
1
명의 번호
,
이름
1~12
名辅导老师中你所选择的老师的编号
，
姓名
:
2)
신청자 이름
(
한글
)
申请者姓名
（
韩语
）
:
3)
학번
学号
:
4)
소속 학과
所属学科
:
5)
학년
/
학기
学年
/
学期
:
6)
휴대전화 번호
手机号码
:
7)
국적
国籍
:
8)
신청 동기
申请动机
:
주의 사항
1)
“
예비
“
로
분류된
튜터의
팀에도
튜티의
신청이
가능하나
(
첨부파일
표
11, 12
번
해당
),
가) 기본 튜터 10명(표 1~10번 해당) 중 결성 불가 팀 발생 시,
나) 그리고 예비 팀 결성 완료 시,
예비 튜터 번호 순대로 활동 승인됩니다.
2) 최초 공지한 바와 같이, 본 외국인 유학생 튜터링 팀 최대 결성 수는 10팀입니다.
따라서,
예비
튜터의
팀에
튜티가
신청한다
하더라도
,
총
10
팀을
초과하면
해당
예비팀은
활동
불가합니다
.
향후 일정
(
※추후 상황에 따라 변동 가능성 있음)
1) 튜티 모집: ~4.12.(일)
2) 튜터-튜티 매칭 및 튜터 최종 선정: 4.13.(월)~4.15.(수)
3) 팀 편성 결과 공지: 4.16.(목)
4) 튜터(Tutor) 오리엔테이션: 4.17.(금) 또는 4.20.(월) 예정
5)
오리엔테이션을 마친 튜터
(Tutor)
가 여러분께 개별 연락드릴 예정입니다
.
문의처
咨询方式: 교수학습혁신센터(신양관 202호 / 02-828-7135 / yoojin@ssu.ac.kr)
문의 가능 시간: 평일 09:00~17:30 (점심시간 12:20~13:20 제외)
※
코로나
19
사태로 인하여
4
월
13(
월
)
대면수업
(
등교
)
시작하는 본교 방침
(2020.3.18.
부 결정사항
)
에 따라
CoRE
튜터링 시작 시점도 해당 주로 정하였습니다
(2020.3.18.
부 결정사항
)
단
,
해당 주 도래 시 상황 및 본교 방침을 고려하여 운영 여부 및 시작 시점 재결정할 수 있습니다
.
우선
모집은 정상 진행하니
,
참여 의지가 있는 여러 분들의 신청을 바랍니다
.
3
관련 공지 URL: https://citl.ssu.ac.kr/ko/community/notice/view/1468"
japanese_language,[동작구] 동작구 청년정책 네트워크 모집,N/A,2020-03-26,https://japanstu.ssu.ac.kr/%ed%95%99%ea%b3%bc%ec%82%ac%eb%ac%b4%ec%8b%a4%ec%95%8c%eb%a6%bc/%ea%b3%b5%ec%a7%80%ec%82%ac%ed%95%ad/?term_id&slug=1087,"동작구에서는 청년의 소통과 참여를 확대하고, 지역특성과 청년의 수요를 반영한 청년 친화적 정책을 발굴 및 실현하고자 「동작구 청년정책 네트워크」위원을 다음과 같이 모집합니다.
가. 사업개요
1) 모집기간 : 2020. 3. 23. ~ 4. 13.
2) 모집대상 : 동작구에서 거주하거나 활동 중인 만 19~39세 청년(25명 이내)
3) 활동내용 : 청년정책 발굴 및 제안, 청년 관련 행사 참여 등
4) 지원사항 : 회의 참석 수당 및 봉사시간 인정, 우수활동자 표창 등
5) 제출서류 : 신청서 및 개인정보 동의서, 기타 증빙서류
6) 지원방법 : 등기우편, 방문(업무시간 내), 전자메일
– 등기우편, 방문 : 동작구 장승배기로 161 동작구청 2층 일자리정책과 청년정책팀
– 전자메일 : pyjin18@dongjak.go.kr"
japanese_language,[장학] 2020-1 교내장학금 2차 신청 안내,N/A,2020-03-25,https://japanstu.ssu.ac.kr/%ed%95%99%ea%b3%bc%ec%82%ac%eb%ac%b4%ec%8b%a4%ec%95%8c%eb%a6%bc/%ea%b3%b5%ec%a7%80%ec%82%ac%ed%95%ad/?term_id&slug=1053,"2020
학년도
1
학기 교내장학금 신청공고
(신입생, 편입생, 복학생, 재입학생 대상)
※ 본교에서 지급되는 모든 교내장학금은 아래 국가장학금 신청기간 내 국가장학금을 신청하고 서류제출을 완료하여 소득분위가 조회된 학생을 대상으로만 수혜자를 선정합니다. 따라서, 교내장학금을 수혜하려는 모든 학생은 반드시 교내장학금과 국가장학금을 모두 신청하시기 바랍니다.
–
국가장학금 신청결과 제공되는 학생의 소득분위정보를 장학생선발에 활용
–
국가장학금은 반드시 매학기 신청
(
서류제출 및 가구원동의 포함
)
하여야 함
.
국가장학금 2차 신청기간 : 2020년 2월 3일(월)∼ 3월 10일(화)까지
※ 한국장학재단 홈페이지(www.kosaf.go.kr) 공인인증 로그인 후 신청
※
재학생은 국가장학금
1
차 신청이 원칙
(
단
,
재학 중
1
회에 한하여
2
차 신청이 가능
)
▶
구제신청 공지사항을 반드시 확인하여
,
개별 구제신청을 해야 함
.
교내장학금 온라인신청기간
가
.
온라인신청 및 서류제출기간
1) 1차: 2020년 3월 3일(화) 10:00 ~ 17일(화) 17:00 (2주간)
2) 2
차
(
추가신청 기간
): 2020
년
3
월
18
일
(
수
) ~ 27
일
(
금
) 17:00
※ 신종코로나바이러스로 오프라인수업 2주간 휴강 조치에 따라 1차와 간격을 두지 않고 2차 신청기간 운영.
★
단
,
이후 추가 신청은 받지 않음
※ 주말(공휴일 포함) 24시간 신청 가능 (단, 마감일 제외)
※ u-SAINT 입력 후 장학금 신청내역을 조회하여 장학금 신청이 정상적으로 완료되었는지 꼭 확인
나. 서류제출이 필요한 장학금의 경우, 교내장학금 온라인신청기간 내 반드시 제출
※ 방문 및 등기우편제출 가능 (FAX 불가)
※ 등기우편제출 시 교내장학금 온라인 신청기간 내 장학팀 도착분만 인정
신청대상 : 2020학년도 1학기 신입생, 편입생, 복학생, 재입학생
교내장학생 자격요건
가. 2020학년도 1학기 국가장학금을 신청하고 서류제출(가구원동의 포함)을 완료한 자
나. 2020학년도 1학기 신입생, 편입생, 복학생, 재입학생으로 등록금 납부 예정인 자
1) 2020학년도 1학기 전 등록휴학 후 복학생은 모든 장학금 선발에서 제외(등록대체)
2) 미등록, 입학취소, 복학취소 등으로 인한 학적변동 시 모든 장학금 취소
다. 직전학기 15학점 이상 이수한 자
※ 2020년 1학기가 4학년 8학기인 자는 직전학기 12학점 이상
※ 건축학부 건축학전공 : 10학기인 자는 직전학기 12학점 이상 이수(1∼9학기는 15학점 이상)
라. 등록 8학기 이내인 자(건축학과 건축학전공 : 등록 10학기 이내인 자)
예1) 학기취소 1회 후 8학기 진학예정인 경우 : 9회 등록금 납부이므로 선발 불가
예2) 학점 미 이수로 9학기 진학예정인 경우 : 9회 등록금 납부이므로 선발 불가
교내장학생 공통사항
가.
☆
모든 장학금은 등록금 내에서 다음 순서에 따라 우선 지급합니다
.
① 교외(외부)장학금 ② 국가장학금 ③ 교내장학금
나. 성적 및 취득학점 산정방법
1) 평점평균(GPA) / 산술평균(100점만점) : F학점이 포함된 학적부성적 기준 산정
2) 취득학점 산정시 F학점은 0학점 취득으로 인정되어 취득학점 산정에서 제외
다. 온라인으로 반드시 신청해야 하며, 제출서류가 있는 장학금에 한하여 서류제출
※ 제출기간 내 미제출시 장학생 선발대상에서 제외
라. 모든 교내장학금은 중복수혜 불가
1) 장학금간 중복신청은 가능하나, 신청 장학금 중 수혜금액이 큰 장학금으로 자동선발
2) 중복수혜 가능 장학금 : 국가장학금, 교외(외부)장학금, 근로장학금(교내/학과근로), 봉사장학금
– 수업료 범위 내 중복수혜 가능 (근로장학금, 봉사장학금은 수업료 초과하여 수혜 가능, 단 해당 장학금 간 중복수혜 불가)
마. 한국장학재단 중복지원(이중지원)방지사업 안내
1) 한국장학재단 학자금대출금액과 교내ㆍ외 장학금을 모두 합하여 수업료를 초과할 경우, 중복지원학생에 해당
2) 한국장학재단 콜센터와 통화하여, 중복지원여부를 해소해야 함. (다음 학기 국가장학금 및 학자금대출여부에 영향)
교내장학금별 선발자격 및 제출서류
:
교내장학금 선발자격 및 제출서류 안내
(
첨부문서 참조
)
장학생 선정결과 발표 및 지급방식
가. 2020년 4월 중순 발표 예정(u-Saint 등록/장학 및 등록금고지서 감면여부 확인 가능)
※ 지급예정일 : 2020년 5월 초 개인계좌 지급 예정
※ 학자금대출자(한국장학재단 및 공무원연금공단)의 경우, 학자금대출계좌로 대학에서 직접 상환
나. 장학금신청시 계좌입력 : 우리은행 본인명의 개인계좌 입력 필수
다. 등록금 분할납부를 신청한 학생의 경우. 선발된 장학금 중 사전감면을 제외한 계좌지급장학금은 분할납부 최종등록 확인 후 지급
라. 비전장학금 지급범위 및 장학금액은 한국장학재단 국가장학금 정책 및 본교 사정에 따라 매 학기 변경될 수 있음.
첨부파일: (게시글 상단에 위치) 교내장학금 선발자격 및 제출서류 안내"
japanese_language,[숭실대 학생상담센터]코로나 19 상황 마음 돌보기 수칙 안내,N/A,2020-03-18,https://japanstu.ssu.ac.kr/%ed%95%99%ea%b3%bc%ec%82%ac%eb%ac%b4%ec%8b%a4%ec%95%8c%eb%a6%bc/%ea%b3%b5%ec%a7%80%ec%82%ac%ed%95%ad/?term_id&slug=2562,
japanese_language,코로나19 관련 대구·청도지역 거주 입영연기자 등의 등록 및 수강신청 연장 등 안내(병무청),N/A,2020-03-17,https://japanstu.ssu.ac.kr/%ed%95%99%ea%b3%bc%ec%82%ac%eb%ac%b4%ec%8b%a4%ec%95%8c%eb%a6%bc/%ea%b3%b5%ec%a7%80%ec%82%ac%ed%95%ad/?term_id&slug=2558,"* 입영 연기 등으로 복학하는 학생들이 아래 기간에도 국가장학금을 신청할 수 있습니다.
– 1학기 국가장학금 2차 신청기간 : 2.3(월)∼3.23(월)
– 관련 문의 : 한국장학재단(1599-2000)"
japanese_language,2020-1학기 <학습역량 강화> 비교과 프로그램 참여 안내,N/A,2020-03-17,https://japanstu.ssu.ac.kr/%ed%95%99%ea%b3%bc%ec%82%ac%eb%ac%b4%ec%8b%a4%ec%95%8c%eb%a6%bc/%ea%b3%b5%ec%a7%80%ec%82%ac%ed%95%ad/?term_id&slug=2557,"1. 프로그램 목록(현재 모집 중, 2020.3.16. 기준)
번호
프로그램명
개요
대상
모집 기간
상세안내/신청방법
1
CoRE 튜터링
튜터(Tutor)
전공학습 역량, 기초학습 역량을 갖춘 1인의 튜터(Tutor)가 해당 학습에 도움이 필요한 3~7인의 튜티(Tutee)와 함께 주 1회 이상 정기적으로 모여 협동학습
학부재학생
(한국인)
~3.23.(월)
https://fun.ssu.ac.kr/ko/program/all/view/1457
2
외국인 유학생
튜터링
튜터(Tutor)
학부 3~4학년 및
대학원
재학생(한국인 및 외국인)
~3.25.(수)
https://citl.ssu.ac.kr/ko/community/notice/view/1445
3
학습동행
(멘토, 멘티)
직전학기 학사경고자(평점평균 1.5미만), 학사경고 위험군 학생(평점평균 1.5이상 2.0미만)이 학습동기 제고, 학교생활 적응, 학습능력 향상 등을 목표로 교수학습혁신센터와 한 학기 동행
학부재학생
(한국인)
~3.31.(화)
https://fun.ssu.ac.kr/ko/program/all/view/1461
3. 비고
가.
3월 중 모집 정상적으로 진행하나, 4월 초 코로나19 사태를 고려하여 프로그램 시행 여부 및 시점 확정 공지 예정
번호
프로그램명
개요
대상
모집 시기(예정)
1
1:1 학습코칭
(한국인, 중국인)
4월 초
2
또래 학습코칭
(또래코치 양성)
코치 양성 모델에 기반한 본교 또래 학습코치 양성
학부 재학생
(한국인)
4월 초
3
INNO-SCHOOL
참여학생 간 팀을 이루어 전공 교과 연계 및 융합하여 지역사회의 문제를 해결함
학부 재학생
(한국인, 외국인)
3월 중
4
학습법 워크숍
학습 관련 주제의 전문가 특강
학부 재학생
(한국인, 외국인)
3월 말
5
공모전 멘토링
특정 분야 공모전 참여(수상) 경험 또는 역량 있는 학생의 노하우 전수
학부 재학생
(한국인, 외국인)
4월 초
4. 문의처: 교수학습혁신팀 정유진(내선 7135,
yoojin@ssu.ac.kr
)"
japanese_language,"[장학] 교내, 교외장학금 및 국가장학금 2차 신청 안내",N/A,2020-03-10,https://japanstu.ssu.ac.kr/%ed%95%99%ea%b3%bc%ec%82%ac%eb%ac%b4%ec%8b%a4%ec%95%8c%eb%a6%bc/%ea%b3%b5%ec%a7%80%ec%82%ac%ed%95%ad/?term_id&slug=1047,"교내/외 장학금 및 국가장학금 2차 신청 안내드립니다.
가. 2020학년도 1학기 국가장학금 2차 신청안내
1)신청대상: 신·편입생, 복학생 1차 미신청 재학생＊
＊구제신청서를 제출한 경우에 한하여 재학생 2차 신청 가능(재학 중 2회)
2)신청기간: 2020.02.03.(월) 9시 ~ 2020.03.23.(월) 18시까지
3)신청방법: 한국장학재단 홈페이지 및 모바일 앱에서 신청 가능
4)문의처: 한국장학재단 콜센터 Tel. 1599-8000
※
국가장학금 신청한 학생에 한하여 교내장학금 수혜 가능합니다.
나. 2020학년도 1학기 교내장학금 신청 안내
1)신청대상: 신·편입생, 복학생, 재입학생
2)자격요건
가)2020학년도 1학기 국가장학금을 신청하고 서류제출(가구원동의)를 완료한 자
나)직전학기 15학점 이상 이수한 자
※ 2020학년 1학기 4학년 8학기인 자는 직전학기 12학점 이상
※건축학부 건축학전공인 경우 1~9학기는 15학점이상 이수, 10학기는 12학점 이상 이수
다)등록학기가 8학기 이내인 자(건축학과 건축학전공: 등록 10학기 이내인 자)
3)신청기간
가)1차: 2020.03.03.(화) 10:00 ~ 17(화) 17:00까지(2주간)
나)2차(추가 신청기간): 2020.03.18.(수) 10:00 ~ 27(금) 17:00까지
※코로나-19 사태로 1차와 간격을 두지 않고 2차 추가 신청기간 운영
(단, 이후 추가 신청을 받지 않음)
※주말(공휴일 포함) 24시간 신청가능(단, 마감일 제외)
※서류제출이 필요한 장학금의 경우, 교내장학금 온라인 신청기간 내 반드시 제출
(방문 및 등기우편 제출 가능(FAX불가))
※기간 내 서류 미제출 시 선발 대상에서 제외
4)신청방법: 온라인 신청 (유세인트 로그인 – 등록/장학 – 장학 – 장학금신청)
다. 2020학년도 1학기 숭실대학교장학회 장학금 신청 안내
1)선발 유형 및 장학금액
가)123시간 선물 장학금: 123만원
나)장학회 선발 장학생 장학금: 2020-1학기 수업료 반액 이내
※교내 및 국가장학금 등 외부장학금 수혜여부에 관계없이 생활비지원
2)선발인원: 위 가, 나 선발유형 에서 총 20명 내외 선발
3)지원자격
가)숭실을 사랑하며 재학 중 및 졸업 후 총동문회 활동을 적극적으로 할 수 있는 학생
나)현재 사회봉사활동을 하고 있거나 사회봉사활동 경력이 있는 학생
다)2020학년도 1학기 3,4학년 재학하는 학생
라)직전학기 성적 3.0이상(직전학기 15학점 이상, 막학기는 12학점 이상 이수)인 학생
4)접수기간: 2020.03.02.(월) ~ 03.19.(목) 오후 5시까지 도착분에 한함
5)접수방법: 재단 방문접수(우편접수 불가)
라. 2020학년도 1학기 재단법인 본솔김종한장학재단 장학생 선발 안내
1)장학금액: 수업료 전액(등록금 범위 내 수혜가능)
※결격사유 없을 시 졸업 시 까지 지원
2)추천인원: 1명
3)지원자격
가)2020학년도 1학기 기준 2학년(3학기)에 재학하는 학생
나)전체 학년 성적 평점평균 3.3이상인 학생
다)성실하고 품행이 바르며 우수한 재능을 가진 학생
※가정형편이 어려운 학생 우선 추천
라)각 학과(부) 지도교수의 추천을 받은 학생
마)타 장학금을 받고 있지 않은 학생
4)접수기간: ~ 2020.03.16.(월) 16:00까지 도착분에 한함
5)접수방법: 숭실대학교 장학팀(학생회관 406호)으로 방문제출
자세한 사항은 숭실대학교 홈페이지 공지사항(
https://scatch.ssu.ac.kr
)을 참고하여 주시기 바랍니다."
japanese_language,‘코로나19’ 관련 ‘공적 공급 마스크 구매 5부제 시행’ 안내,N/A,2020-03-10,https://japanstu.ssu.ac.kr/%ed%95%99%ea%b3%bc%ec%82%ac%eb%ac%b4%ec%8b%a4%ec%95%8c%eb%a6%bc/%ea%b3%b5%ec%a7%80%ec%82%ac%ed%95%ad/?term_id&slug=2551,
japanese_language,2020학년도 1학기 국가장학금 2차 신청 안내,N/A,2020-03-06,https://japanstu.ssu.ac.kr/%ed%95%99%ea%b3%bc%ec%82%ac%eb%ac%b4%ec%8b%a4%ec%95%8c%eb%a6%bc/%ea%b3%b5%ec%a7%80%ec%82%ac%ed%95%ad/?term_id&slug=2550,"< 2020년 1학기 국가장학금 2차 신청 안내 >
1. 신청 대상 : 신·편입생, 복학생, 1차 미신청 재학생*
* 구제신청서를 제출한 경우에 한해, 재학생 2차 신청 가능(재학 중 2회)
※ 코로나 19로 인해 해외 및 국내에서 학업 등을 포기한 재학생 등은 증빙자료 제출 시 2차 신청기간 신청 허용 (구제기회 미차감)
2. 신청 기간 : ‘20.2.3.(월)9시 ~ ‘20.3.10.(화)18시
(주말, 공휴일 포함 24시간 신청 가능, 마지막 날은 18시 마감)
3. 신청 방법
– 한국장학재단 홈페이지(http://www.kosaf.go.kr) 및 모바일 앱(https://mo.kosaf.go.kr/apps)에서 신청
※ 본인 명의 공인인증서 및 부모 공인인증서를 통한 정보제공 동의 필요
4. 문의처 : 한국장학재단 콜센터 1599-2000
※ 국가장학금은 신청을 한 학생에 한하여 지급되므로, 반드시 신청기간을 준수하여 학자금 부담을 경감 받으시길 부탁드리며, 이미 신청을 완료하신 분은 재신청하지 않으셔도 됩니다."
japanese_language,"[장학] 2020학년도 1학기 교내장학금 신청공고 (신입생, 편입생, 복학생, 재입학생 대상)",N/A,2020-02-26,https://japanstu.ssu.ac.kr/%ed%95%99%ea%b3%bc%ec%82%ac%eb%ac%b4%ec%8b%a4%ec%95%8c%eb%a6%bc/%ea%b3%b5%ec%a7%80%ec%82%ac%ed%95%ad/?term_id&slug=1037,"< 숭실대학교 홈페이지 장학 텝에 공지되어있는 내용입니다 ^^ >
2020
학년도
1
학기 교내장학금 신청공고
(신입생, 편입생, 복학생, 재입학생 대상)
※
본교에서 지급되는 모든 교내장학금은 아래 국가장학금 신청기간 내 국가장학금을 신청하고 서류제출을 완료하여 소득분위가 조회된 학생을 대상으로만 수혜자를 선정합니다
.
따라서
,
교내장학금을 수혜하려는 모든 학생은 반드시 교내장학금과 국가장학금을 모두 신청하시기 바랍니다
.
–
국가장학금 신청결과 제공되는 학생의 소득분위정보를 장학생선발에 활용
–
국가장학금은 반드시 매학기 신청
(
서류제출 및 가구원동의 포함
)
하여야 함
.
국가장학금
2
차 신청기간
: 2020
년
2
월
3
일
(
월
)
∼
3
월
10
일
(
화
)
까지
※ 한국장학재단 홈페이지(www.kosaf.go.kr) 공인인증 로그인 후 신청
※
재학생은 국가장학금
1
차 신청이 원칙
(
단
,
재학 중
1
회에 한하여
2
차 신청이 가능
)
▶
구제신청 공지사항을 반드시 확인하여
,
개별 구제신청을 해야 함
.
교내장학금 온라인신청기간
가
.
온라인신청 및 서류제출기간
1) 1
차
: 2020
년
3
월
3
일
(
화
) 10:00 ~ 17
일
(
화
) 17:00 (2
주간
)
2) 2
차
(
추가신청 기간
): 2020
년
3
월
18
일
(
수
) ~ 27
일
(
금
) 17:00
※ 신종코로나바이러스로 오프라인수업 2주간 휴강 조치에 따라 1차와 간격을 두지 않고 2차 신청기간 운영.
☆★
단
,
이후 추가 신청은 받지 않음
※ 주말(공휴일 포함) 24시간 신청 가능 (단, 마감일 제외)
※ u-SAINT 입력 후 장학금 신청내역을 조회하여 장학금 신청이 정상적으로 완료되었는지 꼭 확인
나. 서류제출이 필요한 장학금의 경우, 교내장학금 온라인신청기간 내 반드시 제출
※ 방문 및 등기우편제출 가능 (FAX 불가)
※ 등기우편제출 시 교내장학금 온라인 신청기간 내 장학팀 도착분만 인정
신청대상 : 2020학년도 1학기 신입생, 편입생, 복학생, 재입학생
교내장학생 자격요건
가. 2020학년도 1학기 국가장학금을 신청하고 서류제출(가구원동의 포함)을 완료한 자
나. 2020학년도 1학기 신입생, 편입생, 복학생, 재입학생으로 등록금 납부 예정인 자
1) 2020학년도 1학기 전 등록휴학 후 복학생은 모든 장학금 선발에서 제외(등록대체)
2) 미등록, 입학취소, 복학취소 등으로 인한 학적변동 시 모든 장학금 취소
다. 직전학기 15학점 이상 이수한 자
※ 2020년 1학기가 4학년 8학기인 자는 직전학기 12학점 이상
※ 건축학부 건축학전공 : 10학기인 자는 직전학기 12학점 이상 이수(1∼9학기는 15학점 이상)
라. 등록 8학기 이내인 자(건축학과 건축학전공 : 등록 10학기 이내인 자)
예1) 학기취소 1회 후 8학기 진학예정인 경우 : 9회 등록금 납부이므로 선발 불가
예2) 학점 미 이수로 9학기 진학예정인 경우 : 9회 등록금 납부이므로 선발 불가
교내장학생 공통사항
가.
☆
중요
☆
모든 장학금은 등록금 내에서 다음 순서에 따라 우선 지급합니다
.
① 교외(외부)장학금 ② 국가장학금 ③ 교내장학금
나. 성적 및 취득학점 산정방법
1) 평점평균(GPA) / 산술평균(100점만점) : F학점이 포함된 학적부성적 기준 산정
2) 취득학점 산정시 F학점은 0학점 취득으로 인정되어 취득학점 산정에서 제외
다. 온라인으로 반드시 신청해야 하며, 제출서류가 있는 장학금에 한하여 서류제출
※ 제출기간 내 미제출시 장학생 선발대상에서 제외
라. 모든 교내장학금은 중복수혜 불가
1) 장학금간 중복신청은 가능하나, 신청 장학금 중 수혜금액이 큰 장학금으로 자동선발
2) 중복수혜 가능 장학금 : 국가장학금, 교외(외부)장학금, 근로장학금(교내/학과근로), 봉사장학금
– 수업료 범위 내 중복수혜 가능 (근로장학금, 봉사장학금은 수업료 초과하여 수혜 가능, 단 해당 장학금 간 중복수혜 불가)
마. 한국장학재단 중복지원(이중지원)방지사업 안내
1) 한국장학재단 학자금대출금액과 교내ㆍ외 장학금을 모두 합하여 수업료를 초과할 경우, 중복지원학생에 해당
2) 한국장학재단 콜센터와 통화하여, 중복지원여부를 해소해야 함. (다음 학기 국가장학금 및 학자금대출여부에 영향)
교내장학금별 선발자격 및 제출서류
:
교내장학금 선발자격 및 제출서류 안내
(
첨부문서 참조
)
장학생 선정결과 발표 및 지급방식
가. 2020년 4월 중순 발표 예정(u-Saint 등록/장학 및 등록금고지서 감면여부 확인 가능)
※ 지급예정일 : 2020년 5월 초 개인계좌 지급 예정
※ 학자금대출자(한국장학재단 및 공무원연금공단)의 경우, 학자금대출계좌로 대학에서 직접 상환
나. 장학금신청시 계좌입력 : 우리은행 본인명의 개인계좌 입력 필수
다. 등록금 분할납부를 신청한 학생의 경우. 선발된 장학금 중 사전감면을 제외한 계좌지급장학금은 분할납부 최종등록 확인 후 지급
라. 비전장학금 지급범위 및 장학금액은 한국장학재단 국가장학금 정책 및 본교 사정에 따라 매 학기 변경될 수 있음."
japanese_language,[03.25 수정]2020학년도 1학기 교내 장학금 신청공고,N/A,2020-02-25,https://japanstu.ssu.ac.kr/%ed%95%99%ea%b3%bc%ec%82%ac%eb%ac%b4%ec%8b%a4%ec%95%8c%eb%a6%bc/%ea%b3%b5%ec%a7%80%ec%82%ac%ed%95%ad/?term_id&slug=2548,"2020
학년도
1
학기 교내장학금 신청공고
(
신입생
,
편입생
,
복학생
,
재입학생 대상
)
※
본교에서 지급되는 모든 교내장학금은 아래 국가장학금 신청기간 내 국가장학금을 신청하고 서류제출을 완료하여 소득분위가 조회된 학생을 대상으로만 수혜자를 선정합니다
.
따라서
,
교내장학금을 수혜하려는 모든 학생은 반드시 교내장학금과 국가장학금을 모두 신청하시기 바랍니다
.
–
국가장학금 신청결과 제공되는 학생의 소득분위정보를 장학생선발에 활용
–
국가장학금은 반드시 매학기 신청
(
서류제출 및 가구원동의 포함
)
하여야 함
.
1.
국가장학금
2
차 신청기간
: 2020
년
2
∼
3
월
10
일
(
화
)
까지
※
한국장학재단 홈페이지
(www.kosaf.go.kr)
공인인증 로그인 후 신청
※
재학생은 국가장학금
1
차 신청이 원칙
(
단
,
재학 중
1
회에 한하여
2
차 신청이 가능
)
▶
구제신청 공지사항을 반드시 확인하여
,
개별 구제신청을 해야 함
.
2.
교내장학금 온라인신청기간
가
.
온라인신청 및 서류제출기간
1) 1
차
: 2020
년
화
) 10:00 ~ 17
일
(
화
) 17:00 (2
주간
)
2) 2
차
(
추가신청 기간
): 2020
년
3
월
18
일
(
수
) ~ 27
일
(
금
) 17:00
※
신종코로나바이러스로 오프라인수업
2
주간 휴강 조치에 따라
1
차와 간격을 두지 않고
2
차 신청기간 운영
.
☆★
단
,
이후 추가 신청은 받지 않음
시간 신청 가능
(
단
,
마감일 제외
)
※
u-SAINT
입력 후 장학금 신청내역을 조회하여 장학금 신청이 정상적으로 완료되었는지 꼭 확인
나
.
서류제출이 필요한 장학금의 경우
,
교내장학금 온라인신청기간 내 반드시 제출
※
방문 및 등기우편제출 가능
(FAX
불가
)
※
등기우편제출 시 교내장학금 온라인 신청기간 내 장학팀 도착분만 인정
3.
신청대상
: 2020
학년도
1
학기 신입생
,
편입생
,
복학생
,
재입학생
4.
교내장학생 자격요건
가
. 2020
학년도
1
학기 국가장학금을 신청하고 서류제출
(
가구원동의 포함
)
을 완료한 자
나
. 2020
학년도
학년도
1
학기 전 등록휴학 후 복학생은 모든 장학금 선발에서 제외
(
등록대체
)
2)
미등록
,
입학취소
,
복학취소 등으로 인한 학적변동 시 모든 장학금 취소
다
.
직전학기
15
학점 이상 이수한 자
※
2020
년
1
학기가
4
학년
8
학기인 자는 직전학기
12
학점 이상
※
건축학부 건축학전공
: 10
학기인 자는 직전학기
12
학점 이상 이수
(1
∼
9
학기는
15
학점 이상
)
라
.
등록
8
학기 이내인 자
(
건축학과 건축학전공
:
등록
10
: 9
회 등록금 납부이므로 선발 불가
예
2)
학점 미 이수로
9
학기 진학예정인 경우
: 9
회 등록금 납부이므로 선발 불가
5.
교내장학생 공통사항
가
.
☆
중요
☆
모든 장학금은 등록금 내에서 다음 순서에 따라 우선 지급합니다
.
①
교외
(
외부
)
장학금
②
국가장학금
③
교내장학금
나
.
성적 및 취득학점 산정방법
1)
평점평균
(GPA) /
산술평균
(100
점만점
) : F
학점이 포함된 학적부성적 기준 산정
2)
취득학점 산정시
F
학점은
0
학점 취득으로 인정되어 취득학점 산정에서 제외
다
.
온라인으로 반드시 신청해야 하며
1)
장학금간 중복신청은 가능하나
,
신청 장학금 중 수혜금액이 큰 장학금으로 자동선발
2)
중복수혜 가능 장학금
:
국가장학금
,
교외
(
외부
)
장학금
,
근로장학금
(
교내
/
학과근로
),
봉사장학금
–
수업료 범위 내 중복수혜 가능
(
근로장학금
,
봉사장학금은 수업료 초과하여 수혜 가능
,
단 해당 장학금 간 중복수혜 불가
)
마
.
한국장학재단 중복지원
(
이중지원
)
방지사업 안내
1)
한국장학재단 학자금대출금액과 교내
ㆍ
외 장학금을 모두 합하여 수업료를 초과할 경우
,
중복지원학생에 해당
2)
한국장학재단 콜센터와 통화하여
,
중복지원여부를 해소해야 함
. (
다음 학기 국가장학금 및 학자금대출여부에 영향
(
첨부문서 참조
)
장학금명
관련부서
협조사항
국제교류장학금
국제처 국제팀
1.
온라인 신청없음
(
학생문의응대 협조
)
2.
부서 장학생 추천
특기자장학금(축구)
학생처 학생서비스팀
특기자장학금(골프)
스포츠학부
장애학생장학금
장애학생지원센터
교역자자녀장학금
교목실 학원선교팀
1.
학생 온라인신청 및 서류제출
2.
부서 장학생추천
고시합격자장학금
경력개발센터 고시시원실
다. 장학생 추천 기한 : 2020.3.31(화) 까지
7.
장학생 선정결과 발표 및 지급방식
가
. 2020
년
4
월 중순 발표 예정
(u-Saint
등록
/
장학 및 등록금고지서 감면여부 확인 가능
)
※
지급예정일
: 2020
년
5
월 초 개인계좌 지급 예정
※
학자금대출자
(
한국장학재단 및 공무원연금공단
)
의 경우
,
학자금대출계좌로 대학에서 직접 상환
나
.
장학금신청시 계좌입력
:
우리은행 본인명의 개인계좌 입력 필수
.
비전장학금 지급범위 및 장학금액은 한국장학재단 국가장학금 정책 및 본교 사정에 따라 매 학기 변경될 수 있음
.
2020. 2. .
학 생 처 장"
japanese_language,교환학생면접 일정 변경 안내,N/A,2020-02-21,https://japanstu.ssu.ac.kr/%ed%95%99%ea%b3%bc%ec%82%ac%eb%ac%b4%ec%8b%a4%ec%95%8c%eb%a6%bc/%ea%b3%b5%ec%a7%80%ec%82%ac%ed%95%ad/?term_id&slug=2547,"교환학생 면접 일정 변동 안내
​
수강신청 일정 변동으로 인하여 교환학생 면접 일정이 변동되었습니다. 자세한 내용은 아래 공지 확인 부탁드립니다.
​
http://study.ssu.ac.kr/web/study/plaza_a_01?p_p_id=EXT_BBS&p_p_lifecycle=0&p_p_state=normal&p_p_mode=view&_EXT_BBS_struts_action=%2Fext%2Fbbs%2Fview_message&_EXT_BBS_messageId=14735888
​"
japanese_language,[학사] 2020-1학기 기독교학과 신약신학 수업 강의계획서,N/A,2020-02-20,https://japanstu.ssu.ac.kr/%ed%95%99%ea%b3%bc%ec%82%ac%eb%ac%b4%ec%8b%a4%ec%95%8c%eb%a6%bc/%ea%b3%b5%ec%a7%80%ec%82%ac%ed%95%ad/?term_id&slug=1030,"안녕하세요
행정상의 문제로, 유세인트 시간표에 신약신학 강의계획서 업로드가 지연되고 있는 점 양해부탁드립니다.
신약신학 강의계획서를 이곳에 미리 올려두겠습니다.
수강생들은 참고하시면 좋을 것 같습니다.
감사합니다."
japanese_language,[장학] 2020 터키 정부초청 장학생 선발,N/A,2020-02-13,https://japanstu.ssu.ac.kr/%ed%95%99%ea%b3%bc%ec%82%ac%eb%ac%b4%ec%8b%a4%ec%95%8c%eb%a6%bc/%ea%b3%b5%ec%a7%80%ec%82%ac%ed%95%ad/?term_id&slug=1028,"2020 터키 정부초청 장학생 선발을 아래와 같이 안내드리니, 관심있는 학생들은 온라인 사이트 등을 참고하시면 좋을 것 같습니다  ^^
가. 선발과정 및 인원 : 학사 및 대학원(석·박사) 약간 명
나. 장학금 : 학비, 월장학금, 기숙사, 항공권(1회) 등
다. 지원방법 및 기한
1) 지원방법 : 온라인 사이트
(
https://
turkiyeburslari.gov.tr
/en/announcement/turkiye-scholarships-2020-applications-open
)에  직접 지원
2) 지원기한 : 2020.2.20.(목)
라. 지원자격 및 제출서류 등 세부 사항 : 지원 사이트 참조.  끝."
japanese_language,[장학] 2020년도 장학생 (재) 논산시장학회 장학생 선발 공고,N/A,2020-02-13,https://japanstu.ssu.ac.kr/%ed%95%99%ea%b3%bc%ec%82%ac%eb%ac%b4%ec%8b%a4%ec%95%8c%eb%a6%bc/%ea%b3%b5%ec%a7%80%ec%82%ac%ed%95%ad/?term_id&slug=1022,"2020년도 장학생 (재) 논산시장학회 장학생 선발 공고문
학교장 신청추천서 및 개인정보제공수집동의서"
japanese_language,2020 터키 정부초청 장학생 선발 안내,N/A,2020-02-13,https://japanstu.ssu.ac.kr/%ed%95%99%ea%b3%bc%ec%82%ac%eb%ac%b4%ec%8b%a4%ec%95%8c%eb%a6%bc/%ea%b3%b5%ec%a7%80%ec%82%ac%ed%95%ad/?term_id&slug=2542,
japanese_language,2020학년도 1학기 학과근로장학생 선발 시행 안내,N/A,2020-01-23,https://japanstu.ssu.ac.kr/%ed%95%99%ea%b3%bc%ec%82%ac%eb%ac%b4%ec%8b%a4%ec%95%8c%eb%a6%bc/%ea%b3%b5%ec%a7%80%ec%82%ac%ed%95%ad/?term_id&slug=2541,"2020학년도 1학기 학과근로장학생 선발을 다음과 같이 실시함을 안내합니다.
1. 근로장학생 자격 및 선발기준
가. 2020학년도 1학기 국가장학금을
1차
신청하고 소득분위가 8분위 이내인 자
※ 국가장학금을 신청할 수 없는 대한민국 국적 미소지자도 선발 가능
(단, 순수외국인전형으로 입학한 외국인 유학생은 선발 불가)
나. 2020학년도 1학기 재학 및 복학예정자로 해당학기 등록금 납부 예정인 자
1) 2020학년도 1학기 전 등록휴학 후 복학시 선발 불가(등록대체자)
2) 학기 중 미등록, 입학취소, 복학취소 등으로 인한 학적변동시 모든 장학금 취소
3) 2020학년도 1학기 기준 이수학기가 2~7학기만 가능(1학기 및 8학기 신청 불가)
다. 직전학기 취득학점 및 학업성적 제한 없음
라. 타 장학금과 중복수혜 가능(근로장학금 간 중복 불가)
※ 본 장학금은 학업장려비 지원 목적으로 등록금(입학금 및 수업료)를 초과하여 지급
마. 학과별 배정인원 내에서 학과근로A 또는 B 타입 학과 자율선발 가능
(예: 학과근로B 2명 = 학과근로A 1명)
바. 국가근로장학생 및 교내근로장학생에 선발되지 않은 자
2. 학과(부)별 근로장학생 인원 배정: 붙임1 참고
3. 유의사항
가. 선발된 학생은 소속부서에서 지정된 근로시간 동안 근무해야 하며, 학기 중 학적변동
(휴학, 자퇴, 제적 등) 등 불가피한 사유가 인정되는 중도 포기 시 근로한 시간만 장학금 지급
나. 2020년 7월 말 근로평가 전까지 교체 가능 (단, 교체 전 학생의 근로시간을 차감)
※ 근로 중도교체 및 중단 시 장학팀으로 연락 요망
다. 교체 전·후 학생 모두 근로평가 실시
4. 근로시간 및 장학금액
장학금명
시간당
장학금액
총 근로시간(학기)
1인당 장학금액(원)
ttom: 0px; font-family: 바탕; margin-top: 0px; text-align: center; margin-left: 0px”>
학과근로B
8,600원
5시간*20주=100시간
860,000
5. 행정사항
가. 학생신청방법: u-SAINT
포털
→
등록
/
장학
→
근로장학금 신청
→
지원서 출력/제출
나. 온라인신청 및 서류제출기간: 2020년 1월 21일(화) 10:00 ~ 2월 4일(화) 17:00
1) 제출서류: 지원서 (u-SAINT 출력본,
본인서명 필수
)
2) 제출장소: 교내근로(장학팀), 학과근로 (각 학과사무실)
다.
학과(부) 선발 명단 전자결재 송부
:
2020년 2월 13일(목) 12시까지
※ 제출 양식 붙임2파일 참조
※ 기한 미준수 시 해당 학과 선발결과 2.14(금) 발표 불가
라. 교내 및 학과근로장학생 최종선발 및 발표:
2020년 2월 14일(금) 예정"
japanese_language,법과대학]2020학년도 법학전문대학원 합격축하 시상 및 2021학년도 전략설명회 홍보,N/A,2020-01-23,https://japanstu.ssu.ac.kr/%ed%95%99%ea%b3%bc%ec%82%ac%eb%ac%b4%ec%8b%a4%ec%95%8c%eb%a6%bc/%ea%b3%b5%ec%a7%80%ec%82%ac%ed%95%ad/?term_id&slug=2540,"법과대학 국제법무학과에서는  2020학년도 법학전문대학원 합격자 합격축하 시상 및 2021학년도
전략 설명회를 다음과 같이 진행하고자 하오니 홍보에 협조하여 주시기 바랍니다.
가. 행사명 : 2020학년도 법학전문대학원 합격축하 시상 및 2021학년도 전략설명회
나. 행사기간 : 2020.01.29(수) 16:00~19:00
다. 장소 : 숭실대학교 진리관 410호
라. 일정 :
16:00~17:15 시상 및 합격전략 설명
17:30~19:00 저녁식사 (뷔페 포함)
마. 요청사항:
1)법학전문대학원 합격자가 있다면 국제법무학과 사무실로 연락 부탁 드립니다."
japanese_language,[장학] 2020-1학기 기독교학과사무실 근로장학생 모집 안내,N/A,2020-01-20,https://japanstu.ssu.ac.kr/%ed%95%99%ea%b3%bc%ec%82%ac%eb%ac%b4%ec%8b%a4%ec%95%8c%eb%a6%bc/%ea%b3%b5%ec%a7%80%ec%82%ac%ed%95%ad/?term_id&slug=1015,"우리 기독교학과 사무실에서는 기독교학과를 위해 봉사할 책임감 있고 성실한 근로 장학생을 기다립니다.
아래의 공고문을 끝까지 **잘** 읽어보시고, 신청해주시기를 부탁드립니다.
모집인원 및 구분
구분
학과근로 A
학과근로 B
비고
근로시간
주 10시간 * 20주
=200시간 (방학포함)
주 5시간 * 20주
=100시간 (방학포함)
*해당 시간을 반드시 채워야만 장학금 지급 가능.
*학기 중 학적변동(휴학, 자퇴, 제적 등) 등의 (사유가 인정되는) 불가피한 중도포기 발생 시 근로한 시간만큼 계산하여 지급.
금액
8,600원 * 200시간
= 1,720,000원
8,600원 * 100시간
= 860,000원
**지급방식: 매월 셋째주 지급**
선발인원
0 명
0 명
A유형과 B유형 합산 최소 4명~ 최대 8명까지
지원인원 및 필요에 따라
유동적으로 선발 예정.
일 정
가. 신청기간:
2020년 1월 21일(화) 10:00 ~ 2월 4일(화) 17:00
나. 발 표:
– 2020. 2. 14(금) 예정 / 본교 홈페이지 공지사항
– 선발 후 2월 말 경에 근무시간표 편성 및 오리엔테이션 일정 추후 공지 예정 (개인시간표 지참, 학과사무실)
지원방법
가. U-saint 접속 후 장학 탭에서 학과근로 신청.
(U-saint포털 – 등록/장학 – 장학메뉴 ‘근로장학금’ – 학과근로A/B신청 – 지원서 출력 및 제출)
나.
지원서 출력하여 자기소개서(첨부파일 참조, 워드로 작성)와 함께 학과사무실로 제출
지원자격
및 선발 기준
가. 2020학년도 1학기 국가장학금 신청/서류제출을 완료한 자.
1) 1차 신청기간에 완료하여 소득분위가 8분위 이내로 조회된 자에 한함.
2) 국가장학금을 신청할 수 없는 대한민국 국적 미소지자 선발 가능 (단, 외국인유학생 불가)
나. 2020학년도 1학기 재학 및 복학예정자로 해당학기 등록금 납부 예정인 자.
1) 2020학년도 1학기 전 등록휴학 후 복학 시 선발대상에서 제외(등록대체자)
2) 학기 중 미등록, 입학취소, 복학취소 등으로 인한 학적 변동시 모든 장학금 취소.
3) 2020학년도 1학기 기준 2~7학기 재학생만 가능.(1학기 및 8학기 학생 신청불가)
다. 직전학기 이수한 성적 제한 없음.
라. 타 장학금과 중복수혜 가능 (
교내근로
/
학과근로
/
국가근로
/
봉사장학금 간 중복수혜 불가
)
※기 선발된 장학금과 근로장학금을 포함하여 수업료 초과 가능 (2017-2학기부터 변경된 사항)
기타
1)
선발 기준은 성적, 생활태도 및 학과 참여도, 지도교수 상담 내용
등(우선순위 없음, 가나다 순서)을 기초하여
학과장이 결정
.
(타 학과 복수전공자는 본 학과 전공과목 수강현황 반영)
2) 국가근로나 교내근로에 중복 지원한 경우, 선발 결과를 알게 된 즉시 연락 부탁드립니다.
3) 자세한 내용은 기독교학과 사무실로 문의 바랍니다. (02-820-0070)
첨부파일 : 기독교학과 근로장학생 자기소개서 양식"
japanese_language,2020년 일한공동 고등교육 유학생교류사업(학부 1년코스) 모집,N/A,2020-01-20,https://japanstu.ssu.ac.kr/%ed%95%99%ea%b3%bc%ec%82%ac%eb%ac%b4%ec%8b%a4%ec%95%8c%eb%a6%bc/%ea%b3%b5%ec%a7%80%ec%82%ac%ed%95%ad/?term_id&slug=2538,자세한 사항은 첨부파일 참고
japanese_language,졸업확정신고 제도 본격 시행 대비 신고 제출안내,N/A,2020-01-16,https://japanstu.ssu.ac.kr/%ed%95%99%ea%b3%bc%ec%82%ac%eb%ac%b4%ec%8b%a4%ec%95%8c%eb%a6%bc/%ea%b3%b5%ec%a7%80%ec%82%ac%ed%95%ad/?term_id&slug=2537,"졸업확정신고 제도 본격 시행 대비 신고 제출안내
(
학사과정
)
1.
관련 규정
:
숭실대학교 학칙 제
46
조
(
학사과정의 졸업
), 2020.1.22.
대학평의원회 심의
(
학칙 개정 심의 통과 시 바로 시행되므로
2020.2
월 졸업예정자부터 적용대상이 됨
)
2.
제도 개요
:
학생의 해당 학기 졸업 희망
/
비희망 여부를
u-SAINT
시스템으로 접수
3.
배경
/
목적
:
학생의 해당 학기 졸업 희망
/
비희망 의사를 보다 편리하게 표시하여
학생 편의성 및 행정 정확도를 개선
4.
기존 대비 졸업요건 변경 내용 비교
구분
현행
졸업학점 충족
☞
졸업논문
/
시험 미제출
(
유예
)
로
졸업시기 조정
졸업논문
/
시험 성적 통과
변경
졸업학점 충족
☞
u-Saint
졸업 확정 동의 여부로
졸업시기 조정
, 1
개 조건이라도
미달될 경우 졸업 불가능
(
수료
)
졸업논문
/
시험 성적 통과
u-Saint
에서 졸업 확정 동의
5.
신고 제출 기간
: 2020.
01.14.(
화
) 13:00 ~ 01.28(
화
) 13:00
까지
(
제출 시작일은 시스템 개발
,
테스트 완료 일정에 따라 당겨질 수 있음
)
(
학칙 개정 통과 시 바로 적용해야 하므로 개정 적용 전 미리 신고 접수 실시
)
6.
신고 제출 절차
가
. u-SAINT
접속
>
학사관리
>
성적
/
졸업
>
졸업확정신고 메뉴 이동
나
.
졸업생 연락처 업데이트를 위한 개인정보 수집동의 확인 및
연락처 정보 입력
다
.
졸업 희망
자
:
확정
동의 신청
클릭
:
확정
거부 신청
클릭
>
고지내용 확인
>
제출 버튼 클릭
마
.
신고
미제출
=
미정
=
졸업 거부자로 간주
,
졸업
희망자는 반드시 동의
신청 필요
!
7.
유의사항
가
.
졸업
확정 신고는 신청한 학기에만 유효
함
(
졸업할 때 까지 매 학기마다
동의
/
거부를 다시 신청
)
나
.
신고 학기에 다른 요건 미달로 졸업하지 못한 경우
,
졸업할 학기에 다시 신고해야 함
다
.
신고 상태를 변경하려는 경우 위 공지한 신청
,
변경
기간까지만 변경
/
1:1
채팅
<
숭실대 학사팀
~>
http://pf.kakao.com/_MarZC/chat
학사팀 대표전화
02-820-0150
2020. 01.
교 무 처 장
이전글
2020 네덜란드 정부초청 장학생(홀란드, 오렌지튤립) 선발 관련 안내
다음글
2020년 일한공동 고등교육 유학생교류사업(학부 1년코스) 모집"
japanese_language,"2020 네덜란드 정부초청 장학생(홀란드, 오렌지튤립) 선발 관련 안내",N/A,2019-12-31,https://japanstu.ssu.ac.kr/%ed%95%99%ea%b3%bc%ec%82%ac%eb%ac%b4%ec%8b%a4%ec%95%8c%eb%a6%bc/%ea%b3%b5%ec%a7%80%ec%82%ac%ed%95%ad/?term_id&slug=2532,"2020 네덜란드 정부초청 장학생 선발을 아래와 같이 안내하오니,
관심있는 학생들은 많은 지원하시기 바랍니다.
가. 장학금 종류 : 홀란드 장학금, 오렌지튤립 장학금
나. 장학금별 정보
1) 홀란드 장학금
가) 과정 : 학사 및 석사
나) 장학금 : 5,000유로
다) 선발인원 : 약간명
라) 지원 접수처 : 홀란드 장학금에 참여하는 개별대학
마) 접수기한 : 대학별 상이
(2020.2.1. 혹은 2020.5.1.까지)
바) 참고 웹사이트 :  http://bit.ly/1PVAWpK
사) 문의처 : 네덜란드교육진흥원 / info@nesokorea.org / 전화 : 02-735-7673
2) 오렌지튤립 장학금
가) 과정 : 학사, 석사(20개 대학에 한함. 네덜란드교육진흥원 웹사이트 참고)
나) 장학금 : 2,000 ~ 55,000유로(대학별 상이)
다) 선발인원 : 57명
라) 지원 접수처 : 네덜란드교육진흥원 이메일(ots@nesokorea.org)
마) 접수기한 : 2020.4.1 18:00
* 대학에 따라 2020.2.1. 혹은 3.1.인 경우도 있으니 유의하기 바람
바) 참고 웹사이트 :  http://bit.ly/1mn68zV
사) 문의처 : 네덜란드교육진흥원 / ots@nesokorea.org / 전화 : 02-735-7673
※
지원자격 및 지원절차 등 세부사항은 반드시 붙임 파일 숙지 후 지원 요망
붙임  1. 홀란드 장학금 브로슈어 1부.
2. 오렌지튤립 장학금 브로슈어 1부.
3. 2020년도 네덜란드 정부초청 장학생(Holland Scholarship) 선발 안내 1부.
4. 2020년도 네덜란드 정부초청장학생(Orange Tulip Scholarship) 선발 안내 1부.  끝."
japanese_language,교외장학금 신청 홍보,N/A,2019-12-30,https://japanstu.ssu.ac.kr/%ed%95%99%ea%b3%bc%ec%82%ac%eb%ac%b4%ec%8b%a4%ec%95%8c%eb%a6%bc/%ea%b3%b5%ec%a7%80%ec%82%ac%ed%95%ad/?term_id&slug=2531,"1. 홍보내용
가. 2020학년도 한국지도자육성재단 신규 장학생 선발
1)지원자격
가)2020년 3월 기준 재학생이며 2개 학기 이상 이수한 대한민국 국적 보유자
나)교내
·외 활동을 통해 창의적인 사고와 도전정신으로 우수한 성과를 창출한
경험이 있거나 투철한 봉사정신으로 리더십을 발휘한 학생
다)매 학년 24학점 이상 이수(홀수학기 이수자는 12학점 이상), 전체 평점 85이상인 자
※리더십활동 유경험자 및 특별재능 보유자 우대(홈페이지 공지사항 참조)
※총(단과대)학생회장/부회장에게 공지 바랍니다.
2)접수기간: 2020.01.02.(목) 16:30까지 장학팀(학생회관 406호)으로 직접 제출
3)장학금액: 등록금전액+학업장려비(연간 200만원) 최대 4학기 지원
※학업장려비는 등록금 초과하여 수혜 가능
나. 2020-1학기 삼성드림클래스 주중
·주말교실 대학생 멘토 추가선발(경기/인천지역)
1)지원자격: 국내 대학교의 재학생(휴학생 불가, 복학예정자는 가능)
2)활동기간: 2020년 3월 ~ 8월(배정 중학교의 여름방학 전까지)
가)주중교실: 주 2회, 각 2시간[영어(월/목), 수학(화/금) 오후 3시 30분 전후]
나)주말교실: 주 1회, 4시간[영어(토), 수학(일) 오전 9시 또는 오후 1시]
※수업 시간은 배정 학교에 따라 변동될 수 있습니다.
3)장학금액: 시간 당 37,500원(학업장려비로 등록금 초과 수혜 가능)
4)접수기간: 2019.12.24.(화) 오후 2시 ~ 01.01.(수) 오전 10시 마감
다. 2020학년도 재단법인 산학협동재단 장학생 선발
1)지원자격
가)2020-1학기 기준 이공계 또는 경상계 분야를 전공하고 있는 2,3,4학년 재학생
나)직전학기 성적 평균 C학점 이상
다)창업 관련 교내
·외 활동 우수자(창업여부, 대회 수상, 교과목 이수 등 종합적 평가)
2)접수기간: ~ 2020.01.10.(금) 16:30까지 장학팀(학생회관 406호)으로 직접제출
3)장학금액: 등록금 전액(수업료 범위 내)
라. 2020년 1학기 농어촌희망재단 농림축산식품부 장학금 장학생 선발
1)청년창업농육성장학금
가)지원자격
국내 전공무관 3학년 이상 재학생이며 직전학기 12학점 이상, 성적 70점 이상
나)장학금액: 학기 당 등록금 전액+학업장려비 200만원 최대 4학기 지원
※졸업 후 영농 및 농식품분야에서 장학금 수혜기간만큼 취
·창업 의무종사 이행해야 함
2)농업인자녀장학금
가)지원자격
농업인 자녀로 직전학기 12학점 이상 및 성적 80점 이상인 재학생(전공무관)
직전학기 소득분위 기초 ~ 8분위인 자
※소득분위 기초~3분위 해당자는 성적 70점 이상도 신청 가능
나)장학금액: 학기당 50만원 ~ 200만원(등록금 범위 내) 최대 8학기 지원
3)접수기간: 2019.12.19.(목) ~ 2020.01.07.(화) 17:00까지
마. 2020년도 T&C재단 대학생 멘토 모집
1)지원자격: 활동 기간 동안 적극적인 참여가 가능한 대학생
※자세한 사항은 ‘유세인트 로그인
→ 등록/장학 → 장학(공지사항 바로가기)’을 참고하여 주시기 바랍니다."
japanese_language,"[학사] 2020학년도 이후 폐지,신설,개편 교과목 안내",N/A,2019-12-18,https://japanstu.ssu.ac.kr/%ed%95%99%ea%b3%bc%ec%82%ac%eb%ac%b4%ec%8b%a4%ec%95%8c%eb%a6%bc/%ea%b3%b5%ec%a7%80%ec%82%ac%ed%95%ad/?term_id&slug=999,"안녕하세요
2020학년도부터 폐지되거나 신설,개편되는 과목들이 있습니다.
첨부파일로 올려드리니 확인하시고 참고하세요 ^^
폐지 교과목 : 성서학서론(1-1), 기독교봉사와하나님의나라(2-1), 종교개혁과개신교사상(3-2)
신설 교과목 : 영어성경강독(1-1), 인간·신화·종교(2-2), 조직신학(2-2)
변경 교과목 : 변경 교과목과 자세한 사항은 첨부파일 참고해주세요 ^^"
japanese_language,[학사] 2019-2학기 졸업논문(또는 영어 성적표) 제출 안내,N/A,2019-12-16,https://japanstu.ssu.ac.kr/%ed%95%99%ea%b3%bc%ec%82%ac%eb%ac%b4%ec%8b%a4%ec%95%8c%eb%a6%bc/%ea%b3%b5%ec%a7%80%ec%82%ac%ed%95%ad/?term_id&slug=967,"졸업논문 및 논문대체 영어성적표 제출 안내 드립니다.
아래의 공지 참고하셔서 기한 내에 제출해주시기를 부탁드립니다.
1.
졸업논문
(
또는 영어 성적표
)
제출
가. 대상자:
8
학기 이상
재학생 또는 졸업예정자
나. 제출일 및 방법:
-논문: 스프링 제본이 완료된 논문을 12월18(목) 17시까지 학과사무실로 제출 (2권)
-영어성적대체:12월 20(금) 17시까지 성적표 사본 1부를 학과사무실로 제출.
다. 분 량: 표지와 목차를 제외한, 논문규격에 맞춘 A4용지 30장 내외
라. 양 식: 첨부파일 참조
*
논문은 졸업하는 학기에 제출합니다
. 8
학기 이상 이수를 해야하는 학생은 학과사무실에 미리 알려주시기 바랍니다
.
유의사항
가. 수료생 중 졸업예정자 신청을 한 학생도 졸업예정자와 동일하게 졸업논문 절차를 진행하면 됩니다.
나. 논문계획서 제출 완료한 학생의 경우, 논문주제와 제목은 변경이 가능하나 지도교수 확정 후 지도교수와 논의를 통해 진행할 수 있습니다.
다. 제출기한을 반드시 지켜주시기 바랍니다. 제출기한을 지키지 못했을 경우 불이익이 생길 수 있습니다. (접수 불가, 감점 등)
라. 논문은 스프링 제본을 마친 완본을 제출하여야 합니다. (2권 제출)
마.
논문 또는 영어자격시험 성적표 제출 마감 이후의 변경은 절대 불가함을 숙지 바랍니다
.
바. 논문작성 시 반드시 규격을 준수하고 모르는 부분은 학과사무실(820-0070)에 문의하시기 바랍니다."
japanese_language,2019학년도 국가우수장학금(인문100년) 일시지원 유형 장학생 선발 안내,N/A,2019-12-03,https://japanstu.ssu.ac.kr/%ed%95%99%ea%b3%bc%ec%82%ac%eb%ac%b4%ec%8b%a4%ec%95%8c%eb%a6%bc/%ea%b3%b5%ec%a7%80%ec%82%ac%ed%95%ad/?term_id&slug=2529,"2019
학년도 한국장학재단 국가우수장학금
(인문100년
) 일시지원 유
형 장학생 선발 내용을 안내하니
해당 대학 및 관련 학과
(
부
)
에서는 소속 학생들이 지원할 수 있도록 안내하여
주시기 바랍니다
.
1.
장학금명
:
국가우수장학금
(인문100년) 일시지원
2.
장학금액
:
선발 해당학기 등록금 전액 지원
3. 신청기간:
2019.11.28(목)~
2019.12.06(금) 17:00
4
. 신청방법:
접수
기간 내 지원서(붙임1) 작성하여 장학팀으로 제출
5.
지원자격
1)
2019학년도 2학기 인문사회계열 학과(부)에 재학 중인 3~4학년 (※계약학과 제외)
2)
2019
학년도 1,
2
학기 연속으로 재학 중인 자
3) 2019학년도 2학기 이수학기 5학기~7학기 인 자
4)
직전학기 15학점 이상을 취득한 자
5) 직전학기 F학점 포함
학적부 성적 기준 pan>
7) 2019학년도 2학기 기 수혜장학금이 반액 이하인 자
6. 자세한 사항은 공지사항을 참고하여주시기 바랍니다.
붙 임: 2019학년도 인문100년 장학금 일시지원 유형 지원서 1부.  끝."
japanese_language,백마성적우수장학생 선발기준 안내 및 공지,N/A,2019-11-21,https://japanstu.ssu.ac.kr/%ed%95%99%ea%b3%bc%ec%82%ac%eb%ac%b4%ec%8b%a4%ec%95%8c%eb%a6%bc/%ea%b3%b5%ec%a7%80%ec%82%ac%ed%95%ad/?term_id&slug=2528,"1.  백마성적우수장학생 기본 자격요건
가. 장학금 수혜학기에 국가장학금을 신청하여 소득분위 조회가 가능한 자
※ 국가장학금을 신청할 수 없는 대한민국 국적 미소지자도 선발 가능하나, 순수외국인 전형으로 입학한 외국인유학생은 선발 불가
나. 장학금 수혜학기에 재학 및 복학예정자로 해당학기 등록금 납부 예정인 자
※ 등록휴학 후 복학시 선발대상에서 제외(등록대체자)
※ 미등록, 입학취소, 복학취소 등으로 인한 학적변동시 모든 장학금 취소
※ 단, 선발 후 학기중 휴학 시 백마성적우수장학금은 복학학기로 이월되며, 복학학기에 국가장학금 신청 필수
다. 직전학기 15학점 이상 이수한 자 (졸업 직전학기는 직전학기 12학점 이상)
라. 등록학기가 8학기 이내인 자 (건축학전공: 등록 10학기 이내인 자)
마. F학점 포함 학적부성적 기준 직전학기 3.5 이상인 자
바. 모든 교내장학금 간 중복수혜 불가
사. 학과 내규 규정에 충족되어야함"
japanese_language,2020-1 학석사연계과정 신청 및 선발 안내,N/A,2019-11-18,https://japanstu.ssu.ac.kr/%ed%95%99%ea%b3%bc%ec%82%ac%eb%ac%b4%ec%8b%a4%ec%95%8c%eb%a6%bc/%ea%b3%b5%ec%a7%80%ec%82%ac%ed%95%ad/?term_id&slug=2526,"2020
학년도
1
학기 학
·
석사연계과정 지원 및 선발 안내
1. ‘
학
·
석사연계과정
’
이란
?
:
학사과정의 교육과정과 대학원 교육과정을 상호 연계하여 운영하는 과정으로 학사과정
3.5
년 또는
4
년
(
건축학부 건축학전공은
4.5
년 또는
5
년
),
석사과정
1.5
년에 학사학위 및 석사학위를 취득하는 과정
2.
모집학과
:
학사과정과 석사과정에 동일
(
또는 유사
)
학과가 있는 학과
(
계약학과 제외
)
3.
모집인원
:
석사과정 입학정원의
20%
내에서 모집
4
학기 이상
6
학기 이내 재학 중인 자
(
건축학부 건축학전공은
6
학기 내지
8
학기 재학 중인 자
)
=> 5
학기 내지
7
학기 개시 전
(
건축학부 건축학전공은
7
학기 내지
9
학기 개시 전
)
인 학생만 지원 가능
(
학
·
석사연계과정 신청자는 조기졸업과 동시에 신청할 수 없음
)
나
.
재수강 이전 과목
,
학점 포기한 과목
, F
학점 과목 등을 포함한 전체 과목의 총평점평균이
3.0/4.5
이상인 자
다
. 7
학기 또는
8
학기
(
건축학부 건축학전공은
9
학기 또는
10
지원하고자 하는 일반대학원의 동일
(
또는 유사
)
학과를 주전공 또는 복수전공하는 자
(
부전공
,
연계전공은 해당없음
)
5.
지원기간
:
2019
년
12
월
9
일
(
월
) ~ 2019
년
12
월
27
일
(
금
) 10:00 ~ 17:00
6.
지원방법
:
제출서류를 구비하여 대학원 교학팀
(
웨스트민스터홀
658
호
)
으로 방문 접수
7.
제출서류
:
학
·
석사연계과정신청서
부
8.
합격자 발표
:
2020
년
1
월
24
일
(
금
)
예정
9.
합격자 혜택
가
.
학위취득기간 단축
나
.
석사과정 입학금
,
입학시험 면제
다
.
학사과정 중 일반대학원 과목 수강신청 시 학기당
3
학점 추가로 수강신청 가능
라
.
학사과정 중 취득한
(
학사과정 졸업학점 초과 이수
)
동일
(
또는 유사
)
학과의 일반대학원 과목
3
학점
~9
학점까지 석사과정 학점으로 인정됨
(
신청 시
)
(
포기신청서 제출
)
나
.
학사과정
8
학기 이수 후 재수강 이전 과목
,
학점포기한 과목
, F
학점 과목 등을 포함한 전체 과목의 총평점평균이
3.0/4.5
미만인 경우
다
.
학사과정을
8
학기에 모두 이수하지 못한 경우
라
.
학사과정 중 졸업학점을 초과하여 일반대학원 과목을
3
학점 이상 취득하지 못한 경우
마
.
석사과정 첫 학기에 일반대학원 입학 등록을 하지 않은 경우
바
.
석사과정을
3
학기에 모두 이수하지 못한 경우
사
.
석사과정
3
학기 이수 후 총평점평균이
4.0/4.5
미만인 경우
11.
유의사항
가
.
학사과정 중 학
·
석사연계과정 중도포기 시 학사과정 정규 수업연한 적용
나
.
석사과정 중 학
·
석사연계과정 중도포기 시
4
석사과정 첫 학기에 일반대학원 입학 등록을 하지 않은 경우 학사학위가 취소됨
12.
문의처
:
대학원 교학팀
(02-820-0258~9,
grad@ssu.ac.kr
)
2019. 11
대학원장"
japanese_language,2020학년도 1학기 재학생 및 복학예정자 대상 교내장학금 신청,N/A,2019-11-14,https://japanstu.ssu.ac.kr/%ed%95%99%ea%b3%bc%ec%82%ac%eb%ac%b4%ec%8b%a4%ec%95%8c%eb%a6%bc/%ea%b3%b5%ec%a7%80%ec%82%ac%ed%95%ad/?term_id&slug=2524,"2020
학년도
1
학기 재학생 및 복학예정자 대상 교내장학금 신청공고
※
본교에서 지급되는 모든 교내장학금은아래 국가장학금 신청기간 내 국가장학금을 신청하고 서류제출을 완료하여 소득분위가 조회된 학생을 대상으로만 수혜자를 선정합니다
.
따라서
,
교내장학금을 수혜하려는 모든 학생은 반드시 교내장학금과 국가장학금을 동시에 신청하시기 바랍니다
.
–
국가장학금 신청결과 제공되는 학생의 소득분위정보를 장학생선발에 활용
–
국가장학금은 반드시 매학기 신청
(
서류제출 및 가구원동의 포함
)
하여야 함
.
1.
국가장학금 신청기간
:2019
년
11
월
19
일
(
화
) 9:00 ~ 12
월
17
일
(
공인인증 로그인 후 신청
※
☆
중요
☆
재학생은 국가장학금
1
차 신청기간에만 신청 가능
2.
교내장학금 온라인신청기간
가
.
온라인신청기간
1)
정규신청
: 2019
년
11
월
25
일
(
월
) 10:00 ~ 12
월
20
일
(
금
) 17:00
까지
(4
주간
)
2)
13
일
(
월
) 10:00 ~ 2020
년
1
월
23
일
(
목
) 17:00
까지
(2
주간
,
예정
)
※
주말
(
공휴일 포함
) 24
시간 신청 가능
(
단
,
마감일 제외
)
※
추가신청자는 반드시 국가장학금
1
차 신청기간에 국가장학금을 미리 신청하여야 함
.
※
u-SAINT
입력 후 장학금 신청내역을 조회하여 장학금 신청이 정상적으로 완료되었는지 꼭 확인
.
나
.
서류제출이 필요한 장학금의 경우
,
교내장학금 온라인신청기간 내 반드시 제출
※
방문 및 등기우편제출 가능
(FAX
형제장학금의 경우
,
등록기간 종료시까지 서류제출 인정
다
.
근로장학금
(
교내근로
/
학과근로
)
신청
: 2020
년
1
월 초 공지 예정
3.
신청대상
: 2020
학년도
1
학기 재학생 및 복학예정자
4.
교내장학생 자격요건
가
. 2020
학년도
1
학기 국가장학금을 신청하고 서류제출
(
가구원동의 포함
)
을 완료한 자
나
. 2020
학년도
1
학기 재학생 및 복학예정자로 해당학기 등록금 납부 예정인 자
1) 2020
학년도
1
학기 전 등록휴학 후 복학생은 모든 장학금 선발에서 제외
(
등록대체
다
.
직전학기
15
학점 이상 이수한 자
(2020
학년도
1
학기가
4
학년
8
학기인 자는 직전학기
12
학점 이상
)
※
건축학과 건축학전공
: 10
학기인 자는 직전학기
12
학점 이상 이수
(1
∼
9
학기는
15
학점 이상
)
라
.
등록
8
학기 이내인 자
(
건축학과 건축학전공
:
등록
10
학기 이내인 자
)
예
1)
학기취소
1
회 후
8
학기 진학예정인 경우
: 9
회 등록금 납부이므로 선발 불가
5.
교내장학생 공통사항
가
.
☆
중요
☆
모든 장학금은 등록금 내에서 다음 순서에 따라 우선 지급합니다
.
①
교외
(
외부
)
장학금
②
국가장학금
③
교내장학금
나
.
성적 및 취득학점 산정방법
1)
평점평균
(GPA) /
산술평균
(100
점만점
) : F
학점이 포함된 학적부성적 기준 산정
2)
취득학점 산정시
F
학점은
0
학점 취득으로 인정되어 취득학점 산정에서 제외
다
.
온라인으로 반드시 신청해야 하며
,
제출서류가 있는 장학금에 한하여 서류제출
※
제출기간 내 미제출시 장학생 선발대상에서 제외
라
2)
중복수혜 가능 장학금
:
국가장학금
,
교외
(
외부
)
장학금
,
근로장학금
(
교내
/
학과근로
),
봉사장학금
–
수업료범위 내 중복수혜 가능
(
근로장학금
,
봉사장학금 간 중복수혜 불가
)
마
.
한국장학재단 중복지원방지사업 안내
1)
한국장학재단 학자금대출금액과 교내
/
외 장학금을 모두 합하여 수업료를 초과할 경우
,
중복지원학생에 해당
2)
한국장학재단 콜센터와 통화하여
,
이중지원여부를 해소해야 함
. (
다음 학기 국가장학금 및
학자금대출여부에 영향
)
6.
서류제출장소
:
장학금 선발자격 및 제출서류 안내
(
첨부문서 참조
년
2
월 중순 발표 예정
(u-Saint
등록
/
장학 및 등록금고지서 감면여부 확인가능
)
나
.
장학금신청시 계좌입력
:
우리은행 본인명의 개인계좌 입력 필수
다
.
등록금 분할납부를 신청한 학생의 경우
.
선발된 장학금 중 사전감면을 제외한 계좌지급 장학금은
분할납부 최종등록 확인 후 지급
학 생 처 장"
japanese_language,2019-겨울학기 국내대학 학점교류 시행 안내,N/A,2019-11-04,https://japanstu.ssu.ac.kr/%ed%95%99%ea%b3%bc%ec%82%ac%eb%ac%b4%ec%8b%a4%ec%95%8c%eb%a6%bc/%ea%b3%b5%ec%a7%80%ec%82%ac%ed%95%ad/?term_id&slug=2518,
japanese_language,[교직팀]학습법 특강 홍보 요청,N/A,2019-11-04,https://japanstu.ssu.ac.kr/%ed%95%99%ea%b3%bc%ec%82%ac%eb%ac%b4%ec%8b%a4%ec%95%8c%eb%a6%bc/%ea%b3%b5%ec%a7%80%ec%82%ac%ed%95%ad/?term_id&slug=2514,
japanese_language,대학혁신지원사업 학생 참여형 프로그램 안내,N/A,2019-10-23,https://japanstu.ssu.ac.kr/%ed%95%99%ea%b3%bc%ec%82%ac%eb%ac%b4%ec%8b%a4%ec%95%8c%eb%a6%bc/%ea%b3%b5%ec%a7%80%ec%82%ac%ed%95%ad/?term_id&slug=2513,"학생 참여형 프로그램을 다음과 같이 진행하고 있으니
, 소속 단과대학 및 학과(부)
학생들이 참여할 수 있도록 안내 요청 드립니다
.
1.
공모분야
구분
내용
비고
학과 및 융합전공 소개 동영상 공모
·
복수
·
부 전공 학생 및 타학과
(
입학 예정자 포함
)
학생들을 위한 영상 공모
–
교과과정
,
비교과 활동
,
동아리
,
교수 활동 등의 내용으로 구성
· 3~5
분 이내
· 30
여명 선정
PPT
템플릿 공모전
·
본교를 대표할 수 있는 템플릿을 공모하여
,
학내 구성원에게 배포
· 6
장 페이지
구성
· 30
여명 선정
· YOUTUBE
및 펀시스템 프로그램용 썸네일 공모
· 3
개 제출
· 30
여명 선정
두드림 학기
·
창의적이고
,
도전적인 과제를 선정하여 이수
(
두드림
Ⅰ
,
두드림
Ⅱ
)
·
활동지원금 지급
(170
만원
, 340
만원 이내
)
· 20
여명 선정
DIY
자기설계융합전공
·
학생 스스로 교육과정을 구성하여 융합전공 제안하여 이수
(
졸업 학위증에 표기
)
2.
공모일정
: 10.21(
월
) ~ 11.22(
금
)
3.
참여방법
:
펀시스템
(
http://fun.ssu.ac.kr
)
해당 프로그램에 신청
.
4.
문의
:
교육과정혁신센터
(02-828-7435~40),
끝
."
japanese_language,2019-2학기 본교 외국인 학부생 대상 튜터링 프로그램 안내,N/A,2019-10-01,https://japanstu.ssu.ac.kr/%ed%95%99%ea%b3%bc%ec%82%ac%eb%ac%b4%ec%8b%a4%ec%95%8c%eb%a6%bc/%ea%b3%b5%ec%a7%80%ec%82%ac%ed%95%ad/?term_id&slug=2510,"교수학습혁신센터에서 본교 외국인 학부생의 학습역량 강화 및 학교생활 적응 등을 위한 튜터링 프로그램을
다음과 같이 운영합니다.
1. 개요: 외국인 유학생 튜터링은 학생들이 학습 팀을 구성(최소 4명~최대 7명)하여 튜터가 튜티에게 다음 주제의 학습내용을 가르쳐 주는 프로그램입니다.
번호
학습내용
1
특정 교과목
2
한국어, 한국문화, 한국역사 등 한국사회의 이해를 목적으로 하는 주제
2. 활동 내용
가. 튜터와 튜티들이 주 1~2회 만나서 위 학습내용을 함께 공부함
나. 튜터와 튜티가 1:1로 만나 튜터링 학습, 학교 적응, 진로 관련 상담을 진행함
3. 프로그램 운영 기간: ~2019.12.20.
4. 참가신청 기간:
~2019.10.9.
5. 참가신청 방법: 신청 희망자가 첨부된 15명의 튜터 정보를 살펴본 후 원하는 튜터 1명을 선택하여 이메일(
yoojin@ssu.ac.kr
)로 신청함(
세부내용 붙임 ‘안내글’ 참조
)
6. 튜터 정보: 붙임 문서 참조
7. 문의처: 교수학습혁신팀 정유진 팀원(02-828-7135 /
yoojin@ssu.ac.kr
)
※ 참고
(
https://citl.ssu.ac.kr/ko/community/notice/view/1023
)
※ 비고: 본교 외국인 유학생, 그리고 직전학기 본 프로그램 참여학생 중 약 90%가 중국인입니다. 다양한 국적의 외국인 유학생의 모국어를 모두 고려하지 못한 채 프로그램 참가 안내글과 튜터 정보를 한글과 중국어로만 제공하는 점 양해 부탁드립니다. 모집 대상(학습 권장 대상)으로 명기한 외국인 학부생이 중국인만을 지칭하지는 않습니다.
붙임 1. 프로그램 참가 안내글(한글 및 중문 병기) 1부.
2. 튜터 정보(한글 및 중문 병기) 1부. 끝."
japanese_language,2019-2학기학생예비군 1차 보충훈련 일자 및 유고결석 신청 방법안내,N/A,2019-09-30,https://japanstu.ssu.ac.kr/%ed%95%99%ea%b3%bc%ec%82%ac%eb%ac%b4%ec%8b%a4%ec%95%8c%eb%a6%bc/%ea%b3%b5%ec%a7%80%ec%82%ac%ed%95%ad/?term_id&slug=2508,"안녕하세요, 일어일문학과 사무실입니다.
2019-2학기 학생 예비군 기본교육 1차 보충훈련 일자 및 유고결석 신청방법을
안내 하오니 확인하여 주시기 바랍니다."
japanese_language,2019학년도 2학기 교직과정 이수 신청 안내,N/A,2019-09-27,https://japanstu.ssu.ac.kr/%ed%95%99%ea%b3%bc%ec%82%ac%eb%ac%b4%ec%8b%a4%ec%95%8c%eb%a6%bc/%ea%b3%b5%ec%a7%80%ec%82%ac%ed%95%ad/?term_id&slug=2505,"2019학년도 2학기 교직과정 이수 신청을 다음과 같이 실시합니다.
1.
신청 대상
:
교직 설치학과
(
부
)
소속
2019-2
학기 기준
2
학년
(3
학기 혹은
4
학기
)
재학생 및 휴학생
19-2
학기 기준 학적
신청가능 여부
2
학년
1
학기
(3
학기
)
재학
신청 가능
2
학년
1
학기
(3
학기
)
이수 후 휴학
2
학년
2
학기
(4
학기
2
학년
2
학기
(4
학기
)
이수 후 휴학
신청 불가
※
4
학기 이수 후 휴학 중인 학생은 불가능
2.
신청 기간
:
2019.10.1.(
화
) 10:00 ~ 12.20.(
금
) 17:00
3.
신청 방법
가
. U-SAINT
→
학사관리
→
교직
/
평생교육
→
교직이수신청 메뉴에서 지원서 작성 및 신청
나
.
교직 인
·
적성검사 응시 필수
(
미응시 및
70
점 미만자는
선발 대상에서 제외
)
※
첨부 교직이수 신청 방법 참조
4.
기타
가
.
교직 이수자 선발기준 및 과정전반에 관한 사항은 첨부 교직과정 안내문 참고
나
.
선발 결과 공고 예정일
: 2020
년
2
월 중
(
추후 공지
)
부
)
사무실 또는 교직팀
(820-0153, 828-7404)
※
교직 설치 학과
(
부
)
별 선발 인원
대 학
학과
(
부
)
전공
표시과목
선발 인원
인문대학
국어국문학과
국어
3
영어영문학과
영어
7
독어독문학과
독일어
3
불어불문학과
프랑스어
3
중어중문학과
중국어
2
일어일문학과
일본어
3
철학과
3
사학과
역사
3
자연과학대학
수학과
수학
3
물리학과
물리
4
화학과
화학
4
경제통상대학
경제학과
일반사회
7
글로벌통상학과
상업
7
경영대학
경영학부
상업
11
회계학과
상업
4
화학공학과
화공
8
전기공학부
전기
9
IT
대학
컴퓨터학부
정보
·
컴퓨터
7
전자정보공학부
전자공학전공
전자
7
통신
전자정보공학
IT
융합전공
전자
7
통신
계
105
붙임
1.
교직과정 안내문
1
부
2.
교직신청방법 안내문
1
부"
japanese_language,2019-2 한나장학생 모집 공고,N/A,2019-09-17,https://japanstu.ssu.ac.kr/%ed%95%99%ea%b3%bc%ec%82%ac%eb%ac%b4%ec%8b%a4%ec%95%8c%eb%a6%bc/%ea%b3%b5%ec%a7%80%ec%82%ac%ed%95%ad/?term_id&slug=2500,
japanese_language,2019-2학기 교재판매 안내,N/A,2019-08-30,https://japanstu.ssu.ac.kr/%ed%95%99%ea%b3%bc%ec%82%ac%eb%ac%b4%ec%8b%a4%ec%95%8c%eb%a6%bc/%ea%b3%b5%ec%a7%80%ec%82%ac%ed%95%ad/?term_id&slug=2499,"2019학년 2학기 일어일문학과 교재 구입은 다음과 같이 진행될 예정입니다.
– 일어일문학과 전공 관련 교재는 학교 서점에서만 구매 가능합니다. (학과사무실에서는 판매하지 않음)
– 예외로 ""일본어번역연습"" 강의 교재는 학과 사무실에서 판매 예정입니다. (1권 16,000원)
교재 구입에 참고 바랍니다."
japanese_language,2019학년도 2학기 7+1 프로그램 장기해외봉사 참가자 모집,N/A,2019-05-07,https://japanstu.ssu.ac.kr/%ed%95%99%ea%b3%bc%ec%82%ac%eb%ac%b4%ec%8b%a4%ec%95%8c%eb%a6%bc/%ea%b3%b5%ec%a7%80%ec%82%ac%ed%95%ad/?term_id&slug=2495,"2019-2
학기
7+1
프로그램 장기해외봉사자 모집
2019
학년도
2
학기
7+1
프로그램 장기해외봉사 참가자를 다음과 같이 모집하오니 많은 지원 바랍니다
.
★
7+1
장기해외봉사 설명회
: 5
월
9
일
(
목
) 18
시 미래관
205
호
★
파견지역
상세내용
캄보디아
프놈펜
(PhnomPenh)
1)
파견기관
:
유치원
~
고등학생
3)
활동내용
–
호산나학교 학생 대상 영어
,
한국어
,
예체능 교육
–
호산나학교 내 앙상블 및 합창단 지도
4)
사전교육
: 2019. 6. ~
파견전
(
국내사전교육
1
개월 이상 필수
,
계절제 수강불가
)
5)
파견기간
:
2019. 8. ~ 2020. 2.(
기간 중
16
주
)
※
악기 연주 가능자 우대
라오스
우돔싸이
(Oudomxay)
2)
교육대상
:
초등학생
~
고등학생
3)
활동내용
–
프언밋학교 내 학생 대상 태권도
,
예체능
(
음악
,
미술
,
합창 등
)
교육
4)
사전교육
: 2019. 6. ~
파견전
(
국내사전교육
1
개월 이상 필수
,
계절제 수강불가
)
5)
파견기간
:
2019. 8. ~ 2020. 2.(
기간 중
16
주
)
※
태권도 가능자 우대
1)
파견기관
:
임마누엘초등학교
,
발리신학중고등학교
2)
교육대상
:
유치원
~
고등학생
–
임마누엘 초등학교 학생 대상 한국어교육
,
예체능 교육
–
해피캠퍼스 수강생 대상 한국어교육
–
발리신학중고등학교 학생 대상 한국어교육
4)
사전교육
: 2019. 6. ~
파견전
(
국내사전교육
1
개월 이상 필수
,
계절제 수강불가
)
5)
파견기간
:
2019. 8. ~ 2020. 2.(
기간 중
16
주
)
※
피아노 연주 가능자 우대
(Osh)
1)
파견기관
:
오쉬기술대학교 세종학당
2)
교육대상
:
중
3)
활동내용
–
오쉬기술대학교
,
세종학당 학생 대상 한국어
,
컴퓨터
,
태권도 교육
4)
사전교육
: 2019. 6. ~
파견전
(
국내사전교육
1
개월 이상 필수
,
계절제 수강불가
)
5)
파견기간
:
2019. 8. ~ 2020. 2.(
기간 중
16
주
)
※
태권도 가능자
.
학점인정
:
일반선택
18
학점 이내
(18
학점 중 전공선택
6
학점 이내
)
※
소속학과 담당교수와 면담 후 봉사활동의 내용에 따라 일반선택
18
학점 중 전공선택
6
학점 이내로 인정
(
학과별로 전공선택 인정범위가 다를 수 있으므로
,
신청서 접수 전에 반드시 학과장과 면담하여 신청서에 학과장 서명 확인
)
나
.
선발봉사자 지원내용
:
왕복항공료
,
여행자보험
,
장기체류비자
,
현지체재비 및 사전교육비 및
준비비
,
예방접종비
,
국내교통비에 해당되는 내용 지원
라
.
사전교육
(4
주 필수
)
지원
:
봉사활동에 필요한 분야의 사전교육
)
5.
선발 및 파견 일정
가
.
서류접수 기간
:
2019
년
5
월
6
일
(
월
) ~ 5
월
15
일
(
수
) 09:00~17:00
까지
※
제출장소
:
미래관
106
호 사회공헌센터
(
온라인 제출은 없음
)
나
.
서류심사 발표
: 2019
년
5
월
17
일
(
금
.
면접
: 2019
년
5
월
20(
화
)~21
일
(
수
)
예정
라
.
최종 선발자 발표
: 2019
년
5
월
23
일
(
금
)
예정
마
.
선발자 전체 오리엔테이션
: 2019
년
5
월
30
일
(
목
)
예정
바
.
사전교육
: 2019
년
6
월
~ 7
월
※
계절학기 수강 불가
6.
문의
: 02-820-0803
사회공헌센터
/
미래관
106
호
이전글
한나 장학생 모집 공고 (11.06까지)
다음글
2019-2학기 교재판매 안내"
japanese_language,한나 장학생 모집 공고 (11.06까지),N/A,2018-10-29,https://japanstu.ssu.ac.kr/%ed%95%99%ea%b3%bc%ec%82%ac%eb%ac%b4%ec%8b%a4%ec%95%8c%eb%a6%bc/%ea%b3%b5%ec%a7%80%ec%82%ac%ed%95%ad/?term_id&slug=2493,"한나장학생 모집
한나장학금은 우리 학과 겸임교수를 역임하신 김정희교수님께서 출연해 주신 기금으로 운영하는 일어일문과 내부 장학금으로
,
학자금 조달에 어려움을 겪고 있는 학우를 위한 장학금입니다
.
1.
대 상
:
일어일문과
1
학년
(2018
학번
)
2.
모집인원
: 2
명
3.
구비서류
:
자기소개서
,
건강보험료 납입증명서
,
주민등록등본
1
부
4.
신청기한
: 11
월
6
일
(
화
) 15:00
시까지 학과사무실 제출
5.
장학금액
: 1,000,000
원
(1
인당
)
6.
지급시기
:
학기 중
dding-alt: 0pt 0pt 0pt 0pt”>
–
한나장학금 운영위원회
–"
japanese_language,2018학년도 2학기 대학원 외국어 및 종합시험 실시 안내,N/A,2018-06-20,https://japanstu.ssu.ac.kr/%ed%95%99%ea%b3%bc%ec%82%ac%eb%ac%b4%ec%8b%a4%ec%95%8c%eb%a6%bc/%ea%b3%b5%ec%a7%80%ec%82%ac%ed%95%ad/?term_id&slug=2492,"1. 신청기간: 2018.08.07.(화) 10:00 ~ 08.09.(목) 16:00 (추가신청 없음)
2. 신청방법: u-SAINT 로그인 → 성적/졸업 → 외국어 및 종합시험 신청
3. 응시자격
가. 외국어시험
1) 석사 및 박사과정: 2학기 이상 등록을 필한 재학생 및 수료생
2) 석·박사통합과정: 6학기 이상 등록을 필한 재학생 및 수료생
나. 종합시험
1) 석사과정: 18학점 이상 취득하고 3학기 이상 등록을 필한 재학생 및 수료생
2) 박사과정: 27학점 이상 취득하고 3학기 이상 등록을 필한 재학생 및 수료생
3) 석·박사통합과정: 45학점 이상 취득하고 6학기 이상 등록을 필한 재학생 및
수료생
&itial; text-decoration-color: initial”>
가. 외국어시험: 2018.09.07.(금) 09:30~
나. 종합시험: 2018.09.08.(토) 09:30~
5. 실시방법
가. 외국어시험: 대학원 주관 시행
1) 영어시험 교재명: Bernard Seal. ""Academic Encounters"" (Human Behavior 4).
Cambridge.2013(2nd Edition)
2) 영어시험 시험범위: 위 교재 전체
나. 종합시험: 각 학과 주관 시행
6. 응시료 납부
가. 납부기간: 2018.08.16.(목) ~ 08.17.(금) 10:00~16:00 (추가납부 없음)
나. 과목당 응시료: 석사과정 20,000원 / 박사과정 및 석·박사통합과정 30,000원
다. 납부방법: u-SAINT에서 고지서 출력 후 개인별 가상계좌 입금
&nriant-ligatures: normal; font-variant-caps: normal; -webkit-text-stroke-width: 0px; text-decoration-style: initial; text-decoration-color: initial”>
7. 외국어시험 대체성적 제출
가. 제출기간: 2018.08.01.(수) ~ 08.31.(금)
나. 제출방법: 희망자가 개별적으로 대학원 교학팀에 제출
※ 대체성적 기준: 대학원 홈페이지 참조 (학사안내 → 외국어/종합시험)
8. 종합시험 각 학과 실시 결과보고서 제출: 2018.09.13.(목) 까지
9. 외국어 및 종합시험 합격자 발표: 2018.09.19.(수) 예정
10. 유의사항
가. 외국어 및 종합시험 모두 휴학생은 지원 불가하며, 시험에 응시하였으나 결과
발표일 이전에 휴학한 경우 평가대상에서 제외됨.
나. 시험종료 30분 이전에 퇴실할 경우 결시처리됨.
다.
석·박사통합과정생의 경우 석사과정 중 합격한 자격시험은 인정하지 않음.
제출은 가능하나 한국어능력시험(TOPIK) 4급 이상 성적을 제출하지 않으면
학위취득이 불가함.
마. 시험 신청만 하고 응시료를 납부하지 않은 경우 시험 신청이 자동 취소됨.
바. 응시료 납부기간 이후 환불신청 불가함.
사. 기타 시험관련 유의사항은 시험 신청자에게 별도 공지 예정임."
japanese_language,2018학년도 2학기 학석사연계과정 지원 및 선발 안내,N/A,2018-05-23,https://japanstu.ssu.ac.kr/%ed%95%99%ea%b3%bc%ec%82%ac%eb%ac%b4%ec%8b%a4%ec%95%8c%eb%a6%bc/%ea%b3%b5%ec%a7%80%ec%82%ac%ed%95%ad/?term_id&slug=2488,"1. 지원기간 :
2018년 06월 11일(월) ∼ 2018년 06월 29일(금) 10:00 ∼ 17:00
2. 모집학과 : 학사과정과 석사과정에 동일(또는 유사)학과가 있는 학과(계약학과 제외)
3. 지원자격 :
다음 각호 모두에 해당되는 자
가) 지원일 당시 학사과정 4학기 또는 5학기(건축학부 건축학전공은 6학기 또는 7학기) 를 이수한 자
=> 5학기 또는 6학기 개시 전(건축학부 건축학전공은 7학기 또는 8학기 개시 전)인 학생만 지원 가능 (
학
·
석
사연계과정 신청자는 조기졸업 신청을 할 수 없음
)
나) 재수강 이전 과목, 학점포기한 과목, F학점 과목 등을 포함한 전체 과목의 총평점평 균이 3.3/4.5 이상인 자
다) 7학기(건축학부 건축학전공은 9학기)에 학사과정의 졸업요건을 충족할 수 있는 자
라) 지원하고자 하는 일반대학원 학과 주임교수와 지도교수의 추천을 받은 자
마) 지원하고자 하는 일반대학원의 동일(또는 유사)학과를 주전공 또는 복수전공하는 자 (부전공, 연계전공은 해당없음)
4. 제출서류 :
학·석사연계과정신청서 1부
5. 지원방법: 제출서류를 구비하여 대학원 교학팀(웨스트민스터홀 658호)로 방문접수
6. 선발인원: 석사과정 입학정원의 20%
8. 문의처 : 대학원 교학팀(02-820-0258∼9, grad@ssu.ac.kr)
붙   임 1. 2018-2 학·석사연계과정 신청 및 선발 안내 1부.
2. 학·석사연계과정신청서 1부.
3. 학·석사연계과정포기신청서 1부.  끝."
japanese_language,2018학년도 2학기 석박사통합과정 지원 및 선발 안내,N/A,2018-05-23,https://japanstu.ssu.ac.kr/%ed%95%99%ea%b3%bc%ec%82%ac%eb%ac%b4%ec%8b%a4%ec%95%8c%eb%a6%bc/%ea%b3%b5%ec%a7%80%ec%82%ac%ed%95%ad/?term_id&slug=2486,"1. 지원기간: 2018. 06. 4(월) 10:00 ∼ 06. 20(수) 17:00
2. 지원자격
가. 일반대학원 석사학위과정 2학기 또는 3학기 재학생(복학예정자 포함)
나.
학업전념학생(2015학년도 2학기 입학자부터 적용)
다. 18학점 이상을 취득 또는 취득예정인 학생
라. 석사과정 전공분야와 통합과정 지원 전공분야가 동일한 자
마. 지도교수의 추천을 받은 자
3. 제출서류
가. 공통 : 석 박사통합과정 지원서 1부(붙임1 양식)
나.
2015년 2학기 이후 입학자 : 4대 사회보험 가입내역 확인서 1부
※ 4대 사회보험 정보연계센터(
www.4insure.or.kr
) 공인인증서 로그인 → [증명서발급] → 4대 사회보험 가입내역 확인 청구서 신청 → 4개 처리기관의 처리여부 “출력가능” 확인 후 증명서 출력(지역가입자 중 사업장이 표기되어 있는 경우 직장병행학생으로 간주, 지원 불가)
※
시간강사는 다음의 요건충족 시 예외적 지원 허용
:
주 6시간 이내 근무로 인한 4대 사
회보험 가입은 별도의 증빙서류(경력증명서)제출 시 학업전념학생으로 인정
4. 지원방법: 제출서류를 작성하여 대학원 교학팀으로 제출(웨스트민스터홀 658호)
5. 선발인원: 박사과정 전체 입학정원의 20%(학칙시행세칙(대학원) 제67조)
6. 발 표 일:
2018. 7. 20(금) 17:00 – 학과 및 개별통지
7. 기 타
가. 수업연한: 4년(8학기) – 석사과정 입학 학기부터
나. 석사과정 외국어 및 종합시험, 석사논문 면제
(
석 박사통합과정 선발 전 석사과정에서 합격한 자격시험은 인정되지 않음
)
다. 박사과정 입학금 면제
라. 대학원 홈페이지 內공지사항 게시
※ 학칙시행세칙(대학원)
제67조(선발인원) 통합과정 선발인원은 박사과정 입학정원의 20% 범위 내에서 대학원
운영위원회에서 정한다.
[본조신설 2014.11.29.]
5. 지도교수의 추천
[본조신설 2014.11.29.]
붙   임 석·박사통합과정 지원서 양식 1부.  끝."
japanese_language,[공지] 2018 하계 글로벌리더양성 및 외국어역량강화 프로그램 모집 안내,N/A,2018-05-16,https://japanstu.ssu.ac.kr/%ed%95%99%ea%b3%bc%ec%82%ac%eb%ac%b4%ec%8b%a4%ec%95%8c%eb%a6%bc/%ea%b3%b5%ec%a7%80%ec%82%ac%ed%95%ad/?term_id&slug=2482,"2018 하계 글로벌리더양성 및 외국어역량강화 프로그램 모집 안내
2018 하계 글로벌리더양성 및 외국어역량강화 프로그램 모집에 대해 아래와 같이 안내하니 관심 있는 학생들의 많은 지원 바랍니다.
1. 개요
가. 기간 및 대학
국가
대학명
기간
위치
구분
미국
Stony Brook University
2018.07.09 ~ 07.27 (3
주)
또는 2018.07.09 ~ 08.17 (6주)
New York
글로벌리더양성 및 외국어역량강화
미국
University of California, Riverside
2018.07.02 ~ 08.01 (4
주)
California
외국어역량강화
싱가포르
2018.07.02 ~ 07.20 (3
주)
Singapore
외국어역량강화
일본
Sapporo Gakuin University
2018.06.28 ~ 07.28 (4
주)
Sapporo
외국어역량강화
중국
Beijng Language and Culture University
2018.07.19 ~ 08.22 (5
주)
Beijing
외국어역량강화
중국
Yantai University
2018.07.22 ~ 08.17 (4
주)
Yantai
외국어역량강화
기타
본교 자매대학 자비 어학연수 또는 계절학기
글로벌리더양성 및 외국어역량강화
※ 프로그램 비용 및 기타 자세한 사항은 <첨부파일 1. 예상 비용> 참고
※ 기타는 본 공지의 대학 외 국제처에서 공지한 어학연수 또는 계절학기를 지원한 학생에 한함
※ 위 내용은 상대교 사정에 따라 변동 될 가능성 있음
나. 지원자격
1) 한 학기 이상 수학한 학부 재학생
2) 2018-1학기 재학중인 학생 (휴학생 지원 가능하나 장학금 수혜 불가)
다. 본교 장학금: 어학연수 지역에 따라 정액 지급. 단, 2018-1 이전에 등록 휴학 후 복학한 학생 및 2018-1 휴학생은 장학금 지급 대상에서 제외
1) 장학금 지급 대상자: 2018-1학기가 마지막 학기가 아닌 재학생
2) 장학금액
– 미국: 250만원
– 싱가포르: 150만원
– 일본: 100만원
– 중국(북경어언대): 80만원
– 중국(연태대): 40만원
– 기타: 50만원
※ 본교 장학금: 상대교 등록금, 본교 학점인정 신청비용 및 어학능력 시험(TOEIC, JLPT/JPT, 新HSK 등) 응시료도 포함
※ 소득분위에 따라 선발 시 우대(증빙서류 제출자에 한함)
3) 장학금 지급 방법: 2018-1학기에 납부한 본교 등록금에서 환급하는 방식
라.
의무사항
1) 계절학기 학점인정 (최대 3학점. 단, 본교 계절학기 3학점에 해당하는 금액 납부)
2) 공인어학성적증명서 제출 (외국어역량강화 선택 학생만, 2018년 12월 31일까지)
3) 수학보고서 제출
2. 지원 및 선발절차(1차 서류전형 → 2차 면접전형 → 합격자 발표)
구분
일시
방법
비고
1
차
서류
전형
온라인
접수
5/14(
월) 10:00
-5/17(목
) 16:00
▪ 웹사이트 접수:
https://bit.ly/2HNiVJK
▪ 접수일 이전 지원 시
자동 삭제됨
접수비
납부
환불 불가
▪ 접수비 납부자에 한해
심사 진행
서류 접수
▪ 방문 접수
▪ 제출처: 국제팀 사무실
(
신양관 203호)
2
차
면접
전형
면접대상자
발표
5/21(월
)
면접
▪ 추후 공지
합격자 발표
▪ 추후 공지
3. 제출서류
가. 단기연수프로그램 지원서 <첨부파일 2>
※ 국문 자기소개서 및 국문 학업계획서는 자유형식
나. 국문 성적증명서 1부
※ 편입생의 경우, 전적대학 성적증명서 1부 추가 제출
다. 공인어학성적증명서 사본 1부 (소지자에 한함)
※ 원본은 반드시 지참하여 원본 대조 확인 받을 것
라. 개인정보제공 및 활용 동의서 1부 <첨부파일 3>
마. 파견 서약서 <첨부파일 4>
바. 접수비 납부 영수증
※ 인터넷뱅킹 또는 모바일뱅킹을 이용하여 납부한 경우 예금주, 금액, 입금자명(지원자 학번)이 확인 가능한 페이지를 캡처 후, 출력하여 제출
4. 유의사항
가. 프로그램 수료 후, 하계 계절제 학점으로 인정받을 수 있음.
– 외국어역량강화(어학연수) 프로그램을 선택한 경우 해외어학연수 1또는 해외어학연수 2 일반선택 과목으로 학점인정 가능하며 성적은 P가 일괄 부여됨.
– 글로벌리더양성(계절학기) 프로그램을 선택한 경우 2018-1 또는 2018 하계에 개설된 과목 중 유사한 과목 선택하여 학점인정 가능하며 성적은 P가 일괄 부여됨
– 계절제 등록금(수업시간당 8만원)을 납부하여야 함.
– 계절제는 최대 2과목 6학점까지 신청할 수 있으므로, 해외계절학기 파견 전 본교에서 학점인정 가능학점을 초과하여 수강한 경우 지원 자격을 상실하게 됨.
나. 프로그램을 중도 포기하거나 수료하지 못할 경우, 혹은 계절학기 학점인정을 신청하지 않는 경우 학교 지원금 전액 환수 함.
다. 파견대상자의 개별입출국은 허락하지 않으며 보험은 개별적으로 반드시 가입해야 함.
※ 필요한 경우 국제팀에서 정보제공.
라. 공인어학성적증명서 제출 시, 프로그램 종료일 이후에 응시한 성적증명서만 가능함.
5. 문의처: 국제팀
※ 모집정원, 면접형식 등에 관한 문의는 답변해 드릴 수 없음을 양해해 주시기 바랍니다.
이전글
한일재단_2018년도 제조혁신 전문가활용 현장 혁신지도(모노즈쿠리 현장개선 지도(1차)) 참가기업 모집 안내
다음글
2018학년도 2학기 석박사통합과정 지원 및 선발 안내
목록
개인정보처리방침
이메일무단수집거부
블로그
관련사이트
숭실대학교
06978 서울특별시 동작구 상도로 369(상도동)숭실대학교 조만식기념관 646호
Tel
02-820-0530
E-mail
japanstu@ssu.ac.kr
Copyright ⓒ 2019 Soongsil University. All Rights Reserved.
상단으로 이동"
japanese_language,한일재단_2018년도 제조혁신 전문가활용 현장 혁신지도(모노즈쿠리 현장개선 지도(1차)) 참가기업 모집 안내,N/A,2018-04-13,https://japanstu.ssu.ac.kr/%ed%95%99%ea%b3%bc%ec%82%ac%eb%ac%b4%ec%8b%a4%ec%95%8c%eb%a6%bc/%ea%b3%b5%ec%a7%80%ec%82%ac%ed%95%ad/?term_id&slug=2480,
japanese_language,일본 취업 성공률을 올릴 수 있는 팁 !!! [세계유산검정시험] 안내,N/A,2018-04-10,https://japanstu.ssu.ac.kr/%ed%95%99%ea%b3%bc%ec%82%ac%eb%ac%b4%ec%8b%a4%ec%95%8c%eb%a6%bc/%ea%b3%b5%ec%a7%80%ec%82%ac%ed%95%ad/?term_id&slug=2479,"안녕하세요? 마이나비코리아입니다.
세계유산 검정시험은 일본 대기업 여행/관광/서비스 업계 등 일본 기업의 서류 전형과정에서 가산점을 받을 수 있는 자격증입니다.
현재, 일본 취업에 필요한 자격증은 JLPT뿐이며 다른 학생들과 차별점을 둘 수 있는 시험이 거의 없다고 볼 수 있습니다.
세계유산 검정시험은 일본 취업을 희망하는 학생들에게 새로운 구심점을 제공할 수 있는 있을 것이라 생각됩니다.
무료 상담 접수중이오니, 02-6000-0323 또는
info@mynavikorea.co.kr
로
연락주시면 감사하겠습니다.
감사합니다.
마이나비코리아드림
HP :
https://www.mynavikorea.co.kr/"
japanese_language,[숭실대학교 JPT 단체접수] 5월 14일 마감,N/A,2018-04-06,https://japanstu.ssu.ac.kr/%ed%95%99%ea%b3%bc%ec%82%ac%eb%ac%b4%ec%8b%a4%ec%95%8c%eb%a6%bc/%ea%b3%b5%ec%a7%80%ec%82%ac%ed%95%ad/?term_id&slug=2478,"JPT 사무국에서는 정기시험을 단체로 신청하는 학과에만 응시료 할인 혜택을 제공하는
‘JPT 정기시험 단체할인’을 다음과 같이 시행합니다.
본 시험은 JPT정기시험과 동일한 시험으로, 신청인원 미달 시 취소가 될 수 있음을 알려드립니다.
(문의 : JPT사무국 02-2280-7231)
<실시일정>
– 시행일시 : 5월 20일(일) 9시 30분
– 실시장소 : 전국 JPT 정기시험 일반 고사장 중 선택
– 접수 마감 : 5월 14일(월) 밤 12시까지
– 결재 응시료 : 30,000원(개인 접수시 43,500원)
<접수방법>
-아래 URL 인터넷 주소창 붙임 후 접수 진행(접수시 반드시 ‘회원접수’로 로그인)
https://appexam.ybmnet.co.kr/appexamlink.asp?examtype=jpt&comtype=ssu
– 당일 준비물
신분증 지참 : 주민등록증, 운전면허증, 여권 중 택일(학생증은 인정하지
않습니다.)
필기도구 : 연필 또는 샤프펜슬, 지우개"
japanese_language,"대학생 자원봉사단(청소년대상 멘토 선생님, 함께 봉사활동 진행)모집",N/A,2018-04-04,https://japanstu.ssu.ac.kr/%ed%95%99%ea%b3%bc%ec%82%ac%eb%ac%b4%ec%8b%a4%ec%95%8c%eb%a6%bc/%ea%b3%b5%ec%a7%80%ec%82%ac%ed%95%ad/?term_id&slug=2474,자세한 사항은 첨부파일 참조
japanese_language,2018학년도 신입생 학부모 초청행사 안내,N/A,2018-03-30,https://japanstu.ssu.ac.kr/%ed%95%99%ea%b3%bc%ec%82%ac%eb%ac%b4%ec%8b%a4%ec%95%8c%eb%a6%bc/%ea%b3%b5%ec%a7%80%ec%82%ac%ed%95%ad/?term_id&slug=2472,"‘2018학년도 신입생 학부모 초청행사’의 일정을 아래와 같이 안내드립니다.
–  아     래 –
1. 일 시: 2018년 4월 14일(토), 13:00 ~ 17:00
2. 일 정
구 분
행사 일정
비 고
식전행사
(13:00~14:00)
캠퍼스 투어
,
박물관 탐방
사전 신청자에 한함
제
1
부
(14:00~15:20)
1)
숭실대학교 비전 공유
2)
숭실대학교 교육 및 학사제도 안내 외
장소
:
한경직기념관 대예배실
제
2
부
(15:50~17:30)
전공 학과
(
부
)
별 교수와의 간담회 및 다과회
(
다과 제공
)
장소
:
진리관 109호
※자세한 사항은 초청장 내용을 확인하여 주시기 바랍니다.
숭실대학교 일어일문학과 (문의: 02-820-0530)"
japanese_language,타임스미디어 강남 교육원 할인혜택,N/A,2018-03-23,https://japanstu.ssu.ac.kr/%ed%95%99%ea%b3%bc%ec%82%ac%eb%ac%b4%ec%8b%a4%ec%95%8c%eb%a6%bc/%ea%b3%b5%ec%a7%80%ec%82%ac%ed%95%ad/?term_id&slug=2470,"3
월
22
일부터
4
월
30
일까지 테솔
(TESOL), ITT
비즈니스 통번역
(
영어
,
중국어
), ITT
전문번역 과정을 귀교의 현재 재학 중이거나 휴학중인 학생 분들께
10%
할인 혜택을 드리고자 합니다
.
아래 내용을 읽어보시고 많은 학생분들께 안내 해주시면 감사하겠습니다
.
테솔
(TESOL)
은 영어를 모국어로 하지 않는 사람에게 영어를 가르치는 방법을 배우는 영어교수법에 관련된 자격증으로써
,
원어민 강사와
100%
영어수업으로 이루어져있습니다
.
타임스미디어에서는 따로 시험을 보지 않아도 출결과 교육과정의 일정 요건을 충족하시면
8
주라는 단기간 안에
미국 캘리포니아 주립대 롱비치의 테솔자격증
을 받으실 수 있습니다
.
ITT
통번역
은 전문 통역
,
번역사를 양성하는 과정으로써 현재 법무부에서 공식으로 인정한 자격증입니다
.
타임스미디어 강남 교육원에서 실무 교육을 통해 통번역 자격증을 취득할 경우 국제 통번역 협회에 정식으로 등록되며 통역
,
번역에 관한 업무
(
재택근무
,
투잡
)
도 하실 수 있습니다
.
ITT
통번역 자격증은 현재
2000
여 개의 기업에서 경력으로 인정하고 있으며 해당 기업이 아니더라도 취업 시 서류전형 등에서 가산점을 획득하실 수 있습니다
.
타임스미디어는
15
년동안 약
15,000
여명의 졸업생을 배출한 명실상부한 국내
1
위의 전문 언어교육기관입니다
.
자세한 상담 및 문의는
02-558-1690
으로 전화 부탁 드립니다
.
*
아래와 같이 게시용 파일을 첨부해드리니 참고 부탁드립니다
.
감사합니다
.
======================================
TIMES MEDIA (TESOL & ITT 통번역)
강남교육원 Manager 허수미
TEL:
02-558-1690
EMAIL:
edu7@timesmedia.co.kr
HOME:
http://www.timestesol.com"
japanese_language,ITT통번역자격시험 안내,N/A,2018-03-23,https://japanstu.ssu.ac.kr/%ed%95%99%ea%b3%bc%ec%82%ac%eb%ac%b4%ec%8b%a4%ec%95%8c%eb%a6%bc/%ea%b3%b5%ec%a7%80%ec%82%ac%ed%95%ad/?term_id&slug=2468,"안녕하세요?
취업을 위한 외국어 능력검정의 차별화로 SPEAKING능력과 WRITING능력을 극명하게 보여주는 ITT통번역시험을 안내합니다.
학생들이 ITT자격증을 취득하여 취업에 도움을 받을 수 있도록 학과 게시판에 게시해 주시면 감사하겠습니다.
ITT통번역시험에 관한 자세한 내용은
www.itt.or.kr
을 방문하시면 볼 수 있습니다.
감사합니다.
______________________________________________
UNESCO FIT 한국대표기관
사단법인   국제통역번역협회  강 대 영 국장
02-558-1575 / o1o-5552-7o98 www.itt.or.kr"
japanese_language,<일본 취업 이렇게 준비하자> 세미나(3/13),N/A,2018-02-20,https://japanstu.ssu.ac.kr/%ed%95%99%ea%b3%bc%ec%82%ac%eb%ac%b4%ec%8b%a4%ec%95%8c%eb%a6%bc/%ea%b3%b5%ec%a7%80%ec%82%ac%ed%95%ad/?term_id&slug=2467,"전국경제인연합회의
전종대
책임연구원이라
합니다
.
본회는
일본
경단련과
함께
오는
3.13
일에
<
일본
취업
이렇게
준비하자
>
세미나를
개최하게
되었습니다
.
일본
취업을
준비하는
대학생
,
청년이
대상이며
일본기업이
바라는
인재상
,
취업지원제도
등이
소개될
예정입니다
.
이와 관련하여 세미나 내용의 홈페이지 게시를 요청드립니다.
많은
학생
분들이
보시고
세미나를
통해
정보를
얻어가는
자리가
되기를
바랍니다
.
감사합니다
.
전종대 드림
전종대 책임연구원 / 전국경제인연합회 국제협력실
Jongdae Jun, Assistant Manager (Mr.)
International Affairs Department, The Federation of Korean Industries
P: +82-2-3771-0443 / C: +82-10-9016-2668 / F: +82-2-6234-5309 / E:
jdjun@fki.or.kr"
japanese_language,【미즈호 은행】아르바이트 구인 의뢰의 건,N/A,2018-01-30,https://japanstu.ssu.ac.kr/%ed%95%99%ea%b3%bc%ec%82%ac%eb%ac%b4%ec%8b%a4%ec%95%8c%eb%a6%bc/%ea%b3%b5%ec%a7%80%ec%82%ac%ed%95%ad/?term_id&slug=2465,"안녕하십니까?
저희는 일본 동경에 본점을 둔 (주)미즈호 은행 서울지점 입니다.
이번 당행에서 함께 근무할
아르바이트 1명
을 하기와 같이 긴급히 구하오니 좋은 인재를 추천해 주시기 바랍니다.
자격 및 상세 내용은 하기와 같으니 참조하시기 바랍니다.
문의는 전화를 이용해 주시기를 부탁 드리겠습니다.
<<아르바이트 구인정보>>
* 업체명
(주)미즈호 은행
* 근무내용
사무보조 (행내 시설, 장비 및 물품 관리 지원업무, 서류 파일링 등)
* 자격/조건
*
근무기간: 3개월이상 근무 가능하신 분
* 휴학생 / 졸업생 모두 지원 가능
* MS Office 및 컴퓨터 활용 상급자 우대
* 일본어 가능자
* 지원기간: 채용시 마감
* 제출서류             이력서              –
국문 + 일문 1부
(MS Word 작성 要)
자기소개서         –
국문 + 일문 1부
(MS Word 작성 要)
* 제출처(E-Mail)         mia.kim@mizuho-cb.com
* 근무시간                 10:30AM   ～　04:30PM
* 보수
월급제
* 근무지                    서울시 중구 세종대로 136 Seoul Finance Center building 19F
* 연락처
TEL: 02-3782-5870
Best regards,
Ji-An Mia Kim
Human Resources Team
Mizuho Bank, Ltd. Seoul Branch
19th Floor, Seoul Finance Center, 136, Sejong-daero, Jung-gu, Seoul, Korea
E-Mail:
mia.kim@mizuho-cb.com
Tel: 82-2-3782-5870 (430-870), FAX:82-2-754-6844"
japanese_language,[일본항공] JAL SCHOLARSHIP 모집 안내,N/A,2018-01-29,https://japanstu.ssu.ac.kr/%ed%95%99%ea%b3%bc%ec%82%ac%eb%ac%b4%ec%8b%a4%ec%95%8c%eb%a6%bc/%ea%b3%b5%ec%a7%80%ec%82%ac%ed%95%ad/?term_id&slug=2462,"안녕하십니까,
평소 일본항공의 JAL 스칼러십 프로그램에 대한 관심과 지원에 감사드립니다.
본 프로그램은
매년 아시아・오세아니아의 대학생을 일본으로 초청하여 연수 및 문화 교류를 통하여 일본에 대한 이해를 증진하고 교류를 촉진하는 것을 목적으로 1975년 일본항공이 창설하였으며 1990년 JAL 재단이 운영을 맡아 시대 변화를 반영한 프로그램 구성으로 내용의 충실을 기하여 왔습니다.
올해에도 변함없이 오는 6월25일(월)부터 7월17일(화)까지 23일 간 15개국 각 지역으로부터 24명의 대학생을 초청하여 제49회「2018 JAL 스칼러십 프로그램」을 개최하오니 귀교의 우수한 학생들이 지원을 할 수 있도록 부탁드립니다.
1. 프로그램 실시 기간
2018년 6월 25일(월) ~ 7월 17일(화) 23일간
2. 프로그램 주요 내용
-도쿄에서의 오프닝, 클로징 세미나
-특정 지역의 전통 일본문화를 배울 수 있는 Field Trip
-일본인 학생과 그룹을 만들어 주제에 관한 토의를 진행하는 Student Session, 그룹토의
-연수 기간 중의 성과를 이시카와현에서 개최하는 Asia Forum에서 발표
-도쿄 및 가나자와에서의 Home stay를 통하여 일본의 생활습관과 행동 양식을 체험하여 지식과 친목 심화하는 기회제공
*해당 프로그램은 일본어로 진행됩니다.
*참가자 선발안내 페이지 : http://www.kr.jal.co.jp/krl/ko/event/2018scholarship/index.html?v=023
(또는 http://www.kr.jal.com/krl/ko/ 하단 빨간색 표기 ‘새로운 정보・캠페인’ ->’NEW 2018 JAL 스칼러십 프로그램 참가자 선발 안내’ 클릭
감사합니다.
일본항공 스칼러십 프로그램 담당자  이수민 올림
＊＊＊＊＊＊＊＊＊＊＊
Japan Airlines/ LEE SUMIN (李秀玟)
TEL 82-2-3788-5715
FAX 82-2-757-1721
E-mail: lee.68m0@jal.com
＊＊＊＊＊＊＊＊＊＊＊"
japanese_language,[주한일본대사관 공보문화원] <제4회 한일포토콘테스트> 개최 안내,N/A,2018-01-16,https://japanstu.ssu.ac.kr/%ed%95%99%ea%b3%bc%ec%82%ac%eb%ac%b4%ec%8b%a4%ec%95%8c%eb%a6%bc/%ea%b3%b5%ec%a7%80%ec%82%ac%ed%95%ad/?term_id&slug=2458,"안녕하십니까.
주한일본대사관 공보문화원입니다.
주대한민국일본국대사관 공보문화원은 한일 간의 문화교류 촉진 및 관광 진흥 등을 목적으로 한일 양국의 행정기관, 지방자치단체, 기업 등의 협력을 바탕으로 2014년부터 ‘한일포토콘테스트’를 실시하고 있습니다.
올해로 4회째를 맞이하는 ‘제4회 한일포토콘테스트’는 한일 양국의 국민이 사진을 통해 상대국의 매력을 새롭게 발견하고, 문화교류 및 인적교류의 촉진과 관광 진흥을 목적으로 실시되고 있습니다.
사진을 통하여 한일 양국이 서로의 매력의 새로이 발견할 수 있는 장이 되기를 기대하며, 올해도 관심 있는 분들의 많은 참여를 바라며 홍보 협력을 요청드리고자 이렇게 연락드렸습니다.
====================================================
◇사업 일정
응모 기간(온라인): 2018년 1월 15일(월)~2월 28일(수)
결과 발표: 2018년 3월 14일(수)
수상작 전시: 2018년 3월 30일(금)~4월 13일(금)
시상식: 2018년 3월 31일(토)
◇참가 대상
한국 국적자 또는 일본 국적자는 누구든 참가 가능
◇제4회 한일포토콘테스트 웹사이트
http://kjphotocon.org/
◇문의
주대한민국일본국대사관 공보문화원 02-765-3011 (내선 111)
====================================================
주한일본대사관 공보문화원 배상"
japanese_language,동계방학 핵심직무교육과정,N/A,2018-01-11,https://japanstu.ssu.ac.kr/%ed%95%99%ea%b3%bc%ec%82%ac%eb%ac%b4%ec%8b%a4%ec%95%8c%eb%a6%bc/%ea%b3%b5%ec%a7%80%ec%82%ac%ed%95%ad/?term_id&slug=2455,"안녕하세요,  한국커리어개발원 대학교육팀 이다혜 연구원입니다.
저희는 핵심직무 자격증 과정을 운영 중인 취업전문 교육기관입니다.
현재 전국의 많은 대학/대학생들과 함께 하고 있습니다.
이번 동계방학동안 숭실대학교 경력개발팀 주관으로 핵심직무교육과정을 진행하게 되었습니다.
이에 관련하여 홍보 안내장 및 과정 안내사항 송부하여 드립니다.
한국커리어개발원
교육사업본부 / 대학교육팀
이 다 혜 연구원
한국커리어개발원 / http://www.ekcdi.com
Tel.070-7401-8155, Fax.02-761-1460
[한국커리어개발원본사] 서울시 마포구 서교동 363-15 난초빌딩 4층(홍대입구역 9번 출구)
[한국서비스평가원본사] 서울시 마포구 서교동 363-19 장호빌딩 4층(홍대입구역 9번 출구)
[대구지사] 대구광역시 중구 포정동 63-3 중앙빌딩 3층(중앙로역 3번 출구)
[부산지사] 부산광역시 연제구 거제동 1029-2 동원타워 9층(종합운동장역 1번 출구)
[대전지사] 대전광역시 동구 용전동 63-9 대청빌딩 801호(대전복합터미널 부근)
[전주지사] 전라북도 전주시 덕진구 금암동 668-3 COAP빌딩 206, 207호(전북대 정문)"
japanese_language,인문사회계열 학생 취업 역량 향상을 위한 “NLP 면접 집중 교육 프로그램” 운영 안내,N/A,2018-01-04,https://japanstu.ssu.ac.kr/%ed%95%99%ea%b3%bc%ec%82%ac%eb%ac%b4%ec%8b%a4%ec%95%8c%eb%a6%bc/%ea%b3%b5%ec%a7%80%ec%82%ac%ed%95%ad/?term_id&slug=2452,"인문사회계열 학생 취업역량 강화를 위한 ""NLP 면접 집중교육 프로그램""
1. 운영일정: 2018.01.09(화)~10(수), 09:00~18:00 (2일간, 16시간)
2. 장소: 조만식기념관 12210호
3. 모집대상: 인문사회계열 학부생(휴학생 및 졸업생 참여 가능)
4. 모집인원: 20~25명
5. 신청방법: 비교과종합정보시스템(
http://fun.ssu.ac.kr
)에서 신청 가능
6. 교육내용
7. 참여자 특전 사항:  ""청년드림대학 최우수 선정 기념"" 성실 참여자 장학금 지급
○
대상학생: 8
학기 이내 재학생
※ 2017
년 2
학기 등록금을 납부하고 등록학기(등록금 납부학기)가 8학기 이내인 재학생
(
건축학부 건축학전공은 등록학기 10학기 이내인 자
)
※
선발학기 등록대체자,
미등록자, 휴학생, 시간제, 교환학생, 수료생,
졸업생은 대상 제외
○
지급내역 및 일정
–
장학금명:
경력개발 교육지원장학금
–
지급금액: 10
만원
(
출석률이 우수한 성실 수료자에 한함
)
–
지급일정:
장학팀 일정에 따름 (2월 중
)
○
기타
–
2018.01.08(월), 09:00까지
신청하는 학생에 한하여 장학금 지급 혜택 부여
–
수업료 범위 초과 가능,
타 교내 장학금 중복가능, 교육지원장학금/포상장학금간
중복 가능
————————————————————————————————————————————————————————–
경력개발팀 윤성숙 드림"
japanese_language,【미즈호 은행】아르바이트 구인,N/A,2018-01-04,https://japanstu.ssu.ac.kr/%ed%95%99%ea%b3%bc%ec%82%ac%eb%ac%b4%ec%8b%a4%ec%95%8c%eb%a6%bc/%ea%b3%b5%ec%a7%80%ec%82%ac%ed%95%ad/?term_id&slug=2451,"안녕하십니까?
저희는 일본 동경에 본점을 둔 (주)미즈호 은행 서울지점 입니다.
이번 당행에서 함께 근무할 아르바이트 1명을 하기와 같이 긴급히 구하오니 좋은 인재를 추천해 주시기 바랍니다.
자격 및 상세 내용은 하기와 같으니 참조하시기 바랍니다.
문의는 전화를 이용해 주시기를 부탁 드리겠습니다.
<<아르바이트 구인정보>>
* 업체명           (주)미즈호 은행
* 근무내용        사무보조 (자료 입력 등)
* 자격/조건          * 채용시기 & 근무기간: A.S.A.P & 3개월이상 근무 가능하신 분
* 휴학생 / 졸업생 모두 지원 가능
* MS Office 및 컴퓨터 활용 상급자 우대
* 일본어 / 영어 가능자 우대
* 지원기간: 채용시 마감
* 제출서류             이력서                –  국문 1부 (MS Word 작성 要)
자기소개서         –  국문 1부 (MS Word 작성 要)
* 제출처(E-Mail)         mia.kim@mizuho-cb.com
* 근무시간                 10:00AM   ～　06:00PM
* 보수                       월급제
* 근무지                    서울시 중구 세종대로 136 Seoul Finance Center building 19F
* 연락처                    TEL: 02-3782-5870
TEL. 02-3782-5870
FAX. 02-754-6844
ATTN: 취업보도실
아르바이트 구인 담당자 귀하
FROM: (주) 미즈호 은행
인   사   팀"
japanese_language,안녕하십니까 ㈜토스 비즈니스 일본어 학교 공고입니다!,N/A,2017-12-27,https://japanstu.ssu.ac.kr/%ed%95%99%ea%b3%bc%ec%82%ac%eb%ac%b4%ec%8b%a4%ec%95%8c%eb%a6%bc/%ea%b3%b5%ec%a7%80%ec%82%ac%ed%95%ad/?term_id&slug=2449,"안녕하십니까 ㈜토스 채용담당자 입니다.
당사에서 1월 8일부터 진행하는 일본 취업을 위한 트레이닝 프로그램 운영에 따라 안내 포스터를
파일로 보내드립니다. 참가 비용은 전액 무료이며 구글 프로그램을 통해 간단하게
엔트리시트를 제출할수 있도록 설정을 했습니다. 희망 참가자가 있으면 http://c11.kr/qgi
URL을 클릭하면 접수가 바로 가능하므로 일본취업 관심이 있는 지원자 모집이 원활하도록
많은 홍보를 부탁드립니다.
저희 토스 트레이닝 센터에 지원해주시면, 일본 취업을 위한 면접 컨설팅, 비즈니스 용어
이력서 첨삭 그리고 최종적으로 일본 기업 구인 소개 및 케어까지 무료로 진행하고 있습니다.
일본 취업에 관심 있으신 학생분들의 많은 지원 및 연락 바랍니다.
담당자 연락처 (문의 및 신청)
이메일 : choshy@i-tos.co.kr
간편 신청 링크 : http://c11.kr/qgi
주식회사 토스
HR사업부 사원  김태민
서울특별시 영등포구 의사당대로 83 HP빌딩 9층
TEL : (070) 4771-9970 ( 직통 ) FAX : (02) 707-0683
Website : www.i-tos.co.kr
E-mail : choshy@i-tos.co.kr"
japanese_language,일본 “KPG HOTEL & RESORT ” 정규직 채용 면접회 개최 안내,N/A,2017-12-27,https://japanstu.ssu.ac.kr/%ed%95%99%ea%b3%bc%ec%82%ac%eb%ac%b4%ec%8b%a4%ec%95%8c%eb%a6%bc/%ea%b3%b5%ec%a7%80%ec%82%ac%ed%95%ad/?term_id&slug=2444,"일본 “ KPG HOTEL & RESORT ” 정규직 채용 면접회 개최 안내드립니다
저희 (주) 엔씨코리아는 일본의 IT, 기계, 호텔 등에 국내의 우수한 인재를 소개하고있습니다.
2018년 01월 26일 (금) 서울(본사) 에서 일본내에 호텔, 여관, 리조트, 스타, 엔터테이면트, 전문 레스토랑 등 다방면에 걸친 사업을 전개하고 있는
” KPG HOTEL &RESORT”와 정규직 채용 면접회를 진행합니다.
아래의 내용 참고하시어 기한내 첨부의 참가신청서와 이력서를 제출 부탁드립니다.
​
​
———————————————————————————————————————————​
​
​
일본 “KPG HOTEL&RESORT” 정규직 참가자 모집
일본 Top 리크루팅 에이전시인 AIDEM (http://www.aidem.co.jp)이 주최하는 일본 현지기업 일본 “KPG HOTEL&RESORT” 정규직 참가자를 아래와 같이 모집합니다.
일본의 문화를 체험하면서 본인의 역량을 키우고자 하는 분들의 많은 참여를 바랍니다.
1. 행 사 명 : 일본 “KPG HOTEL&RESORT” 정규직 참가자 모집
2. 행사주관 : ㈜AIDEM (http://www.aidem.co.jp)
3. 행사 운영 : ㈜엔씨코리아( AIDEM 한국 비즈니스 파트너)
참여 일본 현지기업
KPG HOTEL&RESORT(http://www.kpg.gr.jp)
カトープレジャーグループ는 종합적인 레저 사업 개발의 실현을 컨셉으로 호텔・여관・리조트·스파·엔터테인먼트 전문 레스토랑 등 다방면에 걸친 사업을 전개 하고 있습니다.
지원 자격
1) 일본 취업비자 신청 시 결격 사유가 없는 분
2) 연령 : 제한 없음
3) 학력 : 전문졸 이상
4) 일본어 회화 가능자(JLPT N2 실력), TOEIC 600점 이상
5) 일본어 관련 및 호텔, 관광 학 관련 전공자 우대
근무 조건
근 무 지 : 카나가와현 하코네, 시즈오카현 아타미 (면접 후 결정 – 희망근무지 선택 가능)
고용형태 : 정규직
급여수준 : 연봉 약 2,298만 ~ 4,230만원 ※신입, 경력직에 따라 상이
근무 시간 : 1일 8시간, 주 5일(2개 패턴)/최소 근무기간 3개월 이상
09:00~18:00 ※1h 휴식
10:30~20:00 ※1h 휴식
07:00~22:00 ※근무 내 5h 휴식
복리 후생 : 4대 보험(건강보험, 후생연금, 고용보험, 산재보험)
유급 휴가(입사 후 6개월로부터 10일간)
교통비, 시간외수당, 사원 숙소 제공 ,직원할인, 각종 표창, 경조사위로금
모집 인원 및 신청 방법
모집 인원 : 00명
모집 기한 : 2018년 01월 25일 (목) 까지
면접 방법 : SKYPE 화상 면접 후 서울 여의도에서 2차 면접 진행
신청 방법
1) E-MAIL 접수(careermentor@neo-c.co.kr)
2) 지원서류 심사 후 ㈜엔씨코리아에서 개별 연락
담당자 및 문의사항
careermentor@neo-c.co.kr 로 문의
​
NCKOREA Co., Ltd.
Neo-Change! Neo-Challenge! Neo-Chance!
www.neo-c.co.kr
TEL : 02-761-3012
E:careermentor@neo-c.co.kr"
japanese_language,2018년 해외취업지원사업 설명회 개최안내 공고(K-MOVE스쿨/청해진),N/A,2017-12-21,https://japanstu.ssu.ac.kr/%ed%95%99%ea%b3%bc%ec%82%ac%eb%ac%b4%ec%8b%a4%ec%95%8c%eb%a6%bc/%ea%b3%b5%ec%a7%80%ec%82%ac%ed%95%ad/?term_id&slug=2443,"안녕하세요.  주식회사 L&SEDU / 주식회사  I・J의 국제부입니다.
한국산업인력공단 월드잡플러스 홈페이지에 2018년 해외취업지원사업 설명회 개최에 대해
공고가 게재되어 안내드리오니 관심있으신 대학에서는 참고하시기 바랍니다.
【2018년 해외취업지원사업 설명회 개최안내 공고내용】
고용노동부와 한국산업인력공단에서는 2018년도 해외취업지원 주요사업 운영계획,
전년대비 개선사항 등 사업별 추진계획에 대한 설명·공유를 통하여 사업 활성화를 도모하기 위해
아래와 같이 해외취업지원사업 설명회를 개최하고자 합니다.
해외취업지원사업에 관심있으신 여러분의 많은 참여를 바랍니다.
○ 일 시 : ’17. 12. 28(목), 14:00~17:00
○ 장 소 : 대한상공회의소 지하2층 국제회의장 (서울시 중구 세종대로 39)
○ 주요내용 : K-Move스쿨(청해진 대학 포함), 민간알선지원, 해외취업정착지원금사업 설명 및 질의·응답
○ 참가대상 : ’18년도 K-Move사업 참가희망 기관 및 해외취업희망 청년 등
※ 세부내용은 첨부파일을 확인하여 주시기 바라며, 세부일정은 상황에 따라 일부 변동될 수 있습니다.
※ 주차권은 따로 지급하지 않습니다. 대중교통 이용을 권장해드립니다.
공고글링크 : https://www.worldjob.or.kr/info/bbs/notice/view.do?menuId=1000000049&bbscttNo=94463&pageIndex=1&showItemListCount=10&orderByKey=&orderByType=&srchType=&srchTxt=&srchType2=&srchType3=&srchType4=&srchType5=&srchTxt2=&srchTxt3=
당사에서는 2015년도부터 대학과 연계하여 호텔/관광업계 서비스분야로
K-Move스쿨사업을 진행해오고 있으며 90%가 넘는 취업성공률을 자랑하고 있습니다.
귀대학에서 K-Move스쿨사업에 참여하신다면 적극 협력하여 성공적인 사업이 될수 있도록
최대한 서포트 하도록 하겠습니다.
【당사의 협력사항】
*취업처확보 : 특급리조트호텔, 관광지 등 23곳의 기업처
*채용규모 : 년간 100~150명정도
*비자발급 : 취업비자 (발급률 100%)
*국외연수 : 국외연수시 일본어학교와의 컨소시엄체결진행과 국외연수진행
*서류대응 : 산업인력공단에서 요구하는 서류제공
*사후관리 : 취업일로부터 일년간 현지케어프로그램 운영
K-MOVE스쿨프로그램과 해외취업성공장려금제도를 통해 귀교의 학생들에게 보다 나은 조건의
해외취업의 기회가 제공될것이고 귀대학의 취업률 향상에도 크게 기여가 될것입니다.
신청대학이 많아 치열한 경쟁이 예상되지만 자료 검토해보시고,
참여의사가 있으실경우, 문의주시면 상세히 안내드리도록 하겠습니다.
****************************************************************
주식회사 L&SEDU / 주식회사 I・J (유학・인턴십・취업지원기관)
국제부 박선미 (Park. SunMi)
◐ 일본：埼玉県上尾市上野本郷192、〒362-0056
◐ 한국：서울시 금천구 가산디지털1로 30, 1910-2호 우08591
◐ 연락처：일본 +81-48-871-9015 / 한국 +82-2-581-4309
◐ E-mail：team2@lsedu21.com
◐ Skype・LINE・KAKAO：lsedu2
◐ 한국 : 국외유료직업소개사업 노동청허가번호 F1201220130010
​◐ 일본 : 노동자파견사업허가번호：派　11－300745（株式会社 I・J）
​​◐ 일본 : 유료직업소개사업허가번호：11－ュ－300573（株式会社 I・J）
****************************************************************"
japanese_language,「INTERN・JOB IN JAPAN」2018년도 시기별채용상세일정표,N/A,2017-12-20,https://japanstu.ssu.ac.kr/%ed%95%99%ea%b3%bc%ec%82%ac%eb%ac%b4%ec%8b%a4%ec%95%8c%eb%a6%bc/%ea%b3%b5%ec%a7%80%ec%82%ac%ed%95%ad/?term_id&slug=2439,"안녕하세요. 주식회사L&SEDU / 주식회사 I・J  국제부입니다.
저희회사는 일본각지역에 있는 23곳의 특급리조트호텔이나 관광업계와 업무제휴협약을 체결하고 있고,
한국・중국・대만・홍콩의 25곳의 대학과 산학협정을 체결하여 매년 100~150정도의 해외대학생을 채용하고 있습니다.
15년간의 오랜 경험과 노하우를 토대로 학생들의 글로벌현장학습과 해외취업 프로그램을 안전하게 진행해오고 있습니다.
【INTERN・JOB IN JAPAN의 특징】
①일본어 향상, 문화・매너・서비스등에 대해서 실전적인 체험
②학점인정프로그램 (글로벌현장학습)
③노동기준법을 엄수하는 급여제도
④단순노동업무가 아닌 접객업무
（레스토랑・연회장・관내매점・프런트서비스 등）
⑤한국・중국・대만・홍콩의 대학생과의 국제교류
⑥인턴십수료후, 정식취업가능（취업비자 발행）
「INTERN・JOB IN JAPAN」2018년도 채용상세요강에 대해서 일정과 함께 보내드립니다.
한국에서는 13곳의 대학과 산학협정을 맺고 있으며  2015년도부터 한국산업인력공단의
K-MOVE스쿨 프로그램도 진행하고 있습니다.
귀교의 학생들의 글로벌현장학습과 해외취업을 최대한 서포트 하도록 하겠습니다.
​프로그램 도입을 검토부탁드리겠습니다.
PS) 상기내용에 대해 궁금한점이나 문의사항 있으시면 메일이나 아래 연락처로 문의주시면 상세히 안내드리도록 하겠습니다.
****************************************************************
주식회사 L&SEDU / 주식회사 I・J (유학・인턴십・취업지원기관)
국제부 박선미 (Park. SunMi)
◐ 일본：埼玉県上尾市上野本郷192、〒362-0056
◐ 한국：서울시 금천구 가산디지털1로 30, 1910-2호 우08591
◐ 연락처：일본 +81-48-871-9015 / 한국 +82-2-581-4309
◐ E-mail：team2@lsedu21.com
◐ Skype・LINE・KAKAO：lsedu2
◐ 한국 : 국외유료직업소개사업 노동청허가번호 F1201220130010
​◐ 일본 : 노동자파견사업허가번호：派　11－300745（株式会社 I・J）
​​◐ 일본 : 유료직업소개사업허가번호：11－ュ－300573（株式会社 I・J）
****************************************************************"
japanese_language,[환경재단] 2018 제11회 그린보트 자원봉사자,N/A,2017-12-18,https://japanstu.ssu.ac.kr/%ed%95%99%ea%b3%bc%ec%82%ac%eb%ac%b4%ec%8b%a4%ec%95%8c%eb%a6%bc/%ea%b3%b5%ec%a7%80%ec%82%ac%ed%95%ad/?term_id&slug=2436,"안녕하세요,
환경재단 송윤지입니다.
환경재단은 문화적인 방식을 통해 환경의 소중함을 알리는 우리나라 최초의 환경전문 공익재단이자 아시아 환경 네트워크의 중심으로서, 보다 많은 사람들이 환경문제를 일상 가까이에 두고 관심을 가질 수 있도록 다양한 활동을 펼쳐 왔습니다.
그 중 일본 NPO ‘피스보트’와 함께 2005년부터 시작한 피스&그린보트는 ‘동아시아 환경과 평화를 위해 한일 시민이 한 배를 타고 여행하는 특별한 교류 프로그램입니다.
그 동안 많은 한국과 일본을 비롯한 세계 시민들이 피스&그린보트에 모여, 아시아 화합을 가로막고 있는 역사문제를 비롯한
아시아의 사회, 문화, 환경 문제를 열린 시민사회 시각으로 바라보고 함께 그 대안을 모색해 왔습니다.
그동안 쌓인 경험을 바탕으로 2018년에는 <그린보트>로서 새로운 여정을 시작합니다.
이 항해를 통해 더 아름다운 지구를 상상하고 아시아의 지속가능한 미래를 그리고자 합니다.
소중한 지구와 함께 ‘공존’할 수 있는 방법을 다양한 사람들과 함께 배 위에서 모색하며 세상에 단 하나뿐인 여행을 그립니다.
현재 본 사업 자원활동가를 모집 중에 있습니다.
내년도의 경우 사업이 4월에 진행되게 되어 12월까지 지원 서류를 받고 있습니다. (12월 27일 마감)
감사합니다.
송윤지 드림
——————————————————————————–
송윤지 | 환경재단 사무국 사업1부 PD
Yunji Song | Korea Green Foundation
04513, 서울시 중구 서소문로 106 동화빌딩 3층
3F, Donghwa Bldg, 106, Seosomun-ro, Jung-gu, Seoul 04513, Korea
Tel. 02-2011-4340 | Fax 02-725-4840
Homepage. greenfund.org"
japanese_language,미래에셋대우 글로벌TF  일본어 가능한 단기아르바이트 채용,N/A,2017-12-18,https://japanstu.ssu.ac.kr/%ed%95%99%ea%b3%bc%ec%82%ac%eb%ac%b4%ec%8b%a4%ec%95%8c%eb%a6%bc/%ea%b3%b5%ec%a7%80%ec%82%ac%ed%95%ad/?term_id&slug=2434,"안녕하십니까? 미래에셋대우 글로벌TF에서 일본어 가능한 단기아르바이트 채용하고 있습니다.
[모집기간]
– 2017.12.15 ~ 2017.12.19 오후 12시(정오)
[담당업무]
– 일본 금융시장 조사업무 보조
[자격요건]
– 일본어 전공자 (JLPT 1급 이상 기준의 일본어능력 필요)
– 또는 일본어 독해, 해석, 번역 가능한 자 (JLPT 1급 이상 기준의 일본어능력 필요)
– 즉시 근무가 가능한 자
[우대사항]
– 일본거주 경험있는 자
– MS-Office 등 OS 능
[채용절차]
– 서류전형 ▶ 면접(어학테스트+면접) ▶ 최종발표
– (예정 스케줄: 19일 오후 5시 면접대상자 개별연락 ▶ 20일 오전 면접 ▶ 20일 오후 최종발표(합격자 개별연락) ▶ 21일 근무시작)
–
[고용형태]
– 아르바이트 (시급기준)
[근무장소]
– 서울 중구 미래에셋센터원 빌딩(을지로입구)
[근무기간]
– 근무기간 2017년 12월 21일 ~ 2018년 1월 5일
– 근무시간 오전 9시 ~ 오후 5시 (1일 7시간 근무, 1시간 휴게시간 제외)
[지원경로]
– manyoung.ha@miraeasset.com 으로 ‘입사지원서(이름)’으로 발송
[제출서류]
– 입사지원서
– (면접 대상자에 한해) off-line 제출
1. 공인 외국어 성적 증명서(소지자에 한함)"
japanese_language,고용노동부위탁 국비무료 채용예정 SW취업연수교육_중앙정보기술인재개발원_교육대상자 추천요청,N/A,2017-12-07,https://japanstu.ssu.ac.kr/%ed%95%99%ea%b3%bc%ec%82%ac%eb%ac%b4%ec%8b%a4%ec%95%8c%eb%a6%bc/%ea%b3%b5%ec%a7%80%ec%82%ac%ed%95%ad/?term_id&slug=2431,"안녕하십니까.
중앙정보처리학원/중앙정보기술인재개발원 교육팀 원광희대리 입니다.
1969년에 설립된 저희 교육센터는 SW개발자 전문인력 양성기관으로 고용노동부 위탁, 월별 훈련수당 지급,
전액 국비무료, SW분야 취업연수과정을 하반기 12월 시작일정으로 개강 합니다.
​
이에 IT분야 SW산업 관련기업으로 취업을 희망하는 2018년 2월 졸업예정자를  추천하여 주시면,
​
1) 기업 맞춤형 실무교육을 수료한 후 채용예정기업에 입사할 수 있도록 최선의 지도를 다하겠습니다.
교육수료 후, 취업결과를 보고드리도록 하겠습니다.
​
2) 아울러 4차 산업혁명 대비 빅데이터, 파이썬, 인공지능 교육을 추가 실시하여 교육생들의 미래 경쟁력 확보에
확실한 도움이 되도록 더욱 내실있는 교육콘텐츠를 구성하였습니다.
​
첨부된 모집 안내문 파일을 검토하시고, 궁금한 사항은 문의 주시면 바로연락 드리겠습니다.
감사합니다.
​
​
==================================
T_02)313-1711,F_02)393-9218
교육팀 대리 원광희 einfo5@choongang.co.kr
중앙정보기술인재개발원/중앙정보처리학원
우)121-724 서울 마포구 신촌로 176 중앙빌딩
=================================="
japanese_language,삼성전자 대학생 봉사단 NANUM VOLUNTEER MEMBERSHIP 6기 모집 (~12/22),N/A,2017-12-07,https://japanstu.ssu.ac.kr/%ed%95%99%ea%b3%bc%ec%82%ac%eb%ac%b4%ec%8b%a4%ec%95%8c%eb%a6%bc/%ea%b3%b5%ec%a7%80%ec%82%ac%ed%95%ad/?term_id&slug=2429,"안녕하세요.
삼성전자 대학생 봉사단 NANUM VOLUNTEER MEMBERSHIP
운영 사무국 안창민입니다.
현재 삼성전자 사회공헌사무국에서
전국 1-4학년 대학생 봉사 단원을 모집
하고 있어 유관 내용 전달드립니다.
※ 삼성전자 대학생 봉사단 모집 :
﻿
﻿
https://goo.gl/b8X7Q3
﻿
감사합니다.
삼성전자 대학생봉사단 NANUM VOLUNTEER MEMBERSHIP 운영 사무국 드림."
japanese_language,(공지) 「실전력을 높이는 신교재 <にぽんのカイシャ>의 활용법」 세미나 개최 (책자 증정),N/A,2017-12-04,https://japanstu.ssu.ac.kr/%ed%95%99%ea%b3%bc%ec%82%ac%eb%ac%b4%ec%8b%a4%ec%95%8c%eb%a6%bc/%ea%b3%b5%ec%a7%80%ec%82%ac%ed%95%ad/?term_id&slug=2427,"사단법인
한일협회 세미나 개최
「실전력을 높이는 신교재 <にぽんのカイシャ>의 활용법」
각 학과
3~4
학년의 전공과목에서는 비즈니스 일본어와 관련된 강의가 이루어지거나
,
인턴십에 관해서도
학생들에게 가르치는 학과가 많습니다
.
학생들에 있어서는 졸업 후 일본과 관련된 직종으로 취업을 희망하고 있으며
,
더 나아가 일본으로의 취업을
계획하거나 준비하고 있는 학생들이 최근에는 많이 늘어나고 있습니다
.
하지만 일본과 업무상 비즈니스를 하거나 일본 회사에 취직하여 현지에서 직장생활을 하는데 있어서는
언어의 차이 뿐만 아니라
,
회사 생활에 있어서 몸에 익혀야 할 업무상의 매너와 예절
,
그리고 일본 사람들과
원활히 소통이 이루어지고 관계를 맺는 점에서 한국과는 상당한 차이가 있으며
,
이러한 언어 외적인 부문에
관해 학생들이 직간접적으로 몸에 익힐 수 있는 기회가 없으면
,
일본과 비즈니스를 하거나 일본에서 직장생활을
할 때 어려움을 계속 느끼게 되며
,
더 나아가서는 원활한 업무 및 생활을 하지 못하는 경우도 있습니다
.
그래서 일본 회사에서 일어나는 재미있는 에피소드를 통해 회사 생활에서의 업무 매너와 예절을 배우고
동시에 비즈니스 일본어 표현도 배울 수 있도록
4
컷 만화로 만들어진
<
にぽんのカイシャ
>
라는 책을
일본에 이어 한국에서도 발간하게 되었습니다
.
이 책을 통해 고급 일본어와 동시에 원만한 회사 생활을 하기 위해서 갖추어야 할 요소를 효과적으로 강의하실
수 있는 활용법에 관해 세미나를 개최하고자 합니다
.
세미나에 오신 분들에게는 본 책자를 무료로 드리므로 많은 참가 바랍니다
.
<
일시
/
장소
>
(
양일
중
선택
가능
)(
장소
다름
)
●
제
1
회
: 2017
년
12
월
9
일
(
토
) /
오
후
1
시
~4
시
강남
토즈타워점
2
층
(
인터넷지도
)
●
제
2
회
: 2017
년
12
월
10
일
(
일
) /
오
후
1
시
~4
시
토즈강남
2
호점
3
층
(
인터넷지도
)
<
참가비
>
없음
<
세미나
시간계획
>
(
제
높이는
신교재
<
にぽんのカイシャ
>
의
활용법
●
강사
:
佐
々
木
隼人
(
사사키
하야토
) (
にぽんのカイシャ
편저자
)
田中
優次
(
다나카
유지
) (
인터컬트
일본어학교
)
●
대상
:
대학 교수
※
책자
무료증정
:
설명회에
참석하신
분께
시중에서
판매
중인
<
にぽんのカイシャ
>
책자를
무료로
드립니다
.
(
위 내용을 좀 더 자세히 보려면 메일 하단의 첨부파일(PDF)를 보시기 바랍니다)
<
참가자
모집인원
>
(
제
1
회
,
제
2
회
동일
)
40
명
<
참가
신청방법
>
접수담당자의
이메일
(
koja2@koja.or.kr
)
로
신청하시기
바랍니다
.
●
메일
제목
:
니폰노
카이샤
활용법
세미나
참가
신청
●
메일
내용
: 1.
참가희망
회차
(
제
1
회
혹은
제
3.
참가인원수
(
본인포함
)
4.
핸드폰
번호
5.
소속
학교
,
학과명
<
참가
신청기한
>
2017
년
12
월
8
일
(
금
)
오후
6:00
까지
(
사전
충원시
자동
마감됩니다
)
<
문의처
>
사단법인
한일협회
:
www.koja.or.kr
연락처
: 02-3452-5999
BJT
한국
공식
홈페이지
:
www.bjttest.com
많은
관심과
신청
바랍니다
.​"
japanese_language,교리쯔 국제교류장학재단 서울사무소,N/A,2017-12-01,https://japanstu.ssu.ac.kr/%ed%95%99%ea%b3%bc%ec%82%ac%eb%ac%b4%ec%8b%a4%ec%95%8c%eb%a6%bc/%ea%b3%b5%ec%a7%80%ec%82%ac%ed%95%ad/?term_id&slug=2423,"안녕하세요
교리쯔 장학재단 서울사무소의 김 정만입니다.
서울사무소 개최
12월 주거, 진학, 취업상담회및 기숙사정보
자료를 보내드립니다.
교리쯔 장학재단 서울사무소
김 정만
문의처
서울사무소 : 02-757-2343
http://www.kyoritsu.or.jp"
japanese_language,「INTERN・JOB IN JAPAN」2018년도 춘계채용공고,N/A,2017-11-27,https://japanstu.ssu.ac.kr/%ed%95%99%ea%b3%bc%ec%82%ac%eb%ac%b4%ec%8b%a4%ec%95%8c%eb%a6%bc/%ea%b3%b5%ec%a7%80%ec%82%ac%ed%95%ad/?term_id&slug=2419,"안녕하세요. 주식회사 L&SEDU / 주식회사
I・J 국제부입니다.
​참고로「INTERN・JOB IN JAPAN」2018년도 춘계채용공고의 상세일정이 대해서
아래와 같이 안내드리오니 참고하시기 바랍니다.
​춘계채용공고는 두가지 패턴으로 진행되며
​
​재학생의 글로벌현장학습과
졸업예정생/졸업생의 해외취업으로 나뉘어집니다.
【2018년춘계채용개요 : 대상에 따른 구분】
재학생
졸업예정생・졸업생
비자종류
인턴십비자
취업비자
워킹홀리데이비자
근무기간
3
월
~8
월말
3
월
~1
년이상
학점인정
학점인정필수
관계없음
수료후
계속고용가능
어학능력
JLPT N2
정도의
정도의
커뮤니케이션
능력
​
【​2018년도 춘계채용일정】
~2017년12월08일(금)
학생선발 및 이력서 제출
~2017년12월13일(수)
1차 Skype 영상인터뷰 및 합격자발표
~2017년12월19일(화)
비자신청서류 및 비자신청수속료 납부
~2018년01월10일(수)
채용처컨택 및 최종채용처 안내
~2018년01월24일(수)
비자신청접수 (비자결과까지는 4~8주정도 예상)
~2018년3월~4월
출국후, 근무개시
※상기일정은 진행상황에 따라 조절될 수 있습니다.
​「INTERN・JOB IN JAPAN」2018년도 채용공고의 상세요강과 장려금기부제도를
첨부파일로 보내드리오니 참고하시기 바랍니다.
​
****************************************************************
주식회사 L&SEDU /
주식회사 I・J
(유학・인턴십・
취업지원기관)
대표 김승수
◐ 일본：埼玉県上尾市上野本郷192、〒362-0056
◐ 한국：서울시 금천구 가산디지털1로 30, 1910-2호 우08591
◐ 연락처：일본 +81-48-871-9015 / 한국 +82-2-581-4309
◐ E-mail：
master@lsedu21.com
◐ Skype・LINE・KAKAO・WeChat：seoungsu4
◐ 한국 : 국외유료직업소개사업 노동청허가번호 F1201220130010
​◐ 일본 : 노동자파견사업허가번호：派　11－300745（株式会社 I・J）
​​◐ 일본 : 유료직업소개사업허가번호：11－ュ－300573（株式会社 I・J）
****************************************************************"
japanese_language,"[그린서비스] 11월 29일, 2017 하반기 BKF(Buy Korean Food & Agriculture) 수출상담회 상담일지 작성원",N/A,2017-11-22,https://japanstu.ssu.ac.kr/%ed%95%99%ea%b3%bc%ec%82%ac%eb%ac%b4%ec%8b%a4%ec%95%8c%eb%a6%bc/%ea%b3%b5%ec%a7%80%ec%82%ac%ed%95%ad/?term_id&slug=2418,"안녕하세요.
그린서비스 전시기획팀 이한솔입니다.
아래와 같이 통역사님을 모집하오니 관심있으신 분들은 많은 지원 및 추천 바랍니다.
< 다 음 >
1. 행 사 명 :  2017 하반기 BKF(Buy Korean Food & Agriculture) 수출상담회
2. 일 시 : 2017년 11월 29일, 09:00 ~ 18:00
3. 장 소 : 양재 aT센터
4. 내 용 : 상담통역
5. 모집언어 :
상담일지 작성 00명 – 7만원 (식대, 교통비 포함)
(11월 23일 오후 6시까지 선착순 마감)
* 확정되신 분들께 개별연락 드립니다.
* 행사일 이전 이메일로 교육 자료 송부하여 드립니다.
* 통역비용 교통비, 식대 포함입니다.
* 행사일정에 따라 인원 변동이 있을 수 있습니다.
6. 지원자격 : 관련 언어 능통자/ 수출상담회 및 전시통역 경험 풍부한 자/통,번역대학원 재학생 또는 졸업생 /외국 대학교 졸업생 및 유학생 (통역사해당)
7. 지원방법 : 학력, 경력 위주로 작성한 국문이력서 1부를 당사 이메일 greentrans21@naver.com으로 송부
(보내실때 제목에 <행사명-언어-이름> 기재 바람)
EX-  BKF-상담일지-성함
8. 문의사항 : 그린서비스 이메일(greentrans21@naver.com),
감사합니다.
Green Service Co.,Ltd
Trapalace 340, 234, Hwangsaeul-ro, Bundang-gu
Seongnam-si, Gyeonggi-do, KOREA
Tel: +82 31 715 3426, 3037
Fax: +82 31 717 2242
E-mail: greentrans21@hanmail.net
www.greentrans.co.kr"
japanese_language,제21회 일어일문외부인사초청특강,N/A,2017-11-21,https://japanstu.ssu.ac.kr/%ed%95%99%ea%b3%bc%ec%82%ac%eb%ac%b4%ec%8b%a4%ec%95%8c%eb%a6%bc/%ea%b3%b5%ec%a7%80%ec%82%ac%ed%95%ad/?term_id&slug=2417,"제21회 일어일문외부인사초청특강
본 일어일문학과에서는 학과학생들을 위하여 다음과 같으 외부인사 초청특강을 개최하오니 많은 참여를 부탁드립니다.
*특강명: 멘탈코칭을 통한 진로탐색
*강   사: 박철홍(스포츠국가대표팀멘탈코치)
*일   시: 2017.11.27(월),18:00부터
*장   소: 벤처중소기업센터309호
※간단한 석식제공"
japanese_language,2018학년도 1학기 학·석사연계과정 지원 및 선발 안내,N/A,2017-11-20,https://japanstu.ssu.ac.kr/%ed%95%99%ea%b3%bc%ec%82%ac%eb%ac%b4%ec%8b%a4%ec%95%8c%eb%a6%bc/%ea%b3%b5%ec%a7%80%ec%82%ac%ed%95%ad/?term_id&slug=2413,"1. 지원기간 : 2017년 12월 11일(월) ∼ 2017년 12월 29일(금) 10:00 ∼ 17:00
2. 모집학과 : 학사과정과 석사과정에 동일(또는 유사)학과가 있는 학과(계약학과 제외)
3. 지원자격 : 다음 각호 모두에 해당되는 자
가) 지원일 당시 학사과정 4학기 또는 5학기(건축학부 건축학전공은 6학기 또는     7학기) 를 이수한 자 => 5학기 또는 6학기 개시 전(건축학부 건축학전공은 7학    기 또는 8학기 개시 전)인 학생만 지원 가능 (학·석사연계과정 신청자는 조기졸    업 신청을 할 수 없음)
나) 재수강 이전 과목, 학점포기한 과목, F학점 과목 등을 포함한 전체 과목의 총    평점평 균이 3.3/4.5 이상인 자
다) 7학기(건축학부 건축학전공은 9학기)에 학사과정의 졸업요건을 충족할 수 있    는 자
라) 지원하고자 하는 일반대학원 학과 주임교수와 지도교수의 추천을 받은 자
마) 지원하고자 하는 일반대학원의 동일(또는 유사)학과를 주전공 또는 복수전공      하는 자 (부전공, 연계전공은 해당없음)
4. 제출서류 : 학·석사연계과정신청서 1부
5. 지원방법: 제출서류를 구비하여 대학원 교학팀(웨스트민스터홀 658호)로 방문     접수
6. 선발인원: 석사과정 입학정원의 20%
7. 발 표 일: 2018년 1월 19(금) 예정 – 학과 및 개별통지
8. 문의처 : 대학원 교학팀(02-820-0258∼9, grad@ssu.ac.kr)"
japanese_language,"[해외취업(K-Move) 정보박람회(12/1, 코엑스)] 행사 안내",N/A,2017-11-20,https://japanstu.ssu.ac.kr/%ed%95%99%ea%b3%bc%ec%82%ac%eb%ac%b4%ec%8b%a4%ec%95%8c%eb%a6%bc/%ea%b3%b5%ec%a7%80%ec%82%ac%ed%95%ad/?term_id&slug=2409,"————————————————–
‘2017
해외취업(K-Move) 정보박람회’ 운영사 – 잡코리아경인지사(좋은일컴퍼니) 조원준입니다.
12/1(
금) 코엑스 D홀에서 개최되는 ‘2017 해외취업(K-Move) 정보박람회’ 정보 안내 차 연락드리오며
홈페이지를 통한 사전참가신청 접수도 진행하고 있사오니 학생들의 참관 독려 부탁 드립니다.
(
본 행사는 ‘글로벌 무역인력 채용박람회’와 동시 개최됩니다)
감사합니다.
[
행사개요]
❍
행 사 명 :
2017
글로벌 무역인력채용 & 해외취업(K-Move)정보 박람회
❍
기 간 :
2017. 12. 1(
금) 10:00~18:00 / 1일간
❍
장 소 : 코엑스 3층 D홀
❍
주관/주최 : 한국산업인력공단, 한국무역협회 / 고용노동부
❍
참가기관 : 일본, ASEAN 유관기관 및 K-Move스쿨 우수과정 운영기관 등 60여기관
❍
홈페이지 :
–
해외취업(K-Move) 정보박람회
https://www.worldjob.or.kr
[
협조요청]
❍
행사 포스터 부착 및 취업전산망 내 박람회 홍보 등
*
랜딩 URL
https://www.worldjob.or.kr/info/bbs/notice/view.do?menuId=1000000049&bbscttNo=93503&pageIndex=1&showItemListCount=10&orderByKey=&orderByType=&srchType=&srchTxt=&srchType2=&srchType3=&srchType4=&srchTy
[
첨부파일]
1) 2017
해외취업(K-Move) 정보박람회 공문. 1부.
2) 2017
해외취업(K-Move) 정보박람회 행사안내 이미지. 끝.
[
문의]
‘2017
글로벌 무역인력채용 & 해외취업(K-Move)정보 박람회’ 운영사,
(
주)좋은일컴퍼니-잡코리아경인지사 – 조원준 드림
❍
전 화 : 032-245-7022
❍
팩 스 : 032-245-7033
❍
이메일 :
worldjob@jobkorea.co.kr"
japanese_language,ITT통번역사 시험 안내 자료,N/A,2017-11-16,https://japanstu.ssu.ac.kr/%ed%95%99%ea%b3%bc%ec%82%ac%eb%ac%b4%ec%8b%a4%ec%95%8c%eb%a6%bc/%ea%b3%b5%ec%a7%80%ec%82%ac%ed%95%ad/?term_id&slug=2407,"학과 학생들의 취업에 도움이 되는 법무부 인정 번역공증자격 시험인  ITT통번역사시험을 첨부파일로
안내해 드리니 보시고  많은 학생들에게 도움이 되었으면 합니다.
______________________________________________
UNESCO FIT 한국대표기관
사단법인   국제통역번역협회  강 대 영 국장
02-558-1575 / www.itt.or.kr"
japanese_language,「2017 글로벌 무역인력 채용박람회」 단체참관 안내 및 홍보,N/A,2017-11-15,https://japanstu.ssu.ac.kr/%ed%95%99%ea%b3%bc%ec%82%ac%eb%ac%b4%ec%8b%a4%ec%95%8c%eb%a6%bc/%ea%b3%b5%ec%a7%80%ec%82%ac%ed%95%ad/?term_id&slug=2404,"‘2017 글로벌 무역인력 채용박람회’ 운영사 – 잡코리아경인지사(좋은일컴퍼니) 김현주입니다.
한국무역협회, 한국산업인력공단, 고용노동부가 주최, 주관하는
‘2017 글로벌 무역인력 채용박람회’가 12월 1일(금) 코엑스 D홀에서 개최 됩니다.
우수 수출기업의 무역인력 채용 및 청년 해외진출을 지원하기 위하여 진행하는 본 박람회는 우수한 글로벌 인재를 만날 수 있는 좋은 기회가 될 것입니다.
행사 안내문 및 단체 참관 참가신청서 파일 송부하오니, 홍보 협조 및 단체참관 신청에 긍정적인 검토 부탁드립니다.
감사합니다.
[행사개요]
❍ 행 사 명 : 2017 글로벌 무역인력 채용박람회
❍ 기 간 : 2017. 12. 1(금) 10:00~18:00 / 1일간
❍ 장 소 : 코엑스 3층 D홀
❍ 주최,주관 : 한국무역협회, 한국산업인력공단, 고용노동부
❍ 운 영 : (주)좋은일컴퍼니-잡코리아경인지사
❍ 참가규모 : 구인기업 250개사(온, 오프라인), 구직자 2,500명 이상
❍ 홈페이지 : http://tradefair.jobtogether.net
[요청사항]
1) 학과 홈페이지 및 게시판 내 첨부한 부대행사안내 이미지 게재 요청
2) 단체 참관 협조 요청
[첨부파일]
1) 2017 글로벌 무역인력 채용박람회 공문
2) 2017 글로벌 무역인력 채용박람회 단체참관신청서
[문의]
‘2017 글로벌 무역인력 채용박람회’ 운영사, (주)좋은일컴퍼니-잡코리아경인지사 – 김현주 드림
❍ 전 화 : 032-245-7006 ❍ 팩 스 : 032-245-7033 ❍ 이메일 :tradejob@jobkorea.co.kr
2017 글로벌 무역인력 채용박람회
운영사-(주)좋은일컴퍼니-잡코리아경인지사
T. 032-245-7006 F. 032-245-7033
E. tradejob@jobkorea.co.kr"
japanese_language,[카카오] 2017 리서치 서포팅 프로그램 모집 홍보 요청의 건 (상시모집중),N/A,2017-11-14,https://japanstu.ssu.ac.kr/%ed%95%99%ea%b3%bc%ec%82%ac%eb%ac%b4%ec%8b%a4%ec%95%8c%eb%a6%bc/%ea%b3%b5%ec%a7%80%ec%82%ac%ed%95%ad/?term_id&slug=2401,"안녕하세요
.
Kakao I
입니다
.
카카오
에서
“
석박사생을 위한 카카오 상시 연구지원 프로그램
”
진행합니다
귀교
(
귀학과
)
의 우수한 인재들이 많이 참여 할 수 있도록
첨부해 드린 자료를
채용관련 게시판에 공고 및 학생들에게
E-mail, SMS
홍보 부탁드립니다
.
항상 적극적인 협조에 깊이 감사드립니다
.
*
게재 시 간단한 회신이나 공고 게시
URL
보내주시면 정말 감사하겠습니다
.
*
학생들에게
[
문자 전송 가능
]
시
아래 내용으로 발송 주시면 감사하겠습니다
.
_____________________________________
문자 전송 예시
______________________________________
석박사생을 위한 카카오 상시 연구지원 프로그램 모집
참가신청
https://careers.kakao.com/jobs
상시모집중
____________________________________
게시 제목 및 내용
____________________________________
■ 게시 제목
:
[kakao i]
석·박사 대상 카카오 연구지원 프로그램
(kakao i RESEARCH SUPPORTING PROGRAM) [
상시모집
]
■ 게시 내용
:
kakao i
RESEARCH
SUPPORTING PROGRAM
[
학비·연구비지원 ┃ 해외학회참관지원 ┃ 연구인턴십
]
* Kakao I
는 카카오의 인공지능
(AI)
플랫폼입니다
.
– 카카오의 인공지능
(AI)
플랫폼
,
‘
Kakao I
’는 카카오가 보유한 핵심 기술이자 미래 기술의 집약체입니다
.
‘
Kakao I
’는 음성을 알아듣고
,
대화를 이해하며
,
이미지를 인식하고
,
수많은 데이터를 확인하여 사용자가 원하는 것을 정확히 찾아줄 수 있습니다
.
– 하지만 카카오가 진정으로 추구하는
AI
의 비전은 단순히 기술의 진화가 아닙니다
. AI
를 통해 일상의 모든 것들을
더 편리하게 이용
할 수 있는 경험을 제공하는 것
,
특별한 지식 없이도 누구나 기술 진화의 혜택을 볼 수 있도록 하는 것
.
그것이 카카오가
AI
기술을 통해 만들어 가려는 세상입니다
.
– 이러한 비전은 우수한 인재들 없이는 이뤄낼 수 없습니다
.
그래서 카카오는 인재들이 대학원에서 꿈을 키워나가는 과정을 지원하고
,
나아가 언젠가는 카카오에서 함께 할 수 있기를 기대하고 있습니다
.
–
본 프로그램은 비용 걱정 없이 학위과정을 진행할 수 있도록 학비 전액과 연구비 일부를 지원해드리기 위해 마련되었습니다
.
그리고 이렇게 맺어진 소중한 인연을 계기로
,
향후엔 카카오에서 함께 역량을 발휘하며 동반성장 할 수 있기를 바랍니다
.
많은 관심과 참여 부탁드립니다
.
■ 연구장학금
(
학비·연구비 지원
)
–
모집대상
:
석사·박사·석박사통합과정 재학생
–
모집분야
: AI
및
Computer Science
·
Engineering
관련 전 분야
–
모집시기
:
상시
–
선발절차
:
서류심사
->
온라인 인터뷰
->
오프라인 인터뷰
->
최종합격
–
접수방법
:
온라인 접수
(careers.kakao.com/jobs/P-10461)
–
혜택 및 의무
1.
학비
·연구비 일체 지원
(
연간 최대
2,000
만원까지
)
2.
t-family: 나눔스퀘어”>-
선발절차
:
서류심사
->
오프라인 면접
(1
회
) ->
최종합격
–
접수방법
:
온라인 접수
(careers.kakao.com/jobs/P-10476)
–
혜택 및 의무
1.
왕복항공권
,
숙박비
,
참가비 전액 지원
2.
종료 후
2
개월 내 카카오에서 참관내용 공유
PT
진행
■ 연구인턴십
–
모집대상
:
석사·박사·석박사통합과정 재학생
–
모집분야
: AI
및
Computer Science
·
Engineering
관련 전 분야
–
모집시기
:
상시
–
근무기간
: 2 ~ 6
개월
(
조율가능
)
–
선발절차
:
서류심사
->
온라인 테스트
->
오프라인 면접
(2
회
) ->
최종합격
–
접수방법
:
온라인 접수
(careers.kakao.com/jobs/P-10459)
–
혜택 및 의무
1.
카카오 데이터 사용 가능
2.
근무지 부근
(
판교 혹은 제주
)
숙소 제공
3.
인턴십 중 수행한 연구로 논문 게재 시 최대
1,000
만원 인센티브 추가 지급
kakao"
japanese_language,2017 한나 장학생 모집 공고문,N/A,2017-11-09,https://japanstu.ssu.ac.kr/%ed%95%99%ea%b3%bc%ec%82%ac%eb%ac%b4%ec%8b%a4%ec%95%8c%eb%a6%bc/%ea%b3%b5%ec%a7%80%ec%82%ac%ed%95%ad/?term_id&slug=2399,"한나장학생 모집
한나장학금은 우리 학과 겸임교수를 역임하신 김정희교수님께서 출연해 주신 기금으로 운영하는 일어일문학과 내부 장학금으로, 학자금 조달에 어려움을 겪고 있는 학우를 위한 장학금입니다.
1. 대 상 : 일어일문학과 1학년 (2017학번)
2. 모집인원 : 2명
3. 구비서류 : 자기소개서, 건강보험료 납입증명서, 주민등록등본 1부
4. 신청기한 : 11월 17일(금) 15:00시까지 학과사무실
5. 장학금액 : 1,000,000원 (1인당)
6. 지급시기 : 학기 중
-한나장학금 운영위원회-"
japanese_language,【미즈호 은행】아르바이트 구인,N/A,2017-11-03,https://japanstu.ssu.ac.kr/%ed%95%99%ea%b3%bc%ec%82%ac%eb%ac%b4%ec%8b%a4%ec%95%8c%eb%a6%bc/%ea%b3%b5%ec%a7%80%ec%82%ac%ed%95%ad/?term_id&slug=2397,"MIZUHO
Mizuho Financial Group
Mizuho Bank, Ltd.
Seoul Branch
19th Floor, Seoul Finance Center, 136, Sejong-daero, Jung-gu, Seoul, Korea
TEL. 02-3782-5849
FAX. 02-754-6844
ATTN: 취업보도실
아르바이트 구인 담당자 귀하
FROM:
(주) 미즈호 은행
인   사   팀
DATE: 2017년  11월  2일
아르바이트 구인 의뢰의 건
안녕하십니까?
저희는 일본 동경에 본점을 둔 (주)미즈호 은행 서울지점 입니다.
이번 당행에서 함께 근무할
아르바이트 1명
을 하기와 같이 긴급히 구하오니 좋은 인재를 추천해 주시기 바랍니다.
자격 및 상세 내용은 하기와 같으니 참조하시기 바랍니다.
문의는 전화를 이용해 주시기를 부탁 드리겠습니다.
<<아르바이트 구인정보>>
* 업체명
(주)미즈호 은행
* 근무내용
사무보조 (자료 입력 등)
* 자격/조건
*
채용시기 & 근무기간: A.S.A.P & 3개월이상 근무 가능하신 분
* 휴학생 / 졸업생 모두 지원 가능
* MS Office 및 컴퓨터 활용 상급자 우대
* 지원기간: 채용시 마감
* 제출서류     이력서       –
국문 1부
(MS Word 작성 要)
자기소개서 –
국문 1부
(MS Word 작성 要)
* 제출처(E-Mail)  ahyoung.park@mizuho-cb.com
* 근무시간         10:00AM   ～　06:00PM
* 보수
월급제
* 근무지            서울시 중구 세종대로 136 Seoul Finance Center building 19F
* 연락처
TEL: 02-3782-5849
Ah-Young Park /
박아영
Human Resources Team
Mizuho Bank, Ltd. Seoul Branch
19th Floor, Seoul Finance Center, 136, Sejong-daero, Jung-gu, Seoul, Korea
Tel: 82-2-3782-5849 (430-849), FAX:82-2-754-6844
E-Mail:
ahyoung.park@mizuho-cb.com"
japanese_language,일본어 취업 트레이닝 센터 프로그램 참가자 모집 안내 -토스-,N/A,2017-11-03,https://japanstu.ssu.ac.kr/%ed%95%99%ea%b3%bc%ec%82%ac%eb%ac%b4%ec%8b%a4%ec%95%8c%eb%a6%bc/%ea%b3%b5%ec%a7%80%ec%82%ac%ed%95%ad/?term_id&slug=2395,"안녕하십니까?
당사에서 11월 중순부터 일본 취업을 위한 트레이닝 프로그램 운영에 따라 안내 포스터를
파일로 보내드립니다. 참가 비용은 전액 지원되며 구글 프로그램을 통해 간단하게
엔트리시트를 제출할수 있도록 설정을 했습니다. 희망 참가자가 있으면 http://c11.kr/qgi
URL을 클릭하면 접수가 바로 가능하므로 일본취업 관심이 있는 지원자 모집이 원활하도록
많은 홍보를 부탁드립니다. 감사합니다.
——————————————————–
주식회사 토스 HR사업팀 차장 정상진
서울시 영등포구 의사당대로 83(여의도동,HP빌딩9층)
Tel. 070) 4333-2490
Fax. 02) 707 – 0683
Hp. 010) 4131 – 3119
E-mail:airwolf@i-tos.co.kr
——————————————————–"
japanese_language,일본“ROUTE INN HOTEL” 정규직 채용 면접회 개최 안내,N/A,2017-11-01,https://japanstu.ssu.ac.kr/%ed%95%99%ea%b3%bc%ec%82%ac%eb%ac%b4%ec%8b%a4%ec%95%8c%eb%a6%bc/%ea%b3%b5%ec%a7%80%ec%82%ac%ed%95%ad/?term_id&slug=2391,"일본 “ROUTE INN HOTEL” 정규직 채용 면접회
일본 Top 리크루팅 에이전시인 AIDEM (http://www.aidem.co.jp)이 주최하는 일본 현지기업 일본 “ROUTE INN HOTEL” 정규직 구인 합동 면접회를 아래와 같이 개최합니다.
일본의 문화를 체험하면서 본인의 역량을 키우고자 하는 분들의 많은 참여를 바랍니다.
1. 행 사 명 : 일본 “ROUTE INN HOTEL” 정규직 채용 면접회
2. 행사주관 : ㈜AIDEM (http://www.aidem.co.jp)
3. 행사 운영 : ㈜엔씨코리아( AIDEM 한국 비즈니스 파트너)
4. 행사 일시 및 장소
1) 서울​: 2017년 12월 15일(금) 09:00~18:00, 한국산업인력공단 서울 K-MOVE 센터
2) 서울(본사): 2017년 12월 16일(토) 09:00~18:00, (주)엔씨코리아 (서울 여의도 소재)
참여 일본 현지기업 ROUTE-INN HOTEL(http://www.route-inn.co.jp)
ROUTE INN HOTEL은 일본 및 해외에서 총 305곳(호텔 269/식당 21/골프 5/온천 9)의
사업을 운영하는 일본 최고의 호텔 브랜드를 가지고있는 기업입니다.
지원 자격
1) 연령 : 제한없음
2) 학력 : 전문대졸이상
3) 대상 : 일본어 및 호텔, 관광학관련 전공자
4) 일본어 회화 가능자(일본어능력 N1 또는 이에 준하는 어학능력)
근무 조건
근 무 지 : 일본 전 지역(당일 설문 및 면접 시 결정)
고용형태 : 정규직
급여수준 : 월급 195,000엔 (광역수당 30,000엔포함)
근무 시간 : 1일 8시간, 주 5일(시프트제)
복리 후생 : 4대 보험(건강보험, 후생연금, 고용보험, 산재보험)
교통비지원, 시간외수당, 사택 및 가족수당등
모집 부문 및 접수방법
모집 부문 : 프런트업무
모집 인원 : 20명
모집 기한 : 2017년 12월 14일(목​)까지
신청 방법
1) E-MAIL 접수(careermentor@neo-c.co.kr)
2) 지원서류 심사 후 ㈜엔씨코리아에서 개별 연락
전형방법 및 문의사항
서류 전형 : 합격자발표 – 2017년 11월 17일(금)
필기 시험 : 2017년 11월 24일(금​) * 장소 추후공지
채용 면접 : 서울 K-MOVE 센터- 2017년 12월 14일 (금)
서울 (본사) – 2017년 12월 15일 (토)
합동 면접회 담당자 및 문의사항
㈜엔씨코리아 유동우부장 / careermentor@neo-c.co.kr 로 문의
​
​
​
NCKOREA Co., Ltd.
Neo-Change! Neo-Challenge! Neo-Chance!
www.neo-c.co.kr
TEL : 02-761-3012
E:careermentor@neo-c.co.kr"
japanese_language,[네이버 D2] CAMPUS TECH ATTACK 기술 창업 모집  (~12.10까지),N/A,2017-10-30,https://japanstu.ssu.ac.kr/%ed%95%99%ea%b3%bc%ec%82%ac%eb%ac%b4%ec%8b%a4%ec%95%8c%eb%a6%bc/%ea%b3%b5%ec%a7%80%ec%82%ac%ed%95%ad/?term_id&slug=2388,"안녕하세요
.
네이버
D2
입니다
.
네이버
D2
에서
네이버와 함께하는
“
기술창업
”
을
진행합니다
귀교
(
귀학과
)
의 우수한 인재들이 많이 참여 할 수 있도록
첨부해 드린 자료를
채용관련 게시판에 공고 및 학생들에게
E-mail, SMS
홍보 부탁드립니다
.
항상 적극적인 협조에 깊이 감사드립니다
.
*
게재 시 간단한 회신이나 공고 게시
URL
보내주시면 정말 감사하겠습니다
.
*
학생들에게
[
문자 전송 가능
]
시
아래 내용으로 발송 주시면 감사하겠습니다
.
_____________________________________
문자 전송 예시
______________________________________
네이버
D2 [
기술 창업
]
모집
참가신청
http://www.d2startup.com/blog/6890
참가마감
12/10(
일
)
까지
____________________________________
게시 제목 및 내용
____________________________________
■ 게시 제목
:
[
네이버
D2]
네이버 기술 창업 모집
(CAMPUS TECH ATTACK)  [~12.10(
일
)
까지
]
■ 게시 내용
:
네이버 기술 창업 모집
CAMPUS TECH ATTACK
[~12.10 (
일
) ]
■ 신청자격
–
기술 역량이 있는 대학
(
원
)
생이라면 누구나
(
졸업 후
1
년까지 신청 가능
)
법인 설립 전도
,
팀 빌딩 전도 모두 가능
!
■ 신청분야
–
머신러닝
,
자연어처리
,
음성 인식 및 합성
,
컴퓨터 비전
,
로보틱스
, AR/VR,
자율주행
, HCI, IoT, Wellness,
보안 등
SW/HW
구분 없이 다양한 분야의 기술 창업
■ 일정
[
서류접수
┃
~12
월
10
일
]
▶
[
기술 인터뷰
┃
12
월 말
]
▶
[
기술
/
제품 개발
┃
18
년
1
월
~7
월
]
▶
[
Seed
투자 검토
]
■
네이버가 지원합니다
.
–
기술 개발에 필요한 자금
500
만원
–
네이버도
,
라인도 쓰는 클라우드 인프라
(GPU
포함
)
–
기술 창업가 네트워킹
–
네이버 전문가들의 기술 및 사업 피드백
네이버 임직원 대상의 기술
/
제품 발표회
■
지금 접수하세요
!"
japanese_language,(한일재단) 2017년도 모노즈쿠리 현장개선 지도 (2차) 참가기업 모집안내,N/A,2017-10-25,https://japanstu.ssu.ac.kr/%ed%95%99%ea%b3%bc%ec%82%ac%eb%ac%b4%ec%8b%a4%ec%95%8c%eb%a6%bc/%ea%b3%b5%ec%a7%80%ec%82%ac%ed%95%ad/?term_id&slug=2386,
japanese_language,[한일재단] 2017년 뿌리기업 강한현장 육성사업 실무교육 추가 참가자 모집 안내,N/A,2017-10-24,https://japanstu.ssu.ac.kr/%ed%95%99%ea%b3%bc%ec%82%ac%eb%ac%b4%ec%8b%a4%ec%95%8c%eb%a6%bc/%ea%b3%b5%ec%a7%80%ec%82%ac%ed%95%ad/?term_id&slug=2384,"(재)한일산업기술협력재단
서울시 강남구 선릉로131길 18-4 한일재단빌딩
대표전화 : 02-3014-9898"
japanese_language,[KOTRA_IT사업단] ‘Tokyo_IT_Job_plaza_2017’,N/A,2017-10-23,https://japanstu.ssu.ac.kr/%ed%95%99%ea%b3%bc%ec%82%ac%eb%ac%b4%ec%8b%a4%ec%95%8c%eb%a6%bc/%ea%b3%b5%ec%a7%80%ec%82%ac%ed%95%ad/?term_id&slug=2380,"안녕하십니까,
KOTRA IT사업단 모란입니다.
-사업명 :
Tokyo IT Job plaza 2017
-일시 : 2017년 11월 14일 (화) 10:00~17:00
-장소 : 도쿄 뉴오타니 호텔 16층 LAPIS L룸
-주최 : KOTRA/ Refer me (한국 wanted 일본법인)
-신청방법 : 월드잡을 통해 이력서 제출 (첨부파일 확인)
-참가 예정기업 : amazon, synnex, nextbeat, crooz, nifty, SoftBank, Rakuten, SM Mobile Communications Japan,KLab, KANEMATSU GRANKS 등
-참고사항 :
항공, 숙박비 등 체류비용은 개인부담
자세한 사항은 첨부파일을 확인해주시고, 각 학과 홈페이지 혹은 공식 SNS 계정에 게시해주시면 감사하겠습니다.
추가 문의가 있으시면 연락주시기 바랍니다.
감사합니다.
모란 드림.
모 란(MO, RAN
)
전략마케팅본부 / IT 사업단
(ICT Business Department
)
KOTRA (Korea Trade-Investment Promotion Agency)
서울시 서초구 헌릉로 13 (우: 06792)
TEL
82-2-3460-7470
|
FAX
82-2-3460-7921
|
EMAIL
이전글
[통역 아르바이트 모집]
다음글
[한일재단] 2017년 뿌리기업 강한현장 육성사업 실무교육 추가 참가자 모집 안내
목록"
japanese_language,[통역 아르바이트 모집],N/A,2017-10-23,https://japanstu.ssu.ac.kr/%ed%95%99%ea%b3%bc%ec%82%ac%eb%ac%b4%ec%8b%a4%ec%95%8c%eb%a6%bc/%ea%b3%b5%ec%a7%80%ec%82%ac%ed%95%ad/?term_id&slug=2379,"사회복지학부 일본 와세다대학교 인간과학부와의 학술교류
-일시: 11월 3일(금), 오전 11시 50분- 오후 3시
-장소: 교내 키친
-내용: 테이블당 1명씩 통역 지원
*한국 5명, 일본 5명 정도가 테이블 하나에 앉고,
일본 와세다대학 석박과정생이 통역을 조금은 지원
*중식 제공하며, 아르바이트 수당은 인당 30,000원 지급
-> 일문과 아르바이트 통역 모집인원 5명
-> 희망자는 10/26(목)17:00까지 과사에 방문 혹은 유선으로 연락 바람(학번/이름/연락처)"
japanese_language,일본 현지 취업박람회를 지원하는 경기도일자리재단입니다!,N/A,2017-10-23,https://japanstu.ssu.ac.kr/%ed%95%99%ea%b3%bc%ec%82%ac%eb%ac%b4%ec%8b%a4%ec%95%8c%eb%a6%bc/%ea%b3%b5%ec%a7%80%ec%82%ac%ed%95%ad/?term_id&slug=2376,"안녕하세요!​
경기도일자리재단 해외취업팀입니다.​
본 재단에서 취업관련 특강 및 일본 현지취업을 지원하는
[글로벌잡디스커버리 5기]를 진행하고 있습니다!
5기의 경우 ,
도쿄 현지에서 열리는
<마이나비 국제파 취직EXPO>
와 관련하여
숙박, 교통비 등 경비를 지원하고 있습니다. (서류합격자 자부담금 20만원)
이력서 첨삭 및 실전 모의면접 특강을 받고
학생들의 일본취업에 한 발 짝 더 다가가도록
홍보 부탁드립니다!
관련 사항에 대해 궁금하신 분은
아래의 연락처로 문의주시면 되겠습니다.
감사합니다~!
관련 프로그램 링크.
​​
​
http://www.gjf.or.kr/?page_id=340&uid=1570&mod=document
​
​Gyeonggido Job Foundation​
​​Overseas Employment Team
경기도일자리재단
해외취업팀
Tel: (031)270-9691
Fax:
(032)655-1007
E-mail:
global@gjf.or.kr
http://www.gjf.or.kr
​
​"
japanese_language,2017 한나 장학생 모집 공고문,N/A,2017-10-18,https://japanstu.ssu.ac.kr/%ed%95%99%ea%b3%bc%ec%82%ac%eb%ac%b4%ec%8b%a4%ec%95%8c%eb%a6%bc/%ea%b3%b5%ec%a7%80%ec%82%ac%ed%95%ad/?term_id&slug=2374,"한나장학생 모집
한나장학금은 우리 학과 겸임교수를 역임하신 김정희교수님께서 출연해 주신 기금으로 운영하는 일어일본학과 내부 장학금으로
,
학자금 조달에 어려움을 겪고 있는 학우를 위한 장학금입니다
.
1.
대 상
:
일어일본학과
1
학년
(2017
학번
)
2.
모집인원
: 2
명
3.
구비서류
:
자기소개서
,
건강보험료 납입증명서
,
주민등록등본
1
부
4.
신청기한
: 11
월
10
일
(
금
) 15:00
시까지 학과사무실
5.
장학금액
: 1,000,000
원
(1
인당
)
6.
지급시기
:
학기 중
–
한나장학금 운영위원회
–"
japanese_language,JPT 대학교 단체 할인 접수 제도 안내,N/A,2017-10-16,https://japanstu.ssu.ac.kr/%ed%95%99%ea%b3%bc%ec%82%ac%eb%ac%b4%ec%8b%a4%ec%95%8c%eb%a6%bc/%ea%b3%b5%ec%a7%80%ec%82%ac%ed%95%ad/?term_id&slug=2373,"안녕하십니까,
YBM JPT사무국 장재형입니다.
시험의 제안서와 함께, JPT 정기시험 단체할인 제도와 관련된 안내를 간단히 드립니다.
본 제도는 JPT 정기시험이 진행되는 동일한 일시에
대학교 전용 별도의 접수 가능한 URL을 통해 접수
를 할 경우,
기존 43,500원에서
할인된 30,000원으로
JPT 정기시험 응시가 가능한 제도입니다.
(모의고사 형식이 아닌, 정기시험의 효력을 그대로 가지며, 전국의 JPT 시행 고사장을 개인이 선택하거나,
인원이 충분할 경우 교내 강의실에서 응시가 가능)
단계
구분
비고
1
시험일 선택
정기시험 일정 중 선택
(
www.jpt.co.kr
참조)
2
URL 생성 요청
학과생 접수가 가능한 URL 생성 요청
(전국 고사장 or 교내 고사장 선택, 응시료 개인 결제 or 학과 일괄 결제 선택, 접수 기간 선택 가능)
3
접수 독려
게시판 등 공지
(요청 시 접수 현황 확인 가능)
4
시험 진행
시험 진행
(교내 고사장 선택 시 사전 준비 필요)
5
결과 확인
URL을 통해 접수한 학생들의 일괄 성적 확인 가능
(장학생 선발 외 피드백 제공 시 용이)
—————————————————————————————————————–
장재형 대리
YBM
한국토익위원회 JPT팀
Office: 02-2280-7231
E-mail:
jjh@ybm.co.kr"
japanese_language,[대학원] 2018학년도 전기 대학원 정시모집 안내,N/A,2017-10-12,https://japanstu.ssu.ac.kr/%ed%95%99%ea%b3%bc%ec%82%ac%eb%ac%b4%ec%8b%a4%ec%95%8c%eb%a6%bc/%ea%b3%b5%ec%a7%80%ec%82%ac%ed%95%ad/?term_id&slug=2372,"2018학년도 전기 대학원 정시모집 안내
입학전형
일정
구분
일시
장소
비고
원서접수
(인터넷접수)
2017. 10. 12.(목) 10:00 ∼
10.20.(금) 16:00 까지
지원자페이지
인터넷접수기간 내 24시간 접수 가능
인터넷 원서접수 및 전형료 납부는 4일(금) 16:00까지
서류제출
(인터넷
접수 완료 후)
2017. 10. 20.(금) 16:00까지 제출
제출기한 내 미제출시 인터넷접수 취소
대학원교학팀 접수
(웨스트민스터홀 658)
인터넷접수 완료 후 입학원서를 출력하여
본인 서명
하고 기타 제출서류와 함께 동봉하여 우편 또는 방문제출 가능
서류제출확인은 ""
지원자페이지
"" 로그 인 후, ""접수상태""에서 확인 가능
전형일
2017. 11. 4(토) 10:00∼
각 학과 지정장소
전형 3일전
지원자페이지
에 로그인 후 학과별 면접장소 및 면접 대기장소 확인
합격자 발표
2017. 11. 23(목) 예정
지원자페이지
별도의 개별통지 없음
입학허가통지서 및 합격자 안내사항 출력가능
등록기간
2018. 1. 9(월) ~ 11(화) 9:00∼16:00
우리은행 전국지점
등록기간 내 미등록시 불합격 처리
※ 내국인의 경우만 인터넷 접수가 가능하며, 외국인은 방문 및 우편접수만 가능합니다.
※ 세부사항은 오른쪽 링크를 통해 확인해주시기 바랍니다. (
내국인 입학전형 안내
/
외국인 입학전형 안내
)"
japanese_language,[창업지원단] 2017 슈퍼스타 통합 창업경진대회,N/A,2017-10-11,https://japanstu.ssu.ac.kr/%ed%95%99%ea%b3%bc%ec%82%ac%eb%ac%b4%ec%8b%a4%ec%95%8c%eb%a6%bc/%ea%b3%b5%ec%a7%80%ec%82%ac%ed%95%ad/?term_id&slug=2367,"안녕하세요 숭실대학교 창업지원단입니다.
다름이 아니라,  저희 창업지원단에서는 이번 10월 17일까지 창업경진대회의 신청자를 모집하고 있습니다.
본 경진대회는 총 11팀에 상금을 지원해주는 행사로 창업을 꿈꾸는 각 학과  학생들에게도 도움이 될 수 있을거라 사료됩니다.
간략한 개요는 아래와 같으며 신청서 양식과 홍보물을 함께 송부드립니다.
(숭실대 재학생은 대학생부문으로 접수해주시면 되며 휴학생 및 대학원생은 일반인 부문으로 접수해주시면 됩니다! )
————————————————– 아  래 ———————————————————-
□
신청방법 및 대상
○
신청기간
:
2017.10.10.(
화
) 14:00 ~ 2017.10.17.(
화
) 17:00
○
신청방법
: E-mail (
changup
@ssu.ac.kr
)
접수
첨부파일 신청서 작성하여
E-mail
송부
*
파일명
:
슈퍼스타 통합 창업경진대회 신청서
_
일반인
_
신청자 성명
○
참가대상
:
예비창업자 및 창업초기기업
(3
년 미만
)
○
제외대상
–
타인의 지적재산권을 침해하거나 침해할 우려가 있는 아이템
–
동일 아이템으로 수상 경력이 있는 아이디어
–
모집공고일 기준 창업
3
년 이상 창업자
(
팀
)
□
제출서류
○
‘
슈퍼스타 통합 창업경진대회 신청서
’ 1
부
*
첨부파일 참조
○
사업자등록증
(
기 창업자에 한함
)
□
선정절차 및 심사방법
○
선정 절차
: 1
차 사업계획서 서류심사 후 멘토링
(
전문가와 창업자
1:1
매칭
)
으로 사업계획을 고도화 하고
2
차 발표심사를 통해 최종 시상팀 선발
1
차 서류심사
선정 수
2
차 발표심사
선정 수
일반인
전국 대학원생
,
대학 휴학생 및 일반인
10
개 팀
5
개 팀
대학생
교내 대학 재학생
12
개 팀
6
개 팀
○
심사 방법
:
각 트랙 평가위원별 창업자 보유역량
,
창업아이템의 기술성 및 사업성 등의 평가점수를 합산하여 산술평균을 산출
□
추진일정
단
계
세부내용
일
정
신청기간
참가자
(
팀
)
모집
~2017.10.17.
1차 서류심사
온라인 서류평가
2017.10.18.~19.
1
차 서류심사 발표
이메일 및 문자 통보
2017.10.20.
멘토링
1
차 서류심사 통과자 대상 멘토링
2017.10.23.~31.
2
차 발표평가 및 시상
트랙별 발표평가 및 시상식
2017.11.03.
*
상기 일정은 변경될 수 있습니다
□
지원내용
시상구분
시상편수
상금
일반인
대상
1
팀
300
만원
최우수상
2
팀
200
만원
우수상
2
팀
150
만원
대학생
대상
1
팀
300
만원
최우수상
2
팀
200
만원
우수상
3
팀
100
만원
□
문의처
○
숭실대학교 창업지원단
※
전화
: 02-820-0016
안소정 드림
=====================================================
숭실대학교  / 창업교육·지원팀
Tel
: 02)820-0016   /
Fax
: 02)820-0018   /
e-mail
:
sj7@ssu.ac.kr
156-743 서울시 동작구 상도로 369 숭실대학교 벤처관 207-6호
====================================================="
japanese_language,WAHAHA일본어학교- 파트너 십：단체연수 및 가을/겨울 프로그램 안내,N/A,2017-10-10,https://japanstu.ssu.ac.kr/%ed%95%99%ea%b3%bc%ec%82%ac%eb%ac%b4%ec%8b%a4%ec%95%8c%eb%a6%bc/%ea%b3%b5%ec%a7%80%ec%82%ac%ed%95%ad/?term_id&slug=2363,"안녕하십니까.
저는 일본・후쿠오카에 있는 WAHAHA일본어학교 Project Assistant Manager인 사카모토 아야노라고 합니다.
현재, 저희 WAHAHA일본어학교에서는 어학연수 프로그램에 참여하시는 대학교 파트너를 찾고 있습니다.
단기유학을 중심으로 생활 일본어 학습은 물론 여러 문화체험이나 행사를 통해 유학생들이 후쿠오카를 즐길 수 있는 연수를 제공하고 있습니다.
작은 반(편균 2~3명, 최대 4명)이기 때문에 학생 한 명 한 명의 약점을 파악하고 효과적인 학습방법을 채용합니다. 또한 작은 학교이므로 가정적인 분위기로 학생과 강사의 거리가 가까워 교실 외에도 활발한 의사소통이 가능하고 이벤트를 통해 교실 외에서도 즐거운 유학생활을 보내실 수 있을 겁니다.
– 단체 일본어 연수
학교 단체 연수도 환영합니다. 일본어 학습뿐만 아니라 일본 문화 체험이나 여러 경험을 할 수 있는 프로그램입니다. 연수내용은 관심이나 예산에 맞게 일정을 짤 수 있습니다. 예전에 한국 대학교 2교 연수를 실시한 실적이 있습니다.(하나는 인턴십 프로그램입니다.) 자세한 내용은 부담없이 문의해주십시오.
– 가을 특별 코스
일본어를 공부하면서 일본 가을을 즐길 수 있는 코스. 가을은 음식물이 풍부하고 가을만에 경험해볼 수 있는 행사들이 많습나다
– 일본 설날 체험 특별 코스
일본어를 공부하면서 일본 선날을 체험할 수 있는 코스입나다. 연말연시를 일본에서 지내보고 싶은 사람에게 추천합니다.
프로그램에 관한 자료를 첨부하오니 가능하시면 귀학교에서 개시해주시고 혹시 일본 단기유학이나 관광을 생각하는 분이 계시면 추천해주시면 감사하겠습니다. 단체 연수뿐만 아니라 개인 유학도 환영합니다.
저는 한국에 유학을 한 경험이 있어 한국말로 안내해 드릴 수 있사오니 일본유학에 불안감을 가지고 계시는 분들도 마음 놓고 저희 학교에서 공부하실 수 있습니다.
앞으로 귀 학교와 좋은 파트너가 될 수 있기를 기원합니다.
궁금한 것이 있으시면 언제든지 문의해 주십시오.
그럼 오늘도 즐겁고 편안한 하루를 보내시길 바랍니다.
감사합니다.
WAHAHA일본어학교
사카모토 아야노 올림
HP: http://wahahanihongo.com
Facebook: https://www.facebook.com/wahahanihongo/
=========================================================
WAHAHA Studio Japan Co.,Ltd.
Project Assistant Manager
SAKAMOTO　Ayano
Address: Maizuru 2-2-7-4FL, Chuo-ku Fukuoka-shi Fukuoka Japan 810-0073
Tel: +81 92 737 2288
Fax: +81 92 737 2289
HP: http://wahahanihongo.com
Facebook: https://www.facebook.com/wahahanihongo/"
japanese_language,일본어 통역 알바,N/A,2017-10-10,https://japanstu.ssu.ac.kr/%ed%95%99%ea%b3%bc%ec%82%ac%eb%ac%b4%ec%8b%a4%ec%95%8c%eb%a6%bc/%ea%b3%b5%ec%a7%80%ec%82%ac%ed%95%ad/?term_id&slug=2362,"안녕하세요?
지이로지스틱스 유영선 실장이라고 합니다.
아래와 같이 일본어 통역 알바가 필요하니 확인 부탁 드립니다.
수준 : 생활일본어 상급정도
성별 : 가능하면 남자분
일정
10월 15일 일요일 오전 9:00~18:00까지 인천공항내 물류단지에서 일본파트너 통역업무
지하철 ‘7호선 광명사거리’역에서 오전 9~10시 사이 정도 픽업하여 인천공항 도착
10월 23일 월요일 오전 10:00~18:00까지 화성시 현대자동차 롤링힐스 호텔에서 비상 대기만 하는 업무
지하철 7호선 광명사거리역에서 오전 9~10시 사이 정도 픽업하여 롤링힐스 도착
**시간은 1시간 내외로 변동 가능
보수 : 전화 협의
감사합니다.
Jerry You / 유영선 실장
GE Logistics Co., Ltd. – Global Exhibition
Seoul, Korea
M : +82-(0)10-3743-4061
T : +82-(0)2-2611-1311
E : jerry@gelogistics.co.kr"
japanese_language,교리쯔 국제교류장학재단 서울사무소,N/A,2017-09-28,https://japanstu.ssu.ac.kr/%ed%95%99%ea%b3%bc%ec%82%ac%eb%ac%b4%ec%8b%a4%ec%95%8c%eb%a6%bc/%ea%b3%b5%ec%a7%80%ec%82%ac%ed%95%ad/?term_id&slug=2358,"안녕하세요
교리쯔 장학재단 서울사무소의 김 정만입니다.
서울사무소 개최, 주거, 진학, 취업설명회및 기숙사정보 자료를 보내드립니다.
교리쯔 장학재단 서울사무소
김 정만
문의처
서울사무소 : 02-757-2343
http://www.kyoritsu.or.kr"
japanese_language,[2017글로벌취업박람회] KOTRA 후쿠오카 무역관,N/A,2017-09-27,https://japanstu.ssu.ac.kr/%ed%95%99%ea%b3%bc%ec%82%ac%eb%ac%b4%ec%8b%a4%ec%95%8c%eb%a6%bc/%ea%b3%b5%ec%a7%80%ec%82%ac%ed%95%ad/?term_id&slug=2355,"안녕하십니까?
KOTRA 후쿠오카무역관의 오성미 입니다.
후쿠오카를 포함한 규슈 지역에 있는 기업에 관한 추가 홍보입니다.
첨부드린 [2017 글로벌취업취업박람회 규슈지역참가기업]은 총 3장이며
규슈지역 기업 16개 사를 제조업, 서비스업, IT업으로 분류해 정리한 것 입니다.
위 내용은 해외구인구직사이트 월드잡에 구인등록 되어 있으며, 월드잡에서 참가 신청 및 이력서 접수를 하실 수 있습니다.
www.worldjob.or.kr
궁금하신 점 있으시면 언제든지 문의 주십시요.
KOTRA 후쿠오카무역관
*첨부
1. 2017 하반기 글로벌취업상담회 안내문(신청사이트 : http://kotrajobfair.or.kr/)
2. 2017 글로벌취업취업박람회 규슈지역참가기업
끝."
japanese_language,(한일협회) 2017년 전국 대학생 일본어 번역대회,N/A,2017-09-26,https://japanstu.ssu.ac.kr/%ed%95%99%ea%b3%bc%ec%82%ac%eb%ac%b4%ec%8b%a4%ec%95%8c%eb%a6%bc/%ea%b3%b5%ec%a7%80%ec%82%ac%ed%95%ad/?term_id&slug=2353,"안녕하십니까
.
사단법인
한일협회입니다
.
본
협회는
아래
대회의
접수를
현재
실시
중에
있습니다
.
–
아
래
–
2017
년
(
제
5
회
)
전국
대학생
일본어
번역대회
실시
안내
대회일
– 2017
년
10
월
14
일
(
토
)
대회장소
–
서울
/
부산
<
접수마감일
: 10
월
9
일
(
월
) >
(
한일협회
홈페이지에서
인터넷접수
)
본
협회는
2017
년도
(
제
5
회
)
전국
대학생
일본어
번역대회를
실시합니다
.
대학생을
대상으로
일본어
학습의욕을
향상시킴과
동시에
,
일본어
학습목표
달성을
위한
동기부여를
목적으로
합니다
.
이
대회에서
우수한
번역능력을
발휘한
11
명의
학생에게는
상장과
부상이
수여되며
,
성적
상위자
참가하는
자격이
주어집니다
. (
일본방문은
2018
년
1
월경
실시
)
또한
,
참가자가
대회
종료
후에도
출제문제를
다시
한번
풀어보고
스스로
학습하는
기회를
가질
수
있도록
하기
위해
<
후속대회
>
를
실시하며
,
우수한
성적을
거둔
10
명에게도
상장과
부상이
수여됩니다
.
<
대회
상세내용
보기
>
http://www.koja.or.kr/new/02_business/business_06.php
위 링크로 들어가시면 번역대회 포스터 파일을 다운로드 받을 수 있습니다.
**************************************************
Korean Japanese Association  ( KOJA )
JANG JUN SEONG (
koja2@koja.or.kr
)
Tel : +82-2-3452-5999   Fax : +82-2-552-1062
KOJA (
www.koja.or.kr
)   EJU (
www.ejutest.com
)
BJT (
www.bjttest.com
)
**************************************************"
japanese_language,"[그린서비스] 9월 27-28일, 금산 인삼 엑스포 통역사 모집",N/A,2017-09-20,https://japanstu.ssu.ac.kr/%ed%95%99%ea%b3%bc%ec%82%ac%eb%ac%b4%ec%8b%a4%ec%95%8c%eb%a6%bc/%ea%b3%b5%ec%a7%80%ec%82%ac%ed%95%ad/?term_id&slug=2352,"안녕하십니까
코트라 공식 통역업체 그린서비스입니다.
아래와 같이 통역사님을 모집하오니 관심있으신 분들은 많은 지원 및 추천 바랍니다.
* 확정되신 분들께 개별연락 드립니다.
확정 메일을 받으신 통역사님의 개인 정보가 업체 측에 바로 송부가 되오니 취소가 안됩니다.
< 다 음 >
1. 행 사 명 : 금산 인삼 엑스포
2. 일 시 : 2017년 9월 27-28일 (총 2일) / 09:00-18:00 (양일 서울 양재역에서 06시 15분까지 모여 함께 버스로 이동예정)
3. 장 소 :  금산 엑스포
4. 내 용 : 금산 인삼 엑스포 수출상담회
5. 모집언어 :   ​
일본어 0명  10만원
* 행사일 이전 이메일로 교육 자료 송부하여 드립니다.
* 통역비용 식대 포함입니다.
6. 지원자격 : 관련 언어 능통자/ 수출상담회 및 전시통역 경험 풍부한 자/통,번역대학원 재학생 또는 졸업생 /외국 대학교 졸업생 및 유학생 (통역사해당)
7. 지원방법 : 학력, 경력 위주로 작성한 국문이력서 1부를 당사 이메일 greentrans21@naver.com으로 송부
(보내실때 제목에 <행사명-언어-이름> 기재 바람)
EX-  <인삼엑스포-영어-성함>
8. 문의사항 : 그린서비스 이메일(greentrans21@naver.com),
감사합니다.
Green Service Co.,Ltd
Trapalace 340, 234, Hwangsaeul-ro, Bundang-gu
Seongnam-si, Gyeonggi-do, KOREA
Tel: +82 31 715 3426, 3037
Fax: +82 31 717 2242
E-mail: greentrans21@hanmail.net
www.greentrans.co.kr"
japanese_language,"[그린서비스] 9월 22일,27일, 제천 한방 바이오엑스포 통역원 모집",N/A,2017-09-20,https://japanstu.ssu.ac.kr/%ed%95%99%ea%b3%bc%ec%82%ac%eb%ac%b4%ec%8b%a4%ec%95%8c%eb%a6%bc/%ea%b3%b5%ec%a7%80%ec%82%ac%ed%95%ad/?term_id&slug=2351,"안녕하십니까
통번역 업체 그린서비스 입니다.
아래와 같이 통역사님을 모집하오니 관심있으신 분들은 많은 지원 및 추천 바랍니다.
주변에 가능하신 통역사님 지인분들 있으실 경우 함께 추천 부탁드립니다.
* 확정되신 분들께 개별연락 드립니다.
확정 메일을 받으신 통역사님의 개인 정보가 업체 측에 바로 송부가 되오니 취소가 안됩니다.
< 다 음 >
1. 행 사 명 : 제천 한방 바이오 엑스포
2. 일 시 : 2017년 9월 22일,27일(총 2일) / 09:00-18:00 (양일 서울 양재역에서 06:30에 함께 버스로 이동예정)
3. 장 소 :  충북 제천
4. 내 용 : 제천 한방 바이오 엑스포
5. 모집언어 :   ​
선착순 영어 30명 10만원
선착순 일어 10명 10만원
선착순 중어 17명 10만원
* 행사일 이전 이메일로 교육 자료 송부하여 드립니다.
* 통역비용 식대 포함입니다.
6. 지원자격 : 관련 언어 능통자/ 수출상담회 및 전시통역 경험 풍부한 자/통,번역대학원 재학생 또는 졸업생 /외국 대학교 졸업생 및 유학생 (통역사해당)
7. 지원방법 : 학력, 경력 위주로 작성한 국문이력서 1부를 당사 이메일 greentrans21@naver.com으로 송부
(보내실때 제목에 <행사명-언어-이름> 기재 바람)
EX-  <제천-영어-성함>
8. 문의사항 : 그린서비스 이메일(greentrans21@naver.com),
감사합니다.
Green Service Co.,Ltd
Trapalace 340, 234, Hwangsaeul-ro, Bundang-gu
Seongnam-si, Gyeonggi-do, KOREA
Tel: +82 31 715 3426, 3037
Fax: +82 31 717 2242
E-mail: greentrans21@hanmail.net
www.greentrans.co.kr"
japanese_language,한일재단)「일본 모노즈쿠리 IoT 연수(제2차)」참가자 모집안내,N/A,2017-09-19,https://japanstu.ssu.ac.kr/%ed%95%99%ea%b3%bc%ec%82%ac%eb%ac%b4%ec%8b%a4%ec%95%8c%eb%a6%bc/%ea%b3%b5%ec%a7%80%ec%82%ac%ed%95%ad/?term_id&slug=2350,
japanese_language,[모집 마감 임박] 17년 하반기 아모레퍼시픽 직무 Talk 콘서트에 초대 홍보 요청 건 (~09/20),N/A,2017-09-18,https://japanstu.ssu.ac.kr/%ed%95%99%ea%b3%bc%ec%82%ac%eb%ac%b4%ec%8b%a4%ec%95%8c%eb%a6%bc/%ea%b3%b5%ec%a7%80%ec%82%ac%ed%95%ad/?term_id&slug=2347,"■ 게시제목
:
17
년 하반기 아모레퍼시픽 직무
Talk
콘서트에 초대합니다
!
■ 게시내용
:
●
직무
T
alk
콘서트
:
현직 선배사원들과의 대화를 통해 아모레퍼시픽의 다양한직무에 대해 알아보고
,
채용 꿀팁까지 얻어갈 수 있는 원데이
Talk
콘서트
●
대상 직무
:
영업
/
마케팅
/ SCM / R&D
● 일시
:
2017
년
9
월
23
일
(
토
)
09:00
–
18:00
(1, 2
차 중 선택 지원
,
중복 지원 불가
)
– 1
차
(
영업
,
마케팅
) :
09:00
–
13:00
– 2
차
(SCM, R&D): 14:00
–
18:00
●
장소
:
아모레퍼시픽 본사
(
서울 중구 청계천로
100
시그니처타워
)
_______________________________________________________________________________________
20일
(
수
) 13:00
까지
○ 접수 방법
:
홈페이지 참가 신청 작성
–
참석여부 확정 및 참석 안내
(
개별
SMS /
이메일 통보
)
○ 선발 기준
:
3
가지 미션 수행 후 메시지 보내신 분들을 우선 선발
(Amorepacific
채용
Facebook
참조
),
나머지 분들에 대해 무작위 추첨 방식으로 선발합니다
.
※ 리크루팅 행사 규모에 따라 신청하신 모든 분을 초청하지 못하는 점 양해 부탁드립니다
.
채용 페이스북
(
미션 수행
)
바로가기 ▶
https://www.facebook.com/amorepacific.recruit/
채용 홈페이지
(
참가 신청
)
바로가기 ▶
http://recruit.amorepacific.co.kr/home.do"
japanese_language,일본취업박람회(합동채용면접회) 개최,N/A,2017-09-18,https://japanstu.ssu.ac.kr/%ed%95%99%ea%b3%bc%ec%82%ac%eb%ac%b4%ec%8b%a4%ec%95%8c%eb%a6%bc/%ea%b3%b5%ec%a7%80%ec%82%ac%ed%95%ad/?term_id&slug=2341,"안녕하십니까,
저희는 금번 코엑스에서 개최되는 2017 제 6회 일본취업박람회를 주관하는 (주) 글로벌터치코리아 입니다.
특히, 본 박람회(합동채용면접회)의 서류접수마감은 10월 1일 23:59 이오니, 이점 잘 부탁드리겠습니다.
항상 건강하시고 귀교 및 귀 학과의 무궁한 발전을 기원합니다.
감사합니다
글로벌터치코리아 드림
첨부: 참가기업_직종_기업별_모집요강_170915.xlsx 1부
참가기업_직종_기업별_모집요강_170915.pdf 1부
모집기업_직종_일람_0915.jpeg 1부
포스터_최종_0822.jpeg 1부
글로벌-2017-포스터(최종)170822.pdf 1부
이상
———————————————
(주) 글로벌터치코리아
일본취업박람회 운영사무국
서울특별시 마포구 성미산로 142, 대룡빌딩 301호
TEL: 02-319-2999 / FAX: 070-8677-7480
recruit_gt@naver.com(당사대표) / jobfairinfo@global-touch.com (학생용)
———————————————"
japanese_language,[KOTRA 취업지원팀] 2017 일본/영미권 취업스쿨 및 글로벌취업박람회 안내,N/A,2017-09-18,https://japanstu.ssu.ac.kr/%ed%95%99%ea%b3%bc%ec%82%ac%eb%ac%b4%ec%8b%a4%ec%95%8c%eb%a6%bc/%ea%b3%b5%ec%a7%80%ec%82%ac%ed%95%ad/?term_id&slug=2338,"안녕하십니까, KOTRA 취업지원팀입니다.
KOTRA에서는 해외취업을 희망하는 국내 청년들을 위해 매년 글로벌취업박람회를 진행하고 있습니다.
또한 금번에는 2017 하반기 글로벌취업박람회(11월)와 연계하여 일본/영미권 취업스쿨(9월)을 개최합니다.
해외취업을 희망하는 학생들에게 많은 홍보 부탁드립니다.
1. 2017 하반기 글로벌취업박람회 안내
2017 하반기 글로벌취업박람회는 11월 6일(부산), 8일(서울)에 개최하며,
사전신청은 월드잡 플러스(
http://www.worldjob.or.kr
) 글로벌취업박람회 구인공고 지원을 통해 신청하실 수 있습니다.
부산행사의 경우, 현장지원을 통한 면접도 가능합니다.
모집공고는 수시 업데이트 중이며, 사전신청은 9월 30일에 마감됩니다. 다양한 직종을 모집 중이니 많은 참여 바랍니다.
2. 일본/영미권 취업스쿨 안내
일본 취업스쿨(9월 26일)과 영미권 취업스쿨(9월 27일)에서는
일·영문이력서 작성가이드와 면접 팁 등 알짜배기 강의로 진행될 예정입니다.
구글독스를 통하여 사전신청해주신 분들에 한해 참석 가능합니다.
▣ 신청방법
아래 URL 클릭하여 신청서 및 설문작성
https://goo.gl/forms/nekGeK1wpllnMgas1
신청마감: 9/21 (목) 24:00
ㅇ 날짜:  2017.09.26 ~ 09.27 (화/수)
ㅇ 장소: KOTRA 본사 지하1층 국제회의장
ㅇ 규모: 사전신청자 400명 (200명 X 2일)
단, 취업스쿨 참가 신청 후 불참할 시
917011@kotra.or.kr
로 이름과 연락처를 적어 미리 알려주시기 바랍니다.
무단 불참할 경우, 추후 kotra에서 진행하는 행사 참가에 불이익이 있을 수 있습니다.
보다 자세항 사항 및 공고정보는 KOTRA 해취투게더 카페(
http://cafe.naver.com/kotrajobinfo
)와
월드잡 플러스(
http://www.worldjob.or.kr
)를 참고해 주시기 바라며,
해외취업행사 관련 문의는 메일로 회신주시면 친절히 답변해 드리겠습니다.
감사합니다.
좋은 하루 되세요.
이규민(
Lee, Gyu Min)
l 사원
Staff
일자리사업실 / 취업지원팀
(Employment Support Team
)
KOTRA (Korea Trade-Investment Promotion Agency)
서울시 서초구 헌릉로 13 (우: 06792)
TEL
82-2-3460-7395
|
FAX
82-2-3460-7915
|
EMAIL
917526@kotra.or.kr
www.kotra.or.kr"
japanese_language,[한일재단] 2017년도 제조현장 모노즈쿠리 관리자 육성연수 (2차) 참가자 모집안내,N/A,2017-09-13,https://japanstu.ssu.ac.kr/%ed%95%99%ea%b3%bc%ec%82%ac%eb%ac%b4%ec%8b%a4%ec%95%8c%eb%a6%bc/%ea%b3%b5%ec%a7%80%ec%82%ac%ed%95%ad/?term_id&slug=2336,
japanese_language,[한일재단] 2017년도 한일재단 경인지역 산업단지 재직자 교육 모집안내,N/A,2017-09-13,https://japanstu.ssu.ac.kr/%ed%95%99%ea%b3%bc%ec%82%ac%eb%ac%b4%ec%8b%a4%ec%95%8c%eb%a6%bc/%ea%b3%b5%ec%a7%80%ec%82%ac%ed%95%ad/?term_id&slug=2334,
japanese_language,2017-2 전문직 선배와의 만남,N/A,2017-09-12,https://japanstu.ssu.ac.kr/%ed%95%99%ea%b3%bc%ec%82%ac%eb%ac%b4%ec%8b%a4%ec%95%8c%eb%a6%bc/%ea%b3%b5%ec%a7%80%ec%82%ac%ed%95%ad/?term_id&slug=2332,"안녕하세요.
경력개발센터 고시지원실입니다.
새학기를 맞이하여 진로선택과 취업 문제로 고민하는 학우들을 위해 붙임과 같이 ""전문직 선배와의 만남"" 행사를 개최합니다.
각 분야 전문직 선배에게 해당 분야의 가감없는 이야기를 듣고 질의응답하는 의미있는 자리를 마련하였사오니 관심있는 학생들이 많이 참석할 수 있도록 홍보에 적극 협조해 주시기리를 당부 드립니다.
감사합니다.
==============================
숭실대학교 경력개발센터 고시지원실
Ofiice: 02-828-7466
E-MAIL: exam
@ssu.ac.kr
————————————-
이석원
숭실대학교 인문대학 교학팀 과장
Tel : 02-820-0303
Fax : 02-824-4382
e-mail :
leesw@ssu.ac.kr
————————————-"
japanese_language,[현대자동차그룹] 자동차 햅틱 기술 아이디어 공모전 (~10/13),N/A,2017-09-11,https://japanstu.ssu.ac.kr/%ed%95%99%ea%b3%bc%ec%82%ac%eb%ac%b4%ec%8b%a4%ec%95%8c%eb%a6%bc/%ea%b3%b5%ec%a7%80%ec%82%ac%ed%95%ad/?term_id&slug=2329,"현대자동차그룹과 한국햅틱스연구회가 함께하는
자동차 햅틱 기술 아이디어 공모전 !
미래자동차 구현을 위하여 자동차에 햅틱 기술을 적용한 혁신적인
개선 아이디어 또는 기존에 존재하지 않은 새로운 아이디어 제안
* 햅틱이란 ‘만지는’이란 뜻으로, 본 공모전에서는
기존의 시각 (예: HUD)이나 청각 (예: 충돌 경고 신호) 기술과 더불어,
‘만지는’ 촉감 기술이 자동차에 적용될 수 있는 아이디어를 찾고 있습니다.
●지원자격:
전국 대학(원)생 및 일반인 (1인~4인으로 팀 제출 가능)
●공모방법:
참가신청서 1부, 아이디어제안 내용 1부 제출
(양식은 한국햅틱스연구회 홈페이지에서 다운로드)
http://www.haptics.or.kr
●접수기간
2017년 10월13일 자정 까지
(신청서 및 제안서 메일 발송시간 기준)
●제출처
hyundai.haptics@gmail.com 로 이메일 접수
●진행일정
서류접수 (~10/13) ▶ 서류심사 (발표자 선정) ▶ 현장발표 (11/03) ▶ 최종선정 (3편)
서류심사 합격팀 (10월23일 통보 예정)에 한하여 2017년 11월 3일에 개최되는
한국햅틱스워크샵 (장소: 경희대학교 국제캠퍼스 전자정보대학관)에서
팀별 현장발표를 진행할 예정입니다. 워크샵 당일 최종 선정된 3팀에게 상금이 수여됩니다.
●시상내역
최우수상 (1팀) | 200만원
우수상 (1팀) | 100만원
장려상 (1팀) | 50만원
●문의
hyundai.haptics@gmail.com 로 문의
●후원
현대자동차, 현대엔지비, 한국햅틱스연구회"
japanese_language,[경기도일자리재단] 인문예술계열 융합 직업 프로그램(전액 무료),N/A,2017-09-11,https://japanstu.ssu.ac.kr/%ed%95%99%ea%b3%bc%ec%82%ac%eb%ac%b4%ec%8b%a4%ec%95%8c%eb%a6%bc/%ea%b3%b5%ec%a7%80%ec%82%ac%ed%95%ad/?term_id&slug=2328,"안녕하세요,
저는 < 인문예술계열 융합 직업 프로그램 > 실무 담당 담당 김창한입니다.
< 인문·사회·예술계열 전공자 융합직업 프로그램> 은 경기도일자리재단 주관으로 청년, 특히 인문·사회·예술계열 취업 준비생들을 돕고자 사회 선배들이 의기투합, 멘토 역할을 자처해 재능기부 형식으로 운영되는 사회 공헌 교육 프로그램입니다. (수강료 전액 무료)
프로그램 모집 포스터를 첨부합니다.
졸업을 앞둔 학생들과 취업 준비생들이 많이 볼 수 있는 학교 사이트 게시판 및 학생 커뮤니티를 통해 널리 알려주실 것을 부탁드립니다. (게시 후 간단이라도 답장 주시면 정말 감사하겠습니다.)
● 교수진
교장 최재천(이화여대 석좌교수), 강원국 (前 대통령 연설비서관), 민경중 (전 cbs 보도국장), 석종훈 (전 daum 사장), 최준석(주간조선 선임 기자), 홍혜걸(방송인, 의학채널 비온뒤 대표), 홍성국(전 미래에셋대우 대표), 이현재(배달의민족 CR실장) 등
현업 전문가 20여 명의 강의와 멘토링으로 진행됩니다.
● 프로그램 상세 소개 : http://blog.naver.com/su-up
● 모집 대상
① 경기도 거주중인
인문·사회·예술 계열 졸업자, 졸업예정자, 마지막 학년 휴학생
(서울 지역 대학을 다니더라도 경기도에 거주하는 취준생이면 누구나 지원 가능합니다)
인문·사회·예술계열 전공자 융합직업 프로그램의 모태라 할 수 있는 ‘무동학교’ 보도 자료 보내드립니다.
무동학교 1기, 2기, 3기 졸업생을 성공리에 배출했고, KBS 특집 다큐멘터리 <대학, 교양에 길을 묻다>, 중앙일보, 한국일보, 머니 투데이, CBS, EBS, YTN 등 주요 언론에도 소개되었습니다. (아래 언론보도 링크 참조)
** 경기도 인문사회예술계열 융합직업 프로그램이 만들어진 계기가 되었던 무동학교 관련 언론 보도 ***
[중앙일보] “문과 출신의 ‘문송’은 그만, 무동 태워 주렵니다”
http://news.joins.com/article/19692982
[EBS] <교육 현장 속으로> ‘무동학교’ 문과대 졸업생들을 사회로!
http://news.ebs.co.kr/ebsnews/allView/10471498/N
[YTN] 인문계 취업난 선배들이 무동태워 극복
http://www.ytn.co.kr/_ln/0102_201603112039564758
[한국일보]“무동 태워드릴 테니, ‘문송’은 이제 그만”
http://www.hankookilbo.com/v/4e27e070ee304747994e6e8f80de88f4
[머니투데이]”‘문송합니다’는 그만…후배들에게 어깨를 빌려주고싶다”
http://www.mt.co.kr/view/mtview.php?type=1&no=2016030311051280181&outlink=1
컬처컴퍼니 썸
서울시 종로구 사직로 9길 22, 2층(필운동 32-1)
TEL 02-735-2208 FAX 02-735-3309
*3호선 경복궁역 1번 출구 도보 7분, 매동초등학교 맞은편 빨간벽돌집"
japanese_language,[취업박람회 안내]코스닥 코넥스 상장기업 취업박람회,N/A,2017-09-11,https://japanstu.ssu.ac.kr/%ed%95%99%ea%b3%bc%ec%82%ac%eb%ac%b4%ec%8b%a4%ec%95%8c%eb%a6%bc/%ea%b3%b5%ec%a7%80%ec%82%ac%ed%95%ad/?term_id&slug=2327,"‘코스닥 코넥스 상장기업 취업박람회 ‘
채용공고 안내드립니다.
담당자님께.
안녕하십니다. 헤럴드 경제에서 오는 10월 코스닥코넥스 상장기업 취업박람회를 개최합니다.
구직자들은 저희 홈페이지(http://www.kosdaqjobfair.co.kr)에서 채용 공고를 확인한 후 바로 사전면접 신청 페이지를 작성할 수 있습니다. 사전면접을 신청하시면 해당 기업에 구직자들의 정보를 미리 알려줄 수 있습니다. 더불어 저희 시스템 상으로 INSEED 검사까지 진행하실 수 있습니다.
본 행사는 무료이며, 사전면접을 신청하거나 현장등록하여 바로 면접을 진행하실 수 있습니다.
올해 8회째를 맞이하여 더욱 더 성공적인 행사가 될 수 있도록 구직자들의 많은 참여를 부탁드리기 위해 메일을 드렸습니다.
더불어 취직을 준비하는 학생들에게 도움이 될 수 있길 기원합니다.
———————–아래의 내용을 학생들에게 게시해주시면 감사하겠습니다.——————————-
[제 8회 코스닥 코넥스 상장기업 취업박람회]
대중경제문화 콘텐츠페이퍼 ‘헤럴드경제’와 최정상 종합영자신문 ‘코리아헤럴드’를 발행하는 ㈜헤럴드는 오는 10월, 『2017 제8회 코스닥·코넥스 상장기업 취업박람회』를 개최합니다.
본 행사는 지난 2010년 처음 개최된 이래 매년 100여 우수 KOSDAQ, KONEX상장기업이 참가하는 국내 유일의 KOSDAQ 상장기업 전문 취업박람회로서 최상의 구인 및 구직 활동이 이루어 질 수 있는 장을 제공합니다.
본 행사에 많은 관심과 참여를 부탁드립니다.
1. 일시 및 장소
– 일  시 : 2017년 10월 12일(목)~ 13일(금) / 2일간
– 장  소 : 서울 삼성동 코엑스 신관 3층 D2홀
2. 주최/주관 : 헤럴드경제, 한국거래소, 코스닥협회
3. 후     원 : 고용노동부, 전국대학교취업관리자협의회
4. 행사내용 : 인사담당자들과의 1대1 면접, 채용설명회, 취업특강, 부대행사(이력서 사진, 메이크업 등)
5. 담     당 : ㈜헤럴드 전략사업팀 정명우과장 (02)727-0312
E-mail : andyjung79@heraldcorp.com
㈜헤럴드 전략사업팀 김서연 (02)727-0045
E-mail : sykim@heraldcorp.com"
japanese_language,[창업지원단] SK청년비상프로그램,N/A,2017-09-07,https://japanstu.ssu.ac.kr/%ed%95%99%ea%b3%bc%ec%82%ac%eb%ac%b4%ec%8b%a4%ec%95%8c%eb%a6%bc/%ea%b3%b5%ec%a7%80%ec%82%ac%ed%95%ad/?term_id&slug=2325,"안녕하세요.
창업지원단 직원 박민주입니다.
[SK청년비상] SK청년비상 개설강좌 수강신청 안내
SK본선진출의 기회!!!
SK와 창업진흥원에서 지원하는 청년기업가양성프로젝트-‘SK청년비상프로그램’의 개설강좌 수강신청 안내드립니다
1) 창업및기술경영-Cash Class
2) 창업및기술경영-기술사업화
– 모든 과목 3학점 / 절대평가
– Cash Class 과목 시제품 제작비 지원
<수강 혜택>
1) 2017년도 SK창업동아리 선발 시 가점
2) 본교 SK창업경진대회 참가요건 충족
→ 경진대회 우승팀 상금 지급 및 SK본선 진출
많은 관심 및 수강신청 부탁드립니다.
(창업지원단 SK청년비상팀, 02-828-7477)
상기 내용으로 SMS발송 부탁드립니다!
박민주 드림.
===========================================================================
숭실대학교 창업지원단 SK청년비상프로그램 전담인력 박민주
/Tel. 02)828-7477  /Mobile.
/E-mail. ssupmj@ssu.ac.kr
==========================================================================="
japanese_language,[bhc-BSR] 대학생 대외활동 모집,N/A,2017-09-07,https://japanstu.ssu.ac.kr/%ed%95%99%ea%b3%bc%ec%82%ac%eb%ac%b4%ec%8b%a4%ec%95%8c%eb%a6%bc/%ea%b3%b5%ec%a7%80%ec%82%ac%ed%95%ad/?term_id&slug=2321,"bhc 치킨에서 대학생 대상으로
bhc 해바라기 봉사단과 bhc 엔젤을 모집하고 있으니,
대학생들의 많은 참여 독려 부탁 드립니다.
이와 관련해 협조 공문 및 bhc-BSR 해바라기 봉사단, bhc 엔젤 모집 요강 각 1부씩
첨부 드리오니 확인 부탁 드리겠습니다."
japanese_language,[한일재단] 「2017 일본 온라인마켓 진출 설명회 및 상담회」모집 안내,N/A,2017-09-06,https://japanstu.ssu.ac.kr/%ed%95%99%ea%b3%bc%ec%82%ac%eb%ac%b4%ec%8b%a4%ec%95%8c%eb%a6%bc/%ea%b3%b5%ec%a7%80%ec%82%ac%ed%95%ad/?term_id&slug=2317,"(재)한일산업기술협력재단
서울시 강남구 선릉로131길 18-4 한일재단빌딩
대표전화 : 02-3014-9898"
japanese_language,[경기도일자리재단] 글로벌 잡 디스커버리,N/A,2017-09-06,https://japanstu.ssu.ac.kr/%ed%95%99%ea%b3%bc%ec%82%ac%eb%ac%b4%ec%8b%a4%ec%95%8c%eb%a6%bc/%ea%b3%b5%ec%a7%80%ec%82%ac%ed%95%ad/?term_id&slug=2314,"​
​
안녕하세요!
경기도일자리재단 해외취업팀 입니다.
재단에서 일본취업을 지원하는 글로벌잡디스커버리 3기를 지나
[잡디스커버리 4기]를 진행하고 있습니다!
일본취업 교육컨설팅 전문업체의
이력서 첨삭 및 실전 모의면접 특강(2일간 진행)을 받아
일본취업에 한 발 짝 더 다가가도록 조력하고 있습니다.
해당 사항에 관심있는 학생들의
많은 참여와 홍보를 부탁드리고자
메일 보내드립니다~
관련 사항에 대해 궁금하신 분은
아래의 연락처로 문의주시면 되겠습니다.
감사합니다~!
관련 프로그램 링크.
​
​
http://www.gjf.or.kr/?page_id=340&uid=1393&mod=document
​
​Gyeonggido Job Foundation​
​​Overseas Employment Team
경기도일자리재단
해외취업팀
Tel: (031)270-9691
Fax:
(032)655-1007
E-mail:
global@gjf.or.kr
http://www.gjf.or.kr
​
​"
japanese_language,[그린서비스] 9월 14일-15일 인디브랜드페어 통역사 모집,N/A,2017-09-05,https://japanstu.ssu.ac.kr/%ed%95%99%ea%b3%bc%ec%82%ac%eb%ac%b4%ec%8b%a4%ec%95%8c%eb%a6%bc/%ea%b3%b5%ec%a7%80%ec%82%ac%ed%95%ad/?term_id&slug=2313,"안녕하세요.
그린서비스 이정미입니다.
아래와 같이 통역사님을 모집하오니 관심있으신 분들은 많은 지원 및 추천 바랍니다.
< 다 음 >
1. 행 사 명 : 인디 브랜드페어
2. 일 시 : 2017년 9월 14-15일, 09:00-18:00
3. 장 소 : aT센터
4. 내 용 : 수출상담회 통역
5. 모집언어 :  일본어 00명
6. 통역비용 : 1일 75,000원
* 확정되신 분들께 개별연락 드립니다.
* 행사일 이전 이메일로 교육 자료 송부하여 드립니다.
* 통역비용 교통비, 식대 포함입니다.
6. 지원자격 : 관련 언어 능통자/ 수출상담회 및 전시통역 경험 풍부한 자/통,번역대학원 재학생 또는 졸업생 /외국 대학교 졸업생 및 유학생 (통역사해당)
7. 지원방법 : 학력, 경력 위주로 작성한 국문이력서 1부를 당사 이메일 greentrans21@naver.com으로 송부
(보내실때 제목에 <행사명-언어-이름> 기재 바람)
EX-  <인디페어-영어-성함>
8. 문의사항 : 그린서비스 이메일(greentrans21@naver.com),
감사합니다.
Green Service Co.,Ltd
Trapalace 340, 234, Hwangsaeul-ro, Bundang-gu
Seongnam-si, Gyeonggi-do, KOREA
Tel: +82 31 715 3426, 3037
Fax: +82 31 717 2242
E-mail: greentrans21@hanmail.net
www.greentrans.co.kr"
japanese_language,[그린서비스] 오송 뷰티 화장품 산업 엑스포 수출상담회 통역사 모집,N/A,2017-09-04,https://japanstu.ssu.ac.kr/%ed%95%99%ea%b3%bc%ec%82%ac%eb%ac%b4%ec%8b%a4%ec%95%8c%eb%a6%bc/%ea%b3%b5%ec%a7%80%ec%82%ac%ed%95%ad/?term_id&slug=2312,"그린서비스 전시기획팀 이한솔 입니다.
아래와 같이 통역사님을 모집하오니 관심있으신 분들은 많은 지원 및 추천 바랍니다.
< 다 음 >
1. 행 사 명 : 오송 뷰티 화장품 산업 엑스포 수출상담회
2. 일 시 : 2017년 9월 12, 14일 / 09:00-18:00
3. 장 소 : 충북 청주 오송
4. 내 용 : 수출상담회 통역
5. 모집언어 : 영어 0명      9만원
중국어 0명    9만원
일본어 0명      9만원
(선착순 마감)
기타 :
06시 30분, 양재역에서 단체버스로 이동합니다.
중식쿠폰 7,000원 지급드립니다.
* 확정되신 분들께 개별연락 드립니다.
* 행사일 이전 이메일로 교육 자료 송부하여 드립니다.
* 통역비용 교통비 포함입니다.
6. 지원자격 : 관련 언어 능통자/ 수출상담회 및 전시통역 경험 풍부한 자/통,번역대학원 재학생 또는 졸업생 /외국 대학교 졸업생 및 유학생 (통역사해당)
7. 지원방법 : 학력, 경력 위주로 작성한 국문이력서 1부를 당사
이메일 greentrans21@naver.com
으로 송부
(보내실때 제목에 <행사명-언어-이름> 기재 바람)
EX-  <뷰티엑스포-영어-성함>
8. 문의사항 : 그린서비스 이메일(
greentrans21@naver.com
),
감사합니다.
<b>Green Service Co.,Ltd</b>
Trapalace 340, 234, Hwangsaeul-ro, Bundang-gu
Seongnam-si, Gyeonggi-do, KOREA
Tel: +82 31 715 3426, 3037
Fax: +82 31 717 2242
E-mail: greentrans21@hanmail.net
www.greentrans.co.kr"
japanese_language,"일본 “ROUTE INN HOTEL” 정규직, 인턴쉽 채용 면접회 개최 안내",N/A,2017-08-28,https://japanstu.ssu.ac.kr/%ed%95%99%ea%b3%bc%ec%82%ac%eb%ac%b4%ec%8b%a4%ec%95%8c%eb%a6%bc/%ea%b3%b5%ec%a7%80%ec%82%ac%ed%95%ad/?term_id&slug=2306,"일본 “ROUTE INN HOTEL” 정규직, 인턴쉽 채용 면접회 개최 안내
저희 (주) 엔씨코리아는 일본의 IT, 기계, 호텔 등에 국내의 우수한 인재를 소개하고있습니다.
2017년 10월 13(금, 부산)/14일(토, 서울) 일본내에 305개의 지점을 가지고있는 “루트인호텔”과 정규직, 인턴쉽 채용 면접회를 진행합니다.
첨부 내용을 참고하시어 많은 홍보를 부탁드립니다.
​
NCKOREA Co., Ltd.
Neo-Change! Neo-Challenge! Neo-Chance!
www.neo-c.co.kr
TEL : 02-761-3012
E:careermentor@neo-c.co.kr
Character Set :UTF-8"
japanese_language,[인텔리전스코리아] 2017 일본취업박람회 안내,N/A,2017-08-28,https://japanstu.ssu.ac.kr/%ed%95%99%ea%b3%bc%ec%82%ac%eb%ac%b4%ec%8b%a4%ec%95%8c%eb%a6%bc/%ea%b3%b5%ec%a7%80%ec%82%ac%ed%95%ad/?term_id&slug=2300,"안녕하세요
.
일본계 헤드헌팅사인 인텔리전스코리아 입니다
.
당사는 일본
Persol Group(
구
Temp Group)
의 한국 현지 법인으로서 국내외 유수의 기업으로의 취업을 지원하고 있습니다
.
산업통상자원부 산하재단 한일산업협력재단과 인텔리전스코리아가 주최하는
◈
2017 Good Job in Japan
일본기업취업박람회◈
정보내용 보내드립니다
.
올해로
4
년째를 맞이하는 일본취업 행사이며
,
현재까지 참가확정기업 리스트이며
,
참가기업은 더 추가될 예정입니다
(
국내 일본계 기업 채용건 추가예정
)
하기의 관련 내용 참고 부탁 드리며
,
관심 있는 학생들이 많이 참여 할 수 있도록 홍보 부탁 드립니다
.
지원사이트
:
www.intekorea.co.kr/global
자세한 채용 정보는 지원 사이트에서 확인 가능합니다
.
Ø
개요
:
일본기업 담당자들을 한국에 초청
,
서울에서
1
·
2
차 면접 실시
최종 합격 시
, 2018
년
4
월부터 일본 현지에서 근무
(
정규직 입사
)
Ø
대상
: 2018
년
2
월 대학 졸업예정자 및 기졸업자
(
일본어 또는 영어 가능자
)
Ø
참가기업
:
최대
13
사 예정
Ø
면접일시
:
2017
년
09
월
23
일
(
토
)
(
지원마감
– 9
월
09
일
(
토
) 24:00
까지
)
※온라인으로 입사지원 후
,
서류전형 합격자 대상으로 박람회 당일 면접을 진행하는 행사입니다
.
※복수지원 가능 하오니 많은 지원 부탁 드립니다
(
면접일정 겹침
x)
▶채용공고 확인 및 지원 사이트
:
http://www.intekorea.co.kr/global
———————————————————————————————————-
감사합니다
.
Minjeong, Kim (
김민정
)
Planning and Marketing
15/F Seoul Finance Center, 136, Sejong-daero, Jung-gu, Seoul, 04520, Korea"
japanese_language,[한화케미칼]2017 하반기 신입사원 모집,N/A,2017-08-28,https://japanstu.ssu.ac.kr/%ed%95%99%ea%b3%bc%ec%82%ac%eb%ac%b4%ec%8b%a4%ec%95%8c%eb%a6%bc/%ea%b3%b5%ec%a7%80%ec%82%ac%ed%95%ad/?term_id&slug=2297,"안녕하세요. 한화케미칼 입니다.
2017년 하반기 신입사원을 모집 ​내용을
채용상담회 일정, 포스터 이미지와 함께 전달드리오니
귀 학교(학과)의 우수한 인재들이 많은 관심을 가질 수 있도록
채용관련 게시판, SNS에 공고 및 학생들에게
e-mail 발송 등 가능한 선에서 홍보 협조 부탁드립니다.
모집직무는
재경 / 해외영업 / Engineer / R&D 입니다.
* 게재 시 간단히 게시 URL or 캡쳐 이미지를 보내주시면 정말 감사하겠습니다.
* 학생들에게 문자 전송 가능 시 아래 내용으로 발송 주시면 감사하겠습니다.
————————————————————————————–
[문자 발송 예시]
’17년 하반기 한화케미칼 신입사원 모집
서류접수 9.11(월) ~ 9.29(금)
자세한 내용은 취업게시판을 참고하세요
————————-게시 제목 및 내용————————
■ 게시 제목
[한화케미칼] 2017 하반기 신입사원 모집 안내
■ 게시 내용
한화케미칼 2017년 하반기 신입사원 모집 안내
■ 모집직무
재경 / 해외영업 / Engineer / R&D
■ 입사지원 및 상세 직무 설명
www.hanwhain.com
■ 접수기간
2017/9/11(월) ~ 9/29(금) 까지
*채용상담회는 첨부된 일정대로 진행되니
관심있는 학생들의 참여 부탁드립니다."
japanese_language,[한화큐셀]2017 하반기 신입사원 모집,N/A,2017-08-28,https://japanstu.ssu.ac.kr/%ed%95%99%ea%b3%bc%ec%82%ac%eb%ac%b4%ec%8b%a4%ec%95%8c%eb%a6%bc/%ea%b3%b5%ec%a7%80%ec%82%ac%ed%95%ad/?term_id&slug=2294,"안녕하세요. 한화큐셀 입니다.
2017년 하반기 신입사원을 모집 ​내용을
채용상담회&설명회 일정, 포스터 이미지와 함께 전달드리오니
귀 학교(학과)의 우수한 인재들이 많은 관심을 가질 수 있도록
채용관련 게시판, SNS에 공고 및 학생들에게
e-mail 발송 등 가능한 선에서 홍보 협조 부탁드립니다.
모집대상은
영업 / 마케팅, 기술 / 엔지니어, 경영지원 입니다.
* 게재 시 간단히 게시 URL or 캡쳐 이미지를 보내주시면 정말 감사하겠습니다.
* 학생들에게 문자 전송 가능 시 아래 내용으로 발송 주시면 감사하겠습니다.
————————————————————————————–
[문자 발송 예시]
’17년 하반기 한화큐셀 신입사원 모집
서류접수 9.1(금) ~ 9.20(수) 15시까지
자세한 내용은 취업게시판을 참고하세요
————————-게시 제목 및 내용————————
★게시 제목
[한화큐셀] 2017 하반기 신입사원 모집 안내
★게시 내용
한화큐셀 2017년 하반기 신입사원 모집 안내
■ 모집직무
영업 / 마케팅, 기술 / 엔지니어, 경영지원
■ 입사지원
www.hanwhain.com
■ 접수기간
2017/9/1(금) ~ 9/20(수) 15:00까지
*채용상담회&설명회는 첨부된 일정대로 진행되니
관심있는 학생들의 참여 부탁드립니다."
japanese_language,한국산업인력공단 일본취업캠프 관련 안내입니다.,N/A,2017-08-22,https://japanstu.ssu.ac.kr/%ed%95%99%ea%b3%bc%ec%82%ac%eb%ac%b4%ec%8b%a4%ec%95%8c%eb%a6%bc/%ea%b3%b5%ec%a7%80%ec%82%ac%ed%95%ad/?term_id&slug=2291,"안녕하세요?
일본취업캠프 담당자입니다.
한국산업인력공단에서 주관하는 일본취업캠프가 서울지역에서 2차에 걸쳐서 진행될 예정입니다.
참가자가 있으시면 참석이 가능한 일자의 차수를 보내주시면
참가시 제공하는 자료들을 사전에 준비하도록 하겠습니다.
1차 8월 21일 ~ 23일 / 2차 8월 24일 ~ 26일
문자 보내주실때는 “참가자성함/참가차수/연락처” 형식으로 보내주시면 감사하겠습니다
첨부파일을 참고해주시면 진행에 관련된 사항 확인이 가능합니다.
그럼 좋은 하루 되시기 바랍니다."
japanese_language,[경기도일자리재단] 일본취업을 지원합니다.,N/A,2017-08-22,https://japanstu.ssu.ac.kr/%ed%95%99%ea%b3%bc%ec%82%ac%eb%ac%b4%ec%8b%a4%ec%95%8c%eb%a6%bc/%ea%b3%b5%ec%a7%80%ec%82%ac%ed%95%ad/?term_id&slug=2285,"안녕하세요~
경기도일자리재단 해외취업팀 입니다.
재단에서 일본 취업과 관련하여
[잡디스커버리 3기]를 진행하고 있습니다!
해외취업 교육컨설팅 전문업체의
이력서 첨삭 및 실전 면접 코칭 특강을 받아
일본취업에 한발짝 더 다가가도록 조력하고 있습니다.
해당 사항에 관심있는 학생들의 많은 참여와 홍보를 부탁드리고자
메일 보내드립니다~
관련 사항에 대해 궁금하신 분은
아래의 연락처로 문의주시면 되겠습니다.
감사합니다~!
관련 프로그램 링크.
​
http://www.gjf.or.kr/?page_id=340&uid=1346&mod=document
​
​Gyeonggido Job Foundation​
​​Overseas Employment Team
경기도일자리재단
해외취업팀
Tel: (031)270-9691
Fax:
(032)655-1007
E-mail:
global@gjf.or.kr
http://www.gjf.or.kr"
japanese_language,[현대자동차] Job Fair 개최 (프로그램&셔틀버스 시간표/8월 24일~25일/현대 모터스튜디오 고양),N/A,2017-08-22,https://japanstu.ssu.ac.kr/%ed%95%99%ea%b3%bc%ec%82%ac%eb%ac%b4%ec%8b%a4%ec%95%8c%eb%a6%bc/%ea%b3%b5%ec%a7%80%ec%82%ac%ed%95%ad/?term_id&slug=2281,"현대자동차에서 8월 24~25일 이틀간
현대 모터스튜디오 고양에서 잡페어(Job Fair, 채용박람회)를 진행합니다.
이번 잡페어는 “What makes you move? 당신과 함께 세상을 움직입니다”라는 주제로
현대자동차가 추구하는 ‘사람 · 일 · 문화’에 대한 이야기를 전달하고자 합니다.
■ 프로그램 안내
각 분야 현직자들을 통해 현대자동차의 비전을 듣는 ‘H Story’,
현대자동차 선배사원 그리고 인재채용팀 직원들과 자유롭게 소통할 수 있는 ‘직무 Talk’, ‘채용 상담 부스’ 등을 운영합니다.
특히 이번 잡페어는 참가자의 역량을 보여줄 수 있는 다양한 기회를 제공할 예정입니다.
서류전형 면제의 기회를 제공하는 ‘자기 PR’,
현대자동차 인사 담당자와 현장 면담을 할 수 있는 ‘The H 캐스팅 센터’가 확대 운영 됩니다.
현대자동차 잡페어는 누구나 참여 가능하시며,
참석자에게는 ‘2017년 하반기 현대자동차 채용 가이드 북 H-Book’과 ‘지속성장 가능 보고서’, ‘현대 컬렉션-문구용품’, ‘에코백’ 등을 배부할 예정입니다.
(※ 배부 물품의 경우, 한정된 수량으로 인해 조기마감 될 수 있음을 양해 부탁 드립니다.)
여러분의 많은 참석 부탁 드립니다.
기타 자세한 내용은 아래 홈페이지에서 확인 부탁 드립니다.
■ 일정: 17년 8월 24일(목)~25일(금) 오전 10시 ~ 오후 6시
■ 장소: 현대 모터스튜디오 고양 (약도)
■ 상세내용: http://young.hyundai.com/program/jobfair/info/select.do"
japanese_language,[네이버] 클로바 인공지능 아이디어 챌린지 [ 07/19 ~ 08/06 ],N/A,2017-07-24,https://japanstu.ssu.ac.kr/%ed%95%99%ea%b3%bc%ec%82%ac%eb%ac%b4%ec%8b%a4%ec%95%8c%eb%a6%bc/%ea%b3%b5%ec%a7%80%ec%82%ac%ed%95%ad/?term_id&slug=2279,"[네이버] 클로바 인공지능 아이디어 챌린지
[ 07/19 ~ 08/06 ]
네이버의 인공지능 플랫폼인
클로바
로
생활을 바꿀 수 있는 서비스 아이디어를 제안
해주세요.
◎공모 개요
네이버 인공지능 비서 클로바 서비스 아이디어 제안 공모전
예선 : 클로바 서비스 아이디어 제안서 제출
본선/결선 : 예선 합격자를 대상으로, 아이디어 구체화 및 발표
◎공모 주제
음성 UX
클로바가 더 자연스럽고 재미있게 이야기하는 친구가 되려면?
콘텐츠
클로바를 매일 사용하게 만드는 콘텐츠는 무엇이 있을까?
서비스
스마트폰이나 PC로 자주 사용하는 서비스가 클로바에 연결된다면?
상황별 아이디어
학교나 집 등 평소에도 클로바를 사용하려면 어떤 기능이 필요할까?
신규 디바이스
전혀 새로운 UI나 디바이스로 클로바가 태어난다면?
◎일정 및 절차
예선접수 :
7월 19일(수) ~ 8월 6일(일)
/ 인공지능 서비스 아이디어 제안서 제출
본선/멘토링 : 8월 11일(금) ~ 8월 30일(수) / 20명 선발, 아이디어 구체화&클로바팀 멘토링
결선발표회 : 8월 31일(목)
◎본선 및 최종 발표회 시상
본선 참가자에게는 2,000,000 원 활동비 지급
1등 :
상금 5,000,000 원(1명)
2등 :
상금
3,000,000
원(2명)
3등 :
상금
2,000,000
원(2명)
◎지원 자격 및 방법"
japanese_language,[국제협력팀] 2017 하계 한국학도우미 프로그램 홍보 요청,N/A,2017-06-27,https://japanstu.ssu.ac.kr/%ed%95%99%ea%b3%bc%ec%82%ac%eb%ac%b4%ec%8b%a4%ec%95%8c%eb%a6%bc/%ea%b3%b5%ec%a7%80%ec%82%ac%ed%95%ad/?term_id&slug=2278,"매년 여름에 숭실대학교 자매대학인 일본 명치학원대학교에서 어학연수 및 문화 체험을 위해 본교로 방문(약 3주)하고 있으며
올해는 일본 오사카경법대학에서도 본교를 방문합니다.(약 1주)
이 학생들을 도와줄 본교 학생을 모집하고자 하니 많은 홍보 부탁드립니다.
공지 링크: http://bit.ly/2trLFR3
감사합니다."
japanese_language,2017년 청년취업아카데미인 MICE산업실무전문가과정 소개,N/A,2017-06-12,https://japanstu.ssu.ac.kr/%ed%95%99%ea%b3%bc%ec%82%ac%eb%ac%b4%ec%8b%a4%ec%95%8c%eb%a6%bc/%ea%b3%b5%ec%a7%80%ec%82%ac%ed%95%ad/?term_id&slug=2274,"2017년 청년취업아카데미인 MICE산업실무전문가과정 소개
관련하여 2가지 정도 간략하게 소개해드리겠습니다.
1. 본 기관 및 과정 소개
저희 한국경력개발진흥원은 고용노동부 주관사업인 2017년 청년취업아카데미사업
""
MICE산업실무전문가과정(단기과정)""
으로 운영기관으로 선정되었습니다.
– 교육시간 : 총 200시간
– 교육기간 : 한 달여 가량(여름방학)
– 교육대상 : 2~3학년 재학생
– 현재까지 협약대학 : 가천대, 서울여대, 세종대, 한국외대 (추가로 타 대학협약 가능)
– 혜 택 : 학점인증/장학금지급/향후 취업연계
MICE산업은 ""굴뚝없는 황금산업""으로 다국적 기업 등 대기업 주최 기업회의(Meeting), 인센티브 관광(Incentive Travel),
국제협회 및 학회 주최 국제회의(Convention), 전시회(Exhibition)를 총칭하는 산업으로 주로 외국인들이 비지니스 목적으로
대거 참여하는 국제행사로써 높은 부가가치 및 일자리 창출효과, 국가(도시)이미지 개선효과 등으로 인해 세계 주요국가에서
전략산업으로 육성하고 있습니다.
한국의 국제적 위상이 높아짐에 따라 지속적인 성장을 하고 있는 산업으로 많은 일자리를 필요로 하는 분야로서
현재 한국의 MICE산업은 신입직원에 대한 수요가 높은 반면, 상대적으로 실무능력을 갖춘 인력은 부족한 상황입니다.
2. 요청사항
귀 대학의 2~3학년 인문계열 및 타 학과 계열 재학생들
에게 본 과정을 소개 부탁드리겠습니다.
요청드릴 사항으로 강의시간에 5~10분 정도 소개할 수 있는 시간을 내어 주시는 것과 과정에 대한 설명회를 잡아주시면
언제든지 본부장인 제가 직접 발 벗고 찾아뵙도록 하겠습니다.
학생들이 MICE 산업에 대해 많이 알지 못하는 점이 안타까운 점이긴 하나,
저희쪽에서 MICE산업실무전문가과정 소개를 받고, 성장가능성에 대해서 알게 되면 대대분의 학생들이 신청을 하고 있습니다.
아무쪼록, 본 과정에 2~3학년
재학생들이 참여하여 추후 MICE관광산업의 유능한 인재로 발돋움하는 밑바탕을 마련해 줄 수 있도록
본
기관과 귀교가 학생들에게 많은 기회를 주었으면 합니다.
많은 연락 부탁드리겠습니다.
감사합니다.
——————————————————————————————————————-
김연호 본부장
한국경력개발진흥원
www.cdkorea.org"
japanese_language,[홍형반지] 17년 하계 인턴 채용공고,N/A,2017-06-02,https://japanstu.ssu.ac.kr/%ed%95%99%ea%b3%bc%ec%82%ac%eb%ac%b4%ec%8b%a4%ec%95%8c%eb%a6%bc/%ea%b3%b5%ec%a7%80%ec%82%ac%ed%95%ad/?term_id&slug=2270,"세계 한류 팬들에게 악세서리를 판매해 볼 글로벌 마케팅 인턴을 모집합니다
.
타겟고객 설정
,
마케팅 채널 설정
,
콘텐츠 전략기획
/
제작
/
유통
,
지표분석 등
마케팅의
A to Z
를 경험해보세요
.
도달 지표만 늘리지 말고
,
실제로 매출을 만들어보며 역량을 쌓아보세요
.
[
채용부문
]
– B2B/C
마케터
(
일본
0
명
,
영
/
미권
0
명
)
[
업무내용
]
–
온라인 마케팅 채널 관리
–
콘텐츠 제작
(Kpop,
한류 등
)
및 유통
–
데이터 관리 및 분석
(
방문자
,
구매전환율
,
키워드 등
)
–
채널별
CS
[
필요 지식 및 역량
]
–
일본 마케터
:
일본어 회화 중급 이상
,
영
/
미권 마케터
:
영어 회화 중급 이상
– Kpop
과 한류 문화에 대한 관심
–
콘텐츠 기획 및 유통 역량
[
우대사항
]
– Photoshop / MS Office
활용 능력
–
일본 또는 영미권
SNS
및 온라인 유통채널 사용 경험
[
포트폴리오
(
선택
)]
– SNS
및 유통채널 운영 관련 포트폴리오 첨부는 선택사항이니
,
제출하지 않으셔도 됩니다
.
–
제출하실 경우
,
간단한 캡쳐본만 메일로 첨부하여 전송하시면 됩니다
.
[
전형절차
]
지원서 접수
(05/29
월
~ 06/11
일
)
▶ 서류심사 ▶ 실무인터뷰 ▶ 최종합격
※
자세한 사항은 첨부파일에 있는 모집 요강을 참고해주세요
."
japanese_language,(시마네현 마쓰에시)2017 마쓰에 문화강좌 안내입니다.,N/A,2017-06-01,https://japanstu.ssu.ac.kr/%ed%95%99%ea%b3%bc%ec%82%ac%eb%ac%b4%ec%8b%a4%ec%95%8c%eb%a6%bc/%ea%b3%b5%ec%a7%80%ec%82%ac%ed%95%ad/?term_id&slug=2267,"마쓰에시에서는
2002
년부터 일본에 흥미를 가지고 있거나
,
일본 사람들과 교류를 원하는 분들을 대상으로
마쓰에 문화강좌
국제교류 프로그램을 운영하고 있습니다
.
올해로
15
번째를 맞이하는 이번 프로그램에서는
마쓰에 전통 문화인 화과자 만들기와 다도
,
기모노체험은 물론
,
현지 청년 교류회
,
일본 가정 홈스테이
,
서일본 최대 규모 불꽃놀이 참가
,
석양크루즈 등
다양한 일정을 준비하였습니다
.
관련하여
포스터와 상세내용을 이미지로
첨부드립니다
.
지자체에서 현지 참가비 대부분을 지원하며 선착순
15
명으로 운영되는 프로그램이오니
관심 있는 학생들이 함께 할 수 있도록 잘 부탁드리겠습니다
.
*시마네현 공식블로그 게재 ULR을 첨부드리니 참고해주세요.^^
http://shimanekko.blog.me/221006253048
＜주최＞
마쓰에시 한국청년「마쓰에・일본문화강좌」실행위원회"
japanese_language,스타트업 청년채용 페스티벌,N/A,2017-05-18,https://japanstu.ssu.ac.kr/%ed%95%99%ea%b3%bc%ec%82%ac%eb%ac%b4%ec%8b%a4%ec%95%8c%eb%a6%bc/%ea%b3%b5%ec%a7%80%ec%82%ac%ed%95%ad/?term_id&slug=2263,"1)
프로그램명
:
스타트업 청년채용 페스티벌
2)
주 최
:
청년위원회
,
중소기업청
,
청년희망재단
3)
주 관
:
숭실대학교 창업지원단
,
연세대학교 창업지원단
,
건국대학교 창업지원단
,
인천대학교 창업지원단
, (
사
)
한국엔젤투자협회
,
서울산업진흥원
(SBA),
이화여자대학교 산학협력단
,
서강대학교 산학협력단
,
신경대학교
4)
일 시
: 2017. 5. 23(
화
), 13:00~18:00
5)
장 소
:
연세대학교 백양누리
6)
참여기업
:
유망 스타트업
100
개사 내외
7)
참가대상
:
스타트업 취업을 희망하는 청년 구직자
1,000
여명
8) 프로그램 내용
가)
스몰토크존
:
스타트업 업종별
ZONE
을 나눠 스타트업
PR
및 모집요강 발표
나)
스타트업 부스
:
사전 매칭 및 현장접수자 개별 면접부스 운영
다) Show Case :
스타트업의 시제품 전시
(30
개사
)
라)
적성검사 등
:
구직청년들이 활용할 수 있도록 적성검사
,
진로컨설팅
,
창업컨설팅
,
기관소개 부스 등을 운영"
japanese_language,일본 시라하마 씨사이드호텔 방학 단기 알바 채용모집(1차 22일마감),N/A,2017-05-16,https://japanstu.ssu.ac.kr/%ed%95%99%ea%b3%bc%ec%82%ac%eb%ac%b4%ec%8b%a4%ec%95%8c%eb%a6%bc/%ea%b3%b5%ec%a7%80%ec%82%ac%ed%95%ad/?term_id&slug=2262,"당사는
일본
와카야마현
시라하마에
위치에
위치한
특
4
급의
온천
리조트
호텔
시라하마씨사이드 호텔이며,  한국담당자 김미화대리 입니다
여름방학
7
월중순
~8
월중순
까지
일본호텔에서
숙식하며
아이들
2
명(남자:호텔오너 아들외1인 )과
호텔일과 일본어공부를
같이
할
학생을
""일본호텔근무
단기알바
모집
(
여름방학기간1달
)""
*
호텔설명
시라하마 씨사이드 호텔은 일본의 하와이라고 불리는 와카야마현 시라하마 해변 바로 앞에
위치하고 있으며
일본의
3
대 온천지 시라하마에서 원천을 가지고 있는 특
4
급의 온천
리조트 호텔입니다
. (
위치는 와카야마현 시라하마
:
오사카 중심지에서
1
시간
20
분 전철
)
호텔 사이트
http://www.shirahama-seasidehotel.com/
*
모집부분
:  남학생
시라하마 씨사이드 호텔에서 일본어 과외 및 객실청소 보조
(with
아이
2
명
:
초
3/
초
*
담당업무
:
객실정리
보조
with
아이
2
명
(
오전
10
시
~
오후
3
시
까지
)
아이
2
명
일본어과외
(
오후
3
시부터
~
오후
6
)
*
근무형태
:
여름방학
단기
아르바이트
(
다음
학기
방학에도
채용할
수
있습니다
.)
*
근무조건
:
숙식
,
식사
전부
제공
(
호텔
게스트룸
제공
/
식사
호텔
부페
및
별도제공
)
*
급여
:
월
250(고정) +
알파(시간 외 근무등)
*
근무기간
:
여름방학기간
( 7
월중순
~8
월중순
:
면접
후
상호결정
)
*
근무시간
:
10
시
~
오후
6
시
*
우대사항
: (
필수
)
인성이
바르며
성실
근면한
사람
.
(
필수
)
일본어
능통자
Jlpt1
급에 준하는 자격보유자
과외 경험이 있는자
*
:
이력서 국문
,
일문
1
부씩
->
면접
->
별도 연락
이상, 연락 부탁드립니다
.
****************************************************************
시라하마 씨사이드 호텔 한국 담당자
:
김미화 대리
서울 강남구 논현동
277-20
번지 아모제빌딩
2
층
Email : kingmi82@naver.com"
japanese_language,(한일재단) 2017년도 제조혁신 인스트럭터 양성과정 참가자 모집,N/A,2017-05-12,https://japanstu.ssu.ac.kr/%ed%95%99%ea%b3%bc%ec%82%ac%eb%ac%b4%ec%8b%a4%ec%95%8c%eb%a6%bc/%ea%b3%b5%ec%a7%80%ec%82%ac%ed%95%ad/?term_id&slug=2258,
japanese_language,[경기도일자리재단] 글로벌 잡 디스커버리(일본취업대비 단기취업특강반) 참가자 모집,N/A,2017-05-04,https://japanstu.ssu.ac.kr/%ed%95%99%ea%b3%bc%ec%82%ac%eb%ac%b4%ec%8b%a4%ec%95%8c%eb%a6%bc/%ea%b3%b5%ec%a7%80%ec%82%ac%ed%95%ad/?term_id&slug=2255,"경기도일자리재단에서는 일본기업 채용박람회 참여 및 채용확정을 목표로
단기취업특강반
을 운영중입니다.
(박람회 : Career In Japan 2017, 마이나비 코리아社 주최, 일본현지 50개 기업 참여, 사전 서류합격자에 한해 현지면접을 진행하는 채용박람회, 취업특강반 참여시 면접기회 보장)
일본취업 전문기관 및 강사들이 제공하는 이력서 작성 기초와 실전(첨삭), 면접 기초 및 실전(면접코칭 및 모의면접), 일본 기업문화 및 비즈니스 매너 강의 등
일본기업에 취업할 수 있도록 집중교육을 제공하고 있습니다.
숭실대학교 일어일문학과의 역량있는 학생들이 취업특강반에 많이 참여해서 취업이라는 좋은 성과를 거둘 수 있도록 학과생 대상으로 많은 홍보 및 추천 부탁드립니다!
(참가자 모집공고안과 제출서류(신청서, 이력서 등)양식을 보내드리오니 관련 내용을 학과 홈페이지 등 게시 부탁드립니다)
(세부모집요강 및 공지내역 : 경기도일자리재단 홈페이지(
www.gjf.or.kr
)에서 확인가능합니다. 링크 :
​
http://www.gjf.or.kr/?uid=800&mod=document&page_id=340
​)"
japanese_language,[동원그룹] 2017 채용형 인턴십 프로그램 모집,N/A,2017-05-04,https://japanstu.ssu.ac.kr/%ed%95%99%ea%b3%bc%ec%82%ac%eb%ac%b4%ec%8b%a4%ec%95%8c%eb%a6%bc/%ea%b3%b5%ec%a7%80%ec%82%ac%ed%95%ad/?term_id&slug=2253,"[동원그룹] 2017 동원그룹 채용형 인턴십 프로그램 안내
ㅇ모집 직무 :
​영업, 생산/품질, IT, R&D
ㅇ접수 기간 :
17년 5월 10일(수) ~ 5월 17일(수) 까지
ㅇ접수 방법 :
동원그룹사이트(
www.dongwon.com
) 접속 후 온라인 지원
* 세부 모집요강은 홈페이지에서 확인 가능합니다.
* 문의는 그룹 홈페이지 Q&A 게시판을 활용해주세요"
japanese_language,2017 삼성 투모로우 솔루션 홍보 (~5/25),N/A,2017-04-25,https://japanstu.ssu.ac.kr/%ed%95%99%ea%b3%bc%ec%82%ac%eb%ac%b4%ec%8b%a4%ec%95%8c%eb%a6%bc/%ea%b3%b5%ec%a7%80%ec%82%ac%ed%95%ad/?term_id&slug=2249,"■ 모집요강
1.
공모주제
:
더 나은 내일을 시작하는 창의적 아이디어와 솔루션
2.
공모분야
:
교육
,
건강
∙
의료
,
환경
∙
안전
,
지역사회
,
지구온난화
3.
참가자격
:
세상을 더 나은 곳으로 만들고 싶은 사람 누구나
(
개인 또는 팀
)
4.
접수기간
: 2017
년
4
월
3
일
(
월
) ~ 5
월
25
일
(
목
) 18:00
시 까지
5.
참여방법
:
www.tomorrowsolutions.org
온라인 접수"
japanese_language,14번째 열리는 동북아 대학생(청소년) 포럼 홍보,N/A,2017-04-24,https://japanstu.ssu.ac.kr/%ed%95%99%ea%b3%bc%ec%82%ac%eb%ac%b4%ec%8b%a4%ec%95%8c%eb%a6%bc/%ea%b3%b5%ec%a7%80%ec%82%ac%ed%95%ad/?term_id&slug=2248,"올해로 14번째 열리는 동북아 대학생(청소년) 포럼은 5박6일동안 한국과 일본, 중국 대학생과 함께 토론 및 문화교류를 통해 서로를 이해하기 위한 행사입니다.
<MRA/IC 한국본부 연락처>
전화번호 : 02-2662-7360
이메일 :
ic-mrakorea@hanmail.net
팩스번호 : 02-2662-7361
주소 : 서울시 강서구 금낭화로 234(방화동) 국제청소년센터 2층
* 해당행사는 세계도덕재무장 홈페이지
www.mrakorea.or.kr
의 공지사항란의 모집공고문 내 첨부파일을  참고하시면 더 자세한 내용을 확인하실 수 있습니다!"
japanese_language,(숭실대 도서관) 4월 DB이용교육 안내,N/A,2017-04-19,https://japanstu.ssu.ac.kr/%ed%95%99%ea%b3%bc%ec%82%ac%eb%ac%b4%ec%8b%a4%ec%95%8c%eb%a6%bc/%ea%b3%b5%ec%a7%80%ec%82%ac%ed%95%ad/?term_id&slug=2247,"중앙도서관입니다.
4월 DB이용교육이 있어 안내하오니 아래 링크내용을 학과 홈페이지에 게시/공지하여 주시면 감사하겠습니다.
학과 구성원들에게 큰 도움이 될 것입니다.
https://oasis.ssu.ac.kr/bbs/Detail.ax?bbsID=1&articleID=996
감사합니다."
japanese_language,문화정원아트홀(일본필름컬렉션 영화상영),N/A,2017-04-17,https://japanstu.ssu.ac.kr/%ed%95%99%ea%b3%bc%ec%82%ac%eb%ac%b4%ec%8b%a4%ec%95%8c%eb%a6%bc/%ea%b3%b5%ec%a7%80%ec%82%ac%ed%95%ad/?term_id&slug=2246,"금천구 독산사거리에 위치한 문화정원아트홀 홍보팀 이영근팀장입니다!
우선 긍적적으로 받아주셔서 감사합니다!
이번 영화상영은 일본국제교류기금 서울문화센터와 저희 문화정원아트홀의
공동주최로 진행되며! 이번달을 시작으로 매월 정기적으로 상영할 예정입니다!
앞으로 많은 관심과 사랑 부탁드리며, 이번 4월22일에 있는 ""신카이 마코토 展""에
관심있는 교수님 및 학생들의 참여 부탁드리겠습니다.
감사합니다^^
‘문화정원 아트홀’
금천구 가산로 61 (독산동 296-9번지)
www.cgarthall.co.kr
Tel : 02) 839 – 1155
Fax : 02) 839 – 1157
초속
5
센티미터
○
일정
: 2017.4.22(
토
)
오후
3
시
○
장소
:
문화정원아트홀
B1
○
감독
:
신카이마코토
○
주연
:
미즈하시 켄지
(
토오노 타카키 목소리
),
하나무라 사토미
(
스미타 카나에 목소리
)
○
평점
:
★★★★★
9.43
○
런타임
: 62
분
○
줄거리
:
벚꽂이 떨어지는 속도
(
초속
5
센티미터
)
어느 정도의 속도로 살아가야
,
너를 다시 만날 수 있을까
.
초등학교의 졸업과 동시에 떨어져 있게 된 토오노 타카키와 시노하라 아카리
.
둘 만의 특별한 추억만이 남은 채 긴 시간이 흐른다
.
그러던 어느 폭설이 내리는 밤
,
타카키는 아카리를 찾아 나서는데
…
타카키와 아카리의 재회의 날을 그린
「
벛꽃초
」
,
그 후의 타카키를 다른 인물의 시점으로부터 그린
「
코스모나우트
」
,
그리고 그들의 마음 속에 담긴 비밀을 그린 표제작
「
초속
5
센티미터
」
.
별의목소리
○
일정
: 2017.4.22(
토
)
오후
3
시
○
장소
:
문화정원아트홀
B1
○
감독
:
신카이마코토
○
주연
:
시노하라 미카
(
미카코 목소리
),
신카이 마코토
(
노보루 목소리
)…
○
런타임
: 25
분
월
‘Tollywood’
라는 소극장에서 상영된 이후
,
전세계에
DVD
로 출시되어 상당한 판매고를 기록
,
신카이 마코토에게 명성을 얻도록 해 준 작품이다
."
japanese_language,2017 숭실 재학생 토론대회 공지,N/A,2017-04-17,https://japanstu.ssu.ac.kr/%ed%95%99%ea%b3%bc%ec%82%ac%eb%ac%b4%ec%8b%a4%ec%95%8c%eb%a6%bc/%ea%b3%b5%ec%a7%80%ec%82%ac%ed%95%ad/?term_id&slug=2242,
japanese_language,삼성그룹 대학생 대외활동 [금융전문가과정 5기] 모집,N/A,2017-04-12,https://japanstu.ssu.ac.kr/%ed%95%99%ea%b3%bc%ec%82%ac%eb%ac%b4%ec%8b%a4%ec%95%8c%eb%a6%bc/%ea%b3%b5%ec%a7%80%ec%82%ac%ed%95%ad/?term_id&slug=2239,"-금융전문가과정이란?
미래 사회인이 될 대학교 3, 4학년 학생들이 금융지식을 함양할 수 있도록 기초적인 금융지식을 교육하는
3주 과정의 대외활동 프로그램입니다. 금융 지식 강의 뿐 아니라 취업에 도움되는 강좌로 이루어져 있어 취업준비에도 도움이 됩니다.
​
​
여름방학을 맞아 취업에 도움되는 스펙을 쌓고싶거나, 본인의 진로를 탐색하고 싶은 학생들에게 최적화된 대외활동입니다.
​이미 1~4기 중 각 기수 100여명 이상의 학생들이 수료했으며, 만족도가 굉장히 높습니다.
(교육과정 중 일체 비용은 삼성생명이 부담합니다. 삼성생명 연수원 내 교육 1주+ 대치사옥 교육 2주/ 종료 후 수료증 발급)
​상경계 대학 학생 뿐 아니라 전공무관하게 지원할 수 있습니다.
-금융전문가 과정 5기 일정?
4월 24일 – 인터넷 서류접수 시작
5월 하순 – 서류 합격자 발표
6월 초순 – 면접
6월 중순 – 최종 합격자 발표
7월 중 – 3주 과정 진행, 수료식
-금융전문가 과정을 수료 했던 학생들 유형?
금융권 취업에 관심이 있다. (금융전문직, 서비스직, 금융IT직, 회계/재무직, 보안직 등 다양한 금융권 직무에 관심 있는 학생들)
대외활동에 참여하고 싶다. (스펙을 쌓거나 단순히 배워 보고 싶은 학생들)
취업준비를 하고 싶다. (아직 진로를 결정하지 못해 다양한 경험을 하며 취업준비를 하고 싶은 학생들)
-채용과 연계가 되나?
‘금융전문가 과정 5기’ 자체는 채용과 전혀 관련이 없습니다. 항간에 프로그램 中에 보험 영업을 시킨다든가, 보험영업사원이 되라고 강요한다든가 하는 얘기는 모두 근거 없는 루머입니다.
금융전문가 과정 종료 후 삼성생명의 재무설계사란 직업과 영업관리자 직군에 관심이 생겨 지원을 할 수는 있으나, 금융전문가 과정과 이 지원과정은 별개의 과정입니다.
저희는 금융전문가 과정을 통해 삼성생명을 홍보하고 미래 2030 고객을 확보하는 차원으로 진행하고 있으며, 학생들에게는 진로탐색의 기회가 됩니다.
-금융전문가 과정을 수료하고, 별개의 지원과정에 지원해서 삼성생명에서 일하게 된다면, 학교에 좋은 점은?
삼성생명 유니브사업부의 재무설계사로 채용이 된다면 고용형태는 프리랜서입니다.
프리랜서는 3개월간 일정수입(약 300만원) 이상이 확인되면 4대보험 가입 근로자와 똑같이 학교나 학과의 취업률에 포함될 수 있습니다.
학생 본인에게는 취업 성공으로 목표달성을, 학과에는 취업률에 기여할 수 있습니다.
제가 요청드리는 것은 금융전문가 과정 홍보입니다.
수업시간에 약 7분~10분만 허락해 주신다면 저희 금융전문가 과정을 홍보하고, 관심 있는 친구들의 수요를 조사할 예정입니다.
시기는 지금부터 5월초 중으로 편하실 때로 정해주시면 됩니다. 대상은 3, 4학년 학생들 수업입니다.
이 홍보활동은 금융전문가 과정 1기부터 많은 학교의 수업시간에 이루어진 바이며, 교수님들과 학생들의 만족도도 상당히 높습니다.
당사 인터넷 홈페이지의 배너광고, 주요 포털사이트 배너광고 등으로 홍보를 하고 있지만 실제로 이 과정의 모집 정보를 접하는 인원은 매우 적기 때문입니다"
japanese_language,[KOTRA}2017 상반기 신입채용 공고문 홍보요청,N/A,2017-01-05,https://japanstu.ssu.ac.kr/%ed%95%99%ea%b3%bc%ec%82%ac%eb%ac%b4%ec%8b%a4%ec%95%8c%eb%a6%bc/%ea%b3%b5%ec%a7%80%ec%82%ac%ed%95%ad/?term_id&slug=2237,"안녕하십니까,
KOTRA 입니다.
2017상반기 신입채용 공문 발송드립니다.
1/11(수) 부터
서류접수 진행하오니 귀교의 우수한 인재들이 열람할 수 있도록 온/오프라인 홍보 부탁드립니다.
첨부된 공고문 게시 요청 드립니다.
감사합니다."
japanese_language,문부성장학관련 공지사항입니다. (꼭 읽어주세요!!),N/A,2016-12-12,https://japanstu.ssu.ac.kr/%ed%95%99%ea%b3%bc%ec%82%ac%eb%ac%b4%ec%8b%a4%ec%95%8c%eb%a6%bc/%ea%b3%b5%ec%a7%80%ec%82%ac%ed%95%ad/?term_id&slug=2235,"1월11일 오전까지
일본어공인자격증 사본1부, 성적증명서 제출 신청
1월12일 필기와 면접 시험 후 선발하여 추천서 발행이 필요하니
첨부파일을 참고하시어 꼭 제출기한내에 필요한 서류를 제출해 주시기 바랍니다."
japanese_language,17학년도 연변대학교 복수학위과정 지원 및 선발안내,N/A,2016-12-07,https://japanstu.ssu.ac.kr/%ed%95%99%ea%b3%bc%ec%82%ac%eb%ac%b4%ec%8b%a4%ec%95%8c%eb%a6%bc/%ea%b3%b5%ec%a7%80%ec%82%ac%ed%95%ad/?term_id&slug=2230,"17
학년도 연변대학교 복수학위과정 지원 및 선발을 아래와 같이 진행하고자 하니 관심있는 학생들이 지원할 수 있도록 안내하여 주시기 바랍니다
.
1.
지원기간
:
2016
년
12
월
12
일
(
월
) 09:00
∼
12
월
23
일
(
금
) 17:00
2.
지원자격
가
한국 국적자
로
나
.
연변대학교 복수학위 운영 대상학과에 재학 중인 자
※
지원 후 추가 협의 필요
3.
지원방법
:
제출서류를 작성하여 대학원 교학팀으로 제출
(
웨스트민스터홀
658
호
)
4.
결과안내
: 2017
년
1
월 중순 개별안내
(
예정
)
5.
제출서류 및 수학안내
:
연변대학교 복수학위과정 신청안내
6.
기 타
:
대학원 홈페이지
內
공지사항 게시 예정
붙 임
1.
연변대학교 복수학위과정 신청안내
(2017
학년도
) 1
부
.
2.
연변대학교 복수학위과정 공동학과 목록
1
부
.
3.
복수학위 신청서
1
부
.
부
.
끝
."
japanese_language,아시아희망캠프기구가 주최하고 한일사회문화포럼,N/A,2016-12-01,https://japanstu.ssu.ac.kr/%ed%95%99%ea%b3%bc%ec%82%ac%eb%ac%b4%ec%8b%a4%ec%95%8c%eb%a6%bc/%ea%b3%b5%ec%a7%80%ec%82%ac%ed%95%ad/?term_id&slug=2229,"아시아희망캠프기구가 주최하고 한일사회문화포럼이 후원하는
프로그램 안내를 보내드립니다
.
CONTENTS
목차
1. KJEJ 한일청년교류 일본어 일본문화연수
2017년
1월 10일 ~ 2월 4일
2. 뷰티예능연수
in OSAKA
2017년
2월 7일 ~ 2월 12일
3. 희망캠프
in JAPAN
2017년
1월, 2월 일본 전국 20개 지역
4. 방방곡곡 후루사토 키즈나
도쿄
, 요코하마, 쿠마모토, 아키타, 미야자키, 교토
매월
2명 참가, 1월 도쿄, 요코하마, 쿠마모토, 아키타 마감
───────────────────────────────
1. KJEJ
한일청년교류 일본어 일본문화 연수 (17/1/10~17/2/4)
───────────────────────────────
쿠마모토현립대학교 캠퍼스에서 현립대학교의 일본어 교육 전공 대학생,
대학원생들과 교류하며 과제를 수행하고 문화를 체험합니다.
즐거운 커뮤니케이션 과정을 통하여 자연스럽게 일본어 실력이 향상됩니다.
■
연수기간
: 2017년 1월 10일부터 2월 4일까지
■ 연수시간: 주 5일(평일) 09:30~15:00 (점심시간 80분)
■ 연수장소: 쿠마모토현립대학교
시내견학, 문화체험, 관계기관 방문 포함
■ 참가비용: 150만원
(
포함) 수업료, 숙소비, 문화체험/시내견학 비용, 수료증/성적표 발행
(
불포함) 왕복항공권, 식재료비, 개인경비
■ 문화 체험과 견학 내용(*참고)
–
전통 일본 문화 체험
:
다도, 기모노, 하이쿠, 서도 등
–
쿠마모토시 견학
–
산토리 맥주공장 견학
–
홈스테이 (희망자에 한하여)
■ 숙소
–
쿠마모토시 중심가에 위치한 풀옵션 위클리 맨션
–
침대, 이불, 냉장고, 세탁기, 전기밥솥, 전자레인지,
오토 도어락, 유선 인터넷, 와이파이 완비
–
청소와 침대시트 교체 포함
■ 상세내용 홈페이지 참고
https://goo.gl/SgrTJc
───────────────────────────────
2.
뷰티예능연수 in OSAKA (17/2/7~17/2/12)
───────────────────────────────
일본 유명 연예인, 메이크업 아티스트, 헤어스타일리스트를 배출하고 있는
오사카스쿨오브뮤직(OSM)을 견학하고 일본 학생들과 교류시간을 가집니다.
또한 오사카 유명 관광지(도톤보리, 오사카성, 시립주택박물관 등)과 USJ를 방문하고,
일본 네일샵 방문 및 네일아트 체험의 기회가 기다리고 있습니다.
–
오사카스쿨오브뮤직 견학 및 일본 학생들과의 교류
–
오사카스쿨오브뮤직 프로젝트 공연 관람
–
오사카성, 도톤보리, 시립주택박물관, 츠텐카쿠 관광
–
덴포잔 대관람차, 산타마리아크루즈 탑승
–
유니버셜스튜디오재팬 USJ 방문
–
일본 네일샵 방문 및 네일아트 체험
–
일본 유명 뷰티제품샵 투어
■ 상세내용 홈페이지 참고
https://goo.gl/8HCi4H
───────────────────────────────
3.
희망캠프 in JAPAN (2017년 1월 ~ 2월) 일본전국 20개 지역
───────────────────────────────
일본의 각 지역에서 개최되는 축제, 행사에 자원봉사자로서 참여하여 현지의
일본인들과 함께 전통 축제와 국제 행사를 만들고 주민들에게 도움을 주는 동시에
견학과 문화 체험을 할 수 있는 국제워크캠프입니다.
일본 각 지역의 문화와 전통을 배우고 현지인들과의 교류를 통해 서로의 문화를
이해하는 것이 가장 큰 목적입니다.
■ 가고시마 국제워크캠프 1/6 ~ 1/10 (4박5일)
■ 오카야마 국제워크캠프 1/10 ~ 1/14 (4박5일)
■ 나라 오사카 국제워크캠프 1/10 ~ 1/14 (4박5일)
■ 히로시마 국제워크캠프 1/12 ~ 1/16 (4박5일)
■ 요코하마 국제워크캠프 1/12 ~ 1/16 (4박5일)
■ 후쿠오카 국제워크캠프 1/17 ~ 1/21 (4박5일)
■ 미야자키 국제워크캠프 1/18 ~ 1/22 (4박5일)
■ 나가사키 국제워크캠프 1/18 ~ 1/22 (4박5일)
■ 시즈오카 국제워크캠프 1/26 ~ 1/30 (4박5일)
■ 삿포로 국제워크캠프 1/29 ~ 2/2 (4박5일)
■ 이시카와 후쿠이 국제워크캠프 2/3 ~ 2/8 (5박6일)
■ 아키타 국제워크캠프 2/9 ~ 2/13 (4박5일)
■ 도쿄 국제워크캠프 2/9 ~ 2/13 (4박5일)
■ 카가와 국제워크캠프 2/10 ~ 2/14 (4박5일)
■ 나가노 국제워크캠프 2/14 ~ 2/18 (4박5일)
■ 니가타 국제워크캠프 2/16 ~ 2/21 (5박6일)
■ 쿠마모토 국제워크캠프 2/17 ~ 2/21 (4박5일)
■ 상세내용 홈페이지 참고
https://goo.gl/R6VH7M
───────────────────────────────
4.
방방곡곡 후루사토 키즈나 매월 2명 모집, 파견
───────────────────────────────
<
아키타>
■ 기간   14박 15일
■ 숙소 홈스테이 (1인실, 2식 제공)
■ 내용 평일 주 3일 오전 일본어 수업
평일 주 2일 문화체험, 인턴십, 자원봉사
주말 홈스테이 호스트 가정과 함께하는 문화체험, 견학
■ 비용 수업료 면제 0원 + 홈스테이 비용 90만원
<
쿠마모토>
■ 기간   1개월
■ 숙소 쿠마모토 시내 중심 풀옵션 맨션
■ 내용 평일 주 5일 하루 3시간 1 :1 연수
일본어 수업, 문화 체험 등 각자 개성에 맞추어 조정 가능
■ 비용 수업료 면제 0원 + 숙소 사용 90만원 (1인 사용의 경우 120만원)
<
미야자키>
■ 기간   1개월~3개월
■ 숙소   홈스테이 (1인실, 2식 제공)
■ 내용 평일 주 2일 일본어 연수
평일 주 3일 일본인과 교류 가능한 봉사활동 (NPO, 시립도서관, 제과점)
주말 홈스테이 호스트 가정과 함께하는 문화체험, 견학
■ 비용 수업료 면제 0원 + 숙소 사용 90만원 (1개월)
<
요코하마>
■ 기간   1개월~3개월
■ 숙소   개별 준비
■ 내용   東京大志
学
園
横
浜校
교육기관 인턴십
부등교 학생 서포트 및 한국어 수업 진행, 한국 문화 소개
■ 비용 참가비 면제 0원 +
안심지원서비스(필수) 1개월 60만원, 2개월 80만원, 3개월 100만원
<
상세내용 홈페이지 참고
https://goo.gl/VuwIFU
>
──────
문의
──────
이전글
워킹홀리데이비자와 취업비자를 통한 [INTERNSHIP IN JAPAN] 안내
다음글
17학년도 연변대학교 복수학위과정 지원 및 선발안내
목록"
japanese_language,워킹홀리데이비자와 취업비자를 통한 [INTERNSHIP IN JAPAN] 안내,N/A,2016-11-15,https://japanstu.ssu.ac.kr/%ed%95%99%ea%b3%bc%ec%82%ac%eb%ac%b4%ec%8b%a4%ec%95%8c%eb%a6%bc/%ea%b3%b5%ec%a7%80%ec%82%ac%ed%95%ad/?term_id&slug=2228,"오늘 2016년도 제4분기 워킹홀리데이비자 발표일입니다.
워킹홀리데이비자와 취업비자를 통한 「INTERNSHIP IN JAPAN」에 대해서 안내드리겠습니다.
워킹홀리데이비자 소지자는 12월~1월사이 출국가능하며
졸업예정생중 JLPT N1에 상당하는 커뮤니케이션 능력자는 취업비자로 출국가능합니다.
워킹홀리데이비자
취업비자
출국시기
2016년12월~2017년1월
졸업이후
근무기간
최소 1년이상
신청자격
워킹홀리데이비자 소지자
졸업예정생 or
졸업생
어학레벨
JLPT N2에 준하는 어학능력
JLPT N1에 준하는 어학능력
근무지역
沖
縄・
長崎
・
北海道
근무기업
특급리조트호텔
・
관광명소
근무조건
일본노동기준법 준하는 급여제도
숙식여부
직원할인 저가제공
수료특전
인턴십수료이후, 정식고용 전환
신청마감
2016년 11월 22일(화) 18:00
신청양식
아래양식에 맞추어 메일 보내주시기 바랍니다.
메일주소 :
team3@lsedu21.com
*이름 :
*성별 :
*연락처 :
*생년월일 :
*어학능력 :
*대학명/학과명 :
*비자소지여부 : 워킹홀리데이비자 소지 / 취업비자희망
「INTERNSHIP IN JAPAN」에 관한 상담/문의는 아래 연락처로 문의주시면 상세히 안내드리도록
하겠습니다.
****************************************************************
주식회사 L&SEDU (해외대학생의 인턴십협정기관)
주식회사 I・J (취업지원기관)
◐ 일본：埼玉県上尾市上野本郷192、〒362-0056
◐ 한국：서울시 금천구 가산디지털1로 30, 1910-2호 우08591
◐ 연락처：일본 +81-50-3573-3881 / 한국 +82-2-581-4309
◐ E-mail：
team3@lsedu21.com
◐ Skype・LINE・KAKAO・WeChat：lsedu21
◐ 한국 : 국외유료직업소개사업 노동청허가번호 F1201220130010
​◐ 일본 : 노동자파견사업허가번호：派　11－300745（株式会社 I・J）
​​◐ 일본 : 유료직업소개사업허가번호：11－ュ－300573（株式会社 I・J）
****************************************************************"
japanese_language,[한일사회문화포럼] 전국 방방곡곡 후루사토 키즈나 (日本全国ぐるぐる研修プログラム）,N/A,2016-10-20,https://japanstu.ssu.ac.kr/%ed%95%99%ea%b3%bc%ec%82%ac%eb%ac%b4%ec%8b%a4%ec%95%8c%eb%a6%bc/%ea%b3%b5%ec%a7%80%ec%82%ac%ed%95%ad/?term_id&slug=2224,
japanese_language,[K-Move] 일본인 멘토단 멘티 모집 공문,N/A,2016-10-20,https://japanstu.ssu.ac.kr/%ed%95%99%ea%b3%bc%ec%82%ac%eb%ac%b4%ec%8b%a4%ec%95%8c%eb%a6%bc/%ea%b3%b5%ec%a7%80%ec%82%ac%ed%95%ad/?term_id&slug=2218,"한국산업인력공단에서 진행하고 있는 K-Move 멘토링은 해외진출을 희망하는 청년을 대상으로
온·오프라인 멘토링을 통해 다양한 해외진출 경험과 현지 정보 등을 제공하는 활동입니다.
멘토는 외국 기업의 사정을 잘 알고 있는 외국인 CEO 및 주요 임원 등으로 구성되었으며
일본 구인시장 및 인재 조건에 대한 보다 실효성 있는 정보를 멘토링 방식으로 전달할 예정입니다.
현재 10월 10일(월) ~ 23일(일)까지  2016 K-Move 일본인 멘토단 멘티를 모집하고 있습니다.
자세히보기 ▶
http://bit.ly/2dYq1R1
K-Move 외국인 멘토단 멘티 모집에 있어 귀 기관의 홍보 협조를 부탁드립니다.
자세한 내용은 하단의 첨부파일을 확인해주시기 바랍니다.
감사합니다.
K-Move 멘토링 운영사무국 드림
—
K-Move 멘토링 운영사무국
담당자 이슬아
kmovementor@gmail.com
kmovementor@hrdkorea.or.kr
T. 070-7603-3808  Kakao ID : lsa3613"
japanese_language,2016년 한국미쓰비시상사 신입사원 정기채용 안내,N/A,2016-10-20,https://japanstu.ssu.ac.kr/%ed%95%99%ea%b3%bc%ec%82%ac%eb%ac%b4%ec%8b%a4%ec%95%8c%eb%a6%bc/%ea%b3%b5%ec%a7%80%ec%82%ac%ed%95%ad/?term_id&slug=2213,"한국미쓰비시상사는 전세계 90개국에 200개 이상의 거점을 가지고 있는 일본최대의 종합상사•미쓰비시상사가 100%출자한 한국의 현지법인입니다
.
금번에
‘
2016
년 한국미쓰비시상사 신입사원 정기채용(~11/6)
’
을 진행합니다.
20
16
년
한국미쓰비시상사
「
신입사원
정기채용
」
「
글로벌 무대
」
에서 활약할 우수인재를 모집합니다.
한국미쓰비시상사는 전세계
90
개국에
200
개이상의 거점을 가지고 있는 일본최대의 종합상사
•
미쓰비시상사가
100%
출자한 한국의 현지법인입니다.
주요사업으로서는 에너지, 금속, 기계
•
인프라, 화학품, 생활산업 관련의 사업 및 신에너지
•
환경
•
수(
水)
사업 등의 다양한 비즈니스를 무역이나 투자 등을 통해 전개하고 있습니다.
이번에 당사는
「
글로벌 무대
」
에서 활약할 역량있고 우수한 인재를 아래와 같이 정기채용하오니,
많은 관심과 지원 바랍니다.
아 래
*
회사소재지：서울특별시 중구 퇴계로100 State Tower Namsan 22층
(
http://www.statetowers.kr/main.html
）
*
근무시간
:
09:15~17:45 (7.5시간/일
, 주
5일근무)
*급여조건
: 입사초년도의 표준연수
4,500만원정도
*
복리후생
• Cafeteria Plan：연간
, 일정의 한도내에서 의료, 어학공부, 취미활동, 도서구입, 여행 등에
관한 실비를 지원
• 하기휴가의 부여／하기휴가비의 지급 등
*
Home-Page ：
http://www.mitsubishicorp.com/kr/ko/
■ 모집부문 및 응모자격
모집부문
모집인원
응모자격
접수기간
채용시기
영업
（
해외 및 국내
）
（
일반직
）
（
주
1
）
신입
약간명
• 4년제대학 졸업자 및 2017년 2월
또는 8월 졸업예정자
• 영어 또는 일본어로 업무수행이 가능한 자
• 2017년1월부터 근무가능한 자
2016년
11월6일
마감
（
재무경리 중심
）
에서 연수실시 후, 영업본부에 배속시킬 예정입니다.
■ 접수방법 및 전형일정
• 접수방법
: 2016
년 11월 6일
(
일
)
까지 ON-LINE에서 접수
(
http://dware.intojob.co.kr/main/mitsubishi.jsp
)
• 서류전형
: 2016
년 11월 7일
(월) ~
11일
(금)
• 사전인터뷰
: 개별통지(서류전형의 합격자에 한함
)
• 면접전형
:
개별통지(사전인터뷰의 합격자에 한함)
, 2회 실시예정
(
주
3) 1
차
면접대상자에 대해서는 면접전에 직무능력검사 및 소논문의 작성을 별도 실시합니다.
■ 제출서류
2차면접 대상자에 한해
, 이하의 서류를 2차면접 시에 제출합니다.
• 최종학력의 영문전학년성적증명서
, 영문졸업증명서 각
1통
(단
, 대학원졸업자의 경우, 학부의 성적증명서, 졸업증명서도 함께 제출바랍니다.
)
• 기타 자격증 및 증명서의 사본
(COPY)
• 주민등록등본1통
• 가족관계증명서1통
■ 기타사항
• INTERNET에서만 접수가능합니다
.
• 지원서란에 대학교 및 대학원의 평균성적 및 외국어능력을 반드시 기재해주세요
.
• 입사지원서의 기재내용 및 제출서류가 허위로 판명될 경우에는 입사지원 및 합격이 취소됩니다
.
(입사 후도 동일）
■문의처
• ㈜한경디스코 담당자 김가향
• TEL：
02‐364‐5542 (
평일：
09：00～18：00）
이전글
머니투데이 청년취업아카데미 인원 모집
다음글
[K-Move] 일본인 멘토단 멘티 모집 공문
목록"
japanese_language,머니투데이 청년취업아카데미 인원 모집,N/A,2016-10-19,https://japanstu.ssu.ac.kr/%ed%95%99%ea%b3%bc%ec%82%ac%eb%ac%b4%ec%8b%a4%ec%95%8c%eb%a6%bc/%ea%b3%b5%ec%a7%80%ec%82%ac%ed%95%ad/?term_id&slug=2205,"노동고용부 주최
,
한국산업인력공단 주관
‘
머니투데이 청년취업아카데미
(
수출입 무역과정
)’
를 실시하니 각 학과에서는 인원을 모집하여 주시기 바랍니다
.
– 각 학과에서는 2-3명(영문 5명) 이상 모집바랍니다.
– 10.24.(월) 마감으로 시일이 촉박하니 졸업예정자, 수료자, 졸업자에게 권장하여 지원할 수 있도록 안내바랍니다.
1.
기간
: 2016
년
11
월
12
일
~ 2017
년
2
월말
2.
총
530
시간
(
수출입 업무과정
184
시간
,
멘토링
80
시간
)
3.
학생
1
인당 교육비
540
만원은 전액 국가에서 부담
4.
운영
:
총
2
반
(
경상계열
25
명
,
인문계열
25
명
),
5.
조건
:
인문계열
50%,
졸업예정자
50%
필수
6.
학점인정
:
경력개발센터와 협의 후 안내 예정
7.
안내사항
:
스케줄
,
지원서 등 붙임 참조
붙임 안내사항 각
1
부
.
끝"
japanese_language,제14회 일어일문학과 스피치 컨테스트,N/A,2016-10-12,https://japanstu.ssu.ac.kr/%ed%95%99%ea%b3%bc%ec%82%ac%eb%ac%b4%ec%8b%a4%ec%95%8c%eb%a6%bc/%ea%b3%b5%ec%a7%80%ec%82%ac%ed%95%ad/?term_id&slug=2204,"第
14
回
日本語
スピ?チコンテスト
（
Speech Contest
）
꽃과 나무가 많은 결실을 맺고 있는 결실의 계절 가을에
저희 일어일문학과에서는 일본어 스피치 콘테스트와 홈커밍데이 행사를 개최합니다
.
일본어 스피치 콘테스트는 올해
14
회를 맞이하는 학과 행사인데
,
두 사람이 짝이 되어 특정 주제에 대한 토론 형식으로 진행됩니다
.
학생들이 그동안 갈고 닦은 일본어 실력과 팀워크를 발휘할 좋은 기회가 되리라 여겨집니다
.
홈커밍데이에서는 졸업생과 재학생
,
그리고 교수님들이 상호간의 소통과 교류를 통해 일어일문학과의 화합을 도모하며
,
이러한 화합을 토대로 저희 학과가 앞으로 더욱 더 발전해나갈 것을 기대합니다
.
바쁘시겠지만 저희 학과 행사에 부디 참석하셔서 저희 학생들을 격려해주시고 관심을 가져주시기를 부탁드립니다
.
2016
년
10
월
10
일
일어일문학과 학과장 원지은 배상
◈
일 시
: 2016
년
10
월
13
일
(
목
)
오후
6:00
◈
장 소
:
베어드홀
103
호
◈
주 최
:
숭실대학교 일어일문학과"
japanese_language,화요 인문아카데미 안내,N/A,2016-10-06,https://japanstu.ssu.ac.kr/%ed%95%99%ea%b3%bc%ec%82%ac%eb%ac%b4%ec%8b%a4%ec%95%8c%eb%a6%bc/%ea%b3%b5%ec%a7%80%ec%82%ac%ed%95%ad/?term_id&slug=2200,
japanese_language,[그린서비스] K-뷰티 박람회 관련 통역사 모집 안내,N/A,2016-10-06,https://japanstu.ssu.ac.kr/%ed%95%99%ea%b3%bc%ec%82%ac%eb%ac%b4%ec%8b%a4%ec%95%8c%eb%a6%bc/%ea%b3%b5%ec%a7%80%ec%82%ac%ed%95%ad/?term_id&slug=2199,"1. 행 사 명 : K-Beauty Expo 2016
2. 일 시 : 2016년 10월 13일(목)- 10월 14일(금), 09:00-18:00
3. 장 소 : 일산 킨텍스 1-3hall
*** 현지 업체사장님들께서 품행이 단정하고 어학능력이 뛰어난 자는 관련업체와 연계하여 직원으로 채용할 예정이오니 적극 참여 바랍니다. ***
4. 내 용 : 수출상담회 통역, 실적집계요원 현장운영요원
5. 모집언어 : ***선착순 모집***
일어- 5명
지원마감 10월 6일 오전 11시까지
* 확정되신 분들께 개별연락 드립니다.
* 행사일 이전 이메일로 교육 자료 송부하여 드립니다.
6. 지원자격 : 관련 언어 능통자/ 수출상담회 및 전시통역 경험 풍부한 자/통,번역대학원 재학생 또는 졸업생 /외국 대학교 졸업생 및 유학생 (통역사해당)
7. 지원방법 : 학력, 경력 위주로 작성한 국문이력서 1부를 당사 이메일
greentrans21@hanmail.net
으로 송부
(보내실때 제목에 <행사명-해당언어-이름> 기재 바람)
EX- <뷰티박람회-영어-성함>
8. 문의사항 : 그린서비스 이메일(
greentrans21@hanmail.net
)"
japanese_language,[한국무역협회 K-MOVE센터] 일본기업 RAKUTEN 신입경력 엔지니어 채용설명회 안내,N/A,2016-10-05,https://japanstu.ssu.ac.kr/%ed%95%99%ea%b3%bc%ec%82%ac%eb%ac%b4%ec%8b%a4%ec%95%8c%eb%a6%bc/%ea%b3%b5%ec%a7%80%ec%82%ac%ed%95%ad/?term_id&slug=2195,
japanese_language,[경희 MICE 창조아카데미] 무료 취업연계 교육과정,N/A,2016-09-28,https://japanstu.ssu.ac.kr/%ed%95%99%ea%b3%bc%ec%82%ac%eb%ac%b4%ec%8b%a4%ec%95%8c%eb%a6%bc/%ea%b3%b5%ec%a7%80%ec%82%ac%ed%95%ad/?term_id&slug=2189,"경희대학교는 2015년도 서울시 창조전문인력 양성사업 수행기관으로 선정됨에 따라 서울형 경희 MICE 창조아카데미 사업단을 창설하였으며,
현재 1차년도에서 좋은 성과를 거두고 2차년도 사업에 접어들었습니다.
서울형 경희 MICE 창조아카데미는 한국 PCO협회, 한국 전시주최자협회, 한국이벤트프로모션협회와 함께 창조전문인력을 육성하고,
MICE 전문가를 목표로 하는 인재들을 위한 다양한 취업연계 프로그램을 제공합니다.
별첨 1. 경희 MICE  창조아카데미 공문(마이스 아카데미 4기, 전시운영실무과정 2기 홍보요청)
별첨 2. 경희 MICE 창조아카데미_마이스4기&전시2기_온라인 홍보자료"
japanese_language,[게임빌-컴투스] 2016 게임빌-컴투스 신입NGDC 채용,N/A,2016-09-27,https://japanstu.ssu.ac.kr/%ed%95%99%ea%b3%bc%ec%82%ac%eb%ac%b4%ec%8b%a4%ec%95%8c%eb%a6%bc/%ea%b3%b5%ec%a7%80%ec%82%ac%ed%95%ad/?term_id&slug=2188,"[게임빌-컴투스] 2016 게임빌-컴투스 신입NGDC 채용
2016 게임빌-컴투스 신입NGDC 채용
►접수 기간 :
2016년 10월 1일(토) ~ 31일 (월)
►접수 방법 : 게임빌-컴투스 온라인 채용홈페이지
(
recruit.withhive.com
)
​
►모집 부문 : 신입NGDC(게임기획 / 시나리오기획 / 프로그래머 / 게임아트 / 게임사업 / 마케팅)
​
►지원 자격 : 2017년 2월 졸업예정자 및 기졸업자
​
►전형 절차 : 서류전형 > 실무진면접 > 임원면접 > 최종합격
*자세한 세부내
용은 홈페이지를 통해 확인 부탁 드립니다.
​
인사담당자와 함께하는 모의면접
► 신청기간: 9.26
(월)
~10.14(금)
► 일자 및 장소: 리크루팅 일정과 동일(별도 연락)
► 신청 방법
www.interview-withhive.com
캠퍼스리크루팅 일정
일시
대학
상담 시간
상담 장소
설명회 장소
10
월 4일
화요일
연세대
10:00 ~ 17:00
학생회관 2층 상담장
14:00~16:00
연희관 404호
10
월 5일
수요일
서울대
10:00 ~ 17:00
롯데국제교육관 잡카페
X
X
10
월 6일
목요일
경희대(서울)
10:00 ~ 17:00
청운관 1층 상담실
X
X
10
월 10일 월요일
중앙대
10:00 ~ 17:00
310
관 3층 307호
X
X
10
월 11일 화요일
한양대
10:00 ~ 17:00
HIT
관 5층 취업상담실
X
X
10
월 12일 수요일
성균관대(서울)
10:00 ~ 17:00
경영관 1층 채용상담부스
16:00~18:00
경영관 33B101 강의실
10
월 13일 목요일
고려대
10:00 ~ 17:00
4.18
기념관 채용상담실
16:00~18:00
4.18
기념관 지하 2층 소극장
10
월 18일 화요일
홍익대
10:00 ~ 17:00
K
동 202호
17:00-19:00
K
동 201호
10
월 19일 수요일
국민대
10:00 ~ 17:00
종합복지관 지하 1층 드림룸
X
X"
japanese_language,[머니투데이 청년취업아카데미] 할랄 전문가 양성과정 (~9/30까지).,N/A,2016-09-26,https://japanstu.ssu.ac.kr/%ed%95%99%ea%b3%bc%ec%82%ac%eb%ac%b4%ec%8b%a4%ec%95%8c%eb%a6%bc/%ea%b3%b5%ec%a7%80%ec%82%ac%ed%95%ad/?term_id&slug=2184,"이번 머니투데이에서 진행하는 할랄 전문가 양성과정을 소개해드립니다.
할랄 전문가 양성과정에서는 이슬람의 식문화를 대표하는 할랄인증 관련 전문인을 양성하는 교육과정으로서, 이슬람 식문화를 비롯한 수출입, 마케팅, 무역 등 중동지역 전반에 걸친 전문가를 양성하는 과정입니다.
할랄 전문가 양성과정 홍보자료 첨부하여 보내드리오니 게시(학과 게시판, 페이스북, 카카오톡 등 SNS) 부탁드립니다.
** 할랄 전문가 양성과정 소개 **
모집 기간: ~9/30(금) 까지 선착순 마감
교육 기간:  2016년 10월 6일 ~ 2017년 2월 17일
교육 일정: 기본이론(할랄 및 수출입), 취업교육, 멘토링, 기업실습 등
지원서는 작성하셔서
hcareer@naver.com
으로 보내주시면 됩니다! (첨부파일)"
japanese_language,일본문화 탐방단 신청안내,N/A,2016-09-21,https://japanstu.ssu.ac.kr/%ed%95%99%ea%b3%bc%ec%82%ac%eb%ac%b4%ec%8b%a4%ec%95%8c%eb%a6%bc/%ea%b3%b5%ec%a7%80%ec%82%ac%ed%95%ad/?term_id&slug=2179,"가
.
사 업 명
:
일본문화 탐방단
나
.
일 시
:
▸
전체일정
– 2016
년
10
월
29
일
~12
월
3
일
(
세부일정 포스터 참고
)
▸
탐방일정
– 2016
년
11
월
3
일
~11
월
13
일
(10
박
11
일
,
일본 오사카일대
)
다
.
장 소
:
미지센터
,
일본 간사이지방
(
오사카
,
교토
,
시가현
,
오카야마현
,
가가와현 등
)
라
.
내 용
:
일본의 문화
,
사회
,
역사
,
경제
,
산업
,
예술을 통한 문화 상호 연관성 이해
마
.
대 상
:
대학생
30
명
바
.
참 가 비
:
무료
사
.
지원방법
:
미지센터 홈페이지
(
www.mizy.net
)
프로그램 참가신청 게시판에 첨부된 지원서 작성 후
joyfuljuicy@mizy.net
으로 제출
(~9.28)
아
.
신청기간
: 2016
년
9
월
9
일
~9
월
28
일
자
.
선발과정
: 10
월
5
일
(1
차 서류발표
), 10
월
7
일
~8
일
(2
차 면접 전형
)
10
월
12
일
(
결과발표
)
차
.
협조사항
:
홍보 웹포스터 온라인 게시 및 관련 게시판 부착
붙임 참가자 모집 웹포스터
1
부
.
끝
."
japanese_language,"튜터링 튜터, 튜티 신청안내",N/A,2016-09-21,https://japanstu.ssu.ac.kr/%ed%95%99%ea%b3%bc%ec%82%ac%eb%ac%b4%ec%8b%a4%ec%95%8c%eb%a6%bc/%ea%b3%b5%ec%a7%80%ec%82%ac%ed%95%ad/?term_id&slug=2177,"1.
프로그램 개요
:
전공 교과목
,
전공 기초 과목에 대해 지식과 경험을 갖춘
1
인의 튜터
(tutor)
와 해당 학습에 도움을 원하는 소수
(7
인 내외
)
의 튜티
(tutee)
들이 주
1
회 이상 정기적으로 모여 공부하는 협동학습 프로그램
가
.
지원 자격
1)
튜터
:
학부 재학생 중 해당과목 성적
A
–
학점 이상인 학부 재학생
2)
튜티
:
전공학습의 역량을 키우기 원하는 학부 재학생 누구나
나
.
학습 주제
:
해당 학기 개설된 학부 정규 교과목 및 전공 기초
다
.
모집 규모
:
최대
74
그룹
(
한 그룹 당 최소
3
명 이상
7
명 이하로 구성
)
2.
필요성 및 기대 효과
가
.
학습 공동체 형성을 지원하여 자율적
,
능동적 학습 문화 조성
나
.
교과목에 대한 체계적 이해를 통한 학습 자신감 획득 및 학업 능력 향상
다
.
협동 학습 경험을 통한 팀워크 능력 및 학습 공동체 의식 배양
3.
운영 절차
진행 과정
일정
세부 사항
비고
튜터 참가신청
8.25~9.13
–
학습 계획서
,
성적증명서 첨부
온라인 신청서 다운로드하여 작성
튜터링 교과목 공지 및
튜티 신청 안내
9.13
튜티 참가신청
9.13~9.19
–
튜터가 배정된 과목에 한해 신청
최종 승인 그룹 발표
9.20
–
교육개발센터 홈페이지 및 개별 공지
튜터링 오리엔테이션
9.22
–
튜터링 프로그램 소개
,
튜터와 튜티 만남의 시간
튜터링 학습
9.22~12.8
–
중간모임
(11.8~11.10)
–
매 모임마다
e-campus
에 활동 보고서 및 사진 제출
,
30
시간 이상 학습
우수 튜터링 그룹 선발
12
월 말
–
우수 튜터링 그룹 선발하여 시상
4
.
지원 사항
가
.
튜터 장학금 및 그룹 활동비 지급
나
.
튜터 교육
다
.
튜터 경력증명서 발급
라
.
스터디룸 제공
마
.
우수 튜터링 포상"
japanese_language,제6회 캡스톤디자인 작품 전시회 개최(9/20~9/21) 안내,N/A,2016-09-20,https://japanstu.ssu.ac.kr/%ed%95%99%ea%b3%bc%ec%82%ac%eb%ac%b4%ec%8b%a4%ec%95%8c%eb%a6%bc/%ea%b3%b5%ec%a7%80%ec%82%ac%ed%95%ad/?term_id&slug=2172,"공학교육혁신센터에서 주최하는
제
6
회 캡스톤디자인 작품전시회에 여러분을 초대합니다
.
올해로
6
회째를 맞이하는 캡스톤디자인 경진대회 및 작품전시회는
공과대학 및
IT
대학 학생들의 숨겨져 있던 창의력과 재능을 마음껏 발휘할 수 있는 장
(
場
)
으로 거듭 성장 발전하고 있습니다
.
이번 작품전시회도 학생들의 번뜩이는 창의성과 상상의 나래를 펴는 작품으로 준비하였사오니
바쁘시더라도 부디 방문하시어 학생들에게 따뜻한 격려와 깊은 관심 부탁드립니다
.
감사합니다
.
–
숭실대학교 공학교육혁신센터
–"
japanese_language,[문화체육관광부 주최]제 8회 자유이용저작물 창작공모전 안내,N/A,2016-09-19,https://japanstu.ssu.ac.kr/%ed%95%99%ea%b3%bc%ec%82%ac%eb%ac%b4%ec%8b%a4%ec%95%8c%eb%a6%bc/%ea%b3%b5%ec%a7%80%ec%82%ac%ed%95%ad/?term_id&slug=2169,"제 8회 자유이용저작물 창작공모전
제 8회 자유이용저작물 창작공모전은
문화체육관광부가 주최하고 한국저작권위원회와 한국문화정보원이 주관하는 대국민 참여형 공모전으로
행복, 가족, 감동과 같은 인간의 정(情)을 나타낼 수 있는 포토툰과 모션그래픽으로 제작하여 지원하는 공모전 입니다.
해당 공모전의 혜택으로는 문화체육관광부 장관상, 한국저작권위원회 위원장상, 한국문화정보원장상 등의
시상 및 그에 따른 상금이 지급될 예정입니다.
또한 수상작은 추후 분당에 위치한 창작체험관, 국제컨퍼런스 시상식 등에 전시될 예정입니다.
이번에 진행되는 공모전이 학생들의 커리어에도 많은 도움이 될 것이라 생각이 됩니다.
해서, 학교 및 학과에서도 학생들이 많은 관심과 지원을 할 수 있도록 도움을 주시기 바랍니다.
기타 궁금하신점이 있으시면 언제든지 연락(운영사무국 : 02-569-9461)
또는 홈페이지를 참고해 주시길 바랍니다.(URL :
http://www.gongucontest.co.kr
)"
japanese_language,한나장학생 모집,N/A,2016-09-13,https://japanstu.ssu.ac.kr/%ed%95%99%ea%b3%bc%ec%82%ac%eb%ac%b4%ec%8b%a4%ec%95%8c%eb%a6%bc/%ea%b3%b5%ec%a7%80%ec%82%ac%ed%95%ad/?term_id&slug=2167,"한나 장학금
한나장학금은 우리 학과 겸임교수를 역임하신 김정희교수님께서 출연해 주신 기금으로 운영하는
일어일본학과 내부 장학금으로, 학자금 조달에 어려움을 겪고 있는 학우를 위한 장학금입니다.
1. 대 상 : 일어일본학과 1학년 (2016학번)
2. 모집인원 : 2명
3. 구비서류 : 자기소개서(첨부파일), 건강보험료 납입증명서, 주민등록등본 1부
4. 신청기한 : 9월 20일(화) 15:00시까지 학과사무실
5. 장학금액 : 1,000,000원 (1인당)
6. 지급시기 : 1학기 중"
japanese_language,2016학년도 일어일문학과 스피치컨테스트 안내,N/A,2016-09-12,https://japanstu.ssu.ac.kr/%ed%95%99%ea%b3%bc%ec%82%ac%eb%ac%b4%ec%8b%a4%ec%95%8c%eb%a6%bc/%ea%b3%b5%ec%a7%80%ec%82%ac%ed%95%ad/?term_id&slug=2166,"第
14
回
日本語
スピーチコンテスト
2016
학년도 일어일문학과 스피치컨테스트 안내
.
*
중요
*
참가자 모집안내
스피치컨테스트에 참가하고자 하는 학생은
9/20(
화
)
까지
학과사무실
신청
_
너무나 염려와 고민되는 학생은
22(
목
)
까지 마감
. (
조기마감시 신청불가
)
_
컨테스트 부상
:
총
750,000
원
(
상별 차등지급
)
1.
일 시
:
2016
년
10
월
13
일
17:30
부터
2.
장소
:
추후 공지
(
문자와 학과 게시판 및 홈페이지
)
14
회 일어일문학과 스피치컨테스트를 개최할 예정이오니
,
많은 관심과 참석 부탁드립니다
.
컨테스트 후에는
""
동문초청의 밤
""
도 진행 예정이오니 교수님과 선후배 동기들과의 돈독한 시간 함께
보내시길 바랍니다
."
japanese_language,2016 대한민국 취업박람회] 박람회 홍보요청 및 잡프로듀스 200 선정 안내,N/A,2016-09-06,https://japanstu.ssu.ac.kr/%ed%95%99%ea%b3%bc%ec%82%ac%eb%ac%b4%ec%8b%a4%ec%95%8c%eb%a6%bc/%ea%b3%b5%ec%a7%80%ec%82%ac%ed%95%ad/?term_id&slug=2164,"2016년 9월 23일(금) 국회 잔디마당(여의도)에서 대한민국을 대표하는 취업박람회가 개최됩니다.
박람회 참여기업 리스트를 함께 보내 드리며, 해당 기업들의 채용공고 내용은 박람회 홈페이지를 참고할 수 있도록 안내부탁 드립니다.(기업의 사정으로 홈페이지에 채용공고를 노출하지 않는 경우도 있습니다.)
참여기업의 채용분야 및 회사 정보 등은 현재 재검토 단계로 정리가 완료되면 엑셀로 정리하여 공유 드리겠습니다.(9월 9일 예상)
참여기업은 200여개사로 현재 지속적으로 기업 모집을 하고 있습니다. 회사 사정으로 인해 참여를 취소하는 기업이 발생할 수 있습니다.
박람회 홈페이지
https://koreajobfair2016.incruit.com/
[2016 대한민국 취업박람회 행사개요]
1) 일시/장소: 2016. 09. 23(금) 10:00 ~ 17:00 / 국회 잔디마당
※ 온라인 박람회 2016. 08. 01(월) ~ 10. 31(월) /
koreajobfair2016.incruit.com
2) 규    모 : 구인기업 200여개사 / 구직자 2만명 이상
3) 참여대상
m 구인기업 : 2016년 채용수요가 있는 우수기업체
m 구 직 자 : 취업을 희망하는 모든 구직자
4) 참여기관
m 주최 : 국회, 대한민국 정부[고용노동부]
m 주관 : 서울고용노동청, 서울중소기업청, 서울창조경제혁신센터, 청년희망재단, 동반성장위원회, 한국산업기술진흥협회, 한국여성과학기술인지원센터
m 후원 : 한국중견기업연합회, 한국경영혁신중소기업협회
m 진행 : 인크루트㈜
기업과 구직자간의 미스매칭을 최소화하고자 잡프로듀스 200을 운영합니다.
잡프로듀스 200의 경우 학생 개별 신청이 불가합니다.
학교 별 10명의 학생을 모아 신청해 주셔야 하며 해당 서비스는
모집마감일(9월 6일(화))
에 상관 없이 인원이 모집 완료(15개 대학 150명) 되면 더 이상의 신청은 불가합니다.
※ ‘잡 프로듀스 200’ 이란?
– 취업을 간절히 희망하는 대표 구직자 200명을 선정하여 박람회 참여기업에 사전 매칭 컨설팅을 진행하는 프로그램.
– 참여조건
1. 취업에 대한 의지가 확고하고, 즉시 취업이 가능한 자
2. 9월 23일(금) 취업박람회장 현장참여가 가능한 자(중요!)
3. 완성도 높은 입사서류(이력서, 자기소개서) 작성이 되어(가능) 있는 자
-> 이력서 컨설팅이 아닌 매칭 컨설팅으로 입사서류 작성의 완성도가 높아야 합니다.
4. 대기업 및 공기업 등의 취업만 고집하지 않는 자(중소기업 취업가능)
자세한 사항은 첨부파일 확인 부탁 드립니다.
감사합니다."
japanese_language,일본취업박람회 안내,N/A,2016-09-05,https://japanstu.ssu.ac.kr/%ed%95%99%ea%b3%bc%ec%82%ac%eb%ac%b4%ec%8b%a4%ec%95%8c%eb%a6%bc/%ea%b3%b5%ec%a7%80%ec%82%ac%ed%95%ad/?term_id&slug=2162,"일본계 헤드헌팅사인 인텔리전스코리아입니다.
당사는 일본 Temp Group의 한국 현지 법인으로서 국내외 유수의 기업으로의 취업을 지원하고 있습니다.
올해로 3년째를 맞이하는 일본 취업박람회 행사를 안내 드립니다.
현재까지 참가확정기업 리스트이며, 참가기업은 더 추가될 예정입니다.
기업명
업계
모집직종
자격요건
주식회사 발레오재팬
자동차 부품 제조업체
엔지니어
기계, 전기전자 관련 전공
일본어 일상회화 가능
주식회사 미크로스 소프트웨어
통신, 기기제어 시스템
시스템 엔지니어
정보처리 관련 전공
일본어 비즈니스 레벨
다이요홀딩스 주식회사
화학품 제조 및 판매
기술계 종합직
사무직
화학,물리 전공
일본어 일상회화 가능
전공무관
일본어 비즈니스 레벨
주식회사 키포트솔루션즈
IT・통신・인터넷
시스템엔지니어
전공무관
일본어능력시험 N1상당 레벨
주식회사 고베제강소
철강
종합직
전공무관
일본어 비즈니스 레벨
타임스 모빌리티 네트웍스 주식회사
개인·법인용 렌터카 사업
종합직
전공무관
일본어 비즈니스 레벨
주식회사 기프트
외식업
종합직
전공무관
일본어능력시험 N2상당 레벨
Meltwater Japan 주식회사
IT・통신・인터넷
세일즈∙컨설턴트
전공무관
일본어 비즈니스 레벨
TOEIC 800점 이상
오릭스 주식회사
금융 서비스업
종합직
금융, 회계 관련 전공
일본어 비즈니스 레벨
주식회사 오픈하우스
부동산
영업직
시공관리직
전공무관
일본어 비즈니스 레벨
주식회사 머큐리
인재소개업
종합직
전공무관
일본어능력시험 N2이상 레벨
제너럴엔지니어링 주식회사
엔지니어링
기술계종합직
기계/전기 관련 전공
일본어능력시험 N1상당 레벨
포스터를 PDF파일로 첨부해 드리니 참고하시어
일본 취업에 관심 있는 학생들이 많이 참여 할 수 있도록 안내 부탁 드리겠습니다.
감사합니다.
김노을 배상
——————————————————————————–
주식회사 인텔리전스코리아
기획마케팅부/과장 김 노 을
——————————————————————————–
서울시 중구 세종대로136 SFC 15층
Tel.02)760-8854  Fax.02)760-8889
E-mail. ne.kim@intekorea.co.kr
URL. http://www.intekorea.co.kr
——————————————————————————–"
japanese_language,[머니투데이 청년취업아카데미] 할랄 전문가 양성과정 홍보자료,N/A,2016-08-31,https://japanstu.ssu.ac.kr/%ed%95%99%ea%b3%bc%ec%82%ac%eb%ac%b4%ec%8b%a4%ec%95%8c%eb%a6%bc/%ea%b3%b5%ec%a7%80%ec%82%ac%ed%95%ad/?term_id&slug=2156,"이번 머니투데이에서 진행하는 할랄 전문가 양성과정을 소개해드립니다.
할랄 전문가 양성과정에서는 이슬람의 식문화를 대표하는 할랄인증 관련 전문인을 양성하는 교육과정으로서, 이슬람 식문화를 비롯한 수출입, 마케팅, 무역 등 중동지역 전반에 걸친 전문가를 양성하는 과정입니다.
할랄 전문가 양성과정 홍보자료 첨부하여 보내드리오니 게시(학과 게시판, 페이스북, 카카오톡 등 SNS) 부탁드립니다.
** 할랄 전문가 양성과정 소개 **
모집 기간: ~9/19(월) 까지 선착순 마감
교육 기간:  2016년 9월 30일 ~ 2017년 2월 13일
교육 일정: 기본이론(할랄 및 수출입), 취업교육, 멘토링, 기업실습 등
지원서는 작성하셔서
hcareer@naver.com
으로 보내주시면 됩니다! (첨부파일)
숭실대학교 학생들에게 많은 홍보 부탁드립니다.
오늘 하루  행복하게 보내십시오.
감사합니다.
☎02-725-2626,
hcareer@naver.com
머니투데이 청년취업아카데미, 서울시 종로구 인사동 194-4 하나로빌딩"
japanese_language,2016년 하반기 S-OIL 신입사원 공채 모집,N/A,2016-08-30,https://japanstu.ssu.ac.kr/%ed%95%99%ea%b3%bc%ec%82%ac%eb%ac%b4%ec%8b%a4%ec%95%8c%eb%a6%bc/%ea%b3%b5%ec%a7%80%ec%82%ac%ed%95%ad/?term_id&slug=2155,"[S-OIL
]
2016년 하반기 신입사원 공채 모집
​
■ 게시 내용:
2016년 하반기 S-OIL 신입사원 공채 모집
►접수 기간 :
2016년 9월 1일(목) ~ 21일 (수) 17:00까지
►접수 방법 :
당사 채용홈페이지(s-oil.scout.co.kr)접속 후
*
온라인 입사지원서 작성(입사지원서는 온라인으로만 제출가능
​
►모집 분야 :
*자세한 내
용은 첨부파일 및 이미지를 통해 확인 부탁 드립니다.
​
►전형 절차 : 서류전형 -> 인적성검사(10/23) -> 1차면접 -> 2차면접 -> 신체검사
​
►
서류전형 합격자 발표 :
10
월 둘째 주
(e-mail
및
SMS
를 통해 통보
)
​
►
문의사항은 채용홈페이지
Q&A
게시판 또는 인사팀으로 문의하여 주시기 바랍니다
.
–
신입사원
채용
:Tel. 02-3772-5145"
japanese_language,2016 현대글로비스 “물류인 이야기” 공모전,N/A,2016-08-29,https://japanstu.ssu.ac.kr/%ed%95%99%ea%b3%bc%ec%82%ac%eb%ac%b4%ec%8b%a4%ec%95%8c%eb%a6%bc/%ea%b3%b5%ec%a7%80%ec%82%ac%ed%95%ad/?term_id&slug=2150,"2016 현대글로비스 ""물류인 이야기""
1. 접수 기간
2016.8.29(월)  ~  9.17(토) 17:00 까지
2. 공모 주제
– 물류 / 해운 / 유통 산업에 대한 자신만의 열정과 패기에 관한 이야기
– 물류 / 해운 / 유통 산업의 소중함과 미래 가치에 관한 이야기
– 당신이 꿈꾸는 물류인 / 해운인 / 유통인 이야기
3. 접수 방법
온라인 접수(
https://recruit.glovis.net
)
4. 접수 내용
보고서, 수기, 웹툰, 시, 사진, UCC 등 자율 양식(중복 지원 불가)
구분
형식
분량
용량
문서
PowerPoint
또는 Word, HWP, PDF
20
장 이내
10MB
UCC
Youtube
혹은 Website 동영상 업로드 후
해당 URL 주소 기재
(
주소 작성 시 ‘http://’를 반드시 포함)
3
분 이내
제한 없음
[우수자 혜택]
2016년 하반기 신입채용
""
​5. 우수자 발표
2016년 9월 30일(금) 예정
6. 문의처
현대글로비스 인재지원팀
Tel: 02 – 6191 – 9189
Email : recruit@qlovis.net"
japanese_language,[한화방산] 2016 (주)한화 방산전시회 초청대상자 모집 (~8/30일 15시 까지 접수),N/A,2016-08-22,https://japanstu.ssu.ac.kr/%ed%95%99%ea%b3%bc%ec%82%ac%eb%ac%b4%ec%8b%a4%ec%95%8c%eb%a6%bc/%ea%b3%b5%ec%a7%80%ec%82%ac%ed%95%ad/?term_id&slug=2146,"[한화방산] 2016 (주)한화 방산전시회 초청대상자 모집 (~8/30일 15시 까지 접수)
국내 TOP 방산그룹인 ‘한화’에서 국내 최대 방산전시회인 ‘DX Korea’에
방위산업에 관심있는 대학생들을 초청하고자 하니 많은 관심과 지원 바랍니다.
■
행사일정
1) 시간 : 2016.09.09(금) 12:30~20:00
2) 장소 : 서울 한화빌딩 및 일산 킨텍스
3) 프로그램
– 오리엔테이션 (서울 한화빌딩)
– 방산전시회 관람 (일산 킨텍스)
– 석식간담회 (서울)
– 참가비 없음, 소정의 선물 증정
■초청대상자 선발전형
1) 선발인원 : 00명
2) 응시자격 : 현재 학/석사과정 중인 대학생 누구나
3) 접수기간 : 2016.08.19(금) ~ 08.30(화) 15:00
4) 선발절차 : 서류전형으로 선발
5) 접수방법 : 인터넷 접수 (
www.hanwhain.com
)
6) 문의사항 :
jh1.jang@hanwha.com
관련 홈페이지 :
www.dxkorea.org"
japanese_language,[현대자동차] 잡페어 개최 (8월 25일~26일/동대문디자인플라자),N/A,2016-08-17,https://japanstu.ssu.ac.kr/%ed%95%99%ea%b3%bc%ec%82%ac%eb%ac%b4%ec%8b%a4%ec%95%8c%eb%a6%bc/%ea%b3%b5%ec%a7%80%ec%82%ac%ed%95%ad/?term_id&slug=2142,"[
게시 내용
]
현대자동차에서
8
월
25~26
일 이틀간
서울 동대문디자인플라자
(DDP)
에서
잡페어
(Job Fair,
채용박람회
)
를 진행합니다
.
이번 잡페어는
“What makes you move? _
현대자동차의 일
,
문화
,
사람
”
을 주제로
각 분야 현직자들의 이야기를 듣는
“H Story”,
자기소개 및 서류전형 면제의 기회를 제공하는 ‘자기
PR
’
,
인재채용팀 직원들과 자유롭게 소통하는 ‘채용
Talk
’ 등을 운영합니다
.
자기
PR
프로그램에 참가를 원하는 사람은
8
월
18
일 낮
12
시까지
영현대 홈페이지
(young.hyundai.com)
에서 사전 신청할 수 있으며
,
이 중 자기
PR
대상자를 선정하여
22
일 개별 연락을 통해 안내할 예정 입니다
.
자기
PR
은 사전신청 외에 잡페어 현장에서도 신청할 수 있으며
,
선정되는 인원에게는 즉석 자기
PR
기회를 드립니다
.
기타 자세한 내용은 아래 홈페이지에서 확인 부탁 드립니다
.
■ 일정
: 16
년
8
월
25
일
(
목
)~26
일
(
금
)
오전
10
시
~
오후
6
시
■ 장소
:
동대문디자인플라자
(DDP)
알림
2
관
(
약도
)
■ 상세내용
:
https://young.hyundai.com/program/apps/jobfair/select.do
[
게시 제목
]
[
현대자동차
]
잡페어 개최
(8
월
25
일
~26
일
/
동대문디자인플라자
)"
japanese_language,예비수강신청(장바구니) 제도 시행 안내,N/A,2016-08-04,https://japanstu.ssu.ac.kr/%ed%95%99%ea%b3%bc%ec%82%ac%eb%ac%b4%ec%8b%a4%ec%95%8c%eb%a6%bc/%ea%b3%b5%ec%a7%80%ec%82%ac%ed%95%ad/?term_id&slug=2141,"예비수강신청
(
장바구니
)
제도 시행 안내
(
추가
)
2016
학년도
2
학기 예비수강신청
(
장바구니
)
제도를 다음과 같이 시행 합니다
.
(
※
추가 내용
:
학년별 수강신청일
에는 담아 놓은 과목 중 수강 대상이
‘
본인 학년
’
과
‘
전체
’
인 과목만 조회 가능
)
1.
예비수강신청
(
장바구니
)
개요
–
수강 희망 교과목을 검색하여 예비 목록으로 담아둠으로서 실제 수강신청에서 편리하게 활용하는 제도
–
어떤 제한 없이 원하는 교과목을 최대
15
과목까지 담기 가능
–
예비수강신청
(
장바구니
)
에 담아놓은 과목은 수강신청프로그램과 자동 연계되어
“
예비수강신청내역
”
탭에서 조회 가능
–
기존 수강신청 시 각 수강과목을 검색하는 과정을 간소화
2.
예비수강신청
(
장바구니
)
일정
:
2016. 8. 11.(
목
)~12.(
금
), 00:00~24:00
※
본 수강신청
: 2016. 8. 17.(
수
) ~ 23.(
화
) 10:00~17:00
3.
예비수강신청
(
장바구니
)
방법
가
. u-saint
접속
>
학사관리
>
수강신청
/
수업
>
예비수강신청
(
장바구니
)
메뉴로 접속
나
.
기존 수강신청 시와 동일한 방법으로 개설과목 검색하여
‘
담기
’
버튼으로 담기
다
.
우선순위를 직접 입력 후
‘
우선순위저장
’
버튼을 클릭하여 우선순위 저장
라
.
본 수강신청 시에는 예비수강신청
(
장바구니
)
에서 담아놓은 과목이 설정한 우선순위대로
“
예비수강신청
”
탭에서 자동 조회됨
※
학년별 수강신청일
에는 담아 놓은 과목 중 수강 대상이
‘
본인 학년
’
과
‘
전체
’
인 과목만 조회 가능
마
.
해당 과목pan>
예비수강신청
(
장바구니
)
은 수강신청 확정된 것이 아니며
,
반드시 본 수강신청 기간에 다시 수강신청 해야 함
–
예비수강신청 과목은 자동 수강신청 되지 않음
!!
–
예비수강신청
(
장바구니
)
은 단순 담기 기능만 제공
–
본 수강신청 시에는
‘
신청
’
버튼을 눌러 신청이 정상적으로 완료되어야 해당 과목의 수강신청이 완료
–
예비수강신청
(
장바구니
)
에서 먼저 과목을 담는다고 하여 수강신청 상의 유리함이 있는 것은 아님
(
선착순 아님
)
나
.
강의시간 및 강의실은 본 수강신청 기간에 변경될 수 있음
다
.
예비수강신청
(
장바구니
)
은 지정된 기간에만 이용 가능
※
첨부
:
예비수강신청
(
장바구니
)
사용 매뉴얼
1
부
.
2016. 8.
교 무 처 장"
japanese_language,[서울도서관] 2016 서울 북 페스티벌 축제자원활동가 (축제봉사) 모집 안내,N/A,2016-08-04,https://japanstu.ssu.ac.kr/%ed%95%99%ea%b3%bc%ec%82%ac%eb%ac%b4%ec%8b%a4%ec%95%8c%eb%a6%bc/%ea%b3%b5%ec%a7%80%ec%82%ac%ed%95%ad/?term_id&slug=2137,"2016
서울 북 페스티벌 함께 읽고 함께 놀아요
2016
서울 북 페스티벌 자원활동가 모집안내
<!–[if !supportEmptyParas]–> <!–[endif]–>
서울 북 페스티벌
Seoul Book Festival <
도서관
!
로봇
?>
은 함께 질문하고 이야기하는 소통의 축제입니다
.
2016
년
9
월
2
일과
3
일
,
서울광장에서 특별한
‘
쉼
’
을 선사하는
2016
서울 북 페스티벌을 함께 만들어 갈 축제 자원활동가를 모집합니다
.
많이 참여해주세요
<!–[if !supportEmptyParas]–> <!–[endif]–>
1. 모 집 명
: 2016
서울 북 페스티벌 자원활동가
<!–[if !supportEmptyParas]–> <!–[endif]–>
2. 모집인원 및 분야
:
총
50
명
활동분야
인원
20
명
부스지원
축제도서관
8
명
출판
6
명
서점
6
명
독서동아리
+
무대
10
명
<!–[if !supportEmptyParas]–> <!–[endif]–>
3. 모집기간
: 7
월
(
수
) ~ 8
월
12
일
(
금
)
<!–[if !supportEmptyParas]–> <!–[endif]–>
4. 모집대상
(1)
서울 북 페스티벌을 함께 만들고 키울 사람
(2)
축제 자원활동에 관심이 많은 사람
(3)
축제를 즐기고 더불어 즐길 수 있도록 만들 사람
(4)
축제 등 자원활동 유경험자
※
반드시
9
월
2
일
(
금
), 3
일
(
토
)
참여가능해야 함
<!–[if !supportEmptyParas]–> <!–[endif]–>
축제 운영시간
부스 운영시간
9
월
2
일
(
금
)
09:00 ~ 22:00
12:00 ~ 18:00
9
월
3
일
(
토
)
09:00 ~ 20:00
10:00 ~ 18:00
<!–[if !supportEmptyParas]–> <!–[endif]–>
5. 신청방식
:
신청서 작성후 이메일 송부
(
libfestival@naver.com
).
서류심사 후 통보
※
문의사항
:
서울도서관 도서관정책과 김하린
(02-2133-0225)
<!–[if !supportEmptyParas]–> <!–[endif]–>
6. 활동기간
: 8
월
20
일
(
토
) ~ 9
월
3
일
(
토
)
<!–[if !supportEmptyParas]–> <!–[endif]–>
7. 활동일정
(1)
합격자 최종 발표
: 8
월
17
일
(
수
)
서울도서관 홈페이지 게시
일
(
토
) 11
시
(3)
축제 홍보
: 8
월
20
일
(
토
) ~ 9
월
3
일
(
토
) (
※
온라인 홍보
)
(4)
축제운영
OT : 9
월
1
일
(
목
)
오후
(5)
축제 현장활동
: 9
월
2
일
(
금
) ~ 3
일
(
토
)
양일간
(6)
활동평가회 및 해단식
: 10
월경
(
예정
)
<!–[if !supportEmptyParas]–> <!–[endif]–>
<!–[if !supportEmptyParas]–> <!–[endif]–>
8. 활동혜택
(1)
활동 완료시 자원활동시간 인증
(2)
축제기간 중 자원활동가 유니폼과 식사 제공
(3)
우수 자원활동가 시상
<!–[if !supportEmptyParas]–> <!–[endif]–>
9. 기타사항
(1)
자원활동가"
japanese_language,[한국사이버 진흥원] 스펙업 레벨업 여름방학 자격증 무료수강 이벤트,N/A,2016-08-03,https://japanstu.ssu.ac.kr/%ed%95%99%ea%b3%bc%ec%82%ac%eb%ac%b4%ec%8b%a4%ec%95%8c%eb%a6%bc/%ea%b3%b5%ec%a7%80%ec%82%ac%ed%95%ad/?term_id&slug=2136,"[
한국사이버 진흥원
]
스펙업
↑↑
레벨업
↑↑
여름방학 자격증 무료수강 이벤트
한국사이버 진흥원은 자격증 교육센터로서 최상의 온라인 교육 및 컨텐츠 개발 회사이며 작년 한 해
,
일어일문학과 학생들과 간단한 업무제휴로 심리상담사 외
25
가지 과정을 많은 학생들이 무료수강 혜택을 받았습니다
.
한국 사이버 진흥원은 사이버경찰청
,
국방부 및 경찰학교
,
전국 대학교
,
대학원들과 협약을 맺고 진행 중이며
,
이에 일어일문학과 학생들과 함께 이번 추가등록된
1
급과정과 기존 수강 과목도 원하는 분
들에 한해 무료수강 이벤트를 진행코자 합니다
.
이번 재학생 및 교직원 들을 대상으로 총
5
주 속성 과정으로 온라인수업 으로 진행되며 향후 학생들이 취업 시 개개인 간에 스펙을 통하여 모든 학생의 스펙이
""UP"",
레벨이
“UP""
하자는 취지와 함께 취업에 조금이나마 도움이 되는 자격증 과정입니다
. (
PC
및 모바일로 수강 가능합니다
.
)
취업 및 진로에 어려움을 겪고 있는 요즘 조금이나마 학생들이 부담 없이 교육 및 자격증을 취득할 수 있도록 도움이 되고자 무료수강 이벤트를 진행합니다
.
수업 참여를 원하시는 분들은 무료로 수강혜택을 받아볼 수 있습니다
.
※
본 사이트
www.ekcls.com
1.
무료수강 절차
–
회원가입 시 추천인
(
코드
)
란에
“
스마일
”
(
유료 사이트이기에 필수입니다
.)
(
기재시 무료쿠폰으로 자동 변환됩니다
.)
–
가입 후 수강 희망과목 신청 시 교육비
“0
원
”,
시험응시료
“0
원
”
2.
자격증 과정
(100%
온라인 수업
,
온라인 시험
/ 5
주 과정
/ 4
주차 수업
, 5
주차 온라인 시험
)
–
기존 과목
:
심리상담사
2
급
,
아동심리상담사
2
급
,
미술심리 상담사
2
급
,
아동폭력예방상담사
,
독서지도사
,
아동미술지도사
,
방과후지도사
,
동화구연지도사
,
부모교육지도사
,
인성지도사
,
이미지메이킹
,
스피치지도사
(
이미지와 스피치는 취업
,
면접에 매우 필요로 합니다
.),
손유희지도사
2
급
,
아동요리지도사
,
클레이아트지도사
,
가족심리상담사
,
분노조절상담지도사
,
캘리그라피지도사
–
추가 과목
:
아동심리상담사
1
급
,
방과후 지도사
1
급
,
미술심리상담사
1
급
,
프리젠테이션전문가
,
심리상담사
1
급
[
문의사항
]
한국사이버 진흥원 이은호 부장
/ 02-702-1457 / 010-2759-1066 / vozlwl@nate.com"
japanese_language,‘제5회 유네스코 청년역사대화 국제포럼’ 공개강연 참가자 모집,N/A,2016-07-26,https://japanstu.ssu.ac.kr/%ed%95%99%ea%b3%bc%ec%82%ac%eb%ac%b4%ec%8b%a4%ec%95%8c%eb%a6%bc/%ea%b3%b5%ec%a7%80%ec%82%ac%ed%95%ad/?term_id&slug=2132,"유네스코한국위원회 과학팀입니다.
과학팀에서는 다양한 국적의 청년들이 대화와 교류를 통해 미래 세대의 역사화해 방안을 모색하는
‘제5회 유네스코 청년역사대화 국제포럼’ 공개강연
참가
자를 모집하고 있습니다.
*공문, 홍보용 포스터를 참고하시기 바랍니다.
문의사항이 있으시면 언제든지 연락주십시오.
유네스코한국위원회 과학팀"
japanese_language,2016년 제2회 일본유학시험(EJU) 접수,N/A,2016-07-20,https://japanstu.ssu.ac.kr/%ed%95%99%ea%b3%bc%ec%82%ac%eb%ac%b4%ec%8b%a4%ec%95%8c%eb%a6%bc/%ea%b3%b5%ec%a7%80%ec%82%ac%ed%95%ad/?term_id&slug=2128,"올해 11월 13일(일) 실시하는 <2016년 제2회 일본유학시험(EJU)>의 접수를 실시하고 있습니다.
한국 공식사이트 :
www.ejutest.com
접수방법은 본 홈페이지에서 인터넷으로 접수하도록 되어 있습니다.
1. 인터넷접수 전에 수험료를 먼저 입금하십시오.
2. 사진 업로드시, 가로 3 x 세로 4 비율의 반명함판 증명사진을 업로드하십시오.
일본유학시험 성적우수자에게는 <EJU 학습장려비>가 지급됩니다.
인터넷접수 시, 학습장려비 수령신청란의 해당란이 선택되어 있어야 하며, 시험 후 별도의 선발과정을 거쳐 <EJU 학습장려비 지급대상자>로 선발이 됩니다.
지급대상자는 일본의 해당 교육기관에 입학 후, 월 48000엔(2015년 기준)을 최대 1년간 받을 수 있는 만큼, EJU 성적이 우수하면 입학후 곧바로 장학금을 받을 수 있는 장점이 있으므로 이 제도를 적극 활용하시기 바랍니다. 아래 페이지를 참고하십시오.
http://www.ejutest.com/doc/sub7_01.php
​"
japanese_language,2016 대한민국 취업박람회 사전매칭컨설팅 신청접수 안내,N/A,2016-07-20,https://japanstu.ssu.ac.kr/%ed%95%99%ea%b3%bc%ec%82%ac%eb%ac%b4%ec%8b%a4%ec%95%8c%eb%a6%bc/%ea%b3%b5%ec%a7%80%ec%82%ac%ed%95%ad/?term_id&slug=2126,"2016
대한민국 취업박람회
「
잡 프로듀스
200
」
운영 계획
□
개요
○
(
목적
)
대학 및 특성화고등학교 졸업 예정자를 대상으로 사전 취업컨설팅
을 운영하여 박람회
참여 기업에 매칭함으로써 우수 인재 채용을 지원
○
(
대상
)
서울
·
경기
·
인천 소재 대학 및 특성화고 졸업 예정자
200
명
*
*
대학
: 15
개교
150
명
,
특성화고
: 5
개교
50
명
○
(
선정방식
(
선발
)
※
참여조건
1.
취업에 대한 의지가 확고하고
,
즉시 취업이 가능한 자
2. 9
월
5
일
(
월
)
취업박람회장 현장참여가 가능한 자
3.
완성도 높은 입사서류
(
이력서
,
자기소개서
)
작성이 되어
(
가능
)
있는 자
4.
대기업 및 공기업 등의 취업만 고집하지 않는 자
(
중소기업 취업가능
)
○
(
운영기간
)
2016. 8. 1. (
월
)
∼
2016. 9. 30. (
금
)
□
세부 운영방안
○
(
내용
하여 직무별 또는 학교별로 나누어 관리 진행
*
인원모집 후 분석을 통해 관리 방법 재정비
구분
내용
일정
참여 학교 선정 및 참여 구직자 모집
참여 학교 선정 및 프로그램 안내
참여 구직자 선정
∼
7
월
29
일
(
금
)
구직자 대상 안내
선정 구직자 대상 안내 진행
,
대박 취업학교 가입
(
대박 취업학교 시스템 무료 제공
)
∼
8
월
5
일
개별 컨설팅 진행
취업학교 시스템을 통해 개별 컨설팅 진행
∼
8
월
19
일
(
금
)
매칭컨설팅 진행
참여기업 확정 후 개별 기업 매칭 진행
∼
9
월
2
일
(
금
)
박람회 참여
박람회 현장 참여
∼
9
월
5
일
(
월
)
채용률 조사 및 사후 관리
∼
9
월
30
일
(
금
)
○
일정별 운영 계획
※
취업학교란
?
–
우수기업과 청년 구직자 및 취약계층의 구인
·
구직 지원을 위해 구직자
선발
후 취업컨설팅을 집중 지원하는
「
인크루트 주식회사
」
만의 온라인 전용
고속취업 교육과정
–
온라인상에서 상담내용
,
상담예약
,
기업매칭 등이 이루어질 수 있음
–
취업관련 동영상 강의 무상 제공
□
참여 신청
○
각 학교별 취업지원 업무 담당자가 수요를 파악한 후
이메일
(koreajob200@gmail.com)
을 통해 신청서 제출
연번"
japanese_language,외국계 기업 대비 취업역량강화 일일캠프 신청 안내,N/A,2016-07-19,https://japanstu.ssu.ac.kr/%ed%95%99%ea%b3%bc%ec%82%ac%eb%ac%b4%ec%8b%a4%ec%95%8c%eb%a6%bc/%ea%b3%b5%ec%a7%80%ec%82%ac%ed%95%ad/?term_id&slug=2124,"[
별첨
1]
고용노동부와 한국산업인력공단에서는 우리 청년들의 해외취업 역량 강화를 돕고자
‘
일본 특화 해외취업 아카데미
’
를 운영하오니
,
일본 취업에 관심 있는 청년들의 많은 참여 바랍니다
.
■
교육일자
: 2016. 7. 29.(
금
), 8. 2.(
화
) 15:00 ~ 17:00 [2
회 실시
]
■
교육장소
:
서울
K-Move
센터
5
층 세미나실
(
강남구 테헤란로
410
금강타워
501
호
,
선릉역
1
번 출구
)
■
참가자격 및 인원
:
일본어구사가 가능
모의면접의 경우 외국어실력 및 참가목표 등을 고려해 수강자를 선발할 예정입니다
.
■
프로그램 일정
회차
일시
강좌명
강의내용
1
7. 29(
금
) 15:00
～
17:00
[120
분
]
이력서 작성방법
일문이력서 작성에 필요한 필수항목과 작성방법
,
자기소개서 작성방법 등
2
화
) 15:00
～
17:00
[120
분
]
면접대책
면접에서 주로 나오는 예상 질문 설명
,
면접 시 주의사항 확인 등
※
강사
:
마이나비 코리아 김보경 부사장
■
신청 방법
:
월드잡플러스
(
www.worldjob.or.kr
)
접속
→
공지사항 클릭
→
참가신청서 다운로드
→
참가신청서 작성
→
이메일 발송
(
job2@hrdkorea.or.kr
)
※
제출시 파일명은 지원자 이름으로 할 것
,
예
)
홍길동
_
일본 해외취업아카데미 신청서
.hwp
까지
■
수강생 특전
–
교육비 전액 무료
–
수강생에 다과 제공
■
문의처
:
한국산업인력공단 해외취업알선팀
(052-714-8625,
job2@hrdkorea.or.kr
)"
japanese_language,웹툰기획편집자 교육안내 및 신청서 (양식),N/A,2016-07-18,https://japanstu.ssu.ac.kr/%ed%95%99%ea%b3%bc%ec%82%ac%eb%ac%b4%ec%8b%a4%ec%95%8c%eb%a6%bc/%ea%b3%b5%ec%a7%80%ec%82%ac%ed%95%ad/?term_id&slug=2121,"미래형 신직업
‘
웹툰기획
·
편집자
’
뜬다
한국웹툰
산업협회
,
우리만화연대 올해
70
명 신규 인력 양성 나서
인력난 해소 위한 현장 연계 교육 실시 후 취업
,
창업 알선
(
사
)
한국웹툰산업협회
(
이하 웹산협
)
와
(
사
)
우리만화연대
(
이하 우만연
)
는 서울산업진흥원과 함께 오는
6
월부터
<
미래형 신직업군 웹툰기획편집자 양성과정
>(
이하 웹툰기획자교육
)
운영에 나선다
.
현재 국내에서 서비스되는 웹툰 작품은 주간
2
천편 이상에 이르고
,
웹툰을 서비스하는 플랫폼 역시 주요 포털을 포함하여
40
여개를 훌쩍 넘고 있다
.
플랫폼과 웹툰작가의 증가 속도는 가파르지만 웹툰을 기획
,
편집하는 현장 인력은 수요를 따라가지 못해 전문인력 양성이 시급한 상황이다
.
웹산협과 우만연은 서울시 창조전문인력
「
미래형 신직업군 양성사업
」
에 선정된 것을 발판으로
6
월과
9
월
2
기에 걸쳐 각각
35
명씩의 웹툰기획편집자를 길러낸다는 계획이다
.
교육생들은 웹툰의 제작 기법에서 부터 작품
·
사업 기획
,
마케팅
,
저작권
,
작가관리
,
작품프로모션과 해외 진출에 이르기까지 기획
,
편집에 필요한 전 부분을 배울 수 있으며
,
웹산협 소속 기업 방문 교육을 통해 실제 현장에서 이루어지는 업무 프로세스를 눈으로 확인할 수 있다
.
웹툰을 서비스하는 포털
,
플랫폼 등에 취업을 원하거나 창업을 고민하고 있는 사람들에게는 좋은 기회가 될 것으로 보인다
.
담임강사를 맡은 목원대학교 만화애니메이션과 김병수 교수는
“
현재
20
여개에 이르는 만화
,
웹툰 관련 국내 대학은 대부분 작가 교육에 치중하고 있어 기획
,
편집 인력 전문 교육은 개별 기업에서 이루어지는 형편이다
”
고 밝히고
“
일본만화 드래곤볼
,
슬램덩크
,
원피스
,
진격의 거인 등이 세계시장을 휩쓴 배경에는 기획편집자들의 프로듀싱 능력이 크게 기여 했다
”
면서
“
우리 웹툰 산업이 한국을 넘어 세계시장에 우뚝 서기 위해서는 작가 못지않게 재능있는 기획편집자들의 역할도 중요하다
”
고 말했다
.
실제 일본의 대형 만화잡지사 기획편집자 모집에는 도쿄대 출신의 우수한 인재들이 대거 몰릴 정도로 인기가 있다
.
교육 수료생에게는 웹산협 소속
20
여 플랫폼
,
매니지먼트회사에 취업을 알선하며 창업과 협동조합 설립에 각종 자문과 지원을 받을 수 있다
.
6
월
, 7
월 두 달간 이루어지는
1
기 교육은
5
월
25
일까지 모집 중이며 서울이나 서울 근교에 거주하는 미취업자 및 대학
(
원
)
생을 대상으로 한다
.
대학생의 경우
2016
년
8
월이나
2017
년
2
월 졸업예정자만 해당된다
.
참가 신청서는 우리만화연대 홈페이지
(http://www.urimana.co.kr)
에서 다운로드 받을 수 있으며 교육비용은
10
만원이다
."
japanese_language,2016 서울국제뮤직페어 뮤콘 서포터즈 1기를 모집,N/A,2016-07-13,https://japanstu.ssu.ac.kr/%ed%95%99%ea%b3%bc%ec%82%ac%eb%ac%b4%ec%8b%a4%ec%95%8c%eb%a6%bc/%ea%b3%b5%ec%a7%80%ec%82%ac%ed%95%ad/?term_id&slug=2117,"2016
서울국제뮤직페어
뮤콘 서포터즈
1
기를 모집합니다
!
세계 속에 한국음악의 정체성을 확립하고 글로벌 음악 산업의 상호교류를 통한 창작과 제작
,
유통의 활성화를 도모하는 뮤콘
2016
행사가 오는
10
월
6
일부터
8
일까지 상암동과 홍대일원
에서 개최됩니다
.
한국 대중음악의 발전을 위하여 밝은 미소와 친절
,
성실함을 보여주실 여러
분의 많은 지원 바랍니다
.
∎
모집기간
: 7
월
18
일
(
월
) – 8
월
5
일
(
금
)
· 1
차 서류합격 온라인 공고
: 8
월
9
일
(
화
)
·
서류 합격자 면접
: 8
월
10
일
(
수
)
·
합격통보
: 8
월
11
일
(
목
)
∎
모집인원
:
80
명
∎
모집대상
1) 18
세 이상의 대한민국 국민과 해외동포 및 국내 거주 외국인
(
고등학교 재학생은 모집대상에서 제외
)
*
실용음악과
,
통번역학과
,
언어학과에 재학
,
혹은 휴학 중인 대학생 우대
2)
확정된 근무형태에 따른 근무기간 동안 활동이 반드시 가능한 자
3)
해외 동포나 국내 거주 외국인일 경우 한국어로 의사소통이 가능한 자
4)
지방 및 해외 거주할 경우 활동 기간 중 교통비 및 체제비의 본인 부담이 가능한 자
5)
뮤콘 자원봉사자 발대식 및 교육 프로그램 참여와 활동이 반드시 가능한 자
∎
모집분야
내용
사무국
운영팀
운영사무국 팀
(10
명
)
운영사무국을 중심으로 행사 총괄 지원
행사
진행팀
초청팀
(40
명
)
통역 및 의전 지원
현장팀
(30
명
)
실내행사 현장 지원
/
쇼케이스 현장 지원
∎
활동기간
사무국 운영팀
온라인 홍보
선발 후
– 10
월
8
일
행사 운영
10
월 초
– 10
월
8
일
행사 진행팀
온라인 홍보
선발 후
– 10
월
8
일
통역 및 의전 지원
10
월 초
– 10
월
8
일
·
근무기간
: 2016
년
10
월
6
일
-8
일
(
근무 형태에 따라 다름
)
*
행사기간 근무형태 중 본인이 적합한 근무형태 택일
*
단
,
활동기간과 시간은 모집분야에 따라 다르게 적용될 수 있음
*
뮤콘 서포터즈 블로그 홍보 활동은
2016. 8
월부터 실시
* 8
월
-10
월 내
4
차례의 교육
(1
회 당 평균
5
시간
)
및 로드쇼
(9.6)
참가가 가능해야함
∎
근무장소
:
상암
DMC
및 홍대 인근
*
업무에 따라 근무기간 및 시간
.
근무 장소 다름
∎
지원방법
·
개인별 지원
(
단체 불가
)
·
뮤콘 홈페이지
(www.mucon.kr)
를 통한 온라인 접수만 가능
·
기재사항을 정확하게 기록한 후 접수버튼 클릭
(
접수 후 수정불가
)
·
자격증
,
어학관련 증명서
,
특기사항 보유자의 경우 증명서 사본
1
부를 면접심사 시
지참
∎
선발원칙
·
지원 분야별 경쟁 선발
·
특정 기술이 필요한 활동의 경우
(
연사 의전분야
)
전문기관의 공인자격이나 실무능력을
바탕으로 선발
(
외국어가 필요한 활동일 경우 면접심사 중 외국어 능력평가 실시
)
∎
서포터즈 교육일정
: 2016. 8. 1 – 2016. 9. 30
기간 중
4
회
(8
월
2
회
, 9
월
2
회 진행 예정
)
·
자원봉사자 업무교육
: 2
회
·
자원봉사자 로드쇼 참석
: 1
회
(Kocca)
인증 수료증
2.
홍보 관련 실무특강 수강
–
우수 서포터즈 선발 및 시상 예정
3.
유니폼
kit
4.
페스티벌 실무기획 및 현장 경험 습득
5.
국내 최대 규모 음악 페스티벌의 서포터즈로서의 소속감과 자긍심
∎
문의처
2016
뮤콘 운영사무국
:
TEL) 02-562-5548
E-MAIL) hwlee@prodigm.co.kr
ㅇ
뮤콘 서포터즈 업무 세부내용
활동 팀
활동 분야
활동 업무
사무국
운영팀
운영사무국 지원
컨퍼런스
,
피칭라운지
,
워크샵 등의 파트별 업무 지원
사무국 자료 취합 및 문서업무 보조
행사
진행팀
행사 지원
등록데스크 지원
(
안내
,
접수
,
동선 정리
)
강연장 세션 진행 지원
연사대기실
,
비즈니스 센터 지원 등
,
각 행사장 물품 관리 지원 등
통역 및 의전 지원
리셉션 데스크에서 내빈 확인 및 명찰 배부
행사내용 외국어 안내
비즈니스 네트워킹 미팅 시 통역 지원
해외 아티스트 케어
공통
홍보 지원
개인 블로그 홍보활동
행사관련 홍보
,
각종 문의 응대
SNS
운영 지원"
japanese_language,Kids’_AU_Camp_2016_in_KOREA_자원봉사자_모집_안내,N/A,2016-07-07,https://japanstu.ssu.ac.kr/%ed%95%99%ea%b3%bc%ec%82%ac%eb%ac%b4%ec%8b%a4%ec%95%8c%eb%a6%bc/%ea%b3%b5%ec%a7%80%ec%82%ac%ed%95%ad/?term_id&slug=2113,"Kids’ AU Camp는 동북아시아(한국, 일본, 중국, 몽골, 러시아)의 아동 청소년들이
함께 먹고, 놀고, 자고, 배우며 꿈을 키우는 특별한 캠프입니다.
올해는 대한민국 서울에서 열릴 예정이며,
게임, 운동회, 요리대회, 각종 체험 등
Kids’ AU Camp에서 준비한 많은 프로그램을 각국 친구들과 함께하며
세계 속의 ‘나’와 ‘우리’를 발견할 수 있는 좋은 기회가 될 것입니다.
*캠프일정
-기간 : 10/1(토)~10/6(목) 5박 6일
-장소 : 대한민국 서울
-봉사내용 : 캠프 준비 보조, 캠프 당일 아동 인솔 (사전교육 및 회의 있음)
*모집개요
-인원 : 청년스태프 10명
-자격요건 :
1. 캠프 전 기간 숙박을 함께 할 수 있는 분 (가장 중요!!)
2. 아이들을 인솔하는 일인 만큼 책임감과 성실함을 가지신 분
3. 국제교류에 관심이 많은 분
4. 1개국 이상의 외국어가 가능하신 분 우대
(영어, 일어, 중국어, 몽골어, 러시아어 등)
-접수서류 : 이력서 및 자기소개서(자유형식)
-접수방법 : 이메일(
ch_365@naver.com
) 접수
-접수마감 : 7월 22일(금) 18시
-문의 : 02-353-2963 (담당 : 오주영 과장)
여러분의 많은 참여를 부탁드립니다.
============================================
사회복지법인 행복창조
Tel) 02-353-2963 | Fax) 02-357-0037
homepage)
http://world-ch.com
Address) 서울시 은평구 갈현로3길 1 (03436)"
japanese_language,[경력개발센터] 취업역량강화를 위한 핵심직무 자격증 과정 수강안내,N/A,2016-07-06,https://japanstu.ssu.ac.kr/%ed%95%99%ea%b3%bc%ec%82%ac%eb%ac%b4%ec%8b%a4%ec%95%8c%eb%a6%bc/%ea%b3%b5%ec%a7%80%ec%82%ac%ed%95%ad/?term_id&slug=2108,"숭실대학교 경력개발센터 주관
취업역량강화를 위한 핵심직무 자격증 과정 수강안내
■ 추진배경 및 목적
-.기업(관)이 필요로 하는 실무형 핵심 인재 육성
■핵심직무 과정소개 및 자격증 취득절차
-.입사희망 직군별 업무수행에 필요한 핵심직무 교육/실습 프로그램
-.과정별 교육/실습을 통한 실습보고서 작성/평가/피드백을 통한 직무수행능력 확보
-.국내 최초 한국직업능력개발원과 국내 주요 기업 입사지원시스템에 등록된 핵심직무 자격증 취득
■ 참가대상 및 수강안내
-.참가대상
.숭실대 재학생 및 휴학생
-.대상인원 : 숭실대 재학생 및 휴학생 선착순 100명(졸업생 제외)
-.수강금액
.3만원(차액 숭실대 경력개발센터 지원)
.시험 응시료 옵션에서 숭실대 경력개발센터 지원자 선택하셔야 합니다.(6시그마 과정은 2급시험 없음)
.입금확인 순으로 최종 접수완료, 아래참조
-.수강과목 : 입사희망 직군별 수강 희망 과정 수강(1개 과정)
-.수강기간 : 2016년 7월 1일부터 8월 31일까지 평일 또는 주말 자율 수강
■ 참가신청 절차 안내
①한국커리어개발원 홈페이지 회원가입
-.홈페이지 회원가입 시 인적사항 입력
-.학교/학과/학년/연락처와 남기는 말에는 학번을 필히 남겨주시기 바랍니다.
②수강 희망과정 참가신청
-.수강신청은 ""홈페이지>교육신청>서울""에서 선택 수강하실 수 있습니다.
-.참가신청하실 때 ""참가비 옵션""에서 ""숭실대 경력개발센터 지원자""를 선택바랍니다.
-.수강료는 3만원이며 과정수료 및 자격증 취득 후 학교에서 당사에 수강료가 지원됩니다.
-.수강신청 바로가기___
http://www.ekcdi.com/goods/list.php?category=004&month=all&area=1
-.수강제외 과목 : 서비스강사
③수강료 납부(3만원)
-.수강신청 후 수강료(3만원)를 입금해야만 최종 수강신청이 완료 됩니다.
-.수강료(3만원) 납부 : 국민은행 816937-04-004184 한국커리어개발원
계좌이체, 신용카드도 가능
-.수강료를 납부후 신청하신 과정에 불참하는 경우 수강료는 환불되지 않습니다.
-.부득이 참여치 못하는 경우 3일전에 과정 취소요청하시면 환불해 드립니다.
■ 교육 참가신청 시 유의사항
-.숭실대생 외의 일반 참가자와 함께 수강함에 따라 조기 마감될 수 있습니다.
-.***6시그마 Black Belt 과정의 경우 6시그마 Green Belt 과정 수료자에 한하여 신청 가능합니다."
japanese_language,2016학년도 숭실인재양성장학생 지원 공고,N/A,2016-07-04,https://japanstu.ssu.ac.kr/%ed%95%99%ea%b3%bc%ec%82%ac%eb%ac%b4%ec%8b%a4%ec%95%8c%eb%a6%bc/%ea%b3%b5%ec%a7%80%ec%82%ac%ed%95%ad/?term_id&slug=2105,"1. 2016
학년도 숭실인재양성장학생 지원 공고문
1
부
2016
학년도 숭실인재양성장학생 지원 공고
1.
숭실인재양성장학생 제도 취지
가
.
본교 학부 졸업자 중 인재를 선발하여 국가
,
사회에 봉사할 우수한 지도자를 양성하고자 함
.
나
.
국외에서 수학하고 있는 졸업생에게 장학금을 지급함으로써 졸업생으로서의 자긍심 및 애교심을
고취시키고자 함
.
2.
장학금 지급 내역
가
.
재 원
:
숭실대학교 인재양성기금
나
.
수혜기간
: 1
년
(
단
,
휴학 시는 지급을 중지함
.)
다
.
선발인원
: 5
명 내외
라
.
장학금액
: 1
인당 총액
10,000,000
원 이내
(2
회에 걸쳐 반액씩 분할 지급
)
1) 1
차 지급
– 2016
년
10
월 중
2) 2
차 지급
– 2017
년
2
월 중
(2017
년
1
월에 발급된 재학증명서를 제출해야 함
)
3.
지원 자격
가
.
대한민국 국적 보유자
나
.
국외대학 박사과정 재학생 또는 신입생
/
석
·
박사통합과정
5
학기 이상 이수 예정인 자
다
.
본교 학부 졸업생으로서 학부
全
학년 평점평균
3.50
이상인 자를 원칙으로 함
.
라
.
박사과정 수업연한이
1
년 이상 남은 자로 직전학기 성적이 산술평균
80
점 이상인 자
(
단
,
박사과정 신입생은 학
ㆍ
석사
全
과정 평점평균
3.50
이상인 자
)
마
.
본교 건학이념에 부합되는 기독교인
4.
지원 서류
(
각종 서류가 외국어인 경우 번역문 반드시 포함
,
서류 원본 제출
)
가
.
지원서
,
자기소개서
,
서약서 등
(
지정양식 작성
)
나
.
박사
(
석
·
박통합
)
과정 지도교수 추천서
(
지정양식 없음
)
다
.
학사과정
:
졸업증명서 원본
,
성적증명서 원본 각
1
부
.
라
.
석사과정
1)
국내대학
:
졸업증명서 원본
,
성적증명서 원본 각
1
부
2)
국외대학
:
학위증
1)
재학생
:
해당 유학 국가에서 현재 출석하고 있는 교회
2)
신입생
:
국내 또는 국외에서 현재 출석하고 있는 교회
아
.
박사학위 취득예상시기를 증빙할 수 있는 객관적인 근거 자료
예
)
지도교수추천서에 명시
,
입학허가예정서에 명시
,
별도 증빙서류 등
자
.
연구실적 증빙자료
(
해당자에 한함
)
1)
연구실적 첫 페이지 오른쪽 상단에 지원서에서 작성한 종류를 기재
2)
증빙자료 불충분 또는 연구실적 확인불가 시 연구실적 미인정
차
.
본인명의 통장사본
(2017
년
2
월말까지 유효해야 함
.)
카
.
전공 분야의 학계 순위 근거 자료 출력물
(
평가기간에 해당되는 자료만 반드시 제출하여야 함
)
-QS World University Ranking(Overall, Major Field) 2015
년
, 2016
년 연도별 평가 자료
-THE(Times Higher Education) World University Rankings(Overall, Major Field) 2015
년
, 2016
년 연도별 평가 자료
5.
선발방법
가
. 1
차 서류심사
나
. 2
차 면접
(1
차합격자에 한해 개별연락
)
–
면접은 대면면접을 원칙으로 하며
,
부득이한 경우 협의에 의해 영상면접을 실시 할 수 있다
.
6.
접수기간
가
.
기 간
: 2016
년
7
월
18
일
(
월
)~8
월
26
일
(
금
), 10:00~17:00
나
.
장 소
:
숭실대학교 학생처 장학팀
(
학생회관
501-1
호
)
다
.
문 의 처
:
장학팀
(02-820-0167,
lee
sj@ssu.ac.kr
)
라
.
우편접수
: (
우
)06978,
서울특별시 동작구 상도로
369
숭실대학교 학생처 장학팀
<
숭실인재양성장학생 지원서류 재중
>
표기 요망
붙 임
1. 2016
학년도 숭실인재양성장학생 지원 공고문
1
부
2.
관련 양식
(
지원서
,
자기소개서
이전글
중소기업취업연수지원 프로그램(경영/마케팅/영업 취업 퍼즐 맞추기
다음글
[경력개발센터] 취업역량강화를 위한 핵심직무 자격증 과정 수강안내"
japanese_language,중소기업취업연수지원 프로그램(경영/마케팅/영업 취업 퍼즐 맞추기,N/A,2016-06-22,https://japanstu.ssu.ac.kr/%ed%95%99%ea%b3%bc%ec%82%ac%eb%ac%b4%ec%8b%a4%ec%95%8c%eb%a6%bc/%ea%b3%b5%ec%a7%80%ec%82%ac%ed%95%ad/?term_id&slug=2098,"「중소기업취업연수지원 프로그램(경영/마케팅/영업 취업 퍼즐 맞추기)」
고용노동부가 주최하고 한국능률협회가 주관하는 중소기업취업연수지원 프로그램에 참여할 학생들을 다음과 같이 모집합니다. 관심 있는 학생들의 많은 지원 바랍니다.
1.
프로그램명
:
「중소기업취업연수지원 프로그램(경영/마케팅/영업 취업 퍼즐 맞추기)
2.
지원 자격
: 인문? 사회? 예체능계 1~4학년 학생
3.
참여 기간
: 2016. 6. 28.(화) – 2016. 6. 30.(목)
4.
주요 내용
:
진로설계- 기업현장 방문(퍼시스, 창성건설) -취업전략수립
5.
세부 프로그램 일정
6.
참가자 혜택
가. 마포 서울가든호텔에서 2박 3일
전액
무료(조식 및 중식 뷔페제공)
나. 참가자 전원 기념품 제공
라. 수료증 발급
7.
신청 방법
*
첨부서류(참가 신청서 양식)를 다운받아 기재 후
pjy12@kma.or.kr
로 메일 발송
8.
문의처
:
한국능률협회 박지연 연구원(02-3274-9289),
pjy12@kma.or.kr
숭 실
대 학 교
김종식
담당(
전문위
원)/일자리창출본부
(150-917)
서울시 영등포구 의사당로 22 이룸센터 9층
Tel. 02-3274-92
14
/ Fax. 02-3274-9288
송 현 정
숭실대학교 경력개발센터 경력개발팀
Tel. 02-820-0074
Fax. 02-820-0062
E-mail.
poohuhu1004@ssu.ac.kr"
japanese_language,한샘 대학생 서포터즈 1기 모집,N/A,2016-06-22,https://japanstu.ssu.ac.kr/%ed%95%99%ea%b3%bc%ec%82%ac%eb%ac%b4%ec%8b%a4%ec%95%8c%eb%a6%bc/%ea%b3%b5%ec%a7%80%ec%82%ac%ed%95%ad/?term_id&slug=2090,"국내 토탈 홈인테리어 유통부문
1
위로 한국의 주거환경 문화를 선도해온 한샘이
열정 넘치는 대학생들과 함께 한샘의 이야기를 나누고자 합니다
.
아래 내용 참고하여 많은 지원 부탁드립니다
.
지원서 접수기간 및 방법
접수기간
2016
년
6
월
20
일
(
월
) ~ 2016
년
6
월
25
일
(
토
)
접수방법
한샘 홈페이지
(company.HANSSEM.com)
좌측 메뉴 채용안내
>
나의 채용정보
>
우측 상단 공지사항
>
양식
(
공통 지원서
+
모집파트별 과제
)
다운로드 후 메일
(
Kojw1549@hanssem.com
)
전송
*
콘텐츠 제작 파트는 별도의 과제 양식 없이 공통 지원서와 함께 파일 전송
모집분야
구분
모집파트
과제내용
자격요건
/
우대사항
활동장소
채용인원
서포터즈
기획
한샘 서포터즈가 된다면 취재해 보고 싶은 콘텐츠 기획안
(5
개
)
한샘에 관심이 있는
대학교
3
학년 이상
재
/
휴학생
한샘본사
(
서울
)
15
명
작문
지정 키워드가 포함된 에세이
(A4 1
장 이내
)
콘텐츠
제작
1.
본인이 촬영한
2
분 내외 영상물
(2
개이내
)
과 사진
(5
장 이내
)
제출
(
주제 무관
)
2.
자신이 나오지 않는
30
초 자기 소개 영상
활동내용
한샘 공식 블로그
‘
한샘상상
’
기자단으로서 팀별 활동을 통해 한샘 관련 콘텐츠를 기획 및 제작
활동기간
2016
년
7
월
~ 2016
년
9
월
(3
개월
)
전형절차
서류전형
>
면접
>
최종합격
*
전형별 합격자 개별연락
활동혜택
–
활동 기간 내 소정의 활동비
–
활동 우수팀 포상 및 한샘 대졸 신입공채시 서류전형 면제
(
최초 지원
)
기타사항
–
문의사항은
02-6908-3377
또는
Kojw1549@hanssem.com
으로 연락주시기 바랍니다
.
–
지원서 허위기재 시 합격이 취소될 수 있습니다
.
–
제출된 서류는 일체 반환하지 않습니다
."
japanese_language,[한국산업인력공단] 일본 특화 해외취업 아카데미 운영 안내,N/A,2016-06-20,https://japanstu.ssu.ac.kr/%ed%95%99%ea%b3%bc%ec%82%ac%eb%ac%b4%ec%8b%a4%ec%95%8c%eb%a6%bc/%ea%b3%b5%ec%a7%80%ec%82%ac%ed%95%ad/?term_id&slug=2085,
japanese_language,일본어 전공자 아르바이트 공고(넥슨),N/A,2016-06-15,https://japanstu.ssu.ac.kr/%ed%95%99%ea%b3%bc%ec%82%ac%eb%ac%b4%ec%8b%a4%ec%95%8c%eb%a6%bc/%ea%b3%b5%ec%a7%80%ec%82%ac%ed%95%ad/?term_id&slug=2084,"1.
근무
조건
– 7
월
1
일
~8
월
말까지
(
약
2
달
,
근무일수
약
40
일
)
*
개발
상황에
따라서
1
달
정도
추가
될
가능성도
있습니다
.
–
판교
넥슨
건물
맞은편
GB1
타워로
출퇴근
해야하며
근무시간은
아래와
같습니다
.
출근
: 10
시
퇴근
: 19
시
(12
시
반부터
1
시
반까지
점심식사
시간
)
월
,
금요일은
개발사로
이동하여
(
사무실에서
5
분거리
) QA
머신으로
텍스트
수정
,
변경
작업을
합니다
.
–
판교역
,
서현역에서
출퇴근용
버스
이용
가능합니다
.
–
중식
제공합니다
.
–
야근
없습니다
.
2.
근무
내용
–
일본어
버전의
게임을
테스트
하면서
오탈자는
없는지
,
화면
상
표시
등을
확인합니다
.
–
간단히
말해서
일본어
버전의
TEXT QC
및
수정
작업을
하신다고
보시면
됩니다
.
– QA
보다는
LQA
쪽에
가깝습니다
.
3.
아르바이트
채용
조건
–
이력서
검토
–
간단한
실무
면접
(
일본어
테스트
있습니다
.)
–
아래
메일로
이력서
보내주세요
.
saikyok@nexon.co.kr
–
작업
내용
상
끈기가
필요합니다
.
중도
이탈
없이
2
달을
꽉
채우실
분을
희망합니다
.
월 보수는 세후 150만원이고요, 상세 요강은 아래와 같습니다.
게임 좋아하고 일본어 잘하시는 학우분께서 방학기간동안 하시면 좋을 것 같아요."
japanese_language,[머니투데이] 2016 청년취업아카데미 수출입국제통상 실무자 양성과정 (추가모집),N/A,2016-06-15,https://japanstu.ssu.ac.kr/%ed%95%99%ea%b3%bc%ec%82%ac%eb%ac%b4%ec%8b%a4%ec%95%8c%eb%a6%bc/%ea%b3%b5%ec%a7%80%ec%82%ac%ed%95%ad/?term_id&slug=2077,"** 수출입 국제통상 실무자 양성과정 소개 **
모집 기간: ~6/20(월) 까지
교육 기간:  6월 27일 ~ 9월 말
교육 일정: 기본이론, 기본실습, 워크샵, 자격증 과정 및 멘토링 등
지원서는 작성하셔서
ucareer@naver.com
으로 보내주시면 됩니다! (첨부파일)
☎02-725-2626,
ucareer@naver.com
머니투데이 청년취업아카데미, 서울시 종로구 인사동 194-4 하나로빌딩 608호"
japanese_language,(EJU 시험사무국) 일본유학 및 EJU 설명회 실시안내,N/A,2016-06-14,https://japanstu.ssu.ac.kr/%ed%95%99%ea%b3%bc%ec%82%ac%eb%ac%b4%ec%8b%a4%ec%95%8c%eb%a6%bc/%ea%b3%b5%ec%a7%80%ec%82%ac%ed%95%ad/?term_id&slug=2076,"EJU
한국 실시기관인
(
사
)
한일협회에서는 일본유학시험 설명회를 개최합니다
.
평소 일본으로의 유학을 생각하고 있으나 방향설정이 어려운 학생
,
유학시험에 대해 상세히 알고 싶은 학생들을 위하여 이번 설명회를 준비하였으며
,
이번 기회를 통해 궁금했던 사항을 해소하고
,
일본유학에 대한 방향설정을 확고히 하는 계기가 되시기 바랍니다
.
<
설명회 실시안내
>
<
서울지역 설명회
>
●
일시
: 7
월
2
일
(
토
) /
오전
10
시
~
정오
12
시
●
주최
:
사단법인 한일협회
●
장소
:
토즈
(TOZ)
강남
2
호점
(
인터넷지도
바로가기
)
(
주소
:
서울시 서초구 강남대로
459
백암빌딩
3
층
)
(
교통편
: 9
호선
신논현역
6
번출구에서
30m
거리
)
(
전화
: 02-591-0116 (
토즈 강남
2
호점 안내데스크
) →
위치에 관한 문의는 이곳으로 연락하십시오
.)
※
설명회 건물은 외부차량 주차가 안되므로 주변의 유료주차장을 이용하시거나
,
신논현역에 인접해 있으므로 대중교통을 이용해 주시기 바랍니다
.
<
설명회 순서
>
①
일본유학 개요 설명
②
일본유학시험
(EJU)
설명
③
질문에 대한 답변
<
설명회 신청
>
신청방법
:
담당자의 메일
(
yjk@koja.or.kr
)
로 아래의 항목을 기재하여 보내주십시요
.
3.
신청메일 기재내용
(
예
)
성명
:
홍길동
(
본인 포함
0
명
)
연락처
: 010-1234-5678"
japanese_language,SCG주최 <한일 네트워킹파티>,N/A,2016-06-14,https://japanstu.ssu.ac.kr/%ed%95%99%ea%b3%bc%ec%82%ac%eb%ac%b4%ec%8b%a4%ec%95%8c%eb%a6%bc/%ea%b3%b5%ec%a7%80%ec%82%ac%ed%95%ad/?term_id&slug=2075,"<
한일
Career & Relationship
파티 개요
>
-일시
: 7
월
16
일
(
토
) PM 7~10
시
-파티명
:
한일
Career & Relationship
네트워킹 파티
-참석가능자
&
추천대상
:
해외진출
/
해외영업
/
신사업
/
마케팅
/
유통 등 국내 및 일본 기업 전현직 종사자
,
일본 취업 및 유학 준비자
&
경험자
,
재한일본유학생
,
해외영업을 꿈꾸는 대학생 등 열정과 관심이 있는 분이라면 누구나
-기대효과
:
글로벌 기업 이하 다양한 기업 내 현직자와 핵심인재 간 상호 네트워크 구축
,
업계 동향
•
업무 이슈
•
업무 노하우
,
문화교류
,
지식 공유
(
더 자세한 내용은
http://kjparty.com
에서 보실 수 있습니다
.)
이와 관련해 숭실대학교 일어일문학과 재학생분들, 교수님들을 비롯해 관련자분들께 알려주시면 감사하겠습니다.
더불어
,
보다 더 정확한 참가자분들의 니즈를 반영한 프로그램을 구성하고자 설문조사를 진행하고 있습니다
.
설문조사에 임해주시는 분들께는
SCG
트렌드연구소에서 준비한
‘2016
년
대한민국
11
가지
소비
트렌드
‘
핵심
자료를
무료로
보내드립니다
.
추후에는 유료로 판매될 컨텐츠인만큼
(229,000
원
)
마케팅
,
기획
,
유통
,
인사
,
영업
업무를
담당하시는
현업
실무자
,
신사업
/
사내벤처
추진
담당자
,
취업
준비를
위한
직무전문성을
기르려고
하시는
분들에게
큰
도움이
되실
것입니다
.
————————————————————————————–
http://goo.gl/forms/ylroWeoY38Fv0Bkk2
————————————————————————————–
참여자분들의 소중한 의견은
SCG
프라이버시 정책에 따라 다뤄집니다
.
소요시간은 약
10
E-MAIL:
kjparty2016@gmail.com
—————————————————————————————
홈페이지
:
SCGTALENT.COM
블로그
:
blog.naver.com/purist0
카페
:
cafe.naver.com/scgconsulting
페이스북
:
https://www.facebook.com/scgprobono"
japanese_language,한중일3국협력사무국입니다 (2016 청년대사프로그램 신청 안내),N/A,2016-06-09,https://japanstu.ssu.ac.kr/%ed%95%99%ea%b3%bc%ec%82%ac%eb%ac%b4%ec%8b%a4%ec%95%8c%eb%a6%bc/%ea%b3%b5%ec%a7%80%ec%82%ac%ed%95%ad/?term_id&slug=2072,"TCS에서는 오는
8월 1일부터 12일
까지
서울 및 제주
에서
‘2016 청년대사프로그램’
을 개최합니다.
본 프로그램은 국제 협력에 대한 열정과 외교 분야 관련 진로에 관심이 있는 한중일 청년들을 위한 여름 프로그램입니다.
관심있는 학생들에게 신청과 관련한 공지를 부탁드립니다. (
신청기한 6월 19일까지
)
행사의 자세한 내용은 첨부파일 혹은 저희 사무국 홈페이지(
http://www.tcs-asia.org/bbs/board.php?bo_table=notice&wr_id=70
)에서 찾아보실 수 있습니다.
*관련문의: 한수진 사회문화부 연구원, soojinhan@tcs-asia.org/ 070-4162-5327"
japanese_language,[네이버] Naver Campus hack day (우수참가자 하계 인턴십 기회 제공) 참가자 모집,N/A,2016-06-08,https://japanstu.ssu.ac.kr/%ed%95%99%ea%b3%bc%ec%82%ac%eb%ac%b4%ec%8b%a4%ec%95%8c%eb%a6%bc/%ea%b3%b5%ec%a7%80%ec%82%ac%ed%95%ad/?term_id&slug=2070,"[네이버] Naver Campus hack day (우수참가자 하계 인턴십 기회 제공) 참가자 모집
네이버 개발자와 함께하는 24시간의 해커톤!
Naver Campus hack day는 네이버 개발자 멘토링과 함께
SW개발 SKILL-UP할 수 있는 프로그램 입니다.
■참가대상:
SW개발에 자신있는 대학(원)생이라면 누구나
■참가신청:
6.14(화) 23시까지
–
http://me2.do/5f97E3I2
-하단 QR코드 스캔
■참가자 발표
-6월 20일(월)까지 개별 통보
■장소 :
춘천 NAVER 커넥트 원
-행사 당일 NAVER 그린팩토리에서 함께 출발
■행사일자 :
6.23(목) – 6.24(금), 24시간
■대회방식
-참가신청 시 희망 주제 선택
-대회당일 주제에 대한 설명 듣고 최종 선택
-24시간 동안 멘토들과 해결하기
■채용특전
-우수 참가자 2016년 하계 인턴십 기회 제공
*하계 인턴십의 경우 이번 해커톤 프로그램을 통해서만 기회 제공 합니다."
japanese_language,EBS다큐멘터리 ‘길위의인생’ 팀 입니다 [번역협조관련],N/A,2016-06-07,https://japanstu.ssu.ac.kr/%ed%95%99%ea%b3%bc%ec%82%ac%eb%ac%b4%ec%8b%a4%ec%95%8c%eb%a6%bc/%ea%b3%b5%ec%a7%80%ec%82%ac%ed%95%ad/?term_id&slug=2069,"매주 화요일 오후 10:45 방영되는 EBS ‘다큐영화 길 위의 인생’을 연출하는 박혁지라고 합니다. (외주제작사입니다)
5월 말에서 6월 초까지 열흘 정도의 일정으로 일본 군마현에 봇카(歩荷)를 촬영했습니다.
봇카(歩荷)는 일본의 옛 직업으로, 도보로 짐을 지고 운반하는 사람을 말합니다.
휴먼 다큐멘터리이고, 현장에서 인물들의 대화 및 인터뷰 등을 번역해주시는 일입니다.
관심있으신 분과 통화를 통해 세부적인 업무 방식을 알려드리겠습니다.
영상은 mp4동영상을 메일로 보내드릴 것입니다. MS WORD나 한글 프로그램을 이용하여 번역해주시고 메일로 다시 보내주시면 됩니다.
모든 업무를 온라인으로 진행할 예정입니다.
방송은 7월 12일 예정입니다.
번역 업무는 6월 8일~16일 사이에 진행, 마무리 되어야 합니다.
1. 프로그램명 : EBS ‘다큐영화 길 위의 인생’
2. 방영일 : 2016년 7월 12일 화요일 오후 10:45
3. 번역료 : 영상번역된 10분에 15,000
4. 지급일 : 번역 완료시, 확인 후 익일 통장으로 지급
5. 담당자 : 조연출 박경원 (010-9035-8609) 이메일 주소 – gw1st@naver.com"
japanese_language,[머니투데이] 수출입국제통상 실무자 양성과정,N/A,2016-06-07,https://japanstu.ssu.ac.kr/%ed%95%99%ea%b3%bc%ec%82%ac%eb%ac%b4%ec%8b%a4%ec%95%8c%eb%a6%bc/%ea%b3%b5%ec%a7%80%ec%82%ac%ed%95%ad/?term_id&slug=2063,"** 수출입 국제통상 실무자 양성과정 소개 **
모집 기간: ~6/13(월) 까지
교육 기간:  6월 27일 ~ 9월 말
교육 일정: 기본이론, 기본실습, 워크샵, 자격증 과정 및 멘토링 등
지원서는 작성하셔서
ucareer@naver.com
으로 보내주시면 됩니다! (첨부파일)"
japanese_language,한중일3국협력사무국입니다 (6월 공개문화강연 안내),N/A,2016-06-02,https://japanstu.ssu.ac.kr/%ed%95%99%ea%b3%bc%ec%82%ac%eb%ac%b4%ec%8b%a4%ec%95%8c%eb%a6%bc/%ea%b3%b5%ec%a7%80%ec%82%ac%ed%95%ad/?term_id&slug=2059,"행 사 명
: TCS LOUPE
강 연 명
:
한중일의 맛을 찾아서
–
세 나라 음식문화의 공통점과 차이점
강 연 자
:
주영하 한국학중앙연구원 교수
일 시
: 6
월
29
일
(
화
)
오후
2
시
장 소
:
한중일
3
국협력사무국 회의실
(
종로구 새문안로
82
에스타워
20
층
)
문 의
: 070-4162-5339 (
담당자
:
양수영
)
참가등록
: syang21@tcs-asia.org
(*
본 강연은 무료이며, 간단한 한중일 다과가 제공됩니다
)"
japanese_language,[서울도서관] 2016 서울 북 페스티벌 자원활동가 “도돌이” 모집 안내,N/A,2016-05-31,https://japanstu.ssu.ac.kr/%ed%95%99%ea%b3%bc%ec%82%ac%eb%ac%b4%ec%8b%a4%ec%95%8c%eb%a6%bc/%ea%b3%b5%ec%a7%80%ec%82%ac%ed%95%ad/?term_id&slug=2054,
japanese_language,2016학년도 후기 대학원 수시모집 입학전형 6/13 ∼17 (5일간),N/A,2016-05-30,https://japanstu.ssu.ac.kr/%ed%95%99%ea%b3%bc%ec%82%ac%eb%ac%b4%ec%8b%a4%ec%95%8c%eb%a6%bc/%ea%b3%b5%ec%a7%80%ec%82%ac%ed%95%ad/?term_id&slug=2052,"2016
학년도 후기 대학원 수시모집 입학전형
1.
전형방법
:
서류심사 및 구술평가시험
2.
전형대상
:
국내
․
외 거주 내
․
외국인
(
외국인유학생은 편입학 모집 없음
)
3.
입시일정
구 분
입 시 일 정
비 고
모 집 공 고
2016
년
5
월
30
일
(
월
)
∼
홈페이지 및 교내
․
외 신문
원 서 접 수
2016
년
6
월
13
일
(
월
) 10:00
∼
17
일
(
금
) 16:00 (5
일간
)
온
·
오프라인 접수 동시 진행
면접장소 및
평가자 입력
2016
년
6
월
29
일
(
수
) 24:00
까지
U-Saint
입학관리
–
학과 주임교수 입력
학과서류송부
1일
(
금
) (
예정
)
대학원교학팀 배부
전 형 일 시
2016
년
7
월
5
일
(
화
)
10:00
∼
각 학과 주임교수실
합격자 발표
2016
년
7
월
21
일
(
목
)
예정
대학원 홈페이지
합격자 등록
2016
년
7
월
27
일
(
수
)
∼
28
일
(
목
)
(2
일간
)
우리은행 전국지점
4.
기타사항
가
.
접수방법
1)
내국인
:
대학원 입학시스템을 통한 온라인 접수
2)
외국인
:
입학원서
(
홈페이지 다운
,
국
․
영문
)
를 작성하여 우편 및 방문 접수
나
.
전형료
과정
2016
학년도 전형료
비고
70,000
원
내
․
외국인 박사과정
80,000
원
붙임
: 2016
학년도 후기 수시모집 입학전형 모집요강
1
부
.
끝
."
japanese_language,2016 한일 청소년 물포럼 대학생 자원봉사자 모집,N/A,2016-05-30,https://japanstu.ssu.ac.kr/%ed%95%99%ea%b3%bc%ec%82%ac%eb%ac%b4%ec%8b%a4%ec%95%8c%eb%a6%bc/%ea%b3%b5%ec%a7%80%ec%82%ac%ed%95%ad/?term_id&slug=2046,"수원하천유역네트워크(이하 수하넷)는 한․일간 청소년을 중심으로 도시, 문화를 이해하고 지속가능한 하천미래비젼을 제시하기 위해 “2016 한·일 청소년물포럼”을 개최하고자 합니다. 환경의 도시 수원에서 효율적인 수자원관리, 수질개선, 수생태보전 등의 내용을 담은 한일청소년 교류는 창의적인 생각을 담아내는 체험 활동을 통해 토론의 장으로 꽃피우기 위해 열정 있는 대학생 자원봉사자를 모집합니다. 관심 있는 학생의 많은 참여 부탁드립니다.
–  모집대상 : 환경에 관심있는 대학생 및 포럼관련 자원봉사 경력자
–  모집연령 : 만 19세 이상
–  참가자격
① 통역: 10인 이상
㈎ 일어로 의사소통 가능한 자
㈏ 대회운영에 적극적이고 성실한 자, 자발성과 리더십이 있는 자
② 일반 자원봉사자: 20인 이내
㈎ 대회운영에 적극적이고 성실한 자, 자발성과 리더십이 있는 자
모집인원 : 35명이내
– 자원봉사자 교육 및 참가일정(시간, 장소 추후공지)
① 1차 사전교육 : 7월 2일(토)
② 2차 사전교육 : 7월 16일(토)
③ 물포럼기간 : 7월 26일(화)~29일(금) 3박4일간/숙박형
– 신청서접수 : 수하넷 홈페이지(
http://www.suwonriver.org/
)
공지사항에서 양식 다운로드, 작성 후 이메일(
up@suwonriver.org
) 접수
– 선정결과
수하넷 웹사이트(
http://www.suwonriver.org/
)공지 및 개별연락
– 특전
자원봉사시간 부여
물포럼 행사시 소정의 실비 지급
기타사항
-자원봉사자 1차, 2차 사전교육 참석 필수
사전교육(2회 각 4시간) 및 물포럼행사 당일 늦지 않도록 시간을 반드시 지켜주시기 바랍니다.
-일어통역의 경우 중･상급 언어 능력자는 별도 심사 선정하여 결과에 따라 배치
문  의
– 수원하천유역네트워크 사무국(간사 이영준, 이보만)
– 전화 : 031-269-4448~9 / 팩스 : 031)269-4427
– 이메일 :
up@suwonriver.org"
japanese_language,(대학원) 2016년 여름방학 대학원 외국어시험 대체강좌 안내,N/A,2016-05-27,https://japanstu.ssu.ac.kr/%ed%95%99%ea%b3%bc%ec%82%ac%eb%ac%b4%ec%8b%a4%ec%95%8c%eb%a6%bc/%ea%b3%b5%ec%a7%80%ec%82%ac%ed%95%ad/?term_id&slug=2043,"2016
년 여름방학 대학원 외국어시험 대체강좌 안내
2016
년 여름방학 기간 중 대학원 석
․
박사과정 외국어시험 대체강좌
대체강좌 안내
가
.
개설과목
:
영어
나
.
개설기간
: 2016
년
6
월
22
일
(
수
)
∼
2016
년
7
월
13
일
(
수
), 16
일간
(
월
∼
금
,
총
48
시간
)
다
.
강의시간
:
주간강좌
(09:00
∼
11:50)
/
야간강좌
(18:30
∼
21:20)
중 택
1
라
.
강 의 실
:
추후 전체공지
마
.
주
ˑ
야간 강좌별 예비수강신청 인원이
15
명 이상일 경우 개설을 원칙으로 함
.
바
.
신청자격
:
외국어시험에 응시
(
결시 제외
)
하여 통과하지 못한 자
사
.
대체강좌 합격시 외국어시험 합격 인정학기
: 2016
년
2
학기 외국어시험 합격으로 인정
2.
예비수강신청 안내
가
.
기 간
: 2016
년
5
월
31
일
(
화
)
∼
2016
년
6
월
3
일
(
금
) 4
일간
, 9:00
∼
17:00
나
.
(
강좌개설 확정시
)
가
.
납부기간
: 2016
년
6
월
9
일
(
목
) 9:00
∼
16:00
나
.
수 강 료
: 250,000
원
다
.
납부방법
:
개인별 가상계좌 납부
(
납부 전 개인별 공지
)
2016. 5.
대 학 원 장
예비수강신청 및 수강료 납부에 대한 안내를 다음과 같이 합니다
.
1."
japanese_language,(대학원) 2016년 한국장학재단의 국가연구장학금(인문사회계) 안내,N/A,2016-05-27,https://japanstu.ssu.ac.kr/%ed%95%99%ea%b3%bc%ec%82%ac%eb%ac%b4%ec%8b%a4%ec%95%8c%eb%a6%bc/%ea%b3%b5%ec%a7%80%ec%82%ac%ed%95%ad/?term_id&slug=2041,"2016
년 한국장학재단의 국가연구장학금
(
인문사회계
)
을 아래와 같이 안내하오니 지원자격에 부합하는 학생들이 기일내에 신청할 수 있도록 안내하여 주시기 바랍니다
.
1.
지원서 제출기일 및 장소
:
2016.6.3.(
금
) 17:00
,
웨스트민스터홀
658
호 대학원 교학팀
※
지원자는 본 공문 및 붙임자료를 정독하여 지원자격에 부합하지 않는 경우 신청하지 않도록 유의
2.
제출서류
(
붙임참조
):
가
.
필수
:
신청서
,
학업
·
연구계획서
,
지도교수추천서
,
성적증명서
, 4
대보험가입확인서
나
.
선택
:
가족관계증명서
(
다자녀 가구
(
셋째아이이상
)
학생 증빙
)
3.
본교 선발 대상자 발표
:
2016.6.15.(
수
)
예정
,
대학원 홈페이지 공지사항
4.
관련 일정
ㅇ
2016. 5. 23.(
월
) ~ 6. 15.(
수
) 18:00 : (
대학
)
장학생 선발 및 추천대상자 업로드
ㅇ
2016. 6. 7.(
화
) ~ 6. 16.(
목
) 18:00 : (
학생
)
추천대상자 온라인 신청
ㅇ
2016. 6. 7.(
화
) ~ 6. 17.(
금
) 18:00 : (
대학
)
최종 장학생 추천
ㅇ
2016. 6
월말
: (
재단
)
최종 장학생 선정 및 장학금 지급
5.
관련안내
가
.
사업목적
◦
인문사회분야 우수인재 육성을 통하여 국가 미래사회의 경쟁력을 확보하고 국가적 핵심리더로 양성
◦
인문사회분야 우수한 석
‧
박사 과정생의 개인연구를 지원하여 동 분야 연구 인력 양성 및 기초 연구력 증진을 도모
나
.
지원내용
2
개 학기
(1
년
)
이내 지원
다
.
지원자격 및 대상
◦
지원자격
–
대한민국 국적자
–
일반대학교 일반대학원 및 한국학대학원의
인문사회분야 전일제 미취업 대학원생
※
전일제 확인
•
part-time
제 학생 및 휴학생
,
수료생 지원불가
*
정규학기에 한하여 지원함
(
추가학기 지원불가
)
※
미취업 여부 확인
•
4
대 사회보험 가입자 가입내역 확인서를 통하여 최종확인
: 4
대 사회보험 가입자는 지원 불가
(
R
․
A
및
T
․
A
로 인한
4
대보험 가입자는 취업자로 간주
)
< 4
대 사회보험 가입내역 확인서 발급방법
>
–
발급처
: 4
대 사회보험 정보연계센터
www.4insure.or.kr
–
공인인증서 로그인
→
[
증명서발급
]
→
4
대 사회보험 가입내역 확인
청구서
신청
→
4
개 처리기관의 처리여부
“
출력가능
”
확인 후 증명서
출력
(
주의
)
지역가입자 중 사업장이 표기되어 있는 경우 취업자로 간주 지원 불가
•
시간강사 대상 여부
(
아래 요건충족시 예외적 허용
)
:
주
6
시간 이내 근무
*
로 인한
4
대 사회보험 가입은 별도의
증빙서류
**
확인을 통하여 미취업자로 인정
(’16. 1. 2
이후 발급분 인정
)
*
①
6
시간 이하
(
총 출강시간
/27
주
)
인경우
,
미취업자로 인
정
**
시간강사 확인서
,
경력증명서 등
◦
지원대상
–
석사 및 박사과정
: 2~3
학기 재학 중인 자
–
석박통합과정
: 2~7
학기 재학 중인 자
◦
성적기준
:
직전학기 백분위
92
점이상 또는 평점
4.0
이상
/4.5
만점
, 3.7
이상
/4.3
만점
◦
등록금 범위를 벗어나는
타장학금 수혜자는 추천 불가
※
장학금 수혜기간
(‘16
년
3
월
～
’17
년
2
월
)
동안 소속대학 또는 타 기관으로부터 장학생 또는 학비 감면 수혜자
(
등록금 고지서에 명시되어 있는 경우 등 포함
)
로 선정된 경우
,
동 장학제도에 지원은 가능하나 타 장학금 포기 및 반납하여야 최종 선발 가능
.
단
,
등록금이 최대 지원 금액인
400
만원을 초과할 경우에는 차액에 한하여 타 장학금 및 대출 허용
(BK21
플러스사업 포함
)
라
.
심사기준
◦
심사항목 및 배점
평가항목
배점
측정지표
평가내용
학생 수행
의지
지원동기
지도교수추천서
․
예비학자로서의 자질과 성장 가능성
․
학문에 대한 열정
연구
계획의
우수성
(40)
연구주제
․
연구주제의 창의성 및 독창성
․
학문적 가치
․
연구내용의 필요성
연구방법
․
연구방법의 창의성 및 독창성
․
연구방법의 타당성
․
실행계획의 구체성
직전학기성적
(40)
전학기성적
․
직전학기 백분위 성적을
40
점만점으로 환산
※
다자녀
(
셋째아이이상
)
가구 학생의 경우 우선 학교 배정인원의
10%
범위내에서 선발
연구계획서
,
지도교수추천서 양식 각
1
부
.
2.
한국장학재단 관련공문 사본
1
부
.
3. 2016
년도 국가연구장학금
(
인문사회계
)
시행 계획
1
부
.
4. 2016
년도 국가연구장학금
(
인문사회계
)
대학 배정 및 선발 계획 안내문
1
부
.
5. 2016
년 국가연구장학금
(
인문사회계
) FAQ (
학생
).
끝
."
japanese_language,2016학년도 2학기 학·석사연계과정 지원 및 선발 안내,N/A,2016-05-24,https://japanstu.ssu.ac.kr/%ed%95%99%ea%b3%bc%ec%82%ac%eb%ac%b4%ec%8b%a4%ec%95%8c%eb%a6%bc/%ea%b3%b5%ec%a7%80%ec%82%ac%ed%95%ad/?term_id&slug=2037,"2016
학년도
2
학기 학
·
석사연계과정 지원 및 선발 안내
1. ‘
학
·
석사연계과정
’
이란
?
:
학사과정의 교육과정과 대학원 교육과정을 상호 연계하여 운영하는 과정으로 학사과정
3.5
년
(
건축학부 건축학전공은
4.5
년
),
석사과정
1.5
년에 학사학위 및 석사학위를 취득하는 과정
2.
모집학과
:
학사과정과 석사과정에 동일
(
또는 유사
)
학과가 있는 학과
(
계약학과 제외
)
3.
모집인원
:
석사과정 입학정원의
20%
내에서 모집
4.
지원자격
:
다음 각 호 모두에 해당되는 자
가
.
지원일 당시 학사과정
4
학기 또는
5
학기
(
건축학부 건축학전공은
6
학기 또는
7
학기
)
를 이수 한 자
=> 5
학기 또는
6
학기 개시 전
(
건축학부 건축학전공은
7
학기 또는
8
학기 개시 전
)
인 학생만 지원 가능
나
.
재수강 이전 과목
,
학점 포기한 과목
, F
학점 과목 등을 포함한 전체 과목의 총평점평균이
3.3/4.5
이상인 자
다
. 7
학기
(
건축학부 건축학전공은
9
학기
)
에 학사과정의 졸업요건을 충족할 수 있는 자
라
.
지원하고자 하는 일반대학원 학과 주임교수와 지도교수의 추천을 받은 자
마
.
지원하고자 하는 일반대학원의 동일
(
또는 유사
)
학과를 주전공 또는 복수전공하는 자
(
부전공
,
연계전공은 해당없음
)
5.
지원기간
:
2016
년
6
월
13
일
(
(
목
) 10:00 ~ 17:00
6.
지원방법
:
제출서류를 구비하여 대학원 교학팀
(
웨스트민스터홀
658
호
)
으로 방문 접수
7.
제출서류
:
학
·
석사연계과정신청서
(
학업계획서
,
추천서 포함
)(
양식 다운로드
) 1
부
8.
합격자 발표
:
2016
년
7
월
22
일
(
금
)
예정
9.
합격자 혜택
가
.
학위취득기간 단축
나
.
석사과정 입학금
,
입학시험 면제
다
.
학사과정 중 일반대학원 과목 수강신청 시 학기당
3
학점 추가로 수강신청 가능
라
.
학사과정 중 취득한
(
학사과정 졸업학점 초과 이수
)
동일
(
또는 유사
)
학과의 일반대학원 과목
3
학점
~9
학점까지 석사과정 학점으로 인정됨
(
신청시
)
10.
자격상실
가
.
일반대학원 입학 전에 학
·
석사연계과정을 중도 포기한 경우
(
포기신청서 제출
)
나
.
학사과정
7
학기 이수 후 재수강 이전 과목
,
학점포기한 과목
, F
학점 과목 등을 포함한 전체 과목의 총평점평균이
3.3/4.5
미만인 경우
다
.
학사과정을
7
학기에 모두 이수하지 못한 경우
라
.
학사과정 중 졸업학점을 초과하여 일반대학원 과목을
3
학점 이상 취득하지 못한 경우
마
.
석사과정 첫 학기에 일반대학원 입학 등록을 하지 않은 경우
바
.
석사과정을
3
학기에 모두 이수하지 못한 경우
사
.
석사과정
3
학기 이수 후 총평점평균이
4.0/4.5
미만인 경우
11.
유의사항
가
.
등록
다
.
석사과정 첫 학기 휴학 및 자퇴 불가
라
.
석사과정 전과 불가
마
.
석사과정 첫 학기에 일반대학원 입학 등록을 하지 않은 경우 학사학위가 취소됨
12.
문의처
:
대학원 교학팀
(02-820-0258~9,
grad@ssu.ac.kr
)
2016. 5
대학원장"
japanese_language,2016년도 하계 취업연계인턴십 최종모집관련,N/A,2016-05-23,https://japanstu.ssu.ac.kr/%ed%95%99%ea%b3%bc%ec%82%ac%eb%ac%b4%ec%8b%a4%ec%95%8c%eb%a6%bc/%ea%b3%b5%ec%a7%80%ec%82%ac%ed%95%ad/?term_id&slug=2034,"인턴십협정기관 L&SEDU 국제부입니다.
2016년5월20일에 2016년도 제2분기 일본워킹홀리데이비자 발표가 있었습니다.
합격자를 대상으로한 2016년도 하계 취업연계인턴십 최종모집관련 안내드리도록 하겠습니다.
상세내용을 첨부파일로 보내드리오니 참고하시고 검토부탁드리겠습니다.
인턴십관련 궁금한점이나 문의사항 있으시면 연락주시기 바랍니다.
「상담/문의처」
TEL　02-581-4309　/　010-8991-5464
E-mail
master@lsedu21.com
*********************************************************************************
海外大?生のインタ?ンシップ協定機?
(株)L&SEDU 代表取締役 キムスンス
◐ 日本：沖??那覇市久米2-10-25　コ?ポ華204 ?900-0033
◐ 韓?：1910-2, 30, Gasan digital 1-ro, Geumcheon-gu, Seoul, Korea, ?08591
?
◐ TEL：日本+81-50-3573-3881 / 韓?+82-2-581-4309
◐ E-mail：
master@lsedu21.com
◐ Skype?LINE?KAKAO?WeChat：seoungsu4"
japanese_language,지식향연 양진석 건축가의 <건축을 통해 세상을 본다는 것> 인문학강연 /건국대학교,N/A,2016-05-18,https://japanstu.ssu.ac.kr/%ed%95%99%ea%b3%bc%ec%82%ac%eb%ac%b4%ec%8b%a4%ec%95%8c%eb%a6%bc/%ea%b3%b5%ec%a7%80%ec%82%ac%ed%95%ad/?term_id&slug=2028,"지식향연
양진석 건축가의
<
건축을 통해 세상을 본다는 것
>
인문학강연 /건국대학교
5월
31
일 화요일 건국대학교 새천년관에서 진행되는 지식향연에서는
양진석 건축가의
<
건축을 통해 세상을 본다는 것
>
인문학강연
,
셰익스피어 작품
<
맥베스
>
뮤지컬
,
셰익스피어 인물과 작품을 주제로 한 송동훈 문명 탐험가의 강연까지
깊이 있는 프로그램들이 준비되어 있습니다
.
–
신청 기간
: 4.11(
월
) ~ 5.30(
월
)
–
신청 방법
:
www.ssghero.com
회원 가입 후 강연 신청
※
참여자 전원에게 웰컴키트
(
다이어리
,
노트
,
연필 등
)
를 드립니다
.
또한
,
지식향연 행사에
1
회 이상 참여한 대학생들에게는
‘
청년 영웅
’
지원 자격이 주어지는데
,
미션을 통해
청년 영웅단으로 선발될 시 아래와 같은 혜택이 주어집니다
.
–
신세계 그룹 서류 전형 및
1
차 면접 면제
–
가을학기 장학금 지원
– 10
일간의 영국
–
이탈리아 그랜드 투어 참여
학우들에게도 좋은 정보가 될 것 같아
지식향연
‘
건국대편
’
홍보를 부탁드리오니 첨부된 포스터를 활용해
각 학과별로 공지될 수 있도록 해주시면 감사하겠습니다
.
—————————————————————-
[
지식향연
""
건국대편
""
초대
]
5
건축을 통해 세상을 본다는 것
>
인문학 강연
,
정명은 배우의 뮤지컬
<
나약한 인간 맥베스
>,
셰익스피어를 주제로 한
송동훈 문명 탐험가의 강연까지
!
인문학의 넓고 깊은 세계로 초대합니다
.
–
신청 기간
: 4.11(
월
) ~
5.30(
월
)
청년 영웅단이 되면
?
–
신세계 그룹 서류전형 및
1
차 면접 면제
–
가을학기 장학금 지원
– 10
일간의 영국
–
이탈리아 그랜드 투어 참여
▶
지금 바로 신청하기
www.ssghero.com
지식향연 운영국
: 02-735-1108
(
010-9596-1902
)"
japanese_language,(사단법인 한일협회) 박람회 스태프 모집 공고,N/A,2016-05-18,https://japanstu.ssu.ac.kr/%ed%95%99%ea%b3%bc%ec%82%ac%eb%ac%b4%ec%8b%a4%ec%95%8c%eb%a6%bc/%ea%b3%b5%ec%a7%80%ec%82%ac%ed%95%ad/?term_id&slug=2026,"<
개요>
●박람회 일자 : 5월 28(토) ~ 29(일) 2일간
●박람회 장소 : COEX 2층 컨퍼런스 룸(북측)  (지하철 2호선 삼성역 및 9호선 봉은사역 이용)
※정확한 위치는 박람회 홈페이지 참조요망.
●박람회 홈페이지 :
www.kojafair.org
●근무일자  /  업무내용
▶ 5월28일 (토)  (오전8시 ~ 오후5시)  / 박람회 진행업무
▶ 5월29일 (일)  (오전8시 ~ 오후5시)  / 박람회 진행업무
※ 행사 진행 업무이므로, 물품 운반 등의 활동량이 일부 필요하며 나머지는 질서 유지입니다.
●모집인원 ▶ 토, 일 모두 근무 : 10명 이내
●사례금 : 1일 60,000원  (중식제공, 교통비 포함)
<
지원자격>
●현재 대학생(휴학 중 포함)일 것
●일본어 구사(특히 회화)가 가능할 것 (일본어 전공, JLPT N2 이상 소지자)
<
지원방법>
●
이력서(첨부파일에서 다운로드)
를 작성하여, 담당자(
koja@koja.or.kr
)
앞으로 메일로 신청
※자기소개서는 불필요
<
지원마감일>
●5월20일(금) 선착순 마감
<
문의처>
●사단법인 한일협회 사무국
TEL – 02) 3452-5999"
japanese_language,제20회 일어일문학과 외부인사 초청강연회 안내,N/A,2016-05-16,https://japanstu.ssu.ac.kr/%ed%95%99%ea%b3%bc%ec%82%ac%eb%ac%b4%ec%8b%a4%ec%95%8c%eb%a6%bc/%ea%b3%b5%ec%a7%80%ec%82%ac%ed%95%ad/?term_id&slug=2022,"제
20
회 일어일문학과 외부인사 초청강연회 안내
Key Words to Remember for your SUCCESS!
화창한 날씨에 꽃들이 만발한 봄날 저희 일어일문학과에서는 해외 취업 전문가
GIC
김현구 대표이사님을 강사로 모시고
,
‘Key Words to Remember for your SUCCESS!’
란 주제로 제
20
회 외부인사초청강연회를 개최하게 되었습니다
.
해외 취업 전문가를 모신 이 자리에 많은 관심을 가져주시길 바랍니다
.
감사합니다
."
japanese_language,2016 제 6회 전자정보 박람회 안내,N/A,2016-05-16,https://japanstu.ssu.ac.kr/%ed%95%99%ea%b3%bc%ec%82%ac%eb%ac%b4%ec%8b%a4%ec%95%8c%eb%a6%bc/%ea%b3%b5%ec%a7%80%ec%82%ac%ed%95%ad/?term_id&slug=2018,"참고 링크 :
https://oasis.ssu.ac.kr/bbs/Detail.ax?bbsID=1&articleID=900"
japanese_language,[현대건설] 봉사활동 및 직무체험 프로그램 ‘집수리 로드’,N/A,2016-05-16,https://japanstu.ssu.ac.kr/%ed%95%99%ea%b3%bc%ec%82%ac%eb%ac%b4%ec%8b%a4%ec%95%8c%eb%a6%bc/%ea%b3%b5%ec%a7%80%ec%82%ac%ed%95%ad/?term_id&slug=2014,"현대건설이 봉사활동 및 직무체험 프로그램
을
아래와
같이
운영
합니다
.
귀교
(
귀학과
)
의
우수한
인재들이
많은
관심을
가질
수
있도록
첨부해
드린
자료를
채용관련
게시판에
공고
및
학생들에게
e-mail, SNS, SMS
등
가능한
선에서
홍보
협조
부탁드립니다
.
항상
적극적인
협조에
깊이
감사드리며
,
모집
요강
파일
함께
첨부
*
게재
시
간단한
회신이나
캡쳐
이미지
보내주시면
정말
감사하겠습니다
.
——————-
게시
제목
및
내용
——————-
[현대건설x희망브리지] 제 6회 재난위기가정 집수리로드 봉사자 모집 (~5/30까지)
■ 지원서 접수
-지원기간: 5월 16일(월) ~ 5월 30일(월)
-지원방법: 희망브리지 홈페이지 (
relief.or.kr
)를 통한 온라인 접수
■ 봉사 개요
-봉사일정: 7월 16일(토) ~ 7월 30일(토), 14박 15일
-모집분야: 집수리, 벽화, 장수사진(홍보)팀, 운영/세탁, 의료지원
-봉사지역: 충남 보령, 전남 순천, 경남 창원, 강원 삼척, 충북 제천
* 전 부문 토목,건축,기계,전기 공학생 지원 시 가산점 부여
■ 직무체험 개요
-내용: 현대건설 직무체험 프로그램 (현장/본사)
-대상: 집수리로드 활동우수자 (3,4학년 대상 / 4학년 우선)
–
대상전공: 전계열 (토목,건축,기계,전기,인문/상경/사회/어문계열 등)
■ 문의
02-3272-0123 / 02-6243-9595 / 02-6263-9595
■ 기타
-주최: 희망브리지, 현대건설
-후원: 국민안전처
-협찬: 현대자동차그룹"
japanese_language,[한국무역협회] 무료교육 청년무역 엘리트 Trade Ace 100,N/A,2016-05-16,https://japanstu.ssu.ac.kr/%ed%95%99%ea%b3%bc%ec%82%ac%eb%ac%b4%ec%8b%a4%ec%95%8c%eb%a6%bc/%ea%b3%b5%ec%a7%80%ec%82%ac%ed%95%ad/?term_id&slug=2010,
japanese_language,2016년 춘계 일본유학&취업 박람회,N/A,2016-05-11,https://japanstu.ssu.ac.kr/%ed%95%99%ea%b3%bc%ec%82%ac%eb%ac%b4%ec%8b%a4%ec%95%8c%eb%a6%bc/%ea%b3%b5%ec%a7%80%ec%82%ac%ed%95%ad/?term_id&slug=2006,
japanese_language,2016년도 제조혁신 인스트럭터 양성과정 모집,N/A,2016-05-10,https://japanstu.ssu.ac.kr/%ed%95%99%ea%b3%bc%ec%82%ac%eb%ac%b4%ec%8b%a4%ec%95%8c%eb%a6%bc/%ea%b3%b5%ec%a7%80%ec%82%ac%ed%95%ad/?term_id&slug=1998,
japanese_language,[  청년고용정책 설명회  ],N/A,2016-05-10,https://japanstu.ssu.ac.kr/%ed%95%99%ea%b3%bc%ec%82%ac%eb%ac%b4%ec%8b%a4%ec%95%8c%eb%a6%bc/%ea%b3%b5%ec%a7%80%ec%82%ac%ed%95%ad/?term_id&slug=1997,"1.
일시
:
5
월
11
일
(
수
) 13:30~15:00
2.
장소
:
베어드홀
102
호
3.
내용
가
.
청년고용정책 설명
(
발표
:
공석원 서울관악고용센터 소장
)
나
.
청년 워크넷 안내
다
. NCS
기반 능력중심 채용 설명회
(
발표
: (
주
)ECCI
안윤정 대표
)
* 홈페이지 공지 ☞
http://me2.do/xlnTAuOK"
japanese_language,[  G밸리 우수기업 채용박람회 – 본교 공학교육혁신센터 공동 주관  ],N/A,2016-05-10,https://japanstu.ssu.ac.kr/%ed%95%99%ea%b3%bc%ec%82%ac%eb%ac%b4%ec%8b%a4%ec%95%8c%eb%a6%bc/%ea%b3%b5%ec%a7%80%ec%82%ac%ed%95%ad/?term_id&slug=1996,"1. 일시
:
5
월
12
일
(
목
) 14:00~17:00
2.
장소
:
한경직기념관 김덕윤예배실 앞 로비
3.
주최
:
한국산업단지공단 서울지역본부
4.
주관
:
관악고용노동지청
,
구로구
,
금천구
5.
후원
:
서울디지털산업단지 경영자협의회
, IBK
기업은행
6.
목적
: G
밸리 입주기업의 구인난 해소
,
기업 이미지 제고 및 청년 구직자 일자리 창출을 위한 캠퍼스 현장 채용박람회
7.
내용
가
.
구인
,
구직 면접 및 취업지원컨설팅
:
참가 기업 이력서 교류 및 면접
,
1:1
이력서 컨설팅
나
.
유관기관 취업정보 제공 및 상담 직업심리검사
* 홈페이지 공지 ☞
http://me2.do/FG0IisYx"
japanese_language,[2016서울국제도서전] 현장운영요원 모집 공고,N/A,2016-05-04,https://japanstu.ssu.ac.kr/%ed%95%99%ea%b3%bc%ec%82%ac%eb%ac%b4%ec%8b%a4%ec%95%8c%eb%a6%bc/%ea%b3%b5%ec%a7%80%ec%82%ac%ed%95%ad/?term_id&slug=1993,"2016 서울국제도서전 현장운영요원 모집 공고
– 2016 서울국제도서전(SIBF)과 함께 할 현장운영요원을 모집합니다.
책과 디자인을 사랑하는, 책임감 있고 성실한 인력을 찾습니다.
가. 행사 개요
1) 행사명 : 2016 서울국제도서전(SIBF)
2) 기 간 : 2016. 06. 15.(수) ~ 06. 19.(일)
3) 장 소 : 서울 삼성동 코엑스 Hall A
4) 슬로건 : 책으로 소통하며 미래를 디자인하다
5) 내 용 : 국내·외 참가사 및 개인 아티스트의 전시 및 행사
6) 주 최 : 대한출판문화협회
7) 주 관 : 대한출판문화협회, 코엑스
8) 후 원 : 문화체육관광부, 한국출판문화진흥재단, 한국출판문화산업진흥원
나. 모집 개요
1) 모집 기간 : 05. 04.(수) ~ 05. 13.(금)
2) 서류 전형 합격 발표 : 05. 16.(월)
3) 면접 전형 : 05. 19.(목)
4) 합격 발표 : 05. 20.(금) (개별 공지)
5) 사전 교육 : 추후 개별 공지
6) 활동 기간 : 2016. 06. 15.(수) ~ 06. 19.(일) : 총 5일
※ 7일 근무자(1) 0명 선발 : 06월 13일(월) ~ 19일(일)
7일 근무자(2) 0명 선발 : 06월 15일(수) ~ 21일(화)
(이력서 양식에 7일 근무 희망여부를 체크하여 주세요.)
7) 급여 지급 : 60,000원(9시간 기준, 식사시간 포함), 초과근무 시 시급 산정 지급
※ 면접 및 교육 불참 시 채용 불가
다. 활동 개요
1) 활동 장소 : 서울 삼성동 코엑스 1층 Hall A
2) 활동 일시 : 06월 15일(수)~17일(금) _ 09:30 ~ 19:00
18일(토) _ 09:30 ~ 20:00
19일(일) _ 09:30 ~ 17:00
라. 업무 분야
1) 전시장 파트별 현장 업무
2) 관람객과 전시 및 행사 참가자 응대 업무
3) 전시 안내 및 설명과 프로그램 진행 보조
마. 모집 인원 : 00명
1) 대상 : 서울국제도서전 현장운영요원 참가 희망자
2) 조건 : 만 19세 이상의 성인 남녀
남자는 군 병역 필 또는 면제자로 해외여행에 결격사유가 없는 자
행사 기간 전일 활동 가능자 (필수)
행사 전 교육 참석 가능자 (필수)
외국어(영어) 가능자(우대)
관련 분야 유경험자(우대)
바. 접수 방법
1) 제출 서류 : 지원서 1부
2) 접수 :
bookfair@coex.co.kr
3) 첨부파일 및 메일제목 : SIBF 2016_현장운영요원지원_O"
japanese_language,일본유학설명회공지,N/A,2016-05-04,https://japanstu.ssu.ac.kr/%ed%95%99%ea%b3%bc%ec%82%ac%eb%ac%b4%ec%8b%a4%ec%95%8c%eb%a6%bc/%ea%b3%b5%ec%a7%80%ec%82%ac%ed%95%ad/?term_id&slug=1989,
japanese_language,[2016 유럽연합 교육 박람회] 개최,N/A,2016-05-04,https://japanstu.ssu.ac.kr/%ed%95%99%ea%b3%bc%ec%82%ac%eb%ac%b4%ec%8b%a4%ec%95%8c%eb%a6%bc/%ea%b3%b5%ec%a7%80%ec%82%ac%ed%95%ad/?term_id&slug=1985,"■ 행사명 :
2016 유럽연합 교육 박람회
■ 일   정 :
2016년 6월 4일(토) ~ 6월 5일(일) 13:00 ~ 18:00
■ 장   소 :
서울 명동 KEB하나은행 본점 4층
■ 규   모 :  20여개국 50여개 부스
■ 주   최 :  유럽연합 대표부   /  주 관 : 주한영국문화원
■ 행사홈페이지 :
http://www.studyineuropefairs.co.kr"
japanese_language,[지식향연 “연세대편” 초대 ]5월 10일(화) 5시 연세대 백주년기념관,N/A,2016-05-03,https://japanstu.ssu.ac.kr/%ed%95%99%ea%b3%bc%ec%82%ac%eb%ac%b4%ec%8b%a4%ec%95%8c%eb%a6%bc/%ea%b3%b5%ec%a7%80%ec%82%ac%ed%95%ad/?term_id&slug=1981,"[
지식향연
“
연세대
편
""
초대
]
5
월
10
일
(
화
) 5
시 연세대 백주년기념관
강수진 예술감독의
<
잠자는 열정을 깨우는 강수진의 인생수업
>
인문학 강연
,
정명은 배우의 뮤지컬
<
나약한 인간 맥베스
>,
셰익스피어를 주제로 한
송동훈 문명 탐험가의 강연까지
!
인문학의 넓고 깊은 세계로 초대합니다
.
–
신청 기간
: 4.11(
월
) ~
5.9(
월
)
청년 영웅단이 되면
?
–
신세계 그룹 서류전형 및
1
차 면접 면제
–
가을학기 장학금 지원
– 10
일간의 영국
–
이탈리아 그랜드 투어 참여
www.ssghero.com
지식향연 운영국
: 02-735-1108"
japanese_language,2016 동경 차세대 연출가 콩쿠르 대상작 초청공연,N/A,2016-04-28,https://japanstu.ssu.ac.kr/%ed%95%99%ea%b3%bc%ec%82%ac%eb%ac%b4%ec%8b%a4%ec%95%8c%eb%a6%bc/%ea%b3%b5%ec%a7%80%ec%82%ac%ed%95%ad/?term_id&slug=1979,"2016
동경 차세대 연출가 콩쿠르 대상작 초청공연
1.
사업개요
■
사 업 명
: 2016
동경 차세대 연출가 콩쿠르 대상작 초청공연
■
공 연 명
:
사월이 되면 그녀는 그는
(
四月
になれば
彼女
は
彼
は
)
■
초청기간
: 2016.5.2(
월
) ~ 5.9(
월
), 7
박
8
일간
■
장 소
:
예술공간 오르다
■
주최주관
:
서울연극협회
,
일반사단법인 일본연출자협회
■
(
弦巻 楽団
)
■
관 람 료
:
일반
20,000
원
,
가족
15,000
원
(2
인 이상
),
예술인
10,000
원
,
단체
10,000
원
2.
기본계획
■
기획의도
▫
한일 연극계를 대표하는 서울연극협회와 일본연출자협회가 다년간 성공적으로 운영 중인 젊은 연출가전
‘
미래야솟아라
‘
와
‘
동경 차세대 연출가 콩쿠르
‘
에서 대상
(
작품상
)
을 수상한 작품을 상호 교류하여 신인 연출가를 육성하고자 함
▫
지속적인 교류를 통해 신진 연출가의 작품이 국제무대에 공연될 기회 제공
■
목적 및 의의
▫
▫
일반인과 연극인에게 해외 작품을 관람할 기회를 제공하여 안목을 넓힐 수 있도록 함
3.
프로그램
■
공연
▫
개요
–
단 체 명
:
츠루마키 악단
(
弦巻 楽団
)
–
작 품 명
:
사월이 되면 그녀는 그는
(
四月
になれば
彼女
は
彼
は
)
–
공연기간
: 2016.5.5(
목
) ~ 5.8(
일
), 4
회 공연
–
공연시간
:
평일
–
관람연령
:
만
12
세 이상 관람가
–
소요시간
: 60
분
–
관 람 료
:
일반
20,000
원
,
가족
15,000
원
,
예술인
10,000
원
,
단체
10,000
원
–
연 출
:
츠루마키 케이타
(
弦巻 啓太
)
–
출 연
:
후카우라 유타
(
深浦 佑太
),
후카츠 나오미
(
深津 尚未
)
–
스 태 프
:
누쿠미 젠
진행
),
타카하시 요시유키
(
高橋 詳幸
,
무대
),
소마 히로유키
(
相馬 寛之
,
조명
),
코무로 아키코
(
小室 明子
,
제작
)
▫
줄거리
연습실에서 남녀 배우가 연습을 하고 있다
.
작품은 기시다 쿠니오의
<
종이풍선
>.
두 사람은 캐스팅 오디션을 겸한 시연회에서 공연할 예정이다
.
상대방을 바라보면 희곡을 읽는다
.
시행착오를 겪으며 연습을 거듭하는 두 사람
.
그런 두 사람의 모습에 점점 다른 인물의 형상이 겹치고 극 중 남편인지 아내인지 헷갈린다
.
연기라는 것은 무엇일까
?
대사에서 뿜어 나오는 성격과 이미지는 과연 본인의 것일까
?
아니면 극 중 주인공의 것일까
?
▫
단체소개
극작가 겸 연출가인 츠루마키 케이타는
‘
다양한 연극인과의 콜라보레이션의 마당
‘
으로
2003
.
웰메이드 코미디를 중심으로 다양한 장르의 작품을 공연하였고
,
알기 쉬운 문체와 인간을 보는 깊은 통찰력과 풍요로운 이야기로 많은 인기를 얻고 있다
. 2015
년
3
월 일본연출자협회가 주최한
‘2014
동경 젊은 연출가 콩쿠르
‘
에서 최우수상을 수상하였고
, 2015
년에는 연극
<
죽고 싶은 놈들
>
이 서울
,
광주
,
대전 한국 세 도시와 일본 북해도 세 도시에서 공연했다
. 2016
년
1
월에는 우수한 작품을 재공연하는 장기기획공연
‘
삿포로연극 시즌
2016-
겨울
‘
에서 대표작
<YOU
・
CAN’T
・
HURRY
・
LOVE
！
>
를 공연하여
1,000
여 명이 넘는 관객이 관람하였다
. 2016
년 봄부터 초여름까지 연극
<
사월이 되면 그녀는 그는
>
의 전국 순회 공연할 예정이며 여름에는
10
▫
1
차
: 2016
년
5
월
7
일
(
토
)
공연 직후
▫
2
차
: 2016
년
5
월
7
일
(
토
)
공연 직후"
japanese_language,[게임빌]_2016_인턴_공개_채용_NGDC_3기_모집_(~5/29_까지),N/A,2016-04-27,https://japanstu.ssu.ac.kr/%ed%95%99%ea%b3%bc%ec%82%ac%eb%ac%b4%ec%8b%a4%ec%95%8c%eb%a6%bc/%ea%b3%b5%ec%a7%80%ec%82%ac%ed%95%ad/?term_id&slug=1975,"게임빌이 2016 인턴 공채 NGDC 3기를
아래와 같이 모집합니다.
많은 관심 및 지원 바랍니다.
■
2016 상반기 공채 ‘NGDC 3기’
-지원자격 : 2016.08 / 2017.02 졸업예정자 및 기졸업자
-모집분야 : 게임기획 / 게임프로그래밍 / 사업PM / 마케팅 / 인사
-지원기간 : 2016.5.2(월) ~ 2016.5.29(일)
-지원방법 : 온라인지원 (
recruit.gamevil.com
)
■ 인사담당자와 함께하는 ‘캠퍼스 모의면접’
-신청방법 :
www.interview-gamevil.com
-신청기간 : 2016.4.20(수) ~ 2016.5.10(화)
-일자 및 장소 : 캠퍼스리크루팅 일정과 동일
-혜택: 우수자에 한해 서류전형 가산점
■ 캠퍼스리크루팅 ‘채용상담회’ (10:00~17:00)
-5.03(화)   이화여대 ECC관 B3 로비
-5.04(수)   성균관대(인사)    경영관 1층 채용상담부스
-5.09(월)   경희대(서울)       청운관 1층 상담실
-5.10(화)  연세대             학생회관 2층 채용상담부스
-5.11(수)  고려대             4.18기념관 채용상담실
-5.12(목)  홍익대             K동 202호
-5.16(월)  아주대              팔달관 317호
-5.17(화)  중앙대             205관 학생회관 2층
-5.19(목)  게임빌 본사
■ 기타
-문의메일 : recruit@gamevil.com
-페이스북 :
www.facebook.com/gamevilrecruit
-카카오톡 : 친구찾기에서 ‘게임빌채용’으로 검색"
japanese_language,[5/31 접수마감] 2016년 여름방학 오사카 연수과정,N/A,2016-04-27,https://japanstu.ssu.ac.kr/%ed%95%99%ea%b3%bc%ec%82%ac%eb%ac%b4%ec%8b%a4%ec%95%8c%eb%a6%bc/%ea%b3%b5%ec%a7%80%ec%82%ac%ed%95%ad/?term_id&slug=1973,"아시아희망캠프
2016
년 여름 일본
(
오사카
)
연수 프로그램
■
주최
:
아시아희망캠프기구
www.workcamp.asia
■
일시
: 2016
년
7
월
10
일경부터
1
개월간
(
시작일
,
전체기간 조정가능
)
■
장소
:
일본 오사카외국어학교
(
오사카 시내중심
) www.osaka-gaigo.jp
〒
５４１－００５７
大阪府大阪市中央区北久宝寺町
２－６－１４
国際交流
センタービル
■
하루
4
시간 수업
(
오전
/
오후 선택가능
)
■
10
명 이내는
2
인실
(
자취가능
)
■
연수비
+
숙사비
+
관리비
+
입실비
: 15
만엔
(160
만원
)
★
유니버설스튜디오 자유이용권 포함 가격
(
왕복항공비
,
식비
,
현지교통비 불포함
)
■
공항픽업서비스 무료
.
■
숙소는 각방마다 화장실
/
욕실있음
.
☆
오사카외국어학교 위치안내
※
지하철 혼마치역
⑫
에서 걸어서
7
분
※
지하철 사카스지혼마치역
⑪
에서 걸어서
4
분
↑
유니버설 스튜디오 자유이용권 포함
—————————-
[
문의
]
아시아희망캠프기구
/ Asia Hope Camp Organization (ACOPIA)
(
우
) 04515
서울특별시 중구 덕수궁길
9.
현진빌딩
휴대폰
: 010-7380-4649
Email: asia.workcamp@gmail.com
WEB : www.workcamp.asia"
japanese_language,모의유엔총회 홍보 협조,N/A,2016-04-27,https://japanstu.ssu.ac.kr/%ed%95%99%ea%b3%bc%ec%82%ac%eb%ac%b4%ec%8b%a4%ec%95%8c%eb%a6%bc/%ea%b3%b5%ec%a7%80%ec%82%ac%ed%95%ad/?term_id&slug=1968,
japanese_language,『2016 신아시아 산학관 협력포럼』개최 안내,N/A,2016-04-27,https://japanstu.ssu.ac.kr/%ed%95%99%ea%b3%bc%ec%82%ac%eb%ac%b4%ec%8b%a4%ec%95%8c%eb%a6%bc/%ea%b3%b5%ec%a7%80%ec%82%ac%ed%95%ad/?term_id&slug=1966,"이에 별첨과 같이 행사 개최계획(안)을 송부드리오니, 참가를 희망하시는 분은 별첨 신청서를 작성하시어
FAX(02-3014-9899) 또는 이메일(syhong@kje.or.kr)로 오는
5월 17일(화)까지
보내주시면 감사하겠습니다(선착순 마감).
주 제
동아시아 경제공동체 형성과 한중일 산업내 분업
~ 전자상거래, 전기자동차, 물류, 산업단지, 환경에너지, 스마트제조를 중심으로 ~
일 시
2016년 5월 24(화) 14:00 ~ 17:30
장 소
한국무역협회 51층 대회의실 (서울)
주 최
(사)한일경제협회, (사)한국무역협회, (사)신아시아산학관협력기구,
(재)한일산업·기술협력재단, (사)한국산학연협회, (사)신재생에너지협회
후 원
산업통상자원부, 한국경제신문, 동북아공동체연구재단, 혁신전문기업실용학회
참가비
무료
※ 주차권은 지원되지 않으니, 이점 양해 부탁드립니다.
별첨 : 2016 신아시아 산학관 협력 포럼 개최안내 공문, 계최계획안 및 참가신청서 각 1부. 끝.
(재)한일산업기술협력재단
서울시 강남구 선릉로131길 18-4 한일재단빌딩
대표전화 : 02-3014-9898"
japanese_language,[2016 기술인재양성교육(상반기) 모집안내,N/A,2016-04-22,https://japanstu.ssu.ac.kr/%ed%95%99%ea%b3%bc%ec%82%ac%eb%ac%b4%ec%8b%a4%ec%95%8c%eb%a6%bc/%ea%b3%b5%ec%a7%80%ec%82%ac%ed%95%ad/?term_id&slug=1962,
japanese_language,2016 KOREA Career in japan 일본취업채용박랍회 안내,N/A,2016-04-20,https://japanstu.ssu.ac.kr/%ed%95%99%ea%b3%bc%ec%82%ac%eb%ac%b4%ec%8b%a4%ec%95%8c%eb%a6%bc/%ea%b3%b5%ec%a7%80%ec%82%ac%ed%95%ad/?term_id&slug=1961,
japanese_language,인문번역작가 특강,N/A,2016-04-19,https://japanstu.ssu.ac.kr/%ed%95%99%ea%b3%bc%ec%82%ac%eb%ac%b4%ec%8b%a4%ec%95%8c%eb%a6%bc/%ea%b3%b5%ec%a7%80%ec%82%ac%ed%95%ad/?term_id&slug=1957,
japanese_language,2016 한국암웨이 글로벌 인턴십 6기 모집,N/A,2016-04-18,https://japanstu.ssu.ac.kr/%ed%95%99%ea%b3%bc%ec%82%ac%eb%ac%b4%ec%8b%a4%ec%95%8c%eb%a6%bc/%ea%b3%b5%ec%a7%80%ec%82%ac%ed%95%ad/?term_id&slug=1955,"2016 한국암웨이 글로벌 인턴십 6기 모집 개요  =============
• 모집 대상: 해외여행에 결격사유가 없는 국내외 대학(원) 재학생/휴학생
• 모집 기간: 2016년 4월 25일(월) – 5월 13일(금)
• 모집 방법: 한국암웨이 글로벌 인턴십 홈페이지 또는 공식 페이스북을 통한 온라인 지원서 접수
http://internship.akl.co.kr
https://www.facebook.com/amway.korea.official
• 모집 분야: Marketing / Sales / R&D / HR / SCM(부산)
• 심층 면접: 2016년 6월 1일(수)
• 최종 합격자 발표: 2016년 6월 10일(금)
• 인턴십 기간: 2016년 6월 27일(월) – 8월 19일(금)
• 인턴십 특전: 미국 본사 방문 및 글로벌 과제 수행(방문 경비 일체 지원) / 인턴급여 지급(월 150만원) /
현업 실무 프로젝트 수행 / 현직 담당자 1:1 멘토링 / 글로벌 인턴십 수료증
• 2016 한국암웨이 글로벌 인턴십 설명회 및 상담
본사설명회	4월 30일(토) 13:00-16:00	한국암웨이 본사
(삼성동 아셈타워 27층)
잡카페	5월 3일(화) 13:00-17:00	신촌 커피스미스
캠퍼스상담	4월 25일(월) 10:00-17:00	중앙대 중앙도서관 인재개발원 HR라운지
4월 26일(화) 10:00-17:00	한국외대 국제학사 301호
* 본사설명회 및 잡카페 사전 참가 신청: 4월 18일(월)–4월 26일(화), http://internship.akl.co.kr
* 본사설명회, 잡카페, 캠퍼스상담 참가자에게 서류전형 가산점 부여
============= 2016 한국암웨이 글로벌 인턴십 6기 모집 개요  =============
• 모집 대상: 해외여행에 결격사유가 없는 국내외 대학(원) 재학생/휴학생
• 모집 기간: 2016년 4월 25일(월) – 5월 13일(금)
• 모집 방법: 한국암웨이 글로벌 인턴십 홈페이지 또는 공식 페이스북을 통한 온라인 지원서 접수
http://internship.akl.co.kr
https://www.facebook.com/amway.korea.official
• 모집 분야: Marketing / Sales / R&D / HR / SCM(부산)
• 심층 면접: 2016년 6월 1일(수)
• 최종 합격자 발표: 2016년 6월 10일(금)
• 인턴십 기간: 2016년 6월 27일(월) – 8월 19일(금)
• 인턴십 특전: 미국 본사 방문 및 글로벌 과제 수행(방문 경비 일체 지원) / 인턴급여 지급(월 150만원) /
현업 실무 프로젝트 수행 / 현직 담당자 1:1 멘토링 / 글로벌 인턴십 수료증
• 2016 한국암웨이 글로벌 인턴십 설명회 및 상담
본사설명회	4월 30일(토) 13:00-16:00	한국암웨이 본사
(삼성동 아셈타워 27층)
잡카페	5월 3일(화) 13:00-17:00	신촌 커피스미스
캠퍼스상담	4월 25일(월) 10:00-17:00	중앙대 중앙도서관 인재개발원 HR라운지
4월 26일(화) 10:00-17:00	한국외대 국제학사 301호
* 본사설명회 및 잡카페 사전 참가 신청: 4월 18일(월)–4월 26일(화), http://internship.akl.co.kr
* 본사설명회, 잡카페, 캠퍼스상담 참가자에게 서류전형 가산점 부여"
japanese_language,일본 해외취업전략설명회 개최 안내,N/A,2016-04-18,https://japanstu.ssu.ac.kr/%ed%95%99%ea%b3%bc%ec%82%ac%eb%ac%b4%ec%8b%a4%ec%95%8c%eb%a6%bc/%ea%b3%b5%ec%a7%80%ec%82%ac%ed%95%ad/?term_id&slug=1953,"일본 해외취업전략설명회 개최 안내
우리 공단에서는 대한민국 청년의 도전적인 해외진출을 지원하기 위해 정부
차원의 공공 글로벌 일자리지원사업인
K-Move
사업을 수행하고 있습니다
.
관련하여 일본취업 준비사항 안내 및 성공사례를 발표하는 행사를
안내
드리오니
,
일본취업에 관심 있으신 구직자 여러분들의 많은 참여 바랍니다
.
1.
개최일시
: ‘
16. 4. 28(
목
) 14:00 ~ 16:00
2.
행사장소
:
코엑스
C1, 2
홀 해외취업관 설명회장
(
서울 강남구 삼성동
159
소재
)
※
중소기업단체협의회 주최
‘
글로벌 중소
3.
행사일정
시 간
발 표 내 용
발표자
14:00
～
14:15
•
공단 수행
K-Move
사업 안내
공단 해외취업알선팀장
14:15
～
14:35
•
일본 내 한국인 고용동향 및
IT
직종 인재상 발표
일본 현지기업 인사담당자
14:35
～
15:15
•
일본취업 노하우 및 일문이력서 작성방법 설명
파소나코리아
김태형 대표
15:15
～
15:45
•
일본 취업사례 발표
신일철스미킨솔루션즈 박종찬
15:45
～
16:00
•
질의응답
일본 알선담당자 등
※
발표시간이나 내용은 당일 사정에 따라 변경될 수 있습니다
.
‘16. 4. 26(
화
)
까지
이메일 접수
5.
신청방법
:
신청서
(
첨부
3
참조
)
작성 후 이메일 발송
(
job2@hrdkorea.or.kr
)
☞
월드잡 플러스
(
www.worldjob.or.kr
)
공지사항에서 신청서 다운로드 가능
6.
문의처
:
한국산업인력공단 해외취업알선팀
052)714-8625
~
8627"
japanese_language,[두산아트센터] 4/11~6/13 무료 인문학 강연 참석 안내,N/A,2016-04-12,https://japanstu.ssu.ac.kr/%ed%95%99%ea%b3%bc%ec%82%ac%eb%ac%b4%ec%8b%a4%ec%95%8c%eb%a6%bc/%ea%b3%b5%ec%a7%80%ec%82%ac%ed%95%ad/?term_id&slug=1951,"두산아트센터의 기획 프로그램인 ‘두산인문극장’이 ‘모험’을 주제로
4월 11일부터 6월 13일까지 매주 월요일 오후 7시 30분, 총 10회의 다채로운 무료 인문학 강연을 진행합니다.
첫 번째 강연에는 오지 탐험가이자 작가인 다카노 히데유키가 내한해 강연하며,
5월 23일에는 카이스트 전치형 교수가 로봇에게 일자리를 위협받는 인간의 방황에 대한 강연을 진행합니다.
**두산인문극장? 두산아트센터가 인문학을 예술로 풀어내는 기획 프로젝트로, 올해 4회째를 맞이했으며 매년 동시대인이 함꼐 고민할 수 있는 주제를 선정해 사회학과 인문학 등 각 분야의 석학들을 초청하며 주제와 결부된 공연, 강연, 전시, 영화 상영을 진행하고 있습니다.
날짜
강연명
강연자
4.11(
월)
왜 나는 계속 탐험하는가
다카노 히데유키
(
논픽션 작가)
4.18(
월)
미지의 공간과 모험 – 인간은 어디로 가는가
박상진
(
부산외대 이탈리아 문학 교수)
4.25(
월)
최초의 인류는 모험을 했을까
윤신영
(
과학동아 편집장)
5.2(
월)
진화 이론을 만든 탐험
이정모
(
서대문자연사박물관 관장)
5.9(
월)
낭만주의적 모험과 자연의 정복 그리고 근대세계
이두갑
(
서울대 서양사학 교수)
(
부산대 지리교육학 교수)
5.23(
월)
모험하는 로봇, 방황하는 인간
전치형
(
카이스트 과학기술정책 교수)
5.30(
월)
만물에 대한 해킹: 인터넷 시대의 모험
김용대
(
카이스트 전자공학 교수)
6.6(
월)
몸의 모험, 마음의 팽창: 우주 탐험
이관수
(
동국대 과학사 교수)
6.13(
월)
식민지에서의 모험과 인문학적 상상력 –
두 지식인 이야기
이상길
(
연세대 커뮤케이션 교수)"
japanese_language,2016학년도 후기 대학원 입학성적우수장학생 선발 안내(인문사회계),N/A,2016-04-08,https://japanstu.ssu.ac.kr/%ed%95%99%ea%b3%bc%ec%82%ac%eb%ac%b4%ec%8b%a4%ec%95%8c%eb%a6%bc/%ea%b3%b5%ec%a7%80%ec%82%ac%ed%95%ad/?term_id&slug=1950,"2016
학년도 후기 대학원 인문사회계
입학성적우수장학생 선발과 관련하여
아래와 같이 안내하여 드리니 업무에 참조하여 주시고 학과에 공지하여 주시기 바랍니다
.
1.
자격
가
. 2016
년
8
월 본교 학부 졸업예정자
나
.
수업연한
4
년
(8
학기
)
이내인 졸업예정자
다
.
F
학점 포함 열람용 성적
)
평균평점
3.75
이상
인 자
라
.
학석연계과정 중인 학생도 위의 조건을 충족하면 지원 가능함
2.
수혜기간
: 2
년
(4
학기
)
3.
지원금액
:
수업료 전액
지급
,
가장 적은 금액 기준으로 지급
(
예
:
복수학위과정
)
나
.
입학성적우수장학생이
학사조교
B
를 겸하는 경우에는 해당
입학성적우수장학금의 반액
으로 지급
4.
선발
:
지원자격을 만족하는 자 중에서 다음 기준에 따라 배정인원 범위내 선발
가
. 8
학기 재학생 중 직전
3
학기 성적
(
열람용
, F
학점 포함
)
평균평점 기준 상위
30%
이내인 자
) 8
학기 졸업예정자의 경우
,
직전
3
학기
(5,6,7
학기
)
수강과목의 평균평점
(
열람용
, F
포함
)
기재
나
.
선발시 선발학과 내 동일학과 졸업예정자를 우선으로 선발하며
,
타학과 졸업
예정자는 후순위로 선발
5.
입학성적우수장학생 의무 준수사항
1.
2.
입학성적우수장학생은 입학 후 휴학을 할 수가 없으며
,
휴학을 할 경우 자격이 상실된다
.
단
,
질병
(
진단서 제출
),
군입대
(
입영통지서 제출
),
기타 사고 등은 예외로 한다
.
3.
입학성적우수장학생에게는 입학 후 학과주임교수가 필요시 교육 및 연구 지원업무를 담당하게
할 수 있으며
,
불응할 경우 자격을 상실한다
.
6.
일정
: 2016
학년도 후기 대학원 신
·
편입생모집 원서접수기간이 만료되면 학과별 지원자 중
2016
년
8
월 본교 학부 졸업예정자 및 학석연계과정 진학예정자 현황를 학과로 송부하여 학과에 입학성적우수 장학생 추천을 안내할 예정
(
추천마감일
2016.5.4.
예정
)
임
.
끝
.
이전글
2016 서울 국제도서전(SIBF2016) 서포터즈 모집
다음글
[두산아트센터] 4/11~6/13 무료 인문학 강연 참석 안내"
japanese_language,2016 서울 국제도서전(SIBF2016) 서포터즈 모집,N/A,2016-04-07,https://japanstu.ssu.ac.kr/%ed%95%99%ea%b3%bc%ec%82%ac%eb%ac%b4%ec%8b%a4%ec%95%8c%eb%a6%bc/%ea%b3%b5%ec%a7%80%ec%82%ac%ed%95%ad/?term_id&slug=1941,
japanese_language,글로벌 청년 사업가 양성 과정 (무료) 2016 Global YBm for thailand,N/A,2016-04-06,https://japanstu.ssu.ac.kr/%ed%95%99%ea%b3%bc%ec%82%ac%eb%ac%b4%ec%8b%a4%ec%95%8c%eb%a6%bc/%ea%b3%b5%ec%a7%80%ec%82%ac%ed%95%ad/?term_id&slug=1935,
japanese_language,2016년 한국장학재단 인문100년장학금 전공탐색유형 신규장학생 신청 안내,N/A,2016-04-05,https://japanstu.ssu.ac.kr/%ed%95%99%ea%b3%bc%ec%82%ac%eb%ac%b4%ec%8b%a4%ec%95%8c%eb%a6%bc/%ea%b3%b5%ec%a7%80%ec%82%ac%ed%95%ad/?term_id&slug=1932,"2016
년 한국장학재단 인문
100
년장학금 전공탐색유형 신규장학생 신청 안내
한국장학재단 우수취업장학지원부
-1631(2016.04.01.)
과 관련하여
, 2016
년 한국장학재단 인문
100
년장학금 전공탐색유형 신규장학생 신청을 다음과 같이 안내하니 신입생 여러분의 많은 신청바랍니다.
1.
선발목적
:
고교
–
대학
–
대학원을 연계한 지원으로 인문학 소양을 갖춘 우수인재양성 및
석
?
박사로 진출할 우수인재 확보
2.
신청대상
가
. 2016
학년도 본교 인문사회계열 모든 학과
(
부
)
신입생
(1
학년
)
※
인문학 및 기초학문 전공자 위주로 선발예정이며
,
계약학과 지원 불가
나
.
본교 추천인원
:
총
5
명 내외
※
전국
50
명 선발예정
(
수도권
: 20
명 내외
,
비수도권
: 30
명 내외
)
3.
신청방법
가
.
신청기간
: 2016.3.31.(
목
) 15:00
∼
4.14.(
목
) 18:00
까지
나
.
신청방법
:
온라인 개별 학생본인신청
(
본인 명의 은행발급 공인인증서 필수
)
다
.
신청경로
:
한국장학재단홈페이지
(
www.kosaf.go.kr
)
로그인
>
사이버창구
>
장학금
신청
> “
인문
100
년장학금
”
신청하기
>
전공탐색
(
대학교
)
선택
4.
기타사항
가
.
서류심사
(1
단계
)
→
심층면접
(2
단계pt”>정규
8
학기
)
까지 등록금
,
생활비 및 학업장려비 지원
5.
문 의
:
한국장학재단 콜센터
1599-2290(
학생
)
붙임
1. 2016
년 인문
100
년장학금 전공탐색유형
(
대학교
)
학생신청 매뉴얼
. 1
부
.
2.
제출서류 작성요령 및 양식
1
부
.
끝
."
japanese_language,[한일재단] 「2016기술인재양성교육(상반기)」참가신청 안내,N/A,2016-04-05,https://japanstu.ssu.ac.kr/%ed%95%99%ea%b3%bc%ec%82%ac%eb%ac%b4%ec%8b%a4%ec%95%8c%eb%a6%bc/%ea%b3%b5%ec%a7%80%ec%82%ac%ed%95%ad/?term_id&slug=1927,
japanese_language,[환경재단]2016 피스&그린보트 자원봉사자 모집 홍보 요청,N/A,2016-04-04,https://japanstu.ssu.ac.kr/%ed%95%99%ea%b3%bc%ec%82%ac%eb%ac%b4%ec%8b%a4%ec%95%8c%eb%a6%bc/%ea%b3%b5%ec%a7%80%ec%82%ac%ed%95%ad/?term_id&slug=1920,"우리 재단에서는 2005년부터 일본의 대표적 NGO인 ‘피스보트’와 제휴하여
동아시아 환경과 평화를 위한 항해 프로그램인 <피스&그린보트>를 진행하고 있습니다."
japanese_language,제24회 서울국제휠체어마라톤대회 대회운영본부 자원봉사자 모집공고,N/A,2016-04-04,https://japanstu.ssu.ac.kr/%ed%95%99%ea%b3%bc%ec%82%ac%eb%ac%b4%ec%8b%a4%ec%95%8c%eb%a6%bc/%ea%b3%b5%ec%a7%80%ec%82%ac%ed%95%ad/?term_id&slug=1911,"제24회 서울국제휠체어마라톤대회
대회운영본부 자원봉사자 모집공고
2016년 제24회 서울국제휠체어마라톤대회 운영본부에서는 다음과 같이 자원봉사자를
모집합니다. 많은 관심과 참여 바랍니다.
❑ 모집개요
∙ 활동기간 : 2016. 4. 27(수) ~ 5. 1(일) ※ 선수 출입국 상황에 따라 조정됨
∙ 장 소 : 인천국제공항, 서울올림픽파크텔, 잠실종합운동장, 송파구 일대 등
∙ 활동분야
– 선수담당(국내/국외)
– 본부지원(VIP 및 행사통역, 안내데스크, 행사 및 출입국 등)
∙ 선발인원 : 000명
∙ 언 어 : 영어, 중국어, 일본어, 태국어, 러시아어, 불어, 스페인어
∙ 신청자격
– 고등학교 이상의 상기 외국어 능통자 ※ 국제대회 유경험자 우대
– 대회 공식 기간 (4/27~ 5/1) 동안 반드시 참여가 가능한 자
❑ 지원사항
∙ 기본제공 : 조끼, 기념품, 아이디카드, 간식, 봉사시간(VMS인증) 등
∙ 숙 박 : 통근 원칙(통근이 부득이하게 어려운 경우, 선수촌 숙소 이용가능)
∙ 소정의 일비 지급
※ 대회 종료 후, 활동시간에 따라 봉사자 개인통장에 입금
∙ 유공자에 대해 서울특별시장 표창장 수여 대상자로 추천
❑ 서류접수
∙ 기간 : 2016. 3. 16(수) ~ 4. 5(화) 17:00까지
∙ E-MAIL 접수
– 메일주소 :
seouliwm@gmail.com
– 신청서 및 개인정보 수집·이용 동의서 양식 작성 후 메일로 송부
∙ 방문 및 우편접수
– 주소 : 서울특별시 영등포구 의사당대로 22 이룸센터 3층 한국지체장애인협회
– 신청서 및 개인정보 수집·이용 동의서 양식 작성·출력 후 조직위원회로 제출
❑ 문의
∙ 대회운영본부 02-786-8925, 최연수, 나민서
세부 사항은 첨부파일을 확인하시기 바랍니다."
japanese_language,2016학년도 후기 대학원 입학전형 일정 안내,N/A,2016-04-01,https://japanstu.ssu.ac.kr/%ed%95%99%ea%b3%bc%ec%82%ac%eb%ac%b4%ec%8b%a4%ec%95%8c%eb%a6%bc/%ea%b3%b5%ec%a7%80%ec%82%ac%ed%95%ad/?term_id&slug=1905,
japanese_language,2016 World-OKTA 청년인력 해외취업상담회 개최 안내,N/A,2016-04-01,https://japanstu.ssu.ac.kr/%ed%95%99%ea%b3%bc%ec%82%ac%eb%ac%b4%ec%8b%a4%ec%95%8c%eb%a6%bc/%ea%b3%b5%ec%a7%80%ec%82%ac%ed%95%ad/?term_id&slug=1904,"2016 World-OKTA
청년인력 해외취업상담회 개최 안내
해외취업을 원하는 청년우수인력과
OKTA
회원사와의
1:1
만남의 장을 통하여 맞춤형 취업기회를 제공하고
,
다양한 해외취업정보 제공
으로 청년 미취업자들에게 창조적 일자리 탐색을 유도하고자 관련 행사를 아래와 같이 개최합니다
.
해외취업을 희망하시는 구직자 여러분의 많은 지원 바랍니다
.
1.
일 시
:
2016. 4. 24(
일
) 10:00
〜
12:00
2.
장 소
:
울산
UNIST
테크노경영관 강의실
108, 109
호
3.
규 모
:
구인업체
:
3. 30(
수
)
〜
4. 17(
일
)
5.
신청방법
:
월드잡 홈페이지
(www.worldjob.or.kr)
에서 온라인 지원
*
면접대상자에 한하여 개별적으로 유선
,
메일 연락 예정
6.
참여업체 및 구인직종
회사명
업종
국가
(
도시
)
채용직무
채용인원
Far East Metals, Inc
철강가공
/
판매
미국
1
명
㈜
GIB Japan
IT,
교육 등
일본
(
동경
)
웹디자인
1~2
명
KSE
무역
,
물류
일본
(
동경
)
웹디자인
,
무역사무원
0
명
㈜
에이산
일본
(
동경
)
판매직
(
해외영업
)
00
명
㈜
해피식품
제조무역 등
일본
(
동경
)
웹디자이너
1
명
데미오재팬
㈜
무역
,
소매
일본
(
동경
)
영업
,
무역사무직
Newman International
종합무역
,
운송
멕시코
(
몬테레이
)
포워딩오퍼레이션
(
무역영업
)
1
명
ANW CONSULTING
컨설팅
헝가리
(
부다페스트
)
마케팅
,
무역사무
1
명
JITM SDN.BHD
제조무역
, F&B
(
쿠알라룸푸르
)
제빵제과
,
요리사
2
명
7.
문 의 처
:
한국산업인력공단 해외취업알선팀
052-714-8625
울산시청 창업일자리과
052-229-3092"
japanese_language,2016 글로벌취업상담회 개최 안내,N/A,2016-03-29,https://japanstu.ssu.ac.kr/%ed%95%99%ea%b3%bc%ec%82%ac%eb%ac%b4%ec%8b%a4%ec%95%8c%eb%a6%bc/%ea%b3%b5%ec%a7%80%ec%82%ac%ed%95%ad/?term_id&slug=1900,
japanese_language,[KOTRA_후쿠오카]_5.19-20_개최_글로벌취업상담회_안내_,N/A,2016-03-29,https://japanstu.ssu.ac.kr/%ed%95%99%ea%b3%bc%ec%82%ac%eb%ac%b4%ec%8b%a4%ec%95%8c%eb%a6%bc/%ea%b3%b5%ec%a7%80%ec%82%ac%ed%95%ad/?term_id&slug=1898,"KOTRA 본사로부터 5월 19~20일에 개최되는
글로벌 취업 상담회(
http://kotrajobfair.or.kr/
)
링크에서 들어가시면 구체적인 큐슈지역 기업 정보 확인이 가능합니다.
http://cafe.naver.com/specup/4110023
※총 15개사 신청. 참가 확정은 4/7 이후 예정
※기업 리스트를 첨부로 송부드립니다
아울러 당일 행사 참석이 가능하시면 사전면접 온라인 지원을 부탁드리고 있습니다.
상기 링크에서 각 기업 정보 페이지에 들어가시면 월드잡(취업 사이트)에서
참가 신청을 하실 수 있습니다.
※사전 면접 지원 수가 많은 기업이 우선적으로 참가 승인 예정
이번에는 후쿠오카를 비롯한 큐슈지역 소재 우수 기업들이 참가하오니
궁금하신 사항이 있으시면 언제든지 말씀하여 주시기 바랍니다.
* 참고 [후쿠오카 홍보 자료]
「Fukuoka Facts 」(후쿠오카 안내 사이트, 일본어 or 영어)
http://facts.city.fukuoka.lg.jp/
후쿠오카시 관광 Photo Book (PDF, 한국어)
http://infomailer.kotra.or.kr/20160328/FUKUOKA_Travel_Photo_Book.pdf
KOTRA 후쿠오카무역관
무나카타 드림"
japanese_language,신세계 그룹의 인문학 프로그램 ‘지식향연’,N/A,2016-03-25,https://japanstu.ssu.ac.kr/%ed%95%99%ea%b3%bc%ec%82%ac%eb%ac%b4%ec%8b%a4%ec%95%8c%eb%a6%bc/%ea%b3%b5%ec%a7%80%ec%82%ac%ed%95%ad/?term_id&slug=1890,"신세계 그룹의 인문학 프로그램 ‘
지식향연’은
인문학 청년인재 양성을 목표로 한 대학생 대상 프로그램
입니다.
4
월 5
일 화요일 이화여대 ECC 삼성홀에서 진행되는 서막에서는
김정운 문화심리학자의 강연,
셰익스피어 작품 <맥베스> 뮤지컬,
셰익스피어 인물과 작품을 주제로 한 송동훈 문명탐험가의 강연까지
깊이 있는 프로그램들이 준비되어 있습니다.
–
신청 기간 : 3.18(
금) ~ 4.3(일)
–
신청 방법 : www.ssghero.com
회원 가입 후 강연 신청
*
협조 공문을 첨부하오니,
자세한 사항은 본 내용을 참고해주세요.
또한,
지식향연 행사에 1회 이상 참여한 대학생들에게는
‘
청년 영웅’
지원 자격이 주어지는데, 미션을 통해
청년 영웅단으로 선발될 시 아래와 같은 혜택이 주어집니다.
–
신세계 그룹 서류 전형 및 1
차 면접 면제
–
가을학기 장학금 지원
– 10
일간의 영국-
이탈리아 그랜드 투어 참여
l
공식 홈페이지 www.ssghero.com"
japanese_language,세명대학교 『민송백일장』 홍보,N/A,2016-03-22,https://japanstu.ssu.ac.kr/%ed%95%99%ea%b3%bc%ec%82%ac%eb%ac%b4%ec%8b%a4%ec%95%8c%eb%a6%bc/%ea%b3%b5%ec%a7%80%ec%82%ac%ed%95%ad/?term_id&slug=1884,"1.
일 시
: 2016. 04. 20.(
수
) 09:30 ~ 18:00
2.
장 소
:
세명대학교 학술관
112
호
3.
참가자격
:
전국 중학교
,
고등학교 및 대학교 재학생
,
일반시민
4.
참가부문
:
운문
,
산문
(
중학생부
/
고등학생부
/
대학
·
일반부
)
5.
접수마감
: 2016. 04. 10.(
일
)
오후
6
시
6.
접수방법
:
온라인
(
이메일
)
을 통해 각 학교별
,
단체별
,
개인별 참가자 접수
7.
문 의
:
이메일
(
< 0pt 0pt"">"
japanese_language,국립국악원 목요풍류 <노칸(能管) 렉쳐 콘서트> 할인혜택안내,N/A,2016-03-21,https://japanstu.ssu.ac.kr/%ed%95%99%ea%b3%bc%ec%82%ac%eb%ac%b4%ec%8b%a4%ec%95%8c%eb%a6%bc/%ea%b3%b5%ec%a7%80%ec%82%ac%ed%95%ad/?term_id&slug=1882,"국립국악원 목요풍류
<
노칸
(
能管
)
렉쳐 콘서트
>
특별
50%
할인 안내
일본의 전통예술 깊이 알기
!
노칸
(
能管
)
의 소리로 듣는
400
년의 시간
!
이번주
3/24(
목
)
오후
8
시
,
국립국악원 풍류사랑방
에서
일본 전통음악
<
노칸
(
能管
)
렉쳐 콘서트
>
가 진행됩니다
.
한국 전통 악기 소금과도 비슷하게 생긴
노칸
(
能管
)
은
가면을 쓰고 공연하는
일본의 전통예술 노가쿠
(
能樂
)
극에서 사용되는 악기
입니다
.
피리 내부의 한 부분에 또 다른 피리관을 넣어 독특한 구조로 되어 있는데
,
희노애락
(
喜怒哀樂
)
의 표현 대신
,
무음
(
無音
)
을 연주
하는 신비로운 악기입니다
.
이번 공연에서 선보이는 노칸
(
能管
)
은 만자이라쿠
(
萬歳楽
)
라는 노칸으로
,
노칸 연주의
3
대 류파 중 하나인 후지타류
(
藤田流
)
에서
430
년 전부터 사용해 온 것 입니다
.
일본의 옛 귀족예술이였던 노가쿠
.
그 예술 속
노칸의 연주
를 국립국악원에서
친절한 해설
과 함께 경험해보세요
~
학생 여러분의 많은 관심 바랍니다
노칸
(
能管
)
렉쳐 콘서트
)
–
일시
/
장소
: 3
월
24
일
(
목
),
오후
8
시
/
국립국악원 풍류사랑방
–
티켓가
:
1
인 만원
(
특별 할인 적용가
)
*
예매방법
–
국악원 홈페이지
,
전화
,
현장 모두 가능합니다
.
–
온라인 예매시
<
특별할인
>
이름의 할인 권종을 선택
,
결제해주세요
.
–
현장에서 증빙확인을 위해 이 안내글을 사진으로 찍어 보여주세요
.
(
미지참시 차액지불
)
*
문의
02-580-3046/nalin@korea.kr
국립국악원에서는 매주 목요일 저녁8시, 풍류사랑방에서 진행되는 <목요풍류>프로그램이 있습니다.
이 프로그램은 한국의 옛 풍류음악을 음향확장(마이크)없이 국악기 소리 그대로 들을 수 있는 공연으로 한국 전통음악을 깊이 있게 감상할수 있습니다.
특별히 이번주 24일에는 일본의 전통예술이자 유네스코 인류무형문화유산인 노가쿠(能楽)극에서 사용하는 악기인 ‘노칸(能管) 렉처콘서트’가 기획 진행됩니다.
노칸(能管)의 명가(名家)인 후지타류(藤田流)의 제11대 계승자인 후지타 로코로뵤우(藤田六郎兵衛)의 무대로
약 1시간가량 총 6곡의 음악과 함께 일한 순차통역을 통한 해설이 함께합니다.
이와 관련하여 숭실대학교 일어일문학과 학생들에게
특별 50%할인으로 1인
만원
에 보실수있는 혜택을 제공해드리려합니다."
japanese_language,현대글로비스 멘토링,N/A,2016-03-21,https://japanstu.ssu.ac.kr/%ed%95%99%ea%b3%bc%ec%82%ac%eb%ac%b4%ec%8b%a4%ec%95%8c%eb%a6%bc/%ea%b3%b5%ec%a7%80%ec%82%ac%ed%95%ad/?term_id&slug=1877,"현대글로비스 멘토링
:
현대글로비스 입사를 꿈꾸는 분들을 위해 실질적인 도움을 주고자 마련한 프로그램
■
참가대상
현대글로비스 입사를 꿈꾸는
2017
년
2
월 졸업예정자
■
참가방법
온라인 사전접수
(
추첨을 통해 참가자 선발
)
및 당일 현장 참여
(
선착순
)
※현장 참여의 경우 상황에 따라 참여 인원이 제한될 수 있음
(
www.glovismentoring.net
)
■
접수기간
2016
년
03
월
23
일
(
수
) ~ 03
월
26
일
(
토
) 24
시 마감
■
참가자 발표
2016
년
03
월
28
일
(
월
)
개별 공지
■
멘토링 일정
2016
년
03
월
29
일
(
화
) ~ 03
월
31
일
(
목
) 10:00-17:00
총
3
일
3/29(
화
)
3/31(
목
)
커핀그루나루 혜화점
(
혜화역
4
번 출구
)
탐앤탐스 신촌점
(
신촌역
3
번 출구
)
왕십리 어반팜
(
왕십리역
6
번 출구
)
■
혜택
편안한 분위기에서 인사담당자의 인턴십 안내
,
우수 멘토 맞춤형 직무상담
,
진로 설계 지원 등"
japanese_language,2016년 UNESCO 프랑스라스코동굴벽화전 다국적홍보단 모집,N/A,2016-03-11,https://japanstu.ssu.ac.kr/%ed%95%99%ea%b3%bc%ec%82%ac%eb%ac%b4%ec%8b%a4%ec%95%8c%eb%a6%bc/%ea%b3%b5%ec%a7%80%ec%82%ac%ed%95%ad/?term_id&slug=1872,"광명동굴에서
아시아
최초로
2016
년
4
월부터
9
월까지
UNESCO
프랑스
라스코
동굴벽화전이
개최됩니다
.
이에
다국적
홍보단
(
한국학생
+
외국인학생
)
모집
관련하여
관련
포스터와
신청서를
보내드리고자
합니다
.
이번
광명시청
광명동굴에서
진행하는
웰컴어의
혜택으로는
–
문화관광지에서
전문적인
해설사의
역할
기회
–
다양한
국제
행사
및
국제
의전
참여기회
–
문화행사
(
여름축제
,
와인축제
,
콘서트
등
)
무료
참여
–
봉사증
수여
(
광명시청에서
운영하는
문화관광지
광명동굴에서
근무했다는
확인서임
)
이상입니다
.
영어권
학생들을
제외하면
안전한
장소에서
유급봉사비와
더불어
문화생활을
할
수
있는
곳이
많지
않은
걸로
알고
있습니다
.
저희
광명동굴에서
한국의
문화관광지
운영에도
참여하고
국제적인
행사
경험도
쌓아
국제학생들이
귀국
뒤에도
장점으로
부각되어
취업에
도움이
되리라
생각합니다
.
그리하여
첨부한
포스터를
교내에
부착이
가능할런지요
Tel. 02-2680-0707
로 문의 부탁드립니다
."
japanese_language,2016FW 통역서포터즈 모집 패션코리아,N/A,2016-03-11,https://japanstu.ssu.ac.kr/%ed%95%99%ea%b3%bc%ec%82%ac%eb%ac%b4%ec%8b%a4%ec%95%8c%eb%a6%bc/%ea%b3%b5%ec%a7%80%ec%82%ac%ed%95%ad/?term_id&slug=1869,"○FASHIONKODE 2016 F/W
○2016년3월23일(수) ~ 24(목), 2일갂
장소 ○남산제이그랜하우스
주최 ○문화체육관광부
주관 ○핚국콘텐츠진흥원· 핚국패션디자이너연합회
내용
○문화체육관광부(장관김종덕)가주최하고,핚국콘텐츠진흥원(KOCCA·원장송성각)과
핚국패션디자이너연합회(CFDK·회장이상봉)가주관하는아시아최고의패션비즈니스
페어인“FASHIONKODE2016F/W”행사의통역자원봉사모집과관련하여귀학과의
협조를요청드립니다.
패션코드는연2회개최되며국내역량있는싞진디자이너발굴과국내브랜드의
해외진출을위핚국내최대패션문화마켓입니다.핚국패션산업의발전을위해
진행되는행사에귀학과의적극적인참여와협조부탁드립니다.
○주요행사일정
오프닝세레모니.국내외패션관계자,VIP,기자,바이어들대상의공식행사
패션쇼.국내기성,싞진디자이너의2016F/W의상패션쇼
네트워크파티.국내외패션관계자들의모임
패션페어.해외바이어들과국내브랜드의비즈매칭을위핚전시회
담당자(이유진02-6959-7226)에게연락주시면자세히안내해드리겠습니다.
연락처
www.fashionkode.com
운영사무국: 02-6959-7226 (이유진차장/이석우사원)
FASHION KODE 2016 F/W
FASHION KODE 2016 F/W운영사무국"
japanese_language,BJT 비즈니스 일본어능력 테스트 시험안내,N/A,2016-03-10,https://japanstu.ssu.ac.kr/%ed%95%99%ea%b3%bc%ec%82%ac%eb%ac%b4%ec%8b%a4%ec%95%8c%eb%a6%bc/%ea%b3%b5%ec%a7%80%ec%82%ac%ed%95%ad/?term_id&slug=1864,"귀 학과의 발전을 기원하오며 한 가지 안내를 드립니다.
BJT
비즈니스 일본어능력 테스트는 비즈니스 상황에서 필요로 하는 일본어 커뮤니케이션 능력을 측정하는 테스트입니다. BJT 시험은 일본정부 산업경제성 산하 일본무역진흥기구(JETRO)가 개발하고, 2009년 일본정부 방침에 따라 <일본한자능력검정협회>로 이관되어 현재까지 전 세계 8개국 35개 도시에서 실시되고 있습니다.
한국에서는 작년 6월과 11월에 처음으로 실시하였으며, 올해 상반기에는
제32회 정기시험인 6월 26일 시험을 앞두고 현재 인터넷접수를 실시하고 있습니다.
또한
서울과 부산에 각각 시험장을 마련하여 수험자들이 시험장으로 오기 쉽도록 하고 있습니다
.
첨부해 드리는 포스터파일은 귀 교 홈페이지에 게시해 주시어 많은 대학생들이 BJT 시험에 대해 알 수 있도록 해주시면 감사하겠습니다.
< BJT
설명회 실시
>
BJT
시험에 관한 정확한 정보를 드리고자, 아래의 일정으로 설명회를 실시합니다. 설명회에는 누구나 참석할 수 있으므로 관심있는 분의 많은 참가를 바랍니다.
<
일시 / 장소>
●
서울 설명회 –  3월19일(토) 오후2시~5시 / TOZ 강남2호점
●
부산 설명회 –  3월20일(일) 오후1시~4시 / TOZ 부산서면점
<
문의처>
사단법인 한일협회 BJT사무국 / Tel: 02-3452-5999 / E-mail:
bjt@bjttest.com"
japanese_language,‘개웅중학교 대학생 멘토 모집’관련,N/A,2016-03-07,https://japanstu.ssu.ac.kr/%ed%95%99%ea%b3%bc%ec%82%ac%eb%ac%b4%ec%8b%a4%ec%95%8c%eb%a6%bc/%ea%b3%b5%ec%a7%80%ec%82%ac%ed%95%ad/?term_id&slug=1862,‘개웅중학교 대학생 멘토 모집’관련 공문을 첨부파일 첨부합니다.
japanese_language,2016-1 교재판매공지,N/A,2016-03-02,https://japanstu.ssu.ac.kr/%ed%95%99%ea%b3%bc%ec%82%ac%eb%ac%b4%ec%8b%a4%ec%95%8c%eb%a6%bc/%ea%b3%b5%ec%a7%80%ec%82%ac%ed%95%ad/?term_id&slug=1861,"016
학년도
1
학기 일부 전공교재를 학과에서 할인하여 판매하오니 많은 이용바랍니다
.
판매기간
: 2016.03.02.(
수
)-2016.03.11.(
금
)
1
학년 시청각일어
1
초급일어
1
초급일어회화
1(
가반
,
나반
)
2
학년 기초일문법
중급일어강독
기본일어작문
중급일어회화
1
3
학년 일본어학의 이해
비즈니스일어회화
(
가반
,
나반
)
4
학년 현대일본어문법론"
japanese_language,【2016년도 하계】해외현장실습안내드립니다. (일본특급리조트호텔 유급인턴십),N/A,2016-02-29,https://japanstu.ssu.ac.kr/%ed%95%99%ea%b3%bc%ec%82%ac%eb%ac%b4%ec%8b%a4%ec%95%8c%eb%a6%bc/%ea%b3%b5%ec%a7%80%ec%82%ac%ed%95%ad/?term_id&slug=1860,"2016년도 하계 일본특급리조트호텔 인턴십안내드립니다.
아래 진행일정에 대해 안내드리오니 참고하시기 바랍니다.
※최근, 인턴십비자심사기간이 예상보다 많이 길어짐에 따라
학생은 물론, 학부모님의 걱정과 불안이 커지는점등 충분한 여유시간을 가지고 진행하는게 좋겠습니다.
【2016년도 하계 인턴십】
3월15일(화)
학생선발 (이력서제출)
3월25일(금)
1차인터뷰진행
채용확인서발급
3월31일(목)
인턴십비자서류준비
4월05일(화)
재류자격신청
5월초~5월말
심사결과발표예상
6월20일(월)
사증신청
※ 상기일정은 진행상황에 따라 변경될 수 있습니다.
워킹홀리데이비자의 경우는 별도 진행합니다.
【자료다운로드】
https://drive.google.com/folderview?id=0B6JsBJQT0b-kVHhhUnRLUEV2M0E&usp=sharing
①Resume : 이력서양식에 작성요령 및 인터뷰샘플등이 안내되어 있습니다.
②근무처 상세정보와 근로조건
※2월28일~3월6일까지 해외출장입니다.
프로그램 관련 문의사항은 메일, 카톡, 문자 남겨주시면
확인하는대로 답변드리겠습니다.
******************************************************************************
일본특급리조트호텔 인턴채용 협정기관
(주)L&SEDU 대표 김승수
◐ 주소：서울시 금천구 가산디지털1로 128, 1204-2호 우08507
◐ 연락처：한국 +82-2-581-4309 / 일본 +81-50-3573-3881
◐ E-mail：
master@lsedu21.com
◐ Skype・LINE・KAKAO・WeChat：seoungsu4
◐ 국외유료직업소개사업 노동청허가번호 F1201220130010
******************************************************************************"
japanese_language,< BJT 설명회 실시 > 안내,N/A,2016-02-26,https://japanstu.ssu.ac.kr/%ed%95%99%ea%b3%bc%ec%82%ac%eb%ac%b4%ec%8b%a4%ec%95%8c%eb%a6%bc/%ea%b3%b5%ec%a7%80%ec%82%ac%ed%95%ad/?term_id&slug=1855,"BJT
비즈니스 일본어능력 테스트는 비즈니스 상황에서 필요로 하는 일본어 커뮤니케이션 능력을 측정하는 테스트입니다. BJT 시험은 일본정부 산업경제성 산하 일본무역진흥기구(JETRO)가 개발하고, 2009년 일본정부 방침에 따라 <일본한자능력검정협회>로 이관되어 현재까지 전 세계 8개국 35개 도시에서 실시되고 있습니다.
한국에서는 작년 6월과 11월에 처음으로 실시하였으며, 올해 상반기에는
제32회 정기시험인 6월 26일 시험을 앞두고 3월 1일부터 인터넷접수가 실시됩니다
.
또한
서울과 부산에 각각 시험장을 마련하여 수험자들이 시험장으로 오기 쉽도록 하고 있습니다
.
첨부해 드리는 포스터파일은 귀 교 홈페이지에 게시해 주시어 많은 대학생들이 BJT 시험에 대해 알 수 있도록 해주시면 감사하겠습니다.
< BJT
설명회 실시
>
BJT
시험에 관한 정확한 정보를 드리고자, 아래의 일정으로 설명회를 실시합니다. 설명회에는 누구나 참석할 수 있으므로 관심있는 분의 많은 참가를 바랍니다.
<
일시 / 장소>
●
서울 설명회 –  3월19일(토) 오후2시~5시 / TOZ 강남2호점
●
부산 설명회 –  3월20일(일) 오후1시~4시 / TOZ 부산서면점
<
문의처>
사단법인 한일협회 BJT사무국 / Tel: 02-3452-5999 / E-mail:
bjt@bjttest.com"
japanese_language,조선통신사 국제 심포지엄 홍보,N/A,2016-02-18,https://japanstu.ssu.ac.kr/%ed%95%99%ea%b3%bc%ec%82%ac%eb%ac%b4%ec%8b%a4%ec%95%8c%eb%a6%bc/%ea%b3%b5%ec%a7%80%ec%82%ac%ed%95%ad/?term_id&slug=1854,"조선통신사 국제 심포지엄 행사 개요
❏
행사명
:
「
조선통신사 국제 심포지엄
“
조선통신사 정신에서 배우는 한일 관계
”
」
❏
일 시
: 2016. 2. 26(
금
) 14:30~17:30
❏
장 소
:
한국프레스센터 국제회의장
(20F)
❏
주 최
:
전국시도지사협의회
,
일본자치체국제화협회 서울사무소
❏
후 원
–
한국
:
외교부
,
행정자치부
,
문화체육관광부
,
부산광역시
,
부산문화재단
–
일본
:
총무성
,
주한일본대사관
,
나가사키현
,
쓰시마시 등
❏
진행 방식
(
동시통역
)
–
제
1
부
:
개회식
,
기조강연
(
한일 전문가 각
1
명
, 30
분씩
)
–
제
2
부
:
좌장의 진행에 의한 패널토론
(
기조강연자 및 한일 각
2
명
)
❏
참가인원
:
한일 양국 국민
200
명 정도
(
예정
)
❏
세부 일정
시 간
내 용
비 고
개회 안내
,
개회사 및 축사
사회
:
아키바 리에
(
방송인
)
15:00~16:00
기조강연
○
손승철 강원대 사학과 교수
○
나카오 히로시 조선통신사유네스코기록유산일본학술위원장
16:00~16:10
휴식
16:10~17:30
패널토론
○
정재정 서울시립대 국사학과 교수
○
한태문 부산대 국문과 교수
○
마쓰바라 가즈유키
NPO
법인조선통신사연지연락협의회 이사장
○
사사키 에쓰야 다카쓰키관음의고향역사민속자료관 부참사
좌장
:
강남주
조선통신사
유네스코
기록유산한국학술위원장
17:30
폐회 안내"
japanese_language,제47회「2016 JAL 스칼러십 프로그램」개최 안내,N/A,2016-02-16,https://japanstu.ssu.ac.kr/%ed%95%99%ea%b3%bc%ec%82%ac%eb%ac%b4%ec%8b%a4%ec%95%8c%eb%a6%bc/%ea%b3%b5%ec%a7%80%ec%82%ac%ed%95%ad/?term_id&slug=1850,"본 프로그램은
매년 아시아・오세아니아의 대학생을 일본으로 초청하여 연수 및 문화 교류를 통하여 일본에 대한 이해를 증진하고 교류를 촉진하는 것을 목적으로
1975년 일본항공이 창설하였으며 1990년 JAL재단이 운영을 맡아 시대 변화를 반영한 프로그램 구성으로 내용의 충실을 기하여 왔습니다.
올해에도 변함없이 오는 6월27일(월)부터 7월19일(화)까지 23일 간 16개국 각 지역으로부터 26명의 대학생을 초청하여
제47회「2016 JAL 스칼러십 프로그램」을 개최하오니 귀교의 우수한 학생들이 지원을 할 수 있도록 부탁드립니다.
1.
프로그램 실시 기간
2016년 6월 27일(월) – 7월 19일(화) 23일간
2. 프로그램 주요 내용
-도쿄에서의 오프닝, 클로징 세미나
-특정 지역의 전통 일본문화를 배울 수 있는 Field Trip
-일본인 학생과 그룹을 만들어 주제에 관한 토의를 진행하는 Student Session, 그룹토의
-연수 기간 중의 성과를 이시카와현에서 개최하는 Asia Forum에서 발표
-도쿄 및 가나자와에서의 Home stay를 통하여 일본의 생활습관과 행동 양식을 체험하여 지식과 친목 심화하는 기회제공
*해당 프로그램은 일본어로 진행됩니다.
아래 링크 및 첨부를 참조하시어 귀교의 온라인/오프라인 관련 게시판에 모집요강을 공지하여 주시면 큰 도움이 될 것 같습니다
..
아울러 홍보용 팜플릿 및 게시용 포스터를 가까운 시일 내로 우송하여 드리겠습니다. 관련장소에 비치 및 게재를 부탁드립니다.
*참가자 선발안내 페이지:
http://www.kr.jal.com/krl/ko/event/2016scholarship/index.html
(또는
www.kr.jal.com/krl/ko/
우측
배너 ‘
2016 JAL 스칼러십 프로그램 참가자 선발안내
‘ 클릭)
*2015년 참가자 소감문 페이지:
http://www.kr.jal.com/krl/ko/event/2016scholarship/review_2016.html"
japanese_language,2016년 GKS 정부초청외국인 대학원장학생 후보추천 안내,N/A,2016-02-12,https://japanstu.ssu.ac.kr/%ed%95%99%ea%b3%bc%ec%82%ac%eb%ac%b4%ec%8b%a4%ec%95%8c%eb%a6%bc/%ea%b3%b5%ec%a7%80%ec%82%ac%ed%95%ad/?term_id&slug=1848,"국립국제교육원
글로벌인재양성부
-711(2016.02.01.)
과 관련하여
, 2016
년
GKS
정부초청외국인 대학원장학생 후보추천 계획을 다음과 같이 실시하고자 합니다
.
1.
추천인원
가
.
초청대상국 대상 총
20
명 이내
(
단
, 1
개국당
3
명 이내
)
나
.
모집과정
:
학위과정
(
석사과정
,
박사과정
)
2.
전형일정
구분
일정
비 고
모집공고
2016
년
2
월
5
일
(
금
)
∼
12
일
(
금
)
1.
학과공문발송
2.
대학원 홈페이지 공지
3.
교류대학 홍보
4. GKS
주력대학 홍보
5.
본교 외국인학생 홍보
6.
주력국가 영사관 홍보
지원서류 제출
2016
년
2
월
6
일
(
금
)
∼
3
월
18
일
(
금
)
학과 후보추천
/
심사
2016
년
3
월
21
일
(
월
)
∼
29
일
(
화
)
각 학과 주임교수
대학원 심의
2016
년
3
월
30
일
(
수
)
∼
4
월
1
일
(
금
)
대학원
장학생 후보 추천
2016
년
4
월
8
일
(
금
)
숭실대
→
국립국제교육원
장학생 선발 심사
2016
년
4
월
21
일
(
목
)
∼
22
일
(
금
)
국립국제교육원
최종합격자 발표
2016
년
6
월
21
일
(
화
)
국립국제교육원
장학생 입국
2016
년
8
월
22
일
(
월
)
∼
24
일
–
오리엔테이션
2016
년
8
월
29
일
(
월
)
∼
31
일
(
수
)
국립국제교육원
한국어연수
2016
년
9
월
1
일
(
화
)
∼
–
가
.
대학추천
구분
일정
비 고
학과 심사
2016
년
5
월
4
일
(
수
)
∼
10
일
(
화
)
각 학과 주임교수
대학원 심의
2016
년
5
월
11
일
(
수
)
∼
13
일
(
금
)
대학원
2016
년
5
월
20
일
(
금
)
숭실대
→
국립국제교육원
최종합격자 발표
2016
년
6
월
21
일
(
화
)
국립국제교육원
나
.
공관
(
입양인
)
추천
※
기타 일정은 대학추천과 동일
3.
선발방법
1)
대학원에 원서 및 각종 서류제출
2)
학과 주임교수에게 평가관련 공문 및 평가서류 송부
(
수시 실시
)
3)
학과평가 후 평가서류 및 결과 공문 대학원 송부
4)
지원자가 본교 추천인원을 초과할 경우
,
학과에서 추천된 학생들을 대상으로
대학원 심의 후 최종후보 결정
4.
지원자격 및 제출서류
:
붙임파일 참조
붙임
: 1.
관련공문
,
선발세부지침 각
1
부
.
2
. 2016
정부초청 대학원장학생
Official Guideline 1
부
.
3
. 2016
정부초청 대학원장학생 대학안내자료
(
숭실대
)
국
/
영문
1
부
.
끝
."
japanese_language,[머니투데이] 청년취업아카데미 전문과 과정양성 모집,N/A,2016-02-05,https://japanstu.ssu.ac.kr/%ed%95%99%ea%b3%bc%ec%82%ac%eb%ac%b4%ec%8b%a4%ec%95%8c%eb%a6%bc/%ea%b3%b5%ec%a7%80%ec%82%ac%ed%95%ad/?term_id&slug=1842,"1. 수출입 할랄(중동지역) 전문가 과정 : 정원 25명
1)강의 일정
: 학기중) 3월 26일 ~ 6월 19일(매주 토)/ AM 09:30 ~ PM 06:30
방학중) 6월 20일 ~ 7월 26일(월~금)/ AM 09:30 ~ PM 06:30
2. 안드로이드 핀테크 전문가 양성 과정 : 정원 25명
1)강의 일정
: 학기중) 3월 5일 ~ 6월 19일(매주 토,일)/ AM 10:00 ~ PM 19:00
: 방학중) 6월 27일 ~ 7월 30일(월~ 토)/ AM 09:00 ~ PM 19:00"
japanese_language,[SBSA아카데미] 2월 영상번역 무료특강 안내,N/A,2016-01-26,https://japanstu.ssu.ac.kr/%ed%95%99%ea%b3%bc%ec%82%ac%eb%ac%b4%ec%8b%a4%ec%95%8c%eb%a6%bc/%ea%b3%b5%ec%a7%80%ec%82%ac%ed%95%ad/?term_id&slug=1837,
japanese_language,3M_글로벌공모전 ‘2016 3MINF Challenge’및3MKorea 연구소투어,N/A,2016-01-21,https://japanstu.ssu.ac.kr/%ed%95%99%ea%b3%bc%ec%82%ac%eb%ac%b4%ec%8b%a4%ec%95%8c%eb%a6%bc/%ea%b3%b5%ec%a7%80%ec%82%ac%ed%95%ad/?term_id&slug=1833,"2016 3M Invent a New Future Challenge
를
개최합니다.
전세계 인재들과 경쟁하며 3M 미국본사로 초청받아 글로벌 리더들과 함께하는 혜택이 주어지는
이번 대회에 한국이 첫 참가를 하게 되었습니다.
이에, 3M Korea에서는 2016 INF Challenge 대회 설명회 및 연구소 투어를 마련하였습니다. (연구소 투어 신청:
www.3mkoreainf2016.com
)
‘
2016 3M Invent a New Future Challenge
’ 공모전은
온라인 접수
(
www.3m.com/INF2016/
)를 통해
2월 29일(월)까지 신청할 수 있습니다.
2016
3M
INF Challenge 공모전 모집요강
■
접수기간
•
지원기간
:
2016
년
1
월
16
일
– 2016
년
2
월
29
일
•
서류 합격자 발표
:
2016
년
3
월
4
일
•
1
차 경연
(
한국
)    :
2016
년
3
월 중
•
1
•
2
차 경연
(
미국
)    :
2016
년
7
월 중
■
지원 자격
•
Engineering
또는
Supply Chain
관련전공
4
학년
•
영어로 의사소통이 가능한자
•
해외여행의 결격 사유가 없는 자
■
혜택
•
1
차 합격자 최종
2
인에게 본사 경연 및 투어기회 제공
•
입사 지원 시 서류 전형 합격
•
2
차 경연 우승 시
3M
글로벌 리더와 맨토링 기회 부여
■
참여방법
•
온라인 지원
www.3m.com/INF2016
■
문의
•
3M INF Korea 공식 페이스북
www.facebook.com/3MINFKorea
3M Korea 2016 INF Challenge 대회 설명회 및 연구소 투어
&nget=”_blank” style=”background-color: rgb(255,255,255); text-indent: 0px; white-space: pre; font-size: 13px; cursor: pointer; line-: normal” href=”http://www.3mkoreainf2016.com/”>
www.3mkoreainf2016.com
■투어 신청기간: 2월 14일 일요일 자정까지
■투어 참가발표: 2월 15일 월요일 오후
■투어 참가일: 2월 17일 수요일 오후 1시 (※집합장소 참가자 개별 통보)"
japanese_language,FASHION KODE 2016 F/W 코드프렌즈(패션코드 서포터즈) & 통역 서포터즈를 모집,N/A,2016-01-19,https://japanstu.ssu.ac.kr/%ed%95%99%ea%b3%bc%ec%82%ac%eb%ac%b4%ec%8b%a4%ec%95%8c%eb%a6%bc/%ea%b3%b5%ec%a7%80%ec%82%ac%ed%95%ad/?term_id&slug=1828,"FASHION KODE 운영 사무국 입니다.
문화체육관광부가 주최하고 한국 콘텐츠진흥원과 한국패션디자이너연합회가 주관하는
FASHION KODE 2016 F/W 오는 3월 23일(수) 부터 24일(목)까지 남산제이그랜 하우스에서 2일간 개최합니다.
이에 FASHION KODE 진행에 도움을 줄 코드프렌즈(패션코드 서포터즈) & 통역 서포터즈를 모집하고 있습니다.
모집 공고 안내 및 신청서 함께 첨부하였으니, 패션을 사랑하고 관심이 많은 학생들의 많은 지원 바랍니다.
해당건 관련하여 문의 사항이 있다면 FASHIN KODE 운영 사무국 으로 연락 부탁 드립니다.
감사합니다.
​
패션코드 운영사무국
T. 02-6959-7226
F. 02-6959-7256
​www.fashionkode.com"
japanese_language,[주한일본대사관] 2016 신년일본문화소개전,N/A,2016-01-05,https://japanstu.ssu.ac.kr/%ed%95%99%ea%b3%bc%ec%82%ac%eb%ac%b4%ec%8b%a4%ec%95%8c%eb%a6%bc/%ea%b3%b5%ec%a7%80%ec%82%ac%ed%95%ad/?term_id&slug=1820,
japanese_language,[아이스트로] 일일 한/일 비즈니스 미팅 통역件,N/A,2015-12-29,https://japanstu.ssu.ac.kr/%ed%95%99%ea%b3%bc%ec%82%ac%eb%ac%b4%ec%8b%a4%ec%95%8c%eb%a6%bc/%ea%b3%b5%ec%a7%80%ec%82%ac%ed%95%ad/?term_id&slug=1819,"일일 비즈니스 일본어 통역을 진행해주실 학생분을 찾습니다.
1. 모집내용
1). 일시: 2015년 1월 7일(1일)
2). 시간: 오전 6시 ~ 오후 3시 (루트: 당사-인천공항-당사-김포공항)
3). 내용: 비즈니스 미팅건 한/일어 동시통역 진행
4). 업계: 식품냉동기기 제조업 ( 제빙기, 슬러시기, 소프트 아이스크림기)
5). 수당: 8만원 (식사제공, 검암역 픽업가능)
2. 기타내용
1). 회사소개 비디오:
https://www.youtube.com/watch?v=-iR8zqzN3G8
2). 회사주소: 인천광역시 서구 검단로 54번길 7(검단산업단지)
3). 담당자 연락처: 이 상호 주임(사무실: 032-814-2160 / 휴대폰 010-9455-9262)
관심이 있으신 분들께서는 가급적 빠른회신 부탁드리겠습니다.
이상입니다.
이 상호 주임배상
Overseas Assistant Sales  Manager
54-7, Gumdan-Ro(Oryu-Dong),
Seo-GU, INCHEON, KOREA.
CELL :
+82-10-9455-9262
TEL :
+82-32-814-0693
(Ext : 212)
FAX :
+82-32-814-1798
Skype : c3083314_sang
Website :
www.icetro.com
ICETRO, Inc.
Steve (Sang-ho) Lee"
japanese_language,< 2016년 동부문화재단 대학생 봉사단 동하리 1기 선발 안내>,N/A,2015-12-16,https://japanstu.ssu.ac.kr/%ed%95%99%ea%b3%bc%ec%82%ac%eb%ac%b4%ec%8b%a4%ec%95%8c%eb%a6%bc/%ea%b3%b5%ec%a7%80%ec%82%ac%ed%95%ad/?term_id&slug=1818,"< 2016
년 동부문화재단 대학생 봉사단 동하리
1
기 선발 안내
>
동부문화재단에서
‘
동부 대학생봉사단 동하리
1
기
’
를 선발합니다
.
동부문화재단은 열정이 넘치는 대학생들과 함께 도움의 손길이 필요한 곳에 따뜻한 나눔을 전하는 봉사활동을 기획하고 더불어 참여하고자 합니다
.
내가 가진 재능을 주변 이웃과 함께 나누고
,
봉사를 통해 자기계발 기회를 가지고 싶은 대학생이라면 누구나 참여 가능합니다
.
많은 관심과 지원 부탁드립니다
.
1.
모집일정
가
.
서류접수
: 1
월
1
일
~ 1
월
18
일
※
온라인 지원신청 마감은 접수 마감일 자정
12
시
나
.
서류심사 결과 발표
: 1
월
29
일
다
.
면접심사
: 2
월
2
일
~ 2
월
5
일
라
.
최종합격자 발표
: 2
월
12
일
마
.
봉사단 임명식 및 장학생 리더스캠프
: 2
월
23
일
~ 26
일
2.
지원 자격
가
.
공통 자격
1)
학과 제한 없음
2)
국내대학
(4
년제
) 2,3,4
학년 재학생
(
또는 휴학생
)
으로서 성적 평점평균
3.0
이상
3)
한국장학재단 소득분위 기준
8
분위 이하
4)
봉사활동에 솔선수범하며 열정을 가지고 있는 학생
5)
봉사단 활동에 우선순위를 두고 열심히 활동할 수 있는 학생
6) CSR
활동과 관련하여 아이디어와 기획력
,
추진력을 보유한 학생
나
.
우대 자격
1)
공공기관 또는 기업체 봉사단 혹은 기자단 경험자
, CSR
관련 공모전 입상자
2)
컨텐츠 제작
(
취재
,
사진
,
동영상
,
블로그 등
)
능력이 뛰어난 학생
3.
선발인원
:
○○
명
4.
활동기간
: 1
기
6
개월
(3
월
~8
월
)
5.
활동분야
가
.
국내 자원봉사 프로그램 기획 및 운영
나
.
동부문화재단
,
동부그룹 관계사 사회공헌 프로그램 참여 및
SNS
홍보
다
.
참가현장에 대한 리포터 활동 및 보고서 작성
6.
장학금 지원 혜택
가
. 2016
년
1
학기 등록금 전액 지원
※
등록금 전액 규모를 초과하여 국가 및 타 장학금을 수혜할 수 없음
(
한국장학재단 규정 참조
)
※
휴학생은
2
학기 복학 시 지급 예정
2017
년 이후 복학 시 지급 제외
)
나
.
학업장려금 지원
:
봉사단 활동기간 내
100
만원 지급
다
.
우수봉사자는 본인 희망시
2
기 봉사자로 우선 선발하며
,
장학금 및 학업장려금 혜택은 동일
7.
제출서류
가
.
봉사단 지원서
(
동부문화재단 홈페이지에서 작성한 지원서 출력본
)
나
.
全
학년 성적증명서
(2015
년
2
학기 포함
)
다
.
한국장학재단
「
홈페이지
(
로그인
)
→
사이버창구
→
소득분위
」
화면 캡처파일
8.
제출방법
가
.
제출서류를 모두 취합하여 동부문화재단 사무국으로 우편 혹은
e-mail
발송
1)
우편
: (
우
06194)
서울시 강남구 테헤란로
432, 33
층
(
대치동
,
동부금융센터
)
동하리 봉사단 담당자 앞
2) e-mail :
제목에
[
봉사단지원
]
을 표기하여
donghari@dongbu.com
으로 발송
9.
기타 참고사항
가
.
응시원서 등에 허위기재 또는 기재착오
,
구비서류 미제출 등으로 인한 불이익은
응시자 본인에게 있으므로 지원 시 유의바랍니다
.
나
.
제출된 서류는 일체 반환하지 않으며
,
최종선발 종료 이후에 파기됨을 알려드립니다
.
다
.
상기 선발일정은 당 재단의 사정에 따라 다소 변경될 수 있습니다
."
japanese_language,2016학년도 전기 대학원 입학성적우수장학생 선발 안내(인문사회계),N/A,2015-12-03,https://japanstu.ssu.ac.kr/%ed%95%99%ea%b3%bc%ec%82%ac%eb%ac%b4%ec%8b%a4%ec%95%8c%eb%a6%bc/%ea%b3%b5%ec%a7%80%ec%82%ac%ed%95%ad/?term_id&slug=1817,"1.
자격
가
. 2016
년
2
월 본교 학부 졸업예정자
나
.
수업연한
4
년
(8
학기
)
이내인 졸업예정자
다
.
직전
3
학기 성적
(
F
학점 포함 열람용 성적
)
평균평점
3.75
이상
인 자
라
.
2.
수혜기간
: 2
년
(4
학기
)
3.
지원금액
:
수업료 전액
지급
가
.
학과 내 두 가지 이상 과정의 운영으로 수업료가 상이한 경우
,
가장 적은 금액 기준으로 지급
(
예
:
복수학위과정
)
나
.
입학성적우수장e: 11pt; mso-fareast-font-family: 한양신명조”>으로 지급
4.
선발
:
지원자격을 만족하는 자 중에서 다음 기준에 따라 배정인원 범위내 선발
가
. 8
학기 재학생 중 직전
3
학기 성적
(
열람용
, F
학점 포함
)
평균평점 기준 상위
30%
이내인 자
예
) 8
학기 졸업예정자의 경우
,
직전
3
학기
(5,6,7
학기
)
수강과목의 평균평점
)
기재
나
.
선발시 선발학과 내 동일학과 졸업예정자를 우선으로 선발하며
,
타학과 졸업
예정자는 후순위로 선발
5.
입학성적우수장학생 의무 준수사항
1.
입학성적우수장학생은 입학 후 매학기 성적이
A-(4.00)
를 유지하여야만 장학금 수혜를 받을 수 있다
.
2.
입학성적우수장학생은 입학 후 휴학을 할 수가 없으며
,
휴학을 할 경우 자격이 상실된다
.
),
군입대
(
입영통지서 제출
),
기타 사고 등은 예외로 한다
.
3.
입학성적우수장학생에게는 입학 후 학과주임교수가 필요시 교육 및 연구 지원업무를 담당하게
할 수 있으며
,
불응할 경우 자격을 상실한다
.
6.
일정
: 2016
학년도 전기 대학원 신
·
편입생 수시모집 원서접수기간이 만료되면 학과별 지원자 중
2016
년
2
월 본교 학부 졸업예정자 및 학석연계과정 진학예정자 현황를 학과로 송부하여 학과에 입학성적우수 장학생 추천을 안내할 예정임
.
끝
."
japanese_language,[주한일본대사관]일본의 새소식 12월호,N/A,2015-12-02,https://japanstu.ssu.ac.kr/%ed%95%99%ea%b3%bc%ec%82%ac%eb%ac%b4%ec%8b%a4%ec%95%8c%eb%a6%bc/%ea%b3%b5%ec%a7%80%ec%82%ac%ed%95%ad/?term_id&slug=1813,"[
일한, 정치, 외교관계
]
일한 정상회담 / 제6차 일한중 정상회의 / 제18차 ASEAN+3(일한중) 정상회의
[
일한, 정치, 외교관계
]
일본문화원 리포트
– 서울시립교향악단과 도쿄 필하모닉 오케스트라 합동 콘서트 / 마음이 따뜻해지는 …
[
일한, 정치, 외교관계
]
자매도시소개
– 인천광역시와 기타큐슈시
[
일본사정
]
일본이 알고 싶다
– 요코하마시
[
일본사정
]
세계 속의 일본술 사케
– 일본 관서지방 사케의 특징
[
일본사정
]
일본요리의 신세계
– 재팬 푸드 페스티벌
[공보문화원 광장]
2015 한일포토콘테스트 결과발표
[최현정의 유학보고서]
보물언덕 ‘다카라즈카 가극단’"
japanese_language,2015년 겨울방학 대학원 외국어시험 대체강좌 실시 안내,N/A,2015-12-01,https://japanstu.ssu.ac.kr/%ed%95%99%ea%b3%bc%ec%82%ac%eb%ac%b4%ec%8b%a4%ec%95%8c%eb%a6%bc/%ea%b3%b5%ec%a7%80%ec%82%ac%ed%95%ad/?term_id&slug=1810,"1.
개설과목
:
영어
2.
개설기간
: 2015
년
12
월
22
일
(
화
)
∼
2016
년
1
월
18
일
(
월
), 16
일간
(
월
∼
금
,
총
48
시간
)
(
공휴일제외
: 2015
년
12
월
25
일
, 2016
년
1
월
1
일
,
대학교입시일제외
: 2016
년
1
월
7-8
일
)
3.
강의시간
:
주간강좌
09:00
∼
11:50 /
야간강좌
18:30
∼
21:20
※
주
․
야간 강좌별 예비수강신청 인원이
15
명 이상일 경우 개설
4.
신청자격
:
외국어시험에 응시
(
결시 제외
)
하여 통과하지 못한 자
5.
강 의 실
:
추후공지
(
예정
)
6.
예비수강신청
:
2015
년
12
월
1
일
(
화
)
∼
12
월
4
일
(
금
) 4
일간
(
대학원교학팀 신청서 접수
)
: 250,000
원
8.
수강료 납부
: 2015
년
12
월
8
일
(
화
) 9:00
∼
16:00 (
개인별 가상계좌 납부
9.
성적평가기준
:
시험성적
,
과제평가
,
출석상황
,
학습태도 등을 반영하여 평가
※
대체강좌 합격시 외국어시험 합격 인정학기
: 2016
년
1
학기 외국어시험 합격으로 인정
붙임
:
대체강좌 안내문 및 수강신청서 각
1
부
.
끝
."
japanese_language,2016학년도 1학기 대학원 외국어 및 종합시험 실시,N/A,2015-12-01,https://japanstu.ssu.ac.kr/%ed%95%99%ea%b3%bc%ec%82%ac%eb%ac%b4%ec%8b%a4%ec%95%8c%eb%a6%bc/%ea%b3%b5%ec%a7%80%ec%82%ac%ed%95%ad/?term_id&slug=1809,"대학원 학칙시행세칙 제
3
장
(
자격시험
)
에 의거하여
, 2016
학년도
1
학기 외국어 및
종합시험을 다음과 같이 실시하고자 합니다
.
1.
신청기간
:
2016
년
2
월
3
일
(
수
) 10:00
∼
5
일
(
금
) 16:00
까지
※
개인
→
외국어 및 종합시험 신청
2.
시험대상
가
.
외국어시험
:
석사 및 박사
2
학기 이상
,
석
⋅
박통합
6
학기 이상 등록을 필한자
나
.
종합시험
1)
석사
(18
학점 취득
, 3
학기 이상 등록
)
재학생 및 수료생
2)
박사
(27
학점 취득
, 3
학기 이상 등록
)
재학생 및 수료생
3)
석
⋅
박통합
(45
학점 취득
, 6
학기이상 등록
)
재학생 및 수료생
3.
시험일자
가
.
외국어시험
:
2016
년
3
월
11
일
.
종합시험
:
2016
년
3
월
12
일
(
토
) 09:30
∼
4.
실시방법
가
.
외국어시험
:
대학원 주관 시행
1)
교 재 명
:
Bernard Seal. ""Academic Encounters"" (Human Behavior 4).
Cambridge. 2013(2nd Edition)
(2016
년도
1
학기부터 교재 바뀜
,
관련공지사항 참고
)
2)
시험범위
:
교재 전체
나
.
종합시험
:
각 학과 주관 시행
5.
외국어시험 대체성적 신청
: 2016
년
2
월
11
일
(
목
6.
응시료납부
1)
납부기간
: 2016
년
2
월
16
일
(
화
) 09:00
∼
18
일
(
목
) 16:00
까지
2)
과목당 응시료
:
석사과정
20,000
원
,
박사
(
석
⋅
박통합
)
과정
30,000
원
3)
납부방법
:
개인별 가상계좌 입금
7.
외국어시험 채점
:
2016
년
3
월
14
일
15
일
(
화
) (2
일간
)
8.
종합시험 각 학과 실시 결과보고서 제출
:
2016
년
3
월
17
일
(
목
)
까지
9.
합격자 발표
:
2016
년
3
월
23
일
(
수
)
예정
10.
예산사항
:
외국어시험 응시료 수입 후 별도품의 예정
끝
."
japanese_language,2016학년도 전기 대학원 수시모집 입학전형 일정 안내,N/A,2015-12-01,https://japanstu.ssu.ac.kr/%ed%95%99%ea%b3%bc%ec%82%ac%eb%ac%b4%ec%8b%a4%ec%95%8c%eb%a6%bc/%ea%b3%b5%ec%a7%80%ec%82%ac%ed%95%ad/?term_id&slug=1807,"2016
학년도 전기 대학원 수시모집 입학전형을 다음과 같이 안내하니
많은 인원이 지원할 수 있도록
학과 홈페이지 및 게시판에 홍보하여 주시고
,
일정에 맞추어 입시를 진행
하여 주시기 바랍니다
.
1.
전형방법
:
서류심사 및 구술평가시험
2.
전형대상
:
국내
․
외 거주 내
․
외국인
(
외국인유학생은 편입학 모집 없음
)
3.
입시일정
구 분
입 시 일 정
비 고
모 집 공 고
2015
년
12
월
1
일
(
화
)
∼
홈페이지 및 교내
․
외 신문
원 서 접 수
2015
년
12
월
14
일
(
월
)
∼
18
일
(
금
) (5
일간
)
온
·
오프라인 접수 동시 진행
면접장소 및
평가자 입력
2015
년
12
월
31
일
(
목
) 24:00
까지
U-Saint
입학관리
학과서류송부
2016
년
1
월
4
일
(
월
) (
예정
)
대학원교학팀 배부
전 형 일 시
2016
년
1
월
6
일
(
수
) 10:00
∼
각 학과 주임교수실
합격자 발표
2016
년
1
월
20
일
(
수
) (
예정
)
대학원 홈페이지
합격자 등록
2016
년
1
월
25
일
(
월
)
∼
26
일
(
화
) (2
일간
)
우리은행 전국지점
4.
기타사항
가
.
접수방법
1)
내국인
:
대학원 입학시스템을 통한 온라인 접수
2)
외국인
:
입학원서
(
홈페이지 다운
,
국
․
영문
)
를 작성하여 우편 및 방문 접수
나
.
전형료
과정
2016
학년도 전형료
비고
내
․
외국인 석사과정
70,000
원
내
․
외국인 박사과정
80,000
원
붙임
: 2016
학년도 전기 입학전형 수시모집 요강
1
부
.
끝
."
japanese_language,[주한일본대사관] 12월 일본영화 상영회,N/A,2015-12-01,https://japanstu.ssu.ac.kr/%ed%95%99%ea%b3%bc%ec%82%ac%eb%ac%b4%ec%8b%a4%ec%95%8c%eb%a6%bc/%ea%b3%b5%ec%a7%80%ec%82%ac%ed%95%ad/?term_id&slug=1800,
japanese_language,2015 Cool Japan 리포터(한일축제한마당 2015 in Seoul’ 자원봉사자) 모집요강,N/A,2015-11-26,https://japanstu.ssu.ac.kr/%ed%95%99%ea%b3%bc%ec%82%ac%eb%ac%b4%ec%8b%a4%ec%95%8c%eb%a6%bc/%ea%b3%b5%ec%a7%80%ec%82%ac%ed%95%ad/?term_id&slug=1799,"2015 Cool Japan 리포터(한일축제한마당 2015 in Seoul’ 자원봉사자) 모집요강
주한일본대사관 공보문화원은 일본 외무성이 실시하는 사업인 ‘아시아태평양지역과의 청소년교류 (JENESYS 2015)’의 일환으로 아래와 같이 일본을 방문할 한국 청소년을 모집합니다. 한일축제한마당 2015 in Seoul’에 참여한 자원봉사자들 중, 응모자격에 해당되는 분은 ‘한일축제한마당에 참가하게 된 계기와 축제를 마친 소감 에세이’를 제출하시기 바랍니다. 단, 영남지역과 제주지역에 거주하거나, 해당 지역에 위치한 학교 재학자에 관해서는 주부산일본총영사관과 주제주일본총영사관이 따로 청소년교류 사업을 관할하고 있으므로 대상 지역에서 제외됩니다.
1. 일본 방문의 목적
– 일본을 방문하여 문화를 직접 체험하고, 일본의 다양한 매력을 발견한다.
– 일본 청소년과의 교류를 통해 일본에 대한 이해를 깊게 한다.
– 보고 느낀 일본의 매력을 귀국 후 온라인(SNS 등)･오프라인 활동을 통해 한국에 발신하여 일본에 대한 지속적인 관심 증진에 기여한다.
– 한일국교정상화 50주년을 맞이하여 미래지향적인 한일관계를 이끌어갈 인재를 선발, 청소년 교류의 장을 제공한다.
2. 선발일정
① 서류접수 :
– 대학생 : 2015년 11월 26일(목)~12월 3일(목) (※ 당일 정오까지 우편 도착 분 유효)
– 고등학생 : 2015년 11월 26일(목)~12월 10일(목) (※ 당일 정오까지 우편 도착 분 유효)
② 1차 합격자 발표 :
– 대학생 : 2015년 12월 4일(목)
– 고등학생 : 2015년 12월 14일(월)
일본문화원 페이스북 (
http://www.facebook.com/j.munwhawon
) 게재.
합격자 발표 예 → (지원자 이름 : 홍●동, 핸드폰 끝자리 숫자 1234) ※ 개인정보 보호를 위해 이름과 연락처 일부 게재
③ 면 접 :
– 대학생: 2015년 12월 8일(화), 9일(수) 양일간, 시간과 장소는 추후 통보.
– 고등학생: 2016년 1월 8일(금), 9일(토) 양일간, 시간과 장소는 추후 통보.
④ 최종합격자 발표 :
– 대학생: 2015년 12월 15일(화), 개별 통보.
– 고등학생: 2016년 1월 12일(화), 개별 통보.
3. 응모방법
– 에세이(체험 감상문)과 자기소개서 및 설문조사를 함께 제출할 것.
[모집요강 다운로드]
http://www.kr.emb-japan.go.jp/youth_exchange/cooljapan2015_04.pdf
[대학생 자기소개서 및 설문조사 다운로드]
http://www.kr.emb-japan.go.jp/youth_exchange/cooljapan2015_04_university.pdf
[고등학생 자기소개서 및 설문조사 다운로드]
http://www.kr.emb-japan.go.jp/youth_exchange/cooljapan2015_04_high_school.pdf
– 자기소개서는 반드시 자필 작성할 것.
– 우편 접수만 가능.
4. 에세이 테마와 분량
– 테 마 : 한일축제한마당 2015 in Seoul’ 자원봉사자 체험 감상에 대해서 자유롭게 서술.
– 분 량 : A4용지 1장 이내 (1500자 내외)
– 언 어 : 한국어 또는 일본어
5. 수상자 활동
2015 Cool Japan 리포터로 선발된 자는 다음과 같은 일정으로 (대학생: 2016년 1월 26일(화)부터 2월 4일(목)까지(예정) 9박 10일 간, 고등학생: 2016년 2월 16일(화)~2월 25일 (목)까지(예정) 9박 10일 간) 일본 방문 프로그램에 참가할 기회가 제공되며, 일본 방문 후 직접 보고 느낀 일본의 매력과 방문 감상에 대한 보고서를 제출한다. 또한 귀국 후 오프라인 및 온라인 활동을 통해 일본 방문에 대한 소감과 자신이 발견한 일본의 매력 등에 대해 알린다.
※ 일본 방문 비용(일본 왕복 항공권, 일본 국내 숙박비•교통비•식비)은 일본정부가 부담함.
6. 응모자격
① 고등학생 및 대학생. (만 30세 미만)
② 일본 방문 프로그램에 참가하는 학생과 인솔자는 원칙적으로 일본정부의 초청에 의한 일본 방문 경력이 없는 자를 대상으로 한다.
※ 단, 사정에 따라 주한일본대사관이 허락 혹은 요청하는 경우에는 예외로 한다.
③ 원칙적으로 대상자는 한국 국적을 소유하고 현재 한국에 거주하고 있는 자여야 하며, 일본에서 장기체류(6개월 이상)한 경험이 없는 자여야 된다.
④ 일본정부가 실시하는 청소년교류사업의 취지와 프로그램의 목적을 충분히 이해하고, 동 프로그램에 관한 모든 절차와 활동에 성실히 참여할 의지를 가진 자여야 한다.
※ 주최 측이 인정하는 부득이한 사정을 제외한 개인적 이유로 프로그램 참가를 취소하는 경우에는 개인부담 비용이 발생한다.
⑤ 일본 방문 사전설명회, 종료 후 성과보고회에 반드시 참석 가능한 자. (일정 추후 안내)
⑥ 페이스북, 블로그 등 활발한 SNS 활동을 하고 있는 자.
⑦ 만료기간이 6개월 이상 여권을 가진 자여야 한다.
7. 선발인원
대학생 10명, 고등학생 2명.
8. 주관 / 실시단체
주 관 : 일본국 외무성
실시단체 : 공익재단법인 일한문화교류기금 (
http://www.jkcf.or.jp
)
9. 접수처
– 우편접수 :
(우)03131 서울특별시 종로구 율곡로 64
주한일본대사관 공보문화원 청소년교류 담당자 앞.
10. 문의
주한일본대사관 공보문화원   전 화 : 02-765-3011 (내선 111, 153)"
japanese_language,[대학원공지] 2015학년도 2학기 학위논문 원문파일 및 완본 제출일정,N/A,2015-11-25,https://japanstu.ssu.ac.kr/%ed%95%99%ea%b3%bc%ec%82%ac%eb%ac%b4%ec%8b%a4%ec%95%8c%eb%a6%bc/%ea%b3%b5%ec%a7%80%ec%82%ac%ed%95%ad/?term_id&slug=1797,"2015
학년도
2
학기 학위논문 원문파일 및 완본 제출일정을 다음과 같이 안내합니다
.
1.
대 상
: 2015
학년도
2
학기 최종심사에 합격하여
2016
년
2
월 학위수여 예정인 자
2.
학위논문 원문파일 제출
가
.
일정
:
2015. 12. 14(
월
)
∼
12. 23(
수
)
나
.
방법
:
도서관 홈페이지
(
http://oasis.ssu.ac.kr)
업로드
※
제출방법의 상세한 내용은
‘
학위논문
원문파일 및 책자 제출안내
’
[
붙임
1]
참조
다
.
협조요청사항
1)
학위논문 형식
숙지
※
학위논문 형식
:
겉표지
–
백지간지
–
표제지
–
속표지
–
인준서
–
감사의 글
(
필요시
) –
논문목차
–
표 및 그림목차
–
국문 초록
–
영문
(
또는 기타언어
)
초록
–
본문
–
참고문헌
–
부록
(‘
학위논문양식틀
(
국
/
영문
)’
[
붙임
2,3]
참조
)
2)
학생
,
지도교수
,
:
대학원에서 제공하는
‘
학위논문양식틀
(
국
/
영문
)’
[
붙임
2,3]
을 그대로 사용하면 규정에서 정한 학위논문 형식에 맞음
나
)
원문파일 제출완료 후 수정 원칙적 불가
①
반드시 지도교수 및 심사위원과 최종 확인된
(
수정이 완료된
)
파일을 업로드 하도록 함
②
원문파일 수정 필요시 사유를 포함하여 학과에서 대학원으로 공문발송해야 함
3.
학위논문 완본 및 서류 제출
가
.
기간
:
2016. 1. 7(
목
)
∼
1. 8(
금
) 10:00
∼
17:00
나
.
장소
:
대학원교학팀
(
웨스트민스터홀
657
호
)
다
.
제출서류
1)
논문 완본 하드커버 책자
:
석사 및 박사학위
–
5
부
(
법학관련
6
부
)
※
2014
학년도
2
학기까지 석사학위논문은
3
부였으나
,
국립중앙도서관에서 석사학위논문의 제출을 요청하여
2015
학년도
1
학기부터
5
부로 변경
2)
인준서
(
원본
) 1
부
:
별도양식 작성
,
낱장으로 제출
3)
저작권동의서
1
부
:
학위논문제출사이트의 제출내역확인 메뉴에서
‘
종합결과확인서
’
1
부
:
‘
연구윤리 확보를 위한 논문검사 서비스 안내
’
[
붙임
4]
참조하여 지도교수 날인 후 제출
5)
석사
[
붙임
5,6]
및 박사조사 설문지
[
붙임
7,8]
각
1
부
:
석사 및 박사과정 모두
제출
,
각 과정별 국문 또는 영문
1
부만
제출
(
교육부의 요청으로
2015
학년도
1
학기부터 석사과정도 설문지를 제출하도록 변경
)
※
반드시 업로드한 원문파일의 승인여부가
‘
승인
’
이 된 후 제본
(dCollection
사이트
內
)
4.
기 타
가
.
논문지도비 및 심사비의 지급은
2015
년
12
월 말 입금예정
나
.
대학원 홈페이지 공지사항에 게시 예정
붙 임
1.
학위논문 원문파일 및 책자 제출안내
1
부
.
2,3.
학위논문양식틀
(
국문
,
영문
)
각
1
부
.
4.
연구윤리 확보를 위한 논문검사 서비스 안내
1
부
.
5,6.
석사조사 설문지
(
국문
,
영문
)
각
1
부
.
7,8.
박사조사 설문지
(
국문
,
영문
)
각
1
부
.
9.
학위논문작성을 위한 필수안내서
1
부
이전글
[NAVER] D2 CAMPUS FEST 2015  참가안내 및 주요일정
다음글
2015 Cool Japan 리포터(한일축제한마당 2015 in Seoul’ 자원봉사자) 모집요강
목록"
japanese_language,[NAVER] D2 CAMPUS FEST 2015  참가안내 및 주요일정,N/A,2015-11-19,https://japanstu.ssu.ac.kr/%ed%95%99%ea%b3%bc%ec%82%ac%eb%ac%b4%ec%8b%a4%ec%95%8c%eb%a6%bc/%ea%b3%b5%ec%a7%80%ec%82%ac%ed%95%ad/?term_id&slug=1795,"[NAVER] D2 CAMPUS FEST 2015
*지원자격:
오픈소스
SW
개발과 오픈소스 컨트리뷰션에 관심이 있는 대학
(
원
)
생
전공과 학년에 상관없이 휴학생도 참여가능
3
명 이하로 이루어진 팀 단위
(1
인 참여가능
)
안녕하세요
. NAVER
인사팀
입니다
.
NAVER
가 오픈소스 경진대회를 넘어 프로젝트의 지속적인 성장을 할 수 있도록
프로젝트 결승전 이후 프로젝트 홍보와 밋업의 지원을 시작합니다
.
더 강화된 멘토링 교육과 네이버 개발자와 함께하는 정기 밋업을 통해 오픈소스
SW
개발자로
한 걸음 더 성장하길 바랍니다
.
여러분의 많은 지원 부탁합니다
.
1.
참가신청 기간
:
2015.11.18~2015.12.03
2.
홈페이지
URL : D2 CAMPUS FEST 2015
홈페이지
:
http://d2campusfest.kr
3 .
대상
:
오픈소스
SW
개발과 오픈소스 컨트리뷰션에 관심이 있는 대학
(
원
)
생
전공과 학년에 상관없이 휴학생도 참여가능
3
명 이하로 이루어진 팀 단위
(1
인 참여가능
)
4.
주제
:
오픈소스
SW
로 공개할 수 있는 프로젝트 주제라면 무엇이든
5. 시상 및 수상자 지원
■시상
Beyond FEST상 (300만원, 연말시상)
최우수 프로젝트상 1 (200만원)
우수 프로젝트상 2 (150만원)
장려 프로젝트상 2 (100만원)
Best Contributor상 (50만원)
■채용특전
입사희망시 서류전형 통과
(상세내용은 대상자에 한해 안내예정)
■D2지원
모든 수상팀에게 DEVIEW 2016 초대권 제공
모든 수상팀에게 프로젝트 발전을 위한 스터디 장소 및 서버제공
일부 수상팀을 선정하여 DEVIEW 2016 부스지원
최우수상 수상팀 :"
japanese_language,[일어일문학과-공지] 일본 피치항공(Peach Aviation) 1기 한국인 객실승무원 채용설명회 신청안내,N/A,2015-11-19,https://japanstu.ssu.ac.kr/%ed%95%99%ea%b3%bc%ec%82%ac%eb%ac%b4%ec%8b%a4%ec%95%8c%eb%a6%bc/%ea%b3%b5%ec%a7%80%ec%82%ac%ed%95%ad/?term_id&slug=1791,
japanese_language,[주한일본대사관] 11월 일한문화교류사업,N/A,2015-11-16,https://japanstu.ssu.ac.kr/%ed%95%99%ea%b3%bc%ec%82%ac%eb%ac%b4%ec%8b%a4%ec%95%8c%eb%a6%bc/%ea%b3%b5%ec%a7%80%ec%82%ac%ed%95%ad/?term_id&slug=1790,"2015년 11월 이후의 일한문화교류사업
2015년 11월 이후의 일한문화교류사업
（공보문화원 주최・후원 사업, 홍보지원사업）
※ 각 행사는 주최 측의 사정에 따라 향후 변경될 수 있습니다. 당관 주최 행사에 대한 문의는 공보문화원(02-765-3011~3)으로, 후원 행사는 해당 주최 측에 문의 바랍니다.
※ 공보문화원의 평일 개관시간은 10:00~17:30이며 토･일･공휴일은 휴관합니다. 단, 사정에 따라 변경될 수도 있으므로 당관
홈페이지
를 확인하신 후 방문바랍니다.
● 2015년 11월 5일(목)~12월 4일(금)
제2회 청주국제현대미술전 ‘90년대 다무라･마키시대 이후, 한일현대미술의 지금에 대하여’
주최 : 쉐마미술관
후원 : 주한일본대사관, 충청북도, 청주시
장소 : 쉐마미술관
내용 : 일한국교정상화50주년을 맞아 제2회 청주국제현대미술전에서는 ‘90년대 다무라･마키시대 이후, 한일현대미술의 지금에 대하여’를 테마로 한 특별전을 개최한다. 마키･다무라화랑은 1990년대에 일본의 젊은 미술가의 활동무대였으며 한국과 풀뿌리 교류 미술활동이 이루어졌던 거점이기도 하다. 일한 양국의 중견작가 약 20명이 참가하는 현대미술전으로 1990년대에 마키･다무라화랑을 중심으로 활동했던 아티스트로 구성되었다. 입장무료.
문의 : 쉐마미술관 033-943-3546
http://www.schemaart.net
● 2015년 11월 21일(토) 14:00~
제4회 대학생일본어연극대회
주최: 주한일본대사관 공보문화원, (사)한일미래포럼, 일본국제교류기금 서울문화센터
후원 : 한국일본학회, 한국미쓰이물산주식회사, 수림문화재단, 한국미쓰비시상사주식회사, 한국스미토모상사주식회사, 한국마루베니주식회사, 시사일본어학원
장소 : 주한일본대사관 공보문화원 3층 뉴센추리홀
내용 : 전국 대학의 일본 관련 학과 대학생을 대상으로 평소 습득한 일본어 학습의 성과를 발표하고, 각 대학 일본 관련 학과 학생들간 상호 교류의 장을 제공하는 것을 목적으로 대학생일본어연극대회를 개최한다. 입상 팀에는 상장과 함께 부상으로 9박 10일간의 일본 방문 프로그램 참가 기회와 격려금이 수여된다. 올해 4회째로 예선을 통해서 선발된 5팀이 경연을 펼친다. 참가신청은 종료. 관람무료.
문의 : 주한일본대사관 공보문화원 02-765-3011 (내선120, 123, 153)
http://www.kr.emb-japan.go.jp/event/event_engeki_2015.html
● 2015년 11월 28일(토) 14:00~16:30
제11회 일한교류 스피치대회
주최 : JET-AA대한민국지부, 주한일본대사관 공보문화원, 일본자치체국제화협회(CLAIR) 서울사무소
협력ㆍ후원 : Seoul Japan Club(SJC), 일본국제교류기금 서울문화센터, In Painter Global, JAL
장소 : 주한일본대사관 공보문화원 3층 뉴센추리홀
내용 : 상호 이해를 다지는 것을 목적으로 일한 양국의 문화와 경험, 상황 등에 대해 일본어를 모국어로 하는 참가자는 한국어로, 한국어를 모국어로 하는 참가자는 일본어로 솔직한 이야기를 발표하는 대회. 우수자는 상장과 함께 상품권, 방일 프로그램 등의 부상 수여. 9월 중순부터 참가자를 모집하며, 참가를 희망하는 분은 응모 용지를 다운로드(JET-AA 대한민국지부 공식 커뮤니티
cafe.daum.net/jetprogramme
, 주한일본대사관 홈페이지
www.kr.emb-japan.go.jp
, CLAIR 서울사무소 홈페이지
www.clair.or.kr
)하여 이메일로 송부. 응모•관람무료.
문의 : 주한일본대사관 공보문화원 02-765-3011(내선140)
jetaakorea@gmail.com
● 2015년 12월 18일(금) 19:30~, 19일(토) 13:30~
서울재즈원더랜드2015 < 비빔밥과 스시가 재즈로 통하다>
주최 : 코페니아
후원 : 시사일본어학원, 한일음악교류연구소, 조선비즈
장소 : 인디파크
내용 : 일한 양국의 재즈 뮤지션을 중심으로 한 일한교류공연. 1차 공연(18일)에서는 ‘전통음악과 현대음악의 융합’을 테마로 기타, 피아노, 한국의 전통현악기인 해금과의 콜라보레이션 연주가 이루어진다. 2차 공연(19일)에서는 ‘댄스와 음악의 콜라보레이션’을 테마로 퓨전 재즈밴드와 댄서와의 콜라보레이션 무대가 펼쳐진다. 입장료: 30,000원~50,000원  문의 : 코페니아 02-529-7598
● 2015년 12월 19일(토) 17:30~19:00
Scrooge 2015 ~ Korean&Japannese ｍusical prologe
주최 : Pillar of Fire, 도모다친구
후원 : 주한일본대사관
장소 : 롯데백화점 평촌점 문화홀
내용 : 일한 양국의 음악가와 연출가가 만드는 뮤지컬 무대의 퍼포먼스 공연. 영국 작가 찰스 디킨즈의 명작 ‘크리스마스 캐롤’을 원작으로 한 크리스마스 시즌 뮤지컬 ‘스쿠루지’에 나오는 노래, 댄스, 연극을 선보인다. 피아니스트 겸 작곡가이며 뮤지컬 프로듀서인 우류 교코씨, 카운터테너 김기욱씨, 댄서 이여민씨 등이 출연예정. 관람무료.  문의 : Pillar of Fire　010-9953-0813"
japanese_language,제4회 대학생 일본어 연극대회 [11월21일(토)],N/A,2015-11-16,https://japanstu.ssu.ac.kr/%ed%95%99%ea%b3%bc%ec%82%ac%eb%ac%b4%ec%8b%a4%ec%95%8c%eb%a6%bc/%ea%b3%b5%ec%a7%80%ec%82%ac%ed%95%ad/?term_id&slug=1785,
japanese_language,2016학년도 연변대학교 복수학위과정 지원 및 선발 안내,N/A,2015-11-12,https://japanstu.ssu.ac.kr/%ed%95%99%ea%b3%bc%ec%82%ac%eb%ac%b4%ec%8b%a4%ec%95%8c%eb%a6%bc/%ea%b3%b5%ec%a7%80%ec%82%ac%ed%95%ad/?term_id&slug=1780,"2016
학년도 연변대학교 복수학위과정 지원 및 선발을 아래와 같이 진행하고자 하니 관심있는 학생들이 지원할 수 있도록 안내하여 주시기 바랍니다
.
1.
지원기간
:
2015
년
12
월
10
일
(
목
) 09:00
∼
12
월
24
일
(
목
) 17:00
2.
지원자격
가
한국 국적자
로
나
.
연변대학교 복수학위 운영 대상학과에 재학 중인 자
※
지원 후 추가 협의 필요
3.
지원방법
:
제출서류를 작성하여 대학원 교학팀으로 제출
(
웨스트민스터홀
658
호
)
4.
결과안내
: 2016
년
1
월 중순 개별안내
(
예정
)
5.
제출서류 및 수학안내
:
연변대학교 복수학위과정 신청안내
6.
기 타
:
대학원 홈페이지
內
공지사항 게시 예정
붙 임
1.
연변대학교 복수학위과정 신청안내
(2016
학년도
) 1
부
.
2.
연변대학교 복수학위과정 공동학과 목록
1
부
.
3.
복수학위 신청서
1
부
.
부
.
끝
."
japanese_language,[일본대학신문사] 일본유학종합설명회 일정,N/A,2015-11-11,https://japanstu.ssu.ac.kr/%ed%95%99%ea%b3%bc%ec%82%ac%eb%ac%b4%ec%8b%a4%ec%95%8c%eb%a6%bc/%ea%b3%b5%ec%a7%80%ec%82%ac%ed%95%ad/?term_id&slug=1778,"안녕하세요. 일본대학신문사 입니다.
1.
귀교의 무궁한 발전을 기원합니다.
2.
본 대학신문사에서는 일본교육기관과 밀접한 관계에 있어, 한국의 우수한 학생들에게 일본의 교육기관 정보와 일본에서의 생활, 미래에 대한 진로를 탐구하고자 일본유학종합설명회를 개최 할 예정입니다. 일본 전국 국립, 사립대학, 전문학교, 일본어학교 위주로 참가합니다. 입 퇴장은 무료이며 학교정보, 장학금제도, 일본의 대학 입/편입학 정보, 워킹홀리데이, 일본 현지 아르바이트 상담 등이 가능합니다. 학생들에게 좋은 정보를 제공해주시기 바랍니다.
가.
일본유학종합설명회 일시: 2015년 11월 21~22일
나.
장소:  부산 벡스코  11월 21일 (토) 11:00~16:00  컨벤션홀 1층 101호
서울 코엑스  11월 22일 (일) 11:00~ 16:00 컨퍼런스룸(남) 307호
다.
일본유학종합설명회: 일본의 전국 국립, 사립 대학, 전문학교, 일본어학교 참가
라.
동양미술학교 체험: 캔배지 만들기 등
마.
후원: 주부산일본국총영사관, 일본국제교류기금 서울문화센터, (사)부산한일문화교류협회
바.
일본유학나비
http://studyinjpn.com/ko
https://www.facebook.com/LicenseAcademyKorea"
japanese_language,[대학원] 2015년 한국장학재단의 국가연구장학금(인문사회계) 추가 선발,N/A,2015-11-10,https://japanstu.ssu.ac.kr/%ed%95%99%ea%b3%bc%ec%82%ac%eb%ac%b4%ec%8b%a4%ec%95%8c%eb%a6%bc/%ea%b3%b5%ec%a7%80%ec%82%ac%ed%95%ad/?term_id&slug=1773,"2015
년 한국장학재단의 국가연구장학금
(
인문사회계
)
추가 선발 지원을 아래와 같이 안내하오니 지원자격에 부합하는 학생들이 기일내에 지원할 수 있도록 안내하여 주시기 바랍니다
.
1.
지원서 제출기일 및 장소
:
2015.11.13.(
금
) 17:00
,
웨스트민스터홀
658
호 대학원 교학팀
※
지원자는 본 공문 및 붙임자료를 정독하여 지원자격에 부합하지 않는 경우 지원하지 않도록 유의
2.
제출서류
(
붙임참조
):
신청서
,
학업
·
연구계획서
,
지도교수추천서
,
성적증명서
, 4
대보험가입확인서
3.
본교 선발 대상자 발표
:
2015.11.19.(
목
)
예정
,
대학원 홈페이지 공지사항
4.
관련안내
가
.
사업목적
◦
인문사회분야 우수인재 육성을 통하여 국가 미래사회의 경쟁력을 확보하고 국가적 핵심리더로 양성
◦
인문사회분야 우수한 석
‧
박사 과정생의 개인연구를 지원하여 동 분야 연구 인력 양성 및 기초 연구력 증진을 도모
나
.
지원내용
: 2015
학년도
2
학기 등록금 범위내 최대
400
만원 지원
(1
회
)
다
.
지원자격 및 대상
◦
지원자격
–
대한민국 국적자
–
고등교육법 제
29
조 및 제
30
조에 의해 설립된 일반대학교 일반대학원 및 한국학중앙연구원 육성법 제
6
조에 의한 한국학대학원의
인문사회분야 전일제 미취업 대학원생
※
전일제 확인
•
part-time
제 학생 및 휴학생
,
수료생 지원불가
*
정규학기에 한하여 지원함
(
추가학기 지원불가
)
※
․
A
로 인한
4
대보험 가입자는 취업자로 간주
)
< 4
대 사회보험 가입내역 확인서 발급방법
>
–
발급처
: 4
대 사회보험 정보연계센터
www.4insure.or.kr
–
공인인증서 로그인
→
[
증명서발급
]
→
4
대 사회보험 가입내역 확인
청구서
신청
→
4
개 처리기관의 처리여부
“
출력가능
”
확인 후 증명서
출력
(
주의
)
지역가입자 중 사업장이 표기되어 있는 경우 취업자로 간주 지원 불가
•
시간강사 대상 여부
(
아래 요건충족시 예외적 허용
)
:
주
6
시간 이내 근무로 인한
4
대 사회보험 가입은 별도의
증빙서류
**
확인을 통하여 미취업자로 인정
**
시간강사 확인서
,
경력증명서 등
◦
지원대상
–
석사 및 박사과정
: 2~4
학기 재학 중인 자
–
석박통합과정
: 2~8
학기 재학 중인 자
◦
성적기준
:
직전학기 성적
(F
학점 포함 열람용 성적
)
백분위
92
점 이상 또는
4.0
이상
/4.5
만점 기준
(3.7
이상
/4.3
만점 기준
)
◦
등록금 범위를 벗어나는
타장학금 수혜자는 추천 불가
라
.
선발인원
: 1
명
마
.
심사기준
◦
심사항목 및 배점
평가ing-left: 0pt; width: 81.26pt; padding-right: 0pt; background: #ffffff; height: 12pt; border-top: #000000 1.7pt solid; border-right: #000000 0.28pt solid; padding-top: 0pt”>
측정지표
평가내용
학생 수행
의지
(20)
지원동기
지도교수추천서
․
예비학자로서의 자질과 성장 가능성
․
학문에 대한 열정
연구
계획의
우수성
(40)
연구주제
(20)
․
연구주제의 창의성 및 독창성
․
학문적 가치
․
연구내용의 필요성
연구방법
(20)
․
연구방법의 창의성 및 독창성
․
연구방법의 타당성
․
실행계획의 구체성
직전학기성적
(40)
전학기성적
․
직전학기 백분위 성적을
40
점만점으로 환산"
japanese_language,제3회 문화아카데미-강화도 역사기행에 초대합니다.,N/A,2015-11-04,https://japanstu.ssu.ac.kr/%ed%95%99%ea%b3%bc%ec%82%ac%eb%ac%b4%ec%8b%a4%ec%95%8c%eb%a6%bc/%ea%b3%b5%ec%a7%80%ec%82%ac%ed%95%ad/?term_id&slug=1769,"파일 이름
파일 용량
다운로드 가능 기간
제3회 박물관 문화 아카데미 참가 신청서.hwp
21.5 KB
2015-11-18
코스 개요 및 일정표.hwp
1.87 MB
2015-11-18"
japanese_language,(장학금 지원) 2016 동계 글로벌리더양성프로그램(어학연수) 모집 안내,N/A,2015-10-30,https://japanstu.ssu.ac.kr/%ed%95%99%ea%b3%bc%ec%82%ac%eb%ac%b4%ec%8b%a4%ec%95%8c%eb%a6%bc/%ea%b3%b5%ec%a7%80%ec%82%ac%ed%95%ad/?term_id&slug=1764,"(장학금 지원) 2016 동계 글로벌리더양성프로그램(어학연수) 모집 안내
2016 동계 글로벌리더양성프로그램(어학연수) 모집에 대해 아래와 같이 안내하니 관심 있는 학생들의 많은 지원 바랍니다.
1. 글로벌리더양성프로그램 개요
가. 글로벌리더양성프로그램 프로그램이란?
해외 현지에서 단기간 현지 어학 및 문화 집중 교육 또는 인턴십 활동을 통한 글로벌리더 육성 프로그램
나. 기간 및 대학:
국가
대학명
기간
위치
모집인원
미국
California State University,
Monterey Bay
2016.01.04 ~ 2016.01.29 (4
주)
또는 2016.01.04 ~ 2016.02.12 (6주)
Monterey Bay
00
명
캐나다
Vancouver Island University
2016.01.04 ~ 2016.02.23 (8
주)
Nanaimo
00
명
Taylor’s University
2016.01.10 ~ 2016.02.06 (4
주)
Selangor
00
명
일본
Sapporo Gakuin University
2016.01.12 ~ 2016.02.11 (5
주)
Ebetsu
00
명
※ 프로그램 비용 및 기타 자세한 사항은 <첨부파일 1. 글로벌리더육성프로그램 예상 비용> 참고, 중국은 추가 예정임
※ 위 내용은 상대교 사정에 따라 변동 될 가능성 있음
다. 학점인정: 동계 계절학기 최대 3학점. 단, 본교 계절학기 3학점에 해당하는 금액 납부
라. 지원자격: 한 학기 이상 수료하고 학부 마지막 학기가 아닌 2015-2학기 재학 중인 학부생
마. 장학금 지급: 어학연수 지역에 따라 정액 지급. 단, 2015-2 이전에 등록 휴학 후 복학한 학생은 장학금 지급 대상에서 제외
– 미국•캐나다: 250만원
– 말레이시아: 150만원
– 중국•일본: 100만원
※ 학교지원금: 본교 학점인정 신청비용 및 어학능력 시험(TOEIC, JLPT/JPT, 新HSK 등) 응시료 포함
※ 소득분위에 따라 선발 시 우대(증빙서류 제출자에 한함)
※ 교내 외 경진대회 수상자 우대(증빙서류 제출자에 한함)
바. 장학금 지급 방법: 2015-2학기에 납부한 본교 등록금에서 환급하는 방식
2. 지원 및 선발절차(1차 서류전형 → 2차 면접전형 → 합격자 발표)
구분
일시
방법
비고
1
차
서류
전형
온라인 접수
▪ 일본·말레이시아:
11/2(
월) 10:00
-11/6(
금) 17:00
▪ 웹사이트 접수:
http://bit.ly/1RptZu5
▪ 접수일 이전 지원 시
자동 삭제됨
접수비 납부
▪ 접수비: 10,000원
▪ 방법: 아래 송금계좌로 입금
ㆍ우리은행(예금주: 숭실대학교)
270-493047-18-235
ㆍ입금자명은 반드시
학번으로 할 것
▪ 접수비
환불 불가
▪ 접수비 납부자에 한해
심사 진행
서류 접수
▪ 방문 접수
▪ 제출처: 국제협력팀 사무실
(
신양관 203호)
2
차
면접
전형
면접대상자
발표
▪ 미국·캐나다:
11/5(
목)
▪ 일본·말레이시아:
11/9(
월)
면접
▪ 추후 공지
합격자 발표
▪ 추후 공지
3. 제출서류
가. 단기연수프로그램 지원서 <첨부파일 2>
※ 국문 자기소개서 및 국문 학업계획서는 자유형식
나. 국문 성적증명서 1부
※ 편입생의 경우, 전적대학 성적증명서 1부 추가 제출
다. 공인어학성적증명서 사본 1부 (소지자에 한함)
※ 원본은 반드시 지참하여 원본 대조 확인 받을 것
라. 개인정보제공 및 활용 동의서 1부 <첨부파일 3>
마. 파견 서약서
※ 추후 업데이트 예정
4. 유의사항
가. 프로그램 수료 후 동계계절학기 학점으로 인정받을 수 있음
– ‘해외어학연수 1’ 또는 ‘해외어학연수 2’ 일반선택 과목으로 학점인정 가능하며 성적은 P가 일괄 부여됨.
– 계절학기 등록금(수업시간당 7만원)을 납부하여야 함.
– 계절학기는 최대 2과목 6학점까지 신청할 수 있으므로, 해외계절학기 파견 전 본교 계절학기 기간 중 한 과목을 초과하여 수강한 경우 지원 자격을 상실하게 됨.
나. 프로그램을 중도 포기하거나 수료하지 못할 경우, 혹은 계절학기 학점인정을 신청하지 않는 경우 학교 지원금 전액 환수함.
다. 파견대상자의 개별입출국은 허락하지 않으며 보험은 개별적으로 반드시 가입해야 함
※ 필요한 경우 국제협력팀에서 정보제공
라. 본 프로그램을 수료한 학생은 연수 해당 어학능력 시험 응시 후 반드시 어학 성적증명서 제출해야 함
5. 문의처: 국제협력팀
※ 모집정원, 면접형식 등에 관한 문의는 답변해 드릴 수 없음을 양해해 주시기 바랍니다.
<
국제협력팀 연락처 및 홈페이지 주소>
▪ 위
치: 신양관 203호
▪ 전화번호: 02-820-0757/0758
▪ 이 메 일: study@ssu.ac.kr
▪ 홈페이지:
intl.ssu.ac.kr
▪ 페이스북:
www.facebook.com/ssuoir
2015. 10. 28.
국 제 처 장"
japanese_language,제4회_숭실_산업융합_아이디어_공모전_공고문,N/A,2015-10-27,https://japanstu.ssu.ac.kr/%ed%95%99%ea%b3%bc%ec%82%ac%eb%ac%b4%ec%8b%a4%ec%95%8c%eb%a6%bc/%ea%b3%b5%ec%a7%80%ec%82%ac%ed%95%ad/?term_id&slug=1759,
japanese_language,SW특성화대학원-[2년간 등록금전액지원]2016학년도 신입생 모집 공고,N/A,2015-10-27,https://japanstu.ssu.ac.kr/%ed%95%99%ea%b3%bc%ec%82%ac%eb%ac%b4%ec%8b%a4%ec%95%8c%eb%a6%bc/%ea%b3%b5%ec%a7%80%ec%82%ac%ed%95%ad/?term_id&slug=1758,"2016년도 숭실대 SW특성화 대학원 신입생 모집
2년동안 국비가 지원되는 마지막 기회입니다. 꼭 놓치지 마세요!!!
학과와 관계없이 모집합니다!!!
숭실대 SW특성화대학원 특전
1. 석사과정 2년 등록금 전액 장학금으로 지원(변경가능)
2. 미국 현지 강의 등록금 및 체재비 전액 지원(변경가능)
(단, 석식 , 비자료, 보험료 제외)
3. 합격생들에게 개인 노트북 1대 대여
4. 컴퓨터 전용 실습실 구축
5. 학생들 전용 Lab실 배정
입시일정
1. 원서접수 : 2015.11.02.(월)~2015.11.13.(금)
2. 면 접 : 2015.11.20.(금) 15:00
3. 합격자발표 : 2015.12.04(금)
? 입시문의 : 02-828-7013, http://gss.ssu.ac.kr"
japanese_language,인문 CEO특강-장승국 비츠로셀 대효이사(2012년 수출 역군 국무총리상),N/A,2015-10-19,https://japanstu.ssu.ac.kr/%ed%95%99%ea%b3%bc%ec%82%ac%eb%ac%b4%ec%8b%a4%ec%95%8c%eb%a6%bc/%ea%b3%b5%ec%a7%80%ec%82%ac%ed%95%ad/?term_id&slug=1757,"2015년 10월 29일(목) 16:30~18:00
김덕윤 예배실에서 인문 CEO특강이 개최됩니다."
japanese_language,수출상담회 통역사를 모집 – 통역가능 대학생 지원가능,N/A,2015-10-13,https://japanstu.ssu.ac.kr/%ed%95%99%ea%b3%bc%ec%82%ac%eb%ac%b4%ec%8b%a4%ec%95%8c%eb%a6%bc/%ea%b3%b5%ec%a7%80%ec%82%ac%ed%95%ad/?term_id&slug=1756,"안녕하십니까.
그린서비스(주) 전시기획팀 입니다.
다음과 같이 수출상담회 통역사를 모집하오니 많은 지원 및 추천바랍니다.
2일 전부 하실분이 필요하며, 하루만 가능하신 분은 보내실 때 1일이라고 기입해주시기 바랍니다.
이번 행사는 저희가 전체 이력서를 엑셀 파일로 정리하여야 하기 때문에 지원해주신 후, 변동이 없도록 해주시기 바랍니다.
이력서 꼭 넣어서 보내주시기 바랍니다.
감사합니다.
< 다       음 >
1. 행  사  명 : 소비재 수출대전
2. 일    시 : 2015년11월3일(화) 09:00-18:00 ~ 4일(수) 09:00-18:00
3. 장    소 : 코엑스
4. 모 집 언 어 : 영어 80 명, 중국어 100명, 일어 20명, 러시아어 10명, 몽골어 8명, 스페인어 6명, 프랑스어 5명
5. 페   이 : 영어, 일본어, 중국어 – 75,000원
러시아어, 스페인어, 프랑스어 – 9만원
몽골어 – 18만원
(점심비용 별도제공 없음)
* 확정되신 통역사 분들께 개별연락 드립니다.
* 행사일 이전 이메일로 교육 자료 및 바이어 명단 송부하여 드립니다.
6. 지원자격 : 관련 언어 능통자 / 수출상담회 및 전시통역 경험 풍부한 자 / 통,번역대학원 재학생 또는 졸업생 / 외국 대학교 졸업생 및 유학생  (대학생이신 분들은 3,4학년 위주로 지원 바랍니다.)
7. 지원방법 : 학력, 경력 위주로 작성한 국문이력서 1부를 당사 이메일
greentrans21@hanmail.net
으로 송부. (기존 통역사는 참가 의사와 연락처만 송부 가능)
(보내실 때 제목에 행사명/ 성명/언어 기재 바랍니다)
EX- (전주/홍길동/일어)
8. 문 의 사 항 : 그린서비스 이메일(
greentrans21@hanmail.net
), 김민용대리  문의바랍니다.
9. 모 집 마 감 : 선착순 모집
-그린서비스(주) 전시기획팀
감사합니다.
—- GREEN SERVICE CO.LTD —-
TRAPALACE 340. 10-1,
SUNAE-DONG, BUNDANG-GU
SEONGNAM-SI, GYEONGGI-DO, KOREA
TEL : (031)715-3110 / 3425~6
FAX : (031)717-2242
URL : www.greentrans.co.kr
E-mail : greentrans21@hanmail.net"
japanese_language,[Fashion KODE] 2016S/S 통역 서포터즈 모집 (일본어 통역 지원),N/A,2015-10-08,https://japanstu.ssu.ac.kr/%ed%95%99%ea%b3%bc%ec%82%ac%eb%ac%b4%ec%8b%a4%ec%95%8c%eb%a6%bc/%ea%b3%b5%ec%a7%80%ec%82%ac%ed%95%ad/?term_id&slug=1754,"Fashion KODE2016S/S
서포터즈 모집공고
안녕하세요
?
트렌디한 패션과 문화가 만나는
Fashion KODE 2016S/S
와 함께 할 서포터즈를 지원 요청하오니 많은 협조 부탁드리겠습니다
.
v
Fashion KODE 2016S/S
개요
§
행사명
: FASHION KODE 2016 S/S
§
행사기간
:2015. 10. 20(
화
) ~ 22(
목
) 3
일간
§
행사장소
:
서울특별시 중구 장충단로
72
한국자유총연맹內
/
제이그랜 하우스
§
주 최
:
문화체육관광부
§
§
행사내용
:
국내외 패션 디자이너브랜드
100
여개 참여
오프닝세레모니
,
네트워킹파티
,
프리플로우패션쇼등
v
모집일정
접수기간
2015. 9.   7(
월
)~ 2015. 10.13(
화
)
합격발표 및 사전교육
최종 확정 인원에게 개별통보
v
모집인원 및 업무형태
모집인원
총
50
명   내외
(
영어
30 ,
중국어
20,
일본어
5 )
업무분야
KODE
통역
서포터즈
–
해외바이어 통역업무
업무일정
10/20
일
오전
8
시
30
분
시
30
분
10/21
일
~22
일
오전
9
시
~
오후
7
시
30
분
v
지원자격 및 혜택
§
만
18
세 이상의 대학교 재학생 및 졸업생
§
외국어능통자
,
무역업무 경력자 우대
,
컨벤션 자격증 보유자 우대
§
통역에 대한 관심과 열정을 가지고 박람회 기간 동안 행사참여 가능한 자
§
§
패션코드 티셔츠 및 패션코드 초대권
2
매 제공
(21, 22
일에 한함
)
§
교통비 및 점심식사 제공
§
패션코드 서포터즈 활동 인증서
(
한국패션디자이너연합회 발행
)
수여
–
단
,
봉사활동시간은 인정안됨
v
지원방법
§
E-mail
–
접수파일명
:
통역서포터즈
_
이름
_
접수일자
(
※
예
:
통역서포터즈
_
홍길동
_0916)
v
선발기준 및 유의사항
§
수도권 지역 외국어관련학과 재학생 및 휴학생 우대
§
통역관련 박람회 및 행사 자원봉사
,
홍보활동 경험의 유
·
무 등을 고려해 선발
§
신청과정에서 발생한 기재착오
,
누락
,
연락불가로 인한 불이익은 본인 책임임
§
사전교육에는 의무적으로 참여할 것
업무 변경 불가능
v
문의
패션코드 운영사무국 김은미
E-mail/
연락처
(
emem30@unione.co.kr
/ 02-2038-8437)
v
참고
공식홈페이지
:
http://www.fashionkode.com
Facebook
:
http://www.facebook.com/fashionkode"
japanese_language,제4회 숭실석좌강좌를 “토마스 프레이” 떠오르는 미래의 기술과 일자리들.,N/A,2015-10-02,https://japanstu.ssu.ac.kr/%ed%95%99%ea%b3%bc%ec%82%ac%eb%ac%b4%ec%8b%a4%ec%95%8c%eb%a6%bc/%ea%b3%b5%ec%a7%80%ec%82%ac%ed%95%ad/?term_id&slug=1750,"안녕하세요.
제4회 숭실석좌강좌를 위와 같이 개최하고자 합니다.
이번 행사는 참석 신청을 받아 추첨을 통해 티켓을 배부하는 방식으로 준비하고 있습니다.
교내 구성원 중 참석 희망자는 10월 06일(화) 14:00까지 소속, 성함, 핸드폰번호, 이메일주소를 기재하시어
baird@ssu.ac.kr
로 메일 회신 주시기 바랍니다.
숭실대학교 학생을 주요 대상으로 하는 강연이라,
신청 인원이 많을 경우 부득이하게 2층을 드리거나 아예 티켓을 드리지 못하는 경우가 있을 수 있음을 양해하여 주시기 바랍니다.
문의는 베어드학부대학 820-0725로 연락 주시기 바랍니다.
감사합니다."
japanese_language,대학원 외국어(영어)시험 교재변경 공지,N/A,2015-10-02,https://japanstu.ssu.ac.kr/%ed%95%99%ea%b3%bc%ec%82%ac%eb%ac%b4%ec%8b%a4%ec%95%8c%eb%a6%bc/%ea%b3%b5%ec%a7%80%ec%82%ac%ed%95%ad/?term_id&slug=1749,"대학원 외국어(영어)시험 교재를 아래와 같이 변경합니다.
1. 교재명: Bernard Seal.  “Academic Encounters” (Human Behavior 4). Cambridge. 2013(2nd Edition)
2. 적용시기: 2016학년도 1학기 외국어시험부터. 끝."
japanese_language,2016학년도 전기 입학전형 모집요강,N/A,2015-10-02,https://japanstu.ssu.ac.kr/%ed%95%99%ea%b3%bc%ec%82%ac%eb%ac%b4%ec%8b%a4%ec%95%8c%eb%a6%bc/%ea%b3%b5%ec%a7%80%ec%82%ac%ed%95%ad/?term_id&slug=1747,"1.
전형방법
:
서류심사 및 구술평가시험
2.
전형대상
:
국내
․
외 거주 내
․
외국인
(
외국인유학생은 편입학 모집 없음
)
3.
입시일정
구 분
입 시 일 정
비 고
모 집 공 고
2015
년
10
월
1
일
(
수
)
∼
홈페이지 및 교내
․
외 신문
원 서 접 수
2015
년
10
월
15
일
(
목
)
∼
23
일
(
금
) (9
일간
)
온
·
오프라인 접수 동시 진행
면접장소 및
평가자 입력
2015
년
11
월
3
일
(
화
) 24:00
까지
U-Saint
입학관리
–
학과 주임교수 입력
학과서류송부
대학원교학팀 배부
전 형 일 시
2015
년
11
월
7
일
(
토
) 10:00
∼
각 학과 주임교수실
합격자 발표
2015
년
11
월
25
일
(
수
) (
예정
)
대학원 홈페이지
합격자 등록
2016
년
1
월
12
일
(
화
)
∼
14
일
(
목
) (3
일간
)
우리은행 전국지점
4.
기타사항
가
.
접수방법
1)
내국인
:
대학원 입학시스템을 통한 온라인 접수
2)
외국인
:
입학원서
(
홈페이지 다운
,
국
․
영문
)
를 작성하여 우편 및 방문 접수
나
.
전형료
과정
2016
학년도 전형료
내
․
외국인 석사과정
70,000
원
내
․
외국인 박사과정
80,000
원
붙임
: 2016
학년도 전기 입학전형 모집요강
1
부
.
끝
."
japanese_language,[사단법인 한일협회] 2015년(제3회) 전국 대학생 일본어 번역대회 실시안내,N/A,2015-09-21,https://japanstu.ssu.ac.kr/%ed%95%99%ea%b3%bc%ec%82%ac%eb%ac%b4%ec%8b%a4%ec%95%8c%eb%a6%bc/%ea%b3%b5%ec%a7%80%ec%82%ac%ed%95%ad/?term_id&slug=1743,"★ 학술단체
한국일본학회
가 후원하는 대회 ★"
japanese_language,(한일협회 추천) 동경외어전문학교 2016년 4월 입학 설명회,N/A,2015-09-18,https://japanstu.ssu.ac.kr/%ed%95%99%ea%b3%bc%ec%82%ac%eb%ac%b4%ec%8b%a4%ec%95%8c%eb%a6%bc/%ea%b3%b5%ec%a7%80%ec%82%ac%ed%95%ad/?term_id&slug=1739,"동경외어전문학교
2016
년 4월 입학 설명회
이경규 개그맨이 이 학교에서 유학한 사실을 아세요?
9
월13일(일) SBS TV에서 방송되었습니다.
대학 대학원 진학코스, 일한통번역 코스, 일본어비즈니스 코스,
진학과 취업을 책임지고 지도하는 신주쿠 소재 명문학교.
2016
년도 유학을 생각하는 분은 누구나 오시기 바랍니다.
<
설명회 개최 내용>
●일시 : 2016년 9월 24일(목) 오후 5시~7시
●장소 : 한국입학상담소(HED) 세미나실 (강남역)
●모집학과 : 일본어과, 일한통번역학과, 국제일본학과
●어학연수 : 4월 장기 및 수시 입학 단기 코스
●설명담당 : 학교 입시 사무국 관계자 방한 설명
●참석예약 : 참가 희망자는 사전에 이메일로 신청
(
이메일 :
tflc@tflc.co.kr
)
<
문의/참가신청>
HED (
주) 해외교육사업단   전화 : 02-552-1010"
japanese_language,(한일협회 추천) 교토정보대학원 전문직 석사과정 유학생 모집,N/A,2015-09-18,https://japanstu.ssu.ac.kr/%ed%95%99%ea%b3%bc%ec%82%ac%eb%ac%b4%ec%8b%a4%ec%95%8c%eb%a6%bc/%ea%b3%b5%ec%a7%80%ec%82%ac%ed%95%ad/?term_id&slug=1735,"교토정보대학원 전문직 석사과정 유학생 모집
★일본 최초 IT전문직 대학원★
■응용정보기술연구과/ 웹비즈니스기술전공
웹시스템개발코스, 웹비즈니스기술코스, 콘텐츠비즈니스코스, 응용정보비즈니스코스
●모집학기 : 2016년 4월 입학 (10월 입학도 있음)
●지원학력 :
① 4
년대학 졸업(예정)자,
전공 불문
②
대학 3년 수료자 및 전문대학 3년과정 이상 졸업자
③
기타 3년 과정 이상 수료와 동등하다고 인정되는 자.
전공 불문
●어학조건 :
일본어능력시험 N2레벨 이상, 또는 영어 iBT 80점 이상 (어느 한 쪽 소지자도 가)
(
어학조건 미비자는 ①특별연구생으로 1년간 본교 재학 후에 정규 입학 허가,
또는 ② 부속 어학원에서 어학연수 후에 입학)
●전형방식 :
면접 및 구술 시험 (한국 내에서 시험)
●특별장학생 :
연간 89만엔 납부(연간 189만엔 중에서 특별 감면) (HED 특별 대우)
●원서접수기간
:
2015
년 10월1일~12월17일 (희망하는 각 전형일 1주전에 마감)
●입학전형일 :
1
차-10월24일, 2차-11월21일, 3차-12월19일
●현지취업 :
졸업 후, 현지에서 취업을 소개합니다. 대부분의 희망자는 취업 성공.
<
한국입학상담소>
www.kcgi.co.kr
(
주)해외교육사업단 TEL.02-552-1010  FAX.02-552-1062 E-mail.
kcgi@kcgi.co.kr"
japanese_language,2015학년도 2학기 대학원 2학기 수료생 연구등록(논문등록)안내,N/A,2015-09-09,https://japanstu.ssu.ac.kr/%ed%95%99%ea%b3%bc%ec%82%ac%eb%ac%b4%ec%8b%a4%ec%95%8c%eb%a6%bc/%ea%b3%b5%ec%a7%80%ec%82%ac%ed%95%ad/?term_id&slug=1734,"2015학년도 수료생 연구등록(논문등록)을 다음과 같이 안내합니다.
1. 등록대상 :
수료생 중 연구등록 자격을 갖춘 자로서 2015학년도 2학기 논문제출 예정자(재학생은 해당없음, 단, 해당학기 논문제출 예정인 학점등록생-석/박사 5학기 이상, 석.박사통합과정 9학기 이상 재학생은 등록대상임
가. 연구등록 자격
1)수료생(영구수료 해제자 포함)
2)외국어 및 종합시험 합격자(2015-2학기 응시자도 가능하나 불합격시 논문제출불가,연구등록비 환불불가)
3)입학 후 석사6년 박사 및 석,박사통합 10년이내인 자(휴학기가 제외)
4)지도교수 배정(위촉) 및 논문계획서 승인받은 자
2. 등록기간 :
2015년 9월 14일(월)~9월 16일(수) 09:00-16:00(은행영업시간 내)
3. 등록금액 :
석사 -80,000원/박사,석박사통합-120,000원
4. 등록방법:
등록기간 내 U-saint 에 로그인하여 ‘등록/장학_기타수납금출력"" 메뉴에서 계좌확인 후 입금(9월 14일부터 확인가능)
**고지서가 보이지 않을 경우, u-SAINT 에 접속하여 로그인하기 전 오른쪽 상단에 ‘u-SAINT FAQ explorer10 최적화안내’를 확인하여 인터넷 환경을 점검한 후 고지서를 다시 확인하기 바랍니다.
5. 기타
가.논문등록비 납부 확인 u-SAINT 로그인하여 ‘등록/장학_등록금납입이력조회’ 메뉴에서 남부 다음날부터 확인 가능
나.연구등록증명서는 수료생 연구등록비를 납부한 학생에 한하여 납부 다음날부터 발급가능(교내진리관1층 및 신양관 1층 발급기 또는 인터넷 증명발금 이용)
다. u-SAINT 로그인 문제는 학생서비스팀(02-820-7473)으로 문의. 끝"
japanese_language,2015-2학기 대학원 학사일정 변경사항,N/A,2015-09-09,https://japanstu.ssu.ac.kr/%ed%95%99%ea%b3%bc%ec%82%ac%eb%ac%b4%ec%8b%a4%ec%95%8c%eb%a6%bc/%ea%b3%b5%ec%a7%80%ec%82%ac%ed%95%ad/?term_id&slug=1733,"1. 변경내용
2
학기 종강일
변경 전
변경 후
2015
년
12
월
19
일
(
토
)
2015
년
12
월
21
일
(
월
)
2.
변경사유
가
. 2015
년
9
월
화
)
개강으로 월요일 강의의 수업일수 부족
,
매학기
15
주 이상
{
학칙 제
14
조
(
수업일수
)}
첨부파일
: 2015학년도 2학기 대학원 학사일정 PDF 파일 첨부합니다. 확인하세요."
japanese_language,2015-2학기 숭실통일리더십 스쿨 관련 학과(부) 안내,N/A,2015-09-07,https://japanstu.ssu.ac.kr/%ed%95%99%ea%b3%bc%ec%82%ac%eb%ac%b4%ec%8b%a4%ec%95%8c%eb%a6%bc/%ea%b3%b5%ec%a7%80%ec%82%ac%ed%95%ad/?term_id&slug=1728,2015-2학기 숭실통일리더십 스쿨 관련 학과(부) 안내 공문 및 붙임서류 첨부
japanese_language,[공지] <글로벌 리더스 클럽(Global Leaders Club)> 모집안내,N/A,2015-09-03,https://japanstu.ssu.ac.kr/%ed%95%99%ea%b3%bc%ec%82%ac%eb%ac%b4%ec%8b%a4%ec%95%8c%eb%a6%bc/%ea%b3%b5%ec%a7%80%ec%82%ac%ed%95%ad/?term_id&slug=1725,"“
글로벌 리더스 클럽
(Global Leaders Club)”
모집안내
베어드학부대학
<
글로벌 리더스 클럽
>
은 영어와 중국어로 의사소통하며
,
국제적 감각을 갖춘 리더십
향상을 목표로 아래와 같이 회원을 모집합니다
.
많은 참여 바랍니다
.
구 분
영어 클럽
중국어 클럽
클럽안내
1. <Culture and Contemporary Issue>
국제무대 진출을 위한 리더스 클럽으로 발표와 토론 능력을 함양시킨다
.
2.
담당
:
Gregory Hardy
교수
3.
기간
: 5
주
(1
주
100
분
)
진행
1. <
한
·
중우의 교류반
>
중국학생과 한국학생이 서로의 사회와 문화
,
언어를 이해하도록 돕게 한다
.
2.
담당
:
설충수 교수
3.
기간
: 5
주
(1
주
90
분
)
진행
모임시간
1.
시간
(
변경불가
)
화요일
18
시
00
분
~19
시
40
분
2.
일정
(5
주
)
9
월
22
일
, 10
11
월
3
일
, 11
월
10
일
1.
시간
(
변경불가
)
수요일
15
시
00
분
~16
시
30
분
2.
일정
(5
주
)
9
월
16
일
, 9
월
23
일
, 10
월
7
일
,
10
월
28
일
, 11
월
4
일
신청기간
2015.09.1(
수
) ~ 09.11(
금
)
제출서류
1)
신청서
(
첨부
)
1)
신청서
(
첨부
)
2)
신
HSK 4
급이상 성적표
제출방법
이메일
(baird@ssu.ac.kr)
모집인원
15
명 이하
중국유학생
한국학생
5
명
선발조건
1
차 서류면접
2
차 인터뷰
:
추후공지
1)
중국유학생은 신입생을 우선 선발
2)
한국학생은 중국어 가능자를 우선 선발
3)
인터뷰를 통해 최종선발
(
인터뷰 추후 공지
)
•
인터뷰 시 오리엔테이션도 진행
•
참가자는 등록비
(20,000
원
)
를 납부하며
, 4
회 이상 출석 시 환급
•
본 프로그램 이수자에게는
“
글로벌 리더
”
수료증 수여
•
자세한 내용은 붙임 파일 참고
문의
:
베어드학부대학 행정팀
(
진리관
207
호
,
전화
820-0725)
2015. 09. 01
베 어 드 학 부 대 학"
japanese_language,BJT 단체수험 할인 안내,N/A,2015-09-01,https://japanstu.ssu.ac.kr/%ed%95%99%ea%b3%bc%ec%82%ac%eb%ac%b4%ec%8b%a4%ec%95%8c%eb%a6%bc/%ea%b3%b5%ec%a7%80%ec%82%ac%ed%95%ad/?term_id&slug=1724,"10명 이상이면 20% 할인으로 48,000원
그간 소개를 드린
의 대학생 단체수험에 대해 구체적인 방안이 결정되어 알려 드립니다.
한국에서는 지난 6월부터 실시되는 이 테스트의 보급과 일본어를 전공하는 학생들의 학습동기 부여를 위해 수험료를 할인하고자 합니다.
<정규테스트 대학생 단체수험 안내>
1.     정규 수험료 : 60,000원 (1인당)
2.     할인 수험료 : 48,000원 (1인당)
3.     할인율 : 10명이상 접수인 경우 20% (최종 수험료 48,000원)
4.     수험일 : 2015년 11월 15일(일) 실시하는 제31회 시험일
<정규테스트 단체수험 접수절차>
1.    반드시 10명 이상의 수험자를 모집하여 신청해야 단체수험을 적용받을 수 있습니다.
(귀 학과가 소속되어 있는 대학교의 학생만 적용받습니다. 타대학교의 학생 모집은 적용받지 못합니다.)
2.     단체 수험기관 등록 신청서를 작성하여 보내주시기 바랍니다. 홈페이지 참조.
3.     1인당 48,000원의 수험료를 인원수에 맞게 계산하여 BJT수험용 지정 은행계좌로 합산 송금.
4.     수험하는 학생의 수험신청서를 접수받아 단체 리스트를 작성하여 주십시오.
5.     송금한 영수증과 수험신청서 사본, 수험자 리스트를 한일협회로 10월 4일까지 우체국에서 등기우편으로 우송해 주시기 바랍니다.
6.     따라서 개인 별로 인터넷 접수는 할 필요가 없습니다.
<문의/신청>
사단법인 한일협회=BJT 실시 사업부   TEL. 02-3452-5999   FAX. 02-552-1010
홈페이지 : www.bjttest.com   이메일 : bjt@bjttest.com"
japanese_language,제31회 BJT 비즈니스 일본어능력 테스트 안내 / BJT 설명회 실시안내,N/A,2015-08-26,https://japanstu.ssu.ac.kr/%ed%95%99%ea%b3%bc%ec%82%ac%eb%ac%b4%ec%8b%a4%ec%95%8c%eb%a6%bc/%ea%b3%b5%ec%a7%80%ec%82%ac%ed%95%ad/?term_id&slug=1721,"< BJT
시험 및 취업정보 설명회 >
일본 기업이나 국내의 일본계 기업에 취직(전직)하기 위하여
<>비즈니스 일본어능력 테스트> 설명회와,
<
취업정보> 설명회를 아래의 일정으로 동시에 실시합니다.
<
개최 개요>
●
일시 : (서울) 2015년 9월 5일(토) 오후1시 ~ 오후4시
(
부산) 2015년 9월 6일(일) 오전10시 ~ 오후1시
●
장소 : (서울) TOZ 강남2호점 (
위치
바로가기
)
(
부산) TOZ 서면점 (
위치
바로가기
)
●
대상 : 일본계 기업과 일본으로의 취직 및 전직을 생각하는 사람 및 모든 일본어 학습자
<
설명회 내용>
●
제1부 : BJT 비즈니스 일본어능력 테스트 설명 (90분)
▶
강사 : 일본 BJT사업 본부 담당, 사단법인 한일협회 BJT 담당
▶
설명 내용 : 시험의 개요, 시험의 특징, 시험 이용방법, 시험 대책법 등
▶
자료 제공 : BJT의 해설서, 추첨을 통해 ""BJT체험 문제와 해설서"" 책자를 20명에게 증정
▶ BJT
한국어 사이트 :
www.bjttest.com
●
제2부 : 일본계 기업의 취직?전직에 관한 설명 (90분)
▶ 강사 : ① JAC리크루트먼트코리아 대표이사 ② 사단법인 한일협회 이사장
▶ 설명 내용 : ① 한국 내 일본계 기업에 취직?전직하기 위한 조언 및 취직?전직 정보 등
②
일본 취업을 희망하시는 분들을 위한 조언 및 취업 정보를 얻는 방법 등
▶ 자료 제공 : 한국 내 일본계 기업 구인 정보, JAC소개 책자, 기타
▶ JAC리크루트먼트의 한국어 사이트 :
www.jac-recruitment.kr
<
참가신청 방법>
참가를 희망하는 사람은 아래 이메일 주소로 성명, 직업, 핸드폰 번호, 참가장소를 작성하여 보내 주시기 바랍니다.
신청마감일은 9월 3일이며 선착순 40명에 이르면 마감합니다.
☞
참가신청 이메일 주소 :
koja2@koja.or.kr"
japanese_language,2015-2학기 전공교재 판매 안내,N/A,2015-08-25,https://japanstu.ssu.ac.kr/%ed%95%99%ea%b3%bc%ec%82%ac%eb%ac%b4%ec%8b%a4%ec%95%8c%eb%a6%bc/%ea%b3%b5%ec%a7%80%ec%82%ac%ed%95%ad/?term_id&slug=1720,"2015
학년도
2
학기 일부 전공교재를 학과에서 할인하여 판매하오니 많은 이용바랍니다
.
판매기간
: 2015.09.01(
월
)-2015.09.10.(목
)
1
학년
초급일어
2(
가반
,
나반
)
시청각일어
2(
가반
,
나반
)
2
학년
일본어문어문법
영상일어
(
가반
,
나반
)
실용일어작문
(
나반
)
중급일어회화2
(
가반
,
나반
)
3
학년
비즈니스일어회화
나반
)"
japanese_language,일어일문학과 학사조교A 채용공고,N/A,2015-08-18,https://japanstu.ssu.ac.kr/%ed%95%99%ea%b3%bc%ec%82%ac%eb%ac%b4%ec%8b%a4%ec%95%8c%eb%a6%bc/%ea%b3%b5%ec%a7%80%ec%82%ac%ed%95%ad/?term_id&slug=1719,"일어일문학과 학사조교
A
모집안내
숭실대학교 일어일문학과 학과사무실에서 근무할 학사조교
A
를 아래와 같이 공개 채용하오니 관심 있는 분들의 많은 지원 바랍니다
.
1.
모집인원 및 지원자격
가
.
모집인원
:
학사조교
A 1
명
나
.
지원자격
: 4
년제 대학 졸업자
(
학사학위 소지자
)
다
.
컴퓨터 활용 능력자 및 행정업무 유경험자 우대
2.
근무조건
가
.
근무기간
:
학사조교
A
로서
1
년 단위로 계약
(
최장
2
년 가능
)
나
.
근무시간
:
주
40
시간
.
급 여
:
학교 규정에 따름
라
.
기타사항
: 4
대보험
마
.
근무시작
: 2015
년
9
월
1
일
(8
월말 업무 인수인계 기간 있음
)
3.
제출서류
가
.
이력서
(
자유양식
,
증명사진 부착
) 1
부
나
.
자기소개서
(
자유양식
) 1
부
다
.
졸업증명서 및 성적증명서 각
1
부
라
.
기타 자격증 관련 서류
1
부
(
필수제출은 아님
)
4.
전형방법
가
. 1
차 서류전형
나
. 2
)
5.
서류 접수 및 방법
가
.
접수기간
: 2015
년
8
월
18
일
(
화
) ~ 2015
년
8
월
24
일
(
월
) (
기간엄수
)
나
.
접수방법
: e-mail
접수
(japanstu@ssu.ac.kr)"
japanese_language,[한국지식경제진흥원] 2015년도 청년취업아카데미(인문계특화사업 유통·품질관리 통합 전문가 과정) 지원사업 안내,N/A,2015-08-17,https://japanstu.ssu.ac.kr/%ed%95%99%ea%b3%bc%ec%82%ac%eb%ac%b4%ec%8b%a4%ec%95%8c%eb%a6%bc/%ea%b3%b5%ec%a7%80%ec%82%ac%ed%95%ad/?term_id&slug=1717,"KEPI 한국지식경제진흥원
2015년 청년취업아카데미 숭실대학교 유통·품질관리 통합 전문가 과정 관련 안내입니다.
( 2015. 08. 24  ~ 2016. 02. 28 )
첨부파일을 확인해 주시기 바랍니다."
japanese_language,2015-2학기 학과근로장학생 선발 안내,N/A,2015-08-10,https://japanstu.ssu.ac.kr/%ed%95%99%ea%b3%bc%ec%82%ac%eb%ac%b4%ec%8b%a4%ec%95%8c%eb%a6%bc/%ea%b3%b5%ec%a7%80%ec%82%ac%ed%95%ad/?term_id&slug=1716,"2015
학년도
2
학기 학과근로장학생 선발을 다음과 같이 실시합니다
.
자격 요건 및 지원 방법을 숙지한 후 신청하시기 바랍니다
.
1.
근로장학생 자격 및 선발기준
가
. 2015
학년도 2
학기 한국장학재단 국가장학금을 신청
/
서류제출을 완료한 자
(1
차 신청기간에 완료한 자
)
나
. 2015
학년도 2
학기 재학 및 복학예정자로 해당학기 등록금 납부 예정인 자
1) 2015
학년도 2
학기 전 등록휴학 후 복학시 선발대상에서 제외
(
등록대체자
)
2)
학기 중 미등록
,
입학취소
,
복학취소 등으로 인한 학적변동시 모든 장학금 취소
3) 2015
학년도 2
학기 기준
2
∼
7
학기 재학생만 가능
(1
학기 및
8
학기 신청불가
)
다
.
직전학기 이수학점
15
학점 이상 및
F
학점 포함 학적부성적
2.5
이상인 자
라
.
선발학기 기준 소속학과
(
부
(
휴학
,
자퇴
,
제적 등
)
및 불가피한 사유가 인정되는 중도포기시 근로한 시간만큼 지급
바
.
타 장학금과 중복수혜 가능
(
교내
/
학과근로
,
국가근로장학금간 중복수혜 불가
)
※
기 선발된 장학금과 학과근로장학금을 포함하여 수업료 초과 불가
2.
선발인원
학과근로
A 5
명
3.
근로장학생 장학금액 및 근로시간
학과근로
A = 5,600
원
X 220
시간
(
주
10
시간
X 22
주
(
학기당
)) = 1,232,000
원
4.
근로장학금 지급
1)
지급방법
:
근로 후 개인계좌로 지급예정
5.
지원서 작성
1) u-SAINT
→
등록
/
장학
→
장학메뉴
‘
근로장학금
’
신청
→
학과근로
A
신청
→
지원서 출력
→
지원서
(u-SAINT
출력본
)
*19
일
17:00
까지 학과사무실로 서류제출한 자에 한함
.
7.
제출서류
근로장학생 지원서
1
부
(u-SAINT
출력본
)
8.
선발결과
개별연락예정
9.
근무 개시일
2015
년
9
월
1
일
(
화
)
2015.08.10.
일어일문학과"
japanese_language,[아시아희망캠프기구] 쿠마모토 현립대학교 한일청년 커뮤니케이션 일본어 일본문화 연수과정(KJEJ) 안내,N/A,2015-06-26,https://japanstu.ssu.ac.kr/%ed%95%99%ea%b3%bc%ec%82%ac%eb%ac%b4%ec%8b%a4%ec%95%8c%eb%a6%bc/%ea%b3%b5%ec%a7%80%ec%82%ac%ed%95%ad/?term_id&slug=1715,"■ 현립대학교 한일청년 커뮤니케이션 일본어일본문화 연수과정 (KJEJ)
> 기간 : 2015. 7. 8 ~ 8. 5   (4주일)
> 비용 : 수업료+숙사비(고급맨션) : 총 130만원 (특별가격)
> 인원 : 5명
▶ 교실에 갇힌 주입식 교육이 아닙니다. 일본어 커뮤니케이션 능력을 양성합니다.
▶ 하루 2시간반~3시간 교육이 아닙니다. 하루 4~5시간 교육입니다.
▶ 학원이 아닙니다. 쿠마모토현의 현립대학교입니다. 수료증도 현립대학교 일본어교육연구실이 발행합니다.
▶ 학생 기숙사가 아닙니다. 쿠마모토시 중심의 고급맨션입니다. 가구가전 풀옵션이고, 침대시트는 매주 교환해줍니다.
▶ 비싸지 않습니다. 생활비도 저렴합니다. 항공비(왕복17만원~25만원)도 저렴합니다.
▶ 흉내만 내는 체험이 아닙니다. 가장 품격있는 체험과 견학, 관광을 포함합니다. 현지의 일본인대학생들과 함께 합니다.
▶ 교육장소는 쿠마모토현의 쿠마모토현립대학교(熊本県立大学)입니다.
>
참가자들의 감상문
을 확인해주세요.
>>>>
KJEJ 4주일과정 상세안내 및 참가신청
Danbi Choi (崔단비)
ASIA HOPE CAMP ORGANIZATION (ACOPIA)
KOREA JAPAN SOCIETY AND CULTURE FORUM
603 The Salvation Army Hall, Sinmunno 1, Jongno-gu, Seoul, 110-061 KOREA
TEL : +82-2-738-4649  FAX : +82-2-738-2004
Email:
acopia.korea@gmail.com
WEB :
www.workcamp.asia
Facebook :
https://www.facebook.com/AsiaHopeCamp
KakaoTalk : acopia
Open Time : Mon-Fri 09:00-18:00
目的、主要活動、課題 ↓↓↓
http://www.clair.or.jp/j/forum/forum/pdf_293/16_closeup02.pdf"
japanese_language,학사조교A 채용공고,N/A,2015-06-25,https://japanstu.ssu.ac.kr/%ed%95%99%ea%b3%bc%ec%82%ac%eb%ac%b4%ec%8b%a4%ec%95%8c%eb%a6%bc/%ea%b3%b5%ec%a7%80%ec%82%ac%ed%95%ad/?term_id&slug=1714,"일어일문학과 학사조교
A
채용 공고
2015
년
2
학기 인문대학 일어일문학과 학사조교
A
를 공개 채용합니다
.

채용 인원
: 1
명

서류 제출 마감일
: 2015
년
7
월
6
일
(
월
) 17
시

지원자격
:
학사학위 이상 소지자

근무여건
:
주 약
40
시간
(09:00-17:30),
방학 때 단축근무
(10:00-17:00)

급여
:
월
165
만원

기타사항
: 4
:
이력서
(
사진 첨부
) 1
부
,
자기소개서
(A4 2
장이내
) 1
부
,
최종학교 졸업증 명서 및 성적증명서
,
일본어 자격증이나 업무 관련 자격증 사본
.

접수방법
:
이메일
(
jewon@ssu.ac.kr
)
접수

전형방법
: 1
차 서류전형
, 2
차 면접

면접일시
:
서류전형 합격자에 한해
7
월
8
일
(
수
)
오후
3
시

문의
:
일어일문학과 학과장
(010-8587-9368)
많은 분들의 지원을 부탁드립니다
."
japanese_language,학사조교B 채용공고,N/A,2015-06-22,https://japanstu.ssu.ac.kr/%ed%95%99%ea%b3%bc%ec%82%ac%eb%ac%b4%ec%8b%a4%ec%95%8c%eb%a6%bc/%ea%b3%b5%ec%a7%80%ec%82%ac%ed%95%ad/?term_id&slug=1712,"2015
년
2
학기 인문대학 일어일문학과 학사조교
B
를 공개 채용합니다
.

채용 인원
: 1
명
서류 제출 마감일
: 2015
년
6
월
26
일
(
금
) 17
시
지원 자격
:
본교 대학원 석
,
박사과정 재학생 또는 입학예정자
제출 서류
:
이력서
(
사진 첨부
) 1
부
,
자기소개서
(A4 2
장이내
) 1
부
,
최종학력 성적증명서 및 재학
(
입학예정
)
증명서 각
1
부
(
원본
)
접수 방법
:
–
이메일 접수
: japanstu@ssu.ac.kr
전형방법
: 1
차 서류전형
, 2
차 면접
면접일시
:
서류전형 합격자에 한해 개별통보
문의
:
일어일문학과사무실
(02-820-0530)
많은 분들의 지원을 부탁드립니다
."
japanese_language,메르스 예방을 위한 부총리 겸 교육부 장관 서한문,N/A,2015-06-09,https://japanstu.ssu.ac.kr/%ed%95%99%ea%b3%bc%ec%82%ac%eb%ac%b4%ec%8b%a4%ec%95%8c%eb%a6%bc/%ea%b3%b5%ec%a7%80%ec%82%ac%ed%95%ad/?term_id&slug=1708,
japanese_language,2015학년도 2학기 학·석사연계과정 지원 및 선발 안내,N/A,2015-06-05,https://japanstu.ssu.ac.kr/%ed%95%99%ea%b3%bc%ec%82%ac%eb%ac%b4%ec%8b%a4%ec%95%8c%eb%a6%bc/%ea%b3%b5%ec%a7%80%ec%82%ac%ed%95%ad/?term_id&slug=1703,"1.
지원기간
:
2015
년
6
월
17
일
(
수
)
∼
2015
년
6
월
30
일
(
화
) 10:00
∼
17:00
2.
모집학과
:
학사과정과 석사과정에 동일
(
또는 유사
)
학과가 있는 학과
(
계약학과 제외
) 3.
지원자격
:
다음 각lank 870.0pt left blank 900.0pt left blank 930.0pt left blank 960.0pt left blank 990.0pt left blank 1020.0pt left blank 1050.0pt left blank 1080.0pt left blank 1110.0pt left blank 1140.0pt left blank 1170.0pt; mso-pagination: none; mso-padding-alt: 0pt 0pt 0pt 0pt”>
가
)
지원일 당시 학사과정
4
학기 또는
5
학기
(
건축학부 건축학전공은
6
학기 또는
7
학기
)
를 이수한 자
=> 5
학기 또는
6
학기 개시 전
(
건축학부 건축학전공은
7
학기 또는
8
학기 개시 전
)
인 학생만 지원 가능
나
)
재수강 이전 과목
,
학점포기한 과목
, F
학점 과목 등을 포함한 전체 과목의 총평점평균이
3.3/4.5
이상인 자
다
) 7
학기
(
건축학부 건축학전공은
9
학기
)
에 학사과정의 졸업요건을 충족할 수 있는 자
마
)
지원하고자 하는 일반대학원의 동일
(
또는 유사
)
학과를 주전공 또는 복수전공하는 자
(
부전공
,
연계전공은 해당없음
)
4.
제출서류
:
학
·
석사연계과정신청서
1
부
5.
지원방법
:
제출서류를 구비하여 대학원 교학팀
(
웨스트민스터홀
658
호
)
로 방문접수
6.
선발인원
:
7.
발 표 일
:
2015. 7. 24(
금
)
예정
–
학과 및 개별통지
8.
문의처
:
대학원 교학팀
(02-820-0258
∼
9, grad@ssu.ac.kr)
9.
기타
:
교무처 학사팀
–
숭실대학교 홈페이지 공지사항에
‘
학
·
석사연계과정 신청 및 선발 안내
’
게시 요망"
japanese_language,숭실대 일어일문학과 창립 20주년 특별장학금 및 한나장학금 선발 공고,N/A,2015-06-05,https://japanstu.ssu.ac.kr/%ed%95%99%ea%b3%bc%ec%82%ac%eb%ac%b4%ec%8b%a4%ec%95%8c%eb%a6%bc/%ea%b3%b5%ec%a7%80%ec%82%ac%ed%95%ad/?term_id&slug=1700,"숭실대 일어일문학과 창립
20
주년 특별장학금
및 한나장학금 선발 공고
1. 장학금액
: 1
인당
1,000,000
원
2.
선발인원
: 9
명
(1
학년
3
명
, 2, 3, 4
학년 각
2
명
)
3.
신청자격
:
1)
일어일문학과 재학생
2)
일어일문학과 내규에 적합한 자
(
일어일문학과 장학금 내규 참조
)
3)
직전학기
15
학점 이상 이수한 자
4.
신청기간
: 2015.6.8(
월
) ~ 2015.6.19(
금
)
5.
신청장소
:
학과사무실
(
조만식기념관
646
호
)
6.
신청서류
:
1)
숭실대 일어일문학과 창립
20
주년 특별장학금 및 한나장학금 신청서
(
일어일문학과 홈페이지 공지사항 참조
)
2)
자기소개서
(
분량 및 형식 자유
)
3)
건강보험료 납입증명서
1
부
4)
주민등록등본
1
부
숭실대학교 일어일문학과"
japanese_language,[JPT사무국] JPT 정기시험 단체접수 할인 안내,N/A,2015-04-16,https://japanstu.ssu.ac.kr/%ed%95%99%ea%b3%bc%ec%82%ac%eb%ac%b4%ec%8b%a4%ec%95%8c%eb%a6%bc/%ea%b3%b5%ec%a7%80%ec%82%ac%ed%95%ad/?term_id&slug=1699,"JPT 사무국으로부터 5월 10일, 5월 24일 정기시험 단체접수에 관한 안내가 와 있습니다.
4월 17일까지 유효하오니 관심있는 분은 학과사무실로 문의 바랍니다."
japanese_language,2015-1학기 졸업사정 오류정정 및 이수구분 변경 접수 안내,N/A,2015-03-30,https://japanstu.ssu.ac.kr/%ed%95%99%ea%b3%bc%ec%82%ac%eb%ac%b4%ec%8b%a4%ec%95%8c%eb%a6%bc/%ea%b3%b5%ec%a7%80%ec%82%ac%ed%95%ad/?term_id&slug=1697,"2015
학년도
1
학기 졸업예정자에 대한 졸업사정 오류정정
/
이수구분 변경 신청 및 졸업사정 일정을 아래와 같이 안내합니다
.
*
졸업사정 오류정정
/
이수구분 변경 신청
1.
대상자
:
2015
년
8
월 졸업예정자
(
현재
8
학기 이상 이수중인 학생
)
2.
신청기간
:
3
월
31
일
(
화
) ~ 4
월
8
일
(
수
)
3.
신청방법
가
. u-SAINT
접속
→
학사관리
→
성적
/
졸업
→
졸업사정표
(
졸업예정자
)
조회 및 출력
/
이수구분 변경 신청서를 작성하여 졸업사정표와 함께
각
학과
(
부
)
사무실
로 제출
(
양식 첨부 참조
)
4.
유의사항
가
.
수강신청 내역
,
다전공포기 승인 결과 등이 반영된 졸업사정표를 확인한 후 오류정정 신청을 하시기 바랍니다
.
나
.
신청시 과목번호
,
이수연도 및 학기를
U-saint
에서 정확히 확인하고 신청하시기 바랍니다
(
정확하지 않을 경우 변경처리 되지 않음
).
다
.
졸업사정표는 졸업시뮬레이션과 달리 수강신청 내역 등을 실시간으로 반영하지 않고 졸업사정표
오른쪽 상단의 졸업사정일자
기준으로 반영된 내용이므로 유의바랍니다
.
라
.
공학인증 관련 졸업사정 결과 확인은 공학교육혁신센터
(828-7140)
의 안내에 따라 진행하시기 바랍니다
.
5.
오류 및 이수구분 변경 가능 유형
가
.
이수구분 오류
:
과목을 수강한 시점 기준의 이수구분으로 인정되는 것이 원칙이며 재수강으로 이수구분이 변경된 경우에는 학과
(
부
)
에 확인
(
부
)
에 확인
다
.
재수강
,
중복수강 처리 오류
:
재수강 신청을 하였는데 정상적으로 처리되지 않은 경우
,
학사팀에 확인 후 오류정정 처리
라
.
동일한 과목의 중복
(
이중
)
인정 오류
1)
주전공에서 인정된 과목이 다전공에서 중복 인정되지 않는 것이 원칙이며 중복으로 인정되고 있는 경우 학사팀 확인 후 이수구분 변경 신청
2)
다전공의 필수과목
(
복필
,
부필
)
과 주전공의 필수과목
(
전기
,
전필 등
)
이 중복되는 경우
(
졸업요건
)
에 대해 예외처리 가능
마
.
다전공 이수 관련 오류
1)
다전공을 이수하고 있는데 졸업사정표에 나오지 않거나 포기하였는데 졸업사정표에 나오는 경우
2)
다전공 이수학점 오류 등
바
.
편입 및 전과 학점인정 결과 오류
:
학과 확인 후 오류정정 신청
사
.
교양선택 이수학점 오류
1)
Fail
로 나오는 경우
(
하단 참조
)
2) 2006 ~ 2008
학년도 입학자 당시 기준 교양 이수학점
:
교양필수
14
학점
,
교양선택
21
학점
(
인문대
,
법대
,
사회대
)
또는
15
학점
(
자연대
,
경통대
,
경영대
,
공대
, IT
대
)
3)
현재
2006 ~ 2008
학년도 교양 이수학점
:
교양필수
12
학점
,
교양선택
23
학점
(
인문대
학점
(
자연대
,
경통대
,
경영대
,
공대
, IT
대
)
아
.
교양필수 이수구분 변경 가능 과목
1)
스프레드시트 고급활용
(Mos Excel 2010 Expert,
교양선택
),
컴퓨터활용 자격증 취득과정
(Mos Excel 2010 Expert,
일반선택
)
을 수강한 경우
,
컴퓨터활용
1
을 대체하여 교양필수로 이수구분 변경 가능
(
대체 인정이므로 컴퓨터활용
1
을 수강한 경우 이수구분 변경 불가
)
2)
컴퓨터활용 자격증 취득과정
(Mos PPT 2010,
일반선택
)
을 수강한 경우
2
을 수강한 경우 이수구분 변경 불가
)
3) 2009
년 개설된 섬김의리더십 이론과실천
(
교양선택
)
을 이수한 경우 교양필수로 이수구분 변경 가능
4)
위 과목의 이수구분 변경은
2013
학년도 이전 입학자에 한함
자
.
대학원 과목을 수강하여 학부 전공학점으로 인정이 필요한 경우
(*
학사팀에서 일괄 변경예정이며 누락된 경우 별도의 신청 요망
)
1.
3
월
31(
화
) ~ 4
월
8
일
(
수
):
졸업사정 결과 확인 및 오류정정 신청
(
학생
)
2. 4
월
10
일
(
금
):
접수된 내용을 정리하여 학사팀으로 전달
(
각 학과사무실
)
3.
4
월
17
일
(
금
학사팀
)
4.
4
월
20
일
(
월
) ~ 4
월
24
일
(
금
) :
수정 결과 확인 및 이의 신청
(
학생
)
*
졸업사정표를 재확인하고 신청결과가 반영되지 않았을 경우 학사팀을 방문하여 재확인
5.
추후 졸업사정 계획
가
.
정규학기 성적처리 후 졸업사정 재실행
나
.
계절학기 성적처리 후 졸업사정 재실행
*
졸업관련 문의
: 820-0154 (
학사팀 졸업 담당자
)
첨부 파일
:
졸업사정 오류정정
,
이수구분 변경 신청서
1
부
.
끝
.
2015. 03. 27.
교 무 처 장"
japanese_language,2015학년도 1학기 교직과정 이수 신청 안내,N/A,2015-03-11,https://japanstu.ssu.ac.kr/%ed%95%99%ea%b3%bc%ec%82%ac%eb%ac%b4%ec%8b%a4%ec%95%8c%eb%a6%bc/%ea%b3%b5%ec%a7%80%ec%82%ac%ed%95%ad/?term_id&slug=1695,"2015
학년도
1
학기 교직과정 이수 신청을 다음과 같이 실시하니 신청하여 주시기
바랍니다
.
1.
신청대상
:
교직 설치학과
(
부
)
소속
2015-1
학기
2
학년
(3
학기 또는
4
학기
)
재학생
2.
신청기간
: 2015. 3. 23(
월
) 10:00 ~ 6. 19(
금
) 17:00
3.
>
교직
>
평생교육
>
교직이수 신청
4.
주요내용
가
. 2015-1
학기 현재
4
학기 재학생은 이번 학기에만 신청가능
나
.
교직이수자 선발은
2015
학년도
1
학기
, 2
학기 전체 대상자를 대상으로
2
학기 겨 울방학 중 학과
(
부
)
에서 실시할 예정임
.
붙 임
:
교직이수 신청 방법
(
학생용
) 1"
japanese_language,일어일문학과 내규(2018.07.27.수정),N/A,2015-03-05,https://japanstu.ssu.ac.kr/%ed%95%99%ea%b3%bc%ec%82%ac%eb%ac%b4%ec%8b%a4%ec%95%8c%eb%a6%bc/%ea%b3%b5%ec%a7%80%ec%82%ac%ed%95%ad/?term_id&slug=1694,"일어일문학과 내규
(2018.07.27.
수정
)
1.
수강신청 건
1) 3
학년은
1
학년 수업 수강 불가
2) 4
학년은
1,2
학년 수업 수강 불가
단
,
편입생 및 전과생인 경우
1
학년 전공기초 수업이나
2
학년 과목을 이수 시에 학과장님의 승인을 조건으로 수강 가능하다
.
2.
장학금 신청 건
1) 1
학년 재학생은 전공기초와 전공선택과목을 전부 이수해야 함
2) 2,3
학년 재학생은 전공선택
3
과목 이상 이수해야 함
3) 4
학년 재학생은 전공선택
2
과목 이상 이수해야 함
3.
교환학생 학점인정 건
1)
단일전공자인 경우 일어일문학과 과목 최대
9
학점 까지 인정
.
2)
타학과 복수전공자 및 부전공자인 경우 일어일문학과 최대
6
학점 까지 인정
.
&nbsp"
japanese_language,[경력개발센터] 2015년 상반기 집중 클리닉 신청 안내,N/A,2015-02-25,https://japanstu.ssu.ac.kr/%ed%95%99%ea%b3%bc%ec%82%ac%eb%ac%b4%ec%8b%a4%ec%95%8c%eb%a6%bc/%ea%b3%b5%ec%a7%80%ec%82%ac%ed%95%ad/?term_id&slug=1692,"안녕하세요.
2015년 상반기 집중 클리닉 신청자 모집(
경력개발센터
(
학생회관
501
호
)
선착순 방문 접수
)
에 관한 내용입니다.
세부사항은 첨부파일을 참고해 주시기 바랍니다.
[2015
년 상반기 집중 클리닉 신청 안내
]
1.
클리닉 운영 개요
항 목
내 용
1
회당 소요시간
운영시간
입사서류 컨설팅
이력서 및 자기소개서
1:1
컨설팅
1
시간
,
13~16
시
면접 컨설팅
5~8
명 그룹 컨설팅
3
시간
9~12
시
,
14~17
시
이미지메이킹 컨설팅
5~8
명 그룹 컨설팅
2
시간
9:30~11:30,
14~16
시
2.
대상
:
숭실대학교 재학생
/
휴학생
/
3.
클리닉
운영기간
: 2015. 3. 4. (
수
) ~ 4. 3. (
금
)
※
클리닉별 상세 일정은 현장 접수시 확인 가능
4.
클리닉 진행장소
:
경력개발센터
(
학생회관
501
호
)
5.
접수 안내
:
경력개발센터
(
학생회관
501
호
)
선착순 방문 접수
6.
문의
:
경력개발센터
(02-820-0168)"
japanese_language,2015-1학기 전공교재 판매 안내,N/A,2015-02-16,https://japanstu.ssu.ac.kr/%ed%95%99%ea%b3%bc%ec%82%ac%eb%ac%b4%ec%8b%a4%ec%95%8c%eb%a6%bc/%ea%b3%b5%ec%a7%80%ec%82%ac%ed%95%ad/?term_id&slug=1691,"2015
학년도
1
학기 일부 전공교재를 학과에서 할인하여 판매하오니 많은 이용바랍니다
.
판매기간
:
2015.03.02(
월
)-2014.03.12.(
목
)
1
학년
시청각일어
1(
가반
,
나반
)
초급일어
1(
가반
,
나반
)
초급일어회화
1(
가반
,
나반
)
2
학년
기초일문법
(
가반
,
나반
)
중급일어강독
(
가반
,
나반
)
기본일어작문
(
)
중급일어회화
1(
가반
,
나반
)
3
학년
일본어학의 이해
비즈니스일어회화
(
가반
,
나반
)
4
학년
현대일본어문법론"
japanese_language,2015년도 일본 문부과학성 일본어・일본문화연수유학생 선발 안내,N/A,2015-02-12,https://japanstu.ssu.ac.kr/%ed%95%99%ea%b3%bc%ec%82%ac%eb%ac%b4%ec%8b%a4%ec%95%8c%eb%a6%bc/%ea%b3%b5%ec%a7%80%ec%82%ac%ed%95%ad/?term_id&slug=1686,"2015년도 일본 문부과학성 초청 일본어・일본문화연수유학생 모집 안내
2015년도 일본 문부과학성 일본어・일본문화연수유학생 1명을 추천하고자 하오니 학과사무실로 2월23일(월) 14:00까지 신청하시기 바랍니다.
신청방법은 학과메일(
japanstu@ssu.ac.kr
)로 성함, 학번, 연락처를 기재후 신청하시기바랍니다.
첨부된 응시자 제출서류 상세 안내를 필독하시기 바랍니다.
다              음
1. 자격 및 조건 등 (상세내용은 별첨 모집요강 및 관련 홈페이지 (
http://www.kr.emb-japan.go.jp/
) 참조
1) 연 령 : 1985.4.2 – 1997.4.1 사이 출생자로 대한민국 국적을 가진 자
2) 학 력 : 일본어 또는 일본문화 (일어일문, 일본학, 일어교육, 일본어 등)와 관련된 학부 또는 학과에 1년 이상 재학 중인 자
(복수・부전공자 또는 유사학과 전공자는 대상에서 제외됨.)
3) 유학기간 : 2015년 10월(9월) 부터 2016년 9월 (7월)까지(1년 이내, 연장 불가)
4) 장학금 : 모집요강 참조(2014년도 실적 월 117,000엔 지급 및 학비면제 등)
5) 추천인원 : 각 대학별 일본관련학과에서 1명
6) 채용인원 : 미정 (과거인원 : 2014년 30명, 2013년 32명)
2. 시험 일정 등 : (제출서류 및 상세내용은
반드시
인터넷 홈페이지의 모집 요강 참조)
1) 제출서류 마감 : 금년 2월 25일(수) (17:00까지 제출)
(1) 제출서류 : 추천서류 1매, 재학증명서, 성적증명서, 여권복사본 각 1통
(2) 제출파일 : 추천자 자기소개파일과 학과소개파일을 아래 이메일로 송부
(
kyuho.cho@so.mofa.go.jp
)
2) 필기시험
(1) 일 정 : 금년 3월 7일(토) (12:30 – 18:00) 일본어 필기시험 예정
(2) 장 소 : 서울시내 학교 (2월말까지 홈페이지에 공지)
(3) 결과발표 : 금년 3월 18일(수)까지. 면접대상자 약 30명 정도 발표
3) 면접시험 : 필기시험 통과자 약 30명 정도를 대상으로 함
(1) 제출서류 : 면접제출서류 (모집요강 참조)를 금년 3월 25일(수)까지 당원으로 우송 또는 직접 제출
(2) 일 시 : 금년 3월 27일(금) 예정
(3) 결과발표 : 홈페이지를 통해 8월 중순 예정
* 면접은 일본어로 진행"
japanese_language,2015-1학기 학과근로장학생 선발 안내,N/A,2015-02-10,https://japanstu.ssu.ac.kr/%ed%95%99%ea%b3%bc%ec%82%ac%eb%ac%b4%ec%8b%a4%ec%95%8c%eb%a6%bc/%ea%b3%b5%ec%a7%80%ec%82%ac%ed%95%ad/?term_id&slug=1685,"2015
학년도
1
학기 학과근로장학생 선발을 다음과 같이 실시합니다
.
자격 요건 및 지원 방법을 숙지한 후 신청하시기 바랍니다
.
1.
근로장학생 자격 및 선발기준
가
. 2015
학년도
1
학기 한국장학재단 국가장학금을 신청
/
서류제출을 완료한 자
(1
차 신청기간에 완료한 자
)
나
. 2015
학년도
1
학기 재학 및 복학예정자로 해당학기 등록금 납부 예정인 자
1) 2015
학년도
1
학기 전 등록휴학 후 복학시 선발대상에서 제외
(
등록대체자
)
2)
학기 중 미등록
,
입학취소
,
복학취소 등으로 인한 학적변동시 모든 장학금 취소
2015
학년도
1
학기 기준
2
∼
7
학기 재학생만 가능
(1
학기 및
8
학기 신청불가
)
다
.
직전학기 이수학점
15
학점 이상 및
F
학점 포함 학적부성적
2.5
이상인 자
라
.
선발학기 기준 소속학과
(
부
)
학생만 선발 가능
(
타과학생 선발 불가
)
마
.
학기 중 휴학 등 본인의사에 의해 중도포기시 근로장학생 자격이 취소되며 장학금 일체 지급불가
바
.
타 장학금과 중복수혜 가능
(
교내
※
기 선발된 장학금과 학과근로장학금을 포함하여 수업료 초과 불가
2.
선발인원
학과근로
A 5
명
3.
근로장학생 장학금액 및 근로시간
학과근로
A = 5,600
원
X 220
시간
(
주
10
시간
X 22
주
(
학기당
)) = 1,232,000
원
4.
근로장학금 지급
1)
지급방법
:
근로 후 개인계좌로 지급예정
2)
지급시기
:
2015-1
학기말
3)
정해진 근무시간을 지키지 못하고 근로를 중도에 포기하거나 휴학하는 학생은 근로장학금을 일체 지급받지 못하며 이후 학과근로 선발에서 제외될 수 있음
.
5.
지원서 작성
1) u-SAINT
→
등록
/
장학
→
장학메뉴
‘
근로장학금
’
신청
→
학과근로
A
신청
→
지원서 출력
→
지원서
(u-SAINT
출력본
)
제출
2)
지원서를 출력하여 학과 사무실로 제출하여야만 신청완료
.
6.
신청기간
2015.02.11(
제출서류
근로장학생 지원서
1
부
(u-SAINT
출력본
)
8.
선발결과
개별연락예정
9.
근무 개시일
2015
년
3
월
2
일
(
월
)
2015.02.10.
일어일본학과"
japanese_language,2015학년도 신입생 오리엔테이션 수강신청 안내,N/A,2015-02-10,https://japanstu.ssu.ac.kr/%ed%95%99%ea%b3%bc%ec%82%ac%eb%ac%b4%ec%8b%a4%ec%95%8c%eb%a6%bc/%ea%b3%b5%ec%a7%80%ec%82%ac%ed%95%ad/?term_id&slug=1683,"2월 10일(수) 오리엔테이션에 참석 못하신 신입생들은 첨부파일을 참조하여 수강신청하시기 바랍니다.
* 1학년(1,2학기) – 전공기초 + 전공선택 전부 수강해야 장학금 수혜 가능.
* 2,3학년 –  전공3과목 이상 수강해야 장학금 수혜 가능."
japanese_language,2014학년도 동계 중국 해외인턴십 모집 안내,N/A,2014-12-03,https://japanstu.ssu.ac.kr/%ed%95%99%ea%b3%bc%ec%82%ac%eb%ac%b4%ec%8b%a4%ec%95%8c%eb%a6%bc/%ea%b3%b5%ec%a7%80%ec%82%ac%ed%95%ad/?term_id&slug=1680,"2014
학년도 동계 중국 해외인턴십 모집 안내
중국 해외인턴십 개요
1.
파견지역 및 기관
파견기관
업무
인원
천진사범대학
사무직
O
명
2.
대상
: 2
학년 이상 재
‧
휴학생
(
편입생은
1
학기 이상 이수자
),
중국어 능통자
3.
인턴십 개요
항목
내용
인턴십 기간
(8
주
)
2014. 12. 22. ~ 2015. 2. 13.
*
진행에 따라 인턴십 시작
/
종료일은 늦춰질 수 있음
학교 지원금
왕복항공료
,
보험료
,
개인 부담금
현지 체재비 일체
(
숙식
,
교통비 등
)
※
숙소는 천진사대 기숙사 이용 예정
(
기숙사비는 본인 부담
)
※
급여 및 수당을 지급하지 않는 무급 인턴십임
4.
선발인원
:
총
O
명
5.
선발기준
가
. 1
차 서류심사
나
. 2
차 중국어 및 인성 면접심사
다
. 3
차 기업 매칭
(
선발심사
–
서면 또는 전화인터뷰
)
6.
진행 일정
(
안
)
일정
내용
비고
2014. 11. 28 ~ 12. 4.(
목
)
오전
11:30
신청서 접수
2014. 12. 5.(
금
) 10:00
1
차 서류합격자 발표
2014. 12. 5.(
금
) 14:00~18:00
2
차 중국어 및 인성 면접심사
개별면접
(1
인당
20
분
)
2014. 12. 8.(
월
)
2
차 합격자 확정
2014. 12. 9.(
화
)
사전 오리엔테이션
2014. 12
월 둘째주 중
1
일
사전교육
본교 강의실
~2014. 12. 15.(
월
)
3
차 기업 매칭
~2014. 12. 16.(
화
)
파견 준비
비자
,
항공권 등
토
)
출국
(
예정
)
–
2014. 12. 22.(
월
) ~ 2015. 2. 13. (
금
)
인턴십 수행
2015. 2. 17. (
화
)
귀국
–
※
실제 추진 일정은 변동될 수 있습니다
.
중국 해외인턴십 접수 안내
1.
접수 기한
: 2014. 12. 4.(
목
)
오전
11:30
까지
※
토
,
일 제외
, 12
시
~1
시 제외
2.
제출 방법
:
이메일 접수 후 방문 서류 제출
가
.
이메일 접수
:
제출 서류 전체를 이메일
(recjob4@ssu.ac.kr)
로 제출
나
.
방문 서류 제출
:
나
5~8)
의 스캔본에 대한 원본 제출
(5
번은 대조 후 반환
)
3.
제출 서류
가
.
신청양식
1
부
<
첨부
나
.
아래
1~8
항의 모든 서류를 작성
/
발급해 명시된 서류 순서대로
""(
여권기재
)
영문성명
_
학과
_
제출서류
.PDF""
로 스캔하여
1
개의
PDF
파일로 제출
1)
여권 사본
1
부
.
2)
영문 재학
(
휴학
/
수료
)
증명서
1
부
.
3)
중문 또는 영문 이력서
1
부
. <
자율양식
>
4)
중문 또는 영문 자기소개서
1
부
. <
자율양식
>
(
지원동기
/
보유 자격증 및 어학성적
,
능력
/
업무
,
해외
,
봉사 등 각종 활동 경험 등
/
인턴분야 관련 개인 역량 및 잠재력
/
인턴십 계획 포함
)
5)
중국어
/
영어
/
기타 외국어 어학성적증명서 각
1
부 및 자격증 증명서
(
컴퓨터활용능력 등
)
각
1
부
.
6)
국문 인턴십 수행계획서
1
부
. <
첨부
2
양식
,
반드시 서명 날인
>
7)
보호자 동의서
1
부
. <
첨부
2
양식
,
반드시 서명 날인
>
8)
,
반드시 서명 날인
>
4.
문의
:
경력개발팀
(02-820-0074)
=======================================================
***
학점인정 관련 안내
***
○
학교홈페이지
– ""
학사
""
공지탭
– “[
학사
]
♣
현장실습 학점인정제 안내
♣
”(
첨부서류도 반드시 확인 요망
)
에 따라 개별적으로 준비
–
가능 교과목
:
글로벌인턴
Ⅰ
(
일반선택 각
3
학점
,
최대
6
학점
)
2014. 11. 28.
경력개발센터장"
japanese_language,2015학년도 전기 대학원 수시모집 전형안내,N/A,2014-12-01,https://japanstu.ssu.ac.kr/%ed%95%99%ea%b3%bc%ec%82%ac%eb%ac%b4%ec%8b%a4%ec%95%8c%eb%a6%bc/%ea%b3%b5%ec%a7%80%ec%82%ac%ed%95%ad/?term_id&slug=1678,"1.
전형방법
:
서류심사 및 구술평가시험
2.
전형대상
:
국내
․
외 거주 내
․
외국인
(
외국인유학생은 편입학 모집 없음
)
3.
입시일정
2014
년
12
월
31
일
(
수
) 24:00
까지
구 분
입 시 일 정
비 고
모 집 공 고
2014
년
12
월
1
일
(
월
)
∼
홈페이지 및 교내
․
외 신문
원 서 접 수
2014
년
12
월
15
일
(
월
)
∼
19
일
(
금
) (5
일간
)
온
·
오프라인 접수 동시 진행
면접장소 및
평가자 입력
U-Saint
입학관리
–
학과 주임교수 입력
학과서류송부
2015
년
1
월
5
일
(
월
) (
예정
)
대학원교학팀 배부
전 형 일 시
2015
년
1
월
7
일
(
수
) 10:00
∼
각 학과 주임교수실
합격자 발표
2015
년
1
월
16
일
(
금
) (
예정
)
대학원 홈페이지
합격자 등록
2015
년
1
월
21)
∼
22
일
(
목
) (2
일간
)
우리은행 전국지점
4.
기타사항
가
.
접수방법
1)
내국인
:
대학원 입학시스템을 통한 온라인 접수
2)
외국인
:
입학원서
(
홈페이지 다운
,
국
․
영문
)
를 작성하여 우편 및 방문 접수
나
.
전형료
과정
2015
학년도 전형료
비고
내
․
외국인 석사과정
70,000
원
내
․
외국인 박사과정
80,000
원"
japanese_language,2015학년도 1학기 국가장학금Ⅰ유형 및 Ⅱ유형 신청안내,N/A,2014-11-17,https://japanstu.ssu.ac.kr/%ed%95%99%ea%b3%bc%ec%82%ac%eb%ac%b4%ec%8b%a4%ec%95%8c%eb%a6%bc/%ea%b3%b5%ec%a7%80%ec%82%ac%ed%95%ad/?term_id&slug=1676,"2015
학년도
1
학기 국가장학금
Ⅰ
유형 및
Ⅱ
유형 신청안내
1.
신청기간
가
.
온라인 신청
: 2014
년
11
월
20
일
(
) ~ 12
월
8
일
(
월
) 18:00 (24
시간 신청가능
)
나
.
서류 제출
: 2014
년
11
월
20
일
(
목
) ~ 12
월
11
일
(
목
) 18:00
2.
신청대상
:
숭실대학교 학부생으로
2015
학년도
1
학기 재학 예정인 재학생
,
학기 복학예정자
)
–
대학원생 및 평생교육원
,
호스피탈리티
,
숭실 사이버대학 해당 없음
3.
장학금 수혜자격
가
.
기본 자격요건
1)
대한민국 국적을 소지한 학생
(
주민등록상 해외이주 신고자
,
영주권자 제외
)
2)
(
건축학전공의 경우 정규
10
학기 이내
)
3)
한국장학재단의 장학금 수혜 자격을 충족하는 학생
(
세부사항은 한국장학재단 홈페이지 참조
)
나
.
성적 요건
:
직전학기 열람학점
12
학점 이상 및 백분위평균
80
점 이상
1)
장애학생의 경우 백분위평균
70
점 이상
2)
0
분위 및
1
분위는 최초
1
회에 한하여 백분위평균
70
점까지 인정 가능
(
단
)
4. 2015-1
학기 국가장학금액
:
미정
(2
월 결정 예정
)
5.
장학금 신청방법
가
.
한국장학재단
(
www.kosaf.go.kr
)
로그인
– ‘
사이버창구
’ – ‘
장학
/
대출 신청
’
나
.
개인정보제공 동의 및 약관 동의
,
서약사항 확인
다
. ‘
가구원 정보제공 동의
’
완료
(
부
․
모의 공인인증서 필요
)
라
.
학교정보 및 개인정보 입력
(2015-1
학기에 입학하는 신입생 및 편입생은 신입생군으로 신청
)
마
.
학자금유형 선택 후 신청정보 확인
(
국가장학금 선택
)
6.
서류제출
가
.
서류제출 대상자
1)
신청완료 후
1~2
일 이내
(
휴일 제외
)
한국장학재단 홈페이지에 방문하여 서류제출 대상여부 확인
–
서류제출 확인방법
:
한국장학재단 로그인
–
사이버창구
–
장학
/
대출신청
–
신청현황
–
필수 및 선택 서류
(
해당학생에 한함
)
가 모두 완료
2)
신청완료 후
1~2
일 이내
(
휴일 제외
)
서류제출 대상 학생에 한하여
,
신청 시 입력한 휴대폰 번호로
SMS
를 발송하여 서류 제출 안내
–
한국장학재단 번호를 스팸처리 한 학생은 해제 요청
나
.
서류제출 방법
(
택
1) –
장학금 신청 매뉴얼 화면 확인 요청
1)
한국장학재단 홈페이지에 스캔파일을 등록
2)
모바일 업로드
:
한국장학재단 학자금 서류제출 앱다운 후 사진파일 업로드
.
서류제출 기간
: 2014
년
11
월
20
일
(
목
) ~ 12
월
11
일
(
목
) 18:00
7.
장학생 선발결과 및 지급방법 안내
가
.
선발결과 안내
: 2
월 중순 공지 예정
(u-Saint
장학금 수혜내역 확인
)
나
.
장학금 지급방법
1) 2015-1
학기 등록금을 납부하여야 하는 학생
:
등록금 고지서에 장학금액 사전 감면
2) 2015-1
학기 복학 시 등록금이 이월된 미등록 복학생
:
추후 안내 예정
8.
국가장학금 소득분위 체계 변경 내용
가
.
본인
,
부모님
,
배우자의 정보제공 동의가 있어야만 소득분위를 산정할 수 있음
(
최초
1
회 동의
)
나
.
사회보장정보시스템 활용에 따라 소득
/
재산
/
다
.
한국장학재단에서 소득분위 결과를 학생이 직접 확인 가능
9.
중요사항
가
.
2015-1
학기 국가장학금 미 신청자
(
서류 미제출 포함
)
는
2015-1
학기 교내 및 교외 장학생 추천 시
제외
–
교내 및 교외 전액 장학생도 모두 국가장학금을 신청하여야 함
–
단
,
국가유공자 본인 및 자녀
,
숭실글로벌 장학금 수혜 대상자
,
이중 또는 해외국적학생의
경우 국가장학금 신청 예외
이중 또는 해외국적
(
외국인학생 제외
)
학생의 경우 관련서류를 장학팀에
12
월
31
일까지 제출
(
최초
1
회에 한함
)
하여야 함
–
국가장학금 신청상태가
‘
서류완료
’
인 학생에 한하여 교내장학금 선발
나
.
국가장학금
Ⅱ
유형의 경우 대학 별 배정예산 범위 내에서 장학금액 및 선발 기준이 다르므로
,
매 학기 선발 내용 및 지급 방법은 변경될 수 있음
다
. 2015-1
학기 복학예정자 중 등록이 이월된 미등록 복학생의 경우 등록금을 납부한 학기에 국가 장학금 수혜 내역이 없어야만 국가장학금
Ⅰ
유형 수혜 가능
(
한국장학재단 지침 준수
)
라
.
2015-1
학기 등록금을 납부하는 학생에 한하여 국가장학금
Ⅱ
유형 수혜 가능
(
등록대체자 수혜 불가
)
마
.
국가장학금은 휴학생
(2015-1
학기 복학예정자
)
및 재학생 모두 신청가능
바
.
한국장학재단 심사 시 이중 지원자로 등록되지 않은 학생에 한하여 국가장학금 수혜 가능
–
이중지원 여부는 학생 개인이 한국장학재단으로 문의하여 처리하여야 함
.
대학안내 불가
.
–
이중지원 해소는
1
월
30
일까지 처리 바람
.
이중지원 해소가 지연될 경우 장학생 선발에서 제외
될 수 있음
10.
문의사항
:
한국장학재단 콜센터
(1599-2000)"
japanese_language,2015학년도 1학기 재학생 및 복학예정자 대상 교내장학금 신청공고,N/A,2014-11-14,https://japanstu.ssu.ac.kr/%ed%95%99%ea%b3%bc%ec%82%ac%eb%ac%b4%ec%8b%a4%ec%95%8c%eb%a6%bc/%ea%b3%b5%ec%a7%80%ec%82%ac%ed%95%ad/?term_id&slug=1674,"2015
학년도
1
학기 재학생 및 복학예정자 대상 교내장학금 신청공고
※
본교에서 지급되는 모든 교내장학금은 아래 국가장학금 신청기간 내 국가장학금을 신청
하고 서류제출을 완료한 학생을 대상으로만 수혜자를 선정합니다
.
따라서
,
교내장학금을
수혜하려는 모든 학생은 반드시 교내장학금과 국가장학금을 동시신청하시기 바랍니다
.
–
국가장학금 신청결과 제공되는 학생의 소득분위정보를 장학생선발에 활용
–
국가장학금은 반드시 매학기 신청하여야 함
.
1.
국가장학금 신청기간
: 2014
년
11
월
20
일
(
목
) ~ 12
월
8
일
(
월
)
※
한국장학재단 홈페이지
(
www.kosaf.go.kr
)
.
2.
교내장학금 온라인신청기간
가
.
온라인신청기간
1)
정규신청
: 2014
년
11
월
17
일
(
월
) 10:00 ~ 12
월
5
일
(
금
) 17:00 (3
주간
)
2)
추가신청
: 2014
년
12
월
22
일
(
월
) 10:00 ~ 2015
년
1
월
2
일
(
금
) 17:00 (2
주간
)
(
단
,
나
.
서류제출이 필요한 장학금의 경우
,
교내장학금 온라인신청기간 내 반드시 제출
※
방문 및 등기우편제출 가능
(FAX
불가
)
※
등기우편 제출 시 교내장학금 온라인 신청기간 내 장학팀 도착분만 인정
※
단
,
형제장학금의 경우
,
재학생 등록기간 종료시까지 서류제출 인정
다
.
근로장학금
(
교내근로
/
학과근로
)
신청
: 2015
년
2
월 초 공지 예정
3.
신청대상
:
2015
학년도
1
학기 재학생 및 복학예정자
4.
교내장학생 자격요건
가
.
2015
학년도 pt”>. 2015
학년도
1
학기 재학생 및 복학예정자로 등록금 납부를 완료예정인 자
1)
2015
학년도
1
학기 전 등록휴학 후 복학생은 모든 장학금 선발에서 제외
(
등록대체
)
2)
미등록
,
입학취소
,
복학취소 등으로 인한 학적변동시 모든 장학금 취소
다
.
직전학기
15
학점 이상 이수한 자
(2015
년
1
학기가
4
학년
8
학기인 자는
12
학점 이상
)
※
건축학과 건축학전공
: 10
학기인 자는 직전학기
12
학점 이상 이수
(1
∼
9
학기는
15
학점 이상
)
:
등록
10
학기 이내인 자
)
예
1)
학기취소
1
회 후
8
학기 진학예정인 경우
: 9
회 등록금 납부이므로 선발 불가
예
2)
학점 미이수로
9
학기 진학예정인 경우
: 9
회 등록금 납부이므로 선발 불가
5.
교내장학생 공통사항
가
.
성적 및 취득학점 산정방법
1)
평점평균
(GPA) /
산술평균
(100
점만점
) : F
학점이 포함된 학적부성적 기준 산정
2)
취득학점 산정시
F
학점은
0
학점 취득으로 인정되어 취득학점 산정에서 제외
나
.
온라인으로 반드시 신청해야 하며
,
제출서류가 있는 장학금에 한하여 서류제출
※
제출기간 내 미제출시 장학생 선발대상에서 제외
다
.
모든 교내장학금은 중복수혜 불가
2)
중복수혜 가능 장학금
:
국가장학금
,
교외
(
외부
)
장학금
,
근로장학금
(
교내
/
학과
/
봉사
)
–
수업료범위 내 중복수혜 가능
(
근로장학금 간 중복수혜 불가
)
라
.
한국장학재단 이중지원방지사업 안내
1)
한국장학재단 학자금대출금액과 교내
/
외장학금을 모두 합하여 수업료를 초과할
경우
,
이중지원학생에 해당
2)
한국장학재단 콜센터와 통화하여
,
이중지원여부를 해소해야 함
.
(2015
학년도
2
학기 국가장학금 및 학자금대출여부에 영향
)
6.
서류제출장소
:
첨부문서 참조
(
장학생 선정결과 발표 및 지급방식
가
. 2015
년
2
월 중순 발표예정
(u-Saint
등록
/
장학 및 등록금고지서 감면여부 확인 가능
)
나
.
장학금신청시 계좌입력
:
우리은행 본인명의 개인계좌 입력 필수
다
.
등록금 분할납부를 신청한 학생의 경우
.
선발된 장학금 중 사전감면을 제외한 계좌지급
장학금은 분할납부 최종등록
(3
차
)
확인 후 지급
(
추후 안내
– 2015
년
5
월 초 안내
)
라
.
비전장학금 지급범위 및 장학금액은 한국장학재단 국가장학금 정책에 따라 매학기
변경될 수 있음
.
2014. 11. 12.
학 생 처 장"
japanese_language,서울여자대학교 겨울 계절학기 학점교류 안내,N/A,2014-11-14,https://japanstu.ssu.ac.kr/%ed%95%99%ea%b3%bc%ec%82%ac%eb%ac%b4%ec%8b%a4%ec%95%8c%eb%a6%bc/%ea%b3%b5%ec%a7%80%ec%82%ac%ed%95%ad/?term_id&slug=1672,"서울여자대학교 2014학년도 겨울계절학기 안내
■
개설기간
——————————————————————-
2014
년
12
월
16
일
(
화
) ~ 2015
년
1
월
12
일
(
월
)
*
기간 중 월
~
금요일까지 수업 진행
(
총
16
일간 수업
)
* [
휴강
]
공휴일
, 12
월
26
일 근로자의 날 대체휴무
, 1
월
2
일 신년 휴무 관계로 수업 없음
——————————————————————-
■
개설과목 조회
–
11
월
18
일
(
화
)
부터 조회 가능
(
예정
)
1.
서울여자대학교 홈페이지
(
www.swu.ac.kr)
→
재학생
→
종합정보시스템
(
로그인
ID : guest, PW : guest)
→
수업시스템
→
개설관리
→
개설과목조회
→
<
학년도 학기
>
지정 후 조회
2.
세부시간표
(
교시
/
시간
)
1
교시
(09:00~10:15) 2
교시
(10:30~11:45) 3
교시
(12:00~13:15)
4
교시
(13:30~14:45) 5
교시
(15:00~16:15) 6
교시
(16:30~17:45)
3.
강의실은 수업 개시일 전일에 최종 확인
■
수강신청방법
명단발송
귀 대학에서 학점교류 허가된 학생
–
수강신청희망자 명단
(
첨부 양식
)
을
2014.11.20(
목
)
까지 공문 송부
임시학번 확인
2014.11.21(
금
), 17:30
부터 서울여대 학사 공지사항에서 확인 가능
수강신청기간
2014.11.24(
월
)
∼
11.26(
수
) 10:00~20:00
*
추가 수강신청
/
정정기간 없음
방법
소속 학교에 신청 후
->
임시학번 확인
(
서울여대 홈페이지 공지사항
) ->
직접 수강신청
(
홈페이지
www.swu.ac.kr
→
재학생
→
종합정보시스템
ID:
임시학번
PW:
주민등록번호 뒤
7
자리
→
수강시스템
→
수강관리
→
수강신청
)
신청가능학점
최대
6
학점까지
■
폐강과목 공지
1
차 폐강과목 공지
: 2014.11.27.(
목
)
오전
(
예정
)
1
차 폐강과목 후속 조치
: [1
차 폐강과목 수강신청자 수강정정
] 2013.11.27.(
목
) 10:00~20:00
종합정보시스템
→
수강관리
→
수강신청에서 직접 수강정정
(*1
차 폐강과목 미 정정 시 일괄 삭제처리
)
3.
최종 폐강과목 공지
: 2014.12.9.(
화
) 10:00
이후
] 2014.12.10.(
수
) 10:00~17:00
학사지원팀
(
학생누리관
211
호
)
직접 방문
.
미 정정시 일괄 환불 처리함
.
5.
폐강 기준
:
과목 당 최종 수강료 납부자가
10
명 미만일 경우 폐강
(10
명부터 설강
)
■
등록금 납부
1.
수강료
:
학점 당
75,300
원
/ 0
학점 과목
13,000
원
2.
고지서 출력
: 2014.12.3.(
수
)~12.5(
금
)
3.
수강료 납부기간
:
2014.12.4.(
목
)~12.5(
금
) 09:00~16:00 *
추가 납부기간 없음
4.
수강료 납부처
:
우리은행 전국지점 또는 우리은행 가상계좌로 입금
(
수수료 개인부담
)
*
개인별 우리은행가상계좌번호는 등록금고지서에 인쇄되어 있음
5.
수강료 납부확인
:
수강료 납부 익일부터 수강신청내역에서 등록 확인 가능
6.
수강신청 과목 중 일부만 납부 불가
■
환불 및 중도포기
1.
환불가능과목
:
수강인원
11
명이상 인 과목 중
10
명 남을 때까지 신청가능
(
선착순
)
(10
명 미만인 경우에는 개설기준이 미 충족되므로 환불신청 불가
)
2.
환불기준
:
·
계절학기 시작 전
(~12.15) :
전액 환불
·
총 수업일수의
1/3
경과 전
(12.16~12.23):
납입금의
2/3
환불
·
총 수업일수의
1/3
경과한 날부터 총 수업일수의
1/2
경과 전
(12.24~12.29):
납입금의
1/2
환불
·
총 수업일수의
1/2
경과 후
(12.30~) :
반환하지 않음
3.
수강중도포기
:
총 수업일수의
1/2
이전까지 가능
·
위 기간 중 환불 및 중도포기 등으로 수강인원이
10
명이 남게 되는 시점의 학생부터는 수강중도포기는 가능하나 환불은 불가
(
학사지원팀에 방문하여 상담 및 서약서 작성 후 신청 가능함
)
·
수강중도포기 신청한 과목은 원상복구 불가
4.
환불신청방법
:
·
수강취소
/
중도포기기간
:
2014.12.12.(
금
) 10:00~
·
종합정보시스템 수강신청에서 해당과목을 직접 삭제함
(10:00~20:00).
5.
지급일
:
계절학기 종료 후 일괄 지급 예정
(
계좌번호 미입력자는 지급 지연
)
■
강의실 조회
1. 2014.12.15.(
월
) 10:00
부터 조회 가능
2.
조회 방법
:
서울여대 홈페이지
→
재학생
→
시간표
/
강의실조회
■
주의사항
1.
수강신청 과목 중 일부만 등록금 납부 불가
.
수강신청 마지막 날까지 최종 수강신청 과목을 확정바람
.
2.
수강신청 종료 후 수강정정 불가
(
단
,
수업이 폐강된 경우에 한하여 정정 및 환불 가능
)
3.
종합정보시스템
→
개설과목조회의
“
수강대상
”
란의 자격을 확인하시고 수강신청하시기 바랍니다
.
■
문의
:
서울여자대학교 교무처 학사지원팀
(
☎
970-5923)
2014. 11. 10
서 울 여 자 대 학 교 총 장"
japanese_language,2014-2학기 일어일본학과 특별장학금 신청 안내,N/A,2014-11-12,https://japanstu.ssu.ac.kr/%ed%95%99%ea%b3%bc%ec%82%ac%eb%ac%b4%ec%8b%a4%ec%95%8c%eb%a6%bc/%ea%b3%b5%ec%a7%80%ec%82%ac%ed%95%ad/?term_id&slug=1670,"1. 선발부서
:
일어일본학과
2. 장학금액
: 1
인당
1,100,000
원
3.
선발인원
:
약
10
명
4.
신청자격
:
1) 2014-2
학기 한국장학재단 국가장학금을 신청
/
서류제출 완료한 자
(
대한민국 국적 미소지자도 신청 가능
.
단 외국인 유학생 제외
)
2) 2014-2
학기 재학생으로 등록금을 납주한 자
(
등록대체자
, 9
학기 등록예정자 제외
)
3)
직전학기
15
학점 이상 이수한 자
4) F
학점 포함 기준 직전하기 산술평균
(100
점 만점
) 70
점 이상인 자
5)
등록
8
학기 이내인 자
5.
신청기간
: 2014.11.17.(
월
) 17:00
학과사무실
(
조만식기념관
646
호
. (
학과사무실에서 특별장학금 신청서 수령가능
)
일어일본학과 사무실
2014.11.12"
japanese_language,﻿﻿JPT 일본어능력시험 단체할인 안내(11월 23일 정기시험),N/A,2014-10-23,https://japanstu.ssu.ac.kr/%ed%95%99%ea%b3%bc%ec%82%ac%eb%ac%b4%ec%8b%a4%ec%95%8c%eb%a6%bc/%ea%b3%b5%ec%a7%80%ec%82%ac%ed%95%ad/?term_id&slug=1669,"﻿﻿JPT 일본어능력시험
11월 23일 숭실대학교 JPT정기시험 단체할인
접수 안내
JPT 사무국에서는 정기시험을 단체로 신청하는 학과에만 응시료 할인 혜택을 제공하는 ‘JPT 정기시험 단체할인’을 아래의 일정으로 시행합니다.
본 시험은 JPT 정기시험과 동일한 시험으로 신청 인원 20명 미만 시 취소가 될 수 있음을 알려 드립니다.
01.
실시 일정
·
시행 일시 : 11월 23일(일) 오전 9시 20분
·
실시 장소 : 현재접수중 일반고사장
·
접수 마감 : 11월 13일(목) 밤 12시
·
할인 응시료 : 30,000
(
개별 접수 시 41,000)
02.
접수 방법
·
아래 접수 URL 인터넷 주소창 복사 후 접수 진행
(
http://appjpt.ybmsisa.com/appExamlink.asp?Examtype=jpt&comtype=skuniv
)
·
당일 준비물
–
신분증 지참 : 주민등록증, 운전면허증, 여권 중 1
–
필기도구 : 연필 또는 샤프펜슬, 지우개
YBM / JPT 사무국"
japanese_language,"2014학년도 동계 해외인턴십(호주,독일) 설명회 및 접수 안내",N/A,2014-10-23,https://japanstu.ssu.ac.kr/%ed%95%99%ea%b3%bc%ec%82%ac%eb%ac%b4%ec%8b%a4%ec%95%8c%eb%a6%bc/%ea%b3%b5%ec%a7%80%ec%82%ac%ed%95%ad/?term_id&slug=1663,"2014
학년도 동계 해외인턴십
(
호주,독일
)
설명회 및 접수 안내
호주, 독일인턴십 설명회 안내
1.
일시
: 2014. 10. 23. (
목
) 16:30
2.
장소
:
진리관
301
호
호주인턴십 안내
1.
인턴십 국가
:
호주
2.
대상
: 2
학년 이상 재
‧
휴학생
(
편입생은
1
학기 이상 이수자
),
학점
3.0
이상
※
수료생 및 졸업생 지원 불가
3.
인턴십 개요
항목
단기
장기
인턴십 기간
2015. 1. 5. ~ 2. 27.
(
현지교육
2
주
+
인턴근무
6
주
)
2015. 1. 5. ~ 6. 5.
(
현지교육
2
주
+
인턴근무
20
주
)
학교 지원 금액
300
만원
300
만원
개인 부담금
약
260
만원
약
500
만원
*
출국 전 국내 사전교육
1
주 진행
**
개인부담금은 환율 및 개인에 따라 차이가 있을 수 있음
***
포함내역
:
왕복항공료
,
어드미션비
,
현지교육비
,
숙박비
,
기업배정비
,
보험
,
비자신청비
,
현지안전관리 및 멘토링비
불포함내역
:
현지용돈
(
교통비
,
식비 등
)
4.
선발기준
가
. 1
차 서류심사
나
. 2
차 영어 및 인성 면접심사
5.
선발인원
:
총 O
명
독일인턴십 안내
1.
인턴십 국가
:
독일
2.
대상
:
해외취업에 관심이 있는
4
학년
2
학기 수료자 중
2015
년
8
월 졸업 예정자
※
취업연계형 인턴십으로 현지 인턴십 진행 중 독일 현지 취업 채용심사 진행
3.
인턴십 개요
항목
인턴십 기간
2015. 1
월 중순
~6
월 중순
(22
주
)
학교 지원 금액
(IMG
지원금 포함
)
300
만원
개인 부담금
약
600
만원
*
출국 전 국내 사전교육
2
주 진행
**
개인부담금은 환율 및 개인에 따라 차이가 있을 수 있음
***
포함내역
:
왕복항공료
,
어드미션비
,
현지교육비
,
숙박비
,
기업배정비
,
보험
,
비자신청비
,
현지안전관리 및 멘토링비
불포함내역
:
현지용돈
(
교통비
,
식비 등
)
4.
선발기준
가
. 1
차 서류심사
나
. 2
차 영어 또는 독일어 및 인성 면접심사
5.
선발인원
:
총
O
명
호주, 독일인턴십 지원 안내
1.
신청서
접수
: 2014. 10. 14.(
화
) 09:00 ~ 10. 30.(
목
) 17:30
※
토
,
일
,
공휴일 제외
, 12
시
~1
시 제외
2.
지원 방법
:
방문 접수 후 이메일 접수
가
.
방문 접수
:
학생회관
501
호 경력개발센터로 신청서 제출 및 인터뷰 예약
1)
신청서 제출
:
(
첨부
1)
호주해외인턴십신청서 또는 (첨부4)독일해외인턴십신청서
나
.
이메일 접수
:
(
첨부
2)
호주인턴십지원서 또는 (첨부5)독일인턴십지원서
를 이메일 제출
(
recjob2@ssu.ac.kr
)
※
이메일 제출시 파일명
: ""지원국가_
학과
_
이름
.doc""
3. 문
의
가. 접수 문의
: 경력개발팀(02-820-0074)
나. 프로그램 문의 : IMG 담당자(010-3425-1719)
=================================================================
***
학점인정
***
1.
단기
(2
개월
,
경력개발센터에 서류 제출
) :
글로벌인턴
I –
최대
6
학점
(
일반선택
)
2.
장기
(4
개월 이상
,
해당 학과에 서류 제출
) :
글로벌인턴
II –
최대
15~18
학점
**
수강 신청 전
,
반드시 전공선택
+
일반선택 학과 승인 필요
**
장기의 경우
,
학과의 인정에 따라 학점 부여됨
(
전공
/
일반 선택 각 인정 학점 수
,
총 인정 학점 수
)
3.
학정 인정 관련 세부 안내
:
학교홈페이지
– ""
학사
""
공지탭
– “
[
학사
]
♣
현장실습 학점인정제 안내
♣
“
(
첨부서류도 반드시 확인 요망
)
2014. 10. 13.
경력개발센터장"
japanese_language,2015학년도 전기 대학원 신입생 모집 안내,N/A,2014-10-02,https://japanstu.ssu.ac.kr/%ed%95%99%ea%b3%bc%ec%82%ac%eb%ac%b4%ec%8b%a4%ec%95%8c%eb%a6%bc/%ea%b3%b5%ec%a7%80%ec%82%ac%ed%95%ad/?term_id&slug=1661,"1.
전형방법
:
서류심사 및 구술평가시험
2.
전형대상
:
국내
․
외 거주 내
․
외국인
(
외국인유학생은 편입학 모집 없음
)
3.
입시일정
구 분
입 시 일 정
비 고
모 집 공 고
2014
년
10
월
1
일
(
수
)
∼
홈페이지 및 교내
․
외 신문
원 서 접 수
2014
년
10
월
15
일
(
수
)
∼
24
일
(
금
) (10
일간
)
온
·
오프라인 접수 동시 진행
면접장소 및
평가자 입력
2014
년
11
월
3
일
(
월
) 24:00
까지
U-Saint
입학관리
–
학과 주임교수 입력
학과서류송부
2014
년
11
월
5
일
(
수
) (
예정
)
대학원교학팀 배부
전 형 일 시
2014
년
11
월
8
일
(
토
) 10:00
∼
각 학과 주임교수실
합격자 발표
2014
년
11
월
21
일
(
금
)
예정
대학원 홈페이지
합격자 등록
2015
년
1
월
12
일
∼
14
일
(
수
)
까지
우리은행 전국지점
4.
기타사항
가
.
접수방법
1)
내국인
:
대학원 입학시스템을 통한 온라인 접수
2)
외국인
:
입학원서
(
홈페이지 다운
,
국
․
영문
)
를 작성하여 우편 및 방문 접수
나
.
전형료
과정
2015
학년도 전형료
비고
내
․
외국인 석사과정
70,000
원
내
․
외국인 박사과정
80,000
원
이전글
2014학년도 2학기 졸업사정 오류정정 및 이수구분 변경 접수 안내
다음글
2014학년도 동계 해외인턴십(호주,독일) 설명회 및 접수 안내"
japanese_language,2014학년도 2학기 졸업사정 오류정정 및 이수구분 변경 접수 안내,N/A,2014-09-25,https://japanstu.ssu.ac.kr/%ed%95%99%ea%b3%bc%ec%82%ac%eb%ac%b4%ec%8b%a4%ec%95%8c%eb%a6%bc/%ea%b3%b5%ec%a7%80%ec%82%ac%ed%95%ad/?term_id&slug=1657,"2014
학년도
2
학기 졸업예정자를 대상으로 한 졸업사정 오류정정 및 이수구분 변경 접수에 대해 다음과 같이 안내합니다
.
1.
대상자
: 2014
학년도 전기
(2015
년
2
월
)
졸업예정자
2.
신청 접수기간
(
학생 신청기간
) : 9
월
29
일
(
월
) ~ 10
월
10
일
(
금
)
붙 임
1.
졸업사정 오류정정
,
이수구분 변경 신청서
1
부
.
2.
이수구분 인정 및 전공필수 예외처리 기준
1
부
.
3.
공지사항
–
졸업사정 오류정정 및 이수구분 변경 신청 안내
1
부
.
끝
."
japanese_language,2015학년도 1학기 오사카경제법과대학 교환학생 별도모집(~10/13),N/A,2014-09-25,https://japanstu.ssu.ac.kr/%ed%95%99%ea%b3%bc%ec%82%ac%eb%ac%b4%ec%8b%a4%ec%95%8c%eb%a6%bc/%ea%b3%b5%ec%a7%80%ec%82%ac%ed%95%ad/?term_id&slug=1655,"2015
학년도
1
학기 교환학생 별도모집 안내
국제교류팀에서는 일어일본학과 학생들에게 일본 자매대학에서의 수학 기회를 제공하기 위하여 특별히 별도로 교환학생을 모집하기로 하였습니다
.
1.
지원안내
지원기간
: ~10/13(
월
)
지원방법
:
첨부 교환학생 지원서 작성 후 국제교류팀
(
베어드홀
502
호
)
방문 제출
제출서류
:
지원서
(
첨부양식
),
성적증명서
(
열람기준
),
외국어성적증명서
2.
파견정보
파견대학
:
일본 오사카경제법과대학
(
大阪經濟法科大學
)
파견학기
: 2015
학년도
1
학기
파견기간
: 1~2
학기
3.
성적요건
누적학점
3.0
이상
(F
포함 열람기준
), JLPT N2
급 또는
JPT 600
점 이상
4.
지원자격
가
.
본교에서 한 학기 이상 수료한 학부 재학생
(
휴학생도 지원 가능
)
나
.
파견되는 학기가 학부 마지막 학기
(8
학기째
)
가 아닌 학생
※
졸업연기 등으로 인해
8
학기 이후에 졸업하는 경우에도
, 7
학기가 파견이 가능한 마지막 학기임
.
5.
접수비 납부
지원서류 접수 후 원서 접수비
(30,000
원
)
납부하여야 하며
,
미납부시 지원 취소됨
.
접수비 납부 절차는 접수 후 별도 공지 예정임
.
6.
제출서류
서약서 및 개인정보 제공 및 활용 동의서 함께 제출하여야 함
.
문의사항은 국제교류팀 전화
(820-0757~8),
또는 이메일
(study@ssu.ac.kr)
로 연락주시기 바랍니다
.
감사합니다
.
일어일본학과"
japanese_language,2014학년도 2학기 교직과정 이수 신청 안내,N/A,2014-09-16,https://japanstu.ssu.ac.kr/%ed%95%99%ea%b3%bc%ec%82%ac%eb%ac%b4%ec%8b%a4%ec%95%8c%eb%a6%bc/%ea%b3%b5%ec%a7%80%ec%82%ac%ed%95%ad/?term_id&slug=1653,"2014
학년도
2
학기 교직과정 이수 신청 안내
2014
학년도
2
학기 교직과정 이수 신청을 다음과 같이 실시합니다
1.
신청대상
:
교직 설치학과
(
부
)
소속
2014-2
학기
2
학년
(3
학기 또는
4
학기
)
재학생
2.
신청기간
: 2014. 9. 22(
월
) 10:00 ~ 12. 19(
금
) 17:00
3.
신청방법
: U-SAINT
학사관리
>
교직
>
평생교육
>
교직이수 신청
4.
주요내용
가
. 2014-2
학기 현재
4
학기인 재학생은 이번 학기에만 신청가능
나
.
교직이수자 선발은
2014-1, 2
학기 전체 대상자를 대상으로
2
학기 겨울방학 중 학과
(
부
)
에서 실시할 예정임
.
붙 임
:
교직이수 신청 방법
(
학생용
) 1
부
.
끝
."
japanese_language,2014-2학기 전공교재 판매 안내,N/A,2014-08-25,https://japanstu.ssu.ac.kr/%ed%95%99%ea%b3%bc%ec%82%ac%eb%ac%b4%ec%8b%a4%ec%95%8c%eb%a6%bc/%ea%b3%b5%ec%a7%80%ec%82%ac%ed%95%ad/?term_id&slug=1652,"2014
학년도
2
학기 일부 전공교재를 학과에서 할인하여 판매하오니 많은 이용바랍니다
.
판매기간
: 2014.09.01(
월
)-2014.09.17.(
수
)
1
학년
초급일어
2(
가반
,
나반
)
초급일어회화
2(
가반
,
나반
)
2
학년
일본어문어문법
영상일어
(
가반
,
나반
)
실용일어작문
(
나반
)
중급일어회화
1(
가반
,
나반
)
3
학년
비즈니스일어회화
)
4
학년
일본어학세미나"
japanese_language,2014-2 학과근로장학생 선발 안내,N/A,2014-08-25,https://japanstu.ssu.ac.kr/%ed%95%99%ea%b3%bc%ec%82%ac%eb%ac%b4%ec%8b%a4%ec%95%8c%eb%a6%bc/%ea%b3%b5%ec%a7%80%ec%82%ac%ed%95%ad/?term_id&slug=1651,"2014학년도 2학기 학과근로장학생 선발을 다음과 같이 실시합니다. 자격 요건 및 지원 방법을 숙지한 후 신청하시기 바랍니다.
1. 근로장학생 자격 및 선발기준
가) 2014학년도 2학기 한국장학재단 국가장학금을 신청완료(서류제출완료)한 자(1차 신청기간에 신청완료자에 한하며 소득분위제한 없음)
나) 직전학기 2.5이상/ 15학점 이상 취득한 자
다) 2014학년도 2학기 일어일본학과 재학생 (2014학년도 2학기 기준 2~7학기 재학생만 가능, 1학기 및 8학기 재학생 신청불가)
라) 해당학기 이전 등록휴학 후 복학하는 자(등록대체자) 불가
마) 학기 중 휴학 등 본인의사에 의해 중도포기하는 경우, 근로장학생 자격이 취소되며 장학금 지급 없음.
바) 타 장학금과 중복수혜 가능(근로장학금간 중복수혜 불가)
※ 기 선발된 장학금과 학과근로장학금을 포함하여 등록금액을 초과할 수 없음.
2. 선발인원
학과근로A 6 명
3. 근로장학생 장학금액 및 근로시간
학과근로A = 5,500원 X 220시간(주 10시간 X 22주(학기당)) = 1,210,000원
4. 근로장학금 지급
1) 지급방법 : 근로 후 개인계좌로 지급예정
2) 지급시기 :　2014-2학기 말
3) 정해진 근무시간을 지키지 못하고 근로를 중도에 포기하거나 휴학하는 학생은 근로장학금을 일체 지급받지 못하며 이후 학과근로 선발에서 제외될 수 있음.
5. 지원서 작성
1) u-SAINT → 등록/장학 → 장학메뉴 ‘근로장학금’ 신청 → 학과근로A 신청 → 지원서 출력 → 지원서(u-SAINT출력본) 제출
2) 지원서를 출력하여 학과 사무실로 제출하여야만 신청완료.
6. 신청기간
2014.08.18(월) ~ 2014.08.22.(금)
*22일 17:00까지 학과사무실로 서류제출한 자에 한함.
7. 제출서류
근로장학생 지원서 1부 (u-SAINT 출력본)
8. 선발결과
개별연락예정
9. 근무 개시일
2014년 9월 1일(월)
2014.08.19.
일어일본학과
2014-2 학과근로장학생 선발 안내"
japanese_language,2014학년도 이후 신입생 컴퓨터 활용 관련 자격증 취득 졸업 필수 요건,N/A,2014-08-25,https://japanstu.ssu.ac.kr/%ed%95%99%ea%b3%bc%ec%82%ac%eb%ac%b4%ec%8b%a4%ec%95%8c%eb%a6%bc/%ea%b3%b5%ec%a7%80%ec%82%ac%ed%95%ad/?term_id&slug=1650,"컴퓨터 활용 관련 자격증 학과
(
부
)
별 인정 여부
1. 2014
학년도 이후 신입학생은
MOS Excel expert
자격증
은 기본으로 취득하여야 함
2.
위 자격증에 추가하여
아래 표의 자격증을
1
개 이상 취득
하여야 함
.
다만
,
학과
(
부
)
별로 불인정하는 세부 자격증은 이를 취득하여도 인정하지 않음
인증
/
시행기관
자격증
세부자격증
불인정 학과
(
부
)
Microsoft /
YBM
Office
Specialist)
MOS Word Expert
건축
,
정보통신전자공
MOS Access
건축
,
정보통신전자공
MOS Outlook
건축
,
정보통신전자공
MOS OneNote
건축
,
정보통신전자공
MOS PowerPoint
건축
Adobe /
Softbank
Certified
Assoicate)
ACA Photoshop
정치외교
ACA Premiere
정치외교
ACA Illustrator
정치외교
ACA Dreamweaver
정치외교
한국생산성
본부
ITQ
(Information
Technology Qualification)
ᄒᆞᆫ글
정보통신전자공
,
글로벌미디어
MS
워드
정보통신전자공
,
글로벌미디어
한글엑셀
정보통신전자공
,
글로벌미디어
한글액세스
정보통신전자공
,
글로벌미디어
한글파워포인트
정보통신전자공
,
글로벌미디어
GTQ
GTQ Photoshop 1
급
, 2
급
정치외교
,
화학공
GTQ Illustrator 1
급
, 2
급
GTQ Flash 1
급
, 2
급
정치외교
,
화학공
ICDL
(International
Computer
Driving Licence)
ICDL
워드프로세싱
화학공
,
정보통신전자공
ICDL
스프레드시트
화학공
,
정보통신전자공
ICDL
프레젠테이션
화학공
,
정보통신전자공
ICDL
데이터베이스
ICDL
웹및커뮤니케이션
화학공
(
주
)
삼성
SDS
e-Test
Professional
e-Test Professional 4
급 이상
정치외교
,
언론홍보
,
건축
,
정보통신전자공
대한상공
회의소
워드프로세서
워드프로세서
(
단일등급
)
건축
,
정보통신전자공
,
글로벌미디어
컴퓨터활용능력
1
급
, 2
급
건축
,
글로벌미디어
※
프로그램의 버전과 자격증의 유효기간은 제한하지 않음"
japanese_language,일어일문학과 수강신청시 유의사항,N/A,2014-08-25,https://japanstu.ssu.ac.kr/%ed%95%99%ea%b3%bc%ec%82%ac%eb%ac%b4%ec%8b%a4%ec%95%8c%eb%a6%bc/%ea%b3%b5%ec%a7%80%ec%82%ac%ed%95%ad/?term_id&slug=1649,"<
수강신청시 유의사항
>
일어일문학과에서는 전공과목을 효율적이고 체계적으로 학습할 수 있도록 하기 위하여
,
다음과 같이 수강 세칙을 정하여 운영하고자 합니다
.
내용을 숙지하여 수강신청에 임하기 바랍니다
.
–
다 음
–
1.기본적으로
2
개 학년 아래 수업을 수강할 수 없음
.
– 3
학년은
1
학년 수업 수강 불가
4
학년은
1, 2
학년 수업 수강 불가
2.
재수강 신청자는 분반 선택 시 반드시
‘
재수강반
’
으로 선택해야 함
.
재수강이 아닌 경우에도 아래 학년 전공수업을 수강할 경우
,
반드시 재수강반으로 수강신청 해야 함
. C,D
학점 재수강 신청자는 최대 A-
까지 받을 수 있음
.
3.
위 사항에도 불구하고 특별한 사정이 있는 경우
–
편입생 및 전과생이
1
학년 전공기초 수업을 이수해야하는 경우 등
–
학과장님과 면담 후 수강 가부를 결정함
.
일 어 일 문 학 과"
japanese_language,"졸업요건(졸업논문계획서양식, 졸업논문양식)",N/A,2014-08-25,https://japanstu.ssu.ac.kr/%ed%95%99%ea%b3%bc%ec%82%ac%eb%ac%b4%ec%8b%a4%ec%95%8c%eb%a6%bc/%ea%b3%b5%ec%a7%80%ec%82%ac%ed%95%ad/?term_id&slug=1646,"졸 업 요 건
1. 7학기째인 학생 중 JPT 700점 이상(2009년 입학생부터/이전 입학생은 650점 이상) 및 JLPT N1급 자격증 미소지자는 논문계획서를 개강 후 20일까지 반드시 제출할 것. 논문계획서 양식은 첨부파일 참조.
2. 논문완본 제출은 8학기 11월말까지 (2월 졸업생), 5월말까지 제출(8월 졸업생).
3. 졸업논문양식은 첨부파일 참조.
4. 개인정보의 변경이 있을 경우 학사시스템에도 변경할 것.
5. 졸업이수구분은 수시로 확인하여 이상이 있을시 학과사무실에 문의바람.
일어일본학과"
