department,title,author,date,link,content
biomedical_science,[학부/일정 변경]2026년 8월 졸업예정대상자 졸업논문계획서 및 번역서 제출 안내,N/A,2025.09.08,https://bioinfo.ssu.ac.kr/%ea%b2%8c%ec%8b%9c%ed%8c%90/%ea%b3%b5%ec%a7%80%ec%82%ac%ed%95%ad/?term_id&slug=5859,"2026
년
8
월 졸업예정대상자 졸업논문계획서
및 번역서 제출안내
2026
년도
8
월 졸업예정자는
2025
년
11
월
28
일 금요일까지
지도교수 선정 및 졸업논문계획서
(
첨부파일
)
를
작성하여
학과 방문 혹은 학과 이메일
(bioinfo@ssu.ac.kr)
로 제출
해 주시기 바랍니다
.
제출 시 유의사항
1.
리뷰논문
/
실험논문 잘 체크해주시기 바랍니다
.
2.
논문지도교수님은 진로지도교수님과 다릅니다.
학생이 직접 논문지도교수님을 정하여 직접 메일로 연락드리고 온라인 혹은 오프라인으로 확인받은 후 졸업논문계획서를
제출해주시기 바랍니다
.
3.
이메일로 제출시 메일 제목 및 파일명
:
졸업논문계획서
_
학번 이름
(ex.
졸업논문계획서
_20201234
임현식
)
번역논문
(
리뷰논문
)
제출 예정자분들은 학기가 끝나기 전
12
월
12
일 금요일까지
졸업논문
1
차보고서
(
논문번역서 및 영어논문 원문
)
를 학과 이메일로 제출해주시기 바랍니다
.
졸업논문일정은 다음과 같습니다
.
상황에 따라 일정이 변경될 수도 있사오며
,
일정별로 안내가 될 예정이니
구체적인 일정과 내용은 홈페이지 공지를 참고해주시기를 바랍니다
.
1.
졸업논문계획서 제출
: 2025
년
11
월
28
일 금요일까지
2.
‘
리뷰 논문
’
시 논문 번역서 제출
: 2025
년
12
월
12
일 금요일까지
3.
논문 번역서
1
차 학부장 심사 및 이후 지도교수께 전달
: 2024
년
12
월
15
일
(
월
) ~
12
월
26
일
(
금
)
4.
이해도 대면 심사 및 결과보고서 제출
: 2026
년
2
월
20
일
(
금
)
까지
5.최종 졸업논문 작성 및 제출
: 2026
년
5
월
18
일
(
월
)
까지
*
자기표현으로 바꾸고 보충하여 졸업논문 작성 및 제출
6.최종 졸업논문 교수님 심사
: 2025
년
5
월
26
일
(
화
) ~ 5
월
30
일
(
금
)"
biomedical_science,[학부]2026학년도 2월 졸업예정자 최종 졸업논문 제출 안내(재학생 명단 정정),N/A,2025.09.02,https://bioinfo.ssu.ac.kr/%ea%b2%8c%ec%8b%9c%ed%8c%90/%ea%b3%b5%ec%a7%80%ec%82%ac%ed%95%ad/?term_id&slug=5843,"*** 25.09.22.(월)자로 재학생 명단을 새로이 업데이트 했습니다.
노란칸에 해당하는 학생들 중 26년 2월 졸업을 예정하는 학생은 ‘1차 보고서(리뷰 논문)’,
‘이해도 대면 심사 결과보고서(리뷰 논문, 실험 논문 해당)’를
가급적 9월 내 학부 사무실로 제출바랍니다. ***
–
대상
:
앞선 절차를 끝내고
,
방학 중 지도교수와 이해도 대면 심사 및 결과 보고서까지 과사에 제출한
2026년도 2
월 졸업예정자
(명단 확인 후 이상있는 학생들은 학부 사무실로 연락 바랍니다)
–최종 졸업논문제출 기간: ~2025년 11월 21일(금)
까지
/ 교수님들 심사 2025년 11월 24일(월) ~ 28일(금)
–
방법
:
자기표현으로 바꾸고 보충한 뒤 졸업논문제출 양식에 맞게
작성하여(
국문
/
영문 중
1
택
)
과사 이메일로 제출
(
bioinfo@ssu.ac.kr
)
–
해당자
:
첨부파일 참조
(*
누락되었을 시
,
학과 사무실로 연락 바랍니다
)
– 논문 내용 작성에 대한 부분은 지도교수님께 문의바랍니다.
*
졸업논문 종합안내
(
첨부
)
를 참고해 주시고
,
졸업논문제출 양식
(
첨부
)
을 다운로드하셔서 따라주시고
,
인용표기에 유의해주시기 바랍니다
.
논문을 번역
(
리뷰논문
)
하여 졸업논문으로 제출하고자 할 때는 반드시 첫 페이지 제목
옆에 윗첨자로
¹
⁾
이라 달고
,
첫 페이지 맨 아래에
¹
⁾
이 논문은
‘
전체 저자명
. (
연도
).
제목
.
저널명
Volume number,
시작
page-
마지막
page
번호
.’
의 논문을 번역한 것임
.
이라고 반드시 명시해야함
.
예를 들어 다음과 같이 인용해야 함
.
¹
⁾
이 논문은
‘Rogers, P.R., Song, J., Gramaglia, I., Killeen, N. and Croft, M. (2001). OX40 promotes Bcl-xL and Bcl-2 expression and is essential for long-term survival of CD4 T cells. Immunity 15, 445-455.’
의 논문을 번역한 것임
.
*
논문표절의 오해소지가 있으니 반드시 기입하여야 함
.
*
일정에 따르지 않는 학생을 졸업이 연기됨
.
*
논문번역서는 리뷰논문과 똑같은 포맷으로 작성
(
그림
,
도표 모두 입력
)
*
최종졸업논문은 첨부된 졸업논문양식에 맞게 작성
–
리뷰논문으로 선정한 논문의 길이
(PAGE
수
)
에 준하는 논문을 작성하여 제출하도록
합니다
.
–
리뷰논문으로 선정한 논문과 똑같은 내용이 될 수 없으며 반드시 자신의 언어로 해석한 내용으로 논문을 작성하여 제출합니다
.
*
전체 졸업사정을 보기를 원하시는 분께서는 학부교육의
<
기타 내규
>
를 참조해주시기
바랍니다
.
첨부
:
1.2026.2
월 졸업예정자 명단
2.
졸업논문양식
(
국문
)
3.
졸업논문양식
(
영문
)
(
첨부파일
2, 3
중 각자의 형식에 맞는 것을
1
택
/ 2, 3
모두 쓰는 것은 아님
)"
biomedical_science,[중요]세부 전공 교과과정 수정 및 25-2학기 설강 안내,N/A,2025.06.26,https://bioinfo.ssu.ac.kr/%ea%b2%8c%ec%8b%9c%ed%8c%90/%ea%b3%b5%ec%a7%80%ec%82%ac%ed%95%ad/?term_id&slug=5770,"의생명시스템학부 세부 전공 교과과정 수정 내용과 2025학년도 2학기 설강에 대해 다음과 같이 안내합니다.
1. 졸업 세부전공 교과과정 수정 내용
2025학년도 입학자와 이전 입학자는 아래 표에 따라 ‘생명공학전공(BT)’, ‘생명정보학전공(IT)’ 그리고 ‘생명정보 및 생명공학 전공’으로 세부 전공이 나뉩니다.
붙임 1의 파일을 참고하여 세부 전공을 확인
하여 주십시오.
몇 교과목의 구분이 변경되었으니 수강신청 시 상세히 살펴주길 바랍니다.
2. 2025학년도 2학기 설강 주의 사항
가.
‘면역질환’과 ‘의생명시스템특론2’는 금번 학기에 개설되지 않을 가능성이 높으니
수강신청 시 참고하여 졸업 일정에 차질이 없도록 계획을 세우도록 합니다.
나.
2학년 교과목 ‘응용미생물학’은 정원 40명 수업
입니다.
부득이 정원 초과로 인해 수강을 원하는 학생은 반드시 학부사무실(02-820-0450)로 먼저 문의
하도록 합니다.
*** 세부 전공 구분에 대해 추가 안내 드립니다.
2025년 6월, 교수님들간 회의를 통해 붙임의 세부 전공 교과과정이 만들어졌습니다.
이것의 목적은 학부생의 졸업에 도움이 되기 위해서입니다. 이 점을 우선 살펴주시기 바랍니다.
한 예로, 2020학번의 학생이 신설 과목인 ‘바이오의약(3학년 과목)’을 듣는 경우,
붙임의 표에는 ‘생명공학전공’에 해당 과목이 없지만 ‘2025학년도 입학자 이후’ 기준에는 해당 과목이 있으므로
2020학번 학생의 ‘바이오의약’ 과목은 3학년 생명공학전공(BT)로 구분됩니다.
학부사무실은 학생들의 졸업을 위해 마찬가지로 만전을 기하고 있다는 사실을 말씀드립니다."
biomedical_science,[학부/대학원]2025년 학부/대학원생을 위한 폭력예방교육(법정의무) 안내,N/A,2025.04.28,https://bioinfo.ssu.ac.kr/%ea%b2%8c%ec%8b%9c%ed%8c%90/%ea%b3%b5%ec%a7%80%ec%82%ac%ed%95%ad/?term_id&slug=5689,"1. 관련: 인권팀-201호(2025.04.14) 「2025학년도 본교 폭력예방교육 기본계획 수립」
2. 위 호와 관련하여, 다음과 같이 ‘2025년도 학부/대학원생을 위한 폭력예방교육’을 진행합니다. 각 대학 및 대학원에서는 학부/대학원 재학생(외국인 포함)에게 폭력예방교육 안내를 요청드리오며, 모든 재학생이 이수할 수 있도록 관심과 협조를 부탁드립니다.
3. 교육 개요
가. 과정명: 2025년  학부/대학원생을 위한 폭력예방교육
나. 기간:
‘2025.05.01.(목) ~ 2025.7.31(목)
다. 대상:  학부/대학원생
라. 방식: 온라인 동영상 강의 (한국어, 영어, 중국어 제공)
마. 내용: 성희롱, 성폭력, 성매매, 가정폭력, 인권, 성인지, 2차 피해
바. 이수기준 및 이수증: 언어별 1개 강의 100% 이수 시 이수증 발급
4. 교육 이수 방법
u-SAINT 로그인 → LMS 바로가기(왼쪽 메뉴 영역 중간) → 마이페이지(Learning)
→ 2025년 학부/대학원생을 위한 폭력예방교육→ ‘과목 홈 바로가기’ → 주차학습
→ 언어별 강의 선택 (한국어, 영어, 중국어 중 택 1 가능)
5. 안내사항
가. 미이수자 학기말 성적 조회 제한
1) 2025.06.23(1학기 종강일)까지 이수 시 성적조회 기간에 조회 가능
2) 2025.06.24(화)부터 성적조회 기간 내 이수 시 교육 이수 다음날 오후에 성적조회 가능
나. 이수율 저조 시 미이수자에게 독려 문자 및 메일 발송 예정.  끝."
biomedical_science,[장학]현용장학생 선발방식 변경에 관한 공지(안),N/A,2024.11.22,https://bioinfo.ssu.ac.kr/%ea%b2%8c%ec%8b%9c%ed%8c%90/%ea%b3%b5%ec%a7%80%ec%82%ac%ed%95%ad/?term_id&slug=5469,"[현용장학금은] 명예교수이신 신항철교수님께서 기부하신 금액으로 운영되는 장학금으로 2021년 부터 매 학기 한 명씩 성적우수자에게 지급되어 왔습니다.
그 동안 운영상의 문제점이 발견되어, 학과 회의를 거치고 신항철명예교수님의 허락을 받아 2024년 2학기 부터는 다른 방식으로 운영하게 되었습니다.
새로운 선정 방식은 다음과 같습니다.
1.성적과 가정 형편 및 학업 의지 등을 고루 평가
2. 서술형 지원서 (특별한 양식없음, 성적증명서 추가)를 작성해서 진로지도교수의 서명을 받아 학부장에게 제출
3. 학부교수들이 1차 선정을 하여 신항철교수님께 통과자 서류 전달
4. 신항철교수님께서 지원자와 지원액수 최종 결정
* 장학금은 다음학기 등록금 감면의 형태로 지급됨(따라서 다음학기 등록예정자만 지원가능)
* 수혜자는 1월 말 또는 2월 초에 실시되는  장학금 수혜식에 꼭 참석해야 함
* 지원 마감일은 매학기 별도 통지함"
biomedical_science,"화합물빅데이터, NGS데이터분석 과목 관련 안내",N/A,2024.07.20,https://bioinfo.ssu.ac.kr/%ea%b2%8c%ec%8b%9c%ed%8c%90/%ea%b3%b5%ec%a7%80%ec%82%ac%ed%95%ad/?term_id&slug=2400,"빅데이터컴퓨텅 융합전공의 필수 과목 중 우리 학부에서 개설된 “화합물빅데이터”와 “NGS 데이터분석”은 2024-2학기부터 이수구분-전공선택/융합필수로 인정됩니다.
(2024-2학기 이전 해당 과목을 들은 학생의 경우 입학년도에 상관없이 융합전공을 신청하셔야 합니다)
단,
화합물빅데이터 과목의 경우 23학년도 입학자부터 전공선택
으로 인정,
NGS데이터분석의 경우 22학년도 입학자부터 전공선택
으로 인정되어
해당 학년도 이전 입학자의
경우 최종적으로 융합전공 포기를 하는 한이 있더라도 졸업 전에 반드시 한번은 융합전공을 신청해야만 위의 과목을 전공선택으로 인정받을 수 있습니다.
*융합전공 포기시 해당 과목을 전공선택으로 인정받기 위해서는,
졸업직전학기에 융합전공 포기 신청-> 이수구분변경을 통해 전공선택으로 인정받을 수 있습니다."
biomedical_science,[학부]백마성적우수장학생 선발 기준 안내,N/A,2024.03.20,https://bioinfo.ssu.ac.kr/%ea%b2%8c%ec%8b%9c%ed%8c%90/%ea%b3%b5%ec%a7%80%ec%82%ac%ed%95%ad/?term_id&slug=5166,"의생명시스템학부의 경우
학교 내규 + 학과 내규(학부교육-장학금 안내 확인) 모두 충족
하여야  성적 장학금이 지급됩니다.
=====================================================================
*
학교 내규
(자격요건)
가. 2025학년도 1학기 국가장학금을 신청하여 소득분위 조회가 가능한 자
1) 국가장학금 1차 신청자에 한하여 등록금고지서 사전감면
2) 1차 미신청자: 2차 신청/서류제출 확인 후 지급
(2차 신청자 중 한국장학재단 구제신청 시 사후지급)
3) 국가장학금을 신청할 수 없는 대한민국 국적 미소지자도 선발 가능
(단, 순수외국인전형으로 입학한 외국인유학생은 선발 불가)
나. 2025학년도 1학기 재학 및 복학 예정자로 해당 학기 등록금 납부 예정인 자
1) 2025학년도 1학기 前 등록휴학 후 복학 시 선발 대상에서 제외(등록대체자)
2) 학기 중 미등록, 입학취소, 복학취소 등으로 인한 학적변동 시 모든 장학금 취소
3) 선발 후, 학기 중 휴학 시 백마성적우수장학금은 복학 학기로 이월
※ 추가 또는 교체 선발 시 재학 중인 학생만 선발 가능(휴학생에 대한 추가/교체 불가)
다. 직전 학기 15학점 이상 이수한 자(졸업 직전학기는 직전학기 12학점 이상)
라. 2025-1학기가 정규등록학기 8학기 이내인 자(건축학과 건축학전공: 정규등록 10학
기 이내인 자)
마. F학점 포함 학적부성적 기준 직전 학기
3.8 이상
인 자
바. 모든 교내장학금간 중복수혜 불가
1) 신청장학금 중 수혜금액이 큰 장학금으로 자동 선발
2) 중복수혜 가능 장학금: 국가장학금, 교외장학금, 학과우수장학금, 기타 학업장려비 지원 목적 장학금 등
사. 졸업예정자 선발 불가(조기졸업 대상자 포함)하므로 유의
*
학과내규
(학부교육-장학금안내와 동일한 내용)
1. 전공은 8학점 이상 신청해야함. (대학원 과목은 포함 안함)
2. 8학점 초과한 전공과목신청에 한하여 가산점 부가. 0.02*추가학점
산술식: 환산평점=취득평점+(취득평점*(총수강전공학점–8)*0.02)
예) A학생(8학점신청, 4.0)=4.0+(4.0*(8-8)*0.02)=4.0
B학생(11학점신청, 3.8)=3.8+(3.8*(11-8)*0.02)=4.03
따라서 B학생이 장학금을 수혜함.
3. 타 학과 개설 전공 과목은 인정하지 않고 우리 학부 개설 전공 과목만 인정함. (융합 전공, 복수전공, 부전공 이수 학생들에게도 똑같이 적용됩니다.)
위의 내규와 같이 환산한 평균이 같을 경우는 다음의 순서로 우선순위를 결정함.
(1) 전공학점의 100점 만점 점수
(2) 전체 수강 학점수
(3) 전체 학점의 100점 만점 점수
*재수강과목은 장학금 산정에서 제외됩니다.
*모든 조건을 만족하더라도 국가장학금을 신청하지 않은 학생은 교내 어떠한 장학금도 수혜불가입니다."
biomedical_science,지식재산 융합전공 이수 신청 안내,N/A,2021.07.08,https://bioinfo.ssu.ac.kr/%ea%b2%8c%ec%8b%9c%ed%8c%90/%ea%b3%b5%ec%a7%80%ec%82%ac%ed%95%ad/?term_id&slug=3314,"지식재산 융합전공의 신설에 따라, 아래 참여 학과(부)에서 소속 학생들을 대상으로
이수 신청
관련하여 안내드립니다.
1. 참여 학과(부):
법학과
,
국제법무학과
,
의생명시스템학부
,
기계공학부
,
소프트웨어학부
2. 다전공 이수 신청 관련
가. 신청 자격:
2
학기
~ 6
학기 이수완료자
나. 신청 기간:
7.12.(
월
)~ 14.(
수
)
– 자세한 내용은 링크 참조:
https://bit.ly/36hv4np
3. 붙임의 융합전공 종합이수가이드_활용 권장 (지식재산 융합전공 신규업데이트 버전)
4.
관련 문의: 교무처 학사팀 828-7403  / 대학교육혁신원 융합교육혁신팀 828-7437
◎
지식재산융합전공이란
?
– 산업적으로 이용가능한 고도화된 창작물을 독점적으로 이용하여 수익을 극대화할 수 있는 방안이 무엇 인지를 전반적으로 학습할 수 있도록 교육하는 인문계+이공계의 융합전공
– 4차산업혁명의 가장 큰 특징인 “학문간 융합, 다품종 소량생산, 1인 기업 확산”등에 부합하는 교과과정
– 자신이 소유한 지식재산을 통해 시장의 지배력을 확대, 고부가가치를 창출하고 이익을 극대화하는 방법을 학습하는데에 목적
◎
지식재산융합전공의 기대효과
– 융합전공을 이수하면 본인이 보유한 특허, 실용신안, 상표, 디자인, 저작물, 컴퓨터프로그램, 신품종, 반도체직접회로, 생명공학 창작물 등을 통해 시장을 지배하고 이익을 창출하는 방법을 습득하여 성공적인 창업가 양성 및 글로벌기업 성장 가능
– 혁신형 기술을 필요로하는 4차산업혁명, 승자독식의 시대에 글로벌 시장에서 중요한 인재로 성장 가능
– 학과간 융합을 통해 학생들에게 맞춤형 전공교육 제공 가능
◎
지식재산융합전공 이수방법
□ 기준: 융합필수 5과목(15학점)+융합선택 7과목(21학점) 이상
□ 융합필수:
절대평가실시
개설시기
개설학과
교과목명
2021-2
학기
법학과
IP Startup
2022-1
학기
국제법무학과
발명과 지식재산의 보호
2022-1
학기
의생명시스템학부
스마트 지식재산의 보호
2022-2
학기
기계공학부
4차 산업혁명과 지식재산
2022-2
학기
소프트웨어학부
스마트 지식재산의 응용
□ 융합선택:
각 참여학과 전공선택 중 지정된
9~10
과목
+
타학과 융합선택 지정 과목 중
21
학점 이수
-융합전공
미이수 또는 포기시
학점 인정: 융합필수 교과목은 교양선택으로, 융합선택 과목은 소속학과 개설 전공은 전공 교과목으로, 타 학과 개설 교과목은 교양선택으로 -융합전공 이수학생은 수강한 융합선택 교과목중 21학점까지 주전공 학점으로
중복인정
◎
융합전공 이수시 학위증 예시
◎
융합전공 포함 다전공 신청기간
□ 학생 신청 기간: 2021.07.12.(월) 00:00 ~ 2021.07.14.(수) 23:59
□
신청 자격
: 2학기~6학기 이수 완료자
□ 학과별 선발 진행: 2021.07.15.(목) ~ 2021.07.22.(목)
□ 학적 정보 반영 예정: 2021.07.23.(금)"
biomedical_science,★ 융합전공 포기 시 전공 학점 인정 관련 및 기타사항,N/A,2021.02.10,https://bioinfo.ssu.ac.kr/%ea%b2%8c%ec%8b%9c%ed%8c%90/%ea%b3%b5%ec%a7%80%ec%82%ac%ed%95%ad/?term_id&slug=2474,"<융합전공 포기 시 전공 학점 인정 관련 및 기타사항>
1.(융합전공 이수 포기 시) 융합필수 과목의 전공 이수구분 변경 인정 허용 과목
전공명
과목번호
융합필수 교과목명
개설학과
(
참여학과
)
적용대상 학생
소속학과
적용대상
개설학기
빅데이터
컴퓨팅
21506878
화합물빅데이터
의생명시스템학부
의생명
시스템학부
2020-1학기
부터~
21506955
NGS 데이터분석
의생명시스템학부
21506814
의생명영상처리
컴퓨터학부
21506879
바이오데이터마이닝
컴퓨터학부
21506931
빅데이터분산컴퓨팅
컴퓨터학부
2.요청 배경 및 적용 절차
가. 융합전공 이수를 포기할 경우, 위 교과목은 ‘일반선택’으로 구분ㅍ 변경됩니다.
나. 졸업 직전 학기 혹은 본인이 융합전공을 포기하는 학기에 학생은
본인이 유세인트에서 ‘다전공 신청’기간 동안 ‘융합전공 이수 포기 및 과목 전공선택 인정 신청’
을 해야 합니다.
3.기타사항
*졸업학기에 융합학점을 다 채우지 못할 경우, 반드시 융합전공 이수 포기 신청을 해야 합니다.
융합전공 학점을 다 못 채웠는데 융합전공 이수 포기 신청을 하지 않으면 졸업이 불가합니다."
biomedical_science,학점포기제 시행 및 재수강 기준 변경 안내,N/A,2021.01.26,https://bioinfo.ssu.ac.kr/%ea%b2%8c%ec%8b%9c%ed%8c%90/%ea%b3%b5%ec%a7%80%ec%82%ac%ed%95%ad/?term_id&slug=2428,"<학점포기제 시행 안내>
1.규정명: 3-1-2. 학칙시행세칙(학사과정) 제19조의2(학점포기)
2.내용 (2021학년도 8월 졸업 예정자부터 적용)
가. 학점포기 가능 과목: 이수한 과목이 폐지되어 재수강 불가인 과목
1) 학점포기 신청 방법
유세인트 → 학사관리 → 수강신청/교과과정 → 학점포기 신청
※ 본인 이수 과목 중 폐지과목 확인 방법(2020학년도 폐지 과목은 2021.02.15까지 업데이트 예정)
나. 학점포기 가능 대상: 졸업 예정자(그 외 재학생, 휴학생, 수료생, 졸업생 불가)
다. 학점포기 신청 시기: 졸업학기 성적 집계 마감 후
(2월 졸업생: 1월 중순 예정 / 8월 졸업생: 7월 중순 예정)
라. 학점포기 가능 학점: 최대 6학점
마. 학점포기 결과
1) 학적부 성적: 학점포기한 과목의 성적 남은 상태로 계산
증명(출력)용 성적: 학점포기한 과목의 성적 제외하고 계산
2) 증명용 성적증명서에 학점포기한 과목 옆에 ‘W’ 표기(기존 성적은 미표기)
(예시) 과목명 3.0 A+ (일반 성적)
과목명 0.0 W (학점포기 성적)
3.유의사항
가. 포기한 성적은 어떠한 경우에도 재인정하지 않음
나. 포기한 성적으로 인해 졸업 요건 충족에 문제 없어야 함
다. 졸업 시 수상자는 학점포기 전 성적으로 선발
라. 이미 취득한 성적에 의한 학사경고는 학점포기 해도 남아있음
마. 이수 과목은 폐지됐지만 대체과목이 있는 경우, 학점포기 또는 대체과목 재수강 중 선택 가능
<재수강 기준 변경 안내>
1.규정명: 3-1-2. 학칙시행세칙(학사과정) 제19조(재수강)
2.내용 (2021학년도 1학기부터 모든 학번에 적용)
구분
재수강 가능 성적
성적 한도
횟수 제한
C+ 이하
A-
총 8과목
∙ 한 과목을 여러 번 재수강 해도 한 과목 재수강으로 인정
∙ 학기당 재수강 횟수 제한 없음
∙ 이미 재수강 8과목 이상한 학생들은 더 이상 재수강 불가"
biomedical_science,학과 사무실 근무시간 안내,N/A,2021.01.04,https://bioinfo.ssu.ac.kr/%ea%b2%8c%ec%8b%9c%ed%8c%90/%ea%b3%b5%ec%a7%80%ec%82%ac%ed%95%ad/?term_id&slug=2434,"학과 사무실 근무시간 안내
학기 중 : 월 ~ 금  9:00 ~ 17:30
방학 중 : 월 ~ 금  10:00 ~ 17:00
점심시간 : 12:20 ~ 13:20"
biomedical_science,융합 전공에 관한 공지,N/A,2020.09.20,https://bioinfo.ssu.ac.kr/%ea%b2%8c%ec%8b%9c%ed%8c%90/%ea%b3%b5%ec%a7%80%ec%82%ac%ed%95%ad/?term_id&slug=1930,"올해 초에 융합전공과목의 전공 과목 인정에 관한 규정이 바뀌면서 융합전공 폐지를 고려했었으나, 학교 축과 협의 끝에 융합전공을 계속 유지하는 것으로 결정하였습니다. 새로 결정된 사항을 포함해서 중요한 규정들은 다음과 같습니다.
(1) 융합 전공을 신청하면 신청 시점 이전에 들었던 융합 과목들도 모두 소급해서 인정받습니다. 예를 들어 20년도 2학기에는 융합전공 폐지를 염두에 두고 융합전공 신입생을 받지 않았는데, 다음 번에 융합전공 이수를 신청하면 이미 수강한 융합 과목들을 모두 인정 받습니다.
(2)  융합 전공 이수를 포기하더라도 수강한 융합 필수 과목은 개설 학부와 관계없이 전공 선택 과목으로 인정받을 수 있습니다. 다만, 한번도 융합전공을 이수한 적이 없는 학생의 경우에는 융합필수과목을 교양과목으로밖에는 인정받지 못합니다. 따라서 융합필수과목을 전공과목으로 인정받고 싶다면 일단 융합전공 이수를 신청해야 합니다. 나중에 원하면 융합전공을 포기하면 됩니다.
융합전공을 이수하지 않으면서 올해에 융합필수과목을 이수한 학생들은 반드시 졸업 전에 융합전공 이수 신청을 하기 바랍니다.
(3) 융합 선택 과목의 경우, 우리 학부 개설 과목은 원래 우리 학부의 전공선택 과목이기도 하기 때문에 미이수자나 포기자의 경우도 당연히 전공 선택으로 인정받습니다. 컴퓨터학부 개설 융선 과목의 경우, 한 과목(바이오메디컬비전 및 응용)을 제외한 모든 융합선택 과목을 타학과개설 전공선택 인정과목으로(첨부파일 참조) 지정하고 있으며
타학과 전공인정제도가 변경된 융합선택 공지보다 우선하기 때문에
,
포기자와 미이수자 모두 대부분의 융합선택과목을 전공선택 과목으로 인정받을 수 있습니다.
다만, 포기자는 반드시 졸업 전에 이수 구분 변경 신청(융합→전선)을 하기 바랍니다.
일반적으로, 수강한 과목의 이수 구분을 변경하고자 하면(교양→융합, 융합→전선 등) 졸업 전에 이수 구분 변경 신청을 해야 합니다."
biomedical_science,2026학년도 1학기 학·석사연계과정 지원 및 선발 안내,N/A,2025.11.11,https://bioinfo.ssu.ac.kr/%ea%b2%8c%ec%8b%9c%ed%8c%90/%ea%b3%b5%ec%a7%80%ec%82%ac%ed%95%ad/?term_id&slug=5946,"2026학년도 1학기 학·석사연계과정 지원 및 선발을 아래와 같이 진행하고자 하니 관심있는 학사과정생들은 많은 지원 바랍니다.
1. 지원기간 : 2025.12.1.(월)~12.12.(금)
2. 모집학과 : 학사과정과 석사과정에 동일(또는 유사)학과가 있는 학과(계약학과 제외)
3.지원자격 :
다음 각호 모두 해당되는 자
가. 지원일 당시 학사과정 4학기 이상 6학기 이내 재학 중(건축학부 건축학전공은 6학기 이상 8학기 이내 재학 중)인 자 (학·석사연계과정 신청자는 조기졸업 신청을 할 수 없음)
나. 재수강 이전 과목, 학점포기한 과목, F학점 과목 등을 포함한 전체 과목의 총평점평균이 3.0 / 4.5 이상인 자 (학적부성적)
다. 7학기 또는 8학기(건축학부 건축학 전공은 9학기 또는 10학기)에 학사과정의 졸업요건을 충족할 수 있는 자
라. 지원하고자 하는 일반대학원 학과 주임교수와 지도교수의 추천을 받은 자
마. 지원하고자 하는 일반대학원의 동일(또는 유사)학과를 주전공 또는 복수전공으로 하는자
4. 제출서류
가. 학·석사연계과정 신청서(붙임 1) 1부.
나. 학적부성적 1부.
5. 지원방법 : 대학원 교학팀으로 방문 접수(웨스트민스터홀 658호)
6. 선발인원 : 석사과정 입학정원의 20%
7. 발표일 : 2026.1.23.(금) 예정 – 학과 및 개별 통지
8. 관련 안내
가. 대상 : 지원 가능 대상자 및 학과
나. 방법 : 안내문(붙임 2) 배포 및 대학원 홈페이지 공지
9. 문의처 : 대학원 교학팀(02-820.0258~9 , grad@ssu.ac.kr)
붙임 1. 학·석사연계과정 신청서 1부.
2. 2026-1 학·석사연계과정 안내문 1부.  끝."
biomedical_science,2026학년도 1학기 석·박사통합과정 지원 및 선발 안내,N/A,2025.11.03,https://bioinfo.ssu.ac.kr/%ea%b2%8c%ec%8b%9c%ed%8c%90/%ea%b3%b5%ec%a7%80%ec%82%ac%ed%95%ad/?term_id&slug=5932,"2026학년도 1학기 석·박사통합과정 지원 및 선발을 아래와 같이 진행하고자 하니 관심있는 석사과정생들은 하기 내용 확인 후 지원하시기 바랍니다.
1. 지원기간 : 2025.12.01(월)~12.12(금)
2. 지원자격
가. 일반대학원 석사과정 2학기 또는 3학기 재학생(복학예정자 포함)
나. 학업전념학생
다. 18학점 이상 취득 또는 취득예정인 학생
라. 석사과정 전공분야와 통합과정 지원 전공분야가 동일한 자
3. 제출서류
가. 공통 : 석·박사통합과정 지원서 1부(붙임 2)
나. 4대 사회보험 가입내역 확인서 1부
※ 4대 사회보험 정보연계센터(
www.4insure.or.kr
) 공인인증서 로그인 → [증명서발급]→
4대 사회보험 가입내역 확인 청구서 신청 → 4개 처리기관의 처리여부 “출력가능” 확인 후
증명서 출력
※ 강사는 다음의 요건 충족 시 예외적 지원 허용 : 주 6시간 이내 근무로 인한 4대 사회보험
가입은 별도의 증빙서류(경력증명서)제출 시 학업전념학생으로 인정
※
건강보험 지역가입자 중 사업장이 표기되어 있는 경우와 4대 사회보험 미가입자이나
종교기관에서 전임으로 재직하는 경우 등은 직장병행학생으로 간주하여 지원 불가함
4. 지원방법 : 제출서류를 작성하여 대학원 교학팀으로 제출(웨스트민스터홀 658호)
5. 선발인원 : 박사과정 전체 입학정원의 20%
6. 발표일 : 2026.01.23(금) 예정 – 학과 및 개별통지
7. 관련근거
■학칙시행세칙(대학원)
제67조(선발인원) 통합과정 선발인원은 박사과정 입학정원의 20% 범위 내에서 대학원 운영위원회에서 정한다.[본조신설 2014.11.29.]
제68조(지원요건) 통합과정에 지원하고자 하는 자는 다음 각 호의 요건을 모두 갖추어야 한다.
1. 일반대학원 석사학위과정 2학기 또는 3학기 재학생(복학예정자 포함)
2. 학업전념학생
3. 18학점 이상을 취득 또는 취득 예정인 학생
4. 석사과정 전공분야와 통합과정 전공분야가 동일
5. 지도교수의 추천[본조신설 2014.11.29.]
7. 기타
가. 수업연한
1) 4년(8학기) : 석사과정 입학 학기부터
2) 수업연한 단축 : 수업연한의 단축을 희망하는 경우 석·박사통합과정
6학기 또는 7학기 개시 전(방학중)
대학원 교학팀에 수업연한단축신청서를 제출하고 해당 학기 종료 시 수료요건 충족 및 총 평점평균이 4.0이상이면 6학기 또는 7학기에 수료가능.
단 학업전념학생(Full Time)만 수업연한단축신청이 가능함
나. 석사과정 종합시험 , 석사논문 면제
(
석·박사통합과정 선발 후 박사과정에 해당하는 종합시험만 인정)
다. 박사과정 입학금 면제
라. 안내 : 대학원 홈페이지 내 공지사항 게시
붙임  1. 석·박사통합과정 지원서 양식 1부
2. 석·박사통합과정 안내문 1부.  끝."
biomedical_science,[대학원/장학]2026학년도 전기 신입학 장학생 추천(입학성적우수장학금),N/A,2025.11.03,https://bioinfo.ssu.ac.kr/%ea%b2%8c%ec%8b%9c%ed%8c%90/%ea%b3%b5%ec%a7%80%ec%82%ac%ed%95%ad/?term_id&slug=5928,"2026년도 전기 정시모집 지원자 진학예정자
중 석사과정 입학성적우수장학생 추천을 다음과 같이 의뢰하니 추천자가 있는 경우 기한내에 서류 제출바랍니다.
장학금 개요
장학금명
석사과정 입학성적우수장학금
지원자격
본교 학부과정 졸업예정 내국인 석사과정 지원자 중 아래 기준을 충족한 자
(계약학과 졸업예정자 제외)
–
인문사회계열
: 학부과정 전 학년
누적 평균평점 3.3 이상
인 자(F 포함)
–
이공계열
: 학부과정 전 학년
누적 평균평점 3.0 이상
인 자(F 포함)
※ 2027-1학기 입학성적우수장학금 지급 학생 선발시부터 전액장학금 3.7이상, 반액장학금 3.3이상 으로 변경 예정
선발방법
일정 정원 내에서 우선순위를 고려하여 대학원장학위원회 심의를 거쳐 선발)
장학금액
– 인문사회계열: 수업료 전액 (최대 4학기)
– 이공계열: 수업료 반액 (최대 4학기)
지급방법
등록금 사전감면
중복수혜
– 반액 장학금 수혜자에 한해 RA장학금 중복수혜 가능
– 조교장학은 타 장학금 수혜여부와 관계없이 중복수혜 가능
유의사항
– 입학 후 매 학기 성적 A-(4.0)이상을 유지하여야 하며, 성적 미달 시 장학금 수혜자격을 상실하여 차학기부터 장학금을 지급하지 않음.
– 휴학 시 자격 상실하여 휴학한 학기부터 장학금을 지급하지 않음.
(질병, 군입대 등은 예외)
추천방법
가.
제출기한: 2025.11.6.(목)
나. 제출방법:
입학성적우수장학생 지원서 및 학업계획서
,
입학성적우수장학생
추천서
,
학적부성적
첨부해 학과 이메일로 송부(bioinfo@ssu.ac.kr)
[학업계획서 및 추천서 양식 새로 추가_
추천교수없을 시 지원불가
]
※ 반드시 F학점 포함된 학적부성적을 발급받아 제출할 것
다. 유의사항
1) 학부과정 출신학과와 대학원 지원학과가 상이한 경우
출신학과가 아닌 지원학과에서
추천하여야 함.
2) 지원자가 원서 작성시 출신학교나 학과를 오기재하여 붙임 명단에서 누락되었을 수도 있으니,
명단 외에도 장학금 지원자격을 갖춘 지원자가 더 있는지 확인 후 추천하여야함
3)
첨부 명단에는 개인정보가 포함되어있으니 관리에 유의하기 바람
4) 연간 선발 정원내에서 우선순위를 고려하여 대학원장학위원회 심의를 거쳐
일정인원 선발          [선발인원 : 인문사회계열-20명, 이공계열-80명 이내]
5) 전기 입학성적우수장학생 선발은 정시로 마감할 예정. 추후 수시 모집을 진행하더라도 장학생 선발 없음
붙임 : 1. 입학성적우수장학생 지원서 1부.
입학성적우수장학생 추천서 1부.  끝."
biomedical_science,[학사] 2025학년도 2학기 학부 중간 강의평가 실시 방법 변경 안내,N/A,2025.10.02,https://bioinfo.ssu.ac.kr/%ea%b2%8c%ec%8b%9c%ed%8c%90/%ea%b3%b5%ec%a7%80%ec%82%ac%ed%95%ad/?term_id&slug=5914,"2025학년도 2학기 학부 중간 강의평가 실시 방법이 하기와 같이 변경되었습니다.
학생 여러분들은 참고하여 주시기 바랍니다.
가. 2025학년도 2학기 학부 중간 강의평가 변경 사항 안내
구분
변경 전
변경 후
일정
2025. 10. 6.(월) 9:00
~ 10. 17.(금) 23:59
(6주차 ~ 7주차)
동일
실시
방법
· PC: u-SAINT 학사관리 → 수업/출석
→ 강의평가 실시 → 조회조건에서
학년도 및 학기 확인 후 “조회” 선택
→ 수강과목 선택 후 평가 실시
· 모바일: 스마트포탈 앱 → 우측 상단
메뉴 선택 → 수업 → 강의평가 →
수강 과목 선택 후 평가 실시
· u-SAINT 학사관리 → 수업/출석
→
강의평가 실시
→ 조회조건에서
학년도 및 학기 확인 후
“조회”
선택
→ 수강과목 선택 후 평가 실시
나. 변경 사유: 2025학년도 2학기부터 스마트포탈 앱 운영 중단에 따라
스마트포탈 앱을
통한 강의평가 실시 불가"
biomedical_science,[진로지도] 2025년도 2학기 진로지도교수제 상담 신청 최종접수 안내,N/A,2025.09.25,https://bioinfo.ssu.ac.kr/%ea%b2%8c%ec%8b%9c%ed%8c%90/%ea%b3%b5%ec%a7%80%ec%82%ac%ed%95%ad/?term_id&slug=5907,"진로취업센터는 2025년도 2학기 진로지도교수제 상담 관련 다음과 같이 최종 신청접수를 실시하오니 상담을 희망하는 학생들은 아래 안내를 확인하시기 바랍니다.
1. 내 용 :  2025-2학기 진로지도교수제 상담 희망자 신청 접수(최종)
2. 상세내용
가. 신청대상 : 1-2차 신청기간에 접수하지 않은 2~5학년 재학생 중 상담 희망자
나. 접수기간 : 2025.09.24.(수) 09:00 ~ 10.01.(수) 17:30
다. 접수방법 : 학교 홈페이지 공지사항의 안내에 따라 네이버 폼을 통해 신청
3. 신청방법
● 공지글 확인방법 : 학교 홈페이지(ssu.ac.kr) → 공지사항 → 비교과·행사 → 상단 공지 확인
● 네이버폼 주소 : https://naver.me/5AgcDmui
4. 향후 일정
가. 진로지도상담 최종신청접수 : 2025.09.24.(수) ~ 10.01.(수)
나. 신청자 취합 및 데이터 점검 : 2025.10.02.(목) ~ 10.14.(화)
다.
진로지도 상담 실시 : 2025.10.20.(월)~2026.02.27.(금)"
biomedical_science,10/2(목) 16:30 권동일 박사(예일 의과대학 면역생물학과),N/A,2025.09.23,https://bioinfo.ssu.ac.kr/%ea%b2%8c%ec%8b%9c%ed%8c%90/%ea%b3%b5%ec%a7%80%ec%82%ac%ed%95%ad/?term_id&slug=5904,"Mucosal unadjuvanted booster vaccines elicit local IgA responses by conversion of pre-existing immunity in mice
Abstract
Mucosal delivery of vaccine boosters induces robust local protective immune responses even
without any adjuvants. Yet, the mechanisms by which antigen alone induces mucosal immunity in
the respiratory tract remain unclear. Here we show that an intranasal booster with an unadjuvanted
recombinant SARS-CoV-2 spike protein, after intramuscular immunization with 1 μg of mRNA–
LNP vaccine encoding the full-length SARS-CoV-2 spike protein (Pfizer/BioNTech BNT162b2),
elicits protective mucosal immunity by retooling the lymph node-resident immune cells. On
intranasal boosting, peripheral lymph node-primed B cells rapidly migrated to the lung through
CXCR3–CXCL9 and CXCR3–CXCL10 signaling and differentiated into antigen-specific IgA-
secreting plasma cells. Memory CD4+ T cells in the lung served as a natural adjuvant for
developing mucosal IgA by inducing the expression of chemokines CXCL9 and CXCL10 for
memory B cell recruitment. Furthermore, CD40 and TGFβ signaling had important roles in
mucosal IgA development. Repeated mucosal boosting with an unadjuvanted protein amplified
anamnestic IgA responses in both the upper and the lower respiratory tracts. These findings help
explain why nasal boosters do not require an adjuvant to induce robust mucosal immunity at the
respiratory mucosa and can be used to design safe and effective vaccines against respiratory
pathogens."
biomedical_science,9/25(목) 16:30 우제영 팀장(마크로젠),N/A,2025.09.19,https://bioinfo.ssu.ac.kr/%ea%b2%8c%ec%8b%9c%ed%8c%90/%ea%b3%b5%ec%a7%80%ec%82%ac%ed%95%ad/?term_id&slug=5889,"1. 연사 : 마크로젠(Macrogen) 팀장 우제영
2. 세미나 제목 : Transcriptome Resequencing Data 분석 및 최근 동향
3. 세미나 초록 :
차세대염기서열분석(NGS)과 장독립(long-read) 플랫폼의 성숙으로 

전사체 재시퀀싱은 단순한 유전자 발현 정량을 넘어,

동형접합체/이형접합체 발현(allele-specific expression),
대체 스플라이싱, 유전자 융합, RNA 편집, 

비암호화 RNA 및 아이소폼 수준의 해석까지 포괄하는 정밀 분석 단계로 진화하고 있습니다.
본 세미나에서는 마크로젠이 대규모 코호트와 임상·제약 협력 프로젝트에서 축적한 실무 경험을 바탕으로
전사체 재시퀀싱의 분석 파이프라인과 최신 동향을 현장 지표와 함께 소개하고자합니다.
암 정밀의료, 희귀질환 등 전사체 재시퀀싱이 제공하는 실질적 임상 유용성과 한계를 균형 있게 논의하고, 

전사체 분석에 대한 간결한 사례와 함께 다루고자 합니다."
biomedical_science,[학사] 2025학년도 2학기 다전공 승인 처리 일정 안내,N/A,2025.09.16,https://bioinfo.ssu.ac.kr/%ea%b2%8c%ec%8b%9c%ed%8c%90/%ea%b3%b5%ec%a7%80%ec%82%ac%ed%95%ad/?term_id&slug=5886,"1. 관련 근거: 3-1-1 숭실대학교 학칙 제37조(다전공 과정)
2. 위 호와 관련하여 2025학년도 2학기 다전공(신청/변경/포기) 신청을 아래 일정과 같이 진행하고자 합니다.
학생 여러분들은 하기 일정에 따라 신청하시기 바랍니다.
구분
일자
학생 신청
2025.10.01.(수) ~ 2025.10.14.(화) 23:59
학과(부) 승인
2025.10.15.(수) ~ 2025.10.21.(화) 23:59
학사팀 반영/졸업사정 작업
2025.10.22.(수) ~ 2025.10.24.(금)
졸업사정표 확인
2025.10.24.(금) 이후"
biomedical_science,[상담] 2025년도 2학기 진로지도교수제 상담 신청 추가접수 안내,N/A,2025.09.12,https://bioinfo.ssu.ac.kr/%ea%b2%8c%ec%8b%9c%ed%8c%90/%ea%b3%b5%ec%a7%80%ec%82%ac%ed%95%ad/?term_id&slug=5883,"진로취업센터에서는 2025년도 2학기 진로지도교수제 상담 관련 아래와 같이 추가접수를 실시하오니 희망하는 학생들의 많은 신청 바랍니다.
1. 내 용 : 25-2학기 진로지도교수제 상담 희망자 추가 신청 접수
2. 상세내용
가. 신청대상 : 최초 신청기간에 접수하지 않은 25-2학기 2~5학년 재학생 중 상담 희망자
나. 추가접수기간 : 2025.09.12.(금) 09:00 ~ 09.18.(목) 17:30
다. 접수방법 : 학교 홈페이지 공지글 안내에 따라 네이버 폼으로 신청
3. 확인 방법
가. 공지글 확인방법 : 학교 대표홈페이지 접속(ssu.ac.kr) → 공지사항 → 비교과·행사 → 상단 공지사항 확인
나. 네이버폼 주소 : https://naver.me/5AgcDmui. 끝."
biomedical_science,[장학] 2025년 숭실대학교 교수협의회 장학생 선발 안내,N/A,2025.09.11,https://bioinfo.ssu.ac.kr/%ea%b2%8c%ec%8b%9c%ed%8c%90/%ea%b3%b5%ec%a7%80%ec%82%ac%ed%95%ad/?term_id&slug=5875,"2025학년도 숭실대학교 교수협의회 장학생 선발을 다음과 같이 안내하오니
본교 학 부 재학생(휴학생, 졸업유예 포함)의 많은 신청 바랍니다.
1. 수상내역
1) 학술영역 진리상: 전공영역과 관련하여 대외적으로 학교의 명예를 드높이거나, 대내적으 로 전공과 관련한 학술활동에 적극적으로 참여한 자.
2) 봉사영역 봉사상: 봉사활동을 통하여 국가 및 지역 사회에 도움을 주고자 적극적으로 활 동함으로써 학교의 명예를 드높인 자.
2. 선발인원
1) 진리상: 5명
2) 봉사상: 5명
3. 포상대상 및 포상내역
1) 포상대상: 본교 학부 재학생(휴학생, 졸업유예 포함)
2) 포상내역: 교수협의회에서 수여하는 장학증서와 포상금
(장학금 1인당 1,000,000원, 국가장학금과 중복 수혜가능)
4. 수상자 발표:
2025년 10월 14일(화) 예정
교수협의회 홈페이지 공지사항 (https://prof.or.kr/)
5. 장학증서 수여식:
2025년 10월 17일(금) 예정 (개교기
념일 수여식 행사)
6. 제출서류
1) 신청서(소정양식-붙임 양식 활용) 1부
2) 재학증명서 1부
3) 성적증명서 1부 (2025학년도 1학기 포함하여 재학기간 전체)
4) 추천서
– 자유양식, 추천인(교수 및 외부인사)이 직접 교협 메일로 추천서 송부
① 진리상: 소속학과(부) 전임교수 2인
② 봉사상: 소속학과(부) 전임교수 1인과 봉사관련 외부 인사 1인
5) 해당 영역 활동사항 및 사항별 증빙자료
6) 기타 심사에 도움이 되는 자료
7. 신청기간:
2025년 9월 22일(월)~10월 10일(금) 오후 5시
8. 접수 및 문의:
prof@ssu.ac.kr (이메일로만 접수 받습니다)
교수협의회 사무국 (02-820-0860)
※ 세부사항은 학교 홈페이지, 교수협의회 홈페이지, 숭대시보, 각 단과대학 게시판 등을 참조 바랍니다.
학생 여러분들의 많은 참여 바랍니다."
biomedical_science,[IN4-2-13] 2025학년도 2학기 AI 기반 맞춤형 학습지원(슈터디) 안내,N/A,2025.09.09,https://bioinfo.ssu.ac.kr/%ea%b2%8c%ec%8b%9c%ed%8c%90/%ea%b3%b5%ec%a7%80%ec%82%ac%ed%95%ad/?term_id&slug=5869,"2025학년도 2학기 학생 개인별 맞춤 학습지원을 위한  <AI 기반 맞춤형 학습지원(슈터디)>를 다음과 같이 운영하니, 학생 여러분들의 많은 참여 바랍니다.
1. 프로그램 개요
가. 프로그램명: 슈터디(SSUtudy)
나. 목적 및 기대효과
1) AI 기술이 적용된 학습 콘텐츠 활용을 통해 학생의 자기주도 학습 환경 조성 및 기초 학습역량 강화
2) 진단 평가 및 AI Tutor 시스템을 활용한 학습 수준 분석과 수준별 개인 맞춤형 학습지원 제공
다. 대상: 학부 재학생(휴학생 포함)
라. 지원 과목: 기초 수학, 기초 과학, 기초 영어(신설) ※ 자세한 과목 내용은 붙임 파일 참조
마. 주요 서비스 기능
1) 과목별 기초학력 진단평가
2) 진단평가 결과에 따른 AI 기반 수준별 맞춤형 학습 콘텐츠 제공
– 오답 등 학습 데이터 기반 추가 학습 자료 제공 및 추천 학습 문항 제시
3) 학습 참여율, 학습 결과 분석 등 학습 내용 통계
4) AI 챗봇 학습 도우미 서비스 통한 개별 질의응답 및 피드백 가능
5) 운영 결과 보고서 제공
바. 운영 일정
구분
기간
비고
신청 기간
2025. 9. 8.(월) ~ 9. 21.(일)
슈패스(SSUPATH)에서 접수
학습 콘텐츠 이용 기간
2025. 9. 23.(화) ~ 2026. 2. 13.(금)
1차 진단 평가 기간
2025. 9. 23.(화) ~ 9. 30.(금)
*필수, 마감 이후 응시 불가능
2차 진단 평가 기간
2025. 12. 15.(월) ~ 2026. 1. 30.(금)
*필수, 마감 이후 응시 불가능
과제(인증) 제출 기간
2025. 12. 16.(화) ~ 2026. 1. 30.(금)
*이수 인증(2차 진단 평가 화면 캡쳐)
*필수, 마감 이후 제출 불가능
사. 신청방법: 슈패스(https://path.ssu.ac.kr) 로그인 후, 비교과 프로그램에서 “2025-2학기 슈터디(SSUtudy)” 신청
붙임: 2025-2학기 슈터디 홍보 자료 1부.  끝."
biomedical_science,2025학년도 2학기 국가장학금 신청자 가구원 동의 안내,N/A,2025.09.08,https://bioinfo.ssu.ac.kr/%ea%b2%8c%ec%8b%9c%ed%8c%90/%ea%b3%b5%ec%a7%80%ec%82%ac%ed%95%ad/?term_id&slug=5853,"2025학년도 2학기 국가장학금 신청 학생의 가구원 동의가 원활하게 이루어 질수 있도록 학생 여러분들의 확인 바랍니다.
1. 요청사항
가. 홍보내용 각 학과(부) 홈페이지 공지
나. 홍보내용 학생회 공유 및 학생 안내(SMS 발송 등)
2. 홍보내용(학교 홈페이지 공지사항 참조):
바로가기
3. 세부안내
가. 가구원 정보제공 동의 기간: 2025.09.17.(수) 18:00 까지(온·오프라인 동일)
나. 동의대상 가구원 범위
– 미혼: 학생의 부·모 모두
– 기혼: 학생의 배우자
※ 가구원 동의 절차 미완료 시 국가장학금 지원이 불가하며, 장학규정에 따라 교내장학금
지원도 불가함
붙임 가구원 정보제공동의 상세 절차 각 1부. 끝."
biomedical_science,[학사 규정] 2025학년도 2학기 유고결석 제도 운영 안내,N/A,2025.08.28,https://bioinfo.ssu.ac.kr/%ea%b2%8c%ec%8b%9c%ed%8c%90/%ea%b3%b5%ec%a7%80%ec%82%ac%ed%95%ad/?term_id&slug=5838,"2025학년도 2학기 유고결석 제도 운영을 다음과 같이 안내합니다.
1. 관련 규정:
「학생생활규정」 제22조(유고결석)
2. 운영 계획
가. 취지: 본교에서 정한 유고결석 사유에 해당하는 불가피한 사유로 결석할 경우, 이를 출결 관리에 적절히 반영함으로써 학생이 출석에 대한 불이익을 받지 않도록 하기 위함.
나. 대상: 2025학년도 2학기 본교 재학생
다. 사유별 운영 계획
결석 사유
해당 사례
인정 기간
제출 서류
본인 결혼
본인의 결혼
당일부터 7일
· 혼인관계증명서
· 청첩장
혈족 사망
2촌 이내
당일부터 5일
· 사망진단서
· 가족관계증명서
4촌 이내
당일부터 3일
질병(최대 3회)
입·퇴원
입·퇴원 일자
· 입·퇴원확인서
통원
진료 당일 1일
· 진단서, 진료확인서, 통원확인서 중 1개
병무관계
예비군, 신체검사, 군 면접
해당 일
· 신체검사확인서
· 면접 확인서
공식 행사
체육대회, MT 등
행사 기간
· 단과대학 유고결석 승인 협조 요청 공문
※ 상기 기준의 세부 내용 및 기타 유의사항은 [붙임1] 참고
라. 유의사항
1) 유고결석은 반드시 학생 본인이 직접 신청하여야 하며, 대리 신청은 불가함.
2) 필수 제출 서류가 누락될 경우 유고결석 승인이 불가함.
3) 개인적인 사유(예: 기업 면접, OT, 행정부서 또는 학과(부) 소모임 등)는 유고결석 사유로 인정되지 않으며, 해당 사유에 따른 결석은 승인되지 않음.
3. 유고결석 신청 절차 안내
순서
대상
절차 내용
비고
1
학생
u-Saint 시스템을 통한 신청
사유 발생일로부터 10일 이내 본인 직접 신청
2
학생서비스팀
증빙서류 검토
사유의 적절성 확인
3
담당 교원
결석 인정 여부 최종 승인
총 수업일 수의 3분의 1 미만
붙임
1. 2025학년도 2학기 유고결석 안내사항 1부.
2. 재학생 유고결석 신청 방법 매뉴얼 1부.   끝."
biomedical_science,2025학년도 2학기 교내장학금 2차 신청 안내,N/A,2025.08.22,https://bioinfo.ssu.ac.kr/%ea%b2%8c%ec%8b%9c%ed%8c%90/%ea%b3%b5%ec%a7%80%ec%82%ac%ed%95%ad/?term_id&slug=5833,"2025학년도 2학기 교내장학금 2차 신청을 다음과 같이 안내하니 협조하여 주시기 바랍니다.
1. 교내장학금 자격요건
가. 2025학년도 2학기 국가장학금 신청 및 서류제출을 완료하고 소득분위가 조회된 자
(국가장학금 지급 대상 분위의 경우 심사가 완료된 자)
※ 국가장학금 1차 신청기간: 2025.05.23(금) 9:00 ~ 06.23(월) 18:00[마감]
국가장학금 2차 신청기간: 2025.8.13(수) 9:00 ~ 9.10(수) 18:00
나. 2025학년도 2학기 재학 및 복학(예정)자로 등록금 납부 예정인 자
1) 2025학년도 2학기 前 등록휴학 후 복학 시 장학생 선발대상에서 제외
2) 미등록, 입학취소, 복학취소, 휴학 등 학적변동 시 모든 장학금 취소
다. 직전학기 15학점 이상 이수한 자(최종 직전학기는 12학점)
라. 정규등록학기가 8학기 이내인 자(건축학부 건축학전공은 10학기 이내)
2. 학생 신청 절차
가. 온라인 신청 및 서류제출기간:
2025.9.1(월) 9:00 ~ 2025.9.26(금) 17:30
나. 신청방법: u-SAINT포털 → 등록/장학 → 장학 → 장학금 신청
다. 서류제출: 온라인 신청기간 내 방문 및 등기우편제출 가능(세부내용 붙임 파일 참조)
※ 단, 전문자격시험합격자장학금의 경우 등기우편 불가
붙임 1. 2025학년도 2학기 교내장학금 2차 신청공고 1부
2. 장학금 선발자격 및 제출서류 안내 1부
3. 장학금 신청매뉴얼(교내장학금 신청) 1부. 끝."
biomedical_science,2025년학년도 예비군 1차 기본훈련 편성 안내,N/A,2025.08.21,https://bioinfo.ssu.ac.kr/%ea%b2%8c%ec%8b%9c%ed%8c%90/%ea%b3%b5%ec%a7%80%ec%82%ac%ed%95%ad/?term_id&slug=5830,"■ 훈련 기간 / 시간 : 09. 15(월)∼18(목), 09. 22(월)∼09.23(화)09:00∼18:00
■ 훈련 장소 : 강남·서초과학화예비군훈련장(서울특별시 서초구 내곡동 31-61) 전화02)576-6637
■ 훈련 제대 편성
구분
계
9. 15(월)
9. 16(
화
)
9. 17(수)
9. 18(목)
9. 22(월)
9. 23(화)
3,060
487
512
526
512
511
512
훈련
·경영대학
·법과대학
·
자연과학대학
·자율전공학부
·대학원
·공과대학(A)
·경제통상대학
·공과대학(B)
·사회과학대학
·IT대학(A)
·IT대학(B)
·인문대학
·교수
※ 일부 학과는 훈련장 일일 인원수용 여건에 따라 조정했습니다
– 9
월
15
일
(
월
)
: 경영대학, 법과대학
– 9
월
16
일
(
화
) :
자연과학대학
,
자율전공학부, 대학원
–
9
월
17
일
(
수
)
: 공과대학(A)
(
건축학부
,
신소재공학과
,
전기공학부
)
, 경제통상대학
– 9
월
18
일
(
목
)
: 공과대학(B)
(
기계공학부
,
산업정보시스템공학과
,
화학공학과
)
, 사회과학대학
– 9
월
22
일
(
월
)
: IT대학(A)
(
전자정보공학부
,
컴퓨터학부
,
미디어경영학과
)
– 9
월
23
일
(
화
)
: IT대학(B)
(AI
융합학부
,
글로벌미디어학부
,
소프트웨어학부
,
정보보호학과
)
, 인문대학
■ 행정 사항
○ 신분증 지참 : 운전면허증, 주민등록증, 여권 등 가능,
학생증 불가
(
미 휴대시 훈련 참석 불가)
○ 예비군 홈페이지
https://www.yebigun1.mil.kr/dmobis/index_main.do
소속 및 훈련 일자 확인
후 재학생만 훈련 가능
△ 훈련 불가 대상 : 휴학, 수료, 제적, 자퇴, 8학기이상 초과학기자, 졸업자 등
○ 훈련 복장 준수 : 전투복, 전투화, 전투모, 고무링, 요대 등 (미착용 시 훈련참석 불가)
○ 피복 대여 참고 사항
– 사전 예비군 연대 방문 훈련전 피복 신청 후 피복 대여증 휴대 훈련장 제출
– 본인 전투복, 전투화 직접 훈련장으로 가지고 와서 1대1 교환 전투복 미휴대시 훈련 입소 불가
○ 출발 장소 : 베어드 홀 입구(07:10)
○ 운행 시간 : 학교⇨강남·서초과학화예비군훈련장(07:10∼07:30, 2∼3분 간격)
○ 복귀 시간 : 강남·서초과학화예비군훈련장 ⇨학교(18:00∼)
○ 개별 출발자 훈련장 도착 시간 08시 50분 까지(대중교통 이용 시 학교 ⇨ 훈련장 1시 30분 소요)
* 대중교통 : 양재역, 서초문화예술회관 앞 ⇒ 강남·서초과학화예비군훈련장 하차
(버스 : 광역버스(9404번, 9408번, 9409번 등), 간선번스(741번, 452번 등))
○ 지연입소 불가(09:00 이후 훈련입소 불가능)
■ 훈련 일자 변경 불가
○ 부득이한 사정(수업, 시험, 입원 등 사유)으로 훈련 참석 불가 자는, 연기 신청 및
훈련 전
·
후
전국단위 훈련 신청(예비군 홈페이지
https://www.yebigun1.mil.kr/dmobis/index_main.do
)
※ 연기 신청시 예비군 연대 방문 연기원서 작성 및 서유서 제출
■ 예비군훈련 면제 지침 안내문
○ 숭실대 예비군 연대입니다.
극한호우에 따라 “25년 8월 6일부
광주 북구, 경기포천시, 충남 천안시·공주사·아산시·당진시·부여군·
청양군·홍성군, 전남 나주시·함평군, 경북 청도군, 경남 진주시·의령군·
하동군·함영군, 광주 공산구 어룡동·삼도동, 세종 전동면, 충북 청주시
옥사면·오창읍, 충남 서천군, 판교면·비인면, 전남 광양시 다압면,
구례군 간전면·토지면, 화순군 이서면, 영광군 군남면·염산면, 신안군
지도읍·임자면·자은면·흑산면, 경남 밀양시 무안면, 거창군 남상면·
신원면이 특별재난지역으로 추가 선포 되었습니다.
○ 특별재난지역으로 선포된 지역에서 피해를 입은 예비군은 당해
년도 예비군훈련 중 이월훈련을 제외한 잔여훈련을 면제받습니다.
○ 피해를 입으신 예비군은 지자체에서 발행하는 ”피해사실 확인서“를
발급받아 예비군 연대로 제출하시면 되겠습니다.
○ 예비군이 특별재난지역에 거주하지 않더라도, 특별재난지역에
거주하는 부모 또는 자녀가 피해를 입은 경우에도 적용이 가능하면
피해사실 확인서와 가족관계 증명서를 제출하시면 되겠습니다.
이외 주의사항은 붙임의 파일을 참조하시면 됩니다."
biomedical_science,(9/15~9/17) 2025학년도 2학기 수료생 논문등록(연구등록) 안내,N/A,2025.08.06,https://bioinfo.ssu.ac.kr/%ea%b2%8c%ec%8b%9c%ed%8c%90/%ea%b3%b5%ec%a7%80%ec%82%ac%ed%95%ad/?term_id&slug=5827,"학과 사무실에서 2025학년도 2학기 수료생 논문등록(연구등록)을 안내합니다.
2025학년도 2학기 논문 제출 예정인 수료생들은 기간 내 등록하시기 바랍니다.
1. 등록대상
가. 수료생 연구등록 자격을 갖춘 자로서 2025학년도 2학기
논문 제출 예정자
나. 재학생은 해당 없음
※ 단,
2025-2학기 논문 제출 예정인 학점등록생
(석사, 박사 5학기 이상, 석박사 통합과정 9학기 이상 재학생)
2. 논문등록자격 (아래의 ‘가~다’ 모든 자격사항 해당자)
가. 수료생(영구수료 해제자 포함)
나. 종합시험 합격자
※ 2025-2학기 응시자도 가능하나,
불합격시, 논문 제출 및 연구 등록비 환불이 불가함
다. 논문지도교수를 배정받고 석사과정은 2개학기, 박사 및 석박사 통합과정은 3학기 이상
논문지도를 받은 자
3. 등록기간
:
2025. 9. 15.(월)~17(수) 09:00 ~ 16:00
4. 등록금액
가. 석사 : 80,000원
나. 박사 및 석박사통합과정 : 120,000원
5. 등록방법
가. U-SAINT 에서 기타납부금고지서를 출력 및 확인 후 해당 계좌로 등록금액 입금
1) 등록기간 내 u-SAINT 에 로그인하여 ‘등록/장학_기타납부금고지서출력’ 메뉴에서
계좌를
확인 후 입금
2) 고지서는
9. 15.(월)부터 확인 가능
6. 기타
가. 논문등록비 납부 확인
※ U-SAINT로그인 후 등록/장학_등록금납입이력조회 메뉴에서 납부 다음날부터 확인 가능
나. 연구등록증명서
1) 연구등록증명서는 수료생연구등록비를 납부한 학생에 한해 납부 다음날 부터 발급가능
2) 발급방법
가) 교내 조만식기념관 1층, 신양관 1층 발급기를 통한 발급
나) 인터넷 증명 발급
다. U-SAINT 로그인 문제는 학생서비스팀 Help Desk(02-820-0067~8)
로 문의해 주시기 바랍니다.
감사합니다."
biomedical_science,[학사팀] 2025-1학기 졸업예정자 대상 세부전공 배정 안내,N/A,2025.07.24,https://bioinfo.ssu.ac.kr/%ea%b2%8c%ec%8b%9c%ed%8c%90/%ea%b3%b5%ec%a7%80%ec%82%ac%ed%95%ad/?term_id&slug=5801,"안녕하세요. 의생명시스템학부 사무실입니다.
2025학년도 8월 졸업생 학위증 세부전공 지정 관련 안내드립니다.
아래의 링크를 확인 후
[학번,이름,본인이 이수한 과목]을 기재하여 7월 28일 월요일 오전 10시
까지
학부 메일로 회신
바랍니다.
25.06.25.의생명시스템학부 세부 전공 표기
메일제목 : 학번/이름/세부전공명( ex)생명정보및생명공학전공)
2025.08월 졸업예정이나 아직 졸업확정 신고를 하지 않은 학생들은, 졸업확정 신고 후 세부전공관련 메일 회신바랍니다."
biomedical_science,2025-여름방학 학사경고자 및 학사경고위험군 대상상담 프로그램 안내,N/A,2025.07.22,https://bioinfo.ssu.ac.kr/%ea%b2%8c%ec%8b%9c%ed%8c%90/%ea%b3%b5%ec%a7%80%ec%82%ac%ed%95%ad/?term_id&slug=5787,"2025
학년도 여름방학 학사경고자 및 학사경고위험군 대상 상담 프로그램을 다음과 같이 안내합니다
.
1.
상담 프로그램 개요
가
.
목적
:
학사경고자
(
평점평균
1.5
미만
)
와
학사경고위험군
(
평점평균
1.5
이상
2.0
미만
)
학생의 학습 동기 제고 및 성적 향상
나
.
상담 대상
구분
대상
상담 참여 시
학사경고자
2025-1
학기 학사경고자
수강신청 최대 가능학점 제한 해제
(15
학점 →
19
학점
)
이전 학사경고자 중
2025-2
학기 복학 대상
학사경고위험군
2025-1
학기 학사경고위험군
–
이전 학사경고위험군 중
2025-2
학기 복학 대상
※
2025-1
학기 학사경고자 및 위험군 여부는 성적이 확정된
2025. 7. 5.(
금
)
이후 확인 가능
다
.
상담 프로그램 운영 주체
1)
1
차
학과
(
부
)
상담
:
학과
(
부
)
진로지도교수
※ 외국인 유학생도 학과에서 상담하는 것을 원칙으로 하되
,
언어 소통 등 어려움이 있는 경우에는
1
차 상담을 국제팀으로 배정 가능
2)
2
차
전문상담
:
교수학습혁신팀 및 상담팀
※
2
차 전문상담을 받아야 수강신청 최대 가능학점 제한 해제됨
라
.
상담 프로그램 운영 기간
구분
1
차
·2
차 상담
수강신청 가능학점 제한 해제
정규 기간
(
정규 수강신청기간 전
)
2025. 7. 8.(
화
) ~ 2025. 7. 28.(
월
) 16:00
8. 1.(
금
) 16:00
이후
추가 기간
(
정규 수강신청기간 후
)
2025. 8. 11.(
월
) ~ 2025. 8. 22.(
금
) 16:00
8. 29.(
금
) 16:00
이후
2.
참여 방법
가
.
상담 절차
구분
학사경고자
학사경고위험군
설문응답
u-SAINT
→ 학사관리 → 성적
/
졸업
→ 학기별 성적조회 → 팝업 설문지 응답
해당 없음
1
차 학과상담
학과
(
부
)
에서 개별 연락 예정
※ 만약 별도 연락이 없을 경우
,
학생이 직접
소속학과
(
부
)
에 문의해야 함
해당 없음
2
차 전문상담
–
아래 전문상담 프로그램 세부내용 확인 후
,
학생이 개별 신청
※ 수강신청 가능학점 제한 해제를 위한 상담
프로그램 의무이수 횟수
–
학사경고
1
회
:
상담프로그램
1
회
이수
학사경고
2
회
:
상담프로그램
2
회
이수
자율 참여
나
.
전문상담 프로그램 세부내용
프로그램명
(
주관 부서
)
세부내용
학습코칭
(
교수학습혁신팀
)
프로그램 구성
:
학습검사를 바탕으로
,
전문가와의 검사 결과 해석 및
1
대
1
학습코칭을 제공하여 학생 맞춤형 진로설정과 학습전략 수립 지원
*학생 신청방법
: SSU-PATH
시스템 상담
·
코칭 메뉴
*진행
:
신청  안내 및 사전 검사 실시
(U&I or MLST-II)
 대면 또는 온라인
(ZOOM)
코칭 진행
이수 기준
: 2
회기
(2
시간
)
이상 진행 시
,
전문상담 프로그램 이수
1
회로 인정
WAKE UP
워크숍
(
교수학습혁신팀
)
프로그램 구성
: WAKE UP
워크숍을 통해 개인별 학습 유형 및 특성에 대한 이해를 제공하고
,
학습에 대한 동기와 전략을 탐색할 수 있도록 체계적으로 지원
*학생 신청방법
: SSU-PATH
시스템
**진행
:
대면 워크숍
(2
일 연속 진행
,
각
3/4
시간
,
총
7
시간 이수
)
이수 기준
: WAKE UP
워크숍 참여 시
,
전문상담 프로그램 이수
2
회로 인정
Mind Care
심리검사 및 상담
(
상담팀
)
※최대
24
명까지 신청 가능
프로그램 구성
:
사전 온라인 검사를 수행하여 학생의 학업부진 요인을 점검하고 심리적 안정을 지원함
.
내적 동기강화를 통해 학습동기를 강화하고
,
심리적 증상에 따라 필요할 경우 지속적인 개인 상담으로 연계함
*학생 신청방법
: SSU-PATH
시스템 
‘25-1
학기 학사경고자 및 학사경고위험군
Mind Care’
검색  신청
*진행
:
신청  안내 및 사전 온라인 검사 실시  센터 방문  검사 해석 및 개인 상담
(
센터 방문 시 소요시간
:
약
1
시간
30
분
~ 2
시간
)
3.
문의
가
.
학사팀
: 02-828-7404
나
.
교수학습혁신팀
: 02-828-7132
다
.
상담팀
: 02-820-0813"
biomedical_science,2025학년도 2학기 영구수료 해제(학위논문 제출가능 연한 연장) 신청 안내,N/A,2025.07.02,https://bioinfo.ssu.ac.kr/%ea%b2%8c%ec%8b%9c%ed%8c%90/%ea%b3%b5%ec%a7%80%ec%82%ac%ed%95%ad/?term_id&slug=5778,"2025학년도 2학기 영구수료 해제(학위논문 제출가능연한 연장) 신청을 다음과 같이 안내합니다.
1. 신청대상
가. 신청일 현재 영구수료인 자 및 신청 학기에(2025.08.31) 영구수료 예정인 자
나. 신청학기로 부터 2년 내에 학위를 취득할 수 있는 자
※ 석사과정은 입학한 때로부터 6년, 박사과정은 입학한 때로부터 10년 내에 학위를 취득하지 못할 경우 영구수료 상태가 됨
※ 위에 해당하는 대상 중
2025학년도 2학기
에 논문 진행을 하고자 하는 경우 반드시 기간 내 신청해야 함
2. 신청기간 : ~ 2025.08.01(금)
3. 신청방법 : 제출서류를 구비하여 신청기간 내
학부 사무실로 제출
4. 제출서류 : 영구수료 해제 신청서 1부(붙임 1 양식 참조)
5. 영구수료 해제 후 학위취득 가능 기한 :
2025.09.01~2027.08.31(해제일로부터 2년)
6. 유의사항
가. 영구수료 해제는 통산 1회에 한하여, 해제 신청 후 2년 경과하였으나 학위를 취득하지 못한 경우 더 이상 학위취득의 기회가 없음
나. 학위과정별 학위취득에 관한 요건을 사전에 필히 확인 요망
7. 관련학칙
학칙시행세칙 제32조(제출가능연한) ①
석사과정의 학위논문은 입학일로부터 6년 이내, 박사과정 및 석․박사통합과정은 10년 이내에 제출하여야 한다. 다만, 군복무기간 및 휴학기간은 제외한다.
②
학위논문 제출가능연한이 만료되어 영구 수료된 자 중에서 정당한 사유가 있는 경우 주임교수의 추천과 대학원장의 승인을 얻어 1회에 한하여 승인한 학기로부터 2년까지 연장할 수 있다.
붙임 : 1. 영구수료 해제 신청서 1부.  끝."
biomedical_science,[워크숍 안내] Molecular Modeling & Simulation Workshop,N/A,2025.06.25,https://bioinfo.ssu.ac.kr/%ea%b2%8c%ec%8b%9c%ed%8c%90/%ea%b3%b5%ec%a7%80%ec%82%ac%ed%95%ad/?term_id&slug=5766,"학부 및 대학원 학생들에게 ‘Molecular Modeling & Simulation Workshop’에 대해 안내합니다.
관심있는 여러분들의 많은 참여 바랍니다.
(아래 링크 접속)
Molcube-Symposium
올해 처음으로
MolCube
Workshop을 준비하며, 이론적인 측면보다는 좀 더 실제 연구에서 직접적으로 사용될 수 있는 실용적인 측면을 강조하였습니다. 전체 Workshop 기간 중 상당 부분을 MolCube가 개발한
MolCube-Apps platform
을 이용하여, Molecular modeling 그리고 Molecular simulation의 준비, 실행, 분석을 같이 연습하고 실제 연구에 어떻게 활용할 수 있는지 고민하는데 할애하였습니다.
소위 말하는 CADD (computer-aided drug discovery)의 전문가가 아니더라도, 실험하시는 분들이나, 이번에 관련 분야에 대해 공부하고 싶으신 분들이 함께 할 수 있도록 Workshop의 내용을 준비하였습니다. 많은 참여 부탁드리며, 장소 및 여러 편의를 제공하여 주신 대상주식회사 임직원들께 감사드립니다.
모든 예시나 연습이 웹사이트 상의
MolCube-Apps
를 통해 진행됨으로, 참석자는 laptop을 꼭 가지고 오셔야 합니다. 이번 Workshop은 무료로 진행되며, 지원자의 Workshop 지원동기가 참가 최종 승인을 결정하므로, 잘 작성해 주시면 고맙겠습니다."
biomedical_science,[장학] 현용장학금지원공고,N/A,2025.06.24,https://bioinfo.ssu.ac.kr/%ea%b2%8c%ec%8b%9c%ed%8c%90/%ea%b3%b5%ec%a7%80%ec%82%ac%ed%95%ad/?term_id&slug=5754,"현용장학금 지원이 시작되었습니다.
1.  지원서(첨부)를 작성하여 진로지도 담당교수님께 서명을 받고 성적증명서와 함께 학부사무실로 제출
2.  타 장학금(백마장학금 등)을 받는 학생도 지원 가능하나 지원서에 “타 장학금 수혜” 란에 정확히 기재 바람
3.  25년도2학기 등록하는 학생만 지원 가능
4.  2025년 7월 15일 마감
학생 여러분들의 많은 지원바랍니다.
——————————————————————————————————————————————————————–
‘현용장학금’은 명예교수이신 신항철 교수님께서 기부하신 금액으로 운영되는 장학금으로
2021년 부터 매 학기 한 명씩 성적우수자에게 지급되어 왔습니다.
그 동안 운영상의 문제점이 발견되어 학과 회의를 거치고 신항철 명예교수님의 허락을 받아
2024년 2학기 부터는 다른 방식으로 운영하게 되었습니다.
새로운 선정 방식은 다음과 같습니다.
1. 성적과 가정 형편 및 학업 의지 등을 고루 평가
2. 서술형 지원서 (특별한 양식 없음, 성적증명서 추가)를 작성해서 진로지도교수의 서명을 받아 학부장에게 제출
3. 학부교수들이 1차 선정을 하여 신항철교수님께 통과자 서류 전달
4. 신항철교수님께서 지원자와 지원액수 최종 결정
* 장학금은 다음학기 등록금 감면의 형태로 지급됨
(따라서 다음학기 등록예정자만 지원가능)
* 수혜자는 1월 말 또는 2월 초에 실시되는  장학금 수혜식에 꼭 참석해야 함
* 지원 마감일은 매학기 별도 통지함"
biomedical_science,2025학년도 2학기 교내장학금 시행 및 신청 안내,N/A,2025.05.26,https://bioinfo.ssu.ac.kr/%ea%b2%8c%ec%8b%9c%ed%8c%90/%ea%b3%b5%ec%a7%80%ec%82%ac%ed%95%ad/?term_id&slug=5737,"2025학년도 2학기 교내장학금 시행 및 신청을 다음과 같이 안내하니 기간 내 신청하시기 바랍니다.
1. 교내장학금 자격요건
가. 2025학년도 2학기 국가장학금 신청(1차: ~ 2025.06.23(월) 18:00까지 신청) 및 서류 제출을 완료하고 소득분위가 조회된 자
나. 2025학년도 2학기 재학 및 복학(예정)자로 등록금 납부 예정인 자
1) 2025학년도 2학기 前 등록휴학 후 복학 시 장학생 선발대상에서 제외
2) 미등록, 입학취소, 복학취소, 휴학 등 학적변동 시 모든 장학금 취소
다. 직전학기 15학점 이상 이수한 자(최종 정규학기의 경우, 직전학기 12학점 이상)
라. 정규등록학기가 8학기 이내인 자(건축학부 건축학전공은 10학기 이내)
2. 학생 신청절차
가. 온라인 신청 및 서류제출기간 :
2025.6.2(월)10:00 ~ 2025.06.27(금) 17:30
※ 2차: 2025. 09. 01(월)~ 2025. 09. 26(금) 예정
나. 학생 신청방법: u-SAINT포털 → 등록/장학 → 장학메뉴 → 장학금 신청
다. 학생 서류제출: 온라인 신청기간 내 방문 및 등기우편제출 가능(세부내용 붙임 파일 참
조)
※ 단, 전문자격시험합격자장학금의 경우 등기우편 불가
3. 관련 부서 및 협조사항
가. 신청 홍보: 단과대학 교학팀 및 모든 학과(부) – 홈페이지, SNS 등
나. 학생 선발 명단 제출: 아래 부서에만 해당
장학금명
관련부서
협조사항
국제교류장학금
국제팀
1. 온라인 신청없음 (학생문의응대 협조)
2. 부서 장학생 자격 검증 및 장학생 추천3. 기간 내 국가장학금 신청 독려
특기자장학금(축구)
학생서비스팀
특기자장학금
(골프,당구)
스포츠학부
장애학생장학금
장애학생지원센터
자립준비청년장학금
사회공헌팀
목사자녀장학금
학원선교팀
1. 학생문의응대 협조
2. 신청서류 자격 검증 및 해당 장학생 추천
3. 기간 내 국가장학금 신청 독려
전문자격시험합격자
장학금
진로취업센터
봉사장학금
봉사장학금
추천 전 부서
1. 대상자 기간 내 국가장학금 신청 독려
2. 기타 봉사장학금 자격 요건 미리 확인하도록 예정자에게 사전 안내 요망
-평점평균 : 2.3 이상
-학기말까지 임기를 완료한 자 등
위 내용 확인하시어 장학 혜택 받으시기 바랍니다."
biomedical_science,2025학년도 1학기 연구실 안전교육 (신규) 실시 안내,N/A,2025.05.15,https://bioinfo.ssu.ac.kr/%ea%b2%8c%ec%8b%9c%ed%8c%90/%ea%b3%b5%ec%a7%80%ec%82%ac%ed%95%ad/?term_id&slug=5729,"1. 관  련
가. 연구실 안전환경 조성에 관한 법률 제20조 (교육·훈련)
연구실 안전환경 조성에 관한 법률 제20조(교육ㆍ훈련)
① 연구주체의 장은 연구실의 안전관리에 관한 정보를 연구활동종사자에게 제공하여야 한다.
② 연구주체의 장은 연구활동종사자에 대하여 연구실사고 예방 및 대응에 필요한 교육ㆍ훈련을 실시하여야 한다.
나. 안전총괄팀 – 413호 (2025.05.09.) ‘2025학년도 1학기 연구실 안전교육 (신규) 실시’
2. 2025학년도 1학기 신규 연구활동종사자에 대한 연구실 안전 집체 교육을 시행하니 신규 연구활동종사자들은 신규교육을 받으시기 바랍니다(해당자 개별 문자 안내 完).
3. 교육 개요
가. 교육 대상자 : 신규 연구활동종사자 (15명)
나. 교육 일자 :
2025.05.15.(목), 05.16.(금) 13:30 (2일 간)
※ 대상자는 2일 중 1일을 택하여 교육을 이수하여야 함.
다. 교육 장소 : 베어드홀 102호
라. 교육 시간 : 2시간
마. 교육 방법 : 집체 교육
바. 행정 사항
1) 연구실 안전교육(신규) 참여자에게 모바일 커피 쿠폰 증정 예정
2) 연구실 안전교육(신규)는 집합 교육만 인정됨
이 외 문의사항은 안전총괄팀 김채름 선생님(02-820-0198)에게 문의하시기 바랍니다."
biomedical_science,2025-1학기 졸업 처리를 위한 업무 절차 안내,N/A,2025.05.14,https://bioinfo.ssu.ac.kr/%ea%b2%8c%ec%8b%9c%ed%8c%90/%ea%b3%b5%ec%a7%80%ec%82%ac%ed%95%ad/?term_id&slug=5722,"2025-1학기 졸업 처리를 위한 일정과 업무 절차를 아래와 같이 안내합니다.
1. 2025-1학기 졸업 관련 일정
구분
학생 신청 기간
학과 승인 기간
학사팀 처리 기간
다전공 포기/
이수구분 변경 1차
04/07(월)~05/14(수)
05/15(목)~05/21(수)
05/22(목)~23(금)
다전공 포기/
이수구분 변경 2차
06/02(월)~06/08(일)
06/09(월)~06/13(금)
06/16(월)~17(화)
졸업논문/
시험 결과 입력
–
~06/30(월)
다전공 포기/
이수구분 변경 3차
07/01(화)~07/06(일)
07/07(월)~07/14(월)
07/15(화)~16(수)
졸업 확정 신고 1차
06/01(일)~06/20(금)
–
06/27(목)
졸업 확정 신고 2차
07/01(화)~07/18(금)
–
07/25(금)
졸업 일자
2025/08/22(금)
– 학사팀 처리 일자에 따라 변동 가능"
biomedical_science,[학부] 학부생을 위한 연세 세브란스 디지털헬스센터 세미나,N/A,2025.05.09,https://bioinfo.ssu.ac.kr/%ea%b2%8c%ec%8b%9c%ed%8c%90/%ea%b3%b5%ec%a7%80%ec%82%ac%ed%95%ad/?term_id&slug=5718,"관련:
제
23
대
의생명시스템학부
학생회
주최
진로
세미나
내용
2025
년
의생명시스템학부
진로
세미나를
아래와
같이
안내드립니다.
세미나
개요
가.
주제:
의료
데이터
기반
ICT
연구의 “
Convergence
Playground”
나.
일시:
2025
년
5
월
9
일 (
금)
오후
6
시
다.
장소:
숭실대학교 베어드홀 제1대강의실 (01102)
라.
연사:
연세
디지털헬스센터
데이터서비스팀
김영아
팀장
마.
주요
내용:
의료기관
소속
연구소의
팀장이
되어
연구한다는
것
병원
연구소의
연구와
일반
연구소의
차이
연구원이
되기까지의
준비
과정
및
ICT
기반
연구소에서의
연구
생활"
biomedical_science,[학부][장학팀]2025학년도 1학기 특별재난지역(산불피해)지원 장학금 장학생 선발 안내,N/A,2025.04.28,https://bioinfo.ssu.ac.kr/%ea%b2%8c%ec%8b%9c%ed%8c%90/%ea%b3%b5%ec%a7%80%ec%82%ac%ed%95%ad/?term_id&slug=5691,"2025학년도 1학기 특별재난지역(산불피해)지원 장학금 장학생 선발 안내
1. 지원목적: 2025년 산불 화재로 경제적 곤란과 어려움에 처한 학생에게 장학금 지원하여 학비 부담을 경감하고 학업에 대한 동기를 부여하고자 함
2. 지원대상: 2025년 산불로 인하여 피해를 입은(학부모 또는 학생이 특별재난지역 거주)학부 재학생
3. 자격요건
가. 2025학년도 1학기 등록한 학부 재학생
나. 2025년 산불로 인한 피해 사실이 확인된 자
다. 정규등록 8학기 이내인 자(건축학과 건축학전공은 정규등록 10학기 이내)
4. 지원금액: 피해사실확인서에 따라 학교가 정한 금액
(생활비 지원 목적 최대 300만 원)
5. 선발일정 및 제출서류
가. 일정
1) 신청기간: 2025.5.23.(금) 15:00까지
2) 결과발표: 2025.5.30.(금) 예정
3) 장학금지급: 6월 중
(대표학생 10명에게 해당 장학금 기부자에 대한 감사편지를 요청드릴 수 있으니 양해부탁드립니다.)
나. 제출서류
1) 장학금 신청서(붙임파일)
2) 피해사실확인서(관할 주소지 행정복지센터 등 관공서에서 발행)
3) 가족관계증명서(피해자와의 관계 확인용)
※ 제출서류는 2025년 3월 이후 발급분에 한하여 유효함
다. 신청방법: 제출서류를 장학팀 이메일(
ser@ssu.ac.kr
)로 송부
6. 문의: 학생처 장학팀 교외장학 담당(02-820-0819)
붙 임: 장학금 신청서 양식 1부. 끝."
biomedical_science,[숭실대 캠퍼스타운]석박사급 실험실 창업스쿨 프로그램 참여 요청,N/A,2025.04.21,https://bioinfo.ssu.ac.kr/%ea%b2%8c%ec%8b%9c%ed%8c%90/%ea%b3%b5%ec%a7%80%ec%82%ac%ed%95%ad/?term_id&slug=5685,"이 프로그램은 석박사급 연구인력들(학부생 및 창업 관심자 포함)에게 공통적인 학업 배경을 가진 선배들의 창업 성공사례를 공유하여 창업에 대한 친화적 인식을 제고하는 것을 목표로 하고 있습니다.
1. 프로그램명: 석박사급 실험실 창업스쿨_유형1
2. 운영일시:
25.04.25.(금)
14~16시_ 차미선 대표_(주)메디팹, 서울대 의대 보라매병원 출신랩, 바이오헬스케어 100억이상 투자유치
25.05.02.(금) 14~16시_이성수 대표_에이와이이노베이티브 대표. 숭실대 전자정보공학부 교수
3. 참여대상: 석박사급 연구인력(학부생가능), 창업관심자
4. 강의 장소: 숭실대학교 벤처관 2층 벤처스튜디오(오프라인 진행)
5. 신청방법: 구글폼신청
https://docs.google.com/forms/d/1P-O8ppI629-4zXNoP9xkw79GhwiLzMGKAUDIJmVSM0M/edit"
biomedical_science,"[대학원]학업전념(풀타임)학생 조사 요청(~5/9(금), ~12:00)",N/A,2025.04.21,https://bioinfo.ssu.ac.kr/%ea%b2%8c%ec%8b%9c%ed%8c%90/%ea%b3%b5%ec%a7%80%ec%82%ac%ed%95%ad/?term_id&slug=5682,"붙임파일의 학업전념/직장병행 상태 확인 후 내용이 변경된 경우,  5월 9일 금요일 오전까지 학과 메일 회신 요청드립니다.
2025년도 4월 현재 재학 중 학생들의 실태조사를 위해 학업전념/직장병행 상태를 조사하고자 하니 각 학과에서는 첨부파일의 재학생의 상태를 확인 후 기한 내 회신하여 주시기 바랍니다.
1. 대상 : 2025년 4월 기준 재학생(휴학생 및 외국인 제외)
2. 확인내용
가. 학업전념(풀타임) : 국민건강보험 개인자격득실확인서 내용상 ‘직장가입자’를 제외한 전부
나. 직장병행(파트타임) : 국민건강보험 개인자격득실확인서 내용상 ‘직장가입자'(4대보험 직장가입자)
다. 2025년 5월 현재 학업전념/직장병행 상태 확인
라. 첨부파일의 학업전념/직장병행 항목에 확인된 내용 입력
3. 제출기한 : 2025.05.9(금)"
biomedical_science,[학부/장학]2025학년도 국가우수장학금(이공계) 신규장학생(성적우수 및 재학중우수자 유형) 신청 안내,N/A,2025.04.16,https://bioinfo.ssu.ac.kr/%ea%b2%8c%ec%8b%9c%ed%8c%90/%ea%b3%b5%ec%a7%80%ec%82%ac%ed%95%ad/?term_id&slug=5677,"[문의: 장학팀]
2025학년도 국가우수장학금(이공계) 신규장학생(성적우수 및 재학중우수자 유형) 선발 관련하여 소속 학과(부) 학생들이 신청할 수 있도록 홍보하여 주시기 바랍니다.
1. 홍보내용(자세한 내용은 학교 홈페이지 공지사항 참조)
가. 성적우수 유형:
바로가기
나. 재학중우수자 유형:
바로가기
2. 세부안내
가. 지원대상: 자연과학대학, 공과대학, IT대학, 베어드학부대학 자유전공학부 재학생
※ 자유전공학부 학생도 신청가능하나 장학금 수혜 후 비이공계로 진급한 경우, 장학생
자격박탈 및 수혜한 장학금 전액 반환
장학금 유형
장학금액
추천인원
제출서류
성적우수
4년간 등록금 전액
(정규 등록학기 내)
7명
지원서 및 학업계획서,
개인정보 동의서
재학중우수자
2년간 등록금 전액
(정규 등록학기 내)
7명
지원서 및 학업계획서,
개인정보 동의서
나. 학생 신청기간(학생→장학팀): 2025.04.25.(금) 15:00까지
– 점심시간 12:20~13:20 및 토․일요일 접수 불가
3. 제출장소: 장학팀(미래관 106-2호)
※ 방문제출 또는 우편제출(서류가 미비한 경우, 탈락될 수 있음/ 기한내 도착분에 한함)
※ 우편주소: 06978 서울시 동작구 상도로 369 숭실대학교 미래관 106-2호 장학팀. 끝."
biomedical_science,[대학원]2025학년도 1학기 연구장려장학금 신청 안내,N/A,2025.04.16,https://bioinfo.ssu.ac.kr/%ea%b2%8c%ec%8b%9c%ed%8c%90/%ea%b3%b5%ec%a7%80%ec%82%ac%ed%95%ad/?term_id&slug=5674,"[문의 : 일반대학원 교학팀(02-820-0257~9)]
1. 장학제도 안내
가. 신청자격
1) 일반대학원 소속 재학생 중 수업연한 이내인 재학생 (석사 및 박사과정 4학기, 석박사통합과정 8학기 이내)
2) 국제저명학술지 또는 국내저명학술지에 논문을 게재한 자
나. 지급금액: 100,000원 (게재논문 1건당 대표 1인에게 지급)
※ 1인당 수혜 횟수, 타 장학금과의 중복수혜 제한 없음.
※ 학기별 예산금액 범위 내에서 선발·지급하며, 예산범위를 초과할 경우
타 장학금 중복
수혜여부, 연구장려장학금 수혜여부 등을 검토하여 대상자 선발함.
※
논문지 등급 및 IF(Impact Factor)에 따라 지급 우선 순위 부여
됨
※ 본교 교수 공저자 논문만 인정 (추가사항)
다. 유의사항
1)
2025.01.04.이후 게재된 논문에 한해 장학금 신청 가능 (게재예정 제외)
※ 2024학년도 2학기 연구장려장학금 신청기간 후 게재된 연구실적 인정
※ 2025학년도 1학기 입학자는 입학일자 이후 게재실적 인정
2)
박사과정 학위청구논문 제출자격을 위한 연구실적으로는 장학금 신청 불가
3) 1인당 수혜 횟수의 제한은 없으며, 타 장학금과 제한 없이 중복수혜 가능
2. 신청방법 안내
가. 신청기간: 2025.05.01.(목)~2024.07.04.(금)
나. 신청방법: 신청서 및 증빙서류 대학원 교학팀으로 방문 또는 이메일 제출
1) 방문제출: 웨스트민스터홀 658호
2) 이메일 제출: 스캔본 첨부해
grad@ssu.ac.kr
로 제출
※
이메일 신청 시 제목을 반드시 “연구장학금 신청”으로 지정하여 제출하여야 함.
다. 제출서류
– 장학금 신청서 (붙임 양식)
– 논문게재확인서 (확인서가 발급되지 않는 경우, 게재확정 안내 이메일 등 제출 가능)
– 논문 인쇄본
붙  임 : 장학금 신청서 양식 1부.  끝."
biomedical_science,[상담센터] 2025학년도 재학생 대학생활 및 정신건강 실태조사 협조 요청,N/A,2025.04.09,https://bioinfo.ssu.ac.kr/%ea%b2%8c%ec%8b%9c%ed%8c%90/%ea%b3%b5%ec%a7%80%ec%82%ac%ed%95%ad/?term_id&slug=5669,"상담센터에서 재학생(학부생, 대학원생)을 대상으로 진행하는 ‘2025학년도 재학생 대학생활 및 정신건강 실태조사’에 많은 학생들이 참여할 수 있도록 각 대학 및 대학원의 적극적인 안내와 홍보를 요청 드립니다.
1. 2025학년도 재학생 대학생활 및 정신건강 실태조사 개요
가. 기간: 2025.04.02.(수) ~ 04.25.(금)
나. 대상: 본교 재학생 (학부생, 대학원생/ 유학생 포함)
다. 방법: 아래 링크에서 설문 조사 진행
https://seolmoon.com/?2855M
라. 내용: 대학생활 및 정신건강에 대한 전반적인 실태 파악
마. 언어: 국문, 영문, 중문, 베트남어
바. 활용
1) 개인정보 동의자에 한해 정신건강 항목에 대한 응답 결과를 응답자에게 제공
2) 정신건강 항목을 통해 고위험군을 식별하고 조기 개입으로 위기 예방"
biomedical_science,[대학원][2025년 서울캠퍼스타운] 석·박사급 실험실 창업스쿨 참여자 모집 홍보,N/A,2025.04.08,https://bioinfo.ssu.ac.kr/%ea%b2%8c%ec%8b%9c%ed%8c%90/%ea%b3%b5%ec%a7%80%ec%82%ac%ed%95%ad/?term_id&slug=5664,"1. 프로그램 개요
가. 시행배경: 정부의 R&D 지원 규모는 세계 5위 수준이나, 기초 연구 중심으로 창업 의지가 낮은 상황이므로, 맞춤형 교육을 통해 창업 친화적 인식을 제고하고, 창업 성공률을 높이고자 함.
나. 주요내용: 창업관심도에 따라 두 개 유형으로 나누어 강의 및 멘토링 진행
구분
창업관심도 및 대상
목적
규모
주요내용
유형1
창업관심도가 보통 또는 부정적인 석박사급 인력
창업에 대한 흥미 고취
20명
· 본격적인 창업교육보다 창업 친화적 인식을 고취할 수 있는 강의 위주로 진행
–
석박사급 인력들과 유사한 상황에서 창업을 시작하여 성공한 사례 공유
유형2 (추후 진행예정)
창업관심도가 친화적 또는 유형1 참여자
실제 창업 유도
15명
· 기술사업화 중점 강의 진행
– 정부 R&D전략 및 기술창업에 필요한 절차 소개 및 참여자간 팀빌딩
– 사업화에 대한 의지 또는 구체적인 계획이 있는 참여자에게 개별 멘토링 지원
나. 운영일시: 2025. 04.11.(금) ~ 05. 02.(금), 매주 금요일(총 4강)
다. 참여대상: (예비)석박사급 인력, 예비 창업자 및 초기 창업자 등
라. 강의장소: 숭실대학교 벤처관 2층 벤처스튜디오(오프라인 진행)
마. 모집 방법: 구글폼을 활용한 온라인 신청 (https://tinyurl.com/bdhmbw33)
바. 강의일정:<유형1>
연번
일정
강좌명
강사
주요이력
날짜
시간
1
4월11일(금)
14~16시
숭실대 교내 기업 창업가
하승재 대표 (에이아이비즈)
· 에이아이비즈 대표
· 숭실대 벤처중소기업대학원(경영학석사)
· 숭실대학교 일반대학원 IT정책(공학박사)
2
4월18일(금)
숭실대 출신 창업가
이정근 대표 (가우스랩)
· 가우스랩 대표
· 지랩 대표
· 숭실대 전기공학 박사과정(수료)
· 한국연구재단, 공공기관 시장연계 창업탐색 지원사업 실험실창업 탐색팀 선정(’20)
3
4월25일(금)
석박사 출신 교외 기술 창 업가
차미선 교수 (메디팹 대표)
· (주) 메디팹 대표
· 서울대 의대 보라매병원 출신랩
· 바이오헬스케어 100억이상 투자유치
· 숭실대 창업선도대학 참여(’17)
4
5월2일
(금)
숭실대 교원 기술 창업가
이성수 교수 (숭실대, 에이와이이노베이티브대표)
· 에이와이이노베이티브 대표
· 서울대 전기공학부 박사
· 산업통상자원부장관 표창, 초격차로드맵 유공자(’25)
사. 문의처: 숭실대학교 창업지원단 02-829-8212, 789-50@ssu.ac.kr"
biomedical_science,[심포지엄]2025 Single Cell and Spatial Omics Korea (SCSOK) – Institute for Basic Science (IBS) Joint Symposium,N/A,2025.04.02,https://bioinfo.ssu.ac.kr/%ea%b2%8c%ec%8b%9c%ed%8c%90/%ea%b3%b5%ec%a7%80%ec%82%ac%ed%95%ad/?term_id&slug=5653,"1. 일시 : 2025. 6. 23.(월) ~ 6. 28 (토)
2. 장소 : 한경직기념관
3. 키노트 연자 : 박용근(KAIST), Jingyi Jessica Li (UCLA), Nir Yosef (Wiezmann Institute), Hans Clevers (Utrecht University), Toshiro Sato (Keio University), 김진수(KAIST)
4. 등록 (무료):
https://kobra.kr/C2465"
biomedical_science,[대학원]2025-1 수료생 논문등록 명단 및 추가등록기간 안내,N/A,2025.04.02,https://bioinfo.ssu.ac.kr/%ea%b2%8c%ec%8b%9c%ed%8c%90/%ea%b3%b5%ec%a7%80%ec%82%ac%ed%95%ad/?term_id&slug=5651,"수료생 논문등록 기간을 추가하여 안내드리니 미처 등록하지 못한 수료생들에게 안내해 주시기 바랍니다.
가.
추가 등록 기간 : 2025.04.03.(목) 09:00 ~ 04.04.(금)16:00
나.
유의사항 : 위 기간 이후 추가 등록기간은 없습니다."
biomedical_science,[학부]2025학년도 대통령과학장학금 신청 안내,N/A,2025.03.26,https://bioinfo.ssu.ac.kr/%ea%b2%8c%ec%8b%9c%ed%8c%90/%ea%b3%b5%ec%a7%80%ec%82%ac%ed%95%ad/?term_id&slug=5645,"1. 홍보내용(학교 홈페이지 공지사항 참조):
바로가기
2. 세부안내
가. 신청기한: 2025.04.08.(화) 18:00까지
나. 신청대상
1) 대한민국 국적 소지자
2) 국내 4년제 대학(자연과학 및 공학계열 학과(부))에 재학 중인 ① 2025년 신입생 및
② 3학년생 ③ 해외 4년제 대학(자연과학 및 공학계열 학과(부))에 2025년 입학 예정 및
확정인 신입생
다. 신청방법: 한국장학재단 홈페이지(www.kosaf.go.kr) 및 모바일 앱에서 신청"
biomedical_science,[학부]2026년 2월 졸업예정자 논문계획서 제출 확인 및 1차 번역서 제출 안내(추가),N/A,2025.03.18,https://bioinfo.ssu.ac.kr/%ea%b2%8c%ec%8b%9c%ed%8c%90/%ea%b3%b5%ec%a7%80%ec%82%ac%ed%95%ad/?term_id&slug=5595,"2026
년
2
월 졸업예정자로
,
이번학기 졸업논문계획서를 제출한 학생들은
첨부된
파일의 명단을 확인해주시기를 바랍니다
.
*
명단에 누락되어 있거나 지도교수님
,
실험논문
/
리뷰논문이 잘못 기재되어 있는
학생은 과사로 연락을 부탁드립니다
.
번역논문
(
리뷰논문
)
제출 예정자들은
졸업논문
1
차보고서
(
첨부파일 양식 작성
&
논문번역서 및 영어논문
원문을 함께
첨부하여 제출
)
를
6
월
13
일 금요일
까지
학과 이메일
(
bioinfo@ssu.ac.kr
)
로
제출해주시기 바랍니다
.
*
졸업논문
1
차보고서의 학과장님 승인은 제출 받은 보고서를 토대로
일괄로
받을 예정이니
기한 내에 제출 바랍니다
.
→
논문 번역서
1
차 학부장 심사 및 이후 지도교수께 전달
:
2025
년
6
월
16
일
(
월
) ~ 6
월
27
일
(금
)
*
이메일로 제출시 메일 제목 및 파일명
:
졸업논문
1
차번역서
_
학번 이름
(ex.
졸업논문
1
차번역서
_20171234
홍길동
)
→ 본인 지도교수님과 개인 면담 일자를 잡고 이해도 대면심사 진행 후,
리뷰논문 대상자는 7월 25일(금)까지
실험논문 대상자는 8월 22일(금)까지
‘이해도 대면심사 및 결과보고서’를 작성(지도교수님 날인 必) 학부사무실로 제출
*** 이해도 대면심사 및 결과보고서는 리뷰 논문, 실험 논문 모두 해당***
첨부
1.2026년 2월 졸업예정자 명단(개인정보 주의 요망)
2.졸업논문 1차 번역서
3. 이해도 대면심사 및 결과보고서"
biomedical_science,[대학원]중앙도서관 대학원열람실 확대 개편 운영 안내,N/A,2025.03.17,https://bioinfo.ssu.ac.kr/%ea%b2%8c%ec%8b%9c%ed%8c%90/%ea%b3%b5%ec%a7%80%ec%82%ac%ed%95%ad/?term_id&slug=5592,"대학원열람실 확대 개편 운영 안내
중앙도서관에서는 쾌적한 학습 환경 제공을 위하여 지속적으로 리모델링을 진행하였습니다.
2025학년도부터는 기존 노후 박사열람실을 최신 시설로 리모델링한 6층으로 이전하고
대학원열람실로 확대 개편하여 운영을 시작하였습니다.
일부 사용자들의
자리 독점 사석화 방지를 위해
이전 확대 개편한 대학원열람실을 원활히
사용할 수 있도록 이용 방식을 개선하여 운영하고자 하니 이용자 여러분의 적극적인 협조를
부탁드립니다.
1
.
좌석 배정제 도입
(
입실 시 좌석 배정 후 퇴실비 반드시 반납
필수
)
열람실 이용 시 좌석 발급기를 통해 이용 신청 후 사용해 주세요.
2.
사물함 전체 대학원생 이용 허용
구 박사열람실과 달리 대학원열람실의 사물함은 전체 대학원생 누구나
이용할 수 있도록 하였습니다.
*
이용 안내 및 문의
:
일반대학원 사회복지학부 원우회
이와 함께, 열람실 이용자분들께서 서로 배려하는 문화를 만들어 나갈 수 있도록 적극적인 안내
및 캠페인을 진행할 예정입니다.
개인 물품을 이용한 자리 독점 금지 안내문 부착
이용 규칙 준수를 위한 주기적인 점검 강화
추가로 건의 사항이나 불편하신 점이 있으면
언제든지 도서관으로 의견을 남겨주시면 감사하겠습니다.
더욱 편리한 학습 공간 지원을 위해 지속적으로 노력하겠습니다.
감사합니다."
biomedical_science,"[대학원]2025학년도 1학기 연구윤리 이수 안내 및 신청 명단 제출 안내(~3/19(수), 오전까지)",N/A,2025.03.10,https://bioinfo.ssu.ac.kr/%ea%b2%8c%ec%8b%9c%ed%8c%90/%ea%b3%b5%ec%a7%80%ec%82%ac%ed%95%ad/?term_id&slug=5586,"2025학년도 1학기 연구윤리 교육 일정을 안내드립니다.
수강을 희망하는 학생은 붙임의 명단을 작성하여 3월 19일 수요일 오전까지 학부메일(bioinfo@ssu.ac.kr)로 회신을 부탁드립니다.
1. 내용
가. 교육명
1) 대학원생을 위한 연구윤리(인문사회계열)
2) 대학원생을 위한 연구윤리(이공계열)
나. 교육내용 : 사회적책임, 연구데이터, 출판윤리, 연구부정행위, 연구공동체, 생명윤리
다. 교육컨텐츠 제공 기관 : 국가과학기술인력개발원(KIRD)
※ 본교 LMS를 통해 학습 및 이수해야 함
2. 대상
:
교육수강을 희망하는 본교의 모든 대학원생
가. 과거 이수 여부 확인 : u-SAINT 의 [성적/졸업]의 [논문/졸업] 맨 하단에서 확인가능
나. 시행세칙(대학원)에 의거하여 일반대학원 학위 논문 제출 전 연구윤리 과정을 반드시
이수해야 하며,
2025학년도 1학기 학위청구논문제출 예정자 중 미이수자는 이번
학기에
반드시 이수해야 함
3. 신청 절차
: 학과에서 신청학생 명단 취합 후 공문으로 발송
신청 및 명단 제출 기한
수강 기간
신청방법
1차
3월 10일(월)~3월 19(수)
2025. 04. 01 ~ 04. 30
학과에서 신청자 취합 후
명단을 공문으로 발송
2차
2025. 05. 01 ~ 05. 31
※ 명단 제출 전
신청학생의
학번을 재확인
요청드립니다.
※ 기한을 반드시 준수해 주시기를 요청 드립니다.
4. 수강 방법
가. u-SAINT 접속 후 좌측 하단의
LMS
바로가기
클릭
나.
또는
직접접속(https://class.ssu.ac.kr/mypage
)
5. 평가비율 및 수료기준
: 모든 수업 컨텐츠별 진도 90% 이상 진행되어야만 수료
※ 학습이수현황에서 콘텐츠의 진도현황을 확인할 수 있으며,
수강해야할 모든 콘텐츠를 각각
90% 이상 이수해야 합니다.
붙임 : 2025학년도 1학기 연구윤리 교육 신청자 명단 양식 1부.  끝."
biomedical_science,[학부]의생명시스템학부 여석 증원 과목 안내(3/4 화요일 10:00),N/A,2025.02.27,https://bioinfo.ssu.ac.kr/%ea%b2%8c%ec%8b%9c%ed%8c%90/%ea%b3%b5%ec%a7%80%ec%82%ac%ed%95%ad/?term_id&slug=5579,"3월 4일 10:00 추가 여석 증원과목을 안내합니다. 이후로 추가 여석 증원은 없으니 참고바랍니다.
*과목안내
과목명
교수명
여석 증원
분자생물학
임도환 교수님
10석 증원(40->50)
유전체학개론
김준일 교수님
5석 증원(40->45)
면역학
김미연 교수님
5석 증원(40->45)
생명정보개론
이제근 교수님
10석 증원(50->60)
알고리즘
이주련 교수님
5석 증원(40->45)
생물통계
10석 증원(40->50)
생물물리학
10석 증원(40->50)"
biomedical_science,[학부]2025학년도 8월 졸업예정자 최종 졸업논문 제출 안내,N/A,2025.02.26,https://bioinfo.ssu.ac.kr/%ea%b2%8c%ec%8b%9c%ed%8c%90/%ea%b3%b5%ec%a7%80%ec%82%ac%ed%95%ad/?term_id&slug=5573,"–
대상
:
앞선 절차를 끝내고
,
방학 중 지도교수와 이해도 대면 심사 및 결과 보고서까지 과사에 제출한
2025. 8
월 졸업예정자
(명단 확인 후 이상있는 학생들은 학과사무실로 연락 바랍니다)
–
최종 졸업논문제출 기간
: ~2025
년
5
월
19
일
(월
)
까지
–
방법
:
자기표현으로 바꾸고 보충한 뒤 졸업논문제출 양식에 맞게
작성하여(
국문
/
영문 중
1
택
)
과사 이메일로 제출
(
bioinfo@ssu.ac.kr
)
–
해당자
:
첨부파일 참조
(*
누락되었을 시
,
학과 사무실로 연락 바랍니다
)
– 논문 내용 작성에 대한 부분은 지도교수님께 문의바랍니다.
*
졸업논문 종합안내
(
첨부
)
를 참고해 주시고
,
졸업논문제출 양식
(
첨부
)
을 다운로드하셔서 따라주시고
,
인용표기에 유의해주시기 바랍니다
.
논문을 번역
(
리뷰논문
)
하여 졸업논문으로 제출하고자 할 때는 반드시 첫 페이지 제목
옆에 윗첨자로
¹
⁾
이라 달고
,
첫 페이지 맨 아래에
¹
⁾
이 논문은
‘
전체 저자명
. (
연도
).
제목
.
저널명
Volume number,
시작
page-
마지막
page
번호
.’
의 논문을 번역한 것임
.
이라고 반드시 명시해야함
.
예를 들어 다음과 같이 인용해야 함
.
¹
⁾
이 논문은
‘Rogers, P.R., Song, J., Gramaglia, I., Killeen, N. and Croft, M. (2001). OX40 promotes Bcl-xL and Bcl-2 expression and is essential for long-term survival of CD4 T cells. Immunity 15, 445-455.’
의 논문을 번역한 것임
.
*
논문표절의 오해소지가 있으니 반드시 기입하여야 함
.
*
일정에 따르지 않는 학생을 졸업이 연기됨
.
*
논문번역서는 리뷰논문과 똑같은 포맷으로 작성
(
그림
,
도표 모두 입력
)
*
최종졸업논문은 첨부된 졸업논문양식에 맞게 작성
–
리뷰논문으로 선정한 논문의 길이
(PAGE
수
)
에 준하는 논문을 작성하여 제출하도록
합니다
.
–
리뷰논문으로 선정한 논문과 똑같은 내용이 될 수 없으며 반드시 자신의 언어로 해석한 내용으로 논문을 작성하여 제출합니다
.
*
전체 졸업사정을 보기를 원하시는 분께서는 학부교육의
<
기타 내규
>
를 참조해주시기
바랍니다
.
첨부
:
1.2025.8
월 졸업예정자 명단
2.
졸업논문양식
(
국문
)
3.
졸업논문양식
(
영문
)
(
첨부파일
2, 3
중 각자의 형식에 맞는 것을
1
택
/ 2, 3
모두 쓰는 것은 아님
)"
biomedical_science,[학부]2025학년도 1학기 유고결석 제도 운영 안내,N/A,2025.02.21,https://bioinfo.ssu.ac.kr/%ea%b2%8c%ec%8b%9c%ed%8c%90/%ea%b3%b5%ec%a7%80%ec%82%ac%ed%95%ad/?term_id&slug=5569,"[문의 : 학생서비스팀 ]
2025학년도 1학기 유고결석 제도 운영을 다음과 같이 안내합니다.
1. 관련 규정
: 학생생활규정 제22조(유고결석)
2. 운영 계획
가. 취지: 본교가 정한 유고결석 사유에 해당하여 학생의 결석이 불가피할 경우 출결 관리에서의 학생 불이익 방지
나. 대상: 2025학년도 1학기 본교 재학생
다. 사유별 운영 계획
사유
예시
허용 기간
필수 서류
본인 결혼
본인 결혼
당일부터 7일
· 혼인관계증명서
· 청첩장
혈족사망
2촌 이내
당일부터 5일
· 사망진단서
· 가족관계증명서
4촌 이내
당일부터 3일
질병
입·퇴원
입원 일자
· 입·퇴원확인서
· 진료확인서
통원
진료 당일 1일
병무관계
예비군, 신체검사
군 면접
당일(최대 3일)
· 신체검사확인서
· 면접 확인서
공식행사
체육대회, MT 등
해당 기간
· 단과대학 측 유고결석 승인 협조 요청 공문
※ 세부 내용은
붙임 1
참조
라. 주의 사항
1) 학생
본인이 신청하지 않을 경우 유고결석 승인 불가
2)
필수 서류 미제출 시 유고결석 승인 불가
3)
개인적 사유
로 기업 면접, OT, 행정부서와 학과(부) 소모임의 참석은
승인 불가
마. 변동 사항
2024학년도 2학기
→
2025학년도 1학기
COVID-19 확진 시 격리 기간
5일에 대한 유고결석 인정
(교육부 권고사항 반영)
통상의 질병 사유
로 유고결석 신청 가능
(COVID-19
격리에 대한 유고결석 불인정
)
바. 변동 사유
1) COVID-19는 감염병 등급 중 가장 낮은 4급으로 하향 조정됨.(2023. 8. 31. 질병관리청)
2) 직전 학기까지는 감염병 재유행으로 인해 교육부의 확진자 관련 권고 사항이 있었으나 올해에는 격리 권고 사항이 없고, 향후에도 없을 예정임을 확인함.
3) 2024학년도 COVID-19로 인한 질병결석과 격리 신청 건수가 현저히 낮아졌다는 점을 토대로 COVID-19를
일반 질병결석 기준에 준하여 유고결석 인정
하고자 함.
3. 유고결석 절차 안내
순서
대상
절차
비고
1
학생
u-saint에서 신청
사유 발생일로부터 10일 이내 본인 신청
2
학생서비스팀
사유 및 증빙 서류 검토
3
담당 교수
최종 승인
총 수업일 수의 3분의 1 미만
붙 임
1. 2025학년도 1학기 유고결석 안내사항 1부,
2. 재학생 유고결석 신청 방법 메뉴얼 1부,"
biomedical_science,[학부]2026년 2월 졸업예정대상자 졸업논문계획서 및 번역서 제출 안내,N/A,2025.02.18,https://bioinfo.ssu.ac.kr/%ea%b2%8c%ec%8b%9c%ed%8c%90/%ea%b3%b5%ec%a7%80%ec%82%ac%ed%95%ad/?term_id&slug=5555,
biomedical_science,[학부]2025-1학기 [신약개발및실습]과목 강의계획서 공지,N/A,2025.02.13,https://bioinfo.ssu.ac.kr/%ea%b2%8c%ec%8b%9c%ed%8c%90/%ea%b3%b5%ec%a7%80%ec%82%ac%ed%95%ad/?term_id&slug=5547,2025-1학기 개설되는 [신약개발및실습]과목 강의계획서를 붙임과 같이 공지합니다.
biomedical_science,[학부]2024학년도 전기(2025년 2월) 졸업자의 학위증 교부 안내,N/A,2025.02.11,https://bioinfo.ssu.ac.kr/%ea%b2%8c%ec%8b%9c%ed%8c%90/%ea%b3%b5%ec%a7%80%ec%82%ac%ed%95%ad/?term_id&slug=5542,"2025년 2월 졸업자 학위증 교부 관련 안내드립니다.
-수령장소 : 의생명시스템학부 사무실(벤처관 713호)
-교부일자 :  2025.2.21.(금) ~ 2.28.(금)
-교부시간
->2월 21일(금) : 13:30-16:30, 오전에는 학과 학위수여식 장소에서 수령 가능
->2.24~2.28 : 10:30-11:30, 13:30-16:30
-추가 안내
1) 학생증 및 신분증 확인
2) 도서관 어플에서 도서 대출 여부 확인(미반납 학생은 도서 반납 후에 학위증 교부)
3) 학과우등상 수상자의 경우 상장과 기념품 배부
4) 수령대장에 수령자 자필 서명
2024.08월 이전 졸업자의 경우 학사팀에서 학위증 수령가능합니다."
biomedical_science,성균관대학교 x AWS 바이오 헬스케어 AI 아카데미 『SKKU AWS SAY 1기』교육생 모집 홍보,N/A,2025.02.10,https://bioinfo.ssu.ac.kr/%ea%b2%8c%ec%8b%9c%ed%8c%90/%ea%b3%b5%ec%a7%80%ec%82%ac%ed%95%ad/?term_id&slug=5538,"『SKKU AWS SAY 1기』는 실제 의료데이터를 활용한 프로젝트 중심의 교육으로, AWS 현직자 강사가 직접 참여하는 바이오 헬스케어 및 AI 분야의 실무 역량 강화를 목표로 하고 있습니다.
◆ 교육 과정 개요
교육명: 『SKKU AWS SAY 1기』 AWS 바이오 헬스케어 AI 아카데미
모집 기간: ~2025년 2월 20일 까지
교육 일정: 2025년 3월 6일 ~ 8월 13일
교육 장소: 성균관대학교 분당캠퍼스 팹리스 AI 성남연구센터 (신분당선/수인분당선 정자역 3,4번 출구 도보1분 / 킨스타워 13층)
모집 대상: 바이오 헬스케어, AWS 클라우드, AI, SW 분야 취업 희망 대학생 및 취업 준비생
◆ 교육 혜택
전액 무료 교육
실제 의료데이터 기반 프로젝트 수행
AWS 현직자 강사의 공인 AWS 교육
AWS AI, AWS 스킬빌더 등 다양한 리소스 지원
훈련수당 및 국민취업지원금 동시 수령 가능
자세한 사항은 성균관대학교 공식 홈페이지 >대학생활 > 공지사항> [채용/모집] > “AWS”검색 혹은
성균관대학교 K-디지털트레이닝 SKKU SAY 홈페이지(
https://www.skkukdt.re.kr/aws_say
)에서
확인하실 수 있습니다."
biomedical_science,"[대학원]2025학년도 1학기 논문지도교수 위촉 및 변경 안내(~3/7(금), 오전까지)",N/A,2025.02.10,https://bioinfo.ssu.ac.kr/%ea%b2%8c%ec%8b%9c%ed%8c%90/%ea%b3%b5%ec%a7%80%ec%82%ac%ed%95%ad/?term_id&slug=5533,"*학과 메일로 제출 바랍니다.
2025학년도 1학기 석사·박사과정의 논문지도교수 위촉 및 변경을 다음과 같이 안내합니다.
1. 관련 규정 : 숭실대학교 학칙시행세칙(대학원) 제 4장 제33조 및 제34조
제 33조(논문지도교수 배정)
① 일반대학원 각 과정의 학생은 1차 또는 2차 학기 중에 논문 지도교수를 배정받아야 한다.
<개정 2016. 8. 19.>
제 34조(일반대학원의 논문지도교수 위촉 및 교체)
① 대학원장은 주임교수의 추천을 받아 논문지도교수를 다음과 같이 위촉한다.<개정 2011. 2. 25>
1.
학생의 전공분야와 동일한 본교 정년직 전임교원
<개정 2009. 4. 13., 2016. 8.19>
2. <삭제 2016. 8. 19.>
3. 제1호에도 불구하고 필요하다고 인정되는
비정년직 전임교원
<개정 2011. 2. 25, 2016, 8. 19>
② 논문지도교수가 질병, 유학 등 부득이한 사유로 학생의 지도가 불가능할 때에는 학과 주임교수를
경유하여 대학원장의 승인을 얻어 교체할 수 있다.
③ 논문지도교수를 위촉 또는 교체할 때 학생의 전공분야와 동일한 교수가 본교에 없을 경우는 위의
자격을 갖춘 타교의 교수로 할 수 있다.
④ 제1항 내지 제3항에도 불구하고 부득이한 경우에 한하여, 명예교수 및 퇴직한 교수가 재직시 지도
하던 학생에 대하여 계속 지도하게 할 수 있다.
2. 대상
가. 논문지도교수 위촉
1) 논문지도교수를 위촉하지 않은 모든 학생
2)
석사 3학기, 박사 2학기 학생 중 지도교수 미위촉된 학생 필수 위촉
3) 논문지도교수 위촉 및 변경 시 교수 1인당 박사 및 석박사통합과정 논문지도 학생(재학생)수
6명 기준 제한
※ 학내외에서 본교 박사학위 논문의 질과 관련 문제 제기 및 우려가 있으며, 교육부의 논문
지도 및 심사 지침 강화 및 대학원운영위원회 결의에 따라 논문 지도 학생을 6명까지 제한
하오니 적극 고려하여
주시기 바랍니다. (교수 1인당 적정 논문지도 학생수: EUA 4~6명,
영국은 통상적으로 6명
으로 규정하고 있음)
※ 단, 각 학과의 사정으로 인해 부득이 교수 1인당 지도학생수(박사 및 석박사통합과정) 6명
을 초과하는 경우 사유서를 공문에 첨부하여 제출해 주시기 바랍니다.
나. 논문지도교수 변경
1) 기 위촉한 논문지도교수를 변경하고자 하는 학생
다. 2025학년도 1학기 신입 외국인유학생
1)
신입생 외국인유학생의 학교 생활에 잘 적응할 수 있도록 1학년 1학기에 지도교수를 위촉
하여
주시기 바랍니다.
3. 제출서류
가.
논문 지도교수 위촉
1) 논문 지도교수 위촉 및 변경 양식
[붙임1]
: 엑셀파일. 작성하여 공문에 첨부
2) 논문 지도교수 배정서
[붙임2]
: 한글파일. 스캔하여 공문에 첨부 (학과별, 교수별 작성)
나.
논문 지도교수 변경
1) 논문 지도교수 위촉 및 변경 양식
[붙임1]
: 엑셀파일. 작성하여 공문에 첨부
2) 논문 지도교수 변경 신청서
[붙임3]
: 한글파일. 스캔하여 공문에 첨부 (학생별 작성)
[제출서류표]
구분
공통 제출서류
제출서류
비고
논문 지도교수 위촉
논문 지도교수 위촉
및 변경 양식
[붙임1]
논문지도교수 배정서
[붙임2]
학과별, 교수별 작성
논문 지도교수 변경
논문지도교수 변경 신청서
[붙임3]
학생별로 작성
4. 제출 기간 :
2025.03.04.(화) ~ 03.07.(금 오전까지)
5. 제출 방법
가. 학과에서 취합하여 공문으로 발송
6.  기타
석사과정은 2개학기, 박사 및 석박통합과정은 3개학기 이상 논문지도비를 납부하고, 논문지도를
받아야 논문 작성 및 제출이 가능하오니 논문 작성 일정에 차질이 발생하지 않도록 안내하여
주시기 바랍니다.
붙임 1. 논문지도교수 위촉 및 변경양식(EXCEL) 1부
2. 논문지도교수 배정서 1부
3. 논문지도교수 변경 신청서 1부. 끝."
biomedical_science,[대학원]2025학년도 1학기 수료생 논문등록(연구등록) 안내,N/A,2025.02.10,https://bioinfo.ssu.ac.kr/%ea%b2%8c%ec%8b%9c%ed%8c%90/%ea%b3%b5%ec%a7%80%ec%82%ac%ed%95%ad/?term_id&slug=5531,"2025학년도 1학기 수료생 논문등록(연구등록)을 다음과 같이 안내드리니 2025학년도 1학기 논문 제출 예정인 수료생들이 등록할 수 있도록 안내 및 독려하여 주시기 바랍니다.
1. 등록대상
가. 수료생 연구등록 자격을 갖춘 자로서 2025학년도 1학기 논문 제출 예정자
나. 재학생은 해당 없음
※ 단,
2025-1학기 논문 제출 예정인 학점등록생
(석사, 박사 5학기 이상, 석박사 통합과정 9학기 이상 재학생)
2. 논문등록자격 (아래의 ‘가~다’ 모든 자격사항 해당자)
가. 수료생(영구수료 해제자 포함)
나. 종합시험 합격자
※ 2025-1학기 응시자도 가능하나,
불합격시, 논문 제출 및 연구 등록비 환불이 불가함
다. 논문지도교수를 배정받고 석사과정은 2개학기, 박사 및 석박사 통합과정은 3학기 이상
논문지도를 받은 자
3. 등록기간
:
2025년 3월 24일(월) ~ 26일(수) 09:00 ~ 16:00
4. 등록금액
가. 석사 : 80,000원
나. 박사 및 석박사통합과정 : 120,000원
5. 등록방법
가. U-SAINT 에서 기타납부금고지서를 출력 및 확인 후 해당 계좌로 등록금액 입금
1) 등록기간 내 u-SAINT 에 로그인하여 ‘등록/장학_기타납부금고지서출력’ 메뉴에서
계좌를
확인 후 입금
2) 고지서는
3월 24일(월)부터 확인 가능
6. 기타
가. 논문등록비 납부 확인
※ U-SAINT로그인 후 등록/장학_등록금납입이력조회 메뉴에서 납부 다음날부터 확인 가능
나. 연구등록증명서
1) 연구등록증명서는 수료생연구등록비를 납부한 학생에 한해 납부
다음날
부터 발급가능
2) 발급방법
가) 교내 진리관 1층, 신양관 1층 발급기를 통한 발급
나) 인터넷 증명 발급
다. U-SAINT 로그인 문제는 학생서비스팀 Help Desk(02-820-0067~8)
로 문의해 주시기 바랍니다."
biomedical_science,[학부]2025학년도 1학기 한국장학재단 주거안정장학금 신청 안내 홍보,N/A,2025.02.05,https://bioinfo.ssu.ac.kr/%ea%b2%8c%ec%8b%9c%ed%8c%90/%ea%b3%b5%ec%a7%80%ec%82%ac%ed%95%ad/?term_id&slug=5528,"1. 홍보내용(학교 홈페이지 공지사항 참조):
바로가기
2. 세부안내
가. 신청기간: 2025.02.04.(화) 9:00~03.18.(화) 18:00까지
나. 서류 제출 및 가구원 동의 기간: 2025.02.04.(화) 9:00~03.25.(화) 18:00까지
다. 신청대상: 부모 주소지가 소속 대학 기준으로 통학이 어려운 원거리 지역에 해당하는
미혼 기초·차상위 대학생
라. 신청방법: 한국장학재단 누리집(www.kosaf.go.kr)과 모바일 앱을 통한 신청가능
(붙임의 매뉴얼 참조)"
biomedical_science,[대학원] 2025학년도 1학기 일반대학원 학위논문 일정 및 진행 안내,N/A,2025.02.05,https://bioinfo.ssu.ac.kr/%ea%b2%8c%ec%8b%9c%ed%8c%90/%ea%b3%b5%ec%a7%80%ec%82%ac%ed%95%ad/?term_id&slug=5525,"*논문 진행에 따른 서류 제출일자는 아래의 공지 일자와 상이합니다.
각 세부일정에 따른 제출 일자는
대상자에게 별도 메일 공지 할 예정
이니 메일 확인 부탁드립니다.
=========================================================================
2025학년도 1학기 일반대학원 학위논문 일정을 아래와 같이 안내하니, 대상자가 있는 학과에서는 아래의 일정과 세부사항을 숙지해 주시고 대상자에게 안내·진행해 주시기 바랍니다.
○ 본 일정 및 진행 안내 공문은 학기 내 진행되는 대학원 학위논문 전체 일정에 대한 안내입니다.
○ 각 일정에 따라서 세부 안내도 사전에 진행될 예정입니다.
○ 관련 규정은 ‘학칙시행세칙(대학원) 제4장 학위논문’ 입니다.
→
숭실대학교 규정관리시스템 (ssu.ac.kr)
[클릭]
[논문 진행 순서]
시기
3/24~26
3/10~4/11
4/14~25
4/23~25
4/28~6/4
7/1~2
순서
수료생
연구등록
(논문등록)
→
공개발표
심사위원
구성
→
가제본,
카피킬러 검사결과 제출
→
심사비
납부
→
최종심사
→
논문완본
학생
등록비납부
(재학생은
등록금납입시
지도비납부)
논문
공개발표
(연구윤리
준수확인서
제출)
논문가제본
제출,
카피킬러
검사결과
‘상세보기’
제출
심사비
납부
최종심사
완본제출
각
학과
대상자
등록 지도
결과보고,
심사위원
추천
가제본제출
지도,
카피킬러
검사결과
제출 지도
심사비
납부 지도
최종심사
결과 보고
제출지도
대학원
등록자명단
학과송부,
준비지도/
등록비 관리
공개발표
결과 및 심사위원 관리
카피킬러
캠퍼스
사용 준비
심사비
관리
심사결과 관리,
심사비, 지도비 지급 준비
완본
접수,
결과관리
1. 논문발표 및 심사대상
4학기 재학생 및 수료생(영구수료해제자 포함) 논문등록자로  아래 ‘가~바’ 사항을 모두 충족 시킨 자
가. 학점 취득자
1) 석사
24학점 이상 취득(예정)
2) 박사
36학점 이상 취득(예정)
3) 석·박사통합
60학점 이상 취득(예정)
※ 중복과목은 제외함
※ 선수과목, 추가학점 지정자는 선수과목 이수 및 추가학점 취득이 필요함
나. 종합시험 합격자
1) 논문진행 학기 응시자도 가능하나, 불합격 시 논문 제출이 불가함
2) 2025학년도 1학기 종합시험 시행결과는 3월 14일(금) 발표 예정임
3) 종합시험 시행결과를 참고하여 학위논문 발표자격 최종 확인해야 함
다. 연구윤리교육 이수(예정)자
1) 대학원에서 지정한 연구윤리교육을 이수한 자 또는 이번 학기 이수 예정자
2) 2025학년도 1학기 연구윤리교육은 4월(1차), 5월(2차)에 개설될 예정임 (추후 안내 예정)
라. 논문지도교수를 배정 받고 논문지도를 받은자(논문작성학기 포함)
1) 석사과정
논문지도교수를 배정받고 2개학기 이상 논문지도를 받은자
(논문 작성 학기 포함)
2) 박사 및 석·박사통합과정
논문지도교수를 배정받고 3개학기 이상 논문지도를 받은자
(논문 작성 학기 포함)
마. (외국인) 한국어 능력 기준을 갖춘 자
※ 공개발표 결과보고서 제출 이전까지 TOPIK 4급 이상 취득하고 증빙 제출 한 경우,
연구실적을
근거로 주임교수 명의의 TOPIK 면제 추천이 공문으로 제출된 경우에만 논
문
진
행이 가능함
[단, 연구실적을 근거로 면제받은 경우는 일반대학원장이 별도로 정한 한국어 강좌를 추가로 이수해야함 (2025학년도 외국인 유학생 신입생부터 적용)]
바. (박사 및 석․박사통합과정) 학칙시행세칙(대학원)제30조의 연구실적을 충족한 자
※ 공개발표 결과보고서 제출 시, 연구실적 게재가 완료되어야만 논문 진행이 가능함
2. 논문공개발표 및 공개발표 결과보고
가.
기간 : 4월 11일(금) 까지
나. 공개발표 방법 : 논문지도교수 · 주임교수 · 학과교수 참석 하에 질의 응답 진행
다. 공개발표 결과보고 제출사항
1)
공개발표결과보고서[
붙임1
]
:
학과에서 취합하여 기간 내 대학원으로
오프라인
제출
2)
연구윤리준수확인서[
붙임2]
(공개발표 결과 합격자만 해당) : 학과에서 취합하여 기간 내
대학원으로
오프라인
제출
3. 논문심사위원 추천(공개발표 결과보고서 제출시, 합격자만 해당)
가.
기간 : 4월 11일(금) 까지
나. 심사위원
1) 석사학위과정 : 3명 (외부 심사위원 위촉 시 1명까지 가능)
2) 박사학위과정 : 5명 (외부 심사위원 1명 이상 반드시 포함 필요)
※ 학위과정별 심사위원 위촉 인원(석사 3명, 박사 5명은 반드시 준수)
다. 심사위원 추천 제출사항
1)
공개발표결과 및 심사위원명단 제출양식(EXCEL)[
붙임3
]
– 학과에서 취합된 공개발표 결과보고서를 기준으로 제출양식 엑셀파일을 작성 및 첨부하여
기간 내 대학원으로
공문 발송
2)
심사위원명단[
붙임4, 붙임5
]
가) 학과에서 취합하여 기간 내 대학원으로
오프라인 제출
나) 직전학기 최종심사 연기자도 심사위원 명단 제출(완본 연기자는 제출하지 않음)
4. 가제본 및 카피킬러 검사결과 ‘상세보기’ 제출
가.
기간 :
2025년 4월 14일(월) ~ 4월 25일(금)
나. 대상 : 공개발표에 합격하여 최종심사 대상이 된 자
다. 가제본 제출
구분
석사과정
박사과정
비고
가제본 제출
[별도 양식 없음]
3부
5부
학과 주임교수 및 지도교수 확인 후
각 심사위원에게 직접 제출
※ 교학팀 제출 불필요함
카피킬러 검사결과
‘상세보기’
제출
[붙임6]
참조
3부
5부
[
붙임6
]
의 연구윤리 확보를 위한 논문검사
서비스 안내’파일의 pg.4 참조하여 지도교수
확인 후 심사위원에게 제출
라. 개정된 학칙시행세칙(대학원)에서 학위논문 피심사자격에 ‘논문유사도검사시스템을 통해 학위논문
의 유사도를 확인하고 결과보고서를 제출한 자’가 추가되었으며, 본교는 현재 논문유사도검사시스템
으로 카피킬러를 지정하고 있음
5. 심사비 납부
가.
기간 :
2025년 4월 23일(수) ~ 4월 25일(금)
나. 대상 : 공개발표에 합격하여 최종심사 대상인 자
다. 심사비 납부 : 납부 방법은 추후 대학원 홈페이지 공지 등 안내 예정
6. 최종심사 결과보고
가.
기간 : 6
월 4일(수) 까지
나. 최종심사 결과보고 제출사항
1)
최종심사결과 제출양식(EXCEL)
[붙임7
]
: 학과에서 취합된 심사 결과보고서를 기준으로 제출
양식 엑셀파일을 작성, 첨부하여 기간 내
대학원으로 공문발송
2) 제출서류 :
학과에서 취합하여 기간 내 대학원으로 오프라인 제출
가) 석사학위과정 : 석사학위청구논문 심사 결과보고서[붙임8], 심사요지서[붙임10]
나) 박사학위과정 : 박사학위청구논문 심사 결과보고서[붙임9], 심사요지서[붙임10],
박사학위청구논문 심사 일지(2차)[붙임11],
박사학위청구논문 심사 일지(3차)[붙임12],
박사학위청구 논문 심사결과 투표용지(5매)[붙임13]
7. 논문완본 제출
가. 기간 :
2025년 7월 1일(화) ∼ 7월 2일(수) (2일간)
[
붙임14, 붙임15, 붙임16]
나. 2025년 6월 중 학위논문 파일을 본교 중앙도서관 홈페이지에 업로드 후 저작권 동의서를 출력
하여 논문완본과 함께 제출 (관련 세부 사항은 추후 별도 안내 예정임)
8. 관련 규정
: 학칙시행세칙(대학원) 제4장 학위논문 →
숭실대학교 규정관리시스템 (ssu.ac.kr)
[클릭]
붙 임 1. 공개발표결과보고서 1부
2. 연구윤리준수확인서 1부
3. 공개발표결과 및 심사위원명단 제출양식(EXCEL) 1부
4. 석사학위청구논문 심사위원명단 1부
5. 박사학위청구논문 심사위원명단 1부
6. 연구윤리 확보를 위한 논문검사 서비스 안내 1부
7. 최종심사결과 제출양식(EXCEL) 1부
8. 석사학위청구논문 심사 결과보고서 1부
9. 박사학위청구논문 심사 결과보고서 1부
10. 심사요지서(석,박사) 1부
11. 박사학위청구논문 심사 일지(2차) 1부
12. 박사학위청구논문 심사 일지(3차) 1부
13. 박사학위청구논문 심사결과 투표용지 1부
14. 학위논문양식(국문)(인준서 포함) 1부
15. 학위논문양식(영문)(인준서 포함) 1부
16. 학위논문 작성을 위한 필수 안내서 1부  끝."
biomedical_science,[학부]2025학년도 1학기 한국장학재단 국가장학금 2차 신청 안내,N/A,2025.02.04,https://bioinfo.ssu.ac.kr/%ea%b2%8c%ec%8b%9c%ed%8c%90/%ea%b3%b5%ec%a7%80%ec%82%ac%ed%95%ad/?term_id&slug=5521,"*홍보내용(학교 홈페이지 공지사항 참조):
바로가기
*세부안내
가. 신청기간: 2025.02.04.(화) 09:00~03.18.(화) 18:00
나. 서류 제출 및 가구원 동의 기간: 2025.02.04.(화) 09:00~03.25.(화) 18:00
다. 신청대상: 신입생(고3, 재수생 등 입학예정자), 재학생, 편입생, 재입학생, 복학생 등
모든 학적 신청가능
※ 재학생은 1차 신청이 원칙이며, 재학중 2회에 한해 2차 신청으로 수혜가능
※ 국가장학금 신청후 소득분위 심사가 완료된 학생에게 교내장학금 지급이 가능하므로
반드시 신청
라. 신청방법: 한국장학재단 홈페이지(www.kosaf.go.kr) 및 모바일 앱에서 신청
홈페이지-신청-매뉴얼
모바일-신청-매뉴얼"
biomedical_science,[대학원]2025학년도 1학기 영구수료 해제(학위논문 제출가능연한 연장) 신청 안내,N/A,2025.02.03,https://bioinfo.ssu.ac.kr/%ea%b2%8c%ec%8b%9c%ed%8c%90/%ea%b3%b5%ec%a7%80%ec%82%ac%ed%95%ad/?term_id&slug=5517,"2025학년도 1학기 영구수료 해제(학위논문 제출가능연한 연장) 신청을 다음과 같이 안내합니다.
1. 신청대상
가. 신청일 현재 영구수료인 자 및 신청 학기에(2025.02.28) 영구수료 예정인 자
나. 신청학기로 부터 2년 내에 학위를 취득할 수 있는 자
※ 석사과정은 입학한 때로부터 6년, 박사과정은 입학한 때로부터 10년 내에 학위를 취득하지 못할 경우 영구수료 상태가 됨
※ 위에 해당하는 대상 중
2025학년도 1학기
에 논문 진행을 하고자 하는 경우 반드시 기간 내 신청해야 함
2. 신청기간 :
2025.02.03(월) ~2025.02.07(금)
3. 신청방법
가. 학생 : 제출서류를 구비하여 신청기간 내
소속학과로 제출
4. 제출서류 : 영구수료 해제 신청서 1부.(붙임 1 양식 참조)
5. 영구수료 해제 후 학위취득 가능 기한 :
2025.03.01~2027.02.28(해제일로부터 2년)
6. 유의사항
가. 영구수료 해제는 통산 1회에 한하여, 해제 신청 후 2년 경과하였으나 학위를 취득하지 못한 경우 더 이상 학위취득의 기회가 없음
나. 학위과정별 학위취득에 관한 요건을 사전에 필히 확인 요망
7. 관련학칙
학칙시행세칙 제32조(제출가능연한) ①
석사과정의 학위논문은 입학일로부터 6년 이내, 박사과정 및 석․박사통합과정은 10년 이내에 제출하여야 한다. 다만, 군복무기간 및 휴학기간은 제외한다.
②
학위논문 제출가능연한이 만료되어 영구 수료된 자 중에서 정당한 사유가 있는 경우 주임교수의 추천과 대학원장의 승인을 얻어 1회에 한하여 승인한 학기로부터 2년까지 연장할 수 있다.
붙임  1. 영구수료 해제 신청서 1부.  끝."
biomedical_science,2025년『제약바이오 QA·QC 전문가과정』 교육생 모집 공고,N/A,2025.01.23,https://bioinfo.ssu.ac.kr/%ea%b2%8c%ec%8b%9c%ed%8c%90/%ea%b3%b5%ec%a7%80%ec%82%ac%ed%95%ad/?term_id&slug=5513,"기업맞춤형 취업전문기관인 충북여성새로일하기센터는 여성가족부 지원으로 아래와 같이『
제약바이오
QA·QC
전문가과정
』을 운영합니다. 이에 적극적인 도전을 통해 성공적인 취업을 이룰 청년여성을 모집합니다.
2025년 1월 13일
충북여성새로일하기센터장
1.
「
제약바이오
QA·QC
전문가과정
」
이란
?
제약바이오 QA·QC 전문가과정은 의약품을 제조하는데 필요한 원료와 자재, 제품이 소비자에게 공급되기까지의 전 제조공정과 완성된 의약품에 대한
품질을 보증하고 유지
·
관리하는 직무
에 신규입직을 희망하는 전문인력을 양성하기 위한 고부가가치 직업교육훈련 과정입니다.
모집 개요
교육기간
교육시수
선발인원
접수기간
접수방법
2025. 3. 12.~4. 30.
(총 33일)
216시간
20명
2025. 2. 18.
15:00까지
· 방 문: 충북여성새로일하기센터
· 이메일: cb_woman@naver.com
교육의 주요 내용
– 제약바이오 QA·QC 전반의 이해, 의약품 GMP규정의 이해, 제약품질 실무
– 의약품제조소 시설기준, 약전일반시험법, 제약바이오 통계실무
– Data Integrity, 밸리데이션, 적격성평가
– HPLC, GC, 질량분석기 등 기기 실습, 크래마토그래피 결과 분석
– 기초이화학, 생화학, 미생물 실습, 품질시험자 숙련도 평가
– 제약기업 현직자의 실무 중심 전문이론 강의, 응시원서 코칭, 모의면접
– AI 인적성 시험 대비 이론과 실습, 우수기업 견학
– 제약기업 현직자와의 간담회를 통한 취업역량 강화 및 네트워크 형성 기회 제공
교육 안내
가. 선발예정인원: 20명
나. 교육일정: 2025. 3. 12.(수)~4. 30.(수)
다. 교육시간: 주 4~5일(09:30~17:30), 1일 7시간, 총 216시간
라. 교 육 비: 국비 100% 지원
마. 수료기준: 80%이상 교육 참석 시 수료증 발급
바. 수당 지급(지급기준 충족 시)
– 교 통 비: 총 20만원
– 훈련참여촉진수당: 총 26만 5천원(수료 후 16만 5천원, 수료 후 사후관리 참여 시 10만원)
단, 훈련참여촉진수당의 경우, 국민취업제도 2유형 훈련참여수당과 중복 수급 불가
사. 교육장소: 충청북도종합사회복지센터(청주시 흥덕구 공단로 87) 및 실습기관*(대전, 세종)
*실습기간 동안 청주교육장에서 대전, 세종실습장까지 왕복 교통편 제공(단체버스)
응시자격
○직업훈련 수료 후 취업을 희망하는 자로 다음 각 호에 해당할 것
– 만 39세 이하인 여성
– 전문대학(2~3년제)이상 이공계 졸업자
– 현재 재학 중이지 아니한 자(단, ‘25. 8. 졸업예정자, 중퇴자, 휴학생 가능)
– 현재 고용보험 미가입 상태인 자
– 연매출 1억 5천만원 미만인 자영업자
– 연소득 4천 8백만원 미만인 재직자(현직 공무원, 사립학교 교직원 제외)
– 교육 수료 및 취업에 대한 의지가 확고한 자
*
관련 계열 전공자
(
제약
(
공학
),
화학
(
공학
),
미생물학
,
생명
(
공학
)
등
)
우대
*
거주지역 관계없이 지원 가능
응시원서 접수
가. 기 간: 2025. 1. 13.(월)~2. 18.(화) 15:00까지(※시간 엄수)
나. 접수처: 충북여성새로일하기센터 인력양성팀(043-217-9195)
다. 방 법: ① 접수처 방문 접수(청주시 청원구 오창읍 중심상업로 17, 602호)
② 이메일 접수(
cb_woman@naver.com
)
*
우편접수는 받지 않음
전형 일정
가. 1차: 서류전형
※ 서류전형 합격자에 한하여 개별 통보: 2025. 2. 20.(목)
나. 2차: 면접전형(화상 면접)
※ 서류전형 합격자에 한하여 실시: 2025. 2. 23.(일)~2. 25.(화)
다. 최종합격자 발표(개별 통보): 2025. 2. 26.(수)
제출서류
○ 응시원서 1부
기타사항
가. 접수된 서류는 일체 반환하지 아니하며, 응시원서나 각종 증명서의 기재사항 착오 및 누락, 연락 불능으로 발생한 불이익은 모두 응시자의 책임으로 합니다.
나. 충북여성새로일하기센터 직업교육훈련과정 내 중복지원 가능합니다.
다. 기타 자세한 사항은 충북여성새로일하기센터 인력양성팀(043-217-9195)으로 문의하여 주시기 바랍니다."
biomedical_science,[학부]2025학년도 1학기 학과근로장학생 모집 안내,N/A,2025.01.23,https://bioinfo.ssu.ac.kr/%ea%b2%8c%ec%8b%9c%ed%8c%90/%ea%b3%b5%ec%a7%80%ec%82%ac%ed%95%ad/?term_id&slug=5511,"2025학년도 1학기 학과근로장학생을 다음과 같이 모집하니 많은 지원 바랍니다.
근로장학생 자격 및 선발기준
가. 2025학년도 1학기 국가장학금을
1
차
신청하고 소득분위가
9
분위 이내인 자
※ 국가장학금을 신청할 수 없는 대한민국 국적 미소지자도 선발 가능
(단, 순수외국인전형으로 입학한 외국인 유학생은 선발 불가)
나. 2025학년도 1학기 재학 및 복학예정자로 해당학기 등록금 납부 예정인 자
1) 2025학년도 1학기 전 등록휴학 후 복학시 선발 불가(등록대체자)
2) 학기 중 미등록, 입학취소, 복학취소 등으로 인한 학적변동시 모든 장학금 취소
3) 2025학년도 1학기 기준
이수학기가
2~7
학기만 가능
(
건축학 전공은
9
학기까지
)
※
마지막학기 재학생은 선발 불가
다. 직전학기 취득학점 및 학업성적 제한 없음
라. 타 장학금과 중복수혜 가능(근로장학금 간 중복 불가)
※ 본 장학금은 학업장려비 지원 목적으로 등록금(입학금 및 수업료)를 초과하여 지급
마. 국가근로장학생 및 교내근로장학생에 선발되지 않은 자
※
국가근로 및 교내근로 선발자가 포기 후 학과근로 선발될 수 없음
근로장학생 종류별 장학금액 및 근로시간
장학금명
시간당 장학금
총 근로시간 (학기)
1인당 장학금액(원)
학과근로A
10,030원
10시간*20주=200시간
2,006,000
학과근로B
10,030원
5시간*20주=100시간
1,003,000
※ 장학금은 매월 지급하며, 실 지급액은 근로시간에 따라 달라질 수 있음
※ 주 기준은 학기당 받을 수 있는 장학금액 산정을 위한 것이며, 총 시간 내에서 8월까지
근로할 수 있음
※ 장학금 지급일: 매월 셋째주 금요일 예정(Ex. 9월분 근로장학금 지급일: 10월 셋째주 금요일)
유의 사항
가. 선발된 학생은 소속부서에서 지정된 근로시간 동안 근무해야 하며, 학기 중 학적변동
(휴학, 자퇴, 제적 등) 등 불가피한 사유가 인정되는 중도 포기 시 근로 시간 만큼 지급
나. 2025년 7월 근로평가 전까지 교체 가능(단, 교체 전 학생의 근로시간을 차감)
다.
국가근로 및 교내근로로 선발 시 학과근로 선발에서 제외됨
(선발 우선순위: 1. 국가근로, 2. 교내근로, 3. 학과근로)
–
신청절차
가. 학생신청방법: u-SAINT포털 → 등록/장학 → 장학메뉴 ‘근로장학금’→학과근로A/B신청 → 지원서 출력 → 지원서 제출
※
u-SAINT
출력본 제출 필수
나. 온라인접수 및 서류제출기간:
2025
년
2
월
3
일
(
월
) 10:00 ~ 2
월
7
일
(
금
) 17:00
※
제출 일시 이후 제출본은 불인정하니 유의
1) 제출서류: 지원서(u-SAINT출력본)
2) 제출장소: 각 학과사무실
–
선발결과 발표
:
2025년 2월 24일(월) 18:00 이후 본교 홈페이지 공지사항 공지 예정
문의
:
각 학과 사무실"
biomedical_science,[대학원]2025학년도 1학기 대학원 종합시험 실시 안내,N/A,2025.01.22,https://bioinfo.ssu.ac.kr/%ea%b2%8c%ec%8b%9c%ed%8c%90/%ea%b3%b5%ec%a7%80%ec%82%ac%ed%95%ad/?term_id&slug=5509,"1. 생명정보학과 시험 일시:
2025년 03월 06일(목요일), 17:00~
->
장소 : 벤처관 711호
2. 신청기간 :
2025년 2월 3일(월) 10:00 ~ 2월 5일(수) (3일간)
※ 신청기간 이후 추가 신청은 불가하며, 위의 기간 내에 신청
3. 신청방법 :
u-SAINT 로그인 → 성적/졸업 → 외국어 및 종합시험 신청
※ 시험과목은 “전공종합” 선택
4. 응시자격
가. 석사과정 : 18학점 이상 취득하고 3학기 이상 등록을 필한 재학생 및 수료생
나. 박사과정 : 27학점 이상 취득하고 3학기 이상 등록을 필한 재학생 및 수료생
다. 학·석사 연계과정 : 18학점 이상 취득하고 2학기 이상 등록을 필한 재학생 및 수료생
라. 석·박사 통합과정 : 45학점 이상 취득하고 6학기 이상 등록을 필한 재학생 및 수료생
5. 응시료 납부
가. 납부기간 :
2025년 2월 10일(월) ~ 12일(수) 09:00~16:00
※ 납부기간 이후 추가납부 불가
나. 응시료
1) 석사과정 : 20,000원
2) 박사과정 및 석·박사통합과정 : 30,000원
다. 납부방법 : 응시료 납부기간에 u-SAINT에서 고지서 출력 후 개인별 가상계좌 입금
※ u-SAINT 로그인 → 등록/장학 → 기타납부금 고지서 출력
※ 기타납부금 고지서는 납부 당일 확인 가능
6. 합격자발표 :
2025년 3월 14일(금) 예정
7. 유의사항
가. 종합시험은 대학원 과정 학위 취득을 위한 자격시험으로, 종합시험 합격자에 한해 학위
논문제출이 가능함.
나. 휴학생은 지원 불가하며, 시험에 응시하였으나 결과발표 전에 휴학한 경우 평가대상에서 제외되며 응시료 반환 불가함.
다. 석·박사통합과정생의 경우 석사과정 중 합격한 자격시험은 인정하지 않음.
라. 시험 신청 후 응시료를 납부하지 않은 경우 시험 신청이 자동 취소됨.
마. 응시료 납부기간 이후 환불신청 불가함.
바. 외국인유학생의 경우 종합시험과 별개로 논문공개발표 전 아래 중 한 가지를 완료해야 함.
① 유효한 TOPIK 4급 이상 성적증명서 제출
② 연구실적을 근거로 주임교수 명의의 TOPIK 면제 추천서를 공문제출 (추천서 양식 관련 링크 :
양식자료실 | 일반대학원 (ssu.ac.kr)
)
[단, 2025학년도 외국인 유학생 신입생부터 연구실적과 더불어 한국어 강좌 수강 이수증 제출 필요]
끝."
biomedical_science,2024학년도 동계방학 AI 기반 맞춤형 학습지원(슈터디) 운영 안내,N/A,2025.01.06,https://bioinfo.ssu.ac.kr/%ea%b2%8c%ec%8b%9c%ed%8c%90/%ea%b3%b5%ec%a7%80%ec%82%ac%ed%95%ad/?term_id&slug=5500,"[문의 : 교수학습혁신팀(02-828-7132)]
1. 슈터디(SSUtudy)란?
가. 기초 수학/과학 공부를 효율적으로 하기 위한 자율학습 스터디 앱과 앱 속의 AI 튜터를 활용한 학습 프로그램
나. 프로그램 참여자가 기초 진단평가를 통해 스스로 학습 상태를 진단하고, 결과에 따라 AI 튜터가 개별 학생 맞춤형으로 추천하는 문제와 개념에 대한 보완학습을 진행하여 기초 수학/과학 능력을 향상할 수 있음
2. 대상: 본교 학부 재학생 200명
3. 적용 교과: 기초 수학, 기초 과학
※ 자세한 과목 내용은 붙임 파일 참조
4. 운영 일정
구분
기간
비고
신청기간 및 접수
2024.12.23.(월) ~ 2025.01.19(일) 23:45
FUN시스템에서 접수
학습 콘텐츠 이용 기간
2025.01.06.(월) ~ 02.21.(금)
약 2개월 간 사용 가능
1차 진단 평가 기간
2025.01.06.(월) ~ 01.24.(금)
20~30문항,
시험시간 70분 예정
2차 진단 평가 기간
2025.01.13.(월) ~ 01.31.(금)
20~30문항,
시험시간 70분 예정"
biomedical_science,"[학부]2025.02월 졸업생 세부전공 지정 안내(~1/13(월),오전까지)",N/A,2024.12.27,https://bioinfo.ssu.ac.kr/%ea%b2%8c%ec%8b%9c%ed%8c%90/%ea%b3%b5%ec%a7%80%ec%82%ac%ed%95%ad/?term_id&slug=5497,"안녕하세요. 의생명시스템학부 사무실입니다.
2025.02월 졸업생 학위증 세부전공 지정 관련 안내드립니다.
아래 과목을 확인 후
[
학번,이름,본인이 이수한 과목
]을 기재하여 1월 13일 월요일 오전
까지
학부 메일로 회신
바랍니다.
메일제목 : 학번/이름/세부전공명( ex)생명정보및생명공학전공)
2025.02월 졸업예정이나 아직 졸업확정 신고를 하지 않은 학생들은, 졸업확정 신고 후 세부전공관련 메일 회신바랍니다.
졸업시 의생명시스템학부 전공표기를 위한 전공별 이수 지정과목은 아래와 같습니다.
(예전에는 공통과목이였으나 현재는 아닌 과목(예, 생명정보개론) 등의 과목이 있을 수 있으니 본인 입학년도의 교과과정표를
확인(유세인트) 후 메일 발송 요청드립니다)
감사합니다."
biomedical_science,"[학부]2025년도 관정이종환교육재단 장학생 선발 추천의뢰(~12/31(화),오전까지)",N/A,2024.12.27,https://bioinfo.ssu.ac.kr/%ea%b2%8c%ec%8b%9c%ed%8c%90/%ea%b3%b5%ec%a7%80%ec%82%ac%ed%95%ad/?term_id&slug=5490,"*개인정보수집동의서와 엑셀파일을 12월 31일 화요일 오전까지 학과메일로 제출
1. 장학재단명: 재단법인 관정이종환교육재단
2. 장학금액: 학업장려비 600만원 또는 400만원 중 선택 수혜(인당, 한 학기)
유형
구분
학기당 금액
비고
관정성적우수장학금
A형
600만원
타 장학금 중복수혜 불가
관정학업장려장학금
B(학)형
400만원
국가 및 학교에서 지급하는 장학금과 중복수혜 가능
(＊타 민간재단 장학금 중복수혜 불가)
※ 학부생의 경우 A형과 B(학)형 중 선택 수혜 가능
3. 추천인원: 1명
4. 지원자격
가. 2025학년도 1학기 기준 정규 등록 학기 자연계열 재학생
나. 2025학년도 1학기에 5학기 진학(3학년 1학기)을 예정하고 있는 자
다. 직전학기 기준 15학점 이상 취득한 학생
라. 2025학년도 1학기 국가장학금 신청하여 가구원동의를 완료한 자
마. 학부 1~3학기 총 평균평점이 4.0 이상인 자
바. 연령제한: 만24세 이하(2025년 기준/ 2001.1.1.이후 출생)
사. 경제적 도움을 필요로 하는 학생을 우선 추천 (소득구간 통지서 5분위 이하)
아. 대한민국 국적 보유자로서 대한민국에서 고등학교를 졸업한 자
( 단, 주재원파견 등 학부모 국외 근무로 부득이 국외에서 고등학교 과정을 수학한 경우와 검정고시 합격자는 지원 가능, 영주권자 및 복수국적자 지원 불가)
자. 편입생은 지원대상에서 제외됨
5. 추천기한: 2024.12.31.(화) 15시까지
6. 제출서류 및 방법
연번
제출서류
1
◎ 2025년도 관정장학생 추천 명단
(첨부3)
2
◎ 추천 학생 온라인 지원
º2025년 선발 지원자부터는 재단 홈페이지(
http://www.ikef.or.kr
)를 통해 온라인 지원서 우선 작성
º추천명단상의 이메일로 학생 개별 안내 예정
3
 ◎ 온라인 심사 합격자에 한해 지원
서류 일체 우편 제출
º관정이종환교육재단 2025년도 국내대학 추가 장학생 선발계획(첨부1)-III. 서류접수(p8-9) 참고
º온라인 지원서 1부 출력 및 첨부서류 원본
(*온라인출력본 가능) 제출
7. 제출방법: 공문으로 장학팀에게 장학생 추천명단 제출
8. 선발 일정
가. 온라인 서류제출 : 2025.01.17.(화)까지
나. 우편제출(대학 ->재단): 2025년 1월말까지
다. 최종 합격자통보 : 2025.02.14.(금)
9. 장학생 결격 사유
가. 장학금 수혜기간 중 졸업, 휴학, 자퇴, 학칙에 의한 징계처분 등의 사유로 학업 중단 시
나. 본 장학금 지급 자격요건을 상실한 경우(전체 학기 평균성적 4.0점 미달 등)
다. 장학사업의 취지 및 학생의 본분에 어긋나는 행위를 한 경우"
biomedical_science,[장학]현용장학금 지원 공고,N/A,2024.12.18,https://bioinfo.ssu.ac.kr/%ea%b2%8c%ec%8b%9c%ed%8c%90/%ea%b3%b5%ec%a7%80%ec%82%ac%ed%95%ad/?term_id&slug=5485,"현용장학금 지원이 시작되었습니다.
1. 지원서(특별한 양식 없음/자유양식)를 작성하여 진로지도 담당교수님께 서명을 받고 성적증명서와 함께 학과사무실로 제출
2. 타 장학금(백마장학금등)을 받는 학생도 지원가능하나 지원서에 “타 장학금 수혜” 란을 만들고 정확히 기제 바람
3. 25년도 1학기를 등록하려는 학생만 지원가능
4. 2025년 1월10일 마감
많은 지원바랍니다."
biomedical_science,[학부]2025년 8월 졸업예정자 졸업논문 이해도 대면심사 안내,N/A,2024.12.18,https://bioinfo.ssu.ac.kr/%ea%b2%8c%ec%8b%9c%ed%8c%90/%ea%b3%b5%ec%a7%80%ec%82%ac%ed%95%ad/?term_id&slug=5481,"<
이해도대면심사 안내
>
이해도대면심사 안내 드립니다
.
2025
년도
8
월 졸업예정자이신 분들은
2025
년
2
월
21
일
(
금
)
까지
이해도 대면심사를
진행하여 주시기 바랍니다
. (
리뷰 논문
+
실험 논문
)
학생분들이 교수님들에게 개별적으로 연락하여 교수님과의 면담약속을 잡으시고,
이해도대면심사 및 결과보고서 양식을 다운받아 본인이 작성하는
부분
(
학번
,
이름
,
논문제목
,
지도교수
)
을 작성 하고,
심사서의 심사결과 및 지도사항은 교수님께 작성 요청합니다.
이후 해당 결과보고서를 학과사무실로
제출하여 주시기 바랍니다
.
현재 번역서까지 진행한
2025
년도
8
월 졸업예정자
(
졸업논문진행
)
명단은
첨부와 같습니다
.
2025
년
8
월 졸업예정이 아닌 학생은 본인 졸업일정에 맞추어 진행하시면 됩니다
.
명단에 이상이 있으신 분은 학과사무실로 연락 부탁드립니다
."
biomedical_science,[숭실대 대학일자리플러스사업단] 동계방학 제약/바이오 GMP Training Camp 운영 안내,N/A,2024.12.05,https://bioinfo.ssu.ac.kr/%ea%b2%8c%ec%8b%9c%ed%8c%90/%ea%b3%b5%ec%a7%80%ec%82%ac%ed%95%ad/?term_id&slug=5478,"# [
동계방학
]
제약
·
바이오
GMP Training Camp
##
제약
·
바이오 품질
(QC, QA)
및
R&D
원스톱 취업준비과정
(
이론
,
실습
,
공모전
)
모집
: 24. 12. 3.(
화
) ~ 12.25.(
수
)
기간
: 24. 12.31.(
화
) ~ 2.22.(
토
)
·
이론
: 24.12.31.(
화
) ~ 25. 1.23.(
목
) (
화
/
목 온라인
)
·
실습
: 25. 1.18.(
토
)
·
기업 현장 견학
: 25. 1.22.(
수
)
·
공모전
: 25. 2.22.(
토
) (
희망자에 한해
)
연결 링크
:
https://fun.ssu.ac.kr/ko/program/36/view/4499"
biomedical_science,[서울대학교 영상의학과 AICON lab] 채용공고,N/A,2024.11.11,https://bioinfo.ssu.ac.kr/%ea%b2%8c%ec%8b%9c%ed%8c%90/%ea%b3%b5%ec%a7%80%ec%82%ac%ed%95%ad/?term_id&slug=5461,"서울대학교병원 영상의학과 AICON lab에서 neuroimage 데이터분석 및 인공지능 연구를 함께하실 연구원을 모십니다.
01. 모집부서 및 담당자
– 모집부서: 서울대학교병원 영상의학과 AICON lab
– 채용담당: 서울대학교병원 영상의학과 교수 최규성 (
snuhradaicon@gmail.com
)
– 관련 연구실 정보:
https://sites.google.com/view/snuhradaicon
02. Open position (연구원)
[연구실 소개]
Advanced Imaging and Computational Neuroimaging Lab(AICON) 연구실은 의학과 공학의 결합에서 파생된 의공학 분야에 주력하며, 주로 뇌 MRI 영상 분석과 인공지능(AI)을 접목한 연구를 수행하고 있습니다.
특히, 저희 연구실은 공학자뿐만 아니라 의사과학자들과의 협업 네트워크를 운영하고 있으며, 이를 통해 임상에서 실제로 사용될 수 있는 다양한 예측 모델의 개발, 대규모 영상 데이터 분석, MRI 영상 품질 개선에 관한 연구를 진행하고 있습니다. 저널클럽과 연구교류 미팅을 통해 각자의 전문 지식을 공유하며 활발한 학제간 논의를 이어가고 있습니다.
다양한 전문 분야의 연구원들이 함께 연구하는 저희 연구실은 세브란스, 서울아산, 강북삼성병원 등의 의료기관 뿐만 아니라 KAIST, 서울대, UNIST, KIST, 독일 하이델베르크 대학 등 국내외 다양한 기관과 협업을 통해 교모세포종과 같은 뇌종양, 뇌졸중, 알츠하이머, 파킨슨병과 같은 퇴행성 질환, 다발성 경화증과 같은 자가면역성 질환, 그리고 노화 등 다양한 뇌질환에 관련된 새로운 지식과 기술을 개발하고 있습니다.
저희는 MRI 획득 시간, 해상도, 노이즈 등의 한계를 극복하고 AI를 활용하여 뇌 구조와 기능을 보다 정밀하게 분석하는 연구를 진행 중입니다. 이를 통해 영상에서 새로운 바이오마커를 발견하고 개발하여 뇌질환에 대한 정량적인 분석과 메커니즘을 심도 있게 이해하는 것을 목표로 하고 있습니다.
저희 연구실의 궁극적인 목표는 다양한 영상 기법, 신호 처리, 딥러닝 방법을 결합하여 질환의 정량적인 분석 및 뇌 기능을 이해하는 연구를 통해 뇌 영상 데이터에서 숨겨진 정보를 발굴하고, 이를 데이터 시각화를 통해 뇌질환의 정확한 진단, 치료, 예후에 대한 새로운 통찰력을 제공하는 것입니다.
[역할]
– 대규모 의료영상 MRI 데이터 (fMRI, DTI, SWI, T1, T2, FLAIR) 수집, 정리, 전처리 및 가공
– 최신 인공지능 모델과 방법론의 구현 및 실험 수행
– 최신논문 리뷰 및 연구논문 작성
[필요역량]
– Biomedical background (생명과학, 생명공학, 의약학, 간호학 관련 학사, 석사 이상 학위)
– python, R, bash 등의 coding을 이용한 뇌영상 데이터 분석 경험
위 두 가지 조건에 해당하는 경우에만 지원 부탁드립니다.
– Biomedical 분야 informatics 연구 1저자 출판 경험
– 원활한 커뮤니케이션 능력
– 새로운 것(의료적 지식)을 배움에 대한 열정
– 딥러닝 프레임워크 (Tensorflow, Pytorch 등) 사용 경험
– 인공지능 모델을 직접 설계하고 학습 해본 경험
[우대사항]
– 임상 데이터 분석 및 AI 모델 개발 경험
– 우수 논문 출판 경험
– 임상공동연구 수행 경험
03. 전형절차 및 지원 방법
1) 1차 서류전형 > 2차 면접 전형
(1차 합격자에 한해 개별 연락, 서류 불합격시 개별 통보하지 않음)
2) 아래의 필수 사항을 포함한 자유양식의 지원서 이메일 제출
(필수사항 미포함시 접수하지 않음)
– 이메일 제목: “[연구원 지원서]_홍길동”
– 제출처:
snuhradaicon@gmail.com
– 필수 포함 사항:
데이터 분석 관련 경력 혹은 인공지능 모델링 경력과 그 내용 (본인의 역할을 중심으로)
코딩능력 증빙자료 첨부 (본인의 github 페이지, 과거 프로젝트의 .ipynb 파일 사본 등)
– 추가 제출 사항:
출판된 논문의 사본 (해당자에 한함)
공동연구 수행 경험과 그 내용, 본인의 역할을 중심으로 (해당자에 한함)
성적증명서 및 졸업증명서 (해당자에 한함)
04. 근무 내용 및 유의사항
– 근무조건:
주 5일 9-6 근무, 주 40시간 근무 내 협의 가능
– 급여:
국가 연구 과제 인건비 지급 기준에 따라 최대 금액 지급
– 근무환경:
개발용 PC 지급, GPU 서버 사용 가능
– 기타:
비정규 계약직 채용, 본 채용은 서울대학교병원 직원 채용과 무관하며 본 연구원 모집은 학위 과정을 포함하고 있지 않음"
biomedical_science,한국과학기술연구원 강릉 천연물연구소 인턴연구원 채용공고,N/A,2024.11.11,https://bioinfo.ssu.ac.kr/%ea%b2%8c%ec%8b%9c%ed%8c%90/%ea%b3%b5%ec%a7%80%ec%82%ac%ed%95%ad/?term_id&slug=5458,"KIST
강릉
계산생물학
연구실
인턴연구원
채용
본 연구실에서는 인공지능
,
기계학습
,
딥러닝기술을 활용한 천연화합물 기반의 신약개발 연구를 수행할 인턴 연구원을 모집하고 있습니다
.
[
수행
업무
]
–
기계학습을 활용한 신약 후보 물질 발굴 모델 개발 및 검증
–
알파폴드
,
단백질 언어모델 등 인공지능 모델을 활용한 단백질 설계 및 최적화 연구
–
화합물
–
단백질 상호작용 구조 모델링
[
우대 사항
]
–
기계학습 및 프로그래밍 경험 필수
–
단백질
3
차 구조와 화합물 상호작용에 대한 이해
*
컴퓨터를 통한 단백질
,
화합물 연구에 관심있는 열정이 있는 연구자분들을 찾습니다
!!
–
임용예정일인
2025.1.1.
기준 최종학위
(
학사
·
석사
)
취득한 자 또는
3
개월 이내 학위취득 예정자
–
자세한 사항은 메일로
CV
와 함께 이메일로 문의 주시면 연락 드리겠습니다
.
–
홈페이지
:
https://sites.google.com/site/keunwan
–
채용 기간
: 2024.11.1. 18:00 ~ 2024.11.16. 18:00
까지"
biomedical_science,[대학원]2025학년도 1학기 석·박사통합과정 지원 및 선발 안내,N/A,2024.11.05,https://bioinfo.ssu.ac.kr/%ea%b2%8c%ec%8b%9c%ed%8c%90/%ea%b3%b5%ec%a7%80%ec%82%ac%ed%95%ad/?term_id&slug=5449,"1. 지원기간 : 2024.12.02(월)~12.13(금)
2. 지원자격
가. 일반대학원 석사과정 2학기 또는 3학기 재학생(복학예정자 포함)
나. 학업전념학생
다. 18학점 이상 취득 또는 취득예정인 학생
라. 석사과정 전공분야와 통합과정 지원 전공분야가 동일한 자
3. 제출서류
가. 공통 : 석·박사통합과정 지원서 1부.(붙임 2)
나. 4대 사회보험 가입내역 확인서 1부.
※ 4대 사회보험 정보연계센터(
www.4insure.or.kr
) 공인인증서 로그인 → [증명서발급] → 4대 사회보험 가입내역 확인 청구서 신청 → 4개 처리기관의 처리여부 “출력가능” 확인 후 증명서 출력
※ 강사는 다음의 요건 충족 시 예외적 지원 허용 : 주 6시간 이내 근무로 인한 4대 사회보험 가입은 별도의 증빙서류(경력증명서)제출 시 학업전념학생으로 인정
※
건강보험 지역가입자 중 사업장이 표기되어 있는 경우와 4대 사회보험 미가입자이나 종교기관 등에서 전임으로 재직하는 경우 등은 직장병행학생으로 간주하여 지원 불가함
4. 지원방법 : 제출서류를 작성하여 대학원 교학팀으로 제출(웨스트민스터홀 658호)
5. 선발인원 : 박사과정 전체 입학정원의 20%
6. 발표일 : 2025.01.24(금) 예정 – 학과 및 개별통지
7. 관련근거
■학칙시행세칙(대학원)
제67조(선발인원) 통합과정 선발인원은 박사과정 입학정원의 20% 범위 내에서 대학원 운영위원회에서 정한다.[본조신설 2014.11.29.]
제68조(지원요건) 통합과정에 지원하고자 하는 자는 다음 각 호의 요건을 모두 갖추어야 한다.
1. 일반대학원 석사학위과정 2학기 또는 3학기 재학생(복학예정자 포함)
2. 학업전념학생
3. 18학점 이상을 취득 또는 취득 예정인 학생
4. 석사과정 전공분야와 통합과정 전공분야가 동일
5. 지도교수의 추천[본조신설 2014.11.29.]
7. 기타
가. 수업연한
1) 4년(8학기) : 석사과정 입학 학기부터
2) 수업연한 단축 : 수업연한의 단축을 희망하는 경우 석·박사통합과정 6학기 또는 7학기 개시 전(방학중) 대학원 교학팀에 수업연한단축신청서를 제출하고 해당 학기 종료 시 수료요건 충족 및 총 평점평균이 4.0이상이면 6학기 또는 7학기에 수료가능.
단 학업전념학생(Full Time)만 수업연한단축신청이 가능함
나. 석사과정 종합시험 , 석사논문 면제
(
석·박사통합과정 선발 후 박사과정에 해당하는 종합시험만 인정)
다. 박사과정 입학금 면제
라. 안내 : 대학원 홈페이지 내 공지사항 게시
붙임  1. 석·박사통합과정 지원서 양식 1부.
2. 석·박사통합과정 안내문 1부.  끝."
biomedical_science,2025학년도 1학기 학·석사연계과정 지원 및 선발 안내,N/A,2024.11.05,https://bioinfo.ssu.ac.kr/%ea%b2%8c%ec%8b%9c%ed%8c%90/%ea%b3%b5%ec%a7%80%ec%82%ac%ed%95%ad/?term_id&slug=5445,"1. 지원기간 : 2024.12.02(월)~12.13(금)
2. 모집학과 : 학사과정과 석사과정에 동일(또는 유사)학과가 있는 학과(계약학과 제외)
3.지원자격 :
다음 각호 모두 해당되는 자
가. 지원일 당시 학사과정 4학기 이상 6학기 이내 재학 중(건축학부 건축학전공은 6학기 이상 8학기 이내 재학 중)인 자 (학·석사연계과정 신청자는 조기졸업 신청을 할 수 없음)
나. 재수강 이전 과목, 학점포기한 과목, F학점 과목 등을 포함한 전체 과목의 총평점평균이 3.0 / 4.5 이상인 자
다. 7학기 또는 8학기(건축학부 건축학 전공은 9학기 또는 10학기)에 학사과정의 졸업요건을 충족할 수 있는 자
라. 지원하고자 하는 일반대학원 학과 주임교수와 지도교수의 추천을 받은 자
마. 지원하고자 하는 일반대학원의 동일(또는 유사)학과를 주전공 또는 복수전공으로 하는자
4. 제출서류 및 지원방법
가. 학·석사연계과정 신청서 1부.
나. 대학원 교학팀으로 방문 접수(웨스트민스터홀 658호)
5. 선발인원 : 석사과정 입학정원의 20%
6. 발표일 : 2025.01.24(금) 예정 – 학과 및 개별통지
7. 관련안내
가. 대상 : 지원가능 대상자 및 학과
나. 방법 : 안내문 배포 및 대학원 홈페이지 공지
8. 문의처 : 대학원 교학팀(02-820.0258~9 , grad@ssu.ac.kr)
붙임 : 1. 2025-1 학·석사연계과정 안내문 1부.
2. 학·석사연계과정 신청서 1부.  끝."
biomedical_science,[대학원]2024학년도 2학기 연구장려장학금 신청 안내,N/A,2024.10.18,https://bioinfo.ssu.ac.kr/%ea%b2%8c%ec%8b%9c%ed%8c%90/%ea%b3%b5%ec%a7%80%ec%82%ac%ed%95%ad/?term_id&slug=5429,"2024학년도 2학기 연구장려장학금 신청을 아래와 같이 안내하니 지원자격을 갖춘 학생들이 혜택을 받을 수 있도록 적극 안내하여 주시기 바랍니다.
1. 장학제도 안내
가. 신청자격
1) 일반대학원 소속 재학생 중 수업연한 이내인 재학생 (석사 및 박사과정 4학기, 석박사통합과정 8학기 이내)
2) 한국연구재단등재(후보) 학술지 또는 동급 이상 외국학술지에 논문을 게재한 자
나. 지급금액: 100,000원 (게재논문 1건당 대표 1인에게 지급)
※ 1인당 수혜 횟수, 타 장학금과의 중복수혜 제한 없음.
※ 학기별 예산금액 범위 내에서 선발·지급하며, 예산범위를 초과할 경우
타 장학금 중복
수혜여부, 연구장려장학금 수혜여부 등을 검토하여 대상자 선발함.
다. 유의사항
1)
2024.07.05.이후 게재된 논문에 한해 장학금 신청 가능 (게재예정 제외)
※ 2024학년도 1학기 연구장려장학금 신청기간 후 게재된 연구실적 인정
※ 2024학년도 2학기 입학자는 입학일자 이후 게재실적 인정
2)
박사과정 학위청구논문 제출자격을 위한 연구실적으로는 장학금 신청 불가
3) 1인당 수혜 횟수의 제한은 없으며, 타 장학금과 제한 없이 중복수혜 가능
4)
외국학술지에 게재한 경우
해당 학술지의 한국연구재단등재(후보) 학술지 동급
여부를 소속 학과 주임교수에게 확인받고 서명 또는 도장을 받아 신청
해야 함.
2. 신청방법 안내
가. 신청기간: 2024.11.01.(금)~2025.01.03.(금)
나. 신청방법: 신청서 및 증빙서류 대학원 교학팀으로 방문 또는 이메일 제출
1) 방문제출: 웨스트민스터홀 658호
2) 이메일 제출: 스캔본 첨부해
grad@ssu.ac.kr
로 제출
※
이메일 신청 시 제목을 반드시 “연구장학금 신청”으로 지정하여 제출하여야 함.
다. 제출서류
– 장학금 신청서 (붙임 양식)
– 논문게재확인서 (확인서가 발급되지 않는 경우, 게재확정 안내 이메일 등 제출 가능)
– 논문 인쇄본
붙  임 : 장학금 신청서 양식 1부.  끝."
biomedical_science,[학부]2025학년도 8월 졸업예정자 논문계획서 제출 확인 및 1차 번역서 제출 안내,N/A,2024.09.20,https://bioinfo.ssu.ac.kr/%ea%b2%8c%ec%8b%9c%ed%8c%90/%ea%b3%b5%ec%a7%80%ec%82%ac%ed%95%ad/?term_id&slug=5401,"2025
년
8
월 졸업예정자로
,
이번학기 졸업논문계획서를 제출한 학생들은
첨부된
파일의 명단을 확인해주시기를 바랍니다
.
*
명단에 누락되어 있거나 지도교수님
,
실험논문
/
리뷰논문이 잘못 기재되어 있는
학생은 과사로 연락을 부탁드립니다
.
번역논문
(
리뷰논문
)
제출 예정자들은
졸업논문
1
차보고서
(
첨부파일 양식 작성
&
논문번역서 및 영어논문
원문을 함께
첨부하여 제출
)
를
12
월
13
일 금요일
까지
학과 이메일
(
bioinfo@ssu.ac.kr
)
로
제출해주시기 바랍니다
.
*
졸업논문
1
차보고서의 학과장님 승인은 제출 받은 보고서를 토대로
일괄로
받을 예정이니
기한 내에 제출 바랍니다
.
→
논문 번역서
1
차 학부장 심사 및 이후 지도교수께 전달
:
2024
년
12
월
23
일
(
월
) ~ 12
월
30
일
(월
)
*
이메일로 제출시 메일 제목 및 파일명
:
졸업논문
1
차번역서
_
학번 이름
(ex.
졸업논문
1
차번역서
_20171234
홍길동
)
첨부
1.2025
년
8
월 졸업예정자 졸업예정자 및 논문계획서 제출자 명단
2.
졸업논문
1
차 번역서"
biomedical_science,"[대학원]2024학년도 2학기 숭실동문교수회 장학생 선발 안내(기간 연장, ~9.27.)",N/A,2024.09.13,https://bioinfo.ssu.ac.kr/%ea%b2%8c%ec%8b%9c%ed%8c%90/%ea%b3%b5%ec%a7%80%ec%82%ac%ed%95%ad/?term_id&slug=5342,"1. 2024학년도 숭실동문교수회 장학생 선발 기간을 연장하여 아래와 같이 안내하오니 대상자들이 지원할 수 있도록 홍보하여 주시기 바랍니다.
2. 장학금 세부 내용
가. 장학금명: 숭실동문교수회 장학금
나. 장학생 선발 목적
진리와 봉사의 기치 아래 숭실대의 발전과 후진 양성을 목표로 동문 교수들이 기부해 온 숭실동문교수회 장학금을 바탕으로, 학문 및 연구 영역에서 뛰어난 성과를 거두어 학교의 명예를 높이고, 대한민국의 미래를 이끌어 나갈 수 있는 지도자적 숭실 미래 인재를 선발하고 육성하고자 함.
3. 자격 요건(모두 충족해야 함)
가. 대한민국 국적 보유자
나. 숭실대학교 학사 졸업자로서 현재 숭실대학교 박사과정 재학생(신입생 포함) 또는 석·박사통합과정 5학기 이상 이수 중인 재학생 (수료생 및 휴학생 제외)
다. 근면하고 성실한 사람으로서 학문적으로나 연구적으로 우수한 역량을 가진 자
라. 성적 기준
1) 제출일 기준 박사과정 혹은 석·박사 통합과정 평점평균 3.5 이상인자(4.5 만점 기준)
2) 박사과정 성적이 없는 신입생은 석사 취득 평점평균 3.5 이상인자(4.5점 만점 기준)
마. 본 장학금 공고 시점에서 외부기관의 장학금 및 급여 수혜 중인 자는 제외 (단, 국가 및 교내 장학금은 중복 수혜 가능)
4. 장학금 신청 접수 내용
가. 선발 인원: 2명
나. 지급 금액: 5,000,000원/인
다. 선발 기간: 2024. 7. 29. (월) ~
2024. 9. 27. (금) 17:00
라. 지원 방법: 이메일 접수 (
alumnisch@ssu.ac.kr
)
마. 지원 제출 서류
1) 장학생 지원서 및 자기소개서 (붙임 2)
2) 개인정보 수집·이용·제공 동의서 (붙임 3)
5. 문의처: 숭실동문교수 장학위원회(alumnisch@ssu.ac.kr, 010-3791-9671)
붙임 1. 숭실동문교수회 장학생 선발 안내문 1부
2. 장학생 지원서 및 자기소개서 양식 1부
3. 개인정보 수집·이용·제공 동의서 양식 1부.  끝."
biomedical_science,[학부]24년도 곰팡이분자유전학연구실 학부연구생 모집공고,N/A,2024.09.12,https://bioinfo.ssu.ac.kr/%ea%b2%8c%ec%8b%9c%ed%8c%90/%ea%b3%b5%ec%a7%80%ec%82%ac%ed%95%ad/?term_id&slug=5339,"24년도 곰팡이분자유전학연구실 학부연구생 모집공고
□ 담당교수 : 서정아
□ 대상
– 숭실대학교 의생명시스템학부 재학생
□ 연구분야
– 과기부, 농식품부 등 국가연구개발사업 과제수행 및 실험 보조
□ 공통서류
– 이력서 (사진, 연락처 포함), 자기소개서
□ 진행방법
– 1차: 서류접수 (e-mail 접수)
– 2차: 면접
□ 서류제출 기한
– 2024.09.12.(목) ~ 9.30.(월) 17시까지
□ 서류접수 및 기타문의
–
wjddmswl4789@naver.com
–
crystalmj@nate.com"
biomedical_science,"[대학원]2024학년도 2학기 연구윤리 이수 안내 및 신청 명단 제출 안내(~9/20(금), 오전까지)",N/A,2024.09.11,https://bioinfo.ssu.ac.kr/%ea%b2%8c%ec%8b%9c%ed%8c%90/%ea%b3%b5%ec%a7%80%ec%82%ac%ed%95%ad/?term_id&slug=5335,"2024학년도 2학기 연구윤리 교육 일정을 안내드립니다.
수강을 희망하는 학생은 붙임의 명단을 작성하여 9월 20일 금요일 오전까지 학부메일(bioinfo@ssu.ac.kr)로 회신을 부탁드립니다.
1. 내용
가. 교육명
1) 대학원생을 위한 연구윤리(인문사회계열)
2) 대학원생을 위한 연구윤리(이공계열)
나. 교육내용 : 사회적책임, 연구데이터, 출판윤리, 연구부정행위, 연구공동체, 생명윤리
다. 교육컨텐츠 제공 기관 : 국가과학기술인력개발원(KIRD)
※ 본교 스마트캠퍼스를 통해 학습 및 이수해야 함
2. 대상
:
교육수강을 희망하는 본교의 모든 대학원생
가. 과거 이수 여부 확인 : u-SAINT 의 [성적/졸업]의 [논문/졸업] 맨 하단에서 확인가능
나. 시행세칙(대학원)에 의거하여 일반대학원 학위 논문 제출 전 연구윤리 과정을 반드시
이수해야 하며,
2024학년도 2학기 학위청구논문제출 예정자 중 미이수자는 이번
학기에
반드시 이수해야 함
3. 신청 절차
: 학과에서 신청학생 명단 취합 후 공문으로 발송
신청 및 명단 제출 기한
수강 기간
신청방법
1차
2024. 9. 20.(금)까지
2024. 10. 1. ~ 31.
학과에서 신청자 취합 후
명단을 공문으로 발송
2차
2024. 11. 1. ~ 30.
※ 명단 제출 전
신청학생의
학번을 재확인
요청드립니다.
※ 기한을 반드시 준수해 주시기를 요청 드립니다.
4. 수강 방법
가. u-SAINT 접속 후 좌측 중단의
스마트캠퍼스 바로가기
나.
직접접속(https://class.ssu.ac.kr/mypage
) 후 마이페이지
5. 평가비율 및 수료기준
: 모든 수업 컨텐츠별 진도 90% 이상 진행되어야만 수료
※ 학습이수현황에서 콘텐츠의 진도현황을 확인할 수 있으며,
수강해야할 모든 콘텐츠를 각각
90% 이상 이수해야 합니다.
붙임 : 2024학년도 2학기 연구윤리 교육 신청자 명단 양식 1부.  끝."
biomedical_science,[대학원]2024학년도 2학기 수료생 논문등록(연구등록) 안내,N/A,2024.09.02,https://bioinfo.ssu.ac.kr/%ea%b2%8c%ec%8b%9c%ed%8c%90/%ea%b3%b5%ec%a7%80%ec%82%ac%ed%95%ad/?term_id&slug=5326,"2024학년도 2학기 수료생 논문등록(연구등록)을 안내하니 2024학년도 1학기 논문 제출 예정인 수료생들이 등록할 수 있도록 안내 및 독려하여 주시기 바랍니다.
1. 등록대상
가. 수료생 연구등록 자격을 갖춘 자로서 2024학년도 2학기 논문 제출 예정자
나. 재학생은 해당 없음
※ 단,
2024-2학기 논문 제출 예정인 학점등록생
(석사, 박사 5학기 이상, 석박사 통합과정 9학기 이상 재학생)
2. 논문등록자격 (아래의 ‘가~다’ 모든 자격사항 해당자)
가. 수료생(영구수료 해제자 포함)
나. 종합시험 합격자
※ 2024-2학기 응시자도 가능하나,
불합격시, 논문 제출 및 연구 등록비 환불이 불가함
다. 논문지도교수를 배정받고 석사과정은 2개학기, 박사 및 석박사 통합과정은 3학기 이상
논문지도를 받은 자
3. 등록기간
:
2024. 9. 13.(금), 19(목)~20(금) 09:00 ~ 16:00
4. 등록금액
가. 석사 : 80,000원
나. 박사 및 석박사통합과정 : 120,000원
5. 등록방법
가. U-SAINT 에서 기타납부금고지서를 출력 및 확인 후 해당 계좌로 등록금액 입금
1) 등록기간 내 u-SAINT 에 로그인하여 ‘등록/장학_기타납부금고지서출력’ 메뉴에서
계좌를
확인 후 입금
2) 고지서는
9. 13.(금)부터 확인 가능
6. 기타
가. 논문등록비 납부 확인
※ U-SAINT로그인 후 등록/장학_등록금납입이력조회 메뉴에서 납부 다음날부터 확인 가능
나. 연구등록증명서
1) 연구등록증명서는 수료생연구등록비를 납부한 학생에 한해 납부 다음날 부터 발급가능
2) 발급방법
가) 교내 조만식기념관 1층, 신양관 1층 발급기를 통한 발급
나) 인터넷 증명 발급
다. U-SAINT 로그인 문제는 학생서비스팀 Help Desk(02-820-0067~8)
로 문의해 주시기 바랍니다."
biomedical_science,[대학원]2024학년도 2학기 일반대학원 학위논문 일정 및 진행 안내,N/A,2024.08.30,https://bioinfo.ssu.ac.kr/%ea%b2%8c%ec%8b%9c%ed%8c%90/%ea%b3%b5%ec%a7%80%ec%82%ac%ed%95%ad/?term_id&slug=5322,"[학과로 제출해야 하는 서류의 경우 대상자들에게 별도 메일 송부 예정입니다.]
2024학년도 2학기 일반대학원 학위논문 일정을 아래와 같이 안내하니, 대상자가 있는 학과에서는 아래의 일정과 세부사항을 참고해서 대상자에게 안내 및 진행해 주시기 바랍니다.
○ 본 일정 및 진행 안내 공문은 학기 내 진행되는 대학원 학위논문 전체 일정에 대한 안내입니다.
○ 각 일정에 따라서 세부 안내도 사전에 진행될 예정입니다.
○ 관련 규정: 학칙시행세칙(대학원) 제4장 학위논문
–
교학팀에 문의 전 관련 규정 확인 요망
[논문 진행 순서]
–
학과 요청에 따라 순서별 기간을 연장함
기간
9/13, 19~20
9/19~10/11
10/18~11/1
10/23~25
11/1~12/13
1/9~10
순서
수료생
연구등록
(논문등록)
→
공개발표
심사위원
구성
→
가제본,
카피킬러 검사결과 제출
→
심사비
납부
→
최종심사
→
논문완본
학생
등록비납부
(재학생은
등록금납입시
지도비납부)
논문
공개발표
(연구윤리
준수확인서
제출)
논문가제본
제출,
카피킬러
검사결과
‘상세보기’
제출
심사비
납부
최종심사
완본제출
각
학과
대상자
등록 지도
결과보고,
심사위원
추천
가제본제출
지도,
카피킬러
검사결과
제출 지도
심사비
납부 지도
최종심사
결과 보고
제출지도
대학원
등록자명단
학과송부,
준비지도/
등록비 관리
공개발표
결과 및 심사위원 관리
카피킬러
캠퍼스
사용 준비
심사비
관리
심사결과 관리,
심사비, 지도비 지급 준비
완본
접수,
결과관리
1. 논문발표 및 심사대상
4학기 재학생 및 수료생(영구수료해제자 포함) 논문등록자로  아래 ‘가~바’ 사항을 모두 충족 시킨 자
가. 학점 취득자
1) 석사
24학점 이상 취득(예정)
2) 박사
36학점 이상 취득(예정)
3) 석·박사통합
60학점 이상 취득(예정)
※ 중복과목은 제외함
※ 선수과목, 추가학점 지정자는 선수과목 이수 및 추가학점 취득이 필요함
나. 종합시험 합격자
1) 논문진행 학기 응시자도 가능하나, 불합격 시 논문 제출이 불가함
2) 2024학년도 2학기 종합시험 시행결과는 9월 13일(금) 발표 예정임
– 종합시험 결과를 기한(9.11)내 미제출한 학과는 발표 지연됨
3) 종합시험 시행결과를 참고하여 학위논문 발표자격 최종 확인해야 함
다. 연구윤리교육 이수(예정)자
1) 대학원에서 지정한 연구윤리교육을 이수한 자 또는 이번 학기 이수 예정자
2) 2024학년도 2학기 연구윤리교육은 10월(1차), 11월(2차)에 개설될 예정임 (추후 안내 예정)
라. 논문지도교수를 배정 받고 논문지도를 받은자(논문작성학기 포함)
1) 석사과정
논문지도교수를 배정받고 2개학기 이상 논문지도를 받은자
(논문 작성 학기 포함)
2) 박사 및 석·박사통합과정
논문지도교수를 배정받고 3개학기 이상 논문지도를 받은자
(논문 작성 학기 포함)
마. (외국인) 한국어 능력 기준을 갖춘 자
※ 공개발표 결과보고서 제출 이전까지 TOPIK 4급 이상 취득하고 증빙 제출 한 경우,
연구실적을
근거로 주임교수 명의의 TOPIK 면제 추천이 공문으로 제출된 경우에만 논
문
진
행이 가능함
바. (박사 및 석․박사통합과정) 학칙시행세칙(대학원)제30조의 연구실적을 충족한 자
※ 공개발표 결과보고서 제출 시, 연구실적 게재가 완료되어야만 논문 진행이 가능함
2. 논문공개발표 및 공개발표 결과보고
가.
기간 : 10월 11일(금) 까지
나. 공개발표 방법 : 논문지도교수 · 주임교수 · 학과교수 참석 하에 질의 응답 진행
다. 공개발표 결과보고 제출사항
1)
공개발표결과보고서[
붙임1
]
:
학과에서 취합하여 기간 내 대학원으로
오프라인
제출
2)
연구윤리준수확인서[
붙임2]
(공개발표 결과 합격자만 해당) : 학과에서 취합하여 기간 내
대학원으로
오프라인
제출
3. 논문심사위원 추천(공개발표 결과보고서 제출시, 합격자만 해당)
가.
기간 : 10월 11일(금) 까지
나. 심사위원
1) 석사학위과정 : 3명 (외부 심사위원 위촉 시 1명까지 가능)
2) 박사학위과정 : 5명 (외부 심사위원 1명 이상 반드시 포함 필요)
※ 학위과정별 심사위원 위촉 인원(석사 3명, 박사 5명은 반드시 준수)
※ 교내 근무자는 모두 내부심사위원으로 구분됨
다. 심사위원 추천 제출사항
1)
공개발표결과 및 심사위원명단 제출양식(EXCEL)[
붙임3
]
– 학과에서 취합된 공개발표 결과보고서를 기준으로 제출양식 엑셀파일을 작성 및 첨부하여
기간 내 대학원으로
공문 발송
2)
심사위원명단[
붙임4, 붙임5
]
가) 학과에서 취합하여 기간 내 대학원으로
오프라인 제출
나) 직전학기 최종심사 연기자도 심사위원 명단 제출(완본 연기자는 제출하지 않음)
4. 가제본 및 카피킬러 검사결과 ‘상세보기’ 제출
가.
기간 :
10월 18일(금) ~ 11월 1일(금)
나. 대상 : 공개발표에 합격하여 최종심사 대상이 된 자
다. 가제본 제출
구분
석사과정
박사과정
비고
가제본 제출
[별도 양식 없음]
3부
5부
학과 주임교수 및 지도교수 확인 후
각 심사위원에게 직접 제출
※ 교학팀 제출 불필요함
카피킬러 검사결과
‘상세보기’
제출
[붙임6]
참조
3부
5부
[
붙임6
]
의 연구윤리 확보를 위한 논문검사
서비스 안내’파일의 pg.4 참조하여 지도교수
확인 후 심사위원에게 제출
라. 개정된 학칙시행세칙(대학원)에서 학위논문 피심사자격에 ‘논문유사도검사시스템을 통해 학위논문
의 유사도를 확인하고 결과보고서를 제출한 자’가 추가되었으며, 본교는 현재 논문유사도검사시스템
으로 카피킬러를 지정하고 있음
5. 심사비 납부
가.
기간 :
10월 23일(수) ~ 10월 25일(금)
나. 대상 : 공개발표에 합격하여 최종심사 대상인 자
다. 심사비 납부 : 납부 방법은 추후 대학원 홈페이지 공지 등 안내 예정
6. 최종심사 결과보고
가.
기간 : 12
월 13일(금) 까지
나. 최종심사 결과보고 제출사항
1)
최종심사결과 제출양식(EXCEL)
[붙임7
]
: 학과에서 취합된 심사 결과보고서를 기준으로 제출
양식 엑셀파일을 작성, 첨부하여 기간 내
대학원으로 공문발송
2) 제출서류 :
학과에서 취합하여 기간 내 대학원으로 오프라인 제출
가) 석사학위과정 : 석사학위청구논문 심사 결과보고서[붙임8], 심사요지서[붙임10]
나) 박사학위과정 : 박사학위청구논문 심사 결과보고서[붙임9], 심사요지서[붙임10],
박사학위청구논문 심사 일지(2차)[붙임11],
박사학위청구논문 심사 일지(3차)[붙임12],
박사학위청구 논문 심사결과 투표용지(5매)[붙임13]
7. 논문완본 제출
가. 기간 :
2025년 1월 9일(목) ∼ 1월 10일(금) (2일간)
[
붙임14, 붙임15, 붙임16]
나. 2024년 12월 중 학위논문 파일을 본교 중앙도서관 홈페이지에 업로드 후 저작권 동의서를 출력
하여 논문완본과 함께 제출 (관련 세부 사항은 추후 별도 안내 예정)
붙임  2024-2학기 일반대학원 학위논문 관련 양식 및 자료 1부.  끝."
biomedical_science,[학부]의생명시스템학부 여석 증원 과목 안내(9/2 월요일 10:00),N/A,2024.08.29,https://bioinfo.ssu.ac.kr/%ea%b2%8c%ec%8b%9c%ed%8c%90/%ea%b3%b5%ec%a7%80%ec%82%ac%ed%95%ad/?term_id&slug=5320,"9월 2일 10:00 추가 여석 증원과목을 안내합니다. 이후로 추가 여석 증원은 없으니 참고바랍니다.
*과목안내
-바이오컴퓨팅및실습(2150459001)/이주련교수님 : 10석 증원 (25-> 35명)
-생화학1(2150161901) /심가용교수님: 10석 증원(40-> 50명)
-NGS데이터분석(2150695501)/김준일교수님 : 10석 증원( 40> 50명)
-응용미생물학(21500964)/서정아교수님 : 5석 증원(40->45명)"
biomedical_science,[대학원]2024학년도 2학기 논문지도교수 위촉 및 변경 안내(~9/5(목)),N/A,2024.08.29,https://bioinfo.ssu.ac.kr/%ea%b2%8c%ec%8b%9c%ed%8c%90/%ea%b3%b5%ec%a7%80%ec%82%ac%ed%95%ad/?term_id&slug=5313,"[학과 메일로 제출 바랍니다.]
2024학년도 2학기 석사·박사과정의 논문지도교수 위촉 및 변경을 다음과 같이 안내합니다.
1. 관련 규정 : 숭실대학교 학칙시행세칙(대학원) 제 4장 제33조 및 제34조
제 33조(논문지도교수 배정)
① 일반대학원 각 과정의 학생은 1차 또는 2차 학기 중에 논문 지도교수를 배정받아야 한다.
<개정 2016. 8. 19.>
제 34조(일반대학원의 논문지도교수 위촉 및 교체)
① 대학원장은 주임교수의 추천을 받아 논문지도교수를 다음과 같이 위촉한다.<개정 2011. 2. 25>
1.
학생의 전공분야와 동일한 본교 정년직 전임교원
<개정 2009. 4. 13., 2016. 8.19>
2. <삭제 2016. 8. 19.>
3. 제1호에도 불구하고 필요하다고 인정되는
비정년직 전임교원
<개정 2011. 2. 25, 2016, 8. 19>
② 논문지도교수가 질병, 유학 등 부득이한 사유로 학생의 지도가 불가능할 때에는 학과 주임교수를
경유하여 대학원장의 승인을 얻어 교체할 수 있다.
③ 논문지도교수를 위촉 또는 교체할 때 학생의 전공분야와 동일한 교수가 본교에 없을 경우는 위의
자격을 갖춘 타교의 교수로 할 수 있다.
④ 제1항 내지 제3항에도 불구하고 부득이한 경우에 한하여, 명예교수 및 퇴직한 교수가 재직시 지도
하던 학생에 대하여 계속 지도하게 할 수 있다.
2. 대상
가. 논문지도교수 위촉
1) 논문지도교수를 위촉하지 않은 모든 학생
2)
석사 3학기, 박사 2학기 학생 중 지도교수 미위촉된 학생 필수 위촉
3) 논문지도교수 위촉 및 변경 시 교수 1인당 박사 및 석박사통합과정 논문지도 학생(재학생)수 6명 기준 제한
※ 학내외에서 본교 박사학위 논문의 질과 관련 문제 제기 및 우려가 있으며, 교육부의 논문
지도 및 심사 지침 강화 및 대학원운영위원회 결의에 따라 논문 지도 학생을 6명까지 제한
하니 적극 고려하여
주시기 바랍니다. (교수 1인당 적정 논문지도 학생수: EUA 4~6명,
영국은 통상적으로 6명
으로 규정하고 있음)
※ 단, 각 학과의 사정으로 인해 부득이 교수 1인당 지도학생수(박사 및 석박사통합과정) 6명을 초과하는 경우 사유서를 공문에 첨부하여 제출해 주시기 바랍니다.
나. 논문지도교수 변경
1) 기 위촉한 논문지도교수를 변경하고자 하는 학생
다. 2024학년도 2학기 신입 외국인유학생
1) 신입생 외국인유학생의 학교 생활에 잘 적응할 수 있도록 1학년 1학기에 지도교수를 위촉해
주시기 바랍니다.
3. 제출서류
가.
논문 지도교수 위촉
1) 논문 지도교수 위촉 및 변경 양식
[붙임1]
: 엑셀파일. 작성하여 공문에 첨부
2) 논문 지도교수 배정서
[붙임2]
: 한글파일. 스캔하여 공문에 첨부 (학과별, 교수별 작성)
나.
논문 지도교수 변경
1) 논문 지도교수 위촉 및 변경 양식
[붙임1]
: 엑셀파일. 작성하여 공문에 첨부
2) 논문 지도교수 변경 신청서
[붙임3]
: 한글파일. 스캔하여 공문에 첨부 (학생별 작성)
[제출서류표]
구분
공통 제출서류
제출서류
비고
논문 지도교수 위촉
논문 지도교수 위촉
및 변경 양식
[붙임1]
논문지도교수 배정서
[붙임2]
학과별, 교수별 작성
논문 지도교수 변경
논문지도교수 변경 신청서
[붙임3]
학생별 작성
4. 제출 기간:
2024. 9. 2.(월) ~ 9. 5.(목)
5. 제출 방법
가. 학과에서 취합하여 공문으로 발송
나. 논문지도 교수 위촉 및 변경 양식
[붙임 1]
은
작성 후 공문에 첨부
다. 논문 지도교수 배정서
[붙임2]
및 논문지도교수 변경 신청서
[붙임3]
는
스캔하여 공문에 첨부
6. 기타: 석사과정은 2개 학기, 박사 및 석박통합과정은 3개 학기 이상 논문지도비를 납부하고, 논문지도를 받아야 논문 작성 및 제출이 가능하니 논문 작성 일정에 차질이 발생하지 않도록 안내해 주시기 바랍니다.
붙임  1. 2024-2학기 논문지도교수 위촉 및 변경 양식 1부.
2. 논문지도교수 배정서 1부.
3. 논문지도교수 변경 신청서 1부.  끝."
biomedical_science,[학부]2025학년도 2월 졸업예정자 최종 졸업논문 제출 안내,N/A,2024.08.26,https://bioinfo.ssu.ac.kr/%ea%b2%8c%ec%8b%9c%ed%8c%90/%ea%b3%b5%ec%a7%80%ec%82%ac%ed%95%ad/?term_id&slug=5306,"–
대상
:
앞선 절차를 끝내고
,
방학 중 지도교수와 이해도 대면 심사 및 결과 보고서까지 과사에 제출한
2025. 2
월 졸업예정자
(명단 확인 후 이상있는 학생들은 학과사무실로 연락 바랍니다)
–
최종 졸업논문제출 기간
: ~2024
년
11
월
20
일
(수
)
까지
–
방법
:
자기표현으로 바꾸고 보충한 뒤 졸업논문제출 양식에 맞게
작성하여(
국문
/
영문 중
1
택
)
과사 이메일로 제출
(
bioinfo@ssu.ac.kr
)
–
해당자
:
첨부파일 참조
(*
누락되었을 시
,
학과 사무실로 연락 바랍니다
)
– 논문 내용 작성에 대한 부분은 지도교수님께 문의바랍니다.
*
졸업논문 종합안내
(
첨부
)
를 참고해 주시고
,
졸업논문제출 양식
(
첨부
)
을 다운로드하셔서 따라주시고
,
인용표기에 유의해주시기 바랍니다
.
논문을 번역
(
리뷰논문
)
하여 졸업논문으로 제출하고자 할 때는 반드시 첫 페이지 제목
옆에 윗첨자로
¹
⁾
이라 달고
,
첫 페이지 맨 아래에
¹
⁾
이 논문은
‘
전체 저자명
. (
연도
).
제목
.
저널명
Volume number,
시작
page-
마지막
page
번호
.’
의 논문을 번역한 것임
.
이라고 반드시 명시해야함
.
예를 들어 다음과 같이 인용해야 함
.
¹
⁾
이 논문은
‘Rogers, P.R., Song, J., Gramaglia, I., Killeen, N. and Croft, M. (2001). OX40 promotes Bcl-xL and Bcl-2 expression and is essential for long-term survival of CD4 T cells. Immunity 15, 445-455.’
의 논문을 번역한 것임
.
*
논문표절의 오해소지가 있으니 반드시 기입하여야 함
.
*
일정에 따르지 않는 학생을 졸업이 연기됨
.
*
논문번역서는 리뷰논문과 똑같은 포맷으로 작성
(
그림
,
도표 모두 입력
)
*
최종졸업논문은 첨부된 졸업논문양식에 맞게 작성
–
리뷰논문으로 선정한 논문의 길이
(PAGE
수
)
에 준하는 논문을 작성하여 제출하도록
합니다
.
–
리뷰논문으로 선정한 논문과 똑같은 내용이 될 수 없으며 반드시 자신의 언어로 해석한 내용으로 논문을 작성하여 제출합니다
.
*
전체 졸업사정을 보기를 원하시는 분께서는 학부교육의
<
기타 내규
>
를 참조해주시기
바랍니다
.
첨부
:
1.2025.2
월 졸업예정자 명단
2.
졸업논문양식
(
국문
)
3.
졸업논문양식
(
영문
)
(
첨부파일
2, 3
중 각자의 형식에 맞는 것을
1
택
/ 2, 3
모두 쓰는 것은 아님
)"
biomedical_science,[대학원]종합시험 안내,N/A,2024.08.21,https://bioinfo.ssu.ac.kr/%ea%b2%8c%ec%8b%9c%ed%8c%90/%ea%b3%b5%ec%a7%80%ec%82%ac%ed%95%ad/?term_id&slug=5300,"*일시: 2024년 9월 5일 목요일 17:30~
*장소: 벤처관 712호
*출제과목
-단일세포생물학(23-1),  패턴인식(23-1),  오믹스특론(23-2),  고급차세대염기서열분석(23-2),
메타지노믹스(24-1), 오믹스데이터분석(24-1),  RNAseq(24-1)
*주의사항:
자신이 수강한 과목에 한해서 4과목의 문제에 대해서만 답할 수 있음
각 25점 만점으로 채점되고, 총점 70점 이상이 합격"
biomedical_science,[학부]2025년 8월 졸업예정대상자 졸업논문계획서 및 번역서 제출 안내,N/A,2024.08.12,https://bioinfo.ssu.ac.kr/%ea%b2%8c%ec%8b%9c%ed%8c%90/%ea%b3%b5%ec%a7%80%ec%82%ac%ed%95%ad/?term_id&slug=5293,
biomedical_science,2024학년도 2학기 한국장학재단 국가장학금 2차 신청 안내,N/A,2024.08.08,https://bioinfo.ssu.ac.kr/%ea%b2%8c%ec%8b%9c%ed%8c%90/%ea%b3%b5%ec%a7%80%ec%82%ac%ed%95%ad/?term_id&slug=5291,"1.홍보내용(학교 홈페이지 공지사항 참조):
바로가기
2. 세부안내
가. 신청기간: 2024.08.14.(수) 09:00~2024.09.11.(수) 18:00
나. 서류 제출 및 가구원 동의 기간: 2024.08.14.(수) 09:00~2024.09.19.(목) 18:00
다. 신청대상: 신입생(2학기 입학예정자), 편입생, 재입학생, 복학생 및 1차 신청을 놓친
재학생
※ 재학생은 원칙적으로 1차 신청 기간에만 신청 가능하며, 2차 신청자는 재학 중 2회에 한하여
구제신청 자동 적용 및 심사 후 지원 가능(구제신청 적용 여부 선택 불가)
※ 국가장학금 신청후 소득분위 심사가 완료된 학생에게 교내장학금 지급이 가능하므로 반드시
신청
라. 신청방법: 한국장학재단 홈페이지(www.kosaf.go.kr) 및 모바일 앱에서 신청"
biomedical_science,[대학원]2024학년도 2학기 대학원 종합시험 실시 안내,N/A,2024.07.31,https://bioinfo.ssu.ac.kr/%ea%b2%8c%ec%8b%9c%ed%8c%90/%ea%b3%b5%ec%a7%80%ec%82%ac%ed%95%ad/?term_id&slug=5282,"1. 생명정보학과 시험 일시:
2024. 9. 5.(목) 17:30~, 벤처관 712호
2. 신청 기간:
2024. 8. 6.
(화) 10:00~8.(목) 23:59
※ 기간 이후 추가 신청은 불가
3. 신청 방법: u-SAINT 로그인 → 성적/졸업 → 외국어 및 종합시험 신청
※ 시험과목은 “전공종합” 선택
4. 신청 및 응시 자격(
2024-2학기 기준
)
가. 석사과정: 18학점 이상 취득하고 3학기 이상 등록을 필한 재학생 및 수료생
나. 박사과정: 27학점 이상 취득하고 3학기 이상 등록을 필한 재학생 및 수료생
다. 학·석사 연계과정: 18학점 이상 취득하고 2학기 이상 등록을 필한 재학생 및 수료생
라. 석·박사 통합과정: 45학점 이상 취득하고 6학기 이상 등록을 필한 재학생 및 수료생
5. 응시료 납부
가. 납부 기간 :
2024. 8. 14.
(수)~16.(금)
09:00~16:00
※ 납부기간 이후 추가납부 불가
나. 응시료
1) 석사과정: 20,000원
2) 박사과정 및 석·박사통합과정: 30,000원
다. 납부방법: 응시료 납부 기간에 u-SAINT에서 고지서 출력 후 개인별 가상계좌 입금
※ u-SAINT 로그인 → 등록/장학 → 기타납부금 고지서 출력
※ 기타납부금 고지서는 납부 당일 확인 가능
6. 합격자 발표:
2024. 9. 13.(금) 예정
7. 유의사항
가. 종합시험은 대학원 과정 학위 취득을 위한 자격시험으로,
종합시험
합격자에 한해 학위
논문 제출이 가능함
나. 2024-2학기 기준 휴학생은 지원 불가하며, 시험에 응시하였으나 결과발표 전에 휴학한 경우 평가대상에서 제외되며 응시료 반환 불가함
다. 석·박사통합과정생의 경우 석사과정 중 합격한 자격시험은 인정하지 않음
라. 시험 신청 후 응시료를 납부하지 않은 경우 시험 신청이 자동 취소됨
마. 응시료 납부기간 이후 환불신청 불가함
바. 외국인유학생은 종합시험과 별개로 논문공개발표 전 아래 중 한 가지를 완료해야 함
① 유효한 TOPIK 4급 이상 성적증명서 제출
② 연구실적을 근거로 주임교수 명의의 TOPIK 면제 추천서를 공문제출(추천서 양식
바로가기
).  끝."
biomedical_science,[학부]2024학년도 2학기 학과근로장학생 모집 안내,N/A,2024.07.26,https://bioinfo.ssu.ac.kr/%ea%b2%8c%ec%8b%9c%ed%8c%90/%ea%b3%b5%ec%a7%80%ec%82%ac%ed%95%ad/?term_id&slug=5276,"2024학년도 2학기 학과근로장학생을 다음과 같이 모집하니 많은 지원 바랍니다.
근로장학생 자격 및 선발기준
가. 2024학년도 1학기 국가장학금을
1
차
신청하고 소득분위가 8분위 이내인 자
※ 국가장학금을 신청할 수 없는 대한민국 국적 미소지자도 선발 가능
(단, 순수외국인전형으로 입학한 외국인 유학생은 선발 불가)
나. 2024학년도 2학기 재학 및 복학예정자로 해당학기 등록금 납부 예정인 자
1) 2024학년도 2학기 전 등록휴학 후 복학시 선발 불가(등록대체자)
2) 학기 중 미등록, 입학취소, 복학취소 등으로 인한 학적변동시 모든 장학금 취소
3) 2024학년도 2학기 기준 이수학기가 2~8학기만 가능(건축학 전공은 10학기까지)
다. 직전학기 취득학점 및 학업성적 제한 없음
라. 타 장학금과 중복수혜 가능(근로장학금 간 중복 불가)
※ 본 장학금은 학업장려비 지원 목적으로 등록금(수업료)을 초과하여 지급
마. 국가근로장학생 및 교내근로장학생에 선발되지 않은 자
※ 국가근로 및 교내근로 선발자가 포기 후 학과근로 선발될 수 없음
근로장학생 종류별 장학금액 및 근로시간
장학금명
시간당 장학금
총 근로시간 (학기)
1인당 장학금액(원)
학과근로A
9,860원
10시간*20주=200시간
1,972,000
학과근로B
9,860원
5시간*20주=100시간
986,000
※ 장학금은 매월 지급하며, 실 지급액은 근로시간에 따라 달라질 수 있음
※ 주 기준은 학기당 받을 수 있는 장학금액 산정을 위한 것이며, 총 시간 내에서 8월까지
근로할 수 있음
※ 장학금 지급일: 익월 셋째 주 금요일
유의 사항
가. 선발된 학생은 소속부서에서 지정된 근로시간 동안 근무해야 하며, 학기 중 학적변동
(휴학, 자퇴, 제적 등) 등 불가피한 사유가 인정되는 중도 포기 시 근로 시간 만큼 지급
나. 2024년 12월 근로평가 전까지 교체 가능(단, 교체 전 학생의 근로시간을 차감)
다.
국가근로 및 교내근로로 선발 시 학과근로 선발에서 제외됨
(선발 우선순위: 1. 국가근로, 2. 교내근로, 3. 학과근로)
–
신청절차
가. 학생신청방법: u-SAINT포털 → 등록/장학 → 장학메뉴 ‘근로장학금’→학과근로A/B신청 → 지원서 출력 → 지원서 제출
※
u-SAINT
출력본 제출 필수
나. 온라인접수 및 서류제출기간:
2024
년
8
월
1
일
(
목
) 10:00 ~ 8
월
9
일
(
금
) 17:00
1) 제출서류: 지원서(u-SAINT출력본)
2) 제출장소: 각 학과사무실
–
선발결과 발표
가. 일시 : 2024년 8월 23일(금) 18:00 이후 본교 홈페이지 공지사항 공지 예정"
biomedical_science,[학부]2024-2학기 의생명시스템특론 과목 관련 안내,N/A,2024.07.23,https://bioinfo.ssu.ac.kr/%ea%b2%8c%ec%8b%9c%ed%8c%90/%ea%b3%b5%ec%a7%80%ec%82%ac%ed%95%ad/?term_id&slug=5273,"2024-2학기에 개설되는 [의생명시스템특론]과목 관련 안내입니다.
이번 학기 의생명시스템특론2는 내년 (2025-2학기)부터 ‘오믹스’라는 교과목으로 개설되는 과목을 강의합니다.
‘오믹스’는 2학년을 대상으로 개설되는 과목이지만, 올해는 처음 개설되는 과목으로 학년에 상관없이 2, 3, 4학년 누구나 수강 가능합니다.
(2024-2학기에는 4학년 과목으로 개설되어있으며, 2,3학년 학생들이 해당 과목을 수강하시는 경우 전체 수강신청일에 수강신청이 가능합니다)
‘오믹스’는 다양한 생물학적 분자 풀의 집단적 정량화와 특성화를 통해 생명체의 구조, 기능, 역학 등을 설명하는 학문으로, 본 과목에서는 기본 원리와 어떻게 응용되는지를 이해함으로써 의생명시스템학부를 이해하는데 큰 도움이 될 것으로 생각됩니다.
위의 내용 참고하셔서 수강신청 하시기 바라겠습니다."
biomedical_science,[대학원]2024학년도 2학기 영구수료 해제(학위논문 제출가능 연한 연장) 신청 안내,N/A,2024.07.18,https://bioinfo.ssu.ac.kr/%ea%b2%8c%ec%8b%9c%ed%8c%90/%ea%b3%b5%ec%a7%80%ec%82%ac%ed%95%ad/?term_id&slug=5270,"2024학년도 2학기 영구수료 해제(학위논문 제출가능연한 연장) 신청을 다음과 같이 안내합니다.
1. 신청대상
가. 신청일 현재 영구수료인 자 및 신청 학기에(2024.08.31) 영구수료 예정인 자
나. 신청학기로 부터 2년 내에 학위를 취득할 수 있는 자
※ 석사과정은 입학한 때로부터 6년, 박사과정은 입학한 때로부터 10년 내에 학위를 취득하지 못할 경우 영구수료 상태가 됨
※ 위에 해당하는 대상 중
2024학년도 2학기
에 논문 진행을 하고자 하는 경우 반드시 기간 내 신청해야 함
2. 신청기간 :
2024.08.01(목) ~2024.08.08(목)
3. 신청방법
가. 학생 : 제출서류를 구비하여 신청기간 내
소속학과로 제출
나. 학과 : 제출된 서류를
2024.08.09(금)까지 대학원으로 공문 발송
: 제출 서류 공문에 붙임파일로 첨부,
원본은 학과 보관
4. 제출서류 : 영구수료 해제 신청서 1부.(붙임 1 양식 참조)
5. 영구수료 해제 후 학위취득 가능 기한 :
2024.09.01~2026.08.31(해제일로부터 2년)
6. 유의사항
가. 영구수료 해제는 통산 1회에 한하여, 해제 신청 후 2년 경과하였으나 학위를 취득하지 못한 경우 더 이상 학위취득의 기회가 없음
나. 학위과정별 학위취득에 관한 요건을 사전에 필히 확인 요망
7. 관련학칙
학칙시행세칙 제32조(제출가능연한) ①
석사과정의 학위논문은 입학일로부터 6년 이내, 박사과정 및 석․박사통합과정은 10년 이내에 제출하여야 한다. 다만, 군복무기간 및 휴학기간은 제외한다.
②
학위논문 제출가능연한이 만료되어 영구 수료된 자 중에서 정당한 사유가 있는 경우 주임교수의 추천과 대학원장의 승인을 얻어 1회에 한하여 승인한 학기로부터 2년까지 연장할 수 있다.
붙임 : 1. 영구수료 해제 신청서 1부.  끝."
biomedical_science,[학부]2024-여름방학 학사경고자 및 학사경고위험군 대상 상담 프로그램 안내,N/A,2024.07.09,https://bioinfo.ssu.ac.kr/%ea%b2%8c%ec%8b%9c%ed%8c%90/%ea%b3%b5%ec%a7%80%ec%82%ac%ed%95%ad/?term_id&slug=5265,
biomedical_science,[학부]2024-2학기 [면역질환]의 선수 과목 안내,N/A,2024.07.02,https://bioinfo.ssu.ac.kr/%ea%b2%8c%ec%8b%9c%ed%8c%90/%ea%b3%b5%ec%a7%80%ec%82%ac%ed%95%ad/?term_id&slug=5263,"2024-2학기에 신설되는 [면역질환/4학년]과목의 선수과목을 안내 드립니다.
2024-2학기 수강신청시 참고하여 주시기 바랍니다.
선수 과목
후수 과목
적용 일자
과목번호
과목명
과목번호
과목명
21505042
면역학
21501268
면역질환
2024.09.01부터 적용
(2024-2학기)"
biomedical_science,[한국바이오협회] 바이오 빅데이터(유전체) 분석 취업희망자 과정 교육생 모집,N/A,2024.06.28,https://bioinfo.ssu.ac.kr/%ea%b2%8c%ec%8b%9c%ed%8c%90/%ea%b3%b5%ec%a7%80%ec%82%ac%ed%95%ad/?term_id&slug=5256,"아래 링크 확인
https://stibee.com/api/v1.0/emails/share/–LNmuPG68yZkc7OJ7W7bEw7IoDT-Ek"
biomedical_science,[학부]2025년 2월 졸업예정자 졸업논문 이해도 대면심사 안내,N/A,2024.06.24,https://bioinfo.ssu.ac.kr/%ea%b2%8c%ec%8b%9c%ed%8c%90/%ea%b3%b5%ec%a7%80%ec%82%ac%ed%95%ad/?term_id&slug=5251,"<
이해도대면심사 안내
>
이해도대면심사 안내 드립니다
.
2025
년도
2
월 졸업예정자이신 분들은
2024
년
8
월
23
일
(
금
)
까지
이해도 대면심사를
진행하여 주시기 바랍니다
. (
리뷰 논문
+
실험 논문
)
학생분들이 교수님들에게 개별적으로 연락하여 교수님과의 면담약속을 잡으시고,
이해도대면심사 및 결과보고서 양식을 다운받아 본인이 작성하는
부분
(
학번
,
이름
,
논문제목
,
지도교수
)
을 작성 하고,
심사서의 심사결과 및 지도사항은 교수님께 작성 요청합니다.
이후 해당 결과보고서를 학과사무실로
제출하여 주시기 바랍니다
.
현재 번역서까지 진행한
2025
년도
2
월 졸업예정자
(
졸업논문진행
)
명단은
첨부와 같습니다
.
2025
년
2
월 졸업예정이 아닌 학생은 본인 졸업일정에 맞추어 진행하시면 됩니다
.
명단에 이상이 있으신 분은 학과사무실로 연락 부탁드립니다
."
biomedical_science,[학부]2024학년도 국가우수장학금(이공계) 신규장학생(성적우수 및 재학중우수자 유형) 신청 홍보,N/A,2024.05.07,https://bioinfo.ssu.ac.kr/%ea%b2%8c%ec%8b%9c%ed%8c%90/%ea%b3%b5%ec%a7%80%ec%82%ac%ed%95%ad/?term_id&slug=5242,"1. 홍보내용(자세한 내용은 학교 홈페이지 공지사항 참조)
가. 성적우수 유형:
바로가기
나. 재학중우수자 유형:
바로가기
2. 세부안내
가. 지원대상: 자연과학대학, 공과대학, IT대학, 융합특성화자유전공학부 재학생
장학금 유형
장학금액
추천인원
제출서류
성적우수
4년간 등록금 전액
(정규 등록학기 내)
7명
지원서 및 학업계획서,
개인정보 동의서
재학중우수
2년간 등록금 전액
(정규 등록학기 내)
8명
지원서 및 학업계획서,
개인정보 동의서
나. 학생 신청기간(학생→장학팀)
1) 성적우수 유형: 2024.05.13.(월) 17:00까지
2) 재학중우수자 유형: 2024.05.10.(금) 17:00까지
– 점심시간 12:20~13:20 및 토․일요일 접수 불가
3. 제출장소: 장학팀(미래관 106-1호)
※ 방문제출 또는 우편제출(서류가 미비한 경우, 탈락될 수 있음/ 기한내 도착분에 한함)
※ 우편주소: 06978 서울시 동작구 상도로 369 숭실대학교 미래관 106-1호 장학팀. 끝."
biomedical_science,[대학원]2024학년도 1학기 연구장려장학금 신청 안내,N/A,2024.05.02,https://bioinfo.ssu.ac.kr/%ea%b2%8c%ec%8b%9c%ed%8c%90/%ea%b3%b5%ec%a7%80%ec%82%ac%ed%95%ad/?term_id&slug=5238,"2024학년도 1학기 연구장려장학금 신청을 아래와 같이 안내하니 지원자격을 갖춘 학생들이 혜택을 받을 수 있도록 적극 안내하여 주시기 바랍니다.
1. 장학제도 안내
가. 신청자격
1) 일반대학원 소속 재학생 중 수업연한 이내인 재학생 (석사 및 박사과정 4학기, 석박사통합과정 8학기 이내)
2) 한국연구재단등재(후보) 학술지 또는 동급 이상 외국학술지에 논문을 게재한 자
나. 지급금액: 100,000원 (게재논문 1건당 대표 1인에게 지급)
※ 1인당 수혜 횟수, 타 장학금과의 중복수혜 제한 없음.
※ 학기별 예산금액 범위 내에서 선발·지급하며, 예산범위를 초과할 경우
타 장학금 중복
수혜여부, 연구장려장학금 수혜여부 등을 검토하여 대상자 선발함.
다. 유의사항
1)
2024.01.05.이후 게재된 논문에 한해 장학금 신청 가능 (게재예정 제외)
※ 2023학년도 2학기 연구장려장학금 신청기간 후 게재된 연구실적 인정
※ 2024학년도 1학기 입학자는 입학일자 이후 게재실적 인정
2)
박사과정 학위청구논문 제출자격을 위한 연구실적으로는 장학금 신청 불가
3) 1인당 수혜 횟수의 제한은 없으며, 타 장학금과 제한 없이 중복수혜 가능
4)
외국학술지에 게재한 경우
해당 학술지의 한국연구재단등재(후보) 학술지 동급
여부를 소속 학과 주임교수에게 확인받고 서명 또는 도장을 받아 신청
해야 함.
2. 신청방법 안내
가. 신청기간: 2024.05.01.(수)~2024.07.04.(목)
나. 신청방법: 신청서 및 증빙서류 대학원 교학팀으로 방문 또는 이메일 제출
1) 방문제출: 웨스트민스터홀 658호
2) 이메일 제출: 스캔본 첨부해
grad@ssu.ac.kr
로 제출
※
이메일 신청 시 제목을 반드시 “연구장학금 신청”으로 지정하여 제출하여야 함.
다. 제출서류
– 장학금 신청서 (붙임 양식)
– 논문게재확인서 (확인서가 발급되지 않는 경우, 게재확정 안내 이메일 등 제출 가능)
– 논문 인쇄본
붙  임 : 장학금 신청서 양식 1부.  끝."
biomedical_science,[학부/대학원]2024년도 1학기 연구실 정기교육 시행 안내,N/A,2024.04.30,https://bioinfo.ssu.ac.kr/%ea%b2%8c%ec%8b%9c%ed%8c%90/%ea%b3%b5%ec%a7%80%ec%82%ac%ed%95%ad/?term_id&slug=5234,"2024년도 1학기 연구실 정기교육 시행 안내에 대해 아래 와 같이 안내드립니다.
해당 실험 강의 및 연구실은 붙임파일 참고 바랍니다.
=================================================================
1. 교육 개요
가. 교육대상자 : 연구활동종사자  (단위 : 명)
구    분
정기교육
비   고
교   수
190
대학원생(석,박사)
242
학사과정
2,465
계
2,897
나. 교육 기간 :
2024.4.29(월) ~ 2024.6.30 (일)
다. 교육 시간 : 2시간~6시간(정기교육, 학생/근로자 여부에 따라 결정)
라. 교육 방법 : 온라인 교육·훈련
2. 온라인교육 수강방법
가. 수강 기간 :
2024.4.29(월) ~ 2024.6.30 (일)
나. 교육 사이트 :
http://www.safety
edu.org
다. 로그인 방법 :
1) 기  관 : 숭실대학교
2) 학번/사번 : 학번 혹은 사번
3) 비밀번호 : 초기 비밀번호는 학번 혹은 사번
라.  교육 시간 : 고위험(6시간), 중위험(3시간), 저위험(3시간)
마. 언어 변경 : 수강 신청 시 언어(국문, 영문, 중문) 선택
3 문    의 : 안전총괄팀 (820-0197) / E-Mail : cocomose
@ssu.ac.kr"
biomedical_science,[환인제약 중앙연구소] 전문연구요원 모집 안내의 건,N/A,2024.04.29,https://bioinfo.ssu.ac.kr/%ea%b2%8c%ec%8b%9c%ed%8c%90/%ea%b3%b5%ec%a7%80%ec%82%ac%ed%95%ad/?term_id&slug=5230,https://www.whanin.com/recruit/recruit_info_view.php?apply_seq=267&page=1
biomedical_science,"[한국여성과학기술인육성재단]2024년 WISET 이공계 대학(원)생 취업탐색 멘토링 멘티 모집(바이오, 생명, 생물, 화학 등)",N/A,2024.04.17,https://bioinfo.ssu.ac.kr/%ea%b2%8c%ec%8b%9c%ed%8c%90/%ea%b3%b5%ec%a7%80%ec%82%ac%ed%95%ad/?term_id&slug=5224,"1. 귀 대학의 무궁한 발전을 기원합니다.
2. 한국여성과학기술인육성재단(WISET)은 여성과학기술인의 육성과 지원을 위한 정책사업을 수행하는 과학기술정보통신부 소관 공공기관입니다.
3. WISET은 차세대 우수 여성과학기술인을 양성하고자 기업, 연구소 등 이공계 분야 재직자(멘토)와의 탐색 및 경력 개발 등의 미래 설계를 지원하는 「취업탐색 멘토링」을  운영하고 있습니다.
4. 2024년 취업탐색 멘토링에 참여할 대학생 및 대학(원)생을 아래와 같이 모집하오니, 귀 대학의 해당 전공 학생들이 참여할 수 있도록 협조 요청드립니다.
가. 「취업탐색 멘토링」
개요
1) 모집 대상 :
이공계 전공 여자 대학생, 대학원생 170명 내외
(※ 휴학생, 졸업생은 미취업자에 한해 신청 가능)
2) 활동 기간 : 5월~10월(멘토 기관별 상이)
3) 주요 활동 : 멘토 기관 탐방 / 직무특강 및 모의면접 / 기술 및 리더십 특강 / 소그룹 멘토링
4) 멘토링 분야 : 건축/건설, 기계,
생명과학(생명, 생물, 바이오, 화학 등),
에너지/자원, 전기/전자, 정보/통신, 지구과학, 지질, 천문, 토목/교통, 화학공학, 환경, 항공
[※ 생명과학(생명, 생물, 바이오. 화학 등) 관련 멘토링 기관]
No.
멘토 기관(팀)명
참여 멘토 소속
멘토링 가능 전공 및 분야
1
㈜미강이엔씨
(Green Growth팀)
국립해양생물자원관,
KAIST 지속발전센터, 제일엔지니어링,
미강이엔씨
생명과학, 지구과학, 환경
2
베트올
(이화바이오멘토링팀)
베트올, 국립암센터, YUYA바이오컨설팅, 이대목동병원, ㈜비보존, 단국대, LG화학, 국립생태원, 부산대, JW제약, 이화여대, 셀트리온, CJ제일제당, ㈜큐로셀, 유영제약
생명과학
* 약리독성학, 분자세포생물학, 면역학, 분자생리학, 분자생물학, 세포생물학, 신경생리학, 생태학, 생물정보학, 생명정보학, 암생물학 등
3
한국수자원
공사
한국수자원공사
화학, 환경, 상하수도·수질환경
* 정수처리, 하폐수처리, 재이용, 해수담수화, 스마트 상수관망, 유역하천 수질관리 등
4
한국지질
자원연구원
한국지질자원연구원
화학, 에너지/자원, 지구과학, 환경
* (공정)광물학, 자원공학(희유금속, 지오폴리머), 비전통에너지자원, 이산화탄소 처분, 해저 지질재해, 자원탐사, 지하수 및 토양 환경, 자원소재, 신재생에너지 등
5) 모집 기간 : ~ 4월 28일(일) 24시
6) 신청 방법 : WISET W브릿지(www.wbridge.or.kr) > 네트워킹 > 취업탐색 멘토링에서 신청
– 공고 URL : https://bit.ly/4cAmzVx
나. 요청 사항
: 학과 홈페이지 내 모집글 게재 및 대학생·대학원생 대상 안내 등
다. 문 의 처
: WISET 인재육성팀(hjhong@wiset.or.kr, 02-6411-1023). 끝."
biomedical_science,[학부/대학원]2024년도 학부/대학원생을 위한 폭력예방교육(법정의무) 안내,N/A,2024.04.16,https://bioinfo.ssu.ac.kr/%ea%b2%8c%ec%8b%9c%ed%8c%90/%ea%b3%b5%ec%a7%80%ec%82%ac%ed%95%ad/?term_id&slug=5220,"1. 관련: 인권팀-37(2024.03.10) 2024년도 본교 폭력예방교육 기본계획 수립
2. 위 호와 관련하여, 2024년도 ‘학부 및 대학원생을 위한 폭력 예방교육’을 아래와 같이 진행합니다. 각 대학 및 대학원에서는 소속 학부/대학원 재학생(외국인 포함)에게 본 교육 이수 안내를 요청드리며, 모든 재학생이 이수할 수 있도록 적극적인 관심과 협조를 부탁드립니다.
3. 교육 개요
가. 과정: 2024년도 학부/대학원생을 위한 폭력예방교육
나. 유형: 필수교육(법정의무교육)
다. 기간:
’24. 4. 17.(수) ~ 7.26.(금)
라. 대상: 본교 학부/대학원 재학생(4.1일자 기준. 외국인 학생 포함)
마. 방식: 온라인 동영상 강의 (한국어, 영어, 중국어 제공)
바. 내용: 성희롱, 성폭력, 가정폭력, 인권, 성인지, 2차 피해
사. 출석: 언어별 1개 강의 100% 시청 시 출석 인정
4. 교육 이수 방법
u-SAINT 로그인 → LMS 바로가기(왼쪽 메뉴 영역 중간) → 마이페이지(Learning)
→
2024년 학부/대학원생을 위한 폭력예방교육
에서 ‘과목 홈 바로가기’ → 주차학습
→ 언어별 강의 선택
5. 기타 유의사항
가. 미이수자 학기말 성적 조회 제한
1) 1학기 종강일(6/21)까지 이수: 성적조회 기간(6/25~6/27)에 성적조회 가능
2) 6/22부터 성적조회 기간 중 이수: 교육 이수 다음날 오후부터 성적조회 가능"
biomedical_science,"[산학협력진흥팀] 2024학년도 지식재산(IP) 분야 취, 창업 특강 1차: 바이오의약품 분야",N/A,2024.04.08,https://bioinfo.ssu.ac.kr/%ea%b2%8c%ec%8b%9c%ed%8c%90/%ea%b3%b5%ec%a7%80%ec%82%ac%ed%95%ad/?term_id&slug=5193,"숭실대학교 산학협력단 산학협력진흥팀에서는
진로취업팀
,
창업지원팀과 협력하여
아래와 같이 지식재산
(IP)
분야 취
,
창업 특강을 진행합니다
.
2024
학년도 지식재산
(IP)
분야 취
,
창업 특강
1
차는 바이오의약품 분야로
관련
분야 취
,
창업 희망 학생들의 진로 결정과 아이디어 발굴에 도움이 되도록
최신 업계동향 및 그와 관련된 특허전략을 주제로 진행됩니다
.
관심 있는 학생들의 많은 참여 바랍니다
.
감사합니다
.
——————————-
[
산학협력진흥팀
]
2024
학년도 지식재산
(IP)
분야 취
,
창업 특강
1
차
–
의학
,
바이오산업
,
생명 신약개발
:
신청마감
4/18(
목
)
오후
2
시까지
프로그램명
: 2024
학년도 지식재산
(IP)
분야 취
,
창업 특강
1
차
(
대면
)
일시
: 2024.4.18.(
목
)
오후
3
시
~
오후
5
시
방식
:
대면
(
펀시스템 통해 사전 신청
)
대상
:
숭실대학교 학과
(
부
)
생 및 대학원생
장소
:
벤처관
3
층
311
호
교육주제 및 강사
바이오의약품과 특허전략
–
강사
:
고명숙 수석전문위원
(
약학박사
)
–
소속
:
한국특허전략개발원 특허전략확산본부 성장전략지원팀
신청방법
–
신청기간
: ~ 2024.04.18.(
목
)
오후
2
시까지
–
신청방법
:
펀시스템 통해 사전 신청
–
신청링크
:
https://fun.ssu.ac.kr/ko/program/all/view/4007
주관부서
:
산학협력진흥팀
협력부서
:
진로취업팀
,
창업지원팀
문의
:
산학협력진흥팀
(02-828-7398 /
pyj7@ssu.ac.kr
)
신청
QR
코드"
biomedical_science,[상담팀]2024학년도 감성 돌봄 및 멘토링 프로그램 참여자 모집 안내,N/A,2024.04.04,https://bioinfo.ssu.ac.kr/%ea%b2%8c%ec%8b%9c%ed%8c%90/%ea%b3%b5%ec%a7%80%ec%82%ac%ed%95%ad/?term_id&slug=5188,"[문의 : 상담팀 (02-820-0790)]
1. 관련근거: 상담팀-180(2024.03.29)「[IN5-2-1] 2024년 감성 돌봄 멘토링 프로그램 계획」
2. 프로그램 개요
가. 일정: 멘토 – 매주 목요일, 3시간, 총 6회기 / 멘티 – 매주 수요일, 3시간, 총 2회기
나. 기간: 멘토 – 4/25(목) ~ 5/30(목) / 멘티 – 5/1(수), 5/8(수)
다. 대상: 학부생
라. 장소: 학생회관 405호
마. 진행
1) 멘토-멘티 교육 및 활동 (신청 상황에 따라 유동적으로 운영)
2) 집단 리더는 내부 인원으로 구성하며, 외부 강사 초빙 가능
3) 학과를 통해 참여자 신청을 받고 참여자를 FUN 시스템에 등록 후 대면으로 진행
4) 회기마다 식사(다과) 제공
바. 내용
1) 자기인식 및 자기관리 (감정기능을 통한 자기이해)
2) 타인 인식 및 관계관리 (적응적인 대인관계 기술 습득)
3) 멘토-멘티 활동을 통해 적용
3. 참여자 신청
가. 동일 학과 선후배로 2인 1조로 신청
나.
신청 양식(구글폼)에 입력
(
https://forms.gle/moFvA1zbxgmqTqUR7
)
다. 제한된 인원으로 인해 선착순 마감 예정
라. 신청기한: 4월 8일(월) 15:00 (마감 이후에는 4월 9일부터 FUN으로 신청 가능)
붙  임: 프로그램 소개 1부.  끝."
biomedical_science,[학부]2025학년도 2월 졸업예정자 논문계획서 제출 확인 및 1차 번역서 제출 안내,N/A,2024.03.18,https://bioinfo.ssu.ac.kr/%ea%b2%8c%ec%8b%9c%ed%8c%90/%ea%b3%b5%ec%a7%80%ec%82%ac%ed%95%ad/?term_id&slug=5156,"2025
년
2
월 졸업예정자로
,
이번학기 졸업논문계획서를 제출한 학생들은
첨부된
파일의 명단을 확인해주시기를 바랍니다
.
*
명단에 누락되어 있거나 지도교수님
,
실험논문
/
리뷰논문이 잘못 기재되어 있는
학생은 과사로 연락을 부탁드립니다
.
번역논문
(
리뷰논문
)
제출 예정자들은
졸업논문
1
차보고서
(
첨부파일 양식 작성
&
논문번역서 및 영어논문
원문을 함께
첨부하여 제출
)
를
6
월
14
일 금요일
까지
학과 이메일
(
bioinfo@ssu.ac.kr
)
로
제출해주시기 바랍니다
.
*
졸업논문
1
차보고서의 학과장님 승인은 제출 받은 보고서를 토대로
일괄로
받을 예정이니
기한 내에 제출 바랍니다
.
→
논문 번역서
1
차 학부장 심사 및 이후 지도교수께 전달
:
2024
년
6
월
17
일
(
월
) ~ 6
월
26
일
(수
)
*
이메일로 제출시 메일 제목 및 파일명
:
졸업논문
1
차번역서
_
학번 이름
(ex.
졸업논문
1
차번역서
_20171234
홍길동
)
첨부
1.2025
년
2
월 졸업예정자 졸업논문계획서 제출 명단 및 졸업예정자 명단
2.
졸업논문
1
차 번역서"
biomedical_science,[대학원]2024학년도 1학기 연구윤리 이수 안내 및 신청 명단 제출 안내(~3/22(금) 오전까지),N/A,2024.03.12,https://bioinfo.ssu.ac.kr/%ea%b2%8c%ec%8b%9c%ed%8c%90/%ea%b3%b5%ec%a7%80%ec%82%ac%ed%95%ad/?term_id&slug=5141,"2024학년도 1학기 연구윤리 교육 일정을 안내드립니다.
수강을 희망하는 학생은 붙임의 명단을 작성하여 3월 22일 금요일 오전까지 학부메일(bioinfo@ssu.ac.kr)로 회신을 부탁드립니다.
1. 내용
가. 교육명
1) 대학원생을 위한 연구윤리(인문사회계열)
2) 대학원생을 위한 연구윤리(이공계열)
나. 교육내용 : 사회적책임, 연구데이터, 출판윤리, 연구부정행위, 연구공동체, 생명윤리
다. 교육컨텐츠 제공 기관 : 국가과학기술인력개발원(KIRD)
※ 본교 스마트캠퍼스를 통해 학습 및 이수해야 함
2. 대상
:
교육수강을 희망하는 본교의 모든 대학원생
가. 과거 이수 여부 확인 : u-SAINT 의 [성적/졸업]의 [논문/졸업] 맨 하단에서 확인가능
나. 시행세칙(대학원)에 의거하여 일반대학원 학위 논문 제출 전 연구윤리 과정을 반드시
이수해야 하며,
2024학년도 1학기 학위청구논문제출 예정자 중 미이수자는 이번
학기에
반드시 이수해야 함
3. 신청 절차
: 학과에서 신청학생 명단 취합 후 공문으로 발송
신청 및 명단 제출 기한
수강 기간
신청방법
1차
3월 13일(수)~3월 22(금)
2024. 04. 01 ~ 04. 30
학과에서 신청자 취합 후
명단을 공문으로 발송
2차
2024. 05. 01 ~ 05. 31
※ 명단 제출 전
신청학생의
학번을 재확인
요청드립니다.
※ 기한을 반드시 준수해 주시기를 요청 드립니다.
4. 수강 방법
가. u-SAINT 접속 후 좌측 중단의
스마트캠퍼스 바로가기
클릭
나.
또는
직접접속(https://class.ssu.ac.kr/mypage
) 후 마이페이지
클릭
5. 평가비율 및 수료기준
: 모든 수업 컨텐츠별 진도 90% 이상 진행되어야만 수료
※ 학습이수현황에서 콘텐츠의 진도현황을 확인할 수 있으며,
수강해야할 모든 콘텐츠를 각각
90% 이상 이수해야 합니다.
붙임 : 2024학년도 1학기 연구윤리 교육 신청자 명단 양식 1부.  끝."
biomedical_science,[학부]2024학년도 1학기 국가장학금 신청자 가구원 동의 안내,N/A,2024.03.12,https://bioinfo.ssu.ac.kr/%ea%b2%8c%ec%8b%9c%ed%8c%90/%ea%b3%b5%ec%a7%80%ec%82%ac%ed%95%ad/?term_id&slug=5139,"1. 홍보내용(학교 홈페이지 공지사항 참조):
바로가기
2. 세부안내
가. 가구원 정보제공 동의 기간: 2024.03.21.(목) 18:00 까지(온·오프라인 동일)
나. 동의대상 가구원 범위
– 미혼: 학생의 부·모 모두
– 기혼: 학생의 배우자
※ 가구원 동의 절차 미완료 시 국가장학금 지원이 불가하며, 장학규정에 따라 교내장학금 지원도 불가함"
biomedical_science,[학부](교수학습혁신센터)2024학년도 1학기  숭실튜터링(구CoRE튜터링) 튜터 모집 홍보,N/A,2024.03.11,https://bioinfo.ssu.ac.kr/%ea%b2%8c%ec%8b%9c%ed%8c%90/%ea%b3%b5%ec%a7%80%ec%82%ac%ed%95%ad/?term_id&slug=5136,
biomedical_science,[학부]2024학년도 8월 졸업예정자 최종 졸업논문제출 안내,N/A,2024.03.05,https://bioinfo.ssu.ac.kr/%ea%b2%8c%ec%8b%9c%ed%8c%90/%ea%b3%b5%ec%a7%80%ec%82%ac%ed%95%ad/?term_id&slug=5130,"–
대상
:
앞선 절차를 끝내고
,
방학 중 지도교수와 이해도 대면 심사 및 결과 보고서까지 과사에 제출한
2024. 8
월 졸업예정자
(명단 확인 후 이상있는 학생들은 학과사무실로 연락 바랍니다)
–
최종 졸업논문제출 기간
: ~2024
년
5
월
20
일
(월
)
까지
–
방법
:
자기표현으로 바꾸고 보충한 뒤 졸업논문제출 양식에 맞게
작성하여(
국문
/
영문 중
1
택
)
과사 이메일로 제출
(
bioinfo@ssu.ac.kr
)
–
해당자
:
첨부파일 참조
(*
누락되었을 시
,
학과 사무실로 연락 바랍니다
)
– 논문 내용 작성에 대한 부분은 지도교수님께 문의바랍니다.
*
졸업논문 종합안내
(
첨부
)
를 참고해 주시고
,
졸업논문제출 양식
(
첨부
)
을 다운로드하셔서 따라주시고
,
인용표기에 유의해주시기 바랍니다
.
논문을 번역
(
리뷰논문
)
하여 졸업논문으로 제출하고자 할 때는 반드시 첫 페이지 제목
옆에 윗첨자로
¹
⁾
이라 달고
,
첫 페이지 맨 아래에
¹
⁾
이 논문은
‘
전체 저자명
. (
연도
).
제목
.
저널명
Volume number,
시작
page-
마지막
page
번호
.’
의 논문을 번역한 것임
.
이라고 반드시 명시해야함
.
예를 들어 다음과 같이 인용해야 함
.
¹
⁾
이 논문은
‘Rogers, P.R., Song, J., Gramaglia, I., Killeen, N. and Croft, M. (2001). OX40 promotes Bcl-xL and Bcl-2 expression and is essential for long-term survival of CD4 T cells. Immunity 15, 445-455.’
의 논문을 번역한 것임
.
*
논문표절의 오해소지가 있으니 반드시 기입하여야 함
.
*
일정에 따르지 않는 학생을 졸업이 연기됨
.
*
논문번역서는 리뷰논문과 똑같은 포맷으로 작성
(
그림
,
도표 모두 입력
)
*
최종졸업논문은 첨부된 졸업논문양식에 맞게 작성
–
리뷰논문으로 선정한 논문의 길이
(PAGE
수
)
에 준하는 논문을 작성하여 제출하도록
합니다
.
–
리뷰논문으로 선정한 논문과 똑같은 내용이 될 수 없으며 반드시 자신의 언어로 해석한 내용으로 논문을 작성하여 제출합니다
.
*
전체 졸업사정을 보기를 원하시는 분께서는 학부교육의
<
기타 내규
>
를 참조해주시기
바랍니다
.
첨부
:
1.2024.8
월 졸업예정자 명단
2.
졸업논문양식
(
국문
)
3.
졸업논문양식
(
영문
)
(
첨부파일
2, 3
중 각자의 형식에 맞는 것을
1
택
/ 2, 3
모두 쓰는 것은 아님
)"
biomedical_science,[2024학년도 1학기 의생명시스템학부 학과근로 장학생 추가 선발],N/A,2024.02.28,https://bioinfo.ssu.ac.kr/%ea%b2%8c%ec%8b%9c%ed%8c%90/%ea%b3%b5%ec%a7%80%ec%82%ac%ed%95%ad/?term_id&slug=5128,"*
선발추가인원
:
학과근로
A 1
명
(
또는 학과근로
B 2
명
)
*
신청하는 학생은
2
월
29
일 목요일 오전
11
시까지
,
장학금종류
(
학과근로
A
또는
B),
학번
,
이름
,
휴대전화번호
,
지원동기 작성하셔서 학과메일
(
bioinfo@ssu.ac.kr
)
보내주시기 바랍니다
.
*자격요건
가. 2024학년도 1학기 국가장학금을 1차 신청하고 소득분위가 8분위 이내인 자
※ 국가장학금을 신청할 수 없는 대한민국 국적 미소지자도 선발 가능
(단, 순수외국인전형으로 입학한 외국인 유학생은 선발 불가)
나. 2024학년도 1학기 재학 및 복학예정자로 해당학기 등록금 납부 예정인 자
1) 2024학년도 1학기 전 등록휴학 후 복학시 선발 불가(등록대체자)
2) 학기 중 미등록, 입학취소, 복학취소 등으로 인한 학적변동시 모든 장학금 취소
3) 2024학년도 1학기 기준 이수학기가 2~8학기만 가능(1학기 신청 불가, 건축학 전공자의 경우 10학기까지)
다. 직전학기 취득학점 및 학업성적 제한 없음
라. 장애인, 북한이탈주민 및 자립준비청년 우선 선발 (한국장학재단 정보 활용)
마. 타 장학금과 중복수혜 가능(근로장학금 간 중복 불가)
※ 본 장학금은 학업장려비 지원 목적으로 등록금(입학금 및 수업료)를 초과하여 지급
바. 학과별 배정인원 내에서 학과근로A 또는 B 타입 학과 자율선발 가능
(예: 학과근로B 2명 = 학과근로A 1명)
사. 국가근로장학생 및 교내근로장학생에 선발되지 않은 자
*장학금 지급액
가. 시간당 장학금액을 9,860원으로 책정 (지급일정:매월 셋째주 금요일)
장학금명
시간당
장학금액
총 근로시간(학기)
1인당
장학금액(원)
학과근로A
9,860원
10시간*20주=200시간
1,972,000
학과근로B
9,860원
5시간*20주=100시간
986,000
총계"
biomedical_science,[학부]2025년 2월 졸업예정대상자 졸업논문계획서 및 번역서 제출 안내,N/A,2024.02.21,https://bioinfo.ssu.ac.kr/%ea%b2%8c%ec%8b%9c%ed%8c%90/%ea%b3%b5%ec%a7%80%ec%82%ac%ed%95%ad/?term_id&slug=5123,
biomedical_science,2024학년도 1학기 학생증(스마트카드) 신청 및 발급 안내,N/A,2024.02.13,https://bioinfo.ssu.ac.kr/%ea%b2%8c%ec%8b%9c%ed%8c%90/%ea%b3%b5%ec%a7%80%ec%82%ac%ed%95%ad/?term_id&slug=5116,"[문의 : 학생서비스팀]
1. 2024학년도 1학기 학생증(스마트카드) 발급 일정을 안내드리오니 업무에 참고 바랍니다.
2. 발급 일정
구분
내국인
외국인
신청기간
02.28.(월) ~ 03.08.(금)
학생증 비금융카드 발주 물량 수령 후 순차적 발급 예정
신청방법
우리은행 모바일앱
‘우리WON뱅킹’
외국인 : 학생서비스팀(학생회관 406호) 직접 방문 신청
*신분증 필참, 사진파일
교부기간
03.13.(수) ~ 03.22.(금)
3. 행정사항
가. 내국인 : 내국인 학생 중 기간 내 미신청자의 경우 교부 시작 후 학생서비스팀에서 발급(반드시 은행 경유하여 금융카드 수령 후 발급 가능)
나. 외국인 학생은 비금융 카드 발주 분량 도달 이후 시점부터 학생서비스팀(학생회관 406호)에서 직접 방문 발급(여권 혹은 외국인등록증 지참 필요)
* 비금융 카드 물량 도달 전 외국인 학생 학생서비스팀 학생증 발급 불가(비금융 카드 물량 도달 3월 중순 예정)
다
. 2024학년도 1학기부터 학생증 디자인 변경에 따라 기존 학생증 재고분 변경 발주로 특대원 등 기존 사전 발급 요청 단위는 이번 학기에 한하여 금융카드로만 발급 가능(학생서비스팀 통한 사전 발급 불가하며 반드시 위 신청기간에 어플을 통하여 신청하여야 함) 변경 디자인 비금융카드 수령 이후 대량 발급 가능
라. 사전 발급 관련 사항은 별도 공문을 통해 추가적으로 안내 예정
마. 학생증 발급 안내 자료가 은행의 심의 승인 중으로 2월 초에 공문을 통해 별도 발송 예정
바. 재발급 대상자 역시 발주 물량 도달 이후 학생서비스팀에서 발급 가능하며, 그 전에 발급이 필요할 경우 반드시 금융카드로만 발급 가능
4. 2024학년도 1학기 발급 참고 사항
가. 사유: 학생증 디자인 변경으로 새로운 디자인의 공카드 발주 및 카드 발급기 기능 개선 작업 진행 중(가로형 -> 세로형으로 디자인 변경으로 수반되는 관련 작업이 필요)
나. 현재 상황: 따라서 3월 중순 이전까지 학생서비스팀 방문 발급이 제한
다. 요청 사항: 하단 2024학년도 1학기 발급 관련 사항 업무 담당자 숙지 및 학생 안내 요청
구분
내국인
외국인
신규발급
재발급
신청 방법
*금융카드 자택 배송 신청을 요청하고자 하는 경우 반드시 기간 내에 신청하여야 함
*
학기 전 2월 사전 발급 이번 학기 절대 불가
3월 중순까지 학생서비스팀 대면 발급 불가, 3월 중순 이후 순차적으로 발급 예정
(내국인 비금융 카드발급, 외국인, 재발급 모두 포함)
기간 내에 신청하지 않은 경우 우측 설명과 마찬가지로 3월 중순 이후 순차적으로 금융/비금융카드 학생서비스팀 방문 발급 가능
5. 유의사항
가. 사전 발급은 어떠한 이유로든 불가
나. 상기 사항은 2024학년도 1학기에만 해당(추후 학기 부터는 해당 학기 안내사항 참조)
다. 상기 사항은 교직원증도 포함"
biomedical_science,[대학원]2024학년도 1학기 논문지도교수 위촉 및 변경 안내(~3.6(수)오전까지),N/A,2024.02.13,https://bioinfo.ssu.ac.kr/%ea%b2%8c%ec%8b%9c%ed%8c%90/%ea%b3%b5%ec%a7%80%ec%82%ac%ed%95%ad/?term_id&slug=5111,"2024학년도 1학기 석사·박사과정의 논문지도교수 위촉 및 변경을 다음과 같이 안내합니다.
1. 관련 규정 : 숭실대학교 학칙시행세칙(대학원) 제 4장 제33조 및 제34조
제 33조(논문지도교수 배정)
① 일반대학원 각 과정의 학생은 1차 또는 2차 학기 중에 논문 지도교수를 배정받아야 한다.
<개정 2016. 8. 19.>
제 34조(일반대학원의 논문지도교수 위촉 및 교체)
① 대학원장은 주임교수의 추천을 받아 논문지도교수를 다음과 같이 위촉한다.<개정 2011. 2. 25>
1.
학생의 전공분야와 동일한 본교 정년직 전임교원
<개정 2009. 4. 13., 2016. 8.19>
2. <삭제 2016. 8. 19.>
3. 제1호에도 불구하고 필요하다고 인정되는
비정년직 전임교원
<개정 2011. 2. 25, 2016, 8. 19>
② 논문지도교수가 질병, 유학 등 부득이한 사유로 학생의 지도가 불가능할 때에는 학과 주임교수를
경유하여 대학원장의 승인을 얻어 교체할 수 있다.
③ 논문지도교수를 위촉 또는 교체할 때 학생의 전공분야와 동일한 교수가 본교에 없을 경우는 위의
자격을 갖춘 타교의 교수로 할 수 있다.
④ 제1항 내지 제3항에도 불구하고 부득이한 경우에 한하여, 명예교수 및 퇴직한 교수가 재직시 지도
하던 학생에 대하여 계속 지도하게 할 수 있다.
2. 대상
가. 논문지도교수 위촉
1) 논문지도교수를 위촉하지 않은 모든 학생
2)
석사 3학기, 박사 2학기 학생 중 지도교수 미위촉된 학생 필수 위촉
3) 논문지도교수 위촉 및 변경 시 교수 1인당 박사 및 석박사통합과정 논문지도 학생(재학생)수
6명 기준 제한
※ 학내외에서 본교 박사학위 논문의 질과 관련 문제 제기 및 우려가 있으며, 교육부의 논문
지도 및 심사 지침 강화 및 대학원운영위원회 결의에 따라 논문 지도 학생을 6명까지 제한
하오니 적극 고려하여
주시기 바랍니다. (교수 1인당 적정 논문지도 학생수: EUA 4~6명,
영국은 통상적으로 6명
으로 규정하고 있음)
※ 단, 각 학과의 사정으로 인해 부득이 교수 1인당 지도학생수(박사 및 석박사통합과정) 6명
을 초과하는 경우 사유서를 공문에 첨부하여 제출해 주시기 바랍니다.
나. 논문지도교수 변경
1) 기 위촉한 논문지도교수를 변경하고자 하는 학생
다. 2024학년도 1학기 신입 외국인유학생
1)
신입생 외국인유학생의 학교 생활에 잘 적응할 수 있도록 1학년 1학기에 지도교수를 위촉
하여
주시기 바랍니다.
3. 제출서류
가.
논문 지도교수 위촉
1) 논문 지도교수 위촉 및 변경 양식
[붙임1]
: 엑셀파일. 작성하여 공문에 첨부
2) 논문 지도교수 배정서
[붙임2]
: 한글파일. 스캔하여 공문에 첨부 (학과별, 교수별 작성)
나.
논문 지도교수 변경
1) 논문 지도교수 위촉 및 변경 양식
[붙임1]
: 엑셀파일. 작성하여 공문에 첨부
2) 논문 지도교수 변경 신청서
[붙임3]
: 한글파일. 스캔하여 공문에 첨부 (학생별 작성)
[제출서류표]
구분
공통 제출서류
제출서류
비고
논문 지도교수 위촉
논문 지도교수 위촉
및 변경 양식
[붙임1]
논문지도교수 배정서
[붙임2]
학과별, 교수별 작성
논문 지도교수 변경
논문지도교수 변경 신청서
[붙임3]
학생별로 작성
4. 제출 기간 : ~
2024.03.06.(수)
5. 제출 방법
가. 학과에서 취합하여 공문으로 발송
나. 논문지도 교수 위촉 및 변경 양식
[붙임 1]
은
작성 후 공문에 첨부
다. 논문 지도교수 배정서
[붙임2]
및 논문지도교수 변경 신청서
[붙임3]
는
스캔하여 공문에 첨부
6.  기타
석사과정은 2개학기, 박사 및 석박통합과정은 3개학기 이상 논문지도비를 납부하고, 논문지도를
받아야 논문 작성 및 제출이 가능하오니 논문 작성 일정에 차질이 발생하지 않도록 안내하여
주시기 바랍니다.
붙임 1. 논문지도교수 위촉 및 변경양식(EXCEL) 1부
2. 논문지도교수 배정서 1부
3. 논문지도교수 변경 신청서 1부. 끝."
biomedical_science,[대학원]2024학년도 1학기 수료생 논문등록(연구등록) 안내,N/A,2024.02.13,https://bioinfo.ssu.ac.kr/%ea%b2%8c%ec%8b%9c%ed%8c%90/%ea%b3%b5%ec%a7%80%ec%82%ac%ed%95%ad/?term_id&slug=5109,"2024학년도 1학기 수료생 논문등록(연구등록)을 다음과 같이 안내드리니 2024학년도 1학기 논문 제출 예정인 수료생들이 등록할 수 있도록 안내 및 독려하여 주시기 바랍니다.
1. 등록대상
가. 수료생 연구등록 자격을 갖춘 자로서 2024학년도 1학기 논문 제출 예정자
나. 재학생은 해당 없음
※ 단,
2024-1학기 논문 제출 예정인 학점등록생
(석사, 박사 5학기 이상, 석박사 통합과정 9학기 이상 재학생) 및
학석사 연계과정 2학기생은 등록대상임
2. 논문등록자격 (아래의 ‘가~다’ 모든 자격사항 해당자)
가. 수료생(영구수료 해제자 포함)
나. 종합시험 합격자
※ 2024-1학기 응시자도 가능하나,
불합격시, 논문 제출 및 연구 등록비 환불이 불가함
다. 논문지도교수를 배정받고 석사과정은 2개학기, 박사 및 석박사 통합과정은 3학기 이상
논문지도를 받은 자
3. 등록기간
:
2024년 3월 18일(월) ~ 20일(수) 09:00 ~ 16:00
4. 등록금액
가. 석사 : 80,000원
나. 박사 및 석박사통합과정 : 120,000원
5. 등록방법
가. U-SAINT 에서 기타납부금고지서를 출력 및 확인 후 해당 계좌로 등록금액 입금
1) 등록기간 내 u-SAINT 에 로그인하여 ‘등록/장학_기타납부금고지서출력’ 메뉴에서
계좌를
확인 후 입금
2) 고지서는 3월 18일(월)부터 확인 가능
6. 기타
가. 논문등록비 납부 확인
※ U-SAINT로그인 후 등록/장학_등록금납입이력조회 메뉴에서 납부 다음날부터 확인 가능
나. 연구등록증명서
1) 연구등록증명서는 수료생연구등록비를 납부한 학생에 한해 납부 다음날 부터 발급가능
2) 발급방법
가) 교내 진리관 1층, 신양관 1층 발급기를 통한 발급
나) 인터넷 증명 발급
다. U-SAINT 로그인 문제는 학생서비스팀 Help Desk(02-820-0067~8)
로 문의해 주시기 바랍니다."
biomedical_science,[대학원]2024학년도 1학기 일반대학원 수강신청 및 관련 신청서 제출 안내,N/A,2024.02.06,https://bioinfo.ssu.ac.kr/%ea%b2%8c%ec%8b%9c%ed%8c%90/%ea%b3%b5%ec%a7%80%ec%82%ac%ed%95%ad/?term_id&slug=5106,"2024학년도 1학기 일반대학원 수강신청 및 관련 신청서 제출을 안내하니 업무에 참고하시기 바랍니다.
1. 수강신청 관련 안내
가. 수강신청 일정
□
정규 기간:
2024.02.14.(수) 10:00~02.20.(화) 23:59
∙ 수강인원에 따라 강의실 배정(02.26.(월) 이후 확인 가능)하므로 정규 기간에 신청 권장
□
변경 기간:
2024.03.04.(월) 10:00~03.08.(금) 23:59
∙ 별도 수강 취소 기간 없으니 취소를 원하는 경우 정규 또는 변경 기간에 취소해야 함
□ 신입생 학번 확인: 2024.02.06.(화) 이후
□ 강의실 확인: 2024.02.26.(월) 이후
나. 수강신청 방법(자세한 내용은 붙임1 참고)
2. 수강신청 관련 신청서 제출 안내
※ 2024학년도부터 제출 방식 변경되니 붙임2 확인
가. 신청서 종류
– 선수과목 수강신청서(석사과정만 해당)
– 12학점 수강신청서(2학기 이상만 해당)
– 타 학과 개설 강좌 전공학점 인정 신청서
나. 제출 방식 변경 전후 대비표
기존
변경(안)
① 학생이 수강신청 관련 신청서 작성
② 학생이 주임교수 또는 지도교수의 서명을 받음
③ 일반대학원 교학팀에 방문해서 신청서 제출
④ 일반대학원 교학팀에서 확인서 제출자 확인 및 미제출자 안내 연락
⑤ 학과에서 미제출자 대상 안내
① 좌동
② 좌동
③
학생이 서명 받은 신청서를 스캔해서 LMS <성적 인정 및 기타 신청> 게시판에 온라인 제출
④ 좌동
⑤ 좌동
3. 비고: 위 내용은 일반대학원 홈페이지에 공지 완료
붙임  1. 2024-1학기 일반대학원 수강신청 및 관련 서류 제출 안내 1부.
2. 일반대학원 수강신청 관련 신청서 제출 방식 변경(안) 1부.
3. 일반대학원 수강신청 관련 신청서 양식 3부.  끝."
biomedical_science,[대학원] 2024학년도 1학기 일반대학원 학위논문 일정 및 진행 안내,N/A,2024.02.06,https://bioinfo.ssu.ac.kr/%ea%b2%8c%ec%8b%9c%ed%8c%90/%ea%b3%b5%ec%a7%80%ec%82%ac%ed%95%ad/?term_id&slug=5103,"2024학년도 1학기 일반대학원 학위논문 일정을 아래와 같이 안내하니, 대상자가 있는 학과에서는 아래의 일정과 세부사항을 숙지해 주시고 대상자에게 안내·진행해 주시기 바랍니다.
○ 본 일정 및 진행 안내 공문은 학기 내 진행되는 대학원 학위논문 전체 일정에 대한 안내입니다.
○ 각 일정에 따라서 세부 안내도 사전에 진행될 예정입니다.
○ 관련 규정은 ‘학칙시행세칙(대학원) 제4장 학위논문’ 입니다.
→
숭실대학교 규정관리시스템 (ssu.ac.kr)
[논문 진행 순서]
시기
3/18~20
3/11~22
4/1~12
4/17~19
4/15~5/24
6/20~21
순서
수료생
연구등록
(논문등록)
→
공개발표
심사위원
구성
→
가제본,
카피킬러 검사결과 제출
→
심사비
납부
→
최종심사
→
논문완본
학생
등록비납부
(재학생은
등록금납입시
지도비납부)
논문
공개발표
(연구윤리
준수확인서
제출)
논문가제본
제출,
카피킬러
검사결과
‘상세보기’
제출
심사비
납부
최종심사
완본제출
각
학과
대상자
등록 지도
결과보고,
심사위원
추천
가제본제출
지도,
카피킬러
검사결과
제출 지도
심사비
납부 지도
최종심사
결과 보고
제출지도
대학원
등록자명단
학과송부,
준비지도/
등록비 관리
공개발표
결과 및 심사위원 관리
카피킬러
캠퍼스
사용 준비
심사비
관리
심사결과 관리,
심사비, 지도비 지급 준비
완본
접수,
결과관리
1. 논문발표 및 심사대상
4학기 재학생 및 수료생(영구수료해제자 포함) 논문등록자로  아래 ‘가~바’ 사항을 모두 충족 시킨 자
가. 학점 취득자
1) 석사
24학점 이상 취득(예정)
2) 박사
36학점 이상 취득(예정)
3) 석·박사통합
60학점 이상 취득(예정)
※ 중복과목은 제외함
※ 선수과목, 추가학점 지정자는 선수과목 이수 및 추가학점 취득이 필요함
나. 종합시험 합격자
1) 논문진행 학기 응시자도 가능하나, 불합격 시 논문 제출이 불가함
2) 2024학년도 1학기 종합시험 시행결과는 3월 15일(금) 발표 예정임
3) 종합시험 시행결과를 참고하여 학위논문 발표자격 최종 확인해야 함
다. 연구윤리교육 이수(예정)자
1) 대학원에서 지정한 연구윤리교육을 이수한 자 또는 이번 학기 이수 예정자
2) 2024학년도 1학기 연구윤리교육은 4월(1차), 5월(2차)에 개설될 예정임 (추후 안내 예정)
라. 논문지도교수를 배정 받고 논문지도를 받은자(논문작성학기 포함)
1) 석사과정
논문지도교수를 배정받고 2개학기 이상 논문지도를 받은자
(논문 작성 학기 포함)
2) 박사 및 석·박사통합과정
논문지도교수를 배정받고 3개학기 이상 논문지도를 받은자
(논문 작성 학기 포함)
마. (외국인) 한국어 능력 기준을 갖춘 자
※ 공개발표 결과보고서 제출 이전까지 TOPIK 4급 이상 취득하고 증빙 제출 한 경우,
연구실적을
근거로 주임교수 명의의 TOPIK 면제 추천이 공문으로 제출된 경우에만 논
문
진
행이 가능함
바. (박사 및 석․박사통합과정) 학칙시행세칙(대학원)제30조의 연구실적을 충족한 자
※ 공개발표 결과보고서 제출 시, 연구실적 게재가 완료되어야만 논문 진행이 가능함
2. 논문공개발표 및 공개발표 결과보고
가.
기간 : 3월 22일(금) 까지
나. 공개발표 방법 : 논문지도교수 · 주임교수 · 학과교수 참석 하에 질의 응답 진행
다. 공개발표 결과보고 제출사항
1)
공개발표결과보고서[
붙임1
]
:
학과에서 취합하여 기간 내 대학원으로
오프라인
제출
2)
연구윤리준수확인서[
붙임2]
(공개발표 결과 합격자만 해당) : 학과에서 취합하여 기간 내
대학원으로
오프라인
제출
3. 논문심사위원 추천(공개발표 결과보고서 제출시, 합격자만 해당)
가.
기간 : 3월 22일(금) 까지
나. 심사위원
1) 석사학위과정 : 3명 (외부 심사위원 위촉 시 1명까지 가능)
2) 박사학위과정 : 5명 (외부 심사위원 1명 이상 반드시 포함 필요)
※ 학위과정별 심사위원 위촉 인원(석사 3명, 박사 5명은 반드시 준수)
※ 교내 근무자는 모두 내부심사위원으로 구분됨
다. 심사위원 추천 제출사항
1)
공개발표결과 및 심사위원명단 제출양식(EXCEL)[
붙임3
]
– 학과에서 취합된 공개발표 결과보고서를 기준으로 제출양식 엑셀파일을 작성 및 첨부하여
기간 내 대학원으로
공문 발송
2)
심사위원명단[
붙임4, 붙임5
]
가) 학과에서 취합하여 기간 내 대학원으로
오프라인 제출
나) 직전학기 최종심사 연기자도 심사위원 명단 제출(완본 연기자는 제출하지 않음)
4. 가제본 및 카피킬러 검사결과 ‘상세보기’ 제출
가.
기간 :
2024년 4월 1일(월) ~ 4월 12일(금)
나. 대상 : 공개발표에 합격하여 최종심사 대상이 된 자
다. 가제본 제출
구분
석사과정
박사과정
비고
가제본 제출
[별도 양식 없음]
3부
5부
학과 주임교수 및 지도교수 확인 후
각 심사위원에게 직접 제출
※ 교학팀 제출 불필요함
카피킬러 검사결과
‘상세보기’
제출
[붙임6]
참조
3부
5부
[
붙임6
]
의 연구윤리 확보를 위한 논문검사
서비스 안내’파일의 pg.4 참조하여 지도교수
확인 후 심사위원에게 제출
라. 개정된 학칙시행세칙(대학원)에서 학위논문 피심사자격에 ‘논문유사도검사시스템을 통해 학위논문
의 유사도를 확인하고 결과보고서를 제출한 자’가 추가되었으며, 본교는 현재 논문유사도검사시스템
으로 카피킬러를 지정하고 있음
5. 심사비 납부
가.
기간 :
2024년 4월 17일(수) ~ 4월 19일(금)
나. 대상 : 공개발표에 합격하여 최종심사 대상인 자
다. 심사비 납부 : 납부 방법은 추후 대학원 홈페이지 공지 등 안내 예정
6. 최종심사 결과보고
가.
기간 :
5월 24일(금) 까지
나. 최종심사 결과보고 제출사항
1)
최종심사결과 제출양식(EXCEL)
[붙임7
]
: 학과에서 취합된 심사 결과보고서를 기준으로 제출
양식 엑셀파일을 작성, 첨부하여 기간 내
대학원으로 공문발송
2) 제출서류 :
학과에서 취합하여 기간 내 대학원으로 오프라인 제출
가) 석사학위과정 : 석사학위청구논문 심사 결과보고서[붙임8], 심사요지서[붙임10]
나) 박사학위과정 : 박사학위청구논문 심사 결과보고서[붙임9], 심사요지서[붙임10],
박사학위청구논문 심사 일지(2차)[붙임11],
박사학위청구논문 심사 일지(3차)[붙임12],
박사학위청구 논문 심사결과 투표용지(5매)[붙임13]
7. 논문완본 제출
가. 기간 :
2024년 6월 20일(목) ∼ 6월 21일(금) (2일간)
[
붙임14, 붙임15, 붙임16]
나. 2024년 6월 중 학위논문 파일을 본교 중앙도서관 홈페이지에 업로드 후 저작권 동의서를 출력
하여 논문완본과 함께 제출 (관련 세부 사항은 추후 별도 안내 예정임)
8. 관련 규정
: 학칙시행세칙(대학원) 제4장 학위논문 →
숭실대학교 규정관리시스템 (ssu.ac.kr)
붙 임 1. 공개발표결과보고서 1부
2. 연구윤리준수확인서 1부
3. 공개발표결과 및 심사위원명단 제출양식(EXCEL) 1부
4. 석사학위청구논문 심사위원명단 1부
5. 박사학위청구논문 심사위원명단 1부
6. 연구윤리 확보를 위한 논문검사 서비스 안내 1부
7. 최종심사결과 제출양식(EXCEL) 1부
8. 석사학위청구논문 심사 결과보고서 1부
9. 박사학위청구논문 심사 결과보고서 1부
10. 심사요지서(석,박사) 1부
11. 박사학위청구논문 심사 일지(2차) 1부
12. 박사학위청구논문 심사 일지(3차) 1부
13. 박사학위청구논문 심사결과 투표용지 1부
14. 학위논문양식(국문)(인준서 포함) 1부
15. 학위논문양식(영문)(인준서 포함) 1부
16. 학위논문 작성을 위한 필수 안내서 1부  끝."
biomedical_science,[대학원]2024학년도 1학기 대학원 종합시험 실시 안내,N/A,2024.02.01,https://bioinfo.ssu.ac.kr/%ea%b2%8c%ec%8b%9c%ed%8c%90/%ea%b3%b5%ec%a7%80%ec%82%ac%ed%95%ad/?term_id&slug=5100,"[생명정보학과 종합시험 일시 :
2024.03.04(월),  19:00
]
학칙시행세칙(대학원) 제3장(자격시험)에 의거하여
2024학년도 1학기 대학원 종합시험
을 아래와 같이 안내드립니다.
1. 신청기간 :
2024년 2월 5일(월) 10:00 ~ 2월 7일(수) (3일간)
※ 신청기간 이후 추가 신청은 불가하며, 위의 기간 내에 신청
2. 신청방법 :
u-SAINT 로그인 → 성적/졸업 → 외국어 및 종합시험 신청
※ 시험과목은 “전공종합” 선택
3. 응시자격
가. 석사과정 : 18학점 이상 취득하고 3학기 이상 등록을 필한 재학생 및 수료생
나. 박사과정 : 27학점 이상 취득하고 3학기 이상 등록을 필한 재학생 및 수료생
다. 학·석사 연계과정 : 18학점 이상 취득하고 2학기 이상 등록을 필한 재학생 및 수료생
라. 석·박사 통합과정 : 45학점 이상 취득하고 6학기 이상 등록을 필한 재학생 및 수료생
4. 시험일시 :
2024년 3월 4일(월) 19:00~
5. 응시료 납부
가. 납부기간 :
2024년 2월 14일(수) ~ 16일(금) 09:00~16:00
※ 납부기간 이후 추가납부 불가
나. 응시료
1) 석사과정 : 20,000원
2) 박사과정 및 석·박사통합과정 : 30,000원
다. 납부방법 : 응시료 납부기간에 u-SAINT에서 고지서 출력 후 개인별 가상계좌 입금
※ u-SAINT 로그인 → 등록/장학 → 기타납부금 고지서 출력
※ 기타납부금 고지서는 납부 당일 확인 가능
6. 합격자발표 :
2024년 3월 15일(금) 예정
7. 유의사항
가. 종합시험은 대학원 과정 학위 취득을 위한 자격시험으로, 종합시험 합격자에 한해 학위
논문제출이 가능함.
나. 휴학생은 지원 불가하며, 시험에 응시하였으나 결과발표 전에 휴학한 경우 평가대상에서 제외되며 응시료 반환 불가함.
다. 석·박사통합과정생의 경우 석사과정 중 합격한 자격시험은 인정하지 않음.
라. 시험 신청 후 응시료를 납부하지 않은 경우 시험 신청이 자동 취소됨.
마. 응시료 납부기간 이후 환불신청 불가함.
바. 외국인유학생의 경우 종합시험과 별개로 논문공개발표 전 아래 중 한 가지를 완료해야 함.
① 유효한 TOPIK 4급 이상 성적증명서 제출
② 연구실적을 근거로 주임교수 명의의 TOPIK 면제 추천서를 공문제출 (추천서 양식 관련 링크 :
양식자료실 | 일반대학원 (ssu.ac.kr)
).  끝."
biomedical_science,[학부]2024학년도 1학기 학과근로장학생 모집 안내,N/A,2024.01.30,https://bioinfo.ssu.ac.kr/%ea%b2%8c%ec%8b%9c%ed%8c%90/%ea%b3%b5%ec%a7%80%ec%82%ac%ed%95%ad/?term_id&slug=5096,"2024학년도 1학기 학과근로장학생을 다음과 같이 모집하니 많은 지원 바랍니다.
근로장학생 자격 및 선발기준
가. 2024학년도 1학기 국가장학금을
1
차
신청하고 소득분위가 8분위 이내인 자
※ 국가장학금을 신청할 수 없는 대한민국 국적 미소지자도 선발 가능
(단, 순수외국인전형으로 입학한 외국인 유학생은 선발 불가)
나. 2024학년도 1학기 재학 및 복학예정자로 해당학기 등록금 납부 예정인 자
1) 2024학년도 1학기 전 등록휴학 후 복학시 선발 불가(등록대체자)
2) 학기 중 미등록, 입학취소, 복학취소 등으로 인한 학적변동시 모든 장학금 취소
3) 2024학년도 1학기 기준 이수학기가 2~8학기만 가능(건축학 전공은 10학기까지)
다. 직전학기 취득학점 및 학업성적 제한 없음
라. 타 장학금과 중복수혜 가능(근로장학금 간 중복 불가)
※ 본 장학금은 학업장려비 지원 목적으로 등록금(입학금 및 수업료)를 초과하여 지급
마. 국가근로장학생 및 교내근로장학생에 선발되지 않은 자
※ 국가근로 및 교내근로 선발자가 포기 후 학과근로 선발될 수 없음
근로장학생 종류별 장학금액 및 근로시간
장학금명
시간당 장학금
총 근로시간 (학기)
1인당 장학금액(원)
학과근로A
9,860원
10시간*20주=200시간
1,972,000
학과근로B
9,860원
5시간*20주=100시간
986,000
※ 장학금은 매월 지급하며, 실 지급액은 근로시간에 따라 달라질 수 있음
※ 주 기준은 학기당 받을 수 있는 장학금액 산정을 위한 것이며, 총 시간 내에서 8월까지
근로할 수 있음
※ 장학금 지급일 : 익월 셋째 주 금요일
유의 사항
가. 선발된 학생은 소속부서에서 지정된 근로시간 동안 근무해야 하며, 학기 중 학적변동
(휴학, 자퇴, 제적 등) 등 불가피한 사유가 인정되는 중도 포기 시 근로 시간 만큼 지급
나. 2024년 7월 근로평가 전까지 교체 가능(단, 교체 전 학생의 근로시간을 차감)
다. 국가근로 및 교내근로로 선발 시 학과근로 선발에서 제외됨
(선발 우선순위: 1. 국가근로, 2. 교내근로, 3. 학과근로)
–
신청절차
가. 학생신청방법: u-SAINT포털 → 등록/장학 → 장학메뉴 ‘근로장학금’→학과근로A/B신청 → 지원서 출력 → 지원서 제출
※
u-SAINT
출력본 제출 필수
나. 온라인접수 및 서류제출기간:
2024
년
1
월
30
일
(
화
) 10:00 ~ 2
월
7
일
(
수
) 17:00
1) 제출서류: 지원서 (u-SAINT출력본)
2) 제출장소: 각 학과사무실
–
선발결과 발표
가. 일시 : 2024년 2월 22일(목) 18:00 이후 본교 홈페이지 공지사항 공지 예정"
biomedical_science,2024학년도 1학기 한국장학재단 국가장학금 2차 신청 안내,N/A,2024.01.30,https://bioinfo.ssu.ac.kr/%ea%b2%8c%ec%8b%9c%ed%8c%90/%ea%b3%b5%ec%a7%80%ec%82%ac%ed%95%ad/?term_id&slug=5087,"*세부안내
가. 신청기간: 2024.02.01.(목) 09:00~03.14.(목) 18:00
나. 서류 제출 및 가구원 동의 기간: 2024.02.01.(목) 09:00~03.21.(목) 18:00
다. 신청대상: 신입생(고3, 재수생 등 입학예정자), 편입생, 재입학생, 복학생 및 1차  신청을 놓친 재학생
★
신·편입생지원 장학금은 반드시 국가장학금을 신청해야 지원 가능
※ 재학생은 1차 신청이 원칙이며, 재학 중 2회에 한하여 구제신청 자동 적용 및 심사 후 지원 가능(
단
,
구제신청
2
회 기사용 또는 기타 탈락사유 존재 시 지원 불가
)
※ 신·편입학 첫학기만 학적구분 ‘학부 신·편입생’으로 신청, 두번째 학기부터는
‘학부 재학생’으로 신청
※ 신입생은 학생 본인 및 가구원(부모 혹은 배우자)의 전자서명수단(①공동인증서 ②금융인증서 ③간편인증) 중 한가지를 반드시 준비
라. 신청방법: 한국장학재단 홈페이지와 모바일 앱을 통한 신청가능(붙임의 매뉴얼 참조)"
biomedical_science,[대학원]2024학년도 1학기 영구수료 해제(학위논문 제출가능연한 연장) 신청 안내,N/A,2024.01.26,https://bioinfo.ssu.ac.kr/%ea%b2%8c%ec%8b%9c%ed%8c%90/%ea%b3%b5%ec%a7%80%ec%82%ac%ed%95%ad/?term_id&slug=5084,"2024학년도 1학기 영구수료 해제(학위논문 제출가능연한 연장) 신청을 다음과 같이 안내합니다.
1. 신청대상
가. 신청일 현재 영구수료인 자 및 신청 학기에(2024.02.29) 영구수료 예정인 자
나. 신청학기로 부터 2년 내에 학위를 취득할 수 있는 자
※ 석사과정은 입학한 때로부터 6년, 박사과정은 입학한 때로부터 10년 내에 학위를 취득하지 못할 경우 영구수료 상태가 됨
※ 위에 해당하는 대상 중
2024학년도 1학기
에 논문 진행을 하고자 하는 경우 반드시 기간 내 신청해야 함
2. 신청기간 :
2024.02.01(목) ~2024.02.08(목)
3. 신청방법
가. 학생 : 제출서류를 구비하여 신청기간 내
소속학과로 제출
4. 제출서류 : 영구수료 해제 신청서 1부.(붙임 1 양식 참조)
5. 영구수료 해제 후 학위취득 가능 기한 :
2024.03.01~2026.02.28(해제일로부터 2년)
6. 유의사항
가. 영구수료 해제는 통산 1회에 한하여, 해제 신청 후 2년 경과하였으나 학위를 취득하지 못한 경우 더 이상 학위취득의 기회가 없음
나. 학위과정별 학위취득에 관한 요건을 사전에 필히 확인 요망
7. 관련학칙
학칙시행세칙 제32조(제출가능연한) ①
석사과정의 학위논문은 입학일로부터 6년 이내, 박사과정 및 석․박사통합과정은 10년 이내에 제출하여야 한다. 다만, 군복무기간 및 휴학기간은 제외한다.
②
학위논문 제출가능연한이 만료되어 영구 수료된 자 중에서 정당한 사유가 있는 경우 주임교수의 추천과 대학원장의 승인을 얻어 1회에 한하여 승인한 학기로부터 2년까지 연장할 수 있다.
붙임 : 1. 영구수료 해제 신청서 1부.  끝."
biomedical_science,[학부]2024학년도 1학기 백마성적우수장학생 선발기준(학교자격요건+학부자격요건),N/A,2024.01.11,https://bioinfo.ssu.ac.kr/%ea%b2%8c%ec%8b%9c%ed%8c%90/%ea%b3%b5%ec%a7%80%ec%82%ac%ed%95%ad/?term_id&slug=5079,"2024학년도 1학기 백마성적우수장학생 선발기준에 대해 안내드립니다.
학교 장학금 지급요건과 학부 장학금 지급요건이 모두 충족된 학생 중에서 백마성적우수장학생이 선발됩니다.
*학교 장학금 지급 규정(장학팀 문의)
가. 2024학년도 1학기 국가장학금을 신청하여 소득분위 조회가 가능한 자
1) 1차 신청자에 한하여 등록금고지서 사전감면
2) 1차 미신청자 : 2차 신청/서류제출 확인 후 지급
3) 국가장학금을 신청할 수 없는 대한민국 국적 미소지자도 선발 가능
(단, 순수외국인전형으로 입학한 외국인유학생은 선발 불가)
나. 2024학년도 1학기 재학 및 복학예정자로 해당학기 등록금 납부 예정인 자
1) 2024학년도 1학기 前등록휴학 후 복학시 선발대상에서 제외(등록대체자)
2) 학기 중 미등록, 입학취소, 복학취소 등으로 인한 학적변동시 모든 장학금 취소
3) 선발 후, 학기 중 휴학 시 백마성적우수장학금은 복학학기로 이월
※ 추가 또는 교체선발 시 재학 중인 학생만 선발 (휴학생에 대한 추가/교체 불가)
다. 직전학기 15학점 이상 이수한 자 (졸업 직전학기는 직전학기 12학점 이상)
라. 정규등록학기가 8학기 이내인 자(건축학과 건축학전공: 정규등록 10학기 이내인 자)
마. F학점 포함 학적부성적 기준 직전학기 3.5 이상인 자
바. 모든 교내장학금간 중복수혜 불가
1) 신청장학금 중 수혜금액이 큰 장학금 자동선발
2) 중복수혜 가능 장학금: 국가장학금, 교외장학금, 학과우수장학금, 기타 학업장려비 지원 목적 장학금 등
사. 졸업예정자 선발 불가(조기졸업 대상자 포함)
*학부 장학금 지급 규정(학부홈페이지-학부교육-장학금안내 공지)
1. 전공은 8학점 이상 신청해야함. (대학원 과목은 포함 안함)
2. 8학점 초과한 전공과목신청에 한하여 가산점 부가. 0.02*추가학점
산술식: 환산평점=취득평점+(취득평점*(총수강전공학점–8)*0.02)
예) A학생(8학점신청, 4.0)=4.0+(4.0*(8-8)*0.02)=4.0
B학생(11학점신청, 3.8)=3.8+(3.8*(11-8)*0.02)=4.03
따라서 B학생이 장학금을 수혜함.
3. 타 학과 개설 전공 과목은 인정하지 않고 우리 학부 개설 전공 과목만 인정함. (융합 전공, 복수전공, 부전공 이수 학생들에게도 똑같이 적용됩니다.)
위의 내규와 같이 환산한 평균이 같을 경우는 다음의 순서로 우선순위를 결정함.
(1) 전공학점의 100점 만점 점수
(2) 전체 수강 학점수
(3) 전체 학점의 100점 만점 점수
*재수강과목은 장학금 산정에서 제외됩니다.
*모든 조건을 만족하더라도 국가장학금을 신청하지 않은 학생은 교내 어떠한 장학금도 수혜불가입니다."
biomedical_science,[학부]2024.02월 졸업생 세부전공 지정 안내(~1/15까지),N/A,2024.01.10,https://bioinfo.ssu.ac.kr/%ea%b2%8c%ec%8b%9c%ed%8c%90/%ea%b3%b5%ec%a7%80%ec%82%ac%ed%95%ad/?term_id&slug=5073,"안녕하세요. 의생명시스템학부 사무실입니다.
2024.02월 졸업생 학위증 세부전공 지정 관련 안내드립니다.
졸업시 의생명시스템학부 전공표기를 위한 전공별 이수 지정과목은 아래와 같습니다.
위의 과목을 확인 후
[학번,이름,본인이 이수한 과목]을 기재하여 1월 15일 월요일 오전
까지
학부 메일로 회신
바랍니다.
메일제목 : 학번/이름/세부전공명( ex)생명정보및생명공학전공)
2024.02월 졸업예정이나 아직 졸업확정 신고를 하지 않은 학생들은, 졸업확정 신고 후 세부전공관련 메일을 회신바랍니다.
감사합니다."
biomedical_science,2023학년도 교육수요자만족도 조사,N/A,2023.12.27,https://bioinfo.ssu.ac.kr/%ea%b2%8c%ec%8b%9c%ed%8c%90/%ea%b3%b5%ec%a7%80%ec%82%ac%ed%95%ad/?term_id&slug=5060,"1. 조사 개요
가. 조사명: 2023학년도 교육수요자만족도 조사
나. 내용: 재학생의 교육과정, 소속학과, 학교시설, 학사제도, 행정서비스, 학생지원 서비스
등의 전반적 만족도를 측정하는 조사
다. 대상: 본교 재학생 전체(휴학생 참여 불가)
라. 기간: 2023. 12. 11.(월) ~ 2024. 1. 5.(금)
마. 답례: 추첨 및 선착순 통해 경품 제공
바. 방법: 웹/모바일을 통한 설문(약 10분 소요)
사. URL: (내국인 학부생)
http://seolmoon.com/?ACCESS_KEY=8d59964204b54165a51f&grpid=&UID=
(외국인 학부생_한영)
https://seolmoon.com/?ACCESS_KEY=6cb3b9dbb54b40f98f18
(외국인 학부생_한중)
https://seolmoon.com/?ACCESS_KEY=49fc5670bba446ad9e52
아. 문의: 평가전략사업추진팀(02-828-7159)"
biomedical_science,[학부]2024년 8월 졸업예정자 졸업논문 이해도 대면심사 안내,N/A,2023.12.19,https://bioinfo.ssu.ac.kr/%ea%b2%8c%ec%8b%9c%ed%8c%90/%ea%b3%b5%ec%a7%80%ec%82%ac%ed%95%ad/?term_id&slug=5052,"<
이해도대면심사 안내
>
이해도대면심사 안내 드립니다
.
2024
년도
8
월 졸업예정자이신 분들은
2024
년
2
월
23
일
(
금
)
까지
이해도 대면심사를
진행하여 주시기 바랍니다
. (
리뷰 논문
+
실험 논문
)
학생분들이 교수님들에게 개별적으로 연락하여 교수님과의 면담약속을 잡으시고,
이해도대면심사 및 결과보고서 양식을 다운받아 본인이 작성하는
부분
(
학번
,
이름
,
논문제목
,
지도교수
)
을 작성 하고,
심사서의 심사결과 및 지도사항은 교수님께 작성 요청합니다.
이후 해당 결과보고서를 학과사무실로
제출하여 주시기 바랍니다
.
현재 번역서까지 진행한
2024
년도
8
월 졸업예정자
(
졸업논문진행
)
명단은
첨부와 같습니다
.
2024
년
8
월 졸업예정이 아닌 학생은 본인 졸업일정에 맞추어 진행하시면 됩니다
.
명단에 이상이 있으신 분은 학과사무실로 연락 부탁드립니다
."
biomedical_science,(교수학습혁신센터)2023학년도 하반기 슈터디 안내,N/A,2023.12.07,https://bioinfo.ssu.ac.kr/%ea%b2%8c%ec%8b%9c%ed%8c%90/%ea%b3%b5%ec%a7%80%ec%82%ac%ed%95%ad/?term_id&slug=5046,"교수학습혁신센터 교수학습혁신팀에서 참여자 모집 중인 2023학년도 하반기 슈터디<자기주도 기초수학>을 안내합니다.
가. 프로그램명: 2023학년도 하반기 슈터디<자기주도 기초수학>
나. 프로그램 개요: AI 튜터를 활용한 기초수학 학습 프로그램으로, 프로그램 참여자가 기초수학 진단 평가를 통해 스스로 진단하고, 결과에 따라 부족한 부분의 문제와 개념을 AI 튜터가 추천 및 제공하는 기초수학 능력 향상을 위한 맞춤형 학습 프로그램(온라인)
다. 참여대상: 2023학년도 2학기 본교 학부 재학생 및 휴학생(선착순 500명, 초과학기생 참여불가)
라. 신청 기간: 2023.11.29.(수) 12:00 ~ 2023.12.19.(화) 17:00까지
*슈터디 참여 링크 공유 및 참여 독려(FUN 시스템 참여 링크):
https://fun.ssu.ac.kr/ko/program/all/view/3826"
biomedical_science,아산재단이 의생명과학분야 연구자를 꿈꾸는 대학 장학생을 모집합니다.,N/A,2023.12.05,https://bioinfo.ssu.ac.kr/%ea%b2%8c%ec%8b%9c%ed%8c%90/%ea%b3%b5%ec%a7%80%ec%82%ac%ed%95%ad/?term_id&slug=5034,"저희 아산사회복지재단은 ‘우리 사회의 가장 어려운 이웃을 돕는다’는 정주영 재단 설립자의 뜻에 따라 1977년 설립 당시부터 우수 인재 양성과 교육기회의 불평등 완화를 위한 다양한 장학사업을 전개해 왔습니다.
특히 의생명과학분야를 이끌 우수한 연구자를 양성하고자 2017년부터 국내외 대학원에 재학 중인 의생명과학분야 석·박사 과정 장학생을 선발해 온 저희 재단은 2024년부터 대학생까지 장학금 지원 대상을 확대하고자 합니다.
어려운 여건에도 의생명과학분야 연구자를 꿈꾸는 대학생들이 관심을 가질 수 있도록 안내해주시기를 부탁드립니다.
< 2024년 의생명과학분야 대학 장학생 선발>
• 선발 대상
– 의생명과학분야 연구자가 되고자 대학원 진학을 목표로 하는 성적 우수 학생
– 한국장학재단 소득분위 3구간 이하 또는 부모의 사업실패, 질병 등으로
학업중단 위기에 놓인 학생
–
의생명과학분야 관련 학과에 재학 중인 3, 4학년 진학 예정자
• 장 학 금 : 학업보조비 연간 600만원 (학기당 300만원)
• 지원기간 : 11월 27일(월) ~ 12월 22일(금)
• 지원방법 : 온라인 신청 (
http://welfare.asanfoundation.or.kr
)
• 문 의 :
asanf@amc.seoul.kr
또는 02-3010-2586
※ 자세한 내용은 첨부해 드린 지원 안내문을 참고해주시기 바랍니다."
biomedical_science,2024학년도 1학기 한국장학재단 국가장학금 1차 신청 안내,N/A,2023.11.22,https://bioinfo.ssu.ac.kr/%ea%b2%8c%ec%8b%9c%ed%8c%90/%ea%b3%b5%ec%a7%80%ec%82%ac%ed%95%ad/?term_id&slug=5028,"2024학년도 1학기 한국장학재단 국가장학금 신청관련 안내드립니다.
1. 요청사항
가. 홍보내용 각 학과(부) 홈페이지 공지
나. 홍보내용 학생회 공유 및 학생 안내(SMS 발송 등)
2. 홍보내용(학교 홈페이지 공지사항 참조):
바로가기
3. 세부안내
가. 신청기간: 2023.11.22.(수) 9:00~12.27.(수) 18:00까지(총 36일)
나. 서류 제출 및 가구원 동의 기간: 2023.11.22.(수) 9:00~2024.01.03.(수) 18:00까지
다. 신청대상: 대한민국 국적 학부생
※ 국가장학금 미신청자는 교내장학금 및 재난장학금 지원이 불가하므로 반드시 신청
라. 신청방법: 한국장학재단 홈페이지(www.kosaf.go.kr) 및 모바일 앱에서 신청"
biomedical_science,2024학년도 1학기 학·석사연계과정 지원 및 선발 안내,N/A,2023.11.14,https://bioinfo.ssu.ac.kr/%ea%b2%8c%ec%8b%9c%ed%8c%90/%ea%b3%b5%ec%a7%80%ec%82%ac%ed%95%ad/?term_id&slug=5022,"2024학년도 1학기 학·석사연계과정 지원 및 선발을 아래와 같이 진행하고자 하니 관심있는 학사과정생들이 지원할 수 있도록 안내하여 주시기 바랍니다.
1. 지원기간 : 2023.12.04(월)~12.15(금)
2. 모집학과 : 학사과정과 석사과정에 동일(또는 유사)학과가 있는 학과(계약학과 제외)
3.지원자격 :
다음 각호 모두 해당되는 자
가. 지원일 당시 학사과정 4학기 이상 6학기 이내 재학 중(건축학부 건축학전공은 6학기 이상 8학기 이내 재학 중)인 자 (학·석사연계과정 신청자는 조기졸업 신청을 할 수 없음)
나. 재수강 이전 과목, 학점포기한 과목, F학점 과목 등을 포함한 전체 과목의 총평점평균이 3.0 / 4.5 이상인 자
다. 7학기 또는 8학기(건축학부 건축학 전공은 9학기 또는 10학기)에 학사과정의 졸업요건을 충족할 수 있는 자
라. 지원하고자 하는 일반대학원 학과 주임교수와 지도교수의 추천을 받은 자
마. 지원하고자 하는 일반대학원의 동일(또는 유사)학과를 주전공 또는 복수전공으로 하는자
4. 제출서류 및 지원방법
가. 학·석사연계과정 신청서 1부.
나. 대학원 교학팀으로 방문 접수(웨스트민스터홀 658호)
5. 선발인원 : 석사과정 입학정원의 20%
6. 발표일 : 2024.01.26(금) 예정 – 학과 및 개별통지
7. 관련안내
가. 대상 : 지원가능 대상자 및 학과
나. 방법 : 안내문 배포 및 대학원 홈페이지 공지
8. 문의처 : 대학원 교학팀(02-820.0258~9 , grad@ssu.ac.kr)
붙임 : 1. 2024-1 학·석사연계과정 안내문 1부.
2. 학·석사연계과정 신청서 1부.  끝."
biomedical_science,2024학년도 1학기 석·박사통합과정 지원 및 선발 안내,N/A,2023.11.14,https://bioinfo.ssu.ac.kr/%ea%b2%8c%ec%8b%9c%ed%8c%90/%ea%b3%b5%ec%a7%80%ec%82%ac%ed%95%ad/?term_id&slug=5018,"2024학년도 1학기 석·박사통합과정 지원 및 선발을 아래와 같이 진행하고자 하니 관심있는 석사과정생들이 지원할 수 있도록 안내하여 주시기 바랍니다.
1. 지원기간 : 2023.12.04(월)~12.15(금)
2. 지원자격
가. 일반대학원 석사과정 2학기 또는 3학기 재학생(복학예정자 포함)
나. 학업전념학생
다. 18학점 이상 취득 또는 취득예정인 학생
라. 석사과정 전공분야와 통합과정 지원 전공분야가 동일한 자
3. 제출서류
가. 공통 : 석·박사통합과정 지원서 1부.(붙임 2)
나. 4대 사회보험 가입내역 확인서 1부.
※ 4대 사회보험 정보연계센터(
www.4insure.or.kr
) 공인인증서 로그인 → [증명서발급] → 4대 사회보험 가입내역 확인 청구서 신청 → 4개 처리기관의 처리여부 “출력가능” 확인 후 증명서 출력
※ 강사는 다음의 요건 충족 시 예외적 지원 허용 : 주 6시간 이내 근무로 인한 4대 사회보험 가입은 별도의 증빙서류(경력증명서)제출 시 학업전념학생으로 인정
※
건강보험 지역가입자 중 사업장이 표기되어 있는 경우와 4대 사회보험 미가입자이나 종교기관 등에서 전임으로 재직하는 경우 등은 직장병행학생으로 간주하여 지원 불가함
4. 지원방법 : 제출서류를 작성하여 대학원 교학팀으로 제출(웨스트민스터홀 658호)
5. 선발인원 : 박사과정 전체 입학정원의 20%
6. 발표일 : 2024.01.26(금) 예정 – 학과 및 개별통지
7. 관련근거
■학칙시행세칙(대학원)
제67조(선발인원) 통합과정 선발인원은 박사과정 입학정원의 20% 범위 내에서 대학원 운영위원회에서 정한다.[본조신설 2014.11.29.]
제68조(지원요건) 통합과정에 지원하고자 하는 자는 다음 각 호의 요건을 모두 갖추어야 한다.
1. 일반대학원 석사학위과정 2학기 또는 3학기 재학생(복학예정자 포함)
2. 학업전념학생
3. 18학점 이상을 취득 또는 취득 예정인 학생
4. 석사과정 전공분야와 통합과정 전공분야가 동일
5. 지도교수의 추천[본조신설 2014.11.29.]
7. 기타
가. 수업연한
1) 4년(8학기) : 석사과정 입학 학기부터
2) 수업연한 단축 : 수업연한의 단축을 희망하는 경우 석·박사통합과정 6학기 또는 7학기 개시 전(방학중) 대학원 교학팀에 수업연한단축신청서를 제출하고 해당 학기 종료 시 수료요건 충족 및 총 평점평균이 4.0이상이면 6학기 또는 7학기에 수료가능.
단 학업전념학생(Full Time)만 수업연한단축신청이 가능함
나. 석사과정 종합시험 , 석사논문 면제
(
석·박사통합과정 선발 후 박사과정에 해당하는 종합시험만 인정)
다. 박사과정 입학금 면제
라. 안내 : 대학원 홈페이지 내 공지사항 게시
붙임 : 1. 석·박사통합과정 지원서 양식 1부.
2. 석·박사통합과정 안내문 1부.  끝."
biomedical_science,[대학원]2023학년도 2학기 연구장려장학금 신청 안내,N/A,2023.10.26,https://bioinfo.ssu.ac.kr/%ea%b2%8c%ec%8b%9c%ed%8c%90/%ea%b3%b5%ec%a7%80%ec%82%ac%ed%95%ad/?term_id&slug=5011,"2023학년도 2학기 연구장려장학금 신청을 아래와 같이 안내합니다.
1. 장학제도 안내
가. 신청자격
1) 일반대학원 소속 재학생 중 수업연한 이내인 재학생 (석사 및 박사과정 4학기, 석박사통합과정 8학기 이내)
2) 한국연구재단등재(후보) 학술지 또는 동급 이상 외국학술지에 논문을 게재한 자
나. 지급금액: 100,000원 (게재논문 1건당 대표 1인에게 지급)
※ 1인당 수혜 횟수, 타 장학금과의 중복수혜 제한 없음.
※ 학기별 예산금액 범위 내에서 선발·지급하며, 예산범위를 초과할 경우
타 장학금 중복
수혜여부, 연구장려장학금 수혜여부 등을 검토하여 대상자 선발함.
다. 유의사항
1)
2023.07.05.이후 게재된 논문에 한해 장학금 신청 가능 (게재예정 제외)
※ 2023학년도 1학기 연구장려장학금 신청기간 후 게재된 연구실적 인정
※ 2023학년도 2학기 입학자는 입학일자 이후 게재실적 인정
2)
박사과정 학위청구논문 제출자격을 위한 연구실적으로는 장학금 신청 불가
3) 1인당 수혜 횟수의 제한은 없으며, 타 장학금과 제한 없이 중복수혜 가능
4)
외국학술지에 게재한 경우
해당 학술지의 한국연구재단등재(후보) 학술지 동급
여부를 소속 학과 주임교수에게 확인받고 서명 또는 도장을 받아 신청
해야 함.
2. 신청방법 안내
가. 신청기간: 2023.11.01.(수)~2024.01.04.(목)
나. 신청방법: 신청서 및 증빙서류 대학원 교학팀으로 방문 또는 이메일 제출
1) 방문제출: 웨스트민스터홀 658호
2) 이메일 제출: 스캔본 첨부해
grad@ssu.ac.kr
로 제출
※
이메일 신청 시 제목을 반드시 “연구장학금 신청”으로 지정하여 제출하여야 함.
다. 제출서류
– 장학금 신청서 (붙임 양식)
– 논문게재확인서 (확인서가 발급되지 않는 경우, 게재확정 안내 이메일 등 제출 가능)
– 논문 인쇄본
붙  임 : 장학금 신청서 양식 1부.  끝."
biomedical_science,TEM(투과전자현미경) 장비 도입 기념 세미나 안내,N/A,2023.10.23,https://bioinfo.ssu.ac.kr/%ea%b2%8c%ec%8b%9c%ed%8c%90/%ea%b3%b5%ec%a7%80%ec%82%ac%ed%95%ad/?term_id&slug=4973,"TEM(투과전자현미경) 장비 도입 기념 세미나
일시 : 2023.10.26 (목), 13:00~15:00
장소 : 형남공학관 115호
강사 및 강연 제목
– 공동기기센터 운영 노하우(강동영 연세대 공동기기센터 팀장)
– 공동기기센터에서 TEM의 운영 및 활용(정후영 울산과학기술대 굣)
※ 장비 도입 축하 예배와 테이프 커팅식(15:00~15:30)이 끝난 후 TEM room, Operating room, Utility room을 둘러보고 사진 촬영할 수 있는 시간을 드립니다.
(형남공학관 B117호, 15:30~16:00)
※참석자에게는 식권과 커피, 디저트 쿠폰을 드리니 학생 여러분의 많은 참여 바랍니다.
※참석을 희망하시는 분은 아래의 URL 또는 QR로 접속하여 신청 부탁드립니다.
https://fun.ssu.ac.kr/ko/program/all/view/3736
공동기기센터장"
biomedical_science,[대학원]2024학년도 전기 대학원 정시모집 안내,N/A,2023.10.04,https://bioinfo.ssu.ac.kr/%ea%b2%8c%ec%8b%9c%ed%8c%90/%ea%b3%b5%ec%a7%80%ec%82%ac%ed%95%ad/?term_id&slug=4957,"2024학년도 전기 대학원 정시모집을 아래와 같이 안내드리니 관심있는 학생이 많이 지원할 수 있도록 안내하여 주시기 요청드립니다.
1. 모집일정
-원서접수 : 2023. 10. 4. (수) ~ 2023. 10. 16. (월)
-전형일 : 2023. 10. 28. (토)
-합격자발표 : 2023. 11. 24. (금) 예정
-합격자등록 : 2024. 1. 2. (화) ~ 2023. 1. 4. (목)
2. 숭실대학교 대학원 홈페이지(
https://grad.ssu.ac.kr
)참조 : 관련
공지사항
링크.  끝."
biomedical_science,[학부]2024학년도 2월 졸업예정자 최종 졸업논문제출 안내,N/A,2023.09.25,https://bioinfo.ssu.ac.kr/%ea%b2%8c%ec%8b%9c%ed%8c%90/%ea%b3%b5%ec%a7%80%ec%82%ac%ed%95%ad/?term_id&slug=4944,"–
대상
:
앞선 절차를 끝내고
,
방학 중 지도교수와 이해도 대면 심사 및 결과 보고서까지 과사에 제출한
2024. 2
월 졸업예정자
–
최종 졸업논문제출 기간
: ~
2023
년
11
월
20
일
(월
)
까지
–
방법
:
자기표현으로 바꾸고 보충한 뒤 졸업논문제출 양식에 맞게
작성하여(
국문
/
영문 중
1
택
)
과사 이메일로 제출
(
bioinfo@ssu.ac.kr
)
–
해당자
:
첨부파일 참조
(*
누락되었을 시
,
학과 사무실로 연락 바랍니다
)
*
졸업논문 종합안내
(
첨부
)
를 참고해 주시고
,
졸업논문제출 양식
(
첨부
)
을 다운로드하셔서 따라주시고
,
인용표기에 유의해주시기 바랍니다
.
논문을 번역
(
리뷰논문
)
하여 졸업논문으로 제출하고자 할 때는 반드시 첫 페이지 제목
옆에 윗첨자로
¹
⁾
이라 달고
,
첫 페이지 맨 아래에
¹
⁾
이 논문은
‘
전체 저자명
. (
연도
).
제목
.
저널명
Volume number,
시작
page-
마지막
page
번호
.’
의 논문을 번역한 것임
.
이라고 반드시 명시해야함
.
예를 들어 다음과 같이 인용해야 함
.
¹
⁾
이 논문은
‘Rogers, P.R., Song, J., Gramaglia, I., Killeen, N. and Croft, M. (2001). OX40 promotes Bcl-xL and Bcl-2 expression and is essential for long-term survival of CD4 T cells. Immunity 15, 445-455.’
의 논문을 번역한 것임
.
*
논문표절의 오해소지가 있으니 반드시 기입하여야 함
.
*
일정에 따르지 않는 학생을 졸업이 연기됨
.
*
논문번역서는 리뷰논문과 똑같은 포맷으로 작성
(
그림
,
도표 모두 입력
)
*
최종졸업논문은 첨부된 졸업논문양식에 맞게 작성
–
리뷰논문으로 선정한 논문의 길이
(PAGE
수
)
에 준하는 논문을 작성하여 제출하도록
합니다
.
–
리뷰논문으로 선정한 논문과 똑같은 내용이 될 수 없으며 반드시 자신의 언어로 해석한 내용으로 논문을 작성하여 제출합니다
.
*
전체 졸업사정을 보기를 원하시는 분께서는 학부교육의
<
기타 내규
>
를 참조해주시기
바랍니다
.
첨부
:
1.2024.2
월 졸업예정자 명단
2.
졸업논문양식
(
국문
)
3.
졸업논문양식
(
영문
)
(
첨부파일
2, 3
중 각자의 형식에 맞는 것을
1
택
/ 2, 3
모두 쓰는 것은 아님
)"
biomedical_science,2023학년도 1학기 한국장학재단 국가장학금 Ⅱ유형(신·편입생지원) 특별 구제 신청 안내,N/A,2023.09.20,https://bioinfo.ssu.ac.kr/%ea%b2%8c%ec%8b%9c%ed%8c%90/%ea%b3%b5%ec%a7%80%ec%82%ac%ed%95%ad/?term_id&slug=4937,"2023학년도 1학기 한국장학재단 국가장학금 Ⅱ유형(신·편입생지원) 특별 구제 신청 관련하여 안내드립니다.
1. 홍보내용(학교 홈페이지 공지사항 참조):
바로가기
2. 세부안내
가. 신청대상: 2023학년도 1학기 신·편입생 중 국가장학금 미신청자
※ 학자금 지원구간과 관계 없이 지원(가구원 정보제공 동의 절차 및 소득·재산 조사 생략)
나
. 신청기간: 2023.09.19.(화) ~ 10.05.(목) 18:00 (총 17일간)
다. 신청방법: 한국장학재단 누리집(www.kosaf.go.kr) 및 모바일 앱에서 신청
라. 신청문의: 한국장학재단 상담센터 1599-2000
붙임 신·편입생지원 특별구제 신청 방법 각 1부. 끝."
biomedical_science,상담·인권센터 교육용 컨텐츠 제공 안내,N/A,2023.09.20,https://bioinfo.ssu.ac.kr/%ea%b2%8c%ec%8b%9c%ed%8c%90/%ea%b3%b5%ec%a7%80%ec%82%ac%ed%95%ad/?term_id&slug=4935,"상담·인권센터에서는 본교 구성원들의 성인지 감수성을 높이고, 성희롱/성폭력 사건 발생 시 대응 조치를 안내하기 위하여 자체 제작한 교육용 컨텐츠를 아래와 같이 제공하고 있습니다.
각 학과에 전달하여 주시고, 교육에 활용해 주시길 안내 드립니다.
1. 제공 컨텐츠
가. 비교과_2023-2학기 서로 존중하는 안전한 캠퍼스 생활을 위하여 (13분 54초)
나. 비교과_2023-2학기 인권, 성희롱, 성폭력 사건대응 가이드 (12분)
2. 접속 경로
가. saint.ssu.ac.kr -> 왼쪽 중앙에서 LMS 아이콘 클릭 또는 class.ssu.ac.kr 접속
나. LMS 시스템 오른쪽 상단의 “마이페이지” 클릭
다. “마이페이지” 하단에서 제공하는 컨텐츠 확인 -> “과목 홈 바로가기” 클릭
라. 왼쪽 메뉴에서 “주차학습” 클릭 -> 강의 시청
3. 강의 개시일: 2023.09.06. (수)
4. 강의 수강 대상자: 학부 및 대학원생 (학생 외 본교 구성원은 필요 시 추가 예정)
5. 행정사항
가. 상담·인권센터에서 지정한 교육 이수 의무자는 본 강의 또는 타기관 강의 수강 후 이수증 제출 시 교육 이수를 인정함.
나. 이수증은 교육 이수 의무를 요구한 날 이후에 발급된 것만을 인정함."
biomedical_science,[학부]2024학년도 8월 졸업예정자 논문계획서 제출 확인 및 1차 번역서 제출 안내,N/A,2023.09.19,https://bioinfo.ssu.ac.kr/%ea%b2%8c%ec%8b%9c%ed%8c%90/%ea%b3%b5%ec%a7%80%ec%82%ac%ed%95%ad/?term_id&slug=4927,"2024
년
8
월 졸업예정자로
,
이번학기 졸업논문계획서를 제출한 학생들은
첨부된
파일의 명단을 확인해주시기를 바랍니다
.
*
명단에 누락되어 있거나 지도교수님
,
실험논문
/
리뷰논문이 잘못 기재되어 있는
학생은 과사로 연락을 부탁드립니다
.
번역논문
(
리뷰논문
)
제출 예정자들은
졸업논문
1
차보고서
(
첨부파일 양식 작성
&
논문번역서 및 영어논문
원문을 함께
첨부하여 제출
)
를
12
월
15
일 금요일
까지
학과 이메일
(
bioinfo@ssu.ac.kr
)
로
제출해주시기 바랍니다
.
*
졸업논문
1
차보고서의 학과장님 승인은 제출 받은 보고서를 토대로
일괄로
받을 예정이니
기한 내에 제출 바랍니다
.
→
논문 번역서
1
차 학부장 심사 및 이후 지도교수께 전달
:
2023
년
12
월
18
일
(
월
) ~ 12
월
29
일
(
금
)
*
이메일로 제출시 메일 제목 및 파일명
:
졸업논문
1
차번역서
_
학번 이름
(ex.
졸업논문
1
차번역서
_20171234
홍길동
)
첨부
1.2024
년
8
월 졸업예정자 졸업논문계획서 제출 명단
2.
졸업논문
1
차 번역서"
biomedical_science,[대학원][학위논문] 2023학년도 2학기 연구윤리 이수 안내 및 신청 명단 제출 안내,N/A,2023.09.18,https://bioinfo.ssu.ac.kr/%ea%b2%8c%ec%8b%9c%ed%8c%90/%ea%b3%b5%ec%a7%80%ec%82%ac%ed%95%ad/?term_id&slug=4923,"2023학년도 2학기 연구윤리 교육 일정을 안내드리니, 수강을 희망하는 학생은 붙임의 신청 명단을 작성해 주셔서,
9
월 21
일
(목
)
까지
학부 메일(
bioinfo@ssu.ac.kr
)로 회신을 부탁드립니다.
1. 내용
가. 교육명
1) 대학원생을 위한 연구윤리(인문사회계열)
2) 대학원생을 위한 연구윤리(이공계열)
나. 교육내용 : 사회적책임, 연구데이터, 출판윤리, 연구부정행위, 연구공동체, 생명윤리
다. 교육컨텐츠 제공 기관 : 국가과학기술인력개발원(KIRD)
※ 본교 스마트캠퍼스를 통해 학습 및 이수해야 함
2. 대상
:
교육수강을 희망하는 본교의 모든 대학원생
가. 과거 이수 여부 확인 : u-SAINT 의 [성적/졸업]의 [논문/졸업] 맨 하단에서 확인가능
나. 시행세칙(대학원)에 의거하여 일반대학원 학위 논문 제출 전 연구윤리 과정을 반드시
이수해야 하며,
2023학년도 2학기 학위청구논문제출 예정자 중 미이수자는 이번
학기에
반드시 이수해야 함
3. 신청 절차
: 학과에서 신청학생 명단 취합 후 공문으로 발송
신청 및 명단 제출 기한
수강 기간
신청방법
1차
9월 14일(목)~9월 21일(목)
2023. 10. 01 ~ 10. 31
학과에서 신청자 취합 후
명단을 공문으로 발송
2차
2023. 11. 01 ~ 11. 30
※ 명단 제출 전
신청학생의
학번을 재확인
요청드립니다.
※ 기한을 반드시 준수해 주시기를 요청 드립니다.
4. 수강 방법
가. u-SAINT 접속 후 좌측 중단의
스마트캠퍼스 바로가기
클릭
나.
또는
직접접속(https://class.ssu.ac.kr/mypage
) 후 마이페이지
클릭
5. 평가비율 및 수료기준
: 모든 수업 컨텐츠별 진도 100% 진행되어야만 수료
※ 학습이수현황에서 콘텐츠의 진도현황을 확인할 수 있으며,
수강해야할 모든 콘텐츠를 각각 10
0% 이수해야 합니다.
붙임 : 2023학년도 2학기 연구윤리 교육 신청자 명단 양식 1부. 끝."
biomedical_science,2023학년도 2학기 교내장학금 3차 신청,N/A,2023.09.05,https://bioinfo.ssu.ac.kr/%ea%b2%8c%ec%8b%9c%ed%8c%90/%ea%b3%b5%ec%a7%80%ec%82%ac%ed%95%ad/?term_id&slug=4832,"2023학년도 2학기 교내장학금 3차 신청을 시행합니다. 신청을 원하는 학생은 온라인으로 신청바랍니다.
1. 교내장학금 자격요건
가. 2023학년도 2학기 국가장학금 신청 및 서류제출을 완료하고 소득분위가 조회된 자
(국가장학금 지급 대상 분위의 경우 심사가 완료된 자)
나. 2023학년도 2학기 재학 학생으로 등록금 납부 예정인 자
1) 2023학년도 2학기 前 등록휴학 후 복학시 장학생 선발대상에서 제외
2) 미등록, 입학취소, 복학취소, 휴학 등 학적변동 시 모든 장학금 취소
다. 직전학기 15학점 이상 이수한 자(최종 직전학기는 12학점)
라. 정규 등록학기가 8학기 이내인 자(건축학부 건축학전공은 10학기 이내)
2. 신청절차
가. 온라인 신청기간 및 서류제출기간 : ~9월 15일(금)까지 예정 (추가 신청 없음)
나. 학생 신청방법: u-SAINT포털 – 등록/장학 – 장학메뉴 – 장학금 신청
다. 학생 서류제출: 온라인 신청기간 내 방문 및 등기우편제출 가능(세부내용 붙임 파일 참조)
※ 단, 전문자격시험합격자장학금의 경우 등기우편 불가"
biomedical_science,2023년 숭실대학교 교수협의회 장학생 선발 안내,N/A,2023.09.04,https://bioinfo.ssu.ac.kr/%ea%b2%8c%ec%8b%9c%ed%8c%90/%ea%b3%b5%ec%a7%80%ec%82%ac%ed%95%ad/?term_id&slug=4827,
biomedical_science,"CNIO (Spanish National Cancer Research Center), computational oncology 연구를 진행할 포닥/연구원/대학원생 모집안내",N/A,2023.09.04,https://bioinfo.ssu.ac.kr/%ea%b2%8c%ec%8b%9c%ed%8c%90/%ea%b3%b5%ec%a7%80%ec%82%ac%ed%95%ad/?term_id&slug=4822,"안녕하세요, 스페인 마드리드에 위치한, CNIO (Spanish National Cancer Research Center) 에서 같이 computational oncology 연구를 진행할 포닥/연구원/대학원생들을 모집하고 있습니다.
유럽 연구소에서 암과 관련된 다양한 연구를 같이 하고 싶은 분들의 연락을 기다립니다!
CNIO 는 스페인 뿐 아니라 유럽에서 손꼽히는 암 중점 연구소로서, 암과 관련된 experimental biology/structure/computational biology 등과 같은 모든 부분에 폭넓게 연구가 진행되고 있으며,
여러 collaboration 기회 등을 제공하고 있습니다.
또한, 박사과정 학생들에게 제공되는 여러 지원 프로그램들을 통해서 젊은 연구원들의 높은 성장을 보장드립니다. 다양한 레벨에서의 공고를 열고 있으니 관심있는 분들의 많은 연락을 기다립니다 (
solippark@cnio.es
)."
biomedical_science,기초과학융합연구소 9월 6일 (수) 런치세미나 안내 (학부생 참여 안내),N/A,2023.08.29,https://bioinfo.ssu.ac.kr/%ea%b2%8c%ec%8b%9c%ed%8c%90/%ea%b3%b5%ec%a7%80%ec%82%ac%ed%95%ad/?term_id&slug=4817,"기초과학융합연구소는 런치세미나를 진행하여 기초과학 융합연구의 소개에 많은 관심을 기울이고 있습니다. 학부생의 경우 현장에서 점심식사를 제공하오니, 양질의 강연을 들으며 식사를 할 수 있습니다. 9월 4일 오전 1시까지 점심식사 신청링크에서 신청하여 주세요.
•일시: 9월 6일 수요일 오후 12시
•장소: 베어드홀 101-3호 세미나실
•연사: 이철희 박사(고등과학원)
•제목: 수학과 측정
•초록: 자연과학은 실험과 관찰을 통해 자연의 원리를 탐구하는 경험적 학문이다. 반면, 수학은 추상적 개념, 예를 들면 수나 기하학적 형태, 그리고 이들 간의 관계에 주목한다. 수학은 자연에 대한 직접적인 이해를 목표로 하지 않고, 연역적 사고를 바탕으로 추론과 증명을 통해 새 원리를 찾아낸다. 그렇다면 수학은 경험을 중시하는 자연과학의 일부로 볼 수 있을까? 이 강연에서는 과학 내의 수학의 역할을 측정의 관점에서 조명하고, 경험과학의 지식 체계가 수학을 포함해야 하는지 검토한다.
•점심식사 신청링크:
https://forms.gle/j62QLTYZrna8dkRw6
(9월 4일 오전 11시 마감)
런치세미나에 많은 참여 부탁드립니다. 감사드립니다.
기초과학융합연구소
IIBS 런치세미나 QR"
biomedical_science,[학부]2024년 8월 졸업예정대상자 졸업논문계획서 및 번역서 제출안내,N/A,2023.08.23,https://bioinfo.ssu.ac.kr/%ea%b2%8c%ec%8b%9c%ed%8c%90/%ea%b3%b5%ec%a7%80%ec%82%ac%ed%95%ad/?term_id&slug=4807,"2024년도 8월 졸업예정자는
9월 15일 금요일
까지 지도교수 선정 및 졸업논문계획서(첨부파일)
를 작성하여
학과 방문
혹은 학
과 이메일(bioinfo@ssu.ac.kr)로
제출해 주시기 바랍니다.
[제출시 유의사항]
1.
리뷰논문 / 실험논문
잘 체크해주시기 바랍니다.
2.
논문지도교수님은 진로지도교수님과 다르며
, 학생이 직접 논문지도교수님을 정하여 직접 메일로 연락드리고
온라인 혹은 오프라인으로 확인받은 후 졸업논문계획서를 제출
해주시기 바랍니다.
3.이메일로 제출시 메일 제목 및 파일명
:
졸업논문계획서_학번 이름(ex. 졸업논문계획서_20191234 홍길동)
–
번역논문(리뷰논문)
제출 예정자분들은 학기가 끝나기 전
6월 15일 금요일까지 졸업논문1차보고서(논문번역서 및 영어논문 원문)를 학과 이메일로 제출해주시기 바랍니다.
[졸업논문일정]
은 다음과 같습니다.
상황에 따라 일정이 변경될 수도 있사오며, 일정별로 안내가 될 예정이니 구체적인 일정과 내용은 홈페이지 공지를 참고
해주시기를 바랍니다.
1.졸업논문계획서 제출 : 2023년 9월 15일 금요일까지
2.‘리뷰 논문’ 시 논문 번역서 제출 : 2023년 12월 15일 금요일까지
3.논문 번역서 1차 학부장 심사 및 이후 지도교수께 전달 : 2023년 12월 18일(월) ~ 12월 29일(금)
4.이해도 대면 심사 및 결과보고서 제출 : 2024년 2월 23일(금)까지
5.최종 졸업논문 작성 및 제출 : 2024년 5월 20일(월)까지
*자기표현으로 바꾸고 보충하여 졸업논문 작성 및 제출
6.최종 졸업논문 교수님 심사: 2024년 5월 22일(수) ~ 5월 30일(목)"
biomedical_science,[대학원][학위논문] 2023학년도 2학기 일반대학원 학위논문 일정 및 진행 안내,N/A,2023.08.17,https://bioinfo.ssu.ac.kr/%ea%b2%8c%ec%8b%9c%ed%8c%90/%ea%b3%b5%ec%a7%80%ec%82%ac%ed%95%ad/?term_id&slug=4801,"2023학년도 2학기 일반대학원 학위논문 일정을 아래와 같이 안내합니다.
○ 본 일정 및 진행 안내 공문은 학기 내 진행되는 대학원 학위논문 전체 일정에 대한 안내입니다.
○ 각 일정에 따라서 세부 안내도 사전에 진행될 예정입니다.
○ 관련 규정은 ‘학칙시행세칙(대학원) 제4장 학위논문’ 입니다. →
숭실대학교 규정관리시스템 (ssu.ac.kr)
[논문 진행 순서]
시기
9/13~15
9/11~22
10/4~13
10/18~20
10/16~11/24
1/3~4
순서
수료생
연구등록
(논문등록)
→
공개발표
심사위원
구성
→
가제본,
카피킬러 검사결과 제출
→
심사비
납부
→
최종심사
→
논문완본
학생
등록비납부
(재학생은
등록금납입시
지도비납부)
논문
공개발표
(연구윤리
준수확인서
제출)
논문가제본
제출,
카피킬러
검사결과
‘상세보기’
제출
심사비
납부
최종심사
완본제출
각
학과
대상자
등록 지도
결과보고,
심사위원
추천
가제본제출
지도,
카피킬러
검사결과
제출 지도
심사비
납부 지도
최종심사
결과 보고
제출지도
대학원
등록자명단
학과송부,
준비지도/
등록비 관리
공개발표
결과 및 심사위원 관리
카피킬러
캠퍼스
사용 준비
심사비
관리
심사결과 관리,
심사비, 지도비 지급 준비
완본
접수,
결과관리
1. 논문발표 및 심사대상
4학기 재학생 및 수료생(영구수료해제자 포함) 논문등록자로  아래 ‘가~바’ 사항을 모두 충족 시킨 자
가. 학점 취득자
1) 석사
24학점 이상 취득(예정)
2) 박사
36학점 이상 취득(예정)
3) 석·박사통합
60학점 이상 취득(예정)
※ 중복과목은 제외함
※ 선수과목, 추가학점 지정자는 선수과목 이수 및 추가학점 취득이 필요함
나. 종합시험 합격자
1) 논문진행 학기 응시자도 가능하나, 불합격 시 논문 제출이 불가함
2) 2023학년도 2학기 종합시험 시행결과는 9월 13일(수) 발표 예정임
3) 종합시험 시행결과를 참고하여 학위논문 발표자격 최종 확인해야 함
다. 연구윤리교육 이수(예정)자
1) 대학원에서 지정한 연구윤리교육을 이수한 자 또는 이번 학기 이수 예정자
2) 2023학년도 2학기 연구윤리교육은 9월(1차), 10월(2차)에 개설될 예정임 (추후 안내 예정)
라. 논문지도교수를 배정 받고 논문지도를 받은자(논문작성학기 포함)
1) 석사과정
논문지도교수를 배정받고 2개학기 이상 논문지도를 받은자
(논문 작성 학기 포함)
2) 박사 및 석·박사통합과정
논문지도교수를 배정받고 3개학기 이상 논문지도를 받은자
(논문 작성 학기 포함)
마. (외국인) 한국어 능력 기준을 갖춘 자
※ 공개발표 결과보고서 제출 이전까지 TOPIK 4급 이상 취득하고 증빙 제출 한 경우,
연구실적을
근거로 주임교수 명의의 TOPIK 면제 추천이 공문으로 제출된 경우에만 논
문
진
행이 가능함
바. (박사 및 석․박사통합과정) 학칙시행세칙(대학원)제30조의 연구실적을 충족한 자
※ 공개발표 결과보고서 제출 시, 연구실적 게재가 완료되어야만 논문 진행이 가능함
2. 논문공개발표 및 공개발표 결과보고
가.
기간 : 9월 22일(금) 까지
나. 공개발표 방법 : 논문지도교수 · 주임교수 · 학과교수 참석 하에 질의 응답 진행
다. 공개발표 결과보고 제출사항
1)
공개발표결과보고서[
붙임1
]
:
학과에서 취합하여 기간 내 대학원으로
오프라인
제출
2)
연구윤리준수확인서[
붙임2]
(공개발표 결과 합격자만 해당) : 학과에서 취합하여 기간 내
대학원으로
오프라인
제출
3. 논문심사위원 추천(공개발표 결과보고서 제출시, 합격자만 해당)
가.
기간 : 9월 22일(금) 까지
나. 심사위원
1) 석사학위과정 : 3명 (외부 심사위원 위촉 시 1명까지 가능)
2) 박사학위과정 : 5명 (외부 심사위원 1명 이상 반드시 포함 필요)
※ 학위과정별 심사위원 위촉 인원(석사 3명, 박사 5명은 반드시 준수)
※ 교내 근무자는 모두 내부심사위원으로 구분됨
다. 심사위원 추천 제출사항
1)
공개발표결과 및 심사위원명단 제출양식(EXCEL)[
붙임3
]
– 학과에서 취합된 공개발표 결과보고서를 기준으로 제출양식 엑셀파일을 작성 및 첨부하여
기간 내 대학원으로
공문 발송
2)
심사위원명단[
붙임4, 붙임5
]
가) 학과에서 취합하여 기간 내 대학원으로
오프라인 제출
나) 직전학기 최종심사 연기자도 심사위원 명단 제출(완본 연기자는 제출하지 않음)
4. 가제본 및 카피킬러 검사결과 ‘상세보기’ 제출
가.
기간 :
2023년 10월 4일(수) ~ 10월 13일(금)
나. 대상 : 공개발표에 합격하여 최종심사 대상이 된 자
다. 가제본 제출
구분
석사과정
박사과정
비고
가제본 제출
[별도 양식 없음]
3부
5부
학과 주임교수 및 지도교수 확인 후
각 심사위원에게 직접 제출
※ 교학팀 제출 불필요함
카피킬러 검사결과
‘상세보기’
제출
[붙임6]
참조
3부
5부
[
붙임6
]
의 연구윤리 확보를 위한 논문검사
서비스 안내’파일의 pg.4 참조하여 지도교수
확인 후 심사위원에게 제출
라. 개정된 학칙시행세칙(대학원)에서 학위논문 피심사자격에 ‘논문유사도검사시스템을 통해 학위논문
의 유사도를 확인하고 결과보고서를 제출한 자’가 추가되었으며, 본교는 현재 논문유사도검사시스템
으로 카피킬러를 지정하고 있음
5. 심사비 납부
가.
기간 :
2023년 10월 18일(수) ~ 10월 20일(금)
나. 대상 : 공개발표에 합격하여 최종심사 대상인 자
다. 심사비 납부 : 납부 방법은 추후 대학원 홈페이지 공지 등 안내 예정
6. 최종심사 결과보고
가.
기간 : 11
월 24일(금) 까지
나. 최종심사 결과보고 제출사항
1)
최종심사결과 제출양식(EXCEL)
[붙임7
]
: 학과에서 취합된 심사 결과보고서를 기준으로 제출
양식 엑셀파일을 작성, 첨부하여 기간 내
대학원으로 공문발송
2) 제출서류 :
학과에서 취합하여 기간 내 대학원으로 오프라인 제출
가) 석사학위과정 : 석사학위청구논문 심사 결과보고서[붙임8], 심사요지서[붙임10]
나) 박사학위과정 : 박사학위청구논문 심사 결과보고서[붙임9], 심사요지서[붙임10],
박사학위청구논문 심사 일지(2차)[붙임11],
박사학위청구논문 심사 일지(3차)[붙임12],
박사학위청구 논문 심사결과 투표용지(5매)[붙임13]
7. 논문완본 제출
가. 기간 :
2024년 1월 3일(수) ∼ 1월 4일(목) (2일간)
[
붙임14, 붙임15, 붙임16]
나. 2023년 12월 중 학위논문 파일을 본교 중앙도서관 홈페이지에 업로드 후 저작권 동의서를 출력
하여 논문완본과 함께 제출 (관련 세부 사항은 추후 별도 안내 예정임)
8. 관련 규정
: 학칙시행세칙(대학원) 제4장 학위논문 →
숭실대학교 규정관리시스템 (ssu.ac.kr)
붙 임 1. 공개발표결과보고서 1부
2. 연구윤리준수확인서 1부
3. 공개발표결과 및 심사위원명단 제출양식(EXCEL) 1부
4. 석사학위청구논문 심사위원명단 1부
5. 박사학위청구논문 심사위원명단 1부
6. 연구윤리 확보를 위한 논문검사 서비스 안내 1부
7. 최종심사결과 제출양식(EXCEL) 1부
8. 석사학위청구논문 심사 결과보고서 1부
9. 박사학위청구논문 심사 결과보고서 1부
10. 심사요지서(석,박사) 1부
11. 박사학위청구논문 심사 일지(2차) 1부
12. 박사학위청구논문 심사 일지(3차) 1부
13. 박사학위청구논문 심사결과 투표용지 1부
14. 학위논문양식(국문)(인준서 포함) 1부
15. 학위논문양식(영문)(인준서 포함) 1부
16. 학위논문 작성을 위한 필수 안내서 1부.  끝."
biomedical_science,[대학원]2023년 2학기 숭실동문장학회 장학생 선발,N/A,2023.08.17,https://bioinfo.ssu.ac.kr/%ea%b2%8c%ec%8b%9c%ed%8c%90/%ea%b3%b5%ec%a7%80%ec%82%ac%ed%95%ad/?term_id&slug=4799,"2023년 2학기 숭실동문교수회 장학생 선발을 아래와 같이 안내하오니 참조하여 주시기 바랍니다.
주요 내용
※ 2023년 2학기 숭실동문교수회 장학생 선발
1.
장학생 선발 목적
진리와 봉사의 기치 아래 숭실대의 발전과 후진 양성을 목표로 동문 교수들이 기부해 온 숭실동문교수회 장학금을 바탕으로, 학문 및 연구 영역에서 뛰어난 성과를 거두어 학교의 명예를 높이고, 대한민국의 미래를 이끌어 나갈 수 있는 지도자적 숭실 미래 인재를 선발하고 육성하고자 함.
2.
선발인원 및 지급 장학금
1) 선발인원: 2인
2) 지급 금액: 500만원/인
3.
자격 요건
(모두 충족해야 함.)
1) 대한민국 국적 보유자
2) 숭실대학교 학사 졸업자로서 현재 숭실대학교 박사과정 재학생(신입생 포함) 또는 석·박사통합과정 5학기 이상 이수 중인 재학생 (수료생 및 휴학생 제외)
3) 근면하고 성실한 사람으로서 학문적으로나 연구적으로 우수한 역량을 가진 자
4) 성적기준
– 제출일 기준으로 박사과정 혹은 석·박사통합과정 평점평균 3.5 이상인자(4.5 만점 기준)
※ 박사과정 성적이 없는 신입생은 석사 취득 평점평균 3.5 이상인자(4.5점 만점 기준)
5) 본 장학금 공고 시점에서 외부기관의 장학금 및 급여 수혜 중인 자는 제외(단, 국가 및 교내 장학금은 중복 수혜 가능)
4.
접수기간 및 방법
1) 공고 및 접수기간: 2023. 07. 24(월) ~ 2023. 08. 31(목) 17:00까지
2) 접수방법: 이메일 제출(
alumnisch@ssu.ac.kr
)
3) 문의처: 숭실동문교수 장학위원회(
alumnisch@ssu.ac.kr
, 010-3791-9671)
대학원 홈페이지 공지사항 참조
← 클릭시 해당 사이트로 이동"
biomedical_science,2023학년도 2학기 한국장학재단 국가장학금 2차 신청 안내,N/A,2023.08.16,https://bioinfo.ssu.ac.kr/%ea%b2%8c%ec%8b%9c%ed%8c%90/%ea%b3%b5%ec%a7%80%ec%82%ac%ed%95%ad/?term_id&slug=4793,"[세부안내]
가. 신청기간: 2023.08.17.(목) 09:00~09.14.(목) 18:00(총 29일간)
나. 서류 제출 및 가구원 동의 기간: 2023.08.17.(목) 09:00~09.21.(목) 18:00
다. 신청대상: 신입생(2학기 입학예정자), 편입생, 재입학생, 복학생 및 1차 신청을 놓친
재학생
★ 신·편입생지원 장학금은 반드시 국가장학금을 신청해야 지원 가능
※ 재학생은 1차 신청이 원칙이며, 재학 중 2회의 한하여 구제신청 자동 적용 및 심사
후 지원 가능(
단
,
구제신청 기회
2
회 기사용 또는 기타 탈락사유 존재 시 지원 불가
)
※ 신·편입학 첫학기만 학적구분 ‘학부 신·편입생’으로 신청, 두번째 학기부터는
‘학부 재학생’으로 신청
※ 신입생은 학생 본인 및 가구원(부모 혹은 배우자)의 공동인증서를 반드시 준비
라. 신청방법: 한국장학재단 홈페이지와 모바일 앱을 통한 신청가능(붙임의 매뉴얼 참조)"
biomedical_science,[대학원]2023학년도 2학기 일반대학원 수강신청 관련 안내,N/A,2023.08.14,https://bioinfo.ssu.ac.kr/%ea%b2%8c%ec%8b%9c%ed%8c%90/%ea%b3%b5%ec%a7%80%ec%82%ac%ed%95%ad/?term_id&slug=4785,"2023학년도 2학기 일반대학원 수강신청 관련 안내하니 업무에 참고하시기 바랍니다.
1. 수강신청 관련 안내
가. 일정
□
정규 기간:
2023.08.17.(목) 10:00~08.23.(수) 23:59
∙
수강인원에 따라 강의실 배정(8.30.(수) 이후 확인 가능)하므로 정규 기간에 신청 권장
□
변경 기간:
2023.09.01.(금) 10:00~09.07.(목) 23:59
∙
별도 수강 취소 기간 없으니 취소를 원하는 경우 정규 또는 변경 기간에 취소해야 함
□ 신입생 학번 확인: 2023.8.14.(월) 이후
나. 방법(자세한 내용은 붙임1 참고)
2. 수강신청 관련 서류 제출(자세한 내용은 붙임1 참고)
가. 선수과목 수강신청서(석사과정만 해당)
나. 12학점 수강신청 승인서(2학기 이상 석사, 박사, 석박통합과정 해당)
다. 타과 개설 강좌 전공학점 인정 확인서(학과사무실제출)
※ 2023-2학기부터 제출 방식 변경되니 자세한 내용은 붙임5 참고
기존
변경(안)
① 타과 개설 강좌 수강신청
② 타과 개설 강좌 담당 교원에게 수강 허락 구함
③ 소속 학과에 방문하여 <타과 개설 강좌 전공학점 인정 확인서> 주임교수 서명을 받음
④ 일반대학원 교학팀에 확인서 제출
⑤ 일반대학원 교학팀에서 확인서 제출자 확인 및 미제출자 안내 연락
⑥ 일반대학원 교학팀에서 기한 내 미제출자 추가학점 지정
① 좌동
② 좌동
③ 좌동
④ 소속
학과에 확인서 제출하고
,
학과에서 보관 및 관리
⑤
수강신청 변경 기간 종료 후 일반대학원 교학팀에서 확인서 제출 대상자 명단을 학과에 송부
⑥
학과에서 확인서 제출자 확인 및 미제출자 안내 연락
⑦
학과에서 기한 내 제출자 및 미제출자 명단 일반대학원 교학팀으로 송부
⑧
일반대학원 교학팀에서 기한 내 미제출자 추가학점 지정 및 안내
3. 비고: 위 내용은 일반대학원 홈페이지에 공지 완료
붙임  1. 2023-2학기 일반대학원 수강신청 및 관련 서류 제출 안내 1부.
2. 선수과목 수강신청서 1부.
3. 12학점 수강신청 승인서 1부.
4. 타과 개설 강좌 수강 전공학점 인정 확인서 1부.
5. ‘타과 개설 강좌 전공학점 인정 확인서’ 제출 방식 변경(안) 1부.  끝."
biomedical_science,[대학원]2023학년도 2학기 수료생 논문등록(연구등록) 안내,N/A,2023.08.14,https://bioinfo.ssu.ac.kr/%ea%b2%8c%ec%8b%9c%ed%8c%90/%ea%b3%b5%ec%a7%80%ec%82%ac%ed%95%ad/?term_id&slug=4783,"2023학년도 2학기 수료생 논문등록(연구등록)을 다음과 같이 안내드리니 2023학년도 2학기 논문 제출 예정인 수료생들이 등록할 수 있도록 전파 및 독려하여 주시기 바랍니다.
1. 등록대상
가. 수료생 연구등록 자격을 갖춘 자로서
2023학년도 2학기 논문 제출 예정자
또는
연구등록을 원하는 자
나. 재학생은 해당 없음
※ 단,
2023-2학기 논문 제출 예정인 학점등록생
(석사, 박사 5학기 이상, 석박사 통합과정 9학기 이상 재학생) 및
학석사 연계과정 2학기생은 등록대상임
2. 논문등록자격 (아래의 ‘가~다’ 모든 자격사항 해당자)
가. 수료생(영구수료 해제자 포함)
나. 종합시험 합격자
※ 2023-2학기 응시자도 가능하나,
불합격시, 논문 제출 및 연구 등록비 환불이 불가함
다. 논문지도교수를 배정받고 석사과정은 2개학기, 박사 및 석박사 통합과정은 3학기 이상
논문지도를 받은 자
3. 등록기간
:
2023년 9월 13일(수) ~ 15일(금) 09:00 ~ 16:00
4. 등록금액
가. 석사 : 80,000원
나. 박사 및 석박사통합과정 : 120,000원
5. 등록방법
가. U-SAINT 에서 기타납부금고지서를 출력 및 확인 후 해당 계좌로 등록금액 입금
1) 등록기간 내 u-SAINT 에 로그인하여 ‘등록/장학_기타납부금고지서출력’ 메뉴에서
계좌를
확인 후 입금
2)
고지서는 9월 13일(수)부터 확인 가능
6. 기타
가. 논문등록비 납부 확인
※ U-SAINT로그인 후 등록/장학_등록금납입이력조회 메뉴에서 납부 다음날부터 확인 가능
나. 연구등록증명서
1) 연구등록증명서는 수료생연구등록비를 납부한 학생에 한해 납부 다음날 부터 발급가능
2) 발급방법
가) 교내 진리관 1층, 신양관 1층 발급기를 통한 발급
나) 인터넷 증명 발급
다. U-SAINT 로그인 문제는 학생서비스팀 Help Desk(02-820-0067~8)
로 문의해 주시기 바랍니다."
biomedical_science,[대학원]2023학년도 2학기 논문지도교수 위촉 및 변경 안내,N/A,2023.08.14,https://bioinfo.ssu.ac.kr/%ea%b2%8c%ec%8b%9c%ed%8c%90/%ea%b3%b5%ec%a7%80%ec%82%ac%ed%95%ad/?term_id&slug=4775,"2023학년도 2학기 석사·박사과정의 논문지도교수 위촉 및 변경을 다음과 같이 안내합니다.
1. 관련 규정 : 숭실대학교 학칙시행세칙(대학원) 제 4장 제33조 및 제34조
제 33조(논문지도교수 배정)
① 일반대학원 각 과정의 학생은 1차 또는 2차 학기 중에 논문 지도교수를 배정받아야 한다.
<개정 2016. 8. 19.>
제 34조(일반대학원의 논문지도교수 위촉 및 교체)
① 대학원장은 주임교수의 추천을 받아 논문지도교수를 다음과 같이 위촉한다.<개정 2011. 2. 25>
1.
학생의 전공분야와 동일한 본교 정년직 전임교원
<개정 2009. 4. 13., 2016. 8.19>
2. <삭제 2016. 8. 19.>
3. 제1호에도 불구하고 필요하다고 인정되는
비정년직 전임교원
<개정 2011. 2. 25, 2016, 8. 19>
② 논문지도교수가 질병, 유학 등 부득이한 사유로 학생의 지도가 불가능할 때에는 학과 주임교수를
경유하여 대학원장의 승인을 얻어 교체할 수 있다.
③ 논문지도교수를 위촉 또는 교체할 때 학생의 전공분야와 동일한 교수가 본교에 없을 경우는 위의
자격을 갖춘 타교의 교수로 할 수 있다.
④ 제1항 내지 제3항에도 불구하고 부득이한 경우에 한하여, 명예교수 및 퇴직한 교수가 재직시 지도
하던 학생에 대하여 계속 지도하게 할 수 있다.
2. 대상
가. 논문지도교수 위촉
1) 논문지도교수를 위촉하지 않은 모든 학생
2)
석사 3학기, 박사 2학기 학생 중 지도교수 미위촉된 학생 필수 위촉
3) 논문지도교수 위촉 및 변경 시 교수 1인당 박사 및 석박사통합과정 논문지도 학생(재학생)수
6명 기준 제한
※ 학내외에서 본교 박사학위 논문의 질과 관련 문제 제기 및 우려가 있으며, 교육부의 논문
지도 및 심사 지침 강화 및 대학원운영위원회 결의에 따라 논문 지도 학생을 6명까지 제한
하오니 적극 고려하여
주시기 바랍니다. (교수 1인당 적정 논문지도 학생수: EUA 4~6명,
영국은 통상적으로 6명
으로 규정하고 있음)
※ 단, 각 학과의 사정으로 인해 부득이 교수 1인당 지도학생수(박사 및 석박사통합과정) 6명
을 초과하는 경우
사유서를 공문에 첨부
하여 제출해 주시기 바랍니다.
나. 논문지도교수 변경
1) 기 위촉한 논문지도교수를 변경하고자 하는 학생
다. 2023학년도 2학기 신입 외국인유학생
1)
신입생 외국인유학생의 학교 생활에 잘 적응할 수 있도록 1학년 1학기에 지도교수를 위촉
하여 주시기 바랍니다.
3. 제출서류
가.
논문 지도교수 위촉
1) 논문 지도교수 위촉 및 변경 양식
[붙임1]
: 엑셀파일. 작성하여 공문에 첨부
2) 논문 지도교수 배정서
[붙임2]
: 한글파일. 스캔하여 공문에 첨부 (학과별, 교수별 작성)
나.
논문 지도교수 변경
1) 논문 지도교수 위촉 및 변경 양식
[붙임1]
: 엑셀파일. 작성하여 공문에 첨부
2) 논문 지도교수 변경 신청서
[붙임3]
: 한글파일. 스캔하여 공문에 첨부 (학생별 작성)
[제출서류표]
구분
공통 제출서류
제출서류
비고
논문 지도교수 위촉
논문 지도교수 위촉
및 변경 양식
[붙임1]
논문지도교수 배정서
[붙임2]
학과별, 교수별 작성
논문 지도교수 변경
논문지도교수 변경 신청서
[붙임3]
학생별로 작성
4. 제출 기간 :
2023.09.01.(금) ~ 09.06.(수)
5. 제출 방법
가. 학과에서 취합하여 공문 발송
나. 논문지도 교수 위촉 및 변경 양식
[붙임 1]
은
작성 후 공문에 첨부
다. 논문 지도교수 배정서
[붙임2]
및 논문지도교수 변경 신청서
[붙임3]
는
스캔하여 공문에 첨부
6.  기타
석사과정은 2개학기, 박사 및 석박통합과정은 3개학기 이상 논문지도비를 납부하고, 논문지도를 받아야 논문 작성 및 제출이 가능하오니 논문 작성 일정에 차질이 발생하지 않도록 안내하여 주시기 바랍니다.
붙임 1. 논문지도교수 위촉 및 변경양식(EXCEL) 1부.(학과작성)
2. 논문지도교수 배정서 1부
3. 논문지도교수 변경 신청서 1부. 끝."
biomedical_science,2024-1학기 파견 교환학생 및 복수(공동)학위 모집 안내,N/A,2023.08.09,https://bioinfo.ssu.ac.kr/%ea%b2%8c%ec%8b%9c%ed%8c%90/%ea%b3%b5%ec%a7%80%ec%82%ac%ed%95%ad/?term_id&slug=4772,"국제팀에서는 아래와 같이 2024-1학기 파견 교환학생 및 복수(공동)학위 프로그램 참가자를 모집합니다.
(문의: 국제팀,02-820-0757)
– 아            래 –
1. 모집일정
가. 서류접수: 2023.08.14.(수) 10:00 ~ 2023.08.18.(금) 16:00
나. 면접대상자 발표: 2023.08.21.(월) 예정
다. 면접: 2023.08.23.(수) ~ 2023.08.24.(목) 예정
※ 지원자격 및 제출서류, 국제교류 장학금 등 프로그램 세부사항은 홈페이지 공지사항 참조
2. 홈페이지 공지사항
가. 교환학생:
https://url.kr/c5dhp1
,
https://url.kr/yhnwt1
나. 복수(공동)학위:
https://url.kr/7liveq
,
https://url.kr/6hjf2w"
biomedical_science,"2023학년도 2학기 학과근로장학생 모집 안내(~8/8, 화)",N/A,2023.08.07,https://bioinfo.ssu.ac.kr/%ea%b2%8c%ec%8b%9c%ed%8c%90/%ea%b3%b5%ec%a7%80%ec%82%ac%ed%95%ad/?term_id&slug=4769,"2023학년도 2학기 학과근로장학생을 다음과 같이 모집하니 많은 지원 바랍니다.
1. 근로장학생 자격 및 선발기준
가. 2023학년도 2학기 국가장학금을
1
차
신청하고 소득분위가 8분위 이내인 자
※ 국가장학금을 신청할 수 없는 대한민국 국적 미소지자도 선발 가능
(단, 순수외국인전형으로 입학한 외국인 유학생은 선발 불가)
나. 2023학년도 2학기 재학 및 복학예정자로 해당학기 등록금 납부 예정인 자
1) 2023학년도 2학기 전 등록휴학 후 복학시 선발 불가(등록대체자)
2) 학기 중 미등록, 입학취소, 복학취소 등으로 인한 학적변동시 모든 장학금 취소
3) 2023학년도 2학기 기준 이수학기가
2~8
학기만
가능(1학기 신청 불가)
다. 직전학기 취득학점 및 학업성적 제한 없음
라. 타 장학금과 중복수혜 가능(근로장학금 간 중복 불가)
※ 본 장학금은 학업장려비 지원 목적으로 등록금(수업료)를 초과하여 지급
마. 국가근로장학생 및 교내근로장학생에 선발되지 않은 자
2. 근로장학생 종류별 장학금액 및 근로시간
장학금명
시간당 장학금
총 근로시간 (학기)
1인당 장학금액(원)
학과근로A
9,620원
10시간*20주=200시간
1,924,000
학과근로B
9,620원
5시간*20주=100시간
962,000
※ 장학금은 매월 지급하며, 실 지급액은 근로시간에 따라 달라질 수 있음
※ 장학금 지급일: 매월 셋째주 금요일 (Ex. 9월분 근로장학금 지급일: 10월 셋째주 금요일)
3. 유의 사항
가. 선발된 학생은 소속부서에서 지정된 근로시간 동안 근무해야 하며, 학기 중 학적변동
(휴학, 자퇴, 제적 등) 등 불가피한 사유가 인정되는 중도 포기 시 근로 시간 만큼 지급
나. 2023년 12월 근로평가 전까지 교체 가능(단, 교체 전 학생의 근로시간을 차감)
다. 국가근로 및 교내근로로 선발 시 학과근로 선발에서 제외됨
(선발 우선순위: 1. 국가근로, 2. 교내근로, 3. 학과근로)
4. 신청절차
가. 학생신청방법: u-SAINT포털 → 등록/장학 → 장학메뉴 ‘근로장학금’→학과근로A/B신청 → 지원서 출력 → 지원서 제출
※
u-SAINT
출력본 제출 필수
나. 온라인접수 및 서류제출기간: 2023년 7월 31일(월) 10:00 ~ 8월 8일(화) 17:00
1) 제출서류: 지원서(u-SAINT출력본,
본인서명필수
)
2) 제출장소: 각 학과사무실
5. 선발결과 발표
가. 일시 : 2023년 8월 18일(금) 18:00 이후 예정
나. 본교 홈페이지 공지사항"
biomedical_science,[대학원]2023-2학기 영구수료 해제(학위논문 제출가능연한 연장) 신청 안내,N/A,2023.07.26,https://bioinfo.ssu.ac.kr/%ea%b2%8c%ec%8b%9c%ed%8c%90/%ea%b3%b5%ec%a7%80%ec%82%ac%ed%95%ad/?term_id&slug=4761,"2023학년도 2학기 영구수료 해제(학위논문 제출가능연한 연장)신청을 다음과 같이 안내합니다.
1. 신청대상
가. 신청일 현재 영구수료인 자 및 신청 학기에(2023.08.31) 영구수료 예정인 자
나. 신청학기로 부터 2년 내에 학위를 취득할 수 있는 자
※ 석사과정은 입학한 때로부터 6년, 박사과정은 입학한 때로부터 10년 내에 학위를 취득하지 못할 경우 영구수료 상태가 됨
※ 위에 해당하는 대상 중 2023학년도 2학기에 논문 진행을 하고자 하는 경우 반드시 기간 내 신청해야 함
2. 신청기간 :
2023.08.01(화) ~2023.08.10(목)
3. 신청방법
가. 학생 : 제출서류를 구비하여 신청기간 내
소속학과로 제출
나. 학과 : 제출된 서류를
2023.08.14(월)까지 대학원으로 공문 발송
: 제출 서류 공문에 붙임파일로 첨부,
원본은 학과 보관
4. 제출서류 : 영구수료 해제 신청서 1부.(붙임 1 양식 참조)
5. 영구수료 해제 후 학위취득 가능 기한 :
2023.09.01~2025.08.31(해제일로부터 2년)
6. 유의사항
가. 영구수료 해제는 통산 1회에 한하여, 해제 신청 후 2년 경과하였으나 학위를 취득하지 못한 경우 더 이상 학위취득의 기회가 없음
나.
학위과정별 학위취득에 관한 요건을 사전에 필히 확인 요망
7. 관련학칙
학칙시행세칙 제32조(제출가능연한) ①
석사과정의 학위논문은 입학일로부터 6년 이내, 박사과정 및 석․박사통합과정은 10년 이내에 제출하여야 한다. 다만, 군복무기간 및 휴학기간은 제외한다.
②
학위논문 제출가능연한이 만료되어 영구 수료된 자 중에서 정당한 사유가 있는 경우 주임교수의 추천과 대학원장의 승인을 얻어 1회에 한하여 승인한 학기로부터 2년까지 연장할 수 있다."
biomedical_science,[대학원]2023학년도 2학기 대학원 종합시험 실시 안내,N/A,2023.07.26,https://bioinfo.ssu.ac.kr/%ea%b2%8c%ec%8b%9c%ed%8c%90/%ea%b3%b5%ec%a7%80%ec%82%ac%ed%95%ad/?term_id&slug=4758,"학칙시행세칙(대학원) 제3장(자격시험)에 의거하여
2023학년도 2학기 대학원 종합시험
을 아래와 같이 안내드립니다.
1. 신청기간 :
2023년 8월 1일(화) 10:00 ~ 8월 3일(목) (3일간)
※ 신청기간 이후 추가 신청은 불가하며, 위의 기간 내에 신청
2. 신청방법 :
u-SAINT 로그인 → 성적/졸업 → 외국어 및 종합시험 신청
※ 시험과목은 “전공종합” 선택
3. 응시자격
가. 석사과정 : 18학점 이상 취득하고 3학기 이상 등록을 필한 재학생 및 수료생
나. 박사과정 : 27학점 이상 취득하고 3학기 이상 등록을 필한 재학생 및 수료생
다. 학·석사 연계과정 : 18학점 이상 취득하고 2학기 이상 등록을 필한 재학생 및 수료생
라. 석·박사 통합과정 : 45학점 이상 취득하고 6학기 이상 등록을 필한 재학생 및 수료생
4. 시험일시 :
2023년 9월 1일(금) , 오후
5. 실시방법 :
각 학과 별로 주관하여 시행
6. 응시료 납부
가. 납부기간 :
2023년 8월 8일(화) ~ 9일(수) 09:00~16:00
※ 납부기간 이후 추가납부 불가
나. 응시료
1) 석사과정 : 20,000원
2) 박사과정 및 석·박사통합과정 : 30,000원
다. 납부방법 : 응시료 납부기간에 u-SAINT에서 고지서 출력 후 개인별 가상계좌 입금
※ u-SAINT 로그인 → 등록/장학 → 기타납부금 고지서 출력
※ 기타납부금 고지서는 납부 당일 확인 가능
7. 합격자발표 :
2023년 9월 13일(수) 예정
8. 유의사항
가. 종합시험은 대학원 과정 학위 취득을 위한 자격시험으로, 종합시험 합격자에 한해 학위
논문제출이 가능함.
나. 휴학생은 지원 불가하며, 시험에 응시하였으나 결과발표 전에 휴학한 경우 평가대상에서 제외되며 응시료 반환 불가함.
다. 석·박사통합과정생의 경우 석사과정 중 합격한 자격시험은 인정하지 않음.
라. 시험 신청 후 응시료를 납부하지 않은 경우 시험 신청이 자동 취소됨.
마. 응시료 납부기간 이후 환불신청 불가함.
바. 외국인유학생의 경우 종합시험과 별개로 논문공개발표 전 아래 중 한 가지를 완료해야 함.
① 유효한 TOPIK 4급 이상 성적증명서 제출
② 연구실적을 근거로 주임교수 명의의 TOPIK 면제 추천서를 공문제출 (추천서 양식 관련 링크 :
양식자료실 | 일반대학원 (ssu.ac.kr)
.  끝."
biomedical_science,2024년 2월 졸업예정자 졸업논문 이해도 대면심사 안내,N/A,2023.06.30,https://bioinfo.ssu.ac.kr/%ea%b2%8c%ec%8b%9c%ed%8c%90/%ea%b3%b5%ec%a7%80%ec%82%ac%ed%95%ad/?term_id&slug=4745,"<
이해도대면심사 안내
>
이해도대면심사 안내 드립니다
.
2024
년도
2
월 졸업예정자이신 분들은
2023
년
9
월
8
일
(
금
)
까지
이해도 대면심사를
진행하여 주시기 바랍니다
. (
리뷰 논문
+
실험 논문
)
이해도대면심사는 지도교수님 재량에 따라 진행됩니다
.
학생분들이 교수님들에게 개별적으로 연락하여 교수님과의 면담약속을 잡으시고,
이해도대면심사 및 결과보고서 양식을 다운받아 본인이 작성하는
부분
(
학번
,
이름
,
논문제목
,
지도교수
)
을 작성 하고,
심사서의 심사결과 및 지도사항은 교수님께 작성 요청합니다.
이후 해당 결과보고서를 학과사무실로
제출하여 주시기 바랍니다
.
현재 번역서까지 진행한
2024
년도
2
월 졸업예정자
(
졸업논문진행시
)
명단은
첨부와 같습니다
.
2024
년
2
월 졸업예정이 아닌 학생은 본인 졸업일정에 맞추어 진행하시면 됩니다
.
명단에 이상이 있으신 분은 학과사무실로 연락 부탁드립니다
."
biomedical_science,[(주)인실리코젠] 2023년 하계 인코인턴십(15기) 안내,N/A,2023.06.04,https://bioinfo.ssu.ac.kr/%ea%b2%8c%ec%8b%9c%ed%8c%90/%ea%b3%b5%ec%a7%80%ec%82%ac%ed%95%ad/?term_id&slug=4734,"㈜인실리코젠 홍온유입니다.
생물정보 전문기업 ㈜인실리코젠의 2023년 하계 인코인턴십(15기) 관련하여 안내  드립니다.
생물정보 분야의 인재로 성장하고자 하는 분들에게는 실무교육을 받을 수 있는 좋은 기회이니 많은 관심과 참여 부탁드립니다.
인코인턴십 관련 자료와 지원서는 본 이메일에 첨부하였으니 관심 있는 학생에게 공유해주시면 감사하겠습니다.
(지원 기간은 5월 31일부터 6월 21일까지이며, 인턴십 기간은 7월 3일부터 28일까지 총 4주입니다.)
이와 관련하여 문의 사항 있으시면 이메일로 회신 부탁드립니다.
감사합니다!
홍온유 드림
—————————————————
인코덤, 생물정보 전문위키
https://incodom.kr
—————————————————
Hong Onyoo
Digital Marketer / FLEX Dept.
Insilicogen, Inc.
Email  )
shong@insilicogen.com
Tel.   ) +82-31-278-0061 (242)
Direct.) +82-70-5012-0208
Fax.   ) +82-31-278-0062
Mobile ) +82-10-9084-9110
Web    )
https://insilicogen.com
Addr.  ) #2901~2904, 2906, Tower-dong A, HEUNGDEOK IT VALLEY, 13, Heungdeok 1-ro, Giheung-gu, Yongin-si, Gyeonggi-do 16954 Korea"
biomedical_science,가천대길병원 인력관리팀 행정직(정규직) 채용,N/A,2023.06.04,https://bioinfo.ssu.ac.kr/%ea%b2%8c%ec%8b%9c%ed%8c%90/%ea%b3%b5%ec%a7%80%ec%82%ac%ed%95%ad/?term_id&slug=4732,"구분
내용
공고명
가천대길병원 인력관리팀 행정직(정규직) 채용
공고접수기간
2023.05.30 (화) ~ 2023.06.08 (목)
공고 URL
https://gilhospital.recruiter.co.kr/app/jobnotice/view?systemKindCode=MRS2&jobnoticeSn=144730
공고파일첨부
230530 가천대길병원 인력관리팀 행정직(정규직) 채용 공고.hwp
ㅁ
230530 가천대길병원 인력관리팀 행정직(정규직) 채용 공고.hwp"
biomedical_science,"2023년 한국디자인진흥원 신입직원(공무직, 기간제, 체험형 인턴) 채용 공고",N/A,2023.05.26,https://bioinfo.ssu.ac.kr/%ea%b2%8c%ec%8b%9c%ed%8c%90/%ea%b3%b5%ec%a7%80%ec%82%ac%ed%95%ad/?term_id&slug=4726,"‘2023년 한국디자인진흥원 신입직원(공무직, 기간제, 체험형 인턴) 채용 공고’
채용공고 안내드립니다.
구분
내용
공고명
2023년 한국디자인진흥원 신입직원(공무직, 기간제, 체험형 인턴) 채용 공고
공고접수기간
2023.05.22(월) 09:00 ~ 2023.06.05(월) 13:00
공고 URL
https://kidp.recruiter.co.kr/app/jobnotice/list
공고파일첨부
채용공고.png"
biomedical_science,Come Grow with US  현대자동차 NextGen 인턴십,N/A,2023.05.26,https://bioinfo.ssu.ac.kr/%ea%b2%8c%ec%8b%9c%ed%8c%90/%ea%b3%b5%ec%a7%80%ec%82%ac%ed%95%ad/?term_id&slug=4722,"Come Grow with US
현대자동차 NextGen 인턴십
새로운 미래를 향한 새로운 시선,
현대자동차와 함께 성장할 차세대 인재를 기다립니다
접수기간
: ‘23년 5월 18일(목) ~ 5월 31일(수)
지원대상
: 학사/석사 재학생 (휴학생 포함)
* 국내 대학 : ’24. 2월 졸업 예정이신 분 / 해외 대학 : ‘24년 상반기 졸업 예정이신 분
모집분야
: 총 5개 분야, 14개 직무 (연구개발,생산/제조,디자인,사업/기획,경영지원)
접수방법
: 현대자동차 채용홈페이지 (
https://talent.hyundai.com
)온라인 지원
나의 첫 커리어 시작은
현대자동차 NextGen 인턴십으로 !
현대자동차 NextGen 인턴십, 자세히 알려드릴게요.
기존, 소수 직무에 한하여 상시로 운영되던 현대자동차 인턴 제도가 새롭게 바뀌었습니다!
1년에 두번, 학기 중에 모집해서 여름/겨울방학 때 인턴십을 진행할 예정인데,
가끔 찾아오는 만큼 이전보다 더 다양한 직무들로 찾아올 거에요.
새로운 인턴십은 우수한 인재를 하루라도 빨리 뵙고자, 학사/석사 재학생만을 대상으로 하여
직무와 관련된 다양한 실무 경험을 쌓을 수 있는 인턴십으로 운영 할 예정이에요.
현대자동차와 함께 성장할 차세대 인재를 기다리고 있으니, 아래 직무 소개에서 나에게 맞는 직무를 찾아보세요.
현대자동차 NextGen 인턴십
“
핵심” Point
01.
직무 전문가로서의 첫 시작!
– ‘대학생은 어디서 경력을 쌓나요?라는 고민을 하신다면?! 인턴십을 하며 경험할 수 있는 생생한 실무 경험을 토대로, 직무 역량을 키울 수 있는 재학생들을 위한 인턴십이에요.
02.
간단하지만, 깊은 고민이 필요한 입사지원
– 두 개의 자소서 문항으로 여러분의 잠재력을 표현해 주세요! 여러분의 깊은 고민이 담긴 자기소개서를 바탕으로, 현대차가 여러분의 잠재력을 열심히 발굴 해낼게요.
03.
우수 인턴은 채용전환의 기회까지
– 뛰어난 역량을 바탕으로 인턴십을 우수한 성적으로 수료하신 분께는, 현대자동차의 일원으로 합류할 수 있는 좋은 기회도 열려 있어요.
인턴십 기간 :
7
월 말 ~ 8월 말 (5주)
인턴 선발 프로세스 :
지원서 접수
서류 전형
AI면접 및 인성검사
직무면접
인턴 선발
채용 전환 대상자 입사시점 :
‘24
년 1월
(입사일정은 채용 전환 대상자들에 한해 별도 안내드릴 예정입니다)
지원 바로가기 링크 :
(
https://bit.ly/3o4VS75
)
NextGen
인턴십 모집 직무
※     인턴십을 운영하는 포지션이 직무별로 다르므로, 자세한 내용은 별도 직무기술서에서 확인 부탁드립니다
연구개발
​​
ㆍ차량개발 ㆍ친환경차 개발 ㆍ차량제어/SW개발
ㆍ연구개발 기획 ㆍ파이롯트
생산/제조
ㆍ구매/부품개발 ㆍ품질
디자인
ㆍ브랜드디자인
사업/기획
ㆍ상품전략/기획 ㆍ홍보/마케팅 ㆍ국내사업
ㆍ글로벌사업 ㆍ경영전략/기획
경영지원
ㆍHR"
biomedical_science,해양수산부 산하 기관 극지연구소 기자단 모집,N/A,2023.05.26,https://bioinfo.ssu.ac.kr/%ea%b2%8c%ec%8b%9c%ed%8c%90/%ea%b3%b5%ec%a7%80%ec%82%ac%ed%95%ad/?term_id&slug=4717,극지연구소 대학생 기자단 모집 – 첨부된 파일을 참조하세요.
biomedical_science,[두산에너빌리티] 2023 두산에너빌리티 채용연계형 인턴 대규모 채용 (~6/7),N/A,2023.05.26,https://bioinfo.ssu.ac.kr/%ea%b2%8c%ec%8b%9c%ed%8c%90/%ea%b3%b5%ec%a7%80%ec%82%ac%ed%95%ad/?term_id&slug=4715,"DOOSAN
두산중공업의 새로운 사명, 두산에너빌리티입니다
두산에너빌리티 채용연계형 인턴 대규모 채용
정보 사이트에서 더 자세히 알아보세요!
두산에너빌리티 온라인 행사 사전 신청 · 캠퍼스리크루팅 안내 · 세부 채용모집 요강
https://doosan-recruit.com
■ 모집분야 |
설계
– 플랜트 엔지니어링 | 기계, 항공, 전기, 전자, 전력, 건축, 토목
– 소형모듈원전(SMR) | 설계 기계, 항공, 원자력, 소재, 금속
– 원자력 계측제어(I&C)| 설계 전기, 전자, 전력
– 발전기자재 | 설계 기계, 항공,전기,전자,전력
시공
– 플랜트 시공 | 기계, 항공, 전기, 전자, 전력
– 건축시공 | 건축
– 토목시공 | 토목
시운전
– 플랜트 시운전 | 기계, 항공, 전기, 전자, 전력
품질
– 기자재 품질보증/관리 | 기계, 항공, 소재, 금속
– 플랜트 품질관리 | 기계, 항공, 전기, 전자, 전력
생산
– 원자력/주단조품 생산기술,공정관리 | 기계, 항공, 소재, 금속
사업관리
– 원자력 기술지원 | 기계, 항공,원자력
R&D
– 가스터빈 연구개발 | (석사 이상) 기계, 항공
– 원자력해체 연구개발 | (석사이상) 원자력
– 열전달/유체 연구개발 | (석사 이상) 기계, 항공
– 제어시스템 연구개발 | (석사 이상) 전자, 컴퓨터
– 폐자원 에너지 연구개발 | (석사 이상) 화공, 환경
– 암모니아 크래킹 연구개발 | (석사 이상) 화공
– 소재 연구개발 | (석사 이상) 소재, 금속 (FactSage Simulator 사용 역량 우대)
EHS
– 안전/보건관리 | 무관(안전 관련 자격증 필수**)
재무
– 회계, TAX, 자금 | 상경
HR
– 인사관리 및 교육 | 상경
*시공/운전/플랜트 품질관리 직무는 분당에서 인턴십을 수행합니다.
**안전관리 필수 자격증 : 건설안전(산업)기사, 산업안전(산업)기사 중 1개 이상
※ 모집분야 관련세부 정보는 두산에너빌리티 채용연계형 인턴 대규모 채용정보 사이트 (
https://doosan-recruit.com
)에서 확인해주시기바랍니다.
■ 지원자격(공통) |
– 정규 4년제 대학교(이상) 졸업자 및 23년 8월 또는 24년 2월 졸업예정자
– 졸업유예 또는 졸업 예정인 경우, 졸업 구분은 ‘졸업 예정’으로 입력
– 인턴십 근무(8월) 및 11월 중 입사 가능자
– 병역필 또는 면제자, 해외 근무 결격사유 없는자
– 어학 : 접수 마감일 기준 2년 내 취득한 공인영어성적 보유자
TOEIC Speaking: 인문 110점, 이공 90점 이상
OPIc : 인문 IM(Intermediate Mid), 이공 IL(Intermediate Low) 등급 이상
■ 입사지원 |
– 지원 기간: 2023.05.22(월)~2023.06.07(수) 18:00까지 (한국시간)
※ 마감 이후에는 지원서 접수가 불가하오니 기간 내 지원을 완료해 주시기 바랍니다.
※ 입사지원서 작성 시 DBS(Doosan Biodata Survey)를 반드시 응시하여야 합니다.
– 접수방법 : 채용홈페이지 커리어두산(
http://career.doosan.com
)을 통한 온라인 지원
■ 전형절차 |
– 서류전형 : 2023-05-22(월)부터 2023-06-07 (수) 18:00까지
– DCAT : 6월 中
– 실무면접 : 7월 中
– 인턴십 : 8월 (4주 예정)
– 경영진 면접 : 9월 中
–  최종 입사 : 11월 中
* 채용 일정 및 전형절차는 회사 사정에 의해 변경될 수 있으며, 전형 결과는 커리어 두산을 통해 확인하실 수 있습니다.
■ 안내사항 |
–  국가보훈대상자 및 국가등록장애인은 관련 법에 의거하여 우대됩니다. (증빙서류 제출必)
–  인턴십 평가/최종면접 전형 후 채용검진에서 통과하신 분에 한하여 최종 입사자격이 부여됩니다.
–  지원서에 기재된 내용 관련 증빙서류 일체는 최종합격자에 한하여 별도 제출해야 합니다.
–  지원서 기재내용 착오 및 누락에 대한 책임은 지원자에게 있으며, 지원서 작성 내용이
–  사실과 다르거나 증빙할 수 없는 경우 합격(입사)이 취소될 수 있습니다.
–  전체 채용일정 종료 후 지원자 본인이 직접 제출한 서류(온라인 제출 외)에 대해 반환청구가 가능합니다.
–  기타 문의사항은 인사팀(enerbility @
doosan.com/
031-5179-3003)으로 문의해 주시기 바랍니다."
biomedical_science,[GC녹십자] 2023 상반기 채용전제형 인턴 채용 (~6/4),N/A,2023.05.26,https://bioinfo.ssu.ac.kr/%ea%b2%8c%ec%8b%9c%ed%8c%90/%ea%b3%b5%ec%a7%80%ec%82%ac%ed%95%ad/?term_id&slug=4713,"[GC녹십자] 2023년 상반기 채용전제형 인턴 채용 (~6/4)
■ 지원자격(전 부문 공통) |
– 학사학위 이상 보유자 혹은 23년 8월, 24년 2월 졸업예정자
(24년 2월 졸업예정자는 학점인정여부, 출근가능여부 사전확인 후 지원 必)
– 23년 7월~23년 12월 기간 동안 실시한 인턴쉽 참여 가능한 자(출퇴근 근무)
– GC녹십자 및 GC계열사의 타 모집공고와 동시 지원 불가
– 취업보호대상자(국가유공자, 보훈대상자, 장애인 등)는 관계법령에 의거 우대함
– 해외여행 및 근무에 결격사유가 없는 자
– 기타 당사 취업규칙 상 결격사유에 해당하지 않는 자
■ 모집분야 |
국내영업, 생산, 생산(안전관리), R&D, R&D(연구운영), IT, SCM
* 각 모집 분야 별 세부 직무 내용은 모집공고문 이미지 참조
■ 전형절차  |
지원서 접수 > 서류전형 > 인성검사(온라인) > 평판조회(온라인) > 면접전형 > 채용검진 > 인턴선발
■ 서류접수 | 23.5.22(월) ~ 23. 6. 4(일) 까지
채용홈페이지(
https://www.2023-gcbp-gamechanger.com/
)통해 접수
■ 기타사항 |
※ 분야별 상세직무는 진행단계에서 후보자역량을 기반으로 최종 결정될 예정입니다
※ 인턴실습기간은 23년 7월 ~ 23년 12월(약 5개월)이며, 해당 기간동안 출퇴근 근무 예정입니다
※ 인턴실습 후 평가를 통하여 신입사원으로 전환하시는 분들의 입사시점은 ’24년 1월 입니다(상세일정 별도 안내예정)
※ 국내영업분야의 경우, 영업별도교육 수료 후 인턴근무 시작으로 시작일정이 변동될 수 있습니다
(국내영업부문 지원자 대상 별도 안내예정)"
biomedical_science,[안트로젠] 하계인턴 모집공고,N/A,2023.05.17,https://bioinfo.ssu.ac.kr/%ea%b2%8c%ec%8b%9c%ed%8c%90/%ea%b3%b5%ec%a7%80%ec%82%ac%ed%95%ad/?term_id&slug=4701,"인턴 채용 공고
회사개요
상호 ㈜안트로젠 대표이사 이성구, 김미형
업종 의약품 및 화장품 제조/판매
주소
본사 서울 금천구 디지털로 130 남성프라자 405호
연구소 서울 강서구마곡중앙2로65안트로젠중앙연구소
홈페이지 http://www.anterogen.com
전화번호 02-2104-0391
상장일 코스닥상장 (2016.02.15)
설립일 2000.03.16
근무조건
인턴기간 여름방학기간
인턴급여 최저시급 및 주휴수당(월 2,010,580원)
복리 중식제공, 월차(전월만근기준)
4대보험 고용보험, 산재보험
기타 인턴 종료 후 정규직 우선 채용
* 지원대상자 : 4학년 졸업예정자
근무내용
업무내용 화장품/의약품(GMP) 제조 보조 업무
근무장소 서울 디지털로 130 남성프라자 610호 (본사)
채용절차
신청서류 이력서 (개인양식)
신청방법 이메일접수(mgkang@anterogen.com)
담당자 관리부 인사담당자 강민경 (02-6902-9912)
전형절차 서류전형 -> 최종면접
* 문의사항 : 인사 담당자에게 전화주세요."
biomedical_science,[안랩] 2023년 하반기 현장실습인턴 모집 (~5/21),N/A,2023.05.16,https://bioinfo.ssu.ac.kr/%ea%b2%8c%ec%8b%9c%ed%8c%90/%ea%b3%b5%ec%a7%80%ec%82%ac%ed%95%ad/?term_id&slug=4697,"‘[안랩] 2023년 하반기 현장실습인턴 모집 (~5/21)’
채용공고 안내드립니다.
안녕하세요, 안랩 인사팀입니다.
정보보안 기업 1위 안랩에서 2023년 하반기 현장실습인턴을 모집하고 있습니다.
채용 부문
: 연구개발/보안 & Staff, 총 10부문
모집 기간
: ~5/21(일) (마감 후 추가접수 불가)
실습 기간
: 6/26(월) ~ 12/29(금), 약 6개월
지원 자격
:  1. 23년 8월 기준 3학년 재학생 이상 (휴학/수료/졸업예정/졸업자 모두 지원 가능)
2.
실습 시작일(6/26)부터 근무 가능자
실습관련 안내
1. 장소 : 판교 안랩 본사 (경기도 성남시 분당구 판교역로 220)
2. 근무시간 : 월~금 (09:00~18:00)
3. 월 급여 : 월 2,015,000원(세전)
기타 사항
: 현장실습인턴은 정규직으로 전환되지 않으며, 계약기간 만료 후 종료됩니다.귀교의 우수 학생들이 현장실습을 통해 성장 할 수 있도록 많은 홍보 부탁드립니다.
감사합니다.
본 메일주소는 발신전용으로, 문의 사항은 아래 이메일을 통해 연락 부탁드립니다.
연락처 :
resume@ahnlab.com"
biomedical_science,[산학협력진흥팀-지식재산 교육 선도대학  사업] 2023학년도 캠퍼스 특허 유니버시아드(CPU) 교육 진행,N/A,2023.04.24,https://bioinfo.ssu.ac.kr/%ea%b2%8c%ec%8b%9c%ed%8c%90/%ea%b3%b5%ec%a7%80%ec%82%ac%ed%95%ad/?term_id&slug=4683,"1.
교육명
: 2023
학년도
캠퍼스 특허 유니버시아드
(CPU)
찾아가는
설명회 및 사전 교육
2.
교육일시
: 2023.05.18.(
목
)
오후
3
시
30
분
~
오후
5
시
30
분
3.
교육장소
:
벤처관
3
층
311
호
4.
교육대상
:
펀시스템 통해
CPU
대비반 신청한 학생들
(CPU
대비반 펀시스템 신청
:
https://fun.ssu.ac.kr/ko/program/all/view/3328
)
5.
신청마감
: 2023.05.16.(
화
)
오후
6
시
.
펀시스템
CPU
대비반
신청 마감일까지
6.
교육내용
(
*
특허전략수립 부문만 설명 진행
)
가
.
한국발명진흥회 캠퍼스 특허 유니버시아드 담당자의
대회 안내
나
.
교육 담당 변리사의 출제문제 설명 및 작성 사례 설명 등
7.
참고사항
가
.
출전 지도 교수님이 확정된 경우에도 참석 가능
나
.
출전 지도 교수님이 확정되지 않은 경우에는
지식재산교육 전담교수가 지도
다
.
가와 나의 경우에도 참석자 명단 확인을 위하여
CPU
대비반 펀시스템 신청 필수
라
.
캠퍼스 특허 유니버시아드
(CPU)
링크
:
https://www.kipa.org/cpu/main.jsp"
biomedical_science,[홍보] 2023-1학기 레고형 실전 취/창업교육 수강생 모집 안내,N/A,2023.04.24,https://bioinfo.ssu.ac.kr/%ea%b2%8c%ec%8b%9c%ed%8c%90/%ea%b3%b5%ec%a7%80%ec%82%ac%ed%95%ad/?term_id&slug=4678,
biomedical_science,[장학]수림재단 2023년도 신규장학생 선발안내,N/A,2023.04.13,https://bioinfo.ssu.ac.kr/%ea%b2%8c%ec%8b%9c%ed%8c%90/%ea%b3%b5%ec%a7%80%ec%82%ac%ed%95%ad/?term_id&slug=4668,바로가기 : 수림재단 – 재단소식 – 공지사항 (surim.or.kr)
biomedical_science,2023학년도 국가우수장학금(이공계) 신규장학생(성적우수 및 재학중우수자 유형) 신청 홍보 안내,N/A,2023.04.12,https://bioinfo.ssu.ac.kr/%ea%b2%8c%ec%8b%9c%ed%8c%90/%ea%b3%b5%ec%a7%80%ec%82%ac%ed%95%ad/?term_id&slug=4665,"2023학년도 국가우수장학금(이공계) 신규장학생(성적우수 및 재학중우수자 유형) 선발 관련하여 신
청할 수 있도록 안내드립니다.
– 내용 (자세한 내용은 학교 홈페이지 공지사항 참조)
가. 성적우수 유형:
바로가기
나. 재학중우수자 유형:
바로가기
– 세부안내
가. 지원대상: 자연과학대학, 공과대학, IT대학, 융합특성화자유전공학부 재학생
장학금 유형
장학금액
추천인원
제출서류
평가방법
성적우수
4년간 등록금
전액
11명
지원서 및 학업계획서,
고교성적증명서
학업계획서 및
고교내신 또는
성적 평가
재학중우수
2년간 등록금
전액
12명
지원서 및 학업계획서
학업계획서 및
학업성적 평가
나. 학생 신청기간(학생→장학팀)
1) 성적우수 유형: 2023.04.17.(월) 17:00까지
2) 재학중우수자 유형: 2023.04.24.(월) 17:00까지
– 점심시간 12:20~13:20 및 토․일요일 접수 불가
– 제출장소: 장학팀(미래관 106-1호)
※ 방문제출 또는 우편제출(서류가 미비한 경우, 탈락될 수 있음/ 기한내 도착분에 한함)
※ 우편주소: 06978 서울시 동작구 상도로 369 숭실대학교 미래관 106-1호 장학팀. 끝."
biomedical_science,2023학년도 1학기 연구장려장학금 신청 안내,N/A,2023.04.10,https://bioinfo.ssu.ac.kr/%ea%b2%8c%ec%8b%9c%ed%8c%90/%ea%b3%b5%ec%a7%80%ec%82%ac%ed%95%ad/?term_id&slug=4659,"2023
학년도
1
학기 연구장려장학금 신청을 아래와 같이 안내드립니다.
1.
장학제도 안내
가
.
신청자격
1)
일반대학원 소속 재학생 중 수업연한 이내인 재학생
(
석사 및 박사과정
4
학기
,
석박사통합과정
8
학기 이내
)
2)
한국연구재단등재
(
후보
)
학술지 또는 동급 이상 외국학술지에 논문을
게재한 자
나
.
지급금액
: 100,000
원
(
게재논문
1
건당
대표
1
인에게
지급
)
※
1
인당 수혜 횟수
,
타 장학금과의 중복수혜 제한 없음
.
※
학기별 예산금액 범위 내에서 선발
·
지급하며
,
예산범위를 초과할 경우
타 장학금 중복
수혜여부
,
연구장려장학금 수혜여부
등을 검토하여 대상자 선발함
.
다
.
유의사항
1)
2023.01.06
.
이후 게재된 논문에 한해 장학금 신청 가능
(
게재예정 제외
)
※
2022
학년도
2
학기 연구장려장학금 신청기간
후
게재된 연구실적 인정
※
2023
학년도
1
학기 입학자는 입학일자 이후 게재실적 인정
2)
박사과정 학위청구논문 제출자격을 위한 연구실적으로는 장학금 신청 불가
3) 1
인당 수혜 횟수의 제한은 없으며
,
타 장학금과 제한 없이 중복수혜 가능
4)
외국학술지에 게재한 경우
해당 학술지의 한국연구재단등재
(
후보
)
학술지
동급여부를
소속 학과 주임교수에게 확인받고 서명 또는 도장을 받아 신청
해야 함
.
2.
신청방법 안내
가
.
신청기간
:
2022.05.01.(
월
)~2023.07.04.(
목
)
나
.
신청방법
:
신청서 및 증빙서류 대학원 교학팀으로 방문 또는 이메일 제출
1)
방문제출
:
웨스트민스터홀
658
호
2)
이메일 제출
:
스캔본 첨부해
grad@ssu.ac.kr
로 제출
※
이메일 신청 시
제목을 반드시
“
연구장학금 신청
“
으로 지정하여 제출하여야 함
.
다
.
제출서류
–
장학금 신청서
(
붙임 양식
)
–
논문게재확인서
(
확인서가 발급되지 않는 경우
,
게재확정 안내 이메일 등 제출 가능
)
–
논문 인쇄본
붙
임
:
장학금 신청서 양식
1
부
.
끝
."
biomedical_science,[대학원] 2023학년도 후기 대학원 정시모집 안내,N/A,2023.03.28,https://bioinfo.ssu.ac.kr/%ea%b2%8c%ec%8b%9c%ed%8c%90/%ea%b3%b5%ec%a7%80%ec%82%ac%ed%95%ad/?term_id&slug=4643,"2023학년도 후기 대학원 정시모집을 아래와 같이 안내드립니다.
1. 모집일정
– 원서접수: 2023.3.29.(수)~2023.4.7.(금)
– 전형일: 2023.4.22.(토)
– 합격자발표: 2023.5.19.(금) 예정
– 합격자등록: 2023.7.4.(화)~2023.7.6.(목)
2. 숭실대학교 대학원 홈페이지(
https://grad.ssu.ac.kr
) 참조: 관련
공지사항 링크."
biomedical_science,2024학년도 2월 졸업예정자 논문계획서 제출 확인 및  1차 번역서 제출 안내,N/A,2023.03.22,https://bioinfo.ssu.ac.kr/%ea%b2%8c%ec%8b%9c%ed%8c%90/%ea%b3%b5%ec%a7%80%ec%82%ac%ed%95%ad/?term_id&slug=4632,"2024
년
2
월 졸업예정자로
,
이번학기 졸업논문계획서를 제출한 학생들은
첨부된
파일의 명단을 확인해주시기를 바랍니다
.
*
명단에 누락되어 있거나 지도교수님
,
실험논문
/
리뷰논문이 잘못 기재되어 있는
학생은 과사로 연락을 부탁드립니다
.
번역논문
(
리뷰논문
)
제출 예정자들은
졸업논문
1
차보고서
(
첨부파일 양식 작성
&
논문번역서 및 영어논문
원문을 함께
첨부하여 제출
)
를
6
월
16
일 금요일
까지
학과 이메일
(
bioinfo@ssu.ac.kr
)
로
제출해주시기 바랍니다
.
*
졸업논문
1
차보고서의 학과장님 승인은 제출 받은 보고서를 토대로
일괄로
받을 예정이니
기한 내에 제출 바랍니다
.
→
논문 번역서
1
차 학부장 심사 및 이후 지도교수께 전달
:
2023
년
6
월
19
일
(
월
) ~ 6
월
30
일
(
금
)
*
이메일로 제출시 메일 제목 및 파일명
:
졸업논문
1
차번역서
_
학번 이름
(ex.
졸업논문
1
차번역서
_20171234
홍길동
)
첨부
1.2024
년
2
월 졸업예정자 졸업논문계획서 제출 명단
2.
졸업논문
1
차 번역서"
biomedical_science,2023학년도 1학기 스마트카드(학생증) 신청 기간 연장 관련 안내,N/A,2023.03.16,https://bioinfo.ssu.ac.kr/%ea%b2%8c%ec%8b%9c%ed%8c%90/%ea%b3%b5%ec%a7%80%ec%82%ac%ed%95%ad/?term_id&slug=4600,"학생서비스팀은 2023학년도 학생증(스마트카드) 우리은행 신청 기간을 연장하니 참고 바랍니다.
– 2023학년도 1학기 학생증 발급 일정(추가일정 포함)
구분
기간
비고
추가 신청기간
03.13(월)~03.22(수)
– 내국인 : 우리은행 모바일앱 ‘우리WON뱅킹’
– 외국인 : 학생서비스팀(학생회관 504호) 직접 방문 신청
교 부
03.23(목)~04.04(월)
–
내국인 신청자만 해당
– 우리은행 숭실대지점(신양관 1층) 방문
– 신분증 지참 필수
– 공휴일 제외
– 자택 수령 가능(신청 시 선택)
– 제작에 열흘 정도 소요되므로 신청일 기준 약 열흘 경과 뒤 은행 방문 요망
– 기존 신청자의 교부는 변경 전 일정대로 진행
– 은행 기능 사용을 하지 않고 학생증을 발급하고자 하는 학생은 학생서비스팀 방문 시 학생증 발급 가능
– 행정사항
가.  내국인 학생 중 추가 기간 내에도 미신청자의 경우 2차 교부 시작 후부터
학생서비스팀에서 발급
나. 외국인 학생은 학생서비스팀에서 직접 발급함"
biomedical_science,2023-1학기 유고결석 안내,N/A,2023.03.13,https://bioinfo.ssu.ac.kr/%ea%b2%8c%ec%8b%9c%ed%8c%90/%ea%b3%b5%ec%a7%80%ec%82%ac%ed%95%ad/?term_id&slug=4584,
biomedical_science,2023학년도 1학기 국가장학금 신청자 가구원 동의 안내 홍보,N/A,2023.03.09,https://bioinfo.ssu.ac.kr/%ea%b2%8c%ec%8b%9c%ed%8c%90/%ea%b3%b5%ec%a7%80%ec%82%ac%ed%95%ad/?term_id&slug=4582,"2023학년도 1학기 국가장학금 신청 학생의 가구원 동의가 원활하게 이루어 질수 있도록 안내드립니다.
-내용(학교 홈페이지 공지사항 참조):
바로가기
– 세부안내
가.
가구원 정보제공 동의 기간
: 2023.03.22.(
수
) 18:00
까지
(
온
·
오프라인 동일
)
나. 동의대상 가구원 범위
– 미혼: 학생의 부·모 모두
– 기혼: 학생의 배우자
※
가구원 동의 절차 미완료 시 국가장학금 지원이 불가하며
,
장학규정에 따라
교내 장학금 지
원도 불가함"
biomedical_science,2023학년도 1학기 교내장학금 신청 시행 안내 (2차),N/A,2023.03.09,https://bioinfo.ssu.ac.kr/%ea%b2%8c%ec%8b%9c%ed%8c%90/%ea%b3%b5%ec%a7%80%ec%82%ac%ed%95%ad/?term_id&slug=4577,"2023학년도 1학기 교내장학금 2차 신청을 시행함을 안내드립니다.
1.
교내장학금 자격요건
가. 2023학년도 1학기 국가장학금 신청(2023. 03. 15까지 신청 가능) 및
서류제출을 완료하고 소득분위가 조회된 자 (국가장학금 지급 대상 분위의 경우 심사가 완료된 자)
나. 2023학년도 1학기 재학 학생으로 등록금 납부 예정인 자
1) 2023학년도 1학기 前 등록휴학 후 복학시 장학생 선발대상에서 제외
2) 미등록, 입학취소, 복학취소, 휴학 등 학적변동 시 모든 장학금 취소
다. 직전학기 15학점 이상 이수한 자(최종 직전학기는 12학점)
라. 정규 등록학기가 8학기 이내인 자(건축학부 건축학전공은 10학기 이내)
2.
신청절차
가. 온라인 신청기간 및 서류제출기간 : 2023년 3월 2일(목) 10:00~3월 15일(금) 17:30(2주간)
나. 학생 신청방법: u-SAINT포털 – 등록/장학 – 장학메뉴 – 장학금 신청
다. 학생 서류제출: 온라인 신청기간 내 방문 및 등기우편제출 가능(세부내용 붙임 파일 참조)
※ 단, 고시장학금의 경우 등기우편 불가
3.
장학금 관련 부서
– 학생 추천: 아래 부서에만 해당
장학금명
관련부서
협조사항
국제교류장학금
국제처 국제팀
1. 온라인 신청없음 (학생문의응대 협조)
2. 장학생 자격 검증 및 해당 장학생 추천
특기자장학금(축구)
학생처 학생서비스팀
특기자장학금(골프,당구)
스포츠학부
장애학생장학금
장애학생지원센터
목사자녀장학금
교목실 학원선교팀
1. 학생문의응대 협조
2. 장학생 자격 검증(서류) 및 해당 장학생 추천
전문자격시험 합격자
장학금
진로취업팀
봉사장학금
봉사장학금 추천
전 부서
1.
한국장학재단 국가장학금 신청 및 소득분위 조회 완료자
2.
학기말까지 임기완료한 자
3.
학점
기준 충족
(
평점평균
2.3)
등
,
봉사장학금
대상 예정자 자격요건
확인하도록
안내
*
추천 후 명단 변경 불가하므로 유의
붙임    1. 장학금 선발자격 및 제출서류 안내 1부
2. 장학금 신청매뉴얼(교내장학금 신청) 1부. 끝"
biomedical_science,2023학년도 8월 졸업예정자 최종 졸업논문제출 안내,N/A,2023.03.03,https://bioinfo.ssu.ac.kr/%ea%b2%8c%ec%8b%9c%ed%8c%90/%ea%b3%b5%ec%a7%80%ec%82%ac%ed%95%ad/?term_id&slug=4568,"–
대상
:
앞선 절차를 끝내고
,
방학 중 지도교수와 이해도 대면 심사 및 결과 보고서까지 과사에 제출한
2023. 8
월 졸업예정자
–
최종 졸업논문제출 기간
: ~2023
년
5
월
19
일
(
금
)
까지
–
방법
:
자기표현으로 바꾸고 보충한 뒤 졸업논문제출 양식에 맞게
작성하여(
국문
/
영문 중
1
택
)
과사 이메일로 제출
(
bioinfo@ssu.ac.kr
)
–
해당자
:
첨부파일 참조
(*
누락되었을 시
,
학과 사무실로 연락 바랍니다
)
*
졸업논문 종합안내
(
첨부
)
를 참고해 주시고
,
졸업논문제출 양식
(
첨부
)
을 다운로드하셔서 따라주시고
,
인용표기에 유의해주시기 바랍니다
.
논문을 번역
(
리뷰논문
)
하여 졸업논문으로 제출하고자 할 때는 반드시 첫 페이지 제목
옆에 윗첨자로
¹
⁾
이라 달고
,
첫 페이지 맨 아래에
¹
⁾
이 논문은
‘
전체 저자명
. (
연도
).
제목
.
저널명
Volume number,
시작
page-
마지막
page
번호
.’
의 논문을 번역한 것임
.
이라고 반드시 명시해야함
.
예를 들어 다음과 같이 인용해야 함
.
¹
⁾
이 논문은
‘Rogers, P.R., Song, J., Gramaglia, I., Killeen, N. and Croft, M. (2001). OX40 promotes Bcl-xL and Bcl-2 expression and is essential for long-term survival of CD4 T cells. Immunity 15, 445-455.’
의 논문을 번역한 것임
.
*
논문표절의 오해소지가 있으니 반드시 기입하여야 함
.
*
일정에 따르지 않는 학생을 졸업이 연기됨
.
*
논문번역서는 리뷰논문과 똑같은 포맷으로 작성
(
그림
,
도표 모두 입력
)
*
최종졸업논문은 첨부된 졸업논문양식에 맞게 작성
–
리뷰논문으로 선정한 논문의 길이
(PAGE
수
)
에 준하는 논문을 작성하여 제출하도록
합니다
.
–
리뷰논문으로 선정한 논문과 똑같은 내용이 될 수 없으며 반드시 자신의 언어로 해석한 내용으로 논문을 작성하여 제출합니다
.
*
전체 졸업사정을 보기를 원하시는 분께서는 학부교육의
<
기타 내규
>
를 참조해주시기
바랍니다
.
첨부
:
1.2023.8
월 졸업예정자 명단
2.
졸업논문양식
(
국문
)
3.
졸업논문양식
(
영문
)
4.
의생명시스템학부
_
졸업논문 종합안내
(
첨부파일
2, 3
중 각자의 형식에 맞는 것을
1
택
/ 2, 3
모두 쓰는 것은 아님
)"
biomedical_science,한국기독교박물관 토요일 개관 알림 안내,N/A,2023.03.02,https://bioinfo.ssu.ac.kr/%ea%b2%8c%ec%8b%9c%ed%8c%90/%ea%b3%b5%ec%a7%80%ec%82%ac%ed%95%ad/?term_id&slug=4564,
biomedical_science,종합 시험 중 시뮬레이션 과목의 시험 범위,N/A,2023.02.27,https://bioinfo.ssu.ac.kr/%ea%b2%8c%ec%8b%9c%ed%8c%90/%ea%b3%b5%ec%a7%80%ec%82%ac%ed%95%ad/?term_id&slug=4562,"Independent Monte Carlo: 도형의 넓이 구하기
Markov Chain Monte Carlo: Metropolis-Hastings
알고리즘을 슈도 코드로 표현해서 설명할  수 있어야 합니다."
biomedical_science,2024년 2월 졸업예정대상자 졸업논문계획서  및 번역서 제출안내,N/A,2023.02.16,https://bioinfo.ssu.ac.kr/%ea%b2%8c%ec%8b%9c%ed%8c%90/%ea%b3%b5%ec%a7%80%ec%82%ac%ed%95%ad/?term_id&slug=4543,"2024
년도
2
월 졸업예정자는
3
월
17
일 금요일까지
지도교수 선정 및 졸업논문계획서
(
첨부파일
)
를
작성하여
학과 방문 혹은 학과 이메일
(bioinfo@ssu.ac.kr)
로 제출해 주시기 바랍니다
.
제출시 유의사항
1.
리뷰논문
/
실험논문 잘 체크해주시기 바랍니다
.
2.
논문지도교수님은 진로지도교수님과 다르며
,
학생이 직접 논문지도교수님을 정하여 직접 메일로 연락드리고 온라인 혹은 오프라인으로 확인받은 후
졸업논문계획서를
제출해주시기 바랍니다
.
3.
이메일로 제출시 메일 제목 및 파일명
:
졸업논문계획서
_
학번 이름
(ex.
졸업논문계획서
_20191234
홍길동
)
번역논문
(
리뷰논문
)
제출 예정자분들은 학기가 끝나기 전
6
월
16
일 금요일까지
졸업논문
1
차보고서
(
논문번역서 및 영어논문 원문
)
를 학과 이메일로 제출해주시기 바랍니다
.
졸업논문일정은 다음과 같습니다
.
상황에 따라 일정이 변경될 수도 있사오며
,
일정별로 안내가 될 예정이니
구체적인 일정과 내용은 홈페이지 공지를 참고해주시기를 바랍니다
.
1.
졸업논문계획서 제출
: 2023
년
3
월
17
일 금요일까지
2. ‘
리뷰 논문
’
시 논문 번역서 제출
: 2023
년
6
월
16
일 금요일까지
3.
논문 번역서
1
차 학부장 심사 및 이후 지도교수께 전달
: 2023
년
6
월
19
일
(
월
) ~ 6
월
30
일
(
금
)
4.
이해도 대면 심사 및 결과보고서 제출
: 2023
년
8
월
25
일
(
금
)
까지
5.
최종 졸업논문 작성 및 제출
: 2023
년
11
월
17
일
(
금
)
까지
*
자기표현으로 바꾸고 보충하여 졸업논문 작성 및 제출
6. 최종 졸업논문 교수님 심사
: 2023
년
11
월
20
일
(
월
) ~ 11
월
30
일
(
목
)"
biomedical_science,[공지] 국가 바이오 데이터 스테이션(K-BDS) 회원가입 이벤트 안내,N/A,2023.02.15,https://bioinfo.ssu.ac.kr/%ea%b2%8c%ec%8b%9c%ed%8c%90/%ea%b3%b5%ec%a7%80%ec%82%ac%ed%95%ad/?term_id&slug=4539,"국가 바이오 연구데이터 수집·관리·제공을 위한 국가 바이오 데이터 스테이션(K-BDS)이 ‘22년 12월 정식오픈하였습니다.
이에 K-BDS에서는 ’23년 2월 한달 동안 회원가입 이벤트를 진행합니다. 연구자 여러분들의 많은 등록 부탁드립니다.
– 이벤트 기간 : ’23년2월1일 ~ 2월 28일
– 이벤트 대상 : K-BDS 회원가입을 완료한 회원(선착순 400명)
– 이벤트 경품 : 스타벅스 아메리카노 Tall 1잔(모바일 상품권)
– 경품 지급일 : ’23년 3월 초
회원등록 하기
관련 링크 :
https://kbds.re.kr/service/intro/notice/view/50"
biomedical_science,[대학원] 2023학년도 1학기 논문지도교수 위촉 및 변경 안내,N/A,2023.02.09,https://bioinfo.ssu.ac.kr/%ea%b2%8c%ec%8b%9c%ed%8c%90/%ea%b3%b5%ec%a7%80%ec%82%ac%ed%95%ad/?term_id&slug=4531,"2023학년도 1학기 석사·박사과정의 논문지도교수 위촉 및 변경을 다음과 같이 안내합니다.
1.
관련 규정 : 숭실대학교 학칙시행세칙(대학원) 제 4장 제33조 및 제34조
제 33조(논문지도교수 배정)
① 일반대학원 각 과정의 학생은 1차 또는 2차 학기 중에 논문 지도교수를 배정받아야 한다.
<개정 2016. 8. 19.>
제 34조(일반대학원의 논문지도교수 위촉 및 교체)
① 대학원장은 주임교수의 추천을 받아 논문지도교수를 다음과 같이 위촉한다.<개정 2011. 2. 25>
1.
학생의 전공분야와 동일한 본교 정년직 전임교원
<개정 2009. 4. 13., 2016. 8.19>
2.
<삭제 2016. 8. 19.>
3.
제1호에도 불구하고 필요하다고 인정되는
비정년직 전임교원
<개정 2011. 2. 25, 2016, 8. 19>
② 논문지도교수가 질병, 유학 등 부득이한 사유로 학생의 지도가 불가능할 때에는 학과
주임교수를 경유하여 대학원장의 승인을 얻어 교체할 수 있다.
③ 논문지도교수를 위촉 또는 교체할 때 학생의 전공분야와 동일한 교수가 본교에 없을 경우는 위의 자격을 갖춘 타교의 교수로 할 수 있다.
④ 제1항 내지 제3항에도 불구하고 부득이한 경우에 한하여, 명예교수 및 퇴직한 교수가
재직시 지도하던 학생에 대하여 계속 지도하게 할 수 있다.
2.
대상
가. 논문지도교수 위촉
1) 논문지도교수를 위촉하지 않은 모든 학생
2)
석사
3
학기
,
박사
2
학기 학생 중 지도교수 미위촉된 학생 필수 위촉
3) 논문지도교수 위촉 및 변경 시 교수 1인당 박사 및 석박사통합과정 논문지도
학생(재학생)수  6명 기준 제한
※
학내외에서 본교 박사학위 논문의 질과 관련 문제 제기 및 우려가 있으며
,
교육부의 논문
지도 및 심사 지침 강화 및 대학원운영위원회 결의에 따라 논문 지도 학생을
6
명까지
제한하오니 적극 고려하여
주시기 바랍니다
. (
교수
1
인당 적정 논문지도 학생수
: EUA 4~6
명
,
영국은 통상적으로
6
명으로 규정하고 있음
)
※ 단, 각 학과의 사정으로 인해 부득이 교수 1인당 지도학생수(박사 및 석박사통합과정) 6명을 초과하는 경우 사유서를 공문에 첨부하여 제출해 주시기 바랍니다.
나. 논문지도교수 변경
1) 기 위촉한 논문지도교수를 변경하고자 하는 학생
다. 2023학년도 1학기 신입 외국인유학생
1)
신입생 외국인유학생의 학교 생활에 잘 적응할 수 있도록
1
학년
1
학기에 지도교수를 위촉
하여 주시기 바랍니다.
3.
제출서류
가.
논문 지도교수 위촉
1) 논문 지도교수 위촉 및 변경 양식
[
붙임
1]
: 엑셀파일. 작성하여 공문에 첨부
2) 논문 지도교수 배정서
[
붙임
2]
: 한글파일. 스캔하여 공문에 첨부 (학과별, 교수별 작성)
나.
논문 지도교수 변경
1) 논문 지도교수 위촉 및 변경 양식
[
붙임
1]
: 엑셀파일. 작성하여 공문에 첨부
2) 논문 지도교수 변경 신청서
[
붙임
3]
: 한글파일. 스캔하여 공문에 첨부 (학생별 작성)
[제출서류표]
구분
공통 제출서류
제출서류
비고
논문 지도교수 위촉
논문 지도교수 위촉
및 변경 양식
[
붙임
1]
논문지도교수 배정서
[
붙임
2]
학과별, 교수별 작성
논문 지도교수 변경
논문지도교수 변경 신청서
[
붙임
3]
학생별로 작성
4. 제출 기간 :
2023.03.02.(
목
) ~ 03.6.(
월
)
5.
제출 방법
가. 학과에서 취합하여 공문으로 발송
나. 논문지도 교수 위촉 및 변경 양식
[
붙임
1]
은
작성 후 공문에
첨부
다. 논문 지도교수 배정서
[
붙임
2]
및 논문지도교수 변경 신청서
[
붙임
3]
는
스캔하여 공문에 첨부
6.
기타
석사과정은 2개학기, 박사 및 석박통합과정은 3개학기 이상 논문지도비를 납부하고, 논문지도를 받아야 논문 작성 및 제출이 가능하오니 논문 작성 일정에 차질이 발생하지 않도록 주의바랍니다.
붙임 1. 논문지도교수 위촉 및 변경양식(EXCEL) 1부
2.
논문지도교수 배정서 1부
3.
논문지도교수 변경 신청서 1부. 끝."
biomedical_science,[대학원] 2023학년도 1학기 수료생 논문등록(연구등록) 안내,N/A,2023.02.09,https://bioinfo.ssu.ac.kr/%ea%b2%8c%ec%8b%9c%ed%8c%90/%ea%b3%b5%ec%a7%80%ec%82%ac%ed%95%ad/?term_id&slug=4529,"일반대학원 교학팀- 관련, 2023학년도 1학기 수료생 논문등록(연구등록)을
다음과 같이 안내드리니 2023학년도 1학기 논문 제출 예정인 수료생들의 등록을 부탁드립니다.
1.
등록대상
가. 수료생 연구등록 자격을 갖춘 자로서 2023학년도 1학기 논문 제출 예정자
나
.
재학생은 해당 없음
※ 단,
2023-1
학기 논문 제출 예정인 학점등록생
(석사, 박사 5학기 이상,
석박사 통합과정 9학기 이상 재학생) 및
학석사 연계과정
2
학기생은 등록대상임
2.
논문등록자격
(
아래의
‘
가
~
다
‘
모든 자격사항 해당자
)
가
.
수료생
(
영구수료 해제자 포함
)
나
.
종합시험 합격자
※
2023-1
학기 응시자도 가능하나
,
불합격시
,
논문 제출 및 연구 등록비 환불이 불가함
다
.
논문지도교수를 배정받고 석사과정은
2
개학기
,
박사 및 석박사 통합과정은
3
학기 이상
논문지도를 받은 자
3.
등록기간
:
2023
년
3
월
15
일
(
수
) ~ 17
일
(
금
) 09:00 ~ 16:00
4.
등록금액
가. 석사 : 80,000원
나. 박사 및 석박사통합과정 : 120,000원
5.
등록방법
가
. U-SAINT
에서 기타납부금고지서를 출력 및 확인 후 해당 계좌로 등록금액 입금
1)
등록기간 내
u-SAINT
에 로그인하여
‘
등록
/
장학
_
기타납부금고지서출력
‘
메뉴에서
계좌를
확인 후 입금
2) 고지서는 3월 15일(수)부터 확인 가능
6.
기타
가
.
논문등록비 납부 확인
※ U-SAINT로그인 후 등록/장학_등록금납입이력조회 메뉴에서 납부 다음날부터 확인 가능
나
.
연구등록증명서
1) 연구등록증명서는 수료생연구등록비를 납부한 학생에 한해 납부 다음날 부터 발급가능
2) 발급방법
가) 교내 진리관 1층, 신양관 1층 발급기를 통한 발급
나) 인터넷 증명 발급
다
. U-SAINT
로그인 문제는 학생서비스팀
Help Desk(02-820-0067~8)
로 문의해 주시기 바랍니다."
biomedical_science,[대학원] [학위논문] 2023학년도 1학기 일반대학원 학위논문 일정 및 진행 안내,N/A,2023.02.08,https://bioinfo.ssu.ac.kr/%ea%b2%8c%ec%8b%9c%ed%8c%90/%ea%b3%b5%ec%a7%80%ec%82%ac%ed%95%ad/?term_id&slug=4520,"2023학년도 1학기 일반대학원 학위논문 일정을 아래와 같이 안내드립니다.
○ 본 일정은 학기 내 진행되는 대학원 학위논문 전체 일정에 대한 안내입니다.
○ 관련 규정은 ‘학칙시행세칙(대학원) 제4장 학위논문’ 입니다. [붙임17]
1.
논문발표 및 심사대상
4
학기 재학생 및 수료생
(
영구수료해제자 포함
)
논문등록자로
아래
‘
가
~
바
‘
사항을 모두 충족 시킨 자
가. 학점 취득자
1) 석사
24학점 이상 취득(예정)
2) 박사
36학점 이상 취득(예정)
3) 석·박사통합
60학점 이상 취득(예정)
※ 중복과목은 제외함
※ 선수과목, 추가학점 지정자는 선수과목 이수 및 추가학점 취득이 필요함
나. 종합시험 합격자
1) 논문진행 학기 응시자도 가능하나, 불합격 시 논문 제출이 불가함
2) 2023학년도 1학기 종합시험 시행결과는 3월 15일(수) 발표 예정임
3) 종합시험 시행결과를 참고하여 학위논문 발표자격 최종 확인해야 함
다. 연구윤리교육 이수(예정)자
1) 대학원에서 지정한 연구윤리교육을 이수한 자 또는 이번 학기 이수 예정자
2) 2023학년도 1학기 연구윤리교육은 4월(1차), 5월(2차)에 개설될 예정임 (추후 안내 예정)
라. 논문지도교수를 배정 받고 논문지도를 받은자(논문작성학기 포함)
1) 석사과정
논문지도교수를 배정받고 2개학기 이상 논문지도를 받은자
(논문 작성 학기 포함)
2) 박사 및 석·박사통합과정
논문지도교수를 배정받고 3개학기 이상 논문지도를 받은자
(논문 작성 학기 포함)
마. (외국인) 한국어 능력 기준을 갖춘 자
※
공개발표 결과보고서 제출
이전까지
TOPIK 4
급 이상 취득하고 증빙 제출 한 경우
,
연구실적을
근거로 주임교수 명의의
TOPIK
면제 추천이 공문으로 제출된 경우에만 논
문
진행이 가능함
바. (박사 및 석․박사통합과정) 학칙시행세칙(대학원)제30조의 연구실적을 충족한 자
※
공개발표 결과보고서 제출 시
,
연구실적 게재가 완료되어야만 논문 진행이 가능함
2.
논문공개발표 및 공개발표 결과보고
가.
기간
: 3
월
24
일
(
금
)
까지
나. 공개발표 방법 : 논문지도교수 · 주임교수 · 학과교수 참석 하에 질의 응답 진행
다. 공개발표 결과보고 제출사항
1)
공개발표결과보고서
[
붙임
1]
:
학과에서 취합하여 기간 내 대학원으로
오프라인
제출
2)
연구윤리준수확인서
[
붙임
2]
(
공개발표 결과 합격자만 해당
) :
학과에서 취합하여 기간 내
대학원으로
오프라인
제출
3.
논문심사위원 추천
(
공개발표 결과보고서 제출시
,
합격자만 해당
)
가.
기간
: 3
월
24
일
(
금
)
까지
나. 심사위원
1) 석사학위과정 : 3명 (외부 심사위원 위촉 시 1명까지 가능)
2) 박사학위과정 : 5명 (외부 심사위원 1명 이상 반드시 포함 필요)
※
학위과정별 심사위원 위촉 인원
(
석사
3
명
,
박사
5
명은 반드시 준수
)
※
교내 근무자는 모두 내부심사위원으로 구분됨
다. 심사위원 추천 제출사항
1)
공개발표결과 및 심사위원명단 제출양식
(EXCEL)[
붙임
3]
– 학과에서 취합된 공개발표 결과보고서를 기준으로 제출양식 엑셀파일을 작성 및 첨부하여 기간 내 대학원으로
공문 발송
2)
심사위원명단
[
붙임
4,
붙임
5]
가) 학과에서 취합하여 기간 내 대학원으로
오프라인 제출
나) 직전학기 최종심사 연기자도 심사위원 명단 제출(완본 연기자는 제출하지 않음)
4.
가제본 및 카피킬러 검사결과
‘
상세보기
‘
제출
가.
기간
: 2023
년
4
월
3
일
(
월
) ~ 4
월
14
일
(
금
)
나. 대상 : 공개발표에 합격하여 최종심사 대상이 된 자
다. 가제본 제출
구분
석사과정
박사과정
비고
가제본 제출
[별도 양식 없음]
3부
5부
학과 주임교수 및 지도교수 확인 후
각 심사위원에게 직접 제출
※
교학팀 제출 불필요함
카피킬러 검사결과
‘
상세보기
‘
제출
[
붙임
6]
참조
3부
5부
[
붙임
6]
의 연구윤리 확보를 위한 논문검사
서비스 안내’파일의 pg.4 참조하여 지도교수
확인 후 심사위원에게 제출
라. 개정된 학칙시행세칙(대학원)에서 학위논문 피심사자격에 ‘논문유사도검사시스템을 통해 학위논문의 유사도를 확인하고 결과보고서를 제출한 자’가 추가되었으며,
본교는 현재 논문유사도검사시스템으로 카피킬러를 지정하고 있음
5.
심사비 납부
가.
기간
: 2023
년
4
월
17
일
(
월
) ~ 4
월
19
일
(
수
)
나. 대상 : 공개발표에 합격하여 최종심사 대상인 자
다. 심사비 납부 : 납부 방법은 추후 대학원 홈페이지 공지 등 안내 예정
6. 최종심사 결과보고
가.
기간
: 5
월
26
일
(
금
)
까지
나. 최종심사 결과보고 제출사항
1)
최종심사결과 제출양식
(EXCEL)
[
붙임
7]
: 학과에서 취합된 심사 결과보고서를 기준으로 제출
양식 엑셀파일을 작성, 첨부하여 기간 내
대학원으로 공문발송
2) 제출서류 :
학과에서 취합하여 기간 내 대학원으로 오프라인 제출
가) 석사학위과정 : 석사학위청구논문 심사 결과보고서[붙임8], 심사요지서[붙임10]
나) 박사학위과정 : 박사학위청구논문 심사 결과보고서[붙임9], 심사요지서[붙임10],
박사학위청구논문 심사 일지(2차)[붙임11],
박사학위청구논문 심사 일지(3차)[붙임12],
박사학위청구 논문 심사결과 투표용지(5매)[붙임13]
7.
논문완본 제출
가. 기간 :
2023
년
6
월
22
일
(
목
)
∼
6
월
23
일
(
금
) (2
일간
)
[
붙임
14,
붙임
15,
붙임
16]
나. 2023년 6월 중 학위논문 파일을 본교 중앙도서관 홈페이지에 업로드 후 저작권 동의서를 출력하여 논문완본과 함께 제출 (관련 세부 사항은 추후 별도 안내 예정임)
8.
관련 규정
: 학칙시행세칙(대학원) 제4장 학위논문 [붙임17]
붙 임 1. 공개발표결과보고서 1부
2.
연구윤리준수확인서 1부
3.
공개발표결과 및 심사위원명단 제출양식(EXCEL) 1부
4.
석사학위청구논문 심사위원명단 1부
5.
박사학위청구논문 심사위원명단 1부
6.
연구윤리 확보를 위한 논문검사 서비스 안내 1부
7.
최종심사결과 제출양식(EXCEL) 1부
8.
석사학위청구논문 심사 결과보고서 1부
9.
박사학위청구논문 심사 결과보고서 1부
10.
심사요지서(석,박사) 1부
11.
박사학위청구논문 심사 일지(2차) 1부
12.
박사학위청구논문 심사 일지(3차) 1부
13.
박사학위청구논문 심사결과 투표용지 1부
14.
학위논문양식(국문)(인준서 포함) 1부
15.
학위논문양식(영문)(인준서 포함) 1부
16.
학위논문 작성을 위한 필수 안내서 1부
17.
학칙시행세칙(대학원) 제4장 학위논문 1부. 끝."
biomedical_science,[대학원] 2023학년도 1학기 일반대학원  수강신청 관련 안내,N/A,2023.02.06,https://bioinfo.ssu.ac.kr/%ea%b2%8c%ec%8b%9c%ed%8c%90/%ea%b3%b5%ec%a7%80%ec%82%ac%ed%95%ad/?term_id&slug=4512,"2023
학년도
1
학기 일반대학원 수강신청 관련하여
다음과 같이 안내드립니다
.
1.
수강신청 관련 안내
가
.
일정
□
정규 기간
: 2023.2.14.(
화
) 10:00~2.20.(
월
) 23:59
∙
수강인원에 따라 강의실 배정 예정
(2.27.(
월
)
이후
확인 가능
)
이므로 정규 기간에 신청 권장
□
변경 기간
: 2023.3.2.(
목
) 10:00~3.8.(
수
) 23:59
∙
별도 수강 취소 기간 없으니 취소를 원하는 경우
정규 또는 변경 기간에 취소해야 함
)
□
신입생 학번 확인
: 2023.2.8.(
수
)
이후
나
.
방법
(
자세한 내용은
붙임
1
참고
)
2.
수강신청 관련 서류 제출
(
자세한 내용은
붙임
1
참고
)
가
.
선수과목 수강신청서
(
석사과정만 해당
)
나
. 12
학점 수강신청 승인서
(2
학기 이상 석사
,
박사
,
석박통합과정 해당
)
다
.
타과 개설 강좌 전공학점 인정 확인서
3.
비고
:
위 내용은 일반대학원 홈페이지에 공지 완료"
biomedical_science,2023학년도 1학기 학과근로 장학생 모집 안내,N/A,2023.02.01,https://bioinfo.ssu.ac.kr/%ea%b2%8c%ec%8b%9c%ed%8c%90/%ea%b3%b5%ec%a7%80%ec%82%ac%ed%95%ad/?term_id&slug=4506,"2023학년도 1학기 학과근로장학생 선발을 다음과 같이 진행하오니,
많은 지원 바랍니다.
1.
학과근로장학생 자격 및 선발기준
가. 2023학년도 1학기 국가장학금을
1
차
신청하고 소득분위가 8분위 이내인 자
※ 국가장학금을 신청할 수 없는 대한민국 국적 미소지자도 선발 가능
(단, 순수외국인전형으로 입학한 외국인 유학생은 선발 불가)
나. 2023학년도 1학기 재학 및 복학예정자로 해당학기 등록금 납부 예정인 자
1) 2023학년도 1학기 전 등록휴학 후 복학시 선발 불가(등록대체자)
2) 학기 중 미등록, 입학취소, 복학취소 등으로 인한 학적변동시
모든 장학금 취소
3) 2023학년도 1학기 기준 이수학기가 2~7학기만 가능
(1학기 및 8학기 신청 불가)
다. 직전학기 취득학점 및 학업성적 제한 없음
라. 장애인, 북한이탈주민 및 자립준비청년 우선 선발 (증빙제출 필요)
마. 타 장학금과 중복수혜 가능(근로장학금 간 중복 불가)
※ 본 장학금은 학업장려비 지원 목적으로 등록금(입학금 및 수업료)를
초과하여 지급
바. 학과별 배정인원 내에서 학과근로A 또는 B 타입 학과 자율선발 가능
(예: 학과근로B 2명 = 학과근로A 1명)
사. 국가근로장학생 및 교내근로장학생에 선발되지 않은 자
2. 유의사항
가. 선발된 학생은 소속부서에서 지정된 근로시간 동안 근무해야 하며, 학기 중 학적변동 등 불가피한 사유가 인정되는 중도 포기 시 근로한 시간만 장학금 지급
나. 2023년 7월 근로평가 전까지 교체 가능 (단, 교체 전 학생의 근로시간을 차감)
다. 교체 전·후 학생 모두 근로평가 실시
(
선발 우선순위
: 1.
국가근로
, 2.
교내근로
, 3.
학과근로
)
3.
근로시간 및 장학금액 예산사항
시간당 장학금액을 9,620원으로 책정
장학금명
시간당
장학금액
총 근로시간(학기)
1인당
장학금액(원)
학과근로A
9,620원
10시간*20주=200시간
1,924,000
학과근로B
9,620원
5시간*20주=100시간
962,000
4. 신청절차
가. 학생신청방법: u-SAINT포털→등록/장학→근로장학금 신청→지원서 출력/제출
다. 온라인신청 및 서류제출기간:
2023년 2월 1일(수) 10:00 ~ 2월 7일(화) 17:00
1) 제출서류: 지원서 (u-SAINT 출력본,
본인서명 필수
)
2) 제출장소: 학과근로 (각 학과사무실)
다. 학과근로장학생 최종선발 및 발표: 2023. 2. 15(수) 18:00 예정"
biomedical_science,[대학원] 2023학년도 전기 대학원 신편입생 오리엔테이션 개최 안내,N/A,2023.01.31,https://bioinfo.ssu.ac.kr/%ea%b2%8c%ec%8b%9c%ed%8c%90/%ea%b3%b5%ec%a7%80%ec%82%ac%ed%95%ad/?term_id&slug=4503,"2023학년도 전기 대학원 신편입생 오리엔테이션을 아래와 같이 개최하니 참고하시기 바랍니다.
1.
일시 : 2023.2.10.(금) 11:00
2.
장소 : 한경직기념관 대예배실
3.
자료배부 : 당일 배부
* 당일 참석하지 못하실 경우 2.10.이후 대학원 홈페이지에서 확인 가능합니다.)
4.
주차안내 : 당일 데스크에서 주차권(4시간) 배부
* 주차권은 본교 중문에서 사용이 가능합니다.
5.
문의사항: 숭실대학교 대학원 02-820-0258~9. 끝."
biomedical_science,[대학원] 2023학년도 1학기 대학원 종합시험 실시 안내,N/A,2023.01.27,https://bioinfo.ssu.ac.kr/%ea%b2%8c%ec%8b%9c%ed%8c%90/%ea%b3%b5%ec%a7%80%ec%82%ac%ed%95%ad/?term_id&slug=4500,"학칙시행세칙(대학원) 제3장(자격시험)에 의거하여
2023
학년도
1
학기 대학원
종합시험
을 아래와 같이 안내드립니다.
신청자격에 해당하는 학생들이 응시할 수 있도록 공지드립니다.
1. 신청기간 :
2023
년
2
월
6
일
(
월
) 10:00 ~ 2
월
8
일
(
수
) (3
일간
)
※ 신청기간 이후 추가 신청은 불가하며, 위의 기간 내에 신청
2. 신청방법 :
u-SAINT
로그인
→
성적
/
졸업
→
외국어 및 종합시험 신청
※ 시험과목은 “전공종합” 선택
3.
응시자격
가. 석사과정 : 18학점 이상 취득하고 3학기 이상 등록을 필한 재학생 및 수료생
나. 박사과정 : 27학점 이상 취득하고 3학기 이상 등록을 필한 재학생 및 수료생
다. 학·석사 연계과정 : 18학점 이상 취득하고 2학기 이상 등록을 필한 재학생 및 수료생
라. 석·박사 통합과정 : 45학점 이상 취득하고 6학기 이상 등록을 필한 재학생 및 수료생
4. 시험일시 :
2023
년
3
월
4
일
(
토
) 09:30~
5. 실시방법 :
각 학과 별로 주관하여 시행
6.
응시료 납부
가. 납부기간 :
2023
년
2
월
13
일
(
월
) ~ 14
일
(
화
) 09:00~16:00
※
납부기간 이후 추가납부
불가
나. 응시료
1) 석사과정 : 20,000원
2) 박사과정 및 석·박사통합과정 : 30,000원
다. 납부방법 : 응시료 납부기간에 u-SAINT에서 고지서 출력 후
개인별 가상계좌 입금
※ u-SAINT 로그인 → 등록/장학 → 기타납부금 고지서 출력
※ 기타납부금 고지서는 납부 당일 확인 가능
7. 종합시험 학과별 실시 결과보고서 제출 :
2023
년
3
월
7
일
(
화
)
까지
8. 합격자발표 :
2023
년
3
월
15
일
(
수
)
예정
9.
유의사항
가
.
종합시험은 대학원 과정 학위 취득을 위한 자격시험으로
,
종합시험
합격자에 한해 학위
논문제출이 가능함
.
나. 휴학생은 지원 불가하며, 시험에 응시하였으나 결과발표 전에 휴학한 경우
평가대상에서 제외되며 응시료 반환 불가함.
다. 석·박사통합과정생의 경우 석사과정 중 합격한 자격시험은 인정하지 않음.
라. 시험 신청 후 응시료를 납부하지 않은 경우 시험 신청이 자동 취소됨.
마. 응시료 납부기간 이후 환불신청 불가함.
바
.
외국인유학생의 경우 종합시험과 별개로 논문공개발표 전
아래 중 한 가지를 완료해야 함
.
①
유효한
TOPIK 4
급 이상 성적증명서 제출
②
연구실적을 근거로
주임교수 명의의
TOPIK
면제 추천서를 공문제출
(
추천서 양식 관련 링크
:
양식자료실
|
일반대학원
(ssu.ac.kr)
).  끝."
biomedical_science,2022-겨울방학 학사경고자 및 학사경고위험군 대상  상담 프로그램 안내,N/A,2023.01.16,https://bioinfo.ssu.ac.kr/%ea%b2%8c%ec%8b%9c%ed%8c%90/%ea%b3%b5%ec%a7%80%ec%82%ac%ed%95%ad/?term_id&slug=4495,"1. 상담 프로그램 개요
가. 목적:
학사경고자
(평점평균 5미만)와
학사경고위험군
(평점평균 1.5이상 2.0미만)의 학습동기 제고 및 성적 향상
나. 상담 대상
구분
대상
상담 참여시 혜택
학사경고자
‘22-2학기 학사경고자
수강신청 학점제한 해제 (15 → 19학점)
이전 학사경고자 중 ‘23-1학기 복학 대상
학사경고위험군
‘22-2학기 학사경고 위험군
–
이전 학사경고위험군 중 ‘23-1학기 복학 대상
다. 상담 프로그램 운영 학과 및 부서
1) 1차 학과상담: 진로지도교수 (유학생은 국제처)
2) 2차 전문상담: 교수학습혁신센터, 상담센터
라. 상담 프로그램 운영기간
구분
1
차
, 2
차 상담
수강신청 학점제한 해제
정규
‘23. 1.11.(수) ~ 2. 1.(수) 16:00
‘23. 2. 3.(금) 16:00
추가
‘23. 2. 2.(목) ~ 2.24.(금) 16:00
‘23. 2.28.(화) 16:00
2. 참여방법
가. 상담 절차
구분
학사경고자
학사경고위험군
설문응답
u-SAINT → 학사관리 → 성적/졸업 → 학기별 성적조회 → 팝업 설문지 응답
해당없음
1차
학과 상담
학과 또는 국제팀(외국인유학생)에서 개별연락 예정. 별도 연락 없을 경우, 학생이 직접 소속학과 또는 국제팀에 문의하기 바람.
해당없음
2차
전문부서 상담
아래 전문상담 프로그램 세부내용 확인 후
학생이 개별 신청
.
※참고: 수강신청 학점제한 해제 위한 상담프로그램 의무이수 횟수
– 학사경고 1회 → 상담프로그램 1회 이수
– 학사경고 2회 → 상담프로그램 2회 이수
자율 참여
나. 전문상담 프로그램 세부내용
전문상담 프로그램
(
주관부서
)
세부 내용
1
대
1
학습코칭
(
교수학습혁신센터
)
프로그램 구성: 학생이 2개의 학습검사(U&I학습진로종합검사 + MLST-Ⅱ학습전략검사)를 수행하고, 전문가가 검사 결과를 바탕으로 1대1 학습코칭을 수행하여 학생 맞춤형 진로설정과 학습전략 수립을 지원
학생신청방법: FUN시스템 상담·코칭
(https://fun.ssu.ac.kr/ko/coaching/coaching/43)
코칭 진행: 대면 또는 온라인 ZOOM 활용
※ 2.10.(금)에 종료.
WAKE UP
워크숍
(
교수학습혁신센터
)
프로그램 구성: 학생이 MLST-Ⅱ학습전략검사를 수행하고, 온라인 WAKE UP 워크숍에 참가하여, 학생 스스로 자기성장보고서 작성을 하면서 주도적으로 학습계획을 설정하고, 시간관리를 통해 달성해 나갈 수 있도록 체계적으로 지원
학생신청방법: FUN시스템
(https://fun.ssu.ac.kr/ko/program/all/view/3146)
워크숍 진행: 온라인 워크숍(스마트캠퍼스)
※ 2.10.(금)에 종료.
마인드 케어 심리검사 및 상담
(
상담
·
인권센터
)
프로그램 구성: 학생이
온라인 심리검사
를 수행하여 학업부진 요인을 점검하고, 심리상담 전문가가 검사결과를 확인하여 불안 및 우울증세가 심할 경우 심층 상담을 진행
학생신청방법: FUN시스템
(https://fun.ssu.ac.kr/ko/program/all/view/3116)
상담 진행: 온라인 검사 실시 후 이메일로 결과 안내(불안 및 우울 위험군은 별도 상담 진행)
다. 문의: 학사팀 02-828-7404"
biomedical_science,[홍보] [발전기금팀] 1:1커넥팅 캠페인 관련 홍보,N/A,2023.01.03,https://bioinfo.ssu.ac.kr/%ea%b2%8c%ec%8b%9c%ed%8c%90/%ea%b3%b5%ec%a7%80%ec%82%ac%ed%95%ad/?term_id&slug=4488,
biomedical_science,[홍보] 2023학년도 1학기 농촌출신대학생 학자금융자 시행 안내,N/A,2022.12.30,https://bioinfo.ssu.ac.kr/%ea%b2%8c%ec%8b%9c%ed%8c%90/%ea%b3%b5%ec%a7%80%ec%82%ac%ed%95%ad/?term_id&slug=4485,"– 홍보내용(학교 홈페이지 공지사항 참조):
바로가기
– 주요일정
구분
신청 및
서류제출(1차)
신청 및
서류제출(2차)
주체
비고
신청 및 서류제출
2023.01.02.(월)
~01.13.(금)
2023.02.01.(수)
~02.21.(화)
학생
재단
홈페이지
융자 실행
2023.02.07.(화)
~04.07.(금)
2023.03.16.(목)
~04.07.(금)
학생
재단
홈페이지
※ 상기 일정은 추진상황에 따라 변동가능
※ 신청은 시작일 09:00부터 24:00까지 가능(주말 및 공휴일 제외).
단, 신청마감일은 18:00까지 신청가능
※ 실행은 실행기간 중 09:00∼17:00까지 가능(주말 및 공휴일 제외).
단, 대학별 수납마감 시간 이내에만 가능
※ 신청 마감일은 서버폭주 등 문제가 우려되므로 17:00 이전까지 신청 요망. 끝."
biomedical_science,2023년 8월 졸업예정자 졸업논문 이해도 대면심사 안내,N/A,2022.12.26,https://bioinfo.ssu.ac.kr/%ea%b2%8c%ec%8b%9c%ed%8c%90/%ea%b3%b5%ec%a7%80%ec%82%ac%ed%95%ad/?term_id&slug=4479,"<이해도대면심사 안내>
이해도대면심사 안내 드립니다.
2023년도 8월 졸업예정자이신 분들은 2023년 2월 24일(금)까지 이해도 대면심사를 진행하여 주시기 바랍니다. (리뷰논문 + 실험논문)
이해도대면심사는 지도교수님 재량에 따라 진행됩니다.
학생분들이 교수님들에게 개별적으로 연락하신 뒤,
교수님들께서 비대면(이메일 포함), 대면, 혹은 생략 중에 택하도록 하시고
교수님의 선택에 따라 진행될 예정입니다.
만일 대면으로 진행될 경우,
이해도대면심사 및 결과보고서 양식을 다운받아 본인이 작성하는 부분(학번, 이름, 논문제목, 지도교수)을 작성 후 교수님과의 면담약속을 잡으시고 찾아 뵙고
심사서의 심사결과 및 지도사항을 교수님께 작성 요청 드린 후 학과사무실로 제출하여 주시기 바랍니다.
반드시 방학 중 진행해주시기 바랍니다.
학과에서 이해도대면심사 진행 상황을 파악해야 하오니, 결정된 사항을 학과 이메일이나 사무실로 전달해주시기 바랍니다.
현재 번역서까지 진행한 2023년도 8월 졸업예정자(졸업논문진행시) 명단은 첨부와 같습니다.
2023년 8월 졸업예정이 아닌 학생은 본인 졸업일정에 맞추어 진행하시면 됩니다.
명단에 이상이 있으신 분은 학과사무실로 연락 부탁드립니다."
biomedical_science,[대학원] 2023학년도 1학기 영구수료 해제(학위논문 제출가능연한 연장) 신청 안내,N/A,2022.12.06,https://bioinfo.ssu.ac.kr/%ea%b2%8c%ec%8b%9c%ed%8c%90/%ea%b3%b5%ec%a7%80%ec%82%ac%ed%95%ad/?term_id&slug=4474,"2023학년도 1학기 영구수료 해제(학위논문 제출가능연한 연장)신청을 다음과 같이 안내합니다.
1.  신청대상
가. 신청일 현재 영구수료인 자 및 신청 학기에(2023.02.28) 영구수료 예정인 자
나. 신청학기로 부터 2년 내에 학위를 취득할 수 있는 자
※ 석사과정은 입학한 때로부터 6년, 박사과정은 입학한 때로부터 10년 내에 학위를 취득하지
못할 경우 영구수료 상태가 됨
※ 위에 해당하는 대상 중 2023학년도 1학기에 논문 진행을 하고자 하는 경우 반드시 기간 내
신청해야 함
2. 신청기간 :
2023.02.01(
수
) ~2023.02.10(
금
)
3
.
신청방법
가. 학생 : 제출서류를 구비하여 신청기간 내
소속학과로 제출
나. 학과 : 제출된 서류를
2023.02.16(
수
)
까지 대학원으로 공문 발송
: 제출 서류 공문에 붙임파일로 첨부,
원본은 학과 보관
4.
제출서류 : 영구수료 해제 신청서 1부.(붙임 1 양식 참조)
5. 영구수료 해제 후 학위취득 가능 기한 :
2023.03.01~2025.02.28(
해제일로부터
2
년
)
6
.
유의사항
가. 영구수료 해제는 통산 1회에 한하여, 해제 신청 후 2년 경과하였으나 학위를 취득하지
못한 경우 더 이상 학위취득의 기회가 없음
나. 학위과정별 학위취득에 관한 요건을 사전에 필히 확인 요망
7.
관련학칙
학칙시행세칙 제32조(제출가능연한) ①
석사과정의 학위논문은 입학일로부터
6
년 이내
,
박사과정
및 석
․
박사통합과정은
10
년 이내에 제출하여야 한다
.
다만
,
군복무기간 및 휴학기간은 제외한다
.
②
학위논문 제출가능연한이 만료되어 영구 수료된 자 중에서 정당한 사유가 있는 경우 주임교수의 추천과
대학원장의 승인을 얻어
1
회에 한하여 승인한 학기로부터
2
년까지 연장할 수 있다
.
붙임 : 1. 영구수료 해제 신청서 1부.  끝."
biomedical_science,기초과학융합연구소 2022학년도 학부생 동계인턴십 모집공고 안내,N/A,2022.12.06,https://bioinfo.ssu.ac.kr/%ea%b2%8c%ec%8b%9c%ed%8c%90/%ea%b3%b5%ec%a7%80%ec%82%ac%ed%95%ad/?term_id&slug=4472,"기초과학융합연구소에서 2022년 동계 학부생 인턴십을 진행합니다.
•모집대상: 학부 재학생
•장려금액: 60만원
•제출기한: 22년 12월 16일(금)까지
•연수기간: 23년 1월 1일~23년 2월 28일
•결과보고서 제출: 23년 2월 중순
•우수 결과보고서 시상식: 23년 3월 초
링크:
https://iibs.ssu.ac.kr/%ea%b2%8c%ec%8b%9c%ed%8c%90/%ea%b3%b5%ec%a7%80%ec%82%ac%ed%95%ad/?slug=4767"
biomedical_science,2023학년도 전기 일반대학원 수시모집 안내,N/A,2022.11.29,https://bioinfo.ssu.ac.kr/%ea%b2%8c%ec%8b%9c%ed%8c%90/%ea%b3%b5%ec%a7%80%ec%82%ac%ed%95%ad/?term_id&slug=4462,"2023학년도 전기 일반대학원 수시모집을 아래와 같이 안내드리니 관심있는 학생들의 많은 지원바랍니다.
1.
모집일정
– 원서접수: 2022.12.05.(월)~2022.12.16.(금)
– 전형일: 2023.01.03.(화)
– 합격자발표: 2023.01.12.(목) 예정
– 합격자등록: 2023.01.18.(수)~2023.01.19.(목)
2.
숭실대학교 대학원 홈페이지(
https://grad.ssu.ac.kr
) 참조 :
관련 공지사항
링크
. 끝."
biomedical_science,2023학년도 1학기 교내장학금 신청 시행 안내,N/A,2022.11.29,https://bioinfo.ssu.ac.kr/%ea%b2%8c%ec%8b%9c%ed%8c%90/%ea%b3%b5%ec%a7%80%ec%82%ac%ed%95%ad/?term_id&slug=4456,"2023학년도 1학기 교내장학금 신청 시행을 다음과 같이 안내합니다.
1.
교내장학금 자격요건
가. 2023학년도 1학기 국가장학금 신청(2022.12.29까지 신청 가능) 및 서류제출을 완료하고
소득분위가 조회된 자 (국가장학금 지급 대상 분위의 경우 심사가 완료된 자)
나. 2023학년도 1학기 재학 및 복학(예정)자로 등록금 납부 예정인 자
1) 2023학년도 1학기 前 등록휴학 후 복학시 장학생 선발대상에서 제외
2) 미등록, 입학취소, 복학취소, 휴학 등 학적변동 시 모든 장학금 취소
다. 직전학기 15학점 이상 이수한 자(최종 직전학기는 12학점)
라. 정규등록학기가 8학기 이내인 자(건축학부 건축학전공은 10학기 이내)
2.
신청절차
가. 온라인 신청기간 및 서류제출기간 : 2022년 11월 28일(월) 09:00
~2023년 1월 11일(수) 17:00(약 6주간)
나. 학생 신청방법: u-SAINT포털 – 등록/장학 – 장학메뉴 – 장학금 신청
다. 학생 서류제출: 온라인 신청기간 내 방문 및 등기우편제출 가능(세부내용 붙임 파일 참조)
※ 단, 전문자격시험합격자장학금의 경우 등기우편 불가
3.
장학금 관련 부서
학생 선발: 아래 부서에만 해당
장학금명
관련부서
협조사항
국제교류장학금
국제팀
1. 온라인 신청없음 (학생문의응대 협조)
2. 부서 장학생 자격 검증 및 해당 장학생 추천
3. 기간 내 국가장학금 신청 독려
특기자장학금(축구)
학생서비스팀
특기자장학금(골프,당구)
스포츠학부
장애학생장학금
장애학생지원센터
목사자녀장학금
학원선교팀
1. 학생문의응대 협조
2. 신청서류 자격 검증 및 해당 장학생 추천
3. 기간 내 국가장학금 신청 독려
전문자격시험합격자
장학금
진로취업센터
봉사장학금
봉사장학금추천전부서
1. 대상자 기간 내 국가장학금 신청 독려
2. 기타 봉사장학금 자격 요건 미리 확인하도록 예정자에게 사전 안내 요망
-평점평균 : 2.3 이상
-학기말까지 임기를 완료한 자 등
붙임    1. 2023학년도 1학기 교내장학금 신청공고 1부
2. 장학금 선발자격 및 제출서류 안내 1부
3.
장학금 신청매뉴얼(교내장학금 신청) 1부. 끝."
biomedical_science,2023학년도 1학기 한국장학재단 국가장학금 1차 신청 안내,N/A,2022.11.24,https://bioinfo.ssu.ac.kr/%ea%b2%8c%ec%8b%9c%ed%8c%90/%ea%b3%b5%ec%a7%80%ec%82%ac%ed%95%ad/?term_id&slug=4448,"링크 :
https://scatch.ssu.ac.kr/%EA%B3%B5%EC%A7%80%EC%82%AC%ED%95%AD/?f&category=%EC%9E%A5%ED%95%99&slug=%EA%B3%B5%EC%A7%80%EC%82%AC%ED%95%AD-2023%ED%95%99%EB%85%84%EB%8F%84-1%ED%95%99%EA%B8%B0-%ED%95%9C%EA%B5%AD%EC%9E%A5%ED%95%99%EC%9E%AC%EB%8B%A8-%EA%B5%AD%EA%B0%80%EC%9E%A5%ED%95%99%EA%B8%88-1&keyword"
biomedical_science,[대학원] 2022학년도 2학기 학위논문 원문파일 업로드(디콜렉션) 및 책자 제출 일정 안내,N/A,2022.11.23,https://bioinfo.ssu.ac.kr/%ea%b2%8c%ec%8b%9c%ed%8c%90/%ea%b3%b5%ec%a7%80%ec%82%ac%ed%95%ad/?term_id&slug=4434,"2022학년도 2학기 학위논문 원문파일 업로드(디콜렉션)및 완본 책자 제출 일정을
아래와 같이 안내합니다.
1.
대상
: 2022학년도 2학기 최종심사에 합격하여, 2023년 2월 학위수여 예정인 자
2.
일정 요약
연번
일정 제목
기간
양식
1
학위논문 원문
파일 업로딩(디콜렉션)
2022.12.08.(목) 부터
2022.12.21.(수) 23:59 까지
• 국문양식 : 붙임1
• 영문양식 : 붙임2
• 도서관 매뉴얼 : 붙임9-1, 9-2
2
학위논문 완본
책자 및 서류 제출
2023.01.03.(화) 10:00 부터
2022.01.04.(수) 17:00 까지
※ 점심시간 : 12:20~13:20
• 인준서양식 : 붙임1의 인준서 페이지
• 저작권동의서 : 본문 4-다-3) 참조
• 카피킬러안내문 : 붙임4
• 박사설문지 : 붙임5, 또는 붙임6
• 턴잇인안내문 : 붙임7
• 턴잇인표지양식 : 붙임8
3.
학위논문 원문 파일 제출
[
파일 업로딩
(
디콜렉션
)]
가. 원문 파일 제출(업로딩) 일정 :
2022
년
12
월
8
일
(
목
) ~ 12
월
21
일
(
수
),
23:59
까지
나. 제출방법 : 아래의 방법 중 택 1 하여 업로딩
1) 도서관 홈페이지(http://oasis.ssu.ac.kr) ‘연구학습지원’ 탭의 ‘학위논문제출’ 접속
2) 숭실대 디콜렉션 페이지(http://oasis.dcollection.net) 접속 후 업로딩
※
[
붙임
9-1, 9-2]
본교 학위논문 온라인제출 매뉴얼 및 안내문 참조
3)
파일 업로딩
(
디콜렉션
)
관련 문의
가) 학술정보운영팀 (02-820-0741)
나) 중앙도서관에 디콜렉션 세부 공지사항 확인
– 위치 : 숭실대학교 중앙도서관(https://oasis.ssu.ac.kr) >알림·문의 >공지사항
– 링크 :
상세
|
숭실대학교 중앙도서관
(ssu.ac.kr)
다. 제출(업로딩)시 유의사항
1) 디콜렉션 시 양식 미준수로 인한 오류가 다수 발생하고 있습니다.
2) 첨부하는 학위논문 양식틀
[
붙임
1]
, 또는
[
붙임
2]
에 작성하여 원문 파일 업로딩 시
오류가 발생하지 않도록 바랍니다.
4.
학위논문 완본 제출
[
책자 및 서류 제출
]
가. 기간 :
2023
년
1
월
3
일
(
화
) ~ 1
월
4
일
(
수
), 10:00 ~ 17:00
(12:20 ~ 13:20 점심시간)
* 학위논문 완본 제출 기간은 연장이 되지 않습니다.
나. 제출장소 : 웨스트민스터홀 3층 로비
다. 제출서류
연번
제출 서류
부수
세부사항
1)
석사 및 박사학위
완본 책자
4부
3부
•
저작권 미동의
자 : 완본 책자
4
부
제출
•
저작권 동의
자 : 완본 책자
3
부
제출
* 2021-2
학기부터
저작권 동의자는 완본 책자
3
부만 납본으로
변경됨
(
중앙도서관
)
2)
인준서 원본
1부
• [붙임1]의 인준서 페이지에 작성, 출력, 날인 후 낱장으로 제출
3)
저작권 동의서
1부
• 학위논문 제출사이트의 제출내역 확인 메뉴에서 중앙도서관의
‘승인’ 확인 후 출력하여 제출
4)
카피킬러 결과보고서
(기본보기)
1부
• 국문 및 영문 논문 작성자 공통 제출
• ‘연구윤리 확보를 위한 논문검사서비스 안내’ [붙임4] 참조하여
지도교수 날인 후 제출
*
카피킬러 검사결과 유사도율이
10%
이상
~
20%
미만인 경우
,
카피킬러 결과보고서 하단의
‘
검토 의견
‘
에 학생 본인이
사유를
기재하여
제출해야 함
(
유사도 유의수준
)
*
단
,
유사도가
20%
이상인 경우 지도교수의
검토내용을
결과보고서에 하단의
‘
검토 의견
‘
에 기재하여 제출
5)
턴인잇 결과보고서
(현재보기)
1부
• 영문 논문 작성자만 카피킬러 결과보고서와 함께 추가 제출
• ‘턴잇인 이용가이드 (교원용, 학생용)’ [붙임7] 참조하여
검사결과표지와 함께 제출
6)
턴잇인 검사결과
제출 표지
1부
• 영문 논문 작성자만 카피킬러 결과보고서와 함께 추가 제출
• ‘턴잇인 검사결과제출표지’ [붙임8]에 지도교수 날인 후
턴잇인 결과보고서와 함께 제출
7)
박사조사 설문지
1부
• 박사과정만 제출
• [붙임5(국문)] 또는 [붙임6(영문)] 중 택1 하여 1부만 제출
5. 요청사항
가. 학위논문 순서 양식 숙지 및 안내
겉표지 >백지간지 >표제지 >속표지 >인준서 >감사의 글(필요 시) >논문목차
>표 및 그림 목차 >국문초록 >영문(또는 기타언어) 초록 >본문 >참고문헌 >부록
※ 학위논문 양식틀,
[
붙임
1], [
붙임
2]
참조
나. 규정에서 정한 학위논문 형식에 맞게 논문 작성
1) ‘학위논문 양식 틀(국/영문)’ 사용하여 규정에서 지정한 학위논문 형식에 맞게 논문작성
2) 형식에 맞지 않는 원문파일 업로드 불가함
※ 지식정보처 의견 : 학교 양식에 맞지 않는 논문은 RISS, 국회도서관 등의 납본에서
제외될 수 있음
3) 원문파일 및 완본책자 제출 완료 후 수정 불허함
가) 지도교수 및 심사위원으로부터 최종 확인된(수정이 완료된) 파일 업로드 해야 함
나) 부득이한 사유로 수정이 필요시, 학과에서 대학원으로 사유를 기재한 공문 발송
6.
기타
가. 논문지도비 및 심사비 지급 : 2022년 12월 중
나. 표절검사서비스(카피킬러) 사용방법 및 문의처 : 관련 공지사항 참고
* 공지사항 링크 :
일반대학원
_
공지사항
_카피킬러
다. 원문파일 업로드(디콜렉션) 사용방법 및 문의처 : 학술정보운영팀 (02-820-0741)
붙임 : 1. 학위논문 양식틀 (국문) 1부
2.
학위논문 양식틀 (영문) 1부
3.
학위논문 작성을 위한 필수 안내서 1부
4.
연구윤리 확보를 위한 논문검사 서비스 안내 1부
5.
박사조사 설문지 (국문) 1부
6.
박사조사 설문지 (영문) 1부
7-1, 7-2. 영어논문 표절 검색 도구 (턴잇인) 매뉴얼 (7-1 교원용, 7-2 학생용)
8.
영어논문 표절 검색 도구 (턴잇인) 검사 결과 제출 표지 양식 1부
9-1, 9-2.  2022-2 학위논문 원문파일 온라인 제출 매뉴얼 및 안내문 (중앙도서관) 1부. 끝."
biomedical_science,[대학원] 2023학년도 1학기 학·석사연계과정 지원 및 선발 안내,N/A,2022.11.15,https://bioinfo.ssu.ac.kr/%ea%b2%8c%ec%8b%9c%ed%8c%90/%ea%b3%b5%ec%a7%80%ec%82%ac%ed%95%ad/?term_id&slug=4428,"2023학년도 1학기 학·석사연계과정 지원 및 선발을 아래와 같이 진행하고자 하니
관심있는 학사과정생들이 지원할 수 있도록 안내드립니다.
1.
지원기간 : 2022.12.05(월)~12.22(목)
2.
모집학과 : 학사과정과 석사과정에 동일(또는 유사)학과가 있는 학과(계약학과 제외)
3. 지원자격 :
다음 각호 모두 해당되는 자
가. 지원일 당시 학사과정 4학기 이상 6학기 이내 재학 중(건축학부 건축학전공은
6학기 이상 8학기 이내 재학 중)인 자 (학·석사연계과정 신청자는 조기졸업 신청을 할 수 없음)
나. 재수강 이전 과목, 학점포기한 과목, F학점 과목 등을 포함한 전체 과목의
총평점평균이 3.0 / 4.5 이상인 자
다. 7학기 또는 8학기(건축학부 건축학 전공은 9학기 또는 10학기)에
학사과정의 졸업요건을 충족할 수 있는 자
라. 지원하고자 하는 일반대학원 학과 주임교수와 지도교수의 추천을 받은 자
마. 지원하고자 하는 일반대학원의 동일(또는 유사)학과를 주전공 또는 복수전공으로
하는자(부전공, 연계전공은 해당 없음)
4.
제출서류 및 지원방법
가. 학·석사연계과정 신청서 1부.
나. 대학원 교학팀으로 방문 접수(웨스트민스터홀 658호)
5.
선발인원 : 석사과정 입학정원의 20%
6.
발표일 : 2023.01.26(목) 예정 – 학과 및 개별통지
7.
관련안내
가. 대상 : 지원가능 대상자 및 학과
나. 방법 : 안내문 배포 및 관련 동영상 링크(
https://url.kr/jafxc8
)
8.
문의처 : 대학원 교학팀(02-820.0258~9 , grad@ssu.ac.kr)
붙임 : 1. 2023-1 학·석사연계과정 안내문 1부.
2.
학·석사연계과정 신청서 1부.  끝."
biomedical_science,[대학원] 2023학년도 1학기 석·박사통합과정 지원 및  선발 안내,N/A,2022.11.07,https://bioinfo.ssu.ac.kr/%ea%b2%8c%ec%8b%9c%ed%8c%90/%ea%b3%b5%ec%a7%80%ec%82%ac%ed%95%ad/?term_id&slug=4407,"2023학년도 1학기 석·박사통합과정 지원 및 선발을 아래와 같이 진행하고자 하니
관심있는 석사과정생들이 지원할 수 있도록 안내드립니다.
1.
지원기간 : 2022.12.05(월)~12.22(목)
2. 지원자격
가. 일반대학원 석사학위과정 2학기 또는 3학기 재학생(복학예정자 포함)
나. 학업전념학생(2015학년도 2학기 석사입학자로부터 적용)
다. 18학점 이상 취득 또는 취득예정인 학생
라. 석사과정 전공분야와 통합과정 지원 전공분야가 동일한 자
3. 제출서류
가. 공통 : 석·박사통합과정 지원서 1부.(붙임 1)
나. 2015년 이후 입학자: 4대 사회보험 가입내역 확인서 1부.
※ 4대 사회보험 정보연계센터(
www.4insure.or.kr
) 공인인증서 로그인
→ [증명서발급] → 4대 사회보험 가입내역 확인 청구서 신청
→ 4개 처리기관의 처리여부 “출력가능” 확인 후 증명서 출력
※ 강사는 다음의 요건 충족 시 예외적 지원 허용 : 주 6시간 이내 근무로 인한
4대 사회보험 가입은 별도의 증빙서류(경력증명서)제출 시 학업전념학생으로
인정
※
건강보험 지역가입자 중 사업장이 표기되어 있는 경우와
4
대 사회보험
미가입자이나 종교기관 등에서 전임으로 재직하는 경우 등은
직장병행학생으로
간주하여 지원 불가함
4. 지원방법 : 제출서류를 작성하여 대학원 교학팀으로 제출(웨스트민스터홀 658호)
5.
선발인원 : 박사과정 전체 입학정원의 20%
6. 발표일 : 2023.01.26(목) 예정 – 학과 및 개별통지
7. 관련근거
■학칙시행세칙(대학원)
제67조(선발인원) 통합과정 선발인원은 박사과정 입학정원의 20% 범위 내에서
대학원 운영위원회에서 정한다.[본조신설 2014.11.29.]
제68조(지원요건) 통합과정에 지원하고자 하는 자는 다음 각 호의 요건을 모두 갖추어야 한다.
1. 일반대학원 석사학위과정 2학기 또는 3학기 재학생(복학예정자 포함)
2. 학업전념학생
3. 18학점 이상을 취득 또는 취득 예정인 학생
4. 석사과정 전공분야와 통합과정 전공분야가 동일
5. 지도교수의 추천[본조신설 2014.11.29.]
8. 기타
가. 수업연한
1) 4년(8학기) : 석사과정 입학 학기부터
2) 수업연한 단축 : 수업연한의 단축을 희망하는 경우 석·박사통합과정
6학기 또는 7학기 개시 전(방학중) 대학원 교학팀에 수업연한단축신청서를 제출 하고 해당 학기 종료 시 수료요건 충족 및 총 평점평균이 4.0이상이면 6학기 또는 7학기에 수료가능.
단 학업전념학생(Full Time)만 수업연한단축신청이 가능함
나. 석사과정 종합시험 , 석사논문 면제
(
석
·
박사통합과정 선발 후 박사과정에 해당하는 종합시험만 인정
)
다. 박사과정 입학금 면제
라. 안내 : 대학원 홈페이지 내 공지사항 게시
붙임 : 1. 석·박사통합과정 지원서 양식 1부.  끝."
biomedical_science,[채용 공고] 2022 인공지능 학습용 데이터 구축사업 기술과학 크라우드 워커 모집 홍보 안내,N/A,2022.10.17,https://bioinfo.ssu.ac.kr/%ea%b2%8c%ec%8b%9c%ed%8c%90/%ea%b3%b5%ec%a7%80%ec%82%ac%ed%95%ad/?term_id&slug=4370,
biomedical_science,주한영국대사초청 제58차 숭실평화통일포럼 행사 안내,N/A,2022.10.13,https://bioinfo.ssu.ac.kr/%ea%b2%8c%ec%8b%9c%ed%8c%90/%ea%b3%b5%ec%a7%80%ec%82%ac%ed%95%ad/?term_id&slug=4367,"행사일정: 2022.10.25.(화) 15:30~16:30
행사장소: 한경직기념관 김덕윤예배실
제목: The UK and the Two Koreas
강사: Colin Crooks 주한영국대사 (2018~2021 주북한영국대사 역임)
참여방법: 온라인 신청 후 현장 또는 Zoom 참여
※ 참여신청 링크:
https://forms.gle/cyWCM5e4tQ6Sq9dz6"
biomedical_science,[홍보] 초등학생 놀이대회 자원봉사자 모집 홍보 안내,N/A,2022.10.04,https://bioinfo.ssu.ac.kr/%ea%b2%8c%ec%8b%9c%ed%8c%90/%ea%b3%b5%ec%a7%80%ec%82%ac%ed%95%ad/?term_id&slug=4346,
biomedical_science,2023학년도 숭실대학교 전기 대학원 정시모집 안내,N/A,2022.09.27,https://bioinfo.ssu.ac.kr/%ea%b2%8c%ec%8b%9c%ed%8c%90/%ea%b3%b5%ec%a7%80%ec%82%ac%ed%95%ad/?term_id&slug=4341,"2023학년도 숭실대학교 전기 대학원 정시모집을 아래와 같이 안내드리니 관심있는 학생들의 많은 지원바랍니다.
1.
모집일정
– 원서접수: 2022.10.04.(화)~2022.10.14.(금)
– 전형일: 2022.10.29.(토)
– 합격자발표: 2022.11.25.(금) 예정
– 합격자등록: 2023.01.03.(화)~2023.01.05.(목)
2.
숭실대학교 대학원 홈페이지(
https://grad.ssu.ac.kr
) 참조:
관련 공지사항
링크
.  끝."
biomedical_science,2022 한국 제약바이오 채용박람회 홍보 안내,N/A,2022.09.27,https://bioinfo.ssu.ac.kr/%ea%b2%8c%ec%8b%9c%ed%8c%90/%ea%b3%b5%ec%a7%80%ec%82%ac%ed%95%ad/?term_id&slug=4336,
biomedical_science,2023학년도 8월 졸업예정자 논문계획서 제출 확인 및  1차 번역서 제출 안내,N/A,2022.09.27,https://bioinfo.ssu.ac.kr/%ea%b2%8c%ec%8b%9c%ed%8c%90/%ea%b3%b5%ec%a7%80%ec%82%ac%ed%95%ad/?term_id&slug=4330,"2023
년
8
월 졸업예정자로
,
이번학기 졸업논문계획서를 제출한 학생들은
첨부된 파일의 명단을 확인해주시기를 바랍니다
.
*
명단에 누락되어 있거나 지도교수님
,
실험논문
/
리뷰논문이 잘못 기재되어 있는 학생은 과사로 연락을 부탁드립니다
.
번역논문
(
리뷰논문
)
제출 예정자들은
졸업논문
1
차보고서
(
첨부파일 양식 작성
&
논문번역서 및 영어논문
원문을 함께 첨부하여 제출
)
를
12
월
16
일 금요일
까지
학과 이메일
(bioinfo@ssu.ac.kr)
로
제출해주시기 바랍니다
.
*
졸업논문
1
차보고서의 학과장님 승인은 제출 받은 보고서를 토대로
일괄로 받을 예정이니
기한 내에 제출 바랍니다
.
→
논문 번역서
1
차 학부장 심사 및 이후 지도교수께 전달
:
2022
년
12
월
19
일
(
월
) ~ 12
월
30
일
(
금
)
*
이메일로 제출시 메일 제목 및 파일명
:
졸업논문
1
차번역서
_
학번 이름
(ex.
졸업논문
1
차번역서
_20171234
홍길동
)
첨부
1.2023
년
8
월 졸업예정자 졸업논문계획서 제출 명단
2.
졸업논문
1
차 번역서"
biomedical_science,[총학생회] 2022학년도 가을 대동제 행사  기간 중 차량 통제 및 주차 관련 사항 안내,N/A,2022.09.26,https://bioinfo.ssu.ac.kr/%ea%b2%8c%ec%8b%9c%ed%8c%90/%ea%b3%b5%ec%a7%80%ec%82%ac%ed%95%ad/?term_id&slug=4316,"1.
학생서비스팀은
2022
학년도 가을 대동제와 관련하여 교내 차량 통행 및 주차 관련 사항을 안내드립니다
.
2.
상세 안내 사항
가
.
적용 시기
: 2022
학년도 가을 대동제 기간
(2022.09.27.(
화
) ~ 2022.09.30.(
금
))
나
.
통제 내용
: [
붙임 파일의 통제구역 참고도 참조 요망
]
1)
주간
가
)
민주로 및 분수 광장 주변 일부 도로 출입 통제 예정
나
)
통제구역 외 도로는 사용 가능
2)
야간
:
민주로 및 분수 광장 주변 전체 도로 출입 통제 예정
(
한경직 기념관
주차장 이용 가능
)
3)
주차
가
)
대동제로 인하여 인파가 몰릴 예정이므로 가급적 지하주차장 이용 요망
나
)
야간 주차 입구에서 가장 가까운 주차장으로 진입하여 주차하는 것은 가능
4)
기타사항
:
가
)
대동제 기간 중 학생들 안전을 위하여 가급적 통제구역에 협조 요청 및
학교 주변 도로 주행 시 저속 운전 요망
붙 임
2022
학년도 가을 대동제 중 도로 통제구역 참고도
1
부
.
끝
."
biomedical_science,기초과학융합연구소 9월 21일(수) 런치세미나 홍보 안내,N/A,2022.09.16,https://bioinfo.ssu.ac.kr/%ea%b2%8c%ec%8b%9c%ed%8c%90/%ea%b3%b5%ec%a7%80%ec%82%ac%ed%95%ad/?term_id&slug=4306,"https://iibs.ssu.ac.kr/%ec%84%b8%eb%af%b8%eb%82%98/%eb%9f%b0%ec%b9%98%ec%84%b8%eb%af%b8%eb%82%98/?term_id&slug=4571
안녕하세요. 기초과학융합연구소의 9월 21일 런치세미나에 대해 안내드립니다.
•일시: 9월 21일 수요일 오후 12시
•링크:
https://ssu-ac-kr.zoom.us/j/7781420554
•연사: 정연욱 교수 (성균관대 나노과학기술원, 양자정보연구지원센터장)
•제목: 양자컴퓨터의 최신 기술동향 및 전망 – 초전도 기술을 중심으로
•초록: 추후 공지"
biomedical_science,2022학년도 2학기 유고결석 안내,N/A,2022.09.06,https://bioinfo.ssu.ac.kr/%ea%b2%8c%ec%8b%9c%ed%8c%90/%ea%b3%b5%ec%a7%80%ec%82%ac%ed%95%ad/?term_id&slug=4289,
biomedical_science,2023학년도 2월 졸업예정자 최종 졸업논문제출 안내,N/A,2022.09.02,https://bioinfo.ssu.ac.kr/%ea%b2%8c%ec%8b%9c%ed%8c%90/%ea%b3%b5%ec%a7%80%ec%82%ac%ed%95%ad/?term_id&slug=4280,"–
대상
:
앞선 절차를 끝내고
,
방학 중 지도교수와 이해도 대면 심사 및 결과 보고서까지 과사에 제출한
2023. 2
월 졸업예정자
–
최종 졸업논문제출 기간
: ~2022
년
11
월
18
일
(
금
)
까지
–
방법
:
자기표현으로 바꾸고 보충한 뒤 졸업논문제출 양식에 맞게
작성하여
(
국문
/
영문 중
1
택
)
과사 이메일로 제출
(
bioinfo@ssu.ac.kr
)
(*
본래
1
차 서면 제출
, 2
차 이메일 제출이 맞으나
,
코로나로 인해 일괄 이메일 제출
해주시기 바랍니다
.)
–
해당자
:
첨부파일 참조
(*
누락되었을 시
,
학과 사무실로 연락 바랍니다
)
*
졸업논문 종합안내
(
첨부
)
를 참고해 주시고
,
졸업논문제출 양식
(
첨부
)
을 다운로드하셔서 따라주시고
,
인용표기에 유의해주시기 바랍니다
.
논문을 번역
(
리뷰논문
)
하여 졸업논문으로 제출하고자 할 때는 반드시 첫 페이지 제목
옆에 윗첨자로
¹
⁾
이라 달고
,
첫 페이지 맨 아래에
¹
⁾
이 논문은
‘
전체 저자명
. (
연도
).
제목
.
저널명
Volume number,
시작
page-
마지막
page
번호
.’
의 논문을 번역한 것임
.
이라고 반드시 명시해야함
.
예를 들어 다음과 같이 인용해야 함
.
¹
⁾
이 논문은
‘Rogers, P.R., Song, J., Gramaglia, I., Killeen, N. and Croft, M. (2001). OX40 promotes Bcl-xL and Bcl-2 expression and is essential for long-term survival of CD4 T cells. Immunity 15, 445-455.’
의 논문을 번역한 것임
.
*
논문표절의 오해소지가 있으니 반드시 기입하여야 함
.
*
일정에 따르지 않는 학생을 졸업이 연기됨
.
*
논문번역서는 리뷰논문과 똑같은 포맷으로 작성
(
그림
,
도표 모두 입력
)
*
최종졸업논문은 첨부된 졸업논문양식에 맞게 작성
–
리뷰논문으로 선정한 논문의 길이
(PAGE
수
)
에 준하는 논문을 작성하여 제출하도록
합니다
.
–
리뷰논문으로 선정한 논문과 똑같은 내용이 될 수 없으며 반드시 자신의 언어로 해석한 내용으로 논문을 작성하여 제출합니다
.
*
전체 졸업사정을 보기를 원하시는 분께서는 학부교육의
<
기타 내규
>
를 참조해주시기
바랍니다
.
첨부
:
1.2023.2
월 졸업예정자 명단
2.
졸업논문양식
(
국문
)
3.
졸업논문양식
(
영문
)
4.
의생명시스템학부
_
졸업논문 종합안내
(
첨부파일
2, 3
중 각자의 형식에 맞는 것을
1
택
/ 2, 3
모두 쓰는 것은 아님
)"
biomedical_science,[대학원] [학위논문] 2022학년도 2학기 연구윤리 이수 안내 및 신청 명단 제출 요청 안내,N/A,2022.09.02,https://bioinfo.ssu.ac.kr/%ea%b2%8c%ec%8b%9c%ed%8c%90/%ea%b3%b5%ec%a7%80%ec%82%ac%ed%95%ad/?term_id&slug=4274,"2022학년도 2학기 연구윤리 교육 일정을 안내드리니, 수강을 희망하는 학생은 붙임의 신청 명단을 작성해 주셔서,
9
월
19
일
(
월
)
까지
학부 메일(
bioinfo@ssu.ac.kr
)로 회신을 부탁드립니다.
1.
내용
가. 교육명
1) 대학원생을 위한 연구윤리(인문사회계열)
2) 대학원생을 위한 연구윤리(이공계열)
나. 교육내용 : 사회적책임, 연구데이터, 출판윤리, 연구부정행위, 연구공동체, 생명윤리
다. 교육컨텐츠 제공 기관 : 국가과학기술인력개발원(KIRD)
※
본교 스마트캠퍼스를 통해 학습 및 이수해야 함
2.
대상
:
교육수강을 희망하는 본교의 모든 대학원생
가. 과거 이수 여부 확인 : u-SAINT 의 [성적/졸업]의 [논문/졸업] 맨 하단에서 확인가능
나. 시행세칙(대학원)에 의거하여 일반대학원 학위 논문 제출 전 연구윤리 과정을 반드시
이수해야 하며,
2022
학년도
2
학기 학위청구논문제출 예정자 중 미이수자는 이번
학기에
반드시 이수해야 함
신청 절차
: 학과에서 신청학생 명단 취합 후 공문으로 발송
수강 기간
신청방법
1차
2022. 10. 01 ~ 10. 31
학과에서 신청자 취합 후
명단을 공문으로 발송
2차
2022. 11. 01 ~ 11. 30
수강 방법
가. u-SAINT 접속 후 좌측 중단의
스마트캠퍼스 바로가기
클릭
나.
또는
직접접속
(https://class.ssu.ac.kr/mypage)
후 마이페이지
클릭
5.
평가비율 및 수료기준
:
모든 수업 컨텐츠별 진도
90%
이상 진행되어야만 수료
※ 학습이수현황에서 콘텐츠의 진도현황을 확인할 수 있으며,
수강해야할 모든 콘텐츠를 각각
90%
이상 이수해야 합니다
.
붙임 : 2022학년도 2학기 연구윤리 교육 신청자 명단 양식 1부. 끝."
biomedical_science,2022학년도 2학기 교내장학금 추가 신청 시행 안내,N/A,2022.09.01,https://bioinfo.ssu.ac.kr/%ea%b2%8c%ec%8b%9c%ed%8c%90/%ea%b3%b5%ec%a7%80%ec%82%ac%ed%95%ad/?term_id&slug=4266,"2022학년도 2학기 교내장학금 신청 시행을 다음과 같이 안내합니다.
1.
교내장학금 자격요건
가. 2022학년도 2학기 국가장학금 신청(2022.09.15까지 신청 가능) 및
서류제출을 완료하고 소득분위가 조회된 자 (국가장학금 지급 대상 분위의 경우 심사가 완료된 자)
나. 2022학년도 2학기 재학 학생으로 등록금 납부 예정인 자
1) 2022학년도 2학기 前 등록휴학 후 복학시 장학생 선발대상에서 제외
2) 미등록, 입학취소, 복학취소, 휴학 등 학적변동 시 모든 장학금 취소
다. 직전학기 15학점 이상 이수한 자(최종 직전학기는 12학점)
라. 등록학기가 8학기 이내인 자(건축학부 건축학전공은 10학기 이내)
2.
신청절차
가. 온라인 신청기간 및 서류제출기간 : 2022년 9월 1일(목) 10:00~9월 21일(금) 17:00(3주간)
나. 학생 신청방법: u-SAINT포털 – 등록/장학 – 장학메뉴 – 장학금 신청
다. 학생 서류제출: 온라인 신청기간 내 방문 및 등기우편제출 가능(세부내용 붙임 파일 참조)
※ 단, 고시장학금의 경우 등기우편 불가
3.
장학금 관련 부서
– 학생 선발: 아래 부서에만 해당
장학금명
관련부서
협조사항
국제교류장학금
국제처 국제팀
1. 온라인 신청없음 (학생문의응대 협조)
2. 부서 장학생 자격 검증 및 해당 장학생 추천
특기자장학금(축구)
학생처 학생서비스팀
특기자장학금(골프,당구)
스포츠학부
장애학생장학금
장애학생지원센터
목사자녀장학금
교목실 학원선교팀
1. 학생문의응대 협조
2. 신청서류 자격 검증 및 해당 장학생 추천
전문자격시험 합격자
장학금
진로취업팀
봉사장학금
봉사장학금 추천 전 부서
소득분위 조회, 학기말까지 임기완료한 자,
학점 기준 충족(평점평균 2.3) 등
봉사장학금
대상 예정자 자격요건 확인하도록 안내
*추천 후 명단 변경 불가
붙임    1. 장학금 선발자격 및 제출서류 안내 1부
2.
장학금 신청매뉴얼(교내장학금 신청) 1부. 끝."
biomedical_science,[채용 공고] ㈜안트로젠 2022년 하반기 인턴 모집,N/A,2022.09.01,https://bioinfo.ssu.ac.kr/%ea%b2%8c%ec%8b%9c%ed%8c%90/%ea%b3%b5%ec%a7%80%ec%82%ac%ed%95%ad/?term_id&slug=4263,"안트로젠은 성체줄기세포를 이용한 세포치료제 및 희귀의약품을 전문적으로 연구 개발하는 바이오벤처 기업입니다
.
2022
년 하반기 인턴을 모집하오니 많은 관심과 지원바랍니다
.
1.
채용인원
:
인턴 0 명
2.
근무지
:
안트로젠 마곡 중앙연구소
(
강서구 마곡 중앙
2
로
65)
3.
지원자격
:
대학교 재학생 및 졸업예정자
(
학년 및 전공 무관
)
4.
주요업무
: GMP
시설 내 품질관리 업무
5.
근무조건
–
근무기간
: 2022. 9. 15 ~ 2. 28
–
근무시간
:
주
5
일 풀타임
–
급여
:
월
195
만원
6.
기타
–
제약
/
바이오 기업의
GMP
시설 품질관리 실무 업무 경험 가능
–
인턴 수료증 발급
7.
제출서류
:
이력서 및 자기소개서
(
자유양식
),
재학증명서
(
제출처
:
kevin@anterogen.com
)
8.
전형절차
:
서류 검토
>
면접
9.   원서접수 기한: 2022.9.8
10.
채용문의
:
유상훈 이사
(02-6902-9932)"
biomedical_science,[채용 공고] 티큐브잇 주식회사 인공지능 알고리즘 개발 전문연구요원 모집,N/A,2022.08.30,https://bioinfo.ssu.ac.kr/%ea%b2%8c%ec%8b%9c%ed%8c%90/%ea%b3%b5%ec%a7%80%ec%82%ac%ed%95%ad/?term_id&slug=4260,"TCUBEit은 환자 중심의 “Sage, Simple & Affordable Cell Therapy” 개발을 목표로 설립된 연구 중심의 바이오 기업입니다.
면역세포기반의 세포치료제로 고형암 치료를 일차 목표로 연구개발을 진행하고 치료제 제조공정을 확립하고 있습니다.
혁신적인 면역세포치료제 개발을 함께 이끌어갈 TCUBEit R&D Center의 핵심 인재를 모집합니다.
생명정보(BI) 관련해서 석사 이상의 연구원(전문연구요원)을 계속 모집 중입니다."
biomedical_science,[채용 공고] [메가스터디교육그룹] (주)아이비김영,N/A,2022.08.25,https://bioinfo.ssu.ac.kr/%ea%b2%8c%ec%8b%9c%ed%8c%90/%ea%b3%b5%ec%a7%80%ec%82%ac%ed%95%ad/?term_id&slug=4252,"메가스터디교육그룹의
㈜아이비김영
입니다.
국내 편입학의 80%를 차지하고 있으며 상장회사입니다.
편입학 이외에도 신입학, IT, 뷰티, 평생교육 등의 다양한 분야로 그 범위를 넓혀가고 있습니다.
그 중심에 진로진학연구소가 있습니다.
저희 연구소에서는
현재 편입모의고사를 다양화하고 세분화하고 있습니다.
특희 의약대, 연고대, 경찰대 등의 상위권 모의고사를 기획 및 운영하고 있으며
이 업무를 책임감있게 담당할 인재를 찾고 있습니다.
1. 이왕이면 졸업자였으면 하고, 10월부터 근무가 가능하다면 졸업예정자도 무관합니다.
2. 생물, 화학 관련 전공자이면 좋고, 자연계열 전공자도 무관합니다.
3. 문서작성능력(엑셀, 컴퓨터활용능력)이 좋았으면 좋겠습니다.
>>채용링크
https://www.jobkorea.co.kr/Recruit/GI_Read/39090634?Oem_Code=C1
http://job.ssu.ac.kr
진로취업센터를 통하여, 지원 요망."
biomedical_science,[대학원] 2022학년도 2학기 수료생 논문등록(연구등록) 안내,N/A,2022.08.25,https://bioinfo.ssu.ac.kr/%ea%b2%8c%ec%8b%9c%ed%8c%90/%ea%b3%b5%ec%a7%80%ec%82%ac%ed%95%ad/?term_id&slug=4248,"2022학년도 2학기 수료생 논문등록(연구등록)을 다음과 같이
안내드리니
2022학년도 2학기 논문 제출 예정인 수료생들은 확인해 주셔서, 등록을 부탁드립니다.
1.
등록대상
가. 수료생 연구등록 자격을 갖춘 자로서 2022학년도 2학기 논문 제출 예정자
나. 재학생은 해당 없음
※ 단,
2022-2
학기 논문 제출 예정인 학점등록생
(석사, 박사 5학기 이상, 석박사 통합과정 9학기 이상 재학생) 및
학석사 연계과정
2
학기생은 등록대상임
2.
논문등록자격
(
아래의
‘
가
~
다
‘
모든 자격사항 해당자
)
가
.
수료생
(
영구수료 해제자 포함
)
나
.
종합시험 합격자
※
2022-2
학기 응시자도 가능하나
,
불합격시
,
논문 제출 및 연구 등록비 환불이 불가함
다
.
논문지도교수를 배정받고 석사과정은
2
개학기
,
박사 및 석박사 통합과정은
3
학기 이상
논문지도를 받은 자
3.
등록기간
:
2022
년
9
월
14
일
(
수
) ~ 16
일
(
금
) 09:00 ~ 16:00
4.
등록금액
가. 석사 : 80,000원
나. 박사 및 석박사통합과정 : 120,000원
5.
등록방법
가
. U-SAINT
에서 기타납부금고지서를 출력 및 확인 후 해당 계좌로 등록금액 입금
1)
등록기간 내
u-SAINT
에 로그인하여
‘
등록
/
장학
_
기타납부금고지서출력
‘
메뉴에서
계좌를
확인 후 입금
2) 고지서는 9월 14일(수)부터 확인 가능
6.
기타
가
.
논문등록비 납부 확인
※ U-SAINT로그인 후 등록/장학_등록금납입이력조회 메뉴에서 납부 다음날부터 확인 가능
나
.
연구등록증명서
1) 연구등록증명서는 수료생연구등록비를 납부한 학생에 한해 납부 다음날 부터 발급가능
2) 발급방법
가) 교내 진리관 1층, 신양관 1층 발급기를 통한 발급
나) 인터넷 증명 발급
다
. U-SAINT
로그인 문제는 학생서비스팀
Help Desk(02-820-0067~8)
로 문의해 주시기 바랍니다."
biomedical_science,2023년 8월 졸업예정대상자 졸업논문계획서 및 번역서 제출안내,N/A,2022.08.19,https://bioinfo.ssu.ac.kr/%ea%b2%8c%ec%8b%9c%ed%8c%90/%ea%b3%b5%ec%a7%80%ec%82%ac%ed%95%ad/?term_id&slug=4242,"2023
년도
8
월 졸업예정자는
9
월
16
일 금요일까지
지도교수 선정 및 졸업논문계획서
(
첨부파일
)
를
작성하여
학과 방문 혹은 학과 이메일
(bioinfo@ssu.ac.kr)
로 제출해 주시기 바랍니다
.
제출시 유의사항
1.
리뷰논문
/
실험논문 잘 체크해주시기 바랍니다
.
2.
논문지도교수님은 진로지도교수님과 다르며
,
학생이 직접 논문지도교수님을 정하여 직접 메일로 연락드리고
온라인 혹은 오프라인으로 확인받은 후 졸업논문계획서를
제출해주시기 바랍니다
.
3.
이메일로 제출시 메일 제목 및 파일명
:
졸업논문계획서
_
학번 이름
(ex.
졸업논문계획서
_20191234
홍길동
)
번역논문
(
리뷰논문
)
제출 예정자분들은 학기가 끝나기 전
12
월
16
일 금요일까지
졸업논문
1
차보고서
(
논문번역서 및 영어논문 원문
)
를 학과 이메일로 제출해주시기 바랍니다
.
졸업논문일정은 다음과 같습니다
.
상황에 따라 일정이 변경될 수도 있사오며
,
일정별로 안내가 될 예정이니
구체적인 일정과 내용은 홈페이지 공지를 참고해주시기를 바랍니다
.
1.
졸업논문계획서 제출
: 2022
년
9
월
16
일 금요일까지
2. ‘
리뷰 논문
’
시 논문 번역서 제출
: 2022
년
12
월
16
일 금요일까지
3.
논문 번역서
1
차 학부장 심사 및 이후 지도교수께 전달
: 2022
년
12
월
19
일
(
월
) ~ 12
월
30
일
(
금
)
4.
이해도 대면 심사 및 결과보고서 제출
: 2023
년
2
월
24
일
(
금
)
까지
5.
최종 졸업논문 작성 및 제출
: 2023
년
5
월
19
일
(
금
)
까지
*
자기표현으로 바꾸고 보충하여 졸업논문 작성 및 제출
6.
최종 졸업논문 교수님 심사
: 2023
년
5
월
22
일
(
월
) ~ 5
월
31
일
(
수
)"
biomedical_science,[대학원] 2022학년도 2학기 논문지도교수 위촉 및 변경안내,N/A,2022.08.17,https://bioinfo.ssu.ac.kr/%ea%b2%8c%ec%8b%9c%ed%8c%90/%ea%b3%b5%ec%a7%80%ec%82%ac%ed%95%ad/?term_id&slug=4227,"2022학년도 2학기 석사·박사과정의 논문지도교수 위촉 및 변경을 다음과 같이 안내합니다.
1.
관련 규정 : 숭실대학교 학칙시행세칙(대학원) 제 4장 제33조 및 제34조
제 33조(논문지도교수 배정)
① 일반대학원 각 과정의 학생은 1차 또는 2차 학기 중에 논문 지도교수를 배정받아야 한다.
<개정 2016. 8. 19.>
제 34조(일반대학원의 논문지도교수 위촉 및 교체)
① 대학원장은 주임교수의 추천을 받아 논문지도교수를 다음과 같이 위촉한다.<개정 2011. 2. 25>
1.
학생의 전공분야와 동일한 본교 정년직 전임교원
<개정 2009. 4. 13., 2016. 8.19>
2.
<삭제 2016. 8. 19.>
3.
제1호에도 불구하고 필요하다고 인정되는
비정년직 전임교원
<개정 2011. 2. 25, 2016, 8. 19>
② 논문지도교수가 질병, 유학 등 부득이한 사유로 학생의 지도가 불가능할 때에는 학과 주임교수를
경유하여 대학원장의 승인을 얻어 교체할 수 있다.
③ 논문지도교수를 위촉 또는 교체할 때 학생의 전공분야와 동일한 교수가 본교에 없을 경우는 위의
자격을 갖춘 타교의 교수로 할 수 있다.
④ 제1항 내지 제3항에도 불구하고 부득이한 경우에 한하여, 명예교수 및 퇴직한 교수가 재직시 지도
하던 학생에 대하여 계속 지도하게 할 수 있다.
2.
대상
가. 논문지도교수 위촉
1) 논문지도교수를 위촉하지 않은 모든 학생
2)
석사
3
학기
,
박사
2
학기 학생 중 지도교수 미위촉된 학생 필수 위촉
3) 논문지도교수 위촉 및 변경 시 교수 1인당 박사 및 석박사통합과정 논문지도 학생(재학생)수
6명 기준 제한
※
학내외에서 본교 박사학위 논문의 질과 관련 문제 제기 및 우려가 있으며
,
교육부의 논문
지도 및 심사 지침 강화 및 대학원운영위원회 결의에 따라
논문 지도 학생을
6
명까지 제한
하오니 적극 고려하여
주시기 바랍니다
. (
교수
1
인당 적정 논문지도 학생수
: EUA 4~6
명
,
영국은 통상적으로
6
명으로 규정하고 있음
)
※ 단, 각 학과의 사정으로 인해 부득이 교수 1인당 지도학생수(박사 및 석박사통합과정) 6명
을 초과하는 경우
사유서
를 공문에 첨부하여 제출해 주시기 바랍니다.
나. 논문지도교수 변경
1) 기 위촉한 논문지도교수를 변경하고자 하는 학생
다. 2022학년도 2학기 신입 외국인유학생
1)
신입생 외국인유학생의 학교 생활에 잘 적응할 수 있도록
1
학년
1
학기에 지도교수를 위촉
하여
주시기 바랍니다.
제출서류
가.
논문 지도교수 위촉
1) 논문 지도교수 위촉 및 변경 양식
[
붙임
1]
: 엑셀파일. 작성하여 공문에 첨부
2) 논문 지도교수 배정서
[
붙임
2]
: 한글파일. 스캔하여 공문에 첨부 (학과별, 교수별 작성)
나.
논문 지도교수 변경
1) 논문 지도교수 위촉 및 변경 양식
[
붙임
1]
: 엑셀파일. 작성하여 공문에 첨부
2) 논문 지도교수 변경 신청서
[
붙임
3]
: 한글파일. 스캔하여 공문에 첨부 (학생별 작성)
[제출서류표]
구분
공통 제출서류
제출서류
비고
논문 지도교수 위촉
논문 지도교수 위촉
및 변경 양식
[
붙임
1]
논문지도교수 배정서
[
붙임
2]
학과별, 교수별 작성
논문 지도교수 변경
논문지도교수 변경 신청서
[
붙임
3]
학생별로 작성
4. 제출 기간 :
2022.09.01.(
화
) ~ 09.05(
월
)
5.
제출 방법
9월 5일(월)까지 서류를 준비하셔서, 학과실(벤처관 713호)로 제출
6.
기타
석사과정은 2개학기, 박사 및 석박통합과정은 3개학기 이상 논문지도비를 납부하고, 논문지도를
받아야 논문 작성 및 제출이 가능하오니
논문 작성 일정에 차질이 발생하지 않도록 유의부탁드립니다.
붙임 1. 논문지도교수 위촉 및 변경양식(EXCEL) 1부
2.
논문지도교수 배정서 1부
3.
논문지도교수 변경 신청서 1부. 끝."
biomedical_science,[대학원] [학위논문] 2022학년도 2학기 일반대학원 학위논문 일정 및 진행 안내,N/A,2022.08.17,https://bioinfo.ssu.ac.kr/%ea%b2%8c%ec%8b%9c%ed%8c%90/%ea%b3%b5%ec%a7%80%ec%82%ac%ed%95%ad/?term_id&slug=4220,"2022학년도 2학기 일반대학원 학위논문 일정을 아래와 같이 안내드립니다.
[논문 진행 순서]
1.
논문발표 및 심사대상
4
학기 재학생 및 수료생
(
영구수료해제자 포함
)
논문등록자로
아래
‘
가
~
바
‘
사항을 모두 충족 시킨 자
가. 학점 취득자
1) 석사
24학점 이상 취득(예정)
2) 박사
36학점 이상 취득(예정)
3) 석·박사통합
60학점 이상 취득(예정)
※ 중복과목은 제외함
※ 선수과목, 추가학점 지정자는 선수과목 이수 및 추가학점 취득이 필요함
나. 종합시험 합격자
1) 논문진행 학기 응시자도 가능하나, 불합격 시 논문 제출이 불가함
2) 2022학년도 2학기 종합시험 시행결과는 9월 16일(금) 발표 예정임
3) 종합시험 시행결과를 참고하여 학위논문 발표자격 최종 확인해야 함
다. 연구윤리교육 이수(예정)자
1) 대학원에서 지정한 연구윤리교육을 이수한 자 또는 이번 학기 이수 예정자
2) 2022학년도 2학기 연구윤리교육은 10월(1차), 11월(2차)에 개설될 예정임 (추후 안내 예정)
라. 논문지도교수를 배정 받고 논문지도를 받은자(논문작성학기 포함)
1) 석사과정
논문지도교수를 배정받고 2개학기 이상 논문지도를 받은자
(논문 작성 학기 포함)
2) 박사 및 석·박사통합과정
논문지도교수를 배정받고 3개학기 이상 논문지도를 받은자
(논문 작성 학기 포함)
마. (외국인) 한국어 능력 기준을 갖춘 자
※
공개발표 결과보고서 제출
이전까지
TOPIK 4
급 이상 취득하고 증빙 제출 한 경우
,
연구실적을
근거로 주임교수 명의의
TOPIK
면제 추천이 공문으로 제출된 경우에만 논
문
진행이 가능함
바. (박사 및 석․박사통합과정) 학칙시행세칙(대학원)제30조의 연구실적을 충족한 자
※
공개발표 결과보고서 제출 시
,
연구실적 게재가 완료되어야만 논문 진행이 가능함
2.
논문공개발표 및 공개발표 결과보고
가.
기간
: 2022
년
9
월
13
일
(
화
)
∼
9
월
23
일
(
금
)
나. 공개발표 방법 : 논문지도교수 · 주임교수 · 학과교수 참석 하에 질의 응답 진행
다. 공개발표 결과보고 제출사항
1)
공개발표결과보고서
[
붙임
1]
:
학과에서 취합하여 기간 내 대학원으로
오프라인
제출
2)
연구윤리준수확인서
[
붙임
2]
(
공개발표 결과 합격자만 해당
) :
학과에서 취합하여 기간 내
대학원으로
오프라인
제출
3.
논문심사위원 추천
(
공개발표 결과보고서 제출시
,
합격자만 해당
)
가.
기간
: 2022
년
9
월
13
일
(
화
)
∼
9
월
23
일
(
금
)
나. 심사위원
1) 석사학위과정 : 3명 (외부 심사위원 위촉 시 1명까지 가능)
2) 박사학위과정 : 5명 (외부 심사위원 1명 이상 반드시 포함 필요)
※
학위과정별 심사위원 위촉 인원
(
석사
3
명
,
박사
5
명은 반드시 준수
)
※
교내 근무자는 모두 내부심사위원으로 구분됨
다. 심사위원 추천 제출사항
1)
공개발표결과 및 심사위원명단 제출양식
(EXCEL)[
붙임
3]
– 학과에서 취합된 공개발표 결과보고서를 기준으로 제출양식 엑셀파일을 작성 및 첨부하여
기간 내 대학원으로
공문 발송
2)
심사위원명단
[
붙임
4,
붙임
5]
가) 학과에서 취합하여 기간 내 대학원으로
오프라인 제출
나) 직전학기 최종심사 연기자도 심사위원 명단 제출(완본 연기자는 제출하지 않음)
4.
가제본 및 카피킬러 검사결과
‘
상세보기
‘
제출
가.
기간
: 2022
년
10
월
4
일
(
화
) ~ 10
월
14
일
(
금
)
나. 대상: 공개발표에 합격하여 최종심사 대상이 된 자
다. 가제본 제출
구분
석사과정
박사과정
비고
가제본 제출
[별도 양식 없음]
3부
5부
학과 주임교수 및 지도교수 확인 후
각 심사위원에게 직접 제출
※
교학팀 제출 불필요함
카피킬러 검사결과
‘
상세보기
‘
제출
[
붙임
6]
참조
3부
5부
[
붙임
6]
의 연구윤리 확보를 위한 논문검사
서비스 안내’파일의 pg.4 참조하여 지도교수
확인 후 심사위원에게 제출
라. 개정된 학칙시행세칙(대학원)에서 학위논문 피심사자격에 ‘논문유사도검사시스템을 통해 학위논문
의 유사도를 확인하고
결과보고서를 제출한 자’가 추가되었으며, 본교는 현재 논문유사도검사시스템
으로 카피킬러를 지정하고 있음
5.
심사비 납부
가.
기간
: 2022
년
10
월
19
일
(
수
) ~ 10
월
21
일
(
금
)
나. 대상 : 공개발표에 합격하여 최종심사 대상인 자
다. 심사비 납부 : 납부 방법은 추후 대학원 홈페이지 공지 등 안내 예정
6. 최종심사 결과보고
가.
기간
: 2022
년
10
월
17
일
(
월
) ~ 11
월
25
일
(
금
)
나. 최종심사 결과보고 제출사항
1)
최종심사결과 제출양식
(EXCEL)
[
붙임
7]
: 학과에서 취합된 심사 결과보고서를 기준으로 제출
양식 엑셀파일을 작성, 첨부하여 기간 내
대학원으로 공문발송
2) 제출서류 :
학과에서 취합하여 기간 내 대학원으로 오프라인 제출
가) 석사학위과정 : 석사학위청구논문 심사 결과보고서[붙임8], 심사요지서[붙임10]
나) 박사학위과정 : 박사학위청구논문 심사 결과보고서[붙임9], 심사요지서[붙임10],
박사학위청구논문 심사 일지(2차)[붙임11],
박사학위청구논문 심사 일지(3차)[붙임12],
박사학위청구 논문 심사결과 투표용지(5매)[붙임13]
7.
논문완본 제출
가. 기간 :
2023
년
1
월
3
일
(
화
)
∼
1
월
4
일
(
수
) (2
일간
)
[
붙임
14,
붙임
15,
붙임
16]
나. 2022년 12월 중 학위논문 파일을 본교 중앙도서관 홈페이지에 업로드 후 저작권 동의서를 출력
하여 논문완본과 함께 제출 (관련 세부 사항은 추후 별도 안내 예정임)
8.
관련 규정
: 학칙시행세칙(대학원) 제4장 학위논문 [붙임17]
붙 임 1. 공개발표결과보고서 1부
2.
연구윤리준수확인서 1부
3.
공개발표결과 및 심사위원명단 제출양식(EXCEL) 1부
4.
석사학위청구논문 심사위원명단 1부
5.
박사학위청구논문 심사위원명단 1부
6.
연구윤리 확보를 위한 논문검사 서비스 안내 1부
7.
최종심사결과 제출양식(EXCEL) 1부
8.
석사학위청구논문 심사 결과보고서 1부
9.
박사학위청구논문 심사 결과보고서 1부
10.
심사요지서(석,박사) 1부
11.
박사학위청구논문 심사 일지(2차) 1부
12.
박사학위청구논문 심사 일지(3차) 1부
13.
박사학위청구논문 심사결과 투표용지 1부
14.
학위논문양식(국문)(인준서 포함) 1부
15.
학위논문양식(영문)(인준서 포함) 1부
16.
학위논문 작성을 위한 필수 안내서 1부
17.
학칙시행세칙(대학원) 제4장 학위논문 1부. 끝."
biomedical_science,2022학년도 2학기 스마트카드(학생증) 신청 및 발급 안내,N/A,2022.08.17,https://bioinfo.ssu.ac.kr/%ea%b2%8c%ec%8b%9c%ed%8c%90/%ea%b3%b5%ec%a7%80%ec%82%ac%ed%95%ad/?term_id&slug=4214,"1. 2022학년도 학생증(스마트카드) 발급 일정을 안내드립니다.
2. 발급 일정
구분
내국인
외국인
신청기간
09.01.(목)~09.04.(일)
09.01.(목) 이후
신청방법
우리은행 모바일앱 ‘우리WON뱅킹’
*학생증 전사용 사진파일 필요
1. 외국인등록번호 소지자: 내국인
신청/교부 절차와 동일
2. 외국인등록번호 미소지자: 학생서비스팀 방문 신청 및 수령
*신분증 필참, 사진파일
교부기간
09.13.(화)~09.19(월)
*모바일 앱 신청 시 수령처 선택 가능
(우리은행 숭실대 지점 또는 자택)
3. 행정사항
가. 학생증 발급 관련 문의
* 앱 신청 시 오류 문의: 우리 WON 뱅킹 고객상담센터 1588-5000, 1599-5000
* 학생서비스팀: 02)820-0065, 0067
* 우리은행 숭실대 지점: 02)826-4522(내선 210)
나. 재학생 대상 학생증 재발급: 학생서비스팀(미래관 106호)에서 직접 신청
– 모바일 학생증은 2학기 개강일(09.01.)부터 사용이 가능합니다.
붙 임  1. 학생증 발급 및 U-SAINT 최초 로그인 안내자료 1부.
2.
학생증 발급 안내자료(우리은행 작성) 1부. 끝."
biomedical_science,[대학원] 2022-2학기 타과개설 강좌 전공학점 인정확인서 제출 안내,N/A,2022.08.16,https://bioinfo.ssu.ac.kr/%ea%b2%8c%ec%8b%9c%ed%8c%90/%ea%b3%b5%ec%a7%80%ec%82%ac%ed%95%ad/?term_id&slug=4209,"2022학년도 2학기 타과 개설 강좌 수강 전공학점 인정확인서 제출을 안내합니다.
1.
타과 개설 강좌 수강 전공학점 인정확인서
가. 내용 : 타과 개설강좌를 본 학과 전공학점으로 인정
나. 대상 : 주임교수 및 과목담당교수 확인을 받은 자(제출서류에 확인서명)
다. 제출서류 : 타과 개설 강좌 수강 전공학점 인정확인서(첨부서류 참조)
라. 제출처 : 대학원 교학팀(웨스트민스터홀 658호)
마. 제출기한
1)
정규기간
: 2022
년
8
월
16
일
(
화
) ~ 8
월
22
일
(
월
)
2)
추가기간
: 2022
년
9
월
1
일
(
수
) ~ 7
일
(
수
) 10:00 ~ 17:00
까지
바. 주의사항
1) 수강신청은 본인이 u-SAINT에서 직접 해야 함
2) 타과개설강좌를 포함하여 12학점 신청하는 경우 ’12학점 수강신청승인서’를 함께 제출해야 함
3)
수강신청 변경기간 종료 후에는 강의 변경 및 수강 철회가 불가하니 수강신청 시
미리 과목 수강 적합성을 강의개설 학과 및 교과목 담당 교수와 확인하시고 서류 제출 후 수강신청하시기 바랍니다
.
(
타 학과 수업을 수강하는 경우
,
과목 담당교수와의 상담이 필수적임
)
4) 다음에 해당하는 학생은 타과 개설 강좌 수강 전공학점 인정확인서를 제출하지 않아도 본 전공학점으로 인정됨"
biomedical_science,[대학원] 2022-2학기 12학점 수강신청서 제출 안내,N/A,2022.08.16,https://bioinfo.ssu.ac.kr/%ea%b2%8c%ec%8b%9c%ed%8c%90/%ea%b3%b5%ec%a7%80%ec%82%ac%ed%95%ad/?term_id&slug=4205,"2022학년도 2학기 12학점 수강신청 승인서 제출을 안내합니다.
1.
12학점 수강신청 승인서(
석사
,
박사
,
석박통합과정 해당
-1
학기생 제외
)
가. 내용 : 한 학기 수강 최대학점인 9학점을 12학점으로 변경
나. 대상 : 지도교수의 추천을 받은 자(제출서류에 확인서명)
*
지도교수를 아직 위촉하지 않은 학생은 개강 후 위촉예정인 지도교수님의 확인을 받음
,
이후 위촉하지 않으면 제출된
12
학점 수강신청승인서는 인정되지 않음
다. 제출서류 : 12학점 수강신청 승인서(첨부서류 참조)
라. 제출처 : 대학원 교학팀(웨스트민스터홀 658호)
마. 제출기한
1)
정규기간
: 2022
년
8
월
16
일
(
화
) ~ 8
월
22
일
(
월
)
2)
추가기간
: 2022
년
9
월
1
일
(
수
) ~ 7
일
(
수
) 10:00 ~ 17:00
까지
바. 주의사항
1)
승인서를 제출한 다음날
u-SAINT
에 개인이 로그인하여 수강신청 해야 함
2) 학점교류(타대학) 수강신청 학점을 포함하여 12학점인 경우 반드시 제출해야 함"
biomedical_science,[대학원] 2022-2학기 선수과목 수강신청서 제출 안내,N/A,2022.08.16,https://bioinfo.ssu.ac.kr/%ea%b2%8c%ec%8b%9c%ed%8c%90/%ea%b3%b5%ec%a7%80%ec%82%ac%ed%95%ad/?term_id&slug=4201,"2022학년도 2학기 선수과목 수강신청서 제출을 안내합니다.
1.
선수과목 수강신청서(석사과정만 해당)
가. 내용 : 석사과정 전공이 학부과정 전공과 상이하여 주임교수가 학부과목을 수강 하도록 지정
(
선수과목 수강신청서를 제출하여 지정된 선수과목을 이수하지 못하면 수료 및 졸업이 제한될 수 있음
)
나. 대상 : 주임교수에게 특정과목 수강을 지정을 받은 자
다. 제출서류 : 선수과목 수강신청서(첨부서류 참조)
라. 제출처 : 학과사무실 및 대학원 교학팀(웨스트민스터홀 658호)
*
양식에서 학과보관용은 학과사무실로
,
대학원용은 대학원 교학팀으로 제출
* 다른 학과의 과목을 선수과목으로 신청하는 경우 과목담당 교수와 협의 후 제출
마. 제출기한
1)
정규기간
: 2022
년
8
월
16
일
(
화
) ~ 8
월
22
일
(
월
)
2)
추가기간
: 2022
년
9
월
1
일
(
수
) ~ 7
일
(
수
) 10:00 ~ 17:00
까지
바. 수강신청 확인방법 : 수강신청서를 제출한 다음날 개인이 u-SAINT 로그인하여 수강신청내역에서 확인 가능"
biomedical_science,[대학원] 2022학년도 2학기 대학원 강의시간표 조회 및 수강신청 안내,N/A,2022.08.16,https://bioinfo.ssu.ac.kr/%ea%b2%8c%ec%8b%9c%ed%8c%90/%ea%b3%b5%ec%a7%80%ec%82%ac%ed%95%ad/?term_id&slug=4199,"※
2022
학년도
2
학기 신입생은
8
월
12
일
(
금
)
부터 학번 확인이 가능합니다
.
1.
재학생 및 신입생 수강신청 일정
가. 신청기간 : 8월 17일(화) 10:00 ~ 22일(월) 23:59
나. 확인 및 변경기간 : 9월 1일(목) 09:00 ~ 7일(수) 23:59
2. 수강신청 방법
가. 강의시간표 조회 : 대학원홈페이지 중앙 하단 ‘개설강좌조회’에서 확인 가능
*
2022. 07. 20
부터 조회 가능
*
개설 강좌는 학과의 사정에 따라 변동될 수 있습니다
.
나. u-SAINT(
saint.ssu.ac.kr
) 로그인 :
ID(
학번
), PW(
개인이 설정한 비밀번호
)
* ID/PW 모를 경우
– search ID/PW를 눌러 ID조회, PW를 받을 수 있음.
– 초기 로그인 시 학사시스템(http://saint.ssu.ac.kr) 초기화면에서 search ID/PW 클릭 후,
ID(학번), 이름, 이메일 또는 휴대폰번호 입력 후 Send 버튼 클릭하면 이메일이나 휴대폰으로
임시 비밀번호가 발송됨. 로그인 후, 본인이 비밀번호 변경하시면 됩니다.
3. 수강신청 유의사항
가. 원활한 수강신청을 위하여 수강신청 사전에 u-SAINT에 접속하여 ID/PW를 확인해주시기 바랍니다.
나. 주민등록번호 등 개인정보 노출로 인하여 본인의 u-SAINT ID와 Password가 공유되지 않도록 철 저히 관리하여야 하며, 이로 인한 불이익은 학생 본인이 감수하여야 합니다.
다. 수강신청 전 시스템에 로그인하여
학사관리
→
학적정보
→
휴대전화
에 자신의 휴대폰 번호가 정 확히 입력되어 있는지 확인해주시기 바랍니다.
라.
멀티로그인 수강신청이 금지되며
, 복수의 접속창을 띄워서 수강신청 할 수 없습니다.
1) 1인 1로그인만 허용함.
2) 1대의 PC에서 여러 개의 접속창읠 띄워 로그인 금지함.
3) 여러 대의 PC에서 1개의 ID로 중복 로그인 금지함.
4) 사설 프로그램(ex.자동 수강신청 프로그램 등)을 사용하여 수강신청을 하였을 경우 불이익을 당할 수 있음.
4. 수강신청 Help Desk 안내
가.
로그인 문제 발생시
:
☏
820-0067
나. 수강신청 관련 내용 상담 : 각 학과(부) 사무실, 대학원 교학팀 ☏820-0258~9"
biomedical_science,2022-2학기 학과 근로 장학생 모집 안내,N/A,2022.08.16,https://bioinfo.ssu.ac.kr/%ea%b2%8c%ec%8b%9c%ed%8c%90/%ea%b3%b5%ec%a7%80%ec%82%ac%ed%95%ad/?term_id&slug=4197,"2022
학년도
2
학기 학과 근로 장학생 선발을 다음과 같이 진행하오니
많은 지원 바랍니다
.
1.
근로장학생 자격 및 선발기준
가
. 2022
학년도
2
학기 국가장학금을
1
차
신청하고 소득분위가
8
분위 이내인 자
※
국가장학금을 신청할 수 없는 대한민국 국적 미소지자도 선발 가능
(
단
,
순수외국인전형으로 입학한 외국인 유학생은 선발 불가
)
나
. 2022
학년도
2
학기 재학 및 복학예정자로 해당학기 등록금 납부 예정인 자
1) 2022
학년도
2
학기 전 등록휴학 후 복학시 선발 불가
(
등록대체자
)
2)
학기 중 미등록
,
입학취소
,
복학취소 등으로 인한 학적변동시 모든 장학금 취소
3) 2022
학년도
2
학기 기준 이수학기가
2~7
학기만 가능
(1
학기 및
8
학기 신청 불가
)
다
.
직전학기 취득학점 및 학업성적 제한 없음
라
.
타 장학금과 중복수혜 가능
(
근로장학금 간 중복 불가
)
※
본 장학금은 학업장려비 지원 목적으로 등록금
(
입학금 및 수업료
)
를 초과하여
지급
마
.
국가근로장학생 및 교내근로장학생에 선발되지 않은 자
2.
유의사항
가
.
선발된 학생은 소속부서에서 지정된 근로시간 동안 근무해야 하며
,
학기 중 학적변동 등 불가피한 사유가 인정되는 중도 포기 시 근로한 시간만
장학금 지급
나
. 2023
년
12
월까지 교체 가능
(
단
,
교체 전 학생의 근로시간을 차감
)
다
.
교체 전
·
후 학생 모두 근로평가 실시
라
.
국가근로 및 교내근로로 선발 시 학과근로 선발에서 제외됨
(
선발 우선순위
: 1.
국가근로
, 2.
교내근로
, 3.
학과근로
)
3.
근로시간 및 장학금액
시간당 장학금액을
9,160
원으로 책정
장학금명
시간당
장학금액
총 근로시간
(
학기
)
1
인당
장학금액
(
원
)
학과근로
A
9,160
원
10
시간
*20
주
=200
시간
1,832,000
학과근로
B
9,160
원
5
시간
*20
주
=100
시간
916,000
총계
4
신청절차
가
.
학생신청방법
: u-SAINT
포털
→
등록
/
장학
→
근로장학금 신청
→
지원서 출력
/
제출
나
.
온라인신청 및 서류제출기간
: 2022
년
8
월
11
일
(
목
) 10:00~8
월
18
일
(
목
) 17:00
1)
제출서류
:
지원서
(u-SAINT
출력본
,
본인서명 필수
)
2)
제출장소
:
학과근로
(
각 학과사무실
)
다
.
학과근로장학생 최종선발 및 발표
: 2022
년
8
월
25
일
(
목
)
예정"
biomedical_science,[대학원] 2022학년도 2학기 대학원 종합시험 실시 안내,N/A,2022.07.21,https://bioinfo.ssu.ac.kr/%ea%b2%8c%ec%8b%9c%ed%8c%90/%ea%b3%b5%ec%a7%80%ec%82%ac%ed%95%ad/?term_id&slug=4190,"학칙시행세칙(대학원) 제3장(자격시험)에 의거하여 2022학년도 2학기 대학원 종합시험을 아래와 같이 안내합니다.
신청자격에 해당하는 학생들이 응시할 수 있도록 참고를 부탁드립니다.
1. 신청기간 :
2022
년
8
월
2
일
(
화
) 10:00 ~ 2021
년
8
월
4
일
(
목
) (3
일간
)
※ 신청기간 이후 추가 신청 불가
2. 신청방법 :
u-SAINT
로그인
→
성적
/
졸업
→
외국어 및 종합시험 신청
※ 시험과목은 “전공종합” 선택
3.
응시자격
가. 석사과정
: 18학점 이상 취득하고 3학기 이상 등록을 필한 재학생 및 수료생
나. 박사과정
: 27학점 이상 취득하고 3학기 이상 등록을 필한 재학생 및 수료생
다. 학·석사 연계과정
: 18학점 이상 취득하고 2학기 이상 등록을 필한 재학생 및 수료생
라. 석·박사 통합과정
: 45학점 이상 취득하고 6학기 이상 등록을 필한 재학생 및 수료생
4.
실시방법 : 각 학과 주관 시행
5.
응시료 납부
가. 납부기간 :
2022
년
8
월
9
일
(
화
) ~ 10
일
(
수
) 09:00~16:00
※
납부기간 이후 추가납부
불가
나. 응시료
1) 석사과정 : 20,000원
2) 박사과정 및 석·박사통합과정 : 30,000원
다. 납부방법 : u-SAINT에서 고지서 출력 후 개인별 가상계좌 입금
※ u-SAINT 로그인 → 등록/장학 → 기타납부금 고지서 출력
※ 기타납부금 고지서는 납부 당일 확인 가능
6. 합격자발표 :
2022
년
9
월
16
일
(
금
)
예정
7.
유의사항
가
.
종합시험은 대학원 과정 학위 취득을 위한 자격시험으로
,
종합시험
합격자에 한해
학위
논문제출이 가능함
.
나. 휴학생은 지원 불가하며, 시험에 응시하였으나 결과발표 전에 휴학한 경우 평가대상에서 제외되며 응시료 반환 불가함.
다. 석·박사통합과정생의 경우 석사과정 중 합격한 자격시험은 인정하지 않음.
라. 시험 신청 후 응시료를 납부하지 않은 경우 시험 신청이 자동 취소됨.
마. 응시료 납부기간 이후 환불신청 불가함.
바
.
외국인유학생의 경우 종합시험과 별개로 논문공개발표 전
아래 중
한 가지를 완료해야 함
.
①
유효한
TOPIK 4
급 이상 성적증명서 제출
②
연구실적을 근거로
주임교수 명의의
TOPIK
면제 추천
. 끝."
biomedical_science,2022학년도 강소기업 취업희망 콘테스트 홍보 안내,N/A,2022.07.13,https://bioinfo.ssu.ac.kr/%ea%b2%8c%ec%8b%9c%ed%8c%90/%ea%b3%b5%ec%a7%80%ec%82%ac%ed%95%ad/?term_id&slug=4183,
biomedical_science,2022학년도 2학기 농촌출신대학생 학자금융자 시행 안내,N/A,2022.07.04,https://bioinfo.ssu.ac.kr/%ea%b2%8c%ec%8b%9c%ed%8c%90/%ea%b3%b5%ec%a7%80%ec%82%ac%ed%95%ad/?term_id&slug=4178,"내용(학교 홈페이지 공지사항 참조):
바로가기
주요일정
구분
기간
비고
신청(본) 및 서류제출
2022.07.04~07.22
재단 홈페이지
융자 심사
2022.07.25.~08.12
재단 내부심사
융자 실행
2022.08.16.~09.30
개인별 대학지정계좌 지급
※ 상기 일정은 추진상황 및 대체공휴일 지정 등에 따라 변동가능
※ 신청은 시작일 09:00부터 24:00까지 가능(주말 및 공휴일 제외).
단, 신청마감일은 18:00까지 신청가능
※ 실행은 실행기간 중 09:00∼17:00까지 가능(주말 및 공휴일 제외).
단, 대학별 수납마감 시간 이내에만 가능."
biomedical_science,2022학년도 숭실인재양성장학생 모집 안내,N/A,2022.06.30,https://bioinfo.ssu.ac.kr/%ea%b2%8c%ec%8b%9c%ed%8c%90/%ea%b3%b5%ec%a7%80%ec%82%ac%ed%95%ad/?term_id&slug=4164,"2022학년도 숭실인재양성장학생을 다음과 같이 모집하여
안내드립니다.
제도 취지
가. 본교 학부 졸업자 중 인재를 선발하여 국가, 사회에 봉사할 우수한 지도자를 양성하고자 함.
나. 국외에서 박사과정을 이수 중인 본교 졸업생에게 자긍심과 애교심을 고취 시키고자 함.
장학금 지원
가. 장학금명: 숭실인재양성기금 장학금
나. 수혜기간: 1년(단, 휴학 시 지급 중지함)
다. 선발인원: ○명
라. 장학금액: 1인당 총 10,000,000원(5,000,000원 / 1회)
1) 1차 지급: 2022. 10월
2) 2차 지급: 2023.  2월(※ 2023학년도 1학기 재학(예정) 사실을 증명하는 서류 제출자에 한함.)
지원 자격
가. 대한민국 국적 보유자
나. 본교 학사과정 졸업생으로서 국외대학 박사과정 재학생(신입생 포함) 또는
석·박사통합과정 5학기 이상 이수 예정인 자
다. 국외대학 박사과정 수업연한(등록금 납부기간)이 1년 이상 남은 자
라. 성적기준
1) 학사과정:  학적부성적 기준 학사과정 전 학년 평점평균 3.0 이상인 자(4.5 만점 기준)
2) 박사과정: 전 과정 평점평균(GPA) 3.5 이상인 자(4.5 만점 기준)
마. 본교 건학이념에 부합되는 기독교인
지원서류: 붙임 참조
선발방법: 1차 서류심사, 2차 면접심사
접수기간 및 방법
가.
접수기간
:2022. 7. 18(
월
) ~ 8. 12(
금
), 10:00 ~ 17:00
나. 접수방법: 장학팀 직접 방문 또는 등기우편 제출"
biomedical_science,2022학년도 2학기 농림축산식품부 장학금 지원사업 장학생 선발 안내,N/A,2022.06.28,https://bioinfo.ssu.ac.kr/%ea%b2%8c%ec%8b%9c%ed%8c%90/%ea%b3%b5%ec%a7%80%ec%82%ac%ed%95%ad/?term_id&slug=4160,
biomedical_science,2023년 2월 졸업예정자 졸업논문 이해도 대면심사 안내,N/A,2022.06.27,https://bioinfo.ssu.ac.kr/%ea%b2%8c%ec%8b%9c%ed%8c%90/%ea%b3%b5%ec%a7%80%ec%82%ac%ed%95%ad/?term_id&slug=4155,"<
이해도대면심사 안내
>
이해도대면심사 안내 드립니다
.
2023
년도
2
월 졸업예정자이신 분들은
2022
년
8
월
25
일
(
목
)
까지 이해도 대면심사를
진행하여 주시기 바랍니다
.
이해도대면심사는 지도교수님 재량에 따라 진행됩니다
.
학생분들이 교수님들에게 개별적으로 연락하신 뒤
,
교수님들께서 비대면
(
이메일 포함
),
대면
,
혹은 생략 중에 택하도록 하시고
교수님의 선택에 따라 진행될 예정입니다
.
만일 대면으로 진행될 경우
,
이해도대면심사 및 결과보고서 양식을 다운받아 본인이 작성하는 부분
(
학번
,
이름
,
논문제목
,
지도교수
)
을 작성 후 교수님과의 면담약속을 잡으시고 찾아뵙고
심사서의 심사결과 및 지도사항을 교수님께 작성 요청 드린 후 학과사무실로
제출하여 주시기 바랍니다
.
반드시 방학 중 진행해주시기 바랍니다
.
학과에서 이해도대면심사 진행 상황을 파악해야 하오니
,
결정된 사항을
학과 이메일이나 사무실로 전달해주시기 바랍니다
.
현재 번역서까지 진행한
2023
년도
2
월 졸업예정자
(
졸업논문진행시
)
명단은 첨부와 같습니다
.
2023
년
2
월 졸업예정이 아닌 학생은 본인 졸업일정에 맞추어 진행하시면 됩니다
.
명단에 이상이 있으신 분은 학과사무실로 연락 부탁드립니다
."
biomedical_science,[2022년도 BRIDGE+ 사업] 제1차 실용화개발 지원(Grant) 사업 추진 알림 안내,N/A,2022.06.22,https://bioinfo.ssu.ac.kr/%ea%b2%8c%ec%8b%9c%ed%8c%90/%ea%b3%b5%ec%a7%80%ec%82%ac%ed%95%ad/?term_id&slug=4141,"교육부와 한국연구재단에서 지원하는 2022년도 BRIDGE+ 사업과 관련하여
대학기술 사업화 성과 창출을 위한 “제1차 실용화개발 지원(Grant)사업”을
아래와 같이 추진하고자 하오니 관심있는 교원과 대학(원)생들이 신청할 수 있도록
안내드립니다.
사업명 : 2022년도 BRIDGE+ 사업 제1차 실용화개발 지원(Grant) 사업
사업목적 : 숭실대학교 보유 창의자산(특허 및 아이디어)에 대한 시제품 제작 등
실용화 개발지원을 통한 대학기술사업화 촉진 및 성과 창출
추진일정
가.
신청서 접수
: 2022.06.23.(
목
) ~ 07.13.(
수
) 16:00
까지
나. 선정평가
1) 서면평가 : 2022.07.15.(금) 예정
2) 발표평가 : 2022.07.20.(수) 예정
3) 선정결과안내 : 2022.07.25.(월) 예정
다. 실용화개발 추진기간 : 2022.08.01.(월) ~ 2022.11.11.(금) 까지
신청자격 및 대상
:
숭실대학교 소속 교원 및 대학
(
원
)
생이 보유한 기술
가. 숭실대학교 소속
교원
,
대학
(
원
)
생
(
휴학생 포함
)
등
나. 대학(원)생과 교원은 각각 별도로 신청 접수
※ 아이디어의 경우 국책과제·수탁과제 등의 연구결과물 관련 아이디어는 신청 불가
※ 본사업의 수혜경력이 없는 최초신청자 가점부여
※ 국내 9대 신산업 분야* 관련 기술 및 아이디어 가점부여
※ 국책과제, 수탁과제 등의 연구결과물 관련 특허 및 아이디어는 신청 불가
※ 본사업과 유사한 지원 사업(프로그램)에 동일한 기술로 중복 신청 불가
* 9대 신산업 분야 : 미래형자동차, 신재생에너지, 차세대반도체&디스플레이, 바이오헬스,
스마트 친환경, IoT&인공지능 시스템, 첨단로봇, 사이버정보 보안, AR/VR
지원내용 및 유형별 지원금액
가. 지원내용 : 시제품 제작, 상용화 연구 및 성능 검증 등을 위한 비용 지원
나. 유형별 지원금액
※ Creative Grant : 대학의 창의적 아이디어를 기초로 시제품 제작 지원을 통한
Technical Feasibility 검증
※ Innovative Grant : 본교 우수한 실용화 자산의 시작품 제작 및 Scale-up을 지원하여
기술이전, 기술창업, Joint-Venture 등 대형 기술사업화 성과로 연결
※
유형
D
는 기술이전 의향서 제출 필수
(Creative Grant / Innovative Grant
모두 해당
)
신청방법(서면 혹은 E-mail 제출)
가. 제출서류
구분
Creative Grant
Innovative Grant
공통
실용화개발 지원 신청서 1부(해당 유형별 양식에 맞춰 작성)
대학
(
원
)
생
신청기업 사업자등록증(해당시)
해당 없음
교원
수요기업 기술이전의향서(해당시)
수요기업 기술이전의향서(필수)
나. 접수처
1) 서면접수처 : 벤처중소기업센터 106호 산학협력진흥팀
2) 온라인접수처 : (E-mail)
koona@ssu.ac.kr
다. 담당자 : 산학협력단 산학협력진흥팀 구나경(내선번호 : 7428)
심사방법
가. 평가절차
1) 1차평가 : 신청서 서면평가
2) 2차평가 : 프리젠테이션 발표평가(발표 5~10분 내외, 질의응답 5분)
*발표시간은 추후 확정하여 별도 공지 예정
나. 평가기준 : 신청기술에 대한 지원 필요성, 기술성 및 사업화 가능성 평가
※
유형
D
의 경우 기술이전 예상 성과가 선정여부에 반영될 수 있음
붙임 1.
2022년도 제1차 실용화개발 지원(Grant)사업 계획서 양식 각 1부(총 3부)
2022년도 제1차 실용화개발 지원(Grant)사업 공고문 1부.  끝."
biomedical_science,[채용 공고] ㈜안트로젠 2022년 하계 인턴 모집,N/A,2022.06.16,https://bioinfo.ssu.ac.kr/%ea%b2%8c%ec%8b%9c%ed%8c%90/%ea%b3%b5%ec%a7%80%ec%82%ac%ed%95%ad/?term_id&slug=4139,"안트로젠은 성체줄기세포를 이용한 세포치료제 및 희귀의약품을 전문적으로 연구 개발하는 바이오벤처 기업입니다.
2022년 하계 인턴을 모집하오니 많은 관심과 지원바랍니다.
1. 채용인원: 인턴 5명
2. 근무지: 안트로젠 마곡 중앙연구소(강서구 마곡 중앙2로 65)
3. 지원자격: 대학교 재학생 및 졸업예정자(학년 및 전공 무관)
4. 주요업무: GMP 시설 내 품질관리 업무
5.
근무조건
–       근무기간: 2022. 7. 1 ~ 8. 31
–       근무시간: 주5일 풀타임
–       급여: 월 195만원
6.
기타
–       제약/바이오 기업의 GMP 시설 품질관리 실무 업무 경험 가능
–       인턴 수료증 발급
7.
제출서류: 이력서 및 자기소개서(자유양식), 재학증명서 (제출처:
kevin@anterogen.com
)
8. 전형절차: 서류 검토>면접
9.
채용문의: 유상훈 이사 (02-6902-9932)"
biomedical_science,[기타 공지] 제7회 롯데멤버스 빅데이터 경진대회,N/A,2022.06.07,https://bioinfo.ssu.ac.kr/%ea%b2%8c%ec%8b%9c%ed%8c%90/%ea%b3%b5%ec%a7%80%ec%82%ac%ed%95%ad/?term_id&slug=4135,
biomedical_science,2022학년도 1학기 경제사정 곤란자(비자발적 실직·폐업) 대상 장학금 신청 안내,N/A,2022.06.03,https://bioinfo.ssu.ac.kr/%ea%b2%8c%ec%8b%9c%ed%8c%90/%ea%b3%b5%ec%a7%80%ec%82%ac%ed%95%ad/?term_id&slug=4128,"2022학년도 1학기 경제사정 곤란자(비자발적 실직·폐업) 대상 장학금 관련하여 안내드립니다.
내용(학교 홈페이지 공지사항 참조):
바로가기
(세부안내)
가. 지급대상:
2021
년
11
월
~2022
년
5
월 중
부모의 실직·폐업으로 인해 경제적 어려움을
겪는 재학생
나. 신청기간: 2022.06.03.(금)~2022.6.17.(금) 14:00
다. 신청방법: 신청서 및 증빙서류 신청기간 내 장학팀 제출
붙임 장학생 신청서 1부. 끝."
biomedical_science,2022학년도 2학기 교내장학금 신청 시행 안내,N/A,2022.05.31,https://bioinfo.ssu.ac.kr/%ea%b2%8c%ec%8b%9c%ed%8c%90/%ea%b3%b5%ec%a7%80%ec%82%ac%ed%95%ad/?term_id&slug=4117,"2022학년도 2학기 교내장학금 신청 시행을 다음과 같이 안내합니다.
1.
교내장학금 자격요건
가. 2022학년도 2학기 국가장학금 신청(2022.06.23까지 신청 가능) 및 서류제출을 완료하고
소득분위가 조회된 자 (국가장학금 지급 대상 분위의 경우 심사가 완료된 자)
나. 2022학년도 2학기 재학 및 복학(예정)자로 등록금 납부 예정인 자
1) 2022학년도 2학기 前 등록휴학 후 복학시 장학생 선발대상에서 제외
2) 미등록, 입학취소, 복학취소, 휴학 등 학적변동 시 모든 장학금 취소
다. 직전학기 15학점 이상 이수한 자(최종 직전학기는 12학점)
라. 등록학기가 8학기 이내인 자(건축학부 건축학전공은 10학기 이내)
2.
신청절차
가. 온라인 신청기간 및 서류제출기간 : 2022년 5월 26일(목) 10:00~7월 8일(금) 17:00(6주간)
나. 학생 신청방법: u-SAINT포털 – 등록/장학 – 장학메뉴 – 장학금 신청
다. 학생 서류제출: 온라인 신청기간 내 방문 및 등기우편제출 가능(세부내용 붙임 파일 참조)
※ 단, 고시장학금의 경우 등기우편 불가
3.
장학금 관련 부서 및 협조사항
학생 선발: 아래 부서에만 해당
장학금명
관련부서
협조사항
국제교류장학금
국제처 국제팀
1. 온라인 신청없음 (학생문의응대 협조)
2. 부서 장학생 자격 검증 및 해당 장학생 추천
특기자장학금(축구)
학생처 학생서비스팀
특기자장학금(골프,당구)
스포츠학부
장애학생장학금
장애학생지원센터
목사자녀장학금
교목실 학원선교팀
1. 학생문의응대 협조
2. 신청서류 자격 검증 및 해당 장학생 추천
고시합격자장학금
진로취업센터
봉사장학금
봉사장학금 추천 전 부서
소득분위 조회, 학기말까지 임기완료한 자, 학점
기준 충족 등 봉사장학금 대상 예정자 자격요건
확인하도록 안내
붙임  1. 2022학년도 2학기 교내장학금 신청공고 1부.
2. 장학금 선발자격 및 제출서류 안내 1부.
3.
장학금 신청매뉴얼(교내장학금 신청) 1부. 끝."
biomedical_science,숭실평화통일연구원 2022 국제학술대회 안내,N/A,2022.05.30,https://bioinfo.ssu.ac.kr/%ea%b2%8c%ec%8b%9c%ed%8c%90/%ea%b3%b5%ec%a7%80%ec%82%ac%ed%95%ad/?term_id&slug=4112,"일정: 2022.6.8.(수) 13:00~18:00
장소: 한경직기념관 김덕윤예배실
주제: 체제변화와 북한 도시민의 삶
참여방법: 온라인 신청 후 현장 또는 Zoom 참여
※ 참여신청 링크:
https://forms.gle/PQLYQQC1ahST9gxt7"
biomedical_science,"2022학년도 신입생 대상 정보활용교육, 퀴즈대회 안내",N/A,2022.05.27,https://bioinfo.ssu.ac.kr/%ea%b2%8c%ec%8b%9c%ed%8c%90/%ea%b3%b5%ec%a7%80%ec%82%ac%ed%95%ad/?term_id&slug=4109,
biomedical_science,기초과학융합연구소 2022학년도 학부생 하계인턴십 모집공고,N/A,2022.05.27,https://bioinfo.ssu.ac.kr/%ea%b2%8c%ec%8b%9c%ed%8c%90/%ea%b3%b5%ec%a7%80%ec%82%ac%ed%95%ad/?term_id&slug=4105,"기초과학융합연구소에서 2022년 하계 학부생 인턴십을 진행하여, 아래와 같이 안내드립니다.
•모집대상: 학부 재학생
•장려금액: 60만원
•제출기한: 22년 6월 17일(금)까지
•연수기간: 22년 7월 1일~22년 8월 31일
•결과보고서 제출: 22년 8월 말
•우수 결과보고서 시상식: 22년 9월 초
링크:
https://iibs.ssu.ac.kr/%ea%b2%8c%ec%8b%9c%ed%8c%90/%ea%b3%b5%ec%a7%80%ec%82%ac%ed%95%ad/?slug=4082"
biomedical_science,2022학년도 2학기 한국장학재단 국가장학금 1차 신청 안내,N/A,2022.05.26,https://bioinfo.ssu.ac.kr/%ea%b2%8c%ec%8b%9c%ed%8c%90/%ea%b3%b5%ec%a7%80%ec%82%ac%ed%95%ad/?term_id&slug=4097,"내용(학교 홈페이지 공지사항 참조):
바로가기"
biomedical_science,2022학년도 학생 대상 장애인식개선교육 실시 관련 안내,N/A,2022.05.19,https://bioinfo.ssu.ac.kr/%ea%b2%8c%ec%8b%9c%ed%8c%90/%ea%b3%b5%ec%a7%80%ec%82%ac%ed%95%ad/?term_id&slug=4087,"장애인복지법 제25조에 의거 본교 대학생 및 대학원생을 대상으로 장애인식개선교육을 진행하고 있음을 안내드립니다.
– 교육일정 : 연간 2회 시행
일자
대상
1차
2022.05.18.(수)~2022.06.07.(화)
전체 학부생(휴학생 포함)
2차
추후 협조 요청 예정
1차 미수강자 대상
– 교육방법: 장애인개발원 온라인 교육 콘텐츠 LMS 탑재 후 기간 내 수강
권고
(
※
미수강 시 별도 불이익 없음
)
– 수강 독려를 위해 수강자 대상 교내 봉사시간 1시간 부여 및 추첨 통한 경품 제공"
biomedical_science,[대학원] 2022학년도 2학기 석·박사통합과정 지원 및 선발 안내,N/A,2022.05.19,https://bioinfo.ssu.ac.kr/%ea%b2%8c%ec%8b%9c%ed%8c%90/%ea%b3%b5%ec%a7%80%ec%82%ac%ed%95%ad/?term_id&slug=4080,"2022학년도 2학기 석·박사통합과정 지원 및 선발을 아래와 같이 진행하고자 하니
관심있는 석사과정생들의 지원바랍니다.
지원기간 : 2022.06.07(화)~06.24(금)
지원자격
가. 일반대학원 석사과정 2학기 또는 3학기 재학생(복학예정자 포함)
나. 학업전념학생(2015학년도 2학기 석사입학자부터 적용)
다. 18학점 이상 취득 또는 취득예정인 학생
라. 석사과정 전공분야와 통합과정 지원 전공분야가 동일한 자
제출서류
가. 공통 : 석·박사통합과정 지원서 1부. (붙임1 양식)
나. 2015년 2학기 이후 입학자 : 4대 사회보험 가입내역 확인서 1부.
※ 4대 사회보험 정보연계센터(
www.4insure.or.kr
) 공인인증서 로그인 →
[증명서발급] → 4대 사회보험 가입내역 확인 청구서 신청 →
4개 처리기관의 처리여부 “출력가능” 확인 후 증명서 출력
※ 강사는 다음의 요건 충족 시 예외적 지원 허용 : 주 6시간 이내 근무로 인한
4대 사회보험 가입은 별도의 증빙서류(경력증명서)제출 시 학업전념학생으로 인정
※
건강보험 지역가입자 중 사업장이 표기되어 있는 경우와
4
대 사회보험 미가입자이나
종교기관 등에서 전임으로 재직하는 경우 등은
직장병행학생으로 간주하여 지원 불가함
지원방법 : 제출서류를 작성하여 대학원 교학팀으로 제출(웨스트민스터홀 658호)
선발인원 : 박사과정 전체 입학정원의 20%
발표일 : 2022년 07.26(화) 학과 및 개별통지
과정안내
가. 수업연한
1) 4년(8학기) : 석사과정 입학 학기부터
2) 수업연한 단축 : 수업연한의 단축을 희망하는 경우
석
·
박사통합과정
6
학기 또는
7
학기 개시 전
(
방학 중
)
대학원 교학팀에 수업연한단축신청서를 제출
하고 해당 학기 종료 시
수료요건 충족 및 총 평점평균이 4.0 이상이면 6학기 또는 7학기에 수료 가능,
단
학업전념학생
(Full Time)
만 수업연한단축신청이 가능함
나. 석사과정 종합시험, 석사논문 면제
(
석
·
박사통합과정 선발 후 박사과정에 해당하는 종합시험만 인정
)
다. 박사과정 입학금 면제
라. 안내 : 대학원 홈페이지 내 공지사항 게시"
biomedical_science,2022학년도 2학기 학·석사연계과정 지원 및 선발 안내,N/A,2022.05.19,https://bioinfo.ssu.ac.kr/%ea%b2%8c%ec%8b%9c%ed%8c%90/%ea%b3%b5%ec%a7%80%ec%82%ac%ed%95%ad/?term_id&slug=4074,"2022학년도 2학기 학·석사연계과정 지원 및 선발을 아래와 같이 진행하고자 하니
관심있는 학사과정생들의 지원바랍니다.
1.
지원기간 : 2022.06.07(화)~06.24(금)
2.
모집학과 : 학사과정과 석사과정에 동일(또는 유사)학과가 있는 학과(계약학과 제외)
3. 지원자격 :
다음 각호 모두 해당되는 자
가. 지원일 당시 학사과정 4학기 이상 6학기 이내 재학 중(건축학부 건축학전공은 6학기 이상
8학기 이내 재학 중)인 자 (학·석사연계과정 신청자는 조기졸업 신청을 할 수 없음)
나. 재수강 이전 과목, 학점포기한 과목, F학점 과목 등을 포함한 전체 과목의 총평점평균이
3.0 / 4.5 이상인 자
다. 7학기 또는 8학기(건축학부 건축학 전공은 9학기 또는 10학기)에 학사과정의 졸업요건을
충족할 수 있는 자
라. 지원하고자 하는 일반대학원 학과 주임교수와 지도교수의 추천을 받은 자
마. 지원하고자 하는 일반대학원의 동일(또는 유사)학과를 주전공 또는
복수전공으로 하는자(부전공, 연계전공은 해당 없음)
4.
제출서류 및 지원방법
가. 학·석사연계과정 신청서 1부.
나. 대학원 교학팀으로 방문 접수(웨스트민스터홀 658호)
5.
선발인원 : 석사과정 입학정원의 20%
6.
발표일 : 2022.07.28(목) 예정 – 학과 및 개별통지
7.
관련안내
가. 대상 : 지원가능 대상자 및 학과
나. 방법 : 안내문 배포 및 관련 동영상 링크(
https://url.kr/xt2f5i
)
8.
문의처 : 대학원 교학팀(02-820.0258~9 , grad@ssu.ac.kr)
붙임 : 1. 2022-2 학·석사연계과정 안내문 1부.
2.
학·석사연계과정 신청서 1부.  끝."
biomedical_science,[서울대학교병원 BMI Lab] 대학원생 및 연구원(BI) 모집,N/A,2022.05.12,https://bioinfo.ssu.ac.kr/%ea%b2%8c%ec%8b%9c%ed%8c%90/%ea%b3%b5%ec%a7%80%ec%82%ac%ed%95%ad/?term_id&slug=4053,"서울대학교병원 의생명정보학연구실(BMI Lab)에서 대학원생 및 연구원을 모집합니다.
의생명정보학연구실 홈페이지 : Google에서 “SNUH BMI Lab”으로 검색 가능
(홈페이지 링크 :
https://sites.google.com/view/snuh-bmi-lab/home
)
의생명정보학연구실은 서울대학교병원 임상의사 및 기초의학자들과
‘
밀접한
’
협동연구를 통해 ‘
실제적
’
인 의생명 인공지능/기계학습/빅데이터 연구를 다양하게 수행하고 있습니다. 생물학/컴퓨터공학/통계학/의학/보건학/간호학 등 다양한 전공의 연구자들과 의생명 빅데이터 융합 연구를 경험해보실 수 있습니다.
전사체/후성유전체/단백체/대사체 등을 이용한
멀티오믹스
기반
생물정보학 연구
항생제 내성 휴면 세균의 재활성 인자 발굴을 위한 멀티오믹스 분석 연구
해부학적 위치에 따른 암 분류 및 이에 대한 Hypoxia 연관 유전자 발현 기반 예후 예측 모델 연구
전사체 기반 방광암 종양 대식세포 활성도 측정 및 정량화 기법 연구
단일 세포 RNA 시퀀싱 기반 염증 정도에 따른 세포 간 상호작용 변화 연구
단일 세포 RNA 시퀀싱 / ATAC 시퀀싱 및 공간 전사체 분석을 통한 분화 과정 중 intermediate cell type 규명 연구
멀티오믹스 기반 COVID19 중증도 분류 모델 연구
유방암 distant metastasis 분석을 위한 MRI 이미지, RNA 시퀀싱 통합 Radiotranscriptomics 연구
NMF, 딥러닝 등 기계학습 기반
통합적 멀티오믹스 분석 연구
딥러닝 활용 COVID19 면역 반응 네트워크 분석
메틸레이션 데이터 기반 암 환자 Consensus molecular subtype 분류 기법 연구
<
모집
>
(학부인턴/대학원생/연구원) 생명과학/생물정보학/의료정보학 전공자, 인공지능 엔지니어, 통계 전공자
인턴 및 연구원 지원 필수 요건:
Full-time 지원시: 최소 5개월 이상 근무
Part-Time 지원시: 최소 8개월 이상 & 주당 24시간 이상 근무
관심 있으신 분은 담당자(
bmilab.snuh@gmail.com
)에게 자유양식 이력서(학위 정보 및 경력, 보유 기술, 수행 가능 업무, 지원 동기, 근무 가능 기간 및 시간 등을 기재)를 첨부하여 연락주시기 바랍니다."
biomedical_science,[산학협력진흥팀]2022학년도 캠퍼스 특허 유니버시아드 대회(CPU) 교육 진행 안내,N/A,2022.05.10,https://bioinfo.ssu.ac.kr/%ea%b2%8c%ec%8b%9c%ed%8c%90/%ea%b3%b5%ec%a7%80%ec%82%ac%ed%95%ad/?term_id&slug=4046,"산학협력진흥팀에서는 지식재산 교육 선도대학 사업의 일환으로
2022학년도 캠퍼스 특허 유니버시아드 대회(CPU)를 위한
한국발명진흥회의
설명회/찾아가는 교육을 진행합니다. 출전을 준비하는 학생들의 많은 참석을 바랍니다.
교 육 명 : 2022학년도 캠퍼스 특허 유니버시아드 대회(CPU) 설명회/찾아가는 교육
교육일시 : 2022.05.20.(금) 오후 4시 ~ 오후 6시
교육장소 : 형남공학관 115호 대강의실
교육대상: 펀시스템 통해 CPU 대비반 신청한 학생들
(CPU대비반 펀시스템 신청:
https://fun.ssu.ac.kr/ko/program/all/view/2358
)
신청마감 : 2022.05.15.(일) 오후 6시. 펀시스템 CPU대비반 신청 마감일까지.
교육내용 :
(
특허전략수립 부문만 설명 진행
)
가. 한국발명진흥회 캠퍼스 특허 유니버시아드 대회 담당자의 대회 안내
나. 교육 담당 변리사의 출제문제 설명 및 작성 사례 설명 등
참고사항 :
가. 출전 지도 교수님이 확정된 경우에도 참석 가능.
나. 출전 지도 교수님이 확정되지 않은 경우에는 지식재산교육 전담 교수가 지도 예정.
다. 가와 나의 경우에도 참석자 명단 확인을 위하여 CPU대비반 펀시스템 신청 필수.
라. 캠퍼스 특허 유니버시아드 대회(CPU) 링크 :
https://www.kipa.org/cpu/main.jsp
붙  임: 1. 2022년 캠퍼스 특허 유니버시아드 대회(CPU) 설명 요약본 1부.  끝."
biomedical_science,제57차 숭실평화통일포럼 행사 안내,N/A,2022.05.04,https://bioinfo.ssu.ac.kr/%ea%b2%8c%ec%8b%9c%ed%8c%90/%ea%b3%b5%ec%a7%80%ec%82%ac%ed%95%ad/?term_id&slug=4038,
biomedical_science,2022년도 재단법인 수림재단 장학생 선발 안내,N/A,2022.04.27,https://bioinfo.ssu.ac.kr/%ea%b2%8c%ec%8b%9c%ed%8c%90/%ea%b3%b5%ec%a7%80%ec%82%ac%ed%95%ad/?term_id&slug=4025,https://scatch.ssu.ac.kr/%ea%b3%b5%ec%a7%80%ec%82%ac%ed%95%ad/?f=all&category=%EC%9E%A5%ED%95%99&slug=2022%EB%85%84%EB%8F%84-%EC%9E%AC%EB%8B%A8%EB%B2%95%EC%9D%B8-%EC%88%98%EB%A6%BC%EC%9E%AC%EB%8B%A8-%EC%9E%A5%ED%95%99%EC%83%9D-%EC%84%A0%EB%B0%9C-%EC%95%88%EB%82%B4&keyword=%EC%88%98%EB%A6%BC
biomedical_science,대학원생/연구원/인턴 모집 공고,N/A,2022.04.21,https://bioinfo.ssu.ac.kr/%ea%b2%8c%ec%8b%9c%ed%8c%90/%ea%b3%b5%ec%a7%80%ec%82%ac%ed%95%ad/?term_id&slug=4019,"숙명여자대학교 통계학과 송민선 교수 연구실에서 다음과 같이 대학원생
/
인턴
/
연구원 모집을 합니다
.
1.
업무 내용
:
유전
/
의학
/
역학 통계 관련 데이터 분석 및 바이오 인포메틱스 관련 통계 방법 개발
2.
지원 자격
:
의생명시스템
,
생물정보학
,
전산
,
통계학
,
생물통계학
,
산업공학
,
혹은 관련 분야 학위 취득자 또는 유전 통계 공부하며 통계학과 대학원 진학에 관심이 있는 학생
3.
기관
/
근무지
:
숙명여자대학교 통계학과
4.
관심 있는 분은 송민선 교수님
(
minsuns@sookmyung.ac.kr)
에게 연락"
biomedical_science,[현대차 정몽구 장학재단] 2022 온드림 미래산업/사회통합 인재 장학생 선발 모집 안내,N/A,2022.04.14,https://bioinfo.ssu.ac.kr/%ea%b2%8c%ec%8b%9c%ed%8c%90/%ea%b3%b5%ec%a7%80%ec%82%ac%ed%95%ad/?term_id&slug=4010,
biomedical_science,숭실대학교 COSS 서포터즈 모집 안내,N/A,2022.04.14,https://bioinfo.ssu.ac.kr/%ea%b2%8c%ec%8b%9c%ed%8c%90/%ea%b3%b5%ec%a7%80%ec%82%ac%ed%95%ad/?term_id&slug=4005,
biomedical_science,[대학원] 2022-1학기 논문 공개발표 합격자 유의사항 및 심사비 납부 안내,N/A,2022.04.11,https://bioinfo.ssu.ac.kr/%ea%b2%8c%ec%8b%9c%ed%8c%90/%ea%b3%b5%ec%a7%80%ec%82%ac%ed%95%ad/?term_id&slug=3988,"2022-1학기
논문 공개발표 합격자 유의사항
및
논문심사비 납부
를 아래와 같이 안내드립니다.
1.
논문 공개발표 합격자 유의사항
가. 논문일정 준수
연번
구분
일정
1
논문심사비 납부
2022년 4월 18일(월) ~ 4월 20일(수) / 9:00~16:00
2
최종심사 결과보고서 제출
2022년 4월 17일 ~ 5월 27일(금)
3
논문 완본 제출
2022년 6월 22일(수) ~ 6월 23일(목)
나
.
학위논문 작성 양식 준수
:
붙임의 논문 양식에 작성
※ 디콜렉션(논문완본파일 도서관 업로드)시, 오류가 다수 발생하고 있으니 붙임의 양식
에 의거하여 작성해 주시기 바랍니다.
2.
논문심사비 납부 안내
가. 대상 : 학위논문 제출자격을 갖추고 공개발표에 합격 및 심사위원을 구성하여 최종심사
대상인 자
나. 기간 :
2022
년
4
월
18
일
(
월
) ~ 4
월
20
일
(
수
) 09:00 ~ 16:00,
은행영업시간 내
다. 논문심사비
1)
석사학위
: 90,000
원
2)
박사학위 및 석박사통합과정
: 700,000
원
~ 1,100,000
원
구분
산출내역
금액
내부심사위원 4인 + 외부심사위원 1인
100,000원 x 4인 + 300,000원 x 1인
700,000원
내부심사위원 3인 + 외부심사위원 2인
100,000원 x 3인 + 300,000원 x 2인
900,000원
내부심사위원 2인 + 외부심사위원 3인
100,000원 x 2인 + 300,000원 x 3인
1,100,000원
※ 2021학년도 2학기 최종심사 연기자는 2021학년도 2학기에 납부한 심사비로 2022학년도
1학기 심사비를 대체 (단, 심사위원 변경이 없는 경우)
※ 최종심사연기, 논문완본연기는 한 학기만 유효하며, 직전학기 최종심사연기자가 이번 학기에
최종심사 또는 완본제출 등 논문진행을 하지 않으면 최종종료 처리됨
라
.
논문심사비 납부 방법
1) 납부기간내 u-SAINT 에 로그인하여 ‘등록/장학_기타납입금 출력” 메뉴에서 지정된
계좌 확인
2) 심사비 납부 계좌는 2022년 4월 18일(월) 09:00부터 확인 가능
3.
가제본
·
카피킬러
·
턴잇인
(
영어논문 작성 시 추가
)
제출 안내
(
각 심사위원에게 제출
)
가. 기간 : 2022년 4월 4일(월) ~  4월 15일(금)
나. 대상 : 학위논문 제출자격을 갖추고 공개발표에 합격 및 심사위원을 구성하여 최종심사
대상인 자
다. 가제본 제출 내용
구분
석사
과정
박사
과정
비고
가제본 제출
3부
5부
학과 주임교수 및 지도교수 확인 후 각 심사위원에게 직접제출
카피킬러  검사결과 제출
3부
5부
붙임의 연구윤리 확보를 위한 논문검사서비스 안내 파일을 참조하여 ‘상세보기’ 출력 후 지도교수 확인 후 심사위원에게 제출
턴잇인 검사결과 제출
(영어 논문 작성 시 추가)
3부
5부
영어 논문 작성자는 카피킬러 결과보고서와 함께 추가 제출
‘턴잇인 이용가이드’ 참조하여 ‘현재보기’ 출력 후 지도교수 확인 후 심사위원에게 제출
라. 기타 안내 사항
1)
가제본
,
카피킬러
,
턴잇인 검사결과는 심사위원에게 직접 제출하며 대학원 교학팀
제출
필요 없음
2)
논문유사도 검사 결과 수준
(
카피킬러
)
가) 유사도 양호 수준 : 0% 이상 10% 미만
나) 유사도 유의 수준 : 10% 이상 20% 미만
3)
카피킬러 사용 세부 문의
가) 카피킬러 고객센터 : 1588-9784 (평일 09:00~18:00)
나) 문의 이메일 : help@copykiller.com
다) 매뉴얼 :
https://ssugrad.copykiller.com/document/1464671242/index.html
라) 안내영상 : https://youtu.be/IDyXUz0vIsc
4)
턴잇인
(
영문 논문 작성 시 추가 제출
)
사용 세부 문의
가) 접속 : 도서관홈페이지 → 검색 → 전자자료AtoZ (
https://oasis.ssu.ac.kr/#/er/all
)
→  Turnitin(턴잇인) 검색 (목록 중 95번째)
나) 이용
– 교원 : 직접 턴인잇 한국지사 계정 생성요청(
koreasales@turnitin.com
)
– 학생 : 학교 이메일(ssu.ac.kr 혹은 soongsil.ac.kr)로 계정 생성 후 이용
(붙임 매뉴얼 참조)
다) 턴잇인 사용 세부 문의
– 턴잇인코리아 : 02-6465-0280
– 학술정보운영팀 : 02-820-0745
5) u-saint 로그인 및 환경설정 문제 발생 시 : 02-820-0067~8 (Help Desk)
붙임 : 1.
학위청구논문 양식 국문 1부 (한글 파일)
학위청구논문 양식 영문 1부 (워드 파일)
학위논문 작성을 위한 필수 안내서 1부
연구윤리 확보를 위한 논문검사 서비스 안내(카피킬러) 1부
(중앙도서관 전자자료 AtoZ) 턴인잇 매뉴얼 (교원 / 학생) 각 1부. 끝."
biomedical_science,[대학원] 2022학년도 1학기 연구장려장학금 신청 안내,N/A,2022.04.08,https://bioinfo.ssu.ac.kr/%ea%b2%8c%ec%8b%9c%ed%8c%90/%ea%b3%b5%ec%a7%80%ec%82%ac%ed%95%ad/?term_id&slug=3981,"2022학년도 1학기 연구장려장학금 신청을 아래와 같이 안내하니 지원자격을 갖춘 학생들이 혜택을 받을 수 있도록 많은 신청 바랍니다.
1.장학제도 안내
가. 신청자격
1) 일반대학원 소속 재학생 중 수업연한 이내인 재학생 (석사 및 박사과정 4학기, 석박사 통합과정 8학기 이내)
2) 한국연구재단등재(후보) 학술지 또는 동급 이상 외국학술지에 논문을 게재한 자
나
.
지급금액
: 100,000
원
(
게재논문
1
건당
대표
1
인에게
지급
)
※ 1인당 수혜 횟수, 타 장학금과의 중복수혜 제한 없음.
※ 학기별 예산금액 범위 내에서 선발·지급하며, 예산범위를 초과할 경우 타 장학금 중복 수혜여부, 연구장려장학금 수혜여부 등을 검토하여 대상자 선발함.
다. 유의사항
1)
2021.11.13.
이후 게재된 논문에 한해 장학금 신청 가능
(
게재예정 제외
)
※ 2021학년도 2학기 연구장려장학금 신청기간 후 게재된 연구실적 인정
※ 2022학년도 1학기 입학자는 입학일자 이후 게재실적 인정
2) 박사과정 학위청구논문 제출자격을 위한 연구실적으로는
장학금 신청 불가
3) 1인당 수혜 횟수의 제한은 없으며, 타 장학금과 제한 없이 중복수혜 가능
4)
외국학술지에 게재한 경우
해당 학술지의 한국연구재단등재
(
후보
)
학술지 동급여부를 소속 학과 주임교수에게 확인받고 서명 또는 도장을 받아 신청
해야 함
.
2. 신청방법 안내
가
.
신청기간
:
2022.05.02.(
월
)~2022.07.05.(
화
)
나. 신청방법: 신청서 및 증빙서류 대학원 교학팀으로 방문 또는 이메일 제출
1) 방문제출: 웨스트민스터홀 658호
2) 이메일 제출: 스캔본 첨부해
grad@ssu.ac.kr
로 제출
※
이메일 신청 시
제목을 반드시
“
연구장학금 신청
“
으로 지정하여 제출하여야 함
.
다. 제출서류
– 장학금 신청서 (붙임 양식)
– 논문게재확인서 (확인서가 발급되지 않는 경우, 게재확정
안내 이메일 등 제출 가능)
– 논문 인쇄본
붙  임: 장학금 신청서 양식 1부.  끝."
biomedical_science,(코로나19)확진자 LMS신고방식 안내 및 대응 지침 개정 안내,N/A,2022.04.06,https://bioinfo.ssu.ac.kr/%ea%b2%8c%ec%8b%9c%ed%8c%90/%ea%b3%b5%ec%a7%80%ec%82%ac%ed%95%ad/?term_id&slug=3977,"코로나19 확진자 LMS 자가신고 방법과 본교 대응 지침 개정을 안내합니다.
–
확진자
LMS
자가신고
가. 대상:
학생
(
학부
/
대학원
),
교원
,
직원
(
산학협력단 직원 포함
),
조교
※ 글로벌미래교육원 및 국제교육원 학생은 자체 집계
나. 확진자신고방법:
확진자 본인
이
스마트캠퍼스 접속 후 신고
1) 경로: 다음의 두가지 방법 중 하나로 접속
– u-Saint 로그인_스마트캠퍼스 바로가기_코로나19 확진 자가신고
– 스마트캠퍼스(
class.ssu.ac.kr
) 로그인_코로나19 확진 자가신고
2)
방법
:
경로에서
“
설문 참여
“
클릭
,
모든 설문에 답변
후
“
퀴즈 제출
”
클릭
※ 자세한 사항은 공지사항 참조 (
공지사항 바로가기
)
–
코로나
19
예방 및 확산방지를 위한 대응지침
(
숭실대학교
)
개정 안내
가. 개정사유: 대학 코로나19 감염예방 관리 안내(제5판) 개정에 따른 본교 대응지침 개정
나. 주요개정사항
1) 오미크론 확산에 따른 방역지침 변화 반영
2) 접촉자, 검사대상자, 격리대상자 변경
3) 증상 시 PCR검사 원칙에서 신속항원검사(RAT) 또는 자가진단키트 검사 변경
4) 사회적거리두기에 따른 방역지침 준수 철저
다. 본교 지침: 코로나19(COVID-19) 예방 및 확산방지를 위한 대응 지침(숭실대학교)_9판
※ 코로나19 대응지침은 본교홈페이지 대학생활_코로나19 대처현황에서 확인 가능
라. 기타사항:
코로나
19
관련 교내 부서별 출입대장 중단 및 폐기
붙임 1. 코로나19(COVID-19) 예방 및 확산방지를 위한 대응 지침(숭실대학교) 제9판 1부. 끝."
biomedical_science,2022학년도 국가우수장학금(이공계) 신규장학생(성적우수 및 재학중우수자 유형) 신청 홍보 안내,N/A,2022.04.06,https://bioinfo.ssu.ac.kr/%ea%b2%8c%ec%8b%9c%ed%8c%90/%ea%b3%b5%ec%a7%80%ec%82%ac%ed%95%ad/?term_id&slug=3975,"2022학년도 국가우수장학금(이공계) 신규장학생(성적우수 및 재학중우수자 유형)
신청 관련하여
안내드립니다.
홍보내용(자세한 내용은 학교 홈페이지 공지사항 참조)
가. 성적우수 유형:
클릭
나. 재학중우수자 유형:
클릭
세부안내
가. 지원대상: 자연과학대학, 공과대학, IT대학, 융합특성화자유전공학부 재학생
장학금 유형
장학금액
추천인원
제출서류
1차평가
2차평가
성적우수
등록금 전액
9명
지원서 및 학업계획서,
고교성적증명서
학업계획서 및
고교내신 또는
성적 평가
면접 평가
재학중
우수자
2년간 등록금
전액
12명
지원서 및 학업계획서
학업계획서 및
학업성적 평가
면접 평가
나. 학생 신청기간(학생→장학팀): 2022.04.05.(화)~2022.04.12.(화) 17:00까지
– 점심시간 12:20~13:20 및 토․일요일 접수 불가
제출장소: 장학팀(학생회관 406호)
※ 방문제출 또는 우편제출(서류가 미비한 경우, 탈락될 수 있음/ 기한내 도착분에 한함)
※ 우편주소: 06978 서울시 동작구 상도로 369 숭실대학교 학생회관 406호 장학팀. 끝."
biomedical_science,2022학년도 1학기 교내장학금 추가 신청 시행 안내,N/A,2022.03.28,https://bioinfo.ssu.ac.kr/%ea%b2%8c%ec%8b%9c%ed%8c%90/%ea%b3%b5%ec%a7%80%ec%82%ac%ed%95%ad/?term_id&slug=3958,"2022학년도 1학기 교내장학금 추가 신청 시행을 다음과 같이 안내합니다.
1.
교내장학금 자격요건
가. 2022학년도 1학기 국가장학금 신청 및 서류제출을 완료하고 소득분위가
조회된 자(국가장학금 지급 대상 분위의 경우 심사가 완료된 자)
나. 2022학년도 1학기 재학생으로 등록금 납부 예정인 자
1) 2022학년도 1학기 前 등록휴학 후 복학시 장학생 선발대상에서 제외
2) 미등록, 입학취소, 복학취소, 휴학 등 학적변동 시 모든 장학금 취소
다. 직전학기 15학점 이상 이수한 자(최종 직전학기는 12학점)
라. 등록학기가 8학기 이내인 자(건축학부 건축학전공은 10학기 이내)
2.
신청절차
가. 온라인 신청기간 및 서류제출기간 : 2022년 3월 25일(금) 10:00 ~ 3월 31일(목) 17:00까지
나. 학생 신청방법: u-SAINT포털 – 등록/장학 – 장학메뉴 – 장학금 신청
다. 학생 서류제출: 온라인 신청기간 내 방문 및 등기우편제출 가능(세부내용 붙임 파일 참조)
※ 단, 고시장학금의 경우 등기우편 불가
3.
장학금 관련 부서 및 협조사항
학생 선발 : 아래 부서에만 해당
장학금명
관련부서
국제교류장학금
국제처 국제팀
특기자장학금(축구)
학생처 학생서비스팀
특기자장학금
(골프,당구)
스포츠학부
장애학생장학금
장애학생지원센터
목사자녀장학금
교목실 학원선교팀
고시합격자장학금
진로취업센터
봉사장학금
봉사장학금 추천 전 부서
붙임  1. 2022학년도 1학기 교내장학금 추가 신청공고 1부
2.
장학금 선발자격 및 제출서류 안내 1부
3.
장학금 신청매뉴얼(교내장학금 신청) 1부. 끝."
biomedical_science,2023학년도 2월 졸업예정자 논문계획서 제출 확인 및  1차 번역서 제출 안내,N/A,2022.03.23,https://bioinfo.ssu.ac.kr/%ea%b2%8c%ec%8b%9c%ed%8c%90/%ea%b3%b5%ec%a7%80%ec%82%ac%ed%95%ad/?term_id&slug=3925,"2023
년
2
월 졸업예정자로
,
이번학기 졸업논문계획서를 제출한 학생들은
첨부된 파일의 명단을 확인해주시기를 바랍니다
.
*
명단에 누락되어 있거나 지도교수님
,
실험논문
/
리뷰논문이 잘못 기재되어 있는 학생은 과사로 연락을 부탁드립니다
.
번역논문
(
리뷰논문
)
제출 예정자들은
졸업논문
1
차보고서
(
첨부파일 양식 작성
&
논문번역서 및 영어논문
원문을 함께 첨부하여 제출
)
를
6
월
17
일 금요일까지
학과 이메일
(bioinfo@ssu.ac.kr)
로 제출해주시기 바랍니다
.
*
졸업논문
1
차보고서의 학과장님 승인은 제출 받은 보고서를 토대로
일괄로 받을 예정이니
기한 내에 제출 바랍니다
.
→
논문 번역서
1
차 학부장 심사 및 이후 지도교수께 전달
:
2022
년
6
월
20
일
(
월
) ~ 6
월
29
일
(
수
)
*
이메일로 제출시 메일 제목 및 파일명
:
졸업논문
1
차번역서
_
학번 이름
(ex.
졸업논문
1
차번역서
_20171234
홍길동
)
첨부
1.2023
년
2
월 졸업예정자 졸업논문계획서 제출 명단
2.
졸업논문
1
차 번역서"
biomedical_science,2022학년도 8월 졸업예정자 최종 졸업논문제출 안내,N/A,2022.03.08,https://bioinfo.ssu.ac.kr/%ea%b2%8c%ec%8b%9c%ed%8c%90/%ea%b3%b5%ec%a7%80%ec%82%ac%ed%95%ad/?term_id&slug=3892,"–
대상
:
앞선 절차를 끝내고
,
방학 중 지도교수와 이해도 대면 심사 및 결과 보고서까지 과사에 제출한
2022. 8
월 졸업예정자
–
최종 졸업논문제출 기간
: ~2022
년
5
월
20
일
(
금
)
까지
–
방법
:
자기표현으로 바꾸고 보충한 뒤 졸업논문제출 양식에 맞게 작성하여
(
국문
/
영문 중
1
택
)
과사 이메일로 제출
(
bioinfo@ssu.ac.kr
)
(*
본래
1
차 서면 제출
, 2
차 이메일 제출이 맞으나
,
코로나로 인해 일괄 이메일 제출 해주시기 바랍니다
.)
–
해당자
:
첨부파일 참조
(*
누락되었을 시
,
학과 사무실로 연락 바랍니다
)
*졸업논문 종합안내(첨부)를 참고해 주시고, 졸업논문제출 양식(첨부)을 다운로드하셔서 따라주시고, 인용표기에 유의해주시기 바랍니다.
논문을 번역(리뷰논문)하여 졸업논문으로 제출하고자 할 때는 반드시 첫 페이지 제목 옆에 윗첨자로 ¹⁾이라 달고, 첫 페이지 맨 아래에
¹⁾ 이 논문은 ‘전체 저자명. (연도). 제목. 저널명 Volume number, 시작page-마지막page번호.’의 논문을 번역한 것임.
이라고 반드시 명시해야함.
예를 들어 다음과 같이 인용해야 함.
¹⁾ 이 논문은 ‘Rogers, P.R., Song, J., Gramaglia, I., Killeen, N. and Croft, M. (2001). OX40 promotes Bcl-xL and Bcl-2 expression and is essential for long-term survival of CD4 T cells. Immunity 15, 445-455.’의 논문을 번역한 것임.
*논문표절의 오해소지가 있으니 반드시 기입하여야 함.
*일정에 따르지 않는 학생을 졸업이 연기됨.
*논문번역서는 리뷰논문과 똑같은 포맷으로 작성(그림, 도표 모두 입력)
*최종졸업논문은 첨부된 졸업논문양식에 맞게 작성
-리뷰논문으로 선정한 논문의 길이 (PAGE수)에 준하는 논문을 작성하여 제출하도록 합니다.
-리뷰논문으로 선정한 논문과 똑같은 내용이 될 수 없으며 반드시 자신의 언어로 해석한 내용으로 논문을 작성하여 제출합니다.
*
전체 졸업사정을 보기를 원하시는 분께서는 학부교육의
<
기타 내규
>
를 참조해주시기 바랍니다
.
첨부
1.2022.8월 졸업예정자 명단
2.졸업논문양식(국문)
3.졸업논문양식(영문)
4.의생명시스템학부_졸업논문 종합안내
(
첨부파일
2, 3
중 각자의 형식에 맞는 것을
1
택
/ 2, 3
모두 쓰는 것은 아님
)"
biomedical_science,"[채용공고] (한국화학연구원 YS 포닥(박사후연구원), 전문연구요원, 학연협동 학생 연구원 채용공고",N/A,2022.03.04,https://bioinfo.ssu.ac.kr/%ea%b2%8c%ec%8b%9c%ed%8c%90/%ea%b3%b5%ec%a7%80%ec%82%ac%ed%95%ad/?term_id&slug=3879,"[
한국
화학
연구원
] 2022년도 YS포닥(박사후
연구원
) 및 전문연구요원 채용공고
1. 모집분야 및 인원:
화학
안전연구센터(대전) YS포닥 1명, 전문연구요원 1명
2. 원서접수 : 2022. 02. 25.(금) ~ 2022. 03. 11.(금) 18:00 마감
– 전자접수 등 세부사항 :
https://www.krict.re.kr/recruit/main/index
3. 전형일정 등 세부사항 : 붙임 1, 붙임 2,붙임 3 참조
– 원서접수 바로가기:
https://www.krict.re.kr/recruit/main/index
4. 직무 소개 :
– 데이터 과학 및 인공지능 기반 위해성 예측모델 개발 연구 수행
–
화학
/생물/보건 데이터를 활용한 네트워크 구축 및 분석
– 빅데이터 및 인공지능 알고리즘 활용한 예측모델 개발 및 구축연구 수행
5. 문의사항 : 전화(042-860-7873) 또는 메일(psj10
@krict.re.kr
) 문의
관심있는 관련 전공자 분들의 지원 부탁드립니다.
(직무 문의: 서명원(042-860-7102, mwseo
@krict.re.kr
), 홈페이지(
https://chemsafety.krict.re.kr/
))
========================================================================
[
한국
화학
연구원
]2022년 후기 학연협동 학생
연구원
채용 공고
1. 1. 모집분야 및 인원:
화학
안전연구센터(대전) 학연 학생
연구원
(석사/박사과정) 1명
2. 접수기간 : 2022.02.21(월)~2022.03.07(월) 18시까지(
한국
시간 기준)
3. 전형 절차 및 세부내용: 붙임 4 참조
– 원서접수 바로가기:
http://www.krict.re.kr/recruit/main/index
4. 문의사항 : 전화(042-860-7970) 또는 메일(
jeonhy@krict.re.kr
) 문의
*센터 소개 :
한국
화학
연구원
화학
안전연구센터에서는 “
화학
물질 위해성 예측 기술 개발” 연구기술을 연구할 학생
연구원
을 모집합니다.
최근 전 세계적으로
화학
물질의 안전성에 대한 관심이 높아지면서
화학
물질 규제 강화 및 동물실험이 금지되고 있는 추세입니다.
이에 따라 대체시험법이나 예측기술을 활용해 위해성을 확인하기 위한 기술 개발이 요구되고 있습니다.
저희 센터에서는
화학
물질의 신속 위해성스크리닝을 위한 in silico 독성예측, 노출모델 개발, 분석기법 개발 뿐만 아니라
연구자 및 산업계 지원을 위한 웹 기반 복합위해성 플랫폼 및 데이터베이스 플랫폼 구축 등
미래를 대비하기 위한 Safe-by-Design 플랫폼 구축 연구를 주로 진행하고 있습니다.
화학
물질 안전에 대해 관심 있는 학/석사 전공자 분들의 많은 관심 부탁드립니다.
(직무 문의: 서명원(042-860-7102, mwseo
@krict.re.kr
), 홈페이지(
https://chemsafety.krict.re.kr/
))"
biomedical_science,2022학년도 1학기 농림축산식품부 대학장학금 홍보 안내,N/A,2022.03.04,https://bioinfo.ssu.ac.kr/%ea%b2%8c%ec%8b%9c%ed%8c%90/%ea%b3%b5%ec%a7%80%ec%82%ac%ed%95%ad/?term_id&slug=3872,
biomedical_science,2022학년도 1학기 교내장학금 신청 시행 안내,N/A,2022.03.03,https://bioinfo.ssu.ac.kr/%ea%b2%8c%ec%8b%9c%ed%8c%90/%ea%b3%b5%ec%a7%80%ec%82%ac%ed%95%ad/?term_id&slug=3858,"2022학년도 1학기 교내장학금 신청 시행을 다음과 같이 안내합니다.
1.
교내장학금 자격요건
가. 2022학년도 1학기 국가장학금 신청(2022.03.16까지 신청 가능) 및 서류제출을 완료하고
소득분위가 조회된 자 (국가장학금 지급 대상 분위의 경우 심사가 완료된 자)
나. 2022학년도 1학기 재학 및 복학(예정)자로 등록금 납부 예정인 자
1) 2022학년도 1학기 前 등록휴학 후 복학시 장학생 선발대상에서 제외
2) 미등록, 입학취소, 복학취소, 휴학 등 학적변동 시 모든 장학금 취소
다. 직전학기 15학점 이상 이수한 자(최종 직전학기는 12학점)
라. 등록학기가 8학기 이내인 자(건축학부 건축학전공은 10학기 이내)
2.
신청절차
가. 온라인 신청기간 및 서류제출기간 : 2022년 3월 2일(수) 10:00 ~ 3월 18일(금) 17:00까지
나. 학생 신청방법: u-SAINT포털 – 등록/장학 – 장학메뉴 – 장학금 신청
다. 학생 서류제출: 온라인 신청기간 내 방문 및 등기우편제출 가능(세부내용 붙임 파일 참조)
※ 단, 고시장학금의 경우 등기우편 불가
3.
장학금 관련 부서
학생 선발: 아래 부서에만 해당
장학금명
관련부서
국제교류장학금
국제처 국제팀
특기자장학금(축구)
학생처 학생서비스팀
특기자장학금(골프,당구)
스포츠학부
장애학생장학금
장애학생지원센터
목사자녀장학금
교목실 학원선교팀
고시합격자장학금
진로취업센터
봉사장학금
봉사장학금 추천 전 부서
붙임  1. 2022학년도 1학기 교내장학금 신청공고 1부
2.
장학금 선발자격 및 제출서류 안내 1부
3.
장학금 신청매뉴얼(교내장학금 신청) 1부. 끝."
biomedical_science,2022-1학기 유고 결석 안내,N/A,2022.03.02,https://bioinfo.ssu.ac.kr/%ea%b2%8c%ec%8b%9c%ed%8c%90/%ea%b3%b5%ec%a7%80%ec%82%ac%ed%95%ad/?term_id&slug=3847,
biomedical_science,2023년 2월 졸업예정대상자 졸업논문계획서 및 번역서 제출안내,N/A,2022.02.28,https://bioinfo.ssu.ac.kr/%ea%b2%8c%ec%8b%9c%ed%8c%90/%ea%b3%b5%ec%a7%80%ec%82%ac%ed%95%ad/?term_id&slug=3836,"2023
년
2
월 졸업예정대상자 졸업논문계획서 및 번역서 제출안내
2023
년도
2
월 졸업예정자는
3
월
18
일 금요일까지
지도교수 선정 및 졸업논문계획서
(
첨부파일
)
를
작성하여
학과 방문 혹은 학과 이메일
(bioinfo@ssu.ac.kr)
로 제출해 주시기 바랍니다
.
제출시 유의사항
1.
리뷰논문
/
실험논문 잘 체크해주시기 바랍니다
.
2.
논문지도교수님은 진로지도교수님과 다르며
,
학생이 직접 논문지도교수님을 정하여 직접 메일로 연락드리고
온라인 혹은 오프라인으로 확인받은 후 졸업논문계획서를
제출해주시기 바랍니다
.
3.
이메일로 제출시 메일 제목 및 파일명
:
졸업논문계획서
_
학번 이름
(ex.
졸업논문계획서
_20191234
홍길동
)
번역논문
(
리뷰논문
)
제출 예정자분들은 학기가 끝나기 전
6
월
17
일 금요일까지
졸업논문
1
차보고서
(
논문번역서 및 영어논문 원문
)
를 학과 이메일로 제출해주시기 바랍니다
.
졸업논문일정은 다음과 같습니다
.
상황에 따라 일정이 변경될 수도 있사오며
,
일정별로 안내가 될 예정이니 구체적인 일정과 내용은 홈페이지 공지를 참고해주시기를 바랍니다
.
1.
졸업논문계획서 제출
:
2022
년
3
월
18
일 금요일까지
2. ‘
리뷰 논문
’
시 논문 번역서 제출
: 2022
년
6
월
17
일 금요일까지
3.
논문 번역서
1
차 학부장 심사 및 이후 지도교수께 전달
:
2022
년
6
월
20
일
(
월
) ~ 6
월
29
일
(
수
)
4.
이해도 대면 심사 및 결과보고서 제출
: 2022
년
8
월
26
일
(
금
)
까지
5.
최종 졸업논문 작성 및 제출
: 2022
년
11
월
18
일
(
금
)
까지
*
자기표현으로 바꾸고 보충하여 졸업논문 작성 및 제출
6.
최종 졸업논문 교수님 심사
: 2022
년
11
월
21
일
(
월
) ~ 11
월
31
일
(
목
)"
biomedical_science,[대학원] 2022학년도 1학기 논문지도교수 위촉 및 변경 안내,N/A,2022.02.22,https://bioinfo.ssu.ac.kr/%ea%b2%8c%ec%8b%9c%ed%8c%90/%ea%b3%b5%ec%a7%80%ec%82%ac%ed%95%ad/?term_id&slug=3824,"2022학년도 1학기 석사·박사과정의 논문지도교수 위촉 및 변경을 다음과 같이 안내합니다.
1.
관련 규정 : 숭실대학교 학칙시행세칙(대학원) 제 4장 제33조 및 제34조
제 33조(논문지도교수 배정)
① 일반대학원 각 과정의 학생은 1차 또는 2차 학기 중에 논문 지도교수를 배정받아야 한다.
<개정 2016. 8. 19.>
제 34조(일반대학원의 논문지도교수 위촉 및 교체)
① 대학원장은 주임교수의 추천을 받아 논문지도교수를 다음과 같이 위촉한다.
<개정 2011. 2. 25>
학생의 전공분야와 동일한 본교 정년직 전임교원
<개정 2009. 4. 13., 2016. 8.19>
<삭제 2016. 8. 19.>
3. 제1호에도 불구하고 필요하다고 인정되는
비정년직 전임교원
<개정 2011. 2. 25, 2016, 8. 19>
② 논문지도교수가 질병, 유학 등 부득이한 사유로 학생의 지도가 불가능할 때에는
학과 주임교수를 경유하여 대학원장의 승인을 얻어 교체할 수 있다.
③ 논문지도교수를 위촉 또는 교체할 때 학생의 전공분야와 동일한 교수가 본교에 없을 경우는 위의 자격을 갖춘 타교의 교수로 할 수 있다.
④ 제1항 내지 제3항에도 불구하고 부득이한 경우에 한하여, 명예교수 및 퇴직한 교수가 재직시 지도하던 학생에 대하여 계속 지도하게 할 수 있다.
2. 대상
가. 논문지도교수 위촉
1) 논문지도교수를 위촉하지 않은 모든 학생
2)
석사
3
학기
,
박사
2
학기 학생 중 지도교수 미위촉된 학생 필수 위촉
3) 논문지도교수 위촉 및 변경 시 교수 1인당 박사 및 석박사통합과정 논문지도
학생(재학생)수 6명 기준 제한
※
학내외에서 본교 박사학위 논문의 질과 관련 문제 제기 및 우려가 있으며
,
교육부의 논문
지도 및 심사 지침 강화 및 대학원운영위원회 결의에 따라 논문 지도 학생을
6
명까지 제한
하오니 적극 고려하여
주시기 바랍니다
.
(
교수
1
인당 적정 논문지도 학생수
: EUA 4~6
명
,
영국은 통상적으로
6
명으로 규정하고 있음
)
※ 단, 각 학과의 사정으로 인해 부득이 교수 1인당 지도학생수(박사 및 석박사통합과정) 6명을 초과하는 경우 사유서를 공문에 첨부하여 제출해 주시기 바랍니다.
나. 논문지도교수 변경
1) 기 위촉한 논문지도교수를 변경하고자 하는 학생
다. 2022학년도 1학기 신입 외국인유학생
1)
신입생 외국인유학생의 학교 생활에 잘 적응할 수 있도록
1
학년
1
학기에 지도교수를 위촉
하여 주시기 바랍니다.
3.
제출서류
가.
논문 지도교수 위촉
1) 논문 지도교수 위촉 및 변경 양식
[
붙임
1]
: 엑셀파일. 작성하여 공문에 첨부
2) 논문 지도교수 배정서
[
붙임
2]
: 한글파일. 스캔하여 공문에 첨부 (학과별, 교수별 작성)
나.
논문 지도교수 변경
1) 논문 지도교수 위촉 및 변경 양식
[
붙임
1]
: 엑셀파일. 작성하여 공문에 첨부
2) 논문 지도교수 변경 신청서
[
붙임
3]
: 한글파일. 스캔하여 공문에 첨부 (학생별 작성)
[제출서류표]
구분
공통 제출서류
제출서류
비고
논문 지도교수 위촉
논문 지도교수 위촉
및 변경 양식
[
붙임
1]
논문지도교수 배정서
[
붙임
2]
학과별, 교수별 작성
논문 지도교수 변경
논문지도교수 변경 신청서
[
붙임
3]
학생별로 작성
4.
제출 기간 : 2022.03.02.(수) ~ 03.07.(월)
5.
제출 방법
3월 7일까지 서류를 준비해 주셔서, 학과실(벤처관 713호)로 제출
6.
기타
석사과정은 2개학기, 박사 및 석박통합과정은 3개학기 이상 논문지도비를 납부하고, 논문지도를 받아야 논문 작성 및 제출이 가능하오니 논문 작성 일정에 차질이 발생하지 않도록
유의를 부탁드립니다.
붙임 1. 논문지도교수 위촉 및 변경양식(EXCEL) 1부
2.
논문지도교수 배정서 1부
3.
논문지도교수 변경 신청서 1부. 끝."
biomedical_science,[대학원] [학위논문] 2022학년도 1학기 일반대학원 학위논문 일정 및 진행 안내,N/A,2022.02.21,https://bioinfo.ssu.ac.kr/%ea%b2%8c%ec%8b%9c%ed%8c%90/%ea%b3%b5%ec%a7%80%ec%82%ac%ed%95%ad/?term_id&slug=3815,"2022학년도 1학기 일반대학원 학위논문 일정을 아래와 같이 안내드립니다.
1.
논문발표 및 심사대상
4
학기 재학생 및 수료생
(
영구수료해제자 포함
)
논문등록자로
아래
‘
가
~
바
‘
사항을 모두 충족 시킨 자
가. 학점 취득자
1) 석사
24학점 이상 취득(예정)
2) 박사
36학점 이상 취득(예정)
3) 석·박사통합
60학점 이상 취득(예정)
※ 중복과목은 제외함
※ 선수과목, 추가학점 지정자는 선수과목 이수 및 추가학점 취득이 필요함
나. 종합시험 합격자
1) 논문진행 학기 응시자도 가능하나, 불합격 시 논문 제출이 불가함
2) 2022학년도 1학기 종합시험 시행결과는 3월 16일(수) 발표 예정임
3) 종합시험 시행결과를 참고하여 학위논문 발표자격 최종 확인해야 함
다. 연구윤리교육 이수(예정)자
1) 대학원에서 지정한 연구윤리교육을 이수한 자 또는 이번 학기 이수 예정자
2) 2022학년도 1학기 연구윤리교육은 4월(1차), 5월(2차)에 개설될 예정임 (추후 안내 예정)
라. 논문지도교수를 배정 받고 논문지도를 받은자(논문작성학기 포함)
1) 석사과정
논문지도교수를 배정받고 2개학기 이상 논문지도를 받은자
(논문 작성 학기 포함)
2) 박사 및 석·박사통합과정
논문지도교수를 배정받고 3개학기 이상 논문지도를 받은자
(논문 작성 학기 포함)
마. (외국인) 한국어 능력 기준을 갖춘 자
※
공개발표 결과보고서 제출
이전까지
TOPIK 4
급 이상 취득하고 증빙 제출 한 경우
,
연구실적을
근거로 주임교수 명의의
TOPIK
면제 추천이 공문으로 제출된 경우에만 논
문
진행이 가능함
바. (박사 및 석․박사통합과정) 학칙시행세칙(대학원)제30조의 연구실적을 충족한 자
※
공개발표 결과보고서 제출 시
,
연구실적 게재가 완료되어야만 논문 진행이 가능함
2.
논문공개발표 및 공개발표 결과보고
가.
기간
: 2022
년
3
월
14
일
(
월
)
∼
3
월
25
일
(
금
)
나. 공개발표 방법 : 논문지도교수 · 주임교수 · 학과교수 참석 하에 질의 응답 진행
다. 공개발표 결과보고 제출사항
1)
공개발표결과보고서
[
붙임
1]
:
학과에서 취합하여 기간 내 대학원으로
오프라인
제출
2)
연구윤리준수확인서
[
붙임
2]
(
공개발표 결과 합격자만 해당
) :
학과에서 취합하여 기간 내
대학원으로
오프라인
제출
3.
논문심사위원 추천
(
공개발표 결과보고서 제출시
,
합격자만 해당
)
가.
기간
: 2022
년
3
월
14
일
(
월
)
∼
3
월
25
일
(
금
)
나. 심사위원
1) 석사학위과정 : 3명 (외부 심사위원 위촉 시 1명까지 가능)
2) 박사학위과정 : 5명 (외부 심사위원 1명 이상 반드시 포함 필요)
※
학위과정별 심사위원 위촉 인원
(
석사
3
명
,
박사
5
명은 반드시 준수
)
※
교내 근무자는 모두 내부심사위원으로 구분됨
다. 심사위원 추천 제출사항
1)
공개발표결과 및 심사위원명단 제출양식
(EXCEL)[
붙임
3]
– 학과에서 취합된 공개발표 결과보고서를 기준으로 제출양식 엑셀파일을 작성 및 첨부하여
기간 내 대학원으로
공문 발송
2)
심사위원명단
[
붙임
4,
붙임
5]
가) 학과에서 취합하여 기간 내 대학원으로
오프라인 제출
나) 직전학기 최종심사 연기자도 심사위원 명단 제출(완본 연기자는 제출하지 않음)
4.
가제본 및 카피킬러 검사결과
‘
상세보기
‘
제출
가.
기간
: 2022
년
4
월
4
일
(
월
) ~ 4
월
15
일
(
금
)
나. 대상 : 공개발표에 합격하여 최종심사 대상이 된 자
다. 가제본 제출
구분
석사과정
박사과정
비고
가제본 제출
[별도 양식 없음]
3부
5부
학과 주임교수 및 지도교수 확인 후
각 심사위원에게 직접 제출
※
교학팀 제출 불필요함
카피킬러 검사결과
‘
상세보기
‘
제출
[
붙임
6]
참조
3부
5부
[
붙임
6]
의 연구윤리 확보를 위한 논문검사
서비스 안내’파일의 pg.4 참조하여 지도교수
확인 후 심사위원에게 제출
라. 개정된 학칙시행세칙(대학원)에서 학위논문 피심사자격에 ‘논문유사도검사시스템을 통해
학위논문
의 유사도를 확인하고 결과보고서를
제출한 자’가 추가되었으며,
본교는 현재
논문유사도검사시스템으로 카피킬러를 지정하고 있음
5.
심사비 납부
가.
기간
: 2022
년
4
월
18
일
(
월
) ~ 4
월
20
일
(
수
)
나. 대상 : 공개발표에 합격하여 최종심사 대상인 자
다. 심사비 납부 : 납부 방법은 추후 대학원 홈페이지 공지 등 안내 예정
6. 최종심사 결과보고
가.
기간
: 2022
년
4
월
17
일
(
일
) ~ 5
월
27
일
(
금
)
나. 최종심사 결과보고 제출사항
1)
최종심사결과 제출양식
(EXCEL)
[
붙임
7]
: 학과에서 취합된 심사 결과보고서를 기준으로 제출
양식 엑셀파일을 작성, 첨부하여 기간 내
대학원으로 공문발송
2) 제출서류 :
학과에서 취합하여 기간 내 대학원으로 오프라인 제출
가) 석사학위과정 : 석사학위청구논문 심사 결과보고서[붙임8], 심사요지서[붙임10]
나) 박사학위과정 : 박사학위청구논문 심사 결과보고서[붙임9], 심사요지서[붙임10],
박사학위청구논문 심사 일지(2차)[붙임11],
박사학위청구논문 심사 일지(3차)[붙임12],
박사학위청구 논문 심사결과 투표용지(5매)[붙임13]
7.
논문완본 제출
가. 기간 :
2022
년
6
월
22
일
(
수
)
∼
6
월
23
일
(
목
) (2
일간
)
[
붙임
14,
붙임
15,
붙임
16]
나. 2022년 6월 중 학위논문 파일을 본교 중앙도서관 홈페이지에 업로드 후 저작권 동의서를 출력
하여 논문완본과 함께 제출 (관련 세부 사항은 추후 별도 안내 예정임)
관련 규정
: 학칙시행세칙(대학원) 제4장 학위논문 [붙임17]"
biomedical_science,2022-1학기 학과 근로 장학생 모집 안내,N/A,2022.02.15,https://bioinfo.ssu.ac.kr/%ea%b2%8c%ec%8b%9c%ed%8c%90/%ea%b3%b5%ec%a7%80%ec%82%ac%ed%95%ad/?term_id&slug=3812,"2022학년도 1학기 학과근로장학생 선발을 다음과 같이 모집하니 많은 지원 바랍니다.
1.
근로장학생 자격 및 선발기준
가. 2022학년도 1학기 국가장학금을
1
차
신청하고 소득분위가 8분위 이내인 자
※ 국가장학금을 신청할 수 없는 대한민국 국적 미소지자도 선발 가능
(단, 순수외국인전형으로 입학한 외국인 유학생은 선발 불가)
나. 2022학년도 1학기 재학 및 복학예정자로 해당학기 등록금 납부 예정인 자
1) 2022학년도 1학기 전 등록휴학 후 복학시 선발 불가(등록대체자)
2) 학기 중 미등록, 입학취소, 복학취소 등으로 인한 학적변동시 모든 장학금 취소
3) 2022학년도 1학기 기준 이수학기가 2~7학기만 가능(1학기 및 8학기 신청 불가)
다. 직전학기 취득학점 및 학업성적 제한 없음
라. 타 장학금과 중복수혜 가능(근로장학금 간 중복 불가)
※ 본 장학금은 학업장려비 지원 목적으로 등록금(입학금 및 수업료)를 초과하여 지급
마. 국가근로장학생 및 교내근로장학생에 선발되지 않은 자
2. 유의사항
가. 선발된 학생은 소속부서에서 지정된 근로시간 동안 근무해야 하며, 학기 중 학적변동
(휴학, 자퇴, 제적 등) 등 불가피한 사유가 인정되는 중도 포기 시 근로한 시간만 장학금 지급
나. 2022년 8월 말 근로평가 전까지 교체 가능 (단, 교체 전 학생의 근로시간을 차감)
다. 국가근로 및 교내근로로 선발 시 학과근로 선발에서 제외됨
(선발 우선순위: 1. 국가근로, 2. 교내근로, 3. 학과근로)
3. 근로시간 및 장학금액
장학금명
시간당 장학금액
총 근로시간(학기)
1인당 장학금액(원)
학과근로A
9,160원
10시간*20주=200시간
1,832,000
학과근로B
9,160원
5시간*20주=100시간
916,000
4. 신청절차
가. 학생신청방법: u-SAINT포털→등록/장학→근로장학금 신청→지원서 출력/제출
나. 온라인신청 및 서류제출기간:
2022
년
2
월
14
일
(
월
) 10:00 ~ 2
월
18
일
(
금
) 17:00
1) 제출서류: 지원서 (u-SAINT 출력본,
본인서명 필수
)
2) 제출장소: 학과근로 (각 학과사무실)
라. 학과근로장학생 최종선발 발표:
2022
년
2
월
25
일
(
금
)
예정"
biomedical_science,[대학원] 2022-1학기 타과개설 강좌 전공학점 인정확인서 제출 안내,N/A,2022.02.10,https://bioinfo.ssu.ac.kr/%ea%b2%8c%ec%8b%9c%ed%8c%90/%ea%b3%b5%ec%a7%80%ec%82%ac%ed%95%ad/?term_id&slug=3807,"2022학년도 1학기 타과 개설 강좌 수강 전공학점 인정확인서 제출을 안내합니다.
타과 개설 강좌 수강 전공학점 인정확인서
가. 내용 : 타과 개설강좌를 본 학과 전공학점으로 인정
나. 대상 : 주임교수 및 과목담당교수 확인을 받은 자(제출서류에 확인서명)
다. 제출서류 : 타과 개설 강좌 수강 전공학점 인정확인서(첨부서류 참조)
라. 제출처 : 대학원 교학팀(웨스트민스터홀 658호)
마. 제출기한
1)
정규기간
: 2022
년
2
월
14
일
(
월
) ~ 2
월
21
일
(
월
)
2)
추가기간
: 2022
년
3
월
2
일
(
수
) ~ 8
일
(
화
) 10:00 ~ 17:00
까지
바. 주의사항
1) 수강신청은 본인이 u-SAINT에서 직접 해야 함
2) 타과개설강좌를 포함하여 12학점 신청하는 경우 ’12학점 수강신청승인서’를 함께 제출해야 함
3)
수강신청 변경기간 종료 후에는 강의 변경 및 수강 철회가 불가하니 수강신청 시
미리 과목 수강 적합성을 강의개설 학과 및 교과목 담당 교수와 확인하시고 서류 제출 후 수강신청하시기 바랍니다
.
(
타 학과 수업을 수강하는 경우
,
과목 담당교수와의 상담이 필수적임
)
4) 다음에 해당하는 학생은 타과 개설 강좌 수강 전공학점 인정확인서를 제출하지 않아도 본 전공학점으로 인정됨"
biomedical_science,[대학원] 2022-1학기 12학점 수강신청서 제출 안내,N/A,2022.02.10,https://bioinfo.ssu.ac.kr/%ea%b2%8c%ec%8b%9c%ed%8c%90/%ea%b3%b5%ec%a7%80%ec%82%ac%ed%95%ad/?term_id&slug=3803,"2022학년도 1학기 12학점 수강신청 승인서 제출을 안내합니다.
12학점 수강신청 승인서(
석사
,
박사
,
석박통합과정 해당
-1
학기생 제외
)
가. 내용 : 한 학기 수강 최대학점인 9학점을 12학점으로 변경
나. 대상 : 지도교수의 추천을 받은 자(제출서류에 확인서명)
*
지도교수를 아직 위촉하지 않은 학생은 개강 후 위촉예정인 지도교수님의 확인을 받음
,
이후 위촉하지 않으면 제출된
12
학점 수강신청승인서는 인정되지 않음
다. 제출서류 : 12학점 수강신청 승인서(첨부서류 참조)
라. 제출처 : 대학원 교학팀(웨스트민스터홀 658호)
마. 제출기한
1)
정규기간
: 2022
년
2
월
14
일
(
월
) ~ 2
월
21
일
(
월
)
2)
추가기간
: 2022
년
3
월
2
일
(
수
) ~ 8
일
(
화
) 10:00 ~ 17:00
까지
바. 주의사항
1)
승인서를 제출한 다음날
u-SAINT
에 개인이 로그인하여 수강신청 해야 함
2) 학점교류(타대학) 수강신청 학점을 포함하여 12학점인 경우 반드시 제출해야 함"
biomedical_science,[대학원] 2022-1학기 선수과목 수강신청서 제출 안내,N/A,2022.02.10,https://bioinfo.ssu.ac.kr/%ea%b2%8c%ec%8b%9c%ed%8c%90/%ea%b3%b5%ec%a7%80%ec%82%ac%ed%95%ad/?term_id&slug=3799,"2022학년도 1학기 선수과목 수강신청서 제출을 안내합니다.
선수과목 수강신청서(석사과정만 해당)
가. 내용 : 석사과정 전공이 학부과정 전공과 상이하여 주임교수가 학부과목을 수강 하도록 지정
(
선수과목 수강신청서를 제출하여 지정된 선수과목을 이수하지 못하면 수료 및 졸업이 제한될 수 있음
)
나. 대상 : 주임교수에게 특정과목 수강을 지정을 받은 자
다. 제출서류 : 선수과목 수강신청서(첨부서류 참조)
라. 제출처 : 학과사무실 및 대학원 교학팀(웨스트민스터홀 658호)
*
양식에서 학과보관용은 학과사무실로
,
대학원용은 대학원 교학팀으로 제출
* 다른 학과의 과목을 선수과목으로 신청하는 경우 과목담당 교수와 협의 후 제출
마. 제출기한
1)
정규기간
: 2022
년
2
월
14
일
(
월
) ~ 2
월
21
일
(
월
)
2)
추가기간
: 2022
년
3
월
2
일
(
수
) ~ 8
일
(
화
) 10:00 ~ 17:00
까지
바. 수강신청 확인방법 : 수강신청서를 제출한 다음날 개인이 u-SAINT 로그인하여 수강신청내역에서 확인 가능"
biomedical_science,[대학원] 2022학년도 1학기 대학원 강의시간표 조회 및 수강신청 안내,N/A,2022.02.10,https://bioinfo.ssu.ac.kr/%ea%b2%8c%ec%8b%9c%ed%8c%90/%ea%b3%b5%ec%a7%80%ec%82%ac%ed%95%ad/?term_id&slug=3797,"※
2022
학년도
1
학기 신입생은
2
월
10
일
(
목
)
부터 학번 확인이 가능합니다
.
재학생 및 신입생 수강신청 일정
가. 신청기간 : 2월 14일(월) 10:00 ~ 21일(월) 17:00
나. 확인 및 변경기간 : 3월 2일(수) 09:00 ~ 8일(화) 24:00
수강신청 방법
가. 강의시간표 조회 : 대학원홈페이지 중앙 하단 ‘개설강좌조회’에서 확인 가능
*
2022. 01. 19
부터 조회 가능
*
개설 강좌는 학과의 사정에 따라 변동될 수 있습니다
.
나. u-SAINT(
saint.ssu.ac.kr
) 로그인 :
ID(
학번
), PW(
개인이 설정한 비밀번호
)
* ID/PW 모를 경우
– search ID/PW를 눌러 ID조회, PW를 받을 수 있음.
– 초기 로그인 시 학사시스템(http://saint.ssu.ac.kr) 초기화면에서 search ID/PW 클릭 후,
ID(학번), 이름, 이메일 또는 휴대폰번호 입력 후 Send 버튼 클릭하면 이메일이나 휴대폰으로
임시 비밀번호가 발송됨. 로그인 후, 본인이 비밀번호 변경하시면 됩니다.
수강신청 유의사항
가. 원활한 수강신청을 위하여 수강신청 사전에 u-SAINT에 접속하여 ID/PW를 확인해주시기 바랍니다.
나. 주민등록번호 등 개인정보 노출로 인하여 본인의 u-SAINT ID와 Password가 공유되지 않도록 철 저히 관리하여야 하며, 이로 인한 불이익은 학생 본인이 감수하여야 합니다.
다. 수강신청 전 시스템에 로그인하여
학사관리
→
학적정보
→
휴대전화
에 자신의 휴대폰 번호가 정 확히 입력되어 있는지 확인해주시기 바랍니다.
라.
멀티로그인 수강신청이 금지되며
, 복수의 접속창을 띄워서 수강신청 할 수 없습니다.
1) 1인 1로그인만 허용함.
2) 1대의 PC에서 여러 개의 접속창읠 띄워 로그인 금지함.
3) 여러 대의 PC에서 1개의 ID로 중복 로그인 금지함.
4) 사설 프로그램(ex.자동 수강신청 프로그램 등)을 사용하여 수강신청을 하였을 경우 불이익을 당 할 수 있음.
수강신청 Help Desk 안내
가.
로그인 문제 발생시
:
☏
820-0067
나. 수강신청 관련 내용 상담 : 각 학과(부) 사무실, 대학원 교학팀 ☏820-0258~9"
biomedical_science,2022학년도 1학기 신입생 스마트카드(학생증) 신청 및 발급 안내,N/A,2022.02.07,https://bioinfo.ssu.ac.kr/%ea%b2%8c%ec%8b%9c%ed%8c%90/%ea%b3%b5%ec%a7%80%ec%82%ac%ed%95%ad/?term_id&slug=3788,"2022학년도 1학기 학사과정 및 석사/박사과정 신입생 학생증(스마트카드)
발급 일정을 안내드립니다.
1.발급 일정
구분
내국인
외국인
신청기간
02.25(금)~03.06(일)
03.7(월) 이후
신청방법
우리은행 모바일앱 ‘우리WON뱅킹’
* 학생증 전사용 사진파일 필요
*  학생서비스팀(학생회관 504호) 방문 신청
및 수령
* 신분증 필참, 사진파일
교부기간
03.14(월)~19(금)
* 모바일 앱 신청 시 수령처 선택 가능(우리은행 숭실대지점 또는 자택)
2. 행정사항
가. 학생증 발급 관련 문의
* 앱 신청 시 오류 문의 : 우리WON뱅킹 고객상담센터 1588-5000, 1599-5000
* 학생서비스팀 : 02)820-0065,0067
* 우리은행 숭실대지점 : 02)826-4522(내선 210, 211)
나. 본 안내는 2022학년도 신입생을 대상으로 하는 것으로 재학생의 경우
학생서비스팀(학생회관 504호)에서 직접 신청바랍니다.
3. 협조요청사항
가. 학생증 발급안내 : 입학예정자 문의 시 상기일정 및 연락처 안내
나. 모바일 학생증은 개강일(03.02)부터 사용이 가능합니다.
다. 글로벌미래교육원 신입생, 국제교육원 신입생 학생증 발급일정은 별도 문의바랍니다.
붙 임 : 1. 학생증 발급 및 u-Saint 최초 로그인 안내자료 1부
2.
학생증 발급 안내자료(우리은행 작성) 1부.  끝."
biomedical_science,"2022. 2월 졸업자 학사 학위증 배부 관련, 학부사무실 안내",N/A,2022.02.04,https://bioinfo.ssu.ac.kr/%ea%b2%8c%ec%8b%9c%ed%8c%90/%ea%b3%b5%ec%a7%80%ec%82%ac%ed%95%ad/?term_id&slug=3786,"2022. 2월 졸업자(학과 우등상 포함) 학사 학위증 : 의생명시스템학부 사무실 배부
일자 : 2022. 02.14(월) ~ 18(금)
의생명시스템학부 사무실이 2월 중순 경 이사를 하게 되어, 학부사무실 장소를 아래와 같이 안내드립니다.
02.14(월) : 진리관 212호
02.15(화) : 진리관 212호
2.16(수) : 진리관 212호
2.17(목) : 진리관 212호
2.18(금) : 벤처중소기업센타 713호
–  2월 17일(목)과 2월 18일(금)은 학부사무실 이전으로 인하여, 학부사무실의 다소 복잡한 상황이 예상됨으로,
가능하시면 2월 14일(월) ~ 2월 16일(수)에 2022. 2월  졸업자 학사 학위증의 수령을 부탁드립니다.
감사합니다."
biomedical_science,서울대학교병원 당뇨병 및 만성질환 유전체 연구실 연구원 모집 공고,N/A,2022.01.27,https://bioinfo.ssu.ac.kr/%ea%b2%8c%ec%8b%9c%ed%8c%90/%ea%b3%b5%ec%a7%80%ec%82%ac%ed%95%ad/?term_id&slug=3778,"서울대학교병원 당뇨병 및 만성질환 유전체 연구실은 서울대학교병원 임상의사, 기초의학자, 미국 Broad Institute 연구자들과 협동 연구를 통해 당뇨병 및 만성질환의 유전적 원인을 규명하고 이를 임상 진료에 활용할 수 있는 다양한 중개연구를 수행하고 있습니다. 당뇨병 및 합병증의 GWAS, Whole Exome Sequence, Targeted Sequence, DNA Methylation EPIC Array 및 다양한 병원 임상정보(Hospital Information System)를 이용하여 한국인 당뇨병 및 만성질환 정밀의료의 토대를 마련하고 있습니다. 그 동안 Diabetes, Diabetes Care, Diabetologia, Lancet Diabetes & Endocrinology, Nature Genetics에 주저자 논문이 발표되었으며 통계, 유전체, 컴퓨터공학, 임상이 접목된 연구를 수행할 수 있습니다. 향후 창업/취업을 생각하거나 석/박사 학위 진학, 외국 유학을 생각하시는 분들을 적극 환영합니다.
본 모집은 서울대학교병원 직원 채용과는 무관하며, 당뇨병 및 만성질환 유전체 연구실 곽수헌 교수가 정부의 연구비 등을 지원받아 모집하는 개별 채용입니다.
1.모집 인원
– 학사 졸업 혹은 석사 졸업: 1명 이내 (학사 또는 석사 학위 소지자)
2. 채용 분야
–
생물정보학/통계유전학 – 유전체 (GWAS, Exome Sequencing), 후성유전체
당뇨병, 당뇨병 합병증 및 관련 대사성 만성질환 유전체 연구
서울대병원 자체 유전체 정보 (GWAS, Exome Sequencing, DNA Methylation)
UK Biobank 자료 분석, Korean Chip 자료 분석
미국 CHARGE 컨소시엄 공동 연구
미국 NIH PRIMED Polygenic Risk Score 컨소시엄 공동 연구
Polygenic Risk Score의 다양한 임상 활용 연구
3. 급여조건
학위 소지자: 연 2600-2800만원 (협의 후 조정 가능)
석사 학위 소지자: 연 3200-3400만원 (협의 후 조정 가능)
4. 근무 조건
–   고용 형태: 계약직 (
본 고용은 서울대학교병원 직원 채용이 아님을 알려드립니다
)
–   근무 형태: 전일제 (주 5일, 9시 ~ 18시, 재택 근무 일 협의 가능)
–   근무지: 서울시 종로구 서울대학교병원 의생명연구원
5. 지원 방법
자유 양식 이력서(학위 정보 및 경력, 보유 기술, 수행 가능 업무, 지원 동기 포함)
재학 혹은 졸업(학위) 증명서
이메일(
shkwak@snu.ac.kr
)으로 제출"
biomedical_science,2022-1학기 2차 국가장학금 신청 안내,N/A,2022.01.26,https://bioinfo.ssu.ac.kr/%ea%b2%8c%ec%8b%9c%ed%8c%90/%ea%b3%b5%ec%a7%80%ec%82%ac%ed%95%ad/?term_id&slug=3774,
biomedical_science,생명정보학 세미나 일정 공지,N/A,2022.01.25,https://bioinfo.ssu.ac.kr/%ea%b2%8c%ec%8b%9c%ed%8c%90/%ea%b3%b5%ec%a7%80%ec%82%ac%ed%95%ad/?term_id&slug=3755,"박동현 상무님 | 지니너스
일정 : 1월 28일(금) 오후 2시
장소 : Zoom 온라인 진행
내용: 지니너스ㅣ유전체 분석 기술과 의료 빅데이터를 기반으로 차세대 정밀의료 시장을 선도하는 바이오인포매틱스 전문 기업
»기업 소개, 기업에서 보유중인 기술 및 개발중인 기술 소개
줌 주소 :
https://us02web.zoom.us/j/85111977184
많은 참여 부탁드립니다"
biomedical_science,[일반세미나] 22.01.27 2021-2 의생명시스템학부 세미나: 엄태웅 대표 – ART Lab,N/A,2022.01.20,https://bioinfo.ssu.ac.kr/%ea%b2%8c%ec%8b%9c%ed%8c%90/%ea%b3%b5%ec%a7%80%ec%82%ac%ed%95%ad/?term_id&slug=3742,"안녕하십니까 기초과학융합연구소입니다
2021학년도 2학기 의생명시스템학부 세미나를 안내해 드립니다.
•연사: 엄태웅 대표 (ART Lab)
•일시: 2022년 1월 27일 오전 10시 30분
•Zoom 접속 링크:
https://ssu-ac-kr.zoom.us/j/86807069450?pwd=K2xpVjVOZTNKK2VoZjdqc0xibE5EQT09
•강연 제목 : [고민해결소] 대학원부터 스타트업까지
•강연 소개 :
“대학원생 때 알았더라면 좋았을 것들” 저자의 청춘고민상담소. 본 강연에서는 인공지능 연구자이자 뷰티테크 스타트업 ART Lab의 CEO를 맡고있는 엄태웅(Terry)님과 함께 “대학원부터 스타트업까지” 다양한 선택지 속에서 어떠한 고민들을 하며 살아가야 하는지 이야기를 나눠본다. ‘왜 살아야하는지’, ‘어떻게 살아야하는지’, ‘지금 가고있는 삶이 맞는건지’ 고민 많은 분들 대환영!
•연사 약력 :
2002-2010 서울대학교 기계항공공학부 학/석사 졸업 (로보틱스 전공)
2010-2012 LIG넥스원 기계연구센터 선임연구원(
2012-2014 한국과학기술원(KIST) 실감교류로보틱스센터 연구원
2014-현재  Univ. of Waterloo 전기컴퓨터공학부 박사과정 (인공지능 전공)
2019-현재  ART Lab CEO
•저서: 대학원생 때 알았더라면 좋았을 것들
•논문: 구글스칼라 Terry Taewoong Um
감사합니다
기초과학융합연구소
홈페이지
홍보 링크:
https://iibs.ssu.ac.kr/%ec%84%b8%eb%af%b8%eb%82%98/%ec%84%b8%eb%af%b8%eb%82%98/?slug=3623"
biomedical_science,서울대학교 의과대학 병리학 교실 생물정보연구원 모집,N/A,2022.01.10,https://bioinfo.ssu.ac.kr/%ea%b2%8c%ec%8b%9c%ed%8c%90/%ea%b3%b5%ec%a7%80%ec%82%ac%ed%95%ad/?term_id&slug=3734,"1. 기관/근무지
– 근무지: 서울대학교병원 의학혁신센터 및 서울대학교 의과대학 병리학 교실, 서울대학교병원 뇌은행
– 소속책임자: 서울대학교병원 병리과 원재경
2. 자격/학력
– 학사/석사 이상
3. 현재 진행되고 있는 연구 내용
–  갑상선암/대장암 single cell sequencing, spatial transcriptomics 분석 (서울대병원 내과와 공동연구)
–  파킨슨 뇌조직에서 single cell sequencing, spatial transcriptomics 분석
–  존스홉킨스 뇌연구소 (Lieber Institute for Brain Development) 신주헌 교수팀과 알츠하이머 뇌조직 분석 공동연구
–  숭실대 김준일 교수팀/카이스트 박종은 교수팀/중앙대 이대원 교수팀과 함께  single cell analysis 플랫폼 구축 공동연구
4. 모집 인력
–  R,  Python,  Linux 등 프로그램을 다룰 줄 아는 분 우대
–  미국 유학 및 학위 과정 전환 생각하시는 분 환영
5. 급여조건
– 학사 연봉 2400만원 이상
– 석사 연봉 3600만원 이상
* 자기 소개서에는 간단한 자기소개와 함께 기존에 수행한 연구과제와 수행 가능한 분석/실험 기법에 대한 소개도 기재해 주시기 바랍니다.
* 본 채용은 서울대학교병원 채용과는 무관한 교수 개인 연구원 채용입니다.
* 문의 사항은 이메일 (원재경
jkyung.won@gmail.com
) 로 문의하시기 바랍니다."
biomedical_science,2022년 8월 졸업예정자 졸업논문 이해도 대면심사 안내,N/A,2021.12.27,https://bioinfo.ssu.ac.kr/%ea%b2%8c%ec%8b%9c%ed%8c%90/%ea%b3%b5%ec%a7%80%ec%82%ac%ed%95%ad/?term_id&slug=3727,"<
이해도대면심사 안내
>
이해도대면심사 안내 드립니다
.
2022
년도
8
월 졸업예정자이신 분들은
2022
년
2
월
25
일
(
금
)
까지 이해도 대면심사를
진행하여 주시기 바랍니다
.
아직까지 코로나
19
가 진행 중인 관계로
,
이해도대면심사는 지도교수님 재량에 따라 진행됩니다
.
학생분들이 교수님들에게 개별적으로 연락하신 뒤
,
교수님들께서 비대면
(
이메일 포함
),
대면
,
혹은 생략 중에 택하도록 하시고 교수님의 선택에 따라
진행될 예정입니다
.
만일 대면으로 진행될 경우
,
본 페이지 상단의 양식을 다운받아 본인이 작성하는 부분
(
학번
,
이름
,
논문제목
,
지도교수
)
을 작성 후
교수님과의 면담약속을 잡으시고 찾아뵙고
심사서의 심사결과 및 지도사항을 교수님께 작성 요청 드린 후 학과사무실로 제출하여 주시기 바랍니다
.
반드시 방학 중 진행해주시기 바랍니다
.
학과에서 이해도대면심사 진행 상황을 파악해야 하오니
,
결정된 사항을 학과 이메일이나
사무실로 전달해주시기 바랍니다
.
현재 번역서까지 진행한
2022
년도
8
월 졸업예정자
(
졸업논문진행시
)
명단은 첨부와 같습니다
.
2022
년
8
월 졸업예정이 아닌 학생은 본인 졸업일정에 맞추어 진행하시면 됩니다
.
명단에 이상이 있으신 분은 학과사무실로 연락 부탁드립니다
."
biomedical_science,2022-1학기 농림축산식품부 국가장학생 선발 안내,N/A,2021.12.22,https://bioinfo.ssu.ac.kr/%ea%b2%8c%ec%8b%9c%ed%8c%90/%ea%b3%b5%ec%a7%80%ec%82%ac%ed%95%ad/?term_id&slug=3720,"2021.12월 20일(월)~2022년 1월 5일(수) 농어촌희망재단에서는 2022.1학기 농림축산식품부 국가장학생을 선발합니다.
청년창업농육성장학금(
4년제 3~4학년, 전문대 1학년2학기~지원가능
) 신청
.
-장학신청도움 :
http://www.rhof.or.kr/jhelp.jsp
​(장학정보영상,메뉴얼,취창업계획,진로계획서 작성예시,장학신청,이벤트신청가능)
-장학빠른신청 바로가기(클릭) :
(
http://youth.rhof.or.kr/index.do
)
바로안내 : 상담센터
02-509-2114
(실시간) 안내가능"
biomedical_science,기초과학융합연구소 학부생 동계인턴십 모집공고,N/A,2021.12.16,https://bioinfo.ssu.ac.kr/%ea%b2%8c%ec%8b%9c%ed%8c%90/%ea%b3%b5%ec%a7%80%ec%82%ac%ed%95%ad/?term_id&slug=3705,"기초과학융합연구소에서 2021년 겨울 학부생 인턴십을 진행합니다.
•모집대상: 학부 재학생
•장려금액: 60만원
•제출기한: 12월 24일(금)까지
•연수기간: 22년 1월 3일~22년 2월 28일
•결과보고서 제출: 22년 2월 말
•우수 결과보고서 시상식: 22년 3월 초
관련 링크
https://iibs.ssu.ac.kr/%ea%b2%8c%ec%8b%9c%ed%8c%90/%ea%b3%b5%ec%a7%80%ec%82%ac%ed%95%ad/?slug=3406"
biomedical_science,[코로나19] 건물 출입방식 변경 안내,N/A,2021.12.16,https://bioinfo.ssu.ac.kr/%ea%b2%8c%ec%8b%9c%ed%8c%90/%ea%b3%b5%ec%a7%80%ec%82%ac%ed%95%ad/?term_id&slug=3703,"건물 출입방식 변경
가. 변경사항
1) (도서관을 제외한) 교내 건물출입 시 QR코드 체크
※ 마스크 착용, 체온체크, 손소독제 사용 변동없음
2)
도서관 건물 출입 시 접종증명
·
음성확인제 도입
나. 시행일: 2021.12.20.(월)~"
biomedical_science,12월 중앙도서관 학위논문작성을 위한 정보활용교육 안내,N/A,2021.12.10,https://bioinfo.ssu.ac.kr/%ea%b2%8c%ec%8b%9c%ed%8c%90/%ea%b3%b5%ec%a7%80%ec%82%ac%ed%95%ad/?term_id&slug=3613,"1.신청방법 :
도서관 홈페이지 로그인
–
오른쪽 가운데
‘
정보활용교육
‘
아이콘 클릭
(
https://oasis.ssu.ac.kr/#/education/result/?offset=0&max=20
)
2.강의방법 : 실시간 온라인 강좌
3.강의내용 및 일시
구분
내용
일시
논문작성을 위한
정보활용교육
(기초/이론)
학위논문의 특성과 개념, 논문작성 Tip & 자료활용법
학술자료의 개념과 형식, 유형에 따른 검색법, 평가기준
주요 학술사이트 및 DB소개, 도서관 미소장자료 신청법
연구윤리 및 표절방지(참고문헌인용법 & 스타일)
12.14.(화)
19:00~20:40
EndNote20  (논문작성지원도구)
논문작성 지원도구 EndNote20를 활용한 자료 수집과 관리
Word에서 참고문헌 스타일 적용 및 변환법 실습
Manuscript로 투고저널 추천받기
12.15.(수)
14:00~16:00
논문작성을 위한 정보활용교육 (심화/실습)
도서관홈페이지 자료 검색 실습(자료유형별/주제별)
구글스칼라/RISS 및 주요 DB 활용법
구글스칼라 및 주요 DB 검색자료 RefWokrs 반출/관리
RefWorks
와 주요
DB
를 활용한 참고문헌인용법 실습
12.16.(목)
19:00~20:40
4. 문의 :
jinyamy@ssu.ac.kr
(내선 0745). 끝."
biomedical_science,2022학년도 1학기 교내장학금 신청공고(재학생 및 복학예정자 대상),N/A,2021.12.09,https://bioinfo.ssu.ac.kr/%ea%b2%8c%ec%8b%9c%ed%8c%90/%ea%b3%b5%ec%a7%80%ec%82%ac%ed%95%ad/?term_id&slug=3695,"※
본교에서 지급되는 모든 교내장학금은 아래 국가장학금 신청기간 내 국가장학금을 신청하고 서류제출을 완료하여 소득분위가 조회된 학생을 대상으로만 수혜자를 선정합니다
.
따라서
,
교내장학금을 수혜하려는 모든 학생은 반드시 교내장학금과 국가장학금을 모두 신청하시기 바랍니다
.
–
국가장학금 신청결과 제공되는 학생의 소득분위정보를 장학생선발에 활용
–
국가장학금은 반드시 매학기 신청
(
서류제출 및 가구원동의 포함
)
하여야 함
.
1.
국가장학금 신청기간
: 2021
년
11
월
24
일
(
수
)
∼
12
월
30
일
(
목
)
까지
※ 한국장학재단 홈페이지(www.kosaf.go.kr) 공인인증 로그인 후 신청
※
재학생은 국가장학금
1
차 신청이 원칙
(
단
,
재학 중
1
회에 한하여
2
차 신청이 가능
)
▶
재학생이
2
차 신청하는 경우 구제신청은 재학 중
2
회에 한하여 자동 신청됨
2.
교내장학금 온라인신청기간
가
.
온라인신청 및 서류제출기간
:
2021
년
12
월
7
일
(
화
) 10:00 ~ 2022
년
1
월
14
일
(
금
) 17:00 (6
주간
)
※ 주말(공휴일 포함) 24시간 신청 가능 (단, 마감일 제외)
※ u-SAINT 입력 후 장학금 신청내역을 조회하여 장학금 신청이 정상적으로 완료되었는
지 꼭 확인
나. 서류제출이 필요한 장학금의 경우, 교내장학금 온라인 신청기간 내 반드시 제출
※ 방문 및 등기우편제출 가능 (FAX 불가)
※ 등기우편제출 시 교내장학금 온라인 신청기간 내 장학팀 도착분만 인정
※
서류는 제출일 기준
1
개월 이내에 발급된 것만 인정됨
3.신청대상 : 2022학년도 1학기 재학생 및 복학예정자
4.
교내장학생 자격요건
가. 2022학년도 1학기 국가장학금을 신청하고 서류제출(가구원동의 포함)을 완료한 자
나. 2022학년도 1학기 재학생 및 복학(예정)자로 등록금 납부 예정인 자
1) 2022학년도 1학기 전 등록휴학 후 복학생은 모든 장학금 선발에서 제외(등록대체)
2) 미등록, 입학취소, 복학취소 등으로 인한 학적변동 시 모든 장학금 취소
다. 직전학기 15학점 이상 이수한 자
※ 2022년 1학기가 4학년 8학기인 자는 직전학기 12학점 이상
※ 건축학부 건축학전공 : 10학기인 자는 직전학기 12학점 이상 이수(1∼9학기는 15학점 이상)
라. 등록 8학기 이내인 자(건축학과 건축학전공 : 등록 10학기 이내인 자)
예1) 학기취소 1회 후 8학기 진학예정인 경우 : 9회 등록금 납부이므로 선발 불가
예2) 학점 미 이수로 9학기 진학예정인 경우 : 9회 등록금 납부이므로 선발 불가
5. 교내장학생 공통사항
가.
☆
중요
☆
모든 장학금은 등록금 내에서 다음 순서에 따라 우선 지급합니다
.
① 교외(외부)장학금 ② 국가장학금 ③ 교내장학금
나. 성적 및 취득학점 산정방법
1) 평점평균(GPA) / 산술평균(100점만점) : F학점이 포함된 학적부성적 기준 산정
2) 취득학점 산정시 F학점은 0학점 취득으로 인정되어 취득학점 산정에서 제외
다. 온라인으로 반드시 신청해야 하며, 제출서류가 있는 장학금에 한하여 서류제출
※ 제출기간 내 미제출시 장학생 선발대상에서 제외
라. 모든 교내장학금은 중복수혜 불가
1) 장학금간 중복신청은 가능하나, 신청 장학금 중 수혜금액이 큰 장학금으로 자동선발
2) 중복수혜 가능 장학금 : 국가장학금, 교외(외부)장학금, 근로장학금(교내/학과근로), 봉사장학금
– 수업료 범위 내 중복수혜 가능 (근로장학금, 봉사장학금은 수업료 초과하여 수혜 가능, 단 해당 장학금 간 중복수혜 불가)
마. 한국장학재단 중복지원(이중지원)방지사업 안내
1) 한국장학재단 학자금대출금액과 교내ㆍ외 장학금을 모두 합하여 수업료를 초과할 경우, 중복지원학생에 해당
2) 한국장학재단 콜센터와 통화하여, 중복지원여부를 해소해야 함. (다음 학기 국가장학금 및 학자금대출여부에 영향)
6.
교내장학금별 선발자격 및 제출서류
:
교내장학금 선발자격 및 제출서류 안내
(
첨부문서 참조
)
7.장학생 선정결과 발표 및 지급방식
가. 2022년 2월 중순 발표 예정(u-Saint 등록/장학 및 등록금고지서 감면여부 확인 가능)
나. 장학금신청시 계좌입력 : 본인명의 개인계좌 입력 필수
다. 등록금 분할납부를 신청한 학생의 경우. 선발된 장학금 중 사전감면을 제외한 계좌지급장학금은 분할납부 최종등록 확인 후 지급
라. 비전장학금 지급범위 및 장학금액은 한국장학재단 국가장학금 정책 및 본교 사정에 따라 매 학기 변경될 수 있음."
biomedical_science,[대학원] 2022학년도 1학기 영구수료 해제(학위논문 제출가능연한 연장) 신청 안내,N/A,2021.12.09,https://bioinfo.ssu.ac.kr/%ea%b2%8c%ec%8b%9c%ed%8c%90/%ea%b3%b5%ec%a7%80%ec%82%ac%ed%95%ad/?term_id&slug=3691,"2022학년도 1학기 영구수료 해제(학위논문 제출가능연한 연장) 신청을 다음과 같이 안내합니다.
1.신청대상
가. 신청일 현재 영구수료인 자 및 신청 학기에(2022.02.28) 영구수료 예정인 자
나. 신청학기로 부터 2년 내에 학위를 취득할 수 있는 자
※ 석사과정은 입학한 때로부터 6년, 박사과정은 입학한 때로부터 10년 내에 학위를
취득하지 못할 경우 영구수료 상태가 됨
※ 위에 해당하는 대상 중 2022학년도 1학기에 논문 진행을 하고자 하는 경우
반드시 기간 내 신청해야 함
2. 신청기간 :
2022.02.03(
목
)~2022.02.11(
금
)
3. 신청방법
가. 학생 : 제출서류를 구비하여 신청기간 내
소속학과로 제출
나. 학과 : 제출된 서류를
2022.02.16(
수
)
까지 대학원으로 공문 발송
: 제출 서류 공문에 붙임파일로 첨부,
원본은 학과 보관
4. 제출서류 : 영구수료 해제 신청서 1부.(붙임 1 양식 참조)
5. 영구수료 해제 후 학위취득 가능 기한 :
2022.03.01~2024.02.28(
해제일로부터
2
년
)
6. 유의사항
가. 영구수료 해제는 통산 1회에 한하여, 해제 신청 후 2년 경과하였으나
학위를
취득하지 못한 경우 더 이상 학위취득의 기회가 없음
나. 학위과정별 학위취득에 관한 요건을 사전에 필히 확인 요망
7. 관련 학칙
학칙시행세칙 제32조(제출가능연한) ①
석사과정의 학위논문은 입학일로부터
6
년 이내
,
박사과정 및 석
․
박사통합과정은
10
년 이내에 제출하여야 한다
.
다만
,
군복무기간 및 휴학기간은 제외한다
.
②
학위논문 제출가능연한이 만료되어 영구 수료된 자 중에서 정당한 사유가 있는 경우
주임교수의 추천과 대학원장의 승인을 얻어
1
회에 한하여 승인한 학기로부터
2
년까지 연장할 수 있다
.
붙임 : 1. 영구수료 해제 신청서 1부. 끝."
biomedical_science,"재학생 마음건강 돌봄 프로그램 안내(유학생, 학부생 Mind Care Day)",N/A,2021.12.01,https://bioinfo.ssu.ac.kr/%ea%b2%8c%ec%8b%9c%ed%8c%90/%ea%b3%b5%ec%a7%80%ec%82%ac%ed%95%ad/?term_id&slug=3686,
biomedical_science,2021학년도 동계방학 중 국가근로(교외근로) 신청 안내,N/A,2021.11.24,https://bioinfo.ssu.ac.kr/%ea%b2%8c%ec%8b%9c%ed%8c%90/%ea%b3%b5%ec%a7%80%ec%82%ac%ed%95%ad/?term_id&slug=3679,"1. 장학금명: 국가근로장학금
한국장학재단이 직접 교외근로 기관을 발굴하여 다양한 직업체험의 기회를 제공하는 근로장학금으로 공공기관, 지자체, 교육기관, 으뜸중소기업 등에서 근무
2. 근무기간: 2022년 1월 3일(월) ~ 2월 18일(금)
※ 학생의 사정에 따라 기관이 정한 근무기간 조정 불가
3. 근무조건
가. 근무시간: 주당 최대 40시간 이내 (기관에 따라 상이할 수 있음)
나. 시급: 11,150원
다. 장학금 지급: 1월분-2월 셋째주 금요일, 2월분-2월 말 지급 예정
4. 신청방법
가
.
한국장학재단 희망 근로기관 신청
: 2021
년
11
월
22
일
(
월
) 09:00 ~ 12
월
2
일
(
목
) 18:00
나
.
장학팀 신청 서류 제출
: 2021
년
11
월
23
일
(
화
) 9:00 ~ 12
월
8
일
(
수
) 17:00
(※ 장학팀에 신청서를 제출해야 신청이 완료됩니다.)
1) 제출서류: 국가근로장학생지원서 (본교 양식) 1부
2) 제출장소: 학생처 장학팀 (학생회관 4층 406호)
다. 선발결과 발표: 2021년 12월 18일(토)부터 한국장학재단 홈페이지에서 확인 가능
라. 선발학생 전체 OT: 2021년 12월 21일(화)~25일(토) 온라인 OT 예정 (SMS 개별 안내)
– OT 미이수 시 자동 탈락
5. 지원자격
가. 한국장학재단 국가근로장학금 온라인신청을 완료한 자
나. 성적기준: 직전학기 12학점 이수 및 백분위 산술평균 70점 이상인 자
다. 2021학년도 2학기 현재 2학기~7학기 재학생(조기졸업 대상자 지원 불가)
라. 2021학년도 2학기 현재 국가/교내/학과근로 중인 학생 지원 불가
– 학원선교팀의 경우, 채플종료로 인해 방학 중 근무가 종료되는 학생 신청 가능
– 학기중에만 운영되는 장애학생도우미 근로장학생 신청 가능
6. 선발기준
가. 근로기관 자격요건 및 학생의 자격요건 충족 여부 확인
나. 자기소개서, 학업성적, 근무기간, 근로기관의 근무성격 등을 토대로 선발
★한국장학재단 정책에 따라, 초.중.고교 신청 및 매칭학생 우선 선발★
다. 동순위자 발생 시 저소득층 학생 우선 선발
라. 한국장학재단에 온라인 신청 및 장학팀 서류제출이 완료된 학생에 한하여 선발
붙 임: 국가근로장학생 지원서 1부"
biomedical_science,2021 교육수요자 만족도 조사 참여 안내,N/A,2021.11.22,https://bioinfo.ssu.ac.kr/%ea%b2%8c%ec%8b%9c%ed%8c%90/%ea%b3%b5%ec%a7%80%ec%82%ac%ed%95%ad/?term_id&slug=3676,
biomedical_science,2022학년도 1학기 학·석사연계과정 지원 및 선발 안내,N/A,2021.11.22,https://bioinfo.ssu.ac.kr/%ea%b2%8c%ec%8b%9c%ed%8c%90/%ea%b3%b5%ec%a7%80%ec%82%ac%ed%95%ad/?term_id&slug=3670,"2022학년도 1학기 학·석사연계과정 지원 및 선발을 아래와 같이 진행하고자 하니
관심있는 학사과정생들이 지원할 수 있도록 안내를 드립니다.
1.
지원기간 : 2021년 12월 6일(월)~12월 23일(목)
2.
모집학과 : 학사과정과 석사과정에 동일(또는 유사)학과가 있는 학과(계약학과 제외)
3.
지원자격 :다음 각호 모두에 해당되는 자
가. 지원일 당시 학사과정 4학기 이상 6학기 이내 재학중
(건축학부 건축학전공은 6학기 이상 8학기 이내 재학중)인자
(학·석사연계과정 신청자는 조기졸업 신청을 할 수 없음)
나. 재수강 이전 과목, 학점포기한 과목, F학점 과목 등을 포함한
전체 과목의 총평점평균이 3.0 / 4.5 이상인 자
다. 7학기 또는 8학기(건축학부 건축학 전공은 9학기 또는 10학기)에
학사과정의 졸업요건을 충족할 수 있는 자
라. 지원하고자 하는 일반대학원 학과 주임교수와 지도교수의 추천을 받은 자
마. 지원하고자 하는 일반대학원의 동일(또는 유사)학과를 주전공
또는 복수전공으로 하는자(부전공, 연계전공은 해당 없음)
4.
제출서류 및 지원방법
가. 학·석사연계과정신청서 1부.
나. 대학원 교학팀으로 방문 접수(웨스트민스터홀 658호)
5.
선발인원 : 석사과정 입학정원의 20%
6.
발표일 : 2022년 1월 28일(금) 예정 – 학과 및 개별 통지
7.
관련 안내
가. 대상 : 지원 가능 대상자 및 학과
나. 방법 : 안내문 배포 및 관련 동영상 링크 (
https://url.kr/duawj2
)
붙임 : 1. 2022-1 학·석사연계과정 안내문 1부.
2.
학·석사연계과정신청서 1부.  끝."
biomedical_science,[채용 공고] 삼양식품(주) 연구기획팀(석/박사 학위) 인재 추천,N/A,2021.11.18,https://bioinfo.ssu.ac.kr/%ea%b2%8c%ec%8b%9c%ed%8c%90/%ea%b3%b5%ec%a7%80%ec%82%ac%ed%95%ad/?term_id&slug=3665,"채용공고링크:
https://job.samyangfoods.com/?page_id=7764
(서류마감은 21.11.29(월) 14시 예정입니다.)"
biomedical_science,[대학원] 2022학년도 1학기 석·박사통합과정 지원 및 선발 안내,N/A,2021.11.17,https://bioinfo.ssu.ac.kr/%ea%b2%8c%ec%8b%9c%ed%8c%90/%ea%b3%b5%ec%a7%80%ec%82%ac%ed%95%ad/?term_id&slug=3660,"2022
학년도
1
학기 석
·
박사통합과정 지원 및 선발을 아래와 같이 진행하고자 하니 관심있는 석사과정생들이 지원할 수 있도록 안내드립니다
.
1.
지원기간
: 2021
년
12
월
6
일
(
월
)~ 12
월
23
일
(
목
)
2.
지원자격
가
.
일반대학원 석사학위과정
2
학기 또는
3
학기 재학생
(
복학예정자 포함
)
나
.
학업전념학생
(2015
학년도
2
학기 석사입학자부터 적용
)
다
. 18
학점 이상 취득 또는 취득예정인 학생
라
.
석사과정 전공분야와 통합과정 지원 전공분야가 동일한 자
3.
제출서류
가
.
공통
:
석
·
박사통합과정 지원서
1
부
.(
붙임
1
양식
)
나
. 2015
년
2
학기 이후 입학자
: 4
대 사회보험 가입내역 확인서
1
부
.
※
4
대 사회보험 정보연계센터
(
www.4insure.or.kr
)
공인인증서 로그인
→
[
증명서발급
]
→
4
대 사회보험 가입내역 확인 청구서 신청
→
4
개 처리기관의 처리여부
“
출력가능
”
확인 후 증명서 출력
※
강사는 다음의 요건 충족 시 예외적 지원 허용
:
주
6
시간 이내 근무로 인한
4
대 사회보험 가입은 별도의 증빙서류
(
경력증명서
)
제출 시 학업전념학생으로 인정
※
건강보험 지역가입자 중 사업장이 표기되어 있는 경우와
4
대 사회보험 미가입자이나 종교기관 등에서 전임으로 재직하는 경우 등은
직장병행학생으로 간주하여 지원 불가함
.
4.
지원방법
:
제출서류를 작성하여 대학원 교학팀으로 제출
(
웨스트민스터홀
658
호
)
5.
선발인원
:
박사과정 전체 입학정원의
20%
6.
발표일
: 2022
년
1
월
20
일
(
목
) –
학과 및 개별통지
7.
관련근거
■
학칙시행세칙
(
대학원
)
제
67
조
(
선발인원
)
통합과정 선발인원은 박사과정 입학정원의
20%
범위 내에서 대학원
운영위원회에서 정한다
.[
본조신설
2014.11.29.]
제
68
조
(
지원요건
)
통합과정에 지원하고자 하는 자는 다음 각 호의 요건을 모두 갖추어야 한다
.
1.
일반대학원 석사학위과정
2
학기 또는
3
학기 재학생
(
복학예정자 포함
)
2.
학업전념학생
3. 18
학점 이상을 취득 또는 취득 예정인 학생
4.
석사과정 전공분야와 통합과정 전공분야가 동일
5.
지도교수의 추천
[
본조신설
2014.11.29.]
8.
기타
가
.
수업연한
1) 4
년
(8
학기
) :
석사과정 입학 학기부터
2)
수업연한 단축
:
수업연한의 단축을 희망하는 경우
석
·
박사통합과정
6
학기 또는
7
학기 개시 전
(
방학 중
)
대학원 교학팀에
수업연한단축신청서를 제출
하고 해당 학기 종료 시 수료요건 충족 및 총 평점평균이
4.0
이상이면
6
학기 또는
7
학기에 수료 가능
,
단
학업전념학생
(Full Time)
만 수업연한단축신청이 가능함
나
.
석사과정 종합시험
,
석사논문 면제
(
석
·
박사통합과정 선발 후 박사과정에 해당하는 종합시험만 인정
)
다
.
박사과정 입학금 면제
라
.
안내
:
대학원 홈페이지 내 공지사항 게시
붙임
: 1.
석
·
박사통합과정 지원서 양식
1
부
.
끝
."
biomedical_science,[채용공고] (주) 제이엘케이 JLK 인재채용건 – 생물정보연구원(신입),N/A,2021.11.02,https://bioinfo.ssu.ac.kr/%ea%b2%8c%ec%8b%9c%ed%8c%90/%ea%b3%b5%ec%a7%80%ec%82%ac%ed%95%ad/?term_id&slug=3626,"1.정규입사채용-생물정보연구원(신입)채용
사람인 주소입니다
https://www.saramin.co.kr/zf_user/jobs/relay/view?isMypage=no&rec_idx=41384646&recommend_ids=eJxNzsERwzAIRNFqct%2BFBcQ5haT%2FLqLx2EbHNx%2BERLVk9VvWn%2FqKMkNvEhcB1uJmPnXJZrhLoU3ebGS89HCp9%2B5d4RU5TNA4XEWLoQqMOVS%2BwqbSqv2l77dw1Kzu46413I%2FqflS3bNTBPT%2FfCDhx7f4BIBk%2Fug%3D%3D&view_type=list&gz=1&t_ref_content=ing_recruit&t_ref=company_info_view#seq=0
2. 단기아르바이트 채용(3,4학년 위주)
https://www.saramin.co.kr/zf_user/jobs/relay/view?isMypage=no&rec_idx=41410544&recommend_ids=eJxNjsENBDEIA6u5P9iYwPsK2f67uOhWCpH4jDyAw2WC9VPoz%2FqG04NtB2UEc6P%2FEfS1%2BJS%2FGAapBnO5dOTw0tJJPQO9LpnsPsgu65gUqMC0QrbNLtXGS05PTg0EMq%2B0shyDMr9rdO05KMM25tG%2B9Zb8ARrzP9Q%3D&view_type=list&gz=1&t_ref_content=ing_recruit&t_ref=company_info_view#seq=0"
biomedical_science,K-BioX 세미나,N/A,2021.10.28,https://bioinfo.ssu.ac.kr/%ea%b2%8c%ec%8b%9c%ed%8c%90/%ea%b3%b5%ec%a7%80%ec%82%ac%ed%95%ad/?term_id&slug=3617,"K
-BioX는 스탠포드 BioX 소속의 연구원들이 중심이 되어서 공동 연구를 창출하고자 만든 모임(stanford K-BioX)입니다. K-BioX가 개최하는 세미나가 있는데, 한 달에 1-2회 목요일에 특정 주제에 대해 국내외 석학 두 분이 30분씩 강연을 합니다.  강연 전에는 5분 정도  대학이나 연구 기관 소개가 있습니다.  세미나 참가를 아래 링크되어 있는 홈페이지로 들어간 후에 “공지사항”->”전체 공지 사항”으로 가면 자세한 내용과 줌 링크가 있습니다.
홈페이지:
http://www.kbiox.org/"
biomedical_science,코로나19 백신접종 재학생 설문조사 참여 협조요청,N/A,2021.10.26,https://bioinfo.ssu.ac.kr/%ea%b2%8c%ec%8b%9c%ed%8c%90/%ea%b3%b5%ec%a7%80%ec%82%ac%ed%95%ad/?term_id&slug=3610,"진행중인 재학생 대상 코로나19 백신접종 현황 설문조사에 협조를 요청드립니다.
재학생들의 설문조사에 참여를 부탁드립니다.
설문조사 링크 :
https://bit.ly/3Bd6f9h
."
biomedical_science,2021학년도 2학기 교내장학금 2차 추가 신청 시행 안내,N/A,2021.10.20,https://bioinfo.ssu.ac.kr/%ea%b2%8c%ec%8b%9c%ed%8c%90/%ea%b3%b5%ec%a7%80%ec%82%ac%ed%95%ad/?term_id&slug=3597,"코로나19로 비대면 수업이 지속되는 어려운 상황을 감안하여, 2021학년도 2학기
재학생, 편입생, 복학생, 재입학생 대상 교내장학금 2차 추가 신청 기간을 한시적으로
시행하여 다음과 같이 안내합니다(차학기에는 추가 기간 운영하지 않음).
1.
교내장학금 자격요건
가. 2021학년도 2학기 국가장학금 소득 분위 조회 및 국가장학금 심사가 완료된 자
나. 2021학년도 2학기 재학으로 등록금 납부된 자(분납자는 신청가능하나 완납 후 지급)
1) 2021학년도 2학기 前 등록휴학 후 복학시 장학생 선발대상에서 제외
2) 미등록, 입학취소, 복학취소, 휴학 등 학적변동 시 모든 장학금 취소
다. 직전학기 15학점 이상 이수한 자(최종 직전학기는 12학점)
라. 등록학기가 8학기 이내인 자(건축학부 건축학전공은 10학기 이내)
2.
신청절차
가. 온라인 신청기간 및 서류제출기간 : 2021. 10. 20(수) 10:00~10. 22(금) 17:00까지
나. 학생 신청방법: u-SAINT포털 – 등록/장학 – 장학메뉴 – 장학금 신청
다. 학생 서류제출: 온라인 신청기간 내 방문 제출 가능(세부내용 붙임 파일 참조)
학생 선발: 아래 부서에만 해당
장학금명
관련부서
협조사항
국제교류장학금
국제처 국제팀
1. 온라인 신청없음 (학생문의응대 협조)
2. 부서 장학생 추천
특기자장학금(축구)
학생처 학생서비스팀
특기자장학금(골프)
스포츠학부
장애학생장학금
장애학생지원센터
목사자녀장학금
교목실 학원선교팀
1. 학생 온라인신청 및 서류제출
2. 부서 장학생추천
고시합격자장학금
경력개발센터 고시시원실
장학생 추천
기한
: 2021.10.27(
수
)
까지 공문발송
붙임    1. 2021학년도 2학기 교내장학금(재학생, 편입생, 복학생, 재입학생) 신청공고 1부
2.  장학금 선발자격 및 제출서류 안내 1부
3.장학금 신청매뉴얼(교내장학금 신청) 1부. 끝."
biomedical_science,양면 인쇄의 생활화!,N/A,2021.10.14,https://bioinfo.ssu.ac.kr/%ea%b2%8c%ec%8b%9c%ed%8c%90/%ea%b3%b5%ec%a7%80%ec%82%ac%ed%95%ad/?term_id&slug=3593,종이를 낭비하면 환경이 파괴되고 삼림이 황폐화되며 지구 온난화를 통한 기후 변화의 원인이 됩니다. 학부와 대학원을 막론하고논문 가제본과 최종본을 비롯한 모든 문서를 양면으로 인쇄하시기 바랍니다.
biomedical_science,중국인 유학생 대학생활 정서적응 집단상담 안내,N/A,2021.10.14,https://bioinfo.ssu.ac.kr/%ea%b2%8c%ec%8b%9c%ed%8c%90/%ea%b3%b5%ec%a7%80%ec%82%ac%ed%95%ad/?term_id&slug=3587,
biomedical_science,[대학원] 2021-2학기 논문 공개발표 합격자 유의사항 및 심사비 납부 안내,N/A,2021.10.08,https://bioinfo.ssu.ac.kr/%ea%b2%8c%ec%8b%9c%ed%8c%90/%ea%b3%b5%ec%a7%80%ec%82%ac%ed%95%ad/?term_id&slug=3570,"2021-2학기
논문 공개발표 합격자 유의사항
및
논문심사비 납부
를 아래와 같이 안내드립니다.
1.
논문 공개발표 합격자 유의사항
가. 논문일정 준수
연번
구분
일정
1
논문심사비 납부
2021년 10월 20일(수) ~ 10월 22일(금) / 9:00~16:00
2
최종심사 결과보고서 제출
2021년 10월 18일(월) ~ 11월 26일(금)
3
논문 완본 제출
2022년  1월 3일(월) ~ 1월 4일(화)
나
.
학위논문 작성 양식 준수
:
붙임의 논문 양식에 작성
※ 디콜렉션(논문완본파일 도서관 업로드)시, 오류가 다수 발생하고 있으니 붙임의 양식에 의거하여 작성해 주시기 바랍니다.
2.
논문심사비 납부 안내
가. 대상 : 학위논문 제출자격을 갖추고 공개발표에 합격 및 심사위원을 구성하여 최종심사 대상인 자
나. 기간 :
2021
년
10
월
20
일
(
수
) ~ 22(
금
) 09:00 ~ 16:00,
은행영업시간 내
다. 논문심사비
1)
석사학위
: 90,000
원
2)
박사학위 및 석박사통합과정
: 700,000
원
~ 1,100,000
원
구분
산출내역
금액
내부심사위원 4인 + 외부심사위원 1인
100,000원 x 4인 + 300,000원 x 1인
700,000원
내부심사위원 3인 + 외부심사위원 2인
100,000원 x 3인 + 300,000원 x 2인
900,000원
내부심사위원 2인 + 외부심사위원 3인
100,000원 x 2인 + 300,000원 x 3인
1,100,000원
※ 2021학년도 1학기 최종심사 연기자는 2021학년도 1학기에 납부한 심사비로 2021학년도  2학기 심사비를 대체
라
.
논문심사비 납부 방법
1) 납부기간내 u-SAINT 에 로그인하여 ‘등록/장학_기타납입금 출력” 메뉴에서 지정된 계좌 확인
2) 심사비 납부 계좌는 2021년 10월 20일(수) 09:00부터 확인 가능
3.
가제본
·
카피킬러
·
턴잇인
(
영어논문 작성 시 추가
)
제출 안내
(
각 심사위원에게 제출
)
가. 기간 : 2021년 10월 4일(월) ~  10월 15일(금)
나. 대상 : 학위논문 제출자격을 갖추고 공개발표에 합격 및 심사위원을 구성하여 최종심사  대상인 자
다. 가제본 제출 내용
구분
석사
과정
박사
과정
비고
가제본 제출
3부
5부
학과 주임교수 및 지도교수 확인 후 각 심사위원에게 직접제출
카피킬러  검사결과 제출
3부
5부
붙임의 연구윤리 확보를 위한 논문검사서비스 안내 파일을 참조하여 ‘상세보기’ 출력 후 지도교수 확인 후 심사위원에게 제출
턴잇인 검사결과 제출
(영어 논문 작성 시 추가)
3부
5부
영어 논문 작성자는 카피킬러 결과보고서와 함께 추가 제출
‘턴잇인 이용가이드’ 참조하여 ‘현재보기’ 출력 후 지도교수 확인 후 심사위원에게 제출
라. 기타 안내 사항
1)
가제본
,
카피킬러
,
턴잇인 검사결과는 심사위원에게 직접 제출하며 대학원 교학팀
제출
필요 없음
2)
논문유사도 검사 결과 수준
(
카피킬러
)
가) 유사도 양호 수준 : 0% 이상 10% 미만
나) 유사도 유의 수준 : 10% 이상 20% 미만
3)
카피킬러 사용 세부 문의
가) 카피킬러 고객센터 : 1588-9784 (평일 09:00~18:00)
나) 문의 이메일 : help@copykiller.com
다) 매뉴얼 :
https://ssugrad.copykiller.com/document/1464671242/index.html
라) 안내영상 : https://youtu.be/IDyXUz0vIsc
4)
턴잇인
(
영문 논문 작성 시 추가 제출
)
사용 세부 문의
가) 접속 : 도서관홈페이지 → 검색 → 학술DB → Turnitin(턴잇인) 검색 (목록 82번째)
나) 이용
– 교원 : 직접 턴인잇 한국지사 계정 생성요청(
koreasales@turnitin.com
)
– 학생 : 학교 이메일(ssu.ac.kr 혹은 soongsil.ac.kr)로 계정 생성 후 이용
(붙임 매뉴얼 참조)
다) 턴잇인 사용 세부 문의
– 턴잇인코리아 : 02-6465-0280
– 학술정보운영팀 : 02-820-0745
5) u-saint 로그인 및 환경설정 문제 발생 시 : 02-820-0067~8 (Help Desk)
붙임 : 1. 학위청구논문 양식 국문 1부 (한글 파일)
학위청구논문 양식 영문 1부 (워드 파일)
학위논문 작성을 위한 필수 안내서 1부
연구윤리 확보를 위한 논문검사 서비스 안내(카피킬러) 1부
턴인잇 매뉴얼 (교원 / 학생) 각 1부. 끝."
biomedical_science,[머크] 2021 M Lab Collaboration Center 오픈하우스 안내,N/A,2021.10.08,https://bioinfo.ssu.ac.kr/%ea%b2%8c%ec%8b%9c%ed%8c%90/%ea%b3%b5%ec%a7%80%ec%82%ac%ed%95%ad/?term_id&slug=3564,
biomedical_science,메타버스 경진대회 안내,N/A,2021.09.30,https://bioinfo.ssu.ac.kr/%ea%b2%8c%ec%8b%9c%ed%8c%90/%ea%b3%b5%ec%a7%80%ec%82%ac%ed%95%ad/?term_id&slug=3546,
biomedical_science,2022학년도 8월 졸업예정자 졸업논문계획서 제출 확인 및  1차 번역서 제출 안내,N/A,2021.09.28,https://bioinfo.ssu.ac.kr/%ea%b2%8c%ec%8b%9c%ed%8c%90/%ea%b3%b5%ec%a7%80%ec%82%ac%ed%95%ad/?term_id&slug=3536,"2022년 8월 졸업예정자로, 이번학기 졸업논문계획서를 제출한 학생들은 첨부된 파일의 명단을 확인해주시기를 바랍니다.
혹시 명단에 누락되어 있거나 지도교수님, 실험논문/리뷰논문이 잘못 기재되어 있는 학생은 과사로 연락을 부탁드립니다.
번역논문(리뷰논문) 제출 예정자들은 학기가 끝나기 전,
2021년 12월 17일 금요일까지
졸업논문1차보고서(첨부파일 양식 다운로드 & 논문번역서 및 영어논문 원문을 첨부하여 함께 제출)를
학과 이메일(bioinfo@ssu.ac.kr)로 제출해주시기 바랍니다.
*졸업논문1차보고서의 학과장님 승인은 제출 받은 보고서를
토대로 일괄로 받을 예정이니 기한 내에 제출 바랍니다.
*이메일로 제출시 메일 제목 및 파일명 :
졸업논문1차번역서_학번 이름(ex. 졸업논문1차번역서_20171234 홍길동)
첨부
1.2022년 8월 졸업예정자 졸업논문계획서 제출 명단
2.졸업논문 1차 번역서"
biomedical_science,기초과학융합연구소 2021학년도 하계인턴쉽 우수 결과보고서 선정 및 시상 안내,N/A,2021.09.16,https://bioinfo.ssu.ac.kr/%ea%b2%8c%ec%8b%9c%ed%8c%90/%ea%b3%b5%ec%a7%80%ec%82%ac%ed%95%ad/?term_id&slug=3519,"기초과학융합연구소 2021학년도 하계인턴쉽 우수 결과보고서 선정 및 시상에 대하여
붙임과 같이 안내드립니다."
biomedical_science,2021학년도 9-10월 중앙도서관 학술DB 활용교육 안내,N/A,2021.09.15,https://bioinfo.ssu.ac.kr/%ea%b2%8c%ec%8b%9c%ed%8c%90/%ea%b3%b5%ec%a7%80%ec%82%ac%ed%95%ad/?term_id&slug=3511,"1.신청방법 :
도서관 홈페이지 로그인
–
오른쪽 가운데
‘
정보활용교육
‘
아이콘 클릭
(
https://oasis.ssu.ac.kr/#/education/result/?offset=0&max=20
)
2.강의방법 : 실시간 온라인 강좌
3.강의내용 및 일시
구분
내용
일시
SciFiner-n
● 미국화학회(CAS)구축 화학포함 과학전주제분야 DB
● 문헌정보, 특허, 반응식 등의 정보제공
9.29.(수)
14:00~14:50
EndNote20
● 논문작성시 필수적인 참고문헌관리도구
● 자료수집관리/참고문헌인용스타일 자동 변환법
● Manuscript Matche로 투고저널 추천받기
9.30.(목)
14:00~15:30
Turnitin
● 표절방지를 위한 논문 유사도검사 / 영문법 교정DB
( 대학원 지정 영어논문 작성 시 필수 검증 DB )
● 온라인을 통한 과제물 수집/관리/평가
10.14.(목)
14:00~14:40
학생
15:00~15:40
교수
KSDC/ICPSR
● 논문작성을 위한 설문조사 생성/응답수집/통계분석 DB
● 국내/해외 기관 통계데이터 제공 및 통계분석
10.19.(화)
14:00~15:40
논문작성을 위한
도서관 정보활용
(
기초과정
)
● 학위논문작성을 위한 도서관 학술정보 &관련 사이트 활용법 안내
학술자료의 유형과 유형별 검색법, 평가기준, 미소장 자료 신청법
● 표절방지를 위한 참고문헌 인용법 및 관리도구 안내
10.21.(목)
14:00~15:40
4. 문의 :
jinyamy@ssu.ac.kr
(내선 0745). 끝."
biomedical_science,2021학년도 숭실대학교 교수협의회 장학생 선발 안내,N/A,2021.09.09,https://bioinfo.ssu.ac.kr/%ea%b2%8c%ec%8b%9c%ed%8c%90/%ea%b3%b5%ec%a7%80%ec%82%ac%ed%95%ad/?term_id&slug=3493,
biomedical_science,2021 슈퍼스타 창업경진대회(숭실대학교 제10회 창업경진대회) 홍보 안내,N/A,2021.09.09,https://bioinfo.ssu.ac.kr/%ea%b2%8c%ec%8b%9c%ed%8c%90/%ea%b3%b5%ec%a7%80%ec%82%ac%ed%95%ad/?term_id&slug=3490,
biomedical_science,2021년 하반기 삼성바이오에피스 3급 신입채용 안내,N/A,2021.09.06,https://bioinfo.ssu.ac.kr/%ea%b2%8c%ec%8b%9c%ed%8c%90/%ea%b3%b5%ec%a7%80%ec%82%ac%ed%95%ad/?term_id&slug=3486,
biomedical_science,2021년 2학기 청년창업육성장학금 추가 모집 안내,N/A,2021.09.06,https://bioinfo.ssu.ac.kr/%ea%b2%8c%ec%8b%9c%ed%8c%90/%ea%b3%b5%ec%a7%80%ec%82%ac%ed%95%ad/?term_id&slug=3483,
biomedical_science,2022학년도 2월 졸업예정자 최종 졸업논문제출 안내,N/A,2021.09.03,https://bioinfo.ssu.ac.kr/%ea%b2%8c%ec%8b%9c%ed%8c%90/%ea%b3%b5%ec%a7%80%ec%82%ac%ed%95%ad/?term_id&slug=3461,"-대상: 앞선 절차를 끝내고, 방학 중 지도교수와 이해도 대면 심사 및 결과 보고서까지
과사에 제출한 2022. 2월 졸업예정자
–최종 졸업논문제출 기간: ~2021년 11월 20일(토)까지
-방법: 자기표현으로 바꾸고 보충한 뒤 졸업논문제출 양식에 맞게 작성하여(국문/영문 중 1택)
과사 이메일로 제출(
bioinfo@ssu.ac.kr
)
(*본래 1차 서면 제출, 2차 이메일 제출이 맞으나, 코로나로 인해 일괄 이메일 제출 해주시기 바랍니다.)
-해당자: 첨부파일 참조(*누락되었을 시, 학과 사무실로 연락 바랍니다)
*졸업논문 종합안내(첨부)를 참고해 주시고, 졸업논문제출 양식(첨부)을 다운로드하셔서
따라주시고, 인용표기에 유의해주시기 바랍니다.
논문을 번역(리뷰논문)하여 졸업논문으로 제출하고자 할 때는 반드시 첫 페이지 제목 옆에
윗첨자로 ¹⁾이라 달고, 첫 페이지 맨 아래에
¹⁾ 이 논문은 ‘전체 저자명. (연도). 제목. 저널명 Volume number, 시작page-마지막page번호.’의
논문을 번역한 것임.
이라고 반드시 명시해야함.
예를 들어 다음과 같이 인용해야 함.
¹⁾ 이 논문은 ‘Rogers, P.R., Song, J., Gramaglia, I., Killeen, N. and Croft, M. (2001).
OX40 promotes Bcl-xL and Bcl-2 expression and is essential for long-term
survival of CD4 T cells. Immunity 15, 445-455.’의 논문을 번역한 것임.
*논문표절의 오해소지가 있으니 반드시 기입하여야 함.
*일정에 따르지 않는 학생을 졸업이 연기됨.
*논문번역서는 리뷰논문과 똑같은 포맷으로 작성(그림, 도표 모두 입력)
*최종졸업논문은 첨부된 졸업논문양식에 맞게 작성
-리뷰논문으로 선정한 논문의 길이 (PAGE수)에 준하는 논문을 작성하여 제출하도록 합니다.
-리뷰논문으로 선정한 논문과 똑같은 내용이 될 수 없으며 반드시 자신의 언어로
해석한 내용으로 논문을 작성하여 제출합니다.
*
전체 졸업사정을 보기를 원하시는 분께서는 학부교육의
<
기타 내규
>
를 참조해주시기 바랍니다
.
첨부
1.2022.2월 졸업예정자 명단
2.졸업논문양식(국문)
3.졸업논문양식(영문)
4.의생명시스템학부_졸업논문 종합안내
(
첨부파일
2, 3
중 각자의 형식에 맞는 것을
1
택
/ 2, 3
모두 쓰는 것은 아님
)"
biomedical_science,[채용공고] 한국과학기술연구원(KIST) 박사후 연구원(Post-Doc.) / 인턴연구원 2021년 9월 공개 채용,N/A,2021.09.03,https://bioinfo.ssu.ac.kr/%ea%b2%8c%ec%8b%9c%ed%8c%90/%ea%b3%b5%ec%a7%80%ec%82%ac%ed%95%ad/?term_id&slug=3455,"한국과학기술연구원에서는 다음과 같이 박사후 연구원(Post-Doc.) / 인턴연구원을 공개 모집합니다.
관련 링크 :
https://www.kist.re.kr/kist_web/?state=view&sub_num=4087&searchKind=&searchWord=&v_pagesize=10&v_page=1&idx=11031&seqNo=2&reportMediaTypeCode="
biomedical_science,2021학년도 2학기 유고결석 관련 안내,N/A,2021.08.30,https://bioinfo.ssu.ac.kr/%ea%b2%8c%ec%8b%9c%ed%8c%90/%ea%b3%b5%ec%a7%80%ec%82%ac%ed%95%ad/?term_id&slug=3440,"2021
학년도
2
학기 코로나
19
관련 사유 유고결석 승인 시행 세부사항
1) 적용 규정: 학생생활규정 제22조 1항 7. 기타(학생처장이 승인하는 사유로
결석하고자하는 학생은 유고결석을 신청할 수 있음)
2) 유고결석 인정 사유: 아래와 같은 코로나19 감염병 관련 사유로 결석하는 경우
3) 유고결석 인정기간: 총 수업일수의 3분의 1 이내
※ 자세한 사항은 붙임 파일 참조
유고결석 관련 유의사항
가. 공식행사의 경우 단과대학(행정부서 포함)을 통해 행사 진행 10일 전 학생서비스팀으로 유고결석 요청 공문을 발송하여야 하며, 행사 참가자 최종 명단은 행사 종료 3일 이내 담당자 메일 (yejong
@ssu.ac.kr
)로 발송해야 함
나. 유고결석 신청 및 승인은 재학생 u-saint에서 결석 신청 → 학생서비스팀에서 증빙서류 확인 후 승인 → 담당 교수 최종 승인으로 진행
※ 학사관리에 관한 내규 제7조(출석인정의 예외)에 의해 유고결석 최종 인정 여부는 교수의 권한임
다. 수업 외의 활동은 유고결석 승인이 불가(행정부서의 업무 지원, 봉사 활동 등) 하며, 학기 중에는 불필요한 유고결석 신청은 자제 요청
라. 규정에 의하여 학생이 기간 안에 유고결석 미신청 시 신청 불가함"
biomedical_science,[대학원] [학위논문] 2021학년도 2학기 일반대학원 학위논문 일정 및 진행 안내,N/A,2021.08.26,https://bioinfo.ssu.ac.kr/%ea%b2%8c%ec%8b%9c%ed%8c%90/%ea%b3%b5%ec%a7%80%ec%82%ac%ed%95%ad/?term_id&slug=3423,"2021학년도 2학기 일반대학원 학위논문 일정을 아래와 같이 안내하니,
아래의 일정과 세부사항을 숙지하여 주시고 진행해 주시기 바랍니다.
○ 본 일정 및 진행 안내 공문은 학기 내 진행되는 대학원 학위논문 전체 일정에 대한 안내입니다.
○ 각 일정이 도래하면 세부 안내도 사전에 진행될 예정입니다.
○ 관련 규정은 ‘학칙시행세칙(대학원) 제4장 학위논문’ 입니다. [붙임17]
[논문 진행 순서]
1.
논문발표 및 심사대상
4
학기 재학생 및 수료생
(
영구수료해제자 포함
)
논문등록자로
아래
‘
가
~
바
‘
사항을 모두 충족 시킨 자
가. 학점 취득자
나. 종합시험 합격자
다. 연구윤리교육 이수(예정)자
라. 논문지도교수를 배정 받고 논문지도를 받은자(논문작성학기 포함)
마. (외국인) 한국어 능력 기준을 갖춘 자
※
공개발표 결과보고서 제출
이전까지
TOPIK 4
급 이상 취득하고 증빙 제출 한 경우
,
연구실적을
근거로 주임교수 명의의
TOPIK
면제 추천이 공문으로 제출된 경우에만 논
문
진행이 가능함
바. (박사 및 석․박사통합과정) 학칙시행세칙(대학원)제30조의 연구실적을 충족한 자
※
공개발표 결과보고서 제출 시
,
연구실적 게재가 완료되어야만 논문 진행이 가능함
2.
논문공개발표 및 공개발표 결과보고
가.
기간
: 2021
년
9
월
13
일
(
월
)
∼
9
월
24
일
(
금
)
나. 공개발표 방법 : 논문지도교수 · 주임교수 · 학과교수 참석 하에 질의 응답 진행
다. 공개발표 결과보고 제출사항
1)
공개발표결과보고서
[
붙임
1]
:
학과에서 취합하여 기간 내 대학원으로
오프라인
제출
2)
연구윤리준수확인서
[
붙임
2]
(
공개발표 결과 합격자만 해당
) :
학과에서 취합하여 기간 내
대학원으로
오프라인
제출
3.
논문심사위원 추천
(
공개발표 결과보고서 제출시
,
합격자만 해당
)
가.
기간
: 2021
년
9
월
13
일
(
월
)
∼
9
월
24
일
(
금
)
나. 심사위원
1) 석사학위과정 : 3명 (외부 심사위원 위촉 시 1명까지 가능)
2) 박사학위과정 : 5명 (외부 심사위원 1명 이상 반드시 포함 필요)
※
학위과정별 심사위원 위촉 인원
(
석사
3
명
,
박사
5
명은 반드시 준수
)
※
교내 근무자는 모두 내부심사위원으로 구분됨
다. 심사위원 추천 제출사항
1)
공개발표결과 및 심사위원명단 제출양식
(EXCEL)[
붙임
3]
– 학과에서 취합된 공개발표 결과보고서를 기준으로 제출양식 엑셀파일을 작성 및 첨부하여
기간 내 대학원으로
공문 발송
2)
심사위원명단
[
붙임
4,
붙임
5]
가) 학과에서 취합하여 기간 내 대학원으로
오프라인 제출
나) 직전학기 최종심사 연기자도 심사위원 명단 제출(완본 연기자는 제출하지 않음)
4.
가제본 및 카피킬러 검사결과
‘
상세보기
‘
제출
가.
기간
: 2021
년
10
월
4
일
(
월
) ~ 10
월
15
일
(
금
)
나. 대상: 공개발표에 합격하여 최종심사 대상이 된 자
다. 가제본 제출
라. 개정된 학칙시행세칙(대학원)에서 학위논문 피심사자격에 ‘논문유사도검사시스템을 통해 학위논문
의
유사도를 확인하고 결과보고서를 제출한 자’가 추가되었으며, 본교는 현재 논문유사도검사시스템
으로 카피킬러를 지정하고 있음
5.
심사비 납부
가.
기간
: 2021
년
10
월
20
일
(
수
) ~ 10
월
22
일
(
금
)
나. 대상 : 공개발표에 합격하여 최종심사 대상인 자
다. 심사비 납부 : 납부 방법은 추후 대학원 홈페이지 공지 등 안내 예정
6.
최종심사 결과보고
가.
기간
: 2021
년
10
월
18
일
(
월
) ~ 11
월
26
일
(
금
)
나. 최종심사 결과보고 제출사항
1)
최종심사결과 제출양식
(EXCEL)
[
붙임
7]
: 학과에서 취합된 심사 결과보고서를 기준으로 제출
양식 엑셀파일을 작성, 첨부하여 기간 내
대학원으로 공문발송
2) 제출서류 :
학과에서 취합하여 기간 내 대학원으로 오프라인 제출
가) 석사학위과정 : 석사학위청구논문 심사 결과보고서[붙임8], 심사요지서[붙임10]
나) 박사학위과정 : 박사학위청구논문 심사 결과보고서[붙임9], 심사요지서[붙임10],
박사학위청구논문 심사 일지(2차)[붙임11],
박사학위청구논문 심사 일지(3차)[붙임12],
박사학위청구 논문 심사결과 투표용지(5매)[붙임13]
7.
논문완본 제출
가. 기간 :
2022
년
1
월
3
일
(
월
)
∼
1
월
4
일
(
화
) (2
일간
)
[
붙임
14,
붙임
15,
붙임
16]
나. 2021년 12월 중 학위논문 파일을 본교 중앙도서관 홈페이지에 업로드 후 저작권 동의서를 출력
하여
논문완본과 함께 제출 (관련 세부 사항은 추후 별도 안내 예정임)
관련 규정
: 학칙시행세칙(대학원) 제4장 학위논문 [붙임17]
붙 임 1. 공개발표결과보고서 1부
연구윤리준수확인서 1부
공개발표결과 및 심사위원명단 제출양식(EXCEL) 1부
석사학위청구논문 심사위원명단 1부
박사학위청구논문 심사위원명단 1부
연구윤리 확보를 위한 논문검사 서비스 안내 1부
최종심사결과 제출양식(EXCEL) 1부
석사학위청구논문 심사 결과보고서 1부
박사학위청구논문 심사 결과보고서 1부
심사요지서(석,박사) 1부
박사학위청구논문 심사 일지(2차) 1부
박사학위청구논문 심사 일지(3차) 1부
박사학위청구논문 심사결과 투표용지 1부
학위논문양식(국문)(인준서 포함) 1부
학위논문양식(영문)(인준서 포함) 1부
학위논문 작성을 위한 필수 안내서 1부
학칙시행세칙(대학원) 제4장 학위논문 1부. 끝."
biomedical_science,[대학원] 2021학년도 2학기 논문지도교수 위촉 및 변경 안내 [기간 : 9.1(수)~9.7(화)],N/A,2021.08.26,https://bioinfo.ssu.ac.kr/%ea%b2%8c%ec%8b%9c%ed%8c%90/%ea%b3%b5%ec%a7%80%ec%82%ac%ed%95%ad/?term_id&slug=3408,"2021학년도 2학기 석사·박사과정의 논문지도교수 위촉 및 변경을 다음과 같이 안내합니다.
관련 규정 : 숭실대학교 학칙시행세칙(대학원) 제 4장 제33조 및 제34조
제 33조(논문지도교수 배정)
① 일반대학원 각 과정의 학생은 1차 또는 2차 학기 중에 논문 지도교수를 배정받아야 한다.
<개정 2016. 8. 19.>
제 34조(일반대학원의 논문지도교수 위촉 및 교체)
① 대학원장은 주임교수의 추천을 받아 논문지도교수를 다음과 같이 위촉한다.<개정 2011. 2. 25>
학생의 전공분야와 동일한 본교 정년직 전임교원
<개정 2009. 4. 13., 2016. 8.19>
<삭제 2016. 8. 19.>
제1호에도 불구하고 필요하다고 인정되는
비정년직 전임교원
<개정 2011. 2. 25, 2016, 8. 19>
② 논문지도교수가 질병, 유학 등 부득이한 사유로 학생의 지도가 불가능할 때에는
학과 주임교수를 경유하여 대학원장의 승인을 얻어 교체할 수 있다.
③ 논문지도교수를 위촉 또는 교체할 때 학생의 전공분야와 동일한 교수가 본교에 없을 경우는 위의
자격을 갖춘 타교의 교수로 할 수 있다.
④ 제1항 내지 제3항에도 불구하고 부득이한 경우에 한하여, 명예교수 및 퇴직한 교수가 재직시 지도
하던 학생에 대하여 계속 지도하게 할 수 있다.
대상
가. 논문지도교수 위촉
1) 논문지도교수를 위촉하지 않은 모든 학생
2)
석사
3
학기
,
박사
2
학기 학생 중 지도교수 미위촉된 학생 필수 위촉
3)
논문지도교수 위촉 및 변경 시 교수 1인당 박사 및 석박사통합과정 논문지도 학생(재학생)수
6명 기준 제한
※
학내외에서 본교 박사학위 논문의 질과 관련 문제 제기 및 우려가 있으며
,
교육부의 논문
지도 및 심사 지침 강화 및 대학원운영위원회 결의에 따라 논문 지도 학생을
6
명까지 제한
하오니 적극 고려하여
주시기 바랍니다
.
(
교수
1
인당 적정 논문지도 학생수
: EUA 4~6
명
,
영국은 통상적으로
6
명으로 규정하고 있음
)
※ 단, 각 학과의 사정으로 인해 부득이 교수 1인당 지도학생수(박사 및 석박사통합과정) 6명
을
초과하는 경우 사유서를 제출해 주시기 바랍니다.
나. 논문지도교수 변경
1) 기 위촉한 논문지도교수를 변경하고자 하는 학생
다. 2021학년도 2학기 신입 외국인유학생
1)
신입생 외국인유학생의 학교 생활에 잘 적응할 수 있도록
1
학년
1
학기에 지도교수를 위촉
하여
주시기 바랍니다.
제출서류
가.
논문 지도교수 위촉
1) 논문 지도교수 위촉 및 변경 양식
[
붙임
1]
: 엑셀파일. 작성
2) 논문 지도교수 배정서
[
붙임
2]
: 한글파일 (학과별, 교수별 작성)
나.
논문 지도교수 변경
1) 논문 지도교수 위촉 및 변경 양식
[
붙임
1]
: 엑셀파일
2) 논문 지도교수 변경 신청서
[
붙임
3]
: 한글파일(학생별 작성)
[제출서류표]
제출 기간 : 2021.09.01.(수) ~ 09.07.(화)
[벤처관 713호 의생명시스템학부 사무실로 제출]
5.
기타
석사과정은 2개학기, 박사 및 석박통합과정은 3개학기 이상 논문지도비를 납부하고, 논문지도를
받아야 논문 작성 및 제출이 가능하오니 논문 작성 일정에 차질이 발생하지 않도록 참고부탁드립니다.
붙임 : 1. 논문지도교수 위촉 및 변경양식(EXCEL) 1부
2. 논문지도교수 배정서 1부
3. 논문지도교수 변경 신청서 1부. 끝."
biomedical_science,2022년 8월 졸업예정대상자 졸업계획서 및 번역서 제출안내,N/A,2021.08.18,https://bioinfo.ssu.ac.kr/%ea%b2%8c%ec%8b%9c%ed%8c%90/%ea%b3%b5%ec%a7%80%ec%82%ac%ed%95%ad/?term_id&slug=3400,"2022
년
8
월 졸업예정대상자 졸업계획서 및 번역서 제출안내
2022년도 8월 졸업예정자는
9
월
15
일 수요일까지
지도교수 선정 및 졸업계획서
(
첨부파일
)
를
작성하여
학과 방문 혹은 학과 이메일(bioinfo@ssu.ac.kr)로 제출해 주시기 바랍니다.
제출시 유의사항
1.
리뷰논문
/
실험논문 잘 체크해주시기 바랍니다
.
2.
논문지도교수님은 진로지도교수님과 다르며
,
학생이 직접 논문지도교수님을 정하여 직접 메일로 연락드리고
온라인 혹은 오프라인으로 확인받은 후 졸업논문계획서를
제출해주시기 바랍니다
.
3.
이메일로 제출시 메일 제목 및 파일명
:
졸업논문계획서
_
학번 이름
(ex.
졸업논문계획서
_20191234
홍길동
)
번역논문(리뷰논문) 제출 예정자분들은 학기가 끝나기 전
12
월
17
일 금요일까지
졸업논문
1
차보고서
(
논문번역서 및 영어논문 원문
)
를
학과 이메일로 제출해주시기 바랍니다.
졸업일정은 다음과 같습니다.
상황에 따라 일정이 변경될 수도 있사오며, 일정별로 안내가 될 예정이니
구체적인 일정과 내용은 홈페이지 공지를 참고해주시기를 바랍니다.
1.
졸업계획서 제출
: 2021
년
9
월
15
일 수요일까지
2. ‘
리뷰 논문
’
시 논문 번역서 제출
: 2021
년
12
월
17
일 금요일까지
3.
논문 번역서
1
차 학부장 심사 및 이후 지도교수께 전달
:
2021
년
12
월
20
일
(
월
) ~ 12
월
29
일
(
수
)
4.
이해도 대면 심사 및 결과보고서 제출
: 2022
년
2
월
25
일
(
금
)
까지
5.
최종 졸업논문 작성 및 제출
: 2022
년
5
월
20
일
(
금
)
까지
*
자기표현으로 바꾸고 보충하여 졸업논문 작성 및 제출
6.
최종 졸업논문 교수님 심사
: 2022
년
5
월
23
일
(
월
) ~ 5
월
31
일
(
화
)
첨부
1.졸업논문계획서
2.졸업논문 1차 보고서(번역서)"
biomedical_science,"2021-2학기 교내장학금 신청 시행 안내(재학생,편입생,복학생,재입학생)",N/A,2021.08.17,https://bioinfo.ssu.ac.kr/%ea%b2%8c%ec%8b%9c%ed%8c%90/%ea%b3%b5%ec%a7%80%ec%82%ac%ed%95%ad/?term_id&slug=3388,"2021학년도 2학기 재학생, 편입생, 복학생, 재입학생 대상 교내장학금 신청 시행을 다음과 같이 안내합니다.
1.
교내장학금 자격요건
가. 2021학년도 2학기 국가장학금 신청/서류제출을 완료하고 소득분위가 조회된 자
나. 2021학년도 2학기 재학 및 복학(예정)자로 등록금 납부 예정인 자
1) 2021학년도 2학기 前 등록휴학 후 복학시 장학생 선발대상에서 제외
2) 미등록, 입학취소, 복학취소, 휴학 등 학적변동 시 모든 장학금 취소
다. 직전학기 15학점 이상 이수한 자(최종 직전학기는 12학점)
라. 등록학기가 8학기 이내인 자(건축학부 건축학전공은 10학기 이내)
2.
신청절차
가. 온라인 신청기간 및 서류제출기간 : 2021년 9월 1일(수) 10:00 ~ 9월 14일(화) 17:00까지
나. 학생 신청방법: u-SAINT포털 – 등록/장학 – 장학메뉴 – 장학금 신청
다. 학생 서류제출: 온라인 신청기간 내 방문 및 등기우편제출 가능(세부내용 붙임 파일 참조)
3.
장학금 관련 부서 및 협조사항
학생 선발: 아래 부서에만 해당
다
.
장학생 추천
기한
: 2021.9.17(
금
)
까지 공문발송
붙임  1. 2021학년도 2학기 교내장학금(재학생, 편입생, 복학생, 재입학생) 신청공고 1부
2. 장학금 선발자격 및 제출서류 안내 1부
3. 장학금 신청매뉴얼(교내장학금 신청) 1부. 끝."
biomedical_science,2022년도 1학기 파견 교환학생 모집,N/A,2021.08.10,https://bioinfo.ssu.ac.kr/%ea%b2%8c%ec%8b%9c%ed%8c%90/%ea%b3%b5%ec%a7%80%ec%82%ac%ed%95%ad/?term_id&slug=3384,"국제팀에서 2022학년도 1학기 파견 교환학생을 모집합니다.
관심있는 학생들의 많은 지원 바랍니다.
공지사항 링크:
https://study.ssu.ac.kr/community/notice_view.do?sbSeq=MTQ5Mg==
일정: 2021.08.16.(월) ~ 08.20.(금)
문의: 국제팀(신양관 203호, 02-820-0757,
study@ssu.ac.kr
)"
biomedical_science,[대학원] 2021학년도 2학기 대학원 강의시간표 조회 및 수강신청 안내,N/A,2021.08.10,https://bioinfo.ssu.ac.kr/%ea%b2%8c%ec%8b%9c%ed%8c%90/%ea%b3%b5%ec%a7%80%ec%82%ac%ed%95%ad/?term_id&slug=3377,"※
2021
학년도
2
학기 신입생은
8
월
13
일
(
금
)
부터 학번 확인이 가능합니다
.
재학생 및 신입생 수강신청 일정
가. 신청기간 : 8월 17일(화) 10:00 ~ 23일(금) 17:00
나. 확인 및 변경기간 : 9월 1일(수) 09:00 ~ 7일(화) 24:00
수강신청 방법
가. 강의시간표 조회 : 대학원홈페이지 중앙 하단 ‘개설강좌조회’에서 확인 가능
*
2021. 07. 19
부터 조회 가능
*
개설 강좌는 학과의 사정에 따라 변동될 수 있습니다
.
나. u-SAINT(
saint.ssu.ac.kr
) 로그인 :
ID(
학번
), PW(
개인이 설정한 비밀번호
)
* ID/PW 모를 경우
– search ID/PW를 눌러 ID조회, PW를 받을 수 있음.
– 초기 로그인 시 학사시스템(http://saint.ssu.ac.kr) 초기화면에서 search ID/PW 클릭 후,
ID(학번), 이름, 이메일 또는 휴대폰번호 입력 후 Send 버튼 클릭하면 이메일이나 휴대폰으로
임시 비밀번호가 발송됨. 로그인 후, 본인이 비밀번호 변경하시면 됩니다.
수강신청 유의사항
가. 원활한 수강신청을 위하여 수강신청 사전에 u-SAINT에 접속하여 ID/PW를 확인해주시기 바랍니다.
나. 주민등록번호 등 개인정보 노출로 인하여 본인의 u-SAINT ID와 Password가 공유되지 않도록 철 저히 관리하여야 하며, 이로 인한 불이익은 학생 본인이 감수하여야 합니다.
다. 수강신청 전 시스템에 로그인하여
학사관리
→
학적정보
→
휴대전화
에 자신의 휴대폰 번호가 정 확히 입력되어 있는지 확인해주시기 바랍니다.
라.
멀티로그인 수강신청이 금지되며
, 복수의 접속창을 띄워서 수강신청 할 수 없습니다.
1) 1인 1로그인만 허용함.
2) 1대의 PC에서 여러 개의 접속창읠 띄워 로그인 금지함.
3) 여러 대의 PC에서 1개의 ID로 중복 로그인 금지함.
4) 사설 프로그램(ex.자동 수강신청 프로그램 등)을 사용하여 수강신청을 하였을 경우 불이익을 당 할 수 있음.
수강신청 Help Desk 안내
가.
로그인 문제 발생시
:
☏
820-0067
나. 수강신청 관련 내용 상담 : 각 학과(부) 사무실, 대학원 교학팀 ☏820-0258~9"
biomedical_science,"u-SAINT 접속 시 크롬(Chrome), 엣지(Edge) 브라우저 사용 안내",N/A,2021.08.03,https://bioinfo.ssu.ac.kr/%ea%b2%8c%ec%8b%9c%ed%8c%90/%ea%b3%b5%ec%a7%80%ec%82%ac%ed%95%ad/?term_id&slug=3370,"숭실대학교 u-SAINT (SAP ERP) 통합정보시스템의 시스템 버전 및 디자인 업그레이드 후
보안 강화 등에 따라 인터넷 익스플로러(Internet Explorer) 브라우저 사용 시 다음 메뉴에서
장애가 발생합니다.
– 학생용 : 휴학, 복학, 유급신청 (학사과정 학부생만, 대학원생은 각 대학원 서면 신청)
해당 기능 사용자께서는 인터넷 익스플로러(Internet Explorer) 대신
구글 크롬(Chrome) 또는 MS 엣지(Edge) 브라우저로 접속하여 이용해 주시기 바랍니다.
※ 향후 u-SAINT 접속 시, 2022년 6월 서비스 종료 예정인 MS Internet Explorer 사용 지양 및
타 브라우저(Chrome 등) 사용 권고"
biomedical_science,2021학년도 2학기 학과근로장학생 모집 안내,N/A,2021.08.02,https://bioinfo.ssu.ac.kr/%ea%b2%8c%ec%8b%9c%ed%8c%90/%ea%b3%b5%ec%a7%80%ec%82%ac%ed%95%ad/?term_id&slug=3359,"2021학년도 2학기 학과근로장학생 모집 안내
2021학년도 2학기 학과근로장학생을 다음과 같이 모집하니 많은 지원 바랍니다.
1.근로장학생 자격 및 선발기준
가. 2021학년도 2학기 국가장학금을 1차 신청하고 소득분위가 8분위 이내인 자
※ 국가장학금을 신청할 수 없는 대한민국 국적 미소지자도 선발 가능
(단, 순수외국인전형으로 입학한 외국인 유학생은 선발 불가)
나. 2021학년도 2학기 재학 및 복학예정자로 해당학기 등록금 납부 예정인 자
1) 2021학년도 2학기 전 등록휴학 후 복학시 선발 불가(등록대체자)
2) 학기 중 미등록, 입학취소, 복학취소 등으로 인한 학적변동시 모든 장학금 취소
3) 2021학년도 2학기 기준 이수학기가 2~7학기만 가능(1학기 및 8학기 신청 불가)
다. 직전학기 취득학점 및 학업성적 제한 없음
라. 타 장학금과 중복수혜 가능(근로장학금 간 중복 불가)
※ 본 장학금은 학업장려비 지원 목적으로 등록금(입학금 및 수업료)를 초과하여 지급
마. 국가근로장학생 및 교내근로장학생에 선발되지 않은 자
2.근로장학생 종류별 장학금액 및 근로시간
3.유의 사항
가. 선발된 학생은 소속부서에서 지정된 근로시간 동안 근무해야 하며, 학기 중 학적변동
(휴학, 자퇴, 제적 등) 등 불가피한 사유가 인정되는 중도 포기 시 근로 시간 만큼 지급
나. 2022년 1월 말 근로평가 전까지 교체 가능(단, 교체 전 학생의 근로시간을 차감)
다. 국가근로 및 교내근로로 선발 시 학과근로 선발에서 제외됨
(선발 우선순위: 1. 국가근로, 2. 교내근로, 3. 학과근로)
4.신청절차
가.
학생신청방법
: u-SAINT
포털
→
등록
/
장학
→
근로장학금 신청
→
학과근로
A/B
신청
→
지원서 출력
→
지원서
제출
※
u-SAINT
출력본 제출 필수
,
본인서명 필수
나. 온라인접수 및 서류제출기간:
2021
년
7
월
30
일
(
금
) 10:00 ~ 8
월
9
일
(
월
) 17:00
1) 제출서류: 지원서(u-SAINT출력본,
본인서명 필수
)
2) 제출장소:
각 학과사무실
5.선발결과 발표
가. 일시 : 2021년 8월 18일(수) 예정"
biomedical_science,[대학원]2021학년도 2학기 영구수료 해제(학위논문 제출가능연한 연장) 신청 안내,N/A,2021.07.26,https://bioinfo.ssu.ac.kr/%ea%b2%8c%ec%8b%9c%ed%8c%90/%ea%b3%b5%ec%a7%80%ec%82%ac%ed%95%ad/?term_id&slug=3344,"2021학년도 2학기 영구수료 해제(학위논문 제출가능연한 연장) 신청을 다음과 같이 안내합니다.
1.
신청대상
가. 신청일 현재 영구수료인 자 및 신청 학기에(2021.08.31) 영구수료 예정인 자
※
석사과정은 입학한 때로부터
6
년
,
박사과정은 입학한 때로부터
10
년 내에
학위를 취득하지 못할 경우 영구수료 상태가 됨
나. 신청학기로부터 2년 내에 학위를 취득할 수 있는 자
※
위에 해당하는 대상 중
2021
학년도
2
학기에 논문 진행을 하고자 하는 경우
반드시
기간 내 신청해야 함
2.신청기간:
2021.08.02(
월
) ~ 2021.08.13(
금
)
3.신청방법
가. 학생: 제출서류를 구비하여 신청기간 내
소속학과로 제출
나. 학과: 제출된 서류를
취합하여
2021.08.18(
수
)
까지 대학원으로 공문 발송
(제출 서류를 스캔하여 공문에 붙임파일로 첨부,
원본은 학과 보관
)
4.제출서류: 영구수료 해제 신청서 1부(붙임 1 양식 참조)
5.영구수료 해제 후 학위 취득 가능 기한:
2021.09.01. ~ 2023.08.31.(
해제일로부터
2
년
)
6.
유의사항
가. 영구수료 해제는
통산
1
회에 한하며
, 해제 신청 후 2년 경과하였으나
학위를 취득하지 못한 경우 더 이상 학위취득의 기회가 없음
나. 학위과정별 학위취득에 관한 요건을 사전에 필히 확인 요망
※ 학칙시행세칙 제32조(제출가능연한)
①
석사과정의 학위논문은 입학일로부터
6
년 이내
,
박사과정 및 석
․
박사통합과정은
10
년 이내에 제출하여야 한다
.
다만
,
군복무기간 및 휴학기간은 제외한다
.
②
학위논문 제출가능연한이 만료되어 영구 수료된 자 중에서 정당한 사유가 있는 경우
주임교수의 추천과 대학원장의 승인을 얻어
1
회에 한하여
승인한 학기로부터
2
년까지 연장할 수 있다
.
붙임 영구수료 해제 신청서 1부. 끝."
biomedical_science,[대학원] 2021학년도 2학기 대학원 종합시험 실시 안내,N/A,2021.07.19,https://bioinfo.ssu.ac.kr/%ea%b2%8c%ec%8b%9c%ed%8c%90/%ea%b3%b5%ec%a7%80%ec%82%ac%ed%95%ad/?term_id&slug=3340,"1. 신청기간 : 2021년 8월 3일(화) 10:00 ~ 2021년 8월 5일(목)
※ 신청기간 이후 추가신청 불가
2. 신청방법 : u-SAINT 로그인 → 성적/졸업 → 외국어 및 종합시험 신청
※ 시험과목은 “전공종합” 선택
3.
응시자격
가. 석사과정 : 18학점 이상 취득하고 3학기 이상 등록을 필한 재학생 및 수료생
나. 박사과정 : 27학점 이상 취득하고 3학기 이상 등록을 필한 재학생 및 수료생
다. 학·석사 연계과정 : 18학점 이상 취득하고 2학기 이상 등록을 필한 재학생 및 수료생
라. 석·박사 통합과정 : 45학점 이상 취득하고 6학기 이상 등록을 필한 재학생 및 수료생
4. 시험일시 : 2021년 9월 4일(토) 09:30~
5.
실시방법 : 각 학과 주관 시행
6.
응시료 납부
가. 납부기간 : 2021년 8월 10일(화) ~ 11일(수) 09:00~16:00
※
납부기간 이후 추가납부
불가
나. 응시료
1) 석사과정 : 20,000원
2) 박사과정 및 석·박사통합과정 : 30,000원
다. 납부방법 : u-SAINT에서 고지서 출력 후 개인별 가상계좌 입금
※ u-SAINT 로그인 → 등록/장학 → 기타납부금 고지서 출력
※ 기타납부금 고지서는 납부 당일 확인 가능
7. 종합시험 학과별 실시 결과보고서 제출 :  2021년 9월 8일(수) 까지
8. 합격자발표 :  2021년 9월 15일(수) 예정
9.
유의사항
가. 종합시험은 대학원 과정 학위 취득을 위한 자격시험으로, 종합시험 합격자에 한해 학위  논문제출이 가능함.
나. 휴학생은 지원 불가하며, 시험에 응시하였으나 결과발표 전에 휴학한 경우 평가대상에서 제외되며 응시료 반환 불가함.
다. 석·박사통합과정생의 경우 석사과정 중 합격한 자격시험은 인정하지 않음.
라. 시험 신청 후 응시료를 납부하지 않은 경우 시험 신청이 자동 취소됨.
마. 응시료 납부기간 이후 환불신청 불가함.
바. 외국인유학생의 경우 종합시험과 별개로 논문공개발표 전 아래 중 한 가지를 완료해야 함.
① 유효한 TOPIK 4급 이상 성적증명서 제출
② 연구실적을 근거로 주임교수 명의의 TOPIK 면제 추천. 끝."
biomedical_science,2021-1학기 학사경고자 및 학사경고위험군 프로그램 안내,N/A,2021.07.14,https://bioinfo.ssu.ac.kr/%ea%b2%8c%ec%8b%9c%ed%8c%90/%ea%b3%b5%ec%a7%80%ec%82%ac%ed%95%ad/?term_id&slug=3330,"목적: 학사경고자 및 학사경고위험군의 학습동기 제고와 성적향상 지원
참여대상: 전체학생
학과 상담진행 및 결과 입력 기간
세부내용: 붙임 참조"
biomedical_science,[논문관련 안내] 논문유사도검사 접근 경로 안내(카피킬러),N/A,2021.07.12,https://bioinfo.ssu.ac.kr/%ea%b2%8c%ec%8b%9c%ed%8c%90/%ea%b3%b5%ec%a7%80%ec%82%ac%ed%95%ad/?term_id&slug=3325,
biomedical_science,2022년 2월 졸업예정자 졸업논문 이해도 대면심사 안내,N/A,2021.07.05,https://bioinfo.ssu.ac.kr/%ea%b2%8c%ec%8b%9c%ed%8c%90/%ea%b3%b5%ec%a7%80%ec%82%ac%ed%95%ad/?term_id&slug=3304,"<이해도대면심사 안내>
이해도대면심사 안내 드립니다.
2022년도 2월 졸업예정자이신 분들은 2021년 8월 27일(금)까지 이해도 대면심사를 진행하여 주시기 바랍니다.
아직까지 코로나 19가 진행 중인 관계로, 이해도대면심사는 지도교수님 재량에 따라 진행됩니다.
학생분들이 교수님들에게 개별적으로 연락하신 뒤,
교수님들이 비대면(이메일 포함), 대면, 혹은 생략 중에 택하도록 하시고 교수님의 선택에 따라 진행될 예정입니다.
만일 대면으로 진행될 경우,
본 페이지 상단의 양식을 다운받아 본인이 작성하는 부분(학번, 이름, 논문제목, 지도교수)을 작성 후
교수님과의 면담약속을 잡으시고 찾아뵙고
심사서의 심사결과 및 지도사항을 교수님께 작성 요청 드린 후 학과사무실로 제출하여 주시기 바랍니다.
반드시 방학 중 진행해주시기 바랍니다.
학과에서 이해도대면심사 진행 상황을 파악해야 하오니, 결정된 사항을 학과 이메일이나 사무실로 전달해주시기 바랍니다.
현재 번역서까지 진행한 2022년도 2월 졸업예정자(졸업논문진행시) 명단은 첨부와 같습니다.
2022년 2월 졸업예정이 아닌 학생은 본인 졸업일정에 맞추어 진행하시면 됩니다.
명단에 이상이 있으신 분은 학과사무실로 연락 부탁드립니다."
biomedical_science,창업지원단 2021년 여름방학 청년취업 아카데미 강좌 개설 안내,N/A,2021.06.18,https://bioinfo.ssu.ac.kr/%ea%b2%8c%ec%8b%9c%ed%8c%90/%ea%b3%b5%ec%a7%80%ec%82%ac%ed%95%ad/?term_id&slug=3281,
biomedical_science,2021학년도 1학기 기말고사 대면평가 시 코로나19 관련 지침 안내,N/A,2021.06.09,https://bioinfo.ssu.ac.kr/%ea%b2%8c%ec%8b%9c%ed%8c%90/%ea%b3%b5%ec%a7%80%ec%82%ac%ed%95%ad/?term_id&slug=3275,"코로나19 확진자 또는 자가격리 대상자로 통보되어 응시 불가한 학생
가. 해당 과목 교원에게 통지서 또는 통보문자(발신번호 포함 캡처) 제출
나. 제출 방법: 강의계획서 상 이메일, 문자 등(제출 후 통화 연락 권장)
(강의계획서에 연락처가 없을 경우, 과목 개설학과 사무실로 연락)
고사실 건물 입구에서 의심 증상(고열 등) 있는 학생
가. 보건실(학생회관 506호)에 방문하여 재검 후 이상 없으면 시험 응시
나. 이상이 있는 경우, 보건실에서 해당 교원에게 휴대폰으로 연락
(전임교원: 그룹웨어 조직검색, 비전임교원: 개설학과 사무실에 확인)
의심 증상(고열 등)으로 등교 및 시험 응시를 원하지 않는 학생
가. 병원 또는 보건소에 방문하여 검진 증빙 서류를 해당 과목 교원에게 제출
나. 제출 방법: 강의계획서 상 이메일, 문자 등(제출 후 통화 연락 권장)
(강의계획서에 연락처가 없을 경우, 과목 개설학과 사무실로 연락)
해당 교원은 추가 시험이나 과제 등 대체 평가 방식을 마련하여 학생에게 안내하고, 평가 실시."
biomedical_science,"[대학원] 일정 안내 – (1)학위논문 원문 파일 업로드, (2)학위논문 완본 제출",N/A,2021.06.08,https://bioinfo.ssu.ac.kr/%ea%b2%8c%ec%8b%9c%ed%8c%90/%ea%b3%b5%ec%a7%80%ec%82%ac%ed%95%ad/?term_id&slug=3273,"학위논문 일정을 아래와 같이 안내
드리니  참고하여 주시기 바랍니다.
가. 대상 : 2021학년도 1학기 최종심사에 합격하여, 2021년 8월 학위수여 예정인 자
나. 일정
연번
일정 제목
기간
1
학위논문 원본
파일 업로딩
(
디콜렉션
)
2021.06.07.(
월
)
부터
2021.06.13.(
일
) 23:59
까지
2
학위논문 완본
책자 및 서류 제출
2021.06.23.(수) 10:00 부터
2021.06.24.(목) 17:00 까지
※ 점심시간 : 12:20~13:20
다
.
업무 참고 사항
1) 논문 원문 파일 업로드 방법 : 학생이 아래의 방법 중 택 1하여 업로딩
가) 도서관 홈페이지(
http://oasis.ssu.ac.kr
) ‘연구학습지원’ 탭의 ‘학위논문제출’ 접속
나) 숭실대 디콜렉션 페이지(
http://oasis.dcollection.net
) 접속 후 업로딩
* 공문에 첨부된 본교 학위논문 온라인제출 매뉴얼 참조
2) 파일 업로딩(디콜렉션)관련 문의
가. 학술정보운영팀 (02-820-0741)
나. 중앙도서관 공지사항 :
상세
|
숭실대학교 중앙도서관
(ssu.ac.kr)"
biomedical_science,영어논문 작성 웨비나 개최 안내,N/A,2021.06.08,https://bioinfo.ssu.ac.kr/%ea%b2%8c%ec%8b%9c%ed%8c%90/%ea%b3%b5%ec%a7%80%ec%82%ac%ed%95%ad/?term_id&slug=3271,"1.
주제 및 일정
차시
주제
일시
회의실
ID
(
비밀번호
)
회의실 접속 링크
1차시
How to prepare
a scientific manuscript
in English
2021.06.15.(화) 14:00
(1~2시간 소요)
967 5336 6053
(ssupport)
https://zoom.us/j/96753366053?pwd=MHk4c0sxTkFTN1UrWmZNTUpBWXZtUT09
2차시
Common errors by
Korean authors
021.06.16.(수) 14:00
(1~2시간 소요)
939 6949 3775
(ssupport)
https://zoom.us/j/93969493775?pwd=dVY0ekNFaENYNWs3SkV5SVpPdnRPUT09
2.
참고 사항
가. 온라인 회의실에는 당일 13:30분부터 입장 가능
나. Zoom 회의실은 최대 100명까지 수용 가능
다. 입장 시 사용자 이름은 “이름(교수·직원·대학원생 등 직급/소속)”으로 설정"
biomedical_science,신입생 전공 설명회 (6.17(목)) 오후 2시,N/A,2021.06.06,https://bioinfo.ssu.ac.kr/%ea%b2%8c%ec%8b%9c%ed%8c%90/%ea%b3%b5%ec%a7%80%ec%82%ac%ed%95%ad/?term_id&slug=3265,"신입생을 대상으로 한 전공 설명회를 6월17일(목) 오후 2시에 열도록 하겠습니다. 의생명시스템학부장이 직접 신입생 여러분에게,
-우리 학부는 무엇을 가르치는 학부인지
-교과 과정은 어떻게 구성되어 있고 세부 전공 트랙이란 무엇인지
-우리 학부가 참여하는 융합전공은 어떤 것이 있는지
-학부를 졸업한 후의 진로는 어떤 것들이 있는지
등에 대해 설명합니다.
30분 정도 설명하고 이후 자유롭게 질문을 받을 예정입니다. 신입생 여러분의 많은 참여 바랍니다. 화상으로 진행하며, 링크는
https://ssu-ac-kr.zoom.us/j/5725465541?pwd=bDZlYWJBdlhEV2NJV0dId253dnZoQT09
입니다."
biomedical_science,2021학년도 신입생 대상 정보활용교육과 퀴즈대회 안내,N/A,2021.06.04,https://bioinfo.ssu.ac.kr/%ea%b2%8c%ec%8b%9c%ed%8c%90/%ea%b3%b5%ec%a7%80%ec%82%ac%ed%95%ad/?term_id&slug=3243,"도서관 홈페이지를 통해 신청 접수
https://oasis.ssu.ac.kr/#/education/result/?offset=0&max=20"
biomedical_science,[채용공고] [웅비메디텍] 학술마케팅사업부 인턴십/정규직,N/A,2021.06.03,https://bioinfo.ssu.ac.kr/%ea%b2%8c%ec%8b%9c%ed%8c%90/%ea%b3%b5%ec%a7%80%ec%82%ac%ed%95%ad/?term_id&slug=3241,"채용공고:
https://blog.naver.com/nana39991/222377317258"
biomedical_science,[모집] [아시아경제] 디지털핵심 실무인재 양성 훈련,N/A,2021.06.03,https://bioinfo.ssu.ac.kr/%ea%b2%8c%ec%8b%9c%ed%8c%90/%ea%b3%b5%ec%a7%80%ec%82%ac%ed%95%ad/?term_id&slug=3238,"아시아경제는 고용노동부와 함께 졸업(예정)자를 대상으로 “K-디지털 실무인재 양성교육” <빅데이터> 분야 및 <인공지능>분야 교육 훈련생을 모집하고 있습니다.
두 과정 모두 기초부터 차근차근 다루어 유사 현장 실무까지 다룰 수 있도록 설계된 프로그램입니다.
모든 교육과정은 커리큘럼의 80%이상이 실습과정으로 편성되어 있어 전공자 및 비전공자 분들도 실습을 통해 자연스럽게 기술을 익힐 수 있으며, 현업 재직자/전문가가 교육강사로 참여하여 실제 현장에서 사용되는 산업기술 중심교육으로 진행됩니다.
본 과정의 훈련비는 100%전액 국비로 지원되며, 훈련생에게는 매월 300,000원의 훈련장려금이 지급됩니다.
이 외에 현장전문가 멘토링, 취업지원 맞춤형 컨설팅, 협약기업 연계 추천 채용 등 다양한 훈련생 특전이 제공됩니다.
*본 교육과정은 코딩 및 IT분야를 경험해본 적이 없는 인문/상경계 학생들도 쉽게 접근할 수 있는 ‘파이썬’을 기본언어로, 데이터를 다루고 실무 프로젝트를 수행하는 현장형 교육으로 기획되었습니다.
*교육이수 후에는 수료생을 대상으로 취업전략 특강, 취업컨설팅, 협약기업 추천채용, 기업매칭 등을 통해 해당 산업계로 취업할 수 있도록 지원하고 있습니다.
*교육 후 공모전 수상사례
-https://www.asiae.co.kr/article/2020091614333594349
**아시아경제 교육센터는 지난 7년간의 교육훈련의 경험과 80%에 가까운 취업성과 달성 노하우를 바탕으로 5차 산업분야의 핵심 기술인 <빅데이터/인공지능/핀테크> 분야의 교육과정을 개설/운영하여 상급 기술 수준의 우수 인력을 양성합니다.
< 모집요강 >
지원접수 기한 : 6.13(일) 24시 마감
▣ 주최/주관
-주최: 고용노동부
-주관: 아시아경제 교육센터
▣ 교과정명
1) [빅데이터]실무 프로젝트 기반 산업 빅데이터 분석가 양성과정 (2021.06.21~2021.10.25, 700시간)
2) [인공지능]인공지능 딥러닝 기반 자연어처림 텍스트분석가 양성과정 (2021.06.28~2021.11.12, 776시간)
▣ 주요 교육내용
[ 프로그래밍 기초 ]
파이썬 프로그래밍, 웹크롤링, 데이터베이스, 머신러닝, 딥러닝 이론 및 실습, 시각화
[ 프로젝트 실습 ] (포트폴리오 입사지원 시 활용)
: 참여기업 산업전문가 피드백, 프로젝트 발표 및 시상
[ 취업컨설팅 ]
: 포트폴리오 제작 및 컨설팅, 취업지원, 우수아이디어 상용화 지원
▣ 지원 대상
대한민국 국적 청년(전공 무관)
대학 졸업자 및 21.08년 졸업 예정자
국민내일배움카드 발급 가능자
▣ 연수생 선발 및 교육 일정
선발면접 : 접수순으로 온라인 면접(선착순 접수) *면접일자 및 시간은 지원자 대상 별도 연락
연수생 선정발표 : 온라인 면접 후 개별 연락
교육일정: 매주 월~금요일 09:30~18:30 진행(법정공휴일 제외)
▣ 교육 장소
아시아경제 교육센터 (3,4호선 충무로역 인근)
▣ 연수생 혜택 (수료시)
훈련비 전액 무료 (정부지원/400만원 상당)
훈련장려금 지원 (최대 30만원)
취업지원 (추천채용/추천서발급/취업컨설팅)
신한퓨처스랩이 주죄하는 데모데이, 해커톤, 채용박람회 등 프로그램 참여지원 및 IT/SW 협약기업 현장실습 연계
▣ 문의
02-2200-2154, 2210 E. hiyu@asiae.co.kr  카카오친구ID. asiaejob
▣ 참가신청
http://www.asiae.co.kr/event/2020/4thindustry/index.htm (신청페이지)
https://asia2edu.modoo.at/ (아시아경제 교육센터 홈페이지)"
biomedical_science,2021-1학기 비공학계 캡스톤디자인 성과전시회 학생평가자 모집 안내,N/A,2021.06.03,https://bioinfo.ssu.ac.kr/%ea%b2%8c%ec%8b%9c%ed%8c%90/%ea%b3%b5%ec%a7%80%ec%82%ac%ed%95%ad/?term_id&slug=3234,
biomedical_science,AI기반 취업솔루션 이용 안내,N/A,2021.05.31,https://bioinfo.ssu.ac.kr/%ea%b2%8c%ec%8b%9c%ed%8c%90/%ea%b3%b5%ec%a7%80%ec%82%ac%ed%95%ad/?term_id&slug=3207,"진로취업센터에서  ‘AI기반 취업솔루션 서비스’를 지원하고 있습니다.
많은 활용바랍니다.
1. 목적
가. 대기업부터 중소기업까지 AI를 활용한 면접 채용이 증가함에 따라, 변화하는 채용 트렌드에 맞춰 구직을 준비하는 학생들을 지원
나. 취업 준비에 많은 비용이 들어가는 구직 학생들에게 AI면접이라는 새로운 채용전형을 준비할 수 있도록 지원하여 경제적 부담 완화
2. 제공 서비스
가. AI면접(역량검사+게임) 연습
나. AI면접(역량검사+게임) 학습동영상
다. AI자소서 작성, 평가, 분석
3. 이용방법
: (붙임1) 참조
붙임    1. AI기반 취업솔루션 이용 방법 1부
2. 에듀스 AI솔루션 제안서 1부"
biomedical_science,[채용공고]바이옴로직,N/A,2021.05.28,https://bioinfo.ssu.ac.kr/%ea%b2%8c%ec%8b%9c%ed%8c%90/%ea%b3%b5%ec%a7%80%ec%82%ac%ed%95%ad/?term_id&slug=3194,"2
월에 퇴직하신 임동빈 교수님께서 계신 회사에서 연구할 사람을 찾고 있습니다
.
우리 학부 학사 이상이면 지원가능합니다
.
회사 장소는 서울시 마포구 상암동이며
,
직접 지원해도 되고
, 임동빈 교수님께 연락드려도 되고,
김미연 교수님께 연락해도 됩니다
.
마감일자 신경쓰지 말고 연락해보세요
~
공고 바로가기 ☞ 바이옴로직 > BRIC (ibric.org)"
biomedical_science,2021학년도 2학기 학·석사연계과정 지원 및 선발 안내,N/A,2021.05.20,https://bioinfo.ssu.ac.kr/%ea%b2%8c%ec%8b%9c%ed%8c%90/%ea%b3%b5%ec%a7%80%ec%82%ac%ed%95%ad/?term_id&slug=3177,"2021학년도 2학기 학·석사연계과정 지원 및 선발 안내
1. ‘
학
·
석사연계과정
’
이란
?
: 학사과정의 교육과정과 대학원 교육과정을 상호 연계하여 운영하는 과정으로 학사과정 3.5년 또는 4년, 석사과정 1.5년에 학사학위 및 석사학위를 취득하는 과정
2.모집학과
: 학사과정과 석사과정에 동일(또는 유사) 학과가 있는 학과(
계약학과 제외
)
3.모집인원
: 석사과정 입학정원의 20% 내에서 모집
4.지원자격
: 다음 각 호 모두에 해당되는 자
가. 지원일 당시 학사과정 4학기 이상 6학기 이내 재학 중인 자
=
> 5
학기 내지
7
학기 개시 전
인 학생만 지원 가능
(
학
·
석사연계과정 신청자는 조기졸업과 동시에 신청할 수 없음
)
나. 재수강 이전 과목, 학점 포기한 과목, F학점 과목 등을 포함한 전체 과목의 총평점평균이 3.0/4.5 이상인 자
다. 7학기 또는 8학기에 학사과정의 졸업요건을 충족할 수 있는 자
라. 지원하고자 하는 일반대학원 학과 주임교수와 지도교수의 추천을 받은 자
마. 지원하고자 하는 일반대학원의 동일(또는 유사)학과를 주전공 또는 복수전공하는 자
(부전공, 연계전공은 해당없음)
5.
지원기간
:
2021
년
6
월
7
일
(
월
) ~ 2021
년
6
월
25
일
(
금
)
6.지원방법
: 제출서류를 구비하여 대학원 교학팀(웨스트민스터홀 658호)으로 방문 접수
7.제출서류
: 학·석사연계과정신청서(학업계획서, 추천서 포함)(양식 다운로드) 1부
8.
합격자 발표
:
2021
년
7
월
30
일
(
금
)
예정
9.
합격자 혜택
가. 학위취득기간 단축
나. 석사과정 입학금, 입학시험 면제
다. 학사과정 중 일반대학원 과목 수강신청 시 학기당 3학점 추가로 수강신청 가능
라.
학사과정 중 취득한
(
학사과정 졸업학점 초과 이수
)
동일
(
또는 유사
)
학과의 일반대학원 과목
3
학점
~9
학점까지 석사과정 학점으로 인정됨
(
학점인정은 석사과정 진학 후
1
학기 내 신청해야 함
)
10.
자격상실
가. 일반대학원 입학 전에 학·석사연계과정을 중도 포기한 경우(포기신청서 제출)
나. 학사과정 8학기 이수 후 재수강 이전 과목, 학점포기한 과목, F학점 과목 등을 포함한 전체 과목의 총평점평균이 3.0/4.5 미만인 경우
다. 학사과정을 8학기에 모두 이수하지 못한 경우
라. 학사과정 중 졸업학점을 초과하여 일반대학원 과목을 3학점 이상 취득하지 못한 경우
마. 석사과정 첫 학기에 일반대학원 입학 등록을 하지 않은 경우
바. 석사과정을 3학기에 모두 이수하지 못한 경우
사. 석사과정 3학기 이수 후 총평점평균이 4.0/4.5 미만인 경우
11.
유의사항
가. 학사과정 중 학·석사연계과정 중도포기 시 학사과정 정규 수업연한 적용
나. 석사과정 중 학·석사연계과정 중도포기 시 4학기 등록
다. 석사과정 첫 학기 휴학 및 자퇴 불가
라. 석사과정 전과 불가
마. 석사과정 첫 학기에 일반대학원 입학 등록을 하지 않은 경우 학사학위가 취소됨
12.문의처
: 대학원 교학팀(02-820-0258~9,
grad@ssu.ac.kr
)
2021. 5
대학원장"
biomedical_science,2021-2학기 재학생 및 복학예정자 대상 교내장학금 신청 안내,N/A,2021.05.20,https://bioinfo.ssu.ac.kr/%ea%b2%8c%ec%8b%9c%ed%8c%90/%ea%b3%b5%ec%a7%80%ec%82%ac%ed%95%ad/?term_id&slug=3171,"2021학년도 2학기 재학생 및 복학예정자 대상 교내장학금 신청공고
※ 본교에서 지급되는 모든 교내장학금은 아래 국가장학금 신청기간 내 국가장학금을 신청하고 서류제출을 완료하여 소득분위가 조회된 학생을 대상으로만 수혜자를 선정합니다. 따라서, 교내장학금을 수혜하려는 모든 학생은 반드시 교내장학금과 국가장학금을 모두 신청하시기 바랍니다.
– 국가장학금 신청결과 제공되는 학생의 소득분위정보를 장학생 선발에 활용
– 국가장학금은 반드시 매학기 신청(서류제출 및 가구원동의 포함)하여야 함.
1. 국가장학금 신청기간 :
2021년 5월 18일(화) ~ 6월 17일(목) 18:00 까지
※ 한국장학재단 홈페이지(www.kosaf.go.kr) 공인인증 로그인 후 신청
※ ☆중요☆ 재학생은 국가장학금 1차 신청기간에만 신청 가능
2. 교내장학금 온라인 신청기간
가. 온라인신청 및 서류제출 기간
1) 정규신청 : 2021년 5월 24일(월) 10:00 ~ 6월 18일(금) 17:00까지
2) 추가신청 : 2021년 6월 28일(월) 10:00 ~ 7월 16일(금) 17:00까지
※ 주말(공휴일 포함) 24시간 온라인 신청 가능 (단, 마감일 제외)
※ 추가신청자는 반드시 국가장학금 1차 신청기간에 국가장학금을 신청하여야 함.
※ u-SAINT 입력 후 장학금 신청내역을 조회하여 장학금 신청이 정상적으로 완료되었는지 꼭 확인.
나. 서류제출이 필요한 장학금의 경우, 교내장학금 온라인 신청기간 내 반드시 제출
※ 방문 및 등기우편제출 가능 (FAX 불가)
※ 등기우편 제출 시 교내장학금 온라인 신청기간 내 장학팀 도착분만 인정
※ 단, 형제장학금의 경우, 등록기간 종료 시까지 서류제출 인정
※ 서류는 제출일 기준 1개월 이내에 발급된 것만 인정됨
다. 근로장학금(교내근로/학과근로) 신청 : 2021년 7월 공지 예정
3. 신청대상 : 2021학년도 2학기 재학생 및 복학예정자
4. 교내장학생 자격요건
가. 2021학년도 2학기 국가장학금을 신청하고 서류제출(가구원동의 포함)을 완료한 자
나. 2021학년도 2학기 재학생 및 복학(예정)자로 해당학기 등록금 납부 예정인 자
1) 2021학년도 2학기 前 등록휴학 후 복학생은 모든 장학금 선발에서 제외(등록대체)
2) 미등록, 입학취소, 복학취소, 휴학 등 학적변동시 모든 장학금 취소
다. 직전학기 15학점 이상 이수한 자 (2021년 2학기가 4학년 8학기인 자는 12학점 이상)
※ 건축학과 건축학전공 : 10학기는 직전학기 12학점 이상 이수(1∼9학기는 15학점 이상)
라. 등록 8학기 이내인 자(건축학과 건축학전공 : 등록 10학기 이내인 자)
예1) 학기취소 1회 후 8학기 진학예정인 경우 : 9회 등록금 납부이므로 선발 불가
예2) 학점 미 이수로 9학기 진학예정인 경우 : 9회 등록금 납부이므로 선발 불가
5. 교내장학생 공통사항
가. ☆중요☆ 모든 장학금은 등록금 내에서 다음 순서에 따라 우선 지급합니다.
① 교외(외부)장학금 ② 국가장학금 ③ 교내장학금
나. 성적 및 취득학점 산정방법
1) 평점평균(GPA) / 산술평균(100점만점) : F학점이 포함된 학적부성적 기준 산정
2) 취득학점 산정시 F학점은 0학점 취득으로 인정되어 취득학점 산정에서 제외
다. 온라인으로 반드시 신청해야 하며, 제출서류가 있는 장학금에 한하여 서류제출
※ 제출기간 내 미제출시 장학생 선발대상에서 제외
라. 모든 교내장학금은 중복수혜 불가
1) 장학금 간 중복신청 가능 (신청 장학금 중 수혜금액이 큰 장학금으로 자동선발)
2) 중복수혜 가능 장학금 : 국가장학금, 교외(외부)장학금, 근로장학금(교내/학과근로), 봉사장학금
– 수업료 범위 내 중복수혜 가능(근로장학금, 봉사장학금은 수업료 초과하여 수혜 가능)
마. 한국장학재단 중복지원방지사업 안내
1) 학자금대출액과 등록금 지원 목적 장학금 합계가 수업료 초과 시 중복지원 해당
2) 한국장학재단 콜센터를 통한 개별 해소 필수(다음 학기 국가장학금, 학자금대출에 영향)
6. 교내장학금별 선발자격 및 제출서류 : 장학금 선발자격 및 제출서류 안내(첨부문서 참조)
7. 장학생 선발결과 발표 및 지급방식
가. 2021년 8월 중순 발표 예정 (u-Saint  등록/장학 및 등록금고지서 감면여부 확인가능)
나. 장학금신청시 계좌입력 : 우리은행 본인명의 개인계좌 입력 필수
다. 등록금 분할납부 신청 시, 등록금고지서에 감면된 장학금을 제외한 학생계좌지급 장학금은 분할납부 최종등록 완료 확인 후 지급
2021. 5. 18.
학 생 처 장"
biomedical_science,2021학년도 2학기 국가근로장학금 온라인 신청 안내,N/A,2021.05.20,https://bioinfo.ssu.ac.kr/%ea%b2%8c%ec%8b%9c%ed%8c%90/%ea%b3%b5%ec%a7%80%ec%82%ac%ed%95%ad/?term_id&slug=3163,"2021학년도 2학기 국가근로장학금 온라인 신청 안내
2021학년도 2학기 국가근로장학금 1차 온라인 신청을 안내하니, 아래 사항을 확인하여 신청하여 주시기 바랍니다.
한국장학재단 국가근로 온라인 신청
1차 기간에 신청 완료한 학생에 한하여 2021학년도 2학기 국가근로장학생으로 선발 가능합니다
.
1. 한국장학재단 온라인 신청기간 : 2021년 5월 18일(화) 9:00 ~ 6월 17일(목) 18:00
※ 주말 및 공휴일 포함 신청기간 내 24시간 신청가능(단, 마감일 제외)
2. 한국장학재단 서류제출 및 가구원 동의 :  2021년 5월 18일(화) 9:00 ~ 6월 21일(월) 18:00
※ 장학팀 서류접수 추후 안내
3. 신청방법 : 한국장학재단 홈페이지 온라인 신청(
www.kosaf.go.kr
)
※ 자세한 신청방법은 첨부파일 참조
4. 유의사항 : 국가근로장학금 1차 온라인 신청 후, ‘국가근로장학생 지원서’를 장학팀으로 제출하셔야 신청이 완료됩니다.
지원서 제출 일정은 추후 안내 예정입니다
.
5. 문의사항: 한국장학재단 콜센터 (1599-2290)
붙임: 장학금 신청 매뉴얼 각1부.  끝."
biomedical_science,2021학년도 2학기 국가장학금 신청 안내,N/A,2021.05.20,https://bioinfo.ssu.ac.kr/%ea%b2%8c%ec%8b%9c%ed%8c%90/%ea%b3%b5%ec%a7%80%ec%82%ac%ed%95%ad/?term_id&slug=3154,"2021학년도 2학기 국가장학금 신청을 안내하오니 기간 내에 신청하기를 바랍니다.
가
.
국가장학금
1
차 신청기간
: 2021
년
5
월
18
일
(
화
) ~ 6
월
17
일
(
목
) 18
시
※ 공휴일, 일요일 포함 신청기간 내 24시간 신청 가능
※ 재학생이 1차 신청기간에 신청하지 않을 경우, ‘신청기간 미 준수’로 탈락됩니다.
(다만, 재학 중 2회에 한해 구제를 받을 수 있습니다.)
※ 1차 신청기간에 신청하지 않을 경우, 장학금 지급이 지연될 수 있습니다.
나. 서류제출 및 가구원 동의기간 : 2021년 5월 18일(화) ~ 6월 21일(월) 18시
※ 서류제출 및 가구원 동의 대상자는 반드시 이를 이행해야 장학금 신청이 완료됩니다.
다. 신청대상 : 대한민국 국적 학부생 (재학생,재입학생,복학생,휴학생 등 모든 학적 신청가능)
※ 국가장학금 최대 수혜횟수 범위 내에서 수혜 가능합니다.
라. 신청방법 : 한국장학재단 홈페이지 온라인신청
※ 붙임파일의 신청 매뉴얼 참조
※ 한국장학재단 홈페이지 주소 :
www.kosaf.go.kr
마. 상세안내: 학교 홈페이지 ‘장학’ 공지사항 참고(
☞
바로가기
)"
biomedical_science,[대학원]2021학년도 2학기 석·박사통합과정 지원 및 선발 안내,N/A,2021.05.20,https://bioinfo.ssu.ac.kr/%ea%b2%8c%ec%8b%9c%ed%8c%90/%ea%b3%b5%ec%a7%80%ec%82%ac%ed%95%ad/?term_id&slug=3148,"2021학년도 2학기 석·박사통합과정 지원 및 선발을 아래와 같이 진행하고자 하니 관심있는 석사과정생분들은 지원하시기 바랍니다.
1.지원기간:
2021. 6 . 7(
월
)
∼
6. 25(
금
)
(
해당 기간 내 대학원 교학팀에 서류 제출
)
2.지원자격
가. 일반대학원 석사학위과정 2학기 또는 3학기 재학생(복학예정자 포함)
나.
학업전념학생
(2015학년도 2학기 석사 입학자부터 적용)
다. 18학점 이상을 취득 또는 취득예정인 학생
라. 석사과정 전공분야와 통합과정 지원 전공분야가 동일한 자
3.제출서류
가. 공통 : 석·박사통합과정 지원서 1부(붙임1 양식)
나.
2015
년
2
학기 이후 입학자
: 4
대 사회보험 가입내역 확인서
1
부
※ 4대 사회보험 정보연계센터(
www.4insure.or.kr
) 공인인증서 로그인 → [증명서발급] → 4대 사회보험 가입내역 확인 청구서 신청 → 4개 처리기관의 처리여부 “출력가능” 확인 후 증명서 출력
※
건강보험 지역가입자 중 사업장이 표기되어 있는 경우와
4
대 사회보험 미가입자이나 종교기관 등에서 전임으로 재직하는 경우 등은
직장병행학생으로 간주하여 지원 불가함
※ 강사는 다음의 요건충족 시 예외적 지원 허용 : 주 6시간 이내 근무로 인한 4대 사회보험 가입은 별도의 증빙서류(경력증명서)제출 시 학업전념학생으로 인정
4.지원방법: 제출서류를 작성하여 대학원 교학팀으로 제출(웨스트민스터홀 658호)
5.선발인원: 박사과정 전체 입학정원의 20%(학칙시행세칙(대학원) 제67조)
6.발 표 일:
2021. 7. 23(
금
)
학과 및 개별통지
7.기 타
가. 수업연한
1) 4년(8학기): 석사과정 입학 학기부터
2) 수업연한 단축: 수업연한의 단축을 희망하는 경우
석
·
박사통합과정
6
학기 또는
7
학기 개시 전
(
방학 중
)
대학원 교학팀에 수업연한단축신청서를 제출
하고 해당 학기 종료 시 수료요건 충족 및 총 평점평균이 4.0 이상이면 6학기 또는 7학기에 수료 가능, 단
학업전념학생
(Full time)
만 수업연한단축신청이 가능함
나. 석사과정 종합시험, 석사논문 면제
(
석
·
박사통합과정 선발 전 석사과정에서 합격한 종합시험은 인정되지 않음
,
석
·
박사통합과정 선발 후 박사과정에 해당하는 종합시험 응시해야 함
)
다. 박사과정 입학금 면제
라. 대학원 홈페이지 內공지사항 게시
※ 학칙시행세칙(대학원)
제67조(선발인원) 통합과정 선발인원은 박사과정 입학정원의 20% 범위 내에서 대학원 운영위원회에서 정한다.[본조신설 2014.11.29.]
제68조(지원요건) 통합과정에 지원하고자 하는 자는 다음 각 호의 요건을 모두 갖추어야 한다.
1. 일반대학원 석사학위과정 2학기 또는 3학기 재학생(복학예정자 포함)
2. 학업전념학생
3. 18학점 이상을 취득 또는 취득 예정인 학생
4. 석사과정 전공분야와 통합과정 전공분야가 동일
5. 지도교수의 추천[본조신설 2014.11.29.]"
biomedical_science,[대학원]2021학년도 5월 중앙도서관 학술DB 정보활용교육 안내,N/A,2021.05.20,https://bioinfo.ssu.ac.kr/%ea%b2%8c%ec%8b%9c%ed%8c%90/%ea%b3%b5%ec%a7%80%ec%82%ac%ed%95%ad/?term_id&slug=3144,"중앙도서관에서 진행하는 학술DB 정보활용교육을 안내하니 금번 학기 또는 추후 논문을 작성하는 대학원생분들은 신청해주시기 바랍니다.
가. 신청방법
홈페이지 신청
https://oasis.ssu.ac.kr/#/education/result/?offset=0&max=20
나. 강의방법 : 실시간 온라인 강좌
다. 정보활용교육을 처음 들으시는 분들은
“
기초
/
이론
“
과정을 기존 강의를 들으셨거나
실제 활용법을 실습하고 싶은 분들은
“
심화
/
실습
“
과정을 신청해 주시기 바랍니다.
구분
내용
일시
논문작성을
위한
정보활용교육
(
기초
/
이론
)
학위논문 작성을 위한 도서관 학술정보 활용방법 안내
학술자료의 개념과 형식, 유형에 따른 검색법, 평가기준
주요 학술사이트 및 DB 소개, 도서관 미소장자료 신청방법
연구윤리 및 표절방지(참고문헌인용법)
05.20.(목)
14:00~15:30
PQDT Globla
해외 석박사 학위논문 DB PQDT Global 활용 학위논문 검색
미국 상위대학 포함 주요 대학들 학위논문 자료 검색
서지정보 : 1930~Current,  원문정보 : 1743~ Current
원문 외 Supplemental files 검색
05.25.(화)
11:00~12:00
논문작성을
위한
정보활용교육
(
심화
/
실습
)
도서관 홈페이지 자료 검색 실습(서지정보/자료유형/주제별)
구글스칼라/RISS 및 주요 DB 활용법 및 검색Tip 안내
구글스칼라 및 주요 DB검색자료 RefWokrs로 반출/관리
RefWorks와 주요 DB를 활용한 참고문헌인용법 실습
05.27.(목)
14:00~15:30"
biomedical_science,"어학, 그래픽, IT, 컴퓨터 자격증 지원 프로그램",N/A,2021.05.14,https://bioinfo.ssu.ac.kr/%ea%b2%8c%ec%8b%9c%ed%8c%90/%ea%b3%b5%ec%a7%80%ec%82%ac%ed%95%ad/?term_id&slug=3135,"[한국인터넷교육방송]
온라인 강좌 100% 전액지원 프로모션
1. 어학 : 토익, 토스, 오픽, 중국어(HSK), 일본어(JLPT), 회화 등
2. 그래픽 : 포토샵, 일러스트, CAD, MAX, 프리미어, 애프터이펙트 등
3. IT : 프로그래밍, JAVA, C++, Python, 모바일코딩, 정보처리기사, 정보보안기사 등
4. 자격증 : 컴활1,2급, 워드1급, MOS master, 전산회계1,2급, 한국사 등
어학 :
www.edujk.co.kr
IT자격증 :
www.eduit.kr
⭐ 숭실대학교 학생을 위한 특.별.지.원.혜.택 ⭐
최대 1년 간 5600강좌 무제한 수강
모의고사 무료지원 – 토익 12회, 토익스피킹 6회
80% 출석시 수강료 100% 환급
토익, 토스, 오픽 교재 무료 지원
(컴퓨터강좌 PDF 파일 지원)
모바일 강의 지원
(IP, 기기제한 없음)
일시정지 지원 (단기:3개월 누적으로 분할 정지, 장기:1회)
✔ 수강신청하는 학우분들께 영화티켓 쏩니다!
✔ 선착순 100명 지원합니다.
문의사항이나 신청 원하시면 “010-4385-3228” 로 문자 보내주세요!"
biomedical_science,"2021-1학기 졸업예정자 대상 이수구분변경, 다전공 포기(2차), 졸업확정신고 (1차)신청 안내",N/A,2021.05.12,https://bioinfo.ssu.ac.kr/%ea%b2%8c%ec%8b%9c%ed%8c%90/%ea%b3%b5%ec%a7%80%ec%82%ac%ed%95%ad/?term_id&slug=3110,"1.2021-1학기 졸업예정자 대상, 이수구분변경 신청 및 다전공 포기(2차), 졸업 확정신고(1차) 신청기간이 아래 기간에 시작됩니다.
2.이수구분 변경 및 다전공 포기 학생 신청 및 각 학과(부) 승인 기간
구분
기간
이수 구분 변경 및 다전공 포기 학생 신청
2021.05.17.(월) ~ 05.23.(일)
이수 구분 학과 승인 및 졸업사정대장 메모 작성
2021.05.17.(월) ~ 05.30.(일)
결과 통보 및 졸업사정표 업데이트
2021.05.31(
월
)
3.졸업 확정신고 (1차) 신청 기간
구분
기간
졸업 확정 신고 학생 신청 (1차)
2021.05.17.(월) ~ 05.30.(일)
– 졸업 확정 신고 결과의 졸업 사정표 업데이트는
익일 오전
반영됩니다."
biomedical_science,융합선택과목의 이수구분 및 졸업사정표상의 표기 개선 안내,N/A,2021.05.04,https://bioinfo.ssu.ac.kr/%ea%b2%8c%ec%8b%9c%ed%8c%90/%ea%b3%b5%ec%a7%80%ec%82%ac%ed%95%ad/?term_id&slug=3076,"1.이수구분이 전공필수/선택이면서 동시에 융합선택인 과목에 대한
성적표의 이수구분, 졸업사정표상의 표기가 아래와 같이 변경되어 안내드립니다.
2.기존 및 개선
주전공의 전공필수/선택이면서 융합전공선택인 과목을 이수한 경우,
표기 구분
기존
개선
성적표
(이수구분)
융합선택
전공필수/선택
졸업사정표
‘융합선택’에만 표기
(융합필수 15학점 모두 이수한
졸업예정자에 한해 전공으로 동시적용)
‘전공 필수/선택’ 및 ‘융합선택’
함께 표기
3.개선 효과
1)이수구분이 전공으로 즉시 반영되므로 재학 중 취업, 장학 등의 사유로 외부 기관에 성적증명서 제출 시, 전공과목 이수 내역 왜곡 방지
2)주전공 이수 현황이 졸업사정표상 실시간 반영되므로 효율적인 학업 관리 가능
4.유의사항
타학과 개설 융합선택 과목의 경우, 이전과 같이 융합필수 15학점 완료시에만 주전공선택으로 중복 적용 가능
5.적용 시점: 바로 적용
붙임. 개선 시스템 반영 전/후 졸업사정표 및 이수구분별 성적표 1부.  끝."
biomedical_science,[서울아산병원 빅데이터연구센터]의료정보 분석 전문가 심화과정1(신청기간 변경),N/A,2021.05.03,https://bioinfo.ssu.ac.kr/%ea%b2%8c%ec%8b%9c%ed%8c%90/%ea%b3%b5%ec%a7%80%ec%82%ac%ed%95%ad/?term_id&slug=3080,"서울아산병원 빅데이터연구센터에서는 보건복지부 정밀의료인력양성사업의 일환으로
2018
부터 의료정보 분석 전문가 과정을 운영하고 있으며
,
2021년에는 의료데이터 활용을 위한 데이터 사이언스캠프1(R&Python) 중급과정을 2회, 심화과정을 2회 운영 예정입니다.
의료정보 빅데이터를 분석하여 새로운 의료 관련 서비스와 지식을 찾아내고 활용할 수 있는 전문 인재 양성을 위해
아래와 같은 내용으로 『
의료정보 분석 전문가 심화과정 1
』을 계획하고 있습니다
.
1.교육 개요
○ 교육특징 : 의료 빅데이터 및 분석 방법에 대한 지식 습득
○ 이론 / 실습/ 팀프로젝트
○ 교육일정: 2021.06. 05(토)~2021. 08. 07(일) / 11주
* 이론교육 및 실습 / 팀 프로젝트
○ 신청기간 :
(변경)
2021.05.03(월) 09:00~05:23(일) 23:59
○ 교육신청 : 아산생명과학연구원 통합연구관리시스템 (ARIS) 회원가입 후 사전교육 신청 [아래 신청링크 클릭 후 사전접수]
https://aris.amc.seoul.kr/index.html?bWVudU5vPU0wMDAwMDI4MzMmc2Noc0NybXlSZWdObz0xMjAyMTAwMDA1Jm1vZGU9dmlldw==
○ 교육시간: 56.5시간
○ 계획인원: 30명 (서류 심사 후 교육생 선정)
○ 교육장소: 스페이스쉐어 삼성코엑스 센터
○ 주 최: 보건복지부, 한국보건복지인력개발원
○ 주 관: 서울아산병원
○ 교육비 : 20만원 (수료 시 50% 환불)
○ 문의 : 서울아산병원 빅데이터연구센터 (02-3010-8085 /
bigdata@amc.seoul.kr
)"
biomedical_science,2021-여름계절제 국내대학 학점교류 실시 및 수강신청 안내,N/A,2021.04.26,https://bioinfo.ssu.ac.kr/%ea%b2%8c%ec%8b%9c%ed%8c%90/%ea%b3%b5%ec%a7%80%ec%82%ac%ed%95%ad/?term_id&slug=3061,"2021학년도 1학기 여름계절제 국내대학 학점교류를 실시하니 참여를 희망하는 학생들은 기한 내에 신청 바랍니다.
1. 지원자격
가. 2021-1학기 기준 3~7학기 재학 예정인 자
나. 직전학기까지 학업성적이 총 평점평균 3.0 이상(학적부 성적 기준)인 자
다. 학칙에 따른 징계 사실이 없는 자
2. 신청학점: 정규학기 수강가능 신청학점(19학점)이내
3.
신청방법: 지원서(첨부) 작성하여 소속학과 사무실(이메일 혹은 방문)로 방문 제출
※ 학교 홈페이지에 공지되어 있는 대학별 지원
기한 하루 전 오후 3시까지
학과 사무실로 제출
4. 제출서류
⦁국내대학 학점교류 참가지원서(첨부) 1부
⦁성적증명서 1부
5.
교류 대학별 지원기한 및 국내대학별 학점교류 안내문은 학교 홈페이지 공지에 계속 업데이트 될 예정이니 수시로 확인 바랍니다.
(학교 홈페이지 공지 →
클릭
)
붙 임
1.국내대학 학점교류 참가지원서 1부.
2.국내대학 학점교류 시행 및 수강신청 안내서 1부.
*학부 이메일: bioinfo@ssu.ac.kr"
biomedical_science,[고용노동부] 국민취업지원제도 신청 안내,N/A,2021.04.20,https://bioinfo.ssu.ac.kr/%ea%b2%8c%ec%8b%9c%ed%8c%90/%ea%b3%b5%ec%a7%80%ec%82%ac%ed%95%ad/?term_id&slug=3047,"[고용노동부] 국민취업지원제도 신청 안내
국민취업지원제도는
대학교
4
학년 재학생 및 졸업을 앞둔 청년들에게
월 50만원 씩 6개월 간 총 300만원 구직수당
과 함께
이력서, 자기소개서 클리닉, 면접코칭 등 구직 상담과 취업 알선을 제공
받을 수 있는
1:1
맞춤 취업지원서비스
입니다.
※ 신청방법:
1)
www.국민취업지원제도.com
또는
www.work.go.kr/kua
2)
거주지 관할 고용센터
(문의 ☎1350)
에서 ’21.1.1.부터
상시 신청가능
※
자세한 사항은 첨부파일 참조"
biomedical_science,[학부 및 대학원]2021년 1학기 연구실 안전 신규 및 정기교육 시행 안내,N/A,2021.04.16,https://bioinfo.ssu.ac.kr/%ea%b2%8c%ec%8b%9c%ed%8c%90/%ea%b3%b5%ec%a7%80%ec%82%ac%ed%95%ad/?term_id&slug=3035,"2021년 1학기 연구실 안전 신규 및 정기교육 시행을 안내합니다.
명단은 첨부된 엑셀파일에서 확인 가능합니다.
1.교육개요
구분
교육대상자
인원
교육방법
비고
교육
이공계 학부생중 실험수업 수강신청한 학부생
4,024명
온라인교육
http://www.safetycare.co.kr/
신규채용자는 대면 교육이 원칙이나 코로나 19로 전면 온라인교육 시행
신규채용자(교원,연구원,대학원생)
78명
교원,연구원,대학원생
172명
2.온라인교육 수강방법
가. 수강 기간 : 2021.04.12 ~ 2021.06.30까지
나. 교육 사이트 :
http://www.safetycare.co.kr/
다. 로그인 방법 : 기관(숭실대학교),학번/직번(학번&직번), 비밀번호(학번&직번)
라. 비밀번호 변경 : 최초 로그인 시 비밀번호는 무조건 변경
마. 위험군 분류 : 사이트에 접속하면 고,중,저위험군으로 자동분류 됨
바.  교육시간 : 고위험(6시간/학기), 중위험(3시간/학기), 저위험(3시간/년간)
마. 언어변경 : 수강신청 화면 우측에 language를 변경하여 수강하면 됩니다.
4.문의 : 안전시설팀(820-0208) / E-Mail :
yesshin@ssu.ac.kr
붙임
1.2021년 1학기 연구실안전 온라인교육 대상자 명단  1부.
2.연구실안전 온라인교육 공동망 교육공지 안내문 1부.
3.연구실안전공동운영망 사용자메뉴얼 1부.   끝."
biomedical_science,2021학년도 1학기 ‘코로나19 극복지원장학금’ 시행 안내,N/A,2021.04.16,https://bioinfo.ssu.ac.kr/%ea%b2%8c%ec%8b%9c%ed%8c%90/%ea%b3%b5%ec%a7%80%ec%82%ac%ed%95%ad/?term_id&slug=3032,"1.장학금명: 코로나19 극복지원장학금
2.지급목적: 코로나19로 인해 어려움을겪은 학생들을 위로하고 학업 의지를 고취하고자 함
3.지급대상: 2021.04.01. 기준 학부 재학생 13,041명(계약학과, 선취업후진학학과 제외)
4.장학금 지급액
구분
등록금액
장학금액
인문대, 법대, 사회대, 경영대, 경제통상대
3,346,000
66,000
언론홍보학과, 정보사회학과, 예술창작학부 문예창작전공,
회계학과, 수학과, 정보통계보험수리학과
3,777,000
74,000
물리학과, 화학과,
의생명시스템학부
, 스포츠학부
4,046,000
79,000
공대, IT대, 융합특성화자유전공학부
4,411,000
86,000
국제법무학과, 금융학부
4,492,000
88,000
예술창작학부 영화예술전공
4,900,000
96,000
※ 각 학생의 타 장학금 수혜상황에 따라 실제 수혜금액이 다를 수 있음(수업료 내 지원)
5.장학금 목적: 등록금 지원(수업료 내 지원)
6.장학금 지급 기준
가. 21-1학기 사후지급
나. 국가장학금 신청, 성적인정 및 취득학점 기준, 중복지급 제한 기준에 대해 예외 적용
다. 5월말까지 계좌입력이 완료되지 않은 학생은 지급하지 않음
라. 학기중 휴학시 이월되지 않음
마. 정규등록학기 초과자는 지급하지 않음
바. 외국인학생은 같은 계열의 내국인 기준 등록금을 적용하여 장학금액 산정
사. 계약학과, 선취업후진학 학과는 포함하지 않으며 추후 별도 시행여부 논의
아. 국고장학금 및 교외장학금으로 등록금 전액을 수혜받는 경우 제외.
7.학생계좌 등록 방법 안내
가. 각 단과대 및 학과로 문의 올 경우 참고하여 안내 요망
나. 등록경로: u-SAINT >학사관리 >학적정보 >하단의 ‘부가정보’에서 계좌 입력
다. 유의사항
1) 반드시 본인 명의의 계좌 입력(부모님 등 타인 명의 계좌 입력 시 지급 불가)
2) 은행과 계좌번호를 정확하게 입력
3) 계좌가 정상적으로 입금 가능한 계좌인지 확인
8.지급 일정(※ 예정이며, 사정에따라 빨라지거나 늦어질 수 있음)
– 04.16: 1차 지급 / 04.30: 2차 지급 / 05.14: 3차 지급 / 05.28: 4차 지급 / 06.04: 최종 지급  끝."
biomedical_science,[대학원] 2021-1학기 논문 공개발표 합격자 유의사항 및 심사비 납부 안내,N/A,2021.04.16,https://bioinfo.ssu.ac.kr/%ea%b2%8c%ec%8b%9c%ed%8c%90/%ea%b3%b5%ec%a7%80%ec%82%ac%ed%95%ad/?term_id&slug=3029,"1.
논문 공개발표 합격자 유의사항
가. 논문일정 준수
1) 논문심사비 납부 : 2021년 4월 19일(월) ~ 4월 21일(수) / 9:00 ~ 16:00
2)  최종심사 결과보고서 제출 :  2021년 4월 19일(월) ~ 5월 28일(금)
3)  논문 완본 제출 :  2021년 6월 23일(수) ~ 6월 24일(목)
나
.
학위논문 작성 양식 준수
:
붙임의 논문 양식에 작성
※ 디콜렉션(논문완본파일 도서관 업로드)시, 오류가 다수 발생하고 있으니 붙임의 양식에 의거하여 작성해 주시기 바랍니다.
2.
논문심사비 납부 안내
가. 대상 : 학위논문 제출자격을 갖추고 공개발표에 합격 및 심사위원을 구성하여 최종심사 대상인 자
나. 기간 :
2021
년
4
월
19
일
(
월
) ~ 21(
수
) 09:00 ~ 16:00,
은행영업시간 내
다. 논문심사비
*
석사학위
: 90,000
원
라
.
논문심사비 납부 방법
1) 납부기간내 u-SAINT 에 로그인하여 ‘등록/장학_기타납입금 출력” 메뉴에서 지정된 계좌 확인
2) 심사비 납부 계좌는 2021년 4월 19일 09:00부터 확인 가능"
biomedical_science,[채용공고]쓰리빌리언,N/A,2021.03.29,https://bioinfo.ssu.ac.kr/%ea%b2%8c%ec%8b%9c%ed%8c%90/%ea%b3%b5%ec%a7%80%ec%82%ac%ed%95%ad/?term_id&slug=3004,"※ 2021 쓰리빌리언 각 부문별 수시 채용 공고 (채용공고 사이트 이동
☞
클릭
)
지원방법
-자사 채용 홈페이지에서 지원 가능(
https://3billion.io/company/careers
)
단, 한국을 제외한 해외에서 지원하는 경우 메일로 이력서 송부(sjahn@3billion.io)
-채용 관련 문의는 카카오톡 채널에서 가능(
http://pf.kakao.com/_EyHHK/chat
)
관련기사
-쓰리빌리언 IPO착수/상장주관사 선정(
바로가기
)"
biomedical_science,[채용공고](주)넷타겟,N/A,2021.03.29,https://bioinfo.ssu.ac.kr/%ea%b2%8c%ec%8b%9c%ed%8c%90/%ea%b3%b5%ec%a7%80%ec%82%ac%ed%95%ad/?term_id&slug=2992,"※ 2021 (주)넷타겟 각 부문별 수시 채용 공고 (채용공고 사이트 이동
☞
클릭
)
-홈페이지 정보:
https://www.net-targets.com"
biomedical_science,[채용공고]보로노이 그룹,N/A,2021.03.23,https://bioinfo.ssu.ac.kr/%ea%b2%8c%ec%8b%9c%ed%8c%90/%ea%b3%b5%ec%a7%80%ec%82%ac%ed%95%ad/?term_id&slug=2972,"※ 2021 보로노이 그룹 수시 채용 공고 (채용공고 사이트 이동
☞
클릭
)"
biomedical_science,2021년 이공계 우수학생 국가장학금 신청 안내,N/A,2021.03.22,https://bioinfo.ssu.ac.kr/%ea%b2%8c%ec%8b%9c%ed%8c%90/%ea%b3%b5%ec%a7%80%ec%82%ac%ed%95%ad/?term_id&slug=2960,"2021년 이공계 우수학생 국가장학금 신청 안내
1.장학금 유형별 개요
구분
대통령과학장학금
국가우수장학금
(
이공계
)
지원대상
국내 및 해외 대학 자연과학 및 공학계열 우수학생
국내 대학 자연과학 및 공학계열 우수학생
지원내용
․국내: 장학금(등록금 전액), 학업장려비(학기당 250만원), 생활비(기초생활수급자 학기당 250만원)
․해외: 연 5만$ 내에서 학비 및 체재비 지원
․장학금(등록금 전액), 생활비(기초생활수급자 학기당 250만원)
※과학기술전문사관 후보생 : 전문역량개발비(학기당 250만원) 지원
계속지원기준
・성적: B+ 수준, 3.5이상/4.5만점(3.3이상/4.3만점) 또는 백분위 점수 100점 만점의 87점 이상
・최소 이수학점: 직전학기 12학점 이상
2.추진일정
가. 대통령과학장학금
구분
국내 장학생
해외 장학생
1
학기
2
학기
1
학년
3
학년
1
학년
3
학년
1
학기
2
학기
신규
장학생
공고
3월중
4월중
–
–
4월중
–
신청접수
3～4월중
4～5월중
–
–
4～5월중
–
심사
(서류 및 심층면접)
4～5월중
5～6월중
–
–
5～6월중
–
선정
5월중
6월중
–
–
6월중
–
지급
5∼6월중
6월중
–
–
8～9월중
–
계속
장학생
선정
2월중
8월 중
7～8월중
12～1월중
지급
3월중
9월 중
8～9월중
12～2월중
※ 상기일정은 사업추진 여건 변동 등에 따라 일부 조정 가능
나. 국가우수장학금(이공계)
구분
1
학기
2
학기
비고
신규
장학생
공고
3월중
–
신청접수
3월중
–
성적우수
재학중우수자(2년지원)
심사 및 선정
4～5월중
–
성적우수
재학중우수자(2년지원)
지급
5～6월중
–
성적우수
재학중우수자(2년지원)
계속
장학생
선정
2월중
8～9월중
지급
3월중
9월중
※ 상기일정은 사업추진 여건 변동 등에 따라 일부 조정 가능
자세한 사항은 붙임파일과 한국장학재단 홈페이지를 참고바랍니다."
biomedical_science,♣ 2022학년도 2월 졸업예정자 논문계획서 제출 확인 및 1차 번역서 제출 안내,N/A,2021.03.17,https://bioinfo.ssu.ac.kr/%ea%b2%8c%ec%8b%9c%ed%8c%90/%ea%b3%b5%ec%a7%80%ec%82%ac%ed%95%ad/?term_id&slug=2940,"2022년 2월 졸업예정자로, 이번학기 졸업논문계획서를 제출한 학생들은 첨부된 파일의 명단을 확인해주시기를 바랍니다.
*명단에 누락되어 있거나 지도교수님, 실험논문/리뷰논문이 잘못 기재되어 있는 학생은 과사로 연락을 부탁드립니다.
번역논문(리뷰논문) 제출 예정자들은
졸업논문1차보고서(첨부파일 양식 작성 & 논문번역서 및 영어논문 원문을 함께 첨부하여 제출)
를
6월 18일 금요일까지
학과 이메일(bioinfo@ssu.ac.kr)로 제출해주시기 바랍니다.
*졸업논문1차보고서의 학과장님 승인은 제출 받은 보고서를 토대로 일괄로 받을 예정이니
기한 내에 제출 바랍니다.
→
논문 번역서 1차 학부장 심사 및 이후 지도교수께 전달 : 2021년 6월 21일(월) ~ 6월 30일(금)
* 이메일로 제출시 메일 제목 및 파일명 : 졸업논문1차번역서_학번 이름(ex. 졸업논문1차번역서_20171234 홍길동)
첨부
1.2022년 2월 졸업예정자 졸업논문계획서 제출 명단
2.졸업논문 1차 번역서"
biomedical_science,[대학원]중앙도서관 학술DB  이용 교육 안내,N/A,2021.03.16,https://bioinfo.ssu.ac.kr/%ea%b2%8c%ec%8b%9c%ed%8c%90/%ea%b3%b5%ec%a7%80%ec%82%ac%ed%95%ad/?term_id&slug=2933,"‘Turnitin'(외국어 학위논문 유사도검증 프로그램)은 외국어(영어)로 진행되는 학위논문의 유사도검증 시 추가로 사용되어야 하는 프로그램 입니다.
[학위논문 유사도검사 결과 제출]
가. 국문논문은 카피킬러 검사결과 제출
1) 가제본 및 카피킬러 결과를 학과로 제출 시 (4.5.~4.16.)
2) 논문 완본 제출 시 (6.23.~6.24)
나.
외국어(영문)논문은 카피킬러 검사결과와 이에 추가하여 Turnitin 검사결과를 제출
1) 가제본 및 카피킬러 결과를 학과로 제출 시 (4.5.~4.16.)
2) 논문 완본 제출 시 (6.23.~6.24)
<2021학년도 3월 중앙도서관 학술DB 이용 교육 안내>
3월 중앙도서관에서 준비한 학술DB 이용교육을 안내해 드립니다.
2021학년도 신규DB인 SciFinder-n과
학술논문 작성에 필수적인 서지관리도구 EndNote, 학위논문 제출시 필수적으로 검증 후 제출해야 하는 표절방지도구 Turnitin 교육을 준비했습니다.
교육참여자에게는  퀴즈 또는 추첨을 통해 소정의 상품도 증정될 예정이니 많은 학생들이 이용할 수 있도록 안내 바랍니다.
1.신청방법 : 홈페이지 신청
https://oasis.ssu.ac.kr/#/education/calendar/
2.강의방법 : 실시간 온라인 강좌
3.강의내용 및 일시
구분
내용
일시
SciFinder-n
-미국화학회(CAS)에서 구축한 화학분야 전문 데이터베이스로 화학분야 포함 전 분야 문헌정보, 특허, 반응식 등의 정보 제공
-2021학년도 신규구독 DB
03.23.(화)
14:00
Turnitin
-표절방지를 위한 유사도 분석, 영문법 교정, 과제물 관리 도구
-대학원 학위논문 제출시 필수검증(유사도) DB
-교수(관리자)/학생 교육을 별도로 나눠서 진행
03.25.(금)
14:00
교수
/
관리자
15:00
학생
EndNote
-논문작성시 필수적인 참고문헌 관리도구
-EndNote를 활용한 자료수집(반입)관리 / 참고문헌인용 및 스타일 변환
03.30.(화)
14:00
4.문의 :
jinyamy@ssu.ac.kr
(내선 0745). 끝."
biomedical_science,♣ 2021학년도 8월 졸업예정자 최종 졸업논문제출 안내,N/A,2021.03.09,https://bioinfo.ssu.ac.kr/%ea%b2%8c%ec%8b%9c%ed%8c%90/%ea%b3%b5%ec%a7%80%ec%82%ac%ed%95%ad/?term_id&slug=2904,"<2021
학년도
8
월 졸업예정자 최종 졸업논문제출 안내
>
-대상: 앞선 절차를 끝내고, 방학 중 지도교수와 이해도 대면 심사 및 결과 보고서까지 과사에 제출한 8월 졸업예정자
–
졸업논문제출 기간
: ~2021
년
5
월
20
일
(
목
)
까지
-방법: 자기표현으로 바꾸고 보충한 뒤 졸업논문제출 양식에 맞게 작성하여(국문/영문 중 1택) 과사 이메일로 제출(
bioinfo@ssu.ac.kr
)
(*본래 1차 서면 제출, 2차 이메일 제출이 맞으나, 코로나로 인해 일괄 이메일 제출 해주시기 바랍니다.)
-해당자: 첨부파일 참조(*누락되었을 시, 학과 사무실로 연락 바랍니다)
*의생명 홈페이지의 졸업논문 종합안내의 졸업논문제출 양식을 다운로드하셔서 따라주시고, 인용표기에 유의해주시기 바랍니다.
논문을 번역(리뷰논문)하여 졸업논문으로 제출하고자 할 때는 반드시 첫 페이지 제목 옆에 윗첨자로 ¹⁾이라 달고, 첫 페이지 맨 아래에
¹⁾ 이 논문은 ‘전체 저자명. (연도). 제목. 저널명 Volume number, 시작page-마지막page번호.’의 논문을 번역한 것임.
이라고 반드시 명시해야함.
예를 들어 다음과 같이 인용해야 함.
¹⁾ 이 논문은 ‘Rogers, P.R., Song, J., Gramaglia, I., Killeen, N. and Croft, M. (2001). OX40 promotes Bcl-xL and Bcl-2 expression and is essential for long-term survival of CD4 T cells. Immunity 15, 445-455.’의 논문을 번역한 것임.
*논문표절의 오해소지가 있으니 반드시 기입하여야 함.
*일정에 따르지 않는 학생을 졸업이 연기됨.
*논문번역서는 리뷰논문과 똑같은 포맷으로 작성(그림, 도표 모두 입력)
*최종졸업논문은 첨부된 졸업논문양식에 맞게 작성
-리뷰논문으로 선정한 논문의 길이 (PAGE수)에 준하는 논문을 작성하여 제출하도록 합니다.
-리뷰논문으로 선정한 논문과 똑같은 내용이 될수없으며 반드시 자신의 언어로 해석한 내용으로 논문을 작성하여 제출합니다.
*전체 졸업사정을 보기를 원하시는 분께서는 학부교육의 <기타 내규>를 참조해주시기 바랍니다.
첨부
1.2021.8월 졸업예정자 명단
2.졸업논문양식(국문)
3.졸업논문양식(영문)
(
첨부파일
2, 3
중 각자의 형식에 맞는 것을
1
택
/ 2, 3
모두 쓰는 것은 아님
)"
biomedical_science,[대학원]2021학년도 1학기 연구윤리 이수 안내 및 신청 안내,N/A,2021.03.09,https://bioinfo.ssu.ac.kr/%ea%b2%8c%ec%8b%9c%ed%8c%90/%ea%b3%b5%ec%a7%80%ec%82%ac%ed%95%ad/?term_id&slug=2893,"2021
학년도
1
학기 연구윤리 교육 일정을 안내드리며
,
수강을 희망하시는 분은 학과 사무실로 신청바랍니다
.
신청방법
★ 붙임 엑셀파일
‘2021
학년도
1
학기 연구윤리 교육 신청자 명단 양식
’
을 작성하여 학과 이메일
(bioinfo@ssu.ac.kr)
로 송부
★ 또는
학과 사무실로 방문하여 신청 양식 작성
1.
교육내용
가. 교육명
1) 대학원생을 위한 연구윤리(인문사회계열)
2) 대학원생을 위한 연구윤리(이공계열)
나. 교육내용 : 사회적책임, 연구데이터, 출판윤리, 연구부정행위, 연구공동체, 생명윤리
다. 교육컨텐츠 제공 기관: 국가과학기술인력개발원(KIRD)
※ 본교스마트캠퍼스를 통해 학습 및 이수해야함
2.
대상
:
교육수강을 희망하는 본교의 모든 대학원생
가. 과거 이수여부 확인 : u-SAINT 의 [성적/졸업]의 [논문/졸업] 맨 하단에서 확인가능
나. 시행세칙(대학원)에 의거하여 일반대학원 학위 논문 제출 전 연구윤리 과정을 반드시 이수해야 하며,
2021
학년도
1
학기 학위청구논문제출 예정자 중 미이수자는 이번
학기
에
반드시 이수해야 함
3.신청절차
: 학과에서 신청학생 명단 취합 후 공문으로 발송
신청 및 명단 제출 기한
수강 기간
신청방법
1차
3
월
19
일
(
금
)
까지
2021. 04. 01 ~ 04. 30
학과에서 신청자 취합 후
명단을 공문으로 발송
2차
2021. 05. 01 ~ 05. 31
※
기한이 지난 후 지속적인 추가 신청 시
,
유관부서와의 협업에 어려움이 있으니 제출 기한을 최대한 준수해 주시기를 요청드립니다.
4.수강방법
가. u-SAINT 접속 후 우측 상단의 링크-스마트캠퍼스 클릭
나.
또는
직접접속(http://myclass.ssu.ac.kr) 후 비교과과정의 수강강좌에서 수강
5.
평가비율 및 수료기준
:
수업진도
90%
이상 진행되어야만 수료
※
학습이수현황에서
6
개의 콘텐츠의 체크여부로 확인할 수 있으며
, 6
개의 콘텐츠를 모두
수강해야 진도율
90%
이상을 달성할 수 있습니다
.
○ 담당자 : 일반대학원 교학팀 김경찬 (02-820-0253)
붙임 :
1.2021학년도 1학기 연구윤리 교육 신청자 명단 양식 1부
2.연구윤리 수강 매뉴얼 1부. 끝."
biomedical_science,2021학년도 1학기 학생증(스마트카드) 내국인 추가발급 일정 안내,N/A,2021.03.09,https://bioinfo.ssu.ac.kr/%ea%b2%8c%ec%8b%9c%ed%8c%90/%ea%b3%b5%ec%a7%80%ec%82%ac%ed%95%ad/?term_id&slug=2889,"가. 학생증 발급일정
구분
기간
비고
신청기간
03.11(목) ~ 14(일)
(전일)
– 우리은행 모바일앱 ‘위비뱅크’로 신청
* 업로드용 사진파일 준비
* 관련 공지 페이지 :
https://bit.ly/389dJOM
* 앱 신청 안내 동영상:
https://youtu.be/ngL-W9OOcC8
교부기간
04.01(목)~09(금)
(09~16시)
– 우리은행 숭실대지점(신양관 1층) 방문
– 신분증 지참 필수
– 공휴일 제외
– 교부기간 후 수령은 우리은행 숭실대지점 문의
(02-826-4522)
나. 안내사항
1) 본 추가발급은 내국인 대상으로 외국인 유학생은 학생서비스팀(학생회관 504호)에서 신청 가능함(신분증 필참)
2) 재발급 신청 : 학생서비스팀(학생회관 504호)에서 신청(신분증 필참, 발급 수수료 없음)
3) 학생증 발급 관련 문의
* 학생서비스팀 : 02)820-0065,0067
* 우리은행 숭실대지점 : 02)826-4522"
biomedical_science,[대학원]논문작성자를 위한 카피킬러 고객센터 및 원격지원사용 안내,N/A,2021.03.04,https://bioinfo.ssu.ac.kr/%ea%b2%8c%ec%8b%9c%ed%8c%90/%ea%b3%b5%ec%a7%80%ec%82%ac%ed%95%ad/?term_id&slug=2815,"1.논문표절검사를 위한 카피킬러는
논문작성자를 위해 본교에서 해당 업체와 계약을 체결
하고
비용을 지불하는 서비스 입니다
.
2.
카피킬러접속방법 및 안내
/
원격지원 서비스 연락처
가
. u-saint
로그인
●
로그인 및 환경설정 문제 발생 시
: 02-820-0067~8 (Help Desk)
나
. u-saint
로그인 후 카피킬러 접속 경로
●
u-saint
로그인 후
→
홈
→
메인
→
QUICK LINK
→
‘
카피킬러
‘
클릭
다
.
카피킬러 사용매뉴얼
●
카피킬러 웹페이지에
‘
사용매뉴얼
‘
이
EBOOK
으로 탑재되어 있음
라
.
카피킬러 사용 문의 전반
●
카피킬러 고객센터
: 1588-9784 (
평일
9:00~18:00)
●
카피킬러 문의 이메일
:
help@copykiller.com
마
.
원격지원
카피킬러 웹페이지 내 탑재되어 있음
[캡쳐 화면]
라
.
카피킬러 활용법
,
인용
/
출처 표기법
,
출처생성기
,
중복개제 예방법
●
카피킬러 웹페이지에 탑재되어 있음
[캡쳐 화면]
끝."
biomedical_science,2021학년도 1학기 국가 및 교내 장학금 신청,N/A,2021.03.04,https://bioinfo.ssu.ac.kr/%ea%b2%8c%ec%8b%9c%ed%8c%90/%ea%b3%b5%ec%a7%80%ec%82%ac%ed%95%ad/?term_id&slug=2809,"가. 2021학년도 1학기 국가장학금 2차 신청 안내
1) 신청대상:  신·편입생, 재입학생, 복학생, 1차 미신청 재학생＊
＊재학생은 1차 신청이 원칙이나, 재학 중 2회의 한하여 구제신청서에 공인인증서 서명완료 시 재심사 후 지원가능
2) 신청기간: 2021.02.03(수) ~ 2021.03.16(화) 18시까지
3) 신청방법: 한국장학재단 홈페이지 및 모바일 앱에서 신청 가능
4) 문의처: 한국장학재단 콜센터 1599-2000
※ 국가장학금 신청한 학생에 한하여 교내장학금 수혜 가능합니다.
나. 2021학년도 1학기 교내장학금 신청 안내
1) 신청대상: 신·편입생, 재입학생, 복학생, 재학생
2) 자격요건
가) 2021-1학기 국가장학금을 신청하고 서류제출(가구원 동의 포함)을 완료한 자
나) 2021-1학기 신입생, 편입생, 복학생, 재입학생, 재학생으로 등록금 납부 예정인 자
※ 2021-1학기 전 등록휴학 후 복학생은 모든 장학금 선발에서 제외(등록대체)
※ 미등록, 입학취소, 복학취소 등으로 인한 학적변동 시 모든 장학금 취소
다) 직전학기 15학점 이상 이수한 자
※ 2021-1학기가 마지막 정규학기인 경우 직전학기 12학점 이상
라) 등록 8학기 이내인자(건축학과 건축학전공: 등록 10학기 이내인 자)
3) 온라인신청 및 서류제출기간: 2021.03.02(화) 10:00 ~ 2021.03.16(화) 17:00
4) 신청방법: 온라인 신청(유세인트 로그인 – 등록/장학 – 장학 – 장학금 신청)
※
자세한 사항은 숭실대학교 홈페이지
‘
장학
‘
공지사항을 참고하여 주시기 바랍니다
."
biomedical_science,[대학원]2021학년도 1학기 대학원 학위논문 일정 및 진행 안내,N/A,2021.03.04,https://bioinfo.ssu.ac.kr/%ea%b2%8c%ec%8b%9c%ed%8c%90/%ea%b3%b5%ec%a7%80%ec%82%ac%ed%95%ad/?term_id&slug=2802,"2021학년도 1학기 대학원 학위논문 일정을 아래와 같이 안내하오니, 일정 및 세부사항을 확인해 주시기 바랍니다.
○ 본 일정 및 진행 안내 공문은 학기 내 진행되는 대학원 학위논문 전체 일정에 대한 안내입니다.
○ 각 일정이 도래하면 세부 안내도 사전에 진행될 예정입니다.
○ 관련 규정은 ‘학칙시행세칙(대학원) 제4장 학위논문’ 입니다. [붙임17]
[논문 진행 순서]
시기
3/17-19
3/15 – 3/26
4/5 – 4/16
4/19-21
4/19-5/28
6/23-24
순서
수료생
연구등록
(
논문등록
)
공개발표
심사위원
구성
가제본
,
카피킬러
검사결과 제출
심사비
납부
최종심사
논문완본
학생
등록비납부
(재학생은
등록금납입시
지도비납부)
논문
공개발표
(연구윤리
준수확인서
제출)
논문가제본
제출,
카피킬러 검사결과
‘상세보기’
제출
심사비
납부
최종심사
완본제출
각
학과
대상자
등록 지도
결과보고,
심사위원
추천
가제본제출
지도,
카피킬러
검사결과
제출 지도
심사비
납부 지도
최종심사
결과 보고
제출지도
대학원
등록자명단
학과송부,
준비지도/
등록비 관리
공개발표
결과 및 심사위원 관리
카피킬러
캠퍼스
사용 준비
심사비
관리
심사결과 관리,
심사비,
지도비
지급 준비
완본
접수,
결과관리
1.논문발표 및 심사대상
4학기 재학생 및 수료생(영구수료해제자 포함) 연구등록자로  아래 ‘가~바’ 사항을 모두 충족 시킨 자
가. 학점 취득자
1) 석사
24학점 이상 취득(예정)
2) 박사
36학점 이상 취득(예정)
3) 석·박사통합
60학점 이상 취득(예정)
※ 중복과목은 제외함
※ 선수과목, 추가학점 지정자는 선수과목 이수 및 추가학점 취득이 필요함
나. 종합시험 합격자
1) 논문진행 학기 응시자도 가능하나, 불합격 시 논문 제출이 불가함
2) 2021학년도 1학기 종합시험 시행결과는 3월 17일(수) 발표 예정임
3) 종합시험 시행결과를 참고하여 학위논문 발표자격 최종 확인해야 함
다. 연구윤리교육 이수(예정)자
1) 대학원에서 지정한 연구윤리교육을 이수한 자 또는 이번 학기 이수 예정자
2) 2021-1학기 연구윤리교육은 5월(1차), 6월(2차)에 개설될 예정임 (추후 안내 예정)
라. 논문지도교수를 배정 받고 논문지도를 받은자(논문작성학기 포함)
1) 석사과정
논문지도교수를 배정받고 2개학기 이상 논문지도를 받은자
(논문 작성 학기 포함)
2) 박사 및 석·박사통합과정
논문지도교수를 배정받고 3개학기 이상 논문지도를 받은자
(논문 작성 학기 포함)
마. (외국인) 한국어 능력 기준을 갖춘 자
※ 공개발표 결과보고서 제출 이전까지 TOPIK 4급 이상 취득하고 증빙 제출 한 경우,
연구실적을 근거로 주임교수 명의의 TOPIK 면제 추천이 공문으로 제출된 경우에만 논문
진행이 가능함
바. (박사 및 석․박사통합과정) 학칙시행세칙(대학원)제30조의 연구실적을 충족한 자
※ 공개발표 결과보고서 제출 시, 연구실적 게재가 완료되어야만 논문 진행이 가능함
2.논문공개발표 및 공개발표 결과보고
가. 기간 : 2021년 3월 15일(월) ∼ 3월 26일(금)
나. 공개발표 방법 : 논문지도교수 · 주임교수 · 학과교수 참석 하에 질의 응답 진행
다. 공개발표 결과보고 제출사항
1) 공개발표결과보고서[붙임1]
: 학과에서 취합하여 기간 내 대학원으로 오프라인 제출
2) 연구윤리준수확인서[붙임2](공개발표 결과 합격자만 해당)
: 학과에서 취합하여 기간 내 대학원으로 오프라인 제출
3.논문심사위원 추천(공개발표 결과보고서 제출시, 합격자만 해당)
가. 기간 : 2021년 3월 15일(월) ∼ 3월 26일(금)
나. 심사위원
1) 석사학위과정 : 3명 (외부 심사위원 위촉 시 1명까지 가능)
2) 박사학위과정 : 5명 (외부 심사위원 1명 이상 반드시 포함 필요)
※ 학위과정별 심사위원 위촉 인원(석사 3명, 박사 5명은 반드시 준수)
※ 교내 근무자는 모두 내부심사위원으로 구분됨
다. 심사위원 추천 제출사항
1) 공개발표결과 및 심사위원명단 제출양식(EXCEL)[붙임3]
– 학과에서 취합된 공개발표 결과보고서를 기준으로 제출양식 엑셀파일을 작성 및 첨부하여
기간 내 대학원으로 공문 발송
2) 심사위원명단[붙임4, 붙임5]
가) 학과에서 취합하여 기간 내 대학원으로 오프라인 제출
나) 직전학기 최종심사 연기자도 심사위원 명단 제출(완본 연기자는 제출하지 않음)
4.가제본 및 카피킬러 검사결과 ‘상세보기’ 제출
가. 기간: 2020년 4월 5일(월)~ 4월 16일(금)
나. 대상: 공개발표에 합격하여 최종심사 대상이 된 자
다. 가제본 제출
구분
석사과정
박사과정
비고
가제본 제출
[별도 양식 없음]
3부
5부
학과 주임교수 및 지도교수 확인 후
각 심사위원에게 직접 제출
※
교학팀 제출 불필요함
카피킬러 검사결과
‘
상세보기
‘
제출
[
붙임
6]
참조
3부
5부
[
붙임
6]
의 연구윤리 확보를 위한 논문검사
서비스 안내’파일의 pg.4 참조하여 지도교수
확인 후 심사위원에게 제출
5.심사비 납부
가. 기간 : 2021년 4월 19일(월)~ 4월 21일(수)
나. 대상 : 공개발표에 합격하여 최종심사 대상인 자
다. 심사비 납부 : 납부 방법은 추후 대학원 홈페이지 공지 등 안내 예정
6.최종심사 결과보고
가. 기간 : 2021년 4월 19일(월)~ 5월 28일(금)
나. 최종심사 결과보고 제출사항
1) 최종심사결과 제출양식(EXCEL)[붙임7]
: 학과에서 취합된 심사 결과보고서를 기준으로 제출
양식 엑셀파일을 작성, 첨부하여 기간 내 대학원으로 공문발송
2) 제출서류 : 학과에서 취합하여 기간 내 대학원으로 오프라인 제출
가) 석사학위과정 : 석사학위청구논문 심사 결과보고서[붙임8], 심사요지서[붙임10]
나) 박사학위과정 : 박사학위청구논문 심사 결과보고서[붙임9], 심사요지서[붙임10],
박사학위청구논문 심사 일지(2차)[붙임11],
박사학위청구논문 심사 일지(3차)[붙임12],
박사학위청구 논문 심사결과 투표용지(5매)[붙임13]
7.논문완본 제출
가. 기간 : 2021년 6월 23일(수) ∼ 6월 24일(목) (2일간) [붙임14, 붙임15, 붙임16]
나. 2020년 6월 중 학위논문 파일을 본교 중앙도서관 홈페이지에 업로드 후 저작권 동의서를 출력
하여 논문완본과 함께 제출 (관련 세부 사항은 추후 별도 안내 예정임)
8.관련 규정 : 학칙시행세칙(대학원) 제4장 학위논문 [붙임17]
○ 담당 : 일반대학원 교학팀 김경찬 (02-820-0253)
붙 임
1.공개발표결과보고서 1부
2.연구윤리준수확인서 1부
3.공개발표결과 및 심사위원명단 제출양식(EXCEL) 1부
4.석사학위청구논문 심사위원명단 1부
5.박사학위청구논문 심사위원명단 1부
6.연구윤리 확보를 위한 논문검사 서비스 안내 1부
7.최종심사결과 제출양식(EXCEL) 1부
8.석사학위청구논문 심사 결과보고서 1부
9.박사학위청구논문 심사 결과보고서 1부
10.심사요지서(석,박사) 1부
11.박사학위청구논문 심사 일지(2차) 1부
12.박사학위청구논문 심사 일지(3차) 1부
13.박사학위청구논문 심사결과 투표용지 1부
14.학위논문양식(국문)(인준서 포함) 1부
15.학위논문양식(영문)(인준서 포함) 1부
16.학위논문 작성을 위한 필수 안내서 1부
17.학칙시행세칙(대학원) 제4장 학위논문 1부. 끝."
biomedical_science,[대학원]외국인 유학생(D-2) 국민건강보험 당연가입 시행 및 본교 유학생보험제도 안내(환불 안내 포함),N/A,2021.03.03,https://bioinfo.ssu.ac.kr/%ea%b2%8c%ec%8b%9c%ed%8c%90/%ea%b3%b5%ec%a7%80%ec%82%ac%ed%95%ad/?term_id&slug=2786,"외국인 유학생(D-2) 국민건강보험 당연가입 시행  및 본교 유학생보험제도 안내(환불 안내 포함)
<목차>
1. [ 국민건강보험 ]
2. [ 숭실대학교 유학생보험 ]
3. [ 숭실대학교 유학생보험료 환불 ]
4. [ 국민건강보험가입자의 숭실대학교 유학생보험 추가 가입 ]
5. [ 수료생의 숭실대학교 유학생보험 추가 가입 ]
1.[ 국민건강보험 ]
대한민국 국민건강보험법 개정에 따라 2021년 3월 1일부로 외국인유학생은 국민건강보험에 당연가입되게 됩니다.
가. 관련 : 국민건강보험법 제 109조(외국인 등에 대한 특례) 제 3항 1조
나. 대상 : 외국인 유학생(D-2)
다. 시행일 : 2021년 3월 1일
라. 공지사항 :
공지사항 – 일반대학원 (ssu.ac.kr)
마. 국민건강보험공단에서는 보험료를 납부하지 않으면, 비자연장이 제한되고, 보험혜택이 제한되며, 강제징수한다고 합니다.
바. 세부문의는 국민건강보험공단으로 해주시기 바랍니다.
1) 국민건강보험공단 :
https://www.nhis.or.kr/english/index.do
2) 국민건강보험공단 외국인민원센터 : 1577-1000 (외국어서비스단축번호 7번)
3) 외국어상담가능(영어, 중국어, 베트남어, 우즈베크어) : 033-811-2000
4) 서울외국인민원센터 : 서울 구로구 새말로 97, 신도림테크노마트 업무동 3층
사. 붙임의 ‘외국인 유학생 건강보험 당연적용 안내(보건복지부)’, ‘외국인 건강보험 홍보 리플릿(국민건강보험공단)’을 꼭 확인하시기 바랍니다.
2.[ 숭실대학교 유학생보험 ]
유학생보험가입은 한국 교육부 및 법무부에서 정한 사항으로 한국에서 수학 중인 외국인유학생의 의무로 본교 규정에도 명시되어 있습니다. 따라서 숭실대학교에 재학 중인 모든 외국인 유학생들은 유학생보험에 반드시 가입하셔야 합니다.
가. 외국인등록에 통상 3개월 정도 소요되어, 한국에 입국하는 유학생의 경우 3개월 정도의 보험가입 공백 기간 발생
나. 국민건강보험으로는 실제 치료비의 일부만 보장
다. 외국인 유학생은 모두 매 학기 등록시에 유학생보험료(77,000원)를 납부하고 가입되게 됩니다.
라. 보험료 청구 방법 : 보험사로 연락하여 청구하셔야 합니다.
1) 전화 : 02-2264-4900 / 팩스 : 02-6442-4905 / 웹사이트 :
www.dbinsu.net
/ 이메일 : master@dbinsu.net )
2) 유학생보험 안내문(2021 ssu foreigner insu-info) 및 청구양식(2021 ssu claim form)을 읽고 확인하시기 바랍니다.
3.[ 숭실대학교 유학생보험료 환불 ]
국민건강보험가입자(국민건강보험자격득실확인서 제출), 또는 타보험가입자는 숭실대학교 유학생보험료 환불을 신청할 수 있습니다.
가. 환불신청 가능자 : 국민건강보험가입자, 타보험가입자
나. 국민건강보험 가입자의 환불신청 방법
1) 2021년 4월 1일(화)까지 아래의 서류를 방문제출(웨스트민스터홀 658호)
* 아래의 서류를 모두 준비해서 제출해 주셔야 합니다. 서류가 부족하면 접수가 불가능 합니다.
2) 국민건강보험자격득실확인서(국민건강보험공단에서 2021년 3월 1일 이후에 발급된 건만 인정됩니다.)
3) 외국인등록증 앞면, 뒷면 사본
4) 환불받을 은행 통장 사본
다. 타보험 가입자의 환불신청 방법
1) 2021년 4월 1일(화)까지 아래의 서류를 방문제출(웨스트민스터홀 658호)
* 아래의 서류를 모두 준비해서 제출해 주셔야 합니다. 서류가 부족하면 접수가 불가능 합니다.
2) 다른 사보험 보험증서(보장범위가 기재되어야 함)
3) 외국인등록증 앞면, 뒷면 사본
4) 환불받을 은행 통장 사본
4.[ 국민건강보험가입자의 숭실대학교 유학생보험 추가 가입]
국민건강보험가입자는 숭실대학교 유학생보험을 46,000원에 가입이 가능합니다. (보장내용은 77,000원인 유학생보험과 다릅니다. – 붙임의 ’21대학원생 담보 안내’를 읽어보시기 바랍니다.)
가. 대상자 : 국민건강에 가입했으며, 숭실대학교 유학생보험을 추가로 가입하고자 하는 외국인유학생
나. 처리방법 : 아래와 같이 신청서류를 제출하면 등록시 납부한 77,000원에서 46,000원을 제외한 31,000원이 환불되며, 숭실대학교 유학생보험에 추가로 가입되게 됩니다.
다. 신청방법
1) 2021년 4월 1일(화)까지 아래의 서류를 방문제출(웨스트민스터홀 658호)
* 아래의 서류를 모두 준비해서 제출해 주셔야 합니다. 서류가 부족하면 접수가 불가능 합니다.
2) 국민건강보험을 가입했으나, 숭실대학교 유학생보험로 추가로 가입하고 싶다는 신청서(자유양식)
* 신청서 기재사항 : 학번, 성명, 학과, 내용(예시 : 국민건강보험을 가입했고 숭실대학교 유학생보험을 추가로 가입싶습니다.), 본인 서명, 날짜
3) 국민건강보험자격득실확인서(국민건강보험공단에서 2021년 3월 1일 이후에 발급된 건만 인정됩니다.)
4) 외국인등록증 앞면, 뒷면 사본
5) 환불받을 은행 통장 사본
5.[ 수료생의 숭실대학교 유학생보험 추가 가입 ]
외국인유학생 수료생도 국민건강보험 당연가입자 입니다. 국민건강보험가입자는 숭실대학교 유학생보험을 46,000원에 가입이 가능합니다. (보장내용은 77,000원인 유학생보험과 다릅니다. – 붙임의 ’21대학원생 담보 안내’를 읽어보시기 바랍니다.)
가. 대상자 : 국민건강에 가입했으며, 숭실대학교 유학생보험을 추가로 가입하고자 하는 외국인유학생 수료생
나. 처리방법 : 아래와 같이 신청서류를 제출하면 46,000원에 숭실대학교 유학생보험에 추가로 가입할 수 있습니다.
다. 신청방법
1)
보험사
(DB
손해보험
)
로
수료생
개인이
직접
가입
신청
2)
신청기간
: 2021
년
4
월
23
일까지
3)
전화 : 02-2264-4900
/
팩스 : 02-6442-4905
/
웹사이트
:
www.dbinsu.net
/
이메일 :
master@dbinsu.net
)
4)
유학생보험 안내문(
2021 ssu foreigner insu-info
) 및 청구양식(
2021 ssu claim form
)을
읽고
확인하시기
바랍니다
."
biomedical_science,[대학원]2021-1학기 재학생 RA 장학금 신청 대상자 제출 서류 안내(RA신청자만 해당!),N/A,2021.03.03,https://bioinfo.ssu.ac.kr/%ea%b2%8c%ec%8b%9c%ed%8c%90/%ea%b3%b5%ec%a7%80%ec%82%ac%ed%95%ad/?term_id&slug=2757,"2021-1학기 재학생 RA 장학금 신청 대상자 제출 서류 안내드립니다.
RA 장학금만 신청하신 분만 해당됩니다.
(첨부 파일 명단 및 제출 현황 확인, 교육연구조교와 RA를 둘다 신청한 분은 해당 사항 없음.)
※ 제출서류_ 원본 제출
1.개인정보수집이용동의서
2.주민등록등본(or 가족관계증명서)
3.소득증명서류
-미혼자: 본인과 부모
-기혼자: 본인과 배우자
* 자세한 내용은 첨부파일 참조
※ 제출기한: ~2021. 3. 18(목)까지
※ 제출장소: 벤처관 713호(의생명시스템학부 사무실)
* 취합 후 일괄 제출"
biomedical_science,[대학원]2021-1학기 종합시험 안내,N/A,2021.02.26,https://bioinfo.ssu.ac.kr/%ea%b2%8c%ec%8b%9c%ed%8c%90/%ea%b3%b5%ec%a7%80%ec%82%ac%ed%95%ad/?term_id&slug=2636,"대학원 2021-1학기 종합시험 안내드립니다.
시험방법:  온라인
시험일시:     3월 5일(금)  15시
*자세한 사항은 추후 공지하겠습니다."
biomedical_science,[대학원]2021학년도 1학기 수료생 논문등록(연구등록) 안내,N/A,2021.02.26,https://bioinfo.ssu.ac.kr/%ea%b2%8c%ec%8b%9c%ed%8c%90/%ea%b3%b5%ec%a7%80%ec%82%ac%ed%95%ad/?term_id&slug=2624,"2021학년도 1학기 수료생 논문등록(연구등록) 일정 및 방법을 안내합니다.
1. 등록대상
가. 수료생중 연구등록 자격을 갖춘 자로서 2021학년도 1학기 논문제출 예정자
나. 재학생은 해당없음
* 단, 해당학기 논문제출 예정인 학점등록생-석/박사 5학기 이상, 석박사통합 9학기 이상 재학생- 및 학석사연계과정 2학기생은 등록대상임
2. 등록자격
가. 수료생(영구수료 해제자 포함)
나. 외국어 및 종합시험 합격자(이번학기 응시자도 가능하나 불합격시 논문제출 불가, 등록비 환불 불가)
다. 논문지도교수를 배정 받고 석사과정은 2개학기, 박사 및 석박사통합과정은 3개학기 이상 논문지도를 받은 자
3. 등록기간 : 2021년 3월 17(수) ~ 3월 19(금), 9:00 ~ 16:00 (은행영업시간 내)
4. 등록금액
가. 석사 : 80,000원
나. 박사, 석박통합 : 120,000원
5. 등록방법
가. 등록기간 내 u-Saint에 로그인하여 ‘등록/장학_기타수납금출력’ 메뉴에서 계좌확인 후 입금 (3월 17일(수) 부터 확인 가능)
※ 고지서가 보이지 않을 경우, u-Saint에 접속하여 로그인하기 전 오른쪽 상단에 ‘u-Saint FAQ 최적화안내‘ 를 확인하여 인터넷 환경을 점검한 후 고지서를 다시 확인하시기 바랍니다.
6. 기타
가. 논문등록비 납부 확인은 u-Saint 로그인하여 등록/장학_등록금납입이력조회 메뉴에서 납부 다음날부터 확인이 가능합니다.
나. 논문등록증명서는 수료생 논문등록비를 납부한 학생에 한하여 납부 다음날부터 발급이 가능합니다.
1) 발급방법
가) u-Saint로그인 후 인터넷증명발급 이용하여 발급
나) 교내 진리관 1층 및 신양관 1층 발급기 이용하여 발급
2) 연구과제 참여 시 인건비 지급을 위해 필요하며, 관련해서는 연구지원팀으로 문의해 주시기 바랍니다.
3) u-Saint 로그인 문제는 고객서비스팀(02-820-0067~8)으로 문의해 주시기 바랍니다.
2021. 02.
대 학 원 장"
biomedical_science,[대학원]2021학년도 1학기 대학원 사물함 이용 안내,N/A,2021.02.26,https://bioinfo.ssu.ac.kr/%ea%b2%8c%ec%8b%9c%ed%8c%90/%ea%b3%b5%ec%a7%80%ec%82%ac%ed%95%ad/?term_id&slug=2622,"신청기간: 2021. 3. 15. (월) ~ 2021. 3. 19. (금)
철거기간: 2021. 3. 22. (월) ~ 2021. 3. 26. (금)
사용자격: 재학생 및 수료생 중 논문학기중인 자
신청방법: 이메일 (ssugrad.locker21@gmail.com)로 사물함 이용 동의서 제출
※ 사물함 관련 문의는 이메일으로 하며 담당자가 수시로 확인하여 회신합니다.
사물함 위치: 웨스트민스터홀 4,5,6층, 조만식 기념관 5층, 중앙도서관 박사열람실
이용료: 사용료 학기당 5,000원 (자물쇠 개인 구입), 보증금 5,000원(사물함 반납 확인 후 반환)
이용기간 : 2021년도 1학기(2021년도 2학기 시작 전까지)
사용연장: 신청기간 연장신청을 통해 3회까지 연장 가능. 최대 사용기한 후에는 사물함 관리규정에 따라 처리함.
무단 사용 시 사물함 관리규정에 따라 처리함."
biomedical_science,[대학원]2021학년도 1학기 논문지도교수 위촉 및 변경 안내(3월 10일까지),N/A,2021.02.25,https://bioinfo.ssu.ac.kr/%ea%b2%8c%ec%8b%9c%ed%8c%90/%ea%b3%b5%ec%a7%80%ec%82%ac%ed%95%ad/?term_id&slug=2599,"2021학년도 1학기 석사·박사과정의 논문지도교수 위촉 및 변경을 다음과 같이 안내합니다.
1.대상
가. 논문지도교수 위촉
1) 논문지도교수를 위촉하지 않은 모든 학생
2)
석사
3
학기
,
박사
2
학기 학생 중 지도교수 미위촉된 학생 필수 위촉
3) 논문지도교수 위촉 및 변경 시 교수 1인당 박사 및 석박사통합과정 논문지도 학생(재학생)수 _6명 기준 제한
※
학내외에서 본교 박사학위 논문의 질과 관련 문제 제기 및 우려가 있으며
,
교육부의 논문
지도 및 심사 지침 강화 및 대학원운영위원회 결의에 따라 논문 지도 학생을
6
명까지 제한하오니 적극 고려하여
주시기 바랍니다
.
(
교수
1
인당 적정 논문지도 학생수
: EUA 4~6
명
,
영국은 통상적으로
6
명으로 규정하고 있음
)
※ 단, 각 학과의 사정으로 인해 부득이 교수 1인당 지도학생수(박사 및 석박사통합과정) 6명을 초과하는 경우 사유서를 공문에 첨부하여 제출해 주시기 바랍니다.
나. 논문지도교수 변경
1) 기 위촉한 논문지도교수를 변경하고자 하는 학생
다. 2021-1학기 신입 외국인유학생
1)
신입생 외국인유학생의 학교 생활에 잘 적응할 수 있도록
1
학년
1
학기에 지도교수를 위촉
하여 주시기 바랍니다.
2.제출서류
가.
논문 지도교수 위촉
1) 논문 지도교수 위촉 및 변경 양식
[
붙임
1]
: 엑셀파일. 작성하여 공문에 첨부
2) 논문 지도교수 배정서
[
붙임
2]
: 한글파일. 스캔하여 공문에 첨부 (학과별, 교수별 작성)
나.
논문 지도교수 변경
1) 논문 지도교수 위촉 및 변경 양식
[
붙임
1]
: 엑셀파일. 작성하여 공문에 첨부
2) 논문 지도교수 변경 신청서
[
붙임
3]
: 한글파일. 스캔하여 공문에 첨부 (학생별 작성)
[제출서류표]
구분
공통 제출서류
제출서류
비고
논문 지도교수 위촉
논문 지도교수 위촉
및 변경 양식
[
붙임
1]
논문지도교수 배정서
[
붙임
2]
학과별, 교수별 작성
논문 지도교수 변경
논문지도교수 변경 신청서
[
붙임
3]
학생별로 작성
3.
제출 기간 및 장소
: 3
월
10
일 수요일까지 학과 사무실
(
벤처관
713
호
)
제출
4.제출 방법 :
학과에서 취합하여 공문으로 발송
5.기타
석사과정은 2개 학기, 박사 및 석박통합과정은 3개 학기 이상 논문지도비를 납부하고, 논문지도를 받아야 논문 작성 및 제출이 가능하오니 논문 작성 일정에 차질이 발생하지 않도록 안내하여 주시기 바랍니다.
1. 관련 규정 : 숭실대학교 학칙시행세칙(대학원) 제 4장 제33조 및 제34조
제 33조(논문지도교수 배정)
① 일반대학원 각 과정의 학생은 1차 또는 2차 학기 중에 논문 지도교수를 배정받아야 한다.<개정 2016. 8. 19.>
제 34조(일반대학원의 논문지도교수 위촉 및 교체)
① 대학원장은 주임교수의 추천을 받아 논문지도교수를 다음과 같이 위촉한다.<개정 2011. 2. 25>
1.
학생의 전공분야와 동일한 본교 정년직 전임교원
<개정 2009. 4. 13., 2016. 8.19>
2. <삭제 2016. 8. 19.>
3. 제1호에도 불구하고 필요하다고 인정되는
비정년직 전임교원
<개정 2011. 2. 25, 2016, 8. 19>
② 논문지도교수가 질병, 유학 등 부득이한 사유로 학생의 지도가 불가능할 때에는 학과 주임교수를 경유하여 대학원장의 승인을 얻어 교체할 수 있다.
③ 논문지도교수를 위촉 또는 교체할 때 학생의 전공분야와 동일한 교수가 본교에 없을 경우는 위의 자격을 갖춘 타교의 교수로 할 수 있다.
④ 제1항 내지 제3항에도 불구하고 부득이한 경우에 한하여, 명예교수 및 퇴직한 교수가 재직시 지도하던 학생에 대하여 계속 지도하게 할 수 있다.
붙임 :
논문지도교수 위촉 및 변경양식(EXCEL) 1부
논문지도교수 배정서 1부
논문지도교수 변경 신청서 1부.  끝."
biomedical_science,2021학년도 1학기 국가장학금 2차 신청 안내,N/A,2021.02.25,https://bioinfo.ssu.ac.kr/%ea%b2%8c%ec%8b%9c%ed%8c%90/%ea%b3%b5%ec%a7%80%ec%82%ac%ed%95%ad/?term_id&slug=2593,"2021학년도 1학기 국가장학금 2차 신청기간을 다음과 같이 안내합니다.
신청매뉴얼을 참고하여 기한 내 신청 바랍니다.
.
1. 신청일정: 2021.2.3(수) ~ 2021.3.16(화) 18시 (총 42일간)
.
2. 서류제출 및 가구원 동의: 2021.2.3(수) ~ 2021.3.18(목) 18시
.
3. 신청대상:
신입생
, 편입생, 재입학생, 복학생 및
1차 신청을 놓친 재학생
*
* 재학생은 국가장학금 1차 신청이 원칙이며, 2차 신청한 재학생은 심사단계에서 탈락(사유: 신청기간 미준수)
* 재학생은 1차 신청이 원칙이나, 재학 중 2회의 한하여 구제신청서에 공인인증서 서명완료 시 재심사 후 지원가능
(
단, 구제신청 기회 2회 기사용 또는 기타 탈락사유 존재 시 지원 불가
)
* 신•편입학
첫학기만 학적구분 ‘학부 신•편입생’으로 신청
,
두번째 학기부터는 ‘학부 재학생’으로 신청
* 신입생
은 학생
본인 및 가구원
(부모 혹은 배우자)의
공동인증서
를
반드시 준비
.
4. 신청방법: 한국장학재단 홈페이지와 모바일 앱을 통한 신청가능(첨부파일 참조)
.
5. 기타 안내사항
□ 2차 신청기간에 신청한 경우, 국가장학금 신청 시 입력한 본인명의계좌로 학기중에 지급됩니다.
–  한국장학재단, 공무원연금공단, 국군재정관리단 학자금 대출이 있는 경우 대출상환으로 처리
–  분할납부자는 등록금 완납 후 지급 가능
□ 이수학점 및 성적 기준
– 이수학점 : 직전학기 12학점 이상 (※ 졸업학기의 경우, 직전학기 이수학점 기준 미적용)
– 산술평균 80점 이상
※ 기초생활수급자/차상위계층, 장애학생 등 예외적용 대상자는 한국장학재단 업무처리기준에 따름
※ 직전학기 성적이 모두 P/F인 경우, 산출 가능한 가장 최근학기 성적 적용
□ 국가장학금 1유형 신청 시, 국가장학금 2유형도 연동되어 심사됩니다.
– 1유형 : 소득분위별 한국장학재단 지정금액 지급
– 2유형 : 소득분위별 교내기준에 따라 지정금액 지급
– 국가장학금 1유형 탈락 시, 국가장학금 2유형도 탈락
□ 국가장학금 1유형 신청 결과 확인 된 소득분위 자료는 교내 비전장학금 심사에 활용됩니다.
– 비전장학금 : 국가장학금과 연계하여 본교에서 지급하는 교내장학금 (※소득분위 1~8분위 대상)
– 국가장학금 미 신청 시, 비전장학금 선발 불가 (※교내장학금 신청 공지 참조)
□ 국가장학금 지급 이후 휴학 등으로 재학하지 않는 경우, 장학금이 취소됩니다.
– 국가장학금 수혜 횟수에 포함되지 않음
– 복학 시, 국가장학금 및 교내장학금을 다시 신청해야 합니다.
□ 중복지원
–
학자금 대출 + 장학금 총액이 등록금(수업료+입학금)을 초과하는 경우 ‘중복지원’에 해당됨
___(※근로장학금, 포상장학금, 교육지원장학금 등 등록금 지원 목적이 아닌 학업장려비 성격 장학금은 제외)
– 중복지원 일 경우 한국장학재단 국가장학금 및 학자금대출 이용 불가
– 학자금 대출을 상환하거나 장학금을 반환해야 중복지원 해소 가능
□ 여러 장학금을 동시에 받는 경우, 외부장학금과 국가장학금이 우선 적용됩니다.
– 우선순위 : 외부장학금 > 국가장학금 > 교내장학금
.
6. 문의처
– 한국장학재단 콜센터
1599-2000
– 학생처 장학팀 02-820-0167(국가장학 관련 문의)"
biomedical_science,"2021학년도 1학기 교내장학금 신청 시행 안내(재학생, 신입생, 편입생, 복학생, 재입학생)",N/A,2021.02.25,https://bioinfo.ssu.ac.kr/%ea%b2%8c%ec%8b%9c%ed%8c%90/%ea%b3%b5%ec%a7%80%ec%82%ac%ed%95%ad/?term_id&slug=2585,"2021학년도 1학기 재학생, 신입생, 편입생, 복학생, 재입학생 대상 교내장학금 신청 시행을 다음과 같이 안내합니다.
1.
교내장학금 자격요건
가. 2021학년도 1학기 국가장학금 신청/서류제출을 완료하고 소득분위가 조회된 자
나. 2021학년도 1학기 재학 및 복학(예정)자로 등록금 납부 예정인 자
1) 2021학년도 1학기 前 등록휴학 후 복학시 장학생 선발대상에서 제외
2) 미등록, 입학취소, 복학취소, 휴학 등 학적변동 시 모든 장학금 취소
다. 직전학기 15학점 이상 이수한 자(최종 직전학기는 12학점)
라. 등록학기가 8학기 이내인 자(건축학부 건축학전공은 10학기 이내)
2.
신청절차
가. 온라인 신청기간 및 서류제출기간
1) 정규신청: 2021년 3월 2일(화) 10:00 ~ 3월 16일(화) 17:00까지
2) 추가신청: 2021년 3월 23일(화) 10:00 ~ 3월 26일(금) 17:00까지
나. 학생 신청방법: u-SAINT포털 – 등록/장학 – 장학메뉴 – 장학금 신청
다. 학생 서류제출: 온라인 신청기간 내 방문 및 등기우편제출 가능(세부내용 붙임 파일 참조)
3.
장학금 관련 부서
가
.
학생 선발
장학금명
관련부서
협조사항
국제교류장학금
국제처 국제팀
1. 온라인 신청없음(학생문의응대 협조)
2. 부서 장학생 추천
특기자장학금(축구)
학생처 학생서비스팀
특기자장학금(골프)
스포츠학부
장애학생장학금
장애학생지원센터
목사자녀장학금
교목실 학원선교팀
1. 학생 온라인신청 및 서류제출
2. 부서 장학생추천
고시합격자장학금
경력개발센터 고시시원실
다
.
장학생 추천
기한
: 2021.3.31(
수
)
까지 공문발송
붙임:
1. 2021학년도 1학기 교내장학금(재학생, 신입생, 편입생, 복학생, 재입학생) 신청공고 1부.
2.장학금 선발자격 및 제출서류 안내 1부.  끝."
biomedical_science,생명정보개론 3월 첫주 줌강의 정상진행,N/A,2021.02.25,https://bioinfo.ssu.ac.kr/%ea%b2%8c%ec%8b%9c%ed%8c%90/%ea%b3%b5%ec%a7%80%ec%82%ac%ed%95%ad/?term_id&slug=2581,"생명정보개론은
3
월 첫주 실시간 원격 강의는 예정대로 진행합니다
.
A
분반
: 3/2
화
10:30
B
분반
: 3/4
목
13:30
줌 접속 주소
:
https://ssu-ac-kr.zoom.us/s/3669999563
아직 수강 신청을 못하고 대기하고 있는 학생들도 위 두 시간 중에 편리한 때에 참여하기 바랍니다
."
biomedical_science,"★2021-1학기 여석이 부족한 과목의 수강신청에 관한 안내(2월26일,10시부터)_변경",N/A,2021.02.22,https://bioinfo.ssu.ac.kr/%ea%b2%8c%ec%8b%9c%ed%8c%90/%ea%b3%b5%ec%a7%80%ec%82%ac%ed%95%ad/?term_id&slug=2494,"★여석이 부족한 과목의 수강신청에 관한 안내★
전공과목의 여석이 부족하여 수강신청을 하지 못한 학생 중에
졸업에 문제가 발생하는 학생들을 위하여 일부 교과목의 여석이 조정됨을 안내드립니다
.
여석조정과목은 담당교수님과 의논하여 결정되며 홈페이지를 통해 안내드릴 예정입니다.
★ 여석조정과목 공지일(여석 수 포함):
2.24(수), 17:00까지 계속 업데이트 예정
=>
2.26(금
) 전체수강신청일 10:00
부터 신청하시면 됩니다
.
*증원예정과목
학년
과목명
교수명
여석증원 인원
3
생물통계
이주련 교수님
10
3
생화학2
심가용 교수님
11
4
면역학
김미연 교수님
10
4
바이오인공지능
이제근 교수님
10
4
의생명시스템특론1
김준일 교수님
10
*생물통계 과목도 전체수강신청일에 학년 제한이 풀릴 예정입니다.
★ 생화학2 : 2.26(금) 14시 24석 추가 증원
2.26(금) 15:00까지 전체수강신청일입니다.
본인의 최종시간표를 반드시 확인하시기 바랍니다.
(
미확인시 본인책임
,
정정기간 이후 변경 불가
)
2월26일(금) 이후 추가 증원은 없으며
특히, 4학년의 경우 졸업사정에 문제가 있는지 반드시 확인바랍니다.
★★첫 주 수업에 참여하여 수강하는데 지장 없기를 바랍니다.
★중요
학생들이 혼동하는 사례들(숭대시보 1201호 발췌): 수강신청 기간에 강의 여석이 없을 때, 교수에게 여석을 늘려달라고 부탁한 경우 본교는 수강신청여석에 대해 교수와 담당 학과의 자율권을 보장하기 때문에 여석을 늘려달라고 부탁하는 것은 부정청탁이라고 볼 수없다. 다만 강의 여석을 늘려달라는 부탁이 아닌, 개인을 수강인원에 포함해 줄 것을 요청하는 경우는 부정청탁이라고 볼 수 있다."
biomedical_science,2021-1학기 추가 학기 및 학점등록 안내 (학사과정),N/A,2021.02.19,https://bioinfo.ssu.ac.kr/%ea%b2%8c%ec%8b%9c%ed%8c%90/%ea%b3%b5%ec%a7%80%ec%82%ac%ed%95%ad/?term_id&slug=2553,"추가학기 대상 학생들께서는
아래 공지사항을 참고해 주시기바랍니다.
최소등록학점 확인하고 과대/과소 계산된 경우, 아래 설문을 완성하여 이의신청해주시면 됩니다.
(← 링크 클릭!)"
biomedical_science,2021-1학기 ‘논문연구1’ 과목 공지,N/A,2021.02.19,https://bioinfo.ssu.ac.kr/%ea%b2%8c%ec%8b%9c%ed%8c%90/%ea%b3%b5%ec%a7%80%ec%82%ac%ed%95%ad/?term_id&slug=2549,"‘논문연구’ 과목
은 교수의 지도를 받으며 개별적으로 연구수행을 하는 교과목입니다.
따라서, 졸업논문을 번역에 기초하여 쓰는 학생들은 수강을 할 수 없습니다.
논문연구과목은 학생들이 다같이 하는 수업형태로 진행되지 않고 개별적으로 연구수행을 하는 과목이지만,
첫 수업시간인 3월4일 (목) 13:30 (오후 1:30)에 강의실(벤처관 10712)에서 간단하게 교과목 설명을 할 예정이니,
수강을 하는 학생들은 반드시 참석바랍니다.
-담당교수-"
biomedical_science,과목 트랙 추가,N/A,2021.02.18,https://bioinfo.ssu.ac.kr/%ea%b2%8c%ec%8b%9c%ed%8c%90/%ea%b3%b5%ec%a7%80%ec%82%ac%ed%95%ad/?term_id&slug=2547,"교과 과정 개편에 따라,  생명공학과 생명정보 트랙에 들어가는 과목들을 추가하였습니다.
(1) 생명정보학 트랙 추가 과목
바이오인공지능(4학년), 바이오메디칼정보처리(3학년), 바이오데이타베이스(3학년), 바이오데이타과학(3학년), 메타제노믹스(4학년)
(2) 생명공학 트랙 추가 과목
합성생물학(4학년), 세포생물학(3학년),   인체생리학(4학년) , 세포치료(4학년)"
biomedical_science,2021학년도 1학기 학생증(스마트카드) 발급 일정 안내,N/A,2021.02.18,https://bioinfo.ssu.ac.kr/%ea%b2%8c%ec%8b%9c%ed%8c%90/%ea%b3%b5%ec%a7%80%ec%82%ac%ed%95%ad/?term_id&slug=2524,"1. 학생증 발급일정
구분
기간
비고
신청기간
내국인
02.24(수) 00:00
~03.01(월) 23:59
– 우리은행 모바일앱 ‘위비뱅크’로 신청
* 업로드용 사진파일 준비
*
신청안내
(
동영상
):
https://youtu.be/ngL-W9OOcC8
외국인
02.24(수)~26(금)
(09~16시)
– 우리은행(숭실대지점) 직접 방문 신청
* 신청서 부착용 사진 준비
교부기간
03.15(월) ~19(금)
(09~16시)
– 우리은행 숭실대지점(신양관 1층) 방문
– 신분증 지참 필수
– 공휴일 제외
– 교부기간 후 수령은 우리은행 숭실대지점
문의(02-826-4522)
2. 안내사항
가. 학생증 재발급 : 학생서비스팀(학생회관 504호)에서 직접신청(발급 수수료 없음)
나. 학생증 발급 관련 문의
* 학생서비스팀 : 02)820-0065,0067
* 우리은행 숭실대지점 : 02)826-4522(내선 210)
다. u-SAINT 최초 로그인 안내 : 붙임 참조
3. 협조요청사항
가. 학생증 발급안내 : 입학예정자 문의 시 상기일정 및 연락처 안내(본교 홈페이지 게시)
나. 학번생성 : 신청기간 전까지 학번생성 완료 요청(이후 생성된 학번의 학생증은 학생증 교부 후 학생서비스팀에서 발급 가능)
다. 모바일 학생증은 2021학년도 1학기 개강일(03.02)부터 사용이 가능합니다.
붙 임 :
1. 2021학년도 학생증 발급 및 u-SAINT 최초 로그인 안내자료 1부,
2. 학생증 발급신청 안내자료(매뉴얼) 1부.  끝."
biomedical_science,"2021학년도 1학기 등록금 납부 안내(재학생, 복학생, 재입학생)",N/A,2021.02.18,https://bioinfo.ssu.ac.kr/%ea%b2%8c%ec%8b%9c%ed%8c%90/%ea%b3%b5%ec%a7%80%ec%82%ac%ed%95%ad/?term_id&slug=2508,"2021학년도 1학기 등록금 납부 안내
1.등록금 납부기간
①
정규등록 : 2021년 2월 22일(월) 09:00 ~ 2월 26일(금) 16:00
② 추가등록 : 2021년 3월 3일(수) 09:00 ~ 3월 5일(금) 16:00         ☞ 학부 학점등록은 추가등록기간만 납부가능
2.등록금 고지서 출력
(2월 10일 10시 부터 출력가능)
: 학교 홈페이지 > u-SAINT포털 > 로그인 > 등록/장학 탭 클릭 > 등록금고지서출력
※ SMS 문자수신 신청
: ‘우리은행 입금전용계좌’로 납부시 알림문자를 받는 서비스
(등록금고지서출력 화면에서 매년 1회 신청해야 하며, 납부기간 시작 3일 전까지 신청시 반영됨. 이동전화번호 입력형식: 010-****-**** )
※ 등록금고지서는 별도로 발송하지 않음.
※ 개인정보보호법에 의거 학생의 등록금 고지 정보는 개인정보에 해당하므로 u-SAINT 포털 이용 또는 재무·회계팀 본인 방문으로만 확인이 가능하며, 유선으로는 안내가 불가함.
※ 장학금 등이 추가 반영될 경우 등록금 납부금액이 변동될 수 있으므로 등록기간 1~2일전 출력 요망
3.등록금 납부방법 (재학생, 복학생, 재입학생)
납부형태
대상
유의사항
온라인뱅킹
전체
▸ 등록금고지서에 기재된 우리은행 입금계좌(학생 개인전용 가상계좌)로 송금
▸
납부금액 총액으로만 입금 가능하며
,
입금자명은 관계없음
▸ 타행이체, 인터넷뱅킹, 텔레뱅킹, ATM 이체 가능     ※ 우리은행이 아닌 타 은행에서 이체 시 발생하는 수수료는 학생개인부담
▸
우리은행 인터넷 공과금 납부가능
(로그인 > 공과금 > 등록금 > 조회/납부)
창구납부
전체
▸ 수납은행 : 우리은행 ▸ 등록금고지서 지참 후 전국 수납은행 영업점 방문 납부(은행 영업시간 내)
WeChatPay
중국인유학생
▸ 납부방법 : TST 학비결제 홈페이지(
https://tst.ksnet.co.kr
) 납부 ▸
인증번호 : 생년월일 6자리 숫자
▸ 유의사항 : 2월 9일 기준 등록금 고지에 한하며, 납부일로부터 4영업일에 등록
u-SAINT등록
전액장학생
▸ 등록방법 : 등록금 납부기간 내 조회·신청 가능하며,
u-SAINT
등록금고지서 출력 화면에서
‘
등록금
0
원 납부신청
’
체크 후
‘
확인
’
으로 완료 ▸ 유의사항 : 필수 납부금액 ‘0원’을 납부하고자 하는 학생에 한함.
※ 등록금 카드납부는 관련 법령 개정에 따른 대학부담 증가로 잠정 중단됨.
4.등록금 납부확인
① 실시간 납부조회 (※ 은행 납부 및 한국장학재단 학자금 대출에 한함)
가. u-SAINT 로그인 > 등록/장학 > ‘등록금고지서 조회’ 내역에서 ‘입금일자’ 확인
나. u-SAINT 로그인 > 등록/장학 > ‘실시간등록금납부조회’에서 확인
다. SMS 문자수신 신청 학생의 경우 우리은행에서 입금 문자 전송(2번 신청방법 참조)
라. 숭실대학교 홈페이지 > 학사 > 학사정보 > 등록 하단 ‘
실시간 납부조회
’에서 확인
② 등록 확인
(
※
은행영업일
17
시 이전 납부 기준 같은 날
18
시 이후 확인가능
)
가. u-SAINT 로그인 > 등록/장학 > ‘등록금납입이력조회’ 등록일자 반영확인
나. u-SAINT 로그인 > 등록/장학 > ‘등록금 납부 확인서’ 발급가능
다. 주민센터 팩스민원 신청으로 ‘등록금 납부확인서’ 발급가능(대리인 가능)
5.등록 시 유의사항
① 매학기 학교에서 지정한 기간 내에 고지된 등록금을 납부하지 않거나 휴학하지 않을 경우 학칙 제29조에 의거하여 제적처리됩니다.
② 수업료 전액을 장학금으로 받더라도 필수 납부금액은 반드시 납부해야 등록 처리되며, 필수 납부금액을 납부하지 않을 시 미등록 제적 처리됩니다.
③ 복학, 재입학 등으로 학적이 변동된 학생은 변동학년도의 등록금을 납부하여야 합니다.
④ 납입한 등록금이 과오납된 경우에는 그 금액 전액을 반환하며, 제적 또는 자퇴 등으로 반환을 요청할 경우 등록금 반환기준에 따라 반환할 수 있습니다.
⑤
학사과정의 경우 소정기일 내에 등록금을 납부한 후 학적변동(휴학)시 수업료는 반환기준에 따라 반환됩니다. (2017학년도 2학기부터 등록휴학제 폐지)
⑥ 대학원과정의 경우 소정기일 내에 등록금을 납부한 후 학기 중 수업일수 1/2선(2021년 4월 23일)이내 학적변동(휴학)시 복학학기에 등록대체됩니다.
6.장학금 수혜자 등록안내
① 장학금이 반영된 납부금액을 동일한 방법으로 납부
② 수업료 전액을 장학금으로 받더라도 필수 납부금액은 반드시 납부해야 등록 처리됨.
③ 전액 장학생으로 납부금액이 “0원”인 학생도 반드시 “0원 납부”를 완료하여야 하며, 등록과정을 거치지 않을 시 미등록 처리됨.
► 등록금 필수납부금 0원 납부방법 (1개의 납부방법 선택, 납부기간 동일) 가. u-SAINT 로그인 후 등록금고지서 출력 화면에서 ‘0원 납부신청’(정규/추가 등록기간에 한함)
나. 등록금 고지서를 출력하여 우리은행 지점창구를 방문하여 납부
다. 우리은행 인터넷 공과금 납부를 통해 등록금 납부
7.등록금 분할납부
① 신청대상 : 학부 재학생   (제외대상자 : 해당학기 신입생·편입생·재입학생, 대학원생, 시간제등록생)
② 신청기간
가.
정규신청 : 2021년 2월 15일(월) 09:00 ~ 2월 19일(금) 16:00
나. 추가신청 : 2021년 3월 2일(화) 09:00 ~ 3월 4일(목) 16:00
③ 신청안내
신청방법
u-SAINT 포털 로그인 > 등록/장학 탭 선택 > 분할납부 신청(서류 제출 없이 온라인 신청으로 완료)
신청절차
분할납부 신청서 작성(온라인) > 재무회계팀 승인(신청일 평일 16시 기준) > 고지서 확인 후 납부가능
고지서출력
재무회계팀 승인 후, u-SAINT 포털 ‘등록금고지서출력‘에서 직접 조회·출력
학자금대출
▸
한국장학재단 학자금대출 실행기한
(5
월
7
일
)
확인한 후 분납횟수 선택 신청
▸1차분은 학생 자비 부담, 2~3차분 학자금 분할납부 연계대출 가능
* 별도 승인 안내는 없으며, 분할납부 승인여부를 확인바랍니다.
㉠ 신청화면 ‘승인유무’ 진행확인 : 미신청시 ‘
공란
‘, 신청완료시 ‘
신청
‘, 승인완료시 ‘
승인
‘으로 조회
㉡ 승인완료시 ‘등록금고지서 출력’ 화면에서 분할납부 승인금액 조회 및 고지서 출력(회차당 1장) 가능
④ 분할납부 등록방법 : 우리은행 전국 각 지점 창구 및 온라인뱅킹 납부
⑤ 등록기간 및 납부금액
회차
등록기간
납부금액
1차
2021. 2. 22(월) 09:00 ~ 2. 26(금) 16:00
2021. 3.  3(수) 09:00 ~ 3.  5(금) 16:00
(수업료 ÷ 납부횟수) + 기타납입금
※ 1차 납부시 선택경비 선택납부 가능
2차
2021. 3. 22(월) 09:00 ~ 3. 26(금) 16:00
수업료 ÷ 납부횟수
3차
2021. 4. 19(월) 09:00 ~ 4. 23(금) 16:00
수업료 ÷ 납부횟수
4차
2021. 5. 17(월) 09:00 ~ 5. 21(금) 16:00
수업료 ÷ 납부횟수
* 회차별 납부금액은 각 등록기간에만 납부 가능하며, 1차분 미납 시 분할납부 자격이 자동 상실됨.
8.학점등록 안내(학부)
※ 학사팀 별도 공지사항 참조
① 대 상 : 수업연한(8학기, 단 5년제 학생은 10학기)이 경과하고도 졸업에 필요한 학점을 이수하지 못하여 수학을 계속하는 경우, 그 부족학점 수가 9학점 이하인 학생
② 등록방법
가. 납부기간 : (추가등록기간 납부 가능) 2021년 3월 3일(수) 09:00 ~ 3월 5일(금) 16:00
나. 고지서출력 : 수강신청기간 종료 2일 후부터
다. 분할납부신청기간 : (추가신청기간 신청 가능) 2021년 3월 2일(화) 09:00 ~ 3월 4일(목) 16:00
③ 학점등록 금액산출기준 : 해당학과의 수업료를 기준으로 아래와 같이 적용
등록학점
1~3학점
4~6학점
7~9학점
10학점이상
납부금액
수업료의 1/6
수업료의 1/3
수업료의 1/2
전액
※ 정규학기 이수 후, 추가 6학기를 초과한 학생이 0학점 등록하는 경우에는 등록비 150,000원 부과
④ 유의사항: 등록금 납부 및 분할납부 신청 후에는 수강학점을 변경 및 취소할 수 없습니다.
9.기타 자세한 안내사항은 공지사항에 첨부된 안내문을 참고하시기 바랍니다.
10.등록 관련 문의사항
– 등록금 납부 : 재무·회계팀 02-820-0184
– 학부 장학금 반영(국가장학 및 학자금대출 포함) : 장학팀 02-828-7450, 02-820-0159
– 학부 학적변동(휴·복학 등) : 학사팀 02-820-0152
☞ ‘
2021-1
학기 휴학 및 복학신청 안내’  바로가기
– 학부 학점등록 : 학사팀 02-820-0150
– u-SAINT Help Desk : 학생서비스팀 02-820-0067~8
* 대학원 장학 및 학적은 해당 대학원으로 문의
* 한국장학재단 콜센터 1599-2000
2021.     1.     20.
총 무 처 장"
biomedical_science,"★2021-1학기 종합강의 유의사항 및 다전공(융합, 복수, 부전공) 안내",N/A,2021.02.18,https://bioinfo.ssu.ac.kr/%ea%b2%8c%ec%8b%9c%ed%8c%90/%ea%b3%b5%ec%a7%80%ec%82%ac%ed%95%ad/?term_id&slug=2502,"2021-1
학기 종합강의 유의사항 및 다전공(융합, 복수, 부전공) 안내
2021-1학기 종합강의 유의사항을 다음과 같이 안내합니다.
1.종합강의 유의사항 : 첨부파일 다운로드
2.안내사항
1) 종합강의 유의사항은 제도개선 등 변경사항에 따라 내용이 수정될 수 있습니다.
2) 소속 학과 외 전공과목 인정(구, 타 학과 전공인정) : 첨부파일 25페이지 참조
(인정과목 리스트는 첨부파일 26페이지 참조하여 강의시간표 메뉴에서 조회 가능)
3) 교과목 변경사항 확인방법 : 첨부파일 69페이지 참조
4) 시각장애지원용 음성읽기파일이 필요한 학생은 02-828-7401로 연락바랍니다.
3. 추가1: 융합전공 종합이수가이드 > 첨부파일 다운로드
4. 추가2: 복수부전공 종합이수가이드 > 첨부파일 다운로드
2021. 2.
교 무 처 장
붙임 : 종합강의 유의사항 첨부파일 1부. 끝."
biomedical_science,2021학년도 1학기 수강신청 안내,N/A,2021.02.18,https://bioinfo.ssu.ac.kr/%ea%b2%8c%ec%8b%9c%ed%8c%90/%ea%b3%b5%ec%a7%80%ec%82%ac%ed%95%ad/?term_id&slug=2500,
biomedical_science,2021-1학기 학부생 대학원 과목 수강신청 안내,N/A,2021.02.18,https://bioinfo.ssu.ac.kr/%ea%b2%8c%ec%8b%9c%ed%8c%90/%ea%b3%b5%ec%a7%80%ec%82%ac%ed%95%ad/?term_id&slug=2488,
biomedical_science,♣ 2022년 2월 졸업예정대상자 졸업계획서 및 번역서 제출안내,N/A,2021.02.15,https://bioinfo.ssu.ac.kr/%ea%b2%8c%ec%8b%9c%ed%8c%90/%ea%b3%b5%ec%a7%80%ec%82%ac%ed%95%ad/?term_id&slug=2477,"2022년 2월 졸업예정대상자 졸업계획서 및 번역서 제출안내
2022년도 2월 졸업예정자는
3
월
12
일 금요일까지
지도교수 선정 및 졸업계획서
(
첨부파일
)
를
작성하여
학과 방문 혹은 학과 이메일(bioinfo@ssu.ac.kr)로 제출해 주시기 바랍니다.
제출시 유의사항
1.리뷰논문 / 실험논문 잘 체크해주시기 바랍니다.
2.논문지도교수님은 진로지도교수님과 다르며,
학생이 직접 논문지도교수님을 정하여 직접 메일로 연락드리고
온라인 혹은 오프라인으로 확인받은 후 졸업논문계획서를 제출해주시기 바랍니다.
3.이메일로 제출시 메일 제목 및 파일명 : 졸업논문계획서_학번 이름(ex. 졸업논문계획서_20191234 홍길동)
번역논문(리뷰논문) 제출 예정자분들은 학기가 끝나기 전
6
월
18
일 금요일까지
졸업논문1차보고서(논문번역서 및 영어논문 원문)
를 학과 이메일로 제출해주시기 바랍니다.
졸업일정은 다음과 같습니다.
상황에 따라 일정이 변경될 수도 있사오며, 일정별로 안내가 될 예정이니 구체적인 일정과 내용은 홈페이지 공지를 참고해주시기를 바랍니다.
1. 졸업계획서 제출 : 2021년 3월 12일 금요일까지
2. ‘리뷰 논문’ 시 논문 번역서 제출 : 2021년 6월 18일 금요일까지
3. 논문 번역서 1차 학부장 심사 및 이후 지도교수께 전달 : 2021년 6월 21일(월) ~ 6월 30일(금)
4. 이해도 대면 심사 및 결과보고서 제출 : 2021년 8월 27일(금)까지
5. 최종 졸업논문 작성 및 제출 : 2021년 11월 20일(토)까지
*자기표현으로 바꾸고 보충하여 졸업논문 작성 및 제출
6. 최종 졸업논문 교수님 심사 : 2021년 11월 22일(월) ~ 11월 30일(화)
첨부
1.졸업논문계획서
2.졸업논문 1차 보고서(번역서)"
biomedical_science,2021년 한국 이공계 대학원생 캐나다 연수사업 공모 안내(3월2일까지),N/A,2021.02.10,https://bioinfo.ssu.ac.kr/%ea%b2%8c%ec%8b%9c%ed%8c%90/%ea%b3%b5%ec%a7%80%ec%82%ac%ed%95%ad/?term_id&slug=2466,"2021년 한국 이공계 대학원생 캐나다 연수사업 공모 안내
가. 사업개요
○ 사업명 : 2021년 한국 이공계 대학원생 캐나다 연수프로그램
○ 사업목적 : 한국과 캐나다 간 인력교류 활동을 추진하여 신진연구자들의 연구활동을 촉진하고, 양국 대학 간 R&D 프로젝트 참여를 통해 연구역량 증진 및 해외연구 경험 제공
○ 지원대상 : 한국 내 이공계 석/박사과정 재학생, 박사 후 과정생(postdoctoral fellows)
○ 지원규모 : 총 20명 내외 파견 예정
– 출국준비 소요비용 300만원
– 체재비 월 200만원
– 캐나다 Mitacs측 초기정착 지원금 3,000CAD
○ 세부내용은 한국연구재단 웹사이트와 공고문 등 참조
나. 신청안내
○ 신청기간 :
2021.1.8.(금)~3.2.(화) 18:00까지
(주관기관 승인 포함)
*
* 마감일이 2.8(월)에서 3.2(월)로 변경됨
○ 신청방법 : 한국연구재단 연구사업통합지원시스템(http://ernd.nrf.re.kr)에서 신청
붙임
1. 2021년 한국 이공계 대학원생 캐나다 연수프로그램 신규과제 공고문 1부.
2. 제출서류 양식 각 1부.  끝."
biomedical_science,[학부]학위증 교부 관련 안내,N/A,2021.02.09,https://bioinfo.ssu.ac.kr/%ea%b2%8c%ec%8b%9c%ed%8c%90/%ea%b3%b5%ec%a7%80%ec%82%ac%ed%95%ad/?term_id&slug=2461,"1.학위증 교부 관련
가. 2.15(월) – 2.19(금) 각 학과(부) 사무실
나. 유의 사항
1) 신분 증빙 확인 (대리인 수령 시 졸업생 신분증 원본, 사본, 사진 제시 등)
2) 도서 대출 확인 (미납 학생은 도서관 방문 및
반납확인증
발급 받아와야 수령 가능)
2.
외국인 유학생
과
2020.8
월 졸업자
및
2021.2
월 우등상 수상자들
의 학위증은
별도 교부
.
외국인은 국제팀에서, 20.8월 졸업자 및 우등상 수상자는 학사팀(조만식기념관)에서 각각 수령.
*첨부 파일 명단 및 도서 대출 현황을 확인하기 바랍니다."
biomedical_science,[채용공고](주)씨젠,N/A,2021.01.21,https://bioinfo.ssu.ac.kr/%ea%b2%8c%ec%8b%9c%ed%8c%90/%ea%b3%b5%ec%a7%80%ec%82%ac%ed%95%ad/?term_id&slug=2411,"[(주)씨젠 분자생물학 석박사 인재 채용]
“씨젠이 제안합니다”
분자 진단의 혁신을 함께 할 분자생물학 인재를 모집합니다.
씨젠의 전문가들이 적합한 포지션을 매칭해 드립니다.
“Bio와 IT를 Engineering 하다”
Bio : #생명과학 #미생물학 #의공학 #화학 …
AI/BI : #컴퓨터공학 #물리학 #생물정보학 #통계학 …
Device : #기계공학 #광학 #SW/HW #전기전자공학 …
○ 지원 대상
: 분자생물학 석박사 기졸업자 or 2월 졸업예정자 (영어능통자 우대)
: 병역특례대상자 지원 가능
○ 지원 방법
: (주)씨젠 채용사이트 접수 (
seegene.recruiter.co.kr
)
*공고명: 2021년 분자생물학 인재 채용
○ 문의
:
mnmaeng@seegene.com
○ 채용 프로세스
: 입사지원(~2/3) > 포지션 매칭(~2/14) > 면접 전형(~2/26) > 채용검진 > 입사완료
[(주)씨젠 회사소개]
주식회사 씨젠은 분자진단 전문 기업입니다.
주식회사 씨젠은 Real-time PCR 기반의 동시다중 분자진단 기술을 바탕으로 제품을 개발하는 기업입니다.
독보적인 분자진단 기술과 AI, Big-Data 등 IT기술을 융합하여 감염성 질환을 비롯 암, 유전질환 등 다양한 시약을
빠르게 제공 가능한 “시약개발자동화”와 함께 “하나의 장비 플랫폼”에서 모든 시약을 사용할 수 있는
편리한 검사 환경을 제공함으로써 분자진단시장의 혁신을 선도하고 있습니다.
코로나 바이러스감염증-19 진단시약을 개발, 국내, 외 공급합니다.
씨젠의 분자진단 기술로 만든 코로나-19 진단시약은 전 세계 코로나-19 확산 방지에 도움이 되는 진단시약으로 인정받고 있습니다.
식품의약품안전처의 긴급사용 승인, 유럽 인증(CE-IVD)을 받았으며,  씨젠의 진단시약과 자동화 시스템을 이용하여 수천명 동시검사 수행,
4시간 이내 검사 완료할 수 있으며, 전용 소프트웨어로 쉽게 결과 판독까지 가능한 환경이 구축됩니다.
이러한 응급상황에 충분히 대처할 수 있는 수준으로 진단시약 양산 시스템을 확대 하였으며,
그 동안 축척해온 분자진단기술과 노하우를  활용하여 국제사회를 돕는데 최선을 다하는 등 사회적 책임을 우선 가치로 두고 있습니다.
주식회사 씨젠은 대한민국을 분자진단 강국으로 만들고 있습니다.
국내 뿐 아니라 세계적인 진단기관과 의료기관에서도 씨젠의 제품을 사용하고 있습니다.
앞으로도 씨젠은 높은 수준의 진단제품을 지속적으로 연구개발해 나갈 것이며 AI를 적용한 분자진단 체계를 구축하는 등
차원이 다른 기술력으로 분자진단 산업을 선도해 나갈 것입니다."
biomedical_science,[채용공고]㈜제이씨바이오,N/A,2021.01.21,https://bioinfo.ssu.ac.kr/%ea%b2%8c%ec%8b%9c%ed%8c%90/%ea%b3%b5%ec%a7%80%ec%82%ac%ed%95%ad/?term_id&slug=2403,"<㈜제이씨바이오 채용공고>
1.경력 및 신입사원 모집
구 분
모집분야
모집인원
직무 및 자격
전공 및 경력
근무지
경력
기술영업팀
0 명
생명공학분야 기기 및 시약에
대한 이해도가 높은 자
바이오 분야에 대한 학습능력과
이해도가 높은 자
생명과학/생명공학/
유전자/화학/기타
바이오 관련 학과
서울
학술지원팀
0 명
바이오 관련학과
(석사 이상)
연구개발팀
0 명
생명과학/생명공학/
유전자/화학/기타
바이오 관련 학과
(석사 이상)
신입
전 분 야
0 명
4년제 대학 졸업(예정)자
(석사 포함)
바이오 관련 학과
2. 응시자격(공통사항)
– 4년제 정규대학 이상 졸업자
– 병역필 또는 면제자로서 해외여행에 결격사유가 없는 자
–
생명과학
/
공학
/
유전자
/
생물
/
화학
/
바이오 관련 전공
– 운전면허 소지자 (기술영업팀에 한함)
3. 직무
기술영업팀
학술지원팀
연구개발팀
– 신규 거래처 발굴 및 기존
거래처 관리
– 생명 공학 연구용 시약,
장비 판매 및 영업
-경쟁사 장비 분석 및 시장
동향 파악
– 제품 홍보 및 서비스
– 생명공학 연구용 기기 및
시약에 대한 학술 상담
– Trouble shooting 및
유저 실험 지원
– 경쟁사 분석 및 시장 동향 파악
– 내부 교육 및 지원
– 기술 영업 지원
– 핵산 추출 키트 개발 및 개선
– 줄기세포 관련제품 개발, 생산
– 제품 연구 개발
– 신제품 개발
(제품 검증, 기술, 공정, 품질 등)
4. 진행절차
-1차 서류전형
– 2차 면접전형 (서류전형 합격자에 한해 개별통보)
* 접수방법 (이메일 접수): shkim@jcbio.co.kr
* 문의처: 02)568-7320
5. 제출서류
1) 입사지원서 (이력서, 자기소개서) –
지원분야 필히 기재
2) 최종학력 졸업(예정)증명서/성적증명서/경력증명서(경력자에 한함)
6. 복리후생
1) 월 1회 문화 회식 (영극/영화 관람, 논알콜 회식)
2) 우수사원 연 2회 포상
3) 워크샵 (해외 워크샵, 국내 워크샵)
4) 월 1회 다과회
5) 팀 별 직무능력 향상교육
6) 생일 당일 오후 반차 지급
7) 정기 건강검진 (오전 반차 지급)
7. 근무조건
1) 근무형태: 정규직 (수습 3개월)
2) 근무지: 서울 송파구 문정동
3) 근무요일: 주 5일
4) 근무시간: 09:00 – 18:00
5) 급여(연봉) : 3500만원 (신입 학사) / 3600만원 (신입 석사) / 경력직은 면접 후 결정
<
회사 소개
>
㈜제이씨바이오는 기술력 있고 혁신적인 제품을 공급한다는 목표아래 2005년에 설립되었으며, 2010년 이전
초창기에는 프랑스의 CISBIO사, 미국의 Next Advance사, 일본의 BEX사와 전략적 파트너쉽을 통해 제품을 한
국에 독점적으로 공급함으로써 국내 연구자들의 연구에 도움을 드리고 성장할 수 있는 기반을 마련하였습니
다.
2011년에는 중소벤처기업부로부터 바이오 벤처기업 인증을 받았고, 2013년에는 연세의료원 내 에비슨의생명
연구센터(ABMRC)에 JCBIO 연구소를 설립하여 바이오 연구개발 기업으로 본격적으로 발돋움하였습니다.
2013년에는 중소기업청 R&D 과제에 선정되어 우수 연구 기업으로 평가받으며 한단계 도약할 수 있는 발판
을 마련하였습니다. 현재 진행하고 있는 “안구용 임플란트 개발 및 생산”은 GMP와 ISO 13485를 인증 받았
으며, 2020 – 2022년 식품의약품안전처 임상시험을 진행하여 2023년에는 국내 및 세계 시장 판매를 계획하
고 있습니다.
2018년 NGS(Next Generation Sequencing) 분야에서 차세대 최고의 기술로 평가받고 있는 영국의 Oxford
Nanopore Technologies사와 한국시장 Sales & Marketing에 대한 전략적 business partner로 선정되어, 국내
연구자들에게 Nanopore Sequencing 제품 및 기술을 공급하고 있습니다."
biomedical_science,2021학년도 1학기 학과근로장학생 모집 안내,N/A,2021.01.20,https://bioinfo.ssu.ac.kr/%ea%b2%8c%ec%8b%9c%ed%8c%90/%ea%b3%b5%ec%a7%80%ec%82%ac%ed%95%ad/?term_id&slug=2422,"2021학년도 1학기 학과근로장학생 모집 안내
2021학년도 1학기 학과근로장학생을 다음과 같이 모집하니 많은 지원 바랍니다.
1. 근로장학생 자격 및 선발기준
가. 2021학년도 1학기 국가장학금을 1차 신청하고 소득분위가 8분위 이내인 자
※ 국가장학금을 신청할 수 없는 대한민국 국적 미소지자도 선발 가능
(단, 순수외국인전형으로 입학한 외국인 유학생은 선발 불가)
나. 2021학년도 1학기 재학 및 복학예정자로 해당학기 등록금 납부 예정인 자
1) 2021학년도 1학기 전 등록휴학 후 복학시 선발 불가(등록대체자)
2) 학기 중 미등록, 입학취소, 복학취소 등으로 인한 학적변동시 모든 장학금 취소
3) 2021학년도 1학기 기준 이수학기가 2~7학기만 가능(1학기 및 8학기 신청 불가)
다. 직전학기 취득학점 및 학업성적 제한 없음
라. 타 장학금과 중복수혜 가능(근로장학금 간 중복 불가)
※ 본 장학금은 학업장려비 지원 목적으로 등록금(입학금 및 수업료)를 초과하여 지급
마. 국가근로장학생 및 교내근로장학생에 선발되지 않은 자
2. 근로장학생 종류별 장학금액 및 근로시간
장학금명
시간당 장학금
총 근로시간 (학기)
1인당 장학금액(원)
학과근로A
8,750원
10시간*20주=200시간
1,750,000
학과근로B
8,750원
5시간*20주=100시간
875,000
※ 장학금은 매월 지급하며, 실 지급액은 근로시간에 따라 달라질 수 있음
※ 장학금 지급일: 매월 셋째주 금요일 (Ex. 3월분 근로장학금 지급일: 4월 셋째주 금요일)
3. 유의 사항
가. 선발된 학생은 소속부서에서 지정된 근로시간 동안 근무해야 하며, 학기 중 학적변동
(휴학, 자퇴, 제적 등) 등 불가피한 사유가 인정되는 중도 포기 시 근로 시간 만큼 지급
나. 2021년 7월 말 근로평가 전까지 교체 가능(단, 교체 전 학생의 근로시간을 차감)
다. 국가근로 및 교내근로로 선발 시 학과근로 선발에서 제외됨
(선발 우선순위: 1. 국가근로, 2. 교내근로, 3. 학과근로)
4. 신청절차
가.
학생신청방법: u-SAINT포털 → 등록/장학 → 장학메뉴 ‘근로장학금’→학과근로A/B신청→ 지원서 출력 → 지원서 제출
※ u-SAINT출력본 제출 필수
나. 온라인접수 및 서류제출기간:
2021년 1월 18일(월) 10:00 ~ 1월 29일(금) 17:00
1) 제출서류: 지원서(u-SAINT출력본)
2) 제출장소:
각 학과사무실
5. 선발결과 발표
가. 일시 : 2021년 2월 9일(화) 18:00 이후 예정"
biomedical_science,[채용 공고]㈜SCL헬스케어,N/A,2021.01.18,https://bioinfo.ssu.ac.kr/%ea%b2%8c%ec%8b%9c%ed%8c%90/%ea%b3%b5%ec%a7%80%ec%82%ac%ed%95%ad/?term_id&slug=2395,"채용 공고
1. 기관명
: ㈜SCL헬스케어
2.기관 홈페이지
:
www.sclhealthcare.co.kr
3.기관 주소
: 경기도 용인시 기흥구 흥덕1로 13, 흥덕IT밸리 타워동 23-25F
4.기관 소개
: SCL헬스케어는 (재)서울의과학연구소(SCL)의 관계사로서 SCL헬스케어 그룹의 영리사업을 진행하고 있으며, 질병 조기 예측 및 선별 검사에 적합한 바이오마커 발굴 및 임상 검증하여 상품화하는 오믹스 기반 전문 기관입니다. 특히, NGS/microarray 기반한 정밀의료 서비스를 위한 다양한 사업을 중점적으로 추진하고 있습니다.
5.모집 분야
: Bioinformatics
6.업무 내용
1) 유전체 데이터 분석 및 pipeline 구축
2) 분석 알고리즘 구축
3) 유전체 빅데이터 구축
7.모집 인원/근무조건/채용 기간
1) 석사급 1인, 박사급 1인
2) 주5일(국민4대보험)
3) 급여: 협의 후 결정
4) 채용기간: 2021. 1. 4 ~ 2021. 1. 26
8.제출서류
이력서, 자기소개서, 직무기술서(실무기술/개발실적 중심), 학위증명서,
성적 증명서
9.우대사항
: NGS 구동 및 데이터 분석 경험자, 프로그래밍 개발 경력자, AI분석 모델
개발 경력자, 국제학술지 발표 실적 보유 및 게제 가능자
10.채용 문의 및 서류 제출 방법
1) 문의전화: 070-7115-8697
2) 지원 서류 제출:
sprout30@scllab.co.kr
11.기타
서울지역 거주자의 경우 통근버스 이용 가능"
biomedical_science,2021학년도 1학기 국내대학 학점교류 신청 안내,N/A,2021.01.15,https://bioinfo.ssu.ac.kr/%ea%b2%8c%ec%8b%9c%ed%8c%90/%ea%b3%b5%ec%a7%80%ec%82%ac%ed%95%ad/?term_id&slug=2373,"2021학년도 1학기 국내대학 학점교류를 실시하니 참여를 희망하는 소속대 학생들은 기한 내에 신청 바랍니다.
1. 지원자격
가. 2021-1학기 기준 3~7학기 재학 예정인 자
나. 직전학기까지 학업성적이 총 평점평균 3.0 이상(학적부 성적 기준)인 자
다. 학칙에 따른 징계 사실이 없는 자
2. 신청학점: 정규학기 수강가능 신청학점(19학점)이내
3. 협조요청 사항
1) 신청방법: 지원서(첨부) 작성하여 소속학과 사무실(이메일 혹은 방문)로 방문 제출
※ 학교 홈페이지에 공지되어 있는 대학별 지원 기한 당일 오전까지 학과 사무실로 제출
2) 제출서류
⦁국내대학 학점교류 참가지원서(첨부) 1부
⦁성적증명서 1부
4.
교류 대학별 지원기한 및 국내대학별 학점교류 안내문은 학교 홈페이지 공지에 계속 업데이트 될 예정이니 수시로 확인 바랍니다.
(학교 홈페이지 공지 →
클릭
)
붙 임
1.국내대학 학점교류 참가지원서 1부.
2.국내대학 학점교류 시행 및 수강신청 안내서 1부.
*학부 이메일: bioinfo@ssu.ac.kr"
biomedical_science,2020학년도 전기 학위수여식 안내(석·박사_학위기 및 기념품 배부 안내),N/A,2021.01.15,https://bioinfo.ssu.ac.kr/%ea%b2%8c%ec%8b%9c%ed%8c%90/%ea%b3%b5%ec%a7%80%ec%82%ac%ed%95%ad/?term_id&slug=2361,"2020학년도 전기 석·박사 학위수여식을 코로나19 확산방지를 위해 온라인으로 진행하게 되어 다음과 같이 안내합니다.
1. 학위수여식
(학사, 석사, 박사 공통)
가. 일시: 2021년 2월 19일(금), 11:00 ~ 14:00
나. 장소: 사전 녹화 후 유튜브 중계 (추후 홈페이지에 링크 안내 예정)
다. 식순
진행: 숭실대학교 교내 인터넷 방송국
기  도  ( 설  교 ) ——————— 교  목  실  장
권                 설 ——————— 총               장
환        영      사 ——————— 총 동 문 회 장
축                  사 ——————— 이      사      장
학   사     보   고 ——————— 아   나   운   서
수상자 명단
(학사)
——————- 화면 자막 안내
수  여  자  명  단 ——————– 화면 자막 안내
(학사, 석사, 박사)
2.
석사
가운 대여 및 반납
&
학위기 및 기념품 배부
가. 일시 :
2021
년
2
월
22
일
(
월
) ~ 24
일
(
수
) 10:30~16:00
(3
일간
)
(12:20~13:20 점심시간)
나. 장소 : 웨스트민스터홀 661호
다. 반납 기한 : 위의 기간 중
대여 당일
16:30
까지
라. 학위기 및 기념품 :
가운 반납 시 배부
※ 석사 가운은 공동으로 사용함에 따라 감염병에 노출될 가능성이 높습니다.
또한, 중앙질병관리본부는 코로나19 관련 방역 지침 준수를 권고하고 있습니다.
그럼에도 가운 대여를 희망하는 석사 졸업생 분들은 위 기간 중 대여 및 반납이
가능하며, 개인 위생 관리 및 안전 수칙 준수 등의 협조를 부탁드립니다.
3.
박사
학위기 및 기념품 배부
가. 일시 :
2021
년
2
월
22
일
(
월
) ~ 24
일
(
수
) 10:30~16:30
(3
일간
)
(12:20~13:20 점심시간)
나. 장소 : 웨스트민스터홀 661호
※
박사의 경우 별도의 가운 대여가 없습니다
.(
기존 학위수여식에서도 가운 대여 하
지 않음
)
4.
방역체계
가.
웨스트민스터홀
3
층
입구의 무인발열체크기에서 발열체크 후 손 소독
나.
항시 마스크 착용 필수
5.
증명서 발급
가. 학위수여증명서는
2
월
19
일
(
금
)
부터
발급 가능
(교내 무인발급기 또는 숭실대학교 인터넷증명발급 사이트 https://certi.ssu.ac.kr/)"
biomedical_science,2021년 8월 졸업예정자 이해도대면심사 안내,N/A,2021.01.13,https://bioinfo.ssu.ac.kr/%ea%b2%8c%ec%8b%9c%ed%8c%90/%ea%b3%b5%ec%a7%80%ec%82%ac%ed%95%ad/?term_id&slug=2353,"<이해도대면심사 안내>
이해도대면심사 안내 드립니다.
2021년도 8월 졸업예정자이신 분들은
2
월
26
일
(
금
)
까지 이해도 대면심사를 진행
하여 주시기 바랍니다.
아직까지 코로나 19가 진행 중인 관계로, 이해도대면심사는 지도교수님 재량에 따라 진행됩니다.
학생분들이 교수님들에게 개별적으로 연락하신 뒤,
교수님들이 비대면(이메일 포함), 대면, 혹은 생략 중에 택하도록 하시고 교수님의 선택에 따라 진행될 예정입니다.
만일 대면으로 진행될 경우,
본 페이지 상단의 양식을 다운받아 본인이 작성하는 부분(학번, 이름, 논문제목, 지도교수)을 작성 후
교수님과의 면담약속을 잡으시고 찾아뵙고
심사서의 심사결과 및 지도사항을 교수님께 작성 요청 드린 후 학과사무실로 제출하여 주시기 바랍니다.
반드시 방학 중 진행해주시기 바랍니다.
학과에서 이해도대면심사 진행 상황을 파악해야 하오니, 결정된 사항을 학과 이메일이나 사무실로 전달해주시기 바랍니다.
현재 번역서까지 진행한 2021년도 8월 졸업예정자(졸업논문진행시) 명단을 알려드립니다.
2021년 8월 졸업예정이 아닌 학생은 본인 졸업일정에 맞추어 진행하시면 됩니다.
명단 이상있으신 분은 학과사무실로 연락 부탁드립니다.
실험 논문
학번
이름
지도교수명
계획서 확인
번역서
20172869
유*희
이주련교수님
O
실험논문
20172868
오*슬
이주련교수님
O
실험논문
20172837
김*영
조광휘교수님
O
실험논문
20152632
하*미
이채영교수님
O
실험논문
번역논문
20173515
김*진
이채영교수님
O
2020-12-28
20112679
신*민
김상수교수님
O
2020-12-22
20172877
인*나
이주련교수님
O
2020-12-24"
biomedical_science,2021학년도 1학기 재학생 및 복학예정자 대상 교내장학금 신청공고,N/A,2020.12.29,https://bioinfo.ssu.ac.kr/%ea%b2%8c%ec%8b%9c%ed%8c%90/%ea%b3%b5%ec%a7%80%ec%82%ac%ed%95%ad/?term_id&slug=2340,"2021
학년도
1
학기 재학생 및 복학예정자 대상 교내장학금 신청공고
※
본교에서 지급되는 모든 교내장학금은 아래 국가장학금 신청기간 내 국가장학금을 신청하고 서류제출을 완료하여 소득분위가 조회된 학생을 대상으로만 수혜자를 선정합니다
.
따라서
,
교내장학금을 수혜하려는 모든 학생은 반드시 교내장학금과 국가장학금을 모두 신청하시기 바랍니다
.
–
국가장학금 신청결과 제공되는 학생의 소득분위정보를 장학생 선발에 활용
–
국가장학금은 반드시 매학기 신청
(
서류제출 및 가구원동의 포함
)
하여야 함
.
1.
국가장학금 신청기간
:
12
월
29
일
(
화
) 18:00
까지
※ 한국장학재단 홈페이지(www.kosaf.go.kr) 공인인증 로그인 후 신청
※ ☆
중요
☆
재학생은 국가장학금
1
차 신청기간에만 신청 가능
2.
교내장학금 온라인 신청기간
가. 온라인신청 및 서류제출 기간
1)
정규신청
:
12
월
29
일
(
화
) 17:00
까지
2) 추가신청 : 2021년 1월 11일(월) 10:00 ~ 1월 22일(금) 17:00까지
※ 주말(공휴일 포함) 24시간 온라인 신청 가능 (단, 마감일 제외)
※ 추가신청자는 반드시 국가장학금 1차 신청기간에 국가장학금을 신청하여야 함.
※ u-SAINT 입력 후 장학금 신청내역을 조회하여 장학금 신청이 정상적으로 완료되었는지 꼭 확인.
나. 서류제출이 필요한 장학금의 경우, 교내장학금 온라인 신청기간 내 반드시 제출
※ 방문 및 등기우편제출 가능 (FAX 불가)
※ 등기우편 제출 시 교내장학금 온라인 신청기간 내 장학팀 도착분만 인정
※ 단, 형제장학금의 경우, 등록기간 종료 시까지 서류제출 인정
다. 근로장학금(교내근로/학과근로) 신청 : 2021년 1월 초 공지 예정
3.
신청대상
:
2021
학년도
1
학기 재학생 및 복학예정자
4.
교내장학생 자격요건
가. 2021학년도 1학기 국가장학금을 신청하고 서류제출(가구원동의 포함)을 완료한 자
나. 2021학년도 1학기 재학생 및 복학(예정)자로 해당학기 등록금 납부 예정인 자
1) 2021학년도 1학기 前 등록휴학 후 복학생은 모든 장학금 선발에서 제외(등록대체)
2) 미등록, 입학취소, 복학취소, 휴학 등 학적변동시 모든 장학금 취소
다. 직전학기 15학점 이상 이수한 자 (2021년 1학기가 4학년 8학기인 자는 12학점 이상)
※ 건축학과 건축학전공 : 10학기는 직전학기 12학점 이상 이수(1∼9학기는 15학점 이상)
라. 등록 8학기 이내인 자(건축학과 건축학전공 : 등록 10학기 이내인 자)
예1) 학기취소 1회 후 8학기 진학예정인 경우 : 9회 등록금 납부이므로 선발 불가
예2) 학점 미 이수로 9학기 진학예정인 경우 : 9회 등록금 납부이므로 선발 불가
5.
교내장학생 공통사항
가
.
☆
중요
☆
모든 장학금은 등록금 내에서 다음 순서에 따라 우선 지급합니다
.
①
교외
(
외부
)
장학금
②
국가장학금
③
교내장학금
나. 성적 및 취득학점 산정방법
1) 평점평균(GPA) / 산술평균(100점만점) : F학점이 포함된 학적부성적 기준 산정
2) 취득학점 산정시 F학점은 0학점 취득으로 인정되어 취득학점 산정에서 제외
다. 온라인으로 반드시 신청해야 하며, 제출서류가 있는 장학금에 한하여 서류제출
※ 제출기간 내 미제출시 장학생 선발대상에서 제외
라. 모든 교내장학금은 중복수혜 불가
1) 장학금 간 중복신청 가능 (신청 장학금 중 수혜금액이 큰 장학금으로 자동선발)
2) 중복수혜 가능 장학금 : 국가장학금, 교외(외부)장학금, 근로장학금(교내/학과근로), 봉사장학금
– 수업료 범위 내 중복수혜 가능(근로장학금, 봉사장학금은 수업료 초과하여 수혜 가능)
마. 한국장학재단 중복지원방지사업 안내
1) 학자금대출액과 등록금 지원 목적 장학금 합계가 수업료 초과 시 중복지원 해당
2) 한국장학재단 콜센터를 통한 개별 해소 필수(다음 학기 국가장학금, 학자금대출에 영향)
6.
교내장학금별 선발자격 및 제출서류
:
장학금 선발자격 및 제출서류 안내
(
첨부문서 참조
)
7.
장학생 선발결과 발표 및 지급방식
가. 2021년 2월 중순 발표 예정 (u-Saint  등록/장학 및 등록금고지서 감면여부 확인가능)
나.
장학금신청시 계좌입력
:
우리은행 본인명의 개인계좌 입력 필수
다. 등록금 분할납부 신청 시, 등록금고지서에 감면된 장학금을 제외한 학생계좌지급 장학금은 분할납부 최종등록 완료 확인 후 지급"
biomedical_science,2020년 2학기 연구실험실 안전 온라인교육 수강 안내 및 수강기간 변경 안내,N/A,2020.12.21,https://bioinfo.ssu.ac.kr/%ea%b2%8c%ec%8b%9c%ed%8c%90/%ea%b3%b5%ec%a7%80%ec%82%ac%ed%95%ad/?term_id&slug=2330,"2020년 2학기 연구실험실 안전 온라인교육 안내 및 수강기간이 변경됨을 안내드립니다.
▶ 2020년 2학기 연구실험실 안전 온라인교육은 다음 사이트에서 수강하시면 됩니다.
가. 온라인교육 사이트:
http://www.safetycare.co.kr/
나. 교육 대상자
이공계 학부생중 실험수업 수강신청한 학부생    4,288명
▶ 온라인교육 수강기간 연장
가
.
변경후
: 2021.01.30
까지
나. 사유
– 2020년도 2학기 연구활동종사자에 대해 연구실 안전 온라인교육 진행 중에 교육사이트가 랜섬웨어 공격으로 온라인교육사이트 접속이 안 되었으나 현재 접속 가능함.
※
담당 부서 협조요청사항
-.
연구실 안전 온라인교육을
기간 내에
수료해 주시기 바랍니다
."
biomedical_science,포스트게놈다부처 유전체사업 총괄지원단 직원 채용 공고,N/A,2020.12.10,https://bioinfo.ssu.ac.kr/%ea%b2%8c%ec%8b%9c%ed%8c%90/%ea%b3%b5%ec%a7%80%ec%82%ac%ed%95%ad/?term_id&slug=2309,"< 포스트게놈다부처유전체사업 총괄지원단 직원 채용 공고 >
포스트게놈다부처유전체사업은 2014년부터 2021년까지 과학기술정보통신부, 보건복지부, 산업통상자원부, 해양수산부, 농림축산식품부, 농촌진흥청, 산림청 등 7개 부청이 인간 유전체에서부터 동식물 유전체까지 생명정보 분석기술을 개발하며 분석된 유용한 정보를 의료 및 산업분야에 활용을 목적으로 수행하고 있는 연구개발사업입니다.
총괄지원단은 부처간 협력강화, 공동연구 발굴, 범부처 성과관리, 산업화 연계, 성과확산 유도, 후속사업 기획 등 다부처사업의 원활한 추진을 위해 설립되었습니다. 효율적인 사업관리를 위해 아래와 같이 채용공고하오니 신청하여 주시기 바랍니다.
1.
지원자격
– 바이오 분야, 유전체 관련 석사 이상 우대
– 유전체 분석 서비스 회사 유경험자 우대
– 유관분야 5년 이상 경력자 우대
2.
담당업무
– 유전체 정보 분야 성과관리
– 유전체 정보 분석 관련 행정 지원
– 각 부처 유전체정보센터 협업 지원
– 유전체 정보 관련 시스템 운영 지원
– 관련 회의체 운영
3. 근무기간
: 포스트게놈다부처유전체사업 만료시까지
4. 급여조건
: 4,500 만원 내외(경력에따라 협의)
5.
제출서류
– 지원신청서 (이력서 포함) 1부
– 주요경력 소개서 1부
6.
제출처
– 접수방법 : E-mail 제출 (hyunji.lee.2525@gmail.com )
– 문의처 : 02-826-8830 (담당 : 이현지 주임연구원)"
biomedical_science,2021학년도 1학기 국가장학금 1차 신청 안내,N/A,2020.12.04,https://bioinfo.ssu.ac.kr/%ea%b2%8c%ec%8b%9c%ed%8c%90/%ea%b3%b5%ec%a7%80%ec%82%ac%ed%95%ad/?term_id&slug=2295,"2021학년도 1학기 국가장학금 1차 신청 안내하오니, 반드시 기간 내에 신청바랍니다.
가
.
국가장학금
1
차 신청기간
: 2020.11.24(
화
) ~ 2020.12.29(
화
) 18
시
※ 공휴일, 일요일 포함 신청기간 내 24시간 신청 가능
※ 재학생이 1차 신청기간에 신청하지 않을 경우, ‘신청기간 미 준수’로 탈락됩니다.
(다만, 구제신청서를 작성할 경우 재학 중 2회에 한해 구제신청을 받을 수 있습니다.)
※ 1차 신청기간에 신청하지 않을 경우, 국가 및 교내장학금 학기말 지급 가능
나
.
서류제출 및 가구원 동의기간
: 2020.11.24(
화
) ~ 2020.12.31(
목
) 18
시
※ 서류제출 및 가구원 동의 대상자는 반드시 이를 이행해야 장학금 신청이 완료됩니다.
다. 신청대상 : 대한민국 국적 학부생, 입학예정자
※ 재학생/신입생/편입생/재입학생/복학생 및 휴학생 등 모든 학적 신청가능
※ 국가장학금 최대 수혜횟수 범위 내에서 지급가능
라. 신청방법 : 한국장학재단 홈페이지 온라인신청
※ 붙임파일의 신청 매뉴얼 참조
※ 한국장학재단 홈페이지 주소 :
www.kosaf.go.kr
마. 상세안내: 학교 홈페이지 ‘장학’ 공지사항 참고
붙 임: 국가장학금 신청 매뉴얼 및 FAQ 각 1부.  끝."
biomedical_science,2021학년도 1학기 학·석사연계과정 지원 및 선발 안내,N/A,2020.12.04,https://bioinfo.ssu.ac.kr/%ea%b2%8c%ec%8b%9c%ed%8c%90/%ea%b3%b5%ec%a7%80%ec%82%ac%ed%95%ad/?term_id&slug=2287,"2021학년도 1학기 학·석사연계과정 지원 및 선발이 아래와 같이 진행되오니 관심 있는 학생들은 지원바랍니다.
1. 지원기간 :
2020
년
12
월
7
일
(
월
) ~ 12
월
24
일
(
목
)
2. 모집학과 : 학사과정과 석사과정에 동일(또는 유사)학과가 있는 학과(계약학과 제외)
3. 지원자격 :
다음 각호 모두에 해당되는 자
가) 지원일 당시
학사과정
4
학기 이상
6
학기 이내 재학 중
인 자
=> 5
학기 내지
7
학기 개시 전
인 학생만 지원 가능
(
학
·
석사연계과정 신청자는 조기졸업 신청을 할 수 없음
)
나) 재수강 이전 과목, 학점포기한 과목, F학점 과목 등을 포함한 전체 과목의 총평점평 균이
3.0/4.5
이상인 자
다)
7
학기 또는
8
학기
에 학사과정의 졸업요건을 충족
할 수 있는 자
라) 지원하고자 하는 일반대학원 학과 주임교수와 지도교수의 추천을 받은 자
마) 지원하고자 하는 일반대학원의 동일(또는 유사)학과를 주전공 또는 복수전공하는 자 (부전공, 연계전공은 해당없음)
4. 제출서류 :
학
·
석사연계과정신청서
1
부
5. 지원방법: 제출서류를 구비하여 대학원 교학팀(웨스트민스터홀 658호)로 방문접수
6.선발인원: 석사과정 입학정원의 20%
7. 발 표 일:
2021
년
1
월
29(
금
)
예정
–
학과 및 개별통지
8. 문의처 : 대학원 교학팀(02-820-0258∼9, grad@ssu.ac.kr)
붙임
1. 2021-1 학·석사연계과정 신청 및 선발 안내 1부.
2.학·석사연계과정신청서 1부. 끝."
biomedical_science,♣ 2021학년도 8월 졸업예정자 졸업논문제출 일정 안내,N/A,2020.11.18,https://bioinfo.ssu.ac.kr/%ea%b2%8c%ec%8b%9c%ed%8c%90/%ea%b3%b5%ec%a7%80%ec%82%ac%ed%95%ad/?term_id&slug=2273,"<2021
학년도
8
월 졸업예정자 졸업논문제출 일정 안내
>
-대상: 과사 메일로 졸업논문계획서를 제출한
2021
학년도
8
월 졸업예정자
–
해당자
:
첨부파일 참조
(*
누락 되었을 시
,
학과 사무실로 연락 바랍니다
)
2021학년도 8월 졸업예정자 졸업논문 제출 일정을 안내합니다.
1. ‘
리뷰 논문
’
시 논문 번역서
(
붙임
2)
제출
(
학생
) :
2020
년
12
월
24
일 목요일까지
*
붙임
2.
졸업논문
1
차 보고서(논문번역서)
2. 논문 번역서 1차 학부장 심사 및 이후 지도교수께 전달 :
2020
년
12
월
28
일
(
월
) ~ 1
월
8
일
(
금
)
3.
이해도 대면 심사 및 결과보고서
(
붙임
3)
제출
(
학생
) :
2021
년
2
월
26
일
(
금
)
까지
* 아직 코로나가 잠잠해지지 않은 관계로, 지난 여름방학처럼 교수님 재량으로 진행합니다.
교수님과 소통 후 진행
(
학생이 교수님께 개별적으로
‘
이해도대면심사
’
를 요청할 것
★
)
*
추후 자세한 내용 다시 안내 예정
(
학과 홈페이지 참조
).
4.
최종 졸업논문 작성
(
붙임
4,5)
및 제출
(
학생
) :
2021
년
5
월
20
일
(
목
)
까지
(붙임4,5 중 각자의 형식에 맞는 것을 택 1 / 4, 5 모두 쓰는 것은 아님)
*추후 최종 졸업논문 작성 관련, 자세한 내용은 다시 안내 예정(학과 홈페이지 참조).
최종 졸업논문 심사 : 2021년 5월 24일(월) ~ 5월 28일(금)
제출 방법
:
과사 이메일
(bioinfo@ssu.ac.kr)
제출 시 파일 이름 형식
: [@@@
제출
]
학번
_
이름
예
) [
졸업논문
1
차 보고서 제출
]20150000_
홍길동
* 일정에 따르지 않는 학생은 졸업이 연기됨.
* 논문번역서는 리뷰논문과 똑같은 포맷으로 작성(그림, 도표 모두 입력)
* 최종졸업논문은 첨부된 졸업논문양식에 맞게 작성
-최종졸업논문은 리뷰논문으로 선정한 논문과 똑같은 내용이 될 수 없으며 반드시 자신의 언어로 해석한 내용으로 논문을 작성하여 제출합니다.
*일반적인 사항은 ‘기타 내규’(학부교육 > 기타 내규)를 참조해주시기 바랍니다.
붙임
1.2021년 8월 졸업예정자 명단
2.졸업논문 1차 보고서
3.이해도대면심사 및 결과보고서
4.졸업논문양식(국문)
5.졸업논문양식(영문)
6.졸업논문계획서"
biomedical_science,★2021학년도 2월 졸업예정자 졸업논문제출 안내★,N/A,2020.11.13,https://bioinfo.ssu.ac.kr/%ea%b2%8c%ec%8b%9c%ed%8c%90/%ea%b3%b5%ec%a7%80%ec%82%ac%ed%95%ad/?term_id&slug=2259,"★2021학년도 2월 졸업예정자 졸업논문제출 안내★
-대상: 앞선 절차를 끝내고, 방학 중 지도교수와 이해도 대면 심사 및 결과 보고서까지 과사에 제출한 2월 졸업예정자
-졸업논문제출 기간:
~2020
년
11
월
20
일 금요일까지
-방법: 자기표현으로 바꾸고 보충한 뒤 졸업논문제출 양식에 맞게 작성하여(국문/영문 중 1택) 과사 이메일로 제출(
bioinfo@ssu.ac.kr
)
(*본래 1차 서면 제출, 2차 이메일 제출이 맞으나, 코로나로 인해
일괄
이메일 제출
해주시기 바랍니다.)
-해당자: 첨부파일 참조(*누락 되었을 시, 학과 사무실로 연락 바랍니다)
*논문을 번역하여 졸업논문으로 제출하고자 할 때는 반드시 첫페이지 제목 옆에 윗첨자로 ¹⁾이라 달고, 첫페이지 맨 아래에 “¹⁾이 논문은 ‘전체 저자명. (연도). 제목. 저널명 Volume number, 시작page-마지막page번호.’의 논문을 번역한 것임.” 이라고 반드시 명시해야 합니다.
예)
¹⁾ 이 논문은 ‘Rogers, P.R., Song, J., Gramaglia, I., Killeen, N. and Croft, M. (2001). OX40 promotes Bcl-xL and Bcl-2 expression and is essential for long-term survival of CD4 T cells. Immunity 15, 445-455.’의 논문을 번역한 것임.
*논문표절의 오해소지가 있으니 반드시 기입하여야 함.
* 일정에 따르지 않는 학생은 졸업이 연기됨.
* 논문번역서는 리뷰논문과 똑같은 포맷으로 작성(그림, 도표 모두 입력)
* 최종졸업논문은 첨부된 졸업논문양식에 맞게 작성
-리뷰논문으로 선정한 논문의 길이 (PAGE수)에 준하는 논문을 작성하여 제출하도록 합니다.
-리뷰논문으로 선정한 논문과 똑같은 내용이 될 수 없으며 반드시 자신의 언어로 해석한 내용으로 논문을 작성하여 제출합니다.
*일반적인 사항은 ‘기타 내규’(학부교육 > 기타 내규)를 참조해주시기 바랍니다.
의생명졸업논문양식영문
의생명_졸업논문양식국문
첨부
1.2021년 2월 졸업예정자 명단
2.졸업논문양식(국문)
3.졸업논문양식(영문)
(첨부파일2, 3중 각자의 형식에 맞는 것을 1택 / 2, 3 모두 쓰는 것은 아님)"
biomedical_science,2020학년도 2학기 특별재난지역(수해 피해) 지원 장학생 선발,N/A,2020.10.19,https://bioinfo.ssu.ac.kr/%ea%b2%8c%ec%8b%9c%ed%8c%90/%ea%b3%b5%ec%a7%80%ec%82%ac%ed%95%ad/?term_id&slug=2212,"2020학년도 2학기 특별재난지역(수해 피해) 지원 장학생을 다음과 같이 선발중이니, 해당  학생들은 신청하기 바랍니다.
가. 대상: 집중호우로 인하여 수해 피해를 입은(특별재난지역 거주) 학부 재학셍
나. 자격요건
1) 2020학년도 2학기 등록한 학부 재학생
2) 2020년 6월 이후 집중호우로 인한 피해 사실이 확인된 자
3) 정규등록 8학기 이내인 자 (건축학과 건축학전공: 정규등록 10학기 이내인 자)
다. 지원금액: 대상자수에 따라 1인당 장학금액 산정 예정(1인당 최대 100만원 지원 가능)
※ 생활비 지원 목적
라. 신청기간: 2020.10.13.(화) ~ 10.30.(금)
마. 신청방법: 제출서류 장학팀 메일(
ser@ssu.ac.kr
)로 제출
바. 제출서류
1) 장학금 신청서
2) 피해사실 확인서(관할 읍·면·동 주민센터 발행)
3) 가족관계증명서
※ 자세한 사항은 학교 홈페이지 공지사항을 참고하여 주시기 바랍니다
."
biomedical_science,2020학년도 8월 졸업예정자 졸업논문제출 안내,N/A,2020.05.15,https://bioinfo.ssu.ac.kr/%ea%b2%8c%ec%8b%9c%ed%8c%90/%ea%b3%b5%ec%a7%80%ec%82%ac%ed%95%ad/?term_id&slug=2237,"<2020학년도 8월 졸업예정자 졸업논문제출 안내>
-대상: 앞선 절차를 끝내고, 방학 중 지도교수와 이해도 대면 심사 및 결과 보고서까지 과사에 제출한 8월 졸업예정자
-졸업논문제출 기간: ~2020년 5월 29일까지 (*5월 20일까지가 맞으나, 앞서 학사가 2주 연기되었던 관계로 29일까지 진행될 예정입니다.)
-방법: 자기표현으로 바꾸고 보충한 뒤 졸업논문제출 양식에 맞게 작성하여(국문/영문 중 1택) 과사 이메일로 제출(
bioinfo@ssu.ac.kr
) (*본래 1차 서면 제출, 2차 이메일 제출이 맞으나, 코로나로 인해 일괄 이메일 제출 해주시기 바랍니다.)
-해당자: 첨부파일 참조(*누락되었을시, 학과 사무실로 연락 바랍니다)
*첨부된 졸업논문제출 양식을 다운로드하셔서 따라주시고, 인용표기에 유의해주시기 바랍니다. 논문을 번역하여 졸업논문으로 제출하고자 할 때는 반드시 첫페이지 제목 옆에 윗첨자로 ¹⁾이라 달고, 첫페이지 맨 아래에 “¹⁾이 논문은 ‘전체 저자명. (연도). 제목. 저널명 Volume number, 시작page-마지막page번호.’의 논문을 번역한 것임.” 이라고 반드시 명시해야 합니다.
예)
¹⁾ 이 논문은 ‘Rogers, P.R., Song, J., Gramaglia, I., Killeen, N. and Croft, M. (2001). OX40 promotes Bcl-xL and Bcl-2 expression and is essential for long-term survival of CD4 T cells. Immunity 15, 445-455.’의 논문을 번역한 것임.
*논문표절의 오해소지가 있으니 반드시 기입하여야 함.
* 일정에 따르지 않는 학생은 졸업이 연기됨.
* 논문번역서는 리뷰논문과 똑같은 포맷으로 작성(그림,도표 모두 입력)
* 최종졸업논문은 첨부된 졸업논문양식에 맞게 작성
-리뷰논문으로 선정한 논문의 길이 (PAGE수)에 준하는 논문을 작성하여 제출하도록 합니다.
-리뷰논문으로 선정한 논문과 똑같은 내용이 될수없으며 반드시 자신의 언어로 해석한 내용으로
논문을 작성하여 제출합니다.
*일반적인 사항은 <기타 내규>를 참조해주시기 바랍니다.
첨부
1.8월 졸업예정자 명단
2.졸업논문양식(국문)
3.졸업논문양식(영문)
(첨부파일2, 3중 각자의 형식에 맞는 것을 하나 고를 것 / 2, 3 모두 쓰는 것은 아님)"
biomedical_science,융합전공 21학점 초과 학점 이수 관련 안내 (융합 전공 이수자만 해당),N/A,2020.02.13,https://bioinfo.ssu.ac.kr/%ea%b2%8c%ec%8b%9c%ed%8c%90/%ea%b3%b5%ec%a7%80%ec%82%ac%ed%95%ad/?term_id&slug=1934,"융합전공 이수자에게만 해당되는 내용으로, 융합전공 이수자들은 참고하기 바랍니다.
올해부터 우리 학부 개설 전공 과목 중 일부 과목이 융합전공 선택 과목으로 추가 지정되었습니다. 융합전공 선택 교과목 중 21학점 이내에서 주전공 전공학점으로 중복 인정한다는 규정 때문에, 우리 과에서 개설된 융합전공 선택 과목을 21학점 초과해서 들으면 초과해서 들은 과목들은 우리 과의 전공 선택 과목으로 인정되지 않지 않나 우려하는 학생들이 있었습니다. 그런데, 융합선택 21학점을 초과한 과목은 융합선택 과목이 아닌 전공선택 과목으로 이수구분변경신청을 할 수 있습니다.(학칙 시행 세칙 제44조의2-2)
예를 들어 보겠습니다.
학생A : 융합과목인 <생명정보개론, 생물통계, 구조생물학, 생물물리, 화합물빅데이터, NGS 데이터분석, 알고리즘, 바이오데이타마이닝, 빅데이타분산컴퓨팅, 의생명영상처리, 자료구조, 컴퓨터구조>(36학점)를 듣고 융합과목이 아닌 <미생물학 및 실험, 유기화학1, 화학정보개론,생화학1,생화학2,분자생물학,의생명시스템특론1, 의생명시스템특론2, 물리화학 및 실험, 선형대수, 세포생물학, 신약개발및실습, 기기분석실험, 분자생물학실험, 논문연구1>(42학점)를 들었다 할 때, 융합전공 과목 36학점은 이미 채웠습니다. 주전공 63학점을 채워야 하는데, 융합 과목 이외의 전공 과목을 42학점 들었고 융합 과목 들은 것 36학점 중 21학점이 주전공 과목으로 중복 인정되므로 42+21=63학점이 만족됩니다.
학생B : 융합과목인 <생명정보개론, 생물통계, 구조생물학, 생물물리, 화합물빅데이터, NGS 데이터분석, 알고리즘, 바이오데이타마이닝, 빅데이타분산컴퓨팅, 의생명영상처리, 자료구조, 컴퓨터구조, 면역학, 합성생물학>(42학점)를 듣고 융합과목이 아닌 <미생물학 및 실험, 유기화학1, 화학정보개론,생화학1,생화학2,분자생물학,의생명시스템특론1, 의생명시스템특론2, 물리화학 및 실험, 선형대수, 세포생물학, 신약개발및실습>(36학점)를 들었다 할 때, 융합전공 과목 36학점은 이미 채웠습니다. 주전공 63학점을 채워야 하는데, 융합 과목 이외의 전공 과목을 36학점 들었고 융합 과목 들은 것 42학점 중 21학점이 주전공 과목으로 중복 인정되므로 36+21=57이라 63학점이 안 됩니다. 수강한 의생명 개설 과목 중 융합 과목이 너무 많아서 그런 것인데, 이 때 예를 들어 면역학과 합성생물학을 융합과목이 아닌 주전공선택 과목으로 이수 구분 변경 신청을 하면 됩니다. 이렇게 되면 융합 과목은 <생명정보개론, 생물통계, 구조생물학, 생물물리, 화합물빅데이터, NGS 데이터분석, 알고리즘, 바이오데이타마이닝, 빅데이타분산컴퓨팅, 의생명영상처리, 자료구조, 컴퓨터구조>(36학점), 융합 이외의 전공선택과목은 <미생물학 및 실험, 유기화학1, 화학정보개론,생화학1,생화학2,분자생물학,의생명시스템특론1, 의생명시스템특론2, 물리화학 및 실험, 선형대수, 세포생물학, 신약개발및실습, 면역학, 합성생물학>(42학점)이 되어 A학생의 경우와 마찬가지가 되어 졸업 요건이 충족됩니다.
학점 이수 구분 변경 신청은 졸업 학기에 횟수 제한없이 할 수 있습니다."
biomedical_science,2020-1 의생명 교과 과정 전공 인정 안내,N/A,2020.02.11,https://bioinfo.ssu.ac.kr/%ea%b2%8c%ec%8b%9c%ed%8c%90/%ea%b3%b5%ec%a7%80%ec%82%ac%ed%95%ad/?term_id&slug=1951,"3-4학년 전과목 ‘공통’ 전공인정
현재 교수님들의 연구년, 은퇴, 보직 수행 등이 겹쳐져 미개설 과목이 많은 상황입니다.
‘생명공학’ 전공과 ‘생명정보’ 전공 수업이 나뉘어져있고, 아예 구분이 되지 않는 과목도 있으나 이례적으로
2020년도 1학기 3,4학년 전과목
모두 ‘
공통(생명공학 및 생명정보)
‘으로 전공 인정될 예정이오니, 참고하여 커리큘럼을 짜주시기 바랍니다. ‘공통’으로 분류된 과목은 ‘생명공학’과 ‘생명정보’로 중복 인정된다는 뜻이지 꼭 들어야 할 필수 과목을 의미하는 것은 아닙니다.
또한, 2020년도~2021년도 8월 졸업 예정자들에 한해 3학년 2학기
세포생물학
과 4학년 2학기
합성생물학
을 ‘
생명공학
‘ 전공 과목으로 인정할 예정입니다."
biomedical_science,2020년 2월 졸업 및 수료생 졸업확정신고제도 시행 안내(학사과정),N/A,2020.01.14,https://bioinfo.ssu.ac.kr/%ea%b2%8c%ec%8b%9c%ed%8c%90/%ea%b3%b5%ec%a7%80%ec%82%ac%ed%95%ad/?term_id&slug=1960,"※졸업확정신고 제도가 금일(2020년 1월 14일)부터 본격적으로 시행되었으니, 2020년 2월 졸업생 및 수료예정자들은 1월 28일(화)까지 유세인트를 통하여 졸업여부를 접수하여 주시기 바랍니다. 다음은 관련 공문내용을 첨부하며, 상세사항은 첨부파일을 참조하시기 바랍니다.
1. 관련 : 학사팀-2529, 2545 (2019.12.05.) 졸업확정신고 제도 도입, 추진 및 의견수렴
2. 개정 규정 : 숭실대학교 학칙 제46조(학사과정의 졸업), 2020.1.22. 대학평의원회 심의
(학칙 개정 심의 통과 시 바로 시행되므로 2020.2월 졸업예정자부터 적용대상이 됨)
3. 제도 개요 및 배경/목적
가. 학생의 해당 학기 졸업 희망/비희망 여부를 u-SAINT 시스템으로 접수
나. 학생의 해당 학기 졸업 희망/비희망 의사를 보다 편리하게 표시할 수 있도록 하여
학생 편의성 및 학사 행정 정확성을 개선
4. 졸업요건
1)졸업학점 충족
2)졸업논문/시험 성적 통과
3)u-Saint에서 졸업 확정 동의(신규 요건)
비고☞ u-Saint 졸업 확정 동의 여부로 졸업시기 조정, 1개 조건이라도 미달될 경우 졸업 불가능(수료)
5. 2020년 2월 졸업/수료생 신고 제출 기간 : 2020. 01.14.(화) 13:00 ~ 01.28(화) 13:00 까지
(학칙 개정 통과 시 바로 적용해야 하므로 개정 적용 전 미리 신고 접수 실시)
6. 신고 제출 절차
가. u-SAINT 접속 > 학사관리 > 성적/졸업 > 졸업확정신고 메뉴 이동
나. 졸업생 연락처 업데이트를 위한 개인정보 수집동의 확인 및 연락처 정보 입력
다. 졸업 희망자 : 확정 동의 신청 클릭 > 고지내용 확인 > 제출 버튼 클릭
라. 졸업 거부자 : 확정 거부 신청 클릭 > 고지내용 확인 > 제출 버튼 클릭
마. 신고 미제출 = 미정 = 졸업 거부자로 간주, 졸업 희망자는 반드시 동의 신청 필요!
7. 유의사항
가. 졸업 확정 신고는 신청한 학기에만 유효함
(졸업할 때 까지 매 학기마다 동의/거부를 다시 신청)
나. 신고 학기에 다른 요건 미달로 졸업하지 못한 경우, 졸업할 학기에 다시 신고해야 함
다. 신고 상태를 변경하려는 경우 위 공지한 신청, 변경 기간까지만 변경/재신청 가능
8. 문의 : 카카오톡 채널 1:1 채팅 <숭실대 학사팀~> http://pf.kakao.com/_MarZC/chat
학사팀 대표전화 02-820-0150"
biomedical_science,711호 사용 안내,N/A,2018.08.03,https://bioinfo.ssu.ac.kr/%ea%b2%8c%ec%8b%9c%ed%8c%90/%ea%b3%b5%ec%a7%80%ec%82%ac%ed%95%ad/?term_id&slug=1937,"의생명시스템학부에서는 벤처관 7층 PC실을 학생들이 사용할수 있도록 하고 있습니다. 오후 5시 20분 이후에 사용을 하고자 원하는 학생들은 학과사무실로 오셔서 사용신청서 작성후 열쇠를 받아 사용하시고 반드시 소등, 문단속 및 정리정돈을 하여 주시기 바랍니다. 5시 20분 이후에는 문이 잠겨있으니 사용신청서 없이는 사용이 불가능합니다. 사용하신열쇠는 익일 오전 10시까지 학과사무실로 반납해주시기 바랍니다. 문의는 학과사무실로 하여 주세요~
대여시 소등, 문단속, 정리정돈, 열쇠반납 이 잘 되지 않는경우 패널티를 두어 대여가 제한되오니 잘 지켜주시기 바랍니다."
