department,title,author,date,link,content
chemistry,2025년 2학기 졸업논문 일정,N/A,2025.07.25,https://chem.ssu.ac.kr/%ea%b3%b5%ec%a7%80%ec%82%ac%ed%95%ad/?term_id&slug=4715,"2026년 2월 졸업예정자 중, 기사자격증 취득 못한 경우, 9월 5일(금)까지 반드시 연락 바랍니다. (강원철 교수, wonchullkang@ssu.ac.kr)
논문제출 및 일정 공지를 위해 4학년 (7/8 학기 재학생) 전체 학생은 논문연구2 LMS에 초대될 예정입니다. 논문연구2 수강은 필수가 아니지만, 반드시 LMS로 모든 자료를 제출해야 합니다.
2026년 2월 졸업예정자
논문발표 (포스터발표)
발표자료 제출기한: 10월 16일(목)
제출방법: LMS 논문연구2 과제제출
제출파일: PPT 파일 (서식구성은 자유롭게 가능하며, 졸업논문 또는 졸업논문대체제도보고서에 있는 모든 내용이 포함되어야 함)
발표대상: 2026년 2월 졸업예정자
발표시간: 15분
포스터발표일: 10월  30일(목) 5시-6시 (4시 30분부터 사전준비 필요).
“화학과 전체 재학생 (1-4학년)을 위한 행사로써 참여를 권장합니다”
포스터발표심사: 발표시간 내에 심사위원 (학과교수님 2분)에 의해 개별적으로 이루어집니다
발표자료: PPT 발표 슬라이드를 모두 컬러 출력 또는 PPT 발표자료를 A0 용지크기 (841 x 1189 mm)로 제작하여 출력
발표장소에는 이름/학번이 부착된 포스터 보드가 설치될 예정입니다. 보드에 발표자료를 부착하면 됩니다.
발표장소: 추후공지
2. 우수포스터 수상자 시상식 및 구두발표
“화학과 전체 재학생 (1-4학년)을 위한 행사로써 참여를 권장합니다”
발표일: 11월 20일(목) 5시-6시
대상자: 추후발표
장소; 추후공지
3. 최종논문제출
제출기한: 12월 4일(목)
제출방법: LMS 논문연구2 과제제출
제출파일: PDF파일
제출대상: 2026년 2월 졸업예정자
7학기 재학생
논문계획서 제출
제출기한: 9월 25일 (목)
제출방법: LMS 논문연구2 과제제출
제출파일: PDF파일
제출대상: 7학기 재학생
2
.
중간보고서 제출
제출기한: 12월 4일(목)
제출방법: LMS 논문연구2 과제제출
제출파일: PDF파일
제출대상: 7학기 재학생"
chemistry,★융합전공 필수과목 전공선택 인정 여부에 관한 안내★,N/A,2023.03.24,https://chem.ssu.ac.kr/%ea%b3%b5%ec%a7%80%ec%82%ac%ed%95%ad/?term_id&slug=3600,"양자나노 융합전공필수 과목의 화학과 전공선택 인정 여부에 관한 안내드립니다.
양자나노 융합전공필수 과목을 수강한 후 화학과 전공선택으로 인정받기 위해서는
융합전공
이수
신청
→
포기
이력이 있어야만 합니다. 이 이력이 있는 학생들에 한하여
이수구분
변경
절차를 거쳐 해당 과목의 이수구분이 융합전공필수에서 전공선택으로 변경됩니다. 학생의 융합전공 이수 신청과 포기 이력의 유무에 따라 분류한 다음의 경우들에 대한 상세한 내용을 참고하기 바랍니다.
1.융합전공 이수 신청하여 해당 과정 이수 중인 학생의 경우
수강한 융합전공필수 과목은 융합과정의 전공필수로 인정될 뿐 화학과 전공선택으로 인정되지 않습니다. 즉, 융합전공필수 학점과 화학과 전공선택 학점으로 이중으로 인정되지 않음을 주지하기 바랍니다.
2.
융합전공
이수
신청
후
다시
해당
융합전공
이수
포기한
학생의
경우
융합전공 이수 중에 수강한 융합전공필수 과목은 이수 포기 후
이수구분
변경
절차를 거쳐 화학과 전공선택으로 이수구분이 변경됩니다. 즉, 융합전공 이수 중에는 융합전공필수로 융합전공 포기 시에는 화학과 전공선택으로 인정될 수 있습니다. 다만, 이를 위해서는 이수 포기 절차와 이수구분 신청 절차를 거쳐야 합니다.
3.
융합전공
이수
신청하지
않고
융합전공필수
과목을
수강한
학생의
경우
이 경우 이미 수강한 융합전공필수 과목은 교양선택으로 구분되는 점에 주의하기 바랍니다. 이미 수강한 융합전공필수 과목을 화학과 전공선택 과목으로 인정받고자 하는 경우에는 반드시 해당
융합전공
이수
신청
→
포기
절차를 밟은 후
이수구분
변경
절차가 필요합니다. 이 절차는 다음의 스케줄을 참고하여 진행하기 바랍니다.
▶
융합전공
이수
신청
:
방학 중 (통상 1월과 7월) 다전공 신청 시기에 융합전공 이수 신청
▶융합전공
이수
포기
:
학기 개시 후 다전공 포기 신청 시기에 융합전공 이수 포기 신청
▶
이수구분
변경
신청
:
학기 개시 후 이수구분 변경 신청 시기에 이수구분 변경 신청
*이수구분 변경 신청 기간은 숭실대학교 공지사항에서 확인 하세요
* (중요)2023
년
1
학기가
졸업
전
마지막
학기인
학생의
경우
–
전공선택
학점으로
인정될
수
있을
지에
대해서
관계부서들과
협의
중입니다
.
이와
관련한
결정
사항은
추후에
안내하겠습니다
."
chemistry,[안내] 2026학년도 1학기 한국장학재단 국가장학금 1차 신청 안내,N/A,2025.11.19,https://chem.ssu.ac.kr/%ea%b3%b5%ec%a7%80%ec%82%ac%ed%95%ad/?term_id&slug=4807,"2026학년도 1학기 한국장학재단 국가장학금 관련하여 소속 학과(부) 학생들이 신청할 수 있도록 홍보하여 주시기 바랍니다.
1. 요청사항
가. 홍보내용 각 학과(부) 홈페이지 공지
나. 홍보내용 학생회 공유 및 학생 안내(SMS 발송 등)
2. 홍보내용(학교 홈페이지 공지사항 참조):
바로가기
3. 세부안내
가. 신청기간: 2025.11.20.(목) 9:00~2025.12.26.(금) 18:00까지
나. 서류 제출 및 가구원 동의 기간: 2025.11.20.(목) 9:00~2026.01.02.(금) 18:00까지
다. 신청대상: 신입생(고3, 재수생 등 입학예정자), 재학생, 편입생, 재입학생, 복학생 및
휴학생 등 모든 학적 신청가능
※ 재학생은 1차 신청이 원칙이며, 재학 중 2회에 한해 2차 신청으로 수혜 가능
(
단
,
구제신청
2
회 기사용 또는 기타 탈락사유 존재 시 지원 불가
)
※ 국가장학금 신청후 소득분위 심사가 완료된 학생에게 교내장학금 지급이 가능하므로
반드시 신청
라. 신청방법: 한국장학재단 누리집(www.kosaf.go.kr) 및 모바일 앱에서 신청"
chemistry,"숭실대학교 화학과, ‘Rebooting’을 통한 44주년 홈커밍데이 성료",N/A,2025.11.18,https://chem.ssu.ac.kr/%ea%b3%b5%ec%a7%80%ec%82%ac%ed%95%ad/?term_id&slug=4776,"숭실대학교 화학과, ‘Rebooting’을 통한 44주년 홈커밍데이 성료
“미래 첨단 기술 공유하고 세대를 잇는 화학인의 끈끈한 네트워크 구축”
숭실대학교 화학과는 2025년 11월 8일 토요일, 형남공학관 형남홀에서 동문, 재학생, 교수 화학과 구성원 전체가 함께한 가운데 ‘44주년 기념 동문 홈커밍데이’를 성황리에 개최했다.
이번행사는 ‘Rebooting Soongsil Chemistry’라는 슬로건 아래 2025년을 기념으로 동문 네트워크를 강화하고 학과 발전의 새로운 도약을 선언하며 정례 행사로 자리매김하기 위한 첫걸음이었다는 점에서 큰 의미를 가진다. 오후 3시부터 7시까지 진행된 홈커밍데이는 130여 명의 동문 및 재학생이 참여하여 성황을 이루었다. 화학과 명예교수 남정이교수님 외 학과 교수전체와 의생명시스템학부 조광휘교수님 (화학과 85학번)이 참여하여 자리를 빛냈으며, 화학과 1기 81학번 동문부터 25학번 재학생까지 한 자리에 모여 네트워크를 다지는 자리가 되었다.
이날 행사는 개회기도 및 인사말을 시작으로 동문과 재학생 간의 활발한 교류를 촉진하는 다양한 순서로 진행되었다. 재학생들은 학과 소식과 오비탈 소모임 활동을 소개하고 화학과 밴드 공연을 선보이며, 동문들에게 모교의 역동적인 모습을 생생하게 전달하며 큰 호응을 얻었다.
행사의 핵심 순서인 전문가 특강에서는 화학 분야의 가장 뜨거운 미래 기술 동향을 공유했다. 권오민교수 (한양대학교 ERICA 배터리소재화학공학과, 화학과 02학번)는 전고체전지의 핵심 소재인 황화물계 고체전해질의 안정성을 개선하는 연구를 소개했으며, 남기엽박사는 (㈜파로스아이바이오 CTO, 화학과 91학번) 인공지능(AI) 플랫폼 기반의 혁신 신약개발 전략을 발표했다. 이 강연들은 화학과 동문들이 급변하는 산업 환경에서 필요한 첨단 지식을 습득하고, 재학생들이 미래 진로에 대한 구체적인 비전을 키우는 실질적인 멘토링의 장이 되었다.
모든 순서가 끝난 후, 참석자들은 만찬을 함게하며 세대를 아우리는 끈끈한 네트워크를 구축하고 모교 발전과 동문 간의 협력을 다짐하는 뜻깊은 시간을 가졌다. 이번 홈커밍데이를 통해 확인된 화학인의 열정과 지성을 바탕으로, 앞으로도 동문과 재학생이 함께 성장하고 화학의 위상을 높이는 정기적인 교류의 장을 지속적으로 마련하기 위해 화학과 동문회 조직 강화를 위한 뜻깊은 초석을 다졌다.
2025/11/08"
chemistry,[안내] 2026학년도 1학기 학·석사연계과정 지원 및 선발 안내,N/A,2025.11.10,https://chem.ssu.ac.kr/%ea%b3%b5%ec%a7%80%ec%82%ac%ed%95%ad/?term_id&slug=4767,"1. 지원기간 : 2025.12.1.(월)~12.12.(금)
2. 모집학과 : 학사과정과 석사과정에 동일(또는 유사)학과가 있는 학과(계약학과 제외)
3.지원자격 :
다음 각호 모두 해당되는 자
가. 지원일 당시 학사과정 4학기 이상 6학기 이내 재학 중(건축학부 건축학전공은 6학기 이상 8학기 이내 재학 중)인 자 (학·석사연계과정 신청자는 조기졸업 신청을 할 수 없음)
나. 재수강 이전 과목, 학점포기한 과목, F학점 과목 등을 포함한 전체 과목의 총평점평균이 3.0 / 4.5 이상인 자 (학적부성적)
다. 7학기 또는 8학기(건축학부 건축학 전공은 9학기 또는 10학기)에 학사과정의 졸업요건을 충족할 수 있는 자
라. 지원하고자 하는 일반대학원 학과 주임교수와 지도교수의 추천을 받은 자
마. 지원하고자 하는 일반대학원의 동일(또는 유사)학과를 주전공 또는 복수전공으로 하는자
4. 제출서류
가. 학·석사연계과정 신청서(붙임 1) 1부.
나. 학적부성적 1부.
5. 지원방법 : 대학원 교학팀으로 방문 접수(웨스트민스터홀 658호)
6. 선발인원 : 석사과정 입학정원의 20%
7. 발표일 : 2026.1.23.(금) 예정 – 학과 및 개별 통지
8. 관련 안내
가. 대상 : 지원 가능 대상자 및 학과
나. 방법 : 안내문(붙임 2) 배포 및 대학원 홈페이지 공지
9. 문의처 : 대학원 교학팀(02-820.0258~9 , grad@ssu.ac.kr)"
chemistry,화학과 홈커밍데이 개최,N/A,2025.11.06,https://chem.ssu.ac.kr/%ea%b3%b5%ec%a7%80%ec%82%ac%ed%95%ad/?term_id&slug=4763,"다음 일정에 동문, 재학생, 교수님이 참가하는 홈커밍데이가 개최됩니다.
일시: 2025년 11월8일(토) 15시
장소: 형남공학관 2층 형남홀
프로그램:
15:00 – 17:00 – 학생활동 소개, 동문 특강, 경품추첨 등
17:00 – 19:00 – 만찬"
chemistry,2025학년도 4학년 학부졸업논문 발표회,N/A,2025.10.22,https://chem.ssu.ac.kr/%ea%b3%b5%ec%a7%80%ec%82%ac%ed%95%ad/?term_id&slug=4760,"안녕하세요.
4학년 학생들이 1년간의 노력 끝에 완성한 졸업논문 연구 성과를 발표하는 ‘2025학년도 학부 졸업논문 발표회’를 개최합니다. 미래의 화학을 이끌어갈 숭실 화학인의 첫 걸음이 될 이번 발표회에 대학원생과 재학생들의 많은 관심과 참여를 부탁드립니다.
일시: 2025. 10. 31 (목) 5시-6시
장소: 신양관 3층 피라미드"
chemistry,[안내] 2025학년도 2학기 AI 기반 맞춤형 학습지원(슈터디),N/A,2025.09.09,https://chem.ssu.ac.kr/%ea%b3%b5%ec%a7%80%ec%82%ac%ed%95%ad/?term_id&slug=4752,"1. 프로그램 개요
가. 프로그램명: 슈터디(SSUtudy)
나. 목적 및 기대효과
1) AI 기술이 적용된 학습 콘텐츠 활용을 통해 학생의 자기주도 학습 환경 조성 및 기초 학습역량 강화
2) 진단 평가 및 AI Tutor 시스템을 활용한 학습 수준 분석과 수준별 개인 맞춤형 학습지원 제공
다. 대상: 학부 재학생(휴학생 포함)
라. 지원 과목: 기초 수학, 기초 과학, 기초 영어(신설) ※ 자세한 과목 내용은 붙임 파일 참조
마. 주요 서비스 기능
1) 과목별 기초학력 진단평가
2) 진단평가 결과에 따른 AI 기반 수준별 맞춤형 학습 콘텐츠 제공
– 오답 등 학습 데이터 기반 추가 학습 자료 제공 및 추천 학습 문항 제시
3) 학습 참여율, 학습 결과 분석 등 학습 내용 통계
4) AI 챗봇 학습 도우미 서비스 통한 개별 질의응답 및 피드백 가능
5) 운영 결과 보고서 제공
바. 운영 일정
구분
기간
비고
신청 기간
2025. 9. 8.(월) ~ 9. 21.(일)
슈패스(SSUPATH)에서 접수
학습 콘텐츠 이용 기간
2025. 9. 23.(화) ~ 2026. 2. 13.(금)
1차 진단 평가 기간
2025. 9. 23.(화) ~ 9. 30.(금)
*필수, 마감 이후 응시 불가능
2차 진단 평가 기간
2025. 12. 15.(월) ~ 2026. 1. 30.(금)
*필수, 마감 이후 응시 불가능
과제(인증) 제출 기간
2025. 12. 16.(화) ~ 2026. 1. 30.(금)
*이수 인증(2차 진단 평가 화면 캡쳐)
*필수, 마감 이후 제출 불가능
사. 신청방법: 슈패스(https://path.ssu.ac.kr) 로그인 후, 비교과 프로그램에서 “2025-2학기 슈터디(SSUtudy)” 신청"
chemistry,[안내] 2025 숭실잡페어 안내,N/A,2025.09.04,https://chem.ssu.ac.kr/%ea%b3%b5%ec%a7%80%ec%82%ac%ed%95%ad/?term_id&slug=4747,"1. 행사명: 2025년 숭실 잡페어 “취업고민? 여기서 RESET! 잡(JOB)아라 네 미래”
2. 일시: 2025.09.09.(화)~2025.09.10.(수) 10:00~17:00
3. 장소: 한경직기념관 1층 김덕윤예배실 앞 로비 및 김덕윤예배실
4. 행사내용
가. 기업관(50개사) 및 현직자멘토링(10개사), 청년고용정책관, 진로취업센터관
나. 취업지원을 위한 참여자 이력서 사진 촬영 및 퍼스널 컬러 진단 등 이벤트
5. 참여방법: 포스터 내 QR코드로 JOB FAIR 홈페이지(
https://2025jobfair.co.kr
) 이동하여 프로그램별로 신청
잡페어의 내실을 위해 양일 부스종료 후 명사특강도 진행됩니다."
chemistry,[취업] (주)두산 사업부문 2025년 하반기 신입사원·채용연계형 인턴·산학장학생 채용,N/A,2025.09.01,https://chem.ssu.ac.kr/%ea%b3%b5%ec%a7%80%ec%82%ac%ed%95%ad/?term_id&slug=4742,"2025년 하반기 (주)두산 사업부문 신입사원·채용연계형 인턴·산학장학생 채용
모집기간 : 9/1(월) ~ 9/19(금) 18:00
[모집 직무 바로 보러 가기]
https://www.doosan-recruit2025.com/
[지원접수 방법]
– 접수기간 : 2025년 9월 1일(월) ~ 2025년 9월 19일(금) 18:00까지 (18시 이후 제출 불가)
– 입사지원은 두산 채용홈페이지 ‘커리어두산’ (
https://career.doosan.com/
)을 통해 가능합니다.
[신입사원 모집부문]
– (주)두산 VCC : 재무, 회계, AI 전략기획 및 개발, HR
– (주)두산 전자 : R&D(제품개발), R&D(연구개발), 생산/생산기술, 품질, 영업/마케팅, FA, 전략, AI
[채용연계형 인턴 모집부문]
– (주)두산 디지털이노베이션 : AI
[산학장학생 모집부문]
– (주)두산 전자 : R&D(제품개발), R&D(연구개발), AI
[지원 자격]
– 석사과정 2학기 재학생(’27년 2월 졸업예정자)
– ’27년 1월 중 입사 가능자
– 모집분야 관련 전공/ 자격요건 이외에도 동일 전문성을 갖추고 있는 자는 지원 가능
– 어학 : 지원서 제출 마감일 기준 2년 이내 취득한 공인 영어성적 보유자
TOEIC Speaking 또는 OPIc : IM(Intermediate Mid), 이공 IL(Intermediate Low) 등급 이상
– 병역필 또는 면제자, 해외 근무에 결격사유 없는 자
[혜택]
1. 장학금 월 180만원 지원 (1년)
2. IT기기 지원 (아이패드)
3. 학업우수 장려금 지원 *교내 성적 우수자 선정 시 회사에서 100만원 추가 지급
4. Pre-Onboarding *네트워킹 활동 지원
———————————————————————————————————–
[공통자격 요건]
신입사원 ((주)두산 VCC, (주)두산 전자) |
– 정규 4년제 대학교(이상) 졸업자 및 ’26년 2월 졸업예정자 (’26년 1월 중 입사 가능자)
채용연계형 인턴 ((주)두산 디지털이노베이션) |
– 정규 4년제 대학교(이상) 졸업자 및 ’26년 2월 졸업예정자
– 인턴십 근무 (’25년 11워~12월 중, 4주) 및 ’26년 1월 중 입사 가능자
산학장학생 ((주)두산 전자) |
– 석사과정 2학기 재학생 (’27년 2월 졸업예정자)
– ’27년 1월 중 입사 가능자
[전형절차 및 일정]
신입사원 ((주)두산 VCC, (주)두산 전자) |
서류접수
DCAT
1차면접
최종면접
채용검진
최종입사
채용연계형 인턴 ((주)두산 디지털이노베이션) |
서류접수
DCAT&코딩테스트
1차면접
인턴십(VCC/DDI)
최종면접
채용검진
최종입사
*전형절차 및 일정은 회사 사정에 의해 변경될 수 있습니다."
chemistry,[안내] 2025-2학기 신·편입생 중앙도서관 오리엔테이션 모집 안내,N/A,2025.09.01,https://chem.ssu.ac.kr/%ea%b3%b5%ec%a7%80%ec%82%ac%ed%95%ad/?term_id&slug=4739,"중앙도서관은 새학기를 맞아 신·편입생 및 다양한 이용자들의 도서관 서비스 활용 역량 강화를 위한 프로그램을 다음과 같이 운영하며, 많은 학생들이 참여할 수 있도록 홍보 협조를 요청드립니다.
3. 운영 개요
가. 프로그램명: 도서관 리부트(Reboot): 기초부터 심화까지, 도서관 활용법
나. 대상: 숭실대 학부생 및 대학원생
다. 일정: 2025. 9. 15.(월) ~ 9. 16.(화)
라. 방식: 온라인(zoom)
마. 교육 내용: 기본·심화 과정으로 구성된 실시간 사서 교육(교육 종료 후 녹화 영상 게시)
일시
9/15(월)
9/16(화)
15:00~16:00
[기본편]
나의 캠퍼스 라이프, 도서관으로 리부트
[심화편]
검색력, 정리력 UP! 도서관 DB로 레벨업
18:00~19:00
[심화편]
검색력, 정리력 UP! 도서관 DB로 레벨업
–
바. 신청 방법: 슈패스(path.ssu.ac.kr) 로그인 > 도서관 리부트 검색 > 신청하기(기초/심화)
4. 협조 요청 사항: 학과(전공)별 학생 커뮤니티(예. 단체 채팅방 등)에 홍보 포스터 및 안내 문구 게시
– 홍보 안내 문구 예시 –
[숭실대] 도서관 리부트(Reboot): 기초부터 심화까지 도서관 활용법
O 일정: 2025. 9. 15. (월) ~ 9. 16.(화), 온라인
O 대상: 숭실대 학부생 및 대학원생
O 신청 안내: https://oasis.ssu.ac.kr/library-services/bulletin/notice/14871
5. 문의: 중앙도서관 학술정보운영팀 임미리(내선 0741, 이메일 mil@ssu.ac.kr)"
chemistry,[안내] 25-2학기 생화학실험 증원 공지,N/A,2025.08.08,https://chem.ssu.ac.kr/%ea%b3%b5%ec%a7%80%ec%82%ac%ed%95%ad/?term_id&slug=4736,"안녕하세요. 화학과 사무실입니다.
25-2학기 생화학실험 여석의 증원 수요가 많아 교수님께서 논의하신 결과 실험실 최대 인원인 24명까지 증원하기로 하였습니다.
9월 1일(월) 10시에 정원이 24명으로 늘어날 예정이니, 선착순으로 신청하셔서 수강신청을 해주시기 바랍니다.
실험실 안전 관련 문제로 이후 더 이상의 증원은 불가하오니 양해바랍니다."
chemistry,[취업] WISET-한국쓰리엠 원데이 글로벌 멘토링 멘티 모집,N/A,2025.08.08,https://chem.ssu.ac.kr/%ea%b3%b5%ec%a7%80%ec%82%ac%ed%95%ad/?term_id&slug=4733,"2. 한국여성과학기술인육성재단(WISET)은 여성과학기술인의 육성과 지원을 위한 정책사업을 수행하는 과학기술정보통신부 소관 공공기관입니다.
3. WISET은 이공계 전공 여자 대학(원)생의 과학기술분야 진출을 지원하고자 글로벌 기업들과 공동으로 「글로벌 멘토링」프로그램을 운영하고 있습니다.
4. 위와 관련하여 현재 모집 중인 프로그램에 귀 대학의 학생들이 참여할 수 있도록 홍보 협조 요청드립니다.
가. 협조 요청 사항 : 귀 대학의 이공계 전공 학생 대상 사업 참여 안내(※ 첨부파일 활용)
○ 학교 포털 및 이공계 학과 게시판 웹포스터 게시 등
○ 학생 대상 SNS 공지 및 메일 발송 등
나.
2025년 WISET-한국쓰리엠 원데이 글로벌 멘토링 개요
1) 모집 대상 : 이공계 전공 여자 대학(원)생
30명 내외
(※선착순 선정)
2) 활동 일정 : 2025년 8월 27일(수) 10시-15시 / 한국쓰리엠 기술연구소(동탄, 경기 화성시)
3) 주요 활동 : 기업 소개, 고객체험관 투어 및 소그룹멘토링
4) 멘토링 분야 :
화공, 화학, 환경공학 등 관련 이공계 전공
5) 신청 기간 :
∼8
월 21일(목) 자정까지
6) 신청 방법 : 온라인 신청(https://m.site.naver.com/1NBrb)
– 신청페이지 접속 방법: W브릿지(www.wbridge.or.kr) 로그인 > 네트워킹 > 글로벌멘토링 > 신청페이지 클릭
– 통합 공고 링크 : https://bit.ly/3XRR9Ej
다. 문의처 : WISET 인재육성팀(sohnjw@wiset.or.kr / 02-6411-1014)"
chemistry,[안내] 2025학년도 2학기 학과근로 장학생 선발 시행 안내,N/A,2025.07.29,https://chem.ssu.ac.kr/%ea%b3%b5%ec%a7%80%ec%82%ac%ed%95%ad/?term_id&slug=4730,"2025학년도 2학기 학과근로장학생 선발을 다음과 같이 안내합니다.
1. 학과근로장학생 자격 및 선발기준
가. 2025학년도 2학기 국가장학금
1차
신청하고 소득분위가
9분위 이내인 자
(
[
붙임2]는 국가장학금 1차 신청 명단이며, 아직 심사진행 중으로 소득분위는
미확인,
2025-2학기 학적상태 및 이수학기는 학과에서 개별 확인 필요
)
※ 국가장학금을 신청할 수 없는 대한민국 국적 미소지자도 선발 가능
(단, 순수외국인전형으로 입학한 외국인 유학생은 선발 불가)
나. 2025학년도 2학기 재학 및 복학 예정자로 해당 학기 등록금 납부 예정인 자
1) 2025학년도 2학기 전 등록휴학 후 복학 시 선발 불가(등록대체자)
2) 학기 중 미등록, 입학취소, 복학취소 등으로 인한 학적변동시 모든 장학금 취소
3) 2025학년도 2학기 기준 이수학기가
2~7학기
인 학생만 가능(1학기 및 마지막학기
신청 불가, 건축학 전공자의 경우 9학기까지 신청 가능)
다. 직전학기 취득학점 및 학업성적 제한 없음
라. 장애인, 북한이탈주민 및 자립준비청년 우선 선발(한국장학재단 정보 활용)
마. 타 장학금과 중복수혜 가능(근로장학금 간 중복 불가)
※ 본 장학금은 학업장려비 지원 목적으로 수업료를 초과하여 지급 가능
바. 학과별 배정인원 내에서 학과근로A 또는 B 타입 학과 자율 선발 가능
(예: 학과근로B 2명 = 학과근로A 1명)
사. 국가근로장학생 및 교내근로장학생에 선발되지 않은 자
2. 근로장학금 배정인원
(세부내역 [붙임4] 참조)
가. 기본 배정: 학과(부)별 각 3명, 물리실험실 5명, 화학실험실 4명
나. 추가 배정: 2024학년도 2학기, 2025학년도 1학기 평균 재학생 비율에 따른 배정
※ 국제무역학과, 금융경제학과, 미디어경영학과 학과근로A 3명 배정(학과 자체예산)
3. 유의사항
가. 선발된 학생은 소속 학과사무실에서 지정된 근로 시간 동안 근무해야 하며, 학기 중 학
적변동(휴학, 자퇴, 제적 등) 등 불가피한 사유가 인정되는 중도 포기 시 근로한 시간만
큼 장학금 지급
나. 2026년 1월 근로평가 전까지 교체 가능 (단, 교체 전 학생의 근로시간을 차감)
※ 근로 중도 교체 및 중단 시 장학팀으로 공문 요망
다. 교체 전·후 학생 모두 근로평가 실시
4. 예산사항
가. 시간당 장학금액을 10,030원으로 책정
장학금명
시간당
장학금액
총 근로시간(학기)
1인당
장학금액(원)
인원(명)
합계(원)
학과근로A
10,030원
10시간*20주=200시간
2,006,000
197
395,182,000
학과근로B
10,030원
5시간*20주=100시간
0
0
총계
197
395,182,000
※ 국제무역학과, 금융경제학과, 미디어경영학과 배정인원(학과 자체 예산) 미반영
나. 학과근로 A유형을 기준으로 배정하며,
학과별로 A:B=1:2 비율로 조정 가능
다. 재원: 교내장학금_학부 / 기타장학
라. 지급일정: 매월 셋째주 금요일 예정
5. 행정사항
가. 선발공고: 2025.07.28(월) 홈페이지 공지사항 공지 완료
나. 학생신청방법: u-SAINT포털→등록/장학→근로장학금 신청→지원서 출력/제출
다. 학생 온라인신청 및 서류제출기간: 2025.08.04(월) 10:00 ~ 08. 08(금) 17:00
1) 제출서류: 지원서(u-SAINT 출력본, 본인서명 필수)
2) 제출장소: 각 학과사무실"
chemistry,[취업] 한국환경보전원 화학물질 안전관리 전문인력 양성사업 교육생 모집(~8/20),N/A,2025.07.29,https://chem.ssu.ac.kr/%ea%b3%b5%ec%a7%80%ec%82%ac%ed%95%ad/?term_id&slug=4725,"우리 원은 환경부 용역사업으로 「2025년 화학물질 안전관리 전문인력 양성사업」을 수행하고 있습니다.
화학·환경·보건 등 관련 전공자(졸업예정자 포함)를 대상으로 전문교육을 통해 실무역량을 갖춘 인재를 양성하고 있습니다.
8월1일 부터 8월 20일 까지 3기 교육생을 모집 예정이며, 귀 학과의 학생분들께 안내 및 홍보를 요청드리고자 전화 후 메일을 드립니다.
첨부드린
모집공고문 및 포스터
를 학과 홈페이지, 게시판, 커뮤니티 등에 게시해주시거나, 학생들에게 공유해 주신다면 감사하겠습니다.
※ 교육비 전액 무료 / 체재비 120만원 지원 / 현장실무기관 배정 / 수료 시 취업 연계 가능
※ 자세한 내용은 모집공고문 참조
환경보전원_포스터_교육생공고_3기"
chemistry,[취업] 한국화학연구원 계약직 채용공고(~8/11),N/A,2025.07.28,https://chem.ssu.ac.kr/%ea%b3%b5%ec%a7%80%ec%82%ac%ed%95%ad/?term_id&slug=4722,"한국화학연구원
계약직 채용공고
취업포털 커리어에서 귀교 해당학과에 적합한
한국화학연구원
의 채용공고를 추천 드리오니,
취업을 앞두고 계신 귀교 재학생분들의 많은 지원을 바랍니다.
채용 상세내용
회사명
한국화학연구원
기업형태
공기업·공공기관·공사
모집부문
연구직, 행정직
자격요건
자세한 사항은 공고문 참조
근무지
대전 유성구
기업홈페이지
http://www.krict.re.kr
공고URL
https://job.career.co.kr/recruit/view/21318642"
chemistry,[안내] 중앙도서관 IT 이러닝(패스트 캠퍼스) 8월 모집 안내,N/A,2025.07.15,https://chem.ssu.ac.kr/%ea%b3%b5%ec%a7%80%ec%82%ac%ed%95%ad/?term_id&slug=4711,"중앙도서관은 숭실대학교 재학생의 AI 및 디지털 역량 강화를 지원하고자 IT 이러닝 패스트 캠퍼스(Fast Campus)를 운영하고 있으며, 이에 따라 관심있는 학생이 수강할 수 있도록 귀 학과의 홍보 협조를 요청드립니다.
1. 패스트 캠퍼스 무제한 이러닝(8월) 운영 개요
가. 모집 대상: 숭실대 학부 재학생
나. 모집 인원: 선착순 46명
다. 모집 기간: 2025. 07. 28.(월) ~ 07. 29.(화)
라. 수강 기간: 2025. 08. 01.(금) ~ 08. 31.(일)
마. 강의 내용: AI, 프로그래밍, 데이터 분석, 디자인, 마케팅 등 실무 중심 온라인 콘텐츠
2. 협조 요청 사항: 학과(전공)별 학생 커뮤니티(예. 단체 채팅방 등)에 홍보 포스터 및 안내 문구 게시
– 홍보 안내 문구 예시 –
숭실대 중앙도서관이 추천하는 여름방학 알차게 보내는 방법!
패스트 캠퍼스(Fast Campus)
무제한 이러닝 8월 수강생 선착순 모집!
o모집 기간: 7/28(월) ~ 7/29(화) 2일간
o자세한 신청 및 수강 유의사항
https://www.notion.so/X-FAST-CAMPUS-13ff6b95857f801ead5dcf9c2549e44b"
chemistry,[장학] 2025년 2학기 농촌출신대학(원)생 학자금대출 시행계획,N/A,2025.07.04,https://chem.ssu.ac.kr/%ea%b3%b5%ec%a7%80%ec%82%ac%ed%95%ad/?term_id&slug=4705,"2025학년도 2학기 농촌출신대학(원)생 학자금대출 시행계획을 붙임과 같이 통보하오니, 원활한 학자금대출 시행이 이루어질 수 있도록 적극 협조하여 주시기 바랍니다.
□ 주요사항
〇 지원목적:농어촌지역 학부모의 교육비 부담 경감 및 농촌출신 대학(원)생에 대한 균등한 교육기회 제공
〇 대출금액:당해 학기 대학(원)이 통보한
등록금 전액
※ 생활비는 농촌학자금대출 대상에서 제외(한국장학재단 일반상환·취업후상환 생활비대출로 이용 가능)
〇 대출조건:
무이자
〇 대출일정
구  분
기  간
비  고
신청 및 서류제출
2025. 7. 2.(수) ~ 2025. 7. 29.(화)
재단 내부심사(거주 및 종사요건 등)
대출 심사
2025. 7. 30.(수) ~ 2025. 8. 20.(수)
대출 실행
2025. 8. 21.(목) ~ 2025. 10. 2.(목)
개인별 대학지정계좌 지급
※ 상기 일정은 추진상황 및 대체공휴일 지정 등에 따라 변동 가능
※ 신청 시작일 09:00부터 24:00까지 신청 가능(주말 및 공휴일 포함). 단, 신청마감일은 18:00까지 신청 가능
※ 실행은 실행기간 중 09:00∼17:00까지 가능(주말 및 공휴일 제외). 단, 대학별 수납마감 시간 이내에만 가능
□ 협조 요청사항
〇 ’
25년 2학기부터 대학원생도 지원함에 따라 해당 내용 적극 안내 요청
〇 대학(원) 홈페이지 게시판 안내(신청 및 실행일정 포함) 등
홍보 요청
※ 붙임 파일은 대학/기관 학자금지원 시스템(http://eduman.kosaf.go.kr)의 공지사항에서 다운로드 가능하며, 향후 각 대학에 통합 업무처리기준 책자 배포 예정
〇 대학(원) 학자금지원시스템(관리자포털) 내
학사 및 수납정보 업로드
– 학생이 등록기간 내 대출을 실행할 수 있도록 사전 업로드 및 계좌정보 확인 필수
〇 학적변동 등으로 등록금 반환 시,
학자금대출
이 있는 경우 학생이 아닌
재단
으로
반환 처리
〇 상세내용은 2025년 2학기 시행계획(붙임1) 참고"
chemistry,[숭실대 진로취업팀] 제약바이오 GMP 챌린지 리그 참여 홍보,N/A,2025.06.24,https://chem.ssu.ac.kr/%ea%b3%b5%ec%a7%80%ec%82%ac%ed%95%ad/?term_id&slug=4701,"안녕하십니까?
숭실대학교 대학일자리플러스사업단 진로취업팀 컨설턴트 김덕선 입니다.
25학년도 하계방학의 의미있는 활동을 위해 제약바이오 GMP 챌린지 리그를 준비하였습니다.
제약바이오 GMP 챌린지 리그는 GMP 기준에 따라 생산현장에서 발생가능한 이슈를 주제로 조별 활동을 통해 해결책을 조사하고 발표하는 경진대회 입니다.
한국바이오협회와 Waters Korea가 후원하고 제약바이오 GMP 전문 교육 업체가 기획, 운영하는 경진대회로 지난 1회에는  39개 대학에 총 47팀(258명)이 참여하여 10개의 팀이 본선에 진출하였습니다.
본선에 진출한 학생들은 준비한 과제를 5인의 심사위원(5대 제약바이오사 현직 임원진)의 발표 심사를 통해 4개 팀이 수상을 하였습니다.
저희 숭실대학교 ‘품질일조단’은 2위의 좋은 성과를 내었습니다.
심사위원으로 참여한 제약사 중 1곳이 2025년 상반기 채용 시 본선에 진출자에게는 서류 통과 혜택이 주어진 사례도 있었습니다.
이에 제약,바이오 품질 직무로 취업을 준비하는 학생들에게는 좋은 경험이 될 것이라고 생각되어 학과내 홍보를 요청드립니다.
관련된 홍보자료를 아래와 같이 첨부 드리오니 많은 홍보 부탁드립니다.
참고. 교육 대상이 4학년 재학생으로 되어있지만 3학년도 참여 가능합니다.
이외의 프로그램 문의와 관련해서는 02-828-7018 연락 부탁드립니다.
감사합니다."
chemistry,[취업] 2025 GC녹십자 채용전제형 인턴 모집 (~7/7),N/A,2025.06.23,https://chem.ssu.ac.kr/%ea%b3%b5%ec%a7%80%ec%82%ac%ed%95%ad/?term_id&slug=4697,"지원기간
7월 7일 (월) 23:59까지
모집부문
ETC영업(병/의원), OTC영업(약국), QC, QA, 공정관리자, 설비관리자
온라인 채용설명회&카카오톡 직무상담회
온라인 채용설명회로 인턴 전형과 회사 생활에 대한 궁금증을 해소하고,
카카오톡 채팅으로 현직자와 직접 직무 상담을 할 수 있는 기회!
행사에 참여하면, 추첨을 통해 경품도 증정해드려요 🙂
– 온라인 채용설명회(ZOOM) : 6/26(목) 14:00 ~ 15:00
– 카카오톡 직무 상담회 : 7/3(목) 14:00 ~ 15:00
지금 바로 신청하기 ! >>
https://forms.gle/8VJUza88Lo8LpV8W7
근무지
전국, 충북 청주, 충북 음성, 전남 화순
*직무별 근무지 상이
채용 프로세스
서류모집 > 서류전형 > 인성검사(온라인) > 직무&Culture Fit 면접 > 채용검진 > 최종합격
– 면접 시, PT면접이 진행될 수 있으며, 1DAY 면접입니다.
– 각 전형 결과는 E-mail 및 SMS로 안내되오니, 서류 작성 시 정확한 정보를 기재 부탁드립니다.
지원자격(공통)
– GC녹십자 및 계열사의 타 모집 공고와 동시에 지원 불가
– 학사 학위 이상 보유자 혹은 25년 8월 및 26년 2월 졸업 예정자
* 단, 26년 2월 졸업 예정자는 학점 인정 및 출근 가능 여부 사전 확인 후 지원 필수
– 25년 8월~12월 기간 동안 실시되는 인턴십 참여 가능한 자 (출퇴근 근무) * 단, 기간 변동 될 수 있음.
– 취업보호 대상자(국가유공자, 보훈대상자, 장애인 등)는 관계 법령에 의거 우대
– 해외 여행 및 근무에 결격사유가 없는 자
– 기타 당사 취업규칙 상 결격사유에 해당하지 않는 자
– 인턴기간 종료 후 평가를 통한 정규직 전환
인턴십 제도 관련 안내사항
– 분야별 상세직무는 전형진행 단계에서 후보자 역량을 기반으로 최종 결정될 예정입니다.
– 인턴십은 25년 8월 말 입사하여, 약 4개월 간 진행됩니다. (평가를 통해, 인턴십 종료 이후 바로 정규직 전환 예정)
– 국내영업 직무의 경우, 전형 진행 종료 후 근무 지역 안내가 나갈 예정이며, 입사 후 진행되는 교육에서 상세 지역이 확정될 예정입니다.
*모든 전형 단계 및 입사 후 인턴십 상세 일정은 추후 변동 될 수 있습니다.
GC녹십자의 인턴 채용 과정과 회사 생활에 대해 더 자세히 알고 싶다면?
GC녹십자 채용
GC녹십자의 채용 정보 알림을 받고 싶다면?
카카오톡채널 – GC녹십자 채용"
chemistry,[취업] 헨켈코리아 접착테크놀로지스사업부 인턴십프로그램 (~6/30),N/A,2025.06.18,https://chem.ssu.ac.kr/%ea%b3%b5%ec%a7%80%ec%82%ac%ed%95%ad/?term_id&slug=4693,"소속
회사
:
헨켈코리아
사업부
:
접착
테크놀로지스
부문
/
위치
:
포지션별
상이
,
첨부파일
참조
자격요건
:
관련
전공
3
학년
이상
재
(
휴
)
학생
,
졸업
(
예정
)
자
인턴기간
: 2025
년
8
월
25
일
(
월
) ~ 2026
년
2
월
28
일
(
토
) (
약
6
개월
)
제출서류
:
자유양식
이력서
*
현장실습
진행
(
학점인정
)
을
원하는
경우에는
지원서
우측
상단에
[
현장실습
요청
]
을
기입
지원방법
:
헨켈
채용시스템에
접속하여
이력서
업로드
지원기한
: 6
월
30
일
(
월
)
오후
6
시까지
참고사항
: 7
월
셋째주
경
대면면접
예정
(
다대다
그룹면접
)
문의처
:
이메일
recruit.hr@henkel.com"
chemistry,[취업] 한국산업기술시험원 2025년 하반기 체험형 인턴(청년)공개모집(~6/24),N/A,2025.06.10,https://chem.ssu.ac.kr/%ea%b3%b5%ec%a7%80%ec%82%ac%ed%95%ad/?term_id&slug=4690,"한국산업기술시험원
2025년 하반기 체험형 인턴(청년)공개모집
취업포털 커리어에서 귀교 해당학과에 적합한
한국산업기술시험원
의 채용공고를 추천 드리오니,
취업을 앞두고 계신 귀교 재학생분들의 많은 지원을 바랍니다.
채용 상세내용
회사명
한국산업기술시험원
기업형태
공기업·공공기관·공사
모집분야
시험평가, 과제지원, 사무행정
자격요건
자세한 사항은 공고문 참조
근무지
경남 진주시, 서울 전지역, 충남 서천군
기업홈페이지
https://www.ktl.re.kr
공고URL
https://job.career.co.kr/recruit/view/21213270"
chemistry,[안내] 2025학년도 교직과정 이수 신청 안내,N/A,2025.06.10,https://chem.ssu.ac.kr/%ea%b3%b5%ec%a7%80%ec%82%ac%ed%95%ad/?term_id&slug=4685,"1. 교직이수 신청기간: 2025.6.10.(화) 10:00 ~ 12.5.(금) 23:59
※ 2025-1학기 기준 2학년 2학기(4학기) 재학 중인 학생은
2025.8.31.(일) 23:59까지
u-SAINT를 통한 신청 및 적·인성 검사 응시를 완료하여야 함
2. 선발대상
가 .교직과정 설치학과(부) 소속
2학년(3학기 혹은 4학기) 재학생
’25-1학기 기준 학적
’25-2학기 기준 학적
신청가능 여부
2학년 1학기(3학기) 재학
2학년 1학기(3학기) 재학
신청
가능
2학년 1학기(3학기) 이수 후 휴학
2학년 1학기(3학기) 이수 후 휴학
2학년 2학기(4학기) 재학
2학년 2학기(4학기) 재학
2학년 2학기(4학기) 이수 후 휴학
2학년 2학기(4학기) 이수 후 휴학
신청
불가
※ 재입학생 및 편입생은 교직과정 이수
불가
(예외사항 붙임 안내문 참조)
3. 교직과정 설치학과(부)별 선발 인원
대학
학과(부)
표시과목
선발인원(명)
인문대학
국어국문학과
국어
3
영어영문학과
영어
7
중어중문학과
중국어
2
일어일문학과
일본어
3
철학과
철학
2
사학과
역사
3
자연과학대학
수학과
수학
3
물리학과
물리
4
화학과
화학
4
경제통상대학
경제학과
일반사회
3
글로벌통상학과
상업
5
경영대학
경영학부
상업
8
회계학과
상업
2
공과대학
화학공학과
화공
3
전기공학부
전기
6
IT대학
전자정보공학부
전자공학전공
전자
4
통신
전자정보공학부
IT융합전공
전자
4
통신
컴퓨터학부
정보·컴퓨터
7
계
73
4. 학교 홈페이지 공지사항 참조:
https://scatch.ssu.ac.kr
/ab"
chemistry,[장학] 2025학년도 2학기 한국장학재단 국가장학금 1차 신청 및 지원 단가 인상 안내,N/A,2025.06.09,https://chem.ssu.ac.kr/%ea%b3%b5%ec%a7%80%ec%82%ac%ed%95%ad/?term_id&slug=4681,"3. 국가장학금 지원 단가 인상
(단위: 만원)
구분
기초·
차상위
1구간
2구간
3구간
4구간
5구간
6구간
7구간
8구간
9구간
Ⅰ유형
전액
285→300
210→220
175→180
50
다자녀
첫째,
둘째
285→305
240→252.5
225→232.5
67.5
셋째
이상
전액
100
4. 세부안내
가. 신청기간: 2025.05.23.(금)~06.23.(월) 18:00까지
나. 서류 제출 및 가구원 동의 기간: 2025.05.23.(금) 9:00~06.30.(월) 18:00까지
다. 신청대상: 재학생, 신입생(2학기 입학예정자), 편입생, 재입학생, 복학생 및 휴학생 등
모든 학적 신청가능
※ 재학생은 1차 신청이 원칙이며, 재학중 2회에 한해 2차 신청으로 수혜가능
※ 국가장학금 신청후 소득분위 심사가 완료된 학생에게 교내장학금 지급이 가능하므로
반드시 신청
라. 신청방법: 한국장학재단 홈페이지(www.kosaf.go.kr) 및 모바일 앱에서 신청
붙임 국가장학금 신청 매뉴얼 각 1부. 끝."
chemistry,[안내] 기초과학융합연구소 2025학년도 학부생 하계인턴십 안내(~6/13),N/A,2025.05.28,https://chem.ssu.ac.kr/%ea%b3%b5%ec%a7%80%ec%82%ac%ed%95%ad/?term_id&slug=4673,"1. 모집내용 및 지원대상
• 모집인원: 15명 내외
• 연수기간: 2025년 7월 1일(화) ~ 2025년 8월 31일(일) (2개월)
• 연수장소: 숭실대학교 자연과학대학 교수 연구실 및 실험실
• 모집대상: 2025학년도 1학기 숭실대 자연과학대학 학부 재학생 (휴학생 지원불가)
• 연구장려금: 600,000원 (기타소득 공제전 금액)
2. 신청서류 및 제출기간
• 신청메일:
iibs_hr@ssu.ac.kr
• 제출서류: [붙임1] 학부생 동계 인턴십 신청서 1부
• 제출기간: 2025년 6월 13일 (금) 까지
• 홈페이지 링크:
https://iibs.ssu.ac.kr/게시판/공지사항/?slug=7386
3. <학부생 연구지원 프로그램> 진행
• 모집대상: 하계인턴십에 참여한 학부생에 한하여 지원자격을 부여
• 모집인원: 2명 내외
• 연수기간: 2025학년도 2학기 (지원액: 30만원/월)
• 자세한 선발방법은 추후 공지"
chemistry,[장학] 2025학년도 2학기 교내장학금 시행 및 신청 안내,N/A,2025.05.26,https://chem.ssu.ac.kr/%ea%b3%b5%ec%a7%80%ec%82%ac%ed%95%ad/?term_id&slug=4668,"1. 교내장학금 자격요건
가. 2025학년도 2학기 국가장학금 신청(1차: ~ 2025.06.23(월) 18:00까지 신청) 및 서
류 제출을 완료하고 소득분위가 조회된 자
나. 2025학년도 2학기 재학 및 복학(예정)자로 등록금 납부 예정인 자
1) 2025학년도 2학기 前 등록휴학 후 복학 시 장학생 선발대상에서 제외
2) 미등록, 입학취소, 복학취소, 휴학 등 학적변동 시 모든 장학금 취소
다. 직전학기 15학점 이상 이수한 자(최종 정규학기의 경우, 직전학기 12학점 이상)
라. 정규등록학기가 8학기 이내인 자(건축학부 건축학전공은 10학기 이내)
2. 학생 신청절차
가. 온라인 신청 및 서류제출기간 :
2025.6.2(월)10:00 ~ 2025.06.27(금) 17:30
※ 2차: 2025. 09. 01(월)~ 2025. 09. 26(금) 예정
나. 학생 신청방법: u-SAINT포털 → 등록/장학 → 장학메뉴 → 장학금 신청
다. 학생 서류제출: 온라인 신청기간 내 방문 및 등기우편제출 가능(세부내용 붙임 파일 참
조)
※ 단, 전문자격시험합격자장학금의 경우 등기우편 불가
3. 관련 부서 및 협조사항
가. 신청 홍보: 단과대학 교학팀 및 모든 학과(부) – 홈페이지, SNS 등
나. 학생 선발 명단 제출: 아래 부서에만 해당
장학금명
관련부서
협조사항
국제교류장학금
국제팀
1. 온라인 신청없음 (학생문의응대 협조)
2. 부서 장학생 자격 검증 및 장학생 추천
3. 기간 내 국가장학금 신청 독려
특기자장학금(축구)
학생서비스팀
특기자장학금
(골프,당구)
스포츠학부
장애학생장학금
장애학생지원센터
자립준비청년장학금
사회공헌팀
목사자녀장학금
학원선교팀
1. 학생문의응대 협조
2. 신청서류 자격 검증 및 해당 장학생 추천
3. 기간 내 국가장학금 신청 독려
전문자격시험합격자
장학금
진로취업센터
봉사장학금
봉사장학금
추천 전 부서
1. 대상자 기간 내 국가장학금 신청 독려
2. 기타 봉사장학금 자격 요건 미리 확인하도록 예정자에게 사전 안내 요망
-평점평균 : 2.3 이상
-학기말까지 임기를 완료한 자 등
다. 장학생 추천 기한: 2025.07.11(금)까지 공문발송(등록금 고지서 반영 일정 관
계
로, 기
한 준수 요망)
※ 봉사장학금은 11월말 추천 요청 공문 발송 예정"
chemistry,[세미나] 전공 기반 진로 설계 및 채용 트렌드 특강 안내(5/28),N/A,2025.05.23,https://chem.ssu.ac.kr/%ea%b3%b5%ec%a7%80%ec%82%ac%ed%95%ad/?term_id&slug=4664,"* 전공 기반 진로 설계 및 채용 트렌드 특강을 안내합니다. 진로에 대해 고민하는 학생들은 참석하여 들어보시기를 권합니다.
1. 일시: 2025.5.14.(수) 16:30
2. 장소: 미래관 107호
3. 연사: 김효기 동문(동우화인켐 사업관리팀), 취업 컨설턴트
4. 내용
1부: 김효기 동문, 이공계에서 경상계열의 진로 전환에 대하여 16:30-17:20
2부: 취업 컨설턴트, 취업준비 방향 및 채용 트렌드 17:20-18:00"
chemistry,[안내] 2025학년도 1학기 AI 기반 맞춤형 학습지원(슈터디) 운영 안내,N/A,2025.05.19,https://chem.ssu.ac.kr/%ea%b3%b5%ec%a7%80%ec%82%ac%ed%95%ad/?term_id&slug=4652,"2025학년도 1학기 <AI 기반 맞춤형 학습지원(슈터디)>를 다음과 같이 운영하오니 소속 학부생이 참여할 수 있도록 안내하여 주시기 바랍니다.
1. 슈터디(SSUtudy)란?
가. 기초 수학/과학 공부를 효율적으로 하기 위한 자율학습 스터디 앱과 앱 속의 AI 튜터를 활용한 학습 프로그램
나. 프로그램 참여자가 기초 진단평가를 통해 스스로 학습 상태를 진단하고, 결과에 따라 AI 튜터가 개별 학생 맞춤형으로 추천하는 문제와 개념에 대한 보완학습을 진행하여 기초 수학/과학 능력을 향상할 수 있음
2. 대상: 학부 재학생 전체
3. 적용 교과: 기초 수학, 기초 과학
※ 자세한 과목 내용은 붙임 파일 참조
4. 운영 일정
구분
기간
비고
신청기간 및 접수
2025. 5. 12.(월) ~ 8. 8.(금) 12:00
슈패스(SSUPATH)에서 접수
콘텐츠 이용 기간
2025. 5. 12.(월) ~ 8. 22.(금) 23:59
1차 진단 평가 기간
2025. 5. 12.(월) ~ 8. 8.(금) 23:59
*필수 진행
2차 진단 평가 기간
2025. 5. 26.(월) 09:00 ~ 8. 22.(금) 23:59
*필수 진행
5. 기타 사항: 프로그램 운영 홍보 포스터 이미지(붙임 파일 1) 및 PDF(붙임 파일 2) 활용
붙임 1. 슈터디 설명자료 2부.
2. 슈터디 설명자료(통합) 1부.  끝."
chemistry,[안내] 2025학년도 2학기 학·석사연계과정 지원 및 선발 안내,N/A,2025.05.14,https://chem.ssu.ac.kr/%ea%b3%b5%ec%a7%80%ec%82%ac%ed%95%ad/?term_id&slug=4648,"2025학년도 2학기 학·석사연계과정 지원 및 선발을 아래와 같이 진행하고자 하니 관심있는 학사과정생들이 지원할 수 있도록 안내하여 주시기 바랍니다.
1. 지원기간 : 2025. 6. 2.(월)~ 6. 13(금)
2. 모집학과 : 학사과정과 석사과정에 동일(또는 유사)학과가 있는 학과(계약학과 제외)
3. 지원자격 :
다음 각호 모두 해당되는 자
가. 지원일 당시 학사과정 4학기 이상 6학기 이내 재학 중(건축학부 건축학전공은 6학기 이상 8학기 이내 재학 중)인 자(학·석사연계과정 신청자는 조기졸업을 신청할 수 없음)
나. 재수강 이전 과목, 학점포기한 과목, F학점 과목 등을 포함한 전체 과목의 총평점평균이 3.0/4.5 이상인 자
다. 7학기 또는 8학기(건축학부 건축학전공은 9학기 또는 10학기)에 학사과정의 졸업요건을 충족할 수 있는 자
라. 지원하고자 하는 일반대학원 학과 주임교수와 지도교수의 추천을 받은 자
마. 지원하고자 하는 일반대학원의 동일(또는 유사)학과를 주전공 또는 복수전공으로 하는 자
4. 제출서류 및 지원방법
가. 학·석사연계과정 신청서 1부.
나. 대학원 교학팀으로 방문 접수(웨스트민스터홀 658호)
5. 선발인원 : 석사과정 입학정원의 20%
6. 발표일 : 2025. 7. 28.(월) 예정 – 학과 및 개별통지
7. 관련안내
가. 각 학과 안내 포스터 배부
1) 배부기간 : 2025. 5. 26.(월)~
2) 배부장소 : 대학원 교학팀(웨스트민스터홀 658호)
나. 대학원 홈페이지 공지
붙임 1. 2025-2 학·석사연계과정 안내문 1부.
2. 학·석사연계과정 신청서 1부.  끝."
chemistry,[세미나] 기초과학융합연구소 주관 화학과 초청 세미나 안내(5/14),N/A,2025.05.12,https://chem.ssu.ac.kr/%ea%b3%b5%ec%a7%80%ec%82%ac%ed%95%ad/?term_id&slug=4643,"*화학과 초청 세미나 내용을 안내해 드립니다. 진로에 대해 고민하는 학생들은 참석하여 들어보시기를 권합니다.
1. 일시: 2025.5.14.(수) 16:30
2. 장소: 미래관 107호
3. 연사: 이장현 전무(㈜더존 전무이사, 숭실대 화학과 동문)
4. 제목: 선배가 들려주는 이야기-현실과 도전
5. 내용
화학과 90 학번 졸업생이자 현직 중소기업 IT 기업 임원인 선배가 직접 들려주는 커리어 이야기입니다. 연구원으로 시작해 사업기획, IT 컨설팅, 영업임원, 그리고 디지털 전환(DX) 전략을 이끄는 전무이사에 이르기까지의 여정을 통해, 전공과 진로의 연결, 커리어 선택의 고민, 실무에서 요구되는 역량과 태도 등을 현실적으로 이야기합니다.
또한, 최근 기업의 채용 트렌드와 함께 현업 인사담당자들의 실제 조언을 설명하고, 현재 재직중인 화학과 선배들의 면접 시 주안점에 대해서 전달하며, 취업을 앞둔 후배들에게 진심 어린 조언과 응원의 메시지를 전합니다."
chemistry,[안내] 25학번 숭실평화통일스쿨 안내,N/A,2025.05.08,https://chem.ssu.ac.kr/%ea%b3%b5%ec%a7%80%ec%82%ac%ed%95%ad/?term_id&slug=4640,"한반도평화와통일 수업의 2박3일 연수 [숭실평화통일스쿨] 안내입니다.
1.스쿨일정: 5월 14일(수)~5월 16일(금) (2박3일)
2.집결일시: 5월 14일(수) 08시~08시30분
(8시 30분 이후 지각, 9시 이후 등록 마감)
3.집결장소: 진리관 522호
4.준비물: 세면도구, 여벌옷 등 개인짐, 필기구, 첫 날 운동화 착용 필수
5.문의: 베어드학부대학 교양교육운영팀 02) 820-0725 /
sohl0929@ssu.ac.kr
* 첫날 교내-오두산통일전망대-숭실통일리더십연수원(문경)으로 이동, 2박3일 간 진행
* <한반도평화와통일>을 수강하는 25학번 학생 모두 반드시 참석
* 해당일, 피치 못할 사정(예시-관혼상제)발생시
증빙자료 첨부
하여 5월 13일(화) 24시까지 메일로 관련 내용 송부하면 개별 연락 예정
* 1주차, 5주차, 9주차 영상은 반드시 수강 후 스쿨 참석
* 유고결석은 스쿨 참석 확인되면 일괄 신청 됨(개별 신청 불가)"
chemistry,[안내] (과학기술정보통신부)제6회 시험·연구용 유전자변형생물체 안전 콘텐츠 공모전 개최,N/A,2025.05.07,https://chem.ssu.ac.kr/%ea%b3%b5%ec%a7%80%ec%82%ac%ed%95%ad/?term_id&slug=4625,"과학기술정보통신부에서는 시험·연구용 유전자변형생물체 안전문화 확산·정착을 위한 홍보 컨텐츠를 공모하기 위해 「제6회 시험·연구용 유전자변형생물체 안전 콘텐츠 공모전」을 아래와 같이 실시하오니 많은 참여 부탁드립니다.
가. 자격: 전 국민 누구나(개인 또는 3인 이내 팀)
나. 분야: ①영상 ②카드뉴스 ③포스터
다. 주제: ‘시험·연구용 유전자변형생물체(LMO) 안전’과 연관성이 있는 주제
라. 접수기간: `25. 5. 1.(목) ~ 7. 13.(일)
마. 접수방법: 시험·연구용 LMO 정보시스템 신청페이지 내 접수
※ 누리집(www.lmosafety.or.kr) → 공지사항 또는 배너를 통한 신청페이지 바로가기
바. 문의: 국가연구안전관리본부 LMO 교육팀(043-240-6413)"
chemistry,[취업] 삼양그룹 2025 5월 수시채용-엔지니어/전문연구요원(~5/25),N/A,2025.05.02,https://chem.ssu.ac.kr/%ea%b3%b5%ec%a7%80%ec%82%ac%ed%95%ad/?term_id&slug=4622,"🌠 전형별 지원 자격
[ 대졸신입 ]
ㆍ기 졸업자 및 2025년 8월 졸업예정자(2025년 7월 입사 가능자)
ㆍ해외 여행에 결격사유가 없는 자
ㆍ남성의 경우 군필자 또는 면제자
ㆍ공인 영어말하기 성적보유자 (OPIc 및 TOEIC SPEAKING에 한함)
– TOEIC SPEAKING/OPIC IM1이상
– 서류 접수 마감일 기준 2년 이내 유효 성적에 한함
* 해외대(영어권 학부 또는 대학원)의 경우는 영어성적 없이 지원 가능
[ Junior Career(대졸신입) ]
ㆍJunior Career 전형은 직무 경험이 있는 신입사원을 모집합니다. (대졸신입과 별도의 초임 적용)
ㆍ 대졸신입 지원자 중 관련 직무 정규직 경험 만 1년 이상 ~ 3년 미만인 자
* 영어 성적 없이 지원 가능
* 지원 시 ‘Junior Career(대졸신입)‘ 선택 필수
[ 전문연구요원 ]
ㆍ해당 분야 석사 학위 이상 소지자로서 전문연구요원 신규 편입 대상자
* 전문연구요원으로 이미 복무 중인 자 지원 불가
* 서류접수 마감일 기준 해당 학위 소지자(학위증명서 제출 가능한 자) 지원 가능
ㆍ해외여행에 결격사유가 없는 자
ㆍ공인 영어말하기 성적보유자 (OPIc 및 TOEIC SPEAKING에 한함)
– TOEIC SPEAKING/OPIC IM1이상
– 서류 접수 마감일 기준 2년 이내 유효 성적에 한함
* 해외대(영어권 학부 또는 대학원)의 경우는 영어 성적 없이 지원 가능
🌠 전형별 모집직무 등 안내
[ 대졸신입/Junior Career(대졸신입) ]
모집직무
주요업무
전공 및 우대
근무지
환경관리
ㆍ 대기/폐기물/토양관리 (시설점검, 오염도 측정 등)
ㆍ 환경 관계법규 검토 및 이행 순찰
ㆍ ISO14001 환경경영시스템 관리 및 인증유지
ㆍ 고객사 및 관공서 점검 대응
[전공]
환경공학, 산업공학 등 관련전공
[우대]
환경기사, 산업기사 등 관련 자격증 보유자
삼양사
(울산)
기계설비
ㆍ 설비 공정개선 목적 현장 점검, 공사기간 일정 수립 등
ㆍ 도면 및 시방 작성, 업체 선별
ㆍ BIDDING 요청, JSA 작성 등
ㆍ 설비 유지보수에 따른 보전활동/도면관리/설비진단 등
ㆍ 시설투자 승인 신청서 작성, 예산 수립, 공사 집행 및 감독 등
[전공]
기계공학
[우대]
기계기사, 공조냉동기계기사, Auto CAD 등 자격증 보유자
삼양사
(인천)
품질관리
ㆍ 품질 인증시스템 관리 (HACCP/FSSC22000)
ㆍ 제품 표시사항 및 부적합품 관리
ㆍ 입출고/공정 품질검사
ㆍ 고객 문의 및 이슈 대응
ㆍ품질 Audit 수검 및 협력업체 Audit
[전공]
식품공학, 식품영양학 등 식품관련 전공
[우대]
식품 제조업 종사자
HACCP 등 인증관리 경험자
냉동/냉장 및 제과/제빵 생산관리 업무 유경험자
삼양사
(인천)
생산관리
ㆍ 생산 원자재 관리 및 재고 관리
ㆍ 생산실적 및 일정 관리
ㆍ 생산 공정 안정화, 생산성 향상/공정 개선, 원가절감 업무
ㆍ 위수탁 업체 공정 점검 및 관리 업무
ㆍ GMP관리 / 투자 설비 관리 / 안전관리 外
[전공]
화학, 화학공학, 고분자공학, 기계공학
[우대]
관련 분야 생산관리 직무 경험
삼양홀딩스
(대전)
[ 전문연구요원 ]
모집직무
주요업무
전공 및 우대
근무지
친환경 소재 R&D (석사)
ㆍ유기/고분자 합성, 중합 및 물성 분석
ㆍ 접착제용 소재 개발 및 배합 연구
– 우레탄/아크릴/에폭시 등
[전공]
화학, 화학공학, 고분자공학 등
관련 전공자
삼양사
(대전)
전기전자 R&D (석사)
ㆍ 엔지니어링 플라스틱 컴파운드 개발
– 컴파운드 신규/개선 제품 처방 설계
– 컴파운드 제품 개발 위한 공정 개발 (압출/사출)
– 컴파운드 제품 분석 (물성 측정, 고분자 기초 분석)
ㆍ 신규 UL 인증 진행 (UL 94, 746A, B, C, G, ECV 등)
ㆍ 사후 심사 관리 (글로벌 해외 생산 site 포함)
[전공]
고분자, 화학공학 등
화학 관련 전공자
🌠 접수 기간 : 2025년 5월 1일(목) ~ 2025년 5월 25일(일) 23:59까지
🌠 지원 방법 : 삼양그룹 ‘채용관’을 통해 접수
1) 채용관 링크 접속 :
https://samyang.wd3.myworkdayjobs.com/ko-KR/Samyang
2) 삼양그룹 홈페이지(
https://www.samyang.com/kr
) > 채용 > 채용지원 접속"
chemistry,[취업] 수도권매립지관리공사 기간제근로자 및 체험형청년인턴 채용 공고(~5/14 18:00),N/A,2025.05.02,https://chem.ssu.ac.kr/%ea%b3%b5%ec%a7%80%ec%82%ac%ed%95%ad/?term_id&slug=4619,"채용 상세내용
회사명
수도권매립지관리공사
기업형태
공기업·공공기관·공사
모집분야
– 기간제 근로자 : 사무, 환경
– 체험형 청년인턴 : 사무, 기술
자격요건
자세한 사항은 공고문 참조
근무지
인천 서구
기업홈페이지
https://www.slc.or.kr
공고URL
https://job.career.co.kr/recruit/view/21119454"
chemistry,[취업] 한솔케미칼 2025 신입사원 채용 안내(~5/11),N/A,2025.05.02,https://chem.ssu.ac.kr/%ea%b3%b5%ec%a7%80%ec%82%ac%ed%95%ad/?term_id&slug=4615,"︎ 모집분야
영업, 엔지니어, 박막소재 연구, 전자소재연구, 안전관리자, 이차전지 소재 연구, 품질보증
︎ 지원자격 및 기타
– 해외여행에 결격사유가 없는 자
– 국가보훈 대상자 및 장애인 : 관련 법률에 의거 우대
︎ 처우조건
– 신입: 당사 처우규정에 준함(수습기간 3개월, 수습기간 급여 90% 지급)
︎ 채용절차
서류전형 > AI역량검사 > 실무면접 > 임원면접 > 채용검진 > 최종합격
︎ 문의처
채용홈페이지 문의 (
hansol.careerlink.kr/
)
︎ 지원하기
https://hansol.careerlink.kr/jobs/RC20250429017752"
chemistry,[안내] 2025년 학부/대학원생을 위한 폭력예방교육(법정의무) 안내,N/A,2025.04.28,https://chem.ssu.ac.kr/%ea%b3%b5%ec%a7%80%ec%82%ac%ed%95%ad/?term_id&slug=4612,"교육 개요
가. 과정명: 2025년 교직원을 위한 폭력예방교육
나. 기간:
‘2025.05.01.(목) ~ 2025.7.31(목)
다. 대상: 학부생, 대학원생
라. 방식: 온라인 동영상 강의 (한국어, 영어, 중국어 제공)
마. 내용: 성희롱, 성폭력, 성매매, 가정폭력, 인권, 성인지, 2차 피해
바. 이수기준 및 이수증: 언어별 1개 강의 100% 이수 시 이수증 발급
4. 교육 이수 방법
u-SAINT 로그인 → LMS 바로가기(왼쪽 메뉴 영역 중간) → 마이페이지(Learning)
→ 2025년 학부/대학원생을 위한 폭력예방교육→ ‘과목 홈 바로가기’ → 주차학습
→ 언어별 강의 선택 (한국어, 영어, 중국어 중 택 1 가능)
5. 안내사항
가. 미이수자 학기말 성적 조회 제한
1) 2025.06.23(1학기 종강일)까지 이수 시 성적조회 기간에 조회 가능
2) 2025.06.24(화)부터 성적조회 기간 내 이수 시 교육 이수 다음날 오후에 성적조회 가능
나. 이수율 저조 시 미이수자에게 독려 문자 및 메일 발송 예정.  끝."
chemistry,[장학] 2025학년도 1학기 특별재난지역(산불피해)지원 장학금 장학생 선발,N/A,2025.04.28,https://chem.ssu.ac.kr/%ea%b3%b5%ec%a7%80%ec%82%ac%ed%95%ad/?term_id&slug=4609,"1. 지원목적: 2025년 산불 화재로 경제적 곤란과 어려움에 처한 학생에게 장학금 지원하여 학비 부담을 경감하고 학업에 대한 동기를 부여하고자 함
2. 지원대상: 2025년 산불로 인하여 피해를 입은(학부모 또는 학생이 특별재난지역 거주)학부 재학생
3. 자격요건
가. 2025학년도 1학기 등록한 학부 재학생
나. 2025년 산불로 인한 피해 사실이 확인된 자
다. 정규등록 8학기 이내인 자(건축학과 건축학전공은 정규등록 10학기 이내)
4. 지원금액: 피해사실확인서에 따라 학교가 정한 금액
(생활비 지원 목적 최대 300만 원)
5. 선발일정 및 제출서류
가. 일정
1) 신청기간: 2025.5.23.(금) 15:00까지
2) 결과발표: 2025.5.30.(금) 예정
3) 장학금지급: 6월 중
(대표학생 10명에게 해당 장학금 기부자에 대한 감사편지를 요청드릴 수 있으니 양해부탁드립니다.)
나. 제출서류
1) 장학금 신청서(붙임파일)
2) 피해사실확인서(관할 주소지 행정복지센터 등 관공서에서 발행)
3) 가족관계증명서(피해자와의 관계 확인용)
※ 제출서류는 2025년 3월 이후 발급분에 한하여 유효함
다. 신청방법: 제출서류를 장학팀 이메일(
ser@ssu.ac.kr
)로 송부
6. 문의: 학생처 장학팀 교외장학 담당(02-820-0819)
붙 임: 장학금 신청서 양식 1부. 끝."
chemistry,[세미나] 기초과학융합연구소 주관 화학과 초청 세미나 안내(4/30),N/A,2025.04.25,https://chem.ssu.ac.kr/%ea%b3%b5%ec%a7%80%ec%82%ac%ed%95%ad/?term_id&slug=4606,"*화학과 초청 세미나 내용을 안내해 드립니다. 진로에 대해 고민하는 학생들은 참석하여 들어보시기를 권합니다.
1. 일시: 2025.4.30.(수) 16:30
2. 장소: 미래관 107호
3. 연사: 김태민 박사(삼성전기 중앙연구소, 숭실대 화학과 동문)
4. 제목: 삼성전기에서 화학자로 살아남기(화학전공자의 커리어 일기)
5. 내용
숭실대 화학과를 졸업하고 대학원에서 무기재료와 유기합성을 넘나들며 연구에 매진했던 시간, 그리고 연구소의 작은 실험대에서 시작해 산업 현장으로 이어진 여정은 결코 예측 가능하거나 순탄하지 않았습니다.
삼성전기는 1973년 창립 이후, MLCC, 반도체 패키지 기판, 파워 인덕터, 카메라 및 통신 모듈 등 첨단 전자 및 기계 부품을 개발·생산하는 세계적인 종합 부품 제조회사로 성장해 왔습니다.
기술 융복합을 바탕으로 전장 산업과 AI 컴퓨팅 등 미래 산업에 대응하며, 핵심 전자 부품의 일류화를 위한 지속적인 기술 투자와 사업 포트폴리오 확장을 이어가고 있습니다.
이번 세미나에서는 삼성전기에서 화학 전공자로 살아가며 겪었던 시행착오와 배움, 그리고 그 과정에서 마주한 현장의 고민과 해답을 진솔하게 공유하고자 합니다.
진로에 대한 불안, 전공에 대한 회의, 커리어의 갈림길 앞에 선 후배들에게 조금이나마 보탬이 되었으면 합니다.
이 세미나가 여러분의 고민에 대한 조언이자, 화학 전공자의 커리어 여정을 미리 들여다볼 수 있는 창이 되기를 바랍니다."
chemistry,[세미나] 기초과학융합연구소 런치세미나 안내(5/7 12시),N/A,2025.04.23,https://chem.ssu.ac.kr/%ea%b3%b5%ec%a7%80%ec%82%ac%ed%95%ad/?term_id&slug=4591,"•일시
: 5월 7일 수요일 오후 12시
•연사
: 김명호 교수 (경희대학교 수학과)
•제목
: D-모듈 이론과 결정기저이론 – 2025년 아벨상 수상자 카시와라 마사키 교수의 업적 소개
•초록
: 2025년 아벨상은 D-모듈 이론과 결정기저이론을 개척한 카시와라 마사키 교수에게 수여되었습니다.
아벨상은 수학 분야에서 가장 권위 있는 상으로, 수학에 대한 평생의 기여를 인정하여 매년 수여됩니다.
본 발표에서는 카시와라 교수의 두 대표 업적, 즉 D-모듈 이론과 결정기저이론의 주요 내용을 소개하고자 합니다."
chemistry,[취업] 현대모비스 2025 여름방학 장학 전환 인턴 모집 (~5/12 12시),N/A,2025.04.23,https://chem.ssu.ac.kr/%ea%b3%b5%ec%a7%80%ec%82%ac%ed%95%ad/?term_id&slug=4587,"현대모비스에서 모빌리티 장학 전환 인턴십을 모집하고 있습니다.
여름방학 기간(25년 7월~8월) 동안 체험형 인턴십을 진행하고, 현대모비스의 장학생이 될 수 있는 기회를 제공합니다. 장학생으로 선발되면 졸업 시까지 매월 100만원의 장학금이 지급되며, 졸업 후 연구소로 입사하게 됩니다.
■ 모집기간
4.21(월) 오후 12시 – 5.12(월) 오후 12시
■ 기본 자격 요건
① 대학교 3-4학년 재·휴학생 (25년 여름방학 기준 5~7학기 수료생)
※ 현재 학기 종료 이후 졸업까지 잔여 학기가 1학기 이상 남은 재·휴학생 모두 지원 가능
※ 25년 8월 졸업 예정이신 분들은 신입 지원 공고로 지원 부탁드립니다.
② 해외여행에 결격 사유가 없으신 분 (남자는 병역필 또는 면제 인원)
■ 접수방법
현대모비스 채용사이트 온라인 접수
careers.mobis.com
■ 전형절차
지원서 접수 (~5/12) > 인성검사 + 코딩테스트 (5월 말) > 면접 (5월 말) > 인턴 선발 (6월 중)
※ 운영 상황에 따라 일부 전형은 온라인으로 진행될 수 있으며, 전형 및 일정 또한 변경될 수 있습니다.
※ 면접 진형 시 PT 면접이 진행 될 수 있습니다.
※ SW직무에 한해 인성검사와 함께 코딩테스트가 진행될 예정입니다.
■ 모집분야
– FTCI (사이버보안, 재료정밀분석, 전자파 성능 개발 육성 및 검증 업무, Data science / Data analytics)
– 전장 (경고 및 주행 판단 / 제어 로직 개발, 방송 / 미디어 APP 개발, 커넥티비티 미들웨어 SW 설계)"
chemistry,[장학] 2025학년도 국가우수장학금(이공계) 신규장학생 신청 (4/25 15:00까지),N/A,2025.04.16,https://chem.ssu.ac.kr/%ea%b3%b5%ec%a7%80%ec%82%ac%ed%95%ad/?term_id&slug=4583,"성적우수 유형:
바로가기
재학중우수자 유형:
바로가기
3. 세부안내
가. 지원대상: 자연과학대학, 공과대학, IT대학, 베어드학부대학 자유전공학부 재학생
※ 자유전공학부 학생도 신청가능하나 장학금 수혜 후 비이공계로 진급한 경우, 장학생
자격박탈 및 수혜한 장학금 전액 반환
장학금 유형
장학금액
추천인원
제출서류
성적우수
4년간 등록금 전액
(정규 등록학기 내)
7명
지원서 및 학업계획서,
개인정보 동의서
재학중우수자
2년간 등록금 전액
(정규 등록학기 내)
7명
지원서 및 학업계획서,
개인정보 동의서
나. 학생 신청기간(학생→장학팀): 2025.04.25.(금) 15:00까지
– 점심시간 12:20~13:20 및 토․일요일 접수 불가
4. 제출장소: 장학팀(미래관 106-2호)
※ 방문제출 또는 우편제출(서류가 미비한 경우, 탈락될 수 있음/ 기한내 도착분에 한함)
※ 우편주소: 06978 서울시 동작구 상도로 369 숭실대학교 미래관 106-2호 장학팀. 끝."
chemistry,[취업] 한국환경보전원 화학물질 안전관리 전문인력 양성사업,N/A,2025.04.11,https://chem.ssu.ac.kr/%ea%b3%b5%ec%a7%80%ec%82%ac%ed%95%ad/?term_id&slug=4576,"이 사업은 화학·환경·안전 관련 전공 학생들에게
전문 교육과 실무 경험을 제공
하여, 향후 화학물질 안전관리 분야의 전문 인력으로 성장할 수 있도록 지원하는 프로그램입니다.
자세한 내용은 붙임파일 공고 안내문과 포스터를 참조하시기 바랍니다.
구분
1기
2기
3기
접수
4/10(목)~4/29(화)
20일간
6/5(목)~6/24(화)
20일간
8/1(금)~8/20(수)
20일간
설명회
5/7(수)
7/1(화)
8/26(화)
면접
5/12(월)~5/15(목)
4일간
7/7(월)~7/10(목)
4일간
9/1(월)~9/4(목)
4일간
최종발표
5/21(수)
7/16(수)
9/10(수)
사전교육
5/26(월)~5/30(금)
1주
7/21(월)~7/25(금)
1주
9/15(월)~9/19(금)
1주
본교육
6/2(월)~8/22금)
12주
7/28(월)~10/17(금)
12주
9/22(월)~12/12(금)
12주"
chemistry,[안내] 2025학년도 재학생 대학생활 및 정신건강 실태조사(상담센터),N/A,2025.04.09,https://chem.ssu.ac.kr/%ea%b3%b5%ec%a7%80%ec%82%ac%ed%95%ad/?term_id&slug=4573,"상담센터에서 재학생(학부생, 대학원생)을 대상으로 진행하는 ‘2025학년도 재학생 대학생활 및 정신건강 실태조사’에 많은 학생들이 참여할 수 있도록 각 대학 및 대학원의 적극적인 안내와 홍보를 요청 드립니다.
1. 2025학년도 재학생 대학생활 및 정신건강 실태조사 개요
가. 기간: 2025.04.02.(수) ~ 04.25.(금)
나. 대상: 본교 재학생 (학부생, 대학원생/ 유학생 포함)
다. 방법: 아래 링크에서 설문 조사 진행
https://seolmoon.com/?2855M
라. 내용: 대학생활 및 정신건강에 대한 전반적인 실태 파악
마. 언어: 국문, 영문, 중문, 베트남어
바. 활용
1) 개인정보 동의자에 한해 정신건강 항목에 대한 응답 결과를 응답자에게 제공
2) 정신건강 항목을 통해 고위험군을 식별하고 조기 개입으로 위기 예방
3) 실태조사 보고서 작성 후 배부"
chemistry,[취업] 두산전자 2025년 상반기 신입사원 채용(~4/11 18시),N/A,2025.03.31,https://chem.ssu.ac.kr/%ea%b3%b5%ec%a7%80%ec%82%ac%ed%95%ad/?term_id&slug=4568,"2025년 상반기 (주)두산 전자 신입사원 채용
모집기간 : 3/31(월) ~ 4/11(금) 18:00
[서류접수]
2025.03.31(월) ~ 2025.4.11(금) 18:00
[모집 부문]
R&D(제품개발), R&D(신뢰성분석), 생산/생산기술, 생산설비,
생산관리(원가/자재/시설관리), 영업/마케팅, HR
[채용절차]
서류전형
DCAT
1차면접
최종면접
채용검진
최종입사
※ 전형절차 및 일정은 회사 사정에 의해 변경될 수 있습니다.
[공통자격 요건]
– 정규 4년제 대학교(이상) 졸업자 및 ’25년 8월 졸업예정자
*졸업 유예 또는 졸업 예정인 경우, 졸업 구분은 ‘졸업 예정’으로 입력
– ’25년 7월 중 입사 가능자
– 병역필 또는 면제자, 해외 근무 결격 사유 없는 자
– 어학 : 접수 마감일 기준 2년 내 취득한 공인영어점수 보유자
*TOEIC Speaking / OPIc : 인문 IM(Intermediate Mid), 이공 IL(Intermediate Low) 등급 이상
– 면접 전형 후 채용 검진에 합격되신 분에 한하여 최종 입사 자격이 부여됩니다.
[안내사항]
– 입사지원서 작성 시 Doosan Biodata Survey를 반드시 응시하여야 합니다.
– 전형 단계별 결과 발표는 당사 채용홈페이지에 게시합니다.
– 장애인 및 보훈대상자는 관련 법률에 의해 우대합니다.
– 모집분야별 근무지는 입사지원서 작성 시 보실 수 있습니다.
– 입사지원서 내용이 사실과 다른 경우, 합격(입사)이 취소됩니다.
※ 지원 시 회사별 중복 지원은 불가하오니, 참고하시기 바랍니다.
[문의사항]
E-mail : careerelectronics@doosan.com"
chemistry,[취업] 2025년도 한국연구재단 제1차 정규직 채용공고,N/A,2025.03.27,https://chem.ssu.ac.kr/%ea%b3%b5%ec%a7%80%ec%82%ac%ed%95%ad/?term_id&slug=4564,"한국연구재단(NRF)은 학술ㆍ연구개발 활동 및 인력양성 지원을 목적으로 2009년 한국과학재단, 한국학술진흥재단, 국제과학기술협력재단 3개 기관이 통합되어 한국연구재단법에 의거 설립된 과학기술정보통신부 산하 준정부기관입니다.
3. 우리 재단에서 2025년도 정규직(연구직, 공무직)을 다음과 같이 공개 모집 하오니, 귀 대학의 유능한 인재가 많이 응시할 수 있도록 대학(원) 내 취업 게시판 및 홈페이지 등에 널리 홍보하여 주시기 바랍니다.
가. 채용인원: 총 24명 이내
(연구직 19명 + 공무직 5명)
1) 연구직: 19명 이내
구분
인문사회계
이공계
회계
건축
장애인
(계열 공통)
국가유공자
(계열 공통)
합계
채용인원
5명
10명
1명
1명
1명
1명
19명
2) 공무직(경비직): 5명 이내(대전 2명, 서울 3명)
나. 원서 접수기간
1) 연구직: 2025. 3. 18.(화) ~
4. 2.(수) 18:00:00까지
2) 공무직(경비직): 2025. 3. 18.(화) ~
4. 15.(화) 18:00:00까지
4. 자세한 내용은 한국연구재단 홈페이지 채용공고(
https://www.nrf.re.kr
) 및 입사지원 홈페이지(
https://nrf.applyin.co.kr/
)에서 확인할 수 있으니 참고하여 주시기 바랍니다.
붙임  1. 2025년도 한국연구재단 제1차 연구직 채용 공고문 1부.
2. 2025년도 한국연구재단 제1차 공무직(경비직) 채용 공고문 1부.  끝."
chemistry,[장학] 2025학년도 대통령과학장학금 신청 안내,N/A,2025.03.26,https://chem.ssu.ac.kr/%ea%b3%b5%ec%a7%80%ec%82%ac%ed%95%ad/?term_id&slug=4560,"발전 가능성이 있는 우수 이공계 미래인재를 선발하여 학업 전념 및 대한민국 리더 과학자로의 성장을 지원하기 위해
장학금을 지급하는 「2025년 대통령과학장학금」 신규 장학생 선발 안내를 공고하오니 해당 학생은 신청기간 내 반드시
온라인 신청 및 서류제출을 완료하여 주시기 바랍니다.
1. 지원 대상
□ 공통 자격 요건
가. 대한민국 국적 소지자
나. 국내 4년제 대학(자연과학 및 공학계열 학과(부))에 재학 중인 ① 2025년 신입생 및 ② 3학년생
③ 해외 4년제 대학(자연과학 및 공학계열 학과(부))에 2025년 입학 예정 및 확정인 신입생
□ 유형별 자격 요건
가.  국내외 1학년 : △’23년 12월~’25년 국내고등학교 졸업(예정)자로서 국내 고등학교 재학 중 이수한 수학·과학 과목 수 또는
이수단위 합계가 다음 기준 이상인 자(이하 ‘학업성적 보유자’) 또는 △｢초･중등교육법｣상 고교졸업자와 동등한 학력을 인정받은 자(이하 ‘동등학력자’)
구분
유형
기준
과목 수
이수단위 합계
석차 등급
적용 고교
과학고
석차 4등급 이내 과목
10개 과목 이상
24단위 이상
일반고
석차 3등급 이내 과목
학점 적용 고교
영재학교
A-학점 이상 과목
나. 국내 3학년 : ‘25.3월 기준 학사정보가 3학년으로 등록된 자로서, 대학교 재학 중이며 직전학기까지 총 평균성적이 백분위 점수 87점 이상인 자
다. 지역추천 : 시·도교육감의 관할 지역 내 ‘23.12월~’25년 고교졸업생 중 동 지역대학 자연과학 및 공학계열 학과(부) 입학예정자로서 시·도교육감의 추천을 받은 자
2. 지원 내용
□ 국내 장학생 : 대학 등록금(수업료) 전액, 학업장려비 250만원/학기
※ 기초생활수급자의 경우 생활비 추가 지원(250만원/학기)
□ 해외 장학생 : 학비, 체재비 등 최대 미화 $5만/연
※ 신규 장학생의 경우 출국 항공료 1회 실비 지원
3. 선발 규모 및 기준 등
□ 선발규모: 총 157명 내외(국내1학년 60명, 3학년 60명, 지역추천 17명, 해외 20명)
□ 선발절차: 서류심사 → 인·적성 검사 → 심층면접
※ 지역추천 유형은 서류심사 면제
※ 인·적성검사는 심층면접 대상자에 한하여 실시하며, 미응시할 경우 탈락 처리 (심층면접 시 인·적성검사 결과를 참고자료로 활용)
□ 신청‧선발 분야
○ 국내외 1학년 : 수학, 물리, 화학, 생물, 지구과학(천문 등), 정보
○ 국내 3학년 : 자연, 공학Ⅰ, 공학Ⅱ
구분
해당 전공
자연
수학, 물리, 천문, 지구과학, 생물, 화학, 환경, 농림·수산, 생활과학 등
공학Ⅰ
전기·전자, 컴퓨터·통신, 소재·재료등
공학Ⅱ
건설,토목·도시, 교통·운송, 기계·금속, 정밀·에너지, 산업, 화학공학 등
○지역추천: 전국 17개 시‧도교육감 관할 지역별 분야 구분없이 통합 신청
4. 선발·평가 기준
□ 선발기준: 수학·과학 분야의 우수성, 사회적 책임감, 사회기여의식 등 평가
※ 상세 기준은 붙임 참조
5. 신청기간: 2025.04.08.(화) 18:00까지
※ 단, 지역추천전형은 시·도 교육감 추천자에 한해 별도 신청 안내 예정
6. 신청방법: 온라인 개별 본인신청
※ 한국장학재단 홈페이지(www.kosaf.go.kr) → 본인명의 전자서명수단(인증서) 로그인 → 장학금 → 국가우수장학금 → 대통령과학장학금 → 신청하기
7. 선발 일정(예정)
□ 서류심사: 2025년 4~5월 중
□ 인·적성검사(온라인): 2025년 5월 중
□ 심층면접: 2025년 5월 중
□ 최종발표: 2025년 5~6월 중
※ 상기 선발 일정은 심사 일정 변동 등에 따라 변경될 수 있음
8. 문의처: 한국장학재단 상담센터 1599-2290
※ 신청 기간 중 평일 09:00〜18:00에 이용 가능"
chemistry,[세미나] 기초과학융합연구소 런치세미나 안내(4/3),N/A,2025.03.25,https://chem.ssu.ac.kr/%ea%b3%b5%ec%a7%80%ec%82%ac%ed%95%ad/?term_id&slug=4553,"안녕하세요. 기초과학융합연구소의 4월 3일 (목) 런치세미나에 대해 안내드립니다.
•일시
: 4월 3일 목요일 오후 12시
•연사
: 고연주 교수 (제주대학교 과학교육학부)
•제목
: 생성형 인공지능은 전공 서적을 얼마나 구현할 수 있을까?
•초록
: 생성형 인공지능은 사용자의 언어를 자연스럽게 이해할 수 있을 뿐만 아니라, 그림이나 사진 등의 시각자료를 자유자재로 만들어낸다는 장점이 있다. 본 세미나에서는 생성형 인공지능이 글과 시각자료를 손쉽게 제작하고 변환한다는 점에서 이공계 교육의 새로운 기회이자 도전이라 보고, 생성형 인공지능을 활용하여 과학 텍스트와 이미지를 생성하고 분석한 결과를 소개하고자 한다. 과학 및 수학 전공서적에 등장하는 개념에 대해 생성형 인공지능이 제작한 글과 시각자료를 살펴보고, 이를 전공서적에 기술된 설명 및 시각자료와 비교분석해본다. 이를 통해 교수자와 학습자가 보다 의미 있게 생성형 인공지능을 이용하는 방안을 논의하고자 하며, 관련된 교육학적 시사점을 제공하고자 한다."
chemistry,[취업] 2025 상반기 이수그룹 신입사원 공개채용 (~4/14 10시까지),N/A,2025.03.25,https://chem.ssu.ac.kr/%ea%b3%b5%ec%a7%80%ec%82%ac%ed%95%ad/?term_id&slug=4549,"✅
채용
안내
홈페이지
바로가기
:
https://isu-recruit.com/
✅
신입사원
모집요강
회사
직무
세부업무 및 우대사항
근무지
이수화학
AB
생산
[
직무내용
]
• Alkylbenzene 제품군 생산 활동 관리
• 단위 공정 운전 모니터링 및 관련 개선 업무 수행
• 도면 관리
• 공정 에너지 사용량 집계 및 분석
[
우대사항
]
•화학공학 관련 전공
•화공기사, 위험물산업기사, 산업안전산업기사, 가스산업기사, 에너지관리기사 자격증
울산
공무
(
전기
)
[
직무내용
]
• 전기(수변전 설비, 회전설비)및 계기설비에 대한 유지보수
• 설비 Trobule Shooting
• PSM 수검 등 각종 TFT & 법적 대응 업무
[
우대사항
]
• 전기, 전자, 제어공학 등 관련 전공
• 전기기사, 전기공사기사 자격증
• 전자기학, 전기회로, 자동 제어 등 전기공학 관련 지식, Autocad 관련 지식
안전
[
직무내용
]
• PSM System관리 및 개선 업무
• 위험물/소방 인허가 및 대관 업무
• 사내/외 도급업체 안전 및 현장 관리
[
우대사항
]
• 안전공학, 안전보건공학, 방재안전공학, 재난안전공학, 화학공학 등 관련 전공
• 소방설비기사, 위험물산업기사, 1종 대형면허 자격증
• 산업안전 관계 법규, 안전공학 관련 지식
• 소방설비 안전관리, 위험물 안전관리, 안전관리론, 산업안전관리, 위험성 평가 관련 교육 이수
※ 필수사항
–
산업안전기사 자격증
–
소방시설의 구조 및 원리, 위험물 취급 및 시설관리, 위험물/소방 관계 법규, 화학 공정/설비 안전 관련 지식
이수
스페셜티케미컬
R&D
[
직무내용]
• 정밀화학 분야 신규 제품 제조 기술 개발
• 정밀화학 분야 기존 제품 공정 개선 연구
• 실험 계획 수립
• 선행 기술 및 경쟁 기술 조사
[
우대사항]
• 화학/화공계열 전공
※ 필수사항
:
석사 이상
QC
[
직무내용]
• 원재료, 공정간 제품, 최종제품 품질특성 분석 및 품질관리
• 분석법 검토 및 Application
• 분석기기 유지관리(사용,검정 및 교정 관리)
[
우대사항]
• 화학분석기사, 품질경영기사 자격증
※ 필수사항
:
화학, 화학공학 관련 전공
안전환경
[
직무내용]
• 통합환경허가 대응 및 기록/보존 등 운영 관리 업무
• 유해화학물질 영업허가 대응 및 취급시설 점검 관리 업무
• ISO 9001/14001/45001및IATF16949대응
[
우대사항]
• 환경, 화공 관련 전공
• 환경, 안전 관련 자격증(위험물, 산업안전기사, 가스기사 등)
※ 필수사항
:
대기환경기사 & 수질환경기사 자격증
프로젝트
(
시운전)
[
직무내용]
• Demo Plant 공정 관리 및 개선
• 제품 관리 및 출하 관리
• ISO 및 IATF 관리 업무
[
우대사항]
• 화학공학 관련 전공
• 산업안전관리기사, 화공기사, 가스안전기사 자격증
이수
페타시스
해외영업
[
직무내용
]
• 고객/거래선 매출 관리, M/S(Market Share) 확대
• 신규 비즈니스 참여 및 Application 다변화 추진
• 시장/경쟁사 동향 파악 및 전략 수립 등
[
우대사항]
• 중국어, 태국어 회화 가능자
※ 필수사항
:
영어회화 우수자
*
기타사항: 해외인재(외국인)지원 가능(단, TOPIK 4급 이상(필수) / 영미권,중국,대만,태국 국적자 우대)
서울
구매
[
직무내용
]
• 시장 동향 분석
• 원자재 운영전략 수립
• 원부자재 가격협상/원가절감 추진
[
우대사항]
• 구매자재 관리사,물류관리사 자격증
• 중국어, 일본어 회화 가능자
※ 필수사항
:
영어회화 우수자
대구
환경안전
[
직무내용
]
• 통합환경허가 관리, ESG경영 대응
• 소방안전관리, 위험물안전관리
[
우대사항]
• 환경, 안전 전공
• 소방설비산업기사, 산업안전산업기사 이상 자격증
※ 필수사항
–
대기환경기사
&
수질환경기사자격증
(
환경
)
–
법정 소방안전관리자
(1
급
)
선임 가능한 자
(
안전
)
※ 전공 및 우대사항은 필수요건이 아닙니다.
※
[
필수사항]
표기가 없는 요건의 경우 우대사항입니다.
✅
모집기간
‘25년 3월 25일(화) 10:00AM – 4월 14일(월) 10:00AM
✅
지원방법
recruit.isu.co.kr
에서 온라인 지원
✅
지원자격
•
국내/외 4년제 대학 기졸업자 및 졸업예정자 병역필 또는 면제자로 해외여행에 결격사유가 없는 자
※ 장애인/보훈대상자는 관련 법령에 따라 우대합니다.
※ 입사지원 기재 내용 또는 제출서류 중 허위 사실이 있는 경우에는 합격 및 입사가 취소될 수 있습니다.
✅
채용절차
서류전형
▶ 실무진면접 ▶ CEO면접 ▶ 최종합격
✅
Q&A
채용홈페이지(
recruit.isu.co.kr
)
– 마이페이지 – Q&A
✅
채널
유튜브 – ‘
이수그룹 채용
(
https://www.youtube.com/@isurecruit
)
’"
chemistry,[안내] 2025학년도 국제학생증 발급 이벤트 안내,N/A,2025.03.18,https://chem.ssu.ac.kr/%ea%b3%b5%ec%a7%80%ec%82%ac%ed%95%ad/?term_id&slug=4546,"1. 취지 및 배경
가. 국제학생증은 대학생들의 수요가 상당한 금융서비스 상품 중 하나임
나. 65대 총학생회(S:SURE)와 대학본부가 시중 은행과의 협상을 통해 이벤트를 유치하였음
다. 궁극적으로 학생들의 캠퍼스 생활 만족도를 제고하고자 함
2. ISIC 국제학생증 개요
가. 해외여행 등에 요긴하게 사용할 수 있는 금융권에서 발급하는 서비스 상품(체크카드) 증 하나임. 학교에서 발급하는 통상의 학생증 개념에는 해당하지 않음
나. 서비스 혜택이 매력적이고, 학생들의 수요가 상당한 것으로 관찰됨
다. 발급비: 19,000원 내외
(본 이벤트 기간 중 무료)
<숭실대학교 ISIC 국제학생증>
3. 추진 계획
가. 일정
기간
추진 사항
비고
3.17.(월)
이벤트 홍보물 게시
총학생회, 학생서비스팀
3.18.(화)~4.9.(수
)
수요자 신청
하나은행 온라인 신청 페이지
4.10.(목)~11.(금)
학적 상태 확인
학생서비스팀
4.14.(월)~
발급 및 배부
하나은행
나. 참여 대상:
본교에 재학, 휴학 중인 [학부생, 대학원생]
다. 발급 비용: 무료
라. 참여 방법
1) 본교 홈페이지 공지사항을 통해 온라인 신청
가) 한글: https://lrl.kr/cgzyo
나) 영어: https://lrl.kr/cWw0K
2) 신청 페이지 URL: http://www.isic.co.kr/hbr/143002
3) QR
붙임: 이벤트 홍보 포스터 1부.  끝."
chemistry,[취업] WISET 이공계 여대학(원)생 멘토링 참여 멘티 모집,N/A,2025.03.18,https://chem.ssu.ac.kr/%ea%b3%b5%ec%a7%80%ec%82%ac%ed%95%ad/?term_id&slug=4543,"2. 한국여성과학기술인육성재단(WISET)은 여성과학기술인의 육성과 지원을 위한 정책사업을 수행하는 과학기술정보통신부 소관 공공기관입니다.
3. WISET은 이공계 전공 여자 대학(원)생의 과학기술분야 진출을 지원하고자 기업, 연구소 등 과학기술분야 재직자와의 멘토링 프로그램을 운영하고 있습니다.
4. 위와 관련하여 현재 모집 중인 프로그램에 귀 대학의 학생들이 참여할 수 있도록 홍보 협조 요청드립니다.
프로그램
모집 대상
주요 내용
모집 기간
Thermo Fisher Scientific
이공계 전공 여자 대학생
20명 내외
– 생명과학, 화학, 전기·전자공학 전공자 우대 – 영어 구사 가능자 우대
(활동 기간) 4월~8월(총 5회 활동 진행)
(활동 내용) 사옥투어 및 장비 Demo, 소그룹 멘토링, 커리어 멘토링 및 현업 미니 실무 체험 등
(신청 링크)
https://bit.ly/41Fg3tb
~3/31(월)
HP(HP PK, HP Korea)
이공계 전공 여자 대학생
21명내외
– HP프린팅 코리아 : 전자공학, 컴퓨터 공학, 기계공학, 재료공학, 고분자 공학 우대
– HP코리아 : 상경계열 우대
(활동 기간) 4월~8월(총 5회 활동 진행)
(활동 내용) HPPK 오피스 투어, HP 세션(영문 이력서 작성, 모의 인터뷰, 링크드인 사용 방법), 신규 입사자들과의 만남
(신청 링크) https://bit.ly/4bFdz1b
~3/31(월)
Continental korea
이공계 전공 여자 대학(원)생 및 졸업자
100명 내외
(※ 선착순 모집)
(활동 일시) 4/9(수), 10시-11시 50분
(활동 방법) 온라인(MiCrosoft TEAMS)
(활동 내용) 기업 및 직무 소개, 소그룹 멘토링
(신청 링크)
https://bit.ly/4hmNgy3
~4/2(수)
취업탐색 멘토링
이공계 전공 여자 대학(원)생
270명 내외
(참여기관) 9개 기관팀
* 멘토링 분야 : 생명과학, 건축, 건설/교통, 정보보호 및 IT, 환경, 지구과학, 화공에너지/자원, 기계, 전기/전자
(활동 기간) 4월~10월 중, 기관별 상이
(활동 내용) 멘토 재직 기관 탐장, 직무 및 기술 특강, 모의면접, 소그룹 멘토링 등
(신청 링크) https://bit.ly/3Dlbdbj
~4/5(토)
글로벌 크로스 멘토링
미국 및 유럽, 한국 거주 이공계 전공 여자 대학(원)생, PostDoc 등
(※ 휴학생 및 졸업생 신청 가능)
(활동 기간) 5월~11월(7개월)
(활동 내용) 직무 특강 및 모의 면접, 온라인 기술 특강, 온라인 1:1멘토링 등
(신청 링크)
http://bit.ly/4ht9PkF
~4/6(일)
○ 신청 방법 : W브릿지(www.wbridge.or.kr) 로그인 > 각 프로그램별 모집 공고 확인 후, 신청페이지를 통해 접수
(W브릿지 > 네트워킹 > 글로벌멘토링 > 프로그램별 신청페이지 클릭)
다. 문의처 : WISET 인재육성팀(syjo@wiset.or.kr / 02-6411-1014, 1046, 1045)"
chemistry,[안내] 2025학년도 1학기 국가장학금 신청자 가구원 동의 안내,N/A,2025.03.13,https://chem.ssu.ac.kr/%ea%b3%b5%ec%a7%80%ec%82%ac%ed%95%ad/?term_id&slug=4539,"2. 홍보내용(학교 홈페이지 공지사항 참조):
바로가기
3. 세부안내
가. 가구원 정보제공 동의 기간: 2025.03.25.(목) 18:00 까지(온·오프라인 동일)
나. 동의대상 가구원 범위
– 미혼: 학생의 부·모 모두
– 기혼: 학생의 배우자
※ 가구원 동의 절차 미완료 시 국가장학금 지원이 불가하며, 장학규정에 따라 교내장학금
지원도 불가함
붙임 가구원 정보제공동의 상세 절차 1부. 끝."
chemistry,[취업] 한화에어로스페이스 2025년 상반기 대규모 신입사원 채용 (~3/30까지),N/A,2025.03.11,https://chem.ssu.ac.kr/%ea%b3%b5%ec%a7%80%ec%82%ac%ed%95%ad/?term_id&slug=4535,"[한화에어로스페이스]
2025년 상반기 대규모 신입사원 채용 (~03.30(일))
■ 오프라인 초청 채용 설명회 안내
– 일정 : 2025.03.26(수) 09:00~17:00
– 장소 : 더 플라자 호텔
※ 초청 채용 설명회의 경우 아래 홈페이지에서 사전 신청 후 진행 가능하며, 신청자에 한해 별도 안내 예정입니다.
※ 초청 채용 설명회 참석 시 소정의 선물 및 경품 이벤트가 진행됩니다.
▼ 초청 채용 설명회 사전신청
https://hanwhaaerospace-recruit.com
■ 모집부문
R&D, 제조/생산기술, 품질, 구매, 사업관리/영업, 재무, 경영지원
■ 지원서 접수
– 접수기간 : 2025.03.10(월) – 2025.03.30(일) 23:59까지
– 접수방법 : 한화그룹 채용 홈페이지(
www.hanwhain.com
) On-line 지원
■ 공통자격
– 학, 석사 학위 소지자 또는 ’25년 8월 학, 석사 졸업 예정자
– 남성의 경우 병역을 마쳤거나 면제인 분
– 해외 여행에 결격 사유가 없으신 분
– 공인어학성적 보유자
· 서류 접수 마감일 기준 유효 성적에 한하여 인정
· 영어권 해외대학 졸업(예정)자는 공인어학성적 제출 면제
■ 전형절차
서류전형 > Speaking Test > 1day 면접 > 채용검진/신원조회 > 인턴십(8주) > 최종면접 > 정규직 전환
※ 자세한 일정은 공고문 및 홈페이지 내용 참조 (
https://hanwhaaerospace-recruit.com
)"
chemistry,[취업] 바이오세상에듀 교육사업팀 모집 공고,N/A,2025.03.10,https://chem.ssu.ac.kr/%ea%b3%b5%ec%a7%80%ec%82%ac%ed%95%ad/?term_id&slug=4527,"1. 기업 소개
(화학과 선배 재직)
(주)바이오세상은 국내 최고 Pre Made Buffer를 제조 및 판매하는 기업으로 외산 브랜드와 어깨를 나란히하여 대한민국 생명과학을 선도하는 대표 기업으로써 자리 잡아가고 있습니다.
(주)바이오세상 교육사업팀(바이오세상에듀)은 이러한 생명과학 시장에서 축적된 노하우와 자신감으로 과학인재 양성을 위해 노력합니다.
화학, 생명과학에 기반을 둔 초·중·고 진로체험 및 실험체험, 다양한 과학실험 키트를 개발 및 제공하고 있으며, 아이들의 눈높이에 맞추어 과학을 통한 창의력을 증진시키는 교육 핵심 인재로 성장할 수 있습니다.
2. 채용 일정 & 지원 방법
– 채용 일정 : ~ 채용 시 마감
– 지원 방법 : 사람인, 잡코리아 접수 – (주)바이오세상 교육사업/과학 교육 지원 (이력서 및 자기소개서 제출)
3. 문의 및 홈페이지
– 문의사항
031-707-2300 /
bioedu@biosesang.com
– 홈페이지
https://www.biosesangedu.com/"
chemistry,[취업] 삼성디스플레이 2025년 상반기 3급 신입사원 채용(~3/17까지),N/A,2025.03.10,https://chem.ssu.ac.kr/%ea%b3%b5%ec%a7%80%ec%82%ac%ed%95%ad/?term_id&slug=4522,"삼성디스플레이
2025년 상반기 3급 신입사원 채용 [연구개발/공정기술/경영지원/영업마케팅]
지원방법
https://www.samsungcareers.com/hr/?no=19655
※직무별 상세 소개내용은 첨부 PDF 파일 참고
온라인 채용설명회
– 진행방식 : Zoom을 이용한 채용설명회 및 직무별 현직자 Q&A
– 프로그램 : 1부) 회사설명 및 채용 TALK, 2부) 직무별 현직자 TALK (자유로운 Q&A 가능)
※ 직무별 현직자는 2~3인 이상 참석 예정 (상황에 따라 변동 가능)
행사 시간
– 3.12(수) 15:00~16:00 대학생 인턴 (연구개발)
– 3.12(수) 16:00~17:00 3급 공채 (연구개발 & 공정기술)
– 3.13(목) 16:00~17:00 3급 공채 (경영지원 & 영업마케팅)
온라인 채용설명회 사전신청
https://ko.research.net/r/RJHCSMN"
chemistry,[취업] 진로취업팀 2025년 상반기 채용전략-원포인트 특강 프로그램 안내,N/A,2025.03.05,https://chem.ssu.ac.kr/%ea%b3%b5%ec%a7%80%ec%82%ac%ed%95%ad/?term_id&slug=4515,"# 2025학년도 상반기 채용전략-원포인트 특강
상반기 채용시즌에 맞춘 특강 프로그램!! 원하는 강의 중복 신청해주세요~!
1. 운영 기간
:
2025. 3. 17. (월) – 4. 4.(금) 18:00~21:00 (3H)
※ 신청 기간: ~강의 시작 2일전 (주말 제외)
※ 신청 기간이 지났다면 메일 요청 주세요 (필수 기재: 신청 강의 내용, 학번, 이름, 연락처/
yjahn@ssu.ac.kr
)
2. 대상
: 본교 재학생 및 졸업생 모두 포함
1) 상반기 입사지원을 앞두고 있는 자
2) 지금 당장 지원하진 않지만 미리 준비하고자 하는 자
3. 참여 방법
: 대면(강의실)/비대면(zoom) 병행
※ 대면으로 준비했을 때 강의의 효과성을 높일 수 있습니다. 가능한 대면 신청 바랍니다.
★
신청한 연락처로 전화, 알림톡 등으로 안내 예정입니다
★신청 후 개인 사정으로 인해 수강이 어렵다면 인원 파악을 위해 반드시 수강 취소 해주시기 바랍니다.
4. 프로그램 내용
산업분석 + 대표 기업별 이슈 + 예상 직무 채용 수요 + 자기소개서 작성전략 + Q&A
3/17(월) 반도체 (산업분석+기업이슈+자기소개서)
3/18(화) IT(SW,플랫폼) (산업분석+기업이슈+자기소개서)
3/19(수) 에너지·화학 (산업분석+기업이슈+자기소개서)
3/20(목) 자동차 (산업분석+기업이슈+자기소개서)
3/21(금) 뷰티 (산업분석+기업이슈+자기소개서)
3/24(월) 금융 (산업분석+기업이슈+자기소개서)
3/25(화) 콘텐츠·미디어 (산업분석+기업이슈+자기소개서)
3/26(수) 제약·바이오 (산업분석+기업이슈+자기소개서)
3/27(목) 유통·물류 (산업분석+기업이슈+자기소개서)
3/28(금) 디스플레이 (산업분석+기업이슈+자기소개서)
3/31(월) IoT·ICT정보통신 (산업분석+기업이슈+자기소개서)
기출질문 분석 및 답변 + 경험,상황,직무 질문에 대한 답변 + 취업마인드 + Q&A
4/1(화) 역량검사 준비전략
4/2(수) 인적성 준비전략
실시기업 안내 + 검사별 특징 분석 + 구체적 준비 방법 + Q&A
4/3(목) 대기업 면접대비
4/4(금) 공기업 면접대비
5. 프로그램 혜택
1) 해당 강의 자료 제공
2) 2개월 내 입사지원자는 커피쿠폰 제공
3) 오프라인 강의 참여자는 식사 대용 간식 제공
❒신청링크: 슈패스 (핵심역량 진단必)
https://path.ssu.ac.kr/ptfol/imng/icmpNsbjtPgm/findIcmpNsbjtPgmInfo.do?encSddpbSeq=b876567cbf24a6bde3d7b26859eec45d&paginationInfo.currentPageNo=1"
chemistry,[안내] Asian Science Camp 2025 한국 대표 학생 모집(~3/21),N/A,2025.03.05,https://chem.ssu.ac.kr/%ea%b3%b5%ec%a7%80%ec%82%ac%ed%95%ad/?term_id&slug=4509,"2. Asian Science Camp(아시안 사이언스 캠프, 이하 ASC)는 아시아의 젊은 과학도들에게 노벨상 수상자들과 만남의 기회와 자유로운 학술토론의 장을 제공하기 위해 2007년부터 매년 개최되어 온 국제 과학 교육캠프입니다.
3. 기초과학연구원(이하 IBS)은 ASC 한국 사무국으로서 올해 15차를 맞이하여 한국에서 개최되는 ASC 2025에 참가할 한국 대표 학생들을 모집하고 있습니다.
가. 행 사 명 : Asian Science Camp 2025 (ASC 2025)
나. 모집대상 : 고등학교 2·3학년,
대학교 1·2학년
다. 접수기간 : 2025년 3월 5일(수) ~ 3월 21일(금)
라. 접수방법 : IBS 홈페이지에서 참가신청서를 내려 받아 우편(원본) 접수
※ IBS 홈페이지 :
www.ibs.re.kr
마. 관련 문의 : IBS ASC 담당자
※ Tel : 042-878-8203, Email :
applyasc@ibs.re.kr"
chemistry,[취업] 롯데그룹 채용 3월 공고 오픈(3/5~),N/A,2025.03.05,https://chem.ssu.ac.kr/%ea%b3%b5%ec%a7%80%ec%82%ac%ed%95%ad/?term_id&slug=4494,"■ 지원서 접수
– 접수 방법 : 롯데 채용 홈페이지 온라인 접수(
https://r
ecruit.lotte.co.kr/
)
– 서류모집 기간 : 2025.03.05(수) ~
* 서류모집 기간의 경우, 계열사 별 상이하여 자세한 사항은 홈페이지 확인 바랍니다.
■ 모집 직무
– 영업/마케팅
– 지원/전략
– IT
– 기술
– 연구개발
– 금융
– 부동산"
chemistry,[취업] 일동제약그룹 2025년 상반기 공개채용,N/A,2025.02.28,https://chem.ssu.ac.kr/%ea%b3%b5%ec%a7%80%ec%82%ac%ed%95%ad/?term_id&slug=4488,"*
공고 내용
: [
일동제약그룹
] 2025
년 상반기 공개채용
*
참고
URL  :
[일동제약] 일동제약그룹 2025년 상반기 공개채용 (~03/09) | 캐치"
chemistry,[장학] 2025-1학기 학과근로장학생 추가 모집 안내(~3/9까지),N/A,2025.02.27,https://chem.ssu.ac.kr/%ea%b3%b5%ec%a7%80%ec%82%ac%ed%95%ad/?term_id&slug=4485,"2025학년도 1학기 학과근로장학생을 추가로 모집하니 많은 지원 바랍니다.
근로장학생 자격 및 선발기준
가. 2025학년도 1학기 국가장학금을
1
차
신청하고 소득분위가
9
분위 이내인 자
※ 국가장학금을 신청할 수 없는 대한민국 국적 미소지자도 선발 가능
(단, 순수외국인전형으로 입학한 외국인 유학생은 선발 불가)
나. 2025학년도 1학기 재학 및 복학예정자로 해당학기 등록금 납부 예정인 자
1) 2025학년도 1학기 전 등록휴학 후 복학시 선발 불가(등록대체자)
2) 학기 중 미등록, 입학취소, 복학취소 등으로 인한 학적변동시 모든 장학금 취소
3) 2025학년도 1학기 기준
이수학기가
2~7
학기만 가능
(
건축학 전공은
9
학기까지
)
※
마지막학기 재학생은 선발 불가
다. 직전학기 취득학점 및 학업성적 제한 없음
라. 타 장학금과 중복수혜 가능(근로장학금 간 중복 불가)
※ 본 장학금은 학업장려비 지원 목적으로 등록금(입학금 및 수업료)를 초과하여 지급
마. 국가근로장학생 및 교내근로장학생에 선발되지 않은 자
※
국가근로 및 교내근로 선발자가 포기 후 학과근로 선발될 수 없음
근로장학생 종류별 장학금액 및 근로시간
장학금명
시간당 장학금
총 근로시간 (학기)
1인당 장학금액(원)
학과근로A
10,030원
10시간*20주=200시간
2,006,000
학과근로B
10,030원
5시간*20주=100시간
1,003,000
※ 장학금은 매월 지급하며, 실 지급액은 근로시간에 따라 달라질 수 있음
※ 주 기준은 학기당 받을 수 있는 장학금액 산정을 위한 것이며, 총 시간 내에서 8월까지
근로할 수 있음
※ 장학금 지급일: 매월 셋째주 금요일 예정(Ex. 9월분 근로장학금 지급일: 10월 셋째주 금요일)
신청절차
가. 학생신청방법: 화학과 이메일 제출(chem@ssu.ac.kr)
나. 제출기간:
2025
년
3
월 9
일
(일)
※ 제출 일시 이후 제출본은 불인정
다. 제출내용: 성명, 학번, 학년, 학과근로 장학금명(학과근로A 혹은 B), 희망근무지(학과사무실 혹은 화학실험실), 신청사유, 휴대폰 번호"
chemistry,"[안내] 화학과 4학년 논문연구1, 논문연구2 강좌 수강 안내",N/A,2025.02.27,https://chem.ssu.ac.kr/%ea%b3%b5%ec%a7%80%ec%82%ac%ed%95%ad/?term_id&slug=4483,"화학과에서는 졸업요건으로 졸업논문 작성을 제시하고 있습니다.
따라서 졸업논문을 작성하는 학생은 논문연구1, 2 수업에 필수적으로 참여해야 합니다.
추가적으로 졸업논문 대체 요건 충족을 통해 졸업하고자 하는 학생 또한 논문연구 1, 2 수업에 필수적으로 참여해야 합니다.
논문은 작성하지 않지만 해당 강좌 시간에 졸업논문 대체 요건과 관련한 여러 과제를 제출하게 됩니다.
위 교과목은 전공필수 교과목이 아니지만, 졸업을 위해서 필수적으로 수강해야 하므로 해당 교과목 시간에는 3, 4학년 전공 과목을 배치하지 않고 있습니다.
수강신청 시 참고하시기 바랍니다."
chemistry,[취업] 현대자동차 2025년 3월 신입채용(~3/14 17시까지),N/A,2025.02.27,https://chem.ssu.ac.kr/%ea%b3%b5%ec%a7%80%ec%82%ac%ed%95%ad/?term_id&slug=4480,"Come Grow with Us
현대자동차 2025 3월 신입채용
Team Hyundai
가 만들어 갈 내일은 어떤 모습일까요?
글로벌 누적 1억대 생산 달성,
이제 현대자동차는 새로운 1억대의 미래를 향해
또 한 번 도약을 준비하고 있습니다.
다시, 첫 걸음을 내딛고 있는
Team Hyundai
에서 여러분의 내일을 그려보세요.
■
모집기간
3/1(
토) 9:00 – 3/14(금) 17:00 까지
■
지원대상
학/석사 기졸업자 또는 ‘25년 8월 이내 졸업 예정이신 분
■
지원방법
https://talent.hyundai.com
에서 온라인 지원
■
채용프로세스
서류전형 → 직무면접/인성검사 → 종합면접 → 채용검진 → 입사
※
공고별 자격 요건 및 프로세스가 상이할 수 있으니 세부 요건을 확인해주세요.
■
모집 분야
생산/제조, 사업/기획, 경영지원
■
모집직무
생산/제조
•
구매/부품개발
•
생산기술
•
품질
•
국내생산
•
파이롯트
사업/기획
•
경영전략/기획
•
글로벌사업
•
국내사업
•
재경
•
상품전략/기획
•
홍보/마케팅
경영지원
• HR
•
안전경영
•
비즈니스 지원
■
유튜브
라이브 설명회
Team Hyundai Talk
Live
관심있는 직무에 대해 현직자와 소통할 수 있는 기회, 지금 바로 사전 신청하세요!
(
사전 신청자에 한해 참여 가능합니다.)
※
사전신청안내
•
일정  : 2/27(목) – 3/4(화) 23시 59분까지
•
참여 안내 : 사전 신청 접수 > 신청 인원 안내 메일/문자 확인
•
참석 대상자에게는 3/5(수) 오후 접속 URL을 공유드릴 예정입니다.
1.
일시
: 2025
년 3월 7일(금) 13:00 – 18:00 / 현대자동차 채용 YouTube 채널
2.
채용 설명회
• 3
월 신입채용 소개 : 13:00 – 13:30
3.
생산/제조 부문 직무 설명회
•
생산 : 13:40 – 15:00
–
공정기술(울산공장)
–
품질관리(울산공장)
–
상용설비관리(전주공장)
–
생산관리(아산공장)
•
제조 : 15:30 – 16:30
–
자동화설비기술(울산공장)
–
생산기술(아산공장)
–
선행생산기술(남양연구소)
•
품질/구매 : 17:00 – 18:00
–
파이롯트 개발
–
제네시스 품질관리
–
부품개발/부품구매"
chemistry,[취업] 2025년 상반기 LIG넥스원 인재영입,N/A,2025.02.27,https://chem.ssu.ac.kr/%ea%b3%b5%ec%a7%80%ec%82%ac%ed%95%ad/?term_id&slug=4476,"[LIG넥스원] 2025년 상반기 LIG넥스원 인재영입
LIG넥스원 캠퍼스 리크루팅
– LIG넥스원 현직자와 소통할 수 있는 기회!
– 캠퍼스 리크루팅(채용상담,채용설명) 참여자 전원 기념품 지급!
– 03월 05일(수) ~ 03월 13일(목) (대학별 일정 상이)
채용 안내 사이트에서 캠퍼스 리크루팅 진행 일정을 확인하세요!
https://bit.ly/2025-LIGnex1-DM
■ 지원방법
접수기간: 신입(~3/16), 경력/채용연계형인턴(~4/2)
LIG 넥스원 채용 홈페이지를 통한 온라인 지원(
https://bit.ly/2025-LIGnex1-DM
)
*채용 안내 사이트에서 자세한 채용 정보를 확인하세요!
https://bit.ly/2025-LIGnex1-DM
■ 모집 부문
[정규직 _ 신입 / 경력]
SW, HW, 기계, IPS, 체계종합, 사업, 관리
[채용연계형 인턴 _ 신입]
국내사업, 해외사업, 계약지원, 해외구매, 양산구매, 안전환경
* 입사 후 3개월간 수습기간 적용
* 모집분야별 상세 직무 내용은 채용 안내사이트 내 첨부 Recruiting guide book 참고
■ 기타
– 입사지원서에 허위 기재가 있거나 제출서류가 허위로 판명되는 경우,
또는 입사 이후 자격 미확보 및 상실하는 경우는 입사가 취소될 수 있습니다.
– 지원서 제출 후에는 수정이 절대 불가하오니, 주의하시기 바랍니다.
– 전형단계별 결과는 E-Mail 및 SNS를 통하여 안내하오니
E-Mail 주소 및 휴대전화 번호는 정확히 기재해주시기 바랍니다.
– 당사는 방위산업체로 관련 법령에 의해 입사전 신원조회가 필요하며, 신원조회기간이
1개월 이상 소요됨에 따라 면접전형시 신원조회를 병행 실시할 예정입니다.
(면접대상자는 신원조회동의서 제출 필요)
– 채용전형 전 과정에서 전/현 직장의 영업비밀을 침해하는 일이 없도록 유의 바랍니다.
(필요시, 전/현 직장의 영업비밀 보호 준수를 위한 추가 서류를 요청할 수 있습니다.)
– 입사 후 3개월간 수습기간이 적용되며, 수습기간 중 성적이 불량하거나
직무 수행 능력이 없다고 판단되는 경우 입사가 취소될 수 있습니다.
– 채용관련 문의 : 카카오 플러스 친구(넥스원 채용)"
chemistry,[안내] 2025학년도 신입생을 위한 중앙도서관 오리엔테이션 안내,N/A,2025.02.24,https://chem.ssu.ac.kr/%ea%b3%b5%ec%a7%80%ec%82%ac%ed%95%ad/?term_id&slug=4471,"1. 운영 개요
가. 대상: 신입생 및 중앙도서관 이용 방법을 알고 싶은 학생
나. 일정: 2025. 3. 10.(월)~3. 13.(목) 15:00~16:00
다. 방식: 온라인(zoom) 3회 교육 및 후속 질의응답
일시
3/10(월)
3/11(화)
3/12(수)
3/13(목)
15:00
~
16:00
사서가 알려주는 도서관 이용 안내
– 도서관 이용증, 시설, 대출/반납 서비스 및 전자책 활용 방법 등
퀴즈 이벤트
– 도서관 OT 참석 후, 퀴즈를 풀고 경품을 받는 참여형 프로그램
교육 내용
후속 Q&A
(이메일, 전화 등)
2. 협조 요청사항:
2025학년도 신입생 대상 SMS 발송 및 학과 홈페이지 내 포스터 게시
숭실대 신입생 중앙도서관 OT에 초대합니다 https://forms.gle/ctshodBsXjjSJQnh9"
chemistry,[안내] 2025학년도 1학기 유고결석 제도 운영 안내,N/A,2025.02.21,https://chem.ssu.ac.kr/%ea%b3%b5%ec%a7%80%ec%82%ac%ed%95%ad/?term_id&slug=4467,"2025학년도 1학기 유고결석 제도 운영을 다음과 같이 안내합니다.
1. 관련 규정
: 학생생활규정 제22조(유고결석)
2. 운영 계획
가. 취지: 본교가 정한 유고결석 사유에 해당하여 학생의 결석이 불가피할 경우 출결 관리에서의 학생 불이익 방지
나. 대상: 2025학년도 1학기 본교 재학생
다. 사유별 운영 계획
사유
예시
허용 기간
필수 서류
본인 결혼
본인 결혼
당일부터 7일
· 혼인관계증명서
· 청첩장
혈족사망
2촌 이내
당일부터 5일
· 사망진단서
· 가족관계증명서
4촌 이내
당일부터 3일
질병
입·퇴원
입원 일자
· 입·퇴원확인서
· 진료확인서
통원
진료 당일 1일
병무관계
예비군, 신체검사
군 면접
당일(최대 3일)
· 신체검사확인서
· 면접 확인서
공식행사
체육대회, MT 등
해당 기간
· 단과대학 측 유고결석 승인 협조 요청 공문
※ 세부 내용은
붙임 1
참조
라. 주의 사항
1) 학생
본인이 신청하지 않을 경우 유고결석 승인 불가
2)
필수 서류 미제출 시 유고결석 승인 불가
3)
개인적 사유
로 기업 면접, OT, 행정부서와 학과(부) 소모임의 참석은
승인 불가
마. 변동 사항
2024학년도 2학기
→
2025학년도 1학기
COVID-19 확진 시 격리 기간
5일에 대한 유고결석 인정
(교육부 권고사항 반영)
통상의 질병 사유
로 유고결석 신청 가능
(COVID-19
격리에 대한 유고결석 불인정
)
바. 변동 사유
1) COVID-19는 감염병 등급 중 가장 낮은 4급으로 하향 조정됨.(2023. 8. 31. 질병관리청)
2) 직전 학기까지는 감염병 재유행으로 인해 교육부의 확진자 관련 권고 사항이 있었으나 올해에는 격리 권고 사항이 없고, 향후에도 없을 예정임을 확인함.
3) 2024학년도 COVID-19로 인한 질병결석과 격리 신청 건수가 현저히 낮아졌다는 점을 토대로 COVID-19를
일반 질병결석 기준에 준하여 유고결석 인정
하고자 함.
3. 유고결석 절차 안내
순서
대상
절차
비고
1
학생
u-saint에서 신청
사유 발생일로부터 10일 이내 본인 신청
2
학생서비스팀
사유 및 증빙 서류 검토
3
담당 교수
최종 승인
총 수업일 수의 3분의 1 미만"
chemistry,[장학] 2025학년도 1학기 교내장학금 2차 신청 안내,N/A,2025.02.21,https://chem.ssu.ac.kr/%ea%b3%b5%ec%a7%80%ec%82%ac%ed%95%ad/?term_id&slug=4461,"1. 교내장학금 자격요건
가. 2025학년도 1학기 국가장학금 신청 및 서류제출을 완료하고 소득분위가 조회된 자
(국가장학금 지급 대상 분위의 경우 심사가 완료된 자)
※ 국가장학금 1차 신청기간: 2024.11.21(목) 9:00 ~ 12.26(목) 18:00[마감]
국가장학금 2차 신청기간: 2025.2.4(화) 9:00 ~ 3.18(화) 18:00
나. 2025학년도 1학기 재학(
신입생 포함
) 및 복학(예정)자로 등록금 납부 예정인 자
1) 2025학년도 1학기 前 등록휴학 후 복학시 장학생 선발대상에서 제외
2) 미등록, 입학취소, 복학취소, 휴학 등 학적변동 시 모든 장학금 취소
다. 직전학기 15학점 이상 이수한 자(최종 직전학기는 12학점)
라. 정규등록학기가 8학기 이내인 자(건축학부 건축학전공은 10학기 이내)
2. 학생 신청 절차
가. 온라인 신청 및 서류제출기간 :
2025.3.4(화) 9:00 ~ 2025.3.28(금) 17:30
나. 신청방법: u-SAINT포털 → 등록/장학 → 장학메뉴 → 장학금 신청
다. 서류제출: 온라인 신청기간 내 방문 및 등기우편제출 가능(세부내용 붙임 파일 참조)
※ 단, 전문자격시험합격자장학금의 경우 등기우편 불가"
chemistry,[안내] ‘2025년 숭실대학교 찾아가는 전입신고창구’ 운영 및 이용 안내,N/A,2025.02.20,https://chem.ssu.ac.kr/%ea%b3%b5%ec%a7%80%ec%82%ac%ed%95%ad/?term_id&slug=4459,"동작구청 주관으로 시행하는 ‘2025년 숭실대학교 찾아가는 전입신고창구’ 운영을 다음과 같이 안내하니 많은 이용 바랍니다.
1. 취지
가. 본교의 학생들과 지역주민의 전입신고 행정업무 처리 편의 도모
나. 총학생회 학생복지 증진 사업의 일환
다. 동작구의 적극행정의 일환
2. 운영 내용
가. 주관: 동작구청 행정자치과
나. 일시: 2025.2.17.(월) ~ 3.6.(목) [수요 집중 시기 동안 임시 운영]
다. 장소: 학생회관 4층 emart24 편의점 옆 공간
라. 주요 사항
1) 전입신고, 주택임대차계약신고
2) 전세사기예방 상담 제공
3) 전입구민 생활안내서 배부
4) 상도1동 1인가구 전입지원 홍보 및 물품(택배송장지우개) 증정
<학생회관 내 동작구 찾아가는 전입신고센터>
<홍보 포스터>
3. 이용 대상자
: 상도1동으로 전입신고 하는 학생, 지역주민 등 누구나.  끝."
chemistry,[취업] WISET 이공계 여대학(원)생 멘토링 참여 멘티 모집,N/A,2025.02.20,https://chem.ssu.ac.kr/%ea%b3%b5%ec%a7%80%ec%82%ac%ed%95%ad/?term_id&slug=4455,"참여 기관
모집 대상
주요 내용
모집 기간
네덜란드 대사관
이공계 여자 대학(원)생
50명 내외
(※ 선착순 모집)
(멘토) 국내 네덜란드계 기업 재직자
* 참여 기업 : ASM, ASML, Control Union, DSM-Firmenich, IMCD, PHILIPS
(활동 일시) 3/7(금) 13시~16시 30분
(활동 장소) 한국과학기술회관 12층 아나이스홀
(서울 강남구)
(활동 내용) 여성리더와 함께하는 토크 콘서트, 기업별 소그룹 멘토링 등
(신청 링크) https://bit.ly/43ifR4v
~3/3(월)
Schneider Electric
이공계 전공 여자 대학생
16명 내외
– 전기(전자), 기계, 화학공학, 에너지 관련 전공자 우대 – 영어 구사 가능자 우대
(활동 기간) 3월~7월(총 5회 활동 진행)
(활동 내용) 스마트팩토리 견학, 커리어로드맵 프로젝트, HR 특강 및 이력서 첨삭 등
(신청 링크) https://bit.ly/3CX0GTe
~3/9(일)"
chemistry,"[수강신청] 김자헌 교수님 교과목(캡스톤디자인, 양자나노소재프로그래밍) 관련 안내",N/A,2025.02.19,https://chem.ssu.ac.kr/%ea%b3%b5%ec%a7%80%ec%82%ac%ed%95%ad/?term_id&slug=4449,"1. 캡스톤디자인
이 과목은 원래 3학년 2학기에 개설되어 운영되었습니다.
그런데, 이번에 교과과정 개편으로, 4학년1학기에 개설되었습니다.
그래서, 지난 학기에 이미 현 4학년이 대부분 수강하여 현 4학년의 수강신청 인원은 거의 없을 것으로 예상됩니다.
—
따라서, 이번에 3학년 중 일부가 캡스톤디자인 과목을 신청하면 좋겠습니다. Pass/Fail 과목이므로 성적 부담 없이 창의적 활동을 할 수 있습니다.
—-
—
—-
2. 양자나노소재프로그래밍
4학년 중에서 융합과목 수강을 고려하는 학생은 이 과목을 수강하면 좋겠습니다. EL+ 과목이어서 절대평가로 성적이 부여되는 장점이 있습니다.
—
양자나노 융합전공의 이수신청을 하지 않으면 <일반선택> 과목으로 처리되는 문제가 있습니다. 하지만, 3학년 학생이 올해 이수신청을 하고 4학년에 이수를 취소하면, 이 과목을 <전공선택>으로 인정받을 수 있습니다.
(단, 4학년의 경우에는 늦어서 어렵습니다. 혹시, 4학년 학생 중에 전공과목 이수학점 요건을 채운 경우에는, 일반선택 과목이라도 수강할 수 있겠지요.)"
chemistry,[안내] 25-1학기 화학특강1 교과목 강의계획서 및 교수님 소개,N/A,2025.02.11,https://chem.ssu.ac.kr/%ea%b3%b5%ec%a7%80%ec%82%ac%ed%95%ad/?term_id&slug=4440,"25-1학기 화학특강1 교과목(월 15:00-16:15 /금 12:00-13:15 ) 안내
2025학년도 1학기 화학특강1 교과목은새로 숭실대학교에 부임하실
강성훈 교수님
께서 맡아주실 예정입니다.
강성훈 교수님은
바이오 나노
분야의 전문가로, 약물 디자인 및 면역 치료제 연구에 대한 폭넓은 경험을 가지고 계십니다.
최근에는 감염병, 암, 자가면역 질환 등 면역 관련 난치성 질환에 대한 새로운 치료법을 개발하는 연구를 진행하고 계시며, 이러한 연구의 성과로 “Engineered IL-7 synergizes with IL-12 immunotherapy to prevent T cell exhaustion and promote memory without exacerbating toxicity”라는 논문을 세계적 학술지인 Sci. Adv.에 제1저자로 그 연구 결과를 공유한 바 있습니다.
강성훈 교수님의 수업은 이론뿐만 아니라 최신 연구 결과와 AI 기술을 바탕으로 실험 데이터와 실제 질병 모델을 분석하는 방법을 훑어볼 수 있는 기회가 될 것입니다.
면역학, 약리학  등
다양한 분야에 흥미가 있는 학생들은 첨부파일에 강의계획서를 참고하시어 수강신청을 하시기 바랍니다."
chemistry,[안내] 한국기독교박물관 토요일 및 휴일 개관 안내,N/A,2025.02.05,https://chem.ssu.ac.kr/%ea%b3%b5%ec%a7%80%ec%82%ac%ed%95%ad/?term_id&slug=4436,"1. 한국기독교박물관은 주말 및 휴일을 이용한 관람 및 관람객의 편의 제공을 위하여 2025학년도 1학기 토요일 및 휴일 개관을 아래와 같이 실시합니다.
2. 교내 구성원들의 많은 관심을 부탁드리며, 소속 부서 및 교회 등에 널리 알려주시기 바랍니다.
3. 내용
가. 토요일 및 휴일 개관 일정
개관 날짜
관람 시간
3월
8일, 22일
오전 10시 ~ 오후 3시
4월
12일, 26일
5월
5일, 10일, 24일
6월
14일
나. 단체 관람(10인 이상) 전시 해설 요청 시 박물관 홈페이지 사전 예약 필수(
바로가기
)
다. 토요일 및 휴일 개관일 안내 포스터"
chemistry,[장학] 2025학년도 1학기 한국장학재단 국가장학금 2차 신청 안내(~3/18 18시까지),N/A,2025.02.05,https://chem.ssu.ac.kr/%ea%b3%b5%ec%a7%80%ec%82%ac%ed%95%ad/?term_id&slug=4431,"3. 세부안내
가. 신청기간: 2025.02.04.(화) 09:00~03.18.(화) 18:00
나. 서류 제출 및 가구원 동의 기간: 2025.02.04.(화) 09:00~03.25.(화) 18:00
다. 신청대상: 신입생(고3, 재수생 등 입학예정자), 재학생, 편입생, 재입학생, 복학생 등
모든 학적 신청가능
※ 재학생은 1차 신청이 원칙이며, 재학중 2회에 한해 2차 신청으로 수혜가능
※ 국가장학금 신청후 소득분위 심사가 완료된 학생에게 교내장학금 지급이 가능하므로
반드시 신청
라. 신청방법: 한국장학재단 홈페이지(www.kosaf.go.kr) 및 모바일 앱에서 신청
붙임 국가장학금 신청 매뉴얼 각 1부. 끝."
chemistry,[취업] 한국화학연구원 계약직 채용공고(~2/7),N/A,2025.02.03,https://chem.ssu.ac.kr/%ea%b3%b5%ec%a7%80%ec%82%ac%ed%95%ad/?term_id&slug=4428,"채용 상세내용
회사명
한국화학연구원
기업형태
공기업·공공기관·공사
모집분야
연구직
자격요건
-자세한 사항은 공고문 참조
근무지
대전 유성구
기업홈페이지
http://www.krict.re.kr
공고URL
https://job.career.co.kr/recruit/view/20893146"
chemistry,[취업] 인테그리스코리아 2025 글로벌 리더 (신입) 채용(~2/23),N/A,2025.01.24,https://chem.ssu.ac.kr/%ea%b3%b5%ec%a7%80%ec%82%ac%ed%95%ad/?term_id&slug=4401,"[인테그리스코리아 2025 글로벌 리더 (신입) 채용 소식 (~2/23)]
#외국계 #반도체 핵심 소재
#순환근무(ELDP) #차세대 핵심인재로 성장
1. 기업소개
인테그리스는 반도체, 생명과학 및 기타 high-tech industry에서 첨단 소재와 프로세스 솔루션을 제공하는 선두기업니다.
인테그리스는 우수한 체계적 커리큘럼을 통해 차세대 핵심 인재로의 성장을 지원합니다.
글로벌 리더(신입) 채용을 통해 선발된 인원은 1년간 반도체 핵심 소재 유관부서에서 순환 근무하며, 직무와 산업에 대해 높은 이해력을 갖춘 핵심 인재로 성장할 수 있습니다.
2. 모집기간
2025년 01월 24일(금) ~ 2025년 02월 23일(일)
3. 지원방법
사람인 접수 (자유 형식의 자기소개서 및 이력서)
“즉시 지원”
https://m.site.naver.com/1B9bG
4. 모집부문
– Plant(화성시 장안) Production Planner, Project Engineer
– Plant(평택시 오성) Production Engineer
– Office(수원시 광교) Field Service Engineer
– R&D(안산시 상록) R&D Scientist
[공통 자격요건]
원활한 영어소통 능력 / MS 활용 능력 / 분석적, 성취 지향적 성향
5. 지원자격
– 2025년 기준 기졸업자 및 2025년 2월 졸업 예정자
(이공계 학/석사 학위 취득자 대상)
– 남성의 경우, 병역필 또는 면제자 등 해외여행에 결격사유가 없는 자
– 업무상 영어 가능한 자
6. 문의사항
terry.son@entegris
.com
7. 오프라인 채용상담
– 일정 : 2월 19일(수) 10:00-17:00 / 2월 20일(목) 10:00-17:00 / 2월21일(금) 10:00-14:00
– 장소 : [Semicon Korea] 서울 코엑스 3층 D홀 부스 #512
– 참여방법 :
1) 현장신청(현장방문하여 신청서 작성)
2) 사전신청(공고문 내 QR을 인식하여 사전신청서 작성)
*채용상담 신청을 하신 모든 참가자분들께는 선물을 드립니다!"
chemistry,[취업] 제약바이오 QA·QC 전문가과정 청년 여성 교육생 모집(~2/18),N/A,2025.01.22,https://chem.ssu.ac.kr/%ea%b3%b5%ec%a7%80%ec%82%ac%ed%95%ad/?term_id&slug=4395,"2025
년
『
제약바이오
QA·QC
전문가과정
』
교육생 모집 공고
기업맞춤형 취업전문기관인 충북여성새로일하기센터는 여성가족부 지원으로 아래와 같이『
제약바이오
QA·QC
전문가과정
』을 운영합니다. 이에 적극적인 도전을 통해 성공적인 취업을 이룰 청년여성을 모집합니다.
2025년 1월 13일
충북여성새로일하기센터장
1.
「
제약바이오
QA·QC
전문가과정
」
이란
?
제약바이오 QA·QC 전문가과정은 의약품을 제조하는데 필요한 원료와 자재, 제품이 소비자에게 공급되기까지의 전 제조공정과 완성된 의약품에 대한
품질을 보증하고 유지
·
관리하는 직무
에 신규입직을 희망하는 전문인력을 양성하기 위한 고부가가치 직업교육훈련 과정입니다.
모집 개요
교육기간
교육시수
선발인원
접수기간
접수방법
2025. 3. 12.~4. 30.
(총 33일)
216시간
20명
2025. 2. 18.
15:00까지
· 방 문: 충북여성새로일하기센터
· 이메일: cb_woman@naver.com
교육의 주요 내용
– 제약바이오 QA·QC 전반의 이해, 의약품 GMP규정의 이해, 제약품질 실무
– 의약품제조소 시설기준, 약전일반시험법, 제약바이오 통계실무
– Data Integrity, 밸리데이션, 적격성평가
– HPLC, GC, 질량분석기 등 기기 실습, 크래마토그래피 결과 분석
– 기초이화학, 생화학, 미생물 실습, 품질시험자 숙련도 평가
– 제약기업 현직자의 실무 중심 전문이론 강의, 응시원서 코칭, 모의면접
– AI 인적성 시험 대비 이론과 실습, 우수기업 견학
– 제약기업 현직자와의 간담회를 통한 취업역량 강화 및 네트워크 형성 기회 제공
교육 안내
가. 선발예정인원: 20명
나. 교육일정: 2025. 3. 12.(수)~4. 30.(수)
다. 교육시간: 주 4~5일(09:30~17:30), 1일 7시간, 총 216시간
라. 교 육 비: 국비 100% 지원
마. 수료기준: 80%이상 교육 참석 시 수료증 발급
바. 수당 지급(지급기준 충족 시)
– 교 통 비: 총 20만원
– 훈련참여촉진수당: 총 26만 5천원(수료 후 16만 5천원, 수료 후 사후관리 참여 시 10만원)
단, 훈련참여촉진수당의 경우, 국민취업제도 2유형 훈련참여수당과 중복 수급 불가
사. 교육장소: 충청북도종합사회복지센터(청주시 흥덕구 공단로 87) 및 실습기관*(대전, 세종)
*실습기간 동안 청주교육장에서 대전, 세종실습장까지 왕복 교통편 제공(단체버스)
응시자격
○직업훈련 수료 후 취업을 희망하는 자로 다음 각 호에 해당할 것
– 만 39세 이하인 여성
– 전문대학(2~3년제)이상 이공계 졸업자
– 현재 재학 중이지 아니한 자(단, ‘25. 8. 졸업예정자, 중퇴자, 휴학생 가능)
– 현재 고용보험 미가입 상태인 자
– 연매출 1억 5천만원 미만인 자영업자
– 연소득 4천 8백만원 미만인 재직자(현직 공무원, 사립학교 교직원 제외)
– 교육 수료 및 취업에 대한 의지가 확고한 자
*
관련 계열 전공자
(
제약
(
공학
),
화학
(
공학
),
미생물학
,
생명
(
공학
)
등
)
우대
*
거주지역 관계없이 지원 가능
응시원서 접수
가. 기 간: 2025. 1. 13.(월)~2. 18.(화) 15:00까지(※시간 엄수)
나. 접수처: 충북여성새로일하기센터 인력양성팀(043-217-9195)
다. 방 법: ① 접수처 방문 접수(청주시 청원구 오창읍 중심상업로 17, 602호)
② 이메일 접수(
cb_woman@naver.com
)
*
우편접수는 받지 않음
전형 일정
가. 1차: 서류전형
※ 서류전형 합격자에 한하여 개별 통보: 2025. 2. 20.(목)
나. 2차: 면접전형(화상 면접)
※ 서류전형 합격자에 한하여 실시: 2025. 2. 23.(일)~2. 25.(화)
다. 최종합격자 발표(개별 통보): 2025. 2. 26.(수)
제출서류
○ 응시원서 1부
기타사항
가. 접수된 서류는 일체 반환하지 아니하며, 응시원서나 각종 증명서의 기재사항 착오 및 누락, 연락 불능으로 발생한 불이익은 모두 응시자의 책임으로 합니다.
나. 충북여성새로일하기센터 직업교육훈련과정 내 중복지원 가능합니다.
다. 기타 자세한 사항은 충북여성새로일하기센터 인력양성팀(043-217-9195)으로 문의하여 주시기 바랍니다."
chemistry,[장학] 2025-1학기 학과근로장학생 모집 안내(~2/7 17:00까지),N/A,2025.01.21,https://chem.ssu.ac.kr/%ea%b3%b5%ec%a7%80%ec%82%ac%ed%95%ad/?term_id&slug=4391,"2025학년도 1학기 학과근로장학생을 다음과 같이 모집하니 많은 지원 바랍니다.
근로장학생 자격 및 선발기준
가. 2025학년도 1학기 국가장학금을
1
차
신청하고 소득분위가
9
분위 이내인 자
※ 국가장학금을 신청할 수 없는 대한민국 국적 미소지자도 선발 가능
(단, 순수외국인전형으로 입학한 외국인 유학생은 선발 불가)
나. 2025학년도 1학기 재학 및 복학예정자로 해당학기 등록금 납부 예정인 자
1) 2025학년도 1학기 전 등록휴학 후 복학시 선발 불가(등록대체자)
2) 학기 중 미등록, 입학취소, 복학취소 등으로 인한 학적변동시 모든 장학금 취소
3) 2025학년도 1학기 기준
이수학기가
2~7
학기만 가능
(
건축학 전공은
9
학기까지
)
※
마지막학기 재학생은 선발 불가
다. 직전학기 취득학점 및 학업성적 제한 없음
라. 타 장학금과 중복수혜 가능(근로장학금 간 중복 불가)
※ 본 장학금은 학업장려비 지원 목적으로 등록금(입학금 및 수업료)를 초과하여 지급
마. 국가근로장학생 및 교내근로장학생에 선발되지 않은 자
※
국가근로 및 교내근로 선발자가 포기 후 학과근로 선발될 수 없음
근로장학생 종류별 장학금액 및 근로시간
장학금명
시간당 장학금
총 근로시간 (학기)
1인당 장학금액(원)
학과근로A
10,030원
10시간*20주=200시간
2,006,000
학과근로B
10,030원
5시간*20주=100시간
1,003,000
※ 장학금은 매월 지급하며, 실 지급액은 근로시간에 따라 달라질 수 있음
※ 주 기준은 학기당 받을 수 있는 장학금액 산정을 위한 것이며, 총 시간 내에서 8월까지
근로할 수 있음
※ 장학금 지급일: 매월 셋째주 금요일 예정(Ex. 9월분 근로장학금 지급일: 10월 셋째주 금요일)
유의 사항
가. 선발된 학생은 소속부서에서 지정된 근로시간 동안 근무해야 하며, 학기 중 학적변동
(휴학, 자퇴, 제적 등) 등 불가피한 사유가 인정되는 중도 포기 시 근로 시간 만큼 지급
나. 2025년 7월 근로평가 전까지 교체 가능(단, 교체 전 학생의 근로시간을 차감)
다.
국가근로 및 교내근로로 선발 시 학과근로 선발에서 제외됨
(선발 우선순위: 1. 국가근로, 2. 교내근로, 3. 학과근로)
라.
화학과 근로배정 인원: 학과사무실 3명, 화학실험실 4명
신청절차
가. 학생신청방법: u-SAINT포털 → 등록/장학 → 장학메뉴 ‘근로장학금’→학과근로A/B신청 → 지원서 출력 → 지원서 제출
※
u-SAINT
출력본 제출 필수
나. 온라인접수 및 서류제출기간:
2025
년
2
월
3
일
(
월
) 10:00 ~ 2
월
7
일
(
금
) 17:00
※
제출 일시 이후 제출본은 불인정하니 유의
1) 제출서류: 지원서(u-SAINT출력본)
2) 제출장소: 각 학과사무실
–
선발결과 발표
:
2025년 2월 24일(월) 18:00 이후 본교 홈페이지 공지사항 공지 예정
문의
:
각 학과 사무실"
chemistry,[취업] 2025 상반기 아모레퍼시픽 신입사원 수시채용(~2/10),N/A,2025.01.20,https://chem.ssu.ac.kr/%ea%b3%b5%ec%a7%80%ec%82%ac%ed%95%ad/?term_id&slug=4388,"■ 게시 내용 :
2025 상반기 아모레퍼시픽 신입사원 수시채용
지원기간
25년 1월 17일(금) ~ 2월 10일(금) 23:59까지
모집부문
– 연구원_R&I전형:  R&I 연구
– 일반전형: 마케팅, 영업, 지원, SCM
지원방법
홈페이지 접수 (
https://m.site.naver.com/1ALB7
)
전형방법 및 절차
서류전형 > AI역량검사/영어면접(온라인) > 1차 면접
> 연구과제 PT(연구원
_R&I
전형) / 인턴 실습(4주, 일반 전형)
> Culture Fit면접/2차 면접 > 최종합격
문의처
apcareers@amorepacific.com"
chemistry,[안내] 2025학년도 1학기 국내대학 학점교류 실시 및 신청 안내,N/A,2025.01.09,https://chem.ssu.ac.kr/%ea%b3%b5%ec%a7%80%ec%82%ac%ed%95%ad/?term_id&slug=4374,"1. 신청 자격
가. 2025학년도 1학기 3~7학기 재학생
나. 직전 학기까지 학업성적이 총 평점 평균 3.0 이상
다. 학칙에 의거 징계받은 사실이 없는 자
2. 신청 학점
:
최대 수강신청 가능 학점 범위 내
3. 국내 대학 학점교류 진행 방식
학생
학과
단과대학
학사팀
학점교류 신청서
(붙임1) 작성 후
학과에 제출
▷
학점교류 신청 접수 및 과목 승인
(학과(부)장)
▷
학과에서 제출한
서류를 취합하여
학사팀으로
공문 송부
▷
단과대학 신청
공문 취합,
학생 온라인 접수
(LMS) 확인 후
교류 학교로
공문 송부
◁
학점교류 신청 승인 결과 안내
승인 받은
학점교류 신청서
소속 학과에 제출,
온라인 접수(LMS)
학점교류생 명단
(붙임3)을 작성하여
학생 제출 서류와
함께 단과대학 제출
※  홈페이지▶학사▶학생교류지원▶학점교류 신청하기 게시판에
대학별 실시 계획이 확정되는 대로
계속 업데이트
예정
4. 제출 서류
가. 학생: 국내대학 학점교류 신청서(붙임1), 엑셀 및 스캔자료 2종
나. 단과대학
1)  학과에서 교류대학별 신청 기한(
학교 홈페이지 공지
←클릭)까지 학생 신청 접수
2)
‘학점교류 신청서(붙임1)’
와 ‘
학점교류생 명단(붙임3)’
을 작성하여 학사팀에 공문 송부
– 학교 홈페이지에 공지되어 있는
신청 기한 당일 17:00까지
송부"
chemistry,[취업] 한국화학연구원 계약직 채용공고(~1/14까지),N/A,2025.01.07,https://chem.ssu.ac.kr/%ea%b3%b5%ec%a7%80%ec%82%ac%ed%95%ad/?term_id&slug=4370,"채용 상세내용
회사명
한국화학연구원
기업형태
공기업·공공기관·공사
모집분야
1.사업계약직 : 연구직, 행정직
2.일반계약직(육아휴직 대체) :  연구직
자격요건
-자세한 사항은 공고문 참조
근무지
대전 유성구,울산 남구
기업홈페이지
http://www.krict.re.kr
공고URL
https://job.career.co.kr/recruit/view/20841385"
chemistry,[안내] 2024학년도 동계방학 AI 기반 맞춤형 학습지원(슈터디) 운영 안내,N/A,2025.01.06,https://chem.ssu.ac.kr/%ea%b3%b5%ec%a7%80%ec%82%ac%ed%95%ad/?term_id&slug=4366,"2024학년도 동계방학 <AI 기반 맞춤형 학습지원(슈터디)>를 다음과 같이 운영하오니 소속 학부생이 참여할 수 있도록 안내하여 주시기 바랍니다.
1. 슈터디(SSUtudy)란?
가. 기초 수학/과학 공부를 효율적으로 하기 위한 자율학습 스터디 앱과 앱 속의 AI 튜터를 활용한 학습 프로그램
나. 프로그램 참여자가 기초 진단평가를 통해 스스로 학습 상태를 진단하고, 결과에 따라 AI 튜터가 개별 학생 맞춤형으로 추천하는 문제와 개념에 대한 보완학습을 진행하여 기초 수학/과학 능력을 향상할 수 있음
2. 대상: 본교 학부 재학생 200명
3. 적용 교과: 기초 수학, 기초 과학
※ 자세한 과목 내용은 붙임 파일 참조
4. 운영 일정
구분
기간
비고
신청기간 및 접수
2024.12.23.(월) ~ 2025.01.19(일) 23:45
FUN시스템에서 접수
학습 콘텐츠 이용 기간
2025.01.06.(월) ~ 02.21.(금)
약 2개월 간 사용 가능
1차 진단 평가 기간
2025.01.06.(월) ~ 01.24.(금)
20~30문항,
시험시간 70분 예정
2차 진단 평가 기간
2025.01.13.(월) ~ 01.31.(금)
20~30문항,
시험시간 70분 예정
5. 기타 사항: 프로그램 운영 홍보 포스터 이미지(붙임 파일 1) 및 PDF(붙임 파일 2) 활용
붙임 1. 슈터디 설명자료 2부.
2. 슈터디 설명자료(통합) 1부.  끝."
chemistry,[취업] 한국화학연구원 2025년 상반기 인턴 채용 공고(~1/13까지),N/A,2024.12.31,https://chem.ssu.ac.kr/%ea%b3%b5%ec%a7%80%ec%82%ac%ed%95%ad/?term_id&slug=4361,"채용 상세내용
회사명
한국화학연구원
기업형태
공기업·공공기관·공사
모집분야
화학소재연구본부, 의약바이오연구본부,정밀·바이오화학연구본부,화학플랫폼연구본부
자격요건
-자세한 사항은 공고문 참조
근무지
대전 전지역,울산 전지역,전남 여수시
기업홈페이지
http://www.krict.re.kr
공고URL
https://job.career.co.kr/recruit/view/20838155"
chemistry,[장학] 2025 DB드림리더 장학생 (2기) 모집,N/A,2024.12.26,https://chem.ssu.ac.kr/%ea%b3%b5%ec%a7%80%ec%82%ac%ed%95%ad/?term_id&slug=4359,"2025 DB드림리더 장학생 (2기) 모집 관련 협조 요청드립니다.
본 재단은 DB그룹(구 동부그룹) 설립자 김준기 회장이 기금을 출연하여 1988년 설립한 공익법인으로,
국가사회 공공의 이익에 공여하기 위하여 장학사업학술연구지원사업교육기관지원사업 등을 시행하고 있습니다.
본 재단에서는 ‘2024 DB드림리더 장학생’을 아래와 같이 모집하고자 하오니,
귀교의 우수한 학생들을 선발할 수 있도록 홍보에 도움을 주시면 감사하겠습니다.
[DB드림리더 장학생 (2기) 모집공고]
(1) 선발인원 : 00명 내외
(2) 요청사항
– 취업지원처, 장학처, 관련학과 게시판에 포스터 부착
(관련학과: 상경계, 인문사회계, 이공계 등)
(3)지원자격
– 전국 4년제 대학교 학부 5학기 또는 6학기(3학년)인 자, 전공무관 (2025년 1학기 기준)
– ‘DB드림리더’ 활동에 우선순위를 두고 1년간 열심히 활동할 수 있는 대학생
– 성적 누적 평점 B0이상
(4)선발일정
– 1차 서류 접수: ~2025년 1월 10일(금) 오후 5시
– 1차 심사 결과 발표: 2025년 1월 16일(목) 오후 5시
– 2차 면접 심사: 2025년 1월 20일(월) ~ 1월 22일(수)
– 최종합격자 발표: 2025년 1월 24일(금) 오후 5시
– 장학증서수여식 및 캠프: 2025년 2월 19일(수) ~ 2월 21일(금), 2박 3일
* 상기 일정은 변경될 수 있습니다.
*모집 일정의 결과 발표는 이메일 혹은 핸드폰 번호로 개별 발송됩니다.
(5)장학혜택
– 장학금액: 생활비 장학금 학기당 300만 원 지급
* 2025년 1학기부터 졸업 시까지 최대 3년 내 4회 지급 (휴학1년 가능, 단 2025년 1학기는 휴학 불가)
* 중복지원 불허: 기업재단 및 재단법인의 생활비 명목의 장학금에 한하여 중복 수혜 불가 (단, 한국장학재단, 지자체, 학교 등에서 지급하는 등록금, 생활비 장학금은 중복 수혜 가능)
– 우수활동자: 해외 봉사활동 참가 (2026년 1월 3박 4일)
(6)DB 드림리더 활동
DB드림리더 장학생은 약 1년간 봉사활동을 직접 기획하고 실행합니다 (필수)
– 활동기간: 2025년 2월 ~ 2026년 2월
– 활동주제: 봉사활동 기획과 참여 그리고 ‘관계’를 통한 성장
– 활동내용: 우리 주변의 도움이 필요한 대상을 위해 봉사 프로그램을 기획하고 직접 실천함
– 지원내용: 장학생의 성장을 위한 인적, 물리적 지원 (관련 교육 제공, 전문가 멘토링 및 협업기회, 활동비 지원)
– 재단 공식 행사 참석 (*아래 공식 행사는 장학생의 의무 활동으로 필수 참석)
ⓐ 장학증서수여식&출발캠프 (25년 2월 19~21일, 2박 3일, 오프라인)
ⓑ 성장캠프 (25년 8월 20~22일, 2박 3일, 오프라인)
ⓒ 해단식 (26년 2월말)
(7)제출서류
-홈페이지 모집요강 참조
(8)문의사항 : 자세한 사항은 홈페이지 모집요강 참조
–
www.dbfoundation.or.kr
-Tel. 02-2257-6319
-E-mail.
dreamleader@dbgroup.or.kr
(9)바로 지원하기
https://bit.ly/49NLZOs"
chemistry,[안내] 2024년 여학생 대상 온라인 이공계 진로 멘토링 운영 안내,N/A,2024.12.26,https://chem.ssu.ac.kr/%ea%b3%b5%ec%a7%80%ec%82%ac%ed%95%ad/?term_id&slug=4355,"가. 프로그램 개요
1) 프로그램명: 2024년 드림톡 콘서트 여성과학기술인편
2) 운영내용: 이공계 현직자와 함께하는 과학기술 7대 분야 이공계 진로 멘토링
3) 운영일시: 2024.12.28.(토) 14 ~ 16시
4) 참여대상: 여학생 70명 내외(선착순 모집)
나. 참여방법: 온라인 신청(https://forms.gle/i5eaLafsVLVv1MEXA)
다. 참고사항: 1:1 온라인 진로 컨설팅 신청자 우선 선정
※ 1:1 컨설팅 신청: https://url.kr/43leng
라. 문의: 한국과학창의재단 허영경 연구원(edenyk@kosac.re.kr)"
chemistry,[장학] 2025년도 관정이종환교육재단 장학생 선발 안내,N/A,2024.12.24,https://chem.ssu.ac.kr/%ea%b3%b5%ec%a7%80%ec%82%ac%ed%95%ad/?term_id&slug=4347,"2025년도 관정이종환교육재단 장학생 선발을 안내드립니다.
지원자격이 충족되어 지원하는 학생은
“첨부3. 2025년도 관정장학생 추천명단” 및 “개인정보수집이용동의서”
를 작성하셔서
2024.12.31.(화)까지 화학과 이메일(chem@ssu.ac.kr)로
내용을 보내주시기 바랍니다.
아래 공문 내용 참조하시기 바랍니다.
관정 제2024-063호(2024.12.20.)와 관련하여, 2025학년도 관정이종환교육재단 신규 장학생을 다음과 같이 추천의뢰 합니다.
1. 장학재단명: 재단법인 관정이종환교육재단
2. 장학금액: 학업장려비 600만원 또는 400만원 중 선택 수혜(인당, 한 학기)
유형
구분
학기당 금액
비고
관정성적우수장학금
A형
600만원
타 장학금 중복수혜 불가
관정학업장려장학금
B(학)형
400만원
국가 및 학교에서 지급하는 장학금과 중복수혜 가능
(＊타 민간재단 장학금 중복수혜 불가)
※ 학부생의 경우 A형과 B(학)형 중 선택 수혜 가능
3. 추천인원: 1명
4. 지원자격
가. 2025학년도 1학기 기준 정규 등록 학기 자연계열 재학생
나. 2025학년도 1학기에 5학기 진학(3학년 1학기)을 예정하고 있는 자
다. 직전학기 기준 15학점 이상 취득한 학생
라. 2025학년도 1학기 국가장학금 신청하여 가구원동의를 완료한 자
마. 학부 1~3학기 총 평균평점이 4.0 이상인 자
바. 연령제한: 만24세 이하(2025년 기준/ 2001.1.1.이후 출생)
사. 경제적 도움을 필요로 하는 학생을 우선 추천 (소득구간 통지서 5분위 이하)
아. 대한민국 국적 보유자로서 대한민국에서 고등학교를 졸업한 자
( 단, 주재원파견 등 학부모 국외 근무로 부득이 국외에서 고등학교 과정을 수학한 경우와 검정고시 합격자는 지원 가능, 영주권자 및 복수국적자 지원 불가)
자. 편입생은 지원대상에서 제외됨
5. 추천기한: 2025.1.2.(목) 15시까지
6. 제출서류 및 방법
연번
제출서류
제출방법
1
◎ 2025년도 관정장학생 추천 명단
(첨부3)
◎ 이메일송부
ºe-mail :
scholar002@ikef.or.kr
º추천명단 ; 우선제출
– 학생 이메일 주소 정확하게 기입
2
◎ 추천 학생 온라인 지원
º2025년 선발 지원자부터는 재단 홈페이지(
http://www.ikef.or.kr
)를 통해 온라인 지원서 우선 작성
º추천명단상의 이메일로 학생 개별 안내 예정
◎추천 학생 개별 온라인 지원서 작성
º 관정재단 홈페이지 회원가입
º 선발공고 확인 후 개별 지원서 작성
3
 ◎ 온라인 심사 합격자에 한해 지원
서류 일체 우편 제출
º관정이종환교육재단 2025년도 국내대학 추가 장학생 선발계획(첨부1)-III. 서류접수(p8-9) 참고
º온라인 지원서 1부 출력 및 첨부서류 원본
(*온라인출력본 가능) 제출
◎대학에서 서류를 취합하여 우편접수
· º주소:(03188)서울특별시 종로구 청계천로 35 관정빌딩 13층 국내장학 담당자 앞
7. 제출방법: 공문으로 장학팀에게 장학생 추천명단 제출
＊ 장학생 추천 확정 전 유선 혹은 이메일로 가능여부 확인 바랍니다. (내선번호: 0819)
8. 선발 일정
가. 온라인 서류제출 : 2025.01.17.(화)까지
나. 우편제출(대학 ->재단): 2025년 1월말까지
다. 최종 합격자통보 : 2025.02.14.(금)
9. 장학생 결격 사유
가. 장학금 수혜기간 중 졸업, 휴학, 자퇴, 학칙에 의한 징계처분 등의 사유로 학업 중단 시
나. 본 장학금 지급 자격요건을 상실한 경우(전체 학기 평균성적 4.0점 미달 등)
다. 장학사업의 취지 및 학생의 본분에 어긋나는 행위를 한 경우"
chemistry,[공고] 2025년 상반기 한국산업기술시험원 체험형 인턴(청년)공개모집,N/A,2024.12.20,https://chem.ssu.ac.kr/%ea%b3%b5%ec%a7%80%ec%82%ac%ed%95%ad/?term_id&slug=4344,"채용 상세내용
회사명
한국산업기술시험원
기업형태
공기업·공공기관·공사
모집분야
-체험형 인턴
자격요건
-자세한 사항은 공고문 참조
근무지
경기 안산시 상록구,경남 진주시,서울 전지역,충남 서천군,충남 천안시 서북구
기업홈페이지
http://www.ktl.re.kr
공고URL
https://job.career.co.kr/recruit/view/20819304"
chemistry,[공고] 한국산업기술시험원 위촉 계약직(행정/연구직) 공개모집,N/A,2024.12.20,https://chem.ssu.ac.kr/%ea%b3%b5%ec%a7%80%ec%82%ac%ed%95%ad/?term_id&slug=4339,"채용 상세내용
회사명
한국산업기술시험원
기업형태
공기업·공공기관·공사
모집분야
행정직/ 연구직
자격요건
-자세한 사항은  공고문  참조 요청
근무지
경기 김포시,경기 안산시 상록구,경남 진주시,대구 서구,서울 전지역,충남 서천군
기업홈페이지
http://www.ktl.re.kr
공고URL
https://job.career.co.kr/recruit/view/20819301"
chemistry,[공고] 한국화학연구원 2025년 1차 계약직 채용공고,N/A,2024.12.18,https://chem.ssu.ac.kr/%ea%b3%b5%ec%a7%80%ec%82%ac%ed%95%ad/?term_id&slug=4337,"채용 상세내용
회사명
한국화학연구원
기업형태
공기업·공공기관·공사
모집분야
1. 연구직
2. 행정직
자격요건
-자세한 사항은 공고문 참조
근무지
대전 유성구,전남 여수시
기업홈페이지
http://www.krict.re.kr
공고URL
https://job.career.co.kr/recruit/view/20812797"
chemistry,[장학] 2025학년도 1학기 교내장학금 시행 및 신청 안내,N/A,2024.12.17,https://chem.ssu.ac.kr/%ea%b3%b5%ec%a7%80%ec%82%ac%ed%95%ad/?term_id&slug=4331,"1. 교내장학금 자격요건
가. 2025학년도 1학기 국가장학금 신청(1차: 2024.12.26(목) 18:00까지 신청 가능) 및
서류 제출을 완료하고 소득분위가 조회된 자(국가장학금 지급 대상 분위의 경우 심사
가 완료된 자)
나. 2025학년도 1학기 재학 및 복학(예정)자로 등록금 납부 예정인 자
1) 2025학년도 1학기 前 등록휴학 후 복학 시 장학생 선발대상에서 제외
2) 미등록, 입학취소, 복학취소, 휴학 등 학적변동 시 모든 장학금 취소
다. 직전학기 15학점 이상 이수한 자(최종 직전학기는 12학점)
라. 정규등록학기가 8학기 이내인 자(건축학부 건축학전공은 10학기 이내)
2. 학생 신청절차
가. 온라인 신청 및 서류제출기간 :
2024.12.23(월)10:00 ~ 2025.01.10(금)24:00
※ 2차: 2025. 03. 03(월)~ 2025. 03. 28(금) 예정
나. 학생 신청방법: u-SAINT포털 → 등록/장학 → 장학메뉴 → 장학금 신청
다. 학생 서류제출: 온라인 신청기간 내 방문 및 등기우편제출 가능(세부내용 붙임 파일 참
조)
※ 단, 전문자격시험합격자장학금의 경우 등기우편 불가
3. 관련 부서 및 협조사항
가. 신청 홍보: 단과대학 교학팀 및 모든 학과(부) – 홈페이지, SNS 등
나. 학생 선발 명단 제출: 아래 부서에만 해당
장학금명
관련부서
협조사항
국제교류장학금
국제교류·유치팀
1. 온라인 신청없음 (학생문의응대 협조)
2. 부서 장학생 자격 검증 및 해당 장학생 추천 3. 기간 내 국가장학금 신청 독려
특기자장학금(축구)
학생서비스팀
특기자장학금
(골프,당구)
스포츠학부
장애학생장학금
장애학생지원센터
자립준비청년장학금
사회공헌팀
목사자녀장학금
학원선교팀
1. 학생문의응대 협조
2. 신청서류 자격 검증 및 해당 장학생 추천
3. 기간 내 국가장학금 신청 독려
전문자격시험합격자
장학금
진로취업센터
봉사장학금
봉사장학금
추천 전 부서
1. 대상자 기간 내 국가장학금 신청 독려
2. 기타 봉사장학금 자격 요건 미리 확인하도록 예정자에게 사전 안내 요망
-평점평균 : 2.3 이상
-학기말까지 임기를 완료한 자 등
다. 장학생 추천 기한: 2025.01.17(금)까지 공문발송(등록금 고지서 반영 일정 관
계
로, 기
한 준수 요망)
※ 봉사장학금은 5월말 추천 요청 공문 발송 예정"
chemistry,[안내] 삼성전자 DS부문 샤이닝스타 6기 모집,N/A,2024.12.16,https://chem.ssu.ac.kr/%ea%b3%b5%ec%a7%80%ec%82%ac%ed%95%ad/?term_id&slug=4325,"모집기간
2024.12.16(월) 09:00~12.23(월) 17:00
모집대상
4년제 대학 1~2학년 이공계/자연계 전공자 중 기초과목 6학점 이상 수료자
(지원 시점 기준 1학년1학기 이상 수료자)
*미적분학, 일반물리, 일반화학, 일반물리학실험 등에 준하는 과목이 기초 과목으로 인정됩니다.
활동기간
-1차수 : 1.20(월)~1.24(금)
-2차수 : 2.3(월)~2.7(금)
-3차수 : 2.10(월)~2.14(금)
*3개 차수 중 한 차수만 참가
활동내용
-반도체 기초 및 8대 공정에 대한 이론 학습과 더불어, 선배와의 대화, 사업장 투어 등 직간접적 회사 체험을 통해 삼성전자 DS부문과 더욱 친숙해질 수 있는 프로그램입니다.
-사업장투어,퀴즈 대회, 팀 프로젝트 수행등 여러가지 재미있고 유익한 프로그램이 준비되어 있습니다.
-반도체에 대한 지식이 없더라도 충분히 이해할 수 있는 수준으로 전문 강사분이 설명해줄 것이라 큰 부담 없이 참여하실 수 있습니다.
접수방법
지원사이트 접속 후 지원서 제출(12월 16일부터 접수)
https://bit.ly/shiningstar6_edm_
문의처
ds.recruit@samsung.com
주관
삼성전자 DS부문"
chemistry,[졸업]2024-2학기 졸업 확정 신고 안내(수정),N/A,2024.12.12,https://chem.ssu.ac.kr/%ea%b3%b5%ec%a7%80%ec%82%ac%ed%95%ad/?term_id&slug=4319,"2024-2학기 졸업 확정 신고 관련 수정 사항을 안내드립니다.
기존에 예정되어 있던 졸업논문 점수 입력 일정(12월 20일 금요일)은 졸업논문 제출 관련 처리 기한 등의 문제로 인해, 12월 30일 월요일로 변경되어 일괄적으로 점수 입력이 이루어질 예정입니다. 이 점 양해해 주시기 바랍니다.
졸업 확정 신고를 원하시는 학생들은 졸업 확정 신고
2차 기간(1월 1일 ~ 19일)
내에 본인의 유세인트에서 신고 절차를 완료해 주시기 바랍니다.
졸업 절차에 대한 자세한 사항은 아래 내용을 참고해 주시기 바랍니다."
chemistry,[안내]차세대반도체학과 다전공 설명회 안내,N/A,2024.12.11,https://chem.ssu.ac.kr/%ea%b3%b5%ec%a7%80%ec%82%ac%ed%95%ad/?term_id&slug=4315,"2024 차세대반도체학과 다전공 설명회에 학우님들을 초대합니다.
– 일시 및 장소:
2024.12.19.(목) 16시 / 숭실대학교 형남공학관 115호
– 사전등록 링크:
https://forms.gle/AGswVhTzy288dKhr9
(~12/15까지)
※ 사전등록자 혜택: 간단 다과 제공
※ 사전등록을 못한 학생들이라도 현장 참여 가능"
chemistry,[안내]기초과학융합연구소 2024학년도 학부생 동계인턴십,N/A,2024.12.05,https://chem.ssu.ac.kr/%ea%b3%b5%ec%a7%80%ec%82%ac%ed%95%ad/?term_id&slug=4276,"기초과학융합연구소에서 2024년 학부생 동계인턴십 모집을 진행하고 있습니다.
많은 참여 부탁드립니다.
1. 모집내용 및 지원대상
• 모집인원: 15명 내외
• 연수기간: 2025년 1월 1일(수) ~ 2025년 2월 28일(금) (2개월)
• 연수장소: 숭실대학교 자연과학대학 교수 연구실 및 실험실
• 모집대상: 2024학년도 2학기 숭실대 자연과학대학 학부 재학생 (휴학생 지원불가)
• 연구장려금: 600,000원 (기타소득 공제전 금액)
2. 신청서류 및 제출기간
• 신청메일:
iibs_hr@ssu.ac.kr
• 제출서류: [붙임1] 학부생 동계 인턴십 신청서 1부
• 제출기간: 2024년 12월 18일 (수) 까지
• 홈페이지 링크:
https://iibs.ssu.ac.kr/게시판/공지사항/?slug=7030
3. <학부생 연구지원 프로그램> 진행
• 모집대상: 동계인턴십에 참여한 학부생에 한하여 지원자격을 부여
• 모집인원: 2명 내외
• 연수기간: 2025학년도 1학기 (지원액: 30만원/월)
• 자세한 선발방법은 추후 공지"
chemistry,2024년 2학기 화학과 2차 세미나,N/A,2024.11.27,https://chem.ssu.ac.kr/%ea%b3%b5%ec%a7%80%ec%82%ac%ed%95%ad/?term_id&slug=4274,"일시: 2024년 12월 4일(수) 17시-18시
장소: 진리관 407호
연사 및 강의소개: (두 분의 연사는 화학과 동문입니다)
(1) 김현구 (LG 유플러스 AI팀)
강의소개: LG 유플러스에서 AI 기술이 통신과 서비스 분야에서 어떤 혁신을 만들어가고 있는지 소개하고, AI 전문가로 성장하기 위한 핵심 역량과 실무 준비 과정, 산업 트렌드에 대한 통찰을 제공합니다. AI에 관심 있는 학생들에게 산업 현장의 생생한 인사이트와 취업을 위한 실질적인 팁을 얻을 수 있습니다.
(2) 김지훈 (SK케미칼 리사이클공정연구실)
강의소개: SK케미칼 친환경공정 연구개발 현장의 연구사례를 통해 화학 및 공정기술이 지속 가능한 사회를 위해 어떤 역할을 하고 있는지 조명합니다. 더불어, 화학 및 공정기술 전문가로 성장하기 위해 필요한 역량과 커리어 개발 방향을 공유하며, 환경과 산업의 조화를 이룰 미래 비전에 대해 탐구합니다.
두 강연은 각각
AI기술
과
친환경 기술
이라는 핵심 산업 분야의 최신 트렌드와 실무 경험을 심도있게 소개합니다. 이를 통해 학생들은 산업별 전문 지식을 얻고, 취업과 기술개발의 구체적인 방향성을 얻을 수 있을 것입니다. 미래를 준비하는 여러분의 많은 참여를 기대합니다."
chemistry,기초과학융합연구소 런치세미나 11월19일(화) 12시,N/A,2024.11.18,https://chem.ssu.ac.kr/%ea%b3%b5%ec%a7%80%ec%82%ac%ed%95%ad/?term_id&slug=4269,"•
일시
: 11월 19일 화요일 오후 12시
•
장소
: 베어드홀 513호
•
연사
: 이은수 교수 (서울대학교 철학과)
•
제목
: 아르키메데스의 기하학적 직관
•
초록
: 본 강연은 고대 그리스의 위대한 수학자 아르키메데스(기원전 3세기)의 수학적 발견 과정을 탐구한다. 특히 원뿔이라는 기하학적 대상이 그의 주요 수학적 발견들에 미친 근본적 영향에 주목한다. 강연은 크게 세 가지 측면에서아르키메데스의업적을 조명한다:
(1) 아르키메데스 나선의 넓이 계산에서 드러난 원뿔의 기하학적 활용
(2) 구체(spheroid)와 원뿔체(conoid)의 부피와 이들과 관련된 원뿔들의 관계
(3) 이러한 구체적 문제들에서 출발한 기하학적 직관이 어떻게 엄밀한 수학적 증명으로 발전되었는지의 과정을 다룬다.
이를 통해 고대 그리스 수학의 정수를 보여주는 동시에, 수학적 발견의 본질적 과정 – 즉, 기하학적 직관이 논리적 증명으로 승화되는 과정 – 에 대해 함께 생각할 시간을 갖고자 한다."
chemistry,숭실대학교 KDT ‘융합_K클라우드 구축을 위한 AI반도체 설계과정’ 모집 설명회 홍보 요청,N/A,2024.11.04,https://chem.ssu.ac.kr/%ea%b3%b5%ec%a7%80%ec%82%ac%ed%95%ad/?term_id&slug=4255,"본교 K Digital Training(KDT)과정 ‘융합_K클라우드 구축을 위한 AI반도체 설계 과정’
훈련생 모집을 위한 설명회를 아래와 같이 개최합니다.
1. 일시: 2024.11.11.(월) 12:00~13:00
2. 장소: 숭실대학교 벤처관 309호
3. 주제:
숭실대학교 K Digital Training(KDT)과정 ‘융합_K클라우드 구축을 위한
AI반도체 설계 과정’ 소개
4. 대상:
본교 K-Digital Training과정 ‘융합_K클라우드 구축을 위한 AI반도체 설계 과정’에
관심이 있는 누구나(학부 재학생, 휴학생, 졸업생, 대학원생, 관련 학과 교수님,
관련 부서 및 학과 선생님)
5. 혜택:
설명회 참석자에게 점심식사 제공 예정(인원파악을 위해 사전신청 요청)
6. 신청방법:
설명회 사전신청 링크 바로가기
(홍보자료 내 QR코드로도 신청 가능)
붙임 1. 설명회 홍보자료 1부
2. 숭실대학교 KDT과정 안내자료 1부.  끝."
chemistry,기초과학융합연구소 런치세미나 11월6일(수) 12시,N/A,2024.10.30,https://chem.ssu.ac.kr/%ea%b3%b5%ec%a7%80%ec%82%ac%ed%95%ad/?term_id&slug=4252,"•점심식사 신청링크:
https://forms.gle/qfCSXjCmTfapRsvh6
(외부 사이트로 연결합니다.)
(11월 4일 오전 11시 마감)
•
장소
: 베어드홀 513호
•
연사
: 최정모 교수 (부산대학교 화학과)
•
제목
: 단백질의 신비한 세계
•
초록
: 2024년 노벨 화학상은 단백질과 관련된 연구를 수행한 세 명의 연구자들에게 돌아갔습니다. 흔히 언론에서는 AI의 승리로 단순하게 묘사하고 있지만, 사실 그들의 업적에는 화학적, 물리적 원리가 기반을 이루고 있습니다. 본
세미나
에서는 그 원리를 소개하고, 적절한 맥락 속에서 2024년 노벨 화학상 수상자들의 업적을 개괄해 보고자 합니다."
chemistry,2024년 2학기 화학과 1차 세미나,N/A,2024.09.29,https://chem.ssu.ac.kr/%ea%b3%b5%ec%a7%80%ec%82%ac%ed%95%ad/?term_id&slug=4249,"일시: 2024년 10월 2일(수) 17시-18시
장소: 진리관 302호
연사: 박영호 (대웅제약 SCM본부)
강의소개: 대웅제약 글로벌 생산관리센터장이신 박영호 선생님은 화학과 동문(85학번)입니다.
대웅제약 중국지사장을 역임하셨으며, 2017년부터 SCM 본부로 옮겨 대웅제약의 생산관리와 매출 및 조달계획을 총괄하고 계십니다. 이번 세미나는 회사가 어떤 일을 하고 있으며, 어떤 인재를 찾고 있는지 편안하게 대화하는 자리를 마련하였습니다."
chemistry,메타버스융합대학원 입시설명회,N/A,2024.09.23,https://chem.ssu.ac.kr/%ea%b3%b5%ec%a7%80%ec%82%ac%ed%95%ad/?term_id&slug=4246,과학기술부 과제 선정으로 신설된 메타버스 융합대학원 입시설명회입니다. 많은 참여 바랍니다.
chemistry,2024년 화학물질 안전관리 전문인력 양성사업,N/A,2024.08.22,https://chem.ssu.ac.kr/%ea%b3%b5%ec%a7%80%ec%82%ac%ed%95%ad/?term_id&slug=4225,"‘2024년
화학
물질
안전
관리 전문인력 양성사업’ 모집 공고문입니다.
“
화학
물질
안전
관리 전문인력 양성사업”은
화학
물질
컨설팅기관, GLP기관 및 일반
화학
기업 등
교육생을 모집하여
사전교육(1주)와
기관 실무교육
(12
주
)
을 진행하는 취업연계 프로그램입니다.
상세 내용 및 모집 일정은 보전원 홈페이지(
한국환경보전원 (keci.or.kr)
>알림홍보>공지사항
에서 확인 부탁드립니다.
기타 문의: 한국환경보전원 환경연수처 교육기획팀 서아름 (T.02-3407-1590)"
chemistry,2024학년도 2학기 교내장학금 2차 신청 시행 안내,N/A,2024.08.20,https://chem.ssu.ac.kr/%ea%b3%b5%ec%a7%80%ec%82%ac%ed%95%ad/?term_id&slug=4219,"1. 교내장학금 자격요건
가. 2024학년도 2학기 국가장학금 신청 및 서류제출을 완료하고 소득분위가 조회된 자
(국가장학금 지급 대상 분위의 경우 심사가 완료된 자)
※ 국가장학금 1차 신청기간: 2024.5.21(화) 9:00 ~ 6.20(목) 18:00[마감]
국가장학금 2차 신청기간: 2024.8.14(수) 9:00 ~ 9.11(수) 18:00
나. 2024학년도 2학기 재학 및 복학(예정)자로 등록금 납부 예정인 자
1) 2024학년도 2학기 前 등록휴학 후 복학시 장학생 선발대상에서 제외
2) 미등록, 입학취소, 복학취소, 휴학 등 학적변동 시 모든 장학금 취소
다. 직전학기 15학점 이상 이수한 자(최종 직전학기는 12학점)
라. 정규등록학기가 8학기 이내인 자(건축학부 건축학전공은 10학기 이내)
2. 교내장학금 2차 신청(학생)
가. 신청기간:
2024.9.2(월) 09:00 ~ 9.27(금) 17:00
나. 신청방법: u-SAINT포털 → 등록/장학 → 장학메뉴 → 장학금 신청
다. 서류제출: 온라인 신청기간 내 방문 및 등기우편제출 가능(세부내용 붙임 파일 참조)
※ 단, 전문자격시험합격자장학금의 경우 등기우편 불가
붙임 1. 2024학년도 2학기 교내장학금 2차 신청공고 1부
2. 장학금 선발자격 및 제출서류 안내 1부
3. 장학금 신청매뉴얼(교내장학금 신청) 1부. 끝."
chemistry,2024학년도 2학기 한국장학재단 국가장학금 2차 신청 안내,N/A,2024.08.08,https://chem.ssu.ac.kr/%ea%b3%b5%ec%a7%80%ec%82%ac%ed%95%ad/?term_id&slug=4214,"1.학교 홈페이지 공지사항 참조:
바로가기
2.세부안내
가. 신청기간: 2024.08.14.(수) 09:00~2024.09.11.(수) 18:00
나. 서류 제출 및 가구원 동의 기간: 2024.08.14.(수) 09:00~2024.09.19.(목) 18:00
다. 신청대상: 신입생(2학기 입학예정자), 편입생, 재입학생, 복학생 및 1차 신청을 놓친 재학생
※ 재학생은 원칙적으로 1차 신청 기간에만 신청 가능하며, 2차 신청자는 재학 중 2회에 한하여
구제신청 자동 적용 및 심사 후 지원 가능(구제신청 적용 여부 선택 불가)
※ 국가장학금 신청후 소득분위 심사가 완료된 학생에게 교내장학금 지급이 가능하므로 반드시
신청
라. 신청방법: 한국장학재단 홈페이지(www.kosaf.go.kr) 및 모바일 앱에서 신청
붙임 1. 국가장학금 신청 매뉴얼 각 1부. 끝."
chemistry,2024학년도 2학기 백마성적우수장학생 선발 기준,N/A,2024.07.22,https://chem.ssu.ac.kr/%ea%b3%b5%ec%a7%80%ec%82%ac%ed%95%ad/?term_id&slug=4205,"1. 학교 자격 요건
가. 2024학년도 2학기 국가장학금을 신청하여 소득분위 조회가 가능한 자
1) 1차 신청자에 한하여 등록금고지서 사전감면 가능
2) 1차 미신청자: 2차 신청/서류제출 확인 후 지급
(2차 신청자 중 한국장학재단 구제신청 시 사후지급)
3) 국가장학금을 신청할 수 없는 대한민국 국적 미소지자도 선발 가능
(단, 순수외국인전형으로 입학한 외국인 유학생은 선발 불가)
나. 2024학년도 2학기 재학 및 복학예정자로 해당학기 등록금 납부 예정인 자
1) 2024학년도 2학기 前 등록휴학 후 복학 시 선발대상에서 제외(등록대체자)
2) 학기 중 미등록, 자퇴, 제적, 입학취소, 복학 취소 등 학적변동시 모든 장학금 취소
3) 선발 후, 학기 중 휴학 시 백마성적우수장학금은 복학 학기로 이월
– 복학 학기에 국가장학금 신청 의무임(해당 사항 학생 안내 요망)
4) 추가 또는 교체 선발 시에는 재학 중인 학생만 선발 가능(휴학생 추가/교체 불가)
다. 직전학기 15학점 이상 이수한 자(졸업 직전학기는 직전학기 12학점 이상)
라. 정규등록학기가 8학기 이내인 자(건축학과 건축학전공: 정규등록 10학기 이내인 자)
마. F학점 포함 학적부성적 기준 직전 학기 평점평균
3.8 이상
인 자
※ 2024학년도 2학기부터 선발 최소 기준 변경(장학팀-4560(2024.01.09)호와 관련하여
기 안내사항임)
구분
변경 전
변경 후
비고
평점평균 기준
3.5
/4.5
3.8
/4.5
2024.2.19.
홈페이지 공지
완료
바. 모든 교내장학금간 중복수혜 불가
1) 신청장학금 중 수혜금액이 큰 장학금 선발
2) 중복수혜 가능 장학금: 국가장학금, 교외장학금, 학과우수장학금, 기타 학업장려비 지원 목적 장학금 등
사. 졸업예정자 선발 불가(조기졸업 대상자 포함)하므로 유의
2. 학과 자격 요건 (장학제도 게시판 안내 참고)
각 학년당 재학생수를 고려하여, 수혜자수가 각 학년에 되도록 고루 분포 되게 한다
성적우수장학금-
전액수혜자
는
3학년
성적 우수자 중에서 우선 고려한다
성적우수장학금-
반액수혜자
는 각 학년의 성적 우수자 중에서
전공 취득학점(1학년은 전공기초), 평점, 순위
를 고려하여 선정한다
학과 근로수혜자는 성적, 전공 취득학점(1학년은 전공기초), 가정환경, 학과기여도를 종합적으로 고려하여 선정 한다
장학생 선발 희망자는 직전학기
전공 취득학점(1학년은 전공기초)이 6학점 이상
이어야 한다
장학생 선발 희망자는 반드시
국가장학금
을 먼저 신청하여야한다
ㅤ"
chemistry,24학년 2학기 4학년 수강신청 관련 공지사항 (필독),N/A,2024.07.01,https://chem.ssu.ac.kr/%ea%b3%b5%ec%a7%80%ec%82%ac%ed%95%ad/?term_id&slug=4049,"4학년 (7,8학기) 학생은 논문연구2를 필히 수강신청 바랍니다.
졸업논문 형식에 관계없이 반드시 신청해야 합니다. 자격증 취득 혹은 기타 시험 준비자를 포함합니다.
2025년 2월 혹은 7월 졸업예정자가 대상입니다. 특히, 2025년 2월 졸업예정자의 경우 논문연구2 수강을 하지 않을시 졸업사정이 누락되어 졸업이 불가할 수 있습니다."
chemistry,기초과학융합연구소 2024학년도 학부생 하계인턴십,N/A,2024.06.13,https://chem.ssu.ac.kr/%ea%b3%b5%ec%a7%80%ec%82%ac%ed%95%ad/?term_id&slug=4040,"<기초과학융합연구소 2024학년도 학부생 하계인턴십>
1.모집내용 및 지원대상
• 모집인원: 15명 내외
• 연수기간: 2024년 7월 1일(월) ~ 2024년 8월 31일(토) (2개월)
• 연수장소: 숭실대학교 자연과학대학 교수 연구실 및 실험실
• 모집대상: 2024학년도 1학기 숭실대 자연과학대학 학부 재학생 (휴학생 지원불가)
• 연구장려금: 600,000원 (기타소득 공제전 금액)
2. 신청서류 및 제출기간
• 신청메일:
iibs_hr@ssu.ac.kr
• 제출서류: [붙임1] 학부생 동계 인턴십 신청서 1부
• 제출기한:
2024년 6월 21일 (금) 까지
• 홈페이지 링크:
https://iibs.ssu.ac.kr/게시판/공지사항/?slug=6592
3. <학부생 연구지원 프로그램> 신설
• 모집대상: 하계 인턴십에 참여한 학부생에 한하여 지원자격을 부여
• 모집인원: 2명 내외
• 연수기간: 2024학년도 2학기 (지원액: 30만원/월)
• 자세한 선발방법은 추후 공지
문의)02-820-0818
Email)
iibs@ssu.ac.kr"
chemistry,"2024학년도 2학기 교내장학금 신청공고(국가장학금, 교내장학금 신청기간)",N/A,2024.06.10,https://chem.ssu.ac.kr/%ea%b3%b5%ec%a7%80%ec%82%ac%ed%95%ad/?term_id&slug=4036,"※
본교에서 지급되는 모든 교내장학금은 아래 국가장학금 신청기간 내 국가장학금을 신청하고 서류제출을 완료하여 소득분위가 조회된 학생을 대상으로만 수혜자를 선정합니다
.
따라서
,
교내장학금을 수혜하려는 모든 학생은 반드시 교내장학금과 국가장학금을 모두 신청하시기 바랍니다
.
–
국가장학금 신청결과 제공되는 학생의 소득분위정보를 장학생선발에 활용
–
국가장학금은 반드시 매학기 신청
(
서류제출 및 가구원동의 포함
)
하여야 함
.
국가장학금 신청기간
: 2024
년
5
월
21
일
(
화
) 09:00
∼
2024
년
6
월
20
일
(
목
) 18:00
까지
※ 한국장학재단 홈페이지(www.kosaf.go.kr) 공인인증 로그인 후 신청
※
재학생은 국가장학금
1
차 신청이 원칙
(
단
,
재학 중
1
회에 한하여
2
차 신청이 가능
)
▶
재학생이
2
차 신청하는 경우 구제신청은 재학 중
2
회에 한하여 자동 신청됨
교내장학금 온라인신청기간
가
.
온라인신청 및 서류제출기간
:
2024
년
06
월
07
일
(
금
) 09:00~2024
년
6
월
28
일
(
금
) 17:00 (3
주간
)
(2
차
: 2024
년
9
월
2
일
(
월
)~2024
년
9
월
27
일
(
금
)
예정
)
※ 주말(공휴일 포함) 24시간 신청 가능 (단, 마감일 제외)
※ u-SAINT 입력 후 장학금 신청내역을 조회하여 장학금 신청이 정상적으로 완료되었는
지 꼭 확인
나. 서류제출이 필요한 장학금의 경우, 교내장학금 온라인 신청기간 내 반드시 제출
※ 방문 및 등기우편제출 가능 (FAX 불가)
※ 등기우편제출 시 교내장학금 온라인 신청기간 내 장학팀 도착분만 인정, 단
전문자격시험합격자장학금의 경우 등기우편 제출 불가
※
서류는 제출일 기준
1
개월 이내에 발급된 것만 인정됨
신청대상 : 2024학년도 2학기 재학생 및 복학예정자
교내장학생 자격요건
가. 2024학년도 2학기 국가장학금을 신청하고 서류제출(가구원동의 포함)을 완료한 자
나. 2024학년도 2학기 재학생 및 복학(예정)자로 등록금 납부 예정인 자
1) 2024학년도 2학기 전 등록휴학 후 복학생은 모든 장학금 선발에서 제외(등록대체)
2) 미등록, 입학취소, 복학취소 등으로 인한 학적변동 시 모든 장학금 취소
다. 직전학기 15학점 이상 이수한 자
※ 2024년 2학기가 4학년 8학기인 자는 직전학기 12학점 이상
※ 건축학부 건축학전공 : 10학기인 자는 직전학기 12학점 이상 이수(1∼9학기는 15학점 이상)
라. 정규등록 8학기 이내인 자(건축학과 건축학전공 : 정규등록 10학기 이내인 자)
예1) 학기취소 1회 후 8학기 진학 예정인 경우 : 9회 등록금 납부이므로 선발 불가
예2) 학점 미 이수로 9학기 진학예정인 경우 : 9회 등록금 납부이므로 선발 불가
교내장학생 공통사항
가.
☆
중요
☆
모든 장학금은 등록금 내에서 다음 순서에 따라 우선 지급합니다
.
① 교외(외부)장학금 ② 국가장학금 ③ 교내장학금
나. 성적 및 취득학점 산정방법
1) 평점평균(GPA) / 산술평균(100점만점) : F학점이 포함된 학적부성적 기준 산정
2) 취득학점 산정시 F학점은 0학점 취득으로 인정되어 취득학점 산정에서 제외
다. 온라인으로 반드시 신청해야 하며, 제출서류가 있는 장학금에 한하여 서류제출
※ 제출기간 내 미제출시 장학생 선발대상에서 제외
라. 모든 교내장학금은 중복수혜 불가
1) 장학금간 중복신청은 가능하나, 신청 장학금 중 수혜금액이 큰 장학금으로 자동선발
2) 중복수혜 가능 장학금 : 국가장학금, 교외(외부)장학금, 근로장학금(교내/학과근로), 봉사장학금
– 수업료 범위 내 중복수혜 가능 (근로장학금, 봉사장학금은 수업료 초과하여 수혜 가능, 단 해당 장학금 간 중복수혜 불가)
마. 한국장학재단 중복지원(이중지원) 방지사업 안내
1) 한국장학재단 학자금대출금액(공무원학자금대출, 국방부 대출, 과 교내ㆍ외 장학금을 모두 합하여 수업료를 초과할 경우, 중복지원학생에 해당
2) 한국장학재단 콜센터와 통화하여, 중복지원여부를 해소해야 함. (다음 학기 국가장학금 및 학자금대출여부에 영향)
교내장학금별 선발자격 및 제출서류
:
교내장학금 선발자격 및 제출서류 안내
(
첨부문서 참조
)
장학생 선정결과 발표 및 지급방식
가. 2024년 8월 중순 발표 예정(u-Saint 등록/장학 및 등록금고지서 감면여부 확인 가능)
※형제장학금의 경우 학기 말 지급(12월말~1월 초 지급)
나. 장학금신청시 계좌입력 : 본인명의 개인계좌 입력 필수
다. 등록금 분할납부를 신청한 학생의 경우, 선발된 장학금 중 사전감면을 제외한 계좌지급장학금은 분할납부 최종등록 확인 후 지급
라. 비전장학금 지급범위 및 장학금액은 한국장학재단 국가장학금 정책 및 본교 사정에 따라 매 학기 변경될 수 있음
마. 국가장학금 소득 산정 지연, 2차 복학신청 등의 사유로 사전감면이 불가할 경우 10월~11월 중 u-saint 승인 및 지급 예정
문의: 장학팀
02-820-0167"
chemistry,2024년도 냉중성자 여름학교 신청 안내,N/A,2024.05.20,https://chem.ssu.ac.kr/%ea%b3%b5%ec%a7%80%ec%82%ac%ed%95%ad/?term_id&slug=4029,"한국원자력연구원 원자력교육센터에서는 ‘중성자 소각산란/반사율 실험 및 분석’을 주제로 한 2024년도 냉중성자 여름학교를 다음과 같이 안내하오니 많은 참여 부탁드립니다.
가. 교 육 명: 2024년도 냉중성자 여름학교
나. 교육기간: 2024. 8. 6(화) ~ 8. 7(수)
다. 모집인원: 30명
※ 원활한 교육을 위해 30명 내외 선착순 마감. 단, 적정인원초과 시 동일기관 또는 연구실 내 2명 내외 인원 제한
※ 대학생의 경우 필요 시 온라인 교육(별도 안내) 사전 수료 필수
라. 교육비 : 무료(점심식사 제공)
※ 숙식은 본인이 해결
※ 대전 외 소재 대학(원)생 대상 1박에 해당하는 숙박/조식 지원
마. 모집기간: 2024. 5. 20(월) ~ 6. 21(금)
바. 교육장소: 한국원자력연구원 연수원동 제1계단강의실 및 하나로연구동
※ 대전광역시 유성구 대덕대로 989번길 111
사. 신청방법: [붙임2], [붙임3] 파일을 아래에 기재된 이메일로 신청
※ 자세한 사항은 원자력교육센터 홈페이지 참조
아. 담 당 자: 원자력교육센터 황유정(042-866-6761/042-868-2039, risri@kaeri.re.kr)
붙  임  1. 2024년도 냉중성자 여름학교 안내문 1부
2. 2024년도 냉중성자 여름학교 수강신청서 1부
3. 2024년도 냉중성자 여름학교 개인 정보 수집 및 이용에 관한 동의서 1부.  끝.
한국원자력연구원장"
chemistry,2024년도 핵분석기술(NAT)학교 교육 안내 (신청자 모집),N/A,2024.05.20,https://chem.ssu.ac.kr/%ea%b3%b5%ec%a7%80%ec%82%ac%ed%95%ad/?term_id&slug=4021,"한국원자력연구원 원자력교육센터에서는 [핵분석기술]을 주제로 교육과정을 운영하고 있습니다.  2024년도 핵분석기술(NAT)학교와 관련하여 다음과 같이 안내하오니 많은 참여 부탁드립니다.
–    다   음   –
가. 교 육 명 : 2024년도 핵분석기술(NAT)학교
나. 교육기간 : 2024. 06. 25(화)
다. 모집인원 : 30명 (선착순 모집)
라. 모집기간 : 2024. 05. 16(목) ~ 06. 07 (금)
마. 교 육 비 : 20,000원/인
바. 교육장소 : 한국원자력연구원 원자력연수원동 1강의실 및 하나로 내 실험실
※ 대전광역시 유성구 대덕대로 989번길 111
사. 신청방법 : [붙임2], [붙임3], [붙임4] 파일 작성/서명 후 스캔본을 아래에
기재된 이메일로 신청
아. 담 당 자 : 원자력교육센터 김수지(042-868-2693/2682,
risri@kaeri.re.kr
)
붙임1. 2024년도 핵분석기술(NAT)학교 안내문 1부
붙임2. 2024년도 핵분석기술(NAT)학교 수강신청서 1부
붙임3. 2024년도 핵분석기술(NAT)학교개인정보 수집 및 이용에 관한 동의서 1부
붙임4. 2024년도 핵분석기술(NAT)학교 교육비 환불 안내 및 동의서 1부. 끝.
한국원자력연구원장"
chemistry,2024학년도 국가우수장학금(이공계) 신규장학생(신입생 성적우수 및 재학생 우수자 유형) 신청,N/A,2024.05.07,https://chem.ssu.ac.kr/%ea%b3%b5%ec%a7%80%ec%82%ac%ed%95%ad/?term_id&slug=4015,"2024학년도 국가우수장학금(이공계) 신규장학생(2024년 입학자 성적우수 및 재학생 우수자 유형) 선발 관련하여, 학교 홈페이지 공지사항을 확인하시고
많은 신청 바랍니다.
1. 학교 홈페이지 안내
가. 성적우수 유형:
바로가기
나. 재학중우수자 유형:
바로가기
2. 세부안내
가. 지원대상: 자연과학대학, 공과대학, IT대학, 융합특성화자유전공학부 재학생
장학금 유형
장학금액
추천인원
제출서류
성적우수
4년간 등록금 전액
(정규 등록학기 내)
7명
지원서 및 학업계획서,
개인정보 동의서
재학중우수
2년간 등록금 전액
(정규 등록학기 내)
8명
지원서 및 학업계획서,
개인정보 동의서
나. 학생 신청기간(학생→장학팀)
1) 성적우수 유형: 2024.05.13.(월) 17:00까지
2) 재학중 우수자 유형: 2024.05.10.(금) 17:00까지
– 점심시간 12:20~13:20 및 토․일요일 접수 불가
3. 제출장소: 장학팀(미래관 106-1호)
※ 방문제출 또는 우편제출(서류가 미비한 경우, 탈락될 수 있음/ 기한내 도착분에 한함)
※ 우편주소: 06978 서울시 동작구 상도로 369 숭실대학교 미래관 106-1호 장학팀. 끝."
chemistry,자연과학연구소 전문가 초청 세미나,N/A,2024.04.26,https://chem.ssu.ac.kr/%ea%b3%b5%ec%a7%80%ec%82%ac%ed%95%ad/?term_id&slug=4012,"관심있는 학생들의 많은 참여바랍니다.
일시: 5월 1일 (수) 4시 30분
장소: 베어드홀 101-3호
연사: 파로스아이바이오 남기엽박사"
chemistry,2024학년도 여름계절제 국내대학 학점교류 신청 안내,N/A,2024.04.22,https://chem.ssu.ac.kr/%ea%b3%b5%ec%a7%80%ec%82%ac%ed%95%ad/?term_id&slug=4003,"2024학년도 여름계절제 국내대학 학점교류를 실시하니 참여를 희망하는 학생들은 기한 내에 제출바랍니다
1. 신청 자격
가. 2024-1학기 현재 3~7학기 재학생
나. 직전 학기까지 학업성적이 총 평점 평균 3.0 이상
다. 학칙에 의거 징계받은 사실이 없는 자
2. 신청 학점
:
6학점 이내
(계절제 수강신청 가능 총 학점 범위)
3. 국내 대학 학점교류 진행 방식
학생
학과
단과대학
학사팀
학점교류 신청서
(붙임1) 작성 후
학과에 제출
▷
학점교류 신청 접수 및 과목 승인
(학과(부)장)
▷
학과에서 제출한
서류를 취합하여
학사팀으로
공문 송부
▷
단과대학 신청
공문 취합,
학생 온라인 접수
(LMS) 확인 후
교류 학교로
공문 송부
◁
학점교류 신청 승인 결과 안내
승인 받은
학점교류 신청서
소속 학과에 제출,
온라인 접수(LMS)
학점교류생 명단
(붙임2)을 작성하여
학생 제출 서류와
함께 단과대학 제출
※ 홈페이지 공지는
대학별 실시 계획이 확정되는 대로
계속 업데이트
예정
4. 제출 서류
가. 학생: 국내대학 학점교류 신청서(붙임1) 및 스캔자료 2종
나. 단과대학
1) 학과에서 교류 대학별 신청 기한(학교 홈페이지 공지)까지 학생 신청 접수
붙 임
1. 국내대학 학점교류 신청(취소신청)서 1부.
2. (단과대학) 2024학년도 여름계절제 국내대학 학점교류생(파견) 명단 양식 1부.
3. (홈페이지 공지) 2024학년도 여름계절제 국내대학 학점교류 신청 안내 1부.  끝."
chemistry,자연과학연구소 전문가 초청 세미나,N/A,2024.04.19,https://chem.ssu.ac.kr/%ea%b3%b5%ec%a7%80%ec%82%ac%ed%95%ad/?term_id&slug=4001,"관심있는 학생들의 많은 참여바랍니다.
일시: 4월 24일(수) 4시 30분
장소: 베어드홀 101-3호
연사: 화학물질안전원 박봉균 원장
세미나 제목:
화학도의 진로탐색
– 우리나라 화학안전 정책 방향과 화학물질안전원의 역할"
chemistry,2024년도 학부/대학원생을 위한 폭력예방교육(법정의무) 안내,N/A,2024.04.16,https://chem.ssu.ac.kr/%ea%b3%b5%ec%a7%80%ec%82%ac%ed%95%ad/?term_id&slug=3997,"1. 교육 개요
가. 과정: 2024년도 학부/대학원생을 위한 폭력예방교육
나. 유형: 필수교육(법정의무교육)
다. 기간:
’24. 4. 17.(수) ~ 7.26.(금)
라. 대상: 본교 학부/대학원 재학생(4.1일자 기준. 외국인 학생 포함)
마. 방식: 온라인 동영상 강의 (한국어, 영어, 중국어 제공)
바. 내용: 성희롱, 성폭력, 가정폭력, 인권, 성인지, 2차 피해
사. 출석: 언어별 1개 강의 100% 시청 시 출석 인정
2. 교육 이수 방법
u-SAINT 로그인 → LMS 바로가기(왼쪽 메뉴 영역 중간) → 마이페이지(Learning)
→
2024년 학부/대학원생을 위한 폭력예방교육
에서 ‘과목 홈 바로가기’ → 주차학습
→ 언어별 강의 선택
3. 기타 유의사항
가. 미이수자 학기말 성적 조회 제한
1) 1학기 종강일(6/21)까지 이수: 성적조회 기간(6/25~6/27)에 성적조회 가능
2) 6/22부터 성적조회 기간 중 이수: 교육 이수 다음날 오후부터 성적조회 가능
나. 학습기간중 미이수자, 이수율 부진 학과 등에 독려 문자/메일 발송 예정.  끝."
chemistry,"2024년 숭실대학교 신입직원 채용 공고문(입학사정관, 기록물관리, 기술직)",N/A,2024.04.11,https://chem.ssu.ac.kr/%ea%b3%b5%ec%a7%80%ec%82%ac%ed%95%ad/?term_id&slug=3994,"본교에서 2024.07.01부 신입직원 채용을 진행 중입니다.
본교 채용사이트 인터넷 접수로 지원받고 있으며,  이공학 계열 졸업생이나 졸업예정자의 지원을 기다리고 있습니다.
아래 링크 참고 부탁드리며 궁금하신 사항은 총무인사팀(02-820-0172)으로 연락바랍니다.
*링크:
공지사항 – SSU:catch
자세한 사항은 첨부파일 확인부탁드립니다."
chemistry,2024학년도 재학생(학부생 및 대학원생) 실태조사 협조,N/A,2024.04.11,https://chem.ssu.ac.kr/%ea%b3%b5%ec%a7%80%ec%82%ac%ed%95%ad/?term_id&slug=3987,"실태조사 개요
가. 기간: 2024.04.09(화) ~ 2024.04.20(토) (총 12일간)
나. 대상: 재학 중인 학부생 및 대학원생 (외국인 유학생 포함)
다. 방법: 문자 또는 메일로 발송되는 링크를 이용해 설문 응답(모바일, PC 모두 가능)
[조사참여 링크]
https://seolmoon.com/?1137=
라. 내용: 대학생활 및 정신건강, 인권에 대한 전반적인 실태 파악
마. 경품: 설문을 완료하고 개인정보 수집을 동의한 학생 대상으로 경품 추첨
1) 1등: 아이패드 에어5 2명, 2등: 에어팟 프로2 4명, 3등: 스타벅스 아메리카노 250명
2) 일부 경품(1등, 2등)은 제세공과금 자부담
바. 언어: 국문, 영문, 중문, 베트남어로 제공
사. 활용
1) 개인정보 동의자에 한해 정신건강 항목에 대한 응답 결과를 응답자에게 제공
2) 정신건강 항목을 통해 고위험군을 식별하고 조기 개입으로 위기 예방
3) 실태조사 보고서 작성 후 배부 (각 부서에서 업무 시 참조)
2024년도 재학생 실태조사_홍보물_포스터"
chemistry,집단활동 학생 대상 ‘찾아가는 폭력 예방교육’ 신청 안내,N/A,2024.03.28,https://chem.ssu.ac.kr/%ea%b3%b5%ec%a7%80%ec%82%ac%ed%95%ad/?term_id&slug=3976,"교육부 등의 지침·법령에 따라 학생 집단활동 사전 교육을 폭력 예방교육으로 실시할 경우 상담·인권센터로 신청해 주시기 바랍니다.
1. 교육대상: 재학생 (학부생, 대학원생)
2. 교육내용: 성폭력예방교육, 가정폭력예방교육
3. 교육시간: 각 1시간 (두 가지 교육 신청시 총 2시간 소요)
4. 교육강사: 상담인권센터 인권팀 문기라 연구교수
5. 교육형태: 대면집합교육, 실시간 화상교육 중 선택
6. 신청가능 교육대상 및 내용
교육대상
교육내용
관련학과 및 부서
비고
각종 MT 및
현장답사 참여자
– 성인지감수성 향상
– 집단 활동에서 발생하는 성폭력 사례 중심 교육
– 집단활동 중 성폭력 사건 발생 시 대처 방법
각 단과대학 및
학과, 학생팀,
총학생회 등
교육 미참여 시 8. 행정사항 참조
대동제 등 대규모
학생 행사 기획단
– 대동제 및 신입생 오리엔테이션 시 발생하는 성희롱 사례중심 교육
– 학생회 간부로서 성폭력 발생 시 대처방법 등
학생팀
국내·외 현장실습 및
교직이수자 학교
현장실습 참여자
– 실습 중 발생할 수 있는 성희롱·성폭력 사례 중심 교육
– 실습 기간 중 성희롱·성폭력 사건 발생 시 행위자, 피해자로서 대처 방법 등
현장실습지원센터,
국제교류·유치팀,
교직팀 등
생활관, 학군단,
스포츠 선수 등
– 성인지감수성 향상
– 건강한 조직 문화
– 성희롱·성폭력 2차 피해 사례중심의 교육
생활관, 학군단,
각종 스포츠팀,
학생팀
(※ 위 교육대상 외,
관련 전공 강의 등에서
대면교육 신청 가능)
7. 신청방법
가. 상담인권센터 인권팀과 일정 조율 후 신청서[붙임1] 공문 송부
나. 문의처: 인권팀 내선 ☎ 0843, 7379
8. 행정사항
가. 본 교육은 법정의무(폭력예방교육)와 별개의 추가 교육임.
나. 집단활동 참여시 부득이한 사정으로 폭력예방교육 미 참여시, [붙임2]를 참고하여
‘집단활동 사전 성폭력 예방교육’
을 이수해야 함.
붙 임
1. 찾아가는 폭력예방교육 신청서 양식 1부.
2. 스마트캠퍼스LMS ‘집단활동 사전 성폭력 예방교육’ 이수 방법 안내 1부.  끝."
chemistry,2024학년도 후기 대학원 정시모집 안내,N/A,2024.03.28,https://chem.ssu.ac.kr/%ea%b3%b5%ec%a7%80%ec%82%ac%ed%95%ad/?term_id&slug=3973,"1. 모집일정
-원서접수 : 2024. 4. 1. (월) ~ 2024. 4. 12. (금)
-전형일 : 2024. 4. 27. (토)
-합격자발표 : 2024. 5. 24. (금) 예정
-합격자등록 : 2024. 7. 3. (수) ~ 2024. 7. 5. (금)
2. 숭실대학교 대학원 홈페이지(
https://grad.ssu.ac.kr
)참조 : 관련
공지사항
링크
붙 임 : 모집요강 1부.  끝."
chemistry,2024년 WISET-Thermo Fisher Scientific 글로벌 멘토링 멘티 모집(~3/24),N/A,2024.03.21,https://chem.ssu.ac.kr/%ea%b3%b5%ec%a7%80%ec%82%ac%ed%95%ad/?term_id&slug=3970,"한국여성과학기술인육성재단(WISET)은 여성과학기술인의 육성과 지원을 위한 정책사업을 수행하는 과학기술정보통신부 소관 공공기관입니다.
본 재단에서는 이공계 전공 여자 대학(원)생의 차세대 글로벌 인재로의 성장을 지원하고 다양한 경험을 제공하고자 「WISET 글로벌 멘토링 프로그램」을 운영하고 있습니다.
위와 관련하여 프로그램 참여자를 모집하오니, 귀 대학에 학생들이 참여할 수 있도록 협조 바랍니다.
– 아 래 –
가. 프로그램 개요
1) 프로그램 명 : WISET 글로벌 멘토링
2) 참여 기업 :
Thermo Fisher Scientific
※ 우대사항 : 생명과학, 화학, 전기전자공학 전공자 우대
※ 기타 : 생명과학 석사과정 3~4명 선정 예정
※ 최종학위 취득 1년 이내의 졸업생 신청 가능
3) 모집 대상 : 이공계 전공 여자 대학생, 대학원생
4) 모집 기간 :
~ 3/24(일) 자정 마감
5) 주요 활동 :
Thermo Fisher Scientific 현직자와의 소그룹 멘토링, Customer Experience Center 투어,
장비 Demo, 회사 직무 소개 및 영문 이력서와 자기소개서 검토
등
6) 신청 방법 : WISET W브릿지(www.wbridge.or.kr) > 네트워킹 > 글로벌멘토링 내 신청
나. 요청사항
1) 홍보대상 : 이공계 전공 여자 대학(원)생
2) 홍보방법 :
이공계 학과 및 취업지원센터 게시판 내 웹초청장 게시, 학과 게시판 공지
등
※ 모집공고링크 :
https://bit.ly/3ULI1k6
3) 별첨서류 : 웹 포스터 이미지
다. 문의처 :
WISET 인재육성팀 (sykim@wiset.or.kr, 02-6411-1014)"
chemistry,2024학년도 1학기 국가장학금 신청자 가구원 동의 안내,N/A,2024.03.12,https://chem.ssu.ac.kr/%ea%b3%b5%ec%a7%80%ec%82%ac%ed%95%ad/?term_id&slug=3966,"2024학년도 1학기 국가장학금 신청시 가구원 동의 절차를 확인해주시기 바랍니다.
가구원 동의 절차 관련 학교 홈페이지 공지사항
바로가기
가. 가구원 정보제공 동의 기간: 2024.03.21.(목) 18:00 까지(온·오프라인 동일)
나. 동의대상 가구원 범위
– 미혼: 학생의 부·모 모두
– 기혼: 학생의 배우자
※ 가구원 동의 절차 미완료 시 국가장학금 지원이 불가하며, 장학규정에 따라 교내장학금 지원도 불가함"
chemistry,2024학년도 1학기 교내장학금 3차 신청 시행 안내,N/A,2024.03.04,https://chem.ssu.ac.kr/%ea%b3%b5%ec%a7%80%ec%82%ac%ed%95%ad/?term_id&slug=3961,"2024학년도 1학기 교내장학금 안내이니 많은 신청 바랍니다.
1. 교내장학금 자격요건
가. 2024학년도 1학기 국가장학금 2차 신청(2024.03.14까지 신청 가능) 및 서류제출을 완료하고 소득분위가 조회된 자 (국가장학금 지급 대상 분위의 경우 심사가 완료된 자)
나. 2024학년도 1학기 재학 및 복학(예정)자로 등록금 납부 예정인 자
1) 2024학년도 1학기 前 등록휴학 후 복학시 장학생 선발대상에서 제외
2) 미등록, 입학취소, 복학취소, 휴학 등 학적변동 시 모든 장학금 취소
다. 직전학기 15학점 이상 이수한 자(최종 직전학기는 12학점)
라. 정규등록학기가 8학기 이내인 자(건축학부 건축학전공은 10학기 이내)
2. 신청절차
가. 온라인 신청기간 및 서류제출기간 :
2024년 3월 4일(월) 10:00~3월 15일(금) 17:30
나. 학생 신청방법: u-SAINT포털 – 등록/장학 – 장학메뉴 – 장학금 신청
다. 학생 서류제출: 온라인 신청기간 내 방문 및 등기우편제출 가능(세부내용 붙임 파일 참조)
※ 단, 전문자격시험합격자장학금의 경우 등기우편 불가"
chemistry,2024학년도 1학기 학생증 발급 관련 유의사항,N/A,2024.02.28,https://chem.ssu.ac.kr/%ea%b3%b5%ec%a7%80%ec%82%ac%ed%95%ad/?term_id&slug=3956,"현재 학생증 디자인 변경으로 새로운 디자인의 공카드 발주 및 카드 발급기 기능 개선 작업 진행 중(가로형 -> 세로형으로 디자인 변경으로 수반되는 관련 작업이 필요)입니다.  따라서 3월 중순 이전까지 학생서비스팀 방문 발급이 제한됩니다.
아래 내용 참고 바랍니다.
관련 문의 : 학생서비스팀 ( 02-820-0064 )"
chemistry,2024학년 1학기 물리화학실험 폐강 예정 수업 및 수강신청 안내 변경,N/A,2024.02.26,https://chem.ssu.ac.kr/%ea%b3%b5%ec%a7%80%ec%82%ac%ed%95%ad/?term_id&slug=3950,"3학년 물리화학실험 (전필) 수업  관련한 폐강 수업을 안내드리니,  내일 전체 수강신청시 참고해서 신청하시면 됩니다.
물리화학실험(화), 물리화학실험(금)에 신청한 수강인원이  적은 상황이라, 이동인원이 적은 화요일만 수업이 운영될 예정입니다.  강위경 교수님 담당 수업이 폐강되고, 금요일 예정이었던 주상우 교수님 담당 수업이 화요일 15시 수업으로 이동될 예정입니다.  따라서 화요일 물리화학실험 (과목번호 2150146002) 으로 수강신청 하시면 됩니다."
chemistry,2024 차세대반도체 다전공 설명회 개최,N/A,2024.02.26,https://chem.ssu.ac.kr/%ea%b3%b5%ec%a7%80%ec%82%ac%ed%95%ad/?term_id&slug=3947,"숭실대학교 차세대반도체학과에서 2024 차세대반도체 다전공 설명회를 개최합니다.
● 일시 : 2024. 03. 04.(월) 18시 형남공학관 115호(장소 추후 변경될수 있음)
● 사전등록 : 2024. 02. 27. (화) 15시까지
● 사전등록 링크 :
https://forms.gle/FGpHLwz4G5NLTTAGA
)
※
사전등록자 혜택 : 간단 다과 제공
※
사전등록을 못한 학생들이라도 현장참여는 가능"
chemistry,일산양일중학교 과학 기간제 선생님 (~채용시까지),N/A,2024.02.26,https://chem.ssu.ac.kr/%ea%b3%b5%ec%a7%80%ec%82%ac%ed%95%ad/?term_id&slug=3944,"학교 위치:  고양시 일산동구 식사동
모집인원:  1명
대상: 교원자격증 소지한 졸업생, 기간제 교사 경험을 쌓으면서 임용고시를 준비하는 수험생
문의: 031-960-1500/ 031-960-1502
접수 방법: 이메일( iyms2024@naver.com ) 및 팩스 제출(031-966-7704)"
chemistry,2024학년도 1학기 한국장학재단 국가장학금 2차 신청 안내,N/A,2024.02.05,https://chem.ssu.ac.kr/%ea%b3%b5%ec%a7%80%ec%82%ac%ed%95%ad/?term_id&slug=3934,"2024학년도 1학기 한국장학재단 국가장학금 2차 신청이 있으니 많은 지원 바랍니다.
일정 및 세부사항
가. 신청기간: 2024.02.01.(목) 09:00~03.14.(목) 18:00
나. 서류 제출 및 가구원 동의 기간: 2024.02.01.(목) 09:00~03.21.(목) 18:00
다. 신청대상: 신입생(고3, 재수생 등 입학예정자), 편입생, 재입학생, 복학생 및 1차
신청을 놓친 재학생
★
신·편입생지원 장학금은 반드시 국가장학금을 신청해야 지원 가능
※ 재학생은 1차 신청이 원칙이며, 재학 중 2회에 한하여 구제신청 자동 적용 및
심사 후 지원 가능(
단
,
구제신청
2
회 기사용 또는 기타 탈락사유 존재 시 지원 불가
)
※ 신·편입학 첫학기만 학적구분 ‘학부 신·편입생’으로 신청, 두번째 학기부터는
‘학부 재학생’으로 신청
※ 신입생은 학생 본인 및 가구원(부모 혹은 배우자)의 전자서명수단(①공동인증서
②금융인증서 ③간편인증) 중 한가지를 반드시 준비
라. 신청방법: 한국장학재단 홈페이지와 모바일 앱을 통한 신청가능(붙임의 매뉴얼 참조)
붙임 1. 2024학년도 1학기 국가장학금 2차 신청 홍보 포스터 1부
2. 국가장학금 신청 매뉴얼 각 1부. 끝."
chemistry,2024학년도 1학기 학과근로장학생 모집 안내,N/A,2024.02.05,https://chem.ssu.ac.kr/%ea%b3%b5%ec%a7%80%ec%82%ac%ed%95%ad/?term_id&slug=3931,"2024학년도 1학기 학과근로장학생을 다음과 같이 모집하니 많은 지원 바랍니다.
근로장학생 자격 및 선발기준
가. 2024학년도 1학기 국가장학금을
1
차
신청하고 소득분위가 8분위 이내인 자
※ 국가장학금을 신청할 수 없는 대한민국 국적 미소지자도 선발 가능
(단, 순수외국인전형으로 입학한 외국인 유학생은 선발 불가)
나. 2024학년도 1학기 재학 및 복학예정자로 해당학기 등록금 납부 예정인 자
1) 2024학년도 1학기 전 등록휴학 후 복학시 선발 불가(등록대체자)
2) 학기 중 미등록, 입학취소, 복학취소 등으로 인한 학적변동시 모든 장학금 취소
3) 2024학년도 1학기 기준 이수학기가 2~8학기만 가능(건축학 전공은 10학기까지)
다. 직전학기 취득학점 및 학업성적 제한 없음
라. 타 장학금과 중복수혜 가능(근로장학금 간 중복 불가)
※ 본 장학금은 학업장려비 지원 목적으로 등록금(입학금 및 수업료)를 초과하여 지급
마. 국가근로장학생 및 교내근로장학생에 선발되지 않은 자
※ 국가근로 및 교내근로 선발자가 포기 후 학과근로 선발될 수 없음
근로장학생 종류별 장학금액 및 근로시간
장학금명
시간당 장학금
총 근로시간 (학기)
1인당 장학금액(원)
학과근로A
9,860원
10시간*20주=200시간
1,972,000
학과근로B
9,860원
5시간*20주=100시간
986,000
※ 장학금은 매월 지급하며, 실 지급액은 근로시간에 따라 달라질 수 있음
※ 주 기준은 학기당 받을 수 있는 장학금액 산정을 위한 것이며, 총 시간 내에서 8월까지
근로할 수 있음
※ 장학금 지급일 : 익월 셋째 주 금요일
유의 사항
가. 선발된 학생은 소속부서에서 지정된 근로시간 동안 근무해야 하며, 학기 중 학적변동
(휴학, 자퇴, 제적 등) 등 불가피한 사유가 인정되는 중도 포기 시 근로 시간 만큼 지급
나. 2024년 7월 근로평가 전까지 교체 가능(단, 교체 전 학생의 근로시간을 차감)
다. 국가근로 및 교내근로로 선발 시 학과근로 선발에서 제외됨
(선발 우선순위: 1. 국가근로, 2. 교내근로, 3. 학과근로)
신청절차
가. 학생신청방법: u-SAINT포털 → 등록/장학 → 장학메뉴 ‘근로장학금’→학과근로A/B신청 → 지원서 출력 → 지원서 제출
※
u-SAINT
출력본 제출 필수
나. 온라인접수 및 서류제출기간:
2024
년
1
월
30
일
(
화
) 10:00 ~ 2
월
7
일
(
수
) 17:00
1) 제출서류: 지원서 (u-SAINT출력본)
2) 제출장소: 각 학과사무실
–
선발결과 발표
가. 일시 : 2024년 2월 22일(목) 18:00 이후
본교 홈페이지 공지사항
공지 예정"
chemistry,졸업논문 대체 요건 – 기사자격증 합격증 제출 관련,N/A,2024.01.26,https://chem.ssu.ac.kr/%ea%b3%b5%ec%a7%80%ec%82%ac%ed%95%ad/?term_id&slug=3926,"졸업 논문을 대체하는
기사 자격증 1차
합격증 관련 안내입니다.
– 필기합격증 제출기한:  마지막 학기의 15주차 해당월의 말일 (1학기의 경우 6월 30일; 2학기의 경우 12월 31일)
– 기사자격증 종류 및 시험 일정 :
https://www.q-net.or.kr/crf021.do?id=crf02101&gSite=Q&gId=&scheType=01
참조"
chemistry,2024학년도 1학기 백마성적우수장학생 선발 기준,N/A,2024.01.24,https://chem.ssu.ac.kr/%ea%b3%b5%ec%a7%80%ec%82%ac%ed%95%ad/?term_id&slug=3923,"2024학년도 1학기 백마성적우수장학생 선발 기준입니다.
1.
학교 자격요건
가. 2024학년도 1학기 국가장학금을 신청하여 소득분위 조회가 가능한 자
1) 1차 신청자에 한하여 등록금고지서 사전감면
2) 1차 미신청자 : 2차 신청/서류제출 확인 후 지급
(2차 신청자도 선발 및 사후지급가능하므로 학과에서는 현재 미신청자도 선발 요망)
3) 국가장학금을 신청할 수 없는 대한민국 국적 미소지자도 선발 가능
(단, 순수외국인전형으로 입학한 외국인유학생은 선발 불가)
나. 2024학년도 1학기 재학 및 복학예정자로 해당학기 등록금 납부 예정인 자
1) 2024학년도 1학기 前등록휴학 후 복학시 선발대상에서 제외(등록대체자)
2) 학기 중 미등록, 입학취소, 복학취소 등으로 인한 학적변동시 모든 장학금 취소
3) 선발 후, 학기 중 휴학 시 백마성적우수장학금은 복학학기로 이월
※ 추가 또는 교체선발 시 재학 중인 학생만 선발 (휴학생에 대한 추가/교체 불가)
다. 직전학기 15학점 이상 이수한 자 (졸업 직전학기는 직전학기 12학점 이상)
라. 정규등록학기가 8학기 이내인 자(건축학과 건축학전공: 정규등록 10학기 이내인 자)
마. F학점 포함 학적부성적 기준 직전학기 3.5 이상인 자
바. 모든 교내장학금간 중복수혜 불가
1) 신청장학금 중 수혜금액이 큰 장학금 자동선발
2) 중복수혜 가능 장학금: 국가장학금, 교외장학금, 학과우수장학금, 기타 학업장려비 지원 목적 장학금 등
사. 졸업예정자 선발 불가(조기졸업 대상자 포함)하므로 유의
2. 학과 자격 요건 (장학제도 게시판 안내 참고)
각 학년당 재학생수를 고려하여, 수혜자수가 각 학년에 되도록 고루 분포 되게 한다
성적우수장학금-
전액수혜자
는
3학년
성적 우수자 중에서 우선 고려한다
성적우수장학금-
반액수혜자
는 각 학년의 성적 우수자 중에서
전공 취득학점(1학년은 전공기초), 평점, 순위
를 고려하여 선정한다
학과 근로수혜자는 성적, 전공 취득학점(1학년은 전공기초), 가정환경, 학과기여도를 종합적으로 고려하여 선정 한다
장학생 선발 희망자는 직전학기
전공 취득학점(1학년은 전공기초)이 6학점 이상
이어야 한다
장학생 선발 희망자는 반드시
국가장학금
을 먼저 신청하여야한다
ㅤ"
chemistry,2024학년도 1학기 한국장학재단 국가장학금 1차 신청 안내,N/A,2023.11.22,https://chem.ssu.ac.kr/%ea%b3%b5%ec%a7%80%ec%82%ac%ed%95%ad/?term_id&slug=3915,"2024학년도 1학기 한국장학재단 국가장학금 1차 신청과 관련하여 다음과 같이 안내합니다.
1.
신청기간: 2023.11.22.(수) 9:00~12.27.(수) 18:00까지(총 36일)
2.
서류 제출 및 가구원 동의 기간: 2023.11.22.(수) 9:00~2024.01.03.(수) 18:00까지
3. 신청대상: 대한민국 국적 학부생
※ 재학생, 신입생(고3, 재수생 등 1학기 입학예정자), 편입생, 재입학생, 복학생 및 휴학생 등 모든 학적 신청가능
※ 재학생은 1차 신청이 원칙이며, 재학 중 2회에 한해 구제신청 자동 적용
※ 반드시 사전에 본인 및 부모님 공동인증서 또는 금융인증서 준비
※ 국가장학금 최대 수혜횟수 범위 내에서 지급가능
※ 국가장학금 미신청자는 교내장학금 및 재난장학금 지원 불가하므로 반드시 신청
4.
신청방법: 한국장학재단 누리집(www.kosaf.go.kr) 및 모바일 앱에서 신청
※ 국가장학금 신청 여부에 따라 교·내외 장학금 수혜가 어려울 수 있으니 소득구간과 관계없이 반드시 신청해 주시기 바랍니다.
※ 재학생은 1차 신청이 원칙입니다.
※ 학과는 개괄적인 안내만 하니 자세한 공지내용은 학교 홈페이지
▶
SSU:catch
◀Clik
확인바랍니다."
chemistry,[산학협력진흥팀]숭실대학교 -TUV SUD Korea 공동세미나 개최,N/A,2023.11.16,https://chem.ssu.ac.kr/%ea%b3%b5%ec%a7%80%ec%82%ac%ed%95%ad/?term_id&slug=3909,"숭실대학교-TUV SUD Korea 공동 세미나를 개최합니다.
1. 행사명 : 숭실대학교 – TUV SUD Korea 공동 세미나
2. 주    제 : 탄소감축, 청정에너지 전환 가속화 및 안전관리 방안
3. 일    시 : 2023. 11. 20(월) 13:00 ~16:10
4. 장    소 : 숭실대 한경직기념관 1층 김덕윤예배실 / YouTube  온라인 생중계"
chemistry,2023-2 친환경화학소재 콜로퀴엄 안내,N/A,2023.11.08,https://chem.ssu.ac.kr/%ea%b3%b5%ec%a7%80%ec%82%ac%ed%95%ad/?term_id&slug=3902,"<친환경화학소재 콜로퀴엄>
일시: 11월28일 6시
장소: 형남공학관 115호
연사: 건국대학교 유동헌 교수
제목: 탄소중립 이행과 기술의 역할
감사합니다."
chemistry,2023-2 기초과학융합연구소 세미나 안내,N/A,2023.11.08,https://chem.ssu.ac.kr/%ea%b3%b5%ec%a7%80%ec%82%ac%ed%95%ad/?term_id&slug=3900,"일시: 11월 16일 (목) 4시30분
장소: 벤처관 311호
연사: 중앙대학교 약학대학 박현호 교수
제목: 단백질 구조연구를 통한 표적신약 개발이야기
요약: 질병을 일으키는 표적단백질의 3차구조를 밝히고 이 구조적 정보를 이용하여 표적에 작용하는 신약을 개발하는 것은 지난 수십년간 진행되어 오고 있는 가장 강력한 신약개발 방법이다. 이번 강연에서는 이러한 단백질의 3차구조를 밝히는 방법부터 이런 정보를 이용하여 신약을 디자인 하는 방법, 이러한 방법으로 만들어진 신약들, 그리고 연구자가 연구하고 있는 신약개발 스토리 등에 대하여 소개하려 한다.
화학과 학생들의 많은 관심과 참여 바랍니다.
감사합니다."
chemistry,숭실 반도체의 날 행사 안내,N/A,2023.11.01,https://chem.ssu.ac.kr/%ea%b3%b5%ec%a7%80%ec%82%ac%ed%95%ad/?term_id&slug=3890,"안녕하세요 화학과 사무실 입니다.
2023.11.08.(수) 17:30분부터 “숭실 반도체의 날”
이 진행됩니다.
* 2023
년 숭실대학교 혁신공유대학 차세대반도체학과의 1년 결실을 소개합니다.
* 비전공 학생들을 위한 차세대반도체 다전공 과정에 대한 설명회도 포함되어 있습니다.
관심있는 학생들의 많은 참여 바랍니다.
[‘
2023
숭실 반도체의 날’ 행사개요]
일시 : 2023.11.08(
수
) 오후 5시 30분 ~7시 30분
장소 :  형남공학관
2
층 형남홀
내용 :  1. 차세대반도체 경진대회 3차 전시
2. 사업화 및 아이디어 지적 재산권 수상작 전시
3. 차세대반도체 경진대회 및 사업화 및 아이디어 지적재산권 시상
4. 반도체 세미나
5. 다전공 설명회
▶관련링크◀
https://semicon.disu.or.kr/community/notice?md=v&bbsidx=7543"
chemistry,11월 8일 (수) 기초과학융합연구소 런치세미나 안내,N/A,2023.10.30,https://chem.ssu.ac.kr/%ea%b3%b5%ec%a7%80%ec%82%ac%ed%95%ad/?term_id&slug=3885,"•일시: 11월 8일 수요일 오후 12시
•연사: 이현정 박사(한국핵융합에너지연구원)
•제목: 핵융합에너지! 공상과학영화에서 현실로 ~
•점심식사 신청링크:
https://forms.gle/LFQUhYU4SpvYoA426
(11월 6일 오전 11시 마감)
#점심식사 신청 없이 줌 접속 가능합니다
•장소: 베어드홀 101-3호 세미나실
•초록: 핵융합에너지 개발은 핵무기가 개발되면서 인류가 이루고 싶은 하나의 꿈이였으며, 영화에서 다양한 모습으로 실현되었습니다.
최근 미국 NIF ( National Ignition Facility)에서 2.05 MJ의 입력 에너지로 3.15 MJ의 핵융합 에너지를 얻는데 성공하여 핵융합에너지 실현에 대한 가능성이 더욱 가까이 다가 오게 되었습니다.
하지만 레이져를 이용한 핵융합 반응은 지속적인 핵융합 에너지를 얻기는 불가능합니다.
영화에서와 같이 핵융합에너지를 지속적으로 사용하기 위하여 전세계적으로 가장 유력한 후보는 자기장을 이용한 토카막 (TOKAMAK) 장치 입니다.
국내에서는 KSTAR를 통한 연구가 진행 중이며, 해외에서는 ITER를 통하여 총 7개국이 모여 핵융합에너지 개발을 위해 노력중입니다.
이번 세미나에서 무한 청정 에너지 개발을 위해 국내외에서 어떤 일들이 일어 나고 있는지 소개하고자 합니다."
chemistry,10.19(목) 화학과 세미나 안내,N/A,2023.10.12,https://chem.ssu.ac.kr/%ea%b3%b5%ec%a7%80%ec%82%ac%ed%95%ad/?term_id&slug=3864,"10
월
19
일
(
목
) 우리 화학과 졸업생인
삼성전자 정규일 박사 세미나를 안내합니다
.
1) 날짜  : 10/19 목요일
2) 시간 : 오후 16:30
3) 장소 : 미래관 304호
4) 연사 : 정규일 박사(삼성전자)
5) 제목 : Study of Chemical Reactions on Graphene Surface using Optical Nanoscope
화학과 학생들의 많은 참여 바랍니다.
감사합니다."
chemistry,기초과학융합연구소 10월 11일 (수) 런치세미나 안내 (학부생 참여),N/A,2023.09.26,https://chem.ssu.ac.kr/%ea%b3%b5%ec%a7%80%ec%82%ac%ed%95%ad/?term_id&slug=3858,"기초과학융합연구소는 런치세미나를 진행하여 기초과학 융합연구의 소개에 많은 관심을 기울이고 있습니다. 학부생의 경우 현장에서 점심식사를 제공하오니, 양질의 강연을 들으며 식사를 할 수 있습니다. 10월 6일 오전 11시까지 점심식사 신청링크에서 신청하여 주세요.
•일시: 10월 11일 수요일 오후 12시
•장소: 베어드홀 101-3호 세미나실
•연사: 김도연 박사 (한국화학연구원)
•제목: 신약개발의 새로운 전략과 Undruggable Targets
•초록: 인간 게놈은 게놈 DNA에 약 30,000개의 유전자가 암호화되어 있습니다. 3만 개의 단백질 중 일부(약 10%)만이 약물화 가능한 것으로 알려져 있는데, 이는 구조적 특징에 깊은 기질 및/또는 리간드 결합 포켓이 있는 효소로 설명됩니다. 표적 단백질이 질병 조절 활성을 가질 가능성이 있음에도 불구하고, 그 중 일부는 일반적인 신약 개발 방법론으로는 해결할 수 없는 것으로 인식되고 있습니다. 질병에 따라 단백질-단백질 상호작용 인터페이스, 스캐폴드 단백질, 비효소성 돌연변이 등 약물화할 수 없는 표적은 새로운 전략이 필요합니다. 최근에는 표적 단백질 분해(TPD)라는 새로운 방법이 발견되면서 이전에는 약물화할 수 없었던 표적도 약물화할 수 있게 되었습니다.
본 강연을 통해, ATTEC이라는 신규한 TPD 기법과 희귀질환 치료를 위해 Undruggable target에 접근하는 방법들에 대한 소개를 하려고 합니다.
•점심식사 신청링크:
https://forms.gle/QjG1yNmjfSNwxmg76
(10월 6일 오전 11시 마감)
런치세미나에 많은 참여 부탁드립니다.
감사합니다."
chemistry,자연과학연구소 10.10(화) 세미나 안내,N/A,2023.09.26,https://chem.ssu.ac.kr/%ea%b3%b5%ec%a7%80%ec%82%ac%ed%95%ad/?term_id&slug=3854,"<10월 10일 12시 졸업생 세미나>
본 세미나는
Zoom
을 이용한 실시간 화상으로 진행할 예정입니다
.
1) 날짜  : 10/10 화요일
2) 시간 : 오후 12:00
3) 장소 : 줌 링크 “
https://ssu-ac-kr.zoom.us/j/86908256223
“
4) 연사 : 정진주 박사
5) 제목 : Development and Application of Antibodies and Antibody Derivatives
6)
초록
: Antibodies play a pivotal role as essential proteins responsible for our body’s immune functions. Research on antibodies for clinical applications commenced in the 1970s, and the emergence of blockbuster antibody therapeutics such as Trastuzumab (Herceptin, anti-Her2 antibody) and Adalimumab (Humira, anti-TNF
α
) in the early 2000s significantly heightened human interest in potential antibody development research. Consequently, the demand for therapeutic antibodies and their market value has grown exponentially. In this seminar, I aim to introduce two specific research cases detailing the development of novel antibodies or antibody derivatives on a laboratory scale. Firstly, I will describe a case involving the discovery of antibodies specific to glycans using yeast surface display technology, one of the conventional methods. Secondly, I will elucidate the construction of a new high-throughput antibody screening system in E. coli and discuss the results of utilizing the screening system for antibody maturation and novel antibody discovery. Finally, I will provide a concise overview of the utilization of these discovered antibodies or antibody derivatives in both research and industry fields."
chemistry,23-2학기 졸업 논문 대상자 확인 명단,N/A,2023.09.12,https://chem.ssu.ac.kr/%ea%b3%b5%ec%a7%80%ec%82%ac%ed%95%ad/?term_id&slug=3846,"안녕하세요, 화학과 사무실입니다.
23-2학기 졸업논문 대상자의 명단을 첨부합니다.
이번 학기 평가항목과 지도교수 확인 후 정정사항이 있으면
chem@ssu.ac.kr
메일로 문의 주시기 바랍니다.
(학번, 이름, 연락처, 정정내용 기재)
감사합니다."
chemistry,2023-2학기 졸업 논문 지도교수 미신청 학생 안내,N/A,2023.09.04,https://chem.ssu.ac.kr/%ea%b3%b5%ec%a7%80%ec%82%ac%ed%95%ad/?term_id&slug=3822,"안녕하세요, 화학과 사무실 입니다.
3학년 학생 중 졸업논문 지도교수 미신청자는 아래 내용을 참고하여 10/8(금)까지 신청해주시기 바랍니다.
기한 내에 신청하지 않은 학생은 학과사무실에서 확인 연락 하도록 하겠습니다.
1.  신청 방법:
첨부 파일 양식을 작성하여
chem@ssu.ac.kr
로 제출
2. 신청 기한:
10/8(금) 오후 5시
참고: 2024학년도 졸업 대상 학생들 부터는 졸업 논문제도에 변경이 있습니다.
자세한 내용은 학과 홈페이지
자료및정보>졸업논문자료실> 화학과 졸업논문 2023 개편제도 안내
참고하시기 바랍니다.
감사합니다."
chemistry,2023학년도 2학기 졸업논문 일정 수정 및 포스터 발표 방식 확정,N/A,2023.09.04,https://chem.ssu.ac.kr/%ea%b3%b5%ec%a7%80%ec%82%ac%ed%95%ad/?term_id&slug=3816,"▣최종 평가(2024년 2월 졸업 예정자)
1. 포스터발표: online 발표
-파일 제출 기한 : 11.03(금) 17:00
1) PPT 발표 동영상
2) ppt 파일
– 제출방법:
15
분 이내 발표 동영상 파일을 학과조교 메일(chem@ssu.ac.kr)로 제출(메일제목: 23-2 포스터발표-학번-이름)
– 제출파일: ①  mp4(영상용량 크기
: 500Mb
이하), ② ppt파일(파일명: 23-2포스터발표-학번-이름.mp4,  23-2포스터발표-학번-이름.ppt)
– 발표형식:온라인(유튜브)영상 게시(비대면발표) *첫페이지 본인사진 첨부 필수
※Zoom의 개인회의실을 열고,화면공유 녹화방식을 추천
※참고 발표영상
:   [SSU] 화학과 졸업포스터 발표
https://www.youtube.com/channel/UCpG3i60X8g_v1RTR3vNo-Mg
-발표 기간: 11/06(월)~11/17(금)
-심사 기간: 11/17(금)일 까지, 학생 1명 당 2명 심사(지도교수+화학과 교수)
2. 졸업논문 최종 보고서 제출:
-제출 기한 :
11.24(금) 17:00
-제출 파일:
1) 최종 보고서 pdf파일 (파일명:23-2_최종보고서_학번_이름)
2) 최종 보고서 출력본
-제출 방법:
1) 파일은
chem@ssu.ac.kr
로 메일 제출 (메일 제목: 23-2 최종보고서_학번_이름)
2) 출력본은 과사무실(베어드홀 301호) 직접 제출
-심사 평가서 제출: 12/1(금) – 해당 지도교수 작성
▣중간 평가(2024년 8월 졸업 예정자)
1. 논문 계획서 제출:
-제출 기한 :
11.03(금)  17:00
-제출 파일:
1) 논문계획서 pdf파일 (파일명:23-2_논문계획서_학번_이름)
2)논문계획서 출력본
-제출 방법:
1) 파일은
chem@ssu.ac.kr
로 메일 제출 (메일 제목: 23-2 논문계획서_학번_이름)
2) 출력본은 과사무실(베어드홀 301호) 직접 제출
2. 중간 보고서 제출:
-제출 기한 :
11.24(금)  17:00
-제출 파일:
1) 중간 보고서 pdf파일 (파일명:23-2_중간보고서_학번_이름)
2) 중간 보고서 출력본
-제출 방법:
1) 파일은
chem@ssu.ac.kr
로 메일 제출 (메일 제목: 23-2 중간보고서_학번_이름)
2) 출력본은 과사무실(베어드홀 301호) 직접 제출
※구체적인 내용 및 양식은 화학과 홈페이지 “졸업논문 자료실”을 참고하시기 바랍니다.
※추후 변경 및 확정된 내용은 학과 홈페이지 공지사항 및 LMS 논문연구2 공지란을 참고하시기 바랍니다.
※
2025년 2월 졸업 대상자 부터는 변경된 졸업 논문 제도가 적용
됩니다.
이에 2024학년도 8월 졸업 논문 대상자는 기존 또는 변경된 제도 모두 인정하기로 하였습니다.
대상자는 졸업 논문 지도 교수와 의논하여 결정하여 학과 메일로 통지하여 주시기 바랍니다.
변경된 제도에 대해서는
화학과 홈페이지- 자료 및 정보 – 화학과 졸업논문제도(2023 개편안 안내
) 를 참고하시기 바랍니다."
chemistry,기초과학융합연구소 런치세미나,N/A,2023.09.01,https://chem.ssu.ac.kr/%ea%b3%b5%ec%a7%80%ec%82%ac%ed%95%ad/?term_id&slug=3814,"<9
월
6
일
12
시
런치세미나
>
점심식사신청링크:
https://forms.gle/j62QLTYZrna8dkRw6
(9월 4일 오전 11시 마감)
•장소: 베어드홀 101-3호 세미나실
연사소개:이철희박사(고등과학원) (EBS강연링크
https://www.ebs.co.kr/ebr/series?prodId=427389&courseId=10205720&stepId=60037295&lectId=60216202
)
세미나내용:자연과학은 실험과 관찰을 통해 자연의 원리를 탐구하는 경험적 학문이다. 반면, 수학은 추상적 개념, 예를 들면 수나 기하학적 형태, 그리고 이들 간의 관계에 주목한다. 수학은 자연에 대한 직접적인 이해를 목표로 하지 않고, 연역적 사고를 바탕으로 추론과 증명을 통해 새 원리를 찾아낸다. 그렇다면 수학은 경험을 중시하는 자연과학의 일부로 볼 수 있을까? 이 강연에서는 과학 내의 수학의 역할을 측정의 관점에서 조명하고, 경험과학의 지식 체계가 수학을 포함해야 하는지 검토한다."
chemistry,23-2학기 신익수 교수님 과목 폐강 및 변경 안내,N/A,2023.08.29,https://chem.ssu.ac.kr/%ea%b3%b5%ec%a7%80%ec%82%ac%ed%95%ad/?term_id&slug=3809,"안녕하세요, 화학과 사무실입니다.
2023학년도 2학기 신익수 교수님  폐강 과목 및 담당 교원 변경을 다음과 같이 안내합니다.
폐강 과목은 수강신청내역에서 자동으로 삭제됩니다.
해당 과목을 신청한 학생들은 수강신청 변경기간
< 9.1.(금) ~ 9.7.(목) >
에 다른 과목으로 수강신청하시기 바랍니다.
과목번호
과목명
이수구분
전체수강인원
교수명
내용
2150612701
생물리화학(대면)
전선
16
신익수
폐강
21503355901
분석화학실험(대면)
전필
21
신익수
담당 교원 변경 : 신권수 교수님
사유 : 신익수 교수님 휴직.
감사합니다."
chemistry,2023학년도 2학기 학과근로 장학생 선발 신청 안내,N/A,2023.07.31,https://chem.ssu.ac.kr/%ea%b3%b5%ec%a7%80%ec%82%ac%ed%95%ad/?term_id&slug=3795,"2023학년도 2학기 학과근로장학생 선발을 다음과 같이 실시함을 안내합니다.
1. 학과근로장학생 자격 및 선발기준
1) 2023학년도 2학기 국가장학금을 신청하고 소득분위가 8분위 이내인 자
2) 2023학년도 2학기 재학 및 복학예정자로 해당학기 등록금 납부 예정인 자
3)  2023학년도 2학기 전 등록휴학 후 복학시 선발 불가(등록대체자)
4) 학기 중 미등록, 입학취소, 복학취소 등으로 인한 학적변동시 모든 장학금 취소
5) 2023학년도 2학기 기준 이수학기가 2~8학기만 가능
2.  신청방법
1) u-SAINT포털→등록/장학→근로장학금 신청→지원서 출력/제출
3.  온라인신청 및 서류제출기간
2023년 7월 31일(월) 10:00 ~ 8월 8일(화) 17:00
4. 제출서류: 지원서 (u-SAINT 출력본,
본인서명 필수
)
5. 제출장소:   교내근로(장학팀), 학과근로 (화학과사무실, 베어드홀 301호)
※자세한 사항은
▶클릭:SSU:catch◀
확인 요망"
chemistry,2023학년도 2학기 교내장학금 2차 신청 공고,N/A,2023.06.26,https://chem.ssu.ac.kr/%ea%b3%b5%ec%a7%80%ec%82%ac%ed%95%ad/?term_id&slug=3789,"※학과홈페이지는 개괄적이 안내만 하므로
학교 홈페이지 공지사항을 확인
[확인하러가기:클릭]
해주세요.
1.
교내장학금 자격요건
가. 2023학년도 2학기 국가장학금 신청(2023. 06. 22(목) 18:00까지) 및 서류제출을 완료하고 소득분위가 조회된 자 (국가장학금 지급 대상 분위의 경우 심사가 완료된 자)
나. 2023학년도 2학기 재학 학생으로 등록금 납부 예정인 자
1) 2023학년도 2학기 前 등록휴학 후 복학시 장학생 선발대상에서 제외
2) 미등록, 입학취소, 복학취소, 휴학 등 학적변동 시 모든 장학금 취소
다. 직전학기 15학점 이상 이수한 자(최종 직전학기는 12학점)
라. 정규 등록학기가 8학기 이내인 자(건축학부 건축학전공은 10학기 이내)
2. 신청절차
가. 온라인 신청기간 및 서류제출기간 : 2023년 6월 26일(월) 10:00~7월 7일(금) 17:00(2주간)
※ 3차: 9월 1일(금)~9월 15일(금) 예정
나. 학생 신청방법: u-SAINT포털 – 등록/장학 – 장학메뉴 – 장학금 신청
다. 학생 서류제출: 온라인 신청기간 내 방문 및 등기우편제출 가능(세부내용 붙임 파일 참조)
※ 단, 전문자격시험합격자장학금의 경우 등기우편 불가
문의 : 학생처 장학팀 : 02-820-0167"
chemistry,2023 차세대반도체 혁신융합대학 사업화 및 지적재산권 아이디어 공모전,N/A,2023.06.19,https://chem.ssu.ac.kr/%ea%b3%b5%ec%a7%80%ec%82%ac%ed%95%ad/?term_id&slug=3776,
chemistry,2023-1 3학년 논문 지도교수 배정 결과(06-16 업데이트),N/A,2023.06.12,https://chem.ssu.ac.kr/%ea%b3%b5%ec%a7%80%ec%82%ac%ed%95%ad/?term_id&slug=3767,"안녕하세요, 화학과사무실입니다.
2023년 1학기 신청받은 논문 지도교수 배정안 결과 파일을 첨부합니다.
(+06.16일자 변경 결과 포함했습니다.)
해당 파일에는 개인정보(이름, 학번 등)가 포함되어있습니다. 개인정보 유출에 주의해주세요.
ㅤ
감사합니다.
※문의 : 화학과사무실(chem@ssu.ac.kr)"
chemistry,2023학년도 기초과학융합연구소 학부생 하계인턴십 모집,N/A,2023.06.02,https://chem.ssu.ac.kr/%ea%b3%b5%ec%a7%80%ec%82%ac%ed%95%ad/?term_id&slug=3764,"2023학년도 기초과학융합연구소 학부생 하계인턴십 모집
• 모집인원: 15명 내외
• 모집기간: 2023년 5월 26일(금) ~ 2023년 6월 16일(금)
• 연수기간: 2023년 7월 1일(토) ~ 2023년 8월 31일(목) (2개월)
• 연수장소: 숭실대학교 자연과학대학 교수 연구실 및 실험실
• 모집대상: 2023학년도 1학기 숭실대 자연과학대학 학부 재학생 (휴학생 지원불가)
• 연구장려금: 600,000원 (기타소득 공제전 금액)
• 신청링크:
https://iibs.ssu.ac.kr/게시판/공지사항/?slug=5272"
chemistry,23-1학기 3학년 졸업논문지도교수 미신청 학생 안내,N/A,2023.05.30,https://chem.ssu.ac.kr/%ea%b3%b5%ec%a7%80%ec%82%ac%ed%95%ad/?term_id&slug=3756,"3학년 학생 중 졸업논문 지도교수 미신청자는 아래 내용을 참고하여 5/31(수)까지 신청해주시기 바랍니다.
기한 내에 신청하지 않은 학생은 졸업논문 일정에 차질이 생길 수 있으니 기한내에 제출하시기 바랍니다.
.
1.  신청 방법:
자료 및 정보 > 졸업논문자료실>
[양식1] 졸업논문 신청서 양식
작성하여 학과 사무실로 제출
2. 신청 기한:
5/31(수) 오후 5시
.
감사합니다.
문의: 02-820-0430"
chemistry,2023학년도 2학기 교내장학금 신청 안내,N/A,2023.05.26,https://chem.ssu.ac.kr/%ea%b3%b5%ec%a7%80%ec%82%ac%ed%95%ad/?term_id&slug=3748,"2023학년도 2학기 교내장학금 신청공고
※
본교에서 지급되는 모든 교내장학금은 아래 국가장학금 신청기간 내 국가장학금을 신청하고 서류제출을 완료하여 소득분위가 조회된 학생을 대상으로만 수혜자를 선정합니다
.
따라서
,
교내장학금을 수혜하려는 모든 학생은 반드시 교내장학금과 국가장학금을 모두 신청하시기 바랍니다
.
–
국가장학금 신청결과 제공되는 학생의 소득분위정보를 장학생선발에 활용
–
국가장학금은 반드시 매학기 신청
(
서류제출 및 가구원동의 포함
)
하여야 함
.
1.
국가장학금 신청기간
:
2023.05.23.(화) 9:00~2023.06.22.(목) 18:00(총 31일간)
※ 한국장학재단 홈페이지(www.kosaf.go.kr) 공인인증 로그인 후 신청
※
재학생은 국가장학금
1
차 신청이 원칙
(
단
,
재학 중
1
회에 한하여
2
차 신청이 가능
)
2.교내장학금 온라인신청기간
가
.
온라인신청 및 서류제출기간
: 2023년 5월 26일(금) 09:00~6월 14일(금) 17:30(2주간)
※ 2차: 6월 26일(월)~7월 7일(금), 3차: 9월 1일(금)~9월 15일(금) 예정
나. 학생 신청방법: u-SAINT포털 – 등록/장학 – 장학메뉴 – 장학금 신청
다. 학생 서류제출: 온라인 신청기간 내 방문 및 등기우편제출 가능
※ 단, 고시장학금의 경우 등기우편 불가
3.신청대상 : 2023학년도 1학기 재학생 및 복학예정자
※2023학년도 2학기 前 등록휴학 후 복학시 장학생 선발대상에서 제외
※미등록, 입학취소, 복학취소, 휴학 등 학적변동 시 모든 장학금 취소
4.교내장학생 자격요건
가. 2023학년도 2학기 국가장학금 신청(2023. 06. 22(목) 18:00 신청 가능) 및 서류제출을 완료하고 소득분위가 조회된 자 (국가장학금 지급 대상 분위의 경우 심사가 완료된 자)
나. 2023학년도 2학기 재학 학생으로 등록금 납부 예정인 자
1) 2023학년도 2학기 前 등록휴학 후 복학시 장학생 선발대상에서 제외
2) 미등록, 입학취소, 복학취소, 휴학 등 학적변동 시 모든 장학금 취소
다. 직전학기 15학점 이상 이수한 자(최종 직전학기는 12학점)
라. 정규 등록학기가 8학기 이내인 자(건축학부 건축학전공은 10학기 이내)
5. 교내장학생 공통사항ㅤ
가.
☆
중요
☆
모든 장학금은 등록금 내에서 다음 순서에 따라 우선 지급 ① 교외(외부)장학금 ② 국가장학금 ③ 교내장학금
나. 성적 및 취득학점 산정방법
1). 평점평균(GPA)/산술평균(100점만점) : F학점이 포함된 학적부 성적 기준 산정
2) 취득학점 산정시F학점은 0학점 취득으로 인정되어 취득학점 산정에서 제외
다. 신청이 필요한 장학금의 경우 온라인으로 반드시 신청해야 하며, 제출서류가 있는 장학금에 한하여 서류제출
(제출기간 내 미제출시 장학생 선발대상에서 제외)
라. 모든 교내장학금은 일부 장학금을 제외하고 중복수혜 불가
1). 장학금 간 중복 신청은 가능하나, 신청 장학금 중 수혜 금액이 큰 장학금으로 자동선발
2). 중복수혜 가능 장학금 : 국가장학금, 교외(외부)장학금, 근로장학금(교내/학과근로), 봉사장학금
※수업료 범위 내 중복 수혜 가능하나, 근로장학금 간 또는 근로-봉사장학금은 중복수혜 불가
마. 한국장학재단 중복지원방지사업 안내
1) 한국장학재단 학자금대출금액과 교내/외 장학금을 모두 합하여 수업료를 초과할 경우, 중복지원학생에 해당
2) 한국장학재단 콜센터와 통화하여, 이중지원여부를 해소해야 함. (다음 학기 국가장학금 및 학자금대출여부에 영향)"
chemistry,2023학년도 2학기 한국장학재단 국가장학금 1차 신청 안내,N/A,2023.05.22,https://chem.ssu.ac.kr/%ea%b3%b5%ec%a7%80%ec%82%ac%ed%95%ad/?term_id&slug=3725,"2023학년도 2학기 한국장학재단 국가장학금 1차 신청과 관련하여 다음과 같이 안내합니다.
<세부안내>
1. 신청기간: 2023.05.23.(화) 9:00~06.22.(목) 18:00(총 31일간)
2. 서류 제출 및 가구원 동의 기간: 2023.05.23.(화) 9:00~06.29.(목) 18:00까지
3. 신청대상: 대한민국 국적 학부생
※ 국가장학금 미신청자는 교내장학금 및 재난장학금 지원 불가하므로 반드시 신청
4. 신청방법: 한국장학재단 홈페이지(www.kosaf.go.kr) 및 모바일 앱에서 신청
※ 국가장학금 신청 여부에 따라 교·내외 장학금 수혜가 어려울 수 있으니 소득구간과 관계없이 반드시 신청해 주시기 바랍니다.
※ 재학생은 1차 신청이 원칙입니다.
※ 학과는 개괄적인 안내만 하니 자세한 공지내용은 학교 홈페이지
▶SSU:catch ◀Clik
확인바랍니다."
chemistry,[2023-1 수학과 콜로퀴움 안내],N/A,2023.05.18,https://chem.ssu.ac.kr/%ea%b3%b5%ec%a7%80%ec%82%ac%ed%95%ad/?term_id&slug=3721,"[2023-1 수학과 콜로퀴움 안내]
– 제목: 시상하부 핵 뉴런의 수학적 모델-특성 활동 패턴 및 분기 분석
– 연사: 박중석 교수님(North Carolina A&T State University 수학과)
– 일시: 6월 1일(목) 오후 4시~5시
– 장소: 수학과 세미나실(베어드홀 423호)
– 신청: 펀시스템 ‘2023-1 수학과 콜로퀴움’
관심있는 학생들의 많은 참여 부탁드립니다."
chemistry,"2023-1학기 졸업예정자 대상 이수구분 변경, 다전공 포기 신청 안내 (2차)",N/A,2023.05.17,https://chem.ssu.ac.kr/%ea%b3%b5%ec%a7%80%ec%82%ac%ed%95%ad/?term_id&slug=3708,"※학과 홈페이지는 개괄적인 안내만 하오니 학교홈페이지 공지사한
▶ SSU:catch◀
확인하세요"
chemistry,2023-1학기 다전공(복수·부·융합 전공) 신청 기간 안내,N/A,2023.05.17,https://chem.ssu.ac.kr/%ea%b3%b5%ec%a7%80%ec%82%ac%ed%95%ad/?term_id&slug=3702,"※학과 홈페이지는 개괄적인 안내만 하오니 학교 공지사항
SSU:catch
에서 자세히 확인하시기 바랍니다."
chemistry,2023학년도 학부/대학원생을 위한 폭력예방교육 안내,N/A,2023.05.09,https://chem.ssu.ac.kr/%ea%b3%b5%ec%a7%80%ec%82%ac%ed%95%ad/?term_id&slug=3690,"「2023학년도 교내 폭력예방교육 실시」 에 따라 아래와 같이
2023학년도 학부/대학원생을 위한 폭력예방교육
을 아래와 같이 진행하오니 기간내에 이수하시기 바랍니다.
1.교육 개요
가. 과정: 2023학년도 학부/대학원생을 위한 폭력예방교육
나. 유형: 필수교육(법정의무교육)
다. 기간:
23.05.08.(월) ~ 23.07.21.(금)
라. 대상: 학부/대학원 재학생 (외국인 학생 포함)
마. 방식: 온라인 동영상 강의
바. 내용: 성희롱, 성폭력, 가정폭력, 인권, 성인지, 2차 피해
사. 출석: 차시에 상관없이 하나의 강의만 100% 시청 시 출석 인정
2. 교육 이수 방법
saint.ssu.ac.kr
로그인 -> LMS 바로가기(왼쪽 메뉴 영역 중간) -> 마이페이지(Learning)
-> 2023년 학부/대학원생을 위한 폭력예방교육에서 과목 홈 바로가 -> 주차학습 ->
언어별 강의 선택
3. 안내사항
가. 성적 조회 제한
1) 23.06.15.(목)까지 이수 시 성적조회 기간에 성적조회 가능
2) 23.06.16.(금)부터 성적조회 기간 내 이수 시 교육 이수 다음날 오후에 성적조회 가능"
chemistry,인공지능반도체 융합전공 모집안내,N/A,2023.05.08,https://chem.ssu.ac.kr/%ea%b3%b5%ec%a7%80%ec%82%ac%ed%95%ad/?term_id&slug=3684,
chemistry,화학과 졸업논문 제도 및 연구실 소개회 안내,N/A,2023.05.08,https://chem.ssu.ac.kr/%ea%b3%b5%ec%a7%80%ec%82%ac%ed%95%ad/?term_id&slug=3678,"♠ 졸업논문 제도 및 연구실 소개
대상: 3학년 재학생 필수 (3학년 외에 관심있는 학생 참여 가능)
일시: 5월 17일(수) 4시 30분
장소: 조만식기념관 209호
사전등록 링크:
https://forms.gle/t79oC45SP8WBYxNMA
※피자 등 간식 준비를 위해 사전등록을 받습니다. 이번주
금요일(12
일)
까지 가능합니다."
chemistry,2023-1학기 졸업예정자 대상 졸업관련 안내 (학사과정),N/A,2023.04.26,https://chem.ssu.ac.kr/%ea%b3%b5%ec%a7%80%ec%82%ac%ed%95%ad/?term_id&slug=3662,"※학과홈페이지는 개괄적이 안내만 하므로
학교 홈페이지 공지사항을 확인
[
확인하러가기:클릭
]
해주세요.
문의 : 학사팀 대표전화 02-820-0150/02-828-7403)"
chemistry,2023학년도 국가우수장학금(이공계) 신규장학생(성적우수 및 재학중우수자 유형) 신청 안내,N/A,2023.04.12,https://chem.ssu.ac.kr/%ea%b3%b5%ec%a7%80%ec%82%ac%ed%95%ad/?term_id&slug=3653,"학과 홈페이지는 개괄적인 안내만 합니다.  학교홈페이지 SSU:catch > 장학에서 해당 내용을 확인하시기 바랍니다.
1. 세부안내
가. 지원대상: 자연과학대학, 공과대학, IT대학, 융합특성화자유전공학부 재학생
장학금 유형
장학금액
추천인원
제출서류
평가방법
성적우수
4년간 등록금
전액
11명
지원서 및 학업계획서,
고교성적증명서
학업계획서 및
고교내신 또는
성적 평가
재학중우수
2년간 등록금
전액
12명
지원서 및 학업계획서
학업계획서 및
학업성적 평가
나. 학생 신청기간(학생→장학팀)
1) 성적우수 유형: 2023.04.17.(월) 17:00까지
바로가기
2) 재학중우수자 유형: 2023.04.24.(월) 17:00까지
바로가기
– 점심시간 12:20~13:20 및 토․일요일 접수 불가
2. 제출장소: 장학팀(미래관 106-1호)
※ 방문제출 또는 우편제출(서류가 미비한 경우, 탈락될 수 있음/ 기한내 도착분에 한함)
※ 우편주소: 06978 서울시 동작구 상도로 369 숭실대학교 미래관 106-1호 장학팀. 끝."
chemistry,2023학년도 학생 예비군 기본훈련 1차 계획 및 유고결석 처리 안내,N/A,2023.04.10,https://chem.ssu.ac.kr/%ea%b3%b5%ec%a7%80%ec%82%ac%ed%95%ad/?term_id&slug=3642,"2023학년도 학생 예비군 1차 기본훈련 계획 및 유고결석 처리 안내
1. 관련 근거 : 2023학년도 52사단 연간 예비군 교육계획
2. 위 관련 근거에 의거 2023학년도 학생 예비군 1차 기본훈련 계획 및 유고결석 처리 절차를
붙임과 같이 알려드리니 대학원 및 각 대학(학과) 학생들은 지정된 일자에 예비군 1차 기본훈련
에 참석 바랍니다.
※ 동원 보충 대대 훈련 대상는 학교에서 실시하는 5.2(화)~5.10(목) 참석 불가
붙임 : 2023학년도 학생 예비군 1차 기본훈련 계획 및 유고결석 처리 1부. 끝.
문의:  예비군 연대 02-820-0178~9"
chemistry,자연과학연구소 전문가 초청 세미나 안내,N/A,2023.04.10,https://chem.ssu.ac.kr/%ea%b3%b5%ec%a7%80%ec%82%ac%ed%95%ad/?term_id&slug=3635,"1.친환경화학소재주관(4월/ 5월달)
2.화학과 주관 (4월12일)
1) 날짜  : 4/12일 수요일
2) 시간 : 16:30~19:00
3) 장소 : 진리관 404호
4) 연사 : 경희대학교 응용화학과 강경태 교수님
5) 제목 :
Chemistry of Amyloids and Catechols"
chemistry,"인공지능반도체 융합전공생들, 싱가폴 국제학술대회 참가 및 NUS, NTU 방문",N/A,2023.03.14,https://chem.ssu.ac.kr/%ea%b3%b5%ec%a7%80%ec%82%ac%ed%95%ad/?term_id&slug=3581,
chemistry,차세대반도체학과 국외 학생연수(CES2024) 안내(기간연장),N/A,2023.03.10,https://chem.ssu.ac.kr/%ea%b3%b5%ec%a7%80%ec%82%ac%ed%95%ad/?term_id&slug=3575,"1.
행사 개요
1)
기간
￭
IT
연수 기간
: 2024
년
1
월
(CES
행사 포함
4
박
6
일 또는
5
박
7
일 예정
)
2)
내용
￭ 미국 라스베가스에서 개최되는
CES 2024
박람회 참관
(
https://www.ces.tech
)
￭ 실리콘 밸리 방문 예정
※
CES 2024
개요
 명칭
: Consumer Electronics Show (
국제전자제품박람회
)
 주관
:
미국
CTA (
소비자기술협회
, Consumer Technology Association)
 의의
: 1967
년 가전 박람회로 시작하였으나 현재는 최첨단 기술 트렌드를 선보이는
IT/
전자 종합 전시회로
그 의미가 확대
(MWC(
스페인
), IFA(
독일
)
와 더불어 세계
3
대
IT/
기술 박람회
)
3)
연수 대상
￭ 차세대반도체학과 다전공
(
마이크로디그리 이상
)
참여 중인 숭실대학교 재학생
2.
지원 내역
1)
사업단 지원 부분
￭ 연수 경비 중 학생 개인 연수 부담금
(
예정
)
을 제외한 경비 일체
2)
학생 부담 부분
￭ 개인 연수 부담금
(
전체 금액의
1/3 ~ 1/4
예정
)
￭ 여권
/
비자 발급 등의 개인 경비
3.
신청 자격
(
다음의 자격 요건을 모두 갖춘 자
)
￭
신청일 현재 차세대반도체학과 과목을
1
과목 이상 이수 예정자
(2023학년도 1학기까지)
￭ 신청일 현재 차세대반도체학과 다전공 신청자
(
마이크로디리그 포함
)
￭ 해외여행에 결격 사유가 없는 자
￭ 제외 대상
:
대학원생
,
미등록생
,
휴학생
,
입영 대기자 등
4. 2024
년 국제
IT
연수 프로그램 참가자 선발 주요 일정
￭ 2023년 3월 9일(목): CES 신청 공고
￭ 2023년 4월 23일(일): 신청 접수 마감 – 이메일 접수
￭ 2023년 5월 2일(화): 1차 서류 합격자 발표(합격자에 한해서 개별 연락)
￭ 2023년 5월 4일(목): 2차 면접 심사 (장소와 시간은 1차 합격자에게 추후 공지)
￭ 2023년 5월 초중순: 합격 후보자 발표 (개별 통보)
※ 합격 후보자들은 인원수에 따라 1차~3차까지의 사전 교육이 진행됨.
5.
학생 준비 사항
1) 1
차 서류 심사 준비
￭ 신청서
(
첨부파일 참조
)
￭ 성적증명서
(
열람용
)
￭ 개인 보고서
: CES2024
참가 계획서
※
CES2024
참가 계획서
–
기존
CES
관련 정보를 참고하여
CES 2024
에서 집중적으로 관람할 차세대반도체 관련 기술에 대한 현황과 전망에 대한
본인 의견과 국외
IT
연수에 참가하려는 이유에 대해 각각 반 페이지 분량으로 작성함
. (
첨부
HWP
파일 이용
)
–
보고서는 영문으로 작성하며 조사 자료를 단순 복사 조합하면 안 되고 조사한 자료를 바탕으로 순수한 본인의 의견을 작성
.
단순 복사 조합한 보고서를 제출한 경우와 분량을 지키지 않으면 탈락대상
.
–
보고서의 양식
(
줄 간격
,
폰트 크기
,
여백
)
을 변경하지 않고 그대로 사용
.
그림은 포함시키지 않음
.
￭ 영어 공인시험 성적표
(
해당자만
)
2) 2
차 면접 심사 준비
￭ 대상자
: 1
차 서류 심사 합격자에 한함
. 2
차 면접 전날까지 발표 자료는 행정팀에 제출
￭ 영어 발표 및 보고서 관련 질의응답 평가 준비
※ 내용
: CES
에서 집중적으로 관람할
“
차세대반도체와 관련한 기술
”
에 대한 발표
(powerpoint
자료
)
– CES 2024
참가 계획서
: 5
분
(
영어
)
–
발표 관련 질의응답
: 1
분
(
영어
/
우리말
)
–
발표 시 원고를 보고 읽는 것은 허용하지 않음
.
–
선택한 기술과 관련하여 수강한 과목과 앞으로 수강할 과목 설명 포함
.
6.
유의사항
1) 2
차 면접 후 선발된 합격 후보자는 사전 교육 및 발표에 성실히 임하고
,
일정 점수가 되어야 최종 합격됨
.
2) 4
학년 지원 시
,
취업 관련 이슈가 없어야 함
.
(
합격 후 취소 시 연수 계약에 따른 취소 수수료를 부담할 수 있음
).
3)
반드시 신청서 파일에 있는
FAQ
를 자세히 읽어본 후 신청하기를 바람
.
4)
기재 사항에 허위가 있거나 선정 후 타당한 이유 없이 본 연수에 참가하지 않을 경우
추후 차세대반도체 혁신공유대학에서 지원하는 모든 연수 대상에서 제외하며
,
기타 불이익을 받을 수 있음
.
7.
서류 제출 및 문의
숭실대학교 차세대반도체학과 행정팀
(02-829-8224~6 /
disu@ssu.ac.kr
)"
chemistry,2023학년도 1학기 유고결석 안내,N/A,2023.03.09,https://chem.ssu.ac.kr/%ea%b3%b5%ec%a7%80%ec%82%ac%ed%95%ad/?term_id&slug=3569,"2023학년도 1학기 유고결석 신청 방법에 대해 상세히 안내하니 반드시 참고하시어 유고결석을 신청하시기 바랍니다.
※학과홈페이지는 개괄적인 안내만 하므로
SSU:catch (◀클릭)
에서 세부내용을 확인하시기 바랍니다.
**
2022학년도 유고결석 증빙서류 허위(위조) 제출이 발각된 총 8명의 학생이 전원 학칙에 의거 징계
처리 되었습니다.
증빙서류 위조
는 교내 징계뿐만 아니라
형법상 공/사문서 위조죄 관련 규정에 따라 형사처벌 대상이 될 수 있는 범법행위
임을 유념하시기 바랍니다.
** 코로나 19  확진 관련 사항:
보건당국의 격리통지서(문자)가 있는 경우에만 유고결석 인정(문서 상 격리일자에 한함)
함
**코로나19 자가진단키트 검사 결과는 증빙서류로 인정되지 않으나, 다만
보건소 및 병원에서 검사를 받은 경우
(신속항원검사, PCR검사),
본인 이름 및 검사일자가 표기된 검사통지문자/카톡/서류를 제출할 경우 유고결석 승인 가능
합니다. (당일 검사지에 한해서 검사 결과 무관)
**백신접종은 유고결석 인정이 유지됩니다.
**
유고결석은 시스템 상 미리 신청 되지 않습니다. 결석 종료일 이후에 신청 가능합니다.
(ex-격리일자가 3/1(화)부터 3/7(월)까지일 경우,  3/7(월) 이후에 한번에 기간 설정, 과목 선택하여 신청하면 됨)
** 유의사항 :
파일 업로드 시
증빙서류가 미비
한 경우,
유고결석이 ‘거부’처리
될 수 있습니다.
신청학생은
신청 후 10일 내  ‘승인’여부를 꼭 확인바랍니다.
(신청경로에서 확인 가능)
**
코로나19 확진 자가신고는 LMS(
class.ssu.ac.kr
)에 접속하여 별도로 진행
하시기 바랍니다.(
관련 안내 바로가기
)
문의: 학생서비스팀(학생회관 406호) ☏ 02-820-0162"
chemistry,인공지능반도체 융합전공 신청안내,N/A,2023.03.09,https://chem.ssu.ac.kr/%ea%b3%b5%ec%a7%80%ec%82%ac%ed%95%ad/?term_id&slug=3552,"문의사항 : 인공지능반도체 융합전공
coco4019@ssu.ac.kr"
chemistry,2023학년도 이후 융합전공 운영 방식 변경,N/A,2023.03.08,https://chem.ssu.ac.kr/%ea%b3%b5%ec%a7%80%ec%82%ac%ed%95%ad/?term_id&slug=3540,"□
2023
학년도 융합전공 변경 사항
▶
Click
◀
2023학년도 1학기 융합전공 운영과 관련하여 다음과 같이 안내하오니, 융합전공 이수 계획 수립 및 수강신청에 참고하시기 바랍니다.
□
2023
학년도 융합전공 변경 사항
구분
내용
비고
①
융합필수
성적평가
• 상대평가로 전환
<2022학년도 제3차 융합전공운영위원회
의결사항> (2022.11.10)
②
융합필수
개발
/
개설
•
최소
3
개
(
기존
5
개 개설 의무
)
융합필수 교과목 신규 개발 필요
•
나머지
2
개
는 참여학과 전공선택과목 중 지정 가능
기존 전공 교과목을 활용
→
폐강을 방지하고
,
융합필수 교과목의
안정적인 개설 기대
→
단
,
융합전공 특성상 신규개발 교과목
운영 필요
(5
개
→
3
개 축소
)
③
융합전공
포기 시
융합필수
이수구분
• 융필과목 : 전공선택 인정 가능
– 신설과목 : 학생이 전공인정 가능학과
소속 시 전선 인정 (그 외 일선)
– 기존전공 : 학생소속 학과 개설은
전선 인정 (타과 개설은 일선)
①번 개편에 따른 포기 시 이수요건 변경
④
융합전공
폐지 및
참여학과
변경 절차
• 규정상 폐지기준 외 세부절차 마련
• 참여학과 변경절차 마련 (현재 부재)
•
운영위원회 통과 후 규정 개정 예정
□
(
참고
) 2023
학년도 융합전공 지원 계획
–
융합교육혁신팀
구분
내용
변경 사유
①예산지원
• 비교과프로그램, 학생간담회/상담 시
융합전공 예산 지원
대학혁신지원사업 재원 활용
②다전공
설명회
• 5월 중 다전공설명회 개최 예정
교무처 학사팀과 협업
③진로설계
자료제작/배포
• 학생상담 및 홍보를 위한 진로설계
자료제작/배포 예정
진로취업센터 협업 (취업자료 연계 예정)
융합필수 성적평가 방식 변경
구분
기존
(~2022
학년도
2
학기
)
변경
(2023
학년도
1
학기
~)
융합필수
성적평가
• 완화된 상대평가(절대평가)로 진행
• 상대평가로 전환
나. 변경 세부내용
1) 융합필수 교과목 이수학생 소속 학과(부) 및 융합전공 이수중 여부와 무관하게 상대평가로 성적평가 진행
– 2019학년도 제3차 융합전공운영위원회 결의사항에 따른 완화된 상대평가(절대평가) 적용 시효 종료(~2022학년도 2학기까지)
융합필수 교과목 개발 요건 변경
가. 전·후 비교표
구분
기존
(~2022
학년도
2
학기
)
변경
(2023
학년도
1
학기
~)
교과목 개설
개설 개수
교과목 개설
개설 개수
융합
필수
신규 개발
총 5개
신규 개발
3~5개
총 5개
참여학과
기존 전공
최대 2개
나. 변경 세부내용
1) 참여학과 기존 전공선택 교과목을 융합필수로 지정 가능하도록 변경(최대 2개)
– 융합필수 교과목 운영의 안정성 확보를 위함
– 최근 3개 학기(2021-2학기~2022-2학기) 융합필수 폐강율 평균 약 34.2%
→
해당 비율을 고려하여 전체
5
개 융합필수 교과목 중
2
개
(40%)
를 참여학과 기존 전공선택 교과목으로 지정 가능하도록 허용
다. 기타사항
1) 신규 개발한 융합필수를 폐지하고 기존 과목 중 지정하고자 할 시
→
참여학과 간 협의 후 교과과정 개편 신청을 통해 변경
※
교과과정 개편 신청 기간에
융합교육혁신팀
·
학사팀
에 공문 발송
2) 융합필수 교과목 수강대상 설정 시 전체 학년 융합전공 이수중학생 우선 설정 권고
– 융합전공 이수생의 수강 기회를 우선 보호하고, 특히 졸업을 앞둔 학생의 수강권을
보호하기 위해
수강대상에 전체 학년 융합전공 이수생 설정
– 단, 강의의 난의도를 고려하여 융합전공 교과과정 및 교과목별 강의계획서에서 이수 권고 학년을 안내
– 신규 개발한 융합필수 교과목을 대상으로 위와 같이 설정을 권고하며, 기존 전공과목 중 융합필수로 지정한 교과목의 경우 추후 재안내 예정
3-1
.
융합필수 교과목 개발 요건 변경에 따른 융합전공 미이수
(
포기
)
시 융합전공 과목 이수구분 인정
구분
기존
변경
교과목 개설
포기 시 이수구분
교과목 개설
포기 시 이수구분
융합
필수
신설과목
(5개 모두)
교양선택
*신설과목
학생이 전공인정 가능학과
소속 시 전공선택 인정
(그 외는 일반선택)
**기존
전공과목
학생소속
학과개설
전공선택
타 학과개설
***일반선택
융합
선택
기존
전공 교과목
학생소속
학과 개설
전공선택
<좌동>
학생소속
학과개설
전공선택
타 학과 개설
교양선택
타 학과개설
***일반선택
* 신설과목: 참여학과 전공 교과과정에 속하지 않고 융합전공을 위해 공동 개발된 교과목
** 기존 전공과목: 참여학과 전공 교과과정에 속하는 전공선택 교과목
*** 단, 해당 과목이 학과 간 ‘소속학과 외 전공선택 학점 인정 과목’으로 지정된 경우에는 전공선택으로 인정 가능
학칙시행세칙 제44조의2(융합전공 이수학점 및 졸업인정 등)
③ 융합전공 이수를 승인 받지 않았거나 포기하는 경우 이수한 융합전공 교과목은 교양선택으로 인정한다. 다만, 소속 학과(부)에서 개설한 융합전공선택 교과목은 소속 학과(부) 교과과정의 이수구분을 따른다.
3-2.
융합필수 교과목 수강 시기에 따른 융합전공 이수 포기 학생의 융합전공 과목 이수구분 적용
융합필수 교과목 수강시기
교과목 개설학과
비고
소속 학과
타 학과
2019-2학기 이전
전공선택
융합전공 참여학과
소속 학생인 경우에 한함
2020-1~2022-2
학기
전공선택
교양선택
융합전공 참여학과 소속 학생이
융합전공 이수를
중도에 포기할 경우
에 한함
2023-1
학기
이후
신설 교과목
일반선택
기존 전공 교과목
전공선택
(당초 이수구분 적용)
※ 마지막 학기에 학생이 직접 이수구분 변경 신청하여 이수구분 변경 적용
※ 미이수 학생은 이수 시기에 따라 교양선택/일반선택으로 적용
※융합전공 관련 문의사항 :  융합교육혁신팀(02-828-7440)"
chemistry,2023학년도 1학기 국가장학금 신청자 가구원 동의 안내,N/A,2023.03.08,https://chem.ssu.ac.kr/%ea%b3%b5%ec%a7%80%ec%82%ac%ed%95%ad/?term_id&slug=3538,"2023학년도 1학기 국가장학금 가구원 동의 관련하여 다음과 같이 안내합니다.
※ 2023학년도 1학기 국가장학금 가구원 동의 미완료자 대상 안내입니다.
※
가구원 동의 절차 미완료 시 국가장학금 지원이 불가하며,
장학규정에 따라 교내장학금 지원도 불가하니 기한 내에 완료하여 주시기 바랍니다.
세부안내는  학교 홈페이지
공지사항 – SSU:catch
◀ 클릭 확인하시기 바랍니다.
1. 가구원 정보제공 동의 기간: 2023.03.22.(수) 18:00 까지(온·오프라인 동일)
구분
영향
기한 내 가족관계 확인 및
가구원 정보제공동의를 하지 않을 경우
지원구간 산정이 지연되거나 불가할 수 있음(또한, 최신화 신청도 불가할 수 있음)
* 최신화 신청: 지원구간 산정 결과에 대해 이의 또는 최신화 사유가 있는 경우, 재단 홈페이지(모바일 앱 포함)를 통해 최신화 신청
재외국민 특별전형 입학자, 주민등록코드 상재외국민(가구원 중 1인 이상)
또는  학생 또는가구원(형제·자매 포함)이 재외국민 특별전형으로 입학하여
국외 소득·재산 신고 대상자로 선정된 이력이 있는 경우(당해 학기 포함)
기한 내 가족관계 확인 및 가구원 정보제공 동의를 하지 않으면, 국외 소득․재산 신고 대상자로 선정되지 않아 지원구간 산정 불가
2. 동의대상 가구원 범위
– 미혼: 학생의 부·모 모두
– 기혼: 학생의 배우자
※ 학생 본인이 기초·차상위계층 자격인 경우, 가구원 정보제공동의 생략 가능
※ 가구원 부양관계 단절 등 동의 불가 시, 제외 심사를 통해 동의대상 가구원 제외 가능
3. 방법
– 온라인: 홈페이지(www.kosaf.go.kr) 또는 모바일 앱 접속 → 가구원(부․모 또는 배우자)의 전자서명 동의
– 오프라인: 입원․고령․농어촌거주․장애 등 온라인 동의 불가 시, 상담센터 문의(1599-2000) 하여 오프라인 동의 진행
※ 자세한 사항은 첨부파일(가구원 정보제공 동의 상세절차) 참조
4. 문의처: 한국장학재단 콜센터 1599-2000"
chemistry,"2023-1학기  졸업논문 3,4학년 대상자 확인명단(학부/03.06 기준)",N/A,2023.03.07,https://chem.ssu.ac.kr/%ea%b3%b5%ec%a7%80%ec%82%ac%ed%95%ad/?term_id&slug=3527,"2023-1 학기 졸업논문 관련 공지사항입니다.
<
4학년 지도교수 미배정 학부생>
2023-1학기 4학년 졸업논문
대상
자 명단을 확인하시어  졸업논문 지도교수 미배정 학생 아래 내용을 참고하여
3/8(수)
까지 신청해주시기 바랍니다. 졸업논문일정에 차질이 없도록 기한내에 제출해주시기 바랍니다.
1).  지도교수 신청 방법:
첨부 파일(양식1. 졸업논문신청서) 양식을 작성하여 chem@ssu.ac.kr로 제출
※ 화학과 홈페이지의
졸업논문 자료실
에
양식
(1~7)
이 올려져 있음.
2).  신청 기한:
3/8(수) 오후 5시
※
23-1학기 졸업논문 대상자의 명단을 첨부합니다.
논문연구 1을 수강하지 않는 학생은 노란색으로 하이라이트가 쳐져 있습니다.ㅤ
첨부하는 파일을 확인하시고 이전에 올려드린 일정에 따라 논문 연구를 진행해주세요.
지도교수 확인 후 정정사항이 있으면 chem@ssu.ac.kr로 문의 주시기 바랍니다.
(학번, 이름, 연락처, 정정내용 기재)
감사합니다.
※
해당 파일에는 개인정보(이름, 학번 등)가 포함되어있습니다. 개인정보 유출에 주의해주세요.
※"
chemistry,★2023-1 학기 졸업논문 일정(업데이트_3.24)★,N/A,2023.03.07,https://chem.ssu.ac.kr/%ea%b3%b5%ec%a7%80%ec%82%ac%ed%95%ad/?term_id&slug=3530,"2023학년도 졸업논문제도 안내입니다.  논문 진행에 참고하시기 바랍니다.
숭실대 화학과
2023
학년도 학부 졸업논문 제도
2023.03.07
[1] 일정
※ 화학과 홈페이지의
졸업논문 자료실
에
양식
(1~7)
이 올려져 있음.
[2]
졸업 학기를 고려한 일정
■
2023
년
8
월 졸업예정자
(1) 논문 포스터 발표
– 제출기한:
2023년 5월 8일 오후 5:00 까지
– 제출방법:
15
분 이내 발표 동영상 파일을 학과조교 메일(chem@ssu.ac.kr)로 제출(메일제목: 23-1포스터발표-학번-이름)
– 제출파일: mp4영상, ppt파일(파일명: 23-1포스터발표-학번-이름.mp4, 23-1포스터발표-학번-이름.ppt)
– 발표형식:온라인(유튜브)영상 게시(비대면발표)*첫페이지 본인사진 첨부 필수
※Zoom의 개인회의실을 열고,화면공유 녹화방식을 추천
※참고 발표영상
:   [SSU] 화학과 졸업포스터 발표
https://www.youtube.com/channel/UCpG3i60X8g_v1RTR3vNo-Mg
(2) 최종 졸업논문 :
2023년 5월 26일.(금) 오후 5:00까지
– 제출방법 : 학과조교 메일(chem@ssu.ac.kr)로 제출(메일제목: 23-1최종보고서-학번-이름)
– 제출파일: PDF파일(파일명: 23-1_최종보고서_학번_이름.pdf)
※[
양식6
]
졸업논문보고서
.hwp
*한글파일 제출하지 말것!
■
2024
년
2
월 졸업예정자
(1) 논문계획서 제출
– 제출기한:
2023년 3월 31일(금) 오후 5:00 까지
– 제출방법: 학과조교 메일(chem@ssu.ac.kr)로 제출(메일제목: 23-1논문계획서-학번-이름)
– 제출파일: PDF파일(파일명: 23-1_졸업논문계획서_학번_이름.pdf)
※[
양식
2]
졸업논문계획서
.hwp
(2) 중간 보고서 제출
– 제출기한: :
2023년 5월 26일(금) 오후 5:00 까지
– 제출방법: PDF파일(파일명: 23-1_중간보고서_학번_이름.pdf)
※[
양식6
]
졸업논문보고서
.hwp
*한글파일 제출하지 말것!
※ 위 일정은 상황에 따라 변경될 수 있습니다.
※ 변경사항은 미리 공지됩니다.
문의: chem@ssu.ac.kr / 02-820-0430"
chemistry,2023학년도 1학기 교내장학금 신청 2차,N/A,2023.03.03,https://chem.ssu.ac.kr/%ea%b3%b5%ec%a7%80%ec%82%ac%ed%95%ad/?term_id&slug=3521,"1. 교내장학금 자격요건
가. 2023학년도 1학기 국가장학금 신청(2023. 03. 15까지 신청 가능) 및 서류제출을 완료하고 소득분위가 조회된 자 (국가장학금 지급 대상 분위의 경우 심사가 완료된 자)
나. 2023학년도 1학기 재학 학생으로 등록금 납부 예정인 자
1) 2023학년도 1학기 前 등록휴학 후 복학시 장학생 선발대상에서 제외
2) 미등록, 입학취소, 복학취소, 휴학 등 학적변동 시 모든 장학금 취소
다. 직전학기 15학점 이상 이수한 자(최종 직전학기는 12학점)
라. 정규 등록학기가 8학기 이내인 자(건축학부 건축학전공은 10학기 이내)
2. 신청절차
가. 온라인 신청기간 및 서류제출기간 : 2023년 3월 2일(목) 10:00~3월 15일(금) 17:30(2주간)
나. 학생 신청방법: u-SAINT포털 – 등록/장학 – 장학메뉴 – 장학금 신청
다. 학생 서류제출: 온라인 신청기간 내 방문 및 등기우편제출 가능(세부내용 붙임 파일 참조)
※ 단, 고시장학금의 경우 등기우편 불가
자세한 사항은
숭실대학교 홈페이지 공지사항
◀클릭
시 이동합니다."
chemistry,2023년 화학물질 안전관리 전문인력 양성사업,N/A,2023.02.24,https://chem.ssu.ac.kr/%ea%b3%b5%ec%a7%80%ec%82%ac%ed%95%ad/?term_id&slug=3515,
chemistry,차세대반도체 다전공 설명회 안내,N/A,2023.02.23,https://chem.ssu.ac.kr/%ea%b3%b5%ec%a7%80%ec%82%ac%ed%95%ad/?term_id&slug=3513,"숭실대학교 차세대반도체학과에서 아래와 같이
[혁신공유대학 차세대반도체학과 차세대반도체 다전공 설명회]를 개최하오니 많은 관심과 참여 부탁드립니다.
→ 다전공설명회 접수 링크 :
https://forms.gle/E1r21EPS31tayFzS6"
chemistry,2023학년도 1학기 ‘숭실평화통일스쿨’ 일정 안내,N/A,2023.02.21,https://chem.ssu.ac.kr/%ea%b3%b5%ec%a7%80%ec%82%ac%ed%95%ad/?term_id&slug=3509,"2023학년도 1학기 ‘숭실평화통일스쿨’ 의 확정 일정을 안내 드립니다.
1.  2023학년도 1학기 ‘숭실평화통일스쿨’ 운영 일정
차수
일정
대학
학과(부)
예정인원
비고
1
03.08~03.10
공과대학
전기공학부
116
145
공과대학
건축학부(실내건축전공)
29
2
03.15~03.17
–
융합특성화자유전공학부
81
161
IT대학
소프트웨어학부
80
3
03.22~03.24
IT대학
전자정보공학부
104
146
자연과학대학
정보통계‧보험수리학과
41
4
03.29~03.31
IT대학
전자정보공학부
104
149
자연과학대학
물리학과
45
5
04.05~04.07
공과대학
기계공학부
98
153
자연과학대학
화학과
45
6
04.26~04.28
공과대학
산업정보시스템공학과
97
149
자연과학대학
의생명시스템학부
52
7
05.10~05.12
공과대학
신소재공학과
94
154
공과대학
건축학부(건축학, 건축공학전공)
60
8
05.17~05.19
IT대학
AI 융합학부
80
160
IT대학
컴퓨터학부
80
9
05.24~05.26
공과대학
화학공학과
113
151
자연과학대학
수학과
38
IT대학
글로벌미디어학부
86
10
05.31~06.02
150
기타(고학년 및 재수강)
64
계
1,507명
2. 유의사항
가. 2019학년도부터 신입생에 한해서 자동수강신청
나. 외국인 유학생 대상 별도 프로그램 없음
다. 2학기 일정(안)은 8월 중 세부 조정 예정"
chemistry,2022학년도 교직이수 선발자 안내,N/A,2023.02.15,https://chem.ssu.ac.kr/%ea%b3%b5%ec%a7%80%ec%82%ac%ed%95%ad/?term_id&slug=3507,"2022학년도 화학과 교직이수 선발자 안내드립니다.
20200345
20210325
총 2명입니다. 해당 학번 학생은 2022학년도 교직이수 과정에 선발되었음을 알려드립니다.
관련 문의사항은 교직팀(02-828-7404)로 연락바랍니다"
chemistry,2023-1학기 백마장학금 관한 안내,N/A,2023.02.15,https://chem.ssu.ac.kr/%ea%b3%b5%ec%a7%80%ec%82%ac%ed%95%ad/?term_id&slug=3503,"23-1학기 백마장학금 자격 요건 안내해드립니다.  학생들은
2월 9일 u-SAINT를 통해 확인
할 수 있습니다.
※학과홈페이지는 개괄적이 안내만 하므로
학교 홈페이지 공지사항을 확인
[
확인하러가기:클릭
]
해주세요.
장학생 선발 희망자는 반드시 국가장학금을 먼저 신청하여야합니다.
현재 미신청자 중 선발되는 경우 2차에 신청해야 하며 또 최종 미신청 시 취소, 탈락 처리 되므로 2차 국가장학금을 신청 하시기 바랍니다.
※문의: 학생처 장학팀 (
02-820-0167)"
chemistry,2023학년도 1학기 학과근로 장학생 신청 안내,N/A,2023.02.01,https://chem.ssu.ac.kr/%ea%b3%b5%ec%a7%80%ec%82%ac%ed%95%ad/?term_id&slug=3489,"♠ 2023학년도 1학기 학과근로 장학생 신청 안내♠
1. 학과근로장학생 자격 및 선발기준
1) 2023학년도 1학기 국가장학금을 1차 신청하고 소득분위가 8분위 이내인 자
2) 2023학년도 1학기 재학 및 복학예정자(등록대체자 불가)
3) 2023학년도 1학기 기준 이수학기가 2~7학기인 학생
4) 예산사항
가. 시간당 장학금액을 9,620원으로 책정
장학금명
시간당
장학금액
총 근로시간(학기)
1인당
장학금액(원)
인원(명)
합계(원)
학과근로A
9,620원
10시간*20주=200시간
1,924,000
202
388,648,000
학과근로B
9,620원
5시간*20주=100시간
962,000
0
0
총계
202
388,648,000
나. 학과근로 A유형을 기준으로 배정하며,
학과별로 A:B=1:2 비율로 조정 가능
다. 재원: 교내장학금_학부 / 기타장학
라. 지급일정: 매월 셋째주 금요일
2. 신청 방법
1) u-SAINT포털→등록/장학→근로장학금 신청→지원서 출력/제출
3.
온라인신청 및 서류제출기간: 2023년 2/1(수) 10:00 ~ 2/10(금) 17:00
4. 제출 서류 : 지원서 (u-SAINT 출력본,
본인서명 필수
)
5. 제출 장소 : 교내근로(장학팀) / 학과근로(화학과사무실, 베어드홀 301호)"
chemistry,2022-겨울방학 학사경고자 및 위험군 대상 상담프로그램 실시 안내,N/A,2023.01.20,https://chem.ssu.ac.kr/%ea%b3%b5%ec%a7%80%ec%82%ac%ed%95%ad/?term_id&slug=3483,"2022-
겨울방학 학사경고자 및 학사경고위험군 대상
상담 프로그램 안내
1. 상담 프로그램 개요
– 목적:
학사경고자
(평점평균 1.5미만)와
학사경고위험군
(평점평균 1.5이상 2.0미만)의 학습동기 제고 및 성적 향상
– 상담대상:
구분
대상
상담 참여시 혜택
학사경고자
‘22-2학기 학사경고자
수강신청 학점제한 해제(15 → 19학점)
이전 학사경고자 중 ‘23-1학기 복학 대상
학사경고위험군
‘22-2학기 학사경고 위험군
이전 학사경고위험군 중 ‘23-1학기 복학 대상
–  상담 프로그램 운영 학과 및 부서
1차 학과상담: 진로지도교수 (유학생은 국제처)
2차 전문상담: 교수학습혁신센터, 상담센터
–  상담 프로그램 운영기간
구분
1
차
, 2
차 상담
수강신청 학점제한 해제
정규
‘23. 1.11.(수) ~ 2. 1.(수) 16:00
‘23. 2. 3.(금) 16:00
추가
‘23. 2. 2.(목) ~ 2.24.(금) 16:00
‘23. 2.28.(화) 16:00
2.  참여방법
– 상담 절차
구분
학사경고자
학사경고위험군
설문응답
u-SAINT → 학사관리 → 성적/졸업 → 학기별 성적조회 → 팝업 설문지 응답
해당없음
1차학과 상담
학과 또는 국제팀(외국인유학생)에서 개별연락 예정. 별도 연락 없을 경우,학생이 직접 소속학과 또는 국제팀에 문의하기 바람.
해당없음
2차전문부서 상담
아래 전문상담 프로그램 세부내용 확인 후
학생이 개별 신청
.
※참고: 수강신청 학점제한 해제 위한 상담프로그램 의무이수 횟수
– 학사경고 1회 → 상담프로그램 1회 이수
– 학사경고 2회 → 상담프로그램 2회 이수
자율 참여
–  전문상담 프로그램 세부내용
전문상담 프로그램
(
주관부서
)
세부 내용
1
대
1
학습코칭
(
교수학습혁신센터
)
프로그램 구성: 학생이 2개의 학습검사(U&I학습진로종합검사 + MLST-Ⅱ학습전략검사)를 수행하고,전문가가 검사 결과를 바탕으로 1대1 학습코칭을 수행하여 학생 맞춤형 진로설정과 학습전략 수립을 지원
학생신청방법: FUN시스템 상담·코칭
(https://fun.ssu.ac.kr/ko/coaching/coaching/43)
코칭 진행: 대면 또는 온라인 ZOOM 활용
※ 2.10.(금)에 종료
.
WAKE UP
워크숍
(
교수학습혁신센터
)
프로그램 구성: 학생이 MLST-Ⅱ학습전략검사를 수행하고, 온라인 WAKE UP 워크숍에 참가하여,학생 스스로 자기성장보고서 작성을 하면서 주도적으로 학습계획을 설정하고,
시간관리를 통해 달성해 나갈 수 있도록 체계적으로 지원
학생신청방법: FUN시스템
(https://fun.ssu.ac.kr/ko/program/all/view/3146)
워크숍 진행: 온라인 워크숍(스마트캠퍼스)
※ 2.10.(금)에 종료
.
마인드 케어 심리검사 및 상담
(
상담
·
인권센터
)
프로그램 구성: 학생이
온라인 심리검사
를 수행하여 학업부진 요인을 점검하고,심리상담 전문가가 검사결과를 확인하여 불안 및 우울증세가 심할 경우 심층 상담을 진행
학생신청방법: FUN시스템
(https://fun.ssu.ac.kr/ko/program/all/view/3116)
상담 진행: 온라인 검사 실시 후 이메일로 결과 안내(불안 및 우울 위험군은 별도 상담 진행)"
chemistry,2023학년도 1학기 대학원 종합시험 실시 안내,N/A,2023.01.20,https://chem.ssu.ac.kr/%ea%b3%b5%ec%a7%80%ec%82%ac%ed%95%ad/?term_id&slug=3481,"학칙시행세칙(대학원) 제3장(자격시험)에 의거하여
2023학년도 1학기 대학원 종합시험
을 아래와 같이 안내하니, 각 학과에서는 신청자격에 해당하는 학생들이 응시할 수 있도록 공지하여 주시기 바랍니다.
종합시험 신청에 대한 안내사항을 전달받지 못해 시험에 응시하지 못하는 사례가 빈번히 발생하므로
각 학과에서는 소속 학생들에게 전화, SMS 등을 통해
적극적으로 안내
하여 주시기 바랍니다.
1. 신청기간 :
2023년 2월 6일(월) 10:00 ~ 2월 8일(수) (3일간)
※ 신청기간 이후 추가 신청은 불가하며, 위의 기간 내에 신청
2. 신청방법 :
u-SAINT 로그인 → 성적/졸업 → 외국어 및 종합시험 신청
※ 시험과목은 “전공종합” 선택
3. 응시자격
가. 석사과정 : 18학점 이상 취득하고 3학기 이상 등록을 필한 재학생 및 수료생
나. 박사과정 : 27학점 이상 취득하고 3학기 이상 등록을 필한 재학생 및 수료생
다. 학·석사 연계과정 : 18학점 이상 취득하고 2학기 이상 등록을 필한 재학생 및 수료생
라. 석·박사 통합과정 : 45학점 이상 취득하고 6학기 이상 등록을 필한 재학생 및 수료생
4. 시험일시 :
2023년 3월 4일(토) 09:30~
5. 실시방법 :
각 학과 별로 주관하여 시행
6. 응시료 납부
가. 납부기간 :
2023년 2월 13일(월) ~ 14일(화) 09:00~16:00
※ 납부기간 이후 추가납부 불가
나. 응시료
1) 석사과정 : 20,000원
2) 박사과정 및 석·박사통합과정 : 30,000원
다. 납부방법 : 응시료 납부기간에 u-SAINT에서 고지서 출력 후 개인별 가상계좌 입금
※ u-SAINT 로그인 → 등록/장학 → 기타납부금 고지서 출력
※ 기타납부금 고지서는 납부 당일 확인 가능
7. 종합시험 학과별 실시 결과보고서 제출 :
2023년 3월 7일(화) 까지
8. 합격자발표 :
2023년 3월 15일(수) 예정
9. 유의사항
가. 종합시험은 대학원 과정 학위 취득을 위한 자격시험으로, 종합시험 합격자에 한해 학위
논문제출이 가능함.
나. 휴학생은 지원 불가하며, 시험에 응시하였으나 결과발표 전에 휴학한 경우 평가대상에서 제외되며 응시료 반환 불가함.
다. 석·박사통합과정생의 경우 석사과정 중 합격한 자격시험은 인정하지 않음.
라. 시험 신청 후 응시료를 납부하지 않은 경우 시험 신청이 자동 취소됨.
마. 응시료 납부기간 이후 환불신청 불가함.
바. 외국인유학생의 경우 종합시험과 별개로 논문공개발표 전 아래 중 한 가지를 완료해야 함.
① 유효한 TOPIK 4급 이상 성적증명서 제출
② 연구실적을 근거로 주임교수 명의의 TOPIK 면제 추천서를 공문제출 (추천서 양식 관련 링크 :
양식자료실 | 일반대학원 (ssu.ac.kr)
).  끝."
chemistry,[발전기금팀] 1:1커넥팅 캠페인 관련 홍보,N/A,2023.01.04,https://chem.ssu.ac.kr/%ea%b3%b5%ec%a7%80%ec%82%ac%ed%95%ad/?term_id&slug=3451,"[일대일 커넥팅 캠페인]
도움이 필요한 숭실대학교 재학생과
도움을 주고자 하는 후원자를
일대일로 매칭하는 캠페인입니다.
도움이 필요한 학생은 아래의 방법으로 신청해주세요
*접수기간: ~ 2023.01.13.(금)
*참가자격: 본교 재학생 누구나
*참가방법:
https://fund.ssu.ac.kr/fro_end/html/dep_03/3500.php
*문의: 발전기금팀 02-820-0309"
chemistry,2023학년도 1학기 농촌출신대학생 학자금융자 시행 안내,N/A,2023.01.02,https://chem.ssu.ac.kr/%ea%b3%b5%ec%a7%80%ec%82%ac%ed%95%ad/?term_id&slug=3449,"2023학년도 1학기 농촌출신대학생 학자금융자(무이자) 지원 안내 입니다.
학교 홈페이지 공지사항 참조 :
바로가기"
chemistry,[차세대반도체학과 옥가영] 2022학년도 동계 단기강좌,N/A,2022.12.27,https://chem.ssu.ac.kr/%ea%b3%b5%ec%a7%80%ec%82%ac%ed%95%ad/?term_id&slug=3441,
chemistry,2023학년도 편입학 필답고사 중 학생회실 및 동아리방 출입 자제,N/A,2022.12.22,https://chem.ssu.ac.kr/%ea%b3%b5%ec%a7%80%ec%82%ac%ed%95%ad/?term_id&slug=3439,"2023학년도 편입학 필답고사가 진행 예정인 건물에 위치한 학생회실 및 동아리방 등 관련 시설의 학생 출입 자제를 요청하오니
협조하여 주시기 바랍니다.
♠ 출입 자제 요청 기간:
2023.01.05.(목) 14:00 ~ 2023.01.07.(금) 16:00
※ 고사건물 내 사무실 근로학생은 출입 가능
♠  통제 건물
사용 교시
건물명
1교시 ~ 2교시 (9:00 ~ 15:00)
미래관
(농구장 포함)
조만식기념관
진리관
교육관
(격리고사장)
1교시 (9:00 ~ 11:00)
형남공학관
숭덕경상관"
chemistry,[인공지능반도체 융합 인재 양성사업] 해외 학술대회 신청 안내,N/A,2022.12.20,https://chem.ssu.ac.kr/%ea%b3%b5%ec%a7%80%ec%82%ac%ed%95%ad/?term_id&slug=3431,
chemistry,기초과학융합연구소 2022학년도 학부생 동계인턴십 모집,N/A,2022.12.12,https://chem.ssu.ac.kr/%ea%b3%b5%ec%a7%80%ec%82%ac%ed%95%ad/?term_id&slug=3408,"•모집대상: 학부 재학생
•장려금액: 60만원
•제출기한: 22년 12월 16일(금)까지
•연수기간: 23년 1월 1일~23년 2월 28일
•결과보고서 제출: 23년 2월 중순
•우수 결과보고서 시상식: 23년 3월 초
링크:
https://iibs.ssu.ac.kr/%ea%b2%8c%ec%8b%9c%ed%8c%90/%ea%b3%b5%ec%a7%80%ec%82%ac%ed%95%ad/?slug=4767
문의: 기초과학융합연구소 최효아 Tel) 82-2-820-0818"
chemistry,2022 하반기 유베이스 신입사원 모집,N/A,2022.12.07,https://chem.ssu.ac.kr/%ea%b3%b5%ec%a7%80%ec%82%ac%ed%95%ad/?term_id&slug=3404,
chemistry,현대자동차 H-Mobility Class 교육생 모집 [~12/12(월)],N/A,2022.12.07,https://chem.ssu.ac.kr/%ea%b3%b5%ec%a7%80%ec%82%ac%ed%95%ad/?term_id&slug=3397,"■
지원방법
:
www.hyundai-scholar.com
온라인 지원
※ 홈페이지 상단의 지원하기 Tab 지원서 작성 클릭"
chemistry,2023년도 상반기 디캠프 인턴 채용 (제 10기) 채용공고 안내,N/A,2022.12.07,https://chem.ssu.ac.kr/%ea%b3%b5%ec%a7%80%ec%82%ac%ed%95%ad/?term_id&slug=3394,"공고명
2023년도 상반기 디캠프 인턴 채용 (제 10기)
공고접수기간
2022.11.30(수) 00:00 ~ 2022.12.12(월) 23:59
공고 URL
https://dcamp.recruiter.co.kr/app/jobnotice/list"
chemistry,현대오토에버 채용연계형 인턴 모집,N/A,2022.12.07,https://chem.ssu.ac.kr/%ea%b3%b5%ec%a7%80%ec%82%ac%ed%95%ad/?term_id&slug=3392,"1. 공고명 : 현대오토에버 채용연계형 인턴 모집
2. 요청사항 : 사이트 內 채용공고(이미지파일) 게시
3. 게시기간 : 2022.11.30(수) ~ 2022.12.13(화), 14:00
4. 비고
– 채용공고 URL :
https://hyundai-autoever.recruiter.co.kr/app/jobnotice/view?systemKindCode=MRS2&jobnoticeSn=124211"
chemistry,코스테크㈜ 2023 정규직 공채 채용공고,N/A,2022.12.02,https://chem.ssu.ac.kr/%ea%b3%b5%ec%a7%80%ec%82%ac%ed%95%ad/?term_id&slug=3376,"~ 12.19 (일) 까지 접수 받으며
12.26 (월) 면접 예정
23.1.2(월) 입사 예정입니다.
신입사원 급여 대졸기준 3,850 만원
면접비 지급
https://kostech.recruiter.co.kr/"
chemistry,2023학년도 1학기 교내장학금 신청 시행 안내,N/A,2022.11.28,https://chem.ssu.ac.kr/%ea%b3%b5%ec%a7%80%ec%82%ac%ed%95%ad/?term_id&slug=3362,"1. 교내장학금 자격요건
가. 2023학년도 1학기 국가장학금 신청(2022.12.29까지 신청 가능) 및 서류제출을 완료하고 소득분위가 조회된 자 (국가장학금 지급 대상 분위의 경우 심사가 완료된 자)
나. 2023학년도 1학기 재학 및 복학(예정)자로 등록금 납부 예정인 자
1) 2023학년도 1학기 前 등록휴학 후 복학시 장학생 선발대상에서 제외
2) 미등록, 입학취소, 복학취소, 휴학 등 학적변동 시 모든 장학금 취소
다. 직전학기 15학점 이상 이수한 자(최종 직전학기는 12학점)
라. 정규등록학기가 8학기 이내인 자(건축학부 건축학전공은 10학기 이내)
2. 신청절차
가. 온라인 신청기간 및 서류제출기간 : 2022년 11월 28일(월) 09:00~2023년 1월 11일(수) 17:00(약 6주간)
나. 학생 신청방법: u-SAINT포털 – 등록/장학 – 장학메뉴 – 장학금 신청
다. 학생 서류제출: 온라인 신청기간 내 방문 및 등기우편제출 가능(세부내용 붙임 파일 참조)
※ 단, 전문자격시험합격자장학금의 경우 등기우편 불가
자세한 사항은
숭실대학교 홈페이지 공지사항
클릭 시 이동합니다."
chemistry,우신라보타치 인크루트,N/A,2022.11.28,https://chem.ssu.ac.kr/%ea%b3%b5%ec%a7%80%ec%82%ac%ed%95%ad/?term_id&slug=3350,
chemistry,2022-2학기 친환경화학소재 콜로퀴엄 세미나,N/A,2022.11.25,https://chem.ssu.ac.kr/%ea%b3%b5%ec%a7%80%ec%82%ac%ed%95%ad/?term_id&slug=3345,"세미나
주제
: PET
플라스틱의
효소분해와
실용화
전략
연사
:
경북대
김경진교수님
일시
: 11
월
29
일
오후
6
시
줌링크
:
https://ssu-ac-kr.zoom.us/j/81376206527?pwd=dmxVeTlBYTZVS2dUYTNicWZMOHRvUT09
(Meeting ID: 813 7620 6527)
비밀번호
없음
관련 연구의 논문 목록입니다.
Structural insight into molecular mechanism of poly(ethylene terephthalate) degradation
, Nature communications, 2018
Rational protein engineering for thermo-stable PETase from Ideonella sakaiensis for highly efficient PET degradation
, ACS catalysis, 2019
Decomposition of the PET film by MHETase using exo-PETase function
, ACS catalysis, 2020
Structural bioinformatics-based protein engineering of thermos-stable PETase from Ideonella sakaiensis
, Enzyme and Microbial Technology, 2020
Implicaitons for the PET decomposition mechanism through similarity and dissimilarity between PETases from Rhizobacter gummiphilus and Ideonella sakaiensis
, Journal of Hazardous Materials, 2021
Structural and functional characterization of an auxiliary domain-containing PET hydrolyase from Burkholderiales bacterium
, Journal of Hazardous Materials, 2022"
chemistry,2023학년도 1학기 한국장학재단 국가장학금 1차 신청 안내,N/A,2022.11.24,https://chem.ssu.ac.kr/%ea%b3%b5%ec%a7%80%ec%82%ac%ed%95%ad/?term_id&slug=3339,"2023학년도 1학기 국가장학금 1차 신청안내입니다.
<세부안내>
가. 신청기간: 2022.11.24.(목) 9:00~2022.12.29.(목) 18:00(총 36일간)
나. 서류 제출 및 가구원 동의 기간: 2022.11.24.(목)~2023.01.05.(목) 18:00까지
다. 신청대상: 대한민국 국적 학부생
라. 신청방법: 한국장학재단 홈페이지(www.kosaf.go.kr) 및 모바일 앱에서 신청
자세한 사항은 학교 홈페이지 공지사항 참조 ↓
공지사항 – SSU:catch"
chemistry,[연계전공안내]차세대반도체학과 연계전공 세부분야형 이수요건 변경 공지,N/A,2022.11.23,https://chem.ssu.ac.kr/%ea%b3%b5%ec%a7%80%ec%82%ac%ed%95%ad/?term_id&slug=3337,"1. 연계전공
차세대반도체학과 연계전공에 참여하는 학과의 소속 학생은 차세대반도체학과
개설 교과 21학점 이상과 본인 소속학과 지정 교과 21학점을 이수하여 요건을
충족하는 경우 연계전공의 이수를 인정함
※ 연계전공 참여학과는 물리학과, 화학과로 타학과로 지속적 확대 예정
2.이수요건 변경 내용
3. 소속학과 지정 과목
물리학과
현대물리
,
파동과 스펙트럼
,
양자역학
1,
통계물리
1,
전자소재물리
,
컴퓨터 프로그래밍
,
광학
화학과
분석화학
1,
분석화학
2,
기기분석
,
유기분석
물리화학
1,
물리화학
2,
물리화학특강
4.  차세대반도체학과 다전공 신청기간,
방법 등의
자세한 사항은 아래 링크 통해 확인
부탁드립니다.
(클릭 →
https://semicon.disu.ac.kr/community/notice?md=v&bbsidx=6967
)
. 문의
가. 차세대반도체학과 행정팀(02-829-8226, okgy0813@ssu.ac.kr)
나. 신익수 교수 (02-820-0431, extant@ssu.ac.kr)
(참고: 혁신공유대학 홈페이지_
https://semicon.disu.ac.kr
)"
chemistry,"★2022-2학기 졸업예정자대상 이수구분 변경, 다전공 포기 신청 안내(학사과정, 2차)★",N/A,2022.11.22,https://chem.ssu.ac.kr/%ea%b3%b5%ec%a7%80%ec%82%ac%ed%95%ad/?term_id&slug=3326,공지사항 – SSU:catch
chemistry,"♠2022-2학기 졸업예정자 대상 졸업확정신고 신청 기간 안내 (학사과정, 1차)♠",N/A,2022.11.22,https://chem.ssu.ac.kr/%ea%b3%b5%ec%a7%80%ec%82%ac%ed%95%ad/?term_id&slug=3323,
chemistry,화학분야 전문 DB Scifinder-n 활용교육 안내,N/A,2022.11.17,https://chem.ssu.ac.kr/%ea%b3%b5%ec%a7%80%ec%82%ac%ed%95%ad/?term_id&slug=3308,"11월 화학분야 이용자들을 위해 중앙도서관에서 준비한 DB교육이 있어 안내드립니다.
해당 DB 전문강사가  준비한 강의로  실시간  질의응답 시간도 있다고 하니
화학과 학생들의 많은 관심과 참여 부탁드립니다.
감사합니다.
교육일시 : 11월 23일(수)  14:00~15:30
교육접속링크 :
https://american-chemicalsociety.zoom.com/j/85004772613
회의 ID: 850 0477 2613
미국화학회(CAS)
에서 구축한 화학분야 전문 데이터베이스로 화학분야 포함 과학 전 분야 문헌정보
,
특허
,
반응식 등의 정보 제공
문헌검색, 물질검색, 반응식을 활용한 시연, 특허검색 등
신규구독 DB
문의 : 820-0745"
chemistry,2022 숭실반도체의 날,N/A,2022.11.16,https://chem.ssu.ac.kr/%ea%b3%b5%ec%a7%80%ec%82%ac%ed%95%ad/?term_id&slug=3300,"차세대반도체학과에서 실시하는 연계전공 설명회 안내입니다.
https://semicon.disu.ac.kr/community/notice?md=v&bbsidx=7169
♠사전등록 링크
https://docs.google.com/forms/d/e/1FAIpQLSeVb88v7WzimeEVTN7uQS_eskO9HKi1TzfTDHNrguTH-zWLew/viewform
감사합니다."
chemistry,★2022년 2학기 졸업논문 포스터발표 관련 공지입니다.★,N/A,2022.11.15,https://chem.ssu.ac.kr/%ea%b3%b5%ec%a7%80%ec%82%ac%ed%95%ad/?term_id&slug=3291,"2022-2학기 졸업논문 포스터발표 관련 공지입니다.
이번 학기에도 온라인으로 포스터 발표를 진행합니다. (11.15(화)~)
ㅤ
ㅤ
발표 영상은 ↓ 아래 링크에서 확인 가능합니다.
ㅤ
https://youtube.com/playlist?list=PLulBDtMkulz13tkMw9CgyAaKUXsGOsbXP
ㅤ
많은 관심과 참여 부탁드립니다.
ㅤ
감사합니다."
chemistry,2023학년도 신입학 수시 논술고사 관련 고사건물 사용 금지 요청,N/A,2022.10.21,https://chem.ssu.ac.kr/%ea%b3%b5%ec%a7%80%ec%82%ac%ed%95%ad/?term_id&slug=3286,"2023학년도 신입학 수시 논술고사에 사용될 교내 고사건물 사용 및 출입을 통제하고자 하오니 협조하여 주시기 바랍니다.
가. 안내 대상:
교내 전 구성원
나. 논술고사 기간:
2022.11.18.(금
) ~ 11.19.(토)
※요청 사항※
가.
2022.11.17.(목) 15:00 ~ 11.19.(토) 18:00까지
논술고사 사전 준비 및
고사진행
으로
인한 고사
건물 사용금지 요청
1) 고사건물:
조만식기념관, 미래관, 진리관, 형남공학관, 숭덕경상관,
교육관,
한경직기념관
※ 이외 건물은 논술고사 기간에도 사용 가능
나. 건물 출입 통제로 인하여 수험생 및
고사 관련자 외 모든 인원은 원칙적으로
고사건물 출입불가. 단, 고사건물 출근인원은 출입 가능
다. 최종 시험 종료 시각은 11.19.(토) 16:40이므로 18:00 이후는 사용 가능하나 당일
상황에 따라 변동될 수 있습니다."
chemistry,"23년 2월/23년 8월 졸업예정자 졸업논문 관련공지(포스터 발표, 논문 계획서 등)",N/A,2022.09.30,https://chem.ssu.ac.kr/%ea%b3%b5%ec%a7%80%ec%82%ac%ed%95%ad/?term_id&slug=3279,"2023년 2월졸업예정자
◈논문 포스터 발표
– 제출기한:
2022년10월14일(금)
– 제출방법:학과조교 메일(chem@ssu.ac.kr)로 제출(메일제목: 22-2포스터발표-학번-이름)
– 제출파일: mp4영상, ppt파일(파일명: 22-2포스터발표-학번-이름.mp4, 22-2포스터발표-학번-이름.ppt)
– 발표형식:온라인(유튜브)영상 게시(비대면발표)*첫페이지 본인사진 첨부 필수
(Zoom의 개인회의실을 열고,화면공유 녹화방식을 추천)
◈최종 논문 제출
– 제출기한:
2022년11월25일(금)
– 제출방법:학과조교 메일(chem@ssu.ac.kr)로 제출(메일제목: 22-2최종보고서-학번-이름)
– 제출파일:
PDF파일(파일명: 22-2_최종보고서_학번_이름.pdf)
최종보고서 출력본1부 학과사무실 직접 제출
2023년 8월졸업예정자
◈논문 계획서 제출
– 제출기한:
2022년9월30일(금)
– 제출방법:학과조교 메일(chem@ssu.ac.kr)로 제출(메일제목: 22-2논문계획서-학번-이름)
– 제출파일:
PDF파일(파일명: 22-2_논문계획서_학번_이름.pdf)
출력본은 학과사무실 직접 제출
◈중간 보고서 제출
– 제출기한:
2022년11월25일(금)
– 제출방법:학과조교 메일(chem@ssu.ac.kr)로 제출(메일제목: 22-2중간보고서-학번-이름)
– 제출파일:
PDF파일(파일명: 22-2_중간보고서_학번_이름.pdf)
출력본은 학과사무실 직접 제출"
chemistry,[연계전공안내]2022학년도 2학기 차세대반도체학과 신청 안내,N/A,2022.09.06,https://chem.ssu.ac.kr/%ea%b3%b5%ec%a7%80%ec%82%ac%ed%95%ad/?term_id&slug=3271,"1. 연계전공
차세대반도체학과 연계전공에 참여하는 학과의 소속 학생은
차세대반도체학과 개설 교과
21학점 이상과 본인 소속학과 지정 교과 21학점을 이수하여 요건을 충족
하는 경우
연계전공의 이수를 인정함
※ 연계전공 참여학과는 물리학과, 화학과로 타 학과로도 지속적 확대 예정
2. 이수 요건
구분
전공별 이수학점
신청 대상
소자·공정
(세부 분야에 해당하는) 차세대반도체학과 전공선택
21학점
이상+
학생 주 소속학과 지정 과목
21학점
이상
아래  소속학과 재학생 중
1학기 이수자
1) 화학과
2) 물리학과
시스템·SW(소프트웨어)
회로·시스템
일반
(분야 무관) 차세대반도체학과 전공 선택
21학점
이상 +
학생 주 소속학과 지정 과목
21학점
이상
3. 화학과 지정 과목 변경 내용
기존
분석화학
1,
분석화학
2,
기기분석
,
유기분석
,
물리화학
2,
물리화학특강
,
생물리화학
변경
분석화학
1,
분석화학
2,
기기분석
,
유기분석
,
물리화학
2,
물리화학특강
,
물리화학
1
(변경사유:  생물리화학 → 수강생 미달로 개설 안되고 있음)
4. 신청 기간
: 상시 접수(학위 과정에 등록하여야 각종 혜택을 받을 수 있음)
ㅤ
5. 신청 방법
: 구글 설문 링크 접속하여 응답 후 제출_
https://forms.gle/rXWmbfgijb9RpD9fA
ㅤ
6. 선발 방법
: 신청가능 학과(부) 소속 재학생이 이수 신청할 경우 자동 승인
ㅤ
7. 문의
가. 차세대반도체학과 행정팀(02-829-8225/8226,
disu@ssu.ac.kr
)
나. 신익수 교수 (02-820-0431, extant@ssu.ac.kr)
(참고: 혁신공유대학 홈페이지_
https://semicon.disu.ac.kr
)
ㅤ
구글설문링크 qr코드"
chemistry,2022년 하반기 한미약품 인재모집 (전 부문) ~09.19 17:00,N/A,2022.08.31,https://chem.ssu.ac.kr/%ea%b3%b5%ec%a7%80%ec%82%ac%ed%95%ad/?term_id&slug=3267,"ㅤㅤㅤ
1. 2022년 하반기 채용 일정
– 서류접수 : 8.29 (월) ~9.19 (월) 17:00
– 접수방법 : 한미약품 채용홈페이지 접수
– 모집분야 : 전 부문 (국내영업, 연구개발, 품질, 제조공정, 글로벌 등)
ㅤㅤㅤ
https://hanmi.recruiter.co.kr/app/jobnotice/list
ㅤㅤㅤ
접수는 위 링크에서 진행 가능합니다."
chemistry,2022학년도 학생 예비군 기본훈련 1차 계획 및 유고결석 처리 안내,N/A,2022.08.17,https://chem.ssu.ac.kr/%ea%b3%b5%ec%a7%80%ec%82%ac%ed%95%ad/?term_id&slug=3262,"2022학년도 학생 예비군 기본훈련 1차 계획 및 유고결석 처리 안내
ㅤ
1. 관련 근거 : 2022학년도 52사단 연간 예비군 교육계획ㅤ
ㅤ
2. 위 관련 근거에 의거 2022학년도 학생 예비군 기본훈련 1차 계획 및 유고결석 처리 절차를 붙임과 같이 알려드리니
대학원 및 각 대학(학과) 학생들은 지정된 일자에 예비군 기본훈련 1차에 참석 바랍니다.ㅤ
ㅤ
붙임 : 2022학년도 학생 예비군 기본훈련 1차 계획 및 유고결석 처리 1부. 끝."
chemistry,2022-2 학석사연계과정 지원자 선발 결과 안내,N/A,2022.08.10,https://chem.ssu.ac.kr/%ea%b3%b5%ec%a7%80%ec%82%ac%ed%95%ad/?term_id&slug=3257,"2022-2 학석사연계과정 지원자 선발 결과 안내
ㅤ
화학과에서는 총 2인 선발되었습니다.
ㅤ
202***37 김*주
202***30 조*원
ㅤ
올려드리는 선발명단에는 학번과 이름을 포함한 개인정보가 있으니 유출되지 않도록 유의해주시길 바랍니다.
ㅤㅤ
붙임. 2022-2 학석사연계과정 지원 및 선발명단_화학과.xlsx"
chemistry,[한화손해보험]  2022년 채용전제형 인턴 모집 (~7.15),N/A,2022.07.05,https://chem.ssu.ac.kr/%ea%b3%b5%ec%a7%80%ec%82%ac%ed%95%ad/?term_id&slug=3254,"ㅤ
2022년
한화손해보험 채용전제형 인턴 모집
ㅤ
> 공고 자세히 보러가기 <
ㅤ
■
모집부문
– 영업관리·지원
– 보험업무
– 자산운용
– IT개발
– 계리·Risk관리
※ 보다 자세한
모집분야
및
직무소개는
공고문
이미지
및
채용홈페이지를
참고하시기
바랍니다
.
ㅤ
■
지원자격
기졸업자
및
’22
년
8
월
, 23년 2
월
졸업예정자
인턴 프로그램
(5
주
)
에 정상적으로 참여 및 근무가 가능한 분
군필
또는
군면제이신
분
해외여행에
결격
사유가
없는
분
ㅤ
■
우대사항
상경계열, 수학/통계학, 컴퓨터 공학 등 관련 전공자
직무 유관 자격증 보유자
국가보훈대상자 및 장애인은 관련 법규에 의거 처우
ㅤ
■
접수방법
접수기간
: 22.07.01(금
)  13
시
~ 22.07.15(
금
) 15
시
접수방법
:
인터넷
한화그룹
채용사이트
(
www.hanwhain.com
)
으로만
접수
※ 마감시간 서버 폭주가 예정되오니 안전하게 전일 접수를 완료하시길 추천 드립니다
.
※ 마감시간 이후에는 서버 에러를 포함하여 어떠한 이유로도 접수가 불가함을 사전 공지합니다
.
ㅤ
■
전형절차
서류전형
>
실무진
면접
>
인턴
프로그램
>
최종
면접
>
입사
※
인턴
프로그램은
5
주간
출퇴근
방식으로
진행됩니다
.
※ 세부일정은 변경될 수 있으며, 각 단계별 합격자에게 상세일정이 안내될 예정입니다.
ㅤ
■
이런
분과
일하고
싶습니다
(1)
소통
:
다양한
부서의
이해관계자들과
원활하게 소통할 수 있는 분
(2)
발전가능성
:
현실에
만족하지
않고
조금이라도
더
나은
서비스를
위해
노력하는
분
(3)
금융지식
:
새로운
기술과
트렌드에
관심을
갖고
한화손해보험의
미래를
만들어주실
분
(4)
호기심
:
금융과
보험업에
대한
관심과
지식이
있는
분
ㅤ
■
한화손보의
복지제도
(1) PC-OFF
제도
:
퇴근시간이
되면
알아서
PC
가
꺼져요
.
(2)
자율복
:
여의도라고
다
정장입진
않아요
.
(3)
본사
근무
:
여의도공원이
눈
앞에
있어요
.
(4) Refresh Point :
연
2
회
,
총
200
만원
복지포인트를
드려요
.
(5)
호텔
/
리조트
숙박비
지원
:
연차
이용시
더플라자호텔
,
한화리조트
숙박비를
지원해드려요
(6)
안식월
:
한
달간
꿀같은
충전의
시간을
가져요
(
과장
/
차장
/
부장
진급시
)
(7)
사내
피트니스
센터
:
출
퇴근
전후
,
사내
피트니스
센터를
저렴하게
이용할
수
있어요
.
(8)
구내
식당
:
멀리
갈
필요
없이
구내식당에서
맛있는
식사를
할
수
있어요
.
> 공고 자세히 보러가기 <"
chemistry,[현대자동차] 7월 신입사원 채용 (~7.14(목)),N/A,2022.07.05,https://chem.ssu.ac.kr/%ea%b3%b5%ec%a7%80%ec%82%ac%ed%95%ad/?term_id&slug=3252,"ㅤ
현대자동차
7
월 신입사원 채용
ㅤ
■
접수기간 :
‘22
년
7
월
1
일
(
금
) ~ 14
일
(
목
)
■
지원대상
: 학사
/
석사 학위 취득하신 분
,
‘22
년
8
월
,
또는
‘23
년
2
월 졸업 예정이신 분
■
모집부문
:
R&D,
전략지원
,
전략기술
, Manufacturing
※ 공고 세부사항은 홈페이지 참고 부탁드립니다.
ㅤ
■
접수방법
: 현대자동차 채용 홈페이지 온라인 지원 (
https://talent.hyundai.com
)
※ 공고 바로가기 :
https://bit.ly/3I5Droc
ㅤ
ㅤ
★
★ 메타버스 채용설명회
★
★
현직자에게 듣는 직무 관련 꿀 팁
,
현대자동차 메타버스 공간에서 확인해보세요
.
ㅤ
1.
채용설명회
현대자동차의 현직자 및 인사담당자의 채용 설명회가 실시간으로 진행됩니다
.
희망하시는 직무 및 회사생활에 대해 궁금한 점을 해소해보세요
!
– 조직/직무/비전/특장점 소개
– Q&A
세션
ㅤ
2.
직무 그룹 상담
현대자동차 메타버스 장에서는 직무 현직자와의 단체상담을 받을 수 있습니다
.
평소 궁금했던 직무 관련 질문을 현직자와 편하게 나눠보세요
!
–
현업실무자와의 직무 관련
그룹 상담 진행
ㅤ
3. 1:1
채용 상담
채용 전반 및 커리어에 대한
1:1
상담을 물론
,
인사담당자와의 모의면접도 참가해보세요
!
– 채용 전반 및 커리어 1:1 상담
– 모의면접 (사전 신청자 한정)
ㅤ
ㅤㅤ
■ 일정
07.08(
금
) 09:00~12:00
R&D, Manufacturing,
전략지원
07.08(
금
) 13:00~16:0
전략기술, 전략지원
ㅤ
■ 메타버스 채용설명회 사전신청 : ~
07.06(
수
)
※ 바로가기 :
https://bit.ly/3I5Droc"
chemistry,[만도] 2022 체험형 인턴 채용 (~7.10),N/A,2022.07.05,https://chem.ssu.ac.kr/%ea%b3%b5%ec%a7%80%ec%82%ac%ed%95%ad/?term_id&slug=3250,"ㅤ
2022년 만도 체험형 인턴 채용
ㅤ
자동차/모빌리티 기술을 선도하는 만도에서 인턴을 모집합니다!
인턴실습 우수자에게는 정규직 전환 면접 기회가 부여됩니다
인턴 실습부터 정규직 전환 기회까지!
ㅤ
2022 만도 체험형 인턴 채용 – 자세히 보기 (하단 링크 클릭)
http://mando.saramin.co.kr/?dir_no=32339
ㅤ
01. 서류 접수기간
2022.06.30 (목) ~ 07.10(일)
ㅤ
02. 인턴 실습기간
2022.08 ~ 2022.11 (4개월)
ㅤ
03. 모집 분야
차량용 SW연구개발
ㅤ
04. 근무 지역
판교 (Global R&D Center)
ㅤ
05. 지원 자격
– 학부 재학생 혹은 기졸업자
– 공고에 명기된 실습기간 내 인턴실습이 가능한 자
– 컴퓨터, SW, 전기전자, 자동차 및 유사전공
ㅤ
06. 전형 절차
서류전형 – 면접전형 – 실습
ㅤ
07. 접수 방법
서류 접수 페이지 (
http://mando.saramin.co.kr/?dir_no=32339
) 에서 ‘지원하기’ 버튼 클릭
*기타 문의사항은 질문하기 게시판을 이용해주시기 바랍니다."
chemistry,2022년도 2학기 재단법인 봉은재단 장학생 모집,N/A,2022.07.01,https://chem.ssu.ac.kr/%ea%b3%b5%ec%a7%80%ec%82%ac%ed%95%ad/?term_id&slug=3243,"2022년도 2학기 재단법인 봉은재단 장학생 모집ㅤ
ㅤ
1. 시행기관
: 재단법인 봉은재단ㅤ
ㅤ
2. 장학금액
: 등록금 전액ㅤ
ㅤ
3. 지원기간
: 1학기ㅤ
ㅤ
4. 추천인원
: 2명(선발인원: 최대 2명)ㅤ
※학업성적, 소득수준, 생활환경 등 재단 내 종합심사·평가 후 최종 선발
ㅤ
5. 선발기준ㅤ
가. 2022학년도 2학기 기준 이공계열 중 화학, 물리학 등 기초과학분야 및 연계된 응용공학분야에 재학중인 학생(4학년 제외)ㅤ
나. 직전학기까지 全학년 성적 평균 B+학점 이상(3.5/4.5)ㅤ
다. 생활보호대상자 또는 가계곤란자 중 성적우수자ㅤ
라. 다음 학기 학업지속자ㅤ
마. 학생 직접지급으로 학자금 대출 예정자는 제외ㅤ
ㅤ
6. 제출서류 ㅤ
가. 학장/학과장 추천서 1부(양식).ㅤ
나. 자기소개서 1부(양식).ㅤ
다. 성적증명서 1부(직전학기까지).ㅤ
라. 주민등록등본 1부.ㅤ
마. 2020-2022년도 보호자의 지방세 세목별 과세증명서(부/모) 각 1부.ㅤ
바. 장학관련 개인정보 수집·이용·제공 동의서 1부(양식).ㅤ
사. 동의서 1부(양식).ㅤ
ㅤ"
chemistry,2022학년도 2학기 교내장학금 신청 시행 안내,N/A,2022.06.02,https://chem.ssu.ac.kr/%ea%b3%b5%ec%a7%80%ec%82%ac%ed%95%ad/?term_id&slug=3225,"ㅤ
1. 교내장학금 자격요건
가. 2022학년도 2학기 국가장학금 신청(2022.06.23까지 신청 가능) 및 서류제출을 완료하고 소득분위가 조회된 자 (국가장학금 지급 대상 분위의 경우 심사가 완료된 자)
나. 2022학년도 2학기 재학 및 복학(예정)자로 등록금 납부 예정인 자
1) 2022학년도 2학기 前 등록휴학 후 복학시 장학생 선발대상에서 제외
2) 미등록, 입학취소, 복학취소, 휴학 등 학적변동 시 모든 장학금 취소
다. 직전학기 15학점 이상 이수한 자(최종 직전학기는 12학점)
라. 등록학기가 8학기 이내인 자(건축학부 건축학전공은 10학기 이내)
ㅤ
2. 신청절차
가. 온라인 신청기간 및 서류제출기간 : 2022년 5월 26일(목) 10:00~7월 8일(금) 17:00(6주간)
나. 학생 신청방법: u-SAINT포털 – 등록/장학 – 장학메뉴 – 장학금 신청
다. 학생 서류제출: 온라인 신청기간 내 방문 및 등기우편제출 가능(세부내용 붙임 파일 참조)
※ 단, 고시장학금의 경우 등기우편 불가
ㅤ
자세한 사항은
숭실대학교 홈페이지 공지사항
클릭 시 이동합니다."
chemistry,2022학년도 2학기 한국장학재단 국가장학금 1차 신청 안내,N/A,2022.05.27,https://chem.ssu.ac.kr/%ea%b3%b5%ec%a7%80%ec%82%ac%ed%95%ad/?term_id&slug=3216,"학교홈페이지:
http://asq.kr/Xg05kAmZ
한국장학재단:
www.kosaf.go.kr"
chemistry,각 부문별(구매/재경/CMC/품질/연구) 채용공고,N/A,2022.05.24,https://chem.ssu.ac.kr/%ea%b3%b5%ec%a7%80%ec%82%ac%ed%95%ad/?term_id&slug=3208,※ 공고 이미지 클릭시 채용 사이트로 이동합니다.
chemistry,[효성그룹] 2022 상반기 신입공채 (~ 5. 20(금) 18시),N/A,2022.05.12,https://chem.ssu.ac.kr/%ea%b3%b5%ec%a7%80%ec%82%ac%ed%95%ad/?term_id&slug=3205,"ㅤ
세상을 이끄는 효성을 이끌 당신을 기다립니다.
ㅤ
효성그룹 ‘오픈카톡방 채용상담회’에서 궁금한 점을 물어보세요!
-진행일정 : 5/18(수) 14:00~15:00
-사전신청 기간 : ~5/17(화)
-사전신청 링크 :
https://forms.gle/vMgS2uJ62DVjuwpi8
ㅤ
모집직무
-생산/기술
-경영지원
-시공/기술
-기술/개발
-영업
-재무
-R&D
*상세 사업부문 및 직무는 공고문을 통해서 확인 부탁드립니다 🙂
ㅤ
지원서 접수
-접수기간: 2022. 5. 9(월) ~ 5. 20(금) 18시까지
-접수방법: 효성그룹 채용 홈페이지에서 온라인 지원
http://recruit.hyosung.com
*서류접수 마지막 날에는 지원자 접속 증가로 시스템 접속이 어려울 수 있으니, 미리 등록 부탁드립니다
ㅤ
지원대상
-학사/석사 학위를 취득하였거나, ’22년 8월 졸업예정인 분
-병역필 또는 면제자로서 해외여행에 결격사유가 없는 분
ㅤ
지원대상
-[국가유공자 등 예우 및 지원에 관한 법률]에 의한 취업보호 대상자를 우대합니다.
-[장애인 고용촉진 및 직업재활법]에 의한 취업보호대상자를 우대합니다.
-모집분야 주요 전공 외 다른 전공자도 지원 가능합니다.
ㅤ
전형절차
서류전형 > 인적성 > 면접 > 채용검진 > 최종합격
ㅤ
※자세한 모집내용은 공고문 및 채용홈페이지를 통해 확인 부탁드립니다 🙂"
chemistry,KIST 2022년 5월 연수직(Post-Doc./인턴연구원) 공개채용 (~05.16(월) 18:00),N/A,2022.05.10,https://chem.ssu.ac.kr/%ea%b3%b5%ec%a7%80%ec%82%ac%ed%95%ad/?term_id&slug=3196,"ㅤ
상세 내용은 홈페이지에서 확인하세요 ▶
https://www.kist.re.kr/kist_web/?sub_num=4087&state=view&idx=11176"
chemistry,2022년 상반기 한국콜마 채용연계형 인턴 채용(~05.15(일)),N/A,2022.05.03,https://chem.ssu.ac.kr/%ea%b3%b5%ec%a7%80%ec%82%ac%ed%95%ad/?term_id&slug=3193,공고 이미지 클릭 시 사이트로 이동합니다.
chemistry,2022년도 수림재단 신규장학생 선발 안내,N/A,2022.04.26,https://chem.ssu.ac.kr/%ea%b3%b5%ec%a7%80%ec%82%ac%ed%95%ad/?term_id&slug=3183,"< 2022
년도 수림재단 신규장학생 선발 안내
>
ㅤ
우리 재단은 붙임 파일과 같이
2022
년도 신규 장학생을 선발하고자 합니다
.
자격요건을 갖춘 학생은 붙임 선발 안내문에 유의하여
ㅤ
지원기간
(2022.03.14~2022.05.13)
내에 신청하시기 바랍니다
.
신규장학생의 지원자격은 다음의 조건을 모두 충족하는 경우입니다
.
1)
5
개 자연과학 부문 전공자
–
물리
·
과학
·
천문
·
지리
,
화학
,
생물
·
생명과학
,
수학
·
통계학
,
의학
(
의예과
)
※ 지원 가능한 전공학과는 국가교육통계센터 교육통계서비스의 분류기준에 준하며
(
재단 홈페이지 참조
),
전공부문별로 선발한다
.
2)
대학 입학 당해 연도의
수능성적이
4
개 영역
(
국어
,
수학
,
영어
,
탐구
2
과목
)
모두
4
등급 이내
인 자
.
단
,
탐구영역의 경우
2
과목의 등급 평균이
4
등급 이내면 가능
.
3)
2022
학년도
1
학기 이수 학점을 총
12
학점 이상
신청한 자
4) 2022
학년도
1
학기
학자금 지원 구간
6
구간
(
국가장학금 소득
6
분위
)
이내인 자
ㅤ
*
국가장학금 수혜자도 지원이 가능하니 많은 지원 바랍니다
.
*
지원가능한 전공학과는 첨부된 엑셀파일을 참고하시면 됩니다
."
chemistry,[동원그룹] 2022 상반기 채용연계형 인턴모집 (~5/9),N/A,2022.04.25,https://chem.ssu.ac.kr/%ea%b3%b5%ec%a7%80%ec%82%ac%ed%95%ad/?term_id&slug=3181,"ㅤ
■ 인턴모집 지원방법
접수기간  : 2022.4.22(금) ~ 5.9(월) 오전 11:00까지
접수방법 : 동원그룹 채용사이트(
recruit.dongwon.com
) 접속 후 온라인 지원
합격자 확인 : 동원그룹 채용사이트(
recruit.dongwon.com
) 마이페이지에서 확인 가능
ㅤ
■ 지원자격
2022년 6월 ~ 8월 인턴 실습 및 9월 입사가 가능한 4년제 정규 대학 이상 기졸업 및  2022년 8월 졸업예정이신 분
병역면제 혹은 병역을 마친 분, 해외 출장에 결격 사유가 없는 분
국가등록장애인 및 국가보훈대상자는 관계법령에 의해 우대
ㅤ
■ 모집분야
동원그룹 전 계열사 공고 오픈!
동원산업 / 동원로엑스 / 동원F&B / 동원디어푸드 /
동원홈푸드 / 동원시스템즈 / 동원팜스 /  동원엔터프라이즈
ㅤ
■ 모집직무
마케팅 / IT개발 / IT디자인 / 국내영업 / 해외영업 /
생산 / 품질 / 식품R&D / 소재R&D / 물류 / 구매
ㅤ
■ 전형절차
서류전형 → 필기전형 →  면접전형 → 인턴십 → 채용면접전형
ㅤ
■ 유의사항
동일인이 복수 아이디로 동일한 채용공고로 중복 지원할 경우 불이익을 당할 수 있습니다.
최종합격 후 졸업예정자의 졸업자격 미 취득시, 합격이 취소될 수 있습니다.
입사지원서 기재 내용이 허위로 판명될 경우 합격 및 입사가 취소될 수 있습니다.
동원그룹 채용사이트의 다른 채용 공고에 복수로 지원하실 수 있습니다.
※단, 복수의 채용 전형에서 면접대상자로 선정된 경우 하나의 전형만 선택해 참여
ㅤ
■ 관련정보
동원그룹 채용홈페이지
recruit.dongwon.com
동원그룹 홈페이지
www.dongwon.com
동원그룹 공식 유튜브
youtube.com/dongwongroup"
chemistry,2022학년도 교직과정 이수 신청 안내,N/A,2022.04.19,https://chem.ssu.ac.kr/%ea%b3%b5%ec%a7%80%ec%82%ac%ed%95%ad/?term_id&slug=3179,"2022학년도 교직과정 이수 신청 안내
ㅤ
1. 교직이수 신청기간: 2022. 4.25.(월) 10:00 ~ 12.9.(금) 17:00
ㅤ
2. 신청대상
:
교직 설치학과(부) 소속 2학년 (3학기 혹은 4학기) 재학생 및 휴학생
’22-1학기 기준 학적
’22-2학기 기준 학적
신청가능 여부
2학년 1학기(3학기) 재학
2학년 1학기(3학기) 재학
신청 가능
2학년 1학기(3학기) 이수 후 휴학
2학년 1학기(3학기) 이수 후 휴학
2학년 2학기(4학기) 재학
2학년 2학기(4학기) 재학
2학년 2학기(4학기) 이수 후 휴학
2학년 2학기(4학기) 이수 후 휴학
신청 불가
※ 4학기 이수 후 휴학 중인 학생은 신청 불가능
ㅤ
3. 교직 설치 학과(부)별 선발 인원
대학
학과(부) 전공
표시과목
선발가능인원
인문대학
국어국문학과
국어
3
영어영문학과
영어
7
독어독문학과
독일어
3
불어불문학과
프랑스어
3
중어중문학과
중국어
2
일어일문학과
일본어
3
철학과
철학
3
사학과
역사
3
자연과학대학
수학과
수학
3
물리학과
물리
4
화학과
화학
4
경제통상대학
경제학과
일반사회
7
글로벌통상학과
상업
7
경영대학
경영학부
상업
11
회계학과
상업
4
공과대학
화학공학과
화공
8
전기공학부
전기
9
IT대학
컴퓨터학부
정보·컴퓨터
7
전자정보공학부
전자공학전공
전자
7
통신
전자정보공학
IT융합전공
전자
7
통신
계
105
ㅤ
4. 학교 홈페이지 공지사항
바로보기
☞
교직과정 이수 신청 안내
.
끝."
chemistry,[유한킴벌리] 2022 신입/경력사원 공개 채용(~4/15),N/A,2022.04.06,https://chem.ssu.ac.kr/%ea%b3%b5%ec%a7%80%ec%82%ac%ed%95%ad/?term_id&slug=3172,"[유한킴벌리] 2022 신입/경력사원 공개 채용
(~4/15)
ㅤ
유한킴벌리와 함께,
새로운 변화와 혁신을 선도할 인재를 찾습니다!
※ 세부 내용 및 직무 이야기 확인하러 가기 >
https://yuhan-kimberly2022.com/
ㅤ
모집분야
-생활용품영업
-제조생산
-SCM 혁신
-생활용품 제품개발
-Regulatory Affairs
-재무 원가기획 (인턴)
ㅤ
​
지원서 접수
-접수기간: 2022.4.4(월)
~
4.
15(금) 21
:00
-접수방법: 채용 사이트 온라인 접수(
https://yuhan-kimberly2022.com/
)
ㅤ
지원자격
-성별/연령 제한 없으며, 학사학위 이상 소지하신 분
-해외여행에 결격사유가 없는 분으로 남자는 병역필 또는 면제된 분
-(우대사항)영어에 능통한 분/국가보훈대상인 분 (단, 증명서를 제출하는 경우에 한함)
ㅤ"
chemistry,2022년 연구실 안전 대국민 공모전,N/A,2022.04.01,https://chem.ssu.ac.kr/%ea%b3%b5%ec%a7%80%ec%82%ac%ed%95%ad/?term_id&slug=3165,"우리부에서는 연구실 안전문화 확산 및 연구실 사고를 예방하기 위해 널리 홍보하고 국민적 공감대를 이끌어 낼 수 있는 다양한 콘텐츠 발굴 및 전파를 위하여 아래와 같이
‘2022년 연구실 안전 대국민 공모전’
을 개최하오니, 공모전 내용 안내 및 홈페이지 게재 등 적극적인 홍보와 관심 부탁드립니다.
ㅤ
ㅤ
가.
(공 모 명)
2022년 연구실 안전 대국민 공모전
나.
(공모분야①) 연구실 안전 콘텐츠 공모전
– 포스터, 카드뉴스·웹툰, 영상, 시나리오
(공모분야②) 사전유해인자위험분석보고서 경진대회
다.
(공모자격)
전 국민 누구나 참여 가능(개인 및 3인 이내의 팀)
라.
(공모기간)
‘21.4.1.(금)∼ 6.30.(목) 18:00까지
마.
(시상규모)
장관상(대상) 8명, 우수상 20명(총3,850만원)
바.
(시상시기)
연구실안전주간행사(11월 예정)
ㅤ
과학기술정보통신부장관"
chemistry,[에이프로젠] 2022 R&D부문 대규모 채용! (~4/5 23:00),N/A,2022.03.31,https://chem.ssu.ac.kr/%ea%b3%b5%ec%a7%80%ec%82%ac%ed%95%ad/?term_id&slug=3163,"2022 에이프로젠 R&D부문 대규모 채용! (신입/경력)
ㅤ
에이프로젠의 의약품을 ‘연구하는’ 인재를 찾습니다.
ㅤ
우리는 단순한 생산을 넘어서, 사람의 생명과 관련된 의약품을 완성하는 업무를 하고 있습니다.
ㅤ
사람의 생명을 살릴 수 있는 의약품을 제조한다는 ‘소명의식’
공동의 목표를 달성하기 위해 우리 모두 협력하는 ‘협동심’
대규모 생산이 가능한 에이프로젠에서 근무하고 싶은 ‘자부심’
생명에 직접적인 영향을 미치는 작업에 대한 청렴한 ‘윤리의식’
ㅤ
에이프로젠과 같은 방향을 추구하는 여러분이라면, 누구든지 환영합니다!
ㅤ
채용 정보 한번에 모아보기! >
https://aprogen-recruit.com/
ㅤ
■ 채용직무
– 정제공정개발
– 완제공정개발
– 약효분석
– 배양공정개발
– 단백질 신약 연구/개발
– 단백질 신약 비임상 PK 연구
– 단백질 신약 비임상 독성 연구
– 연구기획
ㅤ
■ 4-STEP으로 끝나는 깔끔한 채용 절차!
서류전형 > 인적성검사(온라인) > 면접전형 > 최종합격
ㅤ
■ 모집 기간
2022년 3월 23일(수) ~ 4월 5일(화) 23시
ㅤ
바로 지원하기! >
https://aprogen.recruiter.co.kr/app/applicant/registResume?jobnoticeSn=92364&systemKindCode=MRS2"
chemistry,"[현대중공업그룹] 2022 상반기 신입사원(대졸신입/연구신입) 공개채용 (~4/4, 15:00)",N/A,2022.03.21,https://chem.ssu.ac.kr/%ea%b3%b5%ec%a7%80%ec%82%ac%ed%95%ad/?term_id&slug=3159,"2022 상반기
현대중공업그룹 신입사원 공개채용
ㅤ
︎ 지원기간
3월 21일(월) ~ 4월 4일(월) 15:00
ㅤ
︎ 모집회사
한국조선해양, 현대중공업, 현대미포조선, 현대삼호중공업, 현대인프라솔루션
현대글로벌서비스,
현대일렉트릭, 현대에너지솔루션
ㅤ
︎ 모집분야
설계, 연구, 생산관리, ICT, 영업, 경영지원
ㅤ
︎ 지원자격
2022년 졸업 예정자 및 기졸업자
ㅤ
︎ 전형절차
서류전형 > 인성검사 > 1차면접 > 2차면접 > 건강검진
ㅤ
︎ 지원방법
현대중공업 채용 홈페이지(
https://recruit.hhi.co.kr) 에서 지원서 작성
※기타 자세한 내용은 채용 홈페이지 참조
ㅤ"
chemistry,[삼성전기]2022년 상반기 신입사원 공개채용(~3/21),N/A,2022.03.17,https://chem.ssu.ac.kr/%ea%b3%b5%ec%a7%80%ec%82%ac%ed%95%ad/?term_id&slug=3152,"[
삼성전기
]2022
년 상반기 신입사원 공개채용
(~3/21)
ㅤ
∎
모집분야
:
연구개발
,
소프트웨어
,
품질보증
/
스마트
IT,
안전환경
/
인프라
,
경영지원
,
영업마케팅
∎
지원자격
:
2022
년
8
월 이전 졸업 또는 졸업예정인 분
2022
년
7
월
~8
월 입사가 가능한 분
영어회화자격을 보유한 분
(OPIC
또는 토익스피킹에 한함
)
해외여행에 결격사유가 없는 분
ㅤ
∎
지원기간
:
3.11(
금
) ~ 3.21(
월
) 17
시까지
ㅤ
∎
지원방법
:
채용홈페이지 지원
https://www.sem-recruit.com/
*자세한 사항은 채용홈페이지에서 확인 가능합니다.
ㅤ"
chemistry,성남여자고등학교 과학 기간제 선생님 모집합니다.(급구),N/A,2022.03.16,https://chem.ssu.ac.kr/%ea%b3%b5%ec%a7%80%ec%82%ac%ed%95%ad/?term_id&slug=3148,"학교: 성남여자고등학교
ㅤ
교과: 과학(물, 화, 생, 지 전공 모두 가능)
ㅤ
수업시수: 17시간
ㅤ통합과학(9)+과학탐구실험(8) 또는
ㅤ생1(9)+과학탐구실험(8) <—생물 전공의 경우
ㅤ
업무: 비담임 자연과학부
ㅤ(주로 과학행사 업무인데 이공계 진로학생이 많지 않다보니 행사 참여 인원이 적은 편이라 다른 학교에 비해서 업무에 큰 부담은 없습니다!)
기간: ~8/16
학교 위치는 8호선 수진역 도보 5분이구요,
과학과 선생님들 모두 좋은 분들이라서 일하시기 좋을거에요~!
연락처: 010-5758-5279"
chemistry,[현대모비스] SW 융합·SW 개발자 신입사원 모집 (~3.24 마감),N/A,2022.03.16,https://chem.ssu.ac.kr/%ea%b3%b5%ec%a7%80%ec%82%ac%ed%95%ad/?term_id&slug=3146,"현대모비스에서 SW 융합·SW 개발자 신입사원을 모집합니다.
ㅤ
내일의 모빌리티 그 중심에,
현대모비스와 함께할 여러분들을 기다립니다.
ㅤ
■ 모집분야
-SW 개발자
-SW 융합
ㅤ
세부 내용은 아래 링크에서 확인 바랍니다.
https://mobis.recruiter.co.kr/app/jobnotice/view?systemKindCode=MRS2&jobnoticeSn=91169
ㅤ
#세자리수채용 #SW교육제공 #자동차SW의중심 #자율주행 #친환경차
ㅤ
■공통 우대 사항
① 컴퓨터공학, 전자전기공학, 자동차공학 등 관련 전공 학위 소지자!
② 모빌리티 산업에서 SW 개발자로 성장하고 싶으신 분!
③ 새로운 지식을 배우고 활용하는 것에 두려움이 없는 분!
④ 기술 문서 작성과 리뷰, 코드 리뷰에 대해 열린 마음을 가지신 분!
⑤ 긍정적이고 개방적인 사고방식으로 문제를 해결하는 것을 즐기는 분!
⑥ 나만의 성공이 아닌 모두의 성공을 위해 협력하는 분!
ㅤ
■ 접수기간 및 방법  :
https://mobis.recruiter.co.kr/
① 접수기간 : 2022.03.11(금) 09:00 ~ 2022.03.24(목) 17:00
② 접수방법 : 당사 채용 홈페이지를 통해 온라인 접수"
chemistry,2022년 LMO 안전 콘텐츠 공모전 개최 알림,N/A,2022.03.16,https://chem.ssu.ac.kr/%ea%b3%b5%ec%a7%80%ec%82%ac%ed%95%ad/?term_id&slug=3134,"ㅤ
ㅤ
과학기술정보통신부에서는 안전한 LMO 연구환경을 만들기 위한 사회적 공감대를 형성하고, 다양한 국민의 참여를 통해 LMO 안전관리의 중요성을 보다 쉽게 알릴 수 있도록 다음과 같이 공모전을 개최하고자 합니다.
ㅤ
가.
(공 모 명)
2022 LMO 안전 콘텐츠 공모전
ㅤ
나.
(공모분야)
포스터, 영상, 카드뉴스(만화형식 포함)
ㅤ
다.
(공모기간)
’22. 3. 16.(수) ∼ ’22. 6. 30.(목) 18:00까지 (총 107일)
ㅤ
라.
(시상규모)
장관상 6점 및 총 상금 3,030만원
ㅤ
마.
(시상시기)
‘22.9월 중(시험?연구용 LMO 안전관리 워크숍)"
chemistry,2022-1 논문연구 대상자 명단 및 지도교수 배정표(학부/03.17 업데이트),N/A,2022.03.15,https://chem.ssu.ac.kr/%ea%b3%b5%ec%a7%80%ec%82%ac%ed%95%ad/?term_id&slug=3128,"2022-1 논문연구 대상자 명단 및 지도교수 배정표 입니다.
ㅤ
논문연구 1을 수강하지 않는 학생은 노란색으로 하이라이트가 쳐져 있습니다.
ㅤ
첨부하는 파일을 확인하시고 이전에 올려드린 일정에 따라 논문 연구를 진행해주세요.
ㅤ
위 명단에는 이름, 학번, 전자메일 등 개인정보가 포함되어 있습니다. 외부 이동을 삼가주세요."
chemistry,"22년 8월/23년 2월 졸업예정자 졸업논문 관련공지(포스터 발표, 논문 계획서 등)",N/A,2022.03.15,https://chem.ssu.ac.kr/%ea%b3%b5%ec%a7%80%ec%82%ac%ed%95%ad/?term_id&slug=3122,"2022
년
8
월
졸업예정자
논문포스터발표
– 제출기한:
2022
년
5
월
6
일
(
금
)
– 제출방법: 학과조교 메일 (chem@ssu.ac.kr) 로 제출 (메일제목: 22-1 포스터발표-학번-이름)
– 제출파일: mp4 영상, ppt 파일 (파일명: 22-1 포스터발표-학번-이름.mp4, 22-2 포스터발표-학번-이름.ppt)
– 발표형식: 온라인(유튜브)영상 게시 (비대면발표) *첫페이지 본인사진 첨부 필수
(Zoom의 개인회의실을 열고, 화면공유 녹화방식을 추천)
– 심사기간: 5월 13일까지, 지도교수와 교수 1인
동영상 제작 여건이 어려운 경우 학과 세미나실 이용가능 (학과조교에게 문의)
최종논문제출
– 제출기한:
2022
년
5
월
20
일
(
금
)
– 제출방법: 학과조교 메일(chem@ssu.ac.kr)로 제출 (메일제목: 22-1 포스터발표-학번-이름)
– 제출파일:
PDF 파일 (파일명: 22-1_최종보고서_학번_이름.pdf)
최종보고서 출력본1부 학과사무실 직접 제출
2023
년
2
월
졸업예정자
논문계획서제출
– 제출기한:
2022
년
4
월
8
일
(
금
)
– 제출방법: 학과조교 메일(chem@ssu.ac.kr)로 제출 (메일제목: 22-1 논문계획서-학번-이름)
– 제출파일:
PDF 파일 (파일명: 22-1_논문계획서_학번_이름.pdf)
출력본은 학과사무실 직접 제출
중간보고서제출
– 제출기한:
2022
년
5
월
20
일
(
금
)
– 제출방법: 학과조교 메일(chem@ssu.ac.kr)로 제출 (메일제목: 22-1 중간보고서-학번-이름)
– 제출파일:
PDF 파일 (파일명: 22-1_중간보고서_학번_이름.pdf)
출력본은 학과사무실 직접 제출
ㅤ
ㅤ
졸업 논문 관련 양식은 아래에서 찾아서 사용하시면 됩니다.
졸업논문 자료실"
chemistry,2022 에이프로젠 대규모 채용 시작! [정제/완제/배양](~03.20(일) 23:00),N/A,2022.03.14,https://chem.ssu.ac.kr/%ea%b3%b5%ec%a7%80%ec%82%ac%ed%95%ad/?term_id&slug=3120,"2022 에이프로젠 대규모 채용 시작! [정제/완제/배양]
에이프로젠의 의약품을 ‘완성하는’ 인재를 찾습니다.
우리는 단순한 생산을 넘어서, 사람의 생명과 관련된 의약품을 완성하는 업무를 하고 있습니다.
사람의 생명을 살릴 수 있는 의약품을 제조한다는 ‘소명의식’
공동의 목표를 달성하기 위해 우리 모두 협력하는 ‘협동심’
대규모 생산이 가능한 에이프로젠에서 근무하고 싶은 ‘자부심’
생명에 직접적인 영향을 미치는 작업에 대한 청렴한 ‘윤리의식’
에이프로젠과 같은 방향을 추구하는 여러분이라면, 누구든지 환영합니다!
채용 정보 한번에 모아보기! >
https://aprogen-recruit.com/
■ 채용직무
– 배양
– 정제
– 완제
■ 4-STEP으로 끝나는 깔끔한 채용 절차!
서류전형 > 인적성검사(온라인) > 면접전형 > 최종합격
■ 모집 기간
2022년 3월 7일(월) ~ 3월 20일(일) 23시
바로 지원하기! >
https://aprogen.recruiter.co.kr/app/applicant/registResume?jobnoticeSn=90581&systemKindCode=MRS2"
chemistry,[삼성SDI] 2022년 상반기 신입사원 채용 (~03.21(월) 17:00),N/A,2022.03.14,https://chem.ssu.ac.kr/%ea%b3%b5%ec%a7%80%ec%82%ac%ed%95%ad/?term_id&slug=3117,"안녕하세요
.
삼성
SDI
인사팀 입니다
.
2022
년 상반기 삼성
SDI 3
급 신입사원 지원서 접수
가 시작되었습니다
.
분야별 상세 모집 공고는 삼성채용홈페이지를 통해 확인 부탁드립니다
.
많은 관심과 신청바랍니다
.
[
삼성
SDI] ‘22
년 상반기 신입사원 채용 모집 일정
l
지원서 접수
: 2022
년
3
월
11
일
(
금
) ~
2022
년
3
월
21
일
(
월
) 17:00
l
삼성
SDI
채용 홍보 페이지 링크
:
http://www.samsungsdi-recruit.com/
l
삼성 채용 홈페이지 링크
:
https://www.samsungcareers.com/"
chemistry,[’22(上) 삼성전자 Foundry사업부 듣.보.Job concert],N/A,2022.03.14,https://chem.ssu.ac.kr/%ea%b3%b5%ec%a7%80%ec%82%ac%ed%95%ad/?term_id&slug=3115,"안녕하세요,
삼성전자 Foundry사업부입니다.
[’22(上) 삼성전자 Foundry사업부 듣.보.Job concert]
안내드립니다.
이번 Foundry사업부 듣.보.Job concert는 삼성전자 Foundry사업부 임직원 선배님이 직접 진행할 예정으로,
대학 선후배 간 자유로운 분위기에서 소통할 수 있는 시간이 될 것으로 기대합니다.
듣.보.Job concert에서는 채용 프로세스 소개와 직무 설명은 물론,
대학 선배의 취업 노하우, 질의응답 등 다양한 구성으로 진행될 예정입니다.
하기 포스터의 신청 안내를 확인하시고, 듣.보.Job concert에 많은 참여 부탁드립니다.
+ 3/16(수) 행사직전까지 최대한 신청을 받을 예정이니 혹, 정해진 시간에 신청하지 못하셨더라도 우선 링크로 신청해보세요~!
신청 링크:
https://forms.gle/DSK2Sok7ZtTrSjUE9"
chemistry,"[현대카드/현대커머셜] 2022 Summer Internship 인재 모집 (~3/21, 14시)",N/A,2022.03.11,https://chem.ssu.ac.kr/%ea%b3%b5%ec%a7%80%ec%82%ac%ed%95%ad/?term_id&slug=3113,"현대카드/현대커머셜에서 2022 Summer Internship 인재 모집을 진행하고 있습니다.
많은 관심 부탁드립니다.
–  [현대카드/현대커머셜] 2022 Summer Internship
인재 모집
–
모집분야
:
– 상품기획 · 마케팅 / 리스크 / 재경 · 전략 / 경영지원 / Brand 등
접수기간
:
3.11(금) 오후 2시 – 3.21(월) 오후 2시
접수방법 :
www.careerhyundai.com
인재모집 홈페이지 통한 온라인 접수
기타 :
Linkedin ‘현대카드
· 현대커머셜’ 페이지를 팔로우하고 더 많은 소식 받아가세요.
Youtuve ‘ㅎㅋTV’채널과 ‘현대카드 · 현대커머셜 NEWSROOM’도 찾아주세요.
지원자격 :
– 기졸업자 또는 2022년 8월, 2023년 2월 졸업 예정자
– 국내(대한민국) 취업 및 해외 출장에 결격사유가 없는 자
– 남자의 경우 병역필 또는 면제자
– 영어 Speaking 성적(TOEIC Speaking 또는 OPIC) 필수 제출
– 전공무관
근무지 : 여의도 본사 근무
기타사항 :
– 채용 관련 부정 청탁 또는 입사 지원서 허위 기재 시 입사 취소 (추후 관련서류 제출 필요)
– 국가유공자 등 예우 및 지원에 관한 법률에 의거 취업지원 대상자 우대
문의 :
인재모집 홈페이지(
www.careerhyundai.com
) 내 ‘자주하는 질문’ 또는 ‘1:1문의’ 게시판 이용
모집구분 : 공고문 참조"
chemistry,"[포스코인터내셔널] 22년 상반기, 신입사원 수시 채용(~03.22. 화)",N/A,2022.03.10,https://chem.ssu.ac.kr/%ea%b3%b5%ec%a7%80%ec%82%ac%ed%95%ad/?term_id&slug=3110,"포스코인터내셔널에서 2022년 상반기, 신입사원 수시 채용을 진행 중 입니다. 많은 지원 바랍니다.
■(서류)접수 기간
2022.03.04.(금) ~ 03.22.(화) 14:00
■모집부문:
– 에너지(자원개발, 가스전운영)
– 해외영업(철강_자동차강판 : 일본영업, 중국영업)
■관련전공:
– 에너지 ①자원개발 : 기계공학, 토목공학, 조선해양공학, 자원공학 전공
– 에너지 ②가스전운영 : 전기전자공학 전공
– 해외영업 ①일본영업 /②중국영업 : 전공무관
■채용 행사(랜선 리쿠르팅 및 채용설명회 운영)
“포스코인터내셔널 선배사원에게 직접 듣는 생생한 직무이야기! 지금 신청해 보세요.”
[1. 랜선 리쿠르팅 안내]
– 랜선 리쿠르팅 참가 접수일 : 03.04.(금) ~ 03.10.(목) 10:00
– 상담 진행일 : 03.14.(월), 03.15.(화)
– 랜선 리쿠르팅 참가 신청 :
https://surveyn.kr/index/main/B8B062C99A085181688B319285193A80
[2. 채용 설명회 안내]
– 채용설명회(에너지부문) 접수일 : 03.04.(금) ~ 03.10.(목) 10:00
– 설명회 진행일 : 03.16.(수), 03.17.(목)
– 채용설명회(에너지부문) 참가 신청 :
https://surveyn.kr/index/main/1ABDDC13DFBEC49036DC74E9F4364FD5
■지원자격
– 입사 가능 일자 : 22년 05월 입사가 가능한 자
– 성적 : 최종학교 평균 성적 70점 이상(100점 만점 환산)
– 어학(필수) : 영어–토익스피킹 160점 이상 또는 OPIC IH 이상(20.03.01.이후 성적만 인정)
– 어학(선택) : 제2외국어(20.03.01.이후 성적만 인정)
– 병역 : 22.05.01. 이전 병역필(예정) 또는 면제자로 해외 여행에 결격 사유가 없는 자
■모집접수처
https://linktr.ee/withposco"
chemistry,[포스코그룹] 22년 상반기 포스코그룹 신입/경력 채용(~03.22. 화),N/A,2022.03.10,https://chem.ssu.ac.kr/%ea%b3%b5%ec%a7%80%ec%82%ac%ed%95%ad/?term_id&slug=3108,"상반기 포스코그룹 신입/경력 채용 모집이 시작 되었습니다.
많은 지원 바랍니다.
■서류기간 및 기업별 모집부문:
(1) 포스코
– 신입사원 채용(모집부문 상이) : 2022.03.04.(금) ~ 03.22.(화) 14:00
– 생산기술직 채용(*예정) : 2022.03.14.(월) ~ 03.28.(월) 14:00
(2)포스코인터내셔널
– 상반기 채용전환형인턴 채용(관리,영업) : 2022.03.04.(금) ~ 03.22.(화) 14:00
– 상반기 신입사원 수시 채용(에너지,해외영업) : 2022.03.04.(금) ~ 03.22.(화) 14:00
(3) 포스코건설
– 상반기 채용연계형인턴(모집부문 상이) : 2022.03.07.(월) ~ 03.25.(금) 14:00
(4) 포스코터미날
2차 신입직 채용(신입=공통부문) : 2022.03.04.(월) ~ 03.22.(화) 14:00
(5) 포스코케미칼
(*예정) : 2022.03.14.(월) ~ 03.28.(월) 14:00
■관련전공:
(그룹사 채용으로) 기업별 관련 전공 상이
■채용 행사(랜선 리쿠르팅_3개 사):
* 랜선리쿠르팅? : 직무별 선배사원에게 직접 듣는 생생한 직무 이야기!
신청해 주신 분들께 참가하실 수 있는 링크를 전달 드립니다.
– 포스코 / 랜선 리쿠르팅 참가 접수일 : ~ 03.10.(목) 10:00까지
– 포스코인터내셔널 / 랜선 리쿠르팅 참가 접수일 : ~ 03.10.(목) 10:00 까지
– 포스코건설 / 온라인 리쿠르팅 참가 접수일 : ~ 03.14.(월) 10:00 까지"
chemistry,[LG유플러스] 2022년 상반기 채용 (신입사원/신입개발자) (~3.21),N/A,2022.03.10,https://chem.ssu.ac.kr/%ea%b3%b5%ec%a7%80%ec%82%ac%ed%95%ad/?term_id&slug=3106,
chemistry,[LG전자] VS사업본부 채용연계형 인턴 채용 (~3.27 23:00),N/A,2022.03.10,https://chem.ssu.ac.kr/%ea%b3%b5%ec%a7%80%ec%82%ac%ed%95%ad/?term_id&slug=3104,"LG전자 VS사업본부에서 2022년 채용연계형 인턴 채용을 진행 중입니다.
자동차 전장 SW 분야와 영업 분야를 모집 중이니,
많은 관심과 지원 부탁드립니다.
2022년 LG전자 VS사업본부 채용연계형 인턴 모집
■모집기간
2022.03.07(월)
~ 2022.03.27(일) 23:00 마감
■모집분야
SW, 영업(B2B)
■모집대상
– 22년 8월 졸업 예정자 및 기졸업자(학사/석사)
– 인턴십 Full-Time 근무 가능한 자
– 국내/해외에서 학사/석사 또는 이와 동등한 효력이 인정되는 자격을 취득(예정)한 자
– 졸업구분을 “졸업예정”이 아닌 “수료”로 입력할 경우, 한 단계 아래 학위 졸업으로 간주합니다.
즉, 석사 수료는 학사 졸업, 학사 수료는 고등학교 졸업으로 간주하며, 그에 따라 학사 수료의 경우 지원 대상에서 제외됩니다.
– 졸업예정자의 경우 최종 입사 후 3개월 내 학위증명서를 제출하지 못할 시 입사가 취소될 수 있습니다.
– 최종 학위 및 졸업 예정일은 반드시 해당 학위 졸업 가능 여부와 시점을 감안하여 작성해 주시기 바랍니다.
– 입사 지원서 작성시 공학인증제는 해당자만 체크해주시기 바랍니다.
병역 및 기타 사항
– 군필자 또는 면제자에 한하며, 해외여행에 결격사유가 없는 자
– 산학장학생은 별도 모집 프로그램으로 선발합니다.
– 입사지원서 및 채용 전형 과정에서 허위 사실이 발각될 경우는 입사가 취소될 수 있습니다.
– 취업 보호 대상자(보훈 대상자/장애인)는 관련 법규 등에 의거하여 우대합니다.
■ 지원서 접수
반드시 LG그룹 채용사이트(
careers.lg.com
)을 통한 온라인 지원만 가능
지원하기 :
https://careers.lg.com/
자세한 채용공고는 아래 링크를 통해 확인 바랍니다.
☞
https://linktr.ee/applylge"
chemistry,[에이프로젠] 2022 대규모 채용 시작! [정제/완제/배양] (~ 3.20 23:00),N/A,2022.03.10,https://chem.ssu.ac.kr/%ea%b3%b5%ec%a7%80%ec%82%ac%ed%95%ad/?term_id&slug=3102,"2022 에이프로젠 대규모 채용 시작! [정제/완제/배양]
에이프로젠의 의약품을 ‘완성하는’ 인재를 찾습니다.
우리는 단순한 생산을 넘어서, 사람의 생명과 관련된 의약품을 완성하는 업무를 하고 있습니다.
사람의 생명을 살릴 수 있는 의약품을 제조한다는 ‘소명의식’
공동의 목표를 달성하기 위해 우리 모두 협력하는 ‘협동심’
대규모 생산이 가능한 에이프로젠에서 근무하고 싶은 ‘자부심’
생명에 직접적인 영향을 미치는 작업에 대한 청렴한 ‘윤리의식’
에이프로젠과 같은 방향을 추구하는 여러분이라면, 누구든지 환영합니다!
채용 정보 한번에 모아보기! >
https://aprogen-recruit.com/
■ 채용직무
– 배양
– 정제
– 완제
■ 4-STEP으로 끝나는 깔끔한 채용 절차!
서류전형 > 인적성검사(온라인) > 면접전형 > 최종합격
■ 모집 기간
2022년 3월 7일(월) ~ 3월 20일(일) 23시
바로 지원하기! >
https://aprogen.recruiter.co.kr/app/applicant/registResume?jobnoticeSn=90581&systemKindCode=MRS2"
chemistry,[ABInBev Korea 오비맥주] 정규직 전환형 Summer Intern 채용 (~04/08),N/A,2022.03.10,https://chem.ssu.ac.kr/%ea%b3%b5%ec%a7%80%ec%82%ac%ed%95%ad/?term_id&slug=3100,"※ 오비맥주 모집내용 자세히 보기 :
https://abinbevkorea-recruit.com
※ 오비맥주 지원하기 :
https://www.ob.co.kr/careers/notice
■ 지원기간
2022년 3월 7일(월) ~ 4월 8일(금) 23:59 까지
■ 모집전형
GMT / 생산부문 SET / 영업부문 SET
· GMT 2개월
비즈니스의 주요 부문을 경험하며 General Manager로 성장하고 싶은 인재
· 생산부문 SET 3개월
생산 물류 부문 전문가로 성장하고 싶은 인재
· 영업부문 SET 3개월
주류 영업 전문가로 성장하고 싶은 인재
■ 자격요건
· 전공무관
· 졸업 예정자 또는 경력 2년 미만의 기졸업자에 한함
■ 지원방법
채용 홈페이지(
https://abinbevkorea-recruit.com
)에서 내용 확인 후 지원하기 버튼 클릭하여 지원
(접수 마감일은 지원자의 폭주로 접수가 원활하지 않을 수 있으므로 마감일 이전에 입사지원서를 제출하여 주시기 바랍니다.)"
chemistry,[국가장학금]2022년 1학기 농림축산식품부 대학장학금 홍보요청드립니다.,N/A,2022.03.10,https://chem.ssu.ac.kr/%ea%b3%b5%ec%a7%80%ec%82%ac%ed%95%ad/?term_id&slug=3089,"2022.2.28(월)~3.15(화) 농어촌희망재단에서는 2022년 1학기 농림축산식품부 청년창업농육성장학금 대학장학금을 추가선발합니다.
등록금+학업장려금200만원을 지원하며, 진로분야 지원을 위해 취창업교육, 각종 연수제도까지 지원합니다.
농림부 국가장학금 신청 이제는 간편히 스마트폰으로 신청가능합니다.
장학신청도움 :
http://www.rhof.or.kr/jhelp2.jsp(장학정보영상,메뉴얼,취창업계획
,진로계획서 작성예시,장학신청,이벤트신청 모두가능합니다.)
장학빠른신청 바로가기(클릭) : (
http://youth.rhof.or.kr/index.do
)
바로안내:02-509-2114(실시간 안내가능)"
chemistry,[인턴/경력] 에이프릴스킨 디자인 인턴 및 경력 모집 (수시),N/A,2022.03.10,https://chem.ssu.ac.kr/%ea%b3%b5%ec%a7%80%ec%82%ac%ed%95%ad/?term_id&slug=3087,"업무내용
–
에이프릴스킨 국내 및 해외수출용 신제품 패키지 디자인
–
브랜드 리뉴얼 및 제품 리뉴얼 디자인
–
해외수출용 제품 디자인
,
문안 리뉴얼 작업
–
신제품 개발에 필요한 감리업무
–
에이프릴스킨 베스트 제품으로 구성된 기획세트 디자인
핵심역량
–
팀에 조화롭게 어울릴 수 있는 긍정적인 마인드
–
끊임없이 고민하는 것이 습관이 되어 제품을 심층적으로 분석하고 개발할 수 있는 역량
–
꼼꼼하고 디테일함이 필요한 영역에 강점이 있으신 분
–
마지막까지 비주얼 퀄리티를 향상시킬 수 있는 탄탄하고 밀도있는 실력
자격요건
[
필수자격
]
<인턴>
–
대졸이상 또는 7학기 이상 재학 중인 졸업예정자 중 합격 후 근무 및 계속 근로가 가능하신 분
– 관련경험 (인턴, 대외활동 등)이 있으신 분
– 뷰티 제품 패키지 디자인에 관심 있으신 분
<경력>
–
대졸이상
–
제품디자인 경력
1
년 이상이신 분
[
우대사항
]
–
뷰티 브랜드에서 재직하였거나
,
뷰티 제품 핸들링 경험이 있으신 분
–
해외용 제품 디자인 경험이 있으신 분
기타사항
[
고용형태
]
<인턴>
​- 인턴 계약직 (3개월)
**기간내 근무우수자에 한해 정규직 전환 기회 부여
<경력>
–
고용형태
:
정규직
[
급여 및 처우
]
<인턴>
-월 250만원 (세전)
<경력>
–
연봉
:
면접 후 협의
[
근무조건
]
–
근무시간
:
시차출퇴근제도 시행
(
오전
8
시
~ 11
시 사이
30
분 단위로 출근시간 선택
)
–
근무지
:
잠실 롯데월드타워
36
층
,
에이피알 본사
모집기간
– 본 공고는 채용마감일이 도래하지 않더라도 조기에 마감될 수 있는
수시채용 공고로 진행됩니다.
– 모든 수시채용의 마감일자는 당월/익월 말일입니다.
*1~15일 게시 공고: 당월 말일
*16~31일 게시 공고: 익월 말일
– 채용이 완료되지 않을 경우 매월 1일에 공고가 재업로드됩니다.
(당월 1일이 주말/공휴일일 경우, 영업일 기준 당월 첫 날 오전 10시에 재업로드됩니다.)
– 전월 공고에 제출한 지원서도 정상 검토됩니다.
서류발표
– 입사지원서 제출일 기준 2주 이내에 개별적으로 서류전형 결과를 안내드리고 있습니다.
– 결과 발표일보다 전형결과 안내가 늦어질 경우 별도 연락드릴 예정입니다.
​"
chemistry,[라인] 2022 상반기 신입 LINER 공개채용(~3.21),N/A,2022.03.10,https://chem.ssu.ac.kr/%ea%b3%b5%ec%a7%80%ec%82%ac%ed%95%ad/?term_id&slug=3085,"[
라인
] 2022
상반기 신입
LINER
공개채용
라인에서 2022년 상반기 공개채용을 진행합니다.
★2022 상반기 LINE 공개채용 자세한 내용 확인하기
https://newliner-recruit-2022-1h.com
[온라인 직무 설명회]
각 모집 부문에 대해 LINER들로부터 직접 자세히 들어보고
실시간 질문도 할 수 있는 온라인 직무 설명회에 초대합니다!
직무설명회는 03.10(목) 12:50PM 부터 위
링크
에서 시청 가능합니다.
당일 링크 접속이 어려운 경우,
LINE CAREERS 유튜브 채널
에서 확인 부탁드립니다.
직무별 세부 일정 보기 :
https://newliner-recruit-2022-1h.com/
지원자격
– 2022년 8월 학사/석사 학위 취득 예정 또는 경력 2년 미만의 학사/석사 학위를 보유하신 분
– 병역필 또는 면제자로 해외출장의 결격사유가 없으신 분
접수기간
2022.03.04 11AM – 2022.03.21 5PM
전형절차
지원서 접수 – 코딩 테스트 – 필기 테스트 – 1차 면접 – 2차 면접 – 채용검진 – 입사
※ 채용검진을 제외한 모든 전형은 온라인으로 진행됩니다.
LINE에 대해 궁금하다면?
https://www.youtube.com/watch?v=vPUXNd2aBhA
지원분야
– Android/iOS Engineer (LINE Messenger App)
– Software Quality Engineer
– VoIP Client Engineer
– Web Front-end Engineer
– Messaging Server Engineer
– Messaging Data Engineer
– Media Service Server Engineer
– Contents Service Dev Server Engineer
– Media & Live Platform Server Engineer
– Social Platform Server Engineer
– ML Platform Engineer
– Database Engineer
– Cloud Platform Engineer
– Game Platform Server Engineer
– Android Engineer (Food-tech Service App)
– LINE Ads Back-end Engineer
– Global Commerce Back-end Engineer
– Application Security Engineer
– Fintech Server Engineer
– Blockchain/NFT Server Engineer
– Blockchain Platform DevOps Engineer"
chemistry,[현대그룹] 2022년 상반기 현대그룹 신입 매니저 채용 (2/28~3/14),N/A,2022.03.10,https://chem.ssu.ac.kr/%ea%b3%b5%ec%a7%80%ec%82%ac%ed%95%ad/?term_id&slug=3083,"1.
모집 계열사
:
현대엘리베이터
/
현대무벡스
2.
모집 직무
:
설계
/R&D/
설치
/
품질
/DT/
영업
/
경영관리
/IT
등
*
계열사에 따라 모집 직무가 다름으로 세부 내용은 마이크로페이지 확인 부탁드립니다
.
3.
모집 기간
: 2
월
28
일
(
월
),10
시
~ 3
월
14
일
(
일
), 23
시
4.
자세한 내용 알아보기
:
http://connect-hyundai.com/"
chemistry,2022학년도 1학기 유고결석 안내,N/A,2022.03.02,https://chem.ssu.ac.kr/%ea%b3%b5%ec%a7%80%ec%82%ac%ed%95%ad/?term_id&slug=3072,"2022학년도 1학기 유고결석과 관련한 사항을 아래와 같이 안내하니, 협조하여 주시기 바랍니다.
1. 협조 요청사항
가. 단과대학에서는 아래 내용을 학과(부)에 전달해주시기 바랍니다.
나. 단과대학 및 학과(부)에서는 붙임 파일을 게시판에 게시‧ 안내하여 주시기 바랍니다.
다. 유관 부서에서는 유고결석 진행 방법 및 유의사항을 업무에 참고하여 주시기 바랍니다.
라. 증빙서류 위조(PCR검사 결과 문자 조작, 진료확인서 조작 등)는 교내 징계뿐만 아니라
형법상 공/사문서 위조죄 관련 규정에 따라 형사처벌 대상이 될 수 있는 범법행위임을
학생들에게 교육/안내해주시기 바랍니다.(2021학년도 유고결석 증빙서류 허위(위조)
제출 발각된 5명의 학생은 전원 학칙에 의거 징계처리됨)
2. 코로나19 관련 유고결석 백신공결제 운영 유지 안내
가. 관련 규정 및 공문
1) 학생생활규정 제22조(유고결석)
2) 학사관리에 관한 내규 제7조(출석인정의 예외)
3) 교육부 대학학사제도과-9288(2021.08.10.) ‘2021학년도 2학기 대학 학사 운영 및
방역 관리 방안 송부’
대학생 백신공결제 운영 권고(교육부)
2학기 학사운영 기간 동안 18~49세 청장년층에 대한 백신접종(1차: 8.26.~9.30.)이 이루어질 것으로 예상되는 바, 학생들에게 백신접종으로 인한 불이익이 발생되지 않도록 백신공결제 도입 등이 학사운영에 반영될 수 있도록 조치하여 주시기 바랍니다.
3. 2021-2학기 대비 코로나19 관련 유고결석 인정 범위 변경 안내
(보건당국 방역지침 및 학사팀 학사운영방안에 따름)
가. 주요 변경사항:
[발열, 기침 등 의심증상자], [최근 2주 유증상자 접촉자] 등 삭제
나. 적용 규정: 학생생활규정 제22조 1항 7. 기타(학생처장이 승인하는 사유로
결석하고자하는 학생은 유고결석을 신청할 수 있음)
다. 유고결석 인정 사유: 아래와 같은 코로나19 감염병 관련 사유로 결석하는 경우
사유 구분
증빙서류
허용 기간
비고
코로나19 확진자
격리통지서(문자 가능)
/ 입퇴원확인서 등
입원/격리일자
※유고결석 신청과는 별개로 LMS 코로나19확진 자가신고 반드시 진행)
코로나19 격리대상자
(보건 당국의 격리 통지가 있는 경우에만 해당)
격리통지서(문자 가능)
격리일자
※ 보건당국 지침 변경이 있을 경우 변경될 수 있음
코로나19 백신 접종자
(백신 종류에 따라 2회 접종이 시행되는 경우, 회차별 동일 기준 적용)
접종 당일
및 익일
이상반응
발생자
[필수] 백신 접종 사실 증빙서류
(아래 서류 중
택
1
)
⦁코로나19 백신 예방접종내역 확인서
⦁본인 성명 기재된 접종완료 카톡/문자
⦁본인 성명 기재된 백신접종증명 화면 캡쳐 등
접종 당일 및 익일
접종 후
2~3일 이상
이상반응
발생(지속)자
[필수] 백신 접종 사실 증빙서류
[필수] 이상반응으로 인해 병원 내원 /입원하여 받은 진료확인서 / 입퇴원 확인서(진단서/소견서 등)
※ 백신 접종 사실 증빙서류 및 진료확인서 2개 다 제출
진료/입원일
※ 교육부 공문(학생건강정책과-1361) ‘코로나19 음성확인서 및 격리해제 통지서 발급 요청
자제 관련 협조 요청’에 따라
입원/격리 통지 문자
인정 예정
4
. 유고결석 인정기간 안내
:
총 수업일수의 3분의 1 이내
※ 자세한 사항은 붙임 파일 참조
5. 유고결석 관련 유의사항
가. 공식행사의 경우 단과대학(행정부서 포함)을 통해 행사 진행 10일 전 학생서비스팀으로
유고결석 요청 공문을 발송하여야 하며, 행사 참가자 최종 명단은 행사 종료 3일 이내
담당자 메일 (yejong
@ssu.ac.kr
)로 발송해야 함
나. 유고결석 신청 및 승인은 재학생 u-saint에서 결석 신청 → 학생서비스팀에서 증빙서류
확인 후 승인 → 담당 교수 최종 승인으로 진행
※ 학사관리에 관한 내규 제7조(출석인정의 예외)에 의해 유고결석 최종 인정 여부는
교수의 권한임
다. 수업 외의 활동은 유고결석 승인이 불가(행정부서의 업무 지원, 봉사 활동 등) 하며,
학기 중에는 불필요한 유고결석 신청은 자제 요청
라. 규정에 의하여 학생이 기간 안에 유고결석 미신청 시 신청 불가함
붙 임: 1. 2022학년도 1학기 유고결석(보건결석) 한눈에 보기 안내 1부
2. 유고결석 승인 요청 공문 샘플 및 양식 1부
3. 재학생 유고결석 신청 방법 안내 1부. 끝."
chemistry,중원고등학교 화학 기간제교사 모집(2022.03.02~2023.02.28(연장 가능성 있음)),N/A,2022.02.24,https://chem.ssu.ac.kr/%ea%b3%b5%ec%a7%80%ec%82%ac%ed%95%ad/?term_id&slug=3061,"중원고등학교 화학 기간제교사 모집
ㅤ
기간제 교사 모집 공고
1. 과목: 화학
2, 채용기간: 2022.03.02~2023.02.28(연장 가능성 있음)
3. 자격: 중등학교 2급 정교사 자격증
4. 연락처:사무실 032-320-5923, hp 010-3253-2664 중원고교무부장 신희길
5. 기타: 3월2일 개학 전 꼭 채용이 되어야 합니다. 적극적으로 지원해주시길 당부드립니다."
chemistry,[연계전공안내]2022학년도 1학기 차세대반도체학과 신청 안내,N/A,2022.02.17,https://chem.ssu.ac.kr/%ea%b3%b5%ec%a7%80%ec%82%ac%ed%95%ad/?term_id&slug=3054,"2022학년도 1학기 차세대반도체학과 연계전공 이수를 희망하는 학생은 아래의 내용을 참조하여 신청해주시기 바랍니다.
ㅤ
ㅤ
1. 연계전공이란?
차세대반도체 연계전공에 참여하는 학과의 소속 학생은 차세대반도체학과 개설 교과 21학점
이상과 본인 소속학과 지정 교과 21학점을 이수하여 요건을 충족하는 경우 연계전공의 이수를
인정함 (학위증에 “연계전공”으로 표기)
ㅤ
2. 참가자격
: 아래 소속학과 재학생
가. 물리학과
나. 화학과
* 연계전공 참여학과는 물리학과, 화학과 외 타 학과로도 지속적으로 확대 예정
ㅤ
3. 이수 요건
차세대반도체학과 전공 과목 21학점 이상 + 소속학과 지정 과목 21학점
ㅤ
참여 학과
참여 학과 지정 과목
물리학과
현대물리
,
파동과 스펙트럼
,
양자역학
1.
통계물리
1,
전자소재물리
,
반도체물리
,
광학
화학과
분석화학
1,
분석화학
2,
기기분석
,
유기분석
,
물리화학
2,
생물리화학
,
물리화학특강
ㅤ
4. 신청 기간
: 상시 접수(학위 과정에 등록하여야 각종 혜택을 받을 수 있음)
ㅤ
5. 신청 방법
: 구글 설문 링크 접속하여 응답 후 제출_
https://forms.gle/rXWmbfgijb9RpD9fA
ㅤ
6. 선발 방법
: 신청가능 학과(부) 소속 재학생이 이수 신청할 경우 자동 승인
ㅤ
7. 문의
가. 차세대반도체학과 행정팀(02-829-8225/8226,
disu@ssu.ac.kr
)
나. 소속학과 연락처 기재
(참고: 혁신공유대학 홈페이지_
https://semicon.disu.ac.kr
)
ㅤ
구글설문링크 qr코드"
chemistry,[기초과학융합연구소][세부과제] 자율운영 중점연구소 2차년도 연구지원 프로그램 신규과제 공모,N/A,2022.02.09,https://chem.ssu.ac.kr/%ea%b3%b5%ec%a7%80%ec%82%ac%ed%95%ad/?term_id&slug=3047,"안녕하십니까 기초과학융합연구소입니다.
2022년 자율운영 중점연구소 2차년도 연구지원 프로그램 신규과제 지원 및 선정 계획을 다음과 같이 공고합니다.
아래 사항을 확인하시고 첨부파일의 연구계획서를 작성하여 신청하여 주시기 바랍니다.
1.접수기간 :  2022년 1월 17일 ~ 2022년 2월 11일
2.접수처 : 기초과학융합연구소 이메일로 연구계획서 제출 (iibs_grant@ssu.ac.kr)
3.주의사항
• 해당 기간 내 접수 완료가 되지 않을 경우, 별도 구제 절차가 없습니다.
• 연구책임자로 씨앗, 신진, 도약, 융합 연구 중 1개 과제만 신청이 가능합니다
4.문의처: 02-820-0818
2022년 1월 17일
숭실대학교 기초과학융합연구소장"
chemistry,2022학년도 화학과 교직이수 선발자 공지,N/A,2022.02.04,https://chem.ssu.ac.kr/%ea%b3%b5%ec%a7%80%ec%82%ac%ed%95%ad/?term_id&slug=3043,"2022학년도 화학과 교직이수 선발자 명단입니다.
일련 번호
학과(부)명
성명
학번
입학 연월일
1
화학
김*윤
20****36
2020.03.01
2
화학
방*서
20****42
2020.03.01
3
화학
제*빈
20****59
2020.03.01
4
화학
윤*후
20****85
2020.03.01
문의사항은 학과사무실로 연락주시기 바랍니다
."
chemistry,2021학년도 기초과학융합연구소 학부생 동계인턴십 모집,N/A,2021.12.14,https://chem.ssu.ac.kr/%ea%b3%b5%ec%a7%80%ec%82%ac%ed%95%ad/?term_id&slug=3036,"숭실대학교 기초과학융합연구소에서는 3~4학년 학부생을 대상으로 연구를 직접 수행할 수 있는 기회를 제공하여 우수한 연구 인력 양성 및 대학원 진학을 돕고자 학부생 인턴십 과정을 모집합니다. 대학원 연구실에서 연구책임자(교수)의 지도 아래 대학원생들과 함께 조기에 연구 활동 및 실험실 생활을 경험할 수 있는 인턴십 프로그램을 운영할 예정이오니, 학생 여러분의 많은 참여 바랍니다.
ㅤ
1. 모집내용 및 지원대상
• 2021학년도 기초과학융합연구소 학부생 동계인턴십
• 연수기간 : 2022년 1월 3일(월) ~ 2022년 2월 28일(월) (2개월)
• 연수장소 : 숭실대학교 자연과학대학 교수 연구실 및 실험실
• 장려금액 : 600,000원 (기타소득 공제전 금액)
• 2021학년도 2학기 숭실대 자연과학대학 학부재학생 3~4학년 (휴학생 지원불가)
ㅤ
2. 신청서류 및 제출기간
• 인턴십 과정 참여 신청서(붙임 1) 1부
• 개인정보 수집 이용제공 동의서(선발 후 제출, 붙임2) 1부
• 제출기간 : 2021년 12월 24일 (금) 까지
ㅤ
3. 신청과정 및 유의사항
• 인턴십 참여 희망 학생은 희망 지도교수에게 참여 신청 및 추천서에 확인(도장/서명)을 받고 스캔본(pdf)을 이메일로 제출(iibs_hr@ssu.ac.kr)
• 지원금 전액 환수 기준
가. 지도교수는 학생의 불성실 등을 사유로 중단 요청 가능
나. 결과보고서 미제출 시 지원금 전액 미지급
ㅤ
4. 결과발표
: 제출기간 후 일주일 이내 선발여부를
메일
로 통보
ㅤ
감사합니다.
기초과학융합연구소
02-820-0818"
chemistry,21.12.01(수) 양자나노융합 포스터 발표 시상식,N/A,2021.12.06,https://chem.ssu.ac.kr/%ea%b3%b5%ec%a7%80%ec%82%ac%ed%95%ad/?term_id&slug=2999,"지난 12/1(수)에 베어드홀 101-4호에서 포스터발표 우수작 상장 수여식이 있었습니다.
ㅤ
김자헌 학과장님, 김종훈 교수님, 강원철 교수님께서 시상해주셨습니다.
ㅤ
수상을 한 9명의 학생들 모두 진심으로 축하합니다!
ㅤ"
chemistry,[일반대학원]2022-1학기 학·석사연계과정 지원 및 선발 안내,N/A,2021.11.24,https://chem.ssu.ac.kr/%ea%b3%b5%ec%a7%80%ec%82%ac%ed%95%ad/?term_id&slug=2993,"안녕하십니까
일반대학원 교학팀입니다.
ㅤ
본교에서는 우수한 학사과정 학생들의 석사과정 진학을 지원하고, 대학원 과정 활성화 및 연구인력 확보를 위해 2015년 부터 학·석사연계과정을 운영하고 있습니다.
관련하여 2022학년도 1학기 학·석사연계과정에 대한 내용을 아래와 같이 안내해드립니다.
ㅤ
———————————————————-
1. 지원기간
: 2021년 12월 6일(월)~12월 23일(목)
2. 모집학과
: 학사과정과 석사과정에 동일(또는 유사)학과가 있는 학과(계약학과 제외)
3. 지원자격
:다음 각호 모두에 해당되는 자
가. 지원일 당시 학사과정 4학기 이상 6학기 이내 재학중(건축학부 건축학전공은 6학기 이상 8학기 이내 재학중)인자 (학·석사연계과정 신청자는 조기졸업 신청을 할 수 없음)
나. 재수강 이전 과목, 학점포기한 과목, F학점 과목 등을 포함한 전체 과목의 총평점평균이 3.0 / 4.5 이상인 자
다. 7학기 또는 8학기(건축학부 건축학 전공은 9학기 또는 10학기)에 학사과정의 졸업요건을 충족할 수 있는 자
라. 지원하고자 하는 일반대학원 학과 주임교수와 지도교수의 추천을 받은 자
마. 지원하고자 하는 일반대학원의 동일(또는 유사)학과를 주전공 또는 복수전공으로 하는자(부전공, 연계전공은 해당 없음)
4. 제출서류 및 지원방법
가. 학·석사연계과정신청서 1부.
나. 대학원 교학팀으로 방문 접수(웨스트민스터홀 658호)
5. 선발인원
: 석사과정 입학정원의 20%
6. 발표일
: 2022년 1월 28일(금) 예정 – 학과 및 개별 통지
7. 문의처
: 대학원 교학팀(02-820-0258~9 / grad@ssu.ac.kr)
8. 관련 공지
: 대학원 홈페이지 공지사항 https://grad.ssu.ac.kr/
ㅤ
첨부파일 : 2022-1 학석사연계과정 신청서 1부."
chemistry,[PCR 확인검사업무 아르바이트 모집 안내],N/A,2021.11.08,https://chem.ssu.ac.kr/%ea%b3%b5%ec%a7%80%ec%82%ac%ed%95%ad/?term_id&slug=2986,"[PCR 확인검사업무 아르바이트 모집 안내]
ㅤ
가. PCR검사 확인업무기간 : 2021.11.15(월)~12.17.(금) <5주간>
나. 모집기간 : ~2011.11.17(수) 12:00까지
다. 업무장소 : 베어드홀 로비
라. 업무시간 : 매주 월~금 08:30~18:30 (시간선택)
마. 아르바이트 시간당 지급금액 : 8,800원
바. 비고 : 1인 근무시간 주당 15시간 이내
사. 기타문의 : 학과사무실 또는 자연과학대학 교학팀 (820-0403)"
chemistry,"C,C++관련 학부생 인턴모집(우주물질연구소)",N/A,2021.10.26,https://chem.ssu.ac.kr/%ea%b3%b5%ec%a7%80%ec%82%ac%ed%95%ad/?term_id&slug=2981,"숭실대학교 우주물질연구소에서 C,C++을 능숙하게 다루는 학생을 찾습니다.
ㅤ
-업무: 매트랩으로 쓰여진 A4용지 3장짜리 프로그램을 C/C++로 바꾸는 작업 (일의 진행에 따라 좀 더 확장할 가능성있음)
-조건: 미분 방정식 기본 개념 숙지 필수
-업무방식: 자유근무, 일주일에 두번 1시간가량 미팅으로 업무진전도 공유
-급여: 2022.2까지 50-80만원 지급예정 (2월 이후 협의후 결정)
-혜택: 성과가 좋으면 공동논문작성, 학회출장 지원, 취업,진학, 유학시 필요 추천서 작성가능
-접수처:
pkiwan@ssu.ac.kr
또는
omeg@ssu.ac.kr
로 접수.
ㅤ
기본적인 이론과 내용을 일이 진행됨에 따라 천천히 배우면서 진행됩니다.
단순 보조업무와는 달리 이력서나 자기소개서에 매우좋은 경력이니 학생들의 많은 관심 부탁드립니다.
ㅤ
우주물질연구소장 천명기 배상"
chemistry,2021-2학기 포스터발표 시상을 위한 펀시스템 등록 안내,N/A,2021.10.22,https://chem.ssu.ac.kr/%ea%b3%b5%ec%a7%80%ec%82%ac%ed%95%ad/?term_id&slug=2976,"2021-2학기 포스터 발표 시상에 관한 안내입니다.
ㅤ
양자나노융합전공 참여학과(화학, 물리)에서 각 7명을 시상할 예정입니다.
(연구실당 1명을 추천하여 시상: 대상 1명 20만원/ 최우수 2명 10만원/ 우수상 6명 5만원)
ㅤ
비교과프로그램의 일환으로 시상을 진행하기 때문에 아래 링크(펀시스템)에서 직접 신청한 학생만 수상 가능합니다.
ㅤ
다음은 신청 안내입니다.
ㅤ
◈신청 링크:
https://fun.ssu.ac.kr/ko/program/all/view/2139
◈신청 기간: 21.10.21(목) ~ 21.11.01(월) 23:45
ㅤ
졸업 논문 발표자들의 많은 참여 바랍니다.
ㅤ
문의: chem@ssu.ac.kr"
chemistry,2021년 2학기 포스터발표 안내,N/A,2021.10.12,https://chem.ssu.ac.kr/%ea%b3%b5%ec%a7%80%ec%82%ac%ed%95%ad/?term_id&slug=2971,"2021-2학기 졸업논문 포스터발표 관련 공지입니다.
코로나로 인해 이번 학기에도 온라인으로 포스터 발표를 진행합니다. (10.12(화)~)
ㅤ
ㅤ
발표 영상은 아래 링크에서 확인 가능합니다.
ㅤ
https://youtube.com/playlist?list=PLulBDtMkulz13tkMw9CgyAaKUXsGOsbXP
ㅤ
많은 관심과 참여 부탁드립니다.
ㅤ
감사합니다.
ㅤ
ㅤ
화학과 사무실
문의: 02-820-0430
chem@ssu.ac.kr"
chemistry,21-2학기 3학년 논문지도교수 미신청 학생 안내,N/A,2021.10.05,https://chem.ssu.ac.kr/%ea%b3%b5%ec%a7%80%ec%82%ac%ed%95%ad/?term_id&slug=2966,"3학년 학생 중 졸업논문 지도교수 미신청자는 아래 내용을 참고하여 10/8(금)까지 신청해주시기 바랍니다.
기한 내에 신청하지 않은 학생은 학과사무실에서 확인 연락 하도록 하겠습니다.
.
1.  신청 방법:
첨부 파일 양식을 작성하여 chem@ssu.ac.kr로 제출
2. 신청 기한:
10/8(금) 오후 5시
.
감사합니다.
문의: 02-820-0430"
chemistry,2022학년도 전기 대학원 정시모집 안내,N/A,2021.10.05,https://chem.ssu.ac.kr/%ea%b3%b5%ec%a7%80%ec%82%ac%ed%95%ad/?term_id&slug=2962,"2022학년도 전기 대학원 정시모집 안내
.
1. 모집일정
– 원서접수: 2021.10.05.(화)~2021.10.15.(금)
– 전형일: 2021.10.30.(토)
– 합격자발표: 2021.11.25.(목) 예정
– 합격자등록: 2022.01.04.(화)~2022.01.06.(목)
.
2. 기타사항: 붙임 모집요강 참조"
chemistry,[21.10.1~22.02.28]대원국제중학교 기간제교원 채용,N/A,2021.09.27,https://chem.ssu.ac.kr/%ea%b3%b5%ec%a7%80%ec%82%ac%ed%95%ad/?term_id&slug=2957,"기간제교원 채용 공고
2021학년도 대원국제중학교 기간제교원 채용 계획을 다음과 같이 공고합니다.
2021년 9월 16일
대 원 국 제 중 학 교 장
━━━━━━━━━━━━━━━━━━━━━━━━━━━━━━━━━━━━━━━━
채용과목 및 인원
과목
인원
계약기간
비 고
과학
1
2021. 10. 1.(금) ~ 2022. 2. 28.(월)
출산휴가 및 육아휴직 대체
자격요건
가. 응모 자격: 임용 상한 연령(교육공무원의 정년 만62세와 동일하게 학기말까지 적용) 미 해당자.
나. 자격: 과학 교과 교원 자격증 소지자
다. 채용의 제한(다음 각 호의 하나에 해당하는 자는 응모할 수 없음)
(
「
사립학교법
」
제
54
조의
3)
1) 「국가공무원법」 제33조(결격사유) 각 호의 어느 하나에 해당하는 자
2) 「교육공무원법」 제10조의3(채용의 제한)제1항 및 제10조의4(결격사유)에 해당하는 자
3) 「교육공무원 임용령」 제11조의4(부정행위자에 대한 조치) 제1항 및 제2항 해당하는 자
4) 병역복무 중인 경우 채용일까지 미전역 예정자
5) 「아동·청소년의 성보호에 관한 법률」 제56조(아동·청소년 관련기관 등에의 취업제한 등) 제1항 해당자
6) 퇴직일로부터 2년이 경과하지 않은 명예퇴직 교원(2017. 4. 1. 이후부터 적용)
– 단, 1, 2차까지 공개채용 모집에도 불구하고 지원자가 없을 경우 예외적으로 임용 가능
7) 채용비리와 관련하여 임용계약이 해지되었던 기간제교원
8) 기타 관계법령에 의하여 임용에 결격사유가 있는 자
9) 장애인등록증 소지자 우대
구비서류
구분
제출서류
제출일
비고
지원자 공통
가. 지원서 및 자기소개서(본교소정양식)【붙임】
원서접수
기간
서류전형 합격자
나. 교원자격증 사본 또는 자격 인정 조서
다. 병적증명서 또는 주민등록표 초본
라. 최종학력증명서
마. 경력증명서
2차 전형
당일
최종합격자
바. 채용신체검사서(1년 이내)
사. 성범죄경력조회 및 아동학대관련범죄전력조회 동의서
추후 안내에 따름
근무 조건
가. 신분
o 각급학교 교원의 임용권자가 교원자격증을 가진 자 중에서 기간을 정하여 임용(「사립학교법」 제54조의4)
o 기간제교원의 교권은 존중되어야 하며, 교원은 그 전문적 지위나 신분에 영향을 미치는 부당한 간섭을 받지 아니함(「교육공무원법」 제43조제1항이 「교육공무원법」 제32조제3항의 제외항목에서 빠짐, 2018. 12. 18. 일부개정)
o 기간제교원은 정규교원으로 임용됨에 있어 어떠한 우선권도 인정되지 않음
(「교육공무원법」 제32조제2항)
o 임용기간이 끝나면 당연히 퇴직(「교육공무원법」 제32조제3항)
나. 계약기간: 2021. 10. 1. ～ 2022. 2. 28.
다. 보수: 「공무원보수규정」 제8조에 따라 산정된 호봉의 봉급을 지급하되, 계약에 따른다.
마. 근무시간: 전일제 근무
바. 후생복지: 건강보험, 고용보험, 산재보험, 국민연금 가입
사. 복무: 원칙적으로 계약에 의하되, 교원복무사항 등을 준용
원서 접수 및 심사 일정
순서
일정
추진 내용
비고
1
2021.09.16.(화)~09.23.(목) 16:00까지
채용 공고 및 원서 접수
메일접수(
hekr12@daum.net
)
2
2021.09.24.(월)
서류 심사 및 합격자 발표
개별 통보
3
2021.09.27.(월)
수업실연 및 면접 심사
4
2021.09.28.(화)
최종 합격자 발표
개별 통보
5
2021.10.01.(금)~
채용 계약
▶
원서 접수
1) 기간: 2021. 9. 16.(화요일) 09:00 ～ 2021. 9. 23.(목요일) 16:00까지
2) 방법: 이메일 접수(hekr12@daum.net)/파일명: 과목_지원자이름(<예> 과학_홍길동)
3) 학교 홈페이지에서 지원서 접수 방법 확인 후 관련 서류 접수
유의 사항
가. 지원서 등에 허위 기재 또는 기재 착오, 구비서류 미제출 등으로 인한 불이익은 임용 희망자 본인의 책임입니다.
나. 임용 희망자는 자격 요건 등이 적합한가를 우선 판단하여 원서를 접수하기 바라며, 제출한 서류는 일체 반환하지 않습니다.
다. 지원서나 각종 증명서의 기재 내용이 법규를 위반한 경우, 임용 자격을 제한하거나 임용을 취소할 수 있습니다.
라. 지원자 중 적격자가 없을 경우에는 선발하지 않을 수 있습니다.
마. 최종합격자 결정 후 결격사유 등의 이유로 합격이 취소되는 경우 후순위자를 임용할 수 있습니다.
바. 본 계획은 사정에 의하여 변경될 수 있으며, 변경된 사항은 재공고 후 시행할 예정입니다.
사. 기간제교원으로 임용되더라도 추후 정규 교원으로 임용하거나, 임용시험 시 가산점 등의 혜택은 없습니다.
아. 기타 자세한 사항은 대원국제중학교로 문의(☎ 02-2204-1592)
학교 정보
가. 위치: 지하철 7호선 중곡역 1번 출구(도보 약 15분)
나. 전화번호: 02-2204-1592~1594
다. 학교 홈페이지 주소:
http://www.daewon.ms.kr/"
chemistry,2021년 숭실대학교 교수협의회 장학생 선발 안내,N/A,2021.09.10,https://chem.ssu.ac.kr/%ea%b3%b5%ec%a7%80%ec%82%ac%ed%95%ad/?term_id&slug=2951,"2021학년도 숭실대학교 교수협의회 장학생 선발을 다음과 같이 안내하오니 본교 학부 재학생(휴학생, 졸업유예 포함)의 많은 신청 바랍니다.
.
– 다 음 –
.
1. 수상내역
1) 학술영역 진리상: 전공영역과 관련하여 대외적으로 학교의 명예를 드높이거나, 대내적으 로 전공과 관련한 학술활동에 적극적으로 참여한 자. 2) 봉사영역 봉사상: 봉사활동을 통하여 국가 및 지역 사회에 도움을 주고자 적극적으로 활동함으로써 학교의 명예를 드높인 자.
2. 선발인원
1) 진리상: 5명
2) 봉사상: 5명
3. 포상대상 및 포상내역
1) 포상대상: 본교 학부 재학생(휴학생, 졸업유예 포함)
2) 포상내역: 교수협의회에서 수여하는 장학증서와 포상금
(장학금 1인당 1,000,000원, 국가장학금과 중복 수혜가능)
4. 장학생 수상자 발표: 2021년 10월 6일(수) 예정
교수협의회 홈페이지 공지사항 (http://prof.or.kr/)
5. 포상일시: 2021년 10월 11일(월) 예정
6. 제출서류 1) 신청서(소정양식) 1부
2) 재학증명서 1부
3) 성적증명서 1부 (2021학년도 1학기 포함하여 재학기간 전체)
4) 추천서
– 자유양식, 추천인(교수 및 외부인사)이 직접 교협 메일로 추천서 송부
① 진리상: 소속학과(부) 교수 2인
② 봉사상: 소속학과(부) 교수 1인과 봉사관련 외부 인사 1인
5) 해당 영역 활동사항 및 사항별 증빙자료
6) 기타 심사에 도움이 되는 자료
7. 신청기간: 2021년 9월 9일(목)~9월 30일(목) 17시
8. 접수 및 문의: prof@ssu.ac.kr (코로나19 확산 방지를 위해 메일로만 접수 받습니다.)
교수협의회 사무국 (02-820-0860)
.
※ 세부사항은 학교 홈페이지 팝업창 및 게시판, 교수협의회 홈페이지, 숭대시보, 총학생회 홈
페이지, 각 단과대학 게시판 등을 참조 바랍니다. 교수협의회 장학생 선발위원회"
chemistry,2021-2학기 졸업논문 일정,N/A,2021.09.07,https://chem.ssu.ac.kr/%ea%b3%b5%ec%a7%80%ec%82%ac%ed%95%ad/?term_id&slug=2936,"안녕하세요, 화학과 사무실입니다.
21-2학기 졸업논문 일정에 대한 안내입니다.
*
*
▣최종 평가(2022년 2월 졸업 예정자)
*
1. 포스터발표
-제출 기한 : 10.08(금)
-제출 방법: chem@ssu.ac.kr 로 메일 제출 (메일 제목: 21-2 포스터발표_학번_이름)
-제출 파일:
1) PPT 발표 영상
2) ppt 파일 (파일명:21-2_포스터발표_학번_이름)
-발표 형식: 온라인(유튜브) 영상 게시 – 코로나로 인해 비대면 발표로 진행됩니다.
-발표 기간: 10/11(월)~10/18(월)
-심사 기간: 10/18일 까지, 1학생당 2명 심사(지도교수+화학과 교수)
*
2. 졸업논문 최종 보고서 제출:
-제출 기한 : 11.25(목)
-제출 파일:
1) 최종 보고서 pdf파일 (파일명:21-2_최종보고서_학번_이름)
2) 최종 보고서 출력본
-제출 방법:
1) 파일은 chem@ssu.ac.kr 로 메일 제출 (메일 제목: 21-2 최종보고서_학번_이름)
2) 출력본은 과사무실(베어드홀 301호) 직접 제출
-심사 평가서 제출: 11/30(화) – 해당 지도교수 작성
*
*
▣중간 평가(2022년 8월 졸업 예정자)
*
1. 논문 계획서 제출:
-제출 기한 : 10.08(금)
-제출 파일:
1) 논문계획서 pdf파일 (파일명:21-2_논문계획서_학번_이름)
2)논문계획서 출력본
-제출 방법:
1) 파일은 chem@ssu.ac.kr 로 메일 제출 (메일 제목: 21-2 논문계획서_학번_이름)
2) 출력본은 과사무실(베어드홀 301호) 직접 제출
*
2. 중간 보고서 제출:
-제출 기한 : 11.25(목)
-제출 파일:
1) 중간 보고서 pdf파일 (파일명:21-2_중간보고서_학번_이름)
2) 중간 보고서 출력본
-제출 방법:
1) 파일은 chem@ssu.ac.kr 로 메일 제출 (메일 제목: 21-2 중간보고서_학번_이름)
2) 출력본은 과사무실(베어드홀 301호) 직접 제출
*
*
구체적인 내용은 첨부 파일을 참고하시기 바랍니다.
문의는 chem@ssu.ac.kr / 02-820-0430(화학과사무실)로 주시기 바랍니다.
감사합니다."
chemistry,21-2학기 졸업논문 대상자 확인 명단,N/A,2021.09.07,https://chem.ssu.ac.kr/%ea%b3%b5%ec%a7%80%ec%82%ac%ed%95%ad/?term_id&slug=2932,"안녕하세요, 화학과 사무실입니다.
–
21-2학기 졸업논문 대상자의 명단을 첨부합니다.
이번 학기 평가항목과 지도교수 확인 후 정정사항이 있으면
chem@ssu.ac.kr로 문의 주시기 바랍니다.
(학번, 이름, 연락처, 정정내용 기재)
–
감사합니다."
chemistry,2021학년 하반기 삼성바이오에피스 3급 신입채용 전화 상담회,N/A,2021.09.06,https://chem.ssu.ac.kr/%ea%b3%b5%ec%a7%80%ec%82%ac%ed%95%ad/?term_id&slug=2928,
chemistry,"2021-2학기 교내장학금 신청 시행 안내(재학생,편입생,복학생,재입학생)",N/A,2021.09.03,https://chem.ssu.ac.kr/%ea%b3%b5%ec%a7%80%ec%82%ac%ed%95%ad/?term_id&slug=2919,"2021학년도 2학기 재학생, 편입생, 복학생, 재입학생 대상 교내장학금 신청 시행을 다음과 같이 안내합니다.
1. 교내장학금 자격요건
가. 2021학년도 2학기 국가장학금 신청/서류제출을 완료하고 소득분위가 조회된 자
나. 2021학년도 2학기 재학 및 복학(예정)자로 등록금 납부 예정인 자
1) 2021학년도 2학기 前 등록휴학 후 복학시 장학생 선발대상에서 제외
2) 미등록, 입학취소, 복학취소, 휴학 등 학적변동 시 모든 장학금 취소
다. 직전학기 15학점 이상 이수한 자(최종 직전학기는 12학점)
라. 등록학기가 8학기 이내인 자(건축학부 건축학전공은 10학기 이내)
2. 신청절차
가. 온라인 신청기간 및 서류제출기간 : 2021년 9월 1일(수) 10:00 ~ 9월 14일(화) 17:00까지
나. 학생 신청방법: u-SAINT포털 – 등록/장학 – 장학메뉴 – 장학금 신청
다. 학생 서류제출: 온라인 신청기간 내 방문 및 등기우편제출 가능(세부내용 붙임 파일 참조)"
chemistry,21-2학기 졸업논문일정 설명회(ZOOM) 안내 – 9/7(화) 11:00~12:00,N/A,2021.09.02,https://chem.ssu.ac.kr/%ea%b3%b5%ec%a7%80%ec%82%ac%ed%95%ad/?term_id&slug=2915,"화학과 4학년 여러분께
–
논문연구2 개강과 함께 2021년 졸업논문 일정을 소개하는 화상 강의를 아래와 같이 갖고자 하니 논문연구2를 수강하지 않는 4학년 학생(2022/2월 & 2022/8월 졸업 예정)들도 모두 참석하기 바랍니다.
–
시간: 2021/9/7 11:00 -12:00
줌 링크:
https://ssu-ac-kr.zoom.us/j/88555253711?pwd=NlVONDRKNGdSUm5TYkUwOHN3RGw3dz09
–
-강위경 교수"
chemistry,2021학년도 2학기 유고결석 안내,N/A,2021.08.30,https://chem.ssu.ac.kr/%ea%b3%b5%ec%a7%80%ec%82%ac%ed%95%ad/?term_id&slug=2905,
chemistry,[긴급] 동패고 기간제교사(화학) 채용 재공고,N/A,2021.08.27,https://chem.ssu.ac.kr/%ea%b3%b5%ec%a7%80%ec%82%ac%ed%95%ad/?term_id&slug=2898,"1. 교과: 화학
2. 근무기간: 2021.09.01.(수)부터 2021.10.29.(금)까지 약 8주 간
3. 서류전형 접수기간: 2021. 08. 26.(목) ~ 2021. 08. 29.(일) 24:00까지
4. 면접: 2021. 08. 27.(금) 시간은 서류전형 합격자 개별통보함.
*비담임이고 수업 시수는 16시간입니다. 수리과학부 업무 담당하시게 됩니다.
자세한 사항은 첨부파일의 채용공고를 확인해주세요
https://www.goe.go.kr/home/job/jobOfferDetail.do?menuId=100000000000207&menuInit=10%2C2%2C1%2C1&programId=PGM_0000000002&pageIndex=1&sJobOfferCd=010&jobOfferSeq=168792&sAreaCd=&sSchoolCd=&jobYn=&schKey=ORGANE&schVal=%EB%8F%99%ED%8C%A8"
chemistry,21-2학기 분석화학실험 증원 및 분반 개설 안내,N/A,2021.08.20,https://chem.ssu.ac.kr/%ea%b3%b5%ec%a7%80%ec%82%ac%ed%95%ad/?term_id&slug=2894,"안녕하세요, 화학과 사무실입니다.
분석화학실험 추가 수강신청에 관해 안내드립니다.
(이전 공지 참조 :
http://asq.kr/xdXc9U
)
8.20(금) 11:40 기준 추가수강 희망인원은 21명으로 조사되었으며, 학과에서는 대면수업의 적정 인원 유지를 위하여 1 분반을 추가개설하는 것으로 결정하였습니다.
추가 수강 희망 의사를 남기셨던 학생들께선 아래 내용 참고하여
직접 수강 신청을 완료
해주시기 바랍니다.
♠수강신청 가능일:
8/23(월)
전체수강신청일부터
♠증원 정보:
-1분반
(수 15시): 17명으로 증원(3명 추가수강 가능)
-2분반
(화 15시): 17명으로 증원(2명 추가수강 가능)
-3분반
(수 15시): 17명 신규 강좌 개설
감사합니다.
화학과 사무실 (02-820-0430 /  chem@ssu.ac.kr)"
chemistry,21-2학기 분석화학실험 수강신청 관련 안내,N/A,2021.08.18,https://chem.ssu.ac.kr/%ea%b3%b5%ec%a7%80%ec%82%ac%ed%95%ad/?term_id&slug=2892,"안녕하세요, 화학과 사무실입니다.
21학년도 2학기 분석화학실험 여석증원에 관한 안내 드립니다.
안전한 대면수업을 위해 정확한 수강희망 인원을 파악하여 학과사무실에서 관리자 권한으로 수강신청을 해드리고자 하니,
추가로 수강을 희망하시는 학생분들은
8/20(금)
까지
chem@ssu.ac.kr
로
1.학번 :
2.이름 :
3.희망 분반 과목코드 :
를 작성하여 제출해주시기 바랍니다.
감사합니다~!"
chemistry,(~8.23)(주)오알켐 하반기 공개채용,N/A,2021.08.17,https://chem.ssu.ac.kr/%ea%b3%b5%ec%a7%80%ec%82%ac%ed%95%ad/?term_id&slug=2883,
chemistry,2021-2학기 다전공(복수/부/융합/자기설계융합/연계) 신청 안내,N/A,2021.07.09,https://chem.ssu.ac.kr/%ea%b3%b5%ec%a7%80%ec%82%ac%ed%95%ad/?term_id&slug=2873,"u-Saint 업데이트 작업으로 인해 7/12(월) 다전공 신청 시간이 00:00 에서
“09:00″으로 변경되었습니다.
2021-2학기 다전공(복수/부/융합/자기설계/연계) 신청 안내
한학기동안 고생 많이 하셨습니다!  1학기 종강에 맞춰, 다전공 신청 기간을 안내합니다.
아래 내용 확인해주시고, 원하는 학생은 기간 내 신청해주세요!
☆★
복수전공, 융합전공 이수자
는 복전으로 원전공 이수 학점 축소, 융합선택 21학점 동시인정으로
타전공과목 전공인정 적용에서 제외되므로
, 다전공 신청 시 유념해주세요☆★
(
종합강의 유의사항 25페이지 참고
← 클릭!)
1. 신청자격 및 신청제한 모집단위
가. 유형별 신청 자격 : 신청일 현재 재학생 및 복학신청자로서 아래 학기 이수’완료’자 (즉 재학생 기준, 2021년 1학기가 아래 학기였던, 이수 완료한 학생)
유형/이수학기
1학기
2학기
3학기
4학기
5학기
6학기
7학기~
복수/부전공
X
O
O
O
O
O
X
융합/자기설계/연계
O(*)
O
O
O
O
O
X
(*) 융합특성화자유전공학부생 제외 / 연계전공은 융합창업만 신규 신청 가능
나. 신청제한 학과/전공 : 세부사항 붙임파일 허용기준 참고
유형
신청제한 학과/전공
복수전공
신청제한 : 스포츠학부, 영화예술전공, 건축학전공(5년제),
소프트웨어학부
, 융합특성화자유전공학부 벤처경영/복지경영/혁신경영학과
계약학과는 전과/다전공 상호 불가능금융경제학과, 국제무역학과는 동종 학과만 상호 가능하며 일반학과와 상호 불가능
미디어경영학과는 동종+일반 학과 이수 가능
(일반학과는 미디어경영학과 이수 신청 불가능)
부전공
복수전공 제한학과 +
컴퓨터학부
자기설계융합전공
각 전공별 주관학과(부) 소속 학생만 신청 가능
2. 학생 신청 및 학과(부)별 승인 일정
가. 학생 신청 기간 :
2021.07.12.(월) 09:00 ~ 07.14.(수) 23:59
(기간 지나면 더 이상 신청을 받지 않으니 !꼭! 기간 내에 신청해주세요!)
나. 학과(부)별 선발 진행 : 2021.07.15.(목) ~ 07.22.(목)
다. 신청 결과 확인 : 2021.07.22.(목)까지, U-saint에서 승인/비승인으로 결과 조회 가능.
3.
FAQ
Q1) 복학 예정인 휴학생인데, 신청 가능한가요?
A1) 복학 예정인 학생의 경우, u-saint에서 복학 신청 먼저 한 후, 다전공 신청해주세요.
복학 예정인 다전공 신청자는 다전공 신청 기간에 복학 신청이 가능합니다.
반드시
복학 신청 먼저 저장하고, 다전공 신청하셔야 다전공 신청이 제대로 저장됩니다
.
Q2) 2학기에 휴학 예정인데, 신청 가능한가요?
A2) 산청 가능합니다. 다만,
다전공 승인 결과가 반영되었는 지 확인
한 후, 휴학 신청해야 복학한 후에도 승인 받은 결과가 유지됩니다!
Q3) 여름계절제 성적까지 들어가는 걸까요?
A3) 아닙니다.
성적은 2021-1학기 확정된 성적까지만
들어갑니다!
Q4) 같은 학과(부)에 복수, 부 전공 모두 신청 가능한가요?
A4) 가능합니다! 다만,
우선순위가 복수>부 전공 순서
이니, 복수 전공으로 승인되면 부전공은 심사하지 않습니다.
Q5) 다전공은 최대 몇 개까지 신청 가능한가요?
A5)
종류별로 최대 2개까지 동시 진행 가능
합니다!
다만, 모두 이수 완료하려면 이수해야하는 학점이 많아지겠죠ㅠ (
학번별 이수체계도 조회
← 클릭!)
Q6) 다전공 포기 신청은 언제 가능한가요?
A6)
개강 이후, 다전공 포기 신청 기간이 따로 있으며
졸업예정자가 되면, 그 학기에는 3번의 기회를 더 부여 받습니다:)
4. 기타 문의
가. 숭실대 학사팀 대표번호 : 02-820-0150 (10am – 5pm)
나. 각 학과별 승인현황 및 세부 교과과정 문의 : 각 학과(부) 사무실
붙 임: 2021-2학기 다전공(복수, 부, 융합전공) 모집 인원 및 선발 방법"
chemistry,화학과 전공역량로드맵 설명회 개최 안내,N/A,2021.06.24,https://chem.ssu.ac.kr/%ea%b3%b5%ec%a7%80%ec%82%ac%ed%95%ad/?term_id&slug=2870,"숭실대 전공역량 로드맵 설명회에 관한 안내입니다.
–
♠주제: 숭실대 화학과 전공역량로드맵 설명회를 2회에 걸쳐 엽니다. 두번 중 한번만 참석하면 됩니다.
(전공역량로드맵, 교과과정, 융합전공, 졸업논문, 진로 등에 대한  설명 및  Q&A)
♠
시간:
(1차) : 2021년 6월 28일 월요일 오후 02:00~02:30
(2차) : 2021년 6월 28일
월요일
오후 04:00~04:30
–
♠
Zoom 회의 링크
https://ssu-ac-kr.zoom.us/j/84060465112
–
♠
회의 ID: 840 6046 5112
–
–
문의: 화학과 02-820-0430"
chemistry,[대학원 진학 및 학·석사 연계과정 설명 영상],N/A,2021.06.10,https://chem.ssu.ac.kr/%ea%b3%b5%ec%a7%80%ec%82%ac%ed%95%ad/?term_id&slug=2860,"대학원 진학시 혜택과 학석연계 제도의 이점에 대해 화학과 신익수 교수님께서 상세히 설명해주신 영상입니다.
참고하셔서 대학원 진학과 진로선택에 도움되시길 바랍니다.
–
1.대학원 혜택 소개
비디오 플레이어
https://chem.ssu.ac.kr/wp-content/uploads/sites/90/2021/06/2021-06-09_대학원-및-학석연계-소재-Pt-1.-대학원혜택소개.mp4
00:00
00:00
13:32
볼륨을 높이거나 줄이려면 상/하 방향키를 사용하세요.
–
2.학석연계해택 및 대학원 진학의 이점 소개
비디오 플레이어
https://chem.ssu.ac.kr/wp-content/uploads/sites/90/2021/06/2021-06-09_대학원-및-학석연계-소개-Pt.-2-학석연계혜택-및-대학원-진학의-이점-소개.mp4
00:00
00:00
15:26
볼륨을 높이거나 줄이려면 상/하 방향키를 사용하세요.
–
-학석사연계 지원기간 : 2021년 6월 7일(월) ~ 6월 25일(목)
상세사항(
https://chem.ssu.ac.kr/%ea%b3%b5%ec%a7%80%ec%82%ac%ed…/…
) 참고"
chemistry,2021학년도 1학기 기말고사 대면평가 시 코로나19 관련 지침 안내,N/A,2021.06.09,https://chem.ssu.ac.kr/%ea%b3%b5%ec%a7%80%ec%82%ac%ed%95%ad/?term_id&slug=2858,"1. 코로나19 확진자 또는 자가격리 대상자로 통보되어 응시 불가한 학생
가. 해당 과목 교원에게 통지서 또는 통보문자(발신번호 포함 캡처) 제출
나. 제출 방법: 강의계획서 상 이메일, 문자 등(제출 후 통화 연락 권장)
(강의계획서에 연락처가 없을 경우, 과목 개설학과 사무실로 연락)
2. 고사실 건물 입구에서 의심 증상(고열 등) 있는 학생
가. 보건실(학생회관 506호)에 방문하여 재검 후 이상 없으면 시험 응시
나. 이상이 있는 경우, 보건실에서 해당 교원에게 휴대폰으로 연락
(전임교원: 그룹웨어 조직검색, 비전임교원: 개설학과 사무실에 확인)
3. 의심 증상(고열 등)으로 등교 및 시험 응시를 원하지 않는 학생
가. 병원 또는 보건소에 방문하여 검진 증빙 서류를 해당 과목 교원에게 제출
나. 제출 방법: 강의계획서 상 이메일, 문자 등(제출 후 통화 연락 권장)
(강의계획서에 연락처가 없을 경우, 과목 개설학과 사무실로 연락)
4. 해당 교원은 추가 시험이나 과제 등 대체 평가 방식을 마련하여 학생에게 안내하고, 평가 실시."
chemistry,2021학년도 기초과학융합연구소 학부생 하계인턴십 모집,N/A,2021.06.09,https://chem.ssu.ac.kr/%ea%b3%b5%ec%a7%80%ec%82%ac%ed%95%ad/?term_id&slug=2853,"숭실대학교 기초과학융합연구소에서는 3~4학년 학부생을 대상으로 연구를 직접 수행할 수 있는 기회를 제공하여 우수한 연구인력 양성 및 대학원 진학을 돕고자 학부생 인턴십 과정을 모집합니다. 대학원 연구실에서 연구책임자(교수)의 지도 아래 대학원생들과 함께 조기에 연구활동 및 실험실 생활을 경험할 수 있는 인턴십 프로그램을 운영할 예정이오니, 학생 여러분의 많은 참여 바랍니다.
1. 모집내용 및 지원대상
• 2021학년도 기초과학융합연구소 학부생 하계인턴십
• 연수기간 : 2021년 07월 01일(목) ~ 2021년 08월 31일(화) (2개월)
• 연수장소 : 숭실대학교 자연과학대학 교수 연구실 및 실험실
• 장려금액 : 600,000원
• 2021학년도 1학기 숭실대 자연과학대학 학부재학생 3~4학년 (휴학생 지원불가)
2. 신청서류 및 제출기간
• 인턴십 과정 참여 신청 및 추천서(붙임 1) 1부
• 개인정보 수집 이용제공 동의서(선발 후 제출) 1부
• 건강보험취득실확인서(선발 후 제출) 1부
• 제출기간 : ~2021년 6월 24일 (목) 까지
3. 신청과정 및 유의사항
• 인턴십 참여 희망 학생은 희망 지도교수에게 참여 신청 및 추천서에 확인(도장/서명)을 받고 스캔본(pdf)을 이메일로 제출(iibs_hr@ssu.ac.kr)
• 지원금 전액 환수 기준
가. 지도교수는 학생의 불성실 등을 사유로 중단 요청 가능
나. 결과보고서 미제출 시 지원금 전액 미지급
4. 결과발표 : 서류마감일로부터 일주일 이내 선발여부를 문자 및 메일로 통보"
chemistry,2021-1 3학년 논문 지도교수 배정 결과(06-08 업데이트),N/A,2021.06.07,https://chem.ssu.ac.kr/%ea%b3%b5%ec%a7%80%ec%82%ac%ed%95%ad/?term_id&slug=2841,"안녕하세요, 화학과사무실입니다.
2021년 1학기 신청받은 논문 지도교수 배정안을 첨부합니다.
(06.07일자 기준 신청 기한 이후에 추가된 신청 결과도 포함했습니다.)
(+06.08일자 신청 결과 포함했습니다.)
확인 후 문의사항이 있으시면 화학과사무실(chem@ssu.ac.kr)로 문의 바랍니다.
감사합니다."
chemistry,2021학년도 (재)롯데장학재단 38기 멘토링 장학생 선발 모집 공고,N/A,2021.05.27,https://chem.ssu.ac.kr/%ea%b3%b5%ec%a7%80%ec%82%ac%ed%95%ad/?term_id&slug=2834,"1. 멘토링 활동내용
가. 활동장소: 재단지정 지역아동센터(대한 인근 센터 限) *추후 별도안내 예정
나. 활동기간: 2021.09.01. ~ 2022.08.31. (12개월)
다. 활동시간: 월 4회, 12시간 이상(년 150시간 이상/주 3시간 이상)
라. 활동내용: 초·중·고등학생 학습지도(영어, 수학 등) / 온·오프라인 활동
마. 활동보고서 제출: 매월 말일 멘토링 활동에 대한 보고서 제출 *추후 별도안내 예정
2. 지원내용
가. 지원기간:
1년(2021년 2학기 ~ 2022년 1학기)
나. 장학금(등록금 or 생활비 中 택1)
1)
등록금(수업료) 전액 + 멘토링 활동비(월 15만원)
※등록금 명목의 타 장학금(교내, 한국장학재단 등) 중복수혜 불가
2)
생활비(학습보조비) 300만원/학기 + 멘토링 활동비(월 15만원)
※생활비 명목의 타 장학금(기업재단 및 타 재단법인 限) 중복수혜 불가
※교내장학금, 한국장학재단 장학금 등 생활비 명목의 장학금 중복수혜 가능
**멘토링 활동비란? 학습 멘토링 활동 시 필요한 경비를 위한 지원금
(활용방법: 멘티 교재비/간식비/체험학습, 멘토 교통비 등)
다. 멘토링 장학생 특전
1) 멘토링 활동 종료 후,
정규과정 종료 시 까지 장학금 지원(멘토링활동 정상수료자 限)
2) 재단지원 프로그램 제공(취업특강 및 문화활동 지원)
3. 지원요건
가. 대상: 초·중·고등학생 학습지도(영어, 수학 등) 가능한 자
※ 지원불가: 실습, 교환/인턴/연수, 군입대, ROTC, 휴학 등의 사유로 지속적인 멘토링 활동이 어려운 자
나. 학년: 2021년 2학기 기준 2학년 1학기 or 2학기 재학생
다. 성적: 2020년 2학기 기준 총(평균) 평점 3.5/4.5이상
※2020-2학기 성적이 없는 경우 20-2학기 이전 가장 최근 학기의 성적으로 산출
라. 이수학점: 12학점 이상
마. 경제여건: 소득구간 8구간 이내(최근학기 소득구간 기준)
바. 전공/성별: 제한없음
4. 제출서류
가. 장학금 지원서 1부(붙임양식).
나. 서약서 1부(붙임양식).
※반드시 자필 서명 후 제출
5. 지원기간 및 방법
가. 지원기간:
2021.05.21.(금) ~ 06.04.(금) 15:00까지
나. 지원방법:
직접 혹은 이메일제출
-제출처: 숭실대학교 장학팀(학생회관 406호)
-이메일:
ser@ssu.ac.kr
※이메일 제출 시 반드시 한 개의 pdf파일로 제출
※ 사진파일 제출 불가 (서류 미비 시 장학금 선발 대상에서 제외)
※파일명과 제목 동일하게 제출(파일명: (재)롯데장학재단_학번_성명)
6. 장학생 선발 FLOW
가. 1차: (6월) 대학 추천
나. 2차: (7월 초) 재단 심사 (지원 신청서 온라인 제출+인적성 검사)
다. 3차: (8월) 멘토링 프로그램 수료(온라인 특강 등)
라. 최종: (8월 말) 장학금 지급 / (9월~) 멘토링 활동
7. 기타 문의사항
가. 숭실대학교 외부장학담당(Tel. 02-820-0819) /
ser@ssu.ac.kr
붙 임: 1. 장학금 선발 공고문 1부,
2. 장학금 지원서 양식 1부.
3. 서약서 1부.  끝,"
chemistry,2021-2 학·석사연계과정 지원 및 선발 안내,N/A,2021.05.27,https://chem.ssu.ac.kr/%ea%b3%b5%ec%a7%80%ec%82%ac%ed%95%ad/?term_id&slug=2812,"숭실대학교 일반대학원
(
https://grad.ssu.ac.kr
)
1.
지원기간
: 2021
년
6
월
7
일
(
월
) ~ 6
월
25
일
(
목
)
2.
모집학과
:
학사과정과 석사과정에 동일
(
또는 유사
)
학과가 있는 학과
(
계약학과 제외
)
3.
지원자격
:
다음 각호 모두에 해당되는 자
가
)
지원일 당시 학사과정
4
학기 이상
6
학기 이내 재학 중
(
건축학부 건축학전공은
6
학기 이상
8
학기 이내 재학 중
)
인 자
=> 5
학기 내지
7
학기 개시 전
(
건축학부 건축학전공은
7
학기 내지
9
학기 개시 전
)
인 학생만 지원 가능
(
학
·
석사연계과정 신청자는 조기졸업 신청을 할 수 없음
)
나
)
재수강 이전 과목
,
학점포기한 과목
, F
학점 과목 등을 포함한 전체 과목의 총평점평 균이
3.0/4.5
이상인 자
다
) 7
학기 또는
8
학기
(
건축학부 건축학전공은
9
학기 또는
10
학기
)
에 학사과정의 졸업요건을 충족할 수 있는 자
라
)
지원하고자 하는 일반대학원 학과 주임교수와 지도교수의 추천을 받은 자
마
)
지원하고자 하는 일반대학원의 동일
(
또는 유사
)
학과를 주전공 또는 복수전공하는 자
(
부전공
,
연계전공은 해당없음
)
4.
제출서류
:
학
·
석사연계과정신청서
1
부
5.
지원방법
:
제출서류를 구비하여 대학원 교학팀
(
웨스트민스터홀
658
호
)
로 방문접수
6.
선발인원
:
석사과정 입학정원의
20%
7.
발 표 일
: 2021
년
7
월
30
일
(
금
)
예정 – 학과 및 개별통지
8.
문의처
:
대학원 교학팀
(02-820-0258
∼
9,
grad@ssu.ac.kr
)
붙임
1. 2021-2
학
·
석사연계과정 신청 및 선발 안내
1
부
.
2.
학
·
석사연계과정신청서
1
부
.
끝
."
chemistry,2021-1 3학년 논문 지도교수 배정 결과,N/A,2021.05.24,https://chem.ssu.ac.kr/%ea%b3%b5%ec%a7%80%ec%82%ac%ed%95%ad/?term_id&slug=2808,"안녕하세요, 화학과사무실입니다.
2021년 1학기 신청받은 논문 지도교수 배정안을 첨부합니다.
확인 후 문의사항이 있으시면 화학과사무실(chem@ssu.ac.kr)로 문의 바랍니다.
아직 신청을 하지 않은 학생이 있으면 이번주 수(5/24)까지 신청하시기 바랍니다.
(*  1지망 교수님: 전근호, 양진국, 주상우
2지망 교수님: 신익수, 김종훈, 강원철
3지망 교수님: 신권수, 강위경, 김자헌)
감사합니다."
chemistry,2021학년도 졸업논문 일정 및 제출 안내,N/A,2021.04.28,https://chem.ssu.ac.kr/%ea%b3%b5%ec%a7%80%ec%82%ac%ed%95%ad/?term_id&slug=2753,"안녕하세요, 화학과사무실입니다.
2021학년도 졸업논문제도 안내입니다.  논문 진행에 참고하시기 바랍니다.
숭실대 화학과
2021
학년도 학부 졸업논문 제도
2021.03.02
[1]
일정
(2022
년
2
월 졸업 예정 학생
)
※ 화학과 홈페이지의
졸업논문 자료실
에
양식
(1~7)
이 올려져 있음.
_______________________________________
[2]
졸업 학기를 고려한 일정
■
2021
년
8
월 졸업예정자
1) 21-1학기: 2021. 5. 6(목) 논문 포스터 발표
(※6일까지 화학과사무실 이메일(chem@ssu.ac.kr)로 제출 )
5. 21(금) 최종 논문 제출
6. 4(금) 졸업논문 성적 결정
■
2022
년
2
월 졸업예정자
1) 21-1학기: 2021. 4. 9(금) 논문계획서 제출
5. 21(금) 중간보고서 제출
6. 4(금) 중간평가
2) 21-2학기: 2021. 10월 축제 기간 중 논문 포스터 발표
11. 5(금) 졸업논문 제출
11. 19(금) 졸업논문 성적 결정
■
2022
년
8
월 졸업예정자 / 2023년 2월 졸업예정자
1) 21-1학기: 2021. 5. 3(월)-5. 7(금) 논문 지도교수 신청 및 배정 (이메일 제출 가능)
2) 21-2학기: 2021. 10. 7(목) 논문계획서 제출
11. 12(금) 중간보고서 제출
11. 26(금) 중간평가
3) 22-1학기: 5월 첫째 주 목요일 논문 포스터 발표
5월 셋째 주 금요일 졸업논문 제출
6월 첫째 주 금요일 졸업논문 성적 결정
위 일정은 상황에 따라 변경될 수 있습니다.
변경사항은 미리 공지됩니다.
일정을 지키지 않으면 감점이 됩니다.
문의: chem@ssu.ac.kr / 02-820-0430"
chemistry,2021학년도 신입생 학부모 초청행사 안내,N/A,2021.04.21,https://chem.ssu.ac.kr/%ea%b3%b5%ec%a7%80%ec%82%ac%ed%95%ad/?term_id&slug=2718,"21학년도 화학과 신입생 학부모 초청행사 안내
-일시:  5.8(토) 14:00
-장소: 숭실대학교 진리관 404호
-상세 내용:
행사안내 공지는 현재 본교 홈페이지 상단 배너에서 확인가능(
공지 링크보기
)
2) 학부모 참석인원은 최대 1~2인으로 제한
3) 주차
가) 당일 혼잡 우려로 인해 대중교통 이용을 권고 바람
나
)
주차비는 학부모초청행사 책자를 보여주면 무료임
다
)
정보과학관은 주차장 협소하여 이용 불가할 것으로 예상되므로
,
한경직기념관이나
조만식기념관 주차장 이용하도록 안내
4) 방역
가) 행사일 전후로 방역업체가 소독 시행 예정
나) 당일 건물 출입구에서 발열 체크 후 입장"
chemistry,[공지] 2021학년도 1학기 재학생 및 복학예정자 대상 교내장학금 신청 시행 안내,N/A,2020.12.02,https://chem.ssu.ac.kr/%ea%b3%b5%ec%a7%80%ec%82%ac%ed%95%ad/?term_id&slug=2640,"2021
학년도
1
학기 재학생 및 복학예정자 대상 교내장학금 신청공고
※ 본교에서 지급되는 모든 교내장학금은 아래 국가장학금 신청기간 내 국가장학금을 신청하고 서류제출을 완료하여 소득분위가 조회된 학생을 대상으로만 수혜자를 선정합니다
.
따라서
,
교내장학금을 수혜하려는 모든 학생은 반드시 교내장학금과 국가장학금을 모두 신청하시기 바랍니다
.
–
국가장학금 신청결과 제공되는 학생의 소득분위정보를 장학생 선발에 활용
–
국가장학금은 반드시 매학기 신청
(
서류제출 및 가구원동의 포함
)
하여야 함
.
1.
국가장학금 신청기간
:
2020
년
11
월
24
일
(
화
) ~ 12
월
29
일
(
화
) 18:00
까지
※ 한국장학재단 홈페이지
(www.kosaf.go.kr)
공인인증 로그인 후 신청
※ ☆
중요
☆
재학생은 국가장학금
1
차 신청기간에만 신청 가능
2.
교내장학금 온라인 신청기간
가
.
온라인신청 및 서류제출 기간
1)
정규신청
: 2020
년
12
월
1
일
(
화
) 10:00 ~ 12
월
29
일
(
화
) 17:00
까지
2)
추가신청
: 2021
년
1
월
11
일
(
월
) 10:00 ~ 1
월
22
일
(
금
) 17:00
까지
※ 주말
(
공휴일 포함
) 24
시간 온라인 신청 가능
(
단
,
마감일 제외
)
※ 추가신청자는 반드시 국가장학금
1
차 신청기간에 국가장학금을 신청하여야 함
.
※
u-SAINT
입력 후 장학금 신청내역을 조회하여 장학금 신청이 정상적으로 완료되었는지 꼭 확인
.
나
.
서류제출이 필요한 장학금의 경우
,
교내장학금 온라인 신청기간 내 반드시 제출
※ 방문 및 등기우편제출 가능
(FAX
불가
)
※ 등기우편 제출 시 교내장학금 온라인 신청기간 내 장학팀 도착분만 인정
※ 단
,
형제장학금의 경우
,
등록기간 종료 시까지 서류제출 인정
다
.
근로장학금
(
교내근로
/
학과근로
)
신청
: 2021
년
1
월 초 공지 예정
3.
신청대상
:
2021
학년도
1
학기 재학생 및 복학예정자
4.
교내장학생 자격요건
가
. 2021
학년도
1
학기 국가장학금을 신청하고 서류제출
(
가구원동의 포함
)
을 완료한 자
나
. 2021
학년도
1
학기 재학생 및 복학
(
예정
)
자로 해당학기 등록금 납부 예정인 자
1) 2021
학년도
1
학기 前 등록휴학 후 복학생은 모든 장학금 선발에서 제외
(
등록대체
)
2)
미등록
,
입학취소
,
복학취소
,
휴학 등 학적변동시 모든 장학금 취소
다
.
직전학기
15
학점 이상 이수한 자
(2021
년
1
학기가
4
학년
8
학기인 자는
12
학점 이상
)
※ 건축학과 건축학전공
: 10
학기는 직전학기
12
학점 이상 이수
(1
∼
9
학기는
15
학점 이상
)
라
.
등록
8
학기 이내인 자
(
건축학과 건축학전공
:
등록
10
학기 이내인 자
)
예
1)
학기취소
1
회 후
8
학기 진학예정인 경우
: 9
회 등록금 납부이므로 선발 불가
예
2)
학점 미 이수로
9
학기 진학예정인 경우
: 9
회 등록금 납부이므로 선발 불가
5.
교내장학생 공통사항
가
.
☆중요☆ 모든 장학금은 등록금 내에서 다음 순서에 따라 우선 지급합니다
.
① 교외
(
외부
)
장학금 ② 국가장학금 ③ 교내장학금
나
.
성적 및 취득학점 산정방법
1)
평점평균
(GPA) /
산술평균
(100
점만점
) : F
학점이 포함된 학적부성적 기준 산정
2)
취득학점 산정시
F
학점은
0
학점 취득으로 인정되어 취득학점 산정에서 제외
다
.
온라인으로 반드시 신청해야 하며
,
제출서류가 있는 장학금에 한하여 서류제출
※ 제출기간 내 미제출시 장학생 선발대상에서 제외
라
.
모든 교내장학금은 중복수혜 불가
1)
장학금 간 중복신청 가능
(
신청 장학금 중 수혜금액이 큰 장학금으로 자동선발
)
2)
중복수혜 가능 장학금
:
국가장학금
,
교외
(
외부
)
장학금
,
근로장학금
(
교내
/
학과근로
),
봉사장학금
–
수업료 범위 내 중복수혜 가능
(
근로장학금
,
봉사장학금은 수업료 초과하여 수혜 가능
)
마
.
한국장학재단 중복지원방지사업 안내
1)
학자금대출액과 등록금 지원 목적 장학금 합계가 수업료 초과 시 중복지원 해당
2)
한국장학재단 콜센터를 통한 개별 해소 필수
(
다음 학기 국가장학금
,
학자금대출에 영향
)
6.
교내장학금별 선발자격 및 제출서류
:
장학금 선발자격 및 제출서류 안내
(
첨부문서 참조
)
7.
장학생 선발결과 발표 및 지급방식
가
. 2021
년
2
월 중순 발표 예정
(u-Saint
등록
/
장학 및 등록금고지서 감면여부 확인가능
)
나
.
장학금신청시 계좌입력
:
우리은행 본인명의 개인계좌 입력 필수
다
.
등록금 분할납부 신청 시
,
등록금고지서에 감면된 장학금을 제외한 학생계좌지급 장학금은 분할납부 최종등록 완료 확인 후 지급
2020. 11. 30.
학 생 처 장
2020.12.01"
chemistry,2021학년도 1학기 학·석사연계과정 지원 및 선발 안내,N/A,2020.12.02,https://chem.ssu.ac.kr/%ea%b3%b5%ec%a7%80%ec%82%ac%ed%95%ad/?term_id&slug=2636,"2021
학년도
1
학기 학
·
석사연계과정 지원 및 선발 안내
1. ‘
학
·
석사연계과정
’
이란
?
:
학사과정의 교육과정과 대학원 교육과정을 상호 연계하여 운영하는 과정으로 학사과정
3.5
년 또는
4
년
(
건축학부 건축학전공은
4.5
년 또는
5
년
),
석사과정
1.5
년에 학사학위 및 석사학위를 취득하는 과정
2.
모집학과
:
학사과정과 석사과정에 동일
(
또는 유사
)
학과가 있는 학과
(
계약학과 제외
)
3.
모집인원
:
석사과정 입학정원의
20%
내에서 모집
4.
지원자격
:
다음 각 호 모두에 해당되는 자
가
.
지원일 당시 학사과정
4
학기 이상
6
학기 이내 재학 중인 자
(
건축학부 건축학전공은
6
학기 내지
8
학기 재학 중인 자
)
=> 5
학기 내지
7
학기 개시 전
(
건축학부 건축학전공은
7
학기 내지
9
학기 개시 전
)
인 학생만 지원 가능
(
학
·
석사연계과정 신청자는 조기졸업과 동시에 신청할 수 없음
)
나
.
재수강 이전 과목
,
학점 포기한 과목
, F
학점 과목 등을 포함한 전체 과목의 총평점평균이
3.0/4.5
이상인 자
다
. 7
학기 또는
8
학기
(
건축학부 건축학전공은
9
학기 또는
10
학기
)
에 학사과정의 졸업요건을 충족할 수 있는 자
라
.
지원하고자 하는 일반대학원 학과 주임교수와 지도교수의 추천을 받은 자
마
.
지원하고자 하는 일반대학원의 동일
(
또는 유사
)
학과를 주전공 또는 복수전공하는 자
(
부전공
,
연계전공은 해당없음
)
5.
지원기간
:
2020
년
12
월
7
일
(
월
) ~ 2020
년
12
월
24
일
(
목
)
6.
지원방법
:
제출서류를 구비하여 대학원 교학팀
(
웨스트민스터홀
658
호
)
으로 방문 접수
7.
제출서류
:
학
·
석사연계과정신청서
(
학업계획서
,
추천서 포함
)(
양식 다운로드
) 1
부
8.
합격자 발표
:
2021
년
1
월
29
일
(
금
)
예정
9.
합격자 혜택
가
.
학위취득기간 단축
나
.
석사과정 입학금
,
입학시험 면제
다
.
학사과정 중 일반대학원 과목 수강신청 시 학기당
3
학점 추가로 수강신청 가능
라
.
학사과정 중 취득한
(
학사과정 졸업학점 초과 이수
)
동일
(
또는 유사
)
학과의 일반대학원 과목
3
학점
~9
학점까지 석사과정 학점으로 인정됨
(
신청 시
)
10.
자격상실
가
.
일반대학원 입학 전에 학
·
석사연계과정을 중도 포기한 경우
(
포기신청서 제출
)
나
.
학사과정
8
학기 이수 후 재수강 이전 과목
,
학점포기한 과목
, F
학점 과목 등을 포함한 전체 과목의 총평점평균이
3.0/4.5
미만인 경우
다
.
학사과정을
8
학기에 모두 이수하지 못한 경우
라
.
학사과정 중 졸업학점을 초과하여 일반대학원 과목을
3
학점 이상 취득하지 못한 경우
마
.
석사과정 첫 학기에 일반대학원 입학 등록을 하지 않은 경우
바
.
석사과정을
3
학기에 모두 이수하지 못한 경우
사
.
석사과정
3
학기 이수 후 총평점평균이
4.0/4.5
미만인 경우
11.
유의사항
가
.
학사과정 중 학
·
석사연계과정 중도포기 시 학사과정 정규 수업연한 적용
나
.
석사과정 중 학
·
석사연계과정 중도포기 시
4
학기 등록
다
.
석사과정 첫 학기 휴학 및 자퇴 불가
라
.
석사과정 전과 불가
마
.
석사과정 첫 학기에 일반대학원 입학 등록을 하지 않은 경우 학사학위가 취소됨
12.
문의처
:
대학원 교학팀
(02-820-0258~9,
grad@ssu.ac.kr
)
2020. 11
대학원장
2020.12.01"
chemistry,숭실 6대 핵심역량 진단 안내,N/A,2020.12.02,https://chem.ssu.ac.kr/%ea%b3%b5%ec%a7%80%ec%82%ac%ed%95%ad/?term_id&slug=2634,"1. 핵심역량 진단 안내
가. 진단 대상 : 본교 학부생
나. 진단 기간 : ~ 2021. 02. 19까지
다. 진단 방법 : 펀시스템에 접속하여 로그인 후 참여 가능
(https://fun.ssu.ac.kr/ko/essential)
3. 기타
가. 숭실 6대 핵심역량
현대사회가 대학생에게 요구하는 기본역량과 본교 교육의 지향점을 고려하여 필수적으로 요구되는
‘창의역량’, ‘융합역량’, ‘공동체역량’, ‘의사소통역량’,
‘리더십역량’, ‘글로벌역량’
으로<숭실 6대 핵심역량> 정의
나. 숭실 6대 핵심역량 진단은 연 1회 시행되며 비교과 프로그램 신청을 위해
참여 해야만 합니다.
2020.12.01"
chemistry,2020년 12월 원격저작권교육 안내,N/A,2020.12.02,https://chem.ssu.ac.kr/%ea%b3%b5%ec%a7%80%ec%82%ac%ed%95%ad/?term_id&slug=2630,2020.12.01
chemistry,2020학년도 폭력예방 UCC 공모전 안내,N/A,2020.12.02,https://chem.ssu.ac.kr/%ea%b3%b5%ec%a7%80%ec%82%ac%ed%95%ad/?term_id&slug=2628,"1. 개요
가. 행사명: 2020년도 폭력예방 UCC 공모전
나. 대상
– 8학기 이내 학부 재학생 (휴학생 제외)
– 팀(2인1조) 혹은 개인 참여 가능
다. 영상주제: 성희롱·성폭력 예방 혹은  양성평등한 대학문화와 관련된 영상
라. 신청기간:2020년 10월 31일까지(펀시스템에서 해당 프로그램 신청)
마. 제출기간: 2020년 11월 2일~2020년 12월 31일
(*기간 내 참여 신청 후 영상 등록)
2. 제출방법
가. 규격: 40초이상~180초이하의 창작영상
나. 내용
– 해상도: 카드뉴스형 동영상 736*432 픽셀, 영상물 1,920*1,080 픽셀
– Youtube에 업로드 후 펀시스템 내 프로그램에 URL주소 기입
– 필수해시태그: #폭력예방 #숭실대학교상담센터 #성희롱성폭력예방 #대학혁신지원사업
– 기타 자세한 내용은 펀시스템 내 공지사항 참조
3. 시상
가. 최우수상(1팀) 50만원, 우수상(1팀) 30만원, 장려상(1팀) 20만원
나. 시상기준: 의미전달력, 주제이해도, 독창성, 완성도 및 활용도
다. 발표: 2021년 1월 중 펀시스템 게시
라. 문의: 양성평등팀 한지혜(내선번호 0843,
angelluv114@ssu.ac.kr
)
2020.11.02"
chemistry,2020년 2학기 연구실 안전 신규 및 정기교육 시행 안내,N/A,2020.12.02,https://chem.ssu.ac.kr/%ea%b3%b5%ec%a7%80%ec%82%ac%ed%95%ad/?term_id&slug=2626,"연구실 안전 신규 및 정기교육 시행을 안내해 드리니 안전교육에 적극 참여해 주시기 바랍니다.
온라인교육 수강방법
가. 수강 기간 : 2020.09.28 ~ 2020.12.31까지
나. 교육 사이트 :
http://www.safetycare.co.kr/
다. 로그인 방법 : 기관(숭실대학교),학번/직번(학번&직번), 비밀번호(학번&직번)
라. 비밀번호 변경 : 최초 로그인 시 아이디와 동일하게 설정된 비밀번호는 무조건 변경
마. 위험군 분류 : 사이트에 접속하면 고,중,저위험군으로 자동분류 됨
바.  교육시간 : 고위험(6시간/학기), 중위험(3시간/학기), 저위험(3시간/년간)
마. 언어변경 : 수강신청 화면 우측에 language를 변경하여 수강하면 됩니다.
문의 : 안전시설팀 (820-0208) / E-Mail :
yesshin@ssu.ac.kr
2020.09.29"
chemistry,20-2학기 분석화학실험 정원 변경에 대한 안내,N/A,2020.12.02,https://chem.ssu.ac.kr/%ea%b3%b5%ec%a7%80%ec%82%ac%ed%95%ad/?term_id&slug=2624,"20-2학기 분석화학실험 수강에 관한 공지입니다.
코로나로 인해 균등한 인원 분배가 필요하여 정원 이동이 불가피한 상황입니다.
1.목요일 남궁미옥교수님 강의에서 6명
2.화요일 신익수 교수님 강의에서 1명
->월요일 강위경 교수님 강의로 이동해야 합니다.
신청순서 기준으로 15번째 이후 학생들부터 개별적, 순차적으로 연락 드릴 예정입니다.
문의사항이나 변경 요청, 수강 취소 등은
02-820-0430(화학과 과사무실)로 연락 주시기 바랍니다.
수강에 불편을 드려 죄송합니다.
감사합니다.
2020.08.24"
chemistry,2020학년도 2학기 학과근로장학생 모집 안내,N/A,2020.12.02,https://chem.ssu.ac.kr/%ea%b3%b5%ec%a7%80%ec%82%ac%ed%95%ad/?term_id&slug=2622,"2020학년도 2학기 학과근로장학생을 다음과 같이 모집하니 많은 지원 바랍니다.
1. 근로장학생 자격 및 선발기준
가. 2020학년도 2학기 국가장학금을 1차 신청하고 소득분위가 8분위 이내인 자
※ 국가장학금을 신청할 수 없는 대한민국 국적 미소지자도 선발 가능
(단, 순수외국인전형으로 입학한 외국인 유학생은 선발 불가)
나. 2020학년도 2학기 재학 및 복학예정자로 해당학기 등록금 납부 예정인 자
1) 2020학년도 2학기 전 등록휴학 후 복학시 선발 불가(등록대체자)
2) 학기 중 미등록, 입학취소, 복학취소 등으로 인한 학적변동시 모든 장학금 취소
3) 2020학년도 2학기 기준 이수학기가 2~7학기만 가능(1학기 및 8학기 신청 불가)
다. 직전학기 취득학점 및 학업성적 제한 없음
라. 타 장학금과 중복수혜 가능(근로장학금 간 중복 불가)
※ 본 장학금은 학업장려비 지원 목적으로 등록금(입학금 및 수업료)를 초과하여 지급
마. 국가근로장학생 및 교내근로장학생에 선발되지 않은 자
2. 근로장학생 종류별 장학금액 및 근로시간
장학금명
시간당 장학금
총 근로시간 (학기)
1인당 장학금액(원)
학과근로A
8,600원
10시간*20주=200시간
1,720,000
학과근로B
8,600원
5시간*20주=100시간
860,000
※ 장학금은 매월 지급하며, 실 지급액은 근로시간에 따라 달라질 수 있음
※ 장학금 지급일: 매월 셋째주 금요일 (Ex. 3월분 근로장학금 지급일: 4월 셋째주 금요일)
3. 유의 사항
가. 선발된 학생은 소속부서에서 지정된 근로시간 동안 근무해야 하며, 학기 중 학적변동
(휴학, 자퇴, 제적 등) 등 불가피한 사유가 인정되는 중도 포기 시 근로 시간 만큼 지급
나. 2021년 1월 말 근로평가 전까지 교체 가능(단, 교체 전 학생의 근로시간을 차감)
다. 국가근로 및 교내근로로 선발 시 학과근로 선발에서 제외됨
(선발 우선순위: 1. 국가근로, 2. 교내근로, 3. 학과근로)
4. 신청절차
가. 학생신청방법: u-SAINT포털 → 등록/장학 → 장학메뉴 ‘근로장학금’→학과근로A/B신청→ 지원서 출력 → 지원서 제출
※ u-SAINT출력본 제출 필수
나. 온라인접수 및 서류제출기간: 2020년 8월 10일(월) 10:00 ~ 8월 17일(월) 17:00
1) 제출서류: 지원서(u-SAINT출력본)
2) 제출장소: 각 학과사무실
5. 선발결과 발표
가. 일시 : 2020년 8월 24일(월) 17:00 이후 예정
나. 본교 홈페이지 공지사항
※ 코로나19 사태로 2학기 교내근로 선발 시행이 늦어진 점 양해바랍니다.
6. 문의: 각 학과 사무실
2020.08.11"
chemistry,2020-1학기 기말고사 실시 관련 안내(코로나 방역관련),N/A,2020.12.02,https://chem.ssu.ac.kr/%ea%b3%b5%ec%a7%80%ec%82%ac%ed%95%ad/?term_id&slug=2620,"2020-1
학기 기말고사 실시
(
유의사항
)
안내
구성원의 안전 및 부정행위 방지를 위해 대면
/
비대면 평가를 실시하니 많은 양해와 협조를 바랍니다
.
■ 유의사항
–
부정행위자는 학생생활규정 제
27
조에 따라 징계함
–
마스크 미착용
및 발열확인스티커 미부착자는
입실 불가
■ 대면평가 입실절차
발열확인
∙발열 확인 및 출입구
–
건물 당 발열확인소가 설치된
1
개 출입구만 개방
–
상세 위치
: “
건물별 개방 출입구
.pptx”
참조
–
발열확인소 운영시간
: 08:30~20:40
(
발열확인 절차를 위해
입실
30
분 전까지 등교
필수
)
∙발열 확인 결과
정상체온
발열확인스티커 왼쪽 가슴 부착
발열
학생
발열확인증
(
학생
/
학교용
)
작성 → 보건실 이동 →
2
차 발열확인
‣
발열확인 시
:
귀가 후 담당교원과 비대면 시험 협의
‣
정상체온 시
:
발열확인스티커 발부받아 시험장 입실
교원
최종 발열확인자에 비대면 시험 출제
⇓
정상체온자 입실
∙
발열확인스티커 왼쪽 가슴 부착
∙
강의실 입실 전 매 시간 손 소독
∙
최대한 간격을 유지하여 착석
■ 등교 불허 대상자
–
다음 해당자는 구비서류를 갖추어 유고결석 및 비대면 시험 요청할 것
구분
구비서류
발열
,
기침 등 의심증상자
진료기록 확인서
코로나
19
확진자
격리통지서
최근
2
주 내 해외방문 이력 있는 학생
해외출입국기록
최근
2
주내 유증상자 접촉 이력이 있는 학생
자가격리 문자
–
유고결석 신청
:
학생서비스팀에 유선 문의
(02-820-0162)
–
비대면시험 신청
:
담당 교원에 비대면 시험 문의
2020.6.
교무처장
2020.06.03"
chemistry,2020-1 일반대학원 장학제도 안내,N/A,2020.12.02,https://chem.ssu.ac.kr/%ea%b3%b5%ec%a7%80%ec%82%ac%ed%95%ad/?term_id&slug=2618,2020.05.26
chemistry,"2020-1 학석연계, 석박통합 안내",N/A,2020.12.02,https://chem.ssu.ac.kr/%ea%b3%b5%ec%a7%80%ec%82%ac%ed%95%ad/?term_id&slug=2616,2020.05.26
chemistry,2020학년도 2학기 재학생 및 복학예정자 대상 교내장학금 신청 시행 안내,N/A,2020.12.02,https://chem.ssu.ac.kr/%ea%b3%b5%ec%a7%80%ec%82%ac%ed%95%ad/?term_id&slug=2610,"2020학년도 2학기 재학생 및 복학예정자를 대상으로 교내장학금 신청 시행을 다음과 같이 안내합니다.
1. 교내장학금 자격요건
가. 2020학년도 2학기 국가장학금 신청/서류제출을 완료하고 소득분위가 조회된 자
나. 2020학년도 2학기 재학 및 복학(예정)자로 등록금 납부 예정인 자
1) 2020학년도 2학기 前 등록휴학 후 복학시 장학생 선발대상에서 제외
2) 미등록, 입학취소, 복학취소, 휴학 등 학적변동 시 모든 장학금 취소
다. 직전학기 15학점 이상 이수한 자(최종 직전학기는 12학점)
라. 등록학기가 8학기 이내인 자(건축학부 건축학전공은 10학기 이내)
2. 신청절차
가. 온라인 신청기간
1) 정규신청: 2020년 5월 25일(월) 10:00 ~ 6월 19일(금) 18:00까지 (4주간)
2) 추가신청: 2020년 6월 29일(월) 10:00 ~ 7월 17일(금) 18:00까지 (3주간)
나. 학생 신청방법: u-SAINT포털 – 등록/장학 – 장학메뉴 – 장학금 신청
다. 학생 서류제출: 온라인 신청기간 내 방문 및 등기우편제출 가능(세부내용 붙임 파일 참조)
붙임: 1. 2020학년도 2학기 교내장학금 신청공고 1부.
2. 장학금 선발자격 및 제출서류 안내 1부.  끝.
2020.05.26"
chemistry,[KHIDI] 닥터프러너 BIO KOREA 가상전시에 여러분을 초대합니다,N/A,2020.12.02,https://chem.ssu.ac.kr/%ea%b3%b5%ec%a7%80%ec%82%ac%ed%95%ad/?term_id&slug=2608,2020.05.20
chemistry,2020년 UNOSD 지속가능발전 청년여름캠프 참가 신청,N/A,2020.12.02,https://chem.ssu.ac.kr/%ea%b3%b5%ec%a7%80%ec%82%ac%ed%95%ad/?term_id&slug=2602,"한국환경공단은 유엔지속가능발전센터(UNOSD), 연세대학교와 함께 청년의 지속가능발전 역량강화를 위한 「2020년 지속가능발전 청년여름캠프」를 아래와 같이 개최할 예정이오니, 관심 있는 학생들의 참여 부탁드립니다.
가. 일정 및 장소 ※ 참여대상자는 사전 워크숍 및 청년여름캠프 모두 참여 필요
구분
사전 워크숍
(Preliminary Workshop)
청년여름캠프
(4th SDG Youth Summer Camp)
일정
2020.7.20.(월)
2020.8.10.(월)~13.(목) 3박4일
장소
서울 또는 인천
(현재 미정)
연세대학교 글로벌캠퍼스
(인천 송도)
나. 참여대상 : 1992년~2002년 사이 출생 대한민국 국민 또는 국내 거주 외국인 약 70명
다. 접수기간 : 2020.5.21.(화) ~ 6.22(월) 24시까지
※ 참가자 발표 7월6일 예정(개별 안내)
라. 접수방법 : 첨부된 지원서 양식 또는
www.unosd.un.org
에서 지원서 다운로드 후 작성
마. 문 의 처 : 032-822-9091, 032-822-9083, 032-590-3172
※ 행사세부내용은 붙임문서 참고
본 행사일정 등은 COVID-19로 인한 상황에 따라 변동 될 수 있습니다.
붙임: 1. 2020년 SDGs Youth 여름캠프 Concept note and agenda
2. 지원서 양식(4th SDGs Youth Summer Camp Application Form)
2020.05.20"
chemistry,NET 챌린지 시즌7(ICT 아이디어 경진대회),N/A,2020.12.02,https://chem.ssu.ac.kr/%ea%b3%b5%ec%a7%80%ec%82%ac%ed%95%ad/?term_id&slug=2598,"NET챌린지 캠프 개요
1) 주 최 : 과학기술정보통신부
2) 주 관 : 한국정보화진흥원, KOREN연구협력포럼
3) 후 원 : 한국전자통신연구원, 한국정보통신기술협회, 국가보안기술연구소, TEIN협력센터, SDN/NFV포럼, LG U+, KT, SKB
ㅇ 행사명 : NET 챌린지 시즌7
ㅇ 접수기간 : 20.5.25(월)~20.6.8(월),18:00까지
ㅇ 참가대상 : 대학(원)생 (전공 무관이며, 대학원생은 석사 재학생까지 참가가능)
ㅇ 지원사항 : 기획안 심사를 통해 15개팀을 선정하여 개발비 400만원을 지원하고 최종 결과물 평가에 따른 시상 실시
ㅇ 시상규모
시 상
부 문
팀 수
상 금
대상
과학기술정보통신부장관상
1팀
1,000만원
금상
한국정보화진흥원장상
1팀
500만원
은상
KOREN 협력기관상
6팀
각 300만원
특별상
통신사상(LGU+, KT, SKB)
3팀
–
총 계
11팀
3,300만원
※ 특별상(통신사상)은 대상/금상/은상과 중복수상 가능, 특별상 수상시 취업혜택(서류전형) 제공
2020.05.20"
chemistry,2020학년도 2학기 국가장학금 1차 신청,N/A,2020.12.02,https://chem.ssu.ac.kr/%ea%b3%b5%ec%a7%80%ec%82%ac%ed%95%ad/?term_id&slug=2594,"가. 국가장학금 1차 신청기간 : 2020년 5월 20일(수) ~ 6월 18일(목) 18시까지
※ 공휴일, 일요일 포함 신청기간 내 24시간 신청 가능
※ 재학생이 1차 신청기간에 신청하지 않을 경우, ‘신청기간 미 준수’로 탈락됩니다.
(다만, 구제신청서를 작성할 경우 재학 중 2회에 한해 구제신청을 받을 수 있습니다.)
※ 1차 신청기간에 신청하지 않을 경우, 장학금 지급이 많이 지연될 수 있습니다.
나. 서류제출 및 가구원 동의기간 : 2020년 5월 20일(수) ~ 6월 23일(화) 18시까지
※ 서류제출 및 가구원 동의 대상자는 반드시 이를 이행해야 장학금 신청이 완료됩니다.
다. 신청대상 : 대한민국 국적 학부생
※ 재학생/신입생/편입생/재입학생/복학생 및 휴학생 등 모든 학적 신청가능
※ 국가장학금 최대 수혜횟수 범위 내에서 지급가능
라. 신청방법 : 한국장학재단 홈페이지 온라인신청
※ 붙임파일의 신청 매뉴얼 참조
※ 한국장학재단 홈페이지 주소 :
www.kosaf.go.kr
마. 상세안내: 학교 홈페이지 ‘장학’ 공지사항 참고
붙 임: 1. 국가장학금 신청 매뉴얼 각 1부.
2020.05.20"
chemistry,2020-1학기 온라인 학습법 특강 참여 안내,N/A,2020.12.02,https://chem.ssu.ac.kr/%ea%b3%b5%ec%a7%80%ec%82%ac%ed%95%ad/?term_id&slug=2591,"교수학습혁신센터에서는 코로나바이러스감염증-19(COVID-19) 상황 하에서 본교 학부생의 학습역량 강화를 목표로 2020-1학기에 온라인 학습법 특강을 운영하고 있습니다. 많은 학생들의 참여 부탁드립니다.
1. 특강 목록(2020.5.11. 기준)
번호
특강명
내용 키워드
대상
특강자
운영 기간
1
네 마음속에 불을 지펴라!
학습 동기 강화
전체 학부생
이희원 교수
(서울대학교)
~8.31.
(운영 중)
2
학업 스트레스 관리법
학업 스트레스 관리
전체 학부생
김원식 박사
(교수학습혁신센터)
3
행복한 자존감 수업
자존감, 학업적 자기효능감 향상
전체 학부생
정윤경 교수
(인하대학교)
4
최우수 선배가 알려주는 대학교 공부법, 생활비법
최우수 선배의 대학교 공부법, 학업 위기와 극복 사례, 대학생활 비법
전체 학부생
(신입생)
김소연, 김기현,
장영재(본교 재학생)
5
온라인 자기주도 학습: 슬기로운 랜선생활
자기인식, 자기주도성, 목표 설정, 시간 분배, 읽기 쓰기 전략, 뇌기반 학습, 보상 시스템
전체 학부생
남상은 수석코치
(TLP 교육디자인)
6
NCS 수리영역 고득점을 위한 전략
NCS 수리영역의 이해, 문제 풀이법
전체 학부생
최성자 교수
(본교 수학과)
5.21.
~8.31.
(예정)
7
Design Thinking(디자인 씽킹)
창의적 문제 해결을 위한 사고법
전체 학부생
김용범 교수
(베어드교양대학)
6.1.
~8.31.
(예정)
2. 신청 및 시청방법: 스마트캠퍼스(myclass.ssu.ac.kr) PC 로그인 후 팝업 배너 참조
3. 우수 참여자 시상: 교내 식권(10,000원) 및 총장 명의 표창장
※ 상세 내용은 특강 별 스마트캠퍼스 강의실 공지사항 게시판 참조
2020.05.18"
chemistry,수림재단 신규장학생 선발 지원기간 연장안내,N/A,2020.12.02,https://chem.ssu.ac.kr/%ea%b3%b5%ec%a7%80%ec%82%ac%ed%95%ad/?term_id&slug=2589,"안녕하세요 수림재단입니다.
신규장학생 선발안내글 링크를 참고해 주시기 바랍니다.
<수림재단 홈페이지-장학사업-공지하상-2020년도 신규장학생 선발 안내>
http://www.surim.or.kr/index/bbs/board.php?bo_table=s5_07&wr_id=78&page_gu=s2&sca=
코로나로 인해 지원기간을 5월말로 연장하게 되었으며,
신규장학생으로 선발되면 생활비지원 등의 혜택이 있으므로
많은 학생들이 지원하시기를 바랍니다.
감사합니다.
2020.05.15"
chemistry,제8기 의약품안전지킴이 모집공고(기간연장),N/A,2020.12.02,https://chem.ssu.ac.kr/%ea%b3%b5%ec%a7%80%ec%82%ac%ed%95%ad/?term_id&slug=2587,"가. 모집대상 : 만18세 이상 SNS 사용자
나. 활동내용
– 개인SNS 통한 의약품 안전정책 홍보
– 홍보아이디어 발굴 및 콘텐츠 제작
– 의약품 불법유통 근절 등 대국민 캠페인 참여
다. 모집기간 : ‘20.3.23(월) ~ 5.13(수)
* 당초 마감일(‘20.4.22)에서 3주 연장
라. 신청방법
– 식약처 홈페이지(https://www.mfds.go.kr)>알림>공지의 양식(지원서, 개인정보활용동의서)을 작성하여 전자우편(drugwatch@korea.kr)으로 제출
마. 상세 내용은 붙임의 포스터 참조
2020.04.28"
chemistry,한국과학창의재단 2020년 학부생 연구프로그램(URP) 연구과제 공모,N/A,2020.12.02,https://chem.ssu.ac.kr/%ea%b3%b5%ec%a7%80%ec%82%ac%ed%95%ad/?term_id&slug=2583,"학부생들의 창의적 연구역량을 향상시키고, 자기주도적으로 연구할 수 있는 기회를 제공하기 위해『2020년 학부생 연구프로그램 지원』 사업을 공모합니다.
사업 안내
1) 사 업 명 : 2020년 학부생 연구프로그램 지원
2) 연구기간 : 협약체결일로부터 6개월 이내
3) 지원규모 : 과제당 5,200,000원 이내
※ 상세내용은 한국과학창의재단 홈페이지 참조 (한국과학창의재단 홈페이지 ? 열린경영 ? 기관소식 ? 사업공고)
나. 사업 공모 개요
1) 접수방법 : 한국과학창의재단 사업관리시스템(PMS) 접수
※ 한국과학창의재단 사업관리시스템 (https://pms.kofac.re.kr/pms.jsp)
2) 접수기간 : 2020.4.16.(목) ~ 2020.5.11.(월) 12:00까지
3) 협조요청 : 대학 내 학부생 연구프로그램 연구과제 공모 관련 안내 및 홍보
4) 문 의 처 : 한국과학창의재단 과학영재육성실 담당자(☏ 02-559-3859)
첨부파일- 학부생 연구프로그램 지원사업 공고문
2020.04.22"
chemistry,한국장학재단 제11기 대학생 홍보대사 모집기간 연장 안내,N/A,2020.12.02,https://chem.ssu.ac.kr/%ea%b3%b5%ec%a7%80%ec%82%ac%ed%95%ad/?term_id&slug=2579,"“한국장학재단 제11기 대학생 홍보대사”를 모집하고 있으나, 코로나바이러스감염증-19 등으로 인하여 모집인원에 미달되어 아래와 같이 신청기간을 연장합니다.
-변경 (일주일 연장)
2020. 4. 11.(토) ∼ 2020. 4. 24(금)
※한국장학재단 홈페이지 접속(www.kosaf.go.kr)→ 재단소개→사이버 홍보실→대학생 홍보대사→지원하기
※지원문의: 이메일(boxboxbox@kosaf.go.kr), 유선(053-238-2614)
첨부파일- 한국장학재단 제11기 대학생 홍보대사 모집 문구(기간연장)
2020.04.22"
chemistry,2020년 1학기 연구실 안전 신규 및 정기교육 시행 안내,N/A,2020.12.02,https://chem.ssu.ac.kr/%ea%b3%b5%ec%a7%80%ec%82%ac%ed%95%ad/?term_id&slug=2577,"코로나19 장기화에 따라 2020년도 1학기 연구활동종사자에 대해 연구실 안전 신규 및 정기교육을 시행을 전면 온라인교육으로 시행함을 알려드립니다.
-교육개요
교육대상자: 이공계 학부생중 실험수업 수강신청한 학부생(6,837명)
변경전: 실험지도교수가 실험수업마다 20분씩 안전교육 시행
변경후: 온라인교육 http://www.safetycare.co.kr/
-온라인교육 수강방법
가. 수강 기간 : 2020.04.13 ~ 2020.06.30까지
나. 교육 사이트 : http://www.safetycare.co.kr/
다. 로그인 방법 : 기관(숭실대학교),학번/직번(학번&직번), 비밀번호(학번&직번)
라. 비밀번호 변경 : 최초 로그인 시 아이디와 동일하게 설정된 비밀번호는 무조건 변경
마. 위험군 분류 : 사이트에 접속하면 위험군 자동분류 됨
바. 언어변경 : 수강신청 화면 우측에 language를 변경하여 수강하면 됩니다.
-문의 : 안전시설팀 (820-0208) / E-Mail : yesshin@ssu.ac.kr
2020.04.14"
chemistry,1:1 학습코칭 참여 안내,N/A,2020.12.02,https://chem.ssu.ac.kr/%ea%b3%b5%ec%a7%80%ec%82%ac%ed%95%ad/?term_id&slug=2573,"교수학습혁신센터에서는 본교 학부생의 학습역량 강화를 위하여 2020-1학기 <1:1 학습코칭> 프로그램을 운영합니다.
1. 학습코칭 개요: 객원 전문 학습코치가 참여학생과 1:1로 만나 학습 고민을 상담하고, 학습유형검사(U&I) 또는 학습전략검사(MLST-Ⅱ) 실시 결과를 바탕으로 참여학생의 학습 문제 개선, 학습역량 강화를 지원함
2. 참여 대상: 본교 한국인, 중국인 학부 재학생
3. 운영 기간: 2020.4.13.~2020.6.19.
※ 학생이 사전 예약한 시간에 학습코칭을 실시함(1회 1시간, 총 5회 참여 권장)
4. 장소: 신양관 201호 학습코칭실
5. 학습코치 정보 및 참여 신청
가. 한국인 학부 재학생: https://citl.ssu.ac.kr/ko/community/notice/view/1474
나. 중국인 학부 재학생: https://citl.ssu.ac.kr/ko/community/notice/view/1475
6. 비고: 오프라인(대면) 실시하며, 코로나19 사태 관련 하기 참여수칙을 정함
가. 마스크 미 착용 시 학습코칭실 입실 불가
나. 마스크를 착용한 채 학습코칭 실시
다. 발열 또는 호흡기 증상이 있을 시 입실 불가
라. 해외로부터 입국한 후 2주 동안 자가격리하지 않은 자의 입실을 제한
마. 각 학습코칭실에 비치된 손 소독제를 입·퇴실 시 사용
바. 신체접촉을 피하고, 2m 이상의 건강거리 유지
사. 기침 또는 재채기할 때 반드시 옷소매로 입과 코를 가림
아. 1시간에 한 번씩 물과 비누로 손을 씻음
자. 발열 또는 호흡기 증상 발견 즉시 교수학습혁신센터에 알림
8. 문의처: 교수학습혁신팀 정유진
2020.04.13"
chemistry,2020학년도 1학기 ‘숭실평화통일스쿨’ 운영 변경 내용,N/A,2020.12.02,https://chem.ssu.ac.kr/%ea%b3%b5%ec%a7%80%ec%82%ac%ed%95%ad/?term_id&slug=2570,"1. 변경사유: 코로나19 집단감염 예방을 위해, 2020-1학기 전체를 비대면 온라인 강의로 진행하기로 한 본교 지침을 준수하기로 함
2. 변경내용
가. 5월~6월 중 외부 일정으로 진행하기로 하였던 숭실평화통일스쿨을, 2020-1학기에 한하여 한시적으로 온라인 수업의 형태로 스쿨을 대체하기로 함
나. 숭실평화통일스쿨 이수를 위해 총 7개 회차의 온라인 수업이 추가로 제공될 예정이며, 해당 수업을 모두 이수하여야만 ‘숭실평화통일스쿨’ 이수로 인정 함
3. 요청사항
가. 2020-1학기에 시행되는 숭실평화통일스쿨은 코로나19로 인한 한시적인 조치사항으로, 2020-2학기부터 통학형 2일 프로그램 일정으로 오프라인 스쿨 진행 예정
나. 2020-1학기 숭실평화통일스쿨 이수와 관련한 세부내용은, 4월 10일(금) 스마트캠퍼스 교과목 공지에 안내 예정
2020.04.13"
chemistry,2020년 2학기 포스터발표 안내,N/A,2020.11.27,https://chem.ssu.ac.kr/%ea%b3%b5%ec%a7%80%ec%82%ac%ed%95%ad/?term_id&slug=2157,"2020-2학기 졸업논문 포스터발표 관련 공지입니다.
2학기에도 1학기와 동일하게 온라인으로 포스터 발표를 진행합니다. (10.19(월)~)
발표 영상은 아래 링크에서 확인 가능합니다.
https://www.youtube.com/playlist?list=PLyOquLPlubXS-NsUhSwoGwkQu6n7R6kl0&jct=1Jl5vmN658LVfEFyBDB7-2lNvDML_g
많은 관심과 참여 부탁드립니다.
감사합니다.
화학과 사무실
문의: 02-820-0430
chem@ssu.ac.kr
2020.10.19"
chemistry,20-2학기 화학과 실험 과목의 한시적 비대면 수업 시행에 대한 안내,N/A,2020.11.27,https://chem.ssu.ac.kr/%ea%b3%b5%ec%a7%80%ec%82%ac%ed%95%ad/?term_id&slug=2155,"화학과에서는 애초 2020-2학기 실험 과목에 대해서 대면 수업을 진행하기로 하였었습니다.
하지만, 개강을 목전에 두고 코로나바이러스 확진자가 급격히 증가하고 있어서, 사회적 거리두기 3단계로의 격상까지도 거론되는 상황입니다.
이런 상황에서는 학생들의 조별 활동에 따르는 밀접 접촉이 불가피한 대면 실험 수업을 진행하기가 곤란합니다.
이에, 실험 교과목의 대면 수업은 안전하지 않다고 판단하여, 다음과 같이 수업 방식을 변경합니다.
—————–
1) 중간고사 이전까지, 1학기와 마찬가지로 실험 과목을 비대면 스마트캠퍼스 수업(비대면 원격 수업-보강)으로 전환합니다.
2) 비대면 수업으로 전환되는 실험 과목은 다음과 같습니다.
(i) [1학년 <화학2및 실험> 전체]
(ii) [화학과 전공 실험 과목]
※ 담당 교수님의 별도 공지가 있을 예정입니다.
– 2학년 <분석화학 실험>, <유기화학 실험2>
– 3학년 <물리화학 실험2>
3) 수업 방식은 1학기 비대면 수업과 비슷한 형태이며, 자세한 내용은 스마트캠퍼스 해당 수업의 공지를 참고하세요.
4) 코로나바이러스 확산-진정 정도에 따른 수업 방식의 변경이 필요하면, 중간고사 이전에 다시 공지할 예정입니다.
—————–
학생들의 이해와 협조를 바랍니다.
문의할 사항이 있으면, 화학과 (chem@ssu.ac.kr, 02-820-0430) 또는 수업 담당 교수님께 언제든지 연락하기 바랍니다.
2020년 8월 25일(화)
숭실대 화학과장 김자헌 교수 (jaheon@ssu.ac.kr)
2020.08.25"
chemistry,융합전공 안내 및 교과목 수강신청 안내,N/A,2020.11.27,https://chem.ssu.ac.kr/%ea%b3%b5%ec%a7%80%ec%82%ac%ed%95%ad/?term_id&slug=2151,"2학기 융합전공 교과목 수강신청 관련 내용을 첨부파일로 안내합니다.
주요 내용은 다음과 같습니다.
1. 융합전공 선택 과목 변경
– 양자화학및분광학(폐강) > 생화학2 (신규 지정)
– 단백질생화학(폐강) >물리화학특강(신규 지정)
2. 융합전공 필수 과목의 수강신청
– 융합전공 이수신청을 하지 않은 학생도 수강신청 마지막 날에 신청 가능합니다.
(이 경우, 교양선택으로 지정이 되나, 학기말에 이수구분 변경신청하여 전공선택으로 인정받을 수 있습니다.)
2020.08.18"
chemistry,2020-1 3학년 지도교수 배정,N/A,2020.11.27,https://chem.ssu.ac.kr/%ea%b3%b5%ec%a7%80%ec%82%ac%ed%95%ad/?term_id&slug=2147,"2020학년도 1학기 3학년 졸업 논문 지도교수 배정을 공지합니다.
수정 요청 사항 있으면 29(월) 17:00까지 강위경 교수에게 연락 주시기 바랍니다.
지도 교수 변경을 원할 시 변경 전과 변경 후의 교수님과 면담하고 두분의 승인 받아 오시기 바랍니다.
배정 원칙은 다음과 같습니다.
1) 1차 배정
1지망 지원순 배정, 최대 인원 6명 제한(실험실 수용 인원 고려)
2) 2차 배정
2/3지망 지원 고려
2/3지망 해당 없는 경우 1/2 지망 지원 분야와 연구실 인원 고려
감사합니다.
강위경(Weekyung Kang) 드림
2020.06.25"
chemistry,2020년 1학기 포스터발표 안내,N/A,2020.11.27,https://chem.ssu.ac.kr/%ea%b3%b5%ec%a7%80%ec%82%ac%ed%95%ad/?term_id&slug=2145,"화학과 학생 여러분께
우리 화학과에서는 졸업시험 대신에 졸업 논문제도를 시행하고 있습니다. 3학년에 지도교수를 정하고 실험 또는 논문 리뷰를 통해 설정된 주제에 대한 자기만의 논문을 작성하는 것입니다.
2020학년도 8월 졸업 대상자에 대한 포스터 발표를 코로나 사태로 인하여 온라인으로 진행할 예정이니 많은 관심과 참여를 부탁드립니다.
해당 온라인 사이트는 아래 링크를 클릭하시기 바랍니다.
포스터 발표와 함께 졸업논문 지도 교수 신청을 위한 연구실 소개 동영상 역시 업로드 되어 있으니 진로 결정을 위해 참고하시기 바랍니다.
연구실 소개 동영상:
포스터 발표 동영상:
=============================================================================
이에 2020학년도 8월 졸업 대상 학생은 동영상 파일(mp4)과 PPT 파일을 아래와 같이 제출하여 주시기 바랍니다.
1. 논문 연구 1 수강학생.
동영상 파일: 개인 구글드라이브 계정에 동영상 업로드 후, 드라이브 공유 링크(‘링크가 있는 인터넷상의 모든 사용자가 수정할 수 있음’으로 공유설정)를 학과 사무실(chem@ssu.ac.kr)로 제출. (업로드 관련 문의사항은 02-820-0430)
파일 이름: 2020_8월 졸업포스터_학번_이름_mp4
강위경 교수에게 기 제출한 학생은 상관없음.
PPT 파일: 스마트 캠퍼스 과제란에 업로드
2. 논문 연구 1 미수강 학생
-동영상 파일: 개인 구글드라이브 계정에 동영상 업로드 후, 드라이브 공유 링크(‘링크가 있는 인터넷상의 모든 사용자가 수정할 수 있음’으로 공유설정)를 학과 사무실(chem@ssu.ac.kr)로 제출. (업로드 관련 문의사항은 02-820-0430)
파일 이름: 2020_8월 졸업포스터_학번_이름_mp4
-PPT 파일 : 동영상 링크와 함께 ppt는 파일 첨부하여 학과 사무실(chem@ssu.ac.kr)로 제출.
3. 제출 기한: 5/10(일)
강위경 교수
2020.05.07"
chemistry,2020 3학년 졸업논문신청서 제출 안내,N/A,2020.11.27,https://chem.ssu.ac.kr/%ea%b3%b5%ec%a7%80%ec%82%ac%ed%95%ad/?term_id&slug=2143,"3학년 학생 여러분께
우리 화학과에서는 졸업시험 대신에 졸업 논문제도를 시행하고 있습니다. 3학년에 지도교수를 정하고 실험 또는 논문 리뷰를 통해 설정된 주제에 대한 자기만의 논문을 작성하는 것입니다.
대략 4월말 ~ 5월초가 지도 교수 선정을 위한 실험실 소개 및 신청서를 받는 시기입니다.(4/7일자 학과 공지 참고)
그러나 코로나 때문에 연구실 소개 및 신청을 온라인으로 진행하기로 하였습니다.
해당되는 학생들은 아래 링크에서 연구실 소개 영상을 시청하시고
희망하시는 연구실에 대한 졸업논문 신청서를 제출하시기 바랍니다.
1. 신청서 양식: 학과 홈페이지_자료 및 정보_졸업논문 자료실_양식1_졸업 논문 신청서
2. 제출 기한: 5/17(일)
3. 제출 방법: 학과 사무실로 이메일 신청 chem@ssu.ac.kr
강위경 교수
2020.05.06"
chemistry,"2020 3학년 졸업논문,실험실 설명회",N/A,2020.11.27,https://chem.ssu.ac.kr/%ea%b3%b5%ec%a7%80%ec%82%ac%ed%95%ad/?term_id&slug=2141,"안녕하세요, 화학과사무실입니다.
5월 예정되어 있었던 실험실 설명회(3학년 대상)를 대면 수업 금지로 인해 온라인(원격) 설명회로 대체하였습니다.
해당하시는 분들은 아래 링크에서 실험실 설명영상을 시청하시고,
(https://www.youtube.com/playlist?list=PLyOquLPlubXRMMuY1vBIqe3oCoCYO6JVu)
희망하시는 실헙실을 화학과 (chem@ssu.ac.kr) 메일로 보내주시면 참고하여 지도 교수를 배정하도록 하겠습니다.
감사합니다.
2020.05.04"
chemistry,2020-1 논문 계획서 제출 방법,N/A,2020.11.27,https://chem.ssu.ac.kr/%ea%b3%b5%ec%a7%80%ec%82%ac%ed%95%ad/?term_id&slug=2139,"논문 계획서 제출 방법
4학년 1학기 재학 학생은 졸업 논문 계획서를 다음과 같은 방법으로 제출하기 바랍니다.
(~5.2(토))
1. 논문 연구 1 수강학생
pdf 파일을 논문 연구1 스마트 캠퍼스에 업로드
(지도교수/학과장/학장 확인은 받지 않아도 됨)
pdf 파일을 학과 사무실에 메일로(chem@ssu.ac.kr) 제출 바람.
(지도교수/학과장/학장 확인은 과사에서 일괄적으로 받을 예정)
–> 파일 이름: 2020_졸업논문계획서_성명_학번.pdf
2. 논문 연구 1 미수강학생
pdf 파일을 학과 사무실에만 메일로(chem@ssu.ac.kr) 제출 바람.
(지도교수/학과장/학장 확인은 과사에서 일괄적으로 받을 예정)
–> 파일 이름: 2020_졸업논문계획서_성명_학번.pdf
강 위경.
2020.04.27"
chemistry,2020-1 화학과 지도교수 배정표(1~4학년),N/A,2020.11.27,https://chem.ssu.ac.kr/%ea%b3%b5%ec%a7%80%ec%82%ac%ed%95%ad/?term_id&slug=2128,"2020학년도 1학기 화학과 학생들의 지도교수 배정 내용입니다.
아래 첨부파일 중 해당하는 학년의 파일을 확인해주시기 바랍니다.
3학년 학생들은 1학기 중 졸업논문 지도교수 배정이 있을 예정이며,
변경 내용은 2학기부터 반영이 됩니다.
수정사항이나 문의사항은 과사무실(chem@ssu.ac.kr)로 문의주시기 바랍니다.
감사합니다.
2020.04.14"
chemistry,zoom등을 이용한 학생 간 소통,N/A,2020.11.27,https://chem.ssu.ac.kr/%ea%b3%b5%ec%a7%80%ec%82%ac%ed%95%ad/?term_id&slug=2126,"안녕하세요.
화학과장 김자헌 교수입니다. 게시판을 통해 간단한 메시지를 전하고자 합니다.
현 상황에서 학생들끼리의 토의가 어려워, 가령, 과제나 보고서를 혼자 작성하는 데 어려움을 겪을 수 있습니다.
특히 신입생의 경우는 더욱 그럴 것입니다.
그래서 다음과 같은 방안을 시도해 보면 좋겠습니다.
[zoom 과 같은 화상 토론 프로그램 이용]
– 알겠지만 스카이프나 zoom으로 원격 토의가 가능합니다.
– zoom은 40분간 무료로 이용할 수 있고, 40분 후에 다시 연결하여 계속 토의 진행 가능합니다.
– PowerPoint 화면을 공유하면서 토의 가능합니다. 파일을 주고 받을 수도 있구요.
(1) 이미 활용하고 있는 학생들
– 가령 2, 3, 4학년 중에서는 이미 화상으로 토의 학습을 하고 있을 수 있습니다.
– 그렇다면, 이 경험을 1학년 (또는 타 학년)에게 알려 주세요.
(2) 그렇지 않은 학생들
– 누구 한명이 제안하여, 팀을 구성하고, 시도해 주세요.
– 1학년은 단톡방에서 제안하고, 이에 응하는 학생(들)과 과제 풀이에 대해 토의해 볼 수 있을 것입니다.
– 또는, 고학년이 먼저 시도해 보고, 저학년에게 전파할 수 있습니다.
더 좋은 방법들이 있을 수 있습니다.
어느 방법이던지 간에, 학생들끼리 온라인으로 나마 협업하는 시도를 해보면 좋겠습니다.
특히, 신입생의 경우는 서로 잘 모르는 상태이기 때문에, 학생들끼리의 이런 시도가 필요해 보입니다.
zoom은 휴대폰에도 어플이 있어서, 우선 서로 소통하는 데에는 편할 것같습니다.
학과 교수님들도 조만간 신입생 및 재학생들과 zoom을 통한 상담을 시도해 보려고 합니다.
2020.04.09"
chemistry,(~4.10 금)2020년 1학기 강의계획서 수정 확인과 수강신청 취소,N/A,2020.11.27,https://chem.ssu.ac.kr/%ea%b3%b5%ec%a7%80%ec%82%ac%ed%95%ad/?term_id&slug=2124,"안녕하세요, 숭실대 화학과 사무실입니다.
2020-1학기 수업 및 평가방식이 원격 및 절대평가로 변경됨에 따라
강의계획서 최종 수정기간이 4.10(금)까지 연장되었습니다.
학생분들은 변경된 강의계획서를 유세인트에서 확인하시고,
수강 취소하시기 희망하시는 분들은 4.10(금) 23:59까지 취소해주시기 바랍니다.
감사합니다.
2020.04.08"
chemistry,"2020_1학기 졸업 논문에 대하여(4학년 학생 대상, 3학년 참조)",N/A,2020.11.27,https://chem.ssu.ac.kr/%ea%b3%b5%ec%a7%80%ec%82%ac%ed%95%ad/?term_id&slug=2120,"학생 여러분께 알립니다.
코로나 사태로 학사 일정이 또 변경되어 수업 일정이 파행적으로 진행되고 있습니다.
1학기 전체 원격 수업으로 결정이 됨에 따라 2020_1학기 졸업논문 및 논문 연구1 일정을 조정하게 되었습니다.
자세한 내용은 4/6자 화학과 공지사항을 참고하시기 바랍니다.
그리고 첨부 파일의 논문지도교수 배정, 논문연구 1 수강여부를 확인한 후
이상이 있으면 화학과(chem@ssu.ac.kr)로 간단히 메일주기 바랍니다.
1) 지도교수 확인 –> 오류시 통보 바람.
담당 지도 교수님과 상의 하여 논문 주제, 제목, 계획서 및 중간보고서 작성에 차질이 없기 바랍니다.
2) 지도교수 미확인 학생 –> 지도교수 배정 여부 및 담당 지도 교수 통보 바람.
3) 2020. 8월 졸업 예정 학생 –> 명단에 미기재된 학생은 통보 바람
문의: 강위경 교수
2020.04.07"
chemistry,[재변경 초안] 2020학년도 졸업논문 일정 및 실험실 설명회,N/A,2020.11.27,https://chem.ssu.ac.kr/%ea%b3%b5%ec%a7%80%ec%82%ac%ed%95%ad/?term_id&slug=2118,"2020-1학기 전체 기간 비대면 원격 수업방식 운영으로
졸업논문 및 실험실 설명회 일정의 변경이 불가피하게 되었습니다.
우선 다음과 같은 일정 변경을 안내합니다.
구체적인 내용과 방법은 조만간 다시 공지하겠습니다.
– 단체 카톡방들을 통해 이 내용을 공유 전파해 주면 고맙겠습니다.
1. 4/30(목)까지 실험실 설명회(3학년 대상)
–> 온라인(원격) 설명회로 대체: 각 실험실의 동영상을 학생들에게 공지
2. 5/9(토)까지 실험실 신청 및 배정(3학년 대상)
–> 온라인 신청 및 학과 사무실 홈페이지 공고
3. 5/2(토)까지 논문 계획서 제출(4학년 2021. 2월 졸업 예정자 대상)
–> 학칙 요구 사항으로 2020_1학기까지 논문 제목 및 계획서를 제출하여야함.
4. 5/9(토)까지 포스터 발표(4학년 2020. 8월 졸업 예정자 대상)
–> 비대면 발표 및 심사: PPT 동영상 제작(발표자)
–> 학과 내규 사항, 논문 연구 1 성적 반영
5. 5/23(토)까지 중간보고서 및 최종 보고서 제출
–> 중간보고서: 4학년 2021. 2월월 졸업 예정자 대상, 논문연구1 성적 반영
–> 최종보고서: 4학년 2020. 8월 졸업 예정정 대상, 논문연구 1 성적 반영 및 졸업 사정 요구 사항
문의: 강위경 교수
2020.04.06"
chemistry,[변경] 2020학년도 졸업논문 일정,N/A,2020.11.27,https://chem.ssu.ac.kr/%ea%b3%b5%ec%a7%80%ec%82%ac%ed%95%ad/?term_id&slug=2114,"코로나바이러스 사태의 장기화로 인하여 졸업논문 일정이 변경되었습니다.
첨부파일의 빨간색 글씨 부분입니다.
주요내용입니다.
1) 연구실 소개 – 온라인 설명회로 대체
2) 논문계획서 제출 (4-1 학기 학생): 4월 30일까지
3) 2020년 8월 졸업예정 학생
– 5월 7일 논문 포스터 발표 > 코로나바이러스 사태 장기화 될 때, 동영상 발표로 대체
변동 사항이 발생하면 다시 공지하겠습니다.
문의: 강위경 교수 (wkang@ssu.ac.kr)
2020.03.19"
chemistry,SSU:catch – 학사 관련 공지사항,N/A,2020.11.27,https://chem.ssu.ac.kr/%ea%b3%b5%ec%a7%80%ec%82%ac%ed%95%ad/?term_id&slug=2112,"변경된 학사일정
등에 관한 대학
공지
사항은
숭실대학교 홈페이지 > SSU:catch > 공지사항 > 학사
웹페이지
에서 확인해 주세요.
* 화학과 홈페이지 우측 하단의
[숭실대학교](Go)
를 선택하면,
숭실대학교 홈페이지
로 이동합니다.
2020.03.11"
chemistry,실험 교과 수강 – 스마트캠퍼스,N/A,2020.11.27,https://chem.ssu.ac.kr/%ea%b3%b5%ec%a7%80%ec%82%ac%ed%95%ad/?term_id&slug=2110,"일반화학 실험 및 전공실험 과목도 당분간 원격강의(온라인 강의)로 수강해 주세요.
[스마트캠퍼스 LMS](https://myclass.ssu.ac.kr/login.php) 에 로그인 한 후
신청한 해당 강좌에 업로드된 동영상 강의를 수강하면 됩니다.
과목마다 약간 다를 수 있지만,
– [실험 이론 동영상], [실험 과정 시연 동영상], [실험(분석) 자료]로 구성이 됩니다.
– 학생들은 동영상으로 수강 후, 제시된 [실험(분석) 자료]에 대한 보고서를 작성하여 제출합니다.
구체적인 내용은 스마트캠퍼스 강의에서 설명될 예정입니다.
2020.03.11"
chemistry,***20-1학기 융합전공 추가 수강 신청 (3월16일 – 3월20일) 안내,N/A,2020.11.27,https://chem.ssu.ac.kr/%ea%b3%b5%ec%a7%80%ec%82%ac%ed%95%ad/?term_id&slug=2106,"물리학과
–
화학과에서 개설 중인
‘
양자나노 융합전공
’
에 대해 학생 여러분의 많은 관심을 기대합니다
!
특히
,
융합전공 필수과목인 다음 세 과목에 관심을 두시기 바랍니다
.
[
양자나노과학개론
(
담당
:
정진석 교수
)],
[
양자나노소재프로그래밍
(
담당
:
이항모 교수
)],
[
양자나노소재응용
(
담당
:
김종훈 교수
)]
–
이 과목들은 융합전공을 이수하고자 하는 학생들에게 먼저 수강 기회가 주어집니다
.
(단, 도중에 이수를 포기하면 이수 구분이
<
전공
>
에서
<
교양
>
으로 바뀌게 된다는 점에 유의하기 바랍니다
.
이 규정은
20-1
학기부터 적용되며
,
이전에 이미 융합전공 이수를 신청한 학생들에게는 소급 적용되지는 않습니다
. *
뒤에 소개하는 학교 홈페이지 정보 참조
해 주세요.)
–
대신
,
위 세 과목은
‘
절대평가
’
로 성적이 부여되니 참고해 주세요
.
– 혹시 이수신청을 하지 않았더라도
,
융합전공 이수에 필요한 과목들을 수강할 수 있다면
,
나중에
‘
융합전공
’
이수신청을 하여도 됩니다
.
–
양자나노 융합전공에 대해 궁금한 점이 있으면 학교의 다음 웹페이지를 방문해 주세요
1)
융합전공 소개 페이지
*
학교 홈페이지
:
학사
>
교육
.
교과과정
>
융합전공
(
양자나노
)
2)
융합전공 교과목 수강 관련 주요사항
*
학교 홈페이지
:
SSU:catch >
공지사항
> 2020
년
2
월
11
일 게시
, [
중요
] 2020
학년도 융합전공 교과목 수강 관련 주요사항 안내
3)
추가로 첨부파일인
*<
융합전공 종합이수 가이드
_2020_02
> PDF
파일을 살펴보고
,
학생 각자의 고유전공과 융합전공 이수 계획을 세워보기 바랍니다
.
궁금한 점이 있으면 융합전공 주임교수
(
김자헌
,
jaheon@ssu.ac.kr
)
또는 위
강의 담당 교수님께 문의
해 주세요
2020.03.11"
chemistry,2020 학년도 졸업논문 일정 / 지도교수 선정 계획,N/A,2020.11.27,https://chem.ssu.ac.kr/%ea%b3%b5%ec%a7%80%ec%82%ac%ed%95%ad/?term_id&slug=2102,"학부 졸업논문 제도와 관련된 일정, 그리고 3학년 대상 논문 지도교수 선정 예상 일정입니다.
첨부 파일을 참고해 주세요.
코로나 바이러스 상황 추이에 따른 변동사항이 발생하면, 수정안을 다시 공지하겠습니다.
2020.03.09"
chemistry,2020-1학기 수강 정정기간 변경 및 일부 교양 여석 증원 안내,N/A,2020.11.27,https://chem.ssu.ac.kr/%ea%b3%b5%ec%a7%80%ec%82%ac%ed%95%ad/?term_id&slug=2100,"1. 수강신청 정정기간 연장
☐ 연장 내용
변경 전: 3월 16일(월) – 21일(토) 기간 중 10:00~17:00
변경 후: 3월 11일(수)- 13일(금) (추가), 3월 16일(월) – 21일(토) 기간 중 10:00~17:00
☐ 연장운영사유
① 3월 수업의 일괄 비대면(온라인 동영상 또는 과제물) 수업 운영
② 비대면 수업의 특성상 청강 후 수강 정정이 어려움
③ 스마트캠퍼스에 수강생으로 반영되는데 1일 소요
2. 일부 교양과목의 여석 증원
☐ 확대 대상 교과목
① 컴퓨팅적사고 2,3,4학년반: 분반 4개 추가 (180석)
② 기업가정신과행동 2,3,4학년반: 분반 1개 신설 (30석)
③ 향후계획: 3.6~10 기간 중 순차적으로 여석 없는 교선 100여과목 약 400석 증원 예정
(증원 결과는 3.6~10 기간 중 시간표 또는 장바구니에서 확인 가능)
☐ 여석 확대 사유 : 20-1 수강신청 사고에 따른 조치
2020.03.06.
교 무 처 장"
chemistry,20-1학기 개강(3월16일) 후 수업 운영 – 스마트캠퍼스LMS,N/A,2020.11.27,https://chem.ssu.ac.kr/%ea%b3%b5%ec%a7%80%ec%82%ac%ed%95%ad/?term_id&slug=2098,"숭실대 홈 페이지에 공지된 바와 같이,
화학과 교과목도 3월 16일 부터 (~3월 28일까지 잠정적으로) 온라인 수업을 진행합니다.
[스마트캠퍼스 LMS](https://myclass.ssu.ac.kr/login.php) 에 로그인 한 후
신청한 해당 강좌에 업로드된 동영상 강의를 수강해 주세요.
* 이미 업로드된 동영상 강의는 3월 16일 부터 수강하여도 됩니다.
2020.03.05"
chemistry,"2020-1(신입,편입,복학,재입학생) 교내장학금 신청 시행 안내",N/A,2020.11.27,https://chem.ssu.ac.kr/%ea%b3%b5%ec%a7%80%ec%82%ac%ed%95%ad/?term_id&slug=2094,"2020학년도 1학기 신입생, 편입생, 복학생, 재입학생을 대상으로 교내장학금 신청을 다음과 같이 시행하고자 합니다.
1. 교내장학생 자격요건
가. 2020학년도 1학기 국가장학금을 신청/서류제출을 완료하고 소득분위가 조회된 자
나. 2020학년도 1학기 재학 및 복학(예정)자로 등록금 납부 예정인 자
1) 2020학년도 1학기 전 등록휴학 후 복학생은 모든 장학금 선발에서 제외(등록대체)
2) 미등록, 입학취소, 복학취소, 휴학 등으로 인한 학적변동시 모든 장학금 취소
다. 직전학기 15학점 이상 이수한 자
※ 2020년 1학기가 4학년 8학기인 자는 직전학기 12학점 이상
※ 건축학부 건축학전공: 10학기인 자는 직전학기 12학점 이상 이수(1~9학기는 15학점 이상)
마. 등록학기가 8학기(건축학부 건축학전공은 10학기) 이내인 자
2. 신청절차
가. 온라인신청 및 서류제출기간
1) 1차: 2020. 3. 3.(화) 10:00 ~ 17.(화) 17:00 (2주간)
2) 2차(추가신청 기간): 2020. 3. 18.(수) 10:00 ~ 27.(금) 17:00
※ 신종코로나바이러스로 오프라인수업 2주간 휴강 조치에 따라 1차와 간격을 두지 않고 2차 신청기간 운영.
☆★단, 이후 추가 신청은 받지 않음.
나. 학생신청방법: u-SAINT → 등록/장학 → 장학메뉴 → 장학금신청
다. 학생서류제출: 온라인신청기간 내 방문 및 등기우편 제출 가능(세부내용 붙임 참조)
3. 장학금 관련 부서 및 협조사항
가. 신청 홍보: 단과대학 교학팀 및 모든 학과(부)
나. 학생 선발: 아래 부서에만 해당
장학금명
관련부서
협조사항
국제교류장학금
국제처 국제팀
1. 온라인 신청없음(학생문의응대 협조)
2. 부서 장학생 추천
특기자장학금(축구)
학생처 학생서비스팀
특기자장학금(골프)
스포츠학부
장애학생장학금
장애학생지원센터
교역자자녀장학금
교목실 학원선교팀
1. 학생 온라인신청 및 서류제출
2. 부서 장학생추천
고시합격자장학금
경력개발센터 고시시원실
다. 장학생 추천 기한 : 2020.3.31(화) 까지 공문발송
붙임: 1. 2020학년도 1학기 신입생, 편입생, 복학생, 재입학생 대상 교내장학금 신청공고 1부.
2. 장학금 선발자격 및 제출서류 안내 1부.  끝.
2020.02.25"
chemistry,2020학년도 1학기 대학원 수강신청관련 안내,N/A,2020.11.27,https://chem.ssu.ac.kr/%ea%b3%b5%ec%a7%80%ec%82%ac%ed%95%ad/?term_id&slug=2090,"1. 안내사항
가. 2020학년도 1학기 대학원 수강신청 안내
나. 2020학년도 1학기 선수과목 수강신청서 제출 안내
다. 2020학년도 1학기 12학점 수강신청 승인서 제출 안내
라. 2020학년도 1학기 타과 개설 강좌 수강 전공학점 인정확인서 제출 안내
※ 세부내용은 붙임파일 참조
2. 홈페이지 게시기간 : 2020년 1월 13일(금) ∼ 3월 7일(토)
3. 수강신청 기간
가. 정규기간: 2월 17일(월) 10:00 ~ 2월 21일(금) 17:00
나. 추가기간: 3월 2일(월) 09:00 ~ 3월 7일(토) 24:00
※ 수강신청 관련 서류 제출일자는 수강신청 기간 내 월~금요일 매일 10시부터 5시까지임
2020.01.16"
chemistry,[중요] 졸업확정신고 제도 본격 시행 대비 신고 제출안내 (학사과정),N/A,2020.11.27,https://chem.ssu.ac.kr/%ea%b3%b5%ec%a7%80%ec%82%ac%ed%95%ad/?term_id&slug=2086,"졸업확정신고 제도 본격 시행 대비 신고 제출안내 (학사과정)
1. 관련 규정 : 숭실대학교 학칙 제46조(학사과정의 졸업), 2020.1.22. 대학평의원회 심의
(학칙 개정 심의 통과 시 바로 시행되므로 2020.2월 졸업예정자부터 적용대상이 됨)
2. 제도 개요 : 학생의 해당 학기 졸업 희망/비희망 여부를 u-SAINT 시스템으로 접수
3. 배경/목적 : 학생의 해당 학기 졸업 희망/비희망 의사를 보다 편리하게 표시하여
학생 편의성 및 행정 정확도를 개선
4. 기존 대비 졸업요건 변경 내용 비교
현행
졸업요건 : 졸업학점 충족
졸업논문/시험 성적 통과
비고 : ☞ 졸업논문/시험 미제출(유예)로
졸업시기 조정
변경
졸업요건 : 졸업학점 충족
졸업논문/시험 성적 통과
u-Saint에서 졸업 확정 동의(신규 요건)
비고 : ☞ u-Saint 졸업 확정 동의 여부로
졸업시기 조정, 1개 조건이라도
미달될 경우 졸업 불가능(수료)
5. 신고 제출 기간 : 2020. 01.14.(화) 13:00 ~ 01.28(화) 13:00 까지
(학칙 개정 통과 시 바로 적용해야 하므로 개정 적용 전 미리 신고 접수 실시)
6. 신고 제출 절차
가. u-SAINT 접속 > 학사관리 > 성적/졸업 > 졸업확정신고 메뉴 이동
나. 졸업생 연락처 업데이트를 위한 개인정보 수집동의 확인 및 연락처 정보 입력
다. 졸업 희망자 : 확정 동의 신청 클릭 > 고지내용 확인 > 제출 버튼 클릭
라. 졸업 거부자 : 확정 거부 신청 클릭 > 고지내용 확인 > 제출 버튼 클릭
마. 신고 미제출 = 미정 = 졸업 거부자로 간주, 졸업 희망자는 반드시 동의 신청 필요!
7. 유의사항
가. 졸업 확정 신고는 신청한 학기에만 유효함
(졸업할 때 까지 매 학기마다 동의/거부를 다시 신청)
나. 신고 학기에 다른 요건 미달로 졸업하지 못한 경우, 졸업할 학기에 다시 신고해야 함
다. 신고 상태를 변경하려는 경우 위 공지한 신청, 변경 기간까지만 변경/재신청 가능
라. 확정 신고 제출 처리 결과는 신청 화면에서 바로 내역 조회 가능
마. 확정 신고 결과에 대한 졸업사정표 업데이트는 1.22(수) 또는 1.29(수)에 반영 예정
8. 문의 : 카카오톡 채널 1:1 채팅 <숭실대 학사팀~>
http://pf.kakao.com/_MarZC/chat
학사팀 대표전화 02-820-0150
붙임 : 졸업확정신고 사용자 매뉴얼 1부.
2020. 01.
교 무 처 장
본문 참고
https://scatch.ssu.ac.kr/공지사항/?slug=%EC%A4%91%EC%9A%94-%EC%A1%B8%EC%97%85%ED%99%95%EC%A0%95%EC%8B%A0%EA%B3%A0-%EC%A0%9C%EB%8F%84-%EB%B3%B8%EA%B2%A9-%EC%8B%9C%ED%96%89-%EB%8C%80%EB%B9%84-%EC%8B%A0%EA%B3%A0-%EC%A0%9C%EC%B6%9C%EC%95%88&category=학사"
chemistry,2020-1학기 국내대학 학점교류 시행 안내,N/A,2020.11.27,https://chem.ssu.ac.kr/%ea%b3%b5%ec%a7%80%ec%82%ac%ed%95%ad/?term_id&slug=2080,"2020학년도 1학기 국내대학 학점교류를 실시하니 참여를 희망하는 학생들은 기한 내 신청바랍니다.
1. 지원자격
가. 20-1학기 현재 3~7학기 재학 예정인 자
나. 직전학기까지 학업성적이 총 평점평균 3.0 이상(학적부 성적 기준)인 자
다. 학칙에 따른 징계 사실이 없는 자
2. 신청학점: 정규학기 수강가능 신청학점(19학점)이내
3. 협조요청 사항
학생 제출서류
1) 국내대학 학점교류 참가지원서 1부(붙임1 참고)
기타 세부사항은 홈페이지 공지(붙임2) 참고. 홈페이지 공지는 대학별 실시계획이 확정되는대로 계속 업데이트 될 예정임
2020.01.10"
chemistry,20-1학기 교내장학금 선발자격 및 제출서류 안내,N/A,2020.11.27,https://chem.ssu.ac.kr/%ea%b3%b5%ec%a7%80%ec%82%ac%ed%95%ad/?term_id&slug=2078,"2020학년도 1학기 재학생 및 복학예정자 대상 교내장학금 신청 시행을 다음과 같이 안내합니다.
1. 교내장학생 자격요건
가. 2020학년도 1학기 국가장학금을 신청/서류제출을 완료하고 소득분위가 조회된 자
나. 2020학년도 1학기 재학 및 복학(예정)자로 등록금 납부 예정인 자
1) 2020학년도 1학기 前 등록휴학 후 복학시 장학생 선발대상에서 제외
2) 미등록, 입학취소, 복학취소, 휴학 등 학적변동시 모든 장학금 취소
다. 직전학기 15학점 이상 이수한 자
(2020학년도 1학기가 4학년 8학기인 자는 직전학기 12학점 이상 이수)
라. 등록학기가 8학기 이내인 자( 건축학과 건축학전공 : 등록 10학기 이내인 자)
2. 신청절차
가. 온라인신청기간
1) 정규신청: 2019년 11월 25일(월) 10:00 ~ 12월 20일(금) 17:00까지 (4주간)
2) 추가신청: 2020년 1월 13일(월) 10:00 ~ 1월 23일(목) 17:00까지 (2주간)
나. 학생신청방법 : u-SAINT포털 → 등록/장학 → 장학메뉴 → 장학금신청
다. 학생서류제출 : 온라인신청기간 내 방문 및 등기우편제출 가능(세부내용 붙임 참조)
3. 장학금 관련 부서 협조사항
가. 신청 홍보 : 단과대학 교학팀 및 모든 학과(부)
나. 학생 선발 : 아래 부서에만 해당
장학금명
관련부서
협조사항
국제교류장학금
국제처 국제팀
1. 온라인 신청없음(학생문의응대 협조)
2. 부서 장학생 추천
특기자장학금(축구)
학생처 학생서비스팀
특기자장학금(골프)
스포츠학부
장애학생장학금
장애학생지원센터
교역자자녀장학금
교목실 학원선교팀
1. 학생 온라인신청 및 서류제출
2. 부서 장학생추천
고시합격자장학금
경력개발센터 고시시원실
다. 장학생 추천 기한 : 2020.1.31(금) 까지 공문발송
2019.11.12"
chemistry,19-2학기 졸업논문 최종 보고서 및 중간 보고서 제출,N/A,2020.11.27,https://chem.ssu.ac.kr/%ea%b3%b5%ec%a7%80%ec%82%ac%ed%95%ad/?term_id&slug=2076,"1. 대 상: 2020년 2월 졸업예정자 및 2020년 8월 졸업예정자
2. 제 출 일: 2019년 11월 22일(금) 17:00까지
3. 제출장소: 화학과 사무실(베어드홀 301호)
4. 비 고
가. 최종 졸업논문 형식에 맞춰서 작성해주시기 바랍니다. (최종 졸업논문 형식은 화학과 홈페이지의 “자료 및 정보 > 졸업논문 자료실” 참고)
나. 지도교수님의 확인을 받은 후 학과사무실에 제출해주시기 바랍니다.
다. 컬러 양면출력 => 최종졸업논문의 경우 2부(한부는 클립, 한부는 스템플러로 철)
중간보고서의 경우 1부 출력하여 제출
2019.11.01"
chemistry,19-2학기 세미나 일정안내,N/A,2020.11.27,https://chem.ssu.ac.kr/%ea%b3%b5%ec%a7%80%ec%82%ac%ed%95%ad/?term_id&slug=2074,"아래 첨부된 파일을 참조하시길 바랍니다.
2019.10.25"
chemistry,19-2학기 세미나 일정안내,N/A,2020.11.27,https://chem.ssu.ac.kr/%ea%b3%b5%ec%a7%80%ec%82%ac%ed%95%ad/?term_id&slug=2072,"아래 첨부된 파일을 참조하시길 바랍니다.
2019.10.25"
chemistry,2019학년도 2학기 교직과정 이수 신청 안내,N/A,2020.11.27,https://chem.ssu.ac.kr/%ea%b3%b5%ec%a7%80%ec%82%ac%ed%95%ad/?term_id&slug=2066,"1.
신청 대상
:
교직 설치학과
(
부
)
소속
2019-2
학기 기준
2
학년
(3
학기 혹은
4
학기
)
재학생 및 휴학생
19-2
학기 기준 학적
신청가능 여부
2
학년
1
학기
(3
학기
)
재학
신청 가능
2
학년
1
학기
(3
학기
)
이수 후 휴학
2
학년
2
학기
(4
학기
)
재학
2
학년
2
학기
(4
학기
)
이수 후 휴학
신청 불가
※
4
학기 이수 후 휴학 중인 학생은 불가능
2.
신청 기간
:
2019.10.1.(
화
) 10:00 ~ 12.20.(
금
) 17:00
3.
신청 방법
가
. U-SAINT
→학사관리→교직
/
평생교육→교직이수신청 메뉴에서 지원서 작성 및 신청
나
.
교직 인
·
적성검사 응시 필수
(
미응시 및
70
점 미만자는
선발 대상에서 제외
)
※첨부 교직이수 신청 방법 참조
4.
기타
가
.
교직 이수자 선발기준 및 과정전반에 관한 사항은 첨부 교직과정 안내문 참고
나
.
선발 결과 공고 예정일
: 2020
년
2
월 중
(
추후 공지
)
다
.
문의
:
해당 학과
(
부
)
사무실 또는 교직팀
(820-0153, 828-7404)
2019.09.27"
chemistry,2019-2학기 졸업논문 포스터 발표 안내,N/A,2020.11.27,https://chem.ssu.ac.kr/%ea%b3%b5%ec%a7%80%ec%82%ac%ed%95%ad/?term_id&slug=2064,"1. 일 시: 2019년 10월 10일(목) 15:00
2. 시 간
내 용
시 간
포스터 게시 및 발표
15:00 ~ 17:00
우수논문포스터상 및 행운권 추첨
17:00 ~ 17:30
포스터 판넬 및 주변 정리
17:30 ~ 17:50
3. 장 소: 형남공학관 115호
4. 내 용
– 포스터 판넬에 포스터 부착 시 양면테이프 금지 (일반 테이프 사용)
– 학과에서 제공하는 테이프 및 가위의 양(박스테이프: 5개, 가위: 6개)은 한정되어 있으니 되도록 본인이 지참해 오시기 바랍니다.
– 포스터 번호 순서는 포스터 발표 전 날 학과게시판에 공지(반드시 확인하고 오시기 바랍니다)
– 본인이 사용한 포스터 판넬 정리 및 주변 정리는 본인이 책임집니다.
– 행운권은 물리, 화학과 학생이면 누구나 참석 가능합니다. (대학원생 제외-행운의 기회를 학부생에게 양보해주세요^^)
단, 행운권 추첨 시 자리에 없으면 무효가 되므로 반드시 자리를 지켜주세요.
– 물리, 화학과 학생들의 많은 참석 부탁드립니다.
4. 행운권 추첨 내용
– 추후 안내
2019.09.09"
chemistry,2019-2학기 교외장학금 안내,N/A,2020.11.27,https://chem.ssu.ac.kr/%ea%b3%b5%ec%a7%80%ec%82%ac%ed%95%ad/?term_id&slug=2062,"1. 2019년 숭실대학교 교수협의회 장학생 선발
가. 신청기간: 2019. 9. 4.(수) ~ 9. 20.(금) 18:00
나. 모집인원: 진리상-5명, 봉사상-5명
다. 장학금액: 1인당 100만원, 중복 수혜가능
라. 문의처: 교수협의외 사무국(조만식기념관 411호, 02-820-0860)
2. 재단법인 숭실대학교 장학회 장학생 선발
가. 신청기간: 2019. 8. 26.(월) ~ 9. 16(월) 17:00
나. 신청방법: 재단법인 숭실대학교 장학회(사당로 2길 2-32 2층) 직접 접수
다. 모집인원:  40명 내외
라. 장학금액: 2019-2학기 수업료 반액 또는 122만원
3. 2019학년도 2학기 녹산학술장학재단 장학생 선발
가. 신청기간: 2019. 9. 2.(월) ~ 11. 1. (금) 자정
나. 신청방법: 녹산학술장학재단 등기우편 제출
다. 모집인원: 4명 내외
4.  2019학년도 고속도로장학재단 장학생 선발
가. 지원자격: 고속도로 교통사고(건설·유지관리 안전사고 포함)로 사망한 자의 자녀 및 장애
의 정도가 심한 장애인 (기존 1~3급, 장애인복지법)으로 판정을 받은 자 또는 그의 자녀
나. 신청기간: 2019. 9. 4. (수) ~ 9. 30.(월)
다. 신청방법: (재)고속도로장학재단 우편 또는 방문 접수
라. 모집인원: O명
마. 장학금액: 기초수급·차상위- 500만원, 일반-300만원
5. 2019학년도 (재)인중제고장학회 장학생 선발
가. 지원자격: 제물포고 출신 숭실대 학부 및 석·박사과정 재학생
나. 신청기간: 2019. 8. 1. (목) ~ 9. 30.(화)
다. 신청방법: (재)인중제고장학회 사무국으로 제출
라. 모집인원: 5명 내외
마. 장학금액: 1인당 1,000만원
6. 2019학년도 경주시장학회 장학생 선발
가. 지원자격
1) 일반전형: 1년 이상 경주시 관내 거주자(부모 또는 학생)
2) 특기자전형: 1년 이상 경주시 거주, 각종 대회 수상자, 경주시 체육회장이 추천한 자
나. 신청기간: 일반, 특기자전형 모두 2019.09.10.(화)~09.24(화) 18:00까지
다. 모집인원: 총250명(일반: 235명, 특기자: 15명)
라. 장학금액: 1인당 2,000,000원
마. 신청방법: 1차 서류합격자에 한하여 관련 서류 장학회 사무국으로 우편 또는 방문 제출
7. 2019학년도 푸른등대 사무금융우분투재단 신규장학생 추가 모집
가. 지원자격
1)사무금융분야 비정규직 종사자 본인 또는 자녀
2)사무금융분야 간접고용 피고용자 본인 또는 자녀 중 소득분위 3구간 이하인 자
나. 신청기간: 2019.09.08.(목)~09.16(월) 18:00까지
다. 모집인원: 70명 내외
라. 장학금액: 학기당 150만원(인당)
마. 신청방법: 한국장학재단 홈페이지에서 온라인 장학금 신청
8. 한국장학재단 국가장학금 2차 신청
가. 신청기간: 2019. 8. 20. (화) ~
9. 10. (화) 18:00
나 서류제출 및 가구원 동의: 2019. 8. 20. (화) ~ 9. 16. (월) 18:00
라. 신청방법: 한국장학재단 홈페이지(
www.kosaf.go.kr
) 온라인 신청
마. 기타사항: 재학생은 1차 신청이 원칙으로, 2차 신청할 경우 구제 신청 필수
(구제신청 횟수 확대: 재학 중 1회→ 재학 중 2회).  끝.
2019.09.09"
chemistry,2019-2학기 유고결석 안내,N/A,2020.11.27,https://chem.ssu.ac.kr/%ea%b3%b5%ec%a7%80%ec%82%ac%ed%95%ad/?term_id&slug=2057,"가. 관련규정: 학생생활규정 제22조(유고결석)
나. 홈페이지: 학사 ☞ 학사정보 ☞ 성적 ☞ 유고결석
다. 진행방법
학생
?
학생서비스팀
?
시스템
?
교수
★학생
유고결석 신청
유세인트[U-Saint]
[증빙서류 업로드]
*공식행사의 경우 증빙서류
업로드 불필요
학생서비스팀
승인[1~2일 소요]
전자 출석
자동 제출
담당 교수
최종 승인
결석신청 및 조회
[진행상태] 확인
라. 유의사항
1)
공식행사의 경우 단과대학
(
행정부서 포함
)
을 통해 행사 진행
10
일 전
학생서비스팀으로
유고결석 요청 공문을 발송하여야 합니다.[명단은
행사 종료
3
일 이내
메일(
gojh@ssu.ac.kr
)로 발송 바람]
2) 학생이 u-saint 로그인 후 결석계를 신청하면 학생서비스팀에서 승인하는 시스템이며,
규정에 의하여 학생이 기간 안에 미신청시 신청 불가합니다.
3) 수업 외의 활동은 유고결석 승인이 불가(행정부서의 업무 지원, 봉사 활동 등) 하며, 수업과
관련된 유고결석은 단과대학장 승인 후 공문 발송 바랍니다.
4) 학기 중에는 불필요한 유고결석 신청은 자제하여 주시기 바랍니다.
2019.09.02"
chemistry,2019 롯데케미칼 산학장학생 선발,N/A,2020.11.27,https://chem.ssu.ac.kr/%ea%b3%b5%ec%a7%80%ec%82%ac%ed%95%ad/?term_id&slug=2055,"2019 하반기
롯데케미칼 산학장학생 모집
■ 지원서 접수기간
–
9월 1일(일) ~ 9월 25일(수)
– 롯데케미칼 채용홈페이지
https://www.lottechem.com
■
모집분야
모집 직무
모집 대상
모집 전공
생산관리
학사
학부 3~4학년
(’20년 8월 이후 졸업자)
화학공학, 화학 관련 전공
연구개발
예비
석사
학부 졸업(예정)자 중
’20년 3월 석사학위과정
진학 희망자
화학공학, 화학, 고분자공학,
재료공학, 바이오, 환경, 전기 등
롯데케미칼 연구분야와 관련된 전공
석/박사
석사, 박사 (3~4년차 우대)
■ 선발혜택
1) 학사/석사
– 취업 확정
– 등록금 전액 지원
– 장학금 매월 지원
– 배낭여행비 1회 지원
2) 박사
– 취업 확정
– 등록금 전액 지원
– 장학금 매월 지원
– 배낭여행비 1회 지원
– 논문 연구비 1회 지원
■ 지원자격
– 모집 대상 및 모집 전공을 충족하는 자
– 군 병역필 또는 군 면제자로 해외 출국 및 건강상 결격 사유가 없는 자
■ 지원서 접수
– 기간 : 2019.9.1(일) ~ 9.25(수)
– 방법 : 롯데케미칼 홈페이지 채용공고의 지원서 양식 작성 후 이메일 접수
– 홈페이지 :
https://www.lottechem.com
– 접수처 : recruit@lottechem.com
■ 전형절차
– 서류 전형 > 1차 면접 > 인성 검사 > 2차 면접 > 건강 검진 > 최종 합격
■ 문의처
–
recruit@lottechem.com
■ 기타
– 국가보훈대상자 및 장애인은 관련법규에 의거하여 우대
– 지원 사항 및 제출 서류가 사실과 다를 경우 합격(입사) 취소
2019.08.27"
chemistry,[산학협력단] 2019년 청년 TLO 육성사업 참가자 모집 안내,N/A,2020.11.27,https://chem.ssu.ac.kr/%ea%b3%b5%ec%a7%80%ec%82%ac%ed%95%ad/?term_id&slug=2053,"1. 사업개요
가. 사업명: 2019년 청년 TLO 육성사업
나. 사업기간 : 2019.03.01~ 2020. 02. 28
다. 참여대상 : 만 34세 이하 이공계 미취업 학·석사 졸업생(2019.8월 졸업예정자 포함)
2. 사업내용
가. 산학협력단에서 이공계 미취업 학·석사 졸업생 및 졸업예정자를 ‘청년 TLO 전임연구원’으로 채용
나. 채용기간: 2019.9.1 ~ 2020.2.28(6개월간 채용)
다. 청년 TLO 인건비
– 학사졸업생: 월 1,745,150원(4대보험 개인부담금 포함)
– 석사졸업생: 월 1,800,000원(4대보험 개인부담금 포함)
라. 수행업무: 실험실 연구자 지원 및 협력, 기술이전 및 사업화 업무, 보유기술 기반 창업 등
마. 기타: 채용기간 내 또는 채용종료 후 3개월 이내 취·창업을 권장함
3. 채용내용
가. 모집인원: 00명
나. 신분: 숭실대학교 산학협력단 전임연구원
다. 근무지: 숭실대학교 산학협력단 행정부서, 실험실, 기업파견 등
라. 근무시간: 주 5일 전일제(09:00 ~ 17:30)
4. 접수방법
가. 접수기간: ~ 2019.8.15(목) 17:00까지
나. 제출서류: 입사지원서 및 자기소개서, 개인정보수집 및 활용동의서
다. 접수방법: e-mail 접수(sun77@ssu.ac.kr)
라. 전형절차: 신청서 접수 → 1차 서류평가 → 2차 면접평가 → 채용 및 근로계약 체결
5. 문의: 산학협력진흥팀 고선영(02-828-7429)
2019.08.09"
chemistry,국제온실가스 컨퍼런스 초정안내,N/A,2020.11.27,https://chem.ssu.ac.kr/%ea%b3%b5%ec%a7%80%ec%82%ac%ed%95%ad/?term_id&slug=2049,2019.07.31
chemistry,2019-2학기 한국장학재단 푸른등대 기부장학금 신청 안내,N/A,2020.11.27,https://chem.ssu.ac.kr/%ea%b3%b5%ec%a7%80%ec%82%ac%ed%95%ad/?term_id&slug=2047,"1. 학생 신청 및 서류제출 기간: 2019년 8월 13일 (화) 18시까지
※ 한국장학재단 홈페이지에서 온라인 장학금 신청(24시간 신청 가능)
2. 학생 신청 관련 문의: 한국장학재단 상담센터(1599-2290)로 문의
※ 한국장학재단 홈페이지(http://www.kosaf.go.kr/) 내 푸른등대 기부장학금 관련
사항을 반드시 확인 후 지원 바랍니다. (붙임 자료 참조)
2019.07.30"
chemistry,2019-2학기 학과근로장학생 선발 안내,N/A,2020.11.27,https://chem.ssu.ac.kr/%ea%b3%b5%ec%a7%80%ec%82%ac%ed%95%ad/?term_id&slug=2045,"2019학년도 2학기 학과근로장학생 선발을 다음과 같이 실시함을 안내합니다.
1. 근로장학생 자격 및 선발기준
가. 2019학년도 2학기 국가장학금을
1차 신청기간에 신청하고 소득분위가 8분위 이내인 자
※ 국가장학금을 신청할 수 없는 대한민국 국적 미소지자도 선발 가능
(단, 순수외국인전형으로 입학한 외국인 유학생은 선발 불가)
※ 장학생 선발 전 메일로 자격요건 확인 요망
나. 2019학년도 2학기 재학 및 복학예정자로 해당학기 등록금 납부 예정인 자
1) 2019학년도 2학기 전 등록휴학 후 복학시 선발 불가(등록대체자)
2) 학기 중 미등록, 입학취소, 복학취소 등으로 인한 학적변동시 모든 장학금 취소
3) 2019학년도 2학기 기준 이수학기가 2~7학기만 가능(1학기 및 8학기 신청 불가)
다. 직전학기 취득학점 및 학업성적 제한 없음
라. 타 장학금과 중복수혜 가능
(교내/학과/국가근로장학금/봉사장학금 간 중복 불가)
※ 본 장학금은 학업장려비 지원 목적으로 등록금(입학금 및 수업료)를 초과하여 지급
마. 학과별 배정인원 : 학과근로B(16명)
* A로 신청을 원하는 학생은 일단 “학과근로B”로 신청 후 학과이메일(
chem@ssu.ac.kr
)로 신청여부를 전달.
바. 국가근로장학생 및 교내근로장학생에 선발되지 않은 자
2.유의사항
가. 선발된 학생은 소속부서에서 지정된 근로시간 동안 근무해야 하며, 학기 중 학적변동
(휴학, 자퇴, 제적 등) 등 불가피한 사유가 인정되는 중도 포기 시 근로한 시간만 장학금 지급
나. 2020년 2월 말 근로평가 전까지 교체 가능 (단, 교체 전 학생의 근로시간을 차감)
※ 근로 중도교체 및 중단 시 장학팀으로 연락 요망
다. 교체 전·후 학생 모두 근로평가 실시
4. 근로시간 및 장학금액
장학금명
시간당
장학금액
총 근로시간(학기)
1인당 장학금액(원)
학과근로A
8,350원
10시간*20주=200시간
1,670,000
학과근로B
8,350원
5시간*10주=100시간
835,000
5. 행정사항
가. 학생신청방법: u-SAINT포털→등록/장학→근로장학금 신청→지원서 출력/제출
나. 온라인신청 및 서류제출기간: 2019년 7월 30일(화) 10:00 ~ 8월 6일(화) 17:00
1) 제출서류: 지원서 (u-SAINT 출력본,
본인서명 필수
)
2) 제출장소: 교내근로(장학팀), 학과근로 (각 학과사무실)
2019.07.29"
chemistry,2019-1학기 졸업여부 확인 및 최종 변경신청 안내,N/A,2020.11.27,https://chem.ssu.ac.kr/%ea%b3%b5%ec%a7%80%ec%82%ac%ed%95%ad/?term_id&slug=2043,"2019-1
학기 정규학기 및 졸업논문시험 성적이 반영됨에 따라
본인의 졸업여부를 확인하고 이상이 있거나 긴급 변경을 원할 경우
졸업여부 최종 확정 전 불이익이 없도록 아래 기한 내에 신고바랍니다
.
1.
신고 기한
:
2019.07.18(
목
)
까지
(
기한 이후 절대 처리 불가
)
2.
신고 방법
가
. 8
월
졸업 취소
=
수료 희망자
(
논문시험성적 최종제출 취소
)
각 학과 사무실로 연락
,
취소 통보 후
학사팀 방문 신청
(
서류 작성 제출
)
(
신양관
102
호
,
월
~
금
10-12
시
, 13-17
시
)
※ 방문 신청 필수
=
서류 제출 없이 학과
/
학사팀에 단순 취소 연락은 불인정
함
나
. 8
월
추가 졸업
=
졸업 희망자
(
논문시험성적 추가 제출
)
각 학과 사무실로 문의
(
학과별 졸업성적 최종제출 방법 문의
)
다
.
졸업 사정
오류 수정 요청
(8
월 졸업예정자만 가능
)
1)
학사팀 방문 신청
(
신양관
102
호
,
월
~
금
10-12
시
, 13-17
시
)
2)
학사팀 카카오톡 신청
(
플러스친구
=
숭실대 학사팀
~, @ssugrad)
3.
졸업 여부 확인 방법
: u-SAINT >
학사관리
>
성적
/
졸업
>
졸업사정표
가
.
졸업 확정
=
위쪽 졸업사정결과
: Y
표시
나
.
수료
(
예정
) =
위쪽 졸업사정결과
: N
표시
+
졸업논문
/
졸업시험 이수
N
표시
(
나머지 세부항목은 모두
Y
표시
)
다
.
졸업 불가
(
추가 학기 수강 대상
)
위쪽 졸업사정결과
: N
표시
+
졸업논문
/
졸업시험 이수
N
표시
+
세부항목 중
1
개 이상
N
표시 있는 경우
4.
유의사항
: 2019-
여름학기 수강생은 성적
F
등급
받을 시
졸업 확정 여부 변경
가능
5
문의
가
.
카카오톡 플러스친구
@ssugrad
(
숭실대 학사팀 졸업 전과 다전공
)
나
.
숭실대 학사팀 대표번호
: 02-820-0150
다
.
각 학과별 추가 졸업 문의
:
각 학과
(
부
)
사무실
2019. 7.
2019.07.11"
chemistry,"2019-2학기 FE-SEM 이론, 실습 교육대상자 수요 조사",N/A,2020.11.27,https://chem.ssu.ac.kr/%ea%b3%b5%ec%a7%80%ec%82%ac%ed%95%ad/?term_id&slug=2041,"2019 2학기 FE-SEM 이론, 실습 교육 대상자 수요 조사 진행중입니다.
SEM operator를 받기 위해서는 2학기 이론, 실습 교육 이수 후, SEM 담당 조교에게 test를 받아야 operator 자격을 얻으실 수 있습니다.
2019년 7월 31일 까지 che2614@naver.com 으로 신청 메일을 보내주시면 됩니다.
(학과, 이름, 지도교수님, 연락처, 이메일주소, 실습 교육 여부(O/X))
이 기간 이후에 신청자는 받지 않을 예정이며, 기간 내 신청하지 않을 시 2020년 1학기 교육을 받을 수 밖에 없는 점 양해 부탁드립니다.
정확한 교육 일자는 수요조사를 통해 인원수를 파악 후, 자이즈 코리아 측과 협의 하여 일정 공지하도록 하겠습니다.
교육 대상자는 학부 연구생, 석사, 박사 과정 모두 들으실 수 있지만 학부연구생 같은 경우 operator 자격은 부여받을 수 없습니다.
현재 연구실당 operator 인원의 제한을 두고 있지는 않지만, 한 연구실에 너무 많은 사람이 operator를 받게 되면 장비 관리에 있어서 문제가 발생할 여지가 많아 조교 재량으로 어느정도 제한을 둘 수 있는 점 참고 부탁드립니다.
2019.07.03"
chemistry,2019-1학기 졸업논문지도교수 배정 안내,N/A,2020.11.27,https://chem.ssu.ac.kr/%ea%b3%b5%ec%a7%80%ec%82%ac%ed%95%ad/?term_id&slug=2039,"19-1학기 졸업논문지도교수 배정 내용입니다.
문의는 화학과 사무실로 연락바랍니다.
————- 아 래 —————-
학번    성명    지도교수    구분
20140678    송영빈    강위경    리뷰
20140679    송재현    강위경    리뷰
20171395    이선혜    강위경    리뷰
20173168    조민희    강위경    리뷰
20171373    김소희    김자헌    실험
20161110    김연재    김자헌    실험
20171398    이은총    김자헌    실험
20151062    전동우    김자헌    실험
20151067    조용민    김자헌    실험
20151026    김세헌    백경수    실험
20151034    마재홍    백경수    실험
20171385    송문경    백경수    실험
20151046    양배호    백경수    실험
20151039    배준혁    신권수    실험
20161122    손민진    신권수    실험
20151056    이재익    신권수    실험
20161144    조원재    신권수    리뷰
20151028    김승우    신익수    실험
20140661    김용한    신익수    실험
20173510    김은수    신익수    리뷰
20120669    이지영    양진국    리뷰
20151060    장태규    양진국    리뷰
20173511    전병진    양진국    리뷰
20140703    홍진우    양진국    리뷰
20171364    강수영    전근호    실험
20171365    강유리    전근호    실험
20171367    고민주    전근호    실험
20171381    문찬위    전근호    실험
20171386    안정훈    전근호    실험
20171388    오원택    전근호    실험
20171409    한신영    전근호    실험
20151030    김진규    전근호    리뷰
20150993    오인석    전근호    리뷰
20140685    이승욱    전근호    리뷰
20171408    최정윤    전근호    리뷰
20171378    김지은    주상우    리뷰
20171382    박준영    주상우    리뷰
20171400    장소영    주상우    리뷰
20171411    홍지오    주상우    리뷰
2019.06.05"
chemistry,졸업논문 중간보고서 제출 안내,N/A,2020.11.27,https://chem.ssu.ac.kr/%ea%b3%b5%ec%a7%80%ec%82%ac%ed%95%ad/?term_id&slug=2037,"졸업논문 중간보고서 제출 안내
졸업논문 중간보고서 제출 안내
1. 대 상: 2019년 8월 졸업예정자 및 2020년 2월 졸업예정자
2. 제 출 일: 2019년 5월 17일(금) 17:00까지
3. 제출장소: 화학과 사무실(베어드홀 301호)
4. 비 고
가. 최종 졸업논문 형식에 맞춰서 작성해주시기 바랍니다. (최종 졸업논문 형식은 화학과 홈페이지의 “자료 및 정보 > 졸업논문 자료실” 참고) 나. 지도교수님의 확인을 받은 후 학과사무실에 제출해주시기 바랍니다. 다. 컬러로 1부 출력하여 제출
2019.05.07"
chemistry,2019-1학기 화학과 실험실 설명회,N/A,2020.11.27,https://chem.ssu.ac.kr/%ea%b3%b5%ec%a7%80%ec%82%ac%ed%95%ad/?term_id&slug=2035,"2019-1학기 화학과 실험실 설명회
1. 일 시 2019년 5월 16일(목) 오후 4시 30분
2. 장 소 숭덕관 210호
3. 대 상 화학과 학부생(특히 3학년!)
✼ 3학년 미참석 시 논문지도교수선정에 불이익이 있을 수 있으니 반드시 참석하여 주시기 바랍니다 ✼
*논문지도교수 신청기간 : 2019년 5월 20일(월) ~ 24(금)까지
2019.05.07"
chemistry,2019-1학기 학부생 세콤카드 신청,N/A,2020.11.27,https://chem.ssu.ac.kr/%ea%b3%b5%ec%a7%80%ec%82%ac%ed%95%ad/?term_id&slug=2033,"학부생 세콤카드 신청을 안내합니다.
아래의 URL를 접속하시어 설문지를 작성하시면 신청이 완료됩니다.
신청기한은 2019년 3월 15일(금)까지입니다.
* 아래 문항에 모두 답변해주시면 신청이 완료됩니다. 세콤사용기간은 3월 20일 – 8월 31일까지입니다
(단, 시작일시는 본교사정에 의해 늦춰질 수 있으니 양해바랍니다)
* 학과와 관련없는 건물의 호실 신청은 불가합니다(신청 시 삭제예정)
* 대학원생의 경우는 따로 신청서를 작성하오니 메일을 확인해주시길 바랍니다.
——————- 아 래 —————-
URL : https://goo.gl/forms/mgwN7fcuO0HBkaZK2
2019.03.12"
chemistry,2019-1학기 근로장학생 선발 결과 안내,N/A,2020.11.27,https://chem.ssu.ac.kr/%ea%b3%b5%ec%a7%80%ec%82%ac%ed%95%ad/?term_id&slug=2029,"2019-1학기 근로장학생 선발 결과 안내
첨부된 파일을 참고하여 주시기 바랍니다.
* 근로 문의 장소에서 조교와 미팅합니다(각 실험실로 미팅 날짜 문의 할 것)
* 일반화학실험을 제외한 나머지 근로학생은 3월 5일(화) 오후 3시30분까지 화학과 라운지로 모여주시기 바랍니다.
(시간표 지참할 것)
* 일반화학으로 배정받은 학생은 금요일 7교시(16:30)이후 수업(실험수업제외) 및 기타 개인일정을 피해 주시기 바랍니다.
2019.02.27"
chemistry,2019학년도 1학기 학과근로장학생 선발 안내,N/A,2020.11.27,https://chem.ssu.ac.kr/%ea%b3%b5%ec%a7%80%ec%82%ac%ed%95%ad/?term_id&slug=2027,"2019
학년도
1
학기 학과근로장학생 선발 안내
1. 근로장학생 자격 및 선발기준
가. 2019학년도 1학기 국가장학금을 신청/서류제출을 완료한 자
1) 1차 신청기간에 완료하여 소득분위가 조회된 자에 한함
2) 소득분위 1분위~8분위 이내인 자에 한함
3) 국가장학금을 신청할 수 없는 대한민국 국적 미소지자도 선발 가능
나. 2019학년도 1학기 재학 및 복학예정자로 해당학기 등록금 납부 예정인 자
1) 2019년도 1학기 이전 등록휴학 후 복학시 선발대상에서 제외(등록대체자)
2) 학기 중 미등록, 입학취소, 복학취소 등으로 인한 학적변동시 모든 장학금 취소
3) 2019학년도 1학기 기준 2∼7학기 재학생만 가능(1학기 및 8학기 신청불가)
다. 직전학기 이수한 성적 제한 없음
라. 타 장학금과 중복수혜 가능(교내근로/학과근로/국가근로/봉사장학금간 중복수혜 불가)
※ 기 선발된 장학금과 근로장학금을 포함하여 수업료 초과 가능
마. 학과별 배정금액 내에서 학과근로A 혹은 B 학과자율선발 가능
※ 화학과는 학과근로B만 운영하므로 학과근로B 16명 선발 예정
바. 국가근로장학생 및 교내근로장학생에 선발되지 않은 자
2. 유의 사항
가. 선발된 학생은 소속부서에서 지정된 근로시간 동안 근무해야 하며, 학기 중 학적변동 (휴학,자퇴, 제적 등) 등 불가피한 사유가 인정되는 중도 포기시 근로 시간만큼 지급
나. 2019년 7월말 근로평가 전까지 교체 가능(단, 교체 전 학생의 근로시간을 차감)
다. 교체 전·후 학생 모두 근로평가 시행
3. 장학금내역
가. 세부내역
장학금명
시간당장학금
근로시간(학기)
학과근로A
8,350
10시간×20주=200시간
학과근로B
8,350
5시간×20주=100시간
* 1인당 기본 배정금액(A기준) 1,670,000 (B기준) 835,000원
나. 지급일정: 매월 근로장학금 지급
4. 신청방법
가. 학생신청방법: u-SAINT포털 → 등록/장학 → 장학메뉴 ‘근로장학금’→
학과근로B신청
※ 지원서 오프라인 및 온라인 제출은 받지 않습니다.
나. 온라인접수 기간: 2019년 1월 25일(금) ∼ 2월 1일(금) 10:00∼17:00
다. 학과근로장학생 최종선발 및 발표 : 2019년 2월 15일(금) 이후
2019.01.22"
chemistry,2019년 교직이수자 선발 결과 공고 – 수정,N/A,2020.11.27,https://chem.ssu.ac.kr/%ea%b3%b5%ec%a7%80%ec%82%ac%ed%95%ad/?term_id&slug=2025,"2019
년 교직이수자 선발 결과 공고
행정상의 문제로 인하여 교직이수예정자 선발 공고가 잘못 공지되었습니다.
교직이수예정자 선발 결과는 다음 주 내로 재 공고 할 예정입니다.
혼란을 드려 죄송합니다.
2019.01.21"
chemistry,융합전공 공동설명회 안내,N/A,2020.11.27,https://chem.ssu.ac.kr/%ea%b3%b5%ec%a7%80%ec%82%ac%ed%95%ad/?term_id&slug=2021,"융합전공 공동설명회 안내
[4차 산업혁명과 융합전공]
1. 일시 : 2018년 12월 6일(목) 오후 5시
2. 장소 : 형남공학관 115호
3. 주관 : 숭실대학교 융합특성화 사업단
주최 : 양자개념 기반 나노소재 교육중점 사업단
참가 : 빅데이터 컴퓨팅 융합전공, 빅데이터 융합전공, 스마트 소재/제품 융합전공, 양자나노 융합전공
* 간단한 식사 제공 및 추첨을 통한 경품 증정
학생들의 많은 참여를 바랍니다
2018.11.30"
chemistry,2019학년도 재단법인 봉은재단 장학생 신청,N/A,2020.11.27,https://chem.ssu.ac.kr/%ea%b3%b5%ec%a7%80%ec%82%ac%ed%95%ad/?term_id&slug=2017,"2019
학년도 재단법인 봉은재단 장학생 신청
2019
학년도 재단법인 봉은재단 장학생 신청을 안내해드리오니
,
희망하는 학생들은 신청하여 주시기 바랍니다
.
1.
장학재단
:
재단법인 봉은재단
2.
추천인원
: 1-2
명
3.
장학금액
: 3,000,000
원
(1
인당
)
4.
장학생 자격 요건
1)
기초과학 연구 분야에 특히 소질이 인정되고 장래가 촉망되는 학생
2) 2018-2
학기 재학생
(4
학년 제외
)
* 2019
학년도에 휴학 및 자퇴하지 않을 학생
3)
생활보호대상자 또는 가계곤란자
(
한국장학재단 소득분위
8
분위 이내
)
중 직전 학기 성적평균
B
학점
(3.0/4.5)
이상인 자
4)
다음 학기 학업 지속자
5)
타 장학금을 수혜하지 않는 학생
5.
제외대상
1) 2019-1
학기에 한국장학재단의 장학금 및 학자금 대출을 받을 예정인 자
2)
휴학
,
복학예정자
,
군 입대
,
질병
,
기타 사유로 장기간 학업을 중단한 자
3)
학사경고를 받은 자
4)
제적
,
정학 등의 징계처분을 받은 자
6.
제출서류
1)
성적증명서
1
부
2)
주민등록등본
1
부
3) 2017-2018
년도 보호자의 지방세 세목별 과세증명서
(
부
/
모 각
1
부
)
4)
동의서
1
부
(
양식 파일 참고
)
7.
제출기한
: 11
월
12
일
(
월
)
까지
8.
제출방법
:
베어드홀
301
호 방문 신청
2018.11.08"
chemistry,2019학년도 수시 면접고사 건물 통제 안내,N/A,2020.11.27,https://chem.ssu.ac.kr/%ea%b3%b5%ec%a7%80%ec%82%ac%ed%95%ad/?term_id&slug=2015,"2019
학년도 수시 면접고사 건물 통제 안내
2019
학년도 수시 면접고사 기간에 면접고사실 및 대기실이 포함되어 있는 건물을 통제하오니
,
참고하여 주시기 바랍니다
.
1.
통제 일시
: 2018
년
10
월
27
일
(
토
)
2.
통제 시간
:
오전
7
시
30
분 – 오후
5
시
3.
통제 건물
:
베어드홀
,
백마관
,
미래관
,
형남공학관
,
정보과학관
,
조만식기념관
,
진리관
,
문화관
*
건물별로 통제 시간은 상이할 수 있으나
,
베어드홀은 오후
5
시까지 통제예정
*
면접고사 관련자 외 건물 출입 금지
2018.10.26"
chemistry,졸업논문 중간보고서 제출 안내,N/A,2020.11.27,https://chem.ssu.ac.kr/%ea%b3%b5%ec%a7%80%ec%82%ac%ed%95%ad/?term_id&slug=2011,"졸업논문 중간보고서 제출 안내
1. 대    상: 2019년 8월 졸업예정자 및 논문연구2 수강자
2. 제 출 일: 2018년 11월 23일(금) 17:00까지
3. 제출장소: 화학과 사무실(베어드홀 301호)
4. 비    고
가. 최종 졸업논문 형식에 맞춰서 작성해주시기 바랍니다.
(최종 졸업논문 형식은 화학과 홈페이지의 “자료 및 정보 > 졸업논문 자료실” 참고)
나. 지도교수님의 확인을 받은 후 학과사무실에 제출해주시기 바랍니다.
다. 컬러로 1부 출력하여 제출
2018.10.25"
chemistry,최종 졸업논문 제출 안내,N/A,2020.11.27,https://chem.ssu.ac.kr/%ea%b3%b5%ec%a7%80%ec%82%ac%ed%95%ad/?term_id&slug=2005,"최종 졸업논문 제출 안내
1. 대    상: 2019년 2월 졸업예정자
2. 제 출 일: 2018년 11월 9일(금) 17:00까지
3. 제출장소: 화학과 사무실(베어드홀 301호)
4. 졸업 논문 제출시 주의사항
가. 머릿말 중 20**년도 작성시 – 본인의 4학년 현재년도로 작성(이번에는 2018년으로 작성 해야함)
나. 컬러로 양면 출력(책처럼 넘기며 볼 수 있도록 출력)
– 2부 제출 한 부는 클립으로, 한 부는 스템플러로 묶어서 제출
다. 지도교수님의 확인을 받은 후 학과사무실에 제출
라. 최종 졸업논문 형식은 화학과 홈페이지의 “자료 및 정보 > 졸업논문 자료실” 참조
(이를 지키지 않을 시 졸업논문을 받아 줄 수 없습니다. 그러므로 반드시 졸업논문 형식을 지켜주시기 바랍니다.)
2018.10.25"
chemistry,졸업사정 오류정정 및 이수구분 변경 신청 안내(다전공 취소 포함),N/A,2020.11.27,https://chem.ssu.ac.kr/%ea%b3%b5%ec%a7%80%ec%82%ac%ed%95%ad/?term_id&slug=1999,"졸업사정 오류정정 및 이수구분 변경 신청 안내(다전공 취소 포함)
2018-2학기 졸업예정자에 대한 졸업사정 오류정정 및 이수구분 변경 신청 방법을 안내합니다.
1. 대상자 : 재학생 중 2019년 2월 졸업예정자 (2018-2학기 졸업예정증명서 발급 가능자)
(예상취득학점 127학점 이상, 일반학생 8학기(건축학 10학기) 이상,
조기졸업 신청자는 6~7학기, 학석사연계과정 신청자는 7학기)
2. 신청 기간 및 결과 확인
가. 신청기간 :
2018. 10. 01.(
월
) ~ 10. 10.(
수
)
(
다전공 포기신청 추가접수 동시 가능
)
나. 결과확인 : 2018. 10. 29(월) 이후
3. 신청방법 : 졸업사정표 및 이수구분별 성적표 오류 내용 확인 후
온라인 설문 제출
가. u-SAINT 접속 → 학사관리 → 성적/졸업 → 졸업사정표 및 이수구분별 성적표 확인
나. 확인 후
오류사항이 있는 경우만
아래 온라인 설문 링크를 통해
수정요청
제출
온라인 설문 제출 링크
https://goo.gl/forms/DFKl7slCZNFrjmAO2
4. 유의사항
가.
2018.09.28.
이후 최신 업데이트된 졸업사정표를 확인
한 후 오류정정 신청 접수바람
나.
기본 변경 예정
사항이
일괄 수정 완료
되어 있을 경우,
별도
변경
신청 불필요
함
다. 신청 시 과목번호, 이수연도 및 학기를 u-SAINT 이수구분별 성적표에서 확인 후 신청바람
(정확하지 않을 경우 처리할 수 없음)
라. 졸업사정표는 수강신청 내역 등을 실시간으로 반영하지 않으며
졸업사정표
오른쪽 상단의 졸업사정일자
기준으로 반영된 내용이므로 주의바람
마. 공학인증 관련 졸업사정 결과 확인은 공학교육혁신센터의 안내에 따라 진행하기 바람
5. 문의
가.
카카오톡 플러스친구
@ssugrad
(
숭실대 학사팀 졸업 전과 다전공
)
나. 숭실대 학사팀 대표전화번호 : 02-820-0150
6. 기본 변경 예정 사항 (10.1까지 일괄 반영 예정, 이상 있을 경우 직접 추가 신청바람)
교양선택 →
교양필수로
2017까지 입학자가 수강한 과목번호 21505337
섬김의리더십 과목
2013까지 입학자가 수강한 과목번호 21506637
스프레드시트고급활용
일반선택 →
교양필수로
2013까지 입학자가 수강한 과목번호 50278578, 50278590
MOS Excel, MOS Powerpoint
과목
일반선택 →
교양선택으로
중복설강
(
듀얼리스팅
)
과목으로 지정된 타 학과의 전공기초
/
선택과목을
교양선택으로 인정
(
세부내역 종합강의 유의사항 참고
)
일반선택 →
전공선택으로
복수/연계/융합전공 비이수자로서 (
단일전공
/
부전공
/
자기설계전공만 이수자
)
각 학과/학번별로 36~45학점 이상
주전공 최소 이수학점을 넘긴 경우
,
타 학과 전공인정 안내
공지사항에 게시된 과목번호-과목명에 해당하는
일반선택과목을 전공선택으로 인정 (
2016
년 이후 수강내역
에 한함)
소속 주전공 학과가 특정
융합전공 참여 학과
이며,
융합전공 비이수자가
이수한
타 학과 개설 융합전공필수
+
선택과목
을 전공선택으로 인정
승인받은 학생이 수강한
대학원 전공과목
을 전공선택으로 인정
교직이수를 승인받은 학생이 수강한
교과교육 과목
을 전공선택으로 인정
융합선택
주전공 중복인정
융합전공 이수자가 수강한
융합전공선택과목 중
21
학점까지
를
주전공(기초/필수/선택)으로 중복인정
7. 직접 변경 신청 대상 (아래 조건에 해당할 경우 학생이 직접 추가 신청바람)
주전공/다전공
최소학점
예외처리
주전공 학과의 교과과정 변경, 과목폐지, 유사학과 다전공자로서
주전공 및 다전공의 필수과목 중복으로 다전공 필수학점이 부족한 경우
(주의 : 다전공 필수학점 부족자는 다전공 총이수학점 이상 도달하도록
다전공 선택과목을 추가로 수강해야 함)
연계전공
이수구분변경
연계전공 이수자가 수강한 연계전공 1영역 또는 2영역 과목 중
연계전공으로 보이지 않는 경우, 연계전공으로 이수구분 변경 신청
교양선택
최소학점
예외처리
2006~2008 학번 입학자 중 교양선택학점이 부족한 경우
당초 : 교필 14 + 교선 21(인법사) | 15(경상,이과)
현재 : 교필 12 + 교선 23(인법사) | 17(경상,이과)
당초 교과과정 기준에 맞도록 교양선택 최소학점 감면 신청
* 인법사 : 인문대, 법대, 사회대
* 경상,이과 : 자연대, 경통대, 경영대, 공대, IT대
주전공 기타
이수구분변경
주전공 이수구분 인정 기준 1순위는 수강연도-학기의 이수구분이나,
2,3,4순위로 입학당시 교과과정표 기준의 이수구분 또는
재수강 과목의 당초 이수구분이나 2015년 이전 타 학과 전공인정
기준대로 수강한 타 학과 과목을 전공기초/필수/선택으로 변경 신청
(
※
)
다전공
오류정정
1) 다전공 이수자가 졸업사정표에 다전공 졸업요건이 누락된 경우
2) 다전공 이수학점이 다전공 졸업요건에 포함되지 않은 경우
3) 다전공 포기자가 졸업사정표에 다전공 졸업요건이 남아있는 경우
편입/교환학생
학점인정 오류
편입생 인정학점이 66학점에 미달하거나 교환학생 학점인정 신청 후
교환학점인정 내역이 졸업사정표에 누락된 경우
※
다전공 포기신청을 못하여
다전공 졸업요건이
남아있는 학생은
, 오류정정을 신청하지 말고
위 신청기간 중 u-SAINT > 학사관리 > 학적변동 >
다전공 이수신청
>
선택 및 포기
신청바람
※
복수전공 취소 부전공 전환 신청
은 1) 복수전공 취소 신청 2) 부전공 이수 신청으로 신청바람
(복수전공 미이수자가 신청한 부전공 이수 신청은 모두 비승인 처리 : 다전공 포기 공지 참고)
※ 기타 세부기준은 첨부파일 및 학교 메인 홈페이지 종합강의 유의사항 공지 참조
2018.10.05"
chemistry,물리-화학과 졸업논문 포스터 발표 안내,N/A,2020.11.27,https://chem.ssu.ac.kr/%ea%b3%b5%ec%a7%80%ec%82%ac%ed%95%ad/?term_id&slug=1997,"물리-화학과 졸업논문 포스터 발표 안내
1. 일시 : 2018년 10월 11일(목) 15:00
2. 시간
내 용
시 간
포스터 게시 및 발표
15:00 ~ 17:00
우수논문포스터상 및 행운권 추첨
17:00 ~ 17:30
포스터 판넬 및 주변 정리
17:30 ~ 17:50
3. 장소 : 형남공학관 115호
4. 내 용
– 포스터 판넬에 포스터 부착 시 양면테이프 금지 (일반 테이프 사용)
– 학과에서 제공하는 테이프 및 가위의 양(박스테이프: 5개, 가위: 6개)은 한정되어 있으니 되도록 본인이 지참해 오시기
바랍니다.
– 포스터 번호 순서는 포스터 발표 전 날 학과게시판에 공지(반드시 확인하고 오시기 바랍니다)
– 본인이 사용한 포스터 판넬 정리 및 주변 정리는 본인이 책임집니다.
– 행운권은 물리, 화학과 학생이면 누구나 참석 가능합니다. (대학원생 제외-행운의 기회를 학부생에게 양보해주세요^^)
단, 행운권 추첨 시 자리에 없으면 무효가 되므로 반드시 자리를 지켜주세요.
– 물리, 화학과 학생들의 많은 참석 부탁드립니다.
–
발표자 명단은 오프라인 학과 게시판 참조
2018.09.21"
chemistry,졸업논문 계획서 제출 안내,N/A,2020.11.27,https://chem.ssu.ac.kr/%ea%b3%b5%ec%a7%80%ec%82%ac%ed%95%ad/?term_id&slug=1993,"졸업논문 계획서 제출 안내
1. 대상 : 2019년 8월 졸업예정자(2018년 후기 졸업예정자)
2. 제출일 :
2018년 9월 28일(금) 17:00까지
(기간 엄수)
3. 제출장소 : 화학과 사무실(베어드홀 301호)
4. 졸업 계획서 제출 시 주의사항
가. 반드시 졸업논문 계획서 양식에 맞춰서 작성해주시기 바랍니다.
(양식은 화학과 홈페이지의 “자료 및 정보 > 졸업논문 자료실” 참고)
나. 한 번 정한 졸업논문 제목은 변경이 불가하니, 신중히 결정하시기 바랍니다.
다. 지도교수님의 결재를 받은 후 학과사무실로 제출하시기 바랍니다.
(학과장님, 학장님의 결재는 받지 않으셔도 됩니다)
라. 논문연구를 수강하지 않는 학생도 논문계획서를 제출하셔야 합니다.
마. 2018년 현재 학과장님은 강위경 교수님, 학장님은 전근호 교수님 입니다.
2018.09.21"
chemistry,캠피스 융합 학술제 안내,N/A,2020.11.27,https://chem.ssu.ac.kr/%ea%b3%b5%ec%a7%80%ec%82%ac%ed%95%ad/?term_id&slug=1991,"1. 첨부된 파일의 <참가지원서>를 작성하셔서 화학과 메일(
chem@ssu.ac.kr
)로 제출하시면 됩니다.
예) 메일 제목:
캠피스 학술제 지원(물리학과/김숭실 외)
2. 11월 22일(목) 오후 5시까지 참가지원서 제출바랍니다.
3. 문의사항은 화학과 사무실로 연락주시기 바랍니다.
2018.09.21"
chemistry,18-2학기 학과근로장학생 배정결과 안내,N/A,2020.11.27,https://chem.ssu.ac.kr/%ea%b3%b5%ec%a7%80%ec%82%ac%ed%95%ad/?term_id&slug=1989,"18-2학기 학과근로 장학생 선발자 근로 장소 배정
학년
학번
이름
근로장소
근로문의장소
1
20****56
김
*
희
일반화학실험
베어드
301
1
20****60
김
*
경
일반화학실험
베어드
301
1
20****76
유
*
경
일반화학실험
베어드
301
1
20****92
주
*
혜
일반화학실험
베어드
301
2
20****26
김
*
헌
학과사무실
베어드
301
2
20****67
고
*
주
일반화학실험
베어드
301
2
20****80
마
*
영
일반화학실험
베어드
301
2
20****82
박
*
영
일반화학실험
베어드
301
2
20****86
안
*
훈
일반화학실험
베어드
301
2
20****98
이
*
총
분석화학실험
베어드
107-2
3
20****56
김
*
룡
물리화학실험
베어드
108
3
20****72
박
*
정
분석화학실험
베어드
107-2
3
20****85
이
*
리
일반화학실험
베어드
301
3
20****02
강
*
지
유기화학실험
&
공동기기실
베어드
107-1
3
20****36
이
*
미
학과사무실
베어드
301
3
20****69
김
*
훈
일반화학실험
베어드
301
* 위의 학년은 18-2학기 기준입니다.
* 학과근로 장학금 수여 학생에 대한 근로 장소는 추후 재 공지 예정입니다.
* 근로 장소가 결정되면 근로 문의 장소에서 조교와 미팅합니다
1. 일반화학실험 : 추후공지
2. 학과사무실 : 9월 6일(목) 3시, 화학과 라운지
3. 전공실험 : 각 실험실 담당조교 개별 연락 및 미팅 후 9월 6일(목) 3시, 화학과 라운지
* 일반화학으로 배정받은 학생은 금요일 7교시(16:30)이후 수업(실험수업제외) 및 기타 개인일정을 피해주시기 바랍니다.
* 개인정보 보호를 위하여 학번 및 성명의 일부를 *처리 하였으며, 자세한 선발결과는 개별적으로 u-Saint를 통해 확인하실 수 있습니다.
2018.09.03"
chemistry,논문연구2 오리엔테이션 안내,N/A,2020.11.27,https://chem.ssu.ac.kr/%ea%b3%b5%ec%a7%80%ec%82%ac%ed%95%ad/?term_id&slug=1987,"논문연구2 오리엔테이션 안내
논문연구2 오리엔테이션 일정을 안내하오니, 참고하여 주시기 바랍니다.
1. 일시 : 2018년 9월 6일(목) 오후 4시
2. 장소 : 베어드홀 108호(물리화학실험실)
* 논문연구2 수업을 신청하지 않은 학생도 참석하시어 2학기 논문일정에 대한 정보를 확인하시기 바랍니다.
2018.09.03"
chemistry,휴일 교내 건물 출입 안내(세콤 신청),N/A,2020.11.27,https://chem.ssu.ac.kr/%ea%b3%b5%ec%a7%80%ec%82%ac%ed%95%ad/?term_id&slug=1985,"휴일 교내 건물 출입 안내(세콤 신청)
1. 신청 대상 : 화학과 재학생
2. 신청 기간 : 2018년 9월 3일(월) – 9월 7일(금)
3. 신청 방법 : 다음 url(
https://goo.gl/forms/O5e2BYr6yWqE6Mh02
)에 접속하여 설문 응답(오프라인 접수는 받지 않습니다)
4. 인증 기간 : 2018년 9월 17일(예정) – 2019년 2월 28일
* 인증 시작 기간은 본교 사정에 의해 늦춰질 수 있습니다.
5. 학과 실험실 세콤은 실험을 하는 학생들만 신청 가능하며, 그외의 학생들은 베어드홀 출입문만 신청 가능합니다.
(교내 동아리실 등의 세콤은 학과에서 신청 불가능합니다)
2018.09.03"
chemistry,화학과 사무실 및 교수님 오피스 이동 안내,N/A,2020.11.27,https://chem.ssu.ac.kr/%ea%b3%b5%ec%a7%80%ec%82%ac%ed%95%ad/?term_id&slug=1983,"화학과 사무실 및 교수님 오피스 이동 안내
화학과 사무실 및 교수님 오피스가 다음과 같이 이동하오니, 추후 방문시 참고하시기 바랍니다.
1. 이동 일정 : 8월 27일(월) – 28일(화) 2일간
2. 이동 내역
건물호실
호실명
베어드홀
301
화학과 사무실
베어드홀
302
전근호 교수실
베어드홀
303
양진국 교수실
베어드홀
304
백경수 교수실
베어드홀
305
신권수 교수실
베어드홀
307
강위경 교수실
베어드홀
308
신익수 교수실
베어드홀
309
김자헌 교수실
이사 일정 동안에는 학과 사무실과 교수님 오피스 방문 및 연락이 어려울 수 있으니
참고하시기 바랍니다.
2018.08.24"
chemistry,2018-2학기 백마성적우수 장학생 선발 내역,N/A,2020.11.27,https://chem.ssu.ac.kr/%ea%b3%b5%ec%a7%80%ec%82%ac%ed%95%ad/?term_id&slug=1981,"2018-2
학기 백마성적우수 장학생 선발 내역
장학금분류
1학년
2학년
3학년
4학년
장학금액
전액
20****24 권*은
반액
20****96 최*정
20****69 박*민
20****98 이*총
20****05 정*명
20****75 김*환
20****54 고*수
20****54 이*정
20****55 권*수
20****71 박*혜
20****58 김*훈
20****57 이*주
25%
20****87 장*우
20****54 고*수
20****56 이*익
20****56 김*룡
인원수
전액
1
반액
2
3
2
4
25%
2
1
1
* 성적우수장학금 수혜자가 휴학 시 모든 장학금 환수(복학 시 지급)
* 각 학년의 재학생수의 비율로 장학생 선발
* 학과 홈페이지의 화학과 장학금 지급 내규 참고
2018.08.22"
chemistry,2018학년도 2학기 학과근로장학생 신청 안내,N/A,2020.11.27,https://chem.ssu.ac.kr/%ea%b3%b5%ec%a7%80%ec%82%ac%ed%95%ad/?term_id&slug=1979,"2018
학년도
2
학기 학과근로장학생 선발 안내
1. 근로장학생 자격 및 선발기준
가. 2018학년도 1학기 국가장학금을 신청/서류제출을 완료한 자
1) 1차 신청기간에 완료하여 소득분위가 조회된 자에 한함
2) 소득분위 1분위~8분위 이내인 자에 한함
3) 국가장학금을 신청할 수 없는 대한민국 국적 미소지자도 선발 가능
나. 2018학년도 2학기 재학 및 복학예정자로 해당학기 등록금 납부 예정인 자
1) 2018년도 2학기 이전 등록휴학 후 복학시 선발대상에서 제외(등록대체자)
2) 학기 중 미등록, 입학취소, 복학취소 등으로 인한 학적변동시 모든 장학금 취소
3) 2018학년도 2학기 기준 2∼7학기 재학생만 가능(1학기 및 8학기 신청불가)
다. 직전학기 이수한 성적 제한 없음
라. 타 장학금과 중복수혜 가능(교내근로/학과근로/국가근로/봉사장학금간 중복수혜 불가)
※ 기 선발된 장학금과 근로장학금을 포함하여 수업료 초과 가능(2017-2학기부터)
마. 학과별 배정금액 내에서 학과근로A 혹은 B 학과자율선발 가능
※ 화학과는 학과근로B만 운영하므로 학과근로B 16명 선발 예정
바. 국가근로장학생 및 교내근로장학생에 선발되지 않은 자
2. 유의 사항
가. 선발된 학생은 소속부서에서 지정된 근로시간 동안 근무해야 하며, 학기 중 학적변동 (휴학,자퇴, 제적 등) 등 불가피한 사유가 인정되는 중도 포기시 근로 시간만큼 지급
나. 2019년 2월말 근로평가 전까지 교체 가능(단, 교체 전 학생의 근로시간을 차감)
다. 교체 전·후 학생 모두 근로평가 시행
3. 장학금내역
가. 세부내역
장학금명
시간당장학금
근로시간(학기)
학과근로A
7,600
10시간×20주=200시간
학과근로B
7,600
5시간×20주=100시간
* 1인당 기본 배정금액(A기준) 1,520,000원, (B기준) 760,000원
나. 지급일정: 매월 근로장학금 지급
4. 신청방법
가. 학생신청방법: u-SAINT포털 → 등록/장학 → 장학메뉴 ‘근로장학금’→
학과근로B신청
※ 지원서 오프라인 및 온라인 제출은 받지 않습니다.
나. 온라인접수 기간: 2018년 8월 3일(금) ∼ 9일(목) 10:00∼17:00
다. 학과근로장학생 최종선발 및 발표 : 2018년 8월 17일(금) 이후
2018.08.03"
chemistry,양자나노융합전공 신청 안내,N/A,2020.11.27,https://chem.ssu.ac.kr/%ea%b3%b5%ec%a7%80%ec%82%ac%ed%95%ad/?term_id&slug=1977,"양자나노융합전공 신청 안내
양자나노융합전공 신청을 안내해드리오니, 희망하는 학생은 아래 신청 방법을 참고하여 신청하여 주시기 바랍니다.
1. 기간 : 6월19일(화) – 26일(화)
2. 신청대상 : 물리학과, 화학과 1, 2, 3학년 중 융합전공 미신청 학생
3. 신청방법 : 해당 URL에 접속하여 설문 응답(모두 응답해야 함)
https://goo.gl/forms/xSrJ4jisHAHTtgoF3
4. 유의사항
1) 신청기간 이후 신청을 희망할 시에는 추후 진행 예정인 다전공 신청기간에 유세인트를 통해 직접 신청해야 합니다.
(다전공신청기간은 7월9일 – 11일로 예정되어 있습니다)
2) 12일 설명회에서 신청서를 작성한 학생들은 따로 신청하지 않아도 됩니다.
그밖의 문의사항은 화학과 사무실(베어드홀 212호, 02-820-0430)으로 문의하시기 바랍니다.
2018.06.20"
chemistry,양자나노융합전공 선배멘토링 신청 안내,N/A,2020.11.27,https://chem.ssu.ac.kr/%ea%b3%b5%ec%a7%80%ec%82%ac%ed%95%ad/?term_id&slug=1971,"양자나노융합전공 선배멘토링 안내
양자나노융합전공에서 선배 멘토링 프로그램을 진행하오니, 학생들의 많은 참여 바랍니다.
1. 내용
– 이수학생 선후배간의 멘토링 프로그램
– 선배 멘토(1-2인)와 후배 멘티(다수) 간의 스터디를 통해 학업 증진 유도
* 융합전공 비이수학생은 멘티로 참여 가능
2. 신청방법
– 대표 멘토가 신청서를 제출 (이메일:
chem@ssu.ac.kr
)
– 멘토링 할 때, 융합전공 사무실을 방문하여 다과 지원 받기
– 사진과 함께 보고서 제출 (이메일:
chem@ssu.ac.kr
)
* 신청서 및 보고서 제출시 메일 제목 앞에 [양자나노선배멘토링] 반드시 붙여서 보내주세요.
2018.05.11"
chemistry,양자나노융합전공 설명회 안내,N/A,2020.11.27,https://chem.ssu.ac.kr/%ea%b3%b5%ec%a7%80%ec%82%ac%ed%95%ad/?term_id&slug=1969,"양자나노 융합전공 이수학생 설명회
융합전공 이수학생을 대상으로
2018학년도 융합전공 프로그램을 소개하고, 프로그램 참여방법을 안내합니다.
– 융합전공 교과과정
– 비교과 프로그램 안내 (선배멘토링, 융합학술제, 인턴십 등)
– 대상: 물리학과, 화학과 재학생(2,3,4학년)
* 신입생 대상 설명회는 추후 따로 진행 예정
– 일시: 5월23일(수) 12시(15분 설명회 + 15분 점심식사)
– 장소: 경상관 210호
– 참여신청 : url(https://goo.gl/forms/Oti2sG6nGCj8bnp03) 접속 후 설문 참여
* 참여자 수요 조사를 통해 식음료를 준비할 예정이오니 반드시 참여신청 필수!
– 설명회 후 설문지 작성시 추첨을 통해 10명 도서상품권 증정예정
– 융합전공 미이수학생도 참석가능
학생 여러분들의 참여 바랍니다.
2018.05.11"
chemistry,융합전공 필수 과목 성적평가 안내,N/A,2020.11.27,https://chem.ssu.ac.kr/%ea%b3%b5%ec%a7%80%ec%82%ac%ed%95%ad/?term_id&slug=1967,"융합전공 필수 과목 성적평가 안내
융합전공 필수 과목은
“절대평가 가능”
과목으로 결정되었으니 참고하여 주시기 바랍니다.
2018.05.04"
chemistry,화학과 졸업논문 포스터 발표 안내(2018-1),N/A,2020.11.27,https://chem.ssu.ac.kr/%ea%b3%b5%ec%a7%80%ec%82%ac%ed%95%ad/?term_id&slug=1963,"화학과 졸업논문 포스터 발표 안내
1. 일 시 : 2018년 5월 3일 (목)
2. 시 간
가. 포스터 게시 : 11:30 ~ 15:00
나. 포스터 발표 : 13:00 ~ 14:00
3. 장 소 : 베어드홀 212-1호(화학과 라운지) 앞 복도
4. 내 용 : 2018학년도 가을학기에 졸업하는 학생들의 졸업논문 포스터 발표회가 있으니 많은 참석 바랍니다.
5. 발표자명단 : 첨부파일 참조
2018.04.30"
chemistry,최종 졸업논문 제출 안내,N/A,2020.11.27,https://chem.ssu.ac.kr/%ea%b3%b5%ec%a7%80%ec%82%ac%ed%95%ad/?term_id&slug=1957,"최종 졸업논문 제출 안내
1. 대    상: 2018년 8월 졸업예정자
2. 제 출 일: 2018년 5월 18일(금) 17:00까지
3. 제출장소: 화학과 사무실(베어드홀 212호)
4. 졸업 논문 제출시 주의사항
가. 머릿말 중 20**년도 작성시 – 본인의 4학년 현재년도로 작성(이번에는 2017년으로 작성 해야함)
나. 컬러로 양면 출력(책처럼 넘기며 볼 수 있도록 출력)
– 2부 제출 한 부는 클립으로, 한 부는 스템플러로 묶어서 제출
다. 지도교수님의 확인을 받은 후 학과사무실에 제출
라. 최종 졸업논문 형식은 화학과 홈페이지의 “자료 및 정보 > 졸업논문 자료실” 참조
(이를 지키지 않을 시 졸업논문을 받아 줄 수 없습니다. 그러므로 반드시 졸업논문 형식을 지켜주시기 바랍니다.)
2018.04.16"
chemistry,졸업논문 중간보고서 제출 안내,N/A,2020.11.27,https://chem.ssu.ac.kr/%ea%b3%b5%ec%a7%80%ec%82%ac%ed%95%ad/?term_id&slug=1951,"졸업논문 중간보고서 제출 안내
1. 대    상: 2019년 2월 졸업예정자 및 논문연구1 수강자
2. 제 출 일: 2018년 5월 18일(금) 17:00까지
3. 제출장소: 화학과 사무실(베어드홀 212호)
4. 비    고
가. 최종 졸업논문 형식에 맞춰서 작성해주시기 바랍니다.
(최종 졸업논문 형식은 화학과 홈페이지의 “자료 및 정보 > 졸업논문 자료실” 참고)
나. 지도교수님의 확인을 받은 후 학과사무실에 제출해주시기 바랍니다.
다. 컬러로 1부 출력하여 제출
2018.04.16"
chemistry,졸업논문 지도교수 신청 안내,N/A,2020.11.27,https://chem.ssu.ac.kr/%ea%b3%b5%ec%a7%80%ec%82%ac%ed%95%ad/?term_id&slug=1947,"졸업논문 지도교수 신청 안내
졸업논문 지도교수 신청일정을 안내해드리오니 기한내에 신청하여 주시기 바랍니다.
1. 신청기간: 2018년 4월 30일(월)~ 5월 11일(금)
2. 대    상: 화학과 3학년 전체 (2019년 8월 졸업예정자 포함)
3. 장    소: 화학과 사무실 (베어드홀 212호)
4. 신청 및 선정 절차
ⅰ) 졸업논문으로 직접 실험을 수행할 것인지 또는 기존 논문들을 재검토(review)할 것인가를 정한다.
ⅱ) 교수님들과의 면담을 통해서 희망하는 지도교수를 1,2,3지망 신청한다.
ⅲ) 화학과 졸업논문 신청서를 제출한다. (신청서는 화학과 홈페이지 참조)
ⅳ) 지도교수 확정 (희망자가 편중 될 경우 실험실별로 인원 배정이 조절될 수 있다.)
5. 지도교수 확정 통보: 2018년 5월 18일(금) 이후 학과 게시판 및 화학과 홈페이지 공지사항 참조
6. 주의사항: 일단 졸업논문 지도교수가 배정된 후에는 중간평가 불합격 이유를 제외하고 지도교수를 바꾸는 것을 일체 불허함을 원칙으로 한다.
2018.04.16"
chemistry,화학과 실험실 설명회 안내,N/A,2020.11.27,https://chem.ssu.ac.kr/%ea%b3%b5%ec%a7%80%ec%82%ac%ed%95%ad/?term_id&slug=1945,"화학과 실험실 설명회 안내
논문지도교수 선정에 앞서 학생들의 선택을 돕기 위하여 화학과 실험실 설명회를 진행하오니
학생들의 많은 참석 바랍니다.
1. 일시 : 2017년 4월 26일(목) 오후 4시30분
2. 장소 : 경상관 201호
3. 대상 : 화학과 학부생(특히 3학년!)
* 3학년 미참석 시 논문지도교수선정에 불이익이 있을 수 있으니 반드시 참석하여 주시기 바랍니다
2018.04.16"
chemistry,기기분석 수업자료 업로드 안내,N/A,2020.11.27,https://chem.ssu.ac.kr/%ea%b3%b5%ec%a7%80%ec%82%ac%ed%95%ad/?term_id&slug=1943,"기기분석 수업자료 업로드 안내
기기분석 수업자료(Ch-8)를
자료및정보 -> 전공수업자료실
에 업로드 하였으니
확인 후 수업시 참고하시기 바랍니다.
해당 자료는 강위경 교수님 출장 이후 수업 내용 입니다.
2018.04.16"
chemistry,18-1학기 졸업논문계획서 제출 안내,N/A,2020.11.27,https://chem.ssu.ac.kr/%ea%b3%b5%ec%a7%80%ec%82%ac%ed%95%ad/?term_id&slug=1939,"<졸업논문 계획서 제출 안내>
1. 대 상: 2019년 2월 졸업예정자(2018년 전기 졸업예정자)
2. 제 출 일: 2018년 4월 6일(금) 17:00까지 (기간 엄수!)
3. 제출장소: 화학과 사무실(베어드홀 212호)
4. 졸업 계획서 제출 시 주의사항
가. 반드시 졸업논문 계획서 양식에 맞춰서 작성해주시기 바랍니다.
(양식은 화학과 홈페이지의 “자료 및 정보 > 졸업논문 자료실” 참고)
나. 한 번 정한 졸업논문 제목은 변경이 불가하니, 신중히 결정하시기 바랍니다.
다. 지도교수님의 결재를 받은 후 학과사무실로 제출하시기 바랍니다.
(학과장님, 학장님의 결재는 받지 않으셔도 됩니다)
라. 논문연구를 수강하지 않는 학생도 논문계획서를 제출하셔야 합니다.
마. 2018년 현재 학과장님은 강위경 교수님, 학장님은 전근호 교수님 입니다.
2018.04.04"
chemistry,휴일 교내 건물 출입 안내(세콤 신청),N/A,2020.11.27,https://chem.ssu.ac.kr/%ea%b3%b5%ec%a7%80%ec%82%ac%ed%95%ad/?term_id&slug=1937,"휴일 교내 건물 출입 안내(세콤 신청)
1. 신청 대상 : 화학과 재학생
2. 신청 기간 : 2018년 3월 5일(월) – 3월 9일(금)
3. 신청 방법 : 다음 url(
https://goo.gl/forms/1Yo8WBw9TAggCHuM2
)에 접속하여 설문 응답(오프라인 접수는 받지 않습니다)
4. 인증 기간 : 2018년 3월 19일(예정) – 2018년 8월 31일
* 인증 시작 기간은 본교 사정에 의해 늦춰질 수 있습니다.
5. 학과 실험실 세콤은 실험을 하는 학생들만 신청 가능하며, 그외의 학생들은 베어드홀 출입문만 신청 가능합니다.
2018.03.05"
chemistry,2018-1학기 학과 근로장학생 선발결과 안내 – 장소배정,N/A,2020.11.27,https://chem.ssu.ac.kr/%ea%b3%b5%ec%a7%80%ec%82%ac%ed%95%ad/?term_id&slug=1935,"18-1학기 학과근로 장학생 선발자 근로 장소 배정
학년
학번
이름
근로장소
근로문의
장소
2
20****85
이
*
욱
일반화학실험
베어드
212
2
20****26
김
*
헌
일반화학실험
베어드
212
2
20****66
고
*
연
무기화학실험
베어드
221
2
20****67
고
*
주
일반화학실험
베어드
212
2
20****73
김
*
희
유기화학실험
&
공동기기실
베어드
224
2
20****75
김
*
환
일반화학실험
베어드
212
2
20****398
이
*
총
일반화학실험
베어드
212
2
20****68
조
*
희
일반화학실험
베어드
212
3
20****85
이
*
리
학과사무실
베어드
212
3
20****02
강
*
지
물리화학실험
베어드
108
3
20****06
김
*
희
학과사무실
베어드
212
3
20****23
신
*
연
유기화학실험
&
공동기기실
베어드
224
3
20****36
이
*
미
무기화학실험
베어드
221
4
20****51
박
*
민
물리화학실험
베어드
108
4
20****71
박
*
준
일반화학실험
베어드
212
4
20****32
김
*
은
일반화학실험
베어드
212
* 위의 학년은 18-1학기 기준입니다.
* 학과근로 장학금 수여 학생에 대한 근로 장소는 추후 재 공지 예정입니다.
* 근로 장소가 결정되면 근로 문의 장소에서 조교와 미팅합니다
1. 일반화학실험 : 3월 7일(수) 12시30분, 화학과 라운지
2. 학과사무실 : 3월 8일(목) 3시, 화학과 라운지
3. 전공실험 : 각 실험실 담당조교 개별 연락 및 미팅
* 일반화학으로 배정받은 학생은 금요일 7교시(16:30)이후 수업(실험수업제외) 및 기타 개인일정을 피해주시기 바랍니다.
* 개인정보 보호를 위하여 학번 및 성명의 일부를 *처리 하였으며, 자세한 선발결과는 개별적으로 u-Saint를 통해 확인하실 수 있습니다.
2018.02.23"
chemistry,“양자나노소재응용” 강의시간 안내,N/A,2020.11.27,https://chem.ssu.ac.kr/%ea%b3%b5%ec%a7%80%ec%82%ac%ed%95%ad/?term_id&slug=1933,"“
양자나노소재응용
”
강의시간 안내
18-1학기에 개설되는 “양자나노소재응용”강좌의 강의시간을 안내해드리오니 수강 신청 시 참고하여 주시기 바랍니다.
과목명
담당교수
강의시간
강의실
개설시간
실제 강의시간
양자나노소재응용
봉성율
월, 화 9교시
월 19:30-20:45
화 19:30-20:45
월 9, 10교시
월 19:30-20:45
월 21:00-22:15
베어드홀 320호
2018.02.19"
chemistry,2018-1학기 학과근로장학생 선발 안내,N/A,2020.11.27,https://chem.ssu.ac.kr/%ea%b3%b5%ec%a7%80%ec%82%ac%ed%95%ad/?term_id&slug=1931,"2018
학년도
1
학기 학과근로장학생 선발 안내
1. 근로장학생 자격 및 선발기준
가. 2018학년도 1학기 국가장학금을 신청/서류제출을 완료한 자
1) 1차 신청기간에 완료하여 소득분위가 조회된 자에 한함
2) 소득분위 1분위~8분위 이내인 자에 한함
3) 국가장학금을 신청할 수 없는 대한민국 국적 미소지자도 선발 가능
나. 2018학년도 1학기 재학 및 복학예정자로 해당학기 등록금 납부 예정인 자
1) 2017학년도 1학기 이전 등록휴학 후 복학시 선발대상에서 제외(등록대체자)
2) 학기 중 미등록, 입학취소, 복학취소 등으로 인한 학적변동시 모든 장학금 취소
3) 2018학년도 1학기 기준 2∼7학기 재학생만 가능(1학기 및 8학기 신청불가)
다. 직전학기 이수한 성적 제한 없음
라. 타 장학금과 중복수혜 가능(교내근로/학과근로/국가근로/봉사장학금간 중복수혜 불가)
※ 기 선발된 장학금과 근로장학금을 포함하여 수업료 초과 가능(2017-2학기부터)
마. 학과별 배정금액 내에서 학과근로A 혹은 B 학과자율선발 가능
※ 화학과는 학과근로B만 운영하므로 학과근로B 16명 선발 예정
바. 국가근로장학생에 선발되지 않은 자
2. 유의 사항
가. 선발된 학생은 소속부서에서 지정된 근로시간 동안 근무해야 하며, 학기 중 학적변동 (휴학,자퇴, 제적 등) 등 불가피한 사유가 인정되는 중도 포기시 근로 시간만큼 지급
나. 2018년 8월말 근로평가 전까지 교체 가능(단, 교체 전 학생의 근로시간을 차감)
다. 교체 전·후 학생 모두 근로평가 시행
3. 장학금내역
가. 세부내역
장학금명
시간당장학금
근로시간(학기)
학과근로A
7,600
10시간×20주=200시간
학과근로B
7,600
5시간×20주=100시간
* 1인당 기본 배정금액(A기준) 1,530,000원
나. 지급일정: 근로 후 지급을 원칙으로 함(학기 말 개인계좌 지급예정)
4. 신청방법
가. 학생신청방법: u-SAINT포털 → 등록/장학 → 장학메뉴 ‘근로장학금’→ 학과근로B신청
※ 지원서 오프라인 및 온라인 제출은 받지 않습니다.
나. 온라인접수 기간: 2018년 2월 1일(목) ∼ 9일(금) 10:00∼17:00
다. 학과근로장학생 최종선발 및 발표 : 2018년 2월 28일(수) 이후
2018.02.01"
chemistry,양자나노 융합전공 교과 우수성과 공모전 수상결과 안내 – 명단 수정,N/A,2020.11.27,https://chem.ssu.ac.kr/%ea%b3%b5%ec%a7%80%ec%82%ac%ed%95%ad/?term_id&slug=1929,"지난 1월 22일까지 진행했던 <양자나노 융합전공 교과 우수성과 공모전>에 아래와 같이 수상자를 발표합니다.
개인 정보 보호로 인해 이름 가운데는 O 처리하여 게시합니다.
장려금은 각 학생 계좌로 2월 중 지급예정입니다.
[수상 항목]
물리학과 수상자/ 화학과 수상자
1. 실습과목의 성과물 (3명)
최우수: (없음) / 한O희
우수: (없음) / 이O주, 정O경
2. 탐구보고서 (12명)
최우수: 나O은 / 김O익
우수: 김O희, 이O지 / 권O수, 정O영
장려: 곽O지, 김O남 / 김O훈, 박O민, 조O영, 차O상
3. 강의평가 에세이 (
16명
)
최우수: 이O호 / 권O영
우수: 유O정, 권O담, 이O수 / 김O원, 박O준,
심O연
장려: 손O연, 정O환, 최O영, 최O영 / 박O수, 이O미, 이O리, 하O용
4. 융합전공에 바란다 (11명)
최우수: 오O택 / 안O훈
우수: 유O결, 현O진 / 이O총, 이O영
장려: 김O웅, 김O중, 박O상, 이O섭, 전O란 / 없음
최우수: 7명 x 50만원 = 350만원
우수:
16명 x 30만원 = 480만원
장려: 19명 x 20만원 = 380만원
2018.01.29"
chemistry,2018년 교직이수자 선발 결과 공고,N/A,2020.11.27,https://chem.ssu.ac.kr/%ea%b3%b5%ec%a7%80%ec%82%ac%ed%95%ad/?term_id&slug=1923,"2018
년 교직이수자 선발 결과 공고
본 화학과에서는 다음 아래와 같이
2018
년 교직 이수예정자를 선발하였습니다
.
아래의 학생은
1
월
26
일
(금
)
까지 방문하여(우편가능)
“
교직과정 이수예정자 확인서
“
를 제출해주시기 바랍니다
.
교 직 과 정 이 수 예 정 자 명 부
일련
번호
학과
(
부
)
명
성명
학번
입학
연월일
편입자
편입
연월
편입
학년
전적 학교명
1
화학과
김*영
20****04
2016.03.01
2
화학과
김*훈
20****12
2016.03.01
3
화학과
김*민
20****13
2016.03.01
4
화학과
지*혜
20****47
2016.03.01
이하여백
(
입학정원
47
명
/
승인인원
4
명
/
선발인원
4
명
)
학적상의 성명 및 주민등록번호와 실제 내용이 다른 학생은 주민등록초본을 함께 지참해주셔야 합니다
.
문의사항은 학과사무실로 연락주시기 바랍니다
.
2018.01.22"
chemistry,양자나노융합전공 추가 신청자 기념품 수령 안내,N/A,2020.11.27,https://chem.ssu.ac.kr/%ea%b3%b5%ec%a7%80%ec%82%ac%ed%95%ad/?term_id&slug=1921,"양자나노융합전공 추가 신청자 기념품 수령 안내
양자나노융합전공에서 추가 신청자를 대상으로 기념품을 배포하오니 해당학생들은 수령하시기 바랍니다.
1. 대상 : 양자나노융합전공 추가 신청자(사무실 앞 게시판 명단 참조)
2. 수령장소 : 베어드홀 212호 화학과 사무실
3. 수령기간 : 11월 28일(화) – 12월 8일(금)까지 (반드시 기간 엄수!!)
반드시 기간 내에 방문하시어 기념품 수령하시기 바랍니다.
2017.11.28"
chemistry,2017-2학기 교직과정 이수 신청 안내,N/A,2020.11.27,https://chem.ssu.ac.kr/%ea%b3%b5%ec%a7%80%ec%82%ac%ed%95%ad/?term_id&slug=1919,"2017-2학기 교직과정 이수 신청 안내
1. 신청 대상: 교직 설치학과(부) 소속의 2017-2학기 현재 2학년(3학기 혹은 4학기) 재학중인 학생
2. 신청기간: 2017.10.10.(화) 10:00 – 2017.12.21.(목) 17:00
3. 신청 방법
가. U-SAINT→학사관리→교직/평생교육→교직이수신청 메뉴에서 지원서 작성 및 신청
나. 교직 인·적성검사 응시
4. 관련 안내
가. 교직 이수자 선발기준 및 과정전반에 관한 사항은 교직과정 안내문 참고(학교 홈페이지 참조)
나. 교직이수 신청 대상은 2017학년도 2학기 현재 2학년(3학기 혹은 4학기) 재학생으로, 5학기 재학생은 신청 불가 다. 교직이수자 선발은 2017학년도 1학기, 2학기 신청자 전체를 대상으로 겨울방학 중 실시
라. 선발 명단은 학과(부) 홈페이지를 통해 2018년 2월 중 안내 예정
2017.10.24"
chemistry,졸업논문 중간보고서 제출 안내,N/A,2020.11.27,https://chem.ssu.ac.kr/%ea%b3%b5%ec%a7%80%ec%82%ac%ed%95%ad/?term_id&slug=1913,"졸업논문 중간보고서 제출 안내
1. 대 상: 2018년 8월 졸업예정자 및 논문연구2 수강자
2. 제 출 일: 2017년 11월 24일(금) 17:00까지
3. 제출장소: 화학과 사무실(베어드홀 212호)
4. 비 고
가. 최종 졸업논문 형식에 맞춰서 작성해주시기 바랍니다.
(최종 졸업논문 형식은 화학과 홈페이지의 “자료 및 정보 > 졸업논문 자료실” 참고)
나. 지도교수님의 확인을 받은 후 학과사무실에 제출해주시기 바랍니다.
다. 컬러로 1부 출력하여 제출
2017.10.24"
chemistry,최종 졸업논문 제출 안내,N/A,2020.11.27,https://chem.ssu.ac.kr/%ea%b3%b5%ec%a7%80%ec%82%ac%ed%95%ad/?term_id&slug=1907,"최종 졸업논문 제출 안내
1. 대 상: 2018년 2월 졸업예정자
2. 제 출 일: 2017년 11월 3일(금) 17:00까지
3. 제출장소: 화학과 사무실(베어드홀 212호)
4. 졸업 논문 제출시 주의사항
가. 머릿말 중 20**년도 작성시 – 본인의 4학년 현재년도로 작성(이번에는 2017년으로 작성 해야함)
나. 컬러로 양면 출력(책처럼 넘기며 볼 수 있도록 출력) – 2부 제출 한 부는 클립으로, 한 부는 스템플러로 묶어서 제출
다. 지도교수님의 확인을 받은 후 학과사무실에 제출
라. 최종 졸업논문 형식은 화학과 홈페이지의 “자료 및 정보 > 졸업논문 자료실” 참조
(이를 지키지 않을 시 졸업논문을 받아 줄 수 없습니다. 그러므로 반드시 졸업논문 형식을 지켜주시기 바랍니다.)
2017.10.24"
chemistry,2017-2학기 컴퓨터 활용 관련 자격증(졸업요건) 제출 안내,N/A,2020.11.27,https://chem.ssu.ac.kr/%ea%b3%b5%ec%a7%80%ec%82%ac%ed%95%ad/?term_id&slug=1903,"2017-2학기 컴퓨터 활용 관련 자격증(졸업요건) 제출 안내
1. 대상 : 2014학년도 이후 신입학자, 2016학년도 이후 편입학자
2. 신청기간 : 11.3(금)까지
3. 신청방법 – 자격증 원본 및 사본을 학과사무실에 제출
4. 유의사항
– 학과(부)별 인정가능(또는 불가능)한 자격증 리스트에 유의하시기 바랍니다(학교 홈페이지 확인)
– MOS Excel Expert 자격증을 반드시 포함하여 2가지 자격증을 모두 취득한 후 졸업예정학기까지 제출을 완료하여야 합니다.
– 본 졸업요건은 교양필수 학점 및 컴퓨터활용 자격증 관련 과목 (스프레드시트고급활용, 숭실사이버대 컴퓨터활용자격증취득과정 등)과 관련이 없습니다.
1) 컴퓨터활용 자격증 관련 과목을 수강하였어도 자격증 제출기한 내 제출하지 않을 경우 해당 졸업요건의 미충족으로 간주합니다.
2) 컴퓨터활용 자격증 관련 과목을 수강하지 않은 경우 해당 자격증 제출만으로 학점인정은 불가합니다. 기타 문의사항은 학과사무실로 연락바랍니다.
2017.10.24"
chemistry,화학과 졸업논문 포스터 준비 관련 안내,N/A,2020.11.27,https://chem.ssu.ac.kr/%ea%b3%b5%ec%a7%80%ec%82%ac%ed%95%ad/?term_id&slug=1901,"화학과 졸업논문 포스터 준비 관련 안내
학과의 코팅기 사용 일정을 다음과 같이 안내하오니, 사용을 희망하는 학생께서는 참고하여 주시기 바랍니다.
1. 일 시 : 2014년 9월 27일(수), 28일(목)
2. 시 간 : 9월 27일(수) 13:00 – 17:00
9월 28일(목) 10:00 – 12:00
3. 장 소 : 화학과 라운지 (베어드홀 212호)
4. 내 용 – 학과에서 코팅지 제공합니다(본인 포스터 장수만큼만 제공).
– 해당 시간 이후 코팅기 사용 불가.
2017.09.25"
chemistry,졸업논문 계획서 제출 안내,N/A,2020.11.27,https://chem.ssu.ac.kr/%ea%b3%b5%ec%a7%80%ec%82%ac%ed%95%ad/?term_id&slug=1897,"<졸업논문 계획서 제출 안내>
1. 대    상: 2018년 8월 졸업예정자(2017년 후기 졸업예정자)
2. 제 출 일: 2017년 9월 29일(금) 17:00까지 (기간 엄수!)
3. 제출장소: 화학과 사무실(베어드홀 212호)
4. 졸업 계획서 제출 시 주의사항
가. 반드시 졸업논문 계획서 양식에 맞춰서 작성해주시기 바랍니다.
(양식은 화학과 홈페이지의 “자료 및 정보 > 졸업논문 자료실” 참고)
나. 한 번 정한 졸업논문 제목은 변경이 불가하니, 신중히 결정하시기 바랍니다.
다. 지도교수님의 결재를 받은 후 학과사무실로 제출하시기 바랍니다.
(학과장님, 학장님의 결재는 받지 않으셔도 됩니다)
라. 논문연구를 수강하지 않는 학생도 논문계획서를 제출하셔야 합니다.
마. 2017년 현재 학과장님은 전근호 교수님, 학장님은 김성철 교수님 입니다."
chemistry,2017-2학기 졸업사정 오류정정 및 이수구분 변경 접수,N/A,2020.11.27,https://chem.ssu.ac.kr/%ea%b3%b5%ec%a7%80%ec%82%ac%ed%95%ad/?term_id&slug=1889,"2017-2학기 졸업사정 오류정정 및 이수구분 변경 접수
2017-2학기 졸업사정 오류정정 및 이수구분 변경 접수 일정을 안내해드리오니, 해당되는 학생은 기한내 신청하여 주시기 바랍니다.
1. 대상자 : 2018년 2월 졸업예정인 재학생
(현재 학기 8학기 이상 재학생/조기졸업 신청자는 6, 7학기)
2. 신청 접수기간(학생 신청기간) : 2017. 9. 25.(월) ~ 10. 11.(수)
3. 오류 유형 : 이수구분 인정 및 전공필수 예외처리 기준(뒷장), 홈페이지 공지사항 참조
4. 제출서류 : 졸업사정 오류정정, 이수구분 변경 신청서 1부, 졸업사정표 또는 이수구분 성적표 1부
5. 유의사항
1) 다전공(복수, 부전공)에 대한 오류정정 내용은 다전공 학과(부)에서 확인 및 접수
2) 학점에 대한 예외처리인 경우 학과사무실 방문하여 확인 후 신청
3) 졸업사정표의 졸업사정일자(2017.9.14.이후)를 확인 후 접수
4) 결과 반영된 졸업사정표는 10월 말 이후 확인 가능합니다.
기타 다른 사항은 학과사무실로 문의하시기 바랍니다.
2017.09.21"
chemistry,물리-화학과 졸업논문 포스터 발표 안내,N/A,2020.11.27,https://chem.ssu.ac.kr/%ea%b3%b5%ec%a7%80%ec%82%ac%ed%95%ad/?term_id&slug=1887,"물리-화학과 졸업논문 포스터 발표 안내
1. 일 시: 2017년 9월 28일(목) 15:00
2. 시 간
내 용
시 간
포스터 게시 및 발표
15:00 ~ 17:00
우수논문포스터상 및 행운권 추첨
17:00 ~ 17:30
포스터 판넬 및 주변 정리
17:30 ~ 17:50
3. 장 소: 형남공학관 115호
4. 내 용
– 포스터 판넬에 포스터 부착 시 양면테이프 금지 (일반 테이프 사용)
– 학과에서 제공하는 테이프 및 가위의 양(박스테이프: 5개, 가위: 6개)은 한정되어 있으니 되도록 본인이 지참해 오시기 바랍니다.
– 포스터 번호 순서는 포스터 발표 전 날 학과게시판에 공지
– 본인이 사용한 포스터 판넬 정리 및 주변 정리는 본인이 책임집니다.
– 행운권은 물리, 화학과 학생이면 누구나 참석 가능합니다. (대학원생 제외-행운의 기회를 학부생에게 양보해주세요^^)
단, 행운권 추첨 시 자리에 없으면 무효가 되므로 반드시 자리를 지켜주세요.
– 물리, 화학과 학생들의 많은 참석 부탁드립니다.
** 발표자 명단 및 주심, 부심 배정은 학과 게시판 확인
2017.09.19"
chemistry,양자나노융합전공 추가신청 접수 안내 – 신청방법 수정,N/A,2020.11.27,https://chem.ssu.ac.kr/%ea%b3%b5%ec%a7%80%ec%82%ac%ed%95%ad/?term_id&slug=1885,"양자나노융합 추가신청 접수 안내
융합전공 활성화를 위해 정기 다전공 신청 기간 외 별도로 융합전공 이수 추가 신청 접수합니다.
*신청대상: 물리학과, 화학과 2학기-6학기 재학생
*신청방법
– 학과사무실을 방문하여 신청
– 수업시간에 일괄 신청(1학년 및 융합전공 수업 수강자 해당)
*신청기간: 2017.09.18.(월)-2017.09.29.(금)
*융합전공혜택 : 교수 튜터링 참여, 스터디(선배 멘토링) 지원, 수업보조물품(보조배터리) 제공, 인턴십 참여
*유의사항
– 다전공(융합전공 포함) 이수 취소는 “아주 쉽게” 처리 가능 : 즉, 추후 취소 가능
– 복수전공, 부전공 등과 동시 이수 가능 → 여러 다전공 신청이 대세!
– 일괄 신청에 해당하는 학생은 학과 게시판의 신청 예정자 명단을 확인 후 신청을 희망하지 않을 시 학과사무실로 방문하여 의사를 밝힐 것
학생 여러분들의 많은 신청 바랍니다.
2017.09.19"
chemistry,양자나노융합전공 홈페이지 안내,N/A,2020.11.27,https://chem.ssu.ac.kr/%ea%b3%b5%ec%a7%80%ec%82%ac%ed%95%ad/?term_id&slug=1883,"양자나노융합전공 홈페이지 안내
양자나노융합사업단의 홈페이지를 개설하여 안내합니다.
양자나노융합전공 관련 자료 및 안내사항이 위 홈페이지에서 공지되오니,
학생여러분들의 많은 관심 및 방문 바랍니다.
http://www.ssu.ac.kr/web/quantumnano/home"
chemistry,캠피스 융합과학 학술제(ChemPhys Convergence Science…,N/A,2020.11.27,https://chem.ssu.ac.kr/%ea%b3%b5%ec%a7%80%ec%82%ac%ed%95%ad/?term_id&slug=1879,"캠피스 융합과학 학술제(ChemPhys Convergence Science Festival)
Episode 1.
User-Created Contents
일시 : 2017년 11월 30일 (목) 오후 4시 30분
내용 : 융합 과학을 소재로 한 UCC 동영상을 제작한 후 출품한다. 예선을 통과한 팀들은 학술제 당일에 동영상을 발표하고 상영한다.
주최 : 숭실대학교 양자나노융합특성화 사업단
장소 : 베어드홀 103호
시상 내역
1등 팀 45만 원 상당의 상품
2등 팀 30만 원 상당의 상품
3등 팀 15만 원 상당의 상품
모든 참가 팀 제작 지원비 문화상품권 5만원 지급
참가 대상 : 숭실대학교 물리학과와 화학과에 재학중인 학부생 및 대학원생 (휴학생 포함)
팀 구성 : 1팀 당 3명으로 구성 (대학원생은 팀 당 1명으로 제한)
접수 방법 : 아래 신청서 작성 후 물리학과 이메일(
physics@ssu.ac.kr
)로 송부 또는 방문 접수
2017.09.11"
chemistry,양자나노 선배멘토링 안내,N/A,2020.11.27,https://chem.ssu.ac.kr/%ea%b3%b5%ec%a7%80%ec%82%ac%ed%95%ad/?term_id&slug=1873,"양자나노 선배멘토링 안내
양자나노융합전공에서 선배 멘토링 프로그램을 진행하오니, 학생들의 많은 참여 바랍니다.
1. 내용
– 이수학생 선후배간의 멘토링 프로그램
– 선배 멘토(1-2인)와 후배 멘티(다수) 간의 스터디를 통해 학업 증진 유도
* 융합전공 비이수학생은 멘티로 참여 가능
2. 신청방법
– 대표 멘토가 신청서를 제출 (이메일:
physics@ssu.ac.kr
)
– 멘토링 할 때, 융합전공 사무실을 방문하여 다과 지원 받기
– 사진과 함께 보고서 제출 (이메일:
physics@ssu.ac.kr
)
2017.09.11"
chemistry,2017-2학기 백마성적우수장학금 선발 결과,N/A,2020.11.27,https://chem.ssu.ac.kr/%ea%b3%b5%ec%a7%80%ec%82%ac%ed%95%ad/?term_id&slug=1871,"2017-2학기 백마성적우수 장학생 선발 내역
장학금분류
1학년
2학년
3학년
장학금액
전액
20****71 한*희
반액
20****02 정*경
20****98 이*총
20****75 김*환
20****71 김*수
20****04 김*영
20****10 김*재
20****51 하*용
20****11 김*인
20****64 정*영
20****55 권*수
20****50 김*원
20****56 송*민
20****75 차*상
20****06 박*진
25%
20****54 고*수
20****57 이*주
20****84 이*민
20****96 조*우
인원수
전액
1
반액
4
4
2
4
25%
1
1
2
* 성적우수장학금 수혜자가 휴학 시 모든 장학금 환수(복학 시 지급)
* 올해부터 25%장학금이 신설
* 각 학년의 재학생수의 비율로 장학생 선발
명단에 오류가 있어 수정하여 공지합니다.
혼란을 드려 죄송합니다
2017.08.24"
chemistry,2017학년도 2학기 학과근로장학생 선발 안내,N/A,2020.11.27,https://chem.ssu.ac.kr/%ea%b3%b5%ec%a7%80%ec%82%ac%ed%95%ad/?term_id&slug=1869,"2017
학년도
2
학기 학과근로장학생 선발 안내
1. 근로장학생 자격 및 선발기준
가. 2017학년도 2학기 국가장학금을 신청/서류제출을 완료한 자
1) 1차 신청기간에 완료하여 소득분위가 조회된 자에 한함
2) 소득분위 1분위~8분위 이내인 자에 한함
3) 국가장학금을 신청할 수 없는 대한민국 국적 미소지자도 선발 가능
나. 2017학년도 2학기 재학 및 복학예정자로 해당학기 등록금 납부 예정인 자
1) 2017학년도 1학기 이전 등록휴학 후 복학시 선발대상에서 제외(등록대체자)
※ 2017-2학기부터 등록휴학제도 폐지 예정으로 이후 등록대체자 없음
2) 학기 중 휴학, 입학취소, 복학취소 등으로 인한 학적변동시 모든 장학금 취소
3) 2017학년도 2학기 기준 2∼7학기 재학생만 가능(1학기 및 8학기 신청불가)
다. 직전학기 이수한 성적 제한 없음
라. 타 장학금과 중복수혜 가능(교내근로/학과근로/국가근로/봉사장학금간 중복수혜 불가)
※ 기 선발된 장학금과 근로장학금을 포함하여 수업료 초과 가능(2017-2학기부터)
마. 학과별 배정금액 내에서 학과근로A 혹은 B 학과자율선발 가능
※ 화학과는 학과근로B만 운영하므로 학과근로B 16명 선발 예정
바. 국가근로장학생에 선발되지 않은 자[국가근로발표 : 2017년 8월 10일(목) 예정]
2. 유의 사항
가. 선발된 학생은 소속부서에서 지정된 근로시간 동안 근무해야 하며, 학기 중 학적변동 (휴학,자퇴, 제적 등) 등 불가피한 사유가 인정되는 중도 포기시 근로 시간만큼 지급
나. 2017년 12월말 근로평가 전까지 교체 가능(단, 교체 전 학생의 근로시간을 차감)
다. 교체 전·후 학생 모두 근로평가 시행
3. 장학금내역
가. 세부내역
장학금명
시간당장학금
근로시간(학기)
학과근로A
6,500
10시간×22주=220시간
학과근로B
6,500
5시간×22주=110시간
나. 지급일정: 근로 후 지급을 원칙으로 함(학기 말 개인계좌 지급예정)
4. 신청방법
가. 학생신청방법: u-SAINT포털 → 등록/장학 → 장학메뉴 ‘근로장학금’→ 학과근로B신청
※ 올해부터 지원서 제출은 받지 않습니다.
나. 온라인접수 기간: 2017년 8월 4일(금) ∼ 11일(금) 10:00∼17:00
다. 학과근로장학생 최종선발 및 발표 : 2017년 8월 18일(금) 이후"
chemistry,2017-2학기 장학제도 변경 안내,N/A,2020.11.27,https://chem.ssu.ac.kr/%ea%b3%b5%ec%a7%80%ec%82%ac%ed%95%ad/?term_id&slug=1867,"2017-2학기 장학제도 변경사항 안내
다음 학기부터 장학제도에 일부 변경되는 사항이 있으니 유념하시기 바랍니다.
1. 백마장학금 선발이후 휴학 시 복학 시점으로 이월가능, 단 복학 시 국가장학금을 반드시 신청해야 수혜가능
2. 봉사 및 근로장학금은 등록금 외 별도로 지급하며 초과가능, 단 봉사-근로 장학간의 중복 불가, 휴학 시 이월 불가
3. 등록 휴학제도 폐지로 인하여 휴학 시 모든 장학금 학교로 전액 반환
(수강신청 변경 기간 외 휴학은 일부 수업료가 산정되오니 휴학 시 반드시 확인해야 함)
추후 일정 등은 숭실대학교 홈페이지를 수시로 확인하시어 참고하시기 바랍니다.
2017.07.28"
chemistry,학문분야 융합특성화사업 융합전공 공동설명회,N/A,2020.11.27,https://chem.ssu.ac.kr/%ea%b3%b5%ec%a7%80%ec%82%ac%ed%95%ad/?term_id&slug=1863,"학문분야 융합특성화사업 융합전공 공동설명회
1. 일시 : 2017년 5월 25일(목) 오후 6시
2. 장소 : 한경직기념관 대예배실
화학과의 융합전공인 양자나노융합전공에 대한 정보를 얻을 수 있는 기회이니,
학생들의 많은 참여 바랍니다.
** 간단한 저녁식사(햄버거 및 과일세트)가 제공 될 예정입니다
2017.05.19"
chemistry,졸업논문 중간보고서 제출 안내,N/A,2020.11.27,https://chem.ssu.ac.kr/%ea%b3%b5%ec%a7%80%ec%82%ac%ed%95%ad/?term_id&slug=1857,"<졸업논문 중간보고서 제출 안내>
1. 대 상: 2018년 2월 졸업예정자 및 논문연구2 수강자
2. 제 출 일: 2017년 5월 26일(금) 17:00까지
3. 제출장소: 화학과 사무실(베어드홀 212호)
4. 비 고
가. 최종 졸업논문 형식에 맞춰서 작성해주시기 바랍니다.
(최종 졸업논문 형식은 화학과 홈페이지의 “자료 및 정보 > 졸업논문 자료실” 참고)
나. 지도교수님의 확인을 받은 후 학과사무실에 제출해주시기 바랍니다.
다. 컬러로 1부 출력하여 제출"
chemistry,최종 졸업논문 제출 안내,N/A,2020.11.27,https://chem.ssu.ac.kr/%ea%b3%b5%ec%a7%80%ec%82%ac%ed%95%ad/?term_id&slug=1851,"<최종 졸업논문 제출 안내>
1. 대 상: 2017년 8월 졸업예정자
2. 제 출 일: 2017년 5월 26일(금) 17:00까지
3. 제출장소: 화학과 사무실(베어드홀 212호)
4. 졸업 논문 제출시 주의사항
가. 머릿말 중 20**년도 작성시 – 본인의 4학년 현재년도로 작성(이번에는 2016년으로 작성 해야함)
나. 컬러로 양면 출력(책처럼 넘기며 볼 수 있도록 출력)
– 2부 제출 한 부는 클립으로, 한 부는 스템플러로 묶어서 제출
다. 지도교수님의 확인을 받은 후 학과사무실에 제출
라. 최종 졸업논문 형식은 화학과 홈페이지의 “자료 및 정보 > 졸업논문 자료실” 참조
(이를 지키지 않을 시 졸업논문을 받아 줄 수 없습니다. 그러므로 반드시 졸업논문 형식을 지켜주시기 바랍니다.)
2017.05.12"
chemistry,2017-1학기 졸업논문 포스터 발표 안내(부심 배정 완료),N/A,2020.11.27,https://chem.ssu.ac.kr/%ea%b3%b5%ec%a7%80%ec%82%ac%ed%95%ad/?term_id&slug=1847,"화학과 졸업논문 포스터 발표 안내
1. 일 시 : 2017년 5월 11일 (목)
2. 시 간
가. 포스터 게시 : 11:30 ~ 15:00
나. 포스터 발표 : 13:00 ~ 14:00
3. 장 소 : 베어드홀 212-1호(화학과 라운지) 앞 복도
4. 내 용 : 2017학년도 가을학기에 졸업하는 학생들의 졸업논문 포스터 발표회가 있으니 많은 참석 바랍니다.
5. 발표자명단 : 첨부파일 참조
2017.04.27"
chemistry,졸업논문 지도교수 신청 안내 – 일정 변경,N/A,2020.11.27,https://chem.ssu.ac.kr/%ea%b3%b5%ec%a7%80%ec%82%ac%ed%95%ad/?term_id&slug=1843,"졸업논문 지도교수 신청 – 일정 변경
1. 신청기간 : 2017년 4월 12일(수) – 4월 28일(금)
2. 대상 : 화학과 3학년 전체(2018년 8월 졸업예정자 포함)
3. 장소 : 화학과 사무실(베어드홀 212호)
4. 신청 및 선정 절차
ⅰ) 졸업논문으로 직접 실험을 수행할 것인지 또는 기존 논문들을 재검토(review)할 것인가를 정한다.
ⅱ) 교수님들과의 면담을 통해서 희망하는 지도교수를 1,2,3지망 신청한다.
ⅲ) 화학과 졸업논문 신청서를 제출한다. (신청서는 화학과 홈페이지, 슈팅 공지사항 참조)
ⅳ) 지도교수 확정 (희망자가 편중 될 경우 실험실별로 인원 배정이 조절될 수 있다.)
5. 지도교수 확정 통보: 2017년 5월 4일(목) 이후 학과 게시판 및 화학과 홈페이지 공지사항 참조
6. 주의사항: 일단 졸업논문 지도교수가 배정된 후에는 중간평가 불합격 이유를 제외하고 지도교수를 바꾸는 것을 일체 불허함을 원칙으로 한다.
2017.04.13"
chemistry,2017-1학기 졸업사정 오류정정 및 이수구분 변경 접수 안내,N/A,2020.11.27,https://chem.ssu.ac.kr/%ea%b3%b5%ec%a7%80%ec%82%ac%ed%95%ad/?term_id&slug=1839,"2017-1학기 졸업사정 오류정정 및 이수구분 변경 접수 안내
2017-1학기 졸업예정자를 대상으로 한 졸업사정 오류정정 및 이수구분 변경 접수에 대해 안내하오니,
해당되는 학생은 기한내에 신청하여 주시기 바랍니다.
1. 대상자 : 2017-1학기 졸업예정자(8월 졸업예정자)
2. 접수기간 : 3.27(월) -4.5(수)까지
3. 접수방법 : 첨부된 신청서를 작성하여 졸업사정표(또는 이수구분성적표)를 첨부하여 학과사무실 제출
2017.03.28"
chemistry,17-1학기 졸업논문계획서 제출 안내,N/A,2020.11.27,https://chem.ssu.ac.kr/%ea%b3%b5%ec%a7%80%ec%82%ac%ed%95%ad/?term_id&slug=1835,"<졸업논문 계획서 제출 안내>
1. 대 상: 2018년 2월 졸업예정자(2017년 전기 졸업예정자)
2. 제 출 일: 2017년 4월 7일(금) 17:00까지 (기간 엄수!)
3. 제출장소: 화학과 사무실(베어드홀 212호)
4. 졸업 계획서 제출 시 주의사항
가. 반드시 졸업논문 계획서 양식에 맞춰서 작성해주시기 바랍니다.
(양식은 화학과 홈페이지의 “자료 및 정보 > 졸업논문 자료실” 참고)
나. 한 번 정한 졸업논문 제목은 변경이 불가하니, 신중히 결정하시기 바랍니다.
다. 지도교수님의 결재를 받은 후 학과사무실로 제출하시기 바랍니다.
(학과장님, 학장님의 결재는 받지 않으셔도 됩니다)
라. 논문연구를 수강하지 않는 학생도 논문계획서를 제출하셔야 합니다.
마. 2017년 현재 학과장님은 전근호 교수님, 학장님은 김성철 교수님 입니다.
2017.03.22"
chemistry,2017-1학기 학과근로장학생 선발 결과,N/A,2020.11.27,https://chem.ssu.ac.kr/%ea%b3%b5%ec%a7%80%ec%82%ac%ed%95%ad/?term_id&slug=1833,"17-1
학기 학과근로 장학생 선발자 근로 장소 배정
학년
학번
이름
근로장소
근로문의
장소
담당자
2
20****11
김예인
일반화학실험실
01212
김미주
2
20****19
박민선
전공실험실
2
20****36
이향미
일반화학실험실
01212
김미주
2
20****42
조민영
일반화학실험실
01212
김미주
2
20****47
지은혜
학과사무실
01212
이주희
3
20****58
김동훈
전공실험실
3
20****71
박상준
전공실험실
3
20****37
박승주
일반화학실험실
01212
김미주
3
20****50
이다경
전공실험실
3
20****64
정우영
전공실험실
3
20****66
정윤경
학과사무실
01212
이주희
4
20****45
김신익
전공실험실
4
20****49
김주봉
일반화학실험실
01212
김미주
4
20****50
김주원
일반화학실험실
01212
김미주
4
20****80
심지연
일반화학실험실
01212
김미주
4
20****84
이수민
일반화학실험실
01212
김미주
*
위의 학년은
17-1
학기 기준입니다
.
*
학과근로 장학금 수여 학생에 대한 근로 장소는 위와 같습니다
.
*
각 학과근로 장학금 수여 학생은 근로문의장소에서 조교와 미팅합니다
.
(
각 실험실로 미팅 날짜 문의 할 것
. )
*
근로학생은
3
월
2
일
(
목
)
오후
3
시에 시간표를 지참하여 학과사무실로
모여주시기 바랍니다
.
*
일반화학으로 배정받은 학생은 금요일
7
교시
(16:30)
이후 수업
(
실험수업제외
)
및 기타 개인일정을 피해주시기 바랍니다
.
2017.02.27"
chemistry,2017-1학기 백마성적우수장학생 선발 내역,N/A,2020.11.27,https://chem.ssu.ac.kr/%ea%b3%b5%ec%a7%80%ec%82%ac%ed%95%ad/?term_id&slug=1831,"2017-1학기 백마성적우수 장학생 선발 내역
장학금분류
1학년
2학년
3학년
성적우수
전액
20****56 송규민
반액
20****13 김정민
20****12 김재훈
20****10 김연재
20****54 고경수
20****51 하태용
20****64 정우영
20****55 권지수
20****71 한주희
20****57 이해주
20****51 박성민
20****75 차승상
20****50 김주원
20****58 송우용
20****44 김정원
인원수
전액
1
반액
5
5
4
* 성적우수 장학금 선발자는 휴학 시등록 휴학 해야함.
* 각 학년의 재학생수의 비율로 장학생을 선발함.
** 화학과 장학금 지급 내규 **
1) 각 학년당 재학생수를 고려하여, 수혜자수가 각 학년에 되도록 고루 분포 되게 한다.
2) 성적우수장학금-전액수혜자는 3학년 성적 우수자 중에서 우선 고려한다.
3) 성적우수장학금-반액수혜자는 각 학년의 성적 우수자 중에서 전공 취득학점(1학년은 전공기초), 평점, 순위를 고려하여 선정한다.
4) 학과 근로수혜자는 성적, 전공 취득학점(1학년은 전공기초), 가정환경, 학과기여도를 종합적으로 고려하여 선정 한다.
5) 장학생 선발 희망자는 직전학기 전공 취득학점(1학년은 전공기초)이 6학점 이상 이어야 한다.
6)장학생 선발 희망자는 반드시 국가장학금을 먼저 신청하여야한다
2017.02.21"
chemistry,2017년도 1학기 학과근로 장학생 선발 공지,N/A,2020.11.27,https://chem.ssu.ac.kr/%ea%b3%b5%ec%a7%80%ec%82%ac%ed%95%ad/?term_id&slug=1829,"2017
년도
1
학기 학과근로 장학생 선발 공지
2017년도 1학기 학과근로 장학생을 아래와 같이 선발하오니 학생들의 많은 신청 바랍니다.
1. 장학금명 : 학과근로 A, B
※ A, B로 운영여부는 학과재량 (
화학과는 B 16명 선발, B만 운영
)
2. 장학생 선발 공지 : 학과홈페이지에 학과별로 직접 공지
3. 학과근로 자격 및 선발 기준
가. 2017-1학기 한국장학재단 국가장학금 신청완료(서류제출완료)한 자
나. 2017학년도 1학기 기준 2학기~7학기 재학생
2017학년도 1학기 전 등록휴학 후 복학시 신청 불가(등록대체자)
다. 직전학기 이수학점 15학점 이상 / 성적 2.50이상 취득한 자(F포함)
라. 소속학과(부) 학생만 근로 가능
마. 교내 및 교외 타 장학금과 수업료 범위 내에서 중복 가능
바. 교내근로 및 국가근로와 중복하여 수혜할 수 없음
4. 학과근로 선발 일정
가. 학생 신청(u-Saint) 및 서류제출 : 2017. 2. 3(금) ～ 9(목) 17:00
나. 선발자 발표 : 2. 27(월) 이후 예정
다. 신청방법 : u-SAINT포털 → 등록/장학 → 장학메뉴 ‘근로장학금’ 신청’→ 학과근로B신청 (화학과에서 근무를 희망할시 반드시 학과근로로 신청,
교내근로 아님
) → 지원서 제출
라. 지원서제출방법
1) 지원서 출력시(OZ뷰어에서) 저장방법(혹은 출력방법)을 PDF로 변경하여 파일로 컴퓨터 저장
→ 저장파일을 메일로 송부(chem@ssu.ac.kr)
2) 파일 및 메일제목은 2017-1화학과근로장학생신청서_이름(학번)
5. 학과근로 장학생 운영 유의사항
가. 휴학생은 장학생의 자격이 박탈되므로, 학기 중 휴학으로 확인되는 학생의 경우 근로가 중지됨
나. 근로 포기 또는 휴학의 경우 근로장학금은 일체 지급되지 않음
2017.02.03"
chemistry,2017년 교직이수자 선발 결과 공고,N/A,2020.11.27,https://chem.ssu.ac.kr/%ea%b3%b5%ec%a7%80%ec%82%ac%ed%95%ad/?term_id&slug=1825,"2017
년 교직이수자 선발 결과 공고
본 화학과에서는 다음 아래와 같이
2017
년 교직 이수예정자를 선발하였습니다
.
아래의 학생은
1
월
20
일
(금
)
까지 방문하여
“
교직과정 이수예정자 확인서
“
를 제출해주시기 바랍니다
.
교 직 과 정 이 수 예 정 자 명 부
일련
번호
학과
(
부
)
명
성명
학번
입학
연월일
편입자
편입
연월
편입
학년
전적 학교명
1
화학과
윤재관
20****88
2013.03.01
2
화학과
박서진
20****99
2013.03.01
3
화학과
정유진
20****93
2014.03.01
4
화학과
정혜원
20****95
2014.03.01
이하여백
(
입학정원
47
명
/
승인인원
4
명
/
선발인원
4
명
)
학적상의 성명 및 주민등록번호와 실제 내용이 다른 학생은 주민등록초본을 함께 지참해주셔야 합니다
.
문의사항은 학과사무실로 연락주시기 바랍니다
.
201.01.17"
chemistry,양자나노융합전공 콜로퀴엄 안내,N/A,2020.11.27,https://chem.ssu.ac.kr/%ea%b3%b5%ec%a7%80%ec%82%ac%ed%95%ad/?term_id&slug=1823,"양자나노융합전공 콜로퀴엄 안내
양자나노융합전공 콜로퀴엄 일정을 안내해드리오니,
학생들의 많은 참여 바랍니다.
1. 일시 : 2016년 12월 1일(목) 오후 4시30분
2. 장소 : 베어드홀 103호
3. 연사 : 김민준 박사(에이치쓰리시스템)
2016.11.30"
chemistry,2017학년도 전기 대학원 수시(추가) 모집 일정 안내,N/A,2020.11.27,https://chem.ssu.ac.kr/%ea%b3%b5%ec%a7%80%ec%82%ac%ed%95%ad/?term_id&slug=1821,"2017
학년도 전기 대학원
수시
(
추가
)
모집 일정 안내
구 분
입 시 일 정
비 고
모집공고 및 상세안내
2016
년
12
월
1
일
(
목
)
∼
대학원 홈페이지
원서접수 및
서류제출
2016
년
12
월
15
일
(
목
)
∼
23
일
(
금
)
(9
일간
)
온
·
오프라인 접수
동시 진행
전형 일시
2017
년
1
월
4
일
(
수
) 10:00
∼
각 학과 지정장소
합격자 발표
2017
년
1
월
19
일
(
목
)
(
예정
)
대학원 홈페이지
정규 등록
2017
년
1
월
24
일
(
화
)
∼
25
일
(
수
)
(2
일간
)
우리은행 전국지점
※ 미리 희망 지도교수와 진학 조건 등에 대해 상의 바랍니다
.
지원 방법은 대학원 홈페이지(
http://grad.ssu.ac.kr/web/grad/index
) 참고
2016.11.15"
chemistry,2016학년도 2학기 교직과정 이수 신청 안내,N/A,2020.11.27,https://chem.ssu.ac.kr/%ea%b3%b5%ec%a7%80%ec%82%ac%ed%95%ad/?term_id&slug=1815,"2016
학년도
2
학기 교직과정 이수 신청 안내
1.
신청 대상
:
교직 설치학과
(
부
)
소속
2016-2
학기 현재
2
학년
(3
학기 혹은
4
학기
)
재학중인 학생
2.
신청 기간
: 2016.10.17.(
월
) 10:00 ~ 12.16.(
금
) 17:00
3.
신청 방법
: U-SAINT
→학사관리→교직
/
평생교육→교직이수신청 메뉴에서 직접 신청
(
홈페이지 매뉴얼 참고
)
4.
관련 안내
가
.
교직과정 전반에 관한 사항은 첨부 교직과정 안내문 참고
나
.
교직이수 신청 대상은
2016
학년도
2
학기 현재
2
학년
(3
학기 혹은
4
학기
)
재학생으로
, 5
학기 재학생은 신청 불가
다
.
교직이수자 선발은
2016
학년도
1
학기
, 2
학기 신청자 전체 를 대상으로
2
학기 겨울방학 중 학과
(
부
)
에서 실시함
라
.
선발자에게는
2016
년
2
월 중 개별 안내
문의사항은 학과사무실로 연락하시기 바랍니다
."
chemistry,졸업논문 중간보고서 제출 안내,N/A,2020.11.27,https://chem.ssu.ac.kr/%ea%b3%b5%ec%a7%80%ec%82%ac%ed%95%ad/?term_id&slug=1809,"<
졸업논문 중간보고서 제출 안내
>
1.
대 상
: 2017
년
8
월 졸업예정자 및 논문연구
2
수강자
2.
제 출 일
:
2016
년
11
월
25
일
(
금
) 17:00
까지
(
기간 엄수
!)
3.
제출장소
:
화학과 사무실
(
베어드홀
212
호
)
4.
비 고
가
.
최종 졸업논문 형식에 맞춰서 작성해주시기 바랍니다
.
(
최종 졸업논문 형식은 화학과 홈페이지의
“
자료 및 정보
>
졸업논문 자료실
”
참고
)
나
.
지도교수님의 결재를 받은 후
학과사무실에 제출해주시기 바랍니다
.
다
.
컬러로
1
부
출력하여 제출
2016.10.21"
chemistry,최종졸업논문 제출 안내,N/A,2020.11.27,https://chem.ssu.ac.kr/%ea%b3%b5%ec%a7%80%ec%82%ac%ed%95%ad/?term_id&slug=1803,"<
최종 졸업논문 제출 안내
>
1.
대 상
: 2017
년 2월 졸업예정자
2.
제 출 일
: 2016
년
10
월
28
일
(
금
) 17:00
까지
(
기간 엄수
!)
3.
제출장소
:
화학과 사무실
(
베어드홀
212
호
)
4.
졸업 논문 제출시 주의사항
가
.
머릿말 중
20**
년도 작성시
–
본인의
4
학년 현재년도로 작성
(
이번에는
2016
년으로 작성 해야함
)
나
.
컬러로 양면
출력
(
책처럼 넘기며 볼 수 있도록 출력
)
–
2
부
제출 한 부는 클립으로
,
한 부는 스템플러로 묶어서 제출
다
.
지도교수님의 확인을 받은 후 학과사무실에 제출
라
.
최종 졸업논문 형식은 화학과 홈페이지의
“
자료 및 정보
>
졸업논문 자료실
”
참조
(
이를 지키지 않을 시 졸업논문을 받아 줄 수 없습니다
.
그러므로 반드시 졸업논문 형식을 지켜주시기 바랍니다
.)"
chemistry,2016학년도 졸업앨범사진 촬영일정 안내,N/A,2020.11.27,https://chem.ssu.ac.kr/%ea%b3%b5%ec%a7%80%ec%82%ac%ed%95%ad/?term_id&slug=1799,"2016학년도 졸업앨범사진 촬영
O 졸업사진 촬영 안내
1. 일 정 : 2016년 10월28일, 31일 (2일간)
2. 장 소 : 학생회관2층 스윙겔러리
3. 촬영내용-〉 단체(그룹)사진/ 학사복촬영/ 증명/ 여권 사진
3. 촬영대상 : 재학생 (학년 상관없음)
4. 기타문의
1) 졸업앨범사(R2) 02-598-9923
2) 졸업준비위원외 02-820-0879 문의시간은 13시부터 17시까지임니다
5. 필수사항
1) 졸업앨범비 58,000원 I 졸업앨범비는 현장에서 현금 결제)
* 앨범구매없이 학사복 액자만 촬영 구입도 가능 *
2) 사진 촬영시. 사진수정과 선택 및 사진파일, 졸업앨범 수령을 위해 본인의 학과. 학번, 이름, 연락처, E-mail주소를 꼭 적어 주시길 바랍니다.
. 선택사항
1) 증명사진 (51매) – 20,000원 ( 3X4 48장 I 5X7 3장 )
(촬영기간이 끝난 후. 수정작업을 거져 증명사진 파일과 사진을 보내드립니다.)
2) 학사복액자 11R – 59,000원
3) 증명사진, 액자신청은 현장에서 안내해드립니다.
7.향후 촬영일정
1) 이번 졸업촬영은 추가 최종촬영(재촬영포함)입니다.
. 기타사항
1) 유고결석계는 지급되지 않으며, 촬영에 참가하셨다는 참가확인증은 받으실 수 있습니다.
2) 촬영용 학사모와 학사복은 구비되어있습니다.
촬영일정은 첨부파일 참조
* 개별촬영은 단체촬영시간과 무관하게 언제든지 가능합니다."
chemistry,휴일 교내 세콤 사용 신청 안내,N/A,2020.11.27,https://chem.ssu.ac.kr/%ea%b3%b5%ec%a7%80%ec%82%ac%ed%95%ad/?term_id&slug=1797,"휴일 교내 세콤 사용 신청 안내
휴일 교내 세콤 사용을 위한 신청을 다음과 같이 안내하오니
,
참고하시어 기한내 신청해 주시기 바랍니다
.
신청 기간
: 2016.9.2.(
금
) – 7(
수
) 17:00
까지
장소
:
학과사무실 방문 신청
신청 가능장소
:
베어드홀 출입문
(3
학년 이상 실험하는 학생들은 해당 실험실에 한해 신청 가능
)
세콤사용기간
:
현재 –
2017.02.28
까지
(
학기 단위로 신청
)
세콤 신청 마감 후 사용가능 기간
1-2
주 소요 예정
.
자세한 사항은 학과사무실로 문의하시기 바랍니다
.
2016.09.01"
chemistry,2016-2학기 학과근로장학생 선발 결과,N/A,2020.11.27,https://chem.ssu.ac.kr/%ea%b3%b5%ec%a7%80%ec%82%ac%ed%95%ad/?term_id&slug=1795,"16-2
학기 학과근로 장학생 선발자 근로 장소 배정
학년
근로
구분
학번
이름
근로장소
문의장소
담당자
1
B
20****36
이향미
일반화학실험
01212
김미주
1
20****42
조민영
일반화학실험
01212
김미주
1
20****47
지은혜
일반화학실험
01212
김미주
2
20****71
박상준
일반화학실험
01212
김미주
2
20****50
이다경
분석화학실험
01108
이용준
2
20****64
정우영
일반화학실험
01212
김미주
2
20****35
박민정
유기화학실험
&
공동기기실
01107
김도영
3
20****49
김주봉
학과사무실
01212
이주희
3
20****58
송우용
분석화학실험
01108
이용준
3
20****59
김명지
일반화학실험
01212
김미주
3
20****80
심지연
일반화학실험
01212
김미주
3
20****84
이수민
일반화학실험
01212
김미주
3
20****87
이지수
일반화학실험
01212
김미주
3
20****98
최은숙
일반화학실험
01212
김미주
4
20****36
권보영
일반화학실험
01212
김미주
4
20****46
김양령
학과사무실
01212
이주희
*
위의 학년은
16-2
학기 기준입니다
.
*
학과근로 장학금 수여 학생에 대한 근로 장소는 위와 같습니다
.
*
모든 근로학생은
9
월
1
일
(
목
)
오후
3
시까지 시간표를 지참하여 학과사무실로
모여주시기 바랍니다
.
*
일반화학으로 배정받은 학생은 금요일
6
교시
(15:00)
이후 수업
(
실험수업제외
)
및 기타 개인일정을 피해주시기 바랍니다
.
2016.08.31"
chemistry,2016학년도 2학기 학과근로 장학생 추가 신청 안내,N/A,2020.11.27,https://chem.ssu.ac.kr/%ea%b3%b5%ec%a7%80%ec%82%ac%ed%95%ad/?term_id&slug=1791,"2016년도 2학기 학과근로 장학생 추가 신청 안내
2016년도 2학기 학과근로 장학생을 아래와 같이 추가로 모집하오니 학생들의 많은 신청 바랍니다.
1. 장학금명 : 학과근로 A, B
※ A, B로 운영여부는 학과재량 (화학과는 B 16명 선발, B만 운영)
2. 학과근로 자격 및 선발 기준
가. 2016-2학기 한국장학재단 국가장학금 신청완료(서류제출완료)한 자
나. 2016학년도 2학기 기준 2학기~7학기 재학생
2016학년도 2학기 전 등록휴학 후 복학시 신청 불가(등록대체자)
다. 직전학기 이수학점 15학점 이상 / 성적 2.50이상 취득한 자(F포함)
라. 소속학과(부) 학생만 근로 가능
마. 교내 및 교외 타 장학금과 수업료 범위 내에서 중복 가능
바. 교내근로 및 국가근로와 중복하여 수혜할 수 없음
4. 신청 기한 : 26일(금)까지
1) 첨부된 지원서에 작성 후 자필 서명 하여 스캔 한 후 학과 이메일(
chem@ssu.ac.kr
)로 송부
2) 파일 및 메일제목은 2016-2화학과근로장학생신청서_이름(학번)
5. 학과근로 장학생 운영 유의사항
가. 휴학생은 장학생의 자격이 박탈되므로, 학기 중 휴학으로 확인되는 학생의 경우 근로가 중지됨
나. 학적변동(휴학, 자퇴, 제적 등) 및 불가피한 사유가 인정되는 중도포기시 근로한 시간만큼 장학금 수혜
2016.08.24"
chemistry,2016-2학기 성적우수장학생 선발 결과,N/A,2020.11.27,https://chem.ssu.ac.kr/%ea%b3%b5%ec%a7%80%ec%82%ac%ed%95%ad/?term_id&slug=1789,"2016-2
학기 성적우수 장학생 선발 내역
장학금
분류
1
학년
2
학년
3
학년
4
학년
성적
우수
전액
20****75
차승상
반액
20****13
김정민
20****37
이현경
20****52
한호균
20****04
김나영
20****61
장혜주
20****27
김수연
20****36
박서현
20****59
김명지
20****56
송규민
20****50
김주원
20****71
박도혜
20****77
조지훈
20****82
신효리
20****81
신혜범
20****01
정영진
인원 수
전액
1
반액
4
3
4
4
*
성적우수 장학금 선발자는 휴학 시등록 휴학 해야함
.
*
각 학년의 재학생수의 비율로 장학생을 선발함
.
**
화학과 장학금 지급 내규
**
1)
각 학년당 재학생수를 고려하여
,
수혜자수가 각 학년에 되도록 고루 분포 되게 한다
.
2)
성적우수장학금
–
전액수혜자는
3
학년 성적 우수자 중에서 우선 고려한다
.
3)
성적우수장학금
–
반액수혜자는 각 학년의 성적 우수자 중에서 전공 취득학점
(1
학년은 전공기초
),
평점
,
순위를 고려하여 선정한다
.
4)
학과 근로수혜자는 성적
,
전공 취득학점
(1
학년은 전공기초
),
가정환경
,
학과기여도를 종합적으로
고려하여 선정 한다
.
5)
장학생 선발 희망자는 직전학기
전공 취득학점
(1
학년은 전공기초
)
이
6
학점 이상
이어야 한다
.
6)
장학생 선발 희망자는 반드시
국가장학금을 먼저 신청하여야
한다
2016.08.10"
chemistry,2016학년도 2학기 학과근로 장학생 선발 안내,N/A,2020.11.27,https://chem.ssu.ac.kr/%ea%b3%b5%ec%a7%80%ec%82%ac%ed%95%ad/?term_id&slug=1787,"2016
년도 2
학기 학과근로 장학생 선발 공지
2016
년도 2학기 학과근로 장학생을 아래와 같이 선발하오니 학생들의 많은 신청 바랍니다
.
1.
장학금명
:
학과근로
A, B
※
A, B
로 운영여부는 학과재량
(
화학과는
B 16
명 선발
, B
만 운영
)
2.
장학생 선발 공지
:
학과홈페이지에 학과별로 직접 공지
3.
학과근로 자격 및 선발 기준
가
. 2016-2
학기 한국장학재단 국가장학금 신청완료
(
서류제출완료
)
한 자
나
. 2016
학년도 2학기 기준
2
학기
~7
학기 재학생
2016
학년도 2학기 전 등록휴학 후 복학시 신청 불가
(
등록대체자
)
다
.
직전학기 이수학점
15
학점 이상
/
성적
2.50
이상 취득한 자
(F
포함
)
라
.
소속학과
(
부
)
학생만 근로 가능
마
.
교내 및 교외 타 장학금과 수업료 범위 내에서 중복 가능
바
.
교내근로 및 국가근로와 중복하여 수혜할 수 없음
4.
학과근로 선발 일정
가
.
학생 신청
(u-Saint)
및 서류제출
: 2016.8.12(금) – 19
(금
) 17:00까지
나
.
선발자 발표
: 8.30(화
)
이후 예정
다
.
신청방법
: u-SAINT
포털 → 등록
/
장학 → 장학메뉴
‘
근로장학금
’
신청
’
→
학과근로
B
신청
→ 지원서 제출
라
.
지원서제출방법
1)
출력한 지원서에 자필 서명 하여 스캔 한 후 학과 이메일
(
chem@ssu.ac.kr
)
로 송부
2)
파일 및 메일제목은
2016-2
화학과근로장학생신청서
_
이름
(
학번
)
5.
학과근로 장학생 운영 유의사항
가
.
휴학생은 장학생의 자격이 박탈되므로
,
학기 중 휴학으로 확인되는 학생의 경우 근로가 중지됨
나
.
학적변동(휴학, 자퇴, 제적 등) 및 불가피한 사유가 인정되는 중도포기시 근로한 시간만큼 장학금 수혜
2016.08.08"
chemistry,한국화학융합시험연구원(KTR) 장기실습생 모집,N/A,2020.11.27,https://chem.ssu.ac.kr/%ea%b3%b5%ec%a7%80%ec%82%ac%ed%95%ad/?term_id&slug=1781,"한국화학융합시험연구원(KTR) 장기실습생 모집
한국을 대표하는 국제공인시험인증기관인 KTR가 다음과 같이 함께 일할 장기실습 학생을 모집하고자 하니, 역량 있는 화학과 학생 여러분들의 많은 지원을 기다립니다.
지원방법:
– 숭실대학교 화학과 게시판에 게시된 국문 지원서를 다운로드 작성 후 이메일 (
bongsy@ktr.or.kr
) 지원
– 지원 양식에 포함된 이력서 및 인턴관련 질의서 성실한 답변 기재요망
– *제출한 서류 및 파일은 일체 반환하지 않음
– 제출기한: 2016년 8월 4일 (목요일) 18:00시까지 이메일 제출
근무지 : 경기도 과천시 KTR 본원
채용인원 : 소재부품연구소 / 0 명
인턴기간: 2016.9.1 ~ 2017.2.28
지원자격: 숭실대학교 3학년 이상 재학 혹은 휴학 중인 학생
– 습식 분석 및 기기 분석에 관심 있는 화학, 화공 및 자연계열 전공자
혜택:
– 화학 장비 분석 및 전처리 관련 실무 업무
– 화학 분석 장비 관련 교육
– 식비 및 실습급여 제공
모집 일정:
– 2016. 8. 8 ~ 9 면접
– 2016. 8. 16 결과 발표
저희 한국화학융합시험연구원 (영어: Korea Testing & Research Institute, KTR)은 산업 전 분야에 대한 종합 시험·인증·기술컨설팅을 수행하는 국제공인시험인증기관입니다. 시험분석, 검사, 인증, 평가, 감정, 형식승인, 교정 등의 적합성평가와 적합성평가를 위한 기술·연구개발 및 표준화사업, 기술규제의 대응 및 기술·경영요소에 대한 진단·조사·심사, 평가업무, 녹색제품 및 녹색기술의 적합성평가 지원, 국내 산업체에 대한 기술혁신지원, 기술정보제공, 교육훈련 및 홍보 등의 지원사업, 상호인정을 포함한 국제협력사업 등을 통해 기업에게 양질의 시험인증 서비스를 제공하고 한국 시험인증기관의 국제경쟁력을 강화하기 위한 목적으로 2010년 7월 한국화학시험연구원과 한국전자파연구원이 통합, 한국화학융합시험연구원으로 출범한, 국가공인/국제공인의 시험인증기관입니다. 현재 KTR은 과천 본원을 비롯해 용인청사(전기전자, 전자파, LED시험인증), 인천청사(신뢰성 및 재료사업 시험평가), 울산청사(기간재 산업 시험평가), 화순청사(바이오, 헬스케어)와 권역별 주요도시 및 해외(중국, 독일, 브라질, 베트남)에 접수 및 상담을 담당하는 지사를 두고 있습니다.
자사에 관한 자세한 사항은 자사홈페이지
http://www.ktr.or.kr/
을 참조하여주시기 바랍니다.
한국화학융합시험연구원 KTR
주소 : 경기도 과천시 교육원로 98 (중앙동)
전화번호 :02) 2092-3787"
chemistry,화학과 졸업논문 포스터 발표 안내 – 시간 변경,N/A,2020.11.27,https://chem.ssu.ac.kr/%ea%b3%b5%ec%a7%80%ec%82%ac%ed%95%ad/?term_id&slug=1779,"화학과 졸업논문 포스터 발표 안내
1.
일 시
: 2016
년
5
월
12
일
(
목
)
2.
시 간
내 용
시 간
포스터 게시
11:30 ~ 15:00
포스터 발표
13:00 ~ 14:00
3.
장 소
:
베어드홀
212-1
호
(
화학과 라운지
)
앞 복도
4.
내 용
: 2016
학년도 가을학기에 졸업하는 학생들의 졸업논문 포스터 발표회가 있으니 많은 참석 바랍니다
.
2016.05.10"
chemistry,최종 졸업논문 제출 안내,N/A,2020.11.27,https://chem.ssu.ac.kr/%ea%b3%b5%ec%a7%80%ec%82%ac%ed%95%ad/?term_id&slug=1773,"<
최종 졸업논문 제출 안내
>
1.
대 상
: 2016
년
8
월 졸업예정자
2.
제 출 일
: 2016
년
5
월
20
일
(
금
) 17:00
까지
(
기간 엄수
!)
3.
제출장소
:
화학과 사무실
(
베어드홀
212
호
)
4.
졸업 논문 제출시 주의사항
가
.
머릿말 중
20**
년도 작성시
–
본인의
4
학년 현재년도로 작성
(
이번에는
2015
년으로 작성 해야함
)
나
.
컬러로 양면
출력
(
책처럼 넘기며 볼 수 있도록 출력
)
–
2
부
제출 한 부는 클립으로
,
한 부는 스템플러로 묶어서 제출
다
.
지도교수님의 확인을 받은 후 학과사무실에 제출
라
.
최종 졸업논문 형식은 화학과 홈페이지의
“
자료 및 정보
>
졸업논문 자료실
”
참조
(
이를 지키지 않을 시 졸업논문을 받아 줄 수 없습니다
.
그러므로 반드시 졸업논문 형식을 지켜주시기 바랍니다
.)"
chemistry,졸업논문 중간보고서 제출 안내 – 날짜 수정,N/A,2020.11.27,https://chem.ssu.ac.kr/%ea%b3%b5%ec%a7%80%ec%82%ac%ed%95%ad/?term_id&slug=1766,"<
졸업논문 중간보고서 제출 안내
>
1.
대 상
: 2017
년
2
월 졸업예정자 및 논문연구
2
수강자
2.
제 출 일
:
2016
년
5
월
27
일
(
금
) 17:00
까지
(
기간 엄수
!)
3.
제출장소
:
화학과 사무실
(
베어드홀
212
호
)
4.
비 고
가
.
최종 졸업논문 형식에 맞춰서 작성해주시기 바랍니다
.
(
최종 졸업논문 형식은 화학과 홈페이지의
“
자료 및 정보
>
졸업논문 자료실
”
참고
)
나
.
지도교수님의 결재를 받은 후
학과사무실에 제출해주시기 바랍니다
.
다
.
컬러로
1
부
출력하여 제출
206.05.02"
chemistry,졸업논문 지도교수 신청 – 일정 변경,N/A,2020.11.27,https://chem.ssu.ac.kr/%ea%b3%b5%ec%a7%80%ec%82%ac%ed%95%ad/?term_id&slug=1762,"<
졸업논문 지도교수 신청
>
1.
신청기간
:
2016
년
5
월
3
일
(
화
)~ 5
월 13
일
(금
)
2.
대 상
:
화학과
3
학년 전체
(2017년 8
월 졸업예정자 포함
)
3.
장 소
:
화학과 사무실
(
베어드홀
212
호
)
4.
신청 및 선정 절차
ⅰ
)
졸업논문으로 직접 실험을 수행할 것인지 또는 기존 논문들을 재검토
(review)
할 것인가를 정한다
.
ⅱ
)
교수님들과의 면담을 통해서 희망하는 지도교수를
1,2,3
지망 신청한다
.
ⅲ
)
화학과 졸업논문 신청서를 제출한다
. (
신청서는 화학과 홈페이지 공지사항 참조
)
ⅳ
)
지도교수 확정
(
희망자가 편중 될 경우 실험실별로 인원 배정이 조절될 수 있다
.)
5.
지도교수 확정 통보
: 2016
년
5
월 20일
(
금
)
이후 학과 게시판 및 화학과 홈페이지 공지사항 참조
6.
주의사항
:
일단 졸업논문 지도교수가 배정된 후에는 중간평가 불합격 이유를 제외하고 지도교수를 바꾸는 것을 일체 불허함을 원칙으로 한다
.
2016.05.02"
chemistry,졸업논문계획서 제출 안내,N/A,2020.11.27,https://chem.ssu.ac.kr/%ea%b3%b5%ec%a7%80%ec%82%ac%ed%95%ad/?term_id&slug=1758,"<
졸업논문계획서 제출 안내>
1. 대 상: 2017년 2월 졸업예정자(2016년 전기 졸업예정자)
2. 제출일: 2016년 4월 8일(금) 17:00까지 (기간 엄수!)
3. 제출장소: 화학과 사무실(베어드홀 212호)
4. 비 고
가. 논문계획서 형식은 화학과 홈페이지 “자료 및 정보” > “졸업논문 자료실” 참조
나.
지도교수님의 검사를 받은 후
학과사무실에 제출해 주시기 바랍니다.
다. 논문연구를 수강하지 않는 학생도 논문계획서를 제출해야 합니다.
라. 2016년 현재 학과장님은 전근호 교수님, 학장님은 김성철 교수님 입니다.
2016.04.04"
chemistry,2016-1학기 컴퓨터 활용 관련 자격증 제출 안내,N/A,2020.11.27,https://chem.ssu.ac.kr/%ea%b3%b5%ec%a7%80%ec%82%ac%ed%95%ad/?term_id&slug=1754,"2016-1학기 컴퓨터 활용 관련 자격증(졸업요건) 제출 안내
1.
내 용
:
학칙 제
46
조에 따라
2014
학년도 입학자부터는 졸업 시까지 컴퓨터 활용 관련 자격증을
2
개 이상 취득하여야 합니다
.
2.
대 상 (기제출자 제외)
가
. 2014
학년도 이후 신입학자
나
. 2016
학년도 이후 편입학자
다
.
계약학과 제외
3.
제출기간
:
2016. 4. 4.(
월
) ~ 2016. 4. 15.(
금
)
4.
제출방법
:
소정기간 내 소속학과
(
부
)
사무실에 자격증 원본 및 사본 제출
(
대조 후 원본반환 가능
)
5.
유의사항
가
.
첨부의 학과
(
부
)
별 인정가능
(
또는 불가능
)
한 자격증 리스트에 유의하시기 바랍니다
.
나
.
Mos Excel expert
자격증을 반드시 포함
하여
2
가지 자격증을 모두 취득한 후
8
학기 이전까지 제출을 완료하여야 합니다
.
다
.
본 졸업요건은 교양필수 학점 및 컴퓨터활용 자격증 관련 과목
(
스프레드시트고급활용
,
숭실사이버대 컴퓨터활용자격증취득과정 등
)
과 관련이 없습니다
.
1)
컴퓨터활용 자격증 관련 과목을 수강하였어도 자격증 제출 기한 내 제출하지 않을 경우 본 졸업요건을 충족한 것으로 인정하지 않습니다
.
2)
컴퓨터활용 자격증 관련 과목을 수강하지 않은 경우 해당 자격증 제출만으로 학점인정은 불가합니다
."
chemistry,2016-1학기 졸업사정 오류정정 및 이수구분 변경 신청 안내,N/A,2020.11.27,https://chem.ssu.ac.kr/%ea%b3%b5%ec%a7%80%ec%82%ac%ed%95%ad/?term_id&slug=1750,"2016-1학기 졸업사정 오류정정 및 이수구분 변경 신청 안내
2016-1학기 졸업예정자에 대한 졸업사정 오류정정/이수구분 변경 신청 및 졸업사정 일정을 아래와 같이 안내합니다.
■ 졸업사정 오류정정/ 이수구분 변경 신청
1. 대상자 :
2016
년
8
월 졸업예정인 재학생
(현재 8학기 이상 이수중인 학생/건축학전공은 10학기 이상)
2. 신청기간 :
2016. 4. 1.(
금
) ~ 2016. 4. 12.(
화
)
3. 신청방법
가. u-SAINT 접속 → 학사관리 → 성적/졸업 →
졸업사정표
(
졸업예정자
)
조회 및 출력
나. 확인 후 오류사항이 있는 경우 오류정정/이수구분 변경 신청서를 작성하여 졸업사정표 및 이수구분별 성적표와 함께
각
학과
(
부
)
사무실
로 제출
(양식 첨부 참조)
4. 유의사항
가. 수강신청 내역, 다전공포기 승인 결과 등이 반영된 졸업사정표를 확인한 후 오류정정 신청을 하시기 바랍니다.(졸업사정일자: 2016.3.28.~2016.3.30.)
나. 신청 시 과목번호, 이수연도 및 학기를 U-saint에서 정확히 확인하고 신청하시기 바랍니다(정확하지 않을 경우 변경처리 되지 않음).
다. 졸업사정표는 수강신청 내역 등을 실시간으로 반영하지 않고 졸업사정표
오른쪽 상단의 졸업사정일자
기준으로 반영된 내용이므로 유의바랍니다.
라. 공학인증 관련 졸업사정 결과 확인은 공학교육혁신센터의 안내에 따라 진행하시기 바랍니다.
5. 오류 및 이수구분 변경 가능 유형
가. 이수구분 오류 : 과목을 수강한 시점 기준의 이수구분으로 인정되는 것이 원칙이며 재수강으로 이수구분이 변경된 경우에는 학과(부)에 확인
나. 전공필수 졸업요건 예외처리 : 과목 폐지나 교과과정 변경 등으로 과목이수가 불가능한 경우 등에 한하여 예외처리 가능 여부를 학과(부)에 확인
다. 재수강, 중복수강 처리 오류 : 재수강 신청을 하였는데 정상적으로 처리되지 않은 경우, 학사팀에 확인 후 오류정정 처리
라. 동일한 과목의 중복(이중) 인정
1) 주전공 및 다전공 학점으로 이미 인정받은 교과목은 다른 다전공에서 중복 인정되지 않는 것이 원칙이며 중복으로 인정되고 있는 경우 학사팀 확인 후 이수구분 변경 신청
2) 다전공의 필수과목(복필, 부필)과 주전공의 필수과목(전기, 전필 등)이 중복되는 경우 : 학과(부)에 확인 후 다전공 필수 학점(졸업요건)에 대해 예외처리 가능(단, 다전공 필수 학점에 대해서만 예외처리 하므로 다전공의 총이수학점은 다른 과목으로 이수해야함)
3) 융합전공 구성 학과(부) 소속으로 융합전공 이수를 승인 받은 학생이 융합전공선택 교과목을 이수한 경우 21학점 이내에서 주전공의 전공선택으로 중복 인정 가능
마. 다전공 이수 관련
1) 다전공을 이수하고 있는데 졸업사정표에 나오지 않거나 포기하였는데 졸업사정표에 나오는 경우
2) 다전공 이수학점 오류 등
바. 편입 및 전과 학점인정 결과 오류 : 학과 확인 후 오류정정 신청
사. 교양선택 이수학점 오류
1)
2006 ~ 2008
학년도 입학자
중 교양필수와 교양선택을 입학 당시의 기준대로 이수하였으나 졸업요건 변경으로 인해 교양선택의 졸업요건이 Fail로 나오는 경우(하단 참조)
2) 2006 ~ 2008학년도 입학자 당시 기준 교양 이수학점: 교양필수 14학점, 교양선택 21학점(인문대, 법대, 사회대) 또는 15학점(자연대, 경통대, 경영대, 공대, IT대)
3) 현재 2006 ~ 2008학년도 교양 이수학점: 교양필수 12학점, 교양선택 23학점(인문대, 법대, 사회대) 또는 17학점(자연대, 경통대, 경영대, 공대, IT대)
아.
교양필수 이수구분 변경 가능 과목
1) 스프레드시트 고급활용(21506637/교양선택) 또는 컴퓨터활용자격증 취득과정 MOS Excel(50292117/일반선택)을 수강한 경우, 컴퓨터활용1을 대체하여 교양필수로 이수구분 변경 가능(
대체 인정이므로 컴퓨터활용
1
을 수강한 경우 이수구분 변경 불가
)
2) 컴퓨터활용자격증 취득과정 MOS Powerpoint(50278590/일반선택)을 수강한 경우, 컴퓨터활용2를 대체하여 교양필수로 이수구분 변경 가능(
대체 인정이므로 컴퓨터활용
2
을 수강한 경우 이수구분 변경 불가
)
3) 2009년 개설된 섬김의리더십 이론과실천(교양선택)을 이수한 경우 교양필수로 이수구분 변경 가능
4) 위 과목의 이수구분 변경은 2013학년도 이전 입학자에 한함
자. 대학원 과목을 수강하여 학부 전공학점으로 인정이 필요한 경우
(* 학사팀에서 일괄 변경예정이며 누락된 경우 별도의 신청 요망)
차. 타 학과(부) 전공(필수/선택) 인정(학사 공지사항 참조)
1) 다전공 이수자 인정 불가
2) 전공기초 인정 불가
3) 2016-1학기부터 수강한 과목에 대하여 인정(2015-2학기 까지 이수한 과목 인정 불가)
■ 졸업사정 일정
1. 2016.4.1.(금) ~ 2016.4.12.(화) : 졸업사정 결과 확인 및 오류정정 신청 (학생)
2. 2016.4.15.(금) : 접수된 내용을 정리하여 학사팀으로 전달 (각 학과사무실)
3. 2016.4.22.(금) : 수정작업 완료 및 졸업사정표 반영 (학사팀)
4. 2016.4.25.(월) ~ 2015.4.29.(금) : 수정 결과 확인 및 이의 신청 (학생)
*졸업사정표를 재확인하고 신청결과가 반영되지 않았을 경우 학사팀을 방문하여 재확인
5. 추후 졸업사정 업데이트 계획
가. 정규학기 성적처리 후 졸업사정 업데이트
나. 계절제 수업 성적처리 후 졸업사정 업데이트
붙 임 : 졸업사정 오류정정, 이수구분 변경 신청서 1부. 끝.
2016. 3.
교 무 처 장
2016.04.01"
chemistry,휴일 교내 세콤 사용 신청 안내,N/A,2020.11.27,https://chem.ssu.ac.kr/%ea%b3%b5%ec%a7%80%ec%82%ac%ed%95%ad/?term_id&slug=1748,"휴일 교내 세콤 사용 신청 안내
휴일 교내 세콤 사용을 위한 신청을 다음과 같이 안내하오니
,
참고하시어 기한내 신청해 주시기 바랍니다
.
신청 기간
: 2016.3.3.(목
) – 8(화
) 17:00
까지
장소
:
학과사무실 방문 신청
신청 가능장소
:
베어드홀 출입문
(3
학년 이상 실험하는 학생들은 해당 실험실에 한해 신청 가능
)
세콤사용기간
:
현재 –
2016.8.31.
까지
(
학기 단위로 신청
)
세콤 신청 마감 후 사용가능 기간까지
1
주일 정도 소요예정
.
자세한 사항은 학과사무실로 문의하시기 바랍니다
.
2016.03.03"
chemistry,2016-1학기 학과근로장학생 선발 결과 – 3/3수정,N/A,2020.11.27,https://chem.ssu.ac.kr/%ea%b3%b5%ec%a7%80%ec%82%ac%ed%95%ad/?term_id&slug=1746,"16-1
학기 학과근로 장학생 선발자 근로 장소 배정
학년
근로
구분
학번
이름
근로장소
근로문의
장소
담당자
2
B
20****25
김나현
일반화학실험
01212
김미주
2
20****40
서주연
일반화학실험
01212
김미주
3
20****36
권보영
일반화학실험
01212
김미주
3
20****49
김주봉
일반화학실험
01212
김미주
3
20****71
박도혜
무기화학실험
01220
노경규
3
20****80
심지연
일반화학실험
01212
김미주
3
20****84
이수민
유기화학실험
&
공동기기실
01224
구혜린
3
20****87
이지수
학과사무실
01212
이주희
3
20****98
최은숙
일반화학실험
01212
김미주
3
20****88
이지영
물리화학실험
01108
이용준
3
20****90
이희진
물리화학실험
01108
이용준
4
20****46
김태인
일반화학실험
01212
김미주
4
20****54
백가영
학과사무실
01212
이주희
4
20****62
김선홍
학과사무실
01212
이주희
4
20****70
민소정
유기화학실험
&
공동기기실
01224
구혜린
4
20****81
신혜범
일반화학실험
01212
김미주
4
20****03
조유진
무기화학실험
01220
노경규
4
20****05
한은서
일반화학실험
01212
김미주
*
위의 학년은
16-1
학기 기준입니다
.
*
학과근로 장학금 수여 학생에 대한 근로 장소는 위와 같습니다
.
*
각 학과근로 장학금 수여 학생은 근로문의장소에서 조교와 미팅합니다
.
(
각 실험실로 미팅 날짜 문의 할 것
. )
*
일반화학실험으로 배정된 근로학생은
3
월
3
일
(
목
)
오후
3
시까지 시간표를 지참하여 학과사무실로
모여주시기 바랍니다
.
*
일반화학으로 배정받은 학생은 금요일
7
교시
(16:30)
이후 수업
(
실험수업제외
)
및 기타 개인일정을 피해주시기 바랍니다
."
chemistry,2016-1학기 백마성적우수장학생 선발 결과 안내,N/A,2020.11.27,https://chem.ssu.ac.kr/%ea%b3%b5%ec%a7%80%ec%82%ac%ed%95%ad/?term_id&slug=1744,"2016-1학기 성적우수 장학생 선발 내역
2016-1학기 성적우수 장학생 선발결과를
파일로 첨부오니, 참고하시기 바랍니다.
* 성적우수 장학금 선발자는 휴학 시 등록휴학 해야함.
* 각 학년의 재학생수의 비율로 장학생을 선발함.
** 화학과 장학금 지급 내규 **
1) 각 학년당 재학생수를 고려하여, 수혜자수가 각 학년에 되도록 고루 분포 되게 한다.
2) 성적우수장학금-전액수혜자는 3학년 성적 우수자 중에서 우선 고려한다.
3) 성적우수장학금-반액수혜자는 각 학년의 성적 우수자 중에서 전공 취득학점(1학년은 전공기초),
평점, 순위를 고려하여 선정한다.
4) 학과 근로수혜자는 성적, 전공 취득학점(1학년은 전공기초), 가정환경, 학과기여도를 종합적으로
고려하여 선정 한다.
5) 장학생 선발 희망자는 직전학기 전공 취득학점(1학년은 전공기초)이 6학점 이상 이어야 한다.
6)장학생 선발 희망자는 반드시 국가장학금을 먼저 신청하여야한다.
2016.02.19"
chemistry,2016학년도 1학기 학과근로 장학생 선발 안내,N/A,2020.11.27,https://chem.ssu.ac.kr/%ea%b3%b5%ec%a7%80%ec%82%ac%ed%95%ad/?term_id&slug=1742,"2016
년도 1
학기 학과근로 장학생 선발 공지
2016
년도 1학기 학과근로 장학생을 아래와 같이 선발하오니 학생들의 많은 신청 바랍니다
.
1.
장학금명
:
학과근로
A, B
※
A, B
로 운영여부는 학과재량
(
화학과는
B 18
명 선발
, B
만 운영
)
2.
장학생 선발 공지
:
학과홈페이지에 학과별로 직접 공지
3.
학과근로 자격 및 선발 기준
가
. 2016-1
학기 한국장학재단 국가장학금 신청완료
(
서류제출완료
)
한 자
나
. 2016
학년도 1학기 기준
2
학기
~7
학기 재학생
2016
학년도 1학기 전 등록휴학 후 복학시 신청 불가
(
등록대체자
)
다
.
직전학기 이수학점
15
학점 이상
/
성적
2.50
이상 취득한 자
(F
포함
)
라
.
소속학과
(
부
)
학생만 근로 가능
마
.
교내 및 교외 타 장학금과 수업료 범위 내에서 중복 가능
바
.
교내근로 및 국가근로와 중복하여 수혜할 수 없음
4.
학과근로 선발 일정
가
.
학생 신청
(u-Saint)
및 서류제출
: 2016.2.
19(금
) 17:00까지
나
.
선발자 발표
: 2.29(월
)
이후 예정
다
.
신청방법
: u-SAINT
포털 → 등록
/
장학 → 장학메뉴
‘
근로장학금
’
신청
’
→
학과근로
B
신청
→ 지원서 제출
라
.
지원서제출방법
1)
출력한 지원서에 자필 서명 하여 스캔 한 후 학과 이메일
(
chem@ssu.ac.kr
)
로 송부
2)
파일 및 메일제목은
2016-1
화학과근로장학생신청서
_
이름
(
학번
)
5.
학과근로 장학생 운영 유의사항
가
.
휴학생은 장학생의 자격이 박탈되므로
,
학기 중 휴학으로 확인되는 학생의 경우 근로가 중지됨
나
.
학적변동(휴학, 자퇴, 제적 등) 및 불가피한 사유가 인정되는 중도포기시 근로한 시간만큼 장학금 수혜
2016.02.15"
chemistry,2016년 교직이수자 선발 결과 공고,N/A,2020.11.27,https://chem.ssu.ac.kr/%ea%b3%b5%ec%a7%80%ec%82%ac%ed%95%ad/?term_id&slug=1737,"2016
년 교직이수자 선발 결과 공고
본 화학과에서는 다음 아래와 같이
2016
년 교직 이수예정자를 선발하였습니다
.
아래의 학생은
1
월
22
일
(금
)
까지 방문하여
“
교직과정 이수예정자 확인서
“
를 제출해주시기 바랍니다
.
교 직 과 정 이 수 예 정 자 명 부
일련
번호
학과
(
부
)
명
성명
학번
입학
연월일
편입자
편입
연월
편입
학년
전적 학교명
1
화학과
김명지
20****59
2
화학과
박도혜
20****71
3
화학과
이지수
20****87
4
화학과
최은숙
20****98
이하여백
(
입학정원
47
명
/
승인인원
4
명
/
선발인원
4
명
)
학적상의 성명 및 주민등록번호와 실제 내용이 다른 학생은 주민등록초본을 함께 지참해주셔야 합니다
.
문의사항은 학과사무실로 연락주시기 바랍니다
.
2016.01.20"
chemistry,자연과학대학 융합세미나 안내,N/A,2020.11.27,https://chem.ssu.ac.kr/%ea%b3%b5%ec%a7%80%ec%82%ac%ed%95%ad/?term_id&slug=1733,"자연과학대학 융합세미나 안내
자연과학대학에서 주최하는 융합세미나 일정을 안내하오니, 학생들의 많은 관심 바랍니다.
1. 일시 : 2015년 11월 11일(수) 오후 4시30분
2. 장소 : 베어드홀 102호
3. 연사 : 이정모(서대문 자연사박물관장)
4. 주제 : 공생 멸종 진화 – 여섯 번째 대멸종에서 살아남기
2015.11.05"
chemistry,졸업논문 중간보고서 제출 안내,N/A,2020.11.27,https://chem.ssu.ac.kr/%ea%b3%b5%ec%a7%80%ec%82%ac%ed%95%ad/?term_id&slug=1727,"<
졸업논문 중간보고서 제출 안내
>
1.
대 상
: 2016
년
8
월 졸업예정자 및 논문연구
2
수강자
2.
제 출 일
: 2015
년
11
월
27
일
(
금
) 17:00
까지
(
기간 엄수
!)
3.
제출장소
:
화학과 사무실
(
베어드홀
212
호
)
4.
비 고
가
.
최종 졸업논문 형식에 맞춰서 작성해주시기 바랍니다
.
(
최종 졸업논문 형식은 화학과 홈페이지의
“
자료 및 정보
>
졸업논문 자료실
”
참고
)
나
.
지도교수님의 결재를 받은 후
학과사무실에 제출해주시기 바랍니다
.
다
.
컬러로
1
부
출력하여 제출"
chemistry,최종 졸업논문 제출 안내,N/A,2020.11.27,https://chem.ssu.ac.kr/%ea%b3%b5%ec%a7%80%ec%82%ac%ed%95%ad/?term_id&slug=1721,"<
최종 졸업논문 제출 안내
>
1.
대 상
: 2016
2
월 졸업예정자
2.
제 출 일
: 2015
년
10
월 30금
) 17:00
까지
(
기간 엄수
!)
3.
제출장소
:
화학과 사무실
(
베어드홀
212
호
)
4.
졸업 논문 제출시 주의사항
가
.
머릿말 중
20**
년도 작성시
–
본인의
4
학년 현재년도로 작성
(
이번에는
2015
년으로 작성 해야함
)
나
.
컬러로 양면
출력
(
책처럼 넘기며 볼 수 있도록 출력
)
–
2
부
제출 한 부는 클립으로
,
한 부는 스템플러로 묶어서 제출
다
.
지도교수님의 확인을 받은 후 학과사무실에 제출
라
.
최종 졸업논문 형식은 화학과 홈페이지의
“
자료 및 정보
>
졸업논문 자료실
”
참조
(
이를 지키지 않을 시 졸업논문을 받아 줄 수 없습니다
.
그러므로 반드시 졸업논문 형식을 지켜주시기 바랍니다
.)"
chemistry,화학과 졸업논문 포스터 발표 안내 – 시간 변경,N/A,2020.11.27,https://chem.ssu.ac.kr/%ea%b3%b5%ec%a7%80%ec%82%ac%ed%95%ad/?term_id&slug=1719,"물리
–
화학과 졸업논문 포스터 발표 안내
1.
일 시
: 2015
년
10
월
8
일
(
목
)
2.
시 간
내 용
시 간
포스터 게시 및 발표
15:00 ~ 17:00
우수논문포스터상 및 행운권 추첨
17:00 ~ 17:30
포스터 판넬 및 주변 정리
17:30 ~ 17:50
3.
장 소
:
베어드홀
103
호
4.
내 용
–
포스터 판넬에 포스터 부착 시 양면테이프 금지
(
일반 테이프 사용
)
–
학과에서 제공하는 테이프 및 가위의 양
(
박스테이프
: 5
개
,
가위
: 6
개
)
은 한정되어 있으니 되도록 본인이 지참해 오시기 바랍니다
.
–
포스터 번호 순서는 포스터 발표 전 날 학과게시판에 공지
–
본인이 사용한 포스터 판넬 정리 및 주변 정리는 본인이 책임집니다
.
–
행운권은 물리
,
화학과 학생이면 누구나 참석 가능합니다
. (
대학원생 제외
–
행운의 기회를 학부생에게 양보해주세요
^^)
단
,
행운권 추첨 시 자리에 없으면 무효가 되므로 반드시 자리를 지켜주세요
.
–
물리
,
화학과 학생들의 많은 참석 부탁드립니다
.
2015.09.24"
chemistry,졸업논문 계획서 제출 안내,N/A,2020.11.27,https://chem.ssu.ac.kr/%ea%b3%b5%ec%a7%80%ec%82%ac%ed%95%ad/?term_id&slug=1717,"<
졸업논문계획서 제출 안내>
1. 대 상: 2016년 8월 졸업예정자(2015년 후기 졸업예정자)
2. 제출일: 2015년 9월 25일(금) 17:00까지 (기간 엄수!)
3. 제출장소: 화학과 사무실(베어드홀 212호)
4. 비 고
가. 논문계획서 형식은 화학과 홈페이지 “자료 및 정보” > “졸업논문 자료실” 참조
나.
지도교수님의 검사를 받은 후
학과사무실에 제출해 주시기 바랍니다.
다. 논문연구를 수강하지 않는 학생도 논문계획서를 제출해야 합니다.
라. 2015년 현재 학과장님은 양진국 교수님, 학장님은 신권수 교수님 입니다.
2015.09.21"
chemistry,양자나노융합전공 교수-학생 학술간담회 안내,N/A,2020.11.27,https://chem.ssu.ac.kr/%ea%b3%b5%ec%a7%80%ec%82%ac%ed%95%ad/?term_id&slug=1713,"양자나노융합전공 교수-학생 학술간담회 안내
양자나노융합전공 교수-학생 학술간담회 일정을 안내하오니,
양자나노융합전공 학생들은 반드시 참석하여 주시기 바랍니다.
1. 일시 : 2015년 9월 24일(목) 콜로퀴엄 이후
2. 장소 : 베어드홀 103호
교수님과 함께 식사 하며,
양자나노융합전공에 관하여 허심탄회한 대화의 자리가 마련 될 예정이오니,
학생들의 많은 관심을 부탁드립니다."
chemistry,2015-2학기 졸업사정 오류정정/이수구분 변경 신청 안내,N/A,2020.11.27,https://chem.ssu.ac.kr/%ea%b3%b5%ec%a7%80%ec%82%ac%ed%95%ad/?term_id&slug=1709,"2015-2학기 졸업사정 오류정정/이수구분 변경 신청 안내
2015-2
학기 졸업예정자에 대한 졸업사정 오류정정
/
이수구분 변경 신청 및 졸업사정 일정을 아래와 같이 안내합니다
.
■ 졸업사정 오류정정
/
이수구분 변경 신청
1.
대상자
:
2016
년
2
월 졸업예정자
(
현재
8
학기 이상 이수중인 학생
)
2.
신청기간
:
2015. 9. 30.(
수
) ~ 2015. 10. 8.(
목
)
3.
신청방법
가
. u-SAINT
접속 → 학사관리 → 성적
/
졸업 →
졸업사정표
(
졸업예정자
)
조회 및 출력
나
.
확인 후 오류사항이 있는 경우 오류정정
/
이수구분 변경 신청서를 작성하여 졸업사정표와 함께
각
학과
(
부
)
사무실
로 제출
(
양식 첨부 참조
)
4.
유의사항
가
.
수강신청 내역
,
다전공포기 승인 결과 등이 반영된 졸업사정표를 확인한 후 오류정정 신청을 하시기 바랍니다
.
나
.
신청 시 과목번호
,
이수연도 및 학기를
U-saint
에서 정확히 확인하고 신청하시기 바랍니다
(
정확하지 않을 경우 변경처리 되지 않음
).
다
.
졸업사정표는 졸업시뮬레이션과 달리 수강신청 내역 등을 실시간으로 반영하지 않고 졸업사정표
오른쪽 상단의 졸업사정일자
기준으로 반영된 내용이므로 유의바랍니다
.
라
.
다전공
(
복수전공
,
부전공
)
에 대한 오류정정은 다전공 학과
(
부
)
로 신청바랍니다
.
마
.
공학인증 관련 졸업사정 결과 확인은 공학교육혁신센터의 안내에 따라 진행하시기 바랍니다
.
5.
오류 및 이수구분 변경 가능 유형
가
.
이수구분 오류
:
과목을 수강한 시점 기준의 이수구분으로 인정되는 것이 원칙이며 재수강으로 이수구분이 변경된 경우에는 학과
(
부
)
에 확인
나
.
전공필수 졸업요건 예외처리
:
과목 폐지나 교과과정 변경 등으로 과목이수가 불가능한 경우 등에 한하여 예외처리 가능 여부를 학과
(
부
)
에 확인
다
.
재수강
,
중복수강 처리 오류
:
재수강 신청을 하였는데 정상적으로 처리되지 않은 경우
,
학사팀에 확인 후 오류정정 처리
라
.
동일한 과목의 중복
(
이중
)
인정 오류
1)
주전공에서 인정된 과목이 다전공에서 중복 인정되지 않는 것이 원칙이며 중복으로 인정되고 있는 경우 학사팀 확인 후 이수구분 변경 신청
2)
다전공의 필수과목
(
복필
,
부필
)
과 주전공의 필수과목
(
전기
,
전필 등
)
이 중복되는 경우
:
학과
(
부
)
에 확인 후 다전공 필수 학점
(
졸업요건
)
에 대해 예외처리 가능
마
.
다전공 이수 관련 오류
1)
다전공을 이수하고 있는데 졸업사정표에 나오지 않거나 포기하였는데 졸업사정표에 나오는 경우
2)
다전공 이수학점 오류 등
바
.
편입 및 전과 학점인정 결과 오류
:
학과 확인 후 오류정정 신청
사
.
교양선택 이수학점 오류
:
2006 ~ 2008
학년도 입학자
중 교양필수와 교양선택을 입학 당시의 기준대로 이수하였으나 졸업요건 변경으로 인해 교양선택의 졸업요건이
Fail
로 나오는 경우
아
.
교양필수 이수구분 변경 가능 과목
1)
스프레드시트 고급활용
(21506637/
교양선택
)
또는 컴퓨터활용자격증 취득과정
MOS Excel(50292117/
일반선택
)
을 수강한 경우
,
컴퓨터활용
1
을 대체하여 교양필수로 이수구분 변경 가능
(
대체 인정이므로 컴퓨터활용
1
을 수강한 경우 이수구분 변경 불가
)
2)
컴퓨터활용자격증 취득과정
MOS Powerpoint(50278590/
일반선택
)
을 수강한 경우
,
컴퓨터활용
2
를 대체하여 교양필수로 이수구분 변경 가능
(
대체 인정이므로 컴퓨터활용
2
을 수강한 경우 이수구분 변경 불가
)
3) 2009
년 개설된 섬김의리더십 이론과실천
(
교양선택
)
을 이수한 경우 교양필수로 이수구분 변경 가능
4)
위 과목의 이수구분 변경은
2013
학년도 이전 입학자에 한함
자
.
대학원 과목을 수강하여 학부 전공학점으로 인정이 필요한 경우
(*
학사팀에서 일괄 변경예정이며 누락된 경우 별도의 신청 요망
)
■ 졸업사정 일정
1. 2015.9.30.(
수
) ~ 2015.10.8.(
목
) :
졸업사정 결과 확인 및 오류정정 신청
(
학생
)
2. 2015.10.14.(
수
) :
접수된 내용을 정리하여 학사팀으로 전달
(
각 학과사무실
)
3. 2015.10.21.(
수
) :
수정작업 완료 및 졸업사정표 반영
(
학사팀
)
4. 2015.10.26.(
월
) ~ 2015.10.30.(
금
) :
수정 결과 확인 및 이의 신청
(
학생
)
*
졸업사정표를 재확인하고 신청결과가 반영되지 않았을 경우 학사팀을 방문하여 재확인
5.
추후 졸업사정 업데이트 계획
가
.
정규학기 성적처리 후 졸업사정 업데이트
나
.
계절제 수업 성적처리 후 졸업사정 업데이트
*
졸업관련 문의
: sos
게시판 및 전화
(02-820-0152)"
chemistry,휴일 교내 건물 출입 신청(SECOM) 안내,N/A,2020.11.27,https://chem.ssu.ac.kr/%ea%b3%b5%ec%a7%80%ec%82%ac%ed%95%ad/?term_id&slug=1707,"휴일 교내 건물 출입 신청
(SECOM)
안내
2015
학년도 2학기 휴일 교내 건물 출입 신청
(SECOM)
절차를 안내해드리오니
,
해당하는 학생들은 신청하여 주시기 바랍니다
.
1. 신청기간
: 2015
년 9월 4일
(금
)
까지
2. 신청방법
:
학과사무실 방문하여 신청서 작성
3. 유의사항
이번 기간에 신청 시 9월 15일 이후부터 사용 가능 예정
실험실 출입문 신청은 해당 실험실에서 실험하는 학부생
(
대학원생
)
만 신청 가능
*
기간이 지난 후 신청을 받지 않으니
,
반드시 기간 내에 신청하여 주시기 바랍니다
.
문의사항은 학과사무실로 연락주시기 바랍니다
.
2015.09.01"
chemistry,양자나노융합전공 추가신청 안내 – 기간 연장(11일까지),N/A,2020.11.27,https://chem.ssu.ac.kr/%ea%b3%b5%ec%a7%80%ec%82%ac%ed%95%ad/?term_id&slug=1701,"양자나노융합전공 추가신청 안내
<양자나노융합전공> 신청 일정 및 절차를 안내해드리오니, 학생들의 많은 신청 바랍니다.
1. 대상 : 화학과에 재학 중인 2, 3학년 학생 (2015-1학기에 2-6학기 재학)
2. 일정
⓵ 신청 및 선발 기간 : 9.1(화) – 9.11(금) 16:00
3. 신청방법
⓵ 첨부된 신청서를 다운로드 하여 작성
⓶ 작성한 신청서를 학과사무실로 제출
4. 유의사항
⓵ 융합전공 신청학생은 15-2학기에 개설되는 융합공통 필수과목 1강좌 (양자나노소재)와
융합 지정과목 1강좌 (전자회로 또는 유기화학2)를  수강 신청해야 함.
⓶ 이번 신청은 본 신청이므로, 반드시 신청해야 융합전공을 이수할 수  있음.
5. 졸업혜택 : 졸업 시 양자나노 융합전공 이수병기
함께 첨부된 “융합전공안내”파일을 반드시 확인 후 숙지하시기 바랍니다."
chemistry,2015-2학기 학과근로장학생 선발 결과 – 수정(9/1),N/A,2020.11.27,https://chem.ssu.ac.kr/%ea%b3%b5%ec%a7%80%ec%82%ac%ed%95%ad/?term_id&slug=1699,"15-2
학기 학과근로 장학생 선발자 근로 장소 배정
학년
근로
구분
학번
이름
근로장소
근로문의장소
담당자
1
B
20****25
김나현
학과사무실
01212
이주희
1
20****40
서주연
학과사무실
01212
이주희
2
20****38
권전형
분석화학실험
01108
이용준
2
20****50
김주원
일반화학실험
01212
김미주
2
20****58
송우용
일반화학실험
01212
김미주
2
20****56
김건룡
일반화학실험
01212
김미주
2
20****77
서아현
일반화학실험
01212
김미주
2
20****80
심지연
일반화학실험
01212
김미주
2
20****87
이지수
일반화학실험
01212
김미주
2
20****96
조현우
일반화학실험
01212
김미주
2
20****98
최은숙
일반화학실험
01212
김미주
2
20****00
한소진
일반화학실험
01212
김미주
3
20****37
김경준
분석화학실험
01108
이용준
3
20****54
백가영
학과사무실
01212
이주희
3
20****70
민소정
일반화학실험
01212
김미주
3
20****79
송하경
일반화학실험
01212
김미주
3
20****82
신효리
일반화학실험
01212
김미주
3
20****05
한은서
유기화학실험
,
공동기기실
01224
구혜린
*
위의 학년은
15-2
학기 기준입니다
.
*
학과근로 장학금 수여 학생에 대한 근로 장소는 위와 같습니다
.
*
각 학과근로 장학금 수여 학생은 근로문의장소에서 조교와 미팅합니다
.
(
각 실험실로 미팅 날짜 문의 할 것
. )
*
학과사무실로 배정된 근로학생은
9
월
3
일
(
목
)
오후
3
시까지 시간표를 지참하여 학과사무실로
모여주시기 바랍니다
.
*
일반화학으로 배정받은 학생은 금요일
7
교시
(16:30)
이후 수업
(
실험수업제외
)
및 기타 개인일정을 피해주시기 바랍니다
.
2015.08.27"
chemistry,2015-2학기 백마성적우수 장학생 선발 내역,N/A,2020.11.27,https://chem.ssu.ac.kr/%ea%b3%b5%ec%a7%80%ec%82%ac%ed%95%ad/?term_id&slug=1697,"2015-2
학기 백마성적우수 장학생 선발 내역
장학금
분류
1
학년
2
학년
3
학년
4
학년
성
적
우
수
전액
20****01 정영진
반액
20****36 박서현
20****61 장혜주
20****42 송주원
20****59 장창현
20****76 백수정
20****50 김주원
20****60 김승연
20****61 오종범
20****77 조지훈
20****81 신혜범
20****58 신보람
20****48 김준기
20****35 고은송
20****88 최정희
인
원
수
전액
1
반액
4
4
2
4
*
성적우수 장학금 선발자는 휴학 시 등록 휴학 해야 함.
*
각 학년의 재학생수의 비율로 장학생을 선발함.
**
화학과 장학금 지급 내규 **
1) 각 학년당 재학생수를 고려하여, 수혜자수가 각 학년에 되도록 고루 분포 되게 한다.
2) 성적우수장학금-전액수혜자는 3학년 성적 우수자 중에서 우선 고려한다.
3) 성적우수장학금-반액수혜자는 각 학년의 성적 우수자 중에서 전공 취득학점(1학년은 전공기초),
평점, 순위를 고려하여 선정한다.
4) 학과 근로수혜자는 성적, 전공 취득학점(1학년은 전공기초), 가정환경, 학과기여도를 종합적으로
고려하여 선정 한다.
5)
장학생 선발 희망자는 직전학기 전공 취득학점(1학년은 전공기초)이 6학점 이상 이어야 한다.
6)
장학생 선발 희망자는 반드시 국가장학금을 먼저 신청하여야 한다.
2015.08.17"
chemistry,2015년도 2학기 학과근로 장학생 선발 공지,N/A,2020.11.27,https://chem.ssu.ac.kr/%ea%b3%b5%ec%a7%80%ec%82%ac%ed%95%ad/?term_id&slug=1695,"2015
년도 2
학기 학과근로 장학생 선발 공지
2015
년도 2학기 학과근로 장학생을 아래와 같이 선발하오니 학생들의 많은 신청 바랍니다
.
1.
장학금명
:
학과근로
A, B
※
A, B
로 운영여부는 학과재량
(
화학과는
B 18
명 선발
, B
만 운영
)
2.
장학생 선발 공지
:
학과홈페이지에 학과별로 직접 공지
3.
학과근로 자격 및 선발 기준
가
. 2015-2
학기 한국장학재단 국가장학금 신청완료
(
서류제출완료
)
한 자
나
. 2015
학년도 2학기 기준
2
학기
~7
학기 재학생
2015
학년도 2학기 전 등록휴학 후 복학시 신청 불가
(
등록대체자
)
다
.
직전학기 이수학점
15
학점 이상
/
성적
2.50
이상 취득한 자
(F
포함
)
라
.
소속학과
(
부
)
학생만 근로 가능
마
.
교내 및 교외 타 장학금과 수업료 범위 내에서 중복 가능
바
.
교내근로 및 국가근로와 중복하여 수혜할 수 없음
4.
학과근로 선발 일정
가
.
학생 신청
(u-Saint)
및 서류제출
: 2015. 8. 12(
수
)
～
19(수
) 17:00
나
.
선발자 발표
: 8. 27(
목
)
이후 예정
다
.
신청방법
: u-SAINT
포털 → 등록
/
장학 → 장학메뉴
‘
근로장학금
’
신청
’
→
학과근로
B
신청
→ 지원서 제출
라
.
지원서제출방법
1)
출력한 지원서에 자필 서명 하여 스캔 한 후 학과 이메일
(
chem@ssu.ac.kr
)
로 송부
2)
파일 및 메일제목은
2015-2
화학과근로장학생신청서
_
이름
(
학번
)
5.
학과근로 장학생 운영 유의사항
가
.
휴학생은 장학생의 자격이 박탈되므로
,
학기 중 휴학으로 확인되는 학생의 경우 근로가 중지됨
나
.
학적변동(휴학, 자퇴, 제적 등) 및 불가피한 사유가 인정되는 중도포기시 근로한 시간만큼 장학금 수혜
2015.08.13"
chemistry,양자나노융합전공 본신청 안내,N/A,2020.11.27,https://chem.ssu.ac.kr/%ea%b3%b5%ec%a7%80%ec%82%ac%ed%95%ad/?term_id&slug=1687,"양자나노융합전공 본신청 안내
<양자나노융합전공> 신청 일정 및 절차를 안내해드리오니, 학생들의 많은 신청 바랍니다.
1. 대상 : 화학과에 재학 중인 2, 3학년 학생 (2015-1학기에 2-6학기 재학)
2. 일정
⓵ 신청 및 선발 기간 : 8.4(화) – 8.7(금) 16:00
⓶ 학적 반영 : 8.7(금) 이후
3. 신청방법
⓵ 첨부된 신청서를 다운로드 하여 작성
⓶ 작성한 신청서를 학과사무실로 제출
– 양자나노융합전공은 기존 예비신청서로 면담 대체
– 신청서 작성 후 스캔하여 메일(
chem@ssu.ac.kr
)로 송부
– 파일명은 “2015-2융합전공신청서_양자나노_이름(학번)_학과”
⓷ 제출받은 서류는 학과사무실에서 학사팀으로 일괄 제출 예정
– 학사팀(신양관1층)에 따로 제출하지 않아도 됨.
4. 유의사항
⓵ 융합전공 신청학생은 15-2학기에 개설되는 융합공통 필수과목 1강좌 (양자나노소재)와
융합 지정과목 1강좌 (전자회로 또는 유기화학2)를  수강 신청해야 함.
⓶ 이번 신청은 본 신청이므로, 반드시 신청해야 융합전공을 이수할 수  있음.
5. 졸업혜택 : 졸업 시 양자나노 융합전공 이수병기
함께 첨부된 “융합전공안내”파일을 반드시 확인 후 숙지하시기 바랍니다.
2015.08.04"
chemistry,양자나노융합전공 예비 신청 안내,N/A,2020.11.27,https://chem.ssu.ac.kr/%ea%b3%b5%ec%a7%80%ec%82%ac%ed%95%ad/?term_id&slug=1685,"양자나노융합전공 예비 신청 안내
<
양자나노융합전공
>
신청 일정 및 절차를 안내해드리오니
,
학생들의 많은 신청 바랍니다
.
1. 대상
:
화학과에 재학 중인
2, 3
학년 학생
(2015-1
학기에
2-6
학기 재학
)
2. 일정
가
.
사전신청
: 2015
년
6
월
8
일
(
월
) – 19
일
(
금
)
나
.
본 신청
: 2015
년
8
월 중
(
추후 공지 예정
)
3. 신청방법
가
.
사전신청
:
학과사무실에 비치된 신청서 작성
또는 학과홈페이지 공지사항에 첨부되어 있는 양식 작성
나
.
본 신청
: u-Saint
에서 융합전공 이수신청
(
추후 공지 예정
)
4. 유의사항
가
.
융합전공 신청학생은
2
학년
2
학기에 개설되는 융합공통 필수과목
1
강좌
(
양자나노소재
)
와 융합 지정과목
1
강좌
(
전자회로 또는 물리화 학
2)
를 수강 신청해야 함
.
나
.
이번 신청은 사전신청이므로
,
추후
u-Saint
에서 반드시 신청을 해야 함
.
5. 졸업혜택
:
졸업 시 양자나노 융합전공 이수병기
자세한 사항은 학과사무실로 문의하시기 바랍니다
.
2015.06.08"
chemistry,졸업논문 지도교수 신청,N/A,2020.11.27,https://chem.ssu.ac.kr/%ea%b3%b5%ec%a7%80%ec%82%ac%ed%95%ad/?term_id&slug=1681,"<
졸업논문 지도교수 신청
>
1.
신청기간
:
2015
년
5
월
26
일
(
화
) ~ 5
월
29
일
(
금
)
2.
대 상
:
화학과
3
학년 전체
(2016
년
8
월 졸업예정자 포함
)
3.
장 소
:
화학과 사무실
(
베어드홀
212
호
)
4.
신청 및 선정 절차
ⅰ
)
졸업논문으로 직접 실험을 수행할 것인지 또는 기존 논문들을 재검토
(review)
할 것인가를 정한다
.
ⅱ
)
교수님들과의 면담을 통해서 희망하는 지도교수를
1,2,3
지망 신청한다
.
ⅲ
)
화학과 졸업논문 신청서를 제출한다
. (
신청서는 화학과 홈페이지 공지사항 참조
)
ⅳ
)
지도교수 확정
(
희망자가 편중 될 경우 실험실별로 인원 배정이 조절될 수 있다
.)
5.
지도교수 확정 통보
: 2015
년
6
월
15
일
(
월
)
이후 학과 게시판 및 화학과 홈페이지 공지사항 참조
6.
주의사항
:
일단 졸업논문 지도교수가 배정된 후에는 중간평가 불합격 이유를 제외하고 지도교수를 바꾸는 것을 일체 불허함을 원칙으로 한다
.
2015.05.26"
chemistry,2015-1 졸업논문 중간보고서 제출 안내,N/A,2020.11.27,https://chem.ssu.ac.kr/%ea%b3%b5%ec%a7%80%ec%82%ac%ed%95%ad/?term_id&slug=1675,"<
졸업논문 중간보고서 제출 안내
>
1.
대 상
: 2016
년
2
월 졸업예정자 및 논문연구
2
수강자
2.
제 출 일
: 2015
년
5
월
22
일
(
금
) 17:00
까지
(
기간 엄수
!)
3.
제출장소
:
화학과 사무실
(
베어드홀
212
호
)
4.
비 고
가
.
최종 졸업논문 형식에 맞춰서 작성해주시기 바랍니다
.
(
최종 졸업논문 형식은 화학과 홈페이지의
“
자료 및 정보
>
졸업논문 자료실
”
참고
)
나
.
지도교수님의 결재를 받은 후
학과사무실에 제출해주시기 바랍니다
.
다
.
컬러로
1
부
출력하여 제출"
chemistry,한국화학융합시험연구원(KTR) 인턴 모집 안내 – 기간 연장,N/A,2020.11.27,https://chem.ssu.ac.kr/%ea%b3%b5%ec%a7%80%ec%82%ac%ed%95%ad/?term_id&slug=1673,"한국화학융합시험연구원
(KTR)
인턴 모집 안내
한국화학융합시험연구원
(KTR)
에서 인턴 사원을 모집하오니
,
관심있는 학생들의 많은 관심 바랍니다
.
모집
:
한국화학융합시험연구원
(KTR)
인턴 사원
서류 접수 일정
:
5월 1
일
(
금
)
오후
5
시까지
서류 제출 방법
1)
학과홈페이지에서 지원양식 다운로드
2)
이력서 및 질의서
(1
장이내
)
작성
3)
작성 후 출력하여 학과사무실로 제출
인턴 선발 일정
:
서류 검토 후
5
월 셋째주 예정
인턴 수행 기간
: 6
월 중 시작
,
약
6
개월 예정
기타사항
1)
기기분석 교육 및 재료분석 교육
,
각종 분석 관련 커리큘럼 교육과 실무 교육을 실시할 계획
.
2)
인턴십을 이수한 학생들에게는
KTR
원장의 직인의 인턴십 수료 인증
3) KTR
인턴십 수료는 국책연구원 혹은 기업체 취업에 있어 상당한
advantage
4)
매년
KTR
의 신규 사원 공채에서의
priority
*
해당 선발 및 인턴 수행 기간은 학사 일정 및 연구원 측 사정에 의해 변경 될 수 있습니다
.
문의 사항은 신익수 교수님 또는 학과사무실로 연락 주시기 바랍니다
.
신익수 교수님
: 02-820-0431 extant@ssu.ac.kr
화학과 사무실
: 02-820-0430 chem@ssu.ac.kr
2015.04.21"
chemistry,2015학년도 1학기 졸업예정자 졸업사정 오류정정/이수구분 변경 신청 안내,N/A,2020.11.27,https://chem.ssu.ac.kr/%ea%b3%b5%ec%a7%80%ec%82%ac%ed%95%ad/?term_id&slug=1670,"2015
학년도
1
학기 졸업예정자 졸업사정 오류정정
/
이수구분 변경 신청 안내
2015
학년도
1
학기 졸업예정자 졸업사정 오류정정
/
이수구분 변경 신청 일정을 안내하오니
,
해당되는 학생들은 기간내에 신청하시기 바랍니다
.
1.
대상자
:
2015
년
8
월 졸업예정자
(
현재
8
학기 이상 이수중인 학생
)
2.
신청기간
:
4
월
8
일
(
수
)
까지
3.
신청방법
가
. u-SAINT
접속 → 학사관리 → 성적
/
졸업 →
졸업사정표
(
졸업예정자
)
조회 및 출력
나
.
확인 후 오류사항이 있으면 오류정정
/
이수구분 변경 신청서를 작성하 여 졸업사정표와 함께
각
학과
(
부
)
사무실
로 제출
(첨부파일
참조
)
4.
유의사항
가
.
수강신청 내역
,
다전공포기 승인 결과 등이 반영된 졸업사정표를 확인 한 후 오류정정 신청을 하시기 바랍니다
.
나
.
신청시 과목번호
,
이수연도 및 학기를
U-saint
에서 정확히 확인하고 신청하시기 바랍니다
(
정확하지 않을 경우 변경처리 되지 않음
).
다
.
졸업사정표는 졸업시뮬레이션과 달리 수강신청 내역 등을 실시간으로 반영하지 않고 졸업사정표
오른쪽 상단의 졸업사정일자
기준으로 반영 된 내용이므로 유의바랍니다
.
라
.
공학인증 관련 졸업사정 결과 확인은 공학교육혁신센터
(828-7140)
의 안내에 따라 진행하시기 바랍니다
.
오류 및 이수구분 변경 가능 유형은 아래 가능유형을 참고하여 확인하시기 바랍니다
.
기타 자세한 문의사항은 학과사무실로 방문해 주시기 바랍니다
.
<
오류 및 이수구분 변경 가능 유형
>
가
.
이수구분 오류
:
과목을 수강한 시점 기준의 이수구분으로 인정되는 것이 원칙이며 재수강으로 이수구분이 변경된 경우에는 학과
(
부
)
에 확인
나
.
전공필수 졸업요건 예외처리
:
과목 폐지나 교과과정 변경 등으로 과목이수가 불가능한 경우 등에 한하여 예외처리 가능 여부를 학과
(
부
)
에 확인
다
.
재수강
,
중복수강 처리 오류
:
재수강 신청을 하였는데 정상적으로 처리되지 않은 경우
,
학사팀에 확인 후 오류정정 처리
라
.
동일한 과목의 중복
(
이중
)
인정 오류
1)
주전공에서 인정된 과목이 다전공에서 중복 인정되지 않는 것이 원칙이며 중복으로 인정되고 있는 경우 학사팀 확인 후 이수구분 변경 신청
2)
다전공의 필수과목
(
복필
,
부필
)
과 주전공의 필수과목
(
전기
,
전필 등
)
이 중복되는 경우
:
학과
(
부
)
에 확인 후 다전공 필수 학점
(
졸업요건
)
에 대해 예외처리 가능
마
.
다전공 이수 관련 오류
1)
다전공을 이수하고 있는데 졸업사정표에 나오지 않거나 포기하였는데 졸업사정표에 나오는 경우
2)
다전공 이수학점 오류 등
바
.
편입 및 전과 학점인정 결과 오류
:
학과 확인 후 오류정정 신청
사
.
교양선택 이수학점 오류
1)
2006 ~ 2008
학년도 입학자
중 교양필수와 교양선택을 입학 당시의 기준대로 이수하였으나 졸업요건 변경으로 인해 교양선택의 졸업요건이
Fail
로 나오는 경우
(
하단 참조
)
2) 2006 ~ 2008
학년도 입학자 당시 기준 교양 이수학점
:
교양필수
14
학점
,
교양선택
21
학점
(
인문대
,
법대
,
사회대
)
또는
15
학점
(
자연대
,
경통대
,
경영대
,
공대
, IT
대
)
3)
현재
2006 ~ 2008
학년도 교양 이수학점
:
교양필수
12
학점
,
교양선택
23
학점
(
인문대
,
법대
,
사회대
)
또는
17
학점
(
자연대
,
경통대
,
경영대
,
공대
, IT
대
)
아
.
교양필수 이수구분 변경 가능 과목
1)
스프레드시트 고급활용
(Mos Excel 2010 Expert,
교양선택
),
컴퓨터활용 자격증 취득과정
(Mos Excel 2010 Expert,
일반선택
)
을 수강한 경우
,
컴퓨터활용
1
을 대체하여 교양필수로 이수구분 변경 가능
(
대체 인정이므로 컴퓨터활용
1
을 수강한 경우 이수구분 변경 불가
)
2)
컴퓨터활용 자격증 취득과정
(Mos PPT 2010,
일반선택
)
을 수강한 경우
,
컴퓨터활용
2
를 대체하여 교양필수로 이수구분 변경 가능
(
대체 인정이므로 컴퓨터활용
2
을 수강한 경우 이수구분 변경 불가
)
3) 2009
년 개설된 섬김의리더십 이론과실천
(
교양선택
)
을 이수한 경우 교양필수로 이수구분 변경 가능
4)
위 과목의 이수구분 변경은
2013
학년도 이전 입학자에 한함
자
.
대학원 과목을 수강하여 학부 전공학점으로 인정이 필요한 경우
(*
학사팀에서 일괄 변경예정이며 누락된 경우 별도의 신청 요망
)
2015.04.03"
chemistry,휴일 교내 건물 출입 신청(SECOM) 안내,N/A,2020.11.27,https://chem.ssu.ac.kr/%ea%b3%b5%ec%a7%80%ec%82%ac%ed%95%ad/?term_id&slug=1668,"휴일 교내 건물 출입 신청
(SECOM)
안내
2015
학년도 1학기 휴일 교내 건물 출입 신청
(SECOM)
절차를 안내해드리오니
,
해당하는 학생들은 신청하여 주시기 바랍니다
.
1. 신청기간
: 2015
년 3월 6일
(
금
)
까지
2. 신청방법
:
학과사무실 방문하여 신청서 작성
3. 유의사항
이번 기간에 신청 시 3월
16
일 이후부터 사용 가능 예정
실험실 출입문 신청은 해당 실험실에서 실험하는 학부생
(
대학원생
)
만 신청 가능
*
기간이 지난 후 신청을 받지 않으니
,
반드시 기간 내에 신청하여 주시기 바랍니다
.
문의사항은 학과사무실로 연락주시기 바랍니다
.
2015.03.02"
chemistry,논문연구1 OT 일정 안내,N/A,2020.11.27,https://chem.ssu.ac.kr/%ea%b3%b5%ec%a7%80%ec%82%ac%ed%95%ad/?term_id&slug=1666,"2015-1
학기 논문연구
1 OT
일정을 안내해드리오니
,
참석하여 주시기 바랍니다
.
1. 일 시
: 2015
년
3
월
5
일
(
목
)
오후
4
시
30
분
2.
장 소
:
경상관
209
호
3.
내 용
:
논문연구
OT
및
2015
학년도 논문 작성 일정 안내
논문연구
1
을 신청하지 않은 학생들도 참석하여
, 2015
학년도 논문작성 일정에 관한 정보를 확인하시기 바랍니다
.
2015.03.02"
chemistry,2015-1학기 학과근로장학생 선발 안내,N/A,2020.11.27,https://chem.ssu.ac.kr/%ea%b3%b5%ec%a7%80%ec%82%ac%ed%95%ad/?term_id&slug=1664,"2015
년도
1
학기 학과근로 장학생 선발 공지
2015
년도
1
학기 학과근로 장학생을 아래와 같이 선발하오니 학생들의 많은 신청 바랍니다
.
1.
장학금명
:
학과근로
A, B
※
A, B
로 운영여부는 학과재량
(
화학과는
B 18
명 선발
, B
만 운영
)
2.
장학생 선발 공지
:
학과홈페이지에 학과별로 직접 공지
3.
학과근로 자격 및 선발 기준
가
. 2015-1
학기 한국장학재단 국가장학금 신청완료
(
서류제출완료
)
한 자
나
. 2015
학년도
1
학기 기준
2
학기
~7
학기 재학생
2015
학년도
1
학기 전 등록휴학 후 복학시 신청 불가
(
등록대체자
)
다
.
직전학기 이수학점
15
학점 이상
/
성적
2.50
이상 취득한 자
(F
포함
)
라
.
소속학과
(
부
)
학생만 근로 가능
마
.
교내 및 교외 타 장학금과 수업료 범위 내에서 중복 가능
바
.
교내근로 및 국가근로와 중복하여 수혜할 수 없음
4.
학과근로 선발 일정
가
.
학생 신청
(u-Saint)
및 서류제출
: 2015. 2. 11(
수
)
～
16(
월
) 17:00
나
.
선발자 발표
: 2. 26(
목
)
이후 예정
다
.
신청방법
: u-SAINT
포털 → 등록
/
장학 → 장학메뉴
‘
근로장학금
’
신청
’
→
학과근로
B
신청
→ 지원서 제출
라
.
지원서제출방법
1)
출력한 지원서에 자필 서명 하여 스캔 한 후 학과 이메일로 송부
(
메일
:
chem@ssu.ac.kr
)
2)
파일 및 메일제목은
2015-1
화학과근로장학생신청서
_
이름
(
학번
)
5.
학과근로 장학생 운영 유의사항
가
.
휴학생은 장학생의 자격이 박탈되므로
,
학기 중 휴학으로 확인되는 학생의 경우 근로가 중지됨
나
.
근로 포기 또는 휴학의 경우 근로장학금은 일체 지급되지 않음
2015.02.11"
chemistry,2015년 교직이수자 선발 결과 공고,N/A,2020.11.27,https://chem.ssu.ac.kr/%ea%b3%b5%ec%a7%80%ec%82%ac%ed%95%ad/?term_id&slug=1660,"2015
년 교직이수자 선발 결과 공고
본 화학과에서는 다음 아래와 같이
2015
년 교직 이수예정자를 선발하였습니다
.
아래의 학생은
1
월
22
일
(
목
)
까지 방문하여
“
교직과정 이수예정자 확인서
“
를 제출해주시기 바랍니다
.
교 직 과 정 이 수 예 정 자 명 부
일련
번호
학과
(
부
)
명
성명
학번
입학
연월일
편입자
편입
연월
편입
학년
전적 학교명
1
화학과
황순혁
20110683
2011.03.01
2
화학과
신효리
20130682
2013.03.01
3
화학과
서은혜
20130677
2013.03.01
4
화학과
조성경
20130702
2013.03.01
이하여백
(
입학정원
47
명
/
승인인원
4
명
/
선발인원
4
명
)
학적상의 성명 및 주민등록번호와 실제 내용이 다른 학생은 주민등록초본을 함께 지참해주셔야 합니다
.
문의사항은 학과사무실로 연락주시기 바랍니다
.\
2015.01.20"
chemistry,2014 숭실 역량강화 융합캠프,N/A,2020.11.27,https://chem.ssu.ac.kr/%ea%b3%b5%ec%a7%80%ec%82%ac%ed%95%ad/?term_id&slug=1658,"2014
숭실 역량강화 융합캠프
예비 사회인으로서 갖춰야 할 소양을 미리 경험하고 학문적 융합과
창의적 사고에 대한 해답을 풀어주는 융합캠프를 개최합니다
!
■ 캠프개요
o
모집인원
:
공과대학
, IT
대학
,
타대학 재학생
40
명
o
일시
: 2014. 12. 22.(
월
) ~ 12. 24.(
수
), 2
박
3
일
(*24
일 오후
4
시경 학교 복귀 예정
)
o
장소
:
경기도 양평 블룸비스타
■ 신청안내
o
신청마감
:
12/16(
화
) 15:00
까지 신청
o
접수방법
:
학과사무실로 문의
o
참가비
:
무료
■ 캠프 프로그램 구성
o
목표설정과 전략 구체화 게임
! “Grand Canyon Adventure”
o
협동 수행 프로젝트
“
우리는
ONE” :
사회구성원의 목표달성을 위한 팀워크 다지기
o
예비 직장인의 성격분석을 통한 타인 이해방법 습득
o
강의 위주의 캠프가 아닌
,
직접 활동하고 즐길 수 있는 게임 위주의 프로그램으로 구성
o
캠프 완료 후
,
수료증 발급
■ 교육 일정
시
간
1
일차
2
일차
3
일차
09:00~10:00
교육장소 이동
공학도의 바람직한 비전설계
“VisionPhoto Story”
직장내에서의 창의적
역량강화
“
시크릿 박스
”
10:00~11:00
11:00~12:00
오리엔테이션
12:00~13:00
중
식
13:00~14:00
팀빌딩
조직의 이해 및 감정찾기
“
최고봉 야채가게
”
수료식 및 기념촬영
14:00~15:00
15:00~16:00
예비 직장인의 성격분석유형
“DISC”
조직경영 목표 및 전략설정
“Grand Cayon Adventure”
16:00~17:00
17:00~18:00
18:00~19:00
석
식
19:00~20:00
사회 구성원의 목표달성을 위한
Teamwork
다지기
“
우리는
ONE”
직장 내에서의 역할찾기
“Your Roll, My Roll”
20:00~21:00
21:00~22:00
22:00~
일과정리 및 취침
■ 문의 사항
o
공학교육혁신센터
(02-828-7138~9)
공학교육혁신센터장
2014.12.15"
chemistry,졸업논문 중간보고서 제출 안내,N/A,2020.11.27,https://chem.ssu.ac.kr/%ea%b3%b5%ec%a7%80%ec%82%ac%ed%95%ad/?term_id&slug=1649,"<
졸업논문 중간보고서 제출 안내
>
1.
대 상
: 2015
년
8
월 졸업예정자 및 논문연구
2
수강자
2.
제 출 일
: 2014
년
11
월
28
일
(
금
) 17:00
까지
(
기간 엄수
!)
3.
제출장소
:
화학과 사무실
(
베어드홀
212
호
)
4.
비 고
가
.
최종 졸업논문 형식에 맞춰서 작성해주시기 바랍니다
.
(
최종 졸업논문 형식은 화학과 홈페이지의
“
자료 및 정보
>
졸업논문 자료실
”
참고
)
나
.
지도교수님의 결재를 받은 후
학과사무실에 제출해주시기 바랍니다
.
2014.11.04"
chemistry,졸업논문 제출 안내,N/A,2020.11.27,https://chem.ssu.ac.kr/%ea%b3%b5%ec%a7%80%ec%82%ac%ed%95%ad/?term_id&slug=1640,"<
최종 졸업논문 제출 안내
>
1.
대 상
: 2015
년
2
월 졸업예정자
2.
제 출 일
: 2014
년
11
월
7
일
(
금
) 17:00
까지
(
기간 엄수
!)
3.
제출장소
:
화학과 사무실
(
베어드홀
212
호
)
4.
졸업 논문 제출시 주의사항
가
.
머릿말 중
20**
년도 작성시
–
본인의
4
학년 현재년도로 작성
(
이번에는
2014
년으로 작성 해야함
)
나
.
컬러로 양면
출력
(
책처럼 넘기며 볼 수 있도록 출력
)
–
2
부
제출 한 부는 클립으로
,
한 부는 스템플러로 묶어서 제출
다
.
지도교수님의 확인을 받은 후 학과사무실에 제출
라
.
최종 졸업논문 형식은 화학과 홈페이지의
“
자료 및 정보
>
졸업논문 자료실
”
참조
(
이를 지키지 않을 시 졸업논문을 받아 줄 수 없습니다
.
그러므로 반드시 졸업논문 형식을 지켜주시기 바랍니다
.)"
chemistry,대학원 입학성적우수장학생 신청 안내,N/A,2020.11.27,https://chem.ssu.ac.kr/%ea%b3%b5%ec%a7%80%ec%82%ac%ed%95%ad/?term_id&slug=1636,"2015학년도 전기 대학원 신입생 선발과 관련하여 입학성적우수장학생 신청 일정을 안내해드리오니, 참고하시기 바랍니다.
1. 자격
가. 2015년 2월 본교 학부 졸업예정자
나. 수업연한 4년(8학기) 이내인 졸업예정자(건축학부 건축학전공 : 5년 (10학기 이내))
다. 직전 3학기 성적(열람용, F학점 포함) 평균평점 3.75 이상
2. 수혜기간 : 2년(4학기)
3. 지원금액 : 다음 사항을 제외하고는 수업료 전액 지급
가. 학과 내 두 가지 이상 과정의 운영으로 수업료가 상이한 경우, 가장 적은 금액으로 지급 (예 : 복수학위과정)
나. 입학성적우수장학생이 교육조교를 겸하는 경우에는 해당 입학성적우 수장학금의 반액으로
4. 신청기간 : 2014년 11월 5일(수)까지
5. 신청방법 : 신청서 작성 후 성적증명서(열람용, F포함)와 함께 학과사무 실로 제출(신청서 양식은 첨부파일 참조)
6. 입학성적우수장학생 의무 준수사항
가. 입학성적우수장학생은 입학 후 매학기 성적이 A-(4.00)를 유지하여 야만 장학금 수혜를 받을 수 있다.
나. 입학성적우수장학생은 입학 후 휴학을 할 수가 없으며, 휴학을 할 경 우 자격이 상실된다. 단, 질병(진단서 제출), 군입대(입영통지서 제 출), 기타 사고 등은 예외로 한다.
라. 입학성적우수장학생에게 입학 후 주임교수가 필요시 교육 및 연구 지 원업무를 담당하게 할 수 있으며, 불응할 경우 자격을 상실한다.
2014.10.29"
chemistry,분석화학 2 중간시험 일정 변경 안내.,N/A,2020.11.27,https://chem.ssu.ac.kr/%ea%b3%b5%ec%a7%80%ec%82%ac%ed%95%ad/?term_id&slug=1634,"변경전: 10/25(토) 10:00
변경후: 10/24(금) 11:50 – 13:20
강의실: 조만식 기념관 407호
변경사유: 25(토) 수시 입시 관계로 강의실 사용 불가.
착오 없으시길 바랍니다.
2014.10.17"
chemistry,휴일 교내 건물 출입 신청(SECOM) 안내,N/A,2020.11.27,https://chem.ssu.ac.kr/%ea%b3%b5%ec%a7%80%ec%82%ac%ed%95%ad/?term_id&slug=1631,"2014
학년도
2
학기 휴일 교내 건물 출입 신청
(SECOM)
절차를 안내해드리오니
,
해당하는 학생들은 신청하여 주시기 바랍니다
.
신청기간
: 2014
년
9
월
5
일
(
금
)
까지
신청방법
:
학과사무실 방문하여 신청서 작성
유의사항
이번 기간에 신청 시
9
월
15
일 이후부터 사용 가능 예정
실험실 출입문 신청은 해당 실험실에서 실험하는 학부생
(
대학원생
)
만 신청 가능
*
기간이 지난 후 신청을 받지 않으니
,
반드시 기간 내에 신청하여 주시기 바랍니다
.
문의사항은 학과사무실로 연락주시기 바랍니다
.
2014.09.02"
chemistry,2014년도 2학기 학과근로 장학생 선발,N/A,2020.11.26,https://chem.ssu.ac.kr/%ea%b3%b5%ec%a7%80%ec%82%ac%ed%95%ad/?term_id&slug=1628,"2014
년도
2
학기 학과근로 장학생 선발 공지
2014
년도
2
학기 학과근로 장학생을 아래와 같이 선발하오니 학생들의 많은 신청 바랍니다
.
1.
장학금명
:
학과근로
A, B
※
A, B
로 운영여부는 학과재량
(
화학과는
B 18
명 선발
, B
만 운영
)
2.
장학생 선발 공지
:
학과홈페이지에 학과별로 직접 공지
3.
학과근로 자격 및 선발 기준
가
. 2014-2
학기 한국장학재단 국가장학금 신청완료
(
서류제출완료
)
한 자
나
. 2014
학년도
2
학기 기준
2
학기
~7
학기 재학생
다
.
직전학기 이수학점
15
학점 이상
/
성적
2.50
이상 취득한 자
라
.
소속학과
(
부
)
학생만 근로 가능
마
.
교내 및 교외 타 장학금과 수업료 범위 내에서 중복 가능
바
.
교내근로 및 국가근로와 중복하여 수혜할 수 없음
4.
학과근로 선발 일정
가
.
학생 신청
(u-Saint)
및 서류제출
: 2014. 8. 18. (
월
)
～
8. 22 (
금
) 17:00
나
.
선발자 발표
: 8. 28(목
)
이후 예정
다
.
신청방법
: u-SAINT
포털 → 등록
/
장학 → 장학메뉴
‘
근로장학금
’
신청
’
→
학과근로
B
신청
→ 지원서 출력 → 지원서
(u-SAINT
출력본
)
학과사무실 제출
5.
학과근로 장학생 운영 유의사항
가
.
휴학생은 장학생의 자격이 박탈되므로
,
학기 중 휴학으로 확인되는 학생의 경우 근로가 중지됨
나
.
근로 포기 또는 휴학의 경우 근로장학금은 일체 지급되지 않음
2014.08.12"
chemistry,2013학년도 후기 졸업생 학위증서 수령 안내,N/A,2020.11.26,https://chem.ssu.ac.kr/%ea%b3%b5%ec%a7%80%ec%82%ac%ed%95%ad/?term_id&slug=1626,"2013
학년도 후기 졸업생 학위증서 수령 안내
졸업을 진심으로 축하합니다
. 2014
년
8
월
(2013
학년도 후기
)
졸업생의 학위증서 배부 등에 대해 아래와 같이 안내합니다
.
1.
학위증서
(
졸업장
)
배부
가
.
일 시
: 2014
년
8
월
22
일
(
금
) – 29
일
(
금
)
나
.
장 소
:
소속 학과
(
부
)
사무실
다
.
준비물
:
신분증
*
졸업여부 확인
:
졸업사정표 우측 상단의
졸업사정결과가
Y
인 학생은 졸업
, N
인 학생은 졸업 불가
(
교직이수중인 학생 등 일부 제외
)
2.
졸업증명서 발급
가
.
일 시
: 2014
년
8
월
22
일
(
금
) 09:00
이후
나
.
발급처
:
무인증명발급기
(
형남공학관 로비
),
인터넷증명
,
관공서 전자민원 창구
3.
참고사항
가
.
후기에는 학위수여식이 별도로 거행되지 않으므로
2014
학년도 전기 학위수여식
(2015
년
2
월
20
일 예정
)
에 참석하시기 바라며 추후 공지 및 안내 예정입니다
.
나
.
관련 문의
:
학사팀
(820-0154)
및 각 학과
(
부
)
사무실
2014.08.12.
교 무 처 장
2014.08.12"
chemistry,2014-1학기 졸업예정자 수료신청 안내,N/A,2020.11.26,https://chem.ssu.ac.kr/%ea%b3%b5%ec%a7%80%ec%82%ac%ed%95%ad/?term_id&slug=1624,"2014-1
학기 졸업예정자 수료신청 안내
2014
학년도
1
학기 졸업예정자 수료신청 절차를 안내해드리오니
,
해당하는 학생들은 신청하여 주시기 바랍니다
.
1. 신청기간
: 2014
년
6
월
25
일
(
수
)
까지 학과사무실로 신청
2. 신청자격
: 2014
학년도
1
학기 졸업예정자
3. 유의사항
1) 본인의 졸업사정표를 확인 한 후
,
졸업가능여부를 확인한다
(
학점 미이수 시 수료신청 필요 없음
)
2) 신청자들은
2
월 중 일괄 수료 처리 예정
3) 수료처리 후에는 추가적인 수강신청 등이 불가능함
4) 수료처리 후 재학증명서 발급 불가
(
졸업예정자 신청 전에는 졸업예정증명서도 발급 불가
)
5) 졸업하기 위해서는 졸업할 학기 초에
U-Saint
에서 졸업예정신청을 하여야
졸업이 가능
–
학교홈페이지 참조
ex) 2015
년
2
월 졸업을 원할 시
2014
년
2
학기 신청기간 내에 신청하여야
졸업이 가능
.
*
기간이 지난 후 수료 또는 졸업으로의 변경이 불가능하오니
,
반드시 확인하여 주시기 바랍니다
.
문의사항은 학과사무실로 연락주시기 바랍니다
.
2014.06.18"
chemistry,2014학년도 2학기 국가장학금 Ⅰ유형 및 Ⅱ유형 신청안내,N/A,2020.11.26,https://chem.ssu.ac.kr/%ea%b3%b5%ec%a7%80%ec%82%ac%ed%95%ad/?term_id&slug=1622,"2014
학년도 2학기 국가장학금Ⅰ유형 및 Ⅱ유형 신청안내
1.
신청기간
가. 온라인 신청 : 2014년 6월 10일(화) ~ 6월 30일(월) 18:00
(24
시간 신청가능)
나. 서류 제출 : 2014년 6월 10일(화) ~ 7월 2일(목) 18:00
– 국가장학금 1차 신청기간에 미신청(서류 미제출 포함) 시 모든 교내
장학금 및 교외 장학금 선발에서 제외
– 국가장학금 2차(복학생 대상)는 8월 말 예정
2.
수혜자격 및 장학금액
가. 직전학기 열람학점 12학점 이상 및 백분위평균 80점 이상
– 장애학생의 경우 백분위평균 70점 이상
– 0분위 및 1분위는 최초 1회에 한하여 백분위평균 70점까지 인정 가능
(단, 국가Ⅰ유형만 해당)
나. 한국장학재단 소득분위 조회결과 0분위~8분위 이내 학생
다. 한국장학재단에서 정한 기준을 충족하는 학생
(자세한 내용은 한국장학재단 홈페이지 참조)
– 국가Ⅱ유형의 경우 2학기 등록금을 납부하는 학생에 한하여 선발
라. 장학금액
소득분위
국가Ⅰ유형
국가Ⅱ유형
다자녀
(
셋째아이 이상)
0분위
2,250,000원
2014년 8월 초 결정예정
국가Ⅱ장학금액은 매 학기
변경 가능함
2,250,000원
1분위
2,250,000원
2,250,000원
2분위
2,250,000원
2,250,000원
3분위
1,687,500원
2,250,000원
4분위
1,237,500원
2,250,000원
5분위
787,500원
2,250,000원
6분위
562,500원
2,250,000원
7~8분위
337,500원
2,250,000원
3.
신청방법
가. 한국장학재단(
www.kosaf.go.kr
) 로그인-사이버창구-장학/대출 신청
나. 개인정보제공 동의 및 약관 동의, 서약사항 확인
다. 학교정보 및 개인정보 입력
– 2014학년도 신입학생 및 편입학생은 재학생군으로 신청
– 2014-2학기 재입학 예정인 학생에 한하여 신입생군으로 신청
라. 학자금유형 선택 후 신청정보 확인 (국가장학금 선택)
4.
서류제출
가. 서류제출 대상자
1) 신청완료 후 1~2일 이내(휴일 제외) 한국장학재단 홈페이지에 방문하여
서류제출 대상여부 확인
– 서류제출 확인방법 : 한국장학재단 로그인 – 사이버창구 -장학/대출신청 – 신청현황
– 필수 및 선택 서류(해당학생에 한함)가 모두 완료
2) 신청완료 후 1~2일 이내(휴일 제외) 서류제출 대상 학생에 한하여, 신청 시 입력한 휴대폰 번호로 SMS를 발송하여 서류 제출 안내
– 한국장학재단 번호를 스팸처리 한 학생은 해제 요청
나. 서류제출 방법 (택1)
1) 한국장학재단 홈페이지에 스캔파일을 등록
2) 모바일 업로드 : 한국장학재단 학자금 서류제출 앱다운 후 사진파일  업로드
5.
장학생 선발결과 및 지급방법 안내
가. 선발결과 안내 : 8월 11일(월) 공지예정(u-Saint 장학금 수혜내역 확인)
나. 장학금 지급방법
1) 2014-2학기 등록금을 납부하여야 하는 학생 : 등록금 고지서에 장학
금액 사전 감면
2) 2014-2학기 복학 시 등록금이 이월된 미등록 복학생 : 10월 중 학생계좌 지급
6.
국가장학금 소득분위 체계 변경 내용
가. 본인, 부모님, 배우자의 정보제공 동의가 있어야만 소득분위를 산정할 수 있음 (최초 1회 동의)
나. 가구원 정보제공 동의의 편의를 위한 사전 동의 제도 시행
다. 사회보장정보시스템 활용에 따라 소득/재산/부채가 반영되어 소득분위  기준이 정확해 짐
라. 대학생의 아르바이트 근로소득은 소득분위산정에서 공제 됨
마. 한국장학재단에서 소득분위 결과를 학생이 직접 확인 가능
7.
중요사항
가.
2014-2
학기 국가장학금 미 신청자(서류 미제출 포함)는 2014-2학기 교내 및
교외 장학생 추천 시 제외
– 교내 및 교외 전액 장학생도 모두 국가장학금을 신청하여야 함
– 단, 국가유공자 본인 및 자녀, 숭실글로벌 장학금 수혜 대상자, 이중 또는 해외국적학생의 경우 국가장학금 신청 예외
이중 또는 해외국적(외국인학생 제외) 학생의 경우 관련서류를 장학팀에 6월 30일까지 제출. (최초 1회에 한함)하여야 함
– 국가장학금 신청상태가
‘서류완료’
인 학생에 한하여 교내장학금 선발
나. 국가장학금Ⅱ유형의 경우 대학 별 배정예산 범위 내에서 장학금액 및 선발 기준이 다르므로, 매 학기 선발 내용 및 지급 방법은 변경될 수 있음
다. 2014-2학기 복학예정자 중 등록이 이월된 미등록 복학생의 경우 등록금
을 납부한 학기에 국가 장학금 수혜 내역이 없어야만 국가장학금Ⅰ유형 수혜 가능
라. 2014-2학기 등록금을 납부하는 학생에 한하여 국가장학금Ⅱ유형 수혜 가능 (등록대체자 수혜 불가)
마.
국가장학금은 휴학생(2014-2학기 복학예정자) 및 재학생 모두 신청가능
바. 한국장학재단 심사 시 이중 지원자로 등록되지 않은 학생에 한하여 국가
장학금 수혜 가능
– 이중지원 여부는 학생 개인이 한국장학재단으로 문의하여 처리하여야
함. 대학안내 불가.
– 이중지원 해소는 7월 18일(금)까지 처리 바람. 이중지원 해소가 지연될
경우 2학기 장학생 선발에서 제외될 수 있음
8.
문의사항 : 한국장학재단 콜센터 (1599-2000)
2014.06.18"
chemistry,2014-1학기 최종 졸업논문 제출 안내,N/A,2020.11.26,https://chem.ssu.ac.kr/%ea%b3%b5%ec%a7%80%ec%82%ac%ed%95%ad/?term_id&slug=1620,"<최종 졸업논문 제출 안내>
1. 대 상: 2014년 8월 졸업예정자
2. 제 출 일: 2014년 5월 15일(목) 17:00까지 (기간 엄수!)
3. 제출장소: 화학과 사무실(베어드홀 212호)
4. 졸업 논문 제출시 주의사항
가. 머릿말 중 20**년도 작성시 – 본인의 4학년 현재년도로 작성(이번에는 2013년으로 작성 해야함)
나. 컬러로 양면 출력 – 2부 제출 (한 부는 클립으로, 한 부는 스템플러로 묶어서 제출)
다. 지도교수님의 확인을 받은 후 학과사무실에 제출
라. 최종 졸업논문 형식은 화학과 홈페이지의 “자료 및 정보 > 졸업논문 자료실” 참조
(이를 지키지 않을 시 졸업논문을 받아 줄 수 없습니다. 그러므로 반드시 졸업논문 형식을 지켜주시기 바랍니다.)
2014.05.12"
chemistry,2014-1학기 졸업논문 중간보고서 제출 안내,N/A,2020.11.26,https://chem.ssu.ac.kr/%ea%b3%b5%ec%a7%80%ec%82%ac%ed%95%ad/?term_id&slug=1617,"<졸업논문 중간보고서 제출 안내>
1. 대 상: 2015년 2월 졸업예정자 및 논문연구1 수강자
2. 제 출 일: 2014년 5월 23일(금) 17:00까지 (기간 엄수!)
3. 제출장소: 화학과 사무실(베어드홀 212호)
4. 비 고
가. 최종 졸업논문 형식에 맞춰서 작성해주시기 바랍니다.
(최종 졸업논문 형식은 화학과 홈페이지의 “자료 및 정보 > 졸업논문 자료실” 참고)
나. 지도교수님의 결재를 받은 후 학과사무실에 제출해주시기 바랍니다.
2014.05.12"
chemistry,2014-1학기 졸업앨범 촬영 안내,N/A,2020.11.26,https://chem.ssu.ac.kr/%ea%b3%b5%ec%a7%80%ec%82%ac%ed%95%ad/?term_id&slug=1615,"2014-1학기 졸업앨범 촬영 안내
2014-1학기 졸업앨범 촬영을 다음과 같이 진행하오니,
해당학생들은 참고하여 주시기 바랍니다.
1. 일정
1) 촬영일정 : 2015.5.15(목) 13:00-
2) 촬영대상 : 4학년 졸업예정자
3) 촬영장소 : 웨스트민스터홀 앞(도서관 앞)
2. 필 수 사 항
1) 촬영비 5,000원(졸업앨범 포장,택배,진행비용 등 – 현금납부)
2) 졸업앨범 개인부담금 20,000원(촬영장에서 수납 – 현금납부)
– 학교에서 개인부담금을 제외한 졸업앨범 제작비용 전액지원.
3) 사진 촬영시, 사진수정과 선택 및 사진파일, 졸업앨범 수령을 위해 본인의 학과, 학번, 이름, 연락처, E-mail주소를 꼭 적어주시길 바랍니다.
3. 선 택 사 항
1) 증명사진 (50매) – 15,000원
(촬영기간이 끝난 후, 수정작업을 거쳐 증명사진 파일과 사진을 보내드립니다.)
2) 액자(사진선택은 차후 사진선택 및 수정기간에 선택)
① 8R 유리액자 : 45,000원
② 11R 관액자 : 50,000원
-> 액자 수령은 2015년 2월 졸업식이 있는 주간동안 학교에서 수령하실 수 있습니다.
3) 증명사진 및 액자신청은 촬영현장에서 진행되므로, 비용을 사전에 지참하시길 바라며, 촬영기간 이후에는 따로 신청하셔야 합니다.
4. 사진 수정작업
– 2학기에 진행되며, 촬영시 연락가능한 연락처를 꼭 기입하시길 바랍니다.
5. 향후 촬영일정
1) 이번 앨범촬영은 1학기 정기촬영이며, 이후 일정을 잡아 1학기 추가촬영을 진행할 예정이며, 2학기에는 정기촬영, 추가촬영, 최종촬영(재촬영포함)을 진행할 예정입니다. 개인일정이나 학사일정등으로 촬영에 참가하지 못하신 분들은 차후 촬영 일정에 참여하시면 됩니다.
2) 올해부터는 직장인이나 개인사정으로 인하여 학교에서 진행되는 촬영에 참가하기 힘든 학생들을 위해 상시적인 졸업앨범사 스튜디오에서의 사진촬영이 진행될 예정입니다. 이에 대한 공지는 1학기 정기촬영이후에 공지해드리겠습니다.
□ 2014학년도 숭실대학교 졸업메이크업&헤어 안내
1. 파르베 소개
당사는 20년 경력의 메이크업디자이너가 만든 전문기관으로 영화, 드라마, CF, 퍼스널컬러에서 뮤지컬, 연극, 무용, 오페라에 이르는 모든 영역의 메이크업을 담당하고 하고 있으며, 프로필, 졸업사진을 전문적으로 다수의 학교와 단체를 대상으로 맞춤 메이크업을 제공하고 있습니다.
2. 2013년, 파르베 메이크업과 함께 한 학교
강남대학교, 서울대학교, 서울대연건캠퍼스, 서울시립대학교, 서울여자간호대학교, 중앙대학교 서울캠퍼스, 중앙대 안성캠퍼스 , 총신대학교, 한성대학교, 홍익대학교 외
3. 예약 안내
-예약은 촬영일 기준 최소 1일 전 오후 4시까지 접수와 입금 완료 해주시기 바랍니다.
(당일 예약시 아래 요금안내표 금액에서 5,000원 추가)
입금자명 ex) 숭실대한예슬, 숭실대소지섭
담당자에게 메시지 발송 예시: [ 숭실대한예슬 5월2일 2시촬영 12시예약 ]
촬영시간과 예약시간을 알려주시면 혹시나 예약이 겹치는 경우 조정이 유리합니다.
4. 파르베메이크업에서 드리는 특별혜택
혜택1. PCS 무료혜택 or 루비셀 미스트 (택 1)
피부탄력 증가/미백효과/기미 여드름 완화 모공축소/ 액순환/주름방지 리프팅효과/붓기제거 진정
혜택2. 수정메이크업
샵에서 받고 와서 촬영하면 시간이 지나면 메이크업이 지워지고 번질 수 있습니다.
파르베 메이크업이 직접 교내에서 졸업메이크업을 진행하기 때문에 사진 촬영 전 번지고 지워진 립, 아이메이크업 등 즉시 무료로 수정해드립니다.
5. 요금 안내
※ 입금계좌: 우리은행 1005-902-250267 예금주: 이.파르베메이크업(김은희)
※ 요금안내
1) 풀메이크업&헤어
⓵ 풀메이크업&헤어
– 여학우 45,000원, 남학우 20,000원
– 여학우 30~40분, 남학우 20~30분, 업스타일 (+5000원 추가)
⓶ 메이크업만
– 여학우 35,000원, 남학우 15,000원
– 헤어만 하실시 별도문의
⓷ 부분메이크업
– 눈 메이크업만 15,000원, 인조속눈썹만 부착 5,000원, 눈썹정리만 5,000원
– 눈 메이크업은 아이라인, 마스카라, 속눈썹포함(눈썹정리는 5,000원 추가)
⓸ 헤어
– 헤어스타일 15,000원, 반업스타일 20,000원, 전체업스타일 25,000원
– 구체적 헤어스타일 상담은 당일 시술 전에 가능
6. 고객 숙지 사항 안내
촬영 당일 스킨과 로션까지만 하고 오세요. (민감성 피부는 본인 화장품 지참 가능)
당일 취소 시 환불 불가능 합니다.
2일 전 각질케어 해주시면 훨씬 더 아름다운 메이크업이 완성됩니다.
헤어 세팅은 드라이 이외에는 하지 말고 오세요. (모자, 왁스 ,스프레이 X)
2014.05.12"
chemistry,학점포기 제도 폐지에 따른 최종 학점포기 신청 안내,N/A,2020.11.26,https://chem.ssu.ac.kr/%ea%b3%b5%ec%a7%80%ec%82%ac%ed%95%ad/?term_id&slug=1613,"학점포기 제도 폐지에 따른 최종적인 학점포기 신청에 대해 아래와 같이 안내합니다.
1. 학점포기 대상자 :
본교 재학생 및 휴학생 전체
(*졸업생 및 수료생은 신청 불가)
2. 신청기간 : 4월 28일(월) 09:00 – 5월 9일(금) 24:00
3. 신청방법 : u-SAINT → 학사관리 → 성적/졸업 → 학점포기 신청 및 조회 프로그램
4. 신청가능 범위
가.
증명용 취득학점
에 포함되고 있는 전체 과목 중에서
6학점 이하
로 신청 가능하며 학점포기 한 내역은 2014학년도 1학기 이후에도 (증명용) 성적증명서에 표시되지 않습니다.
나. 성적이 F, A+, Pass인 과목, 졸업논문, 졸업종합시험 및 이번 학기에 수강신청(재수강포함)을 한 과목, 재수강한 과목의 이전 성적 등은 학점포기 할 수 없습니다.
* 2013-2학기까지의 F등급 취득 과목은 학점포기를 하지 않아도 증명용 성적증명서에 표기되지 않습니다.
다.
3월 31일 ~ 4월 5일에 생성된 졸업사정표
를 확인한 후 신청하시기 바랍니다.
라.
승인 결과는 5월 14일(수)
부터 증명용 성적증명서에 바로 반영됩니다.
*졸업사정표에는 바로 반영되지 않음
5. 유의사항
가. 승인완료 후
취소는 절대 불가
하므로 신청시 유의바랍니다.
나.
이번 수강신청 기간에
(재)수강신청 상태인 과목은 학점포기 신청이 되지 않으므로
학점포기를 하고자 하는 과목을 (재)수강신청 한 경우 수강신청 취소기간 내 수강취소 바랍니다.
다. 학점포기 제도는 성적증명 이중발급 개선을 위해 전면 폐지하므로 해당 기간 이후추가적인 신청은 불가합니다. 또한 2014년 2월 수료 처리된 학생의 경우, 학점포기 하고자 하는 과목(학점)이 졸업 학점에 문제가 되지 않는 경우에 한하여 해당 기한내 학사팀 방문 신청시 학점포기 가능합니다(학점포기로 인해 논문/시험 항목을 제외한 다른 졸업요건이 충족되지 않는 경우 신청 불가).
6. 관련 문의 : 820-0154 (학사팀 졸업 담당자)
2014.04.28"
chemistry,2014-1학기 졸업사정 오류정정 및 이수구분 변경 신청 안내,N/A,2020.11.26,https://chem.ssu.ac.kr/%ea%b3%b5%ec%a7%80%ec%82%ac%ed%95%ad/?term_id&slug=1607,"2014-1
학기 졸업사정 오류정정 및 이수구분 변경 신청 안내
2014
학년도
1
학기 졸업사정 오류정정 및 이수구분 변경 신청에 대해 안내하오니
,
참고하시어 기간 내 신청해주시기 바랍니다
.
신청기간
: 2014
년
3
월
31
일
(
월
) ~ 2014
년
4
월
11
일
(
금
) 17
시
신청방법
1. 졸업사정표
,
이수구분별 성적표를 통해 오류여부를 확인한다
.
2. 오류가 있거나
,
이수구분 변경이 필요한 경우
,
졸업사정표와 이수구분별 성적표를 출력하여 해당 과목에 형광펜으로 표시한다
.
3. 학과 홈페이지에 첨부되어 있는 변경 신청서를 다운로드하여 작성한다
.
4. 출력한 변경 신청서와 표시한 졸업사정표
,
이수구분별 성적표를 학과사무실로 제출한다
(
변경가능여부를 확인 할 것
).
5. 졸업사정표
,
이수구분별 성적표를 통해 결과를 확인한다
.
4
월 중순 이후 진행예정
유의사항
1. 변경서 작성시 과목명
,
과목코드
,
이수연도
–
학기를 정확히 입력해야 변경이 가능합니다
.
2. 다전공
(
복수
,
부전공
)
에 대한 오류정정은 다전공 학과에서 확인 및 접수바랍니다
.
*
이번 신청은
8
학기 재학중
(
졸업예정자
)
에 한하여 진행됩니다
.
문의사항은 학과사무실로 연락주시기 바랍니다
.
2014.03.31"
chemistry,졸업논문 계획서 제출 안내,N/A,2020.11.26,https://chem.ssu.ac.kr/%ea%b3%b5%ec%a7%80%ec%82%ac%ed%95%ad/?term_id&slug=1605,"<졸업논문 계획서 제출 안내>
1. 대 상: 2015년 2월 졸업예정자(2014년 전기 졸업예정자)
2. 제 출 일: 2014년 4월 4일(금) 17:00까지 (기간 엄수!)
3. 제출장소: 화학과 사무실(베어드홀 212호)
4. 졸업 계획서 제출 시 주의사항
가. 반드시 졸업논문 계획서 양식에 맞춰서 작성해주시기 바랍니다.
(양식은 화학과 홈페이지의 “자료 및 정보 > 졸업논문 자료실” 참고)
나. 한 번 정한 졸업논문 제목은 졸업 시까지 변경할 수 없으므로 신중히 결정하시기 바랍니다.
다. 지도교수님의 결재를 받은 후 학과사무실로 제출하시기 바랍니다.
(학과장님, 학장님의 결재는 받지 않으셔도 됩니다)
라. 논문연구를 수강하지 않는 학생도 논문계획서를 제출하셔야 합니다.
마. 2014년 현재 학과장님은 양진국 교수님, 학장님은 신권수 교수님 입니다.
2014.03.25"
chemistry,논문연구1 수업 안내,N/A,2020.11.26,https://chem.ssu.ac.kr/%ea%b3%b5%ec%a7%80%ec%82%ac%ed%95%ad/?term_id&slug=1603,"[
논문연구
1] OT
안내
시간
: 3
월
13
일
(
목
)
오후
4
시
30
분
장소
:
경상관
211
호
+
논문연구를
신청하지
않은
4
학년
학생들도
OT
에
참여하여
1
학기
논문진행에
대한
정보를
얻기
바랍니다
.
2014.03.11"
chemistry,2014-1학기 전과학점인정 신청 안내,N/A,2020.11.26,https://chem.ssu.ac.kr/%ea%b3%b5%ec%a7%80%ec%82%ac%ed%95%ad/?term_id&slug=1601,"전과학점인정
신청
안내
2014학년도 1학기 전과학점인정 신청에 대해 안내하오니, 참고하시어 기간 내 신청해주시기 바랍니다.
1.
신청기간 : 2014년 3월 10일(월) – 2014년 3월 14일(금) 17시
2.
신청방법
(1)
졸업사정표, 이수구분별 성적표를 통해 자동인정 여부를 확인한다.
(2)
자동 인정되지 않은 학점이 있을 시, 졸업사정표를 출력하여 형광펜으로  표시한다.
(3)
표시한 졸업사정표를 학과사무실로 제출한다(변경가능여부를 할 것).
(4)
졸업사정표, 이수구분별 성적표를 통해 결과를 확인한다.
3월 25일 이후 진행예정
3.
유의사항 : 기간 내에 제출하지 않을 시 변경이 필요하지 않은 것으로 간주하며, 이후 인정받지 못한 과목(교양 제외)은 모두 일반선택으로 인정됩니다.
* 이번 신청은 전과생에 한하여 진행되며, 다른 이수구분변경 관련 사항은 추후 다시 공지하여 진행될 예정이오니 참고하시기 바랍니다.
문의사항은 학과사무실로 연락주시기 바랍니다.
2014.03.10"
chemistry,신입생오리엔테이션에 따른 수업관련 안내,N/A,2020.11.26,https://chem.ssu.ac.kr/%ea%b3%b5%ec%a7%80%ec%82%ac%ed%95%ad/?term_id&slug=1599,"신입생오리엔테이션에 따른 수업관련 안내
단과대학 신입생 오리엔테이션 행사에 따른 수업관련 결정사항을 안내해드리오니
,
참고하시기 바랍니다
.
1. 6
일
(
목
), 7
일
(
금
)
양일간
OT
에 참여하는 단과대학
,
학과의 전체 수업은 학년에 관계없이 대체수업으로 진행하고 교내에서 수업은 진행하지 않는다
.
단
, OT
에 참여하지 않는 학과
(
기독
,
독문
,
생체
)
는 해당 해당사항이 없음
2. 6
일
(
목
)
전체 단과대학 및 학과의
1
교시 교양수업은 정상적으로 실시하며
,
공대
,
사회대는 당초 공지한대로
2
교시까지 수업을 진행한다
.
2014.03.05"
chemistry,2014-1학기 논문연구 수업일정,N/A,2020.11.26,https://chem.ssu.ac.kr/%ea%b3%b5%ec%a7%80%ec%82%ac%ed%95%ad/?term_id&slug=1597,"2014-1학기 논문연구 수업일정
2014-1학기 논문연구 수업이 예정되어 있던
6일(목) 1교시 수업은 진행되지 않고,
추후에 일정을 다시 공지할 예정입니다.
참고하시기 바랍니다.
2014.03.05"
chemistry,휴일 교내 세콤 사용 신청 안내,N/A,2020.11.26,https://chem.ssu.ac.kr/%ea%b3%b5%ec%a7%80%ec%82%ac%ed%95%ad/?term_id&slug=1595,"휴일 교내 세콤 사용 신청 안내
휴일 교내 세콤 사용을 위한 신청을 다음과 같이 안내하오니
,
참고하시어 기한내 신청해 주시기 바랍니다
.
신청 기간
: 2014.3.3.(
월
) – 6(목
) 17:00
까지
장소
:
학과사무실 방문 신청
신청 가능장소
:
베어드홀 출입문
(3
학년 이상 실험하는 학생들은 해당 실험실에 한해 신청 가능
)
세콤사용기간
:
현재 –
2014.9.12.
까지
(
학기 단위로 신청
)
세콤 신청 마감 후 사용가능 기간까지
1
주일 정도 소요예정
.
자세한 사항은 학과사무실로 문의하시기 바랍니다
.
2014.03.03"
chemistry,14-1학기 학과근로장학생 추가모집,N/A,2020.11.26,https://chem.ssu.ac.kr/%ea%b3%b5%ec%a7%80%ec%82%ac%ed%95%ad/?term_id&slug=1591,"2014
년도 1학기 학과근로 장학생 선발 공지
2014년도1학기 학과근로 장학생을 아래와 같이 선발하오니 학생들의 많은 신청 바랍니다.
1. 장학금명 : 학과근로 A, B
※ A, B로 운영여부는 학과재량
(화학과는 B 18명 선발, B만 운영)
2. 장학생 선발 공지 : 학과홈페이지에 학과별로 직접 공지
3. 학과근로 자격 및 선발 기준
가. 2014-1학기 한국장학재단 국가장학금 신청완료(서류제출완료)한 자
나. 2014학년도 1학기 기준 2학기~7학기 재학생
다. 직전학기 이수학점 15학점 이상 / 성적 2.50이상 취득한 자
라. 소속학과(부) 학생만 근로 가능
마. 교내 및 교외 타 장학금과 수업료 범위 내에서 중복 가능
바. 교내근로 및 국가근로와 중복하여 수혜할 수 없음
4. 학과근로 선발 일정
가. 학생 신청 및 서류제출 : 2. 25(화) 16:00
나. 선발자 발표 : 2. 26(수) 이후 예정
다. 신청방법 :
학과사무실로 서류제출(파일첨부)
5. 학과근로 장학생 운영 유의사항
가. 휴학생은 장학생의 자격이 박탈되므로, 학기 중 휴학으로 확인되는 학생의 경우
근로가 중지됨
나. 근로 포기 또는 휴학의 경우 근로장학금은 일체 지급되지 않음
2014.02.25"
