department,title,author,date,link,content
physics,2026학년도 1학기 석·박사통합과정 지원 및 선발 안내,N/A,2025-11-05,https://physics.ssu.ac.kr/%ea%b2%8c%ec%8b%9c%ed%8c%90/%ea%b3%b5%ec%a7%80%ec%82%ac%ed%95%ad/?term_id&slug=7544,"1. 지원기간 : 2025.12.01(월)~12.12(금)
2. 지원자격
가. 일반대학원 석사과정 2학기 또는 3학기 재학생(복학예정자 포함)
나. 학업전념학생
다. 18학점 이상 취득 또는 취득예정인 학생
라. 석사과정 전공분야와 통합과정 지원 전공분야가 동일한 자
3. 제출서류
가. 공통 : 석·박사통합과정 지원서 1부(붙임 2)
나. 4대 사회보험 가입내역 확인서 1부
※ 4대 사회보험 정보연계센터(
www.4insure.or.kr
) 공인인증서 로그인 → [증명서발급]→
4대 사회보험 가입내역 확인 청구서 신청 → 4개 처리기관의 처리여부 “출력가능” 확인 후
증명서 출력
※ 강사는 다음의 요건 충족 시 예외적 지원 허용 : 주 6시간 이내 근무로 인한 4대 사회보험
가입은 별도의 증빙서류(경력증명서)제출 시 학업전념학생으로 인정
※
건강보험 지역가입자 중 사업장이 표기되어 있는 경우와 4대 사회보험 미가입자이나
종교기관에서 전임으로 재직하는 경우 등은 직장병행학생으로 간주하여 지원 불가함
4. 지원방법 : 제출서류를 작성하여 대학원 교학팀으로 제출(웨스트민스터홀 658호)
5. 선발인원 : 박사과정 전체 입학정원의 20%
6. 발표일 : 2026.01.23(금) 예정 – 학과 및 개별통지
7. 관련근거
■학칙시행세칙(대학원)
제67조(선발인원) 통합과정 선발인원은 박사과정 입학정원의 20% 범위 내에서 대학원 운영위원회에서 정한다.[본조신설 2014.11.29.]
제68조(지원요건) 통합과정에 지원하고자 하는 자는 다음 각 호의 요건을 모두 갖추어야 한다.
1. 일반대학원 석사학위과정 2학기 또는 3학기 재학생(복학예정자 포함)
2. 학업전념학생
3. 18학점 이상을 취득 또는 취득 예정인 학생
4. 석사과정 전공분야와 통합과정 전공분야가 동일
5. 지도교수의 추천[본조신설 2014.11.29.]
7. 기타
가. 수업연한
1) 4년(8학기) : 석사과정 입학 학기부터
2) 수업연한 단축 : 수업연한의 단축을 희망하는 경우 석·박사통합과정
6학기 또는 7학기 개시 전(방학중)
대학원 교학팀에 수업연한단축신청서를 제출하고 해당 학기 종료 시 수료요건 충족 및 총 평점평균이 4.0이상이면 6학기 또는 7학기에 수료가능.
단 학업전념학생(Full Time)만 수업연한단축신청이 가능함
나. 석사과정 종합시험 , 석사논문 면제
(
석·박사통합과정 선발 후 박사과정에 해당하는 종합시험만 인정)
다. 박사과정 입학금 면제
라. 안내 : 대학원 홈페이지 내 공지사항 게시
붙임  1. 석·박사통합과정 지원서 양식 1부
2. 석·박사통합과정 안내문 1부.  끝."
physics,2025학년도 겨울계절제 국내대학 학점교류 실시 및 신청 안내,N/A,2025-10-21,https://physics.ssu.ac.kr/%ea%b2%8c%ec%8b%9c%ed%8c%90/%ea%b3%b5%ec%a7%80%ec%82%ac%ed%95%ad/?term_id&slug=7525,"1. 신청 자격
가. 2025-2학기 3~7학기 재학생
나. 직전 학기까지 학업성적이 총 평점 평균 3.0 이상
다. 학칙에 의거 징계받은 사실이 없는 자
2. 신청 학점: 6학점 이내(계절제 수강신청 가능 총 학점 범위)
3. 국내 대학 학점교류 진행 방식
학생
학과
단과대학
학사팀
학점교류 신청서
(붙임1) 작성 후
학과에 제출
▷
학점교류 신청 접수 및 과목 승인
(학과(부)장)
▷
학과에서 제출한
서류를 취합하여
학사팀으로
공문 송부
▷
단과대학 신청
공문 취합,
학생 온라인 접수
(LMS) 확인 후
교류 학교로
공문 송부
◁
학점교류 신청 승인 결과 안내
승인 받은
학점교류 신청서
소속 학과에 제출,
온라인 접수(LMS)
학점교류생 명단
(붙임3)을 작성하여
학생 제출 서류와
함께 단과대학 제출
※  홈페이지▶학사▶학생교류지원▶학점교류 신청하기 게시판에
대학별 실시 계획이 확정되는 대로
계속 업데이트
예정
4. 제출 서류
가. 학생: 국내대학 학점교류 신청서(붙임1), 엑셀 및 스캔자료 2종
나. 단과대학
1) 학과에서 교류대학별 신청 기한(
학교 홈페이지 공지
←클릭)까지 학생 신청 접수
– 학교 홈페이지에 공지되어 있는
신청 기한 당일 17:00까지
송부
붙 임 1. 국내대학 학점교류 신청서(양식) 1부.
2. 국내대학 학점교류 취소 신청서(양식) 1부.
3. (홈페이지 공지) 2025학년도 겨울계절제 국내대학 학점교류 신청 안내 1부. 끝."
physics,[홍보] 카이랩 (응집물질물리이론연구실) 학부 연구생 모집: 오태구 교수님,N/A,2025-09-16,https://physics.ssu.ac.kr/%ea%b2%8c%ec%8b%9c%ed%8c%90/%ea%b3%b5%ec%a7%80%ec%82%ac%ed%95%ad/?term_id&slug=7482,"카이랩(응집물질물리이론연구실) 학부 연구생 모집중입니다.
대상: 학부 2학년 이상, 물리학이 재밌다면 누구든 환영합니다.
연구실 소개:
응집물질 이론은 한 줄의 수식에서 시작해 거대한 물성의 지도를 펼쳐 보이는 학문입니다.
우리 연구실은 이 아름다움을 ‘기초 → 모델링 → 계산 → 물리적 해석’의 흐름으로 체계화하여 함께 공부합니다.
* 기초: 양자역학·통계역학·고체물리의 핵심 개념을 맥락과 역사, 물리적 직관과 함께 재정리합니다.
* 모델링: 최소한의 가정으로 본질을 드러내는 간단한 모델(Hubbard, Heisenberg, Haldane 등)로 시작해, 왜 그것이 유효한지와 어디서 한계가 생기는지를 짚습니다.
* 계산: 손계산과 수치 계산을 병행해 에너지 스펙트럼, 상전이, 응답함수 등을 실제로 구하고, 결과를 그림과 데이터로 설득력 있게 표현합니다.
관심 있는 학생들은 이메일: taekoo.oh@ssu.ac.krf로 문의주시고 학과 앞 게시판 QR코드로 신청 바랍니다."
physics,"[2025년도 BRIDGE 3.0사업] 제2차 실용화개발(PoC) 지원 사업 추진 및 신청 안내(~9/19, 금, 16시)",N/A,2025-09-11,https://physics.ssu.ac.kr/%ea%b2%8c%ec%8b%9c%ed%8c%90/%ea%b3%b5%ec%a7%80%ec%82%ac%ed%95%ad/?term_id&slug=7478,"안녕하세요.
[2025년도 BRIDGE 3.0사업] 제2차 실용화개발(PoC) 지원 사업 추진 및 신청 안내문 공유드립니다.
[2025년도 BRIDGE 3.0사업] 제2차 실용화개발(PoC) 지원 사업 추진 및 신청 안내
교육부와 한국연구재단에서 지원하는 2025년도 BRIDGE 3.0사업과 관련하여 대학기술 사업화 성과창출을 위한 “제2차 실용화개발 지원(Proof of Commercialization) 사업”을 아래와 같이 추진하고자 하오니 소속 교원 및 재학생에게 안내 부탁드립니다.
1. 사 업 명: 제2차 2025년 실용화개발지원(PoC)사업
2. 사업목적: 숭실대학교 보유 창의적 자산(특허)에 대한 시제품 제작등 실용화 개발지원을 통한 대학기술사업화 촉진 및 성과창출
3. 추진일정
가. 모집공고 및 신청서 접수: ~ 2025.09.19.(금) 16:00까지
나. 선정평가
1) 서면평가: 2025.09.22.(월) 예정
2) 발표평가: 2025.09.29.(월) 예정
3) 결과안내: 2025.09.30.(화) 예정
※ 접수현황에 따라 상기일정은 변동될 수 있음
다. 사업수행기간: 2025.10.01.(수)~ 2025.12.31.(수) (총 3개월)
※
과제수행기간 내 기술이전 계약 체결
(2025.12.31)
및 기술료 입금(2026.01.31)/창업 완료(해당 교원에 한함)
4. 신청자격: 숭실대학교 소속 교원 및 대학(원)생
5. 지원대상: 신청자가 보유한 기술(특허)
6. 지원내용 및 유형별 지원금액
가. 지원내용: 시제품 제작, 상용화 연구 및 성능 검증을 위한 비용 지원
나. 유형별 지원금액
신청구분
Creative PoC
Innovative PoC
도출 성과
대학(원)생
미창업(A)
최대 5,000천원
–
시작품
기창업(B)
최대 10,000천원
–
(시)제품
교원
임용
6년
이내
수요기업 없음(C)
최대 15,000천원
–
시작품
수요기업 있음(D-1)
최대 30,000천원
최대 50,000천원
(시)제품,
기술이전
창업(D-2)
최대 30,000천원
–
(시)제품,
창업
임용
6년
이후
기술이전확약서
없음(E)
최대 10,000천원
–
시작품
기술이전확약서
있음(F-1)
최대 25,000천원
최대 50,000천원
(시)제품,
기술이전
창업(F-2)
최대 25,000천원
–
(시)제품,
창업
※Creative PoC : 대학의 창의적 아이디어를 기초로 시제품 제작 지원을 통한 Technical Feasibility 검증
※Innovative PoC : 본교 우수한 실용화 자산의 시작품 제작 및 Scale-up을 지원하여 기술이전, 기술창업,
Joint-Venture 등 대형 기술사업화 성과로 연결
※기술이전 수요기업이 있거나, 이전확약서가 있는 경우(유형 D-1,F-1) 기술이전확약서 제출 및 당해
년도 12.31.까지 기술이전 계약, 26.01.31.까지 기술료 입금 필수(기한내 미이행 시 지원금액 전액 환수)
– Creative PoC/Innovative PoC(유형D-1, F-1): 지원금액 1.5배 이상 성과달성
※교원창업의 경우 Creative PoC(유형 D-2, F-2)로 신청하며, 연내 창업을 목표로 창업계획서 제출 필수
※기술이전확약서 없음(유형E)의 경우, 과제 종료 후 1년 이내 기술이전계획이 있는 경우로, 해당 계획을
작성하여 제출
※ 신임교원(임용 6년 이내)의 R&D 역량 및 성과 기반의 새로운 특허 및 아이디어에 대한 실용화 개발
지원 우대
7. 신청방법: E-mail제출
가. 제출 서류
구분
Creative PoC
Innovative PoC
공통
실용화개발 지원 신청서 1부(해당 유형별 양식에 맞춰 작성)
대학(원)생
신청기업 사업자등록증(해당 시)
해당 없음
교원
(유형별)
기술이전확약서 있음(해당 시)
기술이전계획서 제출(필수)
창업계획서(해당 시)
–
나. 접수처: 온라인 제출(105669@ssu.ac.kr)
다. 담당자: 산학협력단 산학협력진흥팀 고길표(내선번호: 7429)
8. 심사방법
가. 평가절차
1) 1차 평가: 서면평가 실시
2) 2차 평가: 프리젠테이션 발표평가(발표10분, 질의응답5분)
※ 발표시간 추후 확정하여 공지 예정(1차 서면평가 통과자에 한해)
※ 현장발표가 원칙이나 부득이한 일정으로 현장참석이 어려울 경우 Zoom을 활용한 온라인 발표평가 진행
나. 평가기준: 신청기술에 대한 지원 필용성, 기술성 및 사업화 가능성 평가
붙임 1. 2025년 제2차 실용화개발(PoC) 지원 사업 공고문 1부.
2. 유형별 제2차 실용화개발(PoC) 지원 신청서 각 1부.  끝."
physics,[홍보] 천명기 교수님 정년퇴임 기념 워크샵 안내 및 등록 안내 (Indico 링크 포함),N/A,2025-08-12,https://physics.ssu.ac.kr/%ea%b2%8c%ec%8b%9c%ed%8c%90/%ea%b3%b5%ec%a7%80%ec%82%ac%ed%95%ad/?term_id&slug=7408,"안녕하세요.
숭실대학교 허경수 입니다.
오는 2025년 8월, 천명기 교수님께서 정념퇴임을 맞이하십니다.
그동안 교수님과 함께 연구와 학문적 교류를 이어오신 여러 선생님들을 모시고
감사의 마음을 전하고자 숭실대학교에서 조촐한 기념 워크샵을 마련하였습니다.
◆ 일시 : 2025년 8월 21일(목) 오전 9시 50분 시작.
◆ 장소 : 숭실대학교 진리관 522호(21일) / 백마관 315호 (20,21일)
◆ 공식 언어 : 한국어
◆ 기본 제공 : 점심 및 저녁 식사 제공
원할한 연구 교류를 위해 워크샵 전후 일정에도 연구 논의 시간을 포함하였으니,
추가 참여를 원하시는 분께서는 미리 알려주시면 감사드리겠습니다.
■ 등록 안내(Indico)
참석을 원하시는 분께서는 아래 링크를 통해 사전 등록을 부탁드립니다.
https://indico.omeg.soongsil.ac.kr/event/71/
(등록 마감 : 25.08.20)
저녁식사 예약을 위해 참석 등록을 꼭 부탁드립니다.
부디 참석하시어 교수님의 뜻깊은 시간을 함께 나누어 주시면 감사하겠습니다.
감사합니다.
숭실대학교
허경수 드림."
physics,[장학] 2025-2 물리학과 백마성적우수장학생 선발 시행 및 자격 요건 안내,N/A,2025-07-22,https://physics.ssu.ac.kr/%ea%b2%8c%ec%8b%9c%ed%8c%90/%ea%b3%b5%ec%a7%80%ec%82%ac%ed%95%ad/?term_id&slug=7401,"2025학년도 2힉기 백마성적장학금 장학생  선발을 시행합니다.
2025년 8월 6일(수)에 U-SAINT를 통해 결과를 확인
하실 수 있습니다.
자격 요건은 다음과 같습니다.
[학교 자격요건]
가. 2025학년도 1학기 국가장학금을 신청하여 소득분위 조회가 가능한 자
1) 국가장학금 1차 신청자에 한하여 등록금고지서 사전감면
2) 1차 미신청자: 2차 신청/서류제출 확인 후 지급
(2차 신청자 중 한국장학재단 구제신청 시 사후지급)
3) 국가장학금을 신청할 수 없는 대한민국 국적 미소지자도 선발 가능
(단, 순수외국인전형으로 입학한 외국인유학생은 선발 불가)
나. 2025학년도 1학기 재학 및 복학 예정자로 해당 학기 등록금 납부 예정인 자
1) 2025학년도 1학기 前 등록휴학 후 복학 시 선발 대상에서 제외(등록대체자)
2) 학기 중 미등록, 입학취소, 복학취소 등으로 인한 학적변동 시 모든 장학금 취소
3) 선발 후, 학기 중 휴학 시 백마성적우수장학금은 복학 학기로 이월
※ 추가 또는 교체 선발 시 재학 중인 학생만 선발 가능(휴학생에 대한 추가/교체 불가)
다. 직전 학기 15학점 이상 이수한 자(졸업 직전학기는 직전학기 12학점 이상)
라. 2025-1학기가 정규등록학기 8학기 이내인 자(건축학과 건축학전공: 정규등록 10학
기 이내인 자)
마. F학점 포함 학적부성적 기준 직전 학기
3.8 이상
인 자
바. 모든 교내장학금간 중복수혜 불가
1) 신청장학금 중 수혜금액이 큰 장학금으로 자동 선발
2) 중복수혜 가능 장학금: 국가장학금, 교외장학금, 학과우수장학금, 기타 학업장려비 지원 목적 장학금 등
사. 졸업예정자 선발 불가(조기졸업 대상자 포함)하므로 유의
[학과 자격요건]
가. 학교의 백마성적장학금 조건에 만족하는 학생(학기마다 U-SAINT 공지사항 수시로 확인)
나. 직전학기 물리학과의 전공필수와 전공선택 과목을 합하여 8학점 이상 이수한 학생으로 제한한다.
다. 1학년의 경우, 1학기에 전공기초 9학점 이상과 물리2(기초물리응용1)을 이수하고 2학기에 전공기초 6학점 이상과 물리4(기초물리응용2)를 이수한 학생으로 제한한다. (2024.07.10. 개정)
라. 타학과 전과신청이 승인된 학생은 제외한다.
주의) 물리2는 기초물리응용1으로, 물리4는 기초물리응용2로 과목이 변경됨. (2017학년도 신입생 이후)
주의) 선발비율은 매학기 달라지며, 최종 확정시까지 변동 가능하여 전화 문의 시 답변이 어려울 수 있음."
physics,2025학년도 숭실 Q-양자 여름학교 개최 (2025.07.16-17),N/A,2025-07-01,https://physics.ssu.ac.kr/%ea%b2%8c%ec%8b%9c%ed%8c%90/%ea%b3%b5%ec%a7%80%ec%82%ac%ed%95%ad/?term_id&slug=7391,"2025 숭실Q-양자 여름학교 개최
참가신청 바로가기:
https://forms.gle/x3XazhmWJF3uF88o7
일시: 2025년 7월 16일 – 17일
장소: 베어드홀
주최: 숭실대학교 물리학과
후원: 기초과학융합연구소, 우주물질연구소
♦ 프로그램 안내
1일차:  7/16(수) – 베어드홀 103호
9:30-9:50   1일차 참가자 등록
9:50-10:00   개회사
10:00-11:00   양자컴퓨팅 소개 (박세영 교수님)
11:00-12:00   양자컴퓨팅 기초개념 (박세영 교수님)
12:00-13:30   점심식사
13:30-14:30   초청강연 | 이동헌 교수님 (고려대학교) ‘양자기술이 뭐길래? 미래를 여는 과학 이야기’
14:30-15:30   초청강연 | 김제형 교수님 (UNIST) ‘Quantum playground with solid-state quantum emitters’
2일차: 7/17(목)  – 베어드홀 523호
9:30-10:00   2일차 참가자 등록
10:00-11:00   양자응용기술 구현을 위한 다양한 물리계 (소재필 교수님)
11:00-12:00   양자컴퓨팅 실습세션 (오태구 교수님)"
physics,[장학] 2025-1학기 특별재난지역(산불피해)지원 장학금 장학생 선발 안내 (신청기간 – 5/23 15시까지),N/A,2025-04-28,https://physics.ssu.ac.kr/%ea%b2%8c%ec%8b%9c%ed%8c%90/%ea%b3%b5%ec%a7%80%ec%82%ac%ed%95%ad/?term_id&slug=7333,"2025-1학기 특별재난지역(산불피해)지원 장학금 장학생 선발 안내
1. 지원목적: 2025년 산불 화재로 경제적 곤란과 어려움에 처한 학생에게 장학금 지원하여 학비 부담을 경감하고 학업에 대한 동기를 부여하고자 함
2. 지원대상: 2025년 산불로 인하여 피해를 입은(학부모 또는 학생이 특별재난지역 거주)학부 재학생
3. 자격요건
가. 2025학년도 1학기 등록한 학부 재학생
나. 2025년 산불로 인한 피해 사실이 확인된 자
다. 정규등록 8학기 이내인 자(건축학과 건축학전공은 정규등록 10학기 이내)
4. 지원금액: 피해사실확인서에 따라 학교가 정한 금액
(생활비 지원 목적 최대 300만 원)
5. 선발일정 및 제출서류
가. 일정
1) 신청기간: 2025.5.23.(금) 15:00까지
2) 결과발표: 2025.5.30.(금) 예정
3) 장학금지급: 6월 중
(대표학생 10명에게 해당 장학금 기부자에 대한 감사편지를 요청드릴 수 있으니 양해부탁드립니다.)
나. 제출서류
1) 장학금 신청서(붙임파일)
2) 피해사실확인서(관할 주소지 행정복지센터 등 관공서에서 발행)
3) 가족관계증명서(피해자와의 관계 확인용)
※ 제출서류는 2025년 3월 이후 발급분에 한하여 유효함
다. 신청방법: 제출서류를 장학팀 이메일(
ser@ssu.ac.kr
)로 송부
6. 문의: 학생처 장학팀 교외장학 담당(02-820-0819)
붙 임: 장학금 신청서 양식 1부. 끝."
physics,[장학] 2025학년도 국가우수장학금(이공계) 재학중우수자유형(2년 지원) 선발안내,N/A,2025-04-17,https://physics.ssu.ac.kr/%ea%b2%8c%ec%8b%9c%ed%8c%90/%ea%b3%b5%ec%a7%80%ec%82%ac%ed%95%ad/?term_id&slug=7325,"2025학년도 국가우수장학금(이공계) 재학중우수자유형(2년 지원) 선발안내
2025학년도 한국장학재단 국가우수장학금(이공계) 재학중우수자유형(2년 지원) 신규장학생 선발을 다음과 같이 안내하오니, 많은 지원 바랍니다.
1. 장학금명: 국가우수장학금(이공계) 재학중우수자 유형
2. 장학금액: 2년간 등록금 전액(성적기준 충족 시 정규 등록학기 내 지원)
3. 지원자격 (가~사 항을 모두 충족하는 학생)
가. 국가우수장학생(이공계)으로 선발된 이력이 없는 자연과학 및 공학계열 학과(부) 3학년 재학생 중 대학의 추천을 받은 자
※ 이공계 학과(부): 자연대, 공과대, IT대, 베어드학부대학 자유전공학부
※ 자유전공학부 학생도 신청가능하나 장학금 수혜 후 비이공계로 진급한 경우, 장학생 자격박탈 및 장학금 전액 반환
※ 건축학부 건축학전공(5년제)의 경우, 5~6학기를 이수한 자
나. 입학 당시 교내 전액 장학생으로 선발되지 않은 자
다. 동일학기에 한국장학재단에서 운영 중인 타 장학금(인문100년장학금, 중소기업취업연계장학금, 고졸 후 학습자 장학금 등)
수혜자 또는 장학생 자격 유지자 제외
라. 졸업 후 이공계 분야로 진학 또는 취업을 희망하는 자(졸업 후 이공계분야 미진출 또는 미취업 시 장학금 전액 반환)
마. 부모 직장 또는 타 외부장학재단/기관에서 학자금을 지원받지 않는 자(그 외 타 장학금 수혜가능성 등을 평가하여 선발)
바. 직전 4~5개 학기(건축학부 건축학전공 5~6개 학기) 학적부성적 기준 산술평균 87점 이상 또는 평점평균 3.5 이상인 자
사. 총 취득한 이수학점이 졸업이수학점 기준의 40% 이상을 충족하는 자
4. 세부안내
가. 지원대상: 자연대학, 공과대학, IT대학, 베어드학부대학 자유전공학부 재학생
나. 추천인원: 7명
다. 선발기준: 학업계획서 및 학업성적 평가
5. 신청기간
가. 학생 신청기간(학생→장학팀): 2025.04.25.(금) 15:00까지
– 점심시간 12:20~13:20 및 토․일요일 접수 불가
나. 본교 추천명단 발표: 2025.05.12.(월) 18:00 예정 (SMS 개별연락)
다. 본교 추천학생 장학금 신청(학생→재단): 2025.05.21.(화)~05.23.(목) 17:00
1) 한국장학재단 포털에 온라인 신청(학생 공인인증서 반드시 필요 함)
2) 온라인 미 신청 시 추천은 자동 취소 되며, 차 순위 학생으로 자동 교체
※ 향후 추진 상황에 따라 일정 변동 가능
6. 최종 합격자 발표 및 장학금 지급: 2025.06월 중
7. 제출서류 및 제출처
가. 제출서류: 장학금 지원서, 학업계획서, 개인정보 동의서(지원서 사진은 이미지파일 또는 실 증명사진 부착 가능)
※ 반드시 워드로 작성 요망(수기 작성 금지)
나. 제출장소: 학생처 장학팀 (미래관 106-2호)
※ 방문제출 또는 우편제출(서류가 미비한 경우, 탈락될 수 있음/ 기한내 도착분에 한함)
※ 우편주소: 06978 서울시 동작구 상도로 369 숭실대학교 미래관 106-2호 장학팀
붙임  1. 국가우수장학금(이공계) 지원서 및 학업계획서 양식 1부
2. 장학재단 학생신청 매뉴얼 1부. 끝."
physics,[장학] 2025학년도 국가우수장학금(이공계) 성적우수 유형(수시/정시 신입생) 신규장학생 선발안내,N/A,2025-04-17,https://physics.ssu.ac.kr/%ea%b2%8c%ec%8b%9c%ed%8c%90/%ea%b3%b5%ec%a7%80%ec%82%ac%ed%95%ad/?term_id&slug=7321,"2025학년도 국가우수장학금(이공계) 성적우수 유형(수시/정시 신입생) 신규장학생 선발안내
2025학년도 한국장학재단 국가우수장학금(이공계) 성적우수유형 신규장학생 선발을 다음과 같이 안내하오니, 많은 지원 바랍니다.
1. 장학금명 : 국가우수장학금(이공계) 성적우수 유형
2. 장학금액 : 등록금 전액(성적기준 충족 시 정규 등록학기 내 지원)
3. 지원자격 (가~사 항을 모두 충족하는 학생)
가. 2025년 입학자: 이공계(자연대, 공과대, IT대, 베어드학부대학 자유전공학부) 소속
※ 자유전공학부 학생도 신청가능하나 장학금 수혜 후 비이공계로 진급한 경우, 장학생 자격박탈 및 장학금 전액 반환
나. 동일학기에 한국장학재단에서 운영 중인 타 장학금(인문100년장학금, 중소기업취업연계 장학금, 고졸 후 학습자 장학금 등)
수혜자 또는 장학생 자격 유지자 제외
다. 교내 4년 전액 장학생 제외(베어드입학우수장학금, 국가유공자장학금, 북한이탈주민장학금 등)
라. 부모직장 또는 타 외부장학재단/기관에서 학자금을 지원받지 않는 자 (그 외 타 장학금 수혜가능성 등을 평가하여 선발)
마. 졸업 후 이공계 분야로 진학 또는 취업을 희망하는 자
[비이공계 (전과)진급, 졸업 후 이공계분야 미진출 또는 미취업 시 장학금 전액 반환]
바. 검정고시 출신 및 외국고교졸업자 제외
사. 한국장학재단에서 정하는 고교성적 기준 또는 2025년도 수능성적 기준을 충족하는 자(하단 참조)
※ 수능성적 기준, 고교성적 기준 중 한가지 유형을 선택하여 신청
4. 세부안내
가. 지원대상: 자연과학대학, 공과대학, IT대학, 베어드학부대학 자유전공학부 재학생
나. 추천인원: 7명
다. 선발기준: 학업계획서 및 고교성적 또는 수능성적 평가
라. 한국장학재단 성적기준 충족 요건
1) 고교 성적기준
구분
유형
성적 기준
이수단위 합계
석차등급
적용 고교
과학고
석차등급 6등급 이내 과목
24단위 이상
일반고
석차등급 3등급 이내 과목
24단위 이상
학점 적용 고교
영재학교
B
–
학점 이상 과목
24단위 이상
※ 일반고는 과학고 및 영재학교를 제외한 모든 유형의 고등학교를 의미
※ 성적기준 충족 예외 인정 사례
① 석차등급이 원칙인 과목이나, 수강인원 부족 등 특수한 이유로 석차등급이 나오지 않은 경우 B
–
이상 학점
② ‘2015 개정 교육과정’에 따른 진로 선택과목의 경우 A등급
※ 석차등급 또는 학점이 ‘Pass/Fail’로 표시되는 과목은 적용과목에서 제외(단, 특정 학년 필수과목 전체가 Pass/Fail일 경우
과목별로 B
–
이상 학점을 취득한 것이 공식적으로 증빙 가능할 경우 이수단위 합계에 포함 가능, 증빙자료 보관 필수)
※ 교육부 비 인가학교 및 외국계학교는 지원 대상 고등학교에서 제외
※ 교육부 인가를 받은 외국교육기관 등에서 일반고 기준으로 성적 산출이 안 될 경우 영재고 기준으로 적용, 단 증빙자료 보관 필수
□ 적용 교과 및 과목: 고등학교 재학 중 全학년 全학기 동안 이수한 수학 및 과학 관련 과목(UP, AP포함)
① 일반고 및 과학고: 수학·과학 교과 과목 및 이와 관련된 과목)
교과명
과목명(예시)
수학
공통수학, 수학10-가, 수학10-나, 이산수학, 실용수학, 수학Ⅰ, 수학Ⅱ, 미적분 I, 미적분 II, 미적분과 통계 기본,
확률과 통계, 수학의 활용, 적분과 통계, 기하와 벡터, 고급 수학 I, 고급 수학 II 등
과학
공통과학, 생활과 과학, 물리Ⅰ, 물리Ⅱ, 화학Ⅰ, 화학Ⅱ, 생명과학Ⅰ, 생명과학 II, 지구과학Ⅰ, 지구과학Ⅱ 등
과학에
관한 교과
물리실험, 화학실험, 생물실험, 지구과학실험, 고급물리, 고급화학, 고급생물, 고급지구과학, 고급 생명 과학,
생명 과학 실험, 컴퓨터과학Ⅰ, 컴퓨터과학Ⅱ, 전자과학, 환경과학, 과학사, 과학사 및 과학철학, 현대과학과기술,
과학철학, 정보과학Ⅰ, 정보과학Ⅱ, 과제연구Ⅰ, 과제연구Ⅱ, 원서강독, 워크숍, 기타 등
※ 재량교과 중 상기 과목명과 동일한 교과의 경우 포함
※ 상기 과목 이외에 고교 재량교과 및 기타로 분류된 수학ㆍ과학 관련 과목 인정
② 영재학교: 수학 및 과학 교과 필수/심화/선택/특강 과목
③ 기타: 한국대학교육협의회 주관 고교-대학 연계 심화과정
(UP: University-Level Program), 국제에 관한 교과(AP:Advanced Placement) 과목 중 수학 및 과학 관련 과목 인정
2) 수능 성적기준: 2025년도 대학수학능력시험 영역별 등급기준
구분
수학
과학탐구영역(2개 과목)
수도권 대학
1순위
1등급
1등급 + 1등급 또는
1등급(과학Ⅱ) + 3등급이내
2순위
1등급
1등급 + 3등급이내
5. 신청기간
가. 학생 신청기간(학생→장학팀): 2025.04.25.(금) 15:00까지
– 점심시간 12:20~13:20 및 토․일요일 접수 불가
나. 본교 추천명단 발표: 2025.05.12.(월) 18:00 예정 (SMS 개별연락)
다. 본교 추천학생 온라인 신청(학생→재단): 2025.05.21.(화)~05.23.(목) 17:00
1) 한국장학재단 포털에 온라인 신청(학생 공인인증서 반드시 필요 함)
2) 온라인 미 신청 시 추천은 자동 취소 되며, 차 순위 학생으로 자동 교체
※ 향후 추진 상황에 따라 일정 변동 가능
6. 최종 합격자 발표 및 장학금 지급: 2025.06월 중
7. 제출서류 및 제출처
가. 제출서류: 장학금 지원서, 학업계획서, 개인정보 동의서(지원서 사진은 이미지파일 또는 실 증명사진 부착 가능)
※ 반드시 워드로 작성 요망(수기 작성 금지)
나. 제출장소: 장학팀(미래관 106-2호)
※ 방문제출 또는 우편제출(서류가 미비한 경우, 탈락될 수 있음/ 기한내 도착분에 한함)
※ 우편주소: 06978 서울시 동작구 상도로 369 숭실대학교 미래관 106-2호 장학팀
붙임 1. 국가우수장학금(이공계) 지원서 및 학업계획서 양식 1부
2. 장학재단 학생신청 매뉴얼 1부. 끝."
physics,[장학] 2025년 대통령과학장학금 신규장학생 선발 공고,N/A,2025-03-26,https://physics.ssu.ac.kr/%ea%b2%8c%ec%8b%9c%ed%8c%90/%ea%b3%b5%ec%a7%80%ec%82%ac%ed%95%ad/?term_id&slug=7254,"발전 가능성이 있는 우수 이공계 미래인재를 선발하여 학업 전념 및 대한민국 리더 과학자로의 성장을 지원하기 위해
장학금을 지급하는 「2025년 대통령과학장학금」 신규 장학생 선발 안내를 공고하오니 해당 학생은 신청기간 내 반드시
온라인 신청 및 서류제출을 완료하여 주시기 바랍니다.
1. 지원 대상
□ 공통 자격 요건
가. 대한민국 국적 소지자
나. 국내 4년제 대학(자연과학 및 공학계열 학과(부))에 재학 중인 ① 2025년 신입생 및 ② 3학년생
③ 해외 4년제 대학(자연과학 및 공학계열 학과(부))에 2025년 입학 예정 및 확정인 신입생
□ 유형별 자격 요건
가.  국내외 1학년 : △’23년 12월~’25년 국내고등학교 졸업(예정)자로서 국내 고등학교 재학 중 이수한 수학·과학 과목 수 또는
이수단위 합계가 다음 기준 이상인 자(이하 ‘학업성적 보유자’) 또는 △｢초･중등교육법｣상 고교졸업자와 동등한 학력을 인정받은 자(이하 ‘동등학력자’)
구분
유형
기준
과목 수
이수단위 합계
석차 등급
적용 고교
과학고
석차 4등급 이내 과목
10개 과목 이상
24단위 이상
일반고
석차 3등급 이내 과목
학점 적용 고교
영재학교
A-학점 이상 과목
나. 국내 3학년 : ‘25.3월 기준 학사정보가 3학년으로 등록된 자로서, 대학교 재학 중이며 직전학기까지 총 평균성적이 백분위 점수 87점 이상인 자
다. 지역추천 : 시·도교육감의 관할 지역 내 ‘23.12월~’25년 고교졸업생 중 동 지역대학 자연과학 및 공학계열 학과(부) 입학예정자로서 시·도교육감의 추천을 받은 자
2. 지원 내용
□ 국내 장학생 : 대학 등록금(수업료) 전액, 학업장려비 250만원/학기
※ 기초생활수급자의 경우 생활비 추가 지원(250만원/학기)
□ 해외 장학생 : 학비, 체재비 등 최대 미화 $5만/연
※ 신규 장학생의 경우 출국 항공료 1회 실비 지원
3. 선발 규모 및 기준 등
□ 선발규모: 총 157명 내외(국내1학년 60명, 3학년 60명, 지역추천 17명, 해외 20명)
□ 선발절차: 서류심사 → 인·적성 검사 → 심층면접
※ 지역추천 유형은 서류심사 면제
※ 인·적성검사는 심층면접 대상자에 한하여 실시하며, 미응시할 경우 탈락 처리 (심층면접 시 인·적성검사 결과를 참고자료로 활용)
□ 신청‧선발 분야
○ 국내외 1학년 : 수학, 물리, 화학, 생물, 지구과학(천문 등), 정보
○ 국내 3학년 : 자연, 공학Ⅰ, 공학Ⅱ
구분
해당 전공
자연
수학, 물리, 천문, 지구과학, 생물, 화학, 환경, 농림·수산, 생활과학 등
공학Ⅰ
전기·전자, 컴퓨터·통신, 소재·재료등
공학Ⅱ
건설,토목·도시, 교통·운송, 기계·금속, 정밀·에너지, 산업, 화학공학 등
○지역추천: 전국 17개 시‧도교육감 관할 지역별 분야 구분없이 통합 신청
4. 선발·평가 기준
□ 선발기준: 수학·과학 분야의 우수성, 사회적 책임감, 사회기여의식 등 평가
※ 상세 기준은 붙임 참조
5. 신청기간: 2025.04.08.(화) 18:00까지
※ 단, 지역추천전형은 시·도 교육감 추천자에 한해 별도 신청 안내 예정
6. 신청방법: 온라인 개별 본인신청
※ 한국장학재단 홈페이지(www.kosaf.go.kr) → 본인명의 전자서명수단(인증서) 로그인 → 장학금 → 국가우수장학금 → 대통령과학장학금 → 신청하기
7. 선발 일정(예정)
□ 서류심사: 2025년 4~5월 중
□ 인·적성검사(온라인): 2025년 5월 중
□ 심층면접: 2025년 5월 중
□ 최종발표: 2025년 5~6월 중
※ 상기 선발 일정은 심사 일정 변동 등에 따라 변경될 수 있음
8. 문의처: 한국장학재단 상담센터 1599-2290
※ 신청 기간 중 평일 09:00〜18:00에 이용 가능
붙임 1. 대통령과학장학금 업무처리기준 및 공고문 1부
2. 제출서류 양식 각 1부. 끝."
physics,2025학년도 1학기 국가장학금 신청자 가구원 동의 안내,N/A,2025-03-13,https://physics.ssu.ac.kr/%ea%b2%8c%ec%8b%9c%ed%8c%90/%ea%b3%b5%ec%a7%80%ec%82%ac%ed%95%ad/?term_id&slug=7222,"2025학년도 1학기 국가장학금 가구원 동의 관련하여 다음과 같이 안내합니다.
♦ 2025학년도 1학기 국가장학금 가구원 동의 미완료자 대상 안내입니다.
※ 가구원 동의 절차 미완료 시 국가장학금 지원이 불가하며,
장학규정에 따라 교내장학금 지원도 불가하니 기한 내에 완료하여 주시기 바랍니다.
1. 가구원 정보제공 동의 기간: 2025.03.25.(목) 18:00 까지(온·오프라인 동일)
구분
영향
기한 내 가족관계 확인 및 가구원 정보제공동의를 하지 않을 경우
지원구간 산정이 지연되거나 불가할 수 있음(또한, * 최신화 신청도 불가할 수 있음)
* 최신화 신청: 지원구간 산정 결과에 대해 이의 또는 최신화 사유가 있는 경우, 재단 홈페이지(모바일 앱 포함)를 통해 최신화 신청
재외국민 특별전형 입학자,주민등록코드 상재외국민(가구원 중 1인 이상), 또는 학생 또는가구원(형제·자매 포함)이 재외국민 특별전형으로 입학하여 국외 소득·재산 신고 대상자로 선정된 이력이 있는 경우(당해 학기 포함)
기한 내 가족관계 확인 및 가구원 정보제공 동의를 하지 않으면, 국외 소득․재산 신고 대상자로 선정되지 않아 지원구간 산정 불가
2. 동의대상 가구원 범위
– 미혼: 학생의 부·모 모두
– 기혼: 학생의 배우자
※ 학생 본인이 기초·차상위계층 자격이 확인될 경우, 가구원 정보제공동의 생략 가능
(단, 주거안정장학금 신청자는 가구원 확인 및 정보제공동의 절차 필수)
※ 가구원 부양관계 단절 등 동의 불가 시, 제외 심사를 통해 동의대상 가구원 제외 가능
3. 방법
가. 온라인: 홈페이지 또는 모바일 앱 접속 → 가구원(부․모 또는 배우자)의 전자서명 동의
1) 홈페이지 주소:
http://www.kosaf.go.kr
2) 모바일 앱 주소:
https://mo.kosaf.go.kr/apps
※ 사용가능한 전자서명수단 확대에 따라 현재 온라인 동의시 아래 전자서명수단 사용 가능
– 개인용 범용 공동인증서, 개인용 은행 공동인증서, 금융인증서, 간편인증(카카오톡, 페이코, KB국민은행, 통신사 PASS, 삼성패스, 네이버,
신한인증서, 하나은행, 토스, 뱅크샐러드 등)
나. 오프라인: 입원․고령․농어촌거주․장애 등 온라인 동의 불가 시, 상담센터(1599-2000) 문의 하여 오프라인 동의 진행
※ 자세한 사항은 첨부파일(가구원 정보제공 동의 상세절차) 참조
4. 문의처: 한국장학재단 상담센터 1599-2000
붙임 가구원 정보제공동의 상세 절차 1부. 끝."
physics,[중앙도서관] 교수와 함께하는 독서토론세미나,N/A,2025-03-12,https://physics.ssu.ac.kr/%ea%b2%8c%ec%8b%9c%ed%8c%90/%ea%b3%b5%ec%a7%80%ec%82%ac%ed%95%ad/?term_id&slug=7218,"중앙도서관에서 진행하는 프로그램인 <교수와 함께하는 독서토론세미나>  홍보 게시물입니다.
물리학과에서는 이재구, 정현희 교수님께서 세미나를 개설하셨으니, 물리학과 학생 여러분의 많은 참여 부탁드립니다.
★필독 사항★
1. 해당 프로그램은
한 학기 동안 최소 4회 이상 진행되는 독서토론 모임
입니다. 참석할 수 있는 일정의 세미나인지 반드시 확인 후 신청하시기 바랍니다.
2. 신청 후
수료하지 못 하는 경우 향후 1년 동안 중앙도서관에서 진행하는 모든 프로그램에 참여 불가능
하니 신중하게 신청하시기 바랍니다. 또한,
제공되었던 토론 도서는 반납 또는 변상처리
됩니다.
3.
강의 및 토론 비율이 세미나별로 안내
되어 있습니다. 참고하여 본인에게 알맞은 세미나를 선택하시기 바랍니다.
4. 세미나별
토론도서 수, 난이도 등에 따라 운영 횟수가 상이
합니다. 세미나 선택에 참고하시기 바랍니다.
5.
독서토론기록장은 모임마다 반드시 제출
해야 하며,
팀원 모두 분담하여 작성
해야 합니다.
6. 팀장은 운영교수님이 선발하며, 독서토론기록장 제출 관리, 활동비 사용을 위한 법인카드 수령 등을 담당하게 됩니다.
(*우수세미나로 선발되는 경우 팀장은 더 많은 상금을 수령하게 됩니다.)
◎ 모집기간:
3월 4일(화) 9시 00분부터 ~ 3월 14일(금) 17시 00분까지
◎ 지원방법
1)
‘독서토론세미나 프로그램 안내자료'(클릭)
를 확인
2) 본인이 희망하고, 참석 가능한 일정의 세미나 신청
3) 세미나별(4명~8명) 선착순 모집
※ 이번 학기는 총 19개의 세미나가 개설되었습니다.
※ 반드시 세미나별 일정 확인 후 신청하시기 바랍니다.
◎ 사전 설명회
1) 독서토론 기록장, 활동비, 현장탐방 등에 대한 안내 사항 전달
2) 일정:
3월 19일 오후 12시, 오후 5시 중 택 1 / 필참 (약 20분 정도 소요)
※ 수업 등의 불가피한 이유로 모두 참석이 어려운 경우 사전 연락 바랍니다.
3) 장소: 중앙도서관 5층 A/V교육실
◎ 세미나별 오픈채팅 단톡방
– 문자 발송 예정, 문자 확인 후 즉시 입장하시기 바랍니다.
– 일부 세미나는 운영하지 않음(교수님이 직접 연락)
◎ 도서 배부 방식
– 세미나별 문자 안내 예정
◎ 문의
– 독서인재프로그램 담당자(
jueun@ssu.ac.kr
, 02-820-0737)
–
카카오톡 채널 ‘@숭실대교토’ 검색 후 친구 추가
(바로가기)
◎
프로그램 신청 바로가기(클릭)"
physics,3D 프린터 사용 안내,N/A,2025-02-12,https://physics.ssu.ac.kr/%ea%b2%8c%ec%8b%9c%ed%8c%90/%ea%b3%b5%ec%a7%80%ec%82%ac%ed%95%ad/?term_id&slug=7159,
physics,[장학] 2025학년도 1학기 국가장학금 2차 신청 안내,N/A,2025-02-05,https://physics.ssu.ac.kr/%ea%b2%8c%ec%8b%9c%ed%8c%90/%ea%b3%b5%ec%a7%80%ec%82%ac%ed%95%ad/?term_id&slug=7140,"2025학년도 1학기 한국장학재단 국가장학금 2차 신청과 관련하여 다음과 같이 안내합니다.
※ 국가장학금 신청 여부에 따라 교·내외 장학금 수혜가 어려울 수 있으니 소득구간과 관계없이 반드시 신청해 주시기 바랍니다.
1. 신청기간: 2025.02.04.(화) 09:00~03.18.(화) 18:00
2. 서류제출 및 가구원 동의: 2025.02.04.(화) 09:00~03.25.(화) 18:00
3. 신청대상: 신입생(고3, 재수생 등 입학예정자), 편입생, 재입학생, 복학생 및 1차 신청을 놓친 재학생
※ 재학생은 1차 신청이 원칙이며, 재학 중 2회에 한해 2차 신청으로 수혜 가능 (단, 구제신청 2회 기사용 또는 기타 탈락사유 존재 시 지원 불가)
※ 신·편입학 첫학기만 학적구분 ‘학부 신·편입생’으로 신청, 두번째 학기부터는 ‘학부 재학생’으로 신청
※ 신입생은 학생 본인 및 가구원(부모 혹은 배우자)의 전자서명수단(①공동인증서 ②금융인증서 ③간편인증) 중 한가지를 반드시 준비
4. 신청방법: 한국장학재단 홈페이지와 모바일 앱을 통한 신청가능(붙임의 매뉴얼 참조)
※ 반드시 학생 본인이 직접 신청
5. 기타 안내사항
□ 2차 신청기간에 신청한 경우, 국가장학금 신청 시 입력한 본인명의계좌로 학기중에 지급
–  한국장학재단, 공무원연금공단 학자금 대출이 있는 경우 대출상환으로 처리
–  분할납부자는 등록금 완납 후 지급 가능
□ 이수학점 및 성적 기준
– 이수학점: 직전학기 12학점 이상(※ 졸업학기의 경우, 직전학기 이수학점 기준 미적용)
– 산술평균 80점 이상
※ 기초생활수급자/차상위계층, 장애학생 등 예외적용 대상자는 한국장학재단 업무처리기준에 따름
※ 직전학기 성적이 모두 P/F인 경우, 산출 가능한 가장 최근학기 성적 적용
□ 국가장학금 Ⅰ유형 신청 결과 확인 된 소득분위 자료는 교내 비전장학금 심사에 활용됩니다.
– 비전장학금: 국가장학금과 연계하여 본교에서 지급하는 교내장학금
– 국가장학금 미 신청 시, 비전장학금 선발 불가
□ 국가장학금 지급 이후 휴학 등으로 재학하지 않는 경우, 장학금이 환수됩니다.
– 국가장학금 수혜 횟수에 포함되지 않음
– 복학 시, 국가장학금 및 교내장학금 재신청
□ 중복지원
– 학자금 대출 + 장학금 총액이 등록금을 초과하는 경우 ‘중복지원’에 해당됨
(※ 근로장학금, 포상장학금, 교육지원장학금 등 등록금 지원 목적이 아닌 학업장려비 성격 장학금은 제외)
– 중복지원에 해당되는 경우 한국장학재단 국가장학금 및 학자금대출 이용 불가
– 학자금 대출을 상환하거나 장학금을 반환해야 중복지원 해소 가능
□ 여러 장학금을 동시에 받는 경우, 교외장학금과 국가장학금이 우선 적용됩니다.
– 우선순위 : ①교외장학금 ②국가장학금 ③교내장학금
6. 문의처
– 한국장학재단 상담센터 1599-2000
– 학생처 장학팀 02-820-0166(국가장학금 관련 문의)
붙임 국가장학금 신청 매뉴얼 각 1부. 끝."
physics,[장학] 2025학년도 1학기 한국장학재단 주거안정장학금 신청 안내,N/A,2025-02-05,https://physics.ssu.ac.kr/%ea%b2%8c%ec%8b%9c%ed%8c%90/%ea%b3%b5%ec%a7%80%ec%82%ac%ed%95%ad/?term_id&slug=7135,"1. 신청기간: 2025.02.04.(화) 9:00~03.18.(화) 18:00까지
– 주말 및 공휴일 포함 신청기간 내 24시간 신청 가능(단, 신청시작일 및 마감일 제외)
– 대상자: 신입생·편입생·재입학생·복학생·재학생 등 모든 학부 학적
※ 신입생의 경우 입학예정(또는 확정) 대학을 반드시 선택 후 신청
2. 서류 제출 및 가구원 동의 기간: 2025.02.04.(화) 9:00~03.25.(화) 18:00까지
※ 신청자 본인이 기초·차상위자격을 보유한 경우에도, 가구원 동의를 반드시 진행해야 함
3. 신청대상: 부모 주소지가 소속 대학 기준으로 통학이 어려운 원거리 지역에 해당하는 미혼 기초·차상위 대학생
※ 상세 범위는 한국장학재단 누리집 참고
4. 신청방법: 한국장학재단 누리집(www.kosaf.go.kr) 및 모바일 앱에서 신청
※ 반드시 학생 본인이 직접 신청
5. 지원내용: 월 최대 20만원, 연간 최대 240만원
6. 이수학점 및 성적 기준
– 이수학점: 직전학기 12학점 이상
※ 졸업학기의 경우, 직전학기 이수학점 기준 미적용
– 산술평균 70점 이상
※ 신·편입생, 재입학생: 첫 학기에 한하여 성적 및 이수학점 기준 미적용
※ 직전학기 성적이 모두 P/F인 경우, 산출 가능한 가장 최근학기 성적 적용
7. 관련문의: 한국장학재단 상담센터 1599-2000
붙임 2025학년도 1학기 주거안정장학금 신청 매뉴얼 각 1부. 끝."
physics,2024-겨울방학 학사경고자 및 학사경고위험군 대상 상담 프로그램 안내,N/A,2025-01-24,https://physics.ssu.ac.kr/%ea%b2%8c%ec%8b%9c%ed%8c%90/%ea%b3%b5%ec%a7%80%ec%82%ac%ed%95%ad/?term_id&slug=7115,"2024학년도 겨울방학 학사경고자 및 학사경고위험군 대상 상담 프로그램을 다음과 같이 안내합니다.
상담 프로그램 개요
가. 목적:
학사경고자
(평점평균 1.5미만)와
학사경고위험군
(평점평균 1.5이상 2.0미만) 학생의 학습 동기 제고 및 성적 향상
나. 상담 대상
구분
대상
상담 참여 시
학사경고자
2024-2학기 학사경고자
수강신청 최대 가능학점 제한 해제
(15
학점
→
19
학점
)
이전 학사경고자 중 2025-1학기 복학 대상
학사경고위험군
2024-2학기 학사경고위험군
–
이전 학사경고위험군 중 2025-1학기 복학 대상
※
2024-2
학기 학사경고자 및 위험군 여부는 성적이 확정되는
2025. 1. 8.(
수
)
이후 확인 가능
다. 상담 프로그램 운영 주체
1)
1
차
학과
(
부
)
상담
: 학과(부) 진로지도교수
※ 외국인 유학생도 학과에서 상담하는 것을 원칙으로 하되, 언어 소통 등 어려움이 있는 경우에는 1차 상담을 국제팀으로 배정 가능
2)
2
차
전문상담
: 교수학습혁신팀 및 상담팀
※ 2차 전문상담을 받아야 수강신청 최대 가능학점 제한 해제됨
라. 상담 프로그램 운영 기간 ※ Mind care는 일정 상이, 하단 세부내용 참조
구분
1
차
·2
차 상담
수강신청 가능학점 제한 해제
정규 기간
(정규 수강신청기간 전)
2025. 1. 9.(목) ~ 2025. 1. 24.(금) 16:00
2. 3.(월) 16:00 이후
추가 기간
(정규 수강신청기간 후)
2025. 2. 5.(수) ~ 2025. 2. 21.(금) 16:00
2. 26.(수) 16:00 이후
참여 방법
가. 상담 절차
구분
학사경고자
학사경고위험군
설문응답
u-SAINT → 학사관리 → 성적/졸업
→ 학기별 성적조회 → 팝업 설문지 응답
해당 없음
1차 학과상담
학과(부)에서 개별 연락 예정
※ 만약 별도 연락이 없을 경우, 학생이 직접 소속학과(부)에 문의해야 함
해당 없음
2차 전문상담
– 아래 전문상담 프로그램 세부내용 확인 후,
학생이 개별 신청
※ 수강신청 가능학점 제한 해제를 위한 상담 프로그램 의무이수 횟수
– 학사경고 1회: 전문상담 프로그램
1
회
이수
학사경고 2회: 전문상담 프로그램
2
회
이수
자율 참여
나. 전문상담 프로그램 세부내용
프로그램명
(
주관 부서
)
세부내용
1대1 학습코칭
(교수학습혁신팀)
프로그램 구성: 학생이 학습검사를 수행하고, 전문가가 검사 결과를 바탕으로 1대1 학습코칭을 수행하여 학생 맞춤형 진로설정과 학습전략 수립을 지원
학생 신청방법: FUN시스템 상담·코칭 메뉴
진행: 대면 또는 온라인 ZOOM 활용
WAKE UP 워크숍
(교수학습혁신팀)
프로그램 구성: 학생이 학습검사를 수행하고, WAKE UP워크숍에 참가하여, 학생 스스로 자기성장보고서 작성을 하면서 주도적으로 학습계획을 설정하고, 시간관리를 통해 달성해 나갈 수 있도록 체계적으로 지원
학생 신청방법: FUN시스템
진행: 대면 워크숍
Mind Care
심리검사 및 상담
(상담팀)
※최대 24명까지
신청 가능
프로그램 구성: 사전 온라인 및 대면 검사를 수행하여 학생의 학업부진 요인을 점검하고 심리적 안정을 지원함. 내적 동기강화를 통해 학습동기를 강화하고, 심리적 증상에 따라 필요할 경우 지속적인 개인 상담으로 연계함
학생 신청방법: FUN시스템 → ‘24-2학기 학사경고자 및 학사경고위험군 Mind Care’ 검색 → 신청
진행: 신청 → 안내 및 사전 온라인 검사 실시 → 센터 방문 → 대면 검사 및 개인 상담(센터 방문 시 소요시간: 약 1시간 30분 ~ 2시간)
※ 신청 기간
– 정규 기간: 2025. 1. 1.(수) 00:00 ~ 1. 10.(금) 23:59
– 추가 기간: 2025. 2. 1.(토) 00:00 ~ 2. 7.(금) 23:59
※ 상담 기간
– 정규 기간: 2025. 1. 13.(월) ~ 1. 24.(금)
– 추가 기간: 2025. 2. 10.(월) ~ 2. 21.(금)
문의
가. 학사팀: 02-828-7401
나. 교수학습혁신팀: 02-828-7132
다. 상담팀: 02-820-0813"
physics,2025학년도 1학기 국내대학 학점교류 신청안내,N/A,2025-01-24,https://physics.ssu.ac.kr/%ea%b2%8c%ec%8b%9c%ed%8c%90/%ea%b3%b5%ec%a7%80%ec%82%ac%ed%95%ad/?term_id&slug=7112,"2025학년도 1학기 국내대학 학점교류 신청 안내드립니다.
첨부파일을 확인하시고, 신청에 유의하시기 바랍니다."
physics,2025학년도 1학기 학과근로장학생 모집 안내,N/A,2025-01-21,https://physics.ssu.ac.kr/%ea%b2%8c%ec%8b%9c%ed%8c%90/%ea%b3%b5%ec%a7%80%ec%82%ac%ed%95%ad/?term_id&slug=7099,"2025학년도 1학기 학과근로장학생을 다음과 같이 모집하니 많은 지원 바랍니다.
근로장학생 자격 및 선발기준
가. 2025학년도 1학기 국가장학금을
1
차
신청하고 소득분위가
9
분위 이내인 자
※ 국가장학금을 신청할 수 없는 대한민국 국적 미소지자도 선발 가능
(단, 순수외국인전형으로 입학한 외국인 유학생은 선발 불가)
나. 2025학년도 1학기 재학 및 복학예정자로 해당학기 등록금 납부 예정인 자
1) 2025학년도 1학기 전 등록휴학 후 복학시 선발 불가(등록대체자)
2) 학기 중 미등록, 입학취소, 복학취소 등으로 인한 학적변동시 모든 장학금 취소
3) 2025학년도 1학기 기준
이수학기가
2~7
학기만 가능
(
건축학 전공은
9
학기까지
)
※
마지막학기 재학생은 선발 불가
다. 직전학기 취득학점 및 학업성적 제한 없음
라. 타 장학금과 중복수혜 가능(근로장학금 간 중복 불가)
※ 본 장학금은 학업장려비 지원 목적으로 등록금(입학금 및 수업료)를 초과하여 지급
마. 국가근로장학생 및 교내근로장학생에 선발되지 않은 자
※
국가근로 및 교내근로 선발자가 포기 후 학과근로 선발될 수 없음
근로장학생 종류별 장학금액 및 근로시간
장학금명
시간당 장학금
총 근로시간 (학기)
1인당 장학금액(원)
학과근로A
10,030원
10시간*20주=200시간
2,006,000
학과근로B
10,030원
5시간*20주=100시간
1,003,000
※ 장학금은 매월 지급하며, 실 지급액은 근로시간에 따라 달라질 수 있음
※ 주 기준은 학기당 받을 수 있는 장학금액 산정을 위한 것이며, 총 시간 내에서 8월까지
근로할 수 있음
※ 장학금 지급일: 매월 셋째주 금요일 예정(Ex. 9월분 근로장학금 지급일: 10월 셋째주 금요일)
유의 사항
가. 선발된 학생은 소속부서에서 지정된 근로시간 동안 근무해야 하며, 학기 중 학적변동
(휴학, 자퇴, 제적 등) 등 불가피한 사유가 인정되는 중도 포기 시 근로 시간 만큼 지급
나. 2025년 7월 근로평가 전까지 교체 가능(단, 교체 전 학생의 근로시간을 차감)
다.
국가근로 및 교내근로로 선발 시 학과근로 선발에서 제외됨
(선발 우선순위: 1. 국가근로, 2. 교내근로, 3. 학과근로)
–
신청절차
가. 학생신청방법: u-SAINT포털 → 등록/장학 → 장학메뉴 ‘근로장학금’→학과근로A/B신청 → 지원서 출력 → 지원서 제출
※
u-SAINT
출력본 제출 필수
나. 온라인접수 및 서류제출기간:
2025
년
2
월
3
일
(
월
) 10:00 ~ 2
월
7
일
(
금
) 17:00
※
제출 일시 이후 제출본은 불인정하니 유의
1) 제출서류: 지원서(u-SAINT출력본)
2) 제출장소: 각 학과사무실
–
선발결과 발표
:
2025년 2월 24일(월) 18:00 이후 본교 홈페이지 공지사항 공지 예정
문의
:
각 학과 사무실"
physics,[장학] 2025-1학기 물리학과 백마성적장학금 선발 시행 및 자격요건 안내,N/A,2025-01-16,https://physics.ssu.ac.kr/%ea%b2%8c%ec%8b%9c%ed%8c%90/%ea%b3%b5%ec%a7%80%ec%82%ac%ed%95%ad/?term_id&slug=7095,"2025학년도 1힉기 백마성적장학금 장학생  선발을 시행합니다.
2025년 2월 7일(금)에 U-SAINT를 통해 결과를 확인
하실 수 있습니다.
자격 요건은 다음과 같습니다.
[학교 자격요건]
가. 2025학년도 1학기 국가장학금을 신청하여 소득분위 조회가 가능한 자
1) 국가장학금 1차 신청자에 한하여 등록금고지서 사전감면
2) 1차 미신청자: 2차 신청/서류제출 확인 후 지급
(2차 신청자 중 한국장학재단 구제신청 시 사후지급)
3) 국가장학금을 신청할 수 없는 대한민국 국적 미소지자도 선발 가능
(단, 순수외국인전형으로 입학한 외국인유학생은 선발 불가)
나. 2025학년도 1학기 재학 및 복학 예정자로 해당 학기 등록금 납부 예정인 자
1) 2025학년도 1학기 前 등록휴학 후 복학 시 선발 대상에서 제외(등록대체자)
2) 학기 중 미등록, 입학취소, 복학취소 등으로 인한 학적변동 시 모든 장학금 취소
3) 선발 후, 학기 중 휴학 시 백마성적우수장학금은 복학 학기로 이월
※ 추가 또는 교체 선발 시 재학 중인 학생만 선발 가능(휴학생에 대한 추가/교체 불가)
다. 직전 학기 15학점 이상 이수한 자(졸업 직전학기는 직전학기 12학점 이상)
라. 2025-1학기가 정규등록학기 8학기 이내인 자(건축학과 건축학전공: 정규등록 10학
기 이내인 자)
마. F학점 포함 학적부성적 기준 직전 학기
3.8 이상
인 자
바. 모든 교내장학금간 중복수혜 불가
1) 신청장학금 중 수혜금액이 큰 장학금으로 자동 선발
2) 중복수혜 가능 장학금: 국가장학금, 교외장학금, 학과우수장학금, 기타 학업장려비 지원 목적 장학금 등
사. 졸업예정자 선발 불가(조기졸업 대상자 포함)하므로 유의
[학과 자격요건]
가. 학교의 백마성적장학금 조건에 만족하는 학생(학기마다 U-SAINT 공지사항 수시로 확인)
나. 직전학기 물리학과의 전공필수와 전공선택 과목을 합하여 8학점 이상 이수한 학생으로 제한한다.
다. 1학년의 경우, 1학기에 전공기초 9학점 이상과 물리2(기초물리응용1)을 이수하고 2학기에 전공기초 6학점 이상과 물리4(기초물리응용2)를 이수한 학생으로 제한한다. (2024.07.10. 개정)
라. 타학과 전과신청이 승인된 학생은 제외한다.
주의) 물리2는 기초물리응용1으로, 물리4는 기초물리응용2로 과목이 변경됨. (2017학년도 신입생 이후)
주의) 선발비율은 매학기 달라지며, 최종 확정시까지 변동 가능하여 전화 문의 시 답변이 어려울 수 있음."
physics,2024년도 겨울학기 숭실 Q 양자겨울학교 프로그램(참가 신청:~25.01.08.),N/A,2024-12-31,https://physics.ssu.ac.kr/%ea%b2%8c%ec%8b%9c%ed%8c%90/%ea%b3%b5%ec%a7%80%ec%82%ac%ed%95%ad/?term_id&slug=7068,"안녕하세요, 물리학과입니다.
교내 주요 행사인 “숭실 Q 양자겨울학교”  프로그램을 진행하오니 학생들의 많은 참여바랍니다.
[2024년 겨울학기 숭실 Q 양자겨울학교]
•일시: 2025년 01월 08일(수) – 09일(목)
•장소: 베어드홀 103호(1일차 강의), 523호(2일차 실습)
•주최: 숭실대학교 물리학과
•후원: 기초과학융합연구소, 우주물질연구소
•참가 신청 링크 :
전체 – 펀시스템, 비교과 통합정보시스템 (ssu.ac.kr)"
physics,2025학년도 1학기 교내장학금 시행 공고,N/A,2024-12-17,https://physics.ssu.ac.kr/%ea%b2%8c%ec%8b%9c%ed%8c%90/%ea%b3%b5%ec%a7%80%ec%82%ac%ed%95%ad/?term_id&slug=7052,"2025학년도 1학기 교내장학금 신청 시행을 다음과 같이 안내합니다.
1. 교내장학금 자격요건
가. 2025학년도 1학기 국가장학금 신청(1차: 2024.12.26(목) 18:00까지 신청 가능) 및 서류 제출을 완료하고 소득분위가 조회된 자
(국가장학금 지급 대상 분위의 경우 심사가 완료된 자)
나. 2025학년도 1학기 재학 및 복학(예정)자로 등록금 납부 예정인 자
1) 2025학년도 1학기 前 등록휴학 후 복학 시 장학생 선발대상에서 제외
2) 미등록, 입학취소, 복학취소, 휴학 등 학적변동 시 모든 장학금 취소
다. 직전학기 15학점 이상 이수한 자(최종 직전학기는 12학점)
라. 정규등록학기가 8학기 이내인 자(건축학부 건축학전공은 10학기 이내)
2. 학생 신청절차
가. 온라인 신청 및 서류제출기간 :
2024.12.23(월)10:00 ~ 2025.01.10(금)24:00
※ 2차: 2025. 03. 03(월)~ 2025. 03. 28(금) 예정
나. 학생 신청방법: u-SAINT포털 → 등록/장학 → 장학메뉴 → 장학금 신청
다. 학생 서류제출: 온라인 신청기간 내 방문 및 등기우편제출 가능(세부내용 붙임 파일 참조)
※ 단, 전문자격시험합격자장학금의 경우 등기우편 불가"
physics,[장학]2025학년도 1학기 한국장학재단 국가장학금 1차 신청 안내,N/A,2024-11-21,https://physics.ssu.ac.kr/%ea%b2%8c%ec%8b%9c%ed%8c%90/%ea%b3%b5%ec%a7%80%ec%82%ac%ed%95%ad/?term_id&slug=6999,"안녕하세요, 물리학과입니다.
2025학년도 1학기 한국장학재단 국가장학금 관련하여 많은 학생들의 지원 바랍니다.
1. 세부안내
가. 신청기간: 2024.11.21.(목) 9:00~12.26.(목) 18:00까지
나. 서류 제출 및 가구원 동의 기간: 2024.11.21.(목) 09:00~2025.01.02.(목) 18:00까지
다. 신청대상:  신입생(고3, 재수생 등 입학예정자), 재학생, 편입생, 재입학생, 복학생 등 모든 학적 신청가능
※ 재학생은 원칙적으로 1차 신청 기간에만 신청 가능하며, 2차 신청자는 재학 중 2회에 한하여 구제신청 자동 적용 및 심사 후 지원 가능(구제신청 적용 여부 선택 불가)
※ 국가장학금 신청후 소득분위 심사가 완료된 학생에게 교내장학금 지급이 가능하므로 반드시신청
라. 신청방법: 한국장학재단 홈페이지(www.kosaf.go.kr) 및 모바일 앱에서 신청"
physics,[홍보]물리학과 반도체 정보 및 소통 공간 SPSL 오픈,N/A,2024-04-29,https://physics.ssu.ac.kr/%ea%b2%8c%ec%8b%9c%ed%8c%90/%ea%b3%b5%ec%a7%80%ec%82%ac%ed%95%ad/?term_id&slug=6492,"물리학과 학생 여러분께,
안녕하세요, 작년 10월 삼성전자에서 숭실대 물리학과 겸임교수로 온 이재구 입니다.
제가 물리학과에 온지도 어느덧 7개월이 훌쩍 지났습니다. 7개월 남짓 동안 물리학과 교수님들과 여러 학생분들과 많은 이야기를 나누면서 학과를 위해 무엇을 할 수 있을까? 하는 고민을 해왔습니다.
교수님들과 학생들과 이야기 도중 가장 많이 관심있는 부분은 ① 반도체 관련 업체 취업 ② 반도체의 체계적인 공부 ③ 반도체 관련 최근 Trend 등이 있었습니다.
이러한 부분을 최대한 반영하여 인터넷 공간에 모임 공간을 마련 하였으며, 이에 대해 물리학과 내 몇 분의 교수님들과 학생들의 의견을 수렴하여 1차 피드백을 받았습니다.
[현재 상황]
명칭 : SPSL (Soongsil Physics Semiconductor Library)
대상 : 숭실대 물리학과 재학생, 졸업생, 교수님들
공개 형태 : 인터넷 내 양방향 소통이 가능한 밴드(BAND) 로 진행 하며, 필요시 Off-line 모임도 진행 예정임.
공개 정보 : ① 취업 전략 ② 기업정보 ③ 최신 기술 ④ 기술 이슈 ⑤ 반도체 개론 등
현재 상황 및 향후 일정 : ① 밴드 제작 (4/6일, 완료) ② 학과 내 1차 검증 (4/7일 ~ 4/20일 완료)
③ 학과 내 2차 검증 (4/21일 ~ 완료) ④ 1차, 2차 검증 내용 피드백 ( ~ 4/30일)
⑤ 물리학과
전체 공개 (5/1일)
[밴드 가입 방법]
① 플레이 스토어에서 “밴드” 검색 후 설치
② 밴드(BAND) 가입 후
③ 검색에서 “SPSL” 입력
④ 가입 신청
물리학과
“SPSL”
을 보시고, 부족한 부분이나 좀 더 강화했으면 하는 부분이 있으시면 많은 피드백 부탁드립니다.
감사합니다.
/이재구 드림"
physics,[홍보] 전자소재분광학연구실(이윤상 교수) 학부연구생 모집 – 모집기간 연장(~25.09.07),N/A,2025-08-18,https://physics.ssu.ac.kr/%ea%b2%8c%ec%8b%9c%ed%8c%90/%ea%b3%b5%ec%a7%80%ec%82%ac%ed%95%ad/?term_id&slug=7417,"안녕하세요.
전자소재분광학연구실(지도교수: 이윤상)에서 학부연구생을 모집중에 있습니다.
2, 3학년 재학생 여러분의 많은 지원 바랍니다."
physics,[뉴스레터] 2024-2학기 물리학과 뉴스레터,N/A,2025-02-17,https://physics.ssu.ac.kr/%ea%b2%8c%ec%8b%9c%ed%8c%90/%ea%b3%b5%ec%a7%80%ec%82%ac%ed%95%ad/?term_id&slug=7167,
physics,2024학년도 교직과정 이수예정자 선발 안내,N/A,2025-02-07,https://physics.ssu.ac.kr/%ea%b2%8c%ec%8b%9c%ed%8c%90/%ea%b3%b5%ec%a7%80%ec%82%ac%ed%95%ad/?term_id&slug=7155,2024학년도 교직과정 이수예정자 선발 결과를 안내드립니다.
physics,2025-1학기 자유전공학부 신입생을 위한 재학생 멘토 모집,N/A,2025-02-04,https://physics.ssu.ac.kr/%ea%b2%8c%ec%8b%9c%ed%8c%90/%ea%b3%b5%ec%a7%80%ec%82%ac%ed%95%ad/?term_id&slug=7131,"전공 탐색 및 대학생활 적응을 위해 복합적인 지원이 필요한 자유전공학부 신입생을 대상으로 재학생 멘토를 모집하니 많은 관심 부탁드립니다.
신청 링크: 펀시스템 신청 공고 링크(
https://fun.ssu.ac.kr/ko/program/all/view/4556/description
)"
physics,[11월28일]2024학년도 2학기 숭실Q물리 졸업논문발표회,N/A,2024-11-22,https://physics.ssu.ac.kr/%ea%b2%8c%ec%8b%9c%ed%8c%90/%ea%b3%b5%ec%a7%80%ec%82%ac%ed%95%ad/?term_id&slug=7004,"안녕하세요, 물리학과입니다.
11월 28일에 진행하는 24-2학기 숭실Q물리 졸업논문발표회에 대해 안내드립니다.
[2024년 2학기 숭실Q물리 졸업논문발표회]
•일시: 11월 28일 목요일 오후 4시 30분
•장소: 베어드홀 103호
•발표자:  물리학과 4학년 18명 (
발표자 리스트 및 졸업논문제목
)
다과 역시 제공하며 많은 참여 바랍니다.
감사합니다."
physics,우주물질 중점연구소 주최 워크샵 안내,N/A,2024-11-04,https://physics.ssu.ac.kr/%ea%b2%8c%ec%8b%9c%ed%8c%90/%ea%b3%b5%ec%a7%80%ec%82%ac%ed%95%ad/?term_id&slug=6927,"안녕하세요, 물리학과입니다.
우주물질연구소에서 주최하는 워크샵에 대해 다음과 같이 안내하니 많은 관심 및 참여바랍니다."
physics,2024-2학기 다전공(복수·부·융합전공) 신청 기간 안내,N/A,2024-10-31,https://physics.ssu.ac.kr/%ea%b2%8c%ec%8b%9c%ed%8c%90/%ea%b3%b5%ec%a7%80%ec%82%ac%ed%95%ad/?term_id&slug=6899,"안녕하세요, 물리학과입니다.
24학년도 2학기 다전공(복수·부·융합전공) 신청 관련하여 다음과 같이 공지하오니 많은 신청 바랍니다.
특히 우리학과는 (1) 양자나노 융합전공과 (2) 인공지능 반도체 융합전공 신청만 가능하니 이에 참조하여 주시기 바랍니다."
physics,2024-1학기 물리학과 뉴스레터,N/A,2024-08-30,https://physics.ssu.ac.kr/%ea%b2%8c%ec%8b%9c%ed%8c%90/%ea%b3%b5%ec%a7%80%ec%82%ac%ed%95%ad/?term_id&slug=6743,
physics,[장학] 2024학년도 2학기 교내장학금 2차 신청 안내,N/A,2024-08-20,https://physics.ssu.ac.kr/%ea%b2%8c%ec%8b%9c%ed%8c%90/%ea%b3%b5%ec%a7%80%ec%82%ac%ed%95%ad/?term_id&slug=6735,"1. 교내장학금 자격요건
가. 2024학년도 2학기 국가장학금 신청 및 서류제출을 완료하고 소득분위가 조회된 자
(국가장학금 지급 대상 분위의 경우 심사가 완료된 자)
※ 국가장학금 1차 신청기간: 2024.5.21(화) 9:00 ~ 6.20(목) 18:00[마감]
국가장학금 2차 신청기간: 2024.8.14(수) 9:00 ~ 9.11(수) 18:00
나. 2024학년도 2학기 재학 및 복학(예정)자로 등록금 납부 예정인 자
1) 2024학년도 2학기 前 등록휴학 후 복학시 장학생 선발대상에서 제외
2) 미등록, 입학취소, 복학취소, 휴학 등 학적변동 시 모든 장학금 취소
다. 직전학기 15학점 이상 이수한 자(최종 직전학기는 12학점)
라. 정규등록학기가 8학기 이내인 자(건축학부 건축학전공은 10학기 이내)
2. 교내장학금 2차 신청(학생)
가. 신청기간:
2024.9.2(월) 09:00 ~ 9.27(금) 17:00
나. 신청방법: u-SAINT포털 → 등록/장학 → 장학메뉴 → 장학금 신청
다. 서류제출: 온라인 신청기간 내 방문 및 등기우편제출 가능(세부내용 붙임 파일 참조)
※ 단, 전문자격시험합격자장학금의 경우 등기우편 불가
3. 관련 부서 협조사항
가. 학
생 선발 명단 제출: 아래 부서에만 해당
장학금명
관련부서
협조사항
국제교류장학금
국제교류유치팀
1. 온라인 신청없음(학생문의응대 협조)
2. 부서 장학생 자격 검증 및 해당 장학생 추천
3. 기간 내 국가장학금 신청 독려
특기자장학금(축구)
학생서비스팀
특기자장학금(골프,당구)
스포츠학부
장애학생장학금
장애학생지원센터
목사자녀장학금
학원선교팀
1. 학생문의응대 협조
2. 신청서류 자격 검증 및 해당 장학생 추천
3. 기간 내 국가장학금 신청 독려
전문자격시험합격자
장학금
진로취업센터
봉사장학금
봉사장학생 명단
제출 전 부서
1. 대상자 기간 내 국가장학금 신청 독려
2. 기타 봉사장학금 자격 요건 미리 확인하도록 예정자에게 사전 안내 요망
-평점평균: 2.3 이상
-학기말까지 임기를 완료한 자 등
붙임  1. 2024학년도 2학기 교내장학금 2차 신청공고 1부
2. 장학금 선발자격 및 제출서류 안내 1부
3. 장학금 신청매뉴얼(교내장학금 신청) 1부. 끝."
physics,[장학]2024학년도 2학기 한국장학재단 국가장학금 2차 신청 안내,N/A,2024-08-08,https://physics.ssu.ac.kr/%ea%b2%8c%ec%8b%9c%ed%8c%90/%ea%b3%b5%ec%a7%80%ec%82%ac%ed%95%ad/?term_id&slug=6720,"안녕하세요, 물리학과입니다.
2024학년도 2학기 한국장학재단 국가장학금 2차 신청 관련하여 많은 학생들의 지원 바랍니다.
1. 세부안내
가. 신청기간: 2024.08.14.(수) 09:00~2024.09.11.(수) 18:00
나. 서류 제출 및 가구원 동의 기간: 2024.08.14.(수) 09:00~2024.09.19.(목) 18:00
다. 신청대상: 신입생(2학기 입학예정자), 편입생, 재입학생, 복학생 및 1차 신청을 놓친 재학생
※ 재학생은 원칙적으로 1차 신청 기간에만 신청 가능하며, 2차 신청자는 재학 중 2회에 한하여 구제신청 자동 적용 및 심사 후 지원 가능(구제신청 적용 여부 선택 불가)
※ 국가장학금 신청후 소득분위 심사가 완료된 학생에게 교내장학금 지급이 가능하므로 반드시 신청
라. 신청방법: 한국장학재단 홈페이지(www.kosaf.go.kr) 및 모바일 앱에서 신청
붙임 1. 2024학년도 2학기 국가장학금 신청 홍보 온라인 배너 1부
2. 국가장학금 신청 매뉴얼 각 1부. 끝."
physics,[장학] 2024년 한국장학재단 대한민국 인재상 안내(~09/01 24:00),N/A,2024-08-05,https://physics.ssu.ac.kr/%ea%b2%8c%ec%8b%9c%ed%8c%90/%ea%b3%b5%ec%a7%80%ec%82%ac%ed%95%ad/?term_id&slug=6713,"안녕하세요,
물리학과입니다.
2024년 한국장학재단 대한민국 인재상 관련하여 많은 학생들의 지원 바랍니다.
<
장학생 선발 안내
>
๐ (
지원자격
)
대한민국 국적
을 가진
만 15세 이상 만 34세 이하인 청년
๐ (
선발인원
)
총 100명
(고등학생 50명, 대학생·청년일반 50명)
※ 분과별 선발인원은 중앙심사위원회 심의를 통해 최대 10명까지 조정 가능(분야별 40~60명)
๐ (
선발대상
)
지혜와 열정으로 탁월한 성취
를 이루며,
창의적 사고로 새로운 가치를 창출
하고,
배려와 사회 발전에 기여
한 우수 인재
๐ (
시상
) 국무총리 및 부총리 겸 교육부장관상, 상금 수여
๐ (
접수기간
)
2024년 7월 31일(수)
∼
9월 1일(일) 24시
(24:00 이후 지원 불가)
๐ (
접수방법
)
–
대한민국 인재상 접수포털
(
https://injaeaward.saramin.co.kr
)
로 지원서 접수 및 서류 제출
– 단, 제출서류 중 추천서는 유의사항을 참조하여 분과별 접수처로 우편 제출
※
2024.8.30.(금) 18:00 우체국 소인분(도장)까지 인정
하며 접수처에 직접 제출도 가능
※ 서류 작성‧제출요령: 선발공고문 및 접수포털 지원서 작성 시 안내된 작성요령 참고
※ 문의처: 우수장학부 해외장학팀(053-238-2984, 2972, 2995 / injaeaward@kosaf.go.kr)"
physics,[장학] 2024-2학기 학과근로장학생 선발안내 (~8/9 금 17시까지),N/A,2024-07-26,https://physics.ssu.ac.kr/%ea%b2%8c%ec%8b%9c%ed%8c%90/%ea%b3%b5%ec%a7%80%ec%82%ac%ed%95%ad/?term_id&slug=6703,"물리학과사무실입니다.
2024-2학기 학과 근로장학생 선발안내 드립니다
근무장소안내: 물리학과사무실(행정보조), 물리실험실(물리멀티미디어실 관리 또는 조만식기념관 실험기구 보조)
—————————————————————————————————————-
1. 근로장학생 자격 및 선발기준
가. 2024학년도 1학기 국가장학금을
1
차
신청하고 소득분위가 8분위 이내인 자
※ 국가장학금을 신청할 수 없는 대한민국 국적 미소지자도 선발 가능
(단, 순수외국인전형으로 입학한 외국인 유학생은 선발 불가)
나. 2024학년도 2학기 재학 및 복학예정자로 해당학기 등록금 납부 예정인 자
1) 2024학년도 2학기 전 등록휴학 후 복학시 선발 불가(등록대체자)
2) 학기 중 미등록, 입학취소, 복학취소 등으로 인한 학적변동시 모든 장학금 취소
3) 2024학년도 2학기 기준 이수학기가 2~8학기만 가능(건축학 전공은 10학기까지)
다. 직전학기 취득학점 및 학업성적 제한 없음
라. 타 장학금과 중복수혜 가능(근로장학금 간 중복 불가)
※ 본 장학금은 학업장려비 지원 목적으로 등록금(수업료)을 초과하여 지급
마. 국가근로장학생 및 교내근로장학생에 선발되지 않은 자
※ 국가근로 및 교내근로 선발자가 포기 후 학과근로 선발될 수 없음
2. 근로장학생 종류별 장학금액 및 근로시간
장학금명
시간당 장학금
총 근로시간 (학기)
1인당 장학금액(원)
학과근로A
9,860원
10시간*20주=200시간
1,972,000
학과근로B
9,860원
5시간*20주=100시간
986,000
※ 장학금은 매월 지급하며, 실 지급액은 근로시간에 따라 달라질 수 있음
※ 주 기준은 학기당 받을 수 있는 장학금액 산정을 위한 것이며, 총 시간 내에서 8월까지
근로할 수 있음
※ 장학금 지급일: 익월 셋째 주 금요일
3. 유의 사항
가. 선발된 학생은 소속부서에서 지정된 근로시간 동안 근무해야 하며, 학기 중 학적변동
(휴학, 자퇴, 제적 등) 등 불가피한 사유가 인정되는 중도 포기 시 근로 시간 만큼 지급
나. 2024년 12월 근로평가 전까지 교체 가능(단, 교체 전 학생의 근로시간을 차감)
다.
국가근로 및 교내근로로 선발 시 학과근로 선발에서 제외됨
(선발 우선순위: 1. 국가근로, 2. 교내근로, 3. 학과근로)
4. 신청절차
가. 학생신청방법: u-SAINT포털 → 등록/장학 → 장학메뉴 ‘근로장학금’→학과근로A/B신청 → 지원서 출력 → 지원서 제출
※
u-SAINT
출력본 제출 필수
나. 온라인접수 및 서류제출기간:
2024
년
8
월
1
일
(
목
) 10:00 ~ 8
월
9
일
(
금
) 17:00
1) 제출서류: 지원서(u-SAINT출력본)
2) 제출장소: 물리학과 학과사무실(베어드홀 319호)
5. 선발결과 발표
가. 일시 : 2024년 8월 23일(금) 18:00 이후 본교 홈페이지 공지사항 공지 예정"
physics,[홍보]양자산업생태계지원센터(KQIC) 양자 인턴십 3기 인턴사원 모집 안내 (~7/28),N/A,2024-07-11,https://physics.ssu.ac.kr/%ea%b2%8c%ec%8b%9c%ed%8c%90/%ea%b3%b5%ec%a7%80%ec%82%ac%ed%95%ad/?term_id&slug=6647,"안녕하세요, 물리학과입니다.
과학기술정보통신부와 한국지능정보사회진흥원 주관 ‘양자기술 산업인력양성 지원’ 사업의 일환으로
‘KQIC 양자 인턴십 3기’ 참가자(인턴사원)를 모집합니다.
12대 국가전략기술인 양자기술 분야의 차세대 청년 인재를 양성하기 위한 인턴십 프로그램으로, 국내 양자기술 관련 기업에서 근무할 수 있는 기회를 제공합니다.
<
모집공고문 :
https://www.nia.or.kr/site/nia_kor/ex/bbs/View.do?cbIdx=99835&bcIdx=26911
>
<
문의처 : 양자산업생태계지원센터 02-3274-9326,
edu@kqic.kr
>
1.
신청기간 : 2024. 7. 10.(수) ~ 7. 28.(일)
2.
모집대상
:
인턴사원 8명
3.
자격요건
1) 대한민국 국적의 만 19세 이상 만 34세 이하 청년
2) 국내 양자기술 및 ICT 관련학과 전공자
※ 물리학, 전기‧전자 공학, 전산‧컴퓨터 공학, 정보‧통신 공학 등
3) 1일 8시간, 주 5일 전일제 근무가 가능한 자
4) 채용일 기준 미취업 상태의 자
4.
근무기간 : 2024.9.2.(월) ~ 2024.12.20.(금) (16주)
5.
근무기업 : LG전자, SK브로드밴드, 아이디퀀티크, 노르마, 에프아이시스, 우리넷, 진인프라, 코위버
6.
수행직무 :
지원기업 소속 인턴으로서 양자기술 분야 직무 수행 (2지망까지 선택하여 지원)
※ 기업별 자세한 직무내용은 첨부의 ‘참여기업별 직무기술서’ 필수 확인
많은 관심 및 참여바랍니다.
감사합니다."
physics,우주물질 중점연구소 주최 워크샵 안내,N/A,2024-07-11,https://physics.ssu.ac.kr/%ea%b2%8c%ec%8b%9c%ed%8c%90/%ea%b3%b5%ec%a7%80%ec%82%ac%ed%95%ad/?term_id&slug=6644,"안녕하세요, 물리학과입니다.
우주물질연구소에서 주최하는 워크샵에 대해 다음과 같이 안내하니 많은 관심 및 참여바랍니다.
제목: Chiral Symmetry in Quark, Hadron, and Nuclear Physics (The 76th OMEG –SSANP Workshop) & OMEG Concert
내용:
1. 일시: 2024년 7월 22일(월) 10:00 – 7월 24일(수) 18:00
2. 장소: 백마관 318호
3. 제목: Chiral Symmetry in Quark, Hadron, and Nuclear Physics Workshop & OMEG Concert
4. 연사: Kazuo Tsushima (The University of City of Sao Paulo (UNICID)), Gilberto Ramalho (OMEG Institute/Soongsil University), Hyun-Chul Kim (Inha University) 외 다수
5. 공지사항:
https://indico.omeg.soongsil.ac.kr/event/48/overview
(Workshop)
https://indico.omeg.soongsil.ac.kr/event/52/
(OMEG Concert)
감사합니다."
physics,[장학] 2024-2학기 물리학과 백마장학금 장학생 선발 시행 및 자격요건 안내,N/A,2024-07-09,https://physics.ssu.ac.kr/%ea%b2%8c%ec%8b%9c%ed%8c%90/%ea%b3%b5%ec%a7%80%ec%82%ac%ed%95%ad/?term_id&slug=6640,"24-2학기 백마장학금 장학생 선발을 시행합니다.
학생들은 8월 13일(화)
u-SAINT를 통해 결과를 확인
할 수 있으며, 자격 요건은 다음과 같습니다.
[학교자격 요건]
가. 2024학년도 2학기 국가장학금을 신청하여 소득분위 조회가 가능한 자
1) 1차 신청하여 국가장학금 심사된 자에 한하여 등록금고지서 사전감면
2) 1차 미신청자 : 2차 신청/서류제출 확인 후 지급(2차 신청자 중 한국장학재단 구제신청 시 사후지급)
3) 국가장학금을 신청할 수 없는 대한민국 국적 미소지자도 선발 가능 (단, 순수외국인전형으로 입학한 외국인 유학생은 선발 불가)
나. 2024학년도 2학기 재학 및 복학예정자로 해당학기 등록금 납부 예정인 자
1) 2024학년도 2학기 前등록휴학 후 복학시 선발대상에서 제외(등록대체자)
2) 학기 중 미등록, 자퇴, 제적, 입학취소, 복학 취소 등 학적변동시 모든 장학금 취소
3)
선발 후 휴학 시 백마성적우수장학금은 복학 학기로 이월되며
복학 학기에 국가장학금 신청 의무임
4) 추가 또는 교체선발 시에는 재학 중인 학생만 선발 가능(휴학생 추가/교체 불가)
다. 직전학기 15학점 이상 이수한 자 (졸업 직전학기는 직전학기 12학점 이상)
라. 정규등록학기가 8학기 이내인 자
마. F학점 포함 학적부성적 기준 직전학기 3.8이상인 자
※중요사항 :  2024학년도 2학기부터 백마성적장학생 선발 최소 기준 변경(이번 학기는 변동사항 없음)
구분
변경 전
변경 후
비고
평점평균 기준
3.5/4.5
3.8/4.5
2024. 02. 장학팀 공고
바. 모든 교내장학금간 중복수혜 불가
1) 신청장학금 중 수혜금액이 큰 장학금 선발(동일할 시 백마성적우수장학금 선발)
2) 중복수혜 가능 장학금: 국가장학금, 교외장학금, 학업장려비 지원 목적 장학금 등
사. 졸업예정자 선발 불가(조기졸업 대상자 포함)하므로 유의
[학과 자격요건]
가. 학교 백마장학금 조건에 만족하는 학생 (학기마다 U-SAINT 공지사항  수시로 확인)
나. 직전 학기 물리학과의 전공필수와 전공선택 과목을 합하여 8학점 이상 이수한 학생으로 제한한다.
다. 1학년의 경우,  1학기에  전공기초 9학점 이상과 물리2(기초물리응용1)을 이수하고 2학기에 전공기초 6학점 이상과 물리4(기초물리응용2)를 이수한 학생으로 제한한다. (2024.07.10. 개정)
라. 타학과 전과신청이 승인된 학생은 제외한다.
주의) 물리2는 기초물리응용1으로, 물리4는 기초물리응용2로 과목명이 변경됨. (2017학년도 신입생 이후)
주의)
선발 비율은 매 학기 달라지며,  최종 확정 시까지 변동 가능하여 전화 문의 시 답변이 어려울 수 있음."
physics,2024년도 1학기 숭실 Q 양자여름학교 프로그램(참가 신청:~24.07.07.),N/A,2024-07-03,https://physics.ssu.ac.kr/%ea%b2%8c%ec%8b%9c%ed%8c%90/%ea%b3%b5%ec%a7%80%ec%82%ac%ed%95%ad/?term_id&slug=6597,"안녕하세요, 물리학과입니다.
교내 주요 행사인 “숭실 Q 양자여름학교”  프로그램을 진행하오니 학생들의 많은 참여바랍니다.
[2024년 1학기 숭실 Q 양자여름학교]
•일시:
2024년 7월 15~16일
•장소: 베어드홀 103호 및 추후 안내 예정
•주최: 숭실대학교 물리학과
•후원: 기초과학융합연구소, 우주물질연구소
•참가 신청 링크 :
전체 – 펀시스템, 비교과 통합정보시스템 (ssu.ac.kr)"
physics,[홍보] 2024년 한국물리학회 가을학술대회(Undergraduate Physics Research Competition – 2024 KPS Fall Meeting) 개최 안내,N/A,2024-06-19,https://physics.ssu.ac.kr/%ea%b2%8c%ec%8b%9c%ed%8c%90/%ea%b3%b5%ec%a7%80%ec%82%ac%ed%95%ad/?term_id&slug=6593,"안녕하세요, 물리학과입니다.
한국물리학회에서 학부생이 학기 중이나 방학 동안에 준비한 연구논문, 실험 도구, 교육 자료, 특허 관련 과학 아이디어, 데모용 실험자료 활용방법 등을 발표하는 대회를 개최하오니 많은 참여 바랍니다.
참가 대상 및 수상 자격
참가 대상 : 전국의 물리학 관련 학과 학부 재학생(1인~5인 이내로 구성된 개인 또는 팀)
물리학 전공자가 아니더라도 연구 내용이 물리학과 조금이라도 관련이 있다면 참가 가능합니다.
*대회일 기준 휴학생, 학부 졸업생 참가 불가
수상 자격 : 본선 발표에 참가 가능한 자
참가접수 방법
한국물리학회 홈페이지(
www.kps.or.kr
)를 통해 온라인 접수
공고문(
바로가기
)에 첨부된 참가 신청서 파일을 다운로드 받아 작성한 후 대표 학생이 온라인으로 제출
대회 일정
온라인 접수 : 7월 1일(월) ~ 7월 14일(일)
예선 결과 발표 : 7월 19일(금) / 30팀 이내 선정 예정
본선 진출팀 최종 등록: 예선 결과 발표 후 ~ 7월 26일(금)
본선 및 시상: 가을 학술 논문 발표회 기간 중 하루(10월 23일 ~ 10월 25일, 여수컨벤션센터)
경진대회 참가비
팀당 5만원(본선 진출팀에 한함)
본선 참가 학부생들의 학술 논문 발표회 등록비 면제, 여비는 자비 부담
우수작품 선발 및 시상
최우수상 1팀 – 상장 및 상금 100만원
우수상 3팀 – 상장 및 상금 50만원
장려상 5팀 – 상장 및 상금 30만원
참가상 – 팀당 모바일 쿠폰 3만원(본선 참가팀 전체 제공 예정)
(수상팀수는 참가팀수에 따라 변동될 수 있음)
문의
한국물리학회 사무국(
kpho@kps.or.kr
)"
physics,[홍보] 퀀텀 코리아 2024 견학 참가자 모집(~06/19),N/A,2024-06-14,https://physics.ssu.ac.kr/%ea%b2%8c%ec%8b%9c%ed%8c%90/%ea%b3%b5%ec%a7%80%ec%82%ac%ed%95%ad/?term_id&slug=6588,"안녕하세요, 물리학과입니다.
과학기술정보통신부와 퀸텀코리아에서 주최하는 퀀텀 코리아 2024 행사에 견학하고자 하는 물리학과 학부생 참가자를 모집하려고 합니다.
행사명: Quantum Korea 2024  (공식 홈페이지:
https://quantum-korea.kr/ko/main
)
견학 일시: 6월 25일(화) 오전 11:00 ~
장소: KINTEX 제2전시장 (개별 이동후 현장 집결)
참가자격: 물리학과 학부 재학생
참가비: 무료
특전: 점심식사 제공
모집 인원: 선착순 5명 (여건에 따라 추후 확대 가능)
신청 방법: 온라인 신청 (링크:
https://forms.gle/iv4oS5MN15RUFYmq7
)
비고: 참여 대상자로 통보 받으면 다음 사항을 완료해야 함
FUN 시스템 신청
Quantum Korea 사이트에서 사전등록
1차 신청 마감:
6월 19일(수) 오후 23:59
(인원 미달시 추가 신청 가능)
인솔: 오원석 석사과정생 (오홍석 교수 연구실, 지능형반도체학과 석사과정)
일정:
11:00 – 11:30  KINTEX 제2전시장 행사장 집결 및 기념 촬영, 필요시 현장등록
11:30 – 13:00  점심식사 (학과 예산 지원)
13:00 – 14:00  자유 관람
14:00 – 15:00  개막식 참가
15:20 – 16:20  퀀텀 토크 콘서트 관람 (과학커뮤니케이터 궤도 / 페퍼톤스 이장원 출연)
16:30              해산 (희망자는 개인별로 추가 관람)"
physics,[장학] 2024학년도 2학기 교내장학금 신청공고,N/A,2024-06-07,https://physics.ssu.ac.kr/%ea%b2%8c%ec%8b%9c%ed%8c%90/%ea%b3%b5%ec%a7%80%ec%82%ac%ed%95%ad/?term_id&slug=6574,"2024학년도 2학기 교내장학금 신청 시행을 다음과 같이 안내합니다.
1. 교내장학금 자격요건
가. 2024학년도 2학기 국가장학금 신청(2024.06.20까지 신청 가능) 및 서류제출을 완료하고 소득분위가 조회된 자 (국가장학금 지급 대상 분위의 경우 심사가 완료된 자)
나. 2024학년도 2학기 재학 및 복학(예정)자로 등록금 납부 예정인 자
1) 2024학년도 2학기 前 등록휴학 후 복학시 장학생 선발대상에서 제외
2) 미등록, 입학취소, 복학취소, 휴학 등 학적변동 시 모든 장학금 취소
다. 직전학기 15학점 이상 이수한 자(최종 직전학기는 12학점)
라. 정규등록학기가 8학기 이내인 자(건축학부 건축학전공은 10학기 이내)
2. 신청절차
가. 온라인 신청기간 및 서류제출기간 : 2024년 6월 7일(금) 09:00~6월 20일(목) 17:00(3주간)
※ 2차 : 2024. 9. 2(월)~ 2024. 9. 27(금) 예정
나. 학생 신청방법: u-SAINT포털 – 등록/장학 – 장학메뉴 – 장학금 신청
다. 학생 서류제출: 온라인 신청기간 내 방문 및 등기우편제출 가능(세부내용 붙임 파일 참조)
※ 단, 전문자격시험합격자장학금의 경우 등기우편 불가"
physics,[홍보]콘티넨탈과 함께하는 온라인 기업 탐방 참여자 모집(~06/16),N/A,2024-06-05,https://physics.ssu.ac.kr/%ea%b2%8c%ec%8b%9c%ed%8c%90/%ea%b3%b5%ec%a7%80%ec%82%ac%ed%95%ad/?term_id&slug=6570,"안녕하세요, 물리학과입니다.
한국여성과학기술인육성재단(WISET)에서  이공계 전공 여자 대학(원)생의 차세대 글로벌 인재로의 성장을 지원하고 다양한 경험을 제공하고자 「WISET 글로벌 멘토링 프로그램」을 운영하고 있습니다.  해당 프로그램 참여자를 모집하니, 많은 참여바랍니다.
가. 프로그램 개요
1) 프로그램 명 :
WISET-Continental 글로벌 멘토링(온라인 글로벌 기업탐방)
2) 모집 대상 : 이공계 전공 여자 대학생, 대학원생, 졸업자 100명 내외
3) 모집 기간 :
~ 6/16(일) 자정 마감(선착순 모집)
4) 주요 활동 : 콘티넨탈 재직자와의 소그룹 멘토링, 콘티넨탈 회사 및 채용 안내, 직무 소개 등
5) 신청 방법 : WISET W브릿지(www.wbridge.or.kr) > 네트워킹 > 글로벌멘토링 내 신청
나.
모집공고링크 :
https://bit.ly/3V7HvML
다. 문의처 :
WISET 인재육성팀 (sykim@wiset.or.kr, 02-6411-1014)"
physics,[홍보]기초과학융합연구소 2024학년도 학부생 하계인턴십,N/A,2024-06-04,https://physics.ssu.ac.kr/%ea%b2%8c%ec%8b%9c%ed%8c%90/%ea%b3%b5%ec%a7%80%ec%82%ac%ed%95%ad/?term_id&slug=6564,"안녕하세요, 물리학과입니다.
기초과학융합연구소에서 2024년 학부생 하계인턴십을 진행합니다.
올해는 <학부생 연구지원 프로그램>이 신설되어 인턴십 이후에도 연구를 계속할 수 있게 되었으니 많은 관심 부탁드립니다.
1.모집내용 및 지원대상
• 모집인원: 15명 내외
• 연수기간: 2024년 7월 1일(월) ~ 2024년 8월 31일(토) (2개월)
• 제출기한: 2024년 6월 14일 (금) 까지
• 연수장소: 숭실대학교 자연과학대학 교수 연구실 및 실험실
• 모집대상: 2024학년도 1학기 숭실대 자연과학대학
학부 재학생
(휴학생 지원불가)
• 연구장려금: 600,000원 (기타소득 공제전 금액)
• 홈페이지 링크:
https://iibs.ssu.ac.kr/게시판/공지사항/?slug=6592
2. <학부생 연구지원 프로그램> 신설
• 모집대상: 하계 인턴십 참여한 학부생에 한하여 지원자격을 부여
• 모집인원: 2명 내외
• 연수기간: 2024학년도 2학기 (지원액: 30만원/월)
• 자세한 선발방법은 추후 공지
많은 참여 바랍니다."
physics,[홍보]핵물리여름학교 (7월 1일 ~ 5일 제주대학교연수원),N/A,2024-06-04,https://physics.ssu.ac.kr/%ea%b2%8c%ec%8b%9c%ed%8c%90/%ea%b3%b5%ec%a7%80%ec%82%ac%ed%95%ad/?term_id&slug=6560,"안녕하세요 우주물질연구소에서 2024년 핵물리학교에 대해 안내해드립니다.
관련문의는 아래 링크에 접속 후 확인부탁드립니다.
우주물질연구소 드림
================================================
2024년 핵물리학교가 오는 7월 1일 ~ 5일 제주대학교연수원에서 열릴 예정입니다.
올해에는 아시아 가속기 시설 소개, 가속기의 원리 및 관련 물리량 계산, 핵반응 기초이론과 라온 관련 핵반응 계산, 고에너지 핵물리학 이론, 반도체 검출기 기초 및 응용, 가속기를 이용한 의학물리 등의 주제로 전문가를 초대해 강연할 예정입니다.
프로그램은 아래 링크에서 확인 가능합니다.
https://n-ext.inha.ac.kr/event/831/
참석하고자하시는 분은 아래 링크로 6월 16일까지 등록 부탁드립니다.
https://n-ext.inha.ac.kr/event/831/registrations/
등록시 아래 사항을 참고해주시기 바랍니다.
️
학생들에게는 6월 30일부터 7월 5일까지 숙박 제공됩니다 (제주대학교 연수원). 등록시 날짜 체크해주세요.
️
스쿨 기간 중 모든 식사는 제공됩니다.
️
참가 학생들의 포스터 발표 세션이 있습니다. 핵물리학 관련 내용이라면 형식과 내용에 제약이 없습니다. 심사를 거쳐 ANPhA Award for Young Scientists (AAYS)를 수여할 예정이오니 특별한 사정이 있는게 아니라면 모두 발표를 진행해 주시길 바랍니다.
많은 분들이 참석바랍니다."
physics,[홍보]Kyoto-Soongsil Nuclear Physics Joint Workshop (75th OMEG SSANP workshop),N/A,2024-05-29,https://physics.ssu.ac.kr/%ea%b2%8c%ec%8b%9c%ed%8c%90/%ea%b3%b5%ec%a7%80%ec%82%ac%ed%95%ad/?term_id&slug=6556,"안녕하세요, 물리학과입니다.
우주물질 중점연구소에서 주최하는 숭실대-교토대 공동워크샵 안내해드리니 학생들의 많은 참여 부탁드립니다.
1. 일시: 2024년 6월 7일(금) 14:00 – 6월 8일(토) 18:00
2. 장소: 백마관 318호, 316호
3. 제목: Kyoto-Soongsil Nuclear Physics Joint Workshop
4. 연사: Kouichi Hagino (Kyoto), Kenichi Yoshida (RCNP Osaka) 외 다수
5. 공지사항:
https://indico.omeg.soongsil.ac.kr/event/47/
감사합니다."
physics,[홍보]2024년도 냉중성자 여름학교 교육 안내,N/A,2024-05-20,https://physics.ssu.ac.kr/%ea%b2%8c%ec%8b%9c%ed%8c%90/%ea%b3%b5%ec%a7%80%ec%82%ac%ed%95%ad/?term_id&slug=6535,"물리학과입니다.
한국원자력연구원 원자력교육센터에서는 ‘중성자 소각산란/반사율 실험 및 분석’을 주제로 한 2024년도 냉중성자 여름학교를 다음과 같이 안내하오니 많은 참여 부탁드립니다.
과 정 명
2024년도 냉중성자 여름학교 – 중성자 소각산란/반사율 실험 및 분석
(2024 Cold Neutron Summer School)
교육기간 및 교육장소
가. 교육기간: 2024.8.6.(화)~8.7(수)/2일
나. 교육장소: 한국원자력연구원 연수원동 제1계단강의실 106호 및 냉중성자 실험동
(연구원내 소재 / 건물번호 : C3)
교육목적
– 중성자 소각산란 장치(SANS) 및 수직형 중성자 반사율 장치를 활용한 데이터 처리 및 분석 기술에 관한 이론과 실습 교육을 통해 국내 중성자 관련 연구자 및 종사자들의 중성자 활용 능력을 배양하기 위한 교육훈련
교육대상
– 국내 중성자 관련 산업체 직원 및 대학(원)생 등
모집인원 및 교육비
가. 모집인원: 30명 내외
※
원활한 교육을 위하여
30
명 내외 선착순 마감 예정
,
선착순이지만 적정인원 초과 시 동일 기관
또는 연구실 내
2
명 내외 인원 제한
※
대학생의 경우 필요 시 온라인 교육
(
별도 안내
)
사전 수료 필수
나. 교 육 비: 무료
※
숙식은 본인이 해결
,
점심식사 제공
※
대전 소재 외 대학
(
원
)
생 대상
1
박에 해당하는 숙박
/
조식 지원
수료 기준
출석률 80% 이상 시 수료 가능
교육일정
(
안
): [
별첨
1]
참조
수강 신청 요령
가. 신청방법 :
– 첨부된
[
붙임
2]
수강신청서
및
[
붙임
3]
개인정보 수집 및 이용에 관한 동의서
(서명 후 스캔본)를 작성하여 2024. 6. 21.(금)까지 이메일로 송부 바랍니다.(E-mail :
risri@kaeri.re.kr
)
– 제목란에 “[냉중성] 2024년도 교육수강신청(성명:홍길동)”을 작성하시어 신청바랍니다.
나. 교육참가 안내 : 수강인원 확정 후 신청서를 보낸 이메일을 통해 안내 예정(6월28일 이내)
– 모든 수강자는
Igor6.37
을 사전에 설치한 개인 노트북을 반드시 지참하시기 바랍니다.
( Igor6.37
→
http://www.wavemetrics.com )
연락 및 문의처
– 상세한 사항은 한국원자력연구원 원자력교육센터 교육담당자에게 문의하시기 바랍니다.
– 교육담당자 : 042-866-6761 / 042-868-2039, risri@kaeri.re.kr
– 원자력교육센터 홈페이지:
https://www.kaeri.re.kr/kntc/"
physics,[홍보]2024년도 핵분석기술(NAT)학교 교육 안내,N/A,2024-05-20,https://physics.ssu.ac.kr/%ea%b2%8c%ec%8b%9c%ed%8c%90/%ea%b3%b5%ec%a7%80%ec%82%ac%ed%95%ad/?term_id&slug=6529,"물리학과입니다.
한국원자력연구원 원자력교육센터에서는 [핵분석기술]을 주제로 교육과정을 운영하고 있으니 핵분석기술(NAT)학교와 관련하여 다음과 같이 안내하오니 많은 참여  부탁드립니다.
과정명
가. 2024년도 핵분석기술(NAT)학교
교육대상
가. 원자력 분야의 학생과 분석 관련 기업체 및 연구소 직원 30명 내외
교육개요
가. 교육기간 : 2024년 06월 25일(화) (1일, 6시간)
나. 교육장소 : 한국원자력연구원 하나로 내 실험실 등
다. 교과목 및 교육시간(안)
날짜
시간
교과목명
강사
(
성명
/
소속
)
6.25.
(화)
09:00 ~ 09:30
오리엔테이션
–
09:30 ~ 10:30
(1h)
중성자방사화분석(NAA) 기술 소개
문종화
(한국원자력연구원)
10:30 ~ 11:30
(1h)
뫼스바우어분광분석 기술 소개
엄영랑
(한국원자력연구원)
11:30 ~ 12:30
(1h)
양전자소멸분광분석(PAS) 기술 소개
이재기
(한국원자력연구원)
12:30 ~ 13:30
점심시간
–
13:30 ~ 14:00
하나로 실험실 이동
–
14:00 ~ 15:00
(1h)
중성자방사화분석 실습
문종화/홍성표
(한국원자력연구원)
15:00 ~ 16:00
(1h)
뫼스바우어분광분석 실습
엄영랑/최현경
(한국원자력연구원)
16:00 ~ 17:00
(1h)
양전자소멸분광분석 실습
이재기/정영수
(한국원자력연구원)
※ 본 교육과정의 교과목 및 시간, 강사는 사정에 따라 변경될 수 있음
라
.
수료기준
:
출석
80%
이상
모집인원 및 교육비
가. 모집인원 : 30명
(※ 선착순, 신청 포기자 발생 시 대기자를 순차적으로 선발)
나. 교 육 비 : 20,000원
다. 교육비 납부 계좌
* 은행명 : 우리은행 / 계좌번호 : 262-999989-92-398 / 예금주 : 한국원자력연구원
라. 교육비 납입 일자 : 2024.06.10.(월) ~ 06.17(월)
수강신청 방법
가. 신청방법 : ① [붙임2] 수강신청서 작성
② [붙임3] 개인정보 수집 및 이용에 관한 동의서 작성
③ [붙임4] 교육비 환불 안내 및 동의서 작성
④ 작성한 [붙임2], [붙임3], [붙임4] 파일을 첨부하여 E-mail로 신청
(E-mail : risri@kaeri.re.kr)
(제목 예시 : 2024년 핵분석기술학교 수강신청_김파동)
나. 신청기간 :
2024. 05. 16(
목
) 17:00
부터 선착순 신청
→
2024. 06. 07.(
금
) 15:00
접수 마감
교육신청 완료 후(6월 10일 이후)개인 이메일을 통해 수강 가능 여부 안내 예정
연락 및 문의처
– 상세한 사항은 한국원자력연구원 원자력교육센터 교육담당자에게 문의하시기 바랍니다.
– 교육담당자 : 042-868-2693, 2682,
risri@kaeri.re.kr
– 교육비담당자 : 042-868-2672,
risri@kaeri.re.kr
– Homepage : http://www.kaeri.re.kr/kntc"
physics,[장학홍보]2024학년도 국가우수장학금(이공계) 신규장학생(성적우수 및 재학중우수자 유형) 신청 홍보,N/A,2024-05-08,https://physics.ssu.ac.kr/%ea%b2%8c%ec%8b%9c%ed%8c%90/%ea%b3%b5%ec%a7%80%ec%82%ac%ed%95%ad/?term_id&slug=6505,"안녕하세요
물리학과입니다.
2024학년도 국가우수장학금(이공계) 신규장학생(성적우수 및 재학중우수자 유형) 선발 관련하여  많은 학생들의 지원 바랍니다.
1. 세부안내
가. 지원대상: 자연과학대학, 공과대학, IT대학, 융합특성화자유전공학부 재학생
장학금 유형
장학금액
추천인원
제출서류
평가방법
성적우수
4년간 등록금
전액
7명
지원서 및 학업계획서,
고교성적증명서
학업계획서 및
고교내신 또는
성적 평가
재학중우수
2년간 등록금
전액
8명
지원서 및 학업계획서
학업계획서 및
학업성적 평가
나. 학생 신청기간(학생→장학팀)
1) 성적우수 유형: 2024.05.13.(월) 17:00까지
2) 재학중우수자 유형: 2024.05.10.(금) 17:00까지
– 점심시간 12:20~13:20 및 토․일요일 접수 불가
2. 제출장소: 장학팀(미래관 106-1호)
※ 방문제출 또는 우편제출(서류가 미비한 경우, 탈락될 수 있음/ 기한내 도착분에 한함)
※ 우편주소: 06978 서울시 동작구 상도로 369 숭실대학교 미래관 106-1호 장학팀
가. 성적우수 유형:
바로가기
나. 재학중우수자 유형:
바로가기"
physics,학부생을 위한 CENS 여름 학교 안내,N/A,2024-04-15,https://physics.ssu.ac.kr/%ea%b2%8c%ec%8b%9c%ed%8c%90/%ea%b3%b5%ec%a7%80%ec%82%ac%ed%95%ad/?term_id&slug=6476,"안녕하세요?
물리학과입니다.
IBS 희귀핵연구단에서 학부생을 위한 여름학교를 7월 1일(월)부터 7월 5일(금)까지 개최하려고 합니다.
본 여름학교는 CENS에서 개발하고 있는 다양한 최첨단 검출기를 접할 수 있는 실습(hands-on activity)과 핵물리 이론 및 실험 강의로 구성되어 있습니다.
국내 물리학과, 물리교육과, 또는 과학교육과 소속 학부(3학년 이상) 학생들 중에서 핵물리에 관심이 있는 학생을 대상으로 하고 있습니다.
신청은 학생이 직접 첨부한 참가신청서를 작성하여, 교수님의 추천(추천서는 필요 없음)을 받아서 5월 31일까지
cssu@ibs.re.kr
로 제출하면 됩니다.
자세한 내용은 아래 및 홈페이지
https://indico.ibs.re.kr/event/cssu2024
참고하시기 바랍니다.
++++++++++++++++++++++++++++++++++++++++++++++++++
□ 연수 목적
ㅇ 물리학 전공 학부생들이 핵물리 분야를 학부 때 접할 기회를 제공
ㅇ 학부생 수준의 핵물리 강의 및 실험 참여 (검출기 실습 및 중이온가속기 시설 견학)
□ 대상
ㅇ 핵물리학에 관심 있는 대학 3, 4학년생 또는 졸업예정자
ㅇ 핵물리 분야에 관심 있는 학생 우선
□ 기간 : 2024. 07. 01(월) ~ 07. 05(금)
□ 장소 : 기초과학연구원 희귀 핵 연구단
□ 비용 : 전액 무료 (교통비 제외)
□ 지원 인원 : 16명 내외
□ 참가 신청 : 5월 31일까지
cssu@ibs.re.kr
로 참가 신청서 제출
□ 기타 문의 :
cssu@ibs.re.kr
++++++++++++++++++++++++++++++++++++++++++++++++++
감사합니다."
physics,[혁신공유대학 차세대반도체학과 차세대반도체 다전공 설명회],N/A,2024-02-22,https://physics.ssu.ac.kr/%ea%b2%8c%ec%8b%9c%ed%8c%90/%ea%b3%b5%ec%a7%80%ec%82%ac%ed%95%ad/?term_id&slug=6348,"물리학과입니다.
숭실대학교 차세대반도체학과에서 아래와 같이 [혁신공유대학 차세대반도체학과 차세대반도체 다전공 설명회]를 개최하오니 많은 관심과 참여 부탁드립니다.
https://semicon.disu.or.kr/community/notice?md=v&bbsidx=7669
● 일시 : 2024. 03. 04.(월) 18시 형남공학관 115호(장소 추후 변경될수 있음)
● 사전등록 : 2024. 02. 27. (화) 15시까지
● 사전등록 링크 :
https://forms.gle/FGpHLwz4G5NLTTAGA
)
※
사전등록자 혜택 : 간단 다과 제공
※
사전등록을 못한 학생들이라도 현장참여는 가능"
physics,[모집] 전자소재분광학실험실 학부연구생 모집(~03/08 기간연장),N/A,2024-02-22,https://physics.ssu.ac.kr/%ea%b2%8c%ec%8b%9c%ed%8c%90/%ea%b3%b5%ec%a7%80%ec%82%ac%ed%95%ad/?term_id&slug=6311,"숭실대학교 물리학과 전자소재분광학실험실에서 연구 참여할 학부연구생을 모집합니다.
– 대상: 3학년 재학생 중 최대 2명 (2024년 1학기 기준)
– 연구 주제: 산화물 발광체 제작 및 발광 특성 분석
– 기간: 2024. 3 – 2024. 09 (6개월간)
– 인건비: 학과 기준
– 신청 기간: 3월 8일까지
– 신청 방법: 특별한 양식없이 아래의 이메일로 신청하며(이름/연락처 포함), 접수 후 면담을 통해 참여 확정
– 신청: 한재호 대학원생(
hughi_zzang@naver.com
)
– 문의: 한재호 대학원생(hughi_zzang@
naver.com
), 이윤상 교수(
ylee@ssu.ac.kr
)
– 기타:
1) 졸업 논문 지도 교수 변경 가능, 학부 연구생으로 진행한 주제로 졸업논문 작성 가능"
physics,[장학]2024학년도 1학기 한국장학재단 국가장학금 2차 신청 안내,N/A,2024-01-30,https://physics.ssu.ac.kr/%ea%b2%8c%ec%8b%9c%ed%8c%90/%ea%b3%b5%ec%a7%80%ec%82%ac%ed%95%ad/?term_id&slug=6292,"안녕하세요
물리학과입니다.
2024학년도 1학기 한국장학재단 국가장학금 2차 신청 관련하여 많은 학생들의 지원 바랍니다.
1. 세부안내
가. 신청기간: 2024.02.01.(목) 9:00~03.14.(목) 18:00까지
나. 서류 제출 및 가구원 동의 기간: 2024.02.01.(목) 9:00~03.21.(목) 18:00까지
다. 신청대상: 신입생(고3, 재수생 등 입학예정자), 편입생, 재입학생, 복학생 및 1차 신청을 놓친 재학생
★
신·편입생지원 장학금은 반드시 국가장학금을 신청해야 지원 가능
※ 재학생은 1차 신청이 원칙이며, 재학 중 2회에 한하여 구제신청 자동 적용 및
심사 후 지원 가능(
단
,
구제신청
2
회 기사용 또는 기타 탈락사유 존재 시 지원 불가
)
※ 신·편입학 첫학기만 학적구분 ‘학부 신·편입생’으로 신청, 두번째 학기부터는
‘학부 재학생’으로 신청
※ 신입생은 학생 본인 및 가구원(부모 혹은 배우자)의 전자서명수단(①공동인증서
②금융인증서 ③간편인증) 중 한가지를 반드시 준비
라. 신청방법: 한국장학재단 홈페이지(www.kosaf.go.kr) 및 모바일 앱에서 신청
붙임  1. 2024학년도 1학기 국가장학금 2차 신청 홍보 포스터 1부
2. 국가장학금 신청 매뉴얼 각 1부. 끝."
physics,[장학] 2024-1학기 학과근로장학생 선발안내 (~2/7수 17시까지),N/A,2024-01-30,https://physics.ssu.ac.kr/%ea%b2%8c%ec%8b%9c%ed%8c%90/%ea%b3%b5%ec%a7%80%ec%82%ac%ed%95%ad/?term_id&slug=6284,"물리학과사무실입니다.
2024-1학기 학과 근로장학생 선발안내 드립니다
근무장소안내: 물리학과사무실(행정보조), 물리실험실(물리멀티미디어실 관리 또는 조만식기념관 실험기구 보조)
*학생신청방법: u-SAINT포털 → 등록/장학 → 장학메뉴 ‘근로장학금’→학과근로A/B신청 → 지원서 출력 → 학과사무실에 지원서 제출 (~2/7 수 17시까지)
—————————————————————————————————————-
1. 학과근로장학생 자격 및 선발기준
가. 2024학년도 1학기 국가장학금을
1차
신청하고 소득분위가 8분위 이내인 자
※ 국가장학금을 신청할 수 없는 대한민국 국적 미소지자도 선발 가능
(단, 순수외국인전형으로 입학한 외국인 유학생은 선발 불가)
나. 2024학년도 1학기 재학 및 복학예정자로 해당학기 등록금 납부 예정인 자
1) 2024학년도 1학기 전 등록휴학 후 복학시 선발 불가(등록대체자)
2) 학기 중 미등록, 입학취소, 복학취소 등으로 인한 학적변동시 모든 장학금 취소
3) 2024학년도 1학기 기준 이수학기가
2~8학기
만 가능(1학기 신청 불가)
다. 직전학기 취득학점 및 학업성적 제한 없음
라. 장애인, 북한이탈주민 및 자립준비청년 우선 선발 (한국장학재단 정보 활용)
마. 타 장학금과 중복수혜 가능(근로장학금 간 중복 불가)
※ 본 장학금은 학업장려비 지원 목적으로 등록금(입학금 및 수업료)를 초과하여 지급
바. 학과별 배정인원 내에서 학과근로A 또는 B 타입 학과 자율선발 가능
(예: 학과근로B 2명 = 학과근로A 1명)
사. 국가근로장학생 및 교내근로장학생에 선발되지 않은 자
2. 유의사항
가. 선발된 학생은 소속부서에서 지정된 근로시간 동안 근무해야 하며, 학기 중 학적변동
등 불가피한 사유가 인정되는 중도 포기 시 근로한 시간만 장학금 지급
나. 2024년 7월 근로평가 전까지 교체 가능 (단, 교체 전 학생의 근로시간을 차감)
※근로 중도 교체 및 중단 시 장학팀으로 공문 요망
다. 교체 전·후 학생 모두 근로평가 실시
3. 예산사항
가. 시간당 장학금액을 9,860원으로 책정
장학금명
시간당
장학금액
총 근로시간(학기)
1인당
장학금액(원)
인원(명)
합계(원)
학과근로A
9,860원
10시간*20주=200시간
1,972,000
198
390,456,000
학과근로B
9,860원
5시간*20주=100시간
986,000
0
0
총계
198
390,456,000
나. 학과근로 A유형을 기준으로 배정하며,
학과별로 A:B=1:2 비율로 조정 가능
다.
지급일정: 매월 셋째주 금요일
5. 행정사항
가. 선발공고: 2024년 1월 29일(월)
나. 학생신청방법: u-SAINT포털→등록/장학→근로장학금 신청→지원서 출력/제출
다. 온라인신청 및 서류제출기간: 2024년 1월 30일(화) 10:00 ~ 2월 7일(수) 17:00
1) 제출서류: 지원서 (u-SAINT 출력본, 본인서명 필수)
2) 제출장소: 물리학과 사무실
라.
최종선발 및 발표: 2024. 2. 22(목) 18:00 예정"
physics,[02월 02일]숭실 양자컴퓨팅 전문가 초청 세미나,N/A,2024-01-29,https://physics.ssu.ac.kr/%ea%b2%8c%ec%8b%9c%ed%8c%90/%ea%b3%b5%ec%a7%80%ec%82%ac%ed%95%ad/?term_id&slug=6277,"안녕하세요
물리
학과 조교입니다.
물리
학과에서 주최하는 숭실 양자컴퓨팅 전문가 초청 세미나에 대해 안내드립니다.
•제목: 숭실 양자컴퓨팅 전문가 초청 세미나
•일시: 2024.02.02 14:00~17:00
•장소: 베어드홀 103호
•연사: 최만수 교수(고려대학교), 문경순 교수(연세대학교), 박세영 교수(숭실대학교), 오홍석 교수(숭실대학교)
•주관: 숭실대학교 물리학과, 기초과학융합연구소, 우주물질연구소(OMEG)
해당 세미나에 많은 참여 바랍니다.
감사합니다."
physics,[홍보] ICSGLOBAL 운영 미국취업연수과정 2024년도 과정 사전모집 예비자 지원 안내,N/A,2024-01-17,https://physics.ssu.ac.kr/%ea%b2%8c%ec%8b%9c%ed%8c%90/%ea%b3%b5%ec%a7%80%ec%82%ac%ed%95%ad/?term_id&slug=6269,"물리학과입니다.
한국산업인력공단이 주관하고
ICSGLOBAL
가 운영하는 미국취업연수과정
2024
년도 과정 사전모집 예비자 지원 안내하고자 하니 학생들의 많은 참여 바랍니다.
*
미국취업연수과정
2024
년도
과정
사전모집
개요
1.
취업국가 – 미국
2.
연수구성 – 국내
6
개월 연수과정
+
미국
J1
취업
1
년
+
중장기 취업
(
영주권 스폰등
.
해당자
)
3.
연수시간
–
총
670
시간
(
직무
170
시간
+
비지니스 어학
500
시간
)
–
학기 중 저녁
3~4
시간
,
방학 중 하루
7~8
시간 진행예정
4.
연수기간 –
1
차
: 2024
년
3
월
,  2
차
:2024
년
6
월 예정
5.
선발인원 –
0
명
6.
연수장소 – 서울
(
한남동
),
천안아산지역
(
선문대
)
7.
취업분야 – 온라인마케팅
,
영업
,
경영관리
,
물류
,
전략기획
,
회계
, E-Commerce
플랫폼개발 및 관리
.
품질관리
,
중간관리자
,
생산관리
,
영상
,
그래픽디자인
,
건축
,
디자인 등
8.
취업시점 – 연수과정
70%
경과 시점부터비자 비자 발급자 순으로 미국 출국 가능
9.
개인부담금 및 장학금 – 사이트참조
(
http://www
.
icsglobal-hr.com
)
1)
해외취업정착지원금
: 500
만원
(2023
년 기준
.
해당자 대상
)
2)
국민취업지원제도
: 300
만원
(
최대
.
해당자 대상
)
3)
한국산업인력공단 연수지원금
: 800
만원
(
연수과정 운영기관으로 지원
)
4)
해외취업서류제출 지원금
: 10
만원
(
취업서류 제출자 전원대상
)
5)
공단연수장려금
:
최대
80
만원
(
연수과정 합격자 대상
)
6)
월드옥타장학금
:
최대
490
만원
(
예산 범위내
,
선착순 소진
.
해당자 대상
)
7)
고용기업 별 자체 장학금
(
해당자 대상
)
8)
숙소
/
교통지원금
(
천안아산과정
)
10.
신청대상 및 자격조건
– 2024
년
2
월 졸업예정자 및 기졸업자
– 2024
년
8
월 졸업예정자
, 2025
년
2
월 졸업예정자
,
11.
예비자 신청방법
–
신청 마감 기간 전 정원충족 시
,
사전 마감 예정
–
예비자신청지원링크
:
https://forms.gle/GfsJmhDvwPKwTbhcA
–
과정안내
:
http://www.icsglobal-hr.com
12.
문의처
–
전화번호
:010.4087.1278 /
카카오톡
: ICSGLOBAL
13.
특이사항
–
본과정은
2024
년 해외취업연수과정 심사
–
선정 전 단계로 심사결과에 따라 개강여부 확정예정입니다
.
심사결과는
2
월 말 발표예정이나 하반기 진로계획 수립 및 예비자 대상 취업사전교육을 통한 준비를 위하여 예비자 사전선발을 진행합니다
.
–
사전선발된 예비자는 과정승인 시 별도의 선발전형없이 과정참가 합격인원으로 전환됩니다
.
본 과정은 한국산업인력공단 장학금, 기업장학금, 국민취업지원제도 장학금, 노동부 해외취업정착지원 장학금 및 급여를 통하여
다양한 경제적 혜택 가운데 미국 기업에서의 경력과 비지니스영어 역량을 확보할 수 있는 좋은 기회가 될 것입니다."
physics,[장학] 2024-1학기 물리학과 백마장학금 장학생 선발 시행 및 자격요건 안내,N/A,2024-01-10,https://physics.ssu.ac.kr/%ea%b2%8c%ec%8b%9c%ed%8c%90/%ea%b3%b5%ec%a7%80%ec%82%ac%ed%95%ad/?term_id&slug=6266,"24-1학기 백마장학금 장학생 선발을 시행합니다.
학생들은 2월 9일(금)
u-SAINT를 통해 결과를 확인
할 수 있으며, 자격 요건은 다음과 같습니다.
[학교자격 요건]
가. 2024학년도 1학기 국가장학금을 신청하여 소득분위 조회가 가능한 자
1) 1차 신청하여 국가장학금 심사된 자에 한하여 등록금고지서 사전감면
2) 1차 미신청자 : 2차 신청 및 심사 여부 확인 후 지급 (2차 신청자는 국가장학금 승인 차수에 따라 순차적으로 사후지급)
3) 국가장학금을 신청할 수 없는 대한민국 국적 미소지자도 선발 가능 (단, 순수외국인전형으로 입학한 외국인 유학생은 선발 불가)
나. 2024학년도 1학기 재학 및 복학예정자로 해당학기 등록금 납부 예정인 자
1) 2024학년도 1학기 前등록휴학 후 복학시 선발대상에서 제외(등록대체자)
2) 학기 중 미등록, 자퇴, 제적, 입학취소, 복학 취소 등 학적변동시 모든 장학금 취소
3)
선발 후 휴학 시 백마성적우수장학금은 복학 학기로 이월되며
복학 학기에 국가장학금 신청 의무임
4) 추가 또는 교체선발 시에는 재학 중인 학생만 선발 가능(휴학생 추가/교체 불가)
다. 직전학기 15학점 이상 이수한 자 (졸업 직전학기는 직전학기 12학점 이상)
라. 정규등록학기가 8학기 이내인 자
마. F학점 포함 학적부성적 기준 직전학기 3.5 이상인 자
바. 모든 교내장학금간 중복수혜 불가
1) 신청장학금 중 수혜금액이 큰 장학금 선발(동일할 시 백마성적우수장학금 선발)
2) 중복수혜 가능 장학금: 국가장학금, 교외장학금, 학업장려비 지원 목적 장학금 등
※중요사항 :  2024학년도 2학기부터 백마성적장학생 선발 최소 기준 변경(이번 학기는 변동사항 없음)
구분
변경 전
변경 후
비고
평점평균 기준
3.5/4.5
3.8/4.5
2024. 02. 장학팀 공고 예정
[학과 자격요건]
가. 학교 백마장학금 조건에 만족하는 학생 (학기마다 U-SAINT 공지사항  수시로 확인)
나. 직전 학기 물리학과의 전공필수와 전공선택 과목을 합하여 8학점 이상 이수한 학생으로 제한한다.
다. 1학년의 경우,  1학기에  전공기초 9학점 이상과 물리2(기초물리응용1)을 이수하고 2학기에 전공기초 9학점 이상과 물리4(기초물리응용2)를 이수한 학생으로 제한한다. (2015.07.16 개정)
라. 타학과 전과신청이 승인된 학생은 제외한다.
주의) 물리2는 기초물리응용1으로, 물리4는 기초물리응용2로 과목명이 변경됨. (2017학년도 신입생 이후)
주의)
선발 비율은 매 학기 달라지며,  최종 확정 시까지 변동 가능하여 전화 문의 시 답변이 어려울 수 있음."
physics,[장학] 2023학년도 1학기 교내장학금 2차 신청 안내,N/A,2023-12-26,https://physics.ssu.ac.kr/%ea%b2%8c%ec%8b%9c%ed%8c%90/%ea%b3%b5%ec%a7%80%ec%82%ac%ed%95%ad/?term_id&slug=6258,"1. 교내장학금 자격요건
가. 2024학년도 1학기 국가장학금 신청(2023.12.27까지 신청 가능) 및 서류제출을 완료하고 소득분위가 조회된 자 (국가장학금 지급 대상 분위의 경우 심사가 완료된 자)
나. 2024학년도 1학기 재학 및 복학(예정)자로 등록금 납부 예정인 자
1) 2024학년도 1학기 前 등록휴학 후 복학시 장학생 선발대상에서 제외
2) 미등록, 입학취소, 복학취소, 휴학 등 학적변동 시 모든 장학금 취소
다. 직전학기 15학점 이상 이수한 자(최종 직전학기는 12학점)
라. 정규등록학기가 8학기 이내인 자(건축학부 건축학전공은 10학기 이내)
2. 신청절차
가. 온라인 신청기간 및 서류제출기간 :
2023년 12월 26일(화) 10:00~1월 9일(화) 17:00
※ 단, 2024년 1월 7일(일) 전일 학교 시스템 개편 작업으로 온라인 신청 불가
※ 3차 : 2024. 3. 4(월) ~ 2024. 3. 15(금) 예정
나. 학생 신청방법: u-SAINT포털 – 등록/장학 – 장학메뉴 – 장학금 신청
다. 학생 서류제출: 온라인 신청기간 내 방문 및 등기우편제출 가능(세부내용 붙임 파일 참조)
※ 단, 전문자격시험합격자장학금의 경우 등기우편 불가
3. 장학금 관련 부서 및 협조사항
가. 학생 선발: 아래 부서에만 해당
장학금명
관련부서
협조사항
국제교류장학금
국제팀
1. 온라인 신청없음 (학생문의응대 협조)
2. 부서 장학생 자격 검증 및 해당 장학생 추천
3. 기간 내 국가장학금 신청 독려
특기자장학금(축구)
학생서비스팀
특기자장학금(골프,당구)
스포츠학부
장애학생장학금
장애학생지원센터
목사자녀장학금
학원선교팀
1. 학생문의응대 협조
2. 신청서류 자격 검증 및 해당 장학생 추천
3. 기간 내 국가장학금 신청 독려
전문자격시험합격자
장학금
진로취업센터
봉사장학금
봉사장학생 명단 제출전부서
1. 대상자 기간 내 국가장학금 신청 독려
※국가장학금 미신청자가 매학기 발생하고 있어 반드시 사전 안내 요망
2. 기타 봉사장학금 자격 요건 미리 확인하도록 예정자에게 사전 안내 요망
-평점평균 : 2.3 이상
-학기말까지 임기를 완료한 자 등
붙임    1. 2024학년도 1학기 교내장학금 2차 신청공고 1부
2. 장학금 선발자격 및 제출서류 안내 1부
3. 장학금 신청매뉴얼(교내장학금 신청) 1부. 끝.
학생처장"
physics,[12월 20일] 6th OMEG Workshop: 연구성과발표회,N/A,2023-12-12,https://physics.ssu.ac.kr/%ea%b2%8c%ec%8b%9c%ed%8c%90/%ea%b3%b5%ec%a7%80%ec%82%ac%ed%95%ad/?term_id&slug=6253,"안녕하세요.
물리학과입니다.
6th OMEG Workshop: 연구성과발표회를 안내합니다.
제목: 6th OMEG Workshop: 연구성과발표회
Date: DEC 20
th, (wed)
2023 11:00-18:30
Place: Soongsil University Dasomhall (전산관)
Time
Speaker
Title
10:40-11:00
Registration, discussions, chats
1
11:00-11:05
Myung-Ki Cheoun
Opening
2
11:05-11:30
Ju-bin Park
AI-Enhanced R-Matrix Approaches in Scattering Analysis
3
11:30-11:55
Chae-min Yun
Constraints on the cosmological bulk viscosity in the interested epochs
4
11:55-12:20
Jeong-Yeon Lee
Consistent analyses of nuclear structures and reactions using the Gamow Shell Model
5
12:20-12:45
Dukjae Jang
Annual Progress Report 2023
12:45-13:30
Taking a photo & Lunch Break : 숭실도담식당
6
13:30-13:55
kiwan Park
자기장과 플라즈마 방정식의 특성 및 응용
7
13:55-14:20
SangHo Kim
Exclusive electroproduction of vector mesons
8
14:20-14:45
Tsuyoshi Miyatsu
Nuclear equation of state in relativistic mean-ﬁeld models with isoscalar- and isovector-meson mixing
9
14:45-15:10
Jae Hwan Lee
Introduction of absorbing phase transition
15:10-15:20
Coffee Break
10
15:20-15:45
Yusuke Tanimura
Effect of center-of-mass correction on nuclear charge radius
11
15:45-16:10
Jiwon Park
Constraining the anisotropy of the universe during the radiation-dominated epoch
12
16:10-16:35
Gilberto Ramalho
Electric and Magnetic form factors of Hyperons at large timelike q2
13
16:35-17:00
Sehoon Oh
First-principles study of one-dimensional materials
17:00-17:10
Taking a photo & Coffee Break
14
17:10-17:35
EunJung Ko
Effects of structures and elements on shift currents in quasi-one-dimensional bulk ferroelectrics MOX4 (M = Mo, W, and X = Cl, Br)
15
17:35-18:00
P. Karuna Kumari
First-principles investigation of electronic, ferroelectric, and piezoelectric properties, and spin-defect states in quasi-one-dimensional materials
16
18:00-18:25
Se Young Park
Electronic control of magnetism in Fe3-xGeTe2/In2Se3 van der Waals ferromagnetic/ferroelectric heterostructures
Link:
https://indico.omeg.soongsil.ac.kr/event/41/
많은 참여 바랍니다.
감사합니다."
physics,[12월 11일] 우주물질연구소 세미나,N/A,2023-12-06,https://physics.ssu.ac.kr/%ea%b2%8c%ec%8b%9c%ed%8c%90/%ea%b3%b5%ec%a7%80%ec%82%ac%ed%95%ad/?term_id&slug=6251,"안녕하세요.
물리학과입니다.
2023학년도 2학기  우주물질연구소 세미나 행사를 안내합니다.
제목: 2nd OMEG Special Seminar Announcement
Seminar Overview:
Topic: Accelerated Variational Eigensolver in combination with Quantum Annealer
Date: December 11, 2023
(12월 11일)
Time: 17:00 – 18:30
(오후 5시 – 6시 30분)
Location: Physics Seminar Room(320) @ Baird Hall
(물리학과 세미나실(320) @ 베어드홀)
Speaker: Prof. Hunpyo Lee (Kangwon National University)
이훈표 교수님 (강원대)
Seminar Abstract :
“Fast computation to find the eigenvalues of Hermitian matrix with massive size is a highly desirable technique.
We developed the hybrid quantum-classic accelerated Variational Eigensolver in combination with Quantum Annealing on D-Wave quantum computer.
In this talk, we will introduce the progress of the quantum computers and show out results measured by quantum annealer on tight-binding Hamiltonian.”
많은 참여바랍니다.
감사합니다."
physics,[12월 01일] 우주물질연구소 Journal Club 행사,N/A,2023-11-28,https://physics.ssu.ac.kr/%ea%b2%8c%ec%8b%9c%ed%8c%90/%ea%b3%b5%ec%a7%80%ec%82%ac%ed%95%ad/?term_id&slug=6239,"안녕하세요.
물리학과입니다.
2023학년도 2학기  우주물질연구소 Journal Club 행사를 안내합니다.
제목:  [OMEG JC] 20th OMEG Journal Club Announcement
내용:
20th OMEG JC Date :
Friday, Dec. 1, 2023
(2023년 12월 1일 금요일)
Meeting Place :
Physics seminar room(320) @ Baird Hall
(물리학과 세미나실(320) @ 베어드홀)
Time :
17:00-18:30
Speaker : Dr. Kyungho Kim,
———————————————————————
Title: A Study on Heavy Ion Beam Simulation using Geant4
Abstract:
We introduce the result of the heavy-ion beam simulation on Geant4 toolkit that is the most accurate simulation packages
for particle-material interactions. We compare our simulation results with experimental data on heavy-ion beams.
We determine the optimized simulation toolkit and its parameters for these experiments. We also provide the relevant
references for various issues arising in our study. We simulate the interaction of particles with target material and study
the characteristics of heavy-ion beams. As regards study design, first, we examine the validity of the Geant4 model.
Next, we examine the various physics models built in the Geant4 to determine the most optimized model that describes
the expected physical phenomena. Finally, we execute the Geant4 simulations to determine the characteristics of secondary
heavy-ion beams. We plan to use these results for Rare isotope Accelerator complex for ON-line experiment (RAON), which
is an upcoming facility for heavy-ion collision experiments in Korea.
[1] S. Agostinelli, et al., Nucl. Instr. Meth. Phys. Res. A, 506, 250 (2003);
J. Allison et al., IEEE Trans. Nucl. Sci., 53, 270 (2006); J. Allison et al., Nucl. Instrum. Meth. A, 835, 186 (2016).
[2] M. Bernas, et al., Nucl. Phys. A, 725, 213 (2003).
[3] J. Taieb, et al. Nucl. Phys. A, 724, 413 (2003).
[4] V. N. Panteleev, et al., Eur. Phys. J. Special Topics, 150, 297 (2007).
많은 참여 바랍니다.
감사합니다."
physics,[11월 30일] 2023-2학기 숭실물리 이야기 행사,N/A,2023-11-23,https://physics.ssu.ac.kr/%ea%b2%8c%ec%8b%9c%ed%8c%90/%ea%b3%b5%ec%a7%80%ec%82%ac%ed%95%ad/?term_id&slug=6225,"안녕하세요
물리
학과 조교입니다.
물리
학과에서 주최하는 2023-2학기
숭실
물리
이야
기 행사에 대해 안내드립니다.
•제목: 2023-2
숭실
물리
이야
기
•일시: 11월 30일 목요일 오후 15시
•장소: 베어드홀 320호(
물리
학과 세미나실)
•만찬신청:
https://forms.gle/iqKqkstB7vmePf8r7
•발표자
세션1-진윤호, 이채연, 서지우, 심용기, 차부현, 김현수, 백진희
세션2-곽보근 교수(동국대학교) “미지의전체, 블랙홀을 향한 여정”
세션3-윤채연, 김재원, 이재성, 유수정, 양석진
숭실
물리
세미나에 많은 참여 바랍니다.
감사합니다."
physics,[장학]2024학년도 1학기 한국장학재단 국가장학금 1차 신청 안내,N/A,2023-11-22,https://physics.ssu.ac.kr/%ea%b2%8c%ec%8b%9c%ed%8c%90/%ea%b3%b5%ec%a7%80%ec%82%ac%ed%95%ad/?term_id&slug=6219,"안녕하세요
물리학과입니다.
2024학년도 1학기 한국장학재단 국가장학금 관련하여 많은 학생들의 지원 바랍니다.
1. 세부안내
가. 신청기간: 2023.11.22.(수) 9:00~12.27.(수) 18:00까지(총 36일)
나. 서류 제출 및 가구원 동의 기간: 2023.11.22.(수) 9:00~2024.01.03.(수) 18:00까지
다. 신청대상: 대한민국 국적 학부생
※ 국가장학금 미신청자는 교내장학금 및 재난장학금 지원이 불가하므로 반드시 신청
라. 신청방법: 한국장학재단 홈페이지(www.kosaf.go.kr) 및 모바일 앱에서 신청
붙임  1. 2024학년도 1학기 국가장학금 신청 홍보 포스터 1부
2. 국가장학금 신청 매뉴얼 각 1부. 끝."
physics,[11월 23일] 물리학과 특별세미나: 이태훈 교수 – 숭실대학교,N/A,2023-11-20,https://physics.ssu.ac.kr/%ea%b2%8c%ec%8b%9c%ed%8c%90/%ea%b3%b5%ec%a7%80%ec%82%ac%ed%95%ad/?term_id&slug=6213,"안녕하세요.
물리학과입니다.
2023학년도 2학기  물리학과 특별세미나를 안내해 드립니다.
제목: [11월 23일] 물리학과 특별세미나: 이태훈 교수 – 숭실대학교
연사: 이태훈 교수 (숭실대학교)
제목: 아인슈타인 방정식의 좌와 우변 연구
(Studies on the Left & Right Hand Side of Einstein Equation)
일시: 11/23(목) 오후 4:30분
장소: 물리학과 세미나실
초록:
시공간의 계량 텐서(metric tensor), 곡률 텐서(curvature)와 에너지-운동량 텐서로써,
아인슈타인(Einstein) 중력 방정식의 좌변과 우변을 설명한다.
이를 우주론에 도입하고 암흑 물질(dark matter)과 암흑 에너지(dark energy)를 설명한다.
암흑 에너지를 설명하는 변형(modified) 중력 이론의 일환으로,
아인슈타인 방정식의 좌변을 일반화한 f(R) 중력 이론 등을 소개한다.
많은 참여 부탁드립니다.
물리학과"
physics,[인공지능반도체] 2024학년도 융합전공 신청안내,N/A,2023-11-08,https://physics.ssu.ac.kr/%ea%b2%8c%ec%8b%9c%ed%8c%90/%ea%b3%b5%ec%a7%80%ec%82%ac%ed%95%ad/?term_id&slug=6204,"안녕하세요.
물리학과입니다.
2024-1학기 기준 2학년 학생들에게 권하며(과목 이수학점때문에) 물리학과 재학생의 많은 관심 부탁드립니다.
* “인공지능반도체” 융합전공 신청
□ 이수학점: 융합전공 교과목 36학점 이상 이수
– 융합필수 15학점(5과목:반도체입문, EDA기반풀커스텀설계, 인공지능반도체, 인공지능프로그래밍, 반도체소재및 공정)
– 융합선택 21학점(7과목: 반도체물리, 전자소재물리, 양자역학1, 현대물리, 광학, 파동과스펙트럼, 통계물리1)이상 (타 학과 개설 융합선택 과목 포함)
– 융합전공 이수학생은 (융합전공 참여학과 소속학생 기준) 수강한 융합선택 교과목 중 21학점까지 주전공학점으로 중복인정
– 첨부의 교과과정 참조
□ 융합전공 기준 미충족 시 학점 인정
– 융합전공필수 교과목은 개설 학과(부)를 불문하고, 교양선택으로 인정
– 융합전공선택 교과목은 소속학과(부)에서 개설한 전공 교과목은 전공학점으로, 타 학과 개설 교과목은 교양선택 학점으로 인정
□ 혜택
– 융합전공과목 다수 이수 시 소정의 장학금 지급 (선발과정 있음, 80%이상 지급 예정)
– 해외 학술대회 견학 (선발과정 있음, 10명 이상)
– 인턴십(선발) 및 산학프로젝트(모두) 참여
– 산학연계취업 및 면접기회 제공
□ 물리학과 학생 신청조건
–
7과목
(반도체물리, 전자소재물리, 양자역학1, 현대물리, 광학, 파동과스펙트럼, 통계물리1)
중 1과목 이상 이수했거나, 2024-1학기에 이수할 학생
□ 신청방법
– 융합전공과목 중 수강신청/예정 과목을 포함하여 이메일(
coco4019@ssu.ac.kr
)로 신청
(학과, 성명, 학번 포함)"
physics,2023학년도 2학기 졸업예정자 졸업논문 공지사항,N/A,2023-10-11,https://physics.ssu.ac.kr/%ea%b2%8c%ec%8b%9c%ed%8c%90/%ea%b3%b5%ec%a7%80%ec%82%ac%ed%95%ad/?term_id&slug=6185,"2023-2학기 졸업예정자의 경우 졸업논문발표와 졸업논문 제출을 기한내에 완료해야함.
‘졸업논문 발표’는 연구결과를 10 분 정도의 동영상 제작으로 대치
⠀
⠀
<논문발표: 졸업 논문 동영상 제출>
⠀
1. 제출기한: 2023년 11월 4일 자정까지
⠀
2. 제출방법: 10분 길이의 발표동영상 파일(mp4)을 학과 메일로 제출
－ 제출처: 이메일 physics@ssu.ac.kr
－ 제출시 메일제목: 학번 이름 논문명 발표영상제출 (예시: 20191234 조인성 트랜지스터연구 발표영상제출)
－ 용량 크기： 500Mb 이하– 동영상 포멧: MP4
⠀
3. 동영상 발표 형식
– 형식의 제한 없음
(1) 본인 출연 + 슬라이드 포함 동영상
(2) PPT (본인사진첨부 필수) + 음성 녹음 ※(2)ppt 발표 중 본인출연 안할시 본인사진첨부 필수
4. 기타
– 동영상 제작 여건이 어려운 학생은 물리학과 세미나실의 장비 사용 가능=> 학과사무실 문의
– 발표영상 참고사항: https://www.youtube.com/watch?v=H09qSkQLljY&list=PLZHcC_MZxBar2zKru4PsD5KAxj2Zj6pAQ
5. 학과교수님들의 평가 후 최우수학생은 별도 시상함(한국물리학회장상)
⠀
<제출: 졸업논문 최종본제출>
⠀⠀
1.제출일자: 2023년 12월 02일 자정까지
⠀
2.제출방법: 학과 메일로 제출 (physics@ssu.ac.kr)
제출시 메일제목: 학번 이름 논문명 논문제출 (예시: 20191111 조인성 트랜지스터연구 논문제출)
⠀
3. 평가: 졸업논문지도교수님(Pass/Fail)
⠀
4. 제출 형식: [졸업논문일정] 탭 클릭 ->
물리학과_학사졸업논문양식클릭
⠀
* 문의: 학과사무실(02-820-0420)"
physics,[홍보]NIC2023 pre-workshop 안내,N/A,2023-09-07,https://physics.ssu.ac.kr/%ea%b2%8c%ec%8b%9c%ed%8c%90/%ea%b3%b5%ec%a7%80%ec%82%ac%ed%95%ad/?term_id&slug=6102,"안녕하세요
물리학과입니다.
우주물질연구소에서 주최하는 NIC2023 pre-workshop 안내해드립니다.
기간: 2023.09.15(금) -16(토)
장소: 숭실대학교 전산관 다솜홀
등록링크:
https://indico.omeg.soongsil.ac.kr/event/36/"
physics,[장학] 숭실대학교 교수협회의 장학생 선발 안내,N/A,2023-09-01,https://physics.ssu.ac.kr/%ea%b2%8c%ec%8b%9c%ed%8c%90/%ea%b3%b5%ec%a7%80%ec%82%ac%ed%95%ad/?term_id&slug=6096,"안녕하세요
물리학과입니다.
교수협의회에서는 본교의 교훈인 진리와 봉사를 모범적으로 실천한 본교 재학생(휴학생, 졸업유예 포함)을 대상으로 장학생을 선발합니다.
학술영역의 진리상과 봉사영역의 봉사상으로 구분하여 선발 후 장학금을 지급할 예정이니,  많은 학생들의 지원 바랍니다.
자세한 신청 방법 및 선발 절차에 관한 사항은 첨부파일을 참고해 주시길 바랍니다.
아래 선발 안내 및 신청서 붙임자료 참조"
physics,[홍보] 2023-2학기 우주물질중점연구소 학부인턴 모집,N/A,2023-08-24,https://physics.ssu.ac.kr/%ea%b2%8c%ec%8b%9c%ed%8c%90/%ea%b3%b5%ec%a7%80%ec%82%ac%ed%95%ad/?term_id&slug=6083,"안녕하세요
물리학과입니다.
숭실대학교 우주물질중점연구소에서 3~4학년 학부 재학생을 대상으로
연구를 직접 수행할 수 있는 기회를 제공하여 우수한 연구 인력 양성 및 대학원 진학을 돕고자 2학기 학부 인턴십을 모집합니다.
대학원 연구실에서 연구책임자(교수)의 지도 아래 대학원생들과 함께 조기에 연구 활동 및 실험실 생활을 경험할 좋은 기회이오니, 학생 여러분의 많은 참여 바랍니다.
1. 모집내용 및 지원대상
.2023학년도 2학기 우주물질중점연구소 학부연구생 (인턴십)
.신청대상: 2023-1학기 기준 3~4학년 재학생 (휴학생 지원불가)
.참여기간 : 2023년 9월 1일  ~ 2024년 2월 29일 (6개월)
.장 소 : 우주물질중점연구소
.연구분야 : 연구소 홈페이지 참고(
https://omeg.ssu.ac.kr
)
.소속교원: 천명기, 이태훈, 김희상, Doris Kim, 박세영 교수
.역 할 : 연구보조원으로서 연구소의 연구 분야에 참여하여 졸업 논문을 포함한 논문연구 진행
.인건비: 월 25만원
2.신청서류 및 제출기간
.지원서 및 개인정보이용동의서(첨부파일). 각 1부.
.학부 성적증명서 및 재학 증명서. 각 1부.
.제출기간 : 2023.08.29.(화) 14:00 까지
.제출방법:
omeg@ssu.ac.kr
이메일로 제출
.심사방법: 심사를 통하여 연구실당 1 인, 학석 연계학생 우대
3.신청과정 및 유의사항
.지원금 전액 환수 기준
가. 지도교수는 학생의 불성실 등을 사유로 중단 요청 가능
나. 중간보고서 및 결과보고서 미제출 시 지원금 전액 미지급
4.결과발표 : 제출기간 후 일주일 이내 선발여부를 메일로 통보
=="
physics,[장학] 2023-2학기 물리학과 백마장학금 장학생 선발 시행 및 자격요건 안내,N/A,2023-07-25,https://physics.ssu.ac.kr/%ea%b2%8c%ec%8b%9c%ed%8c%90/%ea%b3%b5%ec%a7%80%ec%82%ac%ed%95%ad/?term_id&slug=6063,"23-2학기 백마장학금 장학생 선발을 시행합니다.
학생들은 8월 10일(목)
u-SAINT를 통해 결과를 확인
할 수 있으며, 자격 요건은 다음과 같습니다.
[학교자격 요건]
가. 2023학년도 2학기 국가장학금을 신청하여 소득분위 조회가 가능한 자
1) 1차 신청하여 국가장학금 심사된 자에 한하여 등록금고지서 사전감면
2) 1차 미신청자 : 2차 신청(8월 중순부터 개시 예정) 및 심사 여부 확인 후 지급 (2차 신청자는 10월 말~11월 초 국가장학금 승인 차수에 따라 순차적으로 사후지급)
3) 국가장학금을 신청할 수 없는 대한민국 국적 미소지자도 선발 가능 (단, 순수외국인전형으로 입학한 외국인 유학생은 선발 불가)
나. 2023학년도 2학기 재학 및 복학예정자로 해당학기 등록금 납부 예정인 자
1) 2023학년도 2학기 前등록휴학 후 복학시 선발대상에서 제외(등록대체자)
2) 학기 중 미등록, 자퇴, 제적, 입학취소, 복학 취소 등 학적변동시 모든 장학금 취소
3)
선발 후 휴학 시 백마성적우수장학금은 복학 학기로 이월되며
복학 학기에 국가장학금 신청 의무임
4) 추가 또는 교체선발 시에는 재학 중인 학생만 선발 가능(휴학생 추가/교체 불가)
다. 직전학기 15학점 이상 이수한 자 (졸업 직전학기는 직전학기 12학점 이상)
라. 정규등록학기가 8학기 이내인 자
마. F학점 포함 학적부성적 기준 직전학기 3.5 이상인 자
바. 모든 교내장학금간 중복수혜 불가
1) 신청장학금 중 수혜금액이 큰 장학금 선발(동일할 시 백마성적우수장학금 선발)
2) 중복수혜 가능 장학금: 국가장학금, 교외장학금, 학업장려비 지원 목적 장학금 등
[학과 자격요건]
가. 학교 백마장학금 조건에 만족하는 학생 (학기마다 U-SAINT 공지사항  수시로 확인)
나. 직전 학기 물리학과의 전공필수와 전공선택 과목을 합하여 8학점 이상 이수한 학생으로 제한한다.
다. 1학년의 경우,  1학기에  전공기초 9학점 이상과 물리2(기초물리응용1)을 이수하고 2학기에 전공기초 9학점 이상과 물리4(기초물리응용2)를 이수한 학생으로 제한한다. (2015.07.16 개정)
라. 타학과 전과신청이 승인된 학생은 제외한다.
주의) 물리2는 기초물리응용1으로, 물리4는 기초물리응용2로 과목명이 변경됨. (2017학년도 신입생 이후)
주의)
선발 비율은 매 학기 달라지며,  최종 확정 시까지 변동 가능하여 전화 문의 시 답변이 어려울 수 있음."
physics,[한국방사선진흥협회] 2023년 방사선 현장맞춤형 전문교육 교육생 모집 안내,N/A,2023-05-25,https://physics.ssu.ac.kr/%ea%b2%8c%ec%8b%9c%ed%8c%90/%ea%b3%b5%ec%a7%80%ec%82%ac%ed%95%ad/?term_id&slug=5973,"안녕하세요
물리학과입니다.
한국방사선진흥협회에서 방사선
산업 현장에서 요구하는 실무역량 과정 전문교육을 개발
하여
,
의공학
,
방사선 및 원자력 등 유관 전공 졸업
(
예정
)
자
(
석·박사 포함
)
를 대상으로 교육생을 모집 중에 있습니다
.
아래와 같이 교육 과정을 안내드리오니 많은 참여 및 홍보를 부탁 드립니다
.
□ 교육개요
(
무료 교육
)
ㅇ 교육명
:
방사선 산학연 현장맞춤형 인력양성 프로그램
교육구성
– (7주과정)  1, 2, 4주차 기초이론
동영상 강의
, 6주차 :
실시간 비대면 수업
(zoom활용), 3, 5, 7주차 :
현장실습
(1~3일)
– (4
주과정
) 1, 2, 3
주차
:
기초이론
동영상
강의
,
4
주차
:
현장실습
(1~2
일
)
□
모집 및 지원안내
ㅇ 모집대상
:
방사선
/
원자력
/
의공학
/
물리
/
화학 등 이공계열 졸업
(
예정
)
자
(
석·박사 포함
)
ㅇ 교육기간
–
(7주과정) ‘23.07.10(월) ~ 08.25(금)
–
(4
주과정
) ‘23.07.10(월) ~ 08.04(금)
ㅇ 지원마감
: 6/30(금)
ㅇ 지원방법
: 방사선이러닝시스템 홈페이지 신청(
lms.ratis.or.kr
)
ㅇ 선발방법 : 서류심사 평가 (선정자 개별 연락, 연락처 기재 필수)
※ 신청서 양식 및 교육과정 세부사항은 상기 홈페이지 참고
ㅇ 담당자: 한국방사선진흥협회 산업육성지원팀 서현수 연구원(
hyunsu9624@ri.or.kr
, 02-3490-7198)
□
수강생 특전
ㅇ 교육비 무료
ㅇ
현장실습시 교통비 및 숙박비 지원
ㅇ
우수 수료자의 경우 협회장상 추천
ㅇ 취업컨설팅 제공 등"
physics,[인공지능반도체] 2023학년도 융합전공 신청 재안내,N/A,2023-05-19,https://physics.ssu.ac.kr/%ea%b2%8c%ec%8b%9c%ed%8c%90/%ea%b3%b5%ec%a7%80%ec%82%ac%ed%95%ad/?term_id&slug=5964,"안녕하세요. 물리학과사무실입니다.
2023-1학기 기준 2학년 학생들에게 권하며(과목 이수학점때문에) 물리학과 재학생의 많은 관심 부탁드립니다.
* “인공지능반도체” 융합전공 신청
□ 이수학점: 융합전공 교과목 36학점 이상 이수
– 융합필수 15학점(5과목:반도체입문, EDA기반풀커스텀설계, 인공지능반도체, 인공지능프로그래밍, 반도체소재및 공정)
– 융합선택 21학점(7과목: 반도체물리, 전자소재물리, 양자역학1, 현대물리, 광학, 파동과스펙트럼, 통계물리1)이상 (타 학과 개설 융합선택 과목 포함)
– 융합전공 이수학생은 (융합전공 참여학과 소속학생 기준) 수강한 융합선택 교과목 중 21학점까지 주전공학점으로 중복인정
– 첨부의 교과과정 참조
□ 융합전공 기준 미충족 시 학점 인정
– 융합전공필수 교과목은 개설 학과(부)를 불문하고, 교양선택으로 인정
– 융합전공선택 교과목은 소속학과(부)에서 개설한 전공 교과목은 전공학점으로, 타 학과 개설 교과목은 교양선택 학점으로 인정
□ 혜택
– 융합전공과목 다수 이수 시 소정의 장학금 지급 (선발과정 있음, 80%이상 지급 예정)
– 해외 학술대회 견학 (선발과정 있음, 10명 이상)
– 인턴십(선발) 및 산학프로젝트(모두) 참여
– 산학연계취업 및 면접기회 제공
□ 물리학과 학생 신청조건
–
7과목
(반도체물리, 전자소재물리, 양자역학1, 현대물리, 광학, 파동과스펙트럼, 통계물리1)
중 1과목 이상 이수했거나, 2023-1학기에 이수할 학생
□ 신청방법
– 융합전공과목 중 수강신청/예정 과목을 포함하여 이메일(
coco4019@ssu.ac.kr
)로 신청
(학과, 성명, 학번 포함)"
physics,[홍보]청년월세 한시 특별지원 사업 안내,N/A,2023-04-26,https://physics.ssu.ac.kr/%ea%b2%8c%ec%8b%9c%ed%8c%90/%ea%b3%b5%ec%a7%80%ec%82%ac%ed%95%ad/?term_id&slug=5926,"안녕하세요
물리학과입니다.
국토통보부 주거복지지원과-2037호 관련하여
저소득층 청년의 주거안정을 위하여 부모와 별도로 거주하는 무주택 청년에게 한시적으로 월세를 지원하는 “청년월세 한시 특별지원” 사업을
‘22.8.22부터  ‘23.8.21까지 신청 받고 있습니다.
지원받고자 하는 학우분들은 기한 내에 신청하시기 바랍니다.
《청년월세 한시 특별지원 개요》
① 지원대상
ㅇ 연령 및 거주요건 : 부모와 별도로 거주하는 무주택 청년(만 19~34세)중 월세 60만원(보증금 월세 환산액+월세액이 70만원 이하) 및 보증금 5천만원 이하 월세 또는 보증부월세 거주
ㅇ 소득 및 재산요건 : 청년가구 소득평가액 기준중위소득 60% 이하 및 재산가액 1억7백만원 이하, 원가구 기준중위소득 100% 이하 및 3억8천만원 이하
※ 청년가구가 혼인 등 독립가구로 인정되는 경우 원가구 소득 및 재산 고려하지 않음
② 지원내용
ㅇ 실제 납부하는 임대료를 월 최대 20만원, 최대 12개월 분할 지급"
physics,[장학홍보]수림재단 2023년도 신규장학생 선발안내,N/A,2023-04-13,https://physics.ssu.ac.kr/%ea%b2%8c%ec%8b%9c%ed%8c%90/%ea%b3%b5%ec%a7%80%ec%82%ac%ed%95%ad/?term_id&slug=5912,"안녕하세요
물리학과입니다.
2023년 수림재단 신규장학생 선발과 관련하여 많은 학생들의 지원 바랍니다.
< 2023
년도 수림재단 신규장학생 선발 안내
>
신규장학생의 지원자격은 다음의 조건을 모두 충족하는 경우입니다
.
1) 5
개 자연과학 부문 전공자
–
물리
·
과학
·
천문
·
지리
,
화학
,
생물
·
생명과학
,
수학
·
통계학
,
의학
(
의예과
)
※ 지원 가능한 전공학과는 국가교육통계센터 교육통계서비스의 분류기준에 준하며
(
재단 홈페이지 참조
),
전공부문별로 선발한다
.
2)
대학 입학 당해 연도의 수능성적이
4
개 영역
(
국어
,
수학
,
영어
,
탐구
2
과목
)
모두
4
등급 이내인 자
.
단
,
탐구영역의 경우
2
과목의 등급 평균이
4
등급 이내면 가능
.
3) 2023
학년도
1
학기 이수 학점을 총
12
학점 이상 신청한 자
4) 2023
학년도
1
학기 학자금 지원 구간
6
구간
(
국가장학금 소득
6
분위
)
이내인 자
지원기간(2023.03.01~2023.05.12)내에 신청하시기 바랍니다.
*
국가장학금 수혜자도 지원이 가능하니 많은 지원 바랍니다
.
수림재단 홈페이지에서 자세한 내용 참고해주시기 바랍니다.
수림재단 – 재단소식 – 공지사항 (surim.or.kr)"
physics,[장학홍보]2023학년도 국가우수장학금(이공계) 신규장학생(성적우수 및 재학중우수자 유형) 신청 홍보,N/A,2023-04-12,https://physics.ssu.ac.kr/%ea%b2%8c%ec%8b%9c%ed%8c%90/%ea%b3%b5%ec%a7%80%ec%82%ac%ed%95%ad/?term_id&slug=5910,"안녕하세요
물리학과입니다.
2023학년도 국가우수장학금(이공계) 신규장학생(성적우수 및 재학중우수자 유형) 선발 관련하여  많은 학생들의 지원 바랍니다.
1. 세부안내
가. 지원대상: 자연과학대학, 공과대학, IT대학, 융합특성화자유전공학부 재학생
장학금 유형
장학금액
추천인원
제출서류
평가방법
성적우수
4년간 등록금
전액
11명
지원서 및 학업계획서,
고교성적증명서
학업계획서 및
고교내신 또는
성적 평가
재학중우수
2년간 등록금
전액
12명
지원서 및 학업계획서
학업계획서 및
학업성적 평가
나. 학생 신청기간(학생→장학팀)
1) 성적우수 유형: 2023.04.17.(월) 17:00까지
2) 재학중우수자 유형: 2023.04.24.(월) 17:00까지
– 점심시간 12:20~13:20 및 토․일요일 접수 불가
2. 제출장소: 장학팀(미래관 106-1호)
※ 방문제출 또는 우편제출(서류가 미비한 경우, 탈락될 수 있음/ 기한내 도착분에 한함)
※ 우편주소: 06978 서울시 동작구 상도로 369 숭실대학교 미래관 106-1호 장학팀
가. 성적우수 유형:
바로가기
나. 재학중우수자 유형:
바로가기"
physics,[홍보]학술 세미나 공지,N/A,2023-03-30,https://physics.ssu.ac.kr/%ea%b2%8c%ec%8b%9c%ed%8c%90/%ea%b3%b5%ec%a7%80%ec%82%ac%ed%95%ad/?term_id&slug=5885,"물리학과입니다.
2023학년도 1학기 물리학과-기초과학융합연구소 공동주최 세미나를 안내해 드립니다.
•연사: 유영준 교수(충남대 물리학과)
•제목: Two-dimensional materials heterostructures application for floating gate memory
•초록: 첨부파일 참조
•일시: 3월30일 목요일 오후 4시 30분
•장소: 진리관 522호"
physics,[홍보]KEPCO 프렌즈 10기 모집,N/A,2023-03-28,https://physics.ssu.ac.kr/%ea%b2%8c%ec%8b%9c%ed%8c%90/%ea%b3%b5%ec%a7%80%ec%82%ac%ed%95%ad/?term_id&slug=5881,"물리학과입니다.
한국전력공사에서는 국민들의
전력서비스 이해도를 제고하고 전력에 대한 공감대를 형성
하며, 대학생들에게는
대외활동을 통한 다양한 경험의 기회를 제공
하기 위해
「KEPCO 프렌즈 10기」
를 선발하여 운영하고자 하오니, 학우분들의 많은 참여바랍니다.
가. 모집개요
○ 모집대상 : 전력 서비스에 관심이 있는 창의적인 대학생(휴학생 포함)
○ 선발인원 : 총 30명
○ 모집기간 :
2023년 3월 27일(월) ∼ 4월 17일(월)
○ 지원방법 : 한전 블로그 참조하여 지원서 다운로드 및 작성 후 이메일 접수
○ 활동내용 : SNS 콘텐츠 제작 및 홍보, 아이디어 제안, 현장 체험 활동 등
○ 활동혜택 : 활동비 지급,
활동 우수자 선정 시 포상 및 한전 채용 우대"
physics,[홍보]2023학년도 후기 대학원 정시모집 안내,N/A,2023-03-28,https://physics.ssu.ac.kr/%ea%b2%8c%ec%8b%9c%ed%8c%90/%ea%b3%b5%ec%a7%80%ec%82%ac%ed%95%ad/?term_id&slug=5879,"2023학년도 후기 대학원 정시모집을 아래와 같이 안내드리니 관심있는 학생들은 많이 지원하기 바랍니다.
1. 모집일정
– 원서접수: 2023.3.29.(수)~2023.4.7.(금)
– 전형일: 2023.4.22.(토)
– 합격자발표: 2023.5.19.(금) 예정
– 합격자등록: 2023.7.4.(화)~2023.7.6.(목)
2. 숭실대학교 대학원 홈페이지(
https://grad.ssu.ac.kr
) 참조: 관련
공지사항 링크.
3. 비고:
박사과정 신입학 정원내 내국인 모집의 경우 전기모집에서 예년보다 입학자수가 증가하여 후기 모집 예정인원이 소수입니다."
physics,[모집] 서울시 뉴딜사업 반도체장비및 제어시스템 전문가과정 안내,N/A,2023-03-28,https://physics.ssu.ac.kr/%ea%b2%8c%ec%8b%9c%ed%8c%90/%ea%b3%b5%ec%a7%80%ec%82%ac%ed%95%ad/?term_id&slug=5867,"[교육비전액+연수수당+인턴쉽채용지원] 서울시 뉴딜사업 반도체장비및 제어시스템 전문가과정 안내
물리학과입니다.
한국전자산업협동조합에서
정부(서울시)
와 함께
뉴딜 사업인 반도체장비 및 제어시스템 전문가과정을 운영하는데
4차산업 시대에 맞춰
정부에서 반도체장비 및 제어시스템 전문가를 양성
하고 청년 일자리 문제를 동시에 해결하고자 기획된 취업연계 교육 프로그램으로
국비로
전액무상교육+교육
수당지급+인턴쉽채용
이 지원됩니다.
어려운 시기에 정부에서 취업을 도모하고 반도체산업 인력을 양성하는 청년일자리 육성사업이니
취업 준비생들에게 좋은 기회가 될 수 있도록 많은 지원 부탁 드립니다.
해당 교육 과정 홈페이지 링크도 보내드리며 자세한 내용은 첨부파일과 하단의 세부내용을 참고 하시면 됩니다.
* 홈페이지주소 :
https://edu.thein.kr/thein/member/courseDetail?degreeIdx=96
정부(서울시) 에서 취업준비생을 대상으로 진행하는 전액 무료연수 + 기업인턴쉽 프로그램 입니다.
=============================== 세부내용 ===============================
– 모집기간 : 4월 9일(일) 까지 ( 조기마감 될 수 있습니다. )
– 연수기간 : 2023년 4월 21일~2023년 10월30일 ( 전문교육 3개월+기업인턴쉽 3개월 )
– 연수장소 : 더인에듀 교육센터 ( 강남역, 신논현역 인근 )
– 지원자격 : 만39세이하 서울시 거주자
(
교육시작 전까지 서울시 주소지로 등록 가능한 사람
)
전문학사,4년제 대학졸업 예정자 및 기졸업자
– 연수과정 : 반도체장비 및 제어시스템 SW개발자 양성과정
– 연수형태 : 기술교육(3개월) + 기업인턴쉽(3개월)
– 연수특전 : 교육비전액지원
교육수당 최대 150만원지급
기업 인턴기간중 최대 798만원지급 ( 3개월 전체기간중 )
반도체 공정장비 실습진행
====================================================================="
physics,[홍보] 2023년도 서울시 청년정책,N/A,2023-03-22,https://physics.ssu.ac.kr/%ea%b2%8c%ec%8b%9c%ed%8c%90/%ea%b3%b5%ec%a7%80%ec%82%ac%ed%95%ad/?term_id&slug=5857,"안녕하세요,  물리학과입니다.
서울시에서 청년이 행복한 서울을 만들기 위해 일자리, 주거, 복지, 교육·문화 등 청년 생활에 밀접한 전 분야에 걸쳐 다양한 정책을 추진 중에 있습니다.
이와 관련하여 서울시에서 2023년 추진하는 주요 청년정책 일정을 한눈에 볼 수 있는 정책 일정표를 제작하였습니다.
학우분들이 적기에 필요한 정책을 신청하여 지원받을 수 있도록 많은  활용바랍니다.
감사합니다."
physics,[모집] 서울시 뉴딜사업 반도체장비및 제어시스템 전문가과정 안내,N/A,2023-03-15,https://physics.ssu.ac.kr/%ea%b2%8c%ec%8b%9c%ed%8c%90/%ea%b3%b5%ec%a7%80%ec%82%ac%ed%95%ad/?term_id&slug=5850,"안녕하세요 물리학과입니다.
정부(서울시)
와 함께
뉴딜 사업인
반도체장비 및 제어시스템 전문가과정
을 운영
하고 있는 한국전자산업협동조합에서
4차산업 시대에 맞춰
정부에서 반도체장비 및 제어시스템 전문가를 양성
하고
청년 일자리 문제를 동시에 해결하고자 기획된 취업연계 교육 프로그램을 계획하고 합니다.
국비로
전액무상교육+교육
수당지급+인턴쉽채용
이 지원됩니다.
정부에서 취업을 도모하고 반도체산업 인력을 양성하는 청년일자리 육성사업인만큼 학생들에게 좋은 기회가 될 수 있으니 많은 지원바랍니다.
모집요강
연 수 명
ㆍ반도체 장비 및 제어시스템 SW 개발자 양성과정
접수기간
ㆍ
~2023.4.09.(일)
연수형태
ㆍ
기술교육(3개월)+기업인턴(3개월)
일 정
ㆍ연   수 2023.4.21. ~ 2023.7.20.
ㆍ인턴쉽 2023.7.21.~ 2023.10.30
연수특전
ㆍ교육비 전액 지원
ㆍ연수장려금 최대 150만원 지급
ㆍ기업 인턴 및 취업 지원
ㆍ기업 인턴기간 중 최대 798만원 지급
신청자격
ㆍ만 39세이하 서울시 거주자
ㆍ전문학사/4년제 이·공계 대학 졸업예정자 또는 졸업자로써 서울시 거주자
(2023년 8월 졸업예정자까지 지원 가능)
연수장소
ㆍ
9호선,신분당선 신논현역 3번 출구 인근
커리큘럼
연 수 내 용
반도체 개론
반도체 8대공정
반도체 장비요소기술
반도체 제어프로그래밍 기초
반도체 장비 System Programming
반도체장비제어를 위한 Network Programming
Device Control Programming
장비 UI Programming
반도체 장비실습
반도체 장비 및 시스템 제어 프로젝트 수행
※ 상기 일정 및 프로그램은 상황에 따라 변경될 수 있습니다.
전형절차
문의
ㆍ교육팀 : T. 02.3474.8415   E. keic05@keic.org
* 홈페이지주소 :
https://edu.thein.kr/thein/member/courseDetail?degreeIdx=96"
physics,[장학홍보]2023년「대통령과학장학금」신규장학생 선발 공고,N/A,2023-03-14,https://physics.ssu.ac.kr/%ea%b2%8c%ec%8b%9c%ed%8c%90/%ea%b3%b5%ec%a7%80%ec%82%ac%ed%95%ad/?term_id&slug=5842,"안녕하세요
물리학과입니다.
2023년 대통령과학장학금 신규장학생 관련하여 많은 학생들의 지원 바랍니다.
1. 선발규모 및 기준
□
선발규모
: 총 157명
ㅇ
국내
(
일반
)
: 1학년 60명, 3학년 60명
ㅇ
국내
(
지역추천
)
: 17명
ㅇ
해외
(1
학년
)
: 20명
□
선발기준
: 수학·과학 분야의 우수성, 사회적 책임감, 사회기여의식 등 평가
□
선발절차
: 서류심사 → 인·적성 검사 → 심층면접
※ 지역추천 유형은 서류심사 면제, 인·적성검사는 심층면접 대상자에 한하여 실시하고, 미응시할 경우 탈락 처리(심층면접 시 참고자료로 활용)
□
유형별 선발방법
ㅇ
국내
(
일반
)
: 신청분야별 상대평가를 통해 분야별 상위 우수자 순 선발
ㅇ
국내
(
지역추천
)
: 지역별 상대평가를 통해 지역별 상위 우수자 1명 선발
※ 미추천 지역 발생 시 상대평가를 통해 타 지역 추천자 중 상위 우수자 선발
ㅇ
해외
(1
학년
)
: 전체분야 상대평가를 통해 상위 우수자 순 선발
※ 신청분야별 최소 1명 선발
2. 신청대상
□ 대한민국 국적을 소지한 자
□ 국내 4년제 대학(자연과학 및 공학계열 학과(부))에 재학 중인 신입생 및 3학년 또는 해외 4년제 대학(자연과학 및 공학계열 학과(부))에 입학예정 및 확정인 신입생
3.신청기간 및 방법
□
유형별 신청기간
ㅇ
국내
(1
학년 일반
)
: ’23.03.06.(월) 15:00 ~ ’23.03.20.(월) 24:00
ㅇ
국내
(
지역추천
)
: ’23.03.13.(월) 15:00 ~ ’23.04.03.(월) 24:00
※ 지역추천 유형은 각 시‧도 교육감으로부터 추천받은 자에 한해 신청 가능
ㅇ
국내
(3
학년 일반
)
및 해외
(1
학년
)
: ’23.03.13.(월) 15:00 ~ ’23.04.03.(월) 24:00
□
신청방법
ㅇ 온라인 개별 본인신청
※ 한국장학재단 홈페이지(www.kosaf.go.kr) → 본인명의 전자서명수단(인증서) 로그인→ 장학금 → 국가우수장학금 → 대통령과학장학금 → 신청하기)
4. 계속장학생 지원금액
□
국내 장학생
ㅇ 매학기별 대학 등록금(입학금, 수업료) 전액, 학업장려비 학기당 250만원, 기초생활수급자는 생활비 학기당 250만원 추가 지원
□
해외 장학생
ㅇ 학비 및 체제비 연간 최대 미화 5만$ 이내
ㅇ 신규장학생 출국항공료 1회 실비 지원
5. 향후 추진일정
□
서류심사
: ’23년 4월 중
□
인
·
적성검사
(
온라인
)
: ’23년 4~5월 중
□
심층면접
: ’23년 5월 중
□
최종발표
: ’23년 5~6월 중"
physics,[혁신공유대학 차세대반도체학과] 2023학년도 국외 학생연수(CES2024) 모집을 공고(추가 연장),N/A,2023-03-13,https://physics.ssu.ac.kr/%ea%b2%8c%ec%8b%9c%ed%8c%90/%ea%b3%b5%ec%a7%80%ec%82%ac%ed%95%ad/?term_id&slug=5836,"차세대반도체학과 국외 학생연수
(CES2024)
안내문
1.
행사 개요
1)
기간
￭
IT
연수 기간
: 2024
년
1
월
(CES
행사 포함
4
박
6
일 또는
5
박
7
일 예정
)
2)
내용
￭ 미국 라스베가스에서 개최되는
CES 2024
박람회 참관
(
https://www.ces.tech
)
￭ 실리콘 밸리 방문 예정
※
CES 2024
개요
 명칭
: Consumer Electronics Show (
국제전자제품박람회
)
 주관
:
미국
CTA (
소비자기술협회
, Consumer Technology Association)
 의의
: 1967
년 가전 박람회로 시작하였으나 현재는 최첨단 기술 트렌드를 선보이는
IT/
전자 종합 전시회로
그 의미가 확대
(MWC(
스페인
), IFA(
독일
)
와 더불어 세계
3
대
IT/
기술 박람회
)
3)
연수 대상
￭ 차세대반도체학과 다전공
(
마이크로디그리 이상
)
참여 중인 숭실대학교 재학생
2.
지원 내역
1)
사업단 지원 부분
￭ 연수 경비 중 학생 개인 연수 부담금
(
예정
)
을 제외한 경비 일체
2)
학생 부담 부분
￭ 개인 연수 부담금
(
전체 금액의
1/3 ~ 1/4
예정
)
￭ 여권
/
비자 발급 등의 개인 경비
3.
신청 자격
(
다음의 자격 요건을 모두 갖춘 자
)
￭ 신청일 현재 차세대반도체학과 과목을
1
과목 이상 이수한 자
￭ 신청일 현재 차세대반도체학과 다전공 신청자
(
마이크로디리그 포함
)
￭ 해외여행에 결격 사유가 없는 자
￭ 제외 대상
:
대학원생
,
미등록생
,
휴학생
,
입영 대기자 등
4. 2024
년 국제
IT
연수 프로그램 참가자 선발 주요 일정
￭
2023
년
3
월
9
일
(
목
): CES
신청 공고
￭
2023
년
3
월
31
일
(
금
):
신청서 접수 마감
(
★
14
시까지
)
–
이메일 접수
￭
2023
년
4
월
3
일
(
월
): 1
차 서류 합격자 발표
(
합격자에 한해서 개별 연락
)
￭
2023
년
4
월
5
일
(
수
): 2
차 면접 심사
(
장소와 시간은
1
차 합격자에게 추후 공지
)
￭
2023
년
4
월 초중순
:
합격 후보자 발표
(
개별 통보
)
※ 합격 후보자들은 인원수에 따라
1
차
~3
차까지의 사전 교육이 진행됨
.
5.
학생 준비 사항
1) 1
차 서류 심사 준비
￭ 신청서
(
첨부파일 참조
)
￭ 성적증명서
(
열람용
)
￭ 개인 보고서
: CES2024
참가 계획서
※
CES2024
참가 계획서
–
기존
CES
관련 정보를 참고하여
CES 2024
에서 집중적으로 관람할 차세대반도체 관련 기술에 대한 현황과 전망에 대한
본인 의견과 국외
IT
연수에 참가하려는 이유에 대해 각각 반 페이지 분량으로 작성함
. (
첨부
HWP
파일 이용
)
–
보고서는 영문으로 작성하며 조사 자료를 단순 복사 조합하면 안 되고 조사한 자료를 바탕으로 순수한 본인의 의견을 작성
.
단순 복사 조합한 보고서를 제출한 경우와 분량을 지키지 않으면 탈락대상
.
–
보고서의 양식
(
줄 간격
,
폰트 크기
,
여백
)
을 변경하지 않고 그대로 사용
.
그림은 포함시키지 않음
.
￭ 영어 공인시험 성적표
(
해당자만
)
2) 2
차 면접 심사 준비
￭ 대상자
: 1
차 서류 심사 합격자에 한함
. 2
차 면접 전날까지 발표 자료는 행정팀에 제출
￭ 영어 발표 및 보고서 관련 질의응답 평가 준비
※ 내용
: CES
에서 집중적으로 관람할
“
차세대반도체와 관련한 기술
”
에 대한 발표
(powerpoint
자료
)
– CES 2024
참가 계획서
: 5
분
(
영어
)
–
발표 관련 질의응답
: 1
분
(
영어
/
우리말
)
–
발표 시 원고를 보고 읽는 것은 허용하지 않음
.
–
선택한 기술과 관련하여 수강한 과목과 앞으로 수강할 과목 설명 포함
.
6.
유의사항
1) 2
차 면접 후 선발된 합격 후보자는 사전 교육 및 발표에 성실히 임하고
,
일정 점수가 되어야 최종 합격됨
.
2) 4
학년 지원 시
,
취업 관련 이슈가 없어야 함
.
(
합격 후 취소 시 연수 계약에 따른 취소 수수료를 부담할 수 있음
).
3)
반드시 신청서 파일에 있는
FAQ
를 자세히 읽어본 후 신청하기를 바람
.
4)
기재 사항에 허위가 있거나 선정 후 타당한 이유 없이 본 연수에 참가하지 않을 경우
추후 차세대반도체 혁신공유대학에서 지원하는 모든 연수 대상에서 제외하며
,
기타 불이익을 받을 수 있음
.
7.
서류 제출 및 문의
숭실대학교 차세대반도체학과 행정팀
(02-829-8224~6 /
disu@ssu.ac.kr
)"
physics,[상담·인권센터]상담팀 ‘숭실인의 마음돌봄’ 프로그램 운영 안내,N/A,2023-03-09,https://physics.ssu.ac.kr/%ea%b2%8c%ec%8b%9c%ed%8c%90/%ea%b3%b5%ec%a7%80%ec%82%ac%ed%95%ad/?term_id&slug=5831,"상담팀 ‘숭실인의 마음돌봄’ 프로그램 운영을 다음과 같이 안내 하니 적극 활용하여 주시기 바랍니다
1. 개인상담
가. 주요내용 : 정서적, 학업적 어려움이나 친구, 가족관계에서의 고민 등을 상담 전문가와의 만남을 통해 다룸
나. 이용대상 : 본교 학부, 대학원 재학생(휴학생, 수료생 포함)
다. 진행방식 : 총 10회(주 1회, 50분) 진행 ※ 재학 기간 중 총 3번의 서비스 이용 가능
라. 신청방법 : 펀시스템에서 ‘개인상담(2023학년도)’ 프로그램 선택
2. 심리검사
가. 주요검사 : 성격(MBTI), 기질(TCI), 정서상태(MMPI-2), 진로탐색(Holland) 등의 검사를 통해 자기 이해 도모
나. 이용대상 : 본교 학부, 대학원 재학생(휴학생, 수료생 포함)
다. 진행방식 : 온라인으로 검사를 실시하고, 1회(50분) 해석상담 진행
라. 신청방법 : 펀시스템에서 신청 ※ 주제어 ‘심리검사’로 비상시적 운영
3. 집단상담
가. 주요내용 : 상담 전문가의 지도 하에 여러 명(10명 내외)이 감정조절, 자아성장, 진로탐색 등의 주제에 대해 고민을 나눔
나. 이용대상 : 본교 학부, 대학원 재학생(휴학생, 수료생 포함)
다. 진행방식 : 4~8회(회당 2시간 정도) 진행 ※ 프로그램에 따라 진행 횟수와 시간 상이
라. 신청방법 : 펀시스템에서 신청 ※ 주제어 ‘집단상담’으로 비상시적 운영
4. 행정사항
가. 상담사와 나눈 모든 이야기는 철저하게 비밀이 보장됩니다. 단, 자신이나 타인의 생명을 위협하는 경우 등에 한해서는 예외적으로 비밀보장이 되지 않습니다.
나. 교직원의 경우 방학 중 개인상담 서비스 이용 가능합니다
다. 상담 신청/운영 문의 (02-820-0814, 02-829-8249)"
physics,[학생서비스]2023학년도 1학기 유고결석 안내,N/A,2023-03-09,https://physics.ssu.ac.kr/%ea%b2%8c%ec%8b%9c%ed%8c%90/%ea%b3%b5%ec%a7%80%ec%82%ac%ed%95%ad/?term_id&slug=5826,"2023학년도 1학기 유고결석 신청 방법에 대해 상세히 안내하니 반드시 참고하시어 유고결석을 신청하시기 바랍니다.
**
유고결석 증빙서류 허위(위조) 제출이 발각되어 2021학년도 5명, 2022학년도 1학기 4명의 학생이 전원 학칙에 의거 징계
처리 되었습니다.
증빙서류 위조
는 교내 징계 뿐만 아니라
형법상 공/사문서 위조죄 관련 규정에 따라 형사처벌 대상이 될 수 있는 범법행위
임을 유념하시기 바랍니다.
상단 붙임 파일
(재학생-유세인트-유고결석-신청방법.pdf)
을 참고하시기 바랍니다."
physics,[인공지능반도체] 2023학년도 융합전공 신청안내,N/A,2023-03-09,https://physics.ssu.ac.kr/%ea%b2%8c%ec%8b%9c%ed%8c%90/%ea%b3%b5%ec%a7%80%ec%82%ac%ed%95%ad/?term_id&slug=5819,"안녕하세요. 물리학과사무실입니다.
과학기술정보통신부에서 “인공지능반도체 융합인력양성” 사업을 수행할 3개 대학으로 서울대학교, 성균관대학교, 숭실대학교를 선정했고
본 물리학과가 융합전공에 참여합니다.
숭실대학교 전자공학부, AI융합학부, IT융합학부, 기계공학과, 컴퓨터학부, 유기신소재학부 수업을 듣고 학위에 융합전공을 추가할 수 있는 기회입니다.
2023-1학기 기준 2학년 학생들에게 권하며(과목 이수학점때문에) 물리학과 재학생의 많은 관심 부탁드립니다.
* “인공지능반도체” 융합전공 신청
□ 이수학점: 융합전공 교과목 36학점 이상 이수
– 융합필수 15학점(5과목:반도체입문, EDA기반풀커스텀설계, 인공지능반도체, 인공지능프로그래밍, 반도체소재및 공정)
– 융합선택 21학점(7과목: 반도체물리, 전자소재물리, 양자역학1, 현대물리, 광학, 파동과스펙트럼, 통계물리1)이상 (타 학과 개설 융합선택 과목 포함)
– 융합전공 이수학생은 (융합전공 참여학과 소속학생 기준) 수강한 융합선택 교과목 중 21학점까지 주전공학점으로 중복인정
– 첨부의 교과과정 참조
□ 융합전공 기준 미충족 시 학점 인정
– 융합전공필수 교과목은 개설 학과(부)를 불문하고, 교양선택으로 인정
– 융합전공선택 교과목은 소속학과(부)에서 개설한 전공 교과목은 전공학점으로, 타 학과 개설 교과목은 교양선택 학점으로 인정
□ 혜택
– 융합전공과목 다수 이수 시 소정의 장학금 지급 (선발과정 있음, 80%이상 지급 예정)
– 해외 학술대회 견학 (선발과정 있음, 10명 이상)
– 인턴십(선발) 및 산학프로젝트(모두) 참여
– 산학연계취업 및 면접기회 제공
□ 물리학과 학생 신청조건
–
7과목
(반도체물리, 전자소재물리, 양자역학1, 현대물리, 광학, 파동과스펙트럼, 통계물리1)
중 1과목 이상 이수했거나, 2023-1학기에 이수할 학생
□ 신청방법
– 융합전공과목 중 수강신청/예정 과목을 포함하여 이메일(
coco4019@ssu.ac.kr
)로 신청
(학과, 성명, 학번 포함)"
physics,[장학홍보]롯데장학재단-민화협 독립유공자 후손 장학사업,N/A,2023-03-08,https://physics.ssu.ac.kr/%ea%b2%8c%ec%8b%9c%ed%8c%90/%ea%b3%b5%ec%a7%80%ec%82%ac%ed%95%ad/?term_id&slug=5814,"안녕하세요
물리학과입니다.
롯데장학재단-민족화해협력볌국민협의회에서 주관하는 ‘제 4회 독립유공자 후손 장학사업’을 실행하니 해당 학우분들은 아래 링크를 통해 지원하시길 바랍니다.
‘제4회 독립유공자 후손 장학사업’
> 사업명 : 제4회 독립유공자 후손 장학사업
> 모집기간 : 2023년 2월 22일(수) ~ 3월 21일(화) 자정
> 지원금액 : 1인당 총 600만원(1학기/2학기 분할지급)
> 지원대상 : 독립유공자 후손 중 국내외
대학교 및 대학원 재학생 50명
– 타 장학금과 중복수혜 가능
– 독립유공자의 고손(5대)까지 지원 가능 (친/외가 무관)
> 지원서 접수 홈페이지 :
https://kcrclotte.recruiter.co.kr/
바쁘시겠지만, 많은 학생들이 지원받을 수 있도록
학내 홍보를 부탁드립니다.
감사합니다.
민화협 정책홍보팀 드림
(02-761-9327 /
kcrclotte@naver.com
)"
physics,[혁신공유대학 차세대반도체학과 차세대반도체 다전공 설명회],N/A,2023-02-27,https://physics.ssu.ac.kr/%ea%b2%8c%ec%8b%9c%ed%8c%90/%ea%b3%b5%ec%a7%80%ec%82%ac%ed%95%ad/?term_id&slug=5783,"숭실대학교 차세대반도체학과에서 아래와 같이
[혁신공유대학 차세대반도체학과 차세대반도체 다전공 설명회]를 개최하오니 많은 관심과 참여 부탁드립니다.
→ 다전공설명회 접수 링크 :
https://forms.gle/E1r21EPS31tayFzS6"
physics,[모집] OMEG 2023학년도 1학기 학부연구생(인턴십) 모집 안내,N/A,2023-02-13,https://physics.ssu.ac.kr/%ea%b2%8c%ec%8b%9c%ed%8c%90/%ea%b3%b5%ec%a7%80%ec%82%ac%ed%95%ad/?term_id&slug=5766,"숭실대학교 우주물질중점연구소에서는 3~4학년 학부 재학생을 대상으로 연구를 직접 수행할 수 있는 기회를 제공하여 우수한 연구 인력 양성 및 대학원 진학을 돕고자 1학기 학부 인턴십을 모집합니다. 대학원 연구실에서 연구책임자(교수)의 지도 아래 대학원생들과 함께 조기에 연구 활동 및 실험실 생활을 경험할 좋은 기회이오니, 학생 여러분의 많은 참여 바랍니다.
모집내용 및 지원대상
.2023학년도 1학기 우주물질중점연구소 학부연구생 (인턴십)
.신청대상: 2023-1학기 기준 3~4학년 재학생 (휴학생 지원불가)
.참여기간 : 2023년 3월 1일(수) ~ 2023년 8월 31일(목) (6개월)
.장 소 : 우주물질중점연구소
.연구분야 : 연구소 홈페이지 참고(
https://omeg.ssu.ac.kr
)
.소속교원: 천명기, 이태훈, 김진민, 김희상, Doris Kim, 박세영 교수
.역 할 : 연구보조원으로서 연구소의 연구 분야에 참여하여 졸업 논문을 포함한 논문연구 진행
.인건비: 월 25만원
2.신청서류 및 제출기간
.지원서 및 개인정보이용동의서(첨부파일). 각 1부.
.학부 성적증명서 및 재학 증명서. 각 1부.
.제출기간 : 2023.02.22.(수) 23:59 까지
.제출방법:
omeg@ssu.ac.kr
이메일로 제출
3.신청과정 및 유의사항
.지원금 전액 환수 기준
가. 지도교수는 학생의 불성실 등을 사유로 중단 요청 가능
나. 중간보고서 및 결과보고서 미제출 시 지원금 전액 미지급
4.결과발표 : 제출기간 후 일주일 이내 선발여부를 메일로 통보"
physics,[모집] 입자물리랩 2023-1 학부연구생 모집,N/A,2023-01-19,https://physics.ssu.ac.kr/%ea%b2%8c%ec%8b%9c%ed%8c%90/%ea%b3%b5%ec%a7%80%ec%82%ac%ed%95%ad/?term_id&slug=5759,"학부연구생 모집
입자물리실험 연구실(Experimental High Energy Physics Lab)에서 2023년 1학기부터 연구에 참여할 학부연구생을 추가로 모집합니다.  입자실험이나 소프트웨어, 컴퓨터 클러스터에 관심을 가진 분을 환영하며 2023년 1학기에 3학년 과정인 학생을 대상으로 합니다.
관심이 있는 분은 담당 교수(Doris KIM/김양수)에게 연락 바랍니다.
Doris Kim:
dorisykim@ssu.ac.kr / 02-820-0427"
physics,[채용] 2023학년도 1학기 숭실대학교 물리학과 강사 채용 공고,N/A,2023-01-18,https://physics.ssu.ac.kr/%ea%b2%8c%ec%8b%9c%ed%8c%90/%ea%b3%b5%ec%a7%80%ec%82%ac%ed%95%ad/?term_id&slug=5756,"2023학년도 1학기 숭실대학교 물리학과 강사 채용 공고
1. 채용분야
가. 채용분야: 세부 채용 분야 및 인원은 붙임의 「모집 단위 목록」 참조
나. 주의사항
1) 전체 채용 모집단위 중 한 개 모집단위에 한하여 지원가능(중복 지원 불가)
2) 실제 담당 교과목은 강의개설 여건, 폐강 및 교과과정 개편 등에 의해 변경될 수 있음
2. 지원자격
가. 공통사항
1)「대학교원 자격기준 등에 관한 규정」에 따른 자격 기준을 충족하는 자
2) 관계 법령 및 본 대학교 규정에 따라 임용에 결격사유가 없는 자
3) 임용일 기준 만 65세에 도달하지 아니한 자
나. 강사 지원자격
가) 교육 및 연구경력연수: 연구실적연수와 교육경력연수 중 어느 하나가 기준에 미달하더라도 연구실적연수와 교육경력연수의 합계가 해당 기준을 충족하면 자격기준을 갖춘 것으로 본다.
학력
대학졸업자 · 동등자격자
전문대학졸업자 · 동등자격자
경력연수
연구실적연수
교육경력연수
계
연구실적연수
교육경력연수
계
강사
1
1
2
1
2
3
※ 타 대학 전임교원은 본교 강사로 임용이 가능하나 해당 대학의 규정에 위배되지 않도록 유의
3. 임용조건
가. 임용예정일: 2023년 3월 1일
나. 임용기간: 2023년 3월 1일 ~ 2024년 2월 29일
※단, 6개월 연구년 교원의 강의대체를 위해 임용되는 경우는 2023년 8월 31일까지로 함
다. 보 수: 본 대학교 보수지급기준에 따름
라 재임용 사항
1) 강사는 신규임용 기간을 포함하여 3년까지 재임용 절차를 보장
2) 연구년, 휴직, 보직 임명 등으로 인한 강의 대체를 위해 임용한 강사에 대해서는 재임용 절차를 보장하지 않음(모집단위 확인)
3) 겸임교수의 계약기간은 1년이며 재임용 절차를 보장하지 않음
4. 심사단계 및 기준
가. 1단계(서류심사): 서류심사(기초 및 전공심사)는 지원자의 지원서 작성내용 및 서류 (자기소개서, 강의계획서, 연구업적목록 등)를 종합적으로 평가함
※ 면접심사를 실시하는 모집단위는 모집부서에서 개별적으로 연락 후 진행함
※ 학과(부)별 모집단위에 따라 심사항목 및 배점이 다를 수 있음
5. 채용 일정
업무
일정
비고
채용 공고 및
지원서 접수
2023.01.18(수) 14:00
∼
2023.01.20(금) 23:59
‣ 지원서 접수는 진학사 교원채용시스템에서 진행함
※ https://trecruit.jinhakapply.com/
※ 우편, 이메일, 방문 접수 진행 하지 않음
‣ 접수기간 내에 접수 완료된 지원자에 한해 평가가 진행되며,
접수기간 종료 후에는 수정, 접수가 불가능하니
반드시 마감 전에 접수를 완료해야 함
심사
2023.01.25(수)
∼
2023.02.03(금)
예정
‣ 서류심사+면접심사일 경우: 2차 면접심사 대상자는 학과(부)에서 개별 연락함
‣ 면접심사 일정은 학과(부)에 따라 일정 변경 가능
합격자 발표
2023.02월 중
예정
‣ 서류심사+면접심사 또는 서류심사 후 합격자 발표
(심사 구분은 붙임의 모집 단위 목록 참조)
‣ 각 학과에서 합격자에게 개별 안내
최종 합격자
임용서류 접수
2023.02월 중
예정
‣ 모든 합격자는 일정 내 임용서류를 제출해야만 최종 합격 처리됨
‣ 기한 내 임용서류 미제출 시 임용포기로 간주하며 차순위자에게 합격 통보할 수 있음
1차 추가 합격자 발표 및 임용서류 접수
개별 연락
※ 채용 일정은 진행 경과에 따라 조정될 수 있음
6. 지원방법 및 제출서류 안내
가. 지원서 접수
1) 지원서 접수 일정: 2023.01.18 14:00 ~ 2023.01.20 23:59
2) 접수 방법: 진학사 교원채용시스템을 통해 접수(회원가입 필요)
※ 접수 홈페이지:
https://trecruit.jinhakapply.com/
※ 우편, 이메일, 방문 접수 진행 하지 않음
3) 정해진 양식 외 제출서류는 모두 PDF파일로 스캔하여 첨부
나. 지원자 제출서류
1) 임용지원서(신상정보)
– 채용시스템에서 작성하여 제출
2) 자기소개서 1부
– 채용시스템에서 작성하여 제출
3) 강의계획서 1부
– 지정된 서식을 다운로드 받아 작성 후 파일 첨부
– 지난학기 강의계획서는 saint.ssu.ac.kr – 자주찾는 메뉴 – 시간표조회에서 과목검색하여 확인가능
4) 학위별 학력증명서 및 성적증명서 각 1부
– 원본을 스캔하여 PDF파일로 첨부
5) 강의경력증명서 각 1부 [최근 4년간]
– 원본을 스캔하여 PDF파일로 첨부
– 입력한 내용과 일치하여야 하며, 증명서가 없는 경력사항은 인정하지 않음
6) 재직 및 기타 경력사항 증빙서류 각 1부 [최근 4년간]
– 원본을 스캔하여 PDF파일로 첨부
– 입력한 내용과 일치하여야 하며, 증명서가 없는 경력사항은 인정하지 않음
7) 연구실적목록 [최근 4년간]
– 연구업적은 최근 4년간(2019.01.01~2022.12.31)이며, 대표 논문업적 5편 이내로 제출
– 게재 예정이거나 출판되지 않은 것은 실적으로 인정되지 않음
8) 연구실적 증빙물
– 연구실적목록에 기재된 연구실적 원본을 스캔하여 PDF파일로 첨부
– 연구실적 증빙물은 모아서 파일 1개로 통합하여 첨부
• 최종학위 논문: 표지, 초록부분
• 학술지 논문: 표지, 초록부분(학술지명,발행년월,권호,저자명 등이 표기된 부분)
• 저서/번역서: 표지, 목차, 머리말, 본문의 일부(처음 3~4페이지), 판권(발행년 월, 개정여부, 저자명 포함)
• 창작발표회/전시회: 예체능계열만 첨부
• 연구실적 증빙물 제출시 연구실적목록 상의 순서대로 정렬하여 제출
7. 지원자 유의사항
가. 해당 분야에 적임자가 없는 경우 채용하지 않을 수 있음
나. 중복 지원할 수 없으며, 중복지원 시 지원을 모두 무효로 하거나 합격을 취소함
다. 강사 채용과 관련된 제반 일정은 본교 사정에 의해 변경될 수 있음
라. 임용 이후 학사운영 및 교과과정 조정에 따라 담당 교과목 및 강의시간이 변경될 수 있음
마. 신원조회 및 성범죄경력조회 결과 이상이 있으면 합격이 취소될 수 있음
바. 임용에 결격사유가 있거나 제출된 서류의 내용이 사실과 다를 경우 임용 취소함
사. 합격자에 한해 추가 증빙서류 제출을 요구할 수 있음
아. 재임용 제외 사유에 해당되는 모집단위는 재임용이 보장되지 않음
자. 각종 증명서류는 최근 3개월 이내 발급 본 제출을 원칙으로 하며, 원본은 최종 합격 이후에 제출함
차. 최종합격자 발표 기간 중 합격자 제출서류를 정해진 기간 내에 제출하지 않을 경우 임용을 포기한 것으로 간주하며, 심사 결과에 따른 차순위후보자를 임용할 수 있음
카. 평가방법은 추후 사정에 따라 변경될 수 있음
8. 문의처
공고 관련 문의: 물리학과 사무실 02-820-0420
※ 전화 문의 가능시간: 10:00 ~ 17:00
※ 공휴일(토,일)은 전화문의 응대할 수 없으니 유의하시기 바랍니다."
physics,[학사] 2022-겨울방학 학사경고자 및 학사경고위험군 대상  상담 프로그램 안내,N/A,2023-01-13,https://physics.ssu.ac.kr/%ea%b2%8c%ec%8b%9c%ed%8c%90/%ea%b3%b5%ec%a7%80%ec%82%ac%ed%95%ad/?term_id&slug=5750,"안녕하세요 물리학과 사무실입니다.
23-1학기 복학예정자 중 이전학기에 학사경고 또는 학사경고 위험군이였던 학생은 상담프로세스를 완료해야 학점제한을 해제할 수 있습니다.
학과에서 다음학기 복학여부를 확인한 후 1월 내로  교수님들의 상담전화가 갈 예정이니 전화를 받아주세요."
physics,[학사] 2023-1학기 국내 대학 학점교류 신청 안내,N/A,2023-01-11,https://physics.ssu.ac.kr/%ea%b2%8c%ec%8b%9c%ed%8c%90/%ea%b3%b5%ec%a7%80%ec%82%ac%ed%95%ad/?term_id&slug=5745,"국내대학 학점교류 신청을 안내합니다.
계속 업데이트 예정이니 수시로
학교홈페이지 공지사항을 확인
[확인하러가기: 클릭]
해주세요.
학과홈페이지는 개괄적이 안내만 합니다.
1. 신청 자격
가. 2023-1학기 기준 3~7학기 재학 중인 자
나. 직전 학기까지 학업성적이 총 평점 평균 3.0 이상인 자
다. 학칙에 의거 징계받은 사실이 없는 자
2. 신청 학점
: 정규학기 수강신청 가능 학점 이내
3. 신청 방법:
국내대학 학점교류 신청서 작성 후 학교별 마감시간 지켜서 학과사무실에 제출
※ 홈페이지 공지는
대학별 실시계획이 확정되는 대로
계속 업데이트
예정
4. 제출 서류
가. 학생: 국내 대학 학점교류 신청서(붙임1)"
physics,[장학] 2023-1학기 백마장학금 자격요건 안내,N/A,2023-01-10,https://physics.ssu.ac.kr/%ea%b2%8c%ec%8b%9c%ed%8c%90/%ea%b3%b5%ec%a7%80%ec%82%ac%ed%95%ad/?term_id&slug=5743,"23-1학기 백마장학금 자격 요건 안내해드립니다.
학생들은
2월 9일 u-SAINT를 통해 확인
할 수 있습니다.
[학교자격 요건]
가. 2023학년도 1학기 국가장학금을 신청하여 소득분위 조회가 가능한 자
1) 1차 신청하여 국가장학금 심사된 자에 한하여 등록금고지서 사전감면
2) 1차 미신청자 : 2차 신청 및 심사 여부 확인 후 지급 (2차 신청자는 4월 말~6월 초 국가장학금 승인 차수에 따라 순차적으로 사후지급)
3) 국가장학금을 신청할 수 없는 대한민국 국적 미소지자도 선발 가능 (단, 순수외국인전형으로 입학한 외국인 유학생은 선발 불가)
나. 2023학년도 1학기 재학 및 복학예정자로 해당학기 등록금 납부 예정인 자
1) 2023학년도 1학기 前등록휴학 후 복학시 선발대상에서 제외(등록대체자)
2) 학기 중 미등록, 자퇴, 제적, 입학취소, 복학 취소 등 학적변동시 모든 장학금 취소
3)
선발 후 휴학 시 백마성적우수장학금은 복학 학기로 이월되며
복학 학기에 국가장학금 신청 의무임
4) 추가 또는 교체선발 시에는 재학 중인 학생만 선발 가능(휴학생 추가/교체 불가)
다. 직전학기 15학점 이상 이수한 자 (졸업 직전학기는 직전학기 12학점 이상)
라. 정규등록학기가 8학기 이내인 자(건축학과 건축학전공: 정규등록 10학기 이내인 자)
마. F학점 포함 학적부성적 기준 직전학기 3.5 이상인 자
바. 모든 교내장학금간 중복수혜 불가
1) 신청장학금 중 수혜금액이 큰 장학금 선발(동일할 시 백마성적우수장학금 선발)
2) 중복수혜 가능 장학금: 국가장학금, 교외장학금, 학업장려비 지원 목적 장학금 등
[학과 자격요건]
가. 학교 백마장학금 조건에 만족하는 학생 (학기마다 U-SAINT 공지사항 확인)
나. 직전 학기 물리학과의 전공필수와 전공선택 과목을 합하여 8학점 이상 이수한 학생으로 제한한다.
다. 1학년의 경우,  1학기에  전공기초 9학점 이상과 물리2(기초물리응용1)을 이수하고 2학기에 전공기초 9학점 이상과 물리4(기초물리응용2)를 이수한 학생으로 제한한다. (2015.07.16 개정)
라. 타학과 전과신청이 승인된 학생은 제외한다.
주의) 물리2는 기초물리응용1으로, 물리4는 기초물리응용2로 과목명이 변경됨. (2017학년도 신입생 이후)
주의)
선발 비율은 매 학기 달라지며,  최종 확정 시까지 변동 가능하여 전화 문의 시 답변이 어려울 수 있음."
physics,[교직] 2022학년도 교직과정 선발자 안내,N/A,2023-01-10,https://physics.ssu.ac.kr/%ea%b2%8c%ec%8b%9c%ed%8c%90/%ea%b3%b5%ec%a7%80%ec%82%ac%ed%95%ad/?term_id&slug=5741,"안녕하세요. 물리학과 사무실입니다.
2022학년도 교직과정 선발자 안내해드립니다.
1)20210309(이*용)
2)20210310(이*겸)
축하드립니다.
2023.01.10
물리학과 사무실"
physics,[장학] 1:1 커넥팅 캠페인 신청안내(~1.13 금요일),N/A,2023-01-03,https://physics.ssu.ac.kr/%ea%b2%8c%ec%8b%9c%ed%8c%90/%ea%b3%b5%ec%a7%80%ec%82%ac%ed%95%ad/?term_id&slug=5734,"[일대일 커넥팅 캠페인]
도움이 필요한 숭실대학교 재학생과
도움을 주고자 하는 후원자를
일대일로 매칭하는 캠페인입니다.
도움이 필요한 학생은 아래의 방법으로 신청해주세요
*접수기간: ~ 2023.01.13.(금)
*참가자격: 본교 재학생 누구나
*참가방법:
https://fund.ssu.ac.kr/fro_end/html/dep_03/3500.php
*문의: 발전기금팀 02-820-0309"
physics,★1월 주요 공지사항★,N/A,2023-01-03,https://physics.ssu.ac.kr/%ea%b2%8c%ec%8b%9c%ed%8c%90/%ea%b3%b5%ec%a7%80%ec%82%ac%ed%95%ad/?term_id&slug=5728,"안녕하세요, 1월 주요 공지사항입니다.
[행사/모집-채용]
1) [모집] 제1회 물리대회 감독관 신청 안내 (~1/8 일요일까지 신청)
2) [모집] 입자물리랩 2023-1 학부연구생 모집
[학사공지]
1) 2023학년도 이후 입학자의 학기별 수강해야하는 교양필수과목 안내
[장학]
1) 1:1 커넥팅 캠페인 신청안내(~1.13 금요일)
[학과소식]
1) 2022-2숭실물리이야기 개최
2)기초과학융합연구소, 우주물질연구소 병역특례연구소 지정
3)이동렬 교수 연구팀, Physical Review Letters 저널에 논문 게재"
physics,[학사] 2023학년도 이후 입학자의 학기별 수강해야하는 교양필수과목 안내,N/A,2022-12-16,https://physics.ssu.ac.kr/%ea%b2%8c%ec%8b%9c%ed%8c%90/%ea%b3%b5%ec%a7%80%ec%82%ac%ed%95%ad/?term_id&slug=5595,"2023학년도 이후 입학자의 학기별 교양필수 수강과목을 안내합니다.
정리하자면, 아래와 같습니다.
1학년 1학기: 비판적사고와표현, 한반도평화와통일, 컴퓨팅적사고
1학년 2학기: 인문적상상력과소통, 인간과성서, SW와 AI
2학년 1학기: 글로벌소통과언어
2학년 2학기: 글로벌시민의식
3학년1학기: 창의적사고와혁신
물 리 학 과"
physics,12월 주요 공지사항,N/A,2022-12-06,https://physics.ssu.ac.kr/%ea%b2%8c%ec%8b%9c%ed%8c%90/%ea%b3%b5%ec%a7%80%ec%82%ac%ed%95%ad/?term_id&slug=5557,"안녕하세요 물리학과 사무실입니다. 12월 주요 공지사항 안내해드립니다.
[학사공지]
1) 2022학년도 물리학과 졸업논문발표 결과공지/시상안내
[세미나]
1)[12월 8일] 2022-2 물리학과 초청세미나: 주경광 교수(전남대학교)
[학과소식]
1) 2022-2숭실물리이야기 개최
2)기초과학융합연구소, 우주물질연구소 병역특례연구소 지정
3)이동렬 교수 연구팀, Physical Review Letters 저널에 논문 게재
[행사/채용]
1)2022년도 기초과학융합연구소 학부생 동계인턴십 모집
2) 양자정보과학 겨울학교 (~12.23 금요일 15시까지 신청)
3) 2023년도「유럽핵입자물리연구소(CERN) 협력사업」 Summer Student Program 참가 대학생 모집 공고"
physics,[장학] 2023-1학기 국가장학금 신청안내 (1차),N/A,2022-11-23,https://physics.ssu.ac.kr/%ea%b2%8c%ec%8b%9c%ed%8c%90/%ea%b3%b5%ec%a7%80%ec%82%ac%ed%95%ad/?term_id&slug=5503,"2023-1학기 국가장학금 1차 신청을 안내합니다.
가. 신청기간: 2022.11.24.(목) 9:00~2022.12.29.(목) 18:00(총 36일간)
나. 서류 제출 및 가구원 동의 기간: 2022.11.24.(목)~2023.01.05.(목) 18:00까지
다. 신청대상: 대한민국 국적 학부생
라. 신청방법: 한국장학재단 홈페이지(www.kosaf.go.kr) 및 모바일 앱에서 신청
(홈페이지)2023년 1학기 국가장학금 1차 신청매뉴얼
(모바일)2023년 1학기 국가장학금 1차 신청매뉴얼"
physics,11월 주요 공지사항,N/A,2022-11-16,https://physics.ssu.ac.kr/%ea%b2%8c%ec%8b%9c%ed%8c%90/%ea%b3%b5%ec%a7%80%ec%82%ac%ed%95%ad/?term_id&slug=5440,"안녕하세요 물리학과 사무실입니다.
11월 주요 공지사항 안내해드립니다.
[학사공지]
1) 2023학년도 1학기 학·석사연계과정 지원 및 선발 안내
2) 국가장학금 1차 신청 안내 (2023-1학기)
[세미나]
1
)[11월 24일] 2022-2 물리학과 초청세미나: 장준익 교수(서강대학교)
[학과소식]
1)[12월 2일 금요일 오후3시] 2022-2숭실물리이야기 개최
2) 기초과학융합연구소, 우주물질연구소 병역특례연구소 지정
[행사/채용]
1)[11월 23일 수] 2022 숭실 반도체의 날 개최 안내
2)[KT AIVLE School] KT AIVLE School (에이블스쿨) 3기 모집(~12/5 월)
물 리 학 과"
physics,[학사] 2023학년도 1학기 학·석사연계과정 지원 및 선발 안내,N/A,2022-11-16,https://physics.ssu.ac.kr/%ea%b2%8c%ec%8b%9c%ed%8c%90/%ea%b3%b5%ec%a7%80%ec%82%ac%ed%95%ad/?term_id&slug=5436,"학석사 연계과정 선발일정을 공유합니다.
1. 지원기간 : 2022.12.05(월)~12.22(목)
2. 모집학과 : 학사과정과 석사과정에 동일(또는 유사)학과가 있는 학과(계약학과 제외)
3. 지원자격 :
다음 각호 모두 해당되는 자
가. 지원일 당시 학사과정 4학기 이상 6학기 이내 재학 중(건축학부 건축학전공은 6학기 이상 8학기 이내 재학 중)인 자 (학·석사연계과정 신청자는 조기졸업 신청을 할 수 없음)
나. 재수강 이전 과목, 학점포기한 과목, F학점 과목 등을 포함한 전체 과목의 총평점평균이 3.0 / 4.5 이상인 자
다. 7학기 또는 8학기(건축학부 건축학 전공은 9학기 또는 10학기)에 학사과정의 졸업요건을 충족할 수 있는 자
라. 지원하고자 하는 일반대학원 학과 주임교수와 지도교수의 추천을 받은 자
마. 지원하고자 하는 일반대학원의 동일(또는 유사)학과를 주전공 또는 복수전공으로 하는자(부전공, 연계전공은 해당 없음)
4. 제출서류 및 지원방법
가. 학·석사연계과정 신청서 1부.
나. 대학원 교학팀으로 방문 접수(웨스트민스터홀 658호)
5. 선발인원 : 석사과정 입학정원의 20%
6. 발표일 : 2023.01.26(목) 예정 – 학과 및 개별통지
7. 관련안내
가. 대상 : 지원가능 대상자 및 학과
나. 방법 : 안내문 배포 및 관련 동영상 링크(
https://url.kr/jafxc8
)
8. 문의처 : 대학원 교학팀(02-820.0258~9 , grad@ssu.ac.kr)
붙임 : 1. 2023-1 학·석사연계과정 안내문 1부.
2. 학·석사연계과정 신청서 1부.  끝."
physics,[학생서비스] 10월 28일 물리학과 도서실 사용제한 안내(오후2시-6시),N/A,2022-10-24,https://physics.ssu.ac.kr/%ea%b2%8c%ec%8b%9c%ed%8c%90/%ea%b3%b5%ec%a7%80%ec%82%ac%ed%95%ad/?term_id&slug=5402,"안녕하세요, 물리학과 사무실입니다.
10.28(금) 오후 2시-6시까지 물리학과 도서실 사용을 제한합니다.
사유: 대학원 면접일정
학생들의 협조 부탁드립니다.
물 리 학 과"
physics,10월 주요 공지사항,N/A,2022-10-11,https://physics.ssu.ac.kr/%ea%b2%8c%ec%8b%9c%ed%8c%90/%ea%b3%b5%ec%a7%80%ec%82%ac%ed%95%ad/?term_id&slug=5274,"안녕하세요 물리학과 사무실입니다.
10월 주요 공지사항 안내해드립니다.
중간고사 힘내시고, 학과소식도 계속 확인해주세요.
[학사공지]
1)10월 28일 금요일  물리학과 도서실 사용제한 안내
2) 인공지능반도체 융합전공 신청안내(~10/31 월 까지)
3) 2023학년도 전기 대학원 정시모집 안내(~10/14 금 까지)
4) 논문발표영상제출(~11/5 토), 논문제출(~11/26 토)
[세미나]
1) [10월 13일] 2022-2 물리학과 초청세미나: 최형준 교수(연세대 물리학과)
[학과소식]
[행사/채용]
1)인공지능 반도체 설계 경진대회(~10/31월까지)
물 리 학 과"
physics,[학사] 개설된 교양필수·선택 과목 중 기독교과목 리스트,N/A,2022-10-04,https://physics.ssu.ac.kr/%ea%b2%8c%ec%8b%9c%ed%8c%90/%ea%b3%b5%ec%a7%80%ec%82%ac%ed%95%ad/?term_id&slug=5212,"교양필수 및 선택 과목중 기독교 과목 리스트 안내합니다. 교양필수 학점을 채우지 못했다면 아래 과목을 선택하여 수강해야지 졸업요건을 채울 수 있습니다.
변경가능성이 있으니 학교홈페이지 학사공지사항을 수시로 확인해주세요
공지사항 링크:
https://scatch.ssu.ac.kr/%ea%b3%b5%ec%a7%80%ec%82%ac%ed%95%ad/?f&category=%ED%95%99%EC%82%AC&keyword
2022.10.04 물 리 학 과"
physics,[학사] 2022-2학기 연구실 안전교육 관련 안내,N/A,2022-09-29,https://physics.ssu.ac.kr/%ea%b2%8c%ec%8b%9c%ed%8c%90/%ea%b3%b5%ec%a7%80%ec%82%ac%ed%95%ad/?term_id&slug=5210,"연구실 안전교육 관련 안내드립니다.
– 온라인교육 수강방법
가. 수강 기간 : 2022.09.29 ~ 2022.12.31
나. 교육 사이트 :
http://www.safetyedu.org
다. 로그인 방법 :
1) 기관: 숭실대학교
2) 학번/사번: 학번 혹은 사번
3) 비밀번호: 초기 비밀번호는 학번 혹은 사번"
physics,[홍보] 2023학년도 전기 대학원 정시모집 안내,N/A,2022-09-26,https://physics.ssu.ac.kr/%ea%b2%8c%ec%8b%9c%ed%8c%90/%ea%b3%b5%ec%a7%80%ec%82%ac%ed%95%ad/?term_id&slug=5190,"*모집요강 바로보기:
https://drive.google.com/file/d/1y4DOvsrajEDV3AV10cQzdE0n3XE9CD29/view?usp=sharing
2023학년도 전기 대학원 정시모집 안내합니다. 학생들의 많은 관심과 지원 부탁드립니다.
1. 모집일정
– 원서(온라인)접수: 2022.10.04.(화)~2022.10.14.(금)
– 서류제출: 인터넷지원 후 10.14,(금) 16시까지 대학원교학팀 오프라인 접수 (웨스트민스터홀 658호)
– 전형일: 2022.10.29.(토) 예정
– 합격자발표: 2022.11.25.(금) 예정
– 합격자등록: 2023.01.03.(화)~2023.01.05.(목)
2. 링크
(1)일반대학원 홈페이지:
https://grad.ssu.ac.kr/
(2) 온라인 접수:
https://saint.ssu.ac.kr/irj/servlet/prt/portal/prtroot/pcd!3aportal_content!2fac.ssu.pct.fd.SSU!2fac.ssu.pct.fd.CM!2fac.ssu.pct.fd.iView!2f05_______!2fac.ssu.pct.cm.iv.cmS0045?sap-config-mode=true
물 리 학 과 2022.09.26."
physics,[장학] 2022학년도 2학기 국가장학금 신청자 가구원 동의 안내,N/A,2022-09-20,https://physics.ssu.ac.kr/%ea%b2%8c%ec%8b%9c%ed%8c%90/%ea%b3%b5%ec%a7%80%ec%82%ac%ed%95%ad/?term_id&slug=5169,"2022학년도 2학기 국가장학금 가구원 동의 관련하여 다음과 같이 안내합니다.
※ 2022학년도 2학기 국가장학금 가구원 동의 미완료자 대상 안내입니다.
※ 가구원 동의 절차 미완료 시 국가장학금 지원이 불가하며,
장학규정에 따라 교내장학금 지원도 불가하니 기한 내에 완료하여 주시기 바랍니다.
1. 가구원 정보제공 동의 기간: 2022.09.23.(금) 18:00 까지(온·오프라인 동일)
가. 기한 내
가족관계 확인 및 가구원 정보제공동의
를 하지 않을 경우:
지원구간 산정이 지연되거나 불가
할 수 있음
(지원구간 산정이 지연되면
최신화 신청 불가
할 수 있음)
나.
재외국민 특별전형 입학자, 주민등록코드 상 재외국민
(가구원 중 1인 이상), 또는
학생 또는 가구원(형제·자매 포함)
이 재외국민 특별전형으로 입학하여
국외 소득·재산 신고 대상자로 선정된 이력이 있는 경우
(당해 학기 포함): 기한 내 가족관계 확인 및 가구원 정보제공 동의를 하지 않으면,
국외 소득․재산 신고 대상자로 선정되지 않아 지원구간 산정 불가
2. 동의대상 가구원 범위
– 미혼: 학생의 부·모 모두
– 기혼: 학생의 배우자
※ 학생 본인이 기초·차상위계층 자격인 경우, 가구원 정보제공동의 생략 가능
※ 가구원 부양관계 단절 등 동의 불가 시, 제외 심사를 통해 동의대상 가구원 제외 가능
3. 방법
– 온라인: 홈페이지(www.kosaf.go.kr) 접속 → 가구원(부․모 또는 배우자)의 전자서명 동의
– 오프라인: 입원․고령․농어촌거주․장애 등 온라인 동의 불가 시, 상담센터 문의(1599-2000) 하여 오프라인 동의 진행
※ 자세한 사항은 첨부파일(가구원 정보제공 동의 상세절차) 참조
4. 문의처: 한국장학재단 콜센터 1599-2000
가구원 정보제공동의 상세 절차"
physics,2022학년도 2학기 유고결석 안내,N/A,2022-09-05,https://physics.ssu.ac.kr/%ea%b2%8c%ec%8b%9c%ed%8c%90/%ea%b3%b5%ec%a7%80%ec%82%ac%ed%95%ad/?term_id&slug=5100,"2022학년도 2학기 유고결석 신청 방법에 대해 상세히 안내하니 반드시 참고하시어 유고결석을 신청하시기 바랍니다.
**
유고결석 증빙서류 허위(위조) 제출이 발각되어 2021학년도 5명, 2022학년도 1학기 4명의 학생이 전원 학칙에 의거 징계
처리 되었습니다.
증빙서류 위조
는 교내 징계 뿐만 아니라
형법상 공/사문서 위조죄 관련 규정에 따라 형사처벌 대상이 될 수 있는 범법행위
임을 유념하시기 바랍니다.
**
유고결석 신청방법: 유세인트를 통한 온라인 신청
신청경로: – 유세인트 로그인 – 학사관리 – 수업/출석 – 결석신청 및 조회 – 결석신청정보[신청] 클릭
– 유의사항 확인 후 체크 – 결석신청 내용 입력(결석구분상세: 질병 선택, 결석사유:  백신 접종 등 사유 기재)
– 유고결석 증빙 파일 업로드(코로나19 백신 예방접종내역 확인서 / 본인 성명이 기재된 카톡 혹은 백신접종증명 화면 등)한 뒤
[신청]
클릭
– 결석적용 과목 체크 및 확인 후
[저장]
클릭
하단 붙임 파일
(3.재학생-유세인트-유고결석-신청방법.pdf)
을 참고하시기 바랍니다.
** 유의사항
1. 파일 업로드 시 증빙서류가 미비한 경우, 유고결석이 ‘거부’처리 될 수 있습니다.
신청 학생은 신청 후 기간 내
‘승인’여부를 꼭 확인 바랍니다.
(신청경로에서 확인 가능)
2. 유고결석은 결석 종료일 이후에 신청 가능합니다.
(ex-격리일자가 3/1(화)부터 3/7(월)까지일 경우,  3/7(월) 이후에 한번에 기간 설정, 과목 선택하여 신청하면 됨)
3.
코로나19 확진 자가신고는 LMS(
class.ssu.ac.kr
)에 접속하여 별도로 진행
하시기 바랍니다.(
관련 안내 바로가기
)
4. 코로나19 격리로 인해 결석한 경우, 보건당국의 격리통지서(문자 캡쳐본 가능)가 있는 경우에만 문서 상 격리 일자에 한해서 유고결석 인정 가능합니다.
**코로나19 자가진단키트 검사 결과는 증빙서류로 인정되지 않으나,
보건소 및 병원에서 검사를 받은 경우
(신속항원검사, PCR검사),
본인 이름 및 검사일자가 표기된 검사통지문자/카톡/서류를 제출할 경우 유고결석 승인 가능
합니다. (당일 검사지에 한해서
검사 결과 무관
)
**백신접종은 유고결석 인정이 유지됩니다."
physics,9월 주요 공지사항,N/A,2022-09-01,https://physics.ssu.ac.kr/%ea%b2%8c%ec%8b%9c%ed%8c%90/%ea%b3%b5%ec%a7%80%ec%82%ac%ed%95%ad/?term_id&slug=5068,"안녕하세요, 물리학과 사무실입니다. 9월 주요 공지사항 안내해드립니다. 수시로 업로드 예정이니 자주 확인해주세요.
모르는게 있다면,
학생백과 바로가기
[공지]
1) 2022학년도 2학기 졸업논문 공지사항
2) 22시이후 학생회실, 물리학과 도서실 잔류 금지
3) 2학기 유고결석 안내
4) 2023 전기 정시 대학원모집 안내
[세미나]
1)
2022-2학기 물리학과 세미나 전체일정 안내
2) [9월 15일] 2022-2 물리학과 세미나: 이동렬 교수 – 숭실대 물리학과
3) [9월 22일] 2022-2 물리학과 초청세미나: 정문석 교수 – 한양대 물리학과
4) [9월 21일] 기초과학융합연구소 런치 세미나: 정연욱 교수– 성균관대 나노과학기술원
5) 제 4차 OMEG Concert 안내: 매주 목요일 오전10시-12시
[학과소식]
1) 학부연구생 (윤채현, 물리학과 4학년) SCOPUS 저널 새물리에 논문 발표
[장학]
1)숭실대학교 장학회 2022학년도 장학생 선발(~9/16 금요일 까지)
2) 재단법인 수림재단 동교인재상 선발안내(~10/14  금요일 우편접수 소인분까지)
3) 2022학년도 2학기 국가장학금 신청자 가구원 동의 안내
[외부행사/채용]
1) 9월 채용상담회 일정
물 리 학 과"
physics,우주물질연구소 2학기 학부 인턴생 모집공고 (~8/29 월 까지),N/A,2022-08-17,https://physics.ssu.ac.kr/%ea%b2%8c%ec%8b%9c%ed%8c%90/%ea%b3%b5%ec%a7%80%ec%82%ac%ed%95%ad/?term_id&slug=5012,"숭실대학교 우주물질중점연구소에서는 3~4학년 학부생을 대상으로 연구를 직접 수행할 수 있는 기회를 제공하여 우수한 연구 인력 양성 및 대학원 진학을 돕고자 2학기 학부생 연구원을 모집합니다. 대학원 연구실에서 연구책임자(교수)의 지도 아래 대학원생들과 함께 조기에 연구 활동 및 실험실 생활을 경험할 좋은 기회이오니, 학생 여러분의 많은 참여 바랍니다.
1. 모집내용 및 지원대상
.2022학년도 2학기 우주물질중점연구소 학부생 연구원
.참여기간 : 2022년 9월 1일(목) ~ 2023년 2월 28일(화) (6개월)
.장 소 : 우주물질중점연구소
.연구분야 : 연구소 홈페이지 참고(
https://omeg.ssu.ac.kr
)
.역 할 : 연구보조원으로서 연구소의 연구 분야에 참여하여 졸업 논문을 포함한 논문연구 진행
.2022학년도 2학기 숭실대 물리학과 학부재학생 3~4학년 (휴학생 지원불가)
.인건비:  월 25만원
2.신청서류 및 제출기간
.지원서 및 개인정보이용동의서(첨부파일). 각 1부.
.학부 성적증명서 및 재학 증명서. 각 1부.
.제출기간 : 2022년 08월 29일 (월) 까지
.제출방법:
omeg@ssu.ac.kr
. 이메일로 제출
3.신청과정 및 유의사항
.지원금 전액 환수 기준
가. 지도교수는 학생의 불성실 등을 사유로 중단 요청 가능
나. 중간보고서 및 결과보고서 미제출 시 지원금 전액 미지급
4.결과발표 : 제출기간 후 일주일 이내 선발여부를 메일로 통보
감사합니다.
우주물질중점연구소"
physics,"22시 이후 학교시설 잔류금지 (학생회실, 물리학과도서실 해당)",N/A,2022-08-11,https://physics.ssu.ac.kr/%ea%b2%8c%ec%8b%9c%ed%8c%90/%ea%b3%b5%ec%a7%80%ec%82%ac%ed%95%ad/?term_id&slug=4984,"학생 안전을 위해 22시 이후 학교시설 잔류를 금지하니 모든학생 협조부탁드립니다.
물리학과 해당사항:
학생회실(베어드홀1층)
,
물리학과도서실(베어드홀 319-1호)
물 리 학 과"
physics,2022학년도 예비군 1차 기본훈련 편성 안내 (9.29 목요일) (수정함. 필수확인),N/A,2022-08-11,https://physics.ssu.ac.kr/%ea%b2%8c%ec%8b%9c%ed%8c%90/%ea%b3%b5%ec%a7%80%ec%82%ac%ed%95%ad/?term_id&slug=4977,"2022학년도 예비군 1차 기본 훈련 안내드립니다.
자연과학대학은 9월 29일 목요일 편성되었으며, 유고결석계 신청방법은 첨부파일 확인해주세요.
2022.08.16일자 수정본
위 관련 근거에 의거 2022학년도 학생 예비군 기본훈련 1차 계획 및 유고 결석 처리를
아래와 같이 수정 하오니 참고 하시기 바랍니다.
가. 유고 결석 처리 안내
구분
수정 내용
을
으로
내용
채플은 자동 출석 처리 되니 신청 불필요
수업 및 채플 유고 결석 신청
물 리 학 과"
physics,[장학] 2022-2학기 학과근로장학생 선발안내 (~8/18목 17시까지),N/A,2022-08-11,https://physics.ssu.ac.kr/%ea%b2%8c%ec%8b%9c%ed%8c%90/%ea%b3%b5%ec%a7%80%ec%82%ac%ed%95%ad/?term_id&slug=4964,"안녕하세요 물리학과사무실입니다. 2022-2학기 학과 근로장학생 선발안내 드립니다
근무장소안내: 물리학과사무실(행정보조), 물리실험실(물리멀티미디어실 관리 또는 조만식기념관 실험기구 보조)
*학생신청방법: u-SAINT포털 → 등록/장학 → 장학메뉴 ‘근로장학금’→학과근로A/B신청 → 지원서 출력 → 학과사무실에 지원서 제출 (~8/18 목 17시까지)
*지원서 제출시, 근로가능한 시간 설문예정이니 참고부탁드립니다.
—————————————————————————————————————-
1.근로장학생 자격 및 선발기준
가. 2022학년도 2학기 국가장학금을
1
차
신청하고 소득분위가 8분위 이내인 자※ 국가장학금을 신청할 수 없는 대한민국 국적 미소지자도 선발 가능(단, 순수외국인전형으로 입학한 외국인 유학생은 선발 불가)나. 2022학년도 2학기 재학 및 복학예정자로 해당학기 등록금 납부 예정인 자1) 2022학년도 2학기 전 등록휴학 후 복학시 선발 불가(등록대체자)2) 학기 중 미등록, 입학취소, 복학취소 등으로 인한 학적변동시 모든 장학금 취소3) 2022학년도 2학기 기준 이수학기가 2~7학기만 가능(1학기 및 8학기 신청 불가)다. 직전학기 취득학점 및 학업성적 제한 없음라. 타 장학금과 중복수혜 가능(근로장학금 간 중복 불가)※ 본 장학금은 학업장려비 지원 목적으로 등록금(입학금 및 수업료)를 초과하여 지급
마. 국가근로장학생(교사대생튜터링 포함) 및 교내근로장학생에 선발되지 않은 자
2.근로장학생 종류별 장학금액 및 근로시간
장학금명
시간당 장학금
총 근로시간 (학기)
1인당 장학금액(원)
학과근로A
9,160원
10시간*20주=200시간
1,750,000
학과근로B
9,160원
5시간*20주=100시간
875,000
※ 장학금은 매월 지급하며, 실 지급액은 근로시간에 따라 달라질 수 있음
※ 장학금 지급일: 매월 셋째주 금요일 (Ex. 9월분 근로장학금 지급일: 10월 셋째주 금요일)
3.유의 사항
가. 선발된 학생은 소속부서에서 지정된 근로시간 동안 근무해야 하며, 학기 중 학적변동
(휴학, 자퇴, 제적 등) 등 불가피한 사유가 인정되는 중도 포기 시 근로 시간 만큼 지급
나. 2022년 8월 말 근로평가 전까지 교체 가능(단, 교체 전 학생의 근로시간을 차감)
다. 국가근로 및 교내근로로 선발 시 학과근로 선발에서 제외됨
(선발 우선순위: 1. 국가근로, 2. 교내근로, 3. 학과근로)
4.신청절차
가. 학생신청방법: u-SAINT포털 → 등록/장학 → 장학메뉴 ‘근로장학금’→학과근로A/B신청 → 지원서 출력 → 지원서 제출
※
u-SAINT
출력본 제출 필수
나. 온라인접수 및 서류제출기간:
2022
년
8
월
11
일
(
목
) 10:00 ~ 8
월
18
일
(
목
) 17:00
1) 제출서류: 지원서(u-SAINT출력본)
2) 제출장소: 각 학과사무실
5.선발결과 발표
가. 일시 : 2022년 8월 25일(목) 18:00 이후 예정
나. 본교 홈페이지 공지사항
6.문의
: 물리학과 사무실 (
physics@ssu.ac.kr
또는 02-820-0420)"
physics,8월 주요 공지사항,N/A,2022-08-05,https://physics.ssu.ac.kr/%ea%b2%8c%ec%8b%9c%ed%8c%90/%ea%b3%b5%ec%a7%80%ec%82%ac%ed%95%ad/?term_id&slug=4957,"안녕하세요. 물리학과 사무실입니다. 8월 주요 공지사항 안내드립니다.
[학과공지]
1) 2022-2학기 학과근로장학생 선발안내 (~8/18목 17시까지)
2) 인공지능반도체 융합전공 신청안내
3) 우주물질연구소 2학기 학부 인턴생 모집공고 (~8/29 월 까지)
4) 22시 이후 학교시설 잔류금지
5) 학생백과
6) 2022-2학기 졸업논문일정
7) 2022학년도 예비군 1차 기본훈련 편성 안내 (9.29 목요일)
[학과소식]
1) Doris KIM(김양수) 교수, 국제공동 입자물리 연구 Belle II 실험 대표자회의 부의장 선출(2022년) 및 의장 승계(2023년)
2) 이여진학부연구생(오홍석교수님 지도), 2022 NANO KOREA에서  Best Poster Awards 수상
[외부행사/채용]
2022.08.05. 물 리 학 과"
physics,물리학과 졸업요건,N/A,2022-08-05,https://physics.ssu.ac.kr/%ea%b2%8c%ec%8b%9c%ed%8c%90/%ea%b3%b5%ec%a7%80%ec%82%ac%ed%95%ad/?term_id&slug=4920,"물리학과 졸업요건 알려드립니다.
1. 졸업 학점 만족 : 연도별 교과과정 이수체계 기준 (본인학번 기준으로 파일확인
[클릭]연도별 교과과정 이수체계
)
2. 졸업논문제출 :
운영일정
/
학기별 공지사항
3. 실험과목 2개 이상 이수: 현대물리실험, 전자회로실험 중 1개 + 전자기학실험, 광학실험, 고급실험 중 1개
4. 졸업확정신고
2022.08.05. 물 리 학 과"
physics,편입생 안내,N/A,2022-08-04,https://physics.ssu.ac.kr/%ea%b2%8c%ec%8b%9c%ed%8c%90/%ea%b3%b5%ec%a7%80%ec%82%ac%ed%95%ad/?term_id&slug=4910,"안녕하세요, 물리학과 사무실입니다.  편입생을 위한 설명드립니다.
(1) 학점이수체계
졸업까지 필요한 이수학점은 본인의
학번을 기준
으로 함.
연도별 교과과정 이수체계
에서 본인학번의 연도를 확인하여 충족해야하는 학점 확인
(2) 전공기초, 필수 과목 수강관련
학생마다 다름. 편입시 전적 대학교의 수강과목에 따라 인정받는 과목이 다르기 때문.
입학 전 학과장님 면담시 숭실대학교에서 인정받는 과목을 안내받으면, 그 과목은 안들어도 됨. 학과사무실에 연락하여 필수로 확인해야함.
예시) 숭실대 입학 당시 물리1및실험, 물리2및실험, 기초물리응용1, 기초물리응용 2를 인정받고 들어왔다면 해당과목은 안들어도 됨.
주의) 졸업사정표 기준학점을 충족하고 있는지 수시로 확인 필요"
physics,학생백과,N/A,2022-08-04,https://physics.ssu.ac.kr/%ea%b2%8c%ec%8b%9c%ed%8c%90/%ea%b3%b5%ec%a7%80%ec%82%ac%ed%95%ad/?term_id&slug=4903,"안녕하세요, 물리학과 사무실입니다.
학생들이 질문하는 것들에 대해 필요한 정보를 모아놓았습니다. 계속 추가할 예정이니 도움이 되길 바랍니다.
[학사_물리학과]
1.
수강과목 선택방법 및 학번별 이수해야하는 학점 안내
2. 졸업요건
3. 증명서 발급방법
4. 컴퓨터 자격증 졸업요건 폐지 확정 시행 안내
5. 기독교과목 안내
[연계, 융합전공]
1.차세대반도체학과 연계전공 안내
2.양자나노융합전공 게시판
3.인공지능 반도체 융합전공
[장학]
1. 백마장학금 학과내규
2. 학과 내부장학금
3. 성적교류장학금
[취업관련]
1. 7+1 프로그램 안내
2. 현장실습 교과목 학점인정제
3. 조기취업자의 출석인정제도(학기마다 다름, USAINT 학사 공지 확인필수)
2022-2학기 참고
[생활]
1. 코로나 확진 시 신고방법
2. 22시 이후 학교시설 잔류금지 (학생회실, 물리학과도서실 해당)
3. 유고결석계(2022-2학기)
[기타]
1. 물리학과 취득가능 국가기술자격증안내
물 리 학 과"
physics,증명서 발급방법,N/A,2022-08-04,https://physics.ssu.ac.kr/%ea%b2%8c%ec%8b%9c%ed%8c%90/%ea%b3%b5%ec%a7%80%ec%82%ac%ed%95%ad/?term_id&slug=4901,"안녕하세요. 물리학과 사무실입니다. 증명서 발급방법 안내드립니다.
(1) 증명사이트 접속
https://certi.ssu.ac.kr/servlet/WMINDEX?COMMAND=ACTIVEX&GIWANNO=021163
(2) 다운로드파일 설치
(3) 로그인
(4) 증명서출력 클릭 – 증명서 신청 클릭 – 학위과정/소속선택 – 신청버튼클릭
(5) 필요한 증명서 선택 – 신청버튼 클릭
(6)전화번호 입력 후 – 처리결과란에 ‘발급완료’ 뜨면, 결제버튼 클릭 후 결제 진행"
physics,2022-2학기 물리학과 1학년 미적분학 시간표 안내,N/A,2022-07-21,https://physics.ssu.ac.kr/%ea%b2%8c%ec%8b%9c%ed%8c%90/%ea%b3%b5%ec%a7%80%ec%82%ac%ed%95%ad/?term_id&slug=4888,"2022-2학기 물리학과 1학년이 수강하는 미적분학 강의시간 안내드립니다.
수요일 9:00-10:15
금요일 12:00-13:15
2022.07.26(화)에 시스템에 반영예정이며
현재 SAINT와 에브리타임의 시간이 아니라 위 시간으로 시간표 구성하시기 바랍니다.
물 리 학 과"
physics,[학과사무실] 수강신청 방법 및 학번별 이수학점 안내,N/A,2022-07-21,https://physics.ssu.ac.kr/%ea%b2%8c%ec%8b%9c%ed%8c%90/%ea%b3%b5%ec%a7%80%ec%82%ac%ed%95%ad/?term_id&slug=4875,"안녕하세요, 물리학과 사무실입니다.
어떤과목을 수강해야하는지 고민이 되거나 모르는 학생들을 위한 매뉴얼입니다.
1) 본인 학번기준으로 연도별 이수체계 확인하기
(예시:  2022학번은 2021학년도이후 선택해야함, 편입생의 경우 숭실대학교학번기준으로 이수체계확인)
2)
물리학과 교과과정표 참고 후
교필(교양필수), 전기(전공기초), 전필(전공필수)은 무조건 수강해야 하고
전선(전공선택)은  입학년도기준 학점 이수체계 확인 후 학점을 맞춰듣기
3) 이수구분설명
이수구분
풀이
비고
교필
교양필수
무조건 들어야되는 교양과목
교선
교양선택
자유롭게 선택가능한 교양과목
전기
전공기초
무조건 들어야하는 전공 기초과목
전필
전공필수
무조건 들어야하는 전공과목
전선
전공선택
자유롭게 선택가능한 전공과목
2022.07.21.  물 리 학 과"
physics,7월 주요 공지사항,N/A,2022-07-19,https://physics.ssu.ac.kr/%ea%b2%8c%ec%8b%9c%ed%8c%90/%ea%b3%b5%ec%a7%80%ec%82%ac%ed%95%ad/?term_id&slug=4858,"[학과 공지]
1) 봉은장학재단 전액장학금 신청안내 (~7/21)
2)
2022-2학기 물리학과 1학년 미적분학 시간표 안내
3) 백마장학금 내규안내
4) 차세대반도체 연계전공 물리학과지정과목 변경안내
5) 2022-2 현장실습학기제 참여학생 모집
6) 졸업예정자 확정신고(~7/24)
[학과소식]
1) Doris KIM(김양수) 교수, 국제공동 입자물리 연구 Belle II 실험 대표자회의 부의장 선출(2022년) 및 의장 승계(2023년)
2) 이여진학부연구생(오홍석교수님 지도), 2022 NANO KOREA에서  Best Poster Awards 수상
[외부 행사/ 채용]
1) (주)라이팩 채용안내 (~채용시마감
)
2)
2022년 하반기 현대오토에버 신입사원 채용(~8/1까지
)"
physics,"[장학] [봉은장학재단 전액장학금 신청안내] 1,2,3학년",N/A,2022-07-19,https://physics.ssu.ac.kr/%ea%b2%8c%ec%8b%9c%ed%8c%90/%ea%b3%b5%ec%a7%80%ec%82%ac%ed%95%ad/?term_id&slug=4854,"1. 시행기관
: 재단법인 봉은재단
2. 장학금액
:
등록금 전액
3. 지원기간
: 1학기
4. 추천인원
:
2명(선발인원: 최대 2명)
※학업성적, 소득수준, 생활환경 등 재단 내 종합심사·평가 후 최종 선발
5. 선발기준
가. 2022학년도 2학기 기준 이공계열 중 화학, 물리학 등 기초과학분야 및 연계된 응용공학분야에 재학중인 학생(4학년 제외)
나. 직전학기까지 全학년 성적 평균 B+학점 이상(3.5/4.5)
다. 생활보호대상자 또는 가계곤란자(8분위까지 인정) 중 성적우수자
라. 다음학기 학업지속자
마. 학생 직접지급으로 학자금 대출 예정자는 제외
6. 제출서류
가. 자기소개서 1부(양식).
나. 성적증명서 1부(직전학기까지).
다. 주민등록등본 1부.
라. 2020-2022년도 보호자의 지방세 세목별 과세증명서(부/모) 각 1부.
마. 장학관련 개인정보 수집·이용·제공 동의서 1부(양식).
바. 동의서 1부(양식).
7. 제출기한
:
~ 2022.07.21.(목) 15:00까지
가. 신청방법:
직접 혹은 이메일제출
-제출처: 숭실대학교 장학팀(학생회관 406호)
-이메일:
ser@ssu.ac.kr
※ 이메일 제출 시 반드시 자필로 서명 후 스캔하여 pdf파일로 제출(이미지파일 제출 불가)
※ 파일명과 메일 제목 동일하게 제출(봉은재단 장학금 신청_학번_성명)"
physics,[장학] 물리학과 백마장학금 내규안내,N/A,2022-07-12,https://physics.ssu.ac.kr/%ea%b2%8c%ec%8b%9c%ed%8c%90/%ea%b3%b5%ec%a7%80%ec%82%ac%ed%95%ad/?term_id&slug=4835,"*백마장학금 내규
가. 학교의 백마 성적우수장학생 기준을 만족하여야 한다.  (학기마다 U-SAINT 공지사항 확인)
나. 직전 학기에 물리학과의 전공필수와 전공선택 과목을 합하여 8학점 이상 이수한 학생으로 제한한다. 단, 직전 학기가 1학년에 해당하는 경우, 1학기에는 전공기초 9학점과 기초물리응용1을, 2학기에는 전공기초 6학점과 기초물리응용2를 이수한 학생으로 제한한다.  (2024.07.12. 개정)
다. 타학과로 전과를 신청하여 승인된 학생은 제외한다.
주의)
선발 비율은 매 학기 달라지며,  최종 확정 시까지 변동 가능하여 전화 문의 시 답변이 어려울 수 있음.
물 리 학 과"
physics,[고등과학원] 입자물리학 여름캠프 개최 안내  ~7월 8일(금) 까지,N/A,2022-06-23,https://physics.ssu.ac.kr/%ea%b2%8c%ec%8b%9c%ed%8c%90/%ea%b3%b5%ec%a7%80%ec%82%ac%ed%95%ad/?term_id&slug=4822,"2019년 12월까지 매년 12월 말에 개최되던 입자물리학 겨울캠프를 올해부터는 8월말 여름캠프로 진행하게되었습니다. 본 캠프는 학부 3,4학년생들에게 입자물리학 및 관련분야를 소개하는 행사입니다.
참가 학생들에게는 여름캠프 기간동안 숙식이 제공됩니다.
o 기간 : 2022년 8월 22일 ~ 25일 (3박 4일)
o 장소 : 양평 현대 블룸비스타 (이동시 고등과학원에서 단체버스로 이동함)
o 여름캠프 강의
양자장론+표준모형: 서민석 (한국교원대)
BSM ideas: 정성훈 (서울대)
암흑물질 이론: 신창섭 (충남대)
암흑물질 실험: 하창현 (중앙대)
중성미자 이론: 송정현 (건국대)
중성미자 실험: 하창현 (중앙대)
가속기 이론: 손민호 (카이스트)
가속기 실험: 고정환 (경희대)
우주론: 신창섭 (충남대)
콜로키움: 손민호 (카이스트)
o 여름캠프 실습조교 : 신종원(경희대), 이지헌(카이스트)
o 여름캠프 참가방법 : 홈페이지
참가신청
에서 등록  후 지도교수님 추천서 이메일 제출
* 추후 참가확정자 대상 이메일 공지
신청링크:
http://events.kias.re.kr/h/particle.physics2022/?pageNo=4645
o 여름캠프 신청마감 :
2022년 7월 8일(금) 까지
o 자세한 사항은 홈페이지 참조
*
http://events.kias.re.kr/h/particle.physics2022/?pageNo=4640
o 조직위원
고병원 (고등과학원) 김정한 (충북대) 김태정 (한양대) 박명훈 (서울과기대) 박성찬 (연세대) 박종철 (충남대) 송정현 (건국대) 유종희 (서울대) 유휘동 (연세대) 이승준 (고려대) 이현민 (중앙대) 이혜성 (카이스트) 전응진 (고등과학원) 정성훈 (서울대) 최수용 (고려대)
o 참가 관련 문의 : 고등과학원 물리학부 윤정은 (
avecyoon@kias.re.kr/02-958-2560
)"
physics,[중앙대 고에너지물리센터] 입자-천체-여름학교 CANU Summer 2022 개최 안내,N/A,2022-06-20,https://physics.ssu.ac.kr/%ea%b2%8c%ec%8b%9c%ed%8c%90/%ea%b3%b5%ec%a7%80%ec%82%ac%ed%95%ad/?term_id&slug=4806,"CANU Summer 2022 ( Chun-Ang university NU school)
중앙대 고에너지물리센터에서 물리학 전공 학생들을 대상으로 입자 및 천체물리 여름학교를 개최합니다. 아래 강좌와 해당 분야에 관심을 가지고 수강을 원하는 학생들은 신청하기 바랍니다.
– 대상 : 국내 물리학과 5학기 이상 수료한 대학생 (일반역학, 전자기학, 양자역학 1 이수), 대학원생
– 기간 : 2022년 7월 4일 ~ 7월 21일, (3주, 월~목, 총 60~70 시간)
– 장소 : 중앙대 서울캠퍼스 102호관, 105, 106, 110 강의실
– 신청 :
https://forms.gle/244nCZ3WFP7UhvRn7
– 마감:
6월 26일까지
(생활관 신청자 6월20일 오전까지)
– 문의 :
hep@cau.ac.kr
– 홈페이지 :
https://hep.cau.ac.kr
자세한 내용과 프로그램 업데이트
◆ 강좌와 강사
1주차
특수상대론(강궁원; 중앙대), 중성미자(김시연; 중앙대), 표준모형(이강영; 경상국립대), 암흑물질(신서동; 전북대), 통일장(김형도; 서울대)
2주차
별의 진화(윤성철; 서울대), 중력파(강궁원; 중앙대), 입자실험(하창현; 중앙대), 원자로 중성미자(오유민; IBS)
3주차
우주론(이현민; 중앙대), 가속기입자실험(최수경; 중앙대), 인플레이션(박성찬; 연세대), 우주배경복사(최기영; 성균관대)"
physics,연구실안전교육 관련 안내,N/A,2022-06-13,https://physics.ssu.ac.kr/%ea%b2%8c%ec%8b%9c%ed%8c%90/%ea%b3%b5%ec%a7%80%ec%82%ac%ed%95%ad/?term_id&slug=4797,"로그인이 안된다는 문의가 발생하고 있습니다.
연구실 안전교육 관련 안내드립니다.
사이트:
http://www.safetyedu.org
방법: 첨부파일 참고"
physics,학부생을 위한 핵물리 여름 학교 안내(~6/24까지 신청),N/A,2022-06-13,https://physics.ssu.ac.kr/%ea%b2%8c%ec%8b%9c%ed%8c%90/%ea%b3%b5%ec%a7%80%ec%82%ac%ed%95%ad/?term_id&slug=4788,"희귀 핵 연구단에서 학부생을 위한 여름학교를 7월 5~8일에 진행됩니다.
신청마감은 6월 24일입니다. 홈페이지 주소는 아래와 같습니다.
https://indico.ibs.re.kr/e/CSSU2022
[신청방법]
1. Fill out the application form
2. Submit the application form to cssu@ibs.re.kr
[Note] Application submission deadline is June. 24th.
※ 참가신청서를 학생이 작성하고, 추천 교수님께서 성명과 email을 기입 하신 후, 교수님 또는 학생이 cssu@ibs.re.kr로 보내시면 됩니다."
physics,6월 주요 공지사항,N/A,2022-06-07,https://physics.ssu.ac.kr/%ea%b2%8c%ec%8b%9c%ed%8c%90/%ea%b3%b5%ec%a7%80%ec%82%ac%ed%95%ad/?term_id&slug=4774,"6월 주요 공지사항입니다.
[숭실대 물리학과 공지]
1) 기초과학융합연구소 인턴 모집 (~6/17까지)
2) 분광학실험실 학부연구생 모집(~6/30까지)
3) 교직이수신청 (~12/9까지)
4) 국가장학금 신청(~6/23 목 15시까지)
[학과소식]
1) 물리학과 연구발표회 물리이야기, 성공적으로 개최
2) 이동렬 교수 연구팀, Nature Communications 저널에 논문 게재
3) 학부연구생 (이여진, 물리학과 4학년) SCIE등재 저널에 논문 발표
[외부 행사/ 채용]
1) [포스텍&APCTP] 2022 생명물리 여름학교 (Biophysics School) 개최안내
2) 학부생을 위한 핵물리 여름 학교 안내(~6/24까지 신청)
3) [NAVER] 네이버 기술직군 신입채용 Track_인턴십 (~6.15)"
physics,[모집] 전자소재분광학실험실 학부연구생 모집,N/A,2022-06-07,https://physics.ssu.ac.kr/%ea%b2%8c%ec%8b%9c%ed%8c%90/%ea%b3%b5%ec%a7%80%ec%82%ac%ed%95%ad/?term_id&slug=4770,"숭실대학교 물리학과 전자소재분광학실험실에서 연구 참여할 학부연구생을 모집합니다.
– 대상: 2학년 또는 3학년 재학생 중 최대 3명
– 연구 주제: 산화물 발광체 제작 및 발광 특성 분석
– 기간: 2022. 9 – 2023. 02 (6개월간)
– 인건비: 학과 기준
– 신청 기간: 6월 30일까지
– 신청 방법: 특별한 양식없이 아래의 이메일로 신청하며(이름/연락처 포함), 접수 후 면담을 통해 참여 확정
– 신청: 이관철 대학원생(lgc109@naver.com)
– 문의: 이관철 대학원생(lgc109@naver.com), 이윤상 교수(ylee@ssu.ac.kr)
– 기타:
1) 졸업 논문 지도 교수 변경 가능, 학부 연구생으로 진행한 주제로 졸업논문 작성 가능
2) 기초과학융합연구소 학부생 하계인턴십과 연계하여 학부연구생 진행 가능(6월 17일 이전 신청 시)
3) 방학중 오리엔테이션 진행 예정"
physics,[포스텍&APCTP] 2022 생명물리 여름학교 (Biophysics School) 개최안내,N/A,2022-06-07,https://physics.ssu.ac.kr/%ea%b2%8c%ec%8b%9c%ed%8c%90/%ea%b3%b5%ec%a7%80%ec%82%ac%ed%95%ad/?term_id&slug=4760,"포스텍과 APCTP에서
2022 생명물리 여름학교 (Biophysics School)
참가 신청을 알립니다!
생물물리학(Biophysics)은 생명현상을 이해하기 위해 단분자 추적, 고해상도 현미경, 분자 집게 등의 실험 기술과 분자 동역학 시뮬레이션, 네트워크 분석을 동원하여 물리적인 메커니즘을 밝히고자 하는 분야로, 최근 생물학, 물리학, 화학, 기계공학 등이 한 데 어우러진 융합학문 분야로 각광받고 있습니다. 올해는 한국에서 세계 최고 수준의 연구를 수행하고 계신 교수님들을 모셔
포항에서 대면 강연 시리즈를 7/4(월)-7/6(수) 2박 3일간
진행하게 되었으니,
관심있는 이공계 학부생 여러분들의 많은 참여
바랍니다. (
참가비 무료 / 숙식 제공
) 같은 관심사를 가지고 있는 열정적인 친구들과 교류하는 기회이기도 하니, 많은 관심과 신청 바랍니다!
자세한 내용은 아래 링크와 포스터를 참고해주세요.
일정: 22.07.04.(월) ~ 22.07.06.(수)
장소: 포스텍 물리학과 (숙박 및 식사 제공)
참가자격: 이공계 대학생 (3-4학년 우대)
참가비: 없음 (수료증/기념품 제공)
참가신청: 위에 첨부된 참가신청서를 작성하여 이메일로 송부
접수 및 문의:
mjshon@postech.ac.kr (
포스텍 물리학과 손민주 교수
)
====================================================
프로그램 세부내용
:
https://apctp.org/wb.php?id=biophysics2022"
physics,[채용·인턴] 2022학년도 기초과학융합연구소 학부생 하계인턴십 모집,N/A,2022-05-30,https://physics.ssu.ac.kr/%ea%b2%8c%ec%8b%9c%ed%8c%90/%ea%b3%b5%ec%a7%80%ec%82%ac%ed%95%ad/?term_id&slug=4727,"숭실대학교 기초과학융합연구소에서는 학부 재학생을 대상으로 연구를 직접 수행할 수 있는 기회를 제공하여 우수한 연구 인력 양성 및 대학원 진학을 돕고자 학부생 인턴십 과정을 모집합니다. 대학원 연구실에서 연구책임자(교수)의 지도 아래 대학원생들과 함께 조기에 연구 활동 및 실험실 생활을 경험할 수 있는 인턴십 프로그램을 운영할 예정이오니, 학생 여러분의 많은 참여 바랍니다.
기초과학융합연구소 소속 물리학과 교원 : 이윤상, 정진석, 이항모, 이동렬, 김남미, 최현희, 오홍석 교수님
1. 모집내용 및 지원대상
• 모집인원: 최대 15명
• 연수기간 : 2022년 7월 1일(금) ~ 2022년 8월 31일(수) (2개월)
• 연수장소 : 숭실대학교 자연과학대학 교수 연구실 및 실험실
• 장려금액 : 600,000원 (기타소득 공제전 금액)
• 모집대상: 2022학년도 1학기 숭실대 자연과학대학 학부 재학생 (휴학생 지원불가)
2. 신청서류 및 제출기간
• [붙임1] 학부생 하계 인턴십 신청서 1부
• [붙임2] 과제 참여자의 개인정보 이용 동의서(숭실대학교산학협력단 양식) 1부
• 제출기간 : 2022년 6월 17일 (금) 까지
3. 신청과정 및 유의사항
• 인턴십 참여 희망 학생은 희망 지도교수에게 참여 신청 및 추천서에 확인(도장/서명)을 받고 스캔본(pdf)을 이메일로 제출(iibs_hr@ssu.ac.kr)
• 모집인원 초과시 추첨으로 진행
• 지원금 전액 환수 기준
가. 지도교수는 학생의 불성실 등을 사유로 중단 요청 가능
나. 결과보고서 미제출 시 지원금 전액 미지급
4. 결과발표
: 제출기간 후 일주일 이내 선발여부를
메일
로 통보
5. 결과보고서 제출 및 시상식 일정
• 결과보고서 제출: 2022년 8월 말
• 우수 결과보고서 시상식: 2022년 9월 초
감사합니다.
링크:
https://iibs.ssu.ac.kr/%ea%b2%8c%ec%8b%9c%ed%8c%90/%ea%b3%b5%ec%a7%80%ec%82%ac%ed%95%ad/?slug=4082"
physics,2022학년도 교직과정 이수 신청 안내,N/A,2022-05-25,https://physics.ssu.ac.kr/%ea%b2%8c%ec%8b%9c%ed%8c%90/%ea%b3%b5%ec%a7%80%ec%82%ac%ed%95%ad/?term_id&slug=4724,"1. 교직이수 신청기간: 2022. 4.25.(월) 10:00 ~ 12.9.(금) 17:00
2. 신청대상
:
교직 설치학과(부) 소속 2학년 (3학기 혹은 4학기) 재학생 및 휴학생
’22-1학기 기준 학적
’22-2학기 기준 학적
신청가능 여부
2학년 1학기(3학기) 재학
2학년 1학기(3학기) 재학
신청 가능
2학년 1학기(3학기) 이수 후 휴학
2학년 1학기(3학기) 이수 후 휴학
2학년 2학기(4학기) 재학
2학년 2학기(4학기) 재학
2학년 2학기(4학기) 이수 후 휴학
2학년 2학기(4학기) 이수 후 휴학
신청 불가
※ 4학기 이수 후 휴학 중인 학생은 신청 불가능
3.
신청 방법
가. u-SAINT → 학사관리 → 교직/평생교육 → 교직이수신청 메뉴에서 지원서 작성 및 신청
나. 교직 적·인성 온라인 검사 응시 필수 (미응시 및 70점 미만자는 선발 대상에서
제외
)
다. 자세한 사항은 첨부된 ‘교직과정 이수신청 방법’ 참고"
physics,[장학] 2022학년도 2학기 한국장학재단 국가장학금 1차 신청 안내,N/A,2022-05-25,https://physics.ssu.ac.kr/%ea%b2%8c%ec%8b%9c%ed%8c%90/%ea%b3%b5%ec%a7%80%ec%82%ac%ed%95%ad/?term_id&slug=4718,"2022학년도 2학기 국가장학금 신청안내 드립니다.
서류제출 및 가구원 동의까지 필수로 부탁드립니다~!
가. 신청기간: 2022.5.24.(화) 9:00~2022.6.23.(목) 18:00(총 31일간)
나. 서류 제출 및 가구원 동의 기간: 2022.5.24.(화)~2022.6.27.(월) 18:00까지
다. 신청대상: 대한민국 국적 학부생
라. 신청방법: 한국장학재단 홈페이지(
www.kosaf.go.kr
) 및 모바일 앱(
https://mo.kosaf.go.kr/apps)
에서
신청
자세한 내용:
https://han.gl/XfOki"
physics,2022-1학기 주요 학사제도 안내,N/A,2022-05-25,https://physics.ssu.ac.kr/%ea%b2%8c%ec%8b%9c%ed%8c%90/%ea%b3%b5%ec%a7%80%ec%82%ac%ed%95%ad/?term_id&slug=4714,"2022-1학기 주요 학사제도 안내드립니다.
문의: 학과사무실 또는 항목마다 안내되어있는 부서"
physics,[장학] 2022년도 수림재단 신규장학생 선발 안내(~5/13),N/A,2022-04-22,https://physics.ssu.ac.kr/%ea%b2%8c%ec%8b%9c%ed%8c%90/%ea%b3%b5%ec%a7%80%ec%82%ac%ed%95%ad/?term_id&slug=4665,"1.사업명: 수림장학사업
2.사업 취지
재단 설립자의 뜻을 받들어 국가 발전의 근간이 되는 자연과학 부문의 우수한 인재를 발굴하여 지원함에 있다.
3.지원 자격
2022학년도 3월 현재 국내 4년제 이상 대학에서 아래 해당 전공학과를 선택한 재학생 (1학년 또는 2학년)으로서 다음 각 항을 모두 충족하는 자
단, 입학과 동시에 전공이 결정되는 대학은 1학년생만 대상이 되며, 2학년생은 지원이 불가함.
1) 5개 자연과학 부문 전공자 – 물리∙과학∙천문∙지리, 화학, 생물·생명과학, 수학∙통계학, 의학(의예과)
※ 지원 가능한 전공학과는 국가교육통계센터 교육통계서비스의 분류기준에 준한다. (재단 홈페이지 참조)
2) 대학 입학 당해 연도의 수능성적이 4개 영역(국어, 수학, 영어, 탐구 2과목) 모두 4등급 이내인 자. 단, 탐구영역의 경우 2과목의 등급 평균이 4등급 이내면 가능.
3) 2022학년도 1학기 이수 학점을 총 12학점 이상 신청한 자
4) 2022학년도 1학기 학자금 지원 구간 6구간(국가장학금 소득 6분위) 이내인 자
※ 국가장학금 및 대학장학금 등 수혜자도 지원 가능
4.선발 인원: 10명
5.선발 방법: 서류전형 및 면접
6.지원 내용
1) 장학금: 학기당 최대 200만 원
– 개인별 장학금 지급액은 타 기관으로부터 받는 장학금을 포함하여 해당 학기의 학
비(입학금과 등록금)를 초과하지 않는다.
– 연 2회 학기 별로 지급하되, 지급 횟수는 최대 8학기(2학년으로 선발된 자는 최대
6학기)를 초과하지 않는다.
2) 생활지원금: 연간 360만 원
– 생활지원금은 해당 학기의 등록을 완료한 자 (휴학생은 제외)에게 지급한다.
– 생활지원금은 매월 30만 원씩 분할하여 지급하되, 총 지급 횟수는 48개월 분
(2학년으로 선발된 자는 최대 36개월 분)을 초과하지 않는다.
3) 해외역사문화탐방: 재학 중 총 2회의 해외역사문화탐방의 기회 부여(중국과 일본)
7.지원 신청 (신규장학생) 신청링크:
https://www.surim.or.kr/kr/business/apply.php
수림장학생에 지원하고자 하는 자는 다음의 지원신청서류를 재단에 제출한다.
1) 제출 서류
공통 서류 (온라인 제출)
(1) 온라인 지원신청서 (재단 양식)
(2) 대학수학능력시험 성적증명서 (한국교육과정평가원장 발급): 파일첨부
(3) 2022학년도 1학기 학자금 지원 구간(국가장학금 소득 분위)증빙 자료: 파일첨부
추가 서류: 서류전형 합격자 (우편 제출)
(1) 자기소개서 (재단 양식)
(2) 소속 대학 지도교수의 추천서, 개인정보 수집 및 활용에 관한 동의서(재단 양식)
(3) 재학증명서
(4) 2022-1학기 수강신청내역서
(5) 주민등록등본
2) 지원기간: 2022년 3월 14일 ~ 5월 13일
8.선발 일정
1) 신청 접수: 2022년 3월 14일 ~ 5월 13일
2) 서류 심사: 2022년 5월 중 예정
3) 면접: 2022년 6월 중 예정
4) 합격자 통보: 2022년 6월 중 예정
5) 장학금 지급: 2022년 7월 중 예정
이상
(
재)수림재단"
physics,[장학] [2022온드림 미래산업/사회통합 장학생 모집] 정몽구 장학재단,N/A,2022-04-14,https://physics.ssu.ac.kr/%ea%b2%8c%ec%8b%9c%ed%8c%90/%ea%b3%b5%ec%a7%80%ec%82%ac%ed%95%ad/?term_id&slug=4655,"현대차 정몽구 재단은 현대차 정몽구 스칼러쉽을 통해
#
글로벌
#
미래산업
#
사회혁신
#
문화예술
#
사회통합
인재를 선발하여 국내 최고 수준의 장학 지원을 통해 국가 성장의 기반이 되는 미래 리더를 육성하고자 합니다
.
선발된 장학생은 등록금 전액 지원 및 학습지원비
(
미래산업
–
학기당
180
만원
/
사회통합
–
학기당
360
만원
)
을 지원 받게됩니다
.
또한
,
국제학술 대회 장학금과 재단 장학생들간 네트워킹 프로그램에 참여할 수 있는 자격도 주어지게 됩니다
.
(
자세한 사항은 전달 드리는 모집 포스터 및 공고문
,
홈페이지에서도 확인 가능
)
보다 넓은 교육기회를 제공하고
,
지속적으로 학업과 연구에 매진할 수 있도록 지원함으로써
미래를 이끌어나갈 창의 인재를 모시고자 하오니
,
전달 드리는 포스터와 모집 개요를 소속 구성원 분들에게 홍보 협조를 요청 드립니다
.
보다 자세한 내용은 현대차 정몽구 재단 장학사업 공식 홈페이지를 통해 확인하실 수 있으며
,
문의사항은 아래 이메일로 언제든지 연락 바랍니다
.
# 2022
온드림 장학생 모집 공고
https://www.cmkfoundation-scholarship.org/
# 2022
온드림 장학생 모집 문의
2022ondreamimpact@univ.me"
physics,2022-1학기 물리학과 소모임 안내 (~4.22 금까지),N/A,2022-04-05,https://physics.ssu.ac.kr/%ea%b2%8c%ec%8b%9c%ed%8c%90/%ea%b3%b5%ec%a7%80%ec%82%ac%ed%95%ad/?term_id&slug=4575,"<2022-1학기 물리학과 소모임>
물리학과 재학생들의 학습능력강화와 선-후배간 네트워킹을 도모하기 위한 소모임입니다. (학술적인 주제만 지원가능, 친목형 지원불가)
⠀
1. 신청방법
1) 팀장이 신청서 학과메일로 제출 (
physics@ssu.ac.kr
)
2) 참여학생 모두 FUN시스템등록 (FUN시스템상 등록해야 다과비 지원가능)
▶FUN에 등록하러가기:
https://fun.ssu.ac.kr/ko/program/all/view/2354
3) 학과장님과 간단한 대화일정 확정 (5-10분 내외, 학과에서 팀장메일로 일정전달예정)
4) 대화 이후 학과사무실에 서명받은 신청서 제출
※팀장은 1차 학과메일로 신청서 제출 후, 학과장님과 만남 시 신청서(종이인쇄)에 서명을 받아 학과사무실로 제출해야함.
※매주가 아닌, 격주 소모임도 가능
※전체학년에게 홍보하고 싶다면 학과 내 공지단톡방 활용하여 자체적으로 홍보진행
※ FUN 시스템 숭실 6대 설문조사 진행해야 등록가능
⠀
2. 소모임 분야 예시
1)일반물리 보충 및 심화
2)물리 연구를 위한 프로그래밍
3)전공물리 보충 및 심화
4)물리실험을 위한 전자회로 및 제어 계측
5)기타 다양한 물리 분야
⠀
3. 예산: 주 1회 ,1인당 5,000원 지원가능. (신청자가 많은경우 인당 지원금액 축소될수도 있음)
⠀
4. 지원방법: 학과카드
1) 소모임 이전 학과카드 수령
2) 사용 후 30분이내로 반납
3) 활동 1일이내 영수증, 소모임활동 보고서 제출"
physics,1학년 대상 학과소개 자료게시,N/A,2022-03-31,https://physics.ssu.ac.kr/%ea%b2%8c%ec%8b%9c%ed%8c%90/%ea%b3%b5%ec%a7%80%ec%82%ac%ed%95%ad/?term_id&slug=4556,"학생들의 요청으로 2022.3.30에 진행되었던 학과소개자료를 게시합니다.
첨부1: 물리학과 학과소개자료
첨부2: 연구참여, 학석사연계 소개자료
첨부3: 융합전공 소개자료"
physics,2022학년도 후기 대학원 정시모집 안내,N/A,2022-03-21,https://physics.ssu.ac.kr/%ea%b2%8c%ec%8b%9c%ed%8c%90/%ea%b3%b5%ec%a7%80%ec%82%ac%ed%95%ad/?term_id&slug=4547,"2022학년도 후기 대학원 정시모집 안내
1. 모집일정
– 원서접수: 2022.03.30.(수)~2022.04.08.(금)
– 전형일: 2022.04.23.(토)
– 합격자발표: 2022.05.19.(목) 예정
– 합격자등록: 2022.07.05.(화)~2022.07.07.(목)
2. 기타사항: 붙임 모집요강 참조
(For English, please refer to page 12 of the attached admission guide.)
2022.03.21.
대학원장
대학원공지:
https://grad.ssu.ac.kr/%ec%a0%95%eb%b3%b4%ea%b4%91%ec%9e%a5/%ea%b3%b5%ec%a7%80%ec%82%ac%ed%95%ad/?term_id&slug=6294"
physics,코로나 확진시 학생 매뉴얼,N/A,2022-03-03,https://physics.ssu.ac.kr/%ea%b2%8c%ec%8b%9c%ed%8c%90/%ea%b3%b5%ec%a7%80%ec%82%ac%ed%95%ad/?term_id&slug=4442,"코로나 확진시 학생 매뉴얼 안내드립니다.
확진자 신고하기
① 스마트캠퍼스 LMS(
class.ssu.ac.kr
) 접속 / 로그인
② 메인 페이지에서 “코로나19 확진 자가 신고” 클릭
③ “설문 참여” 클릭
④ 검체 채취일(PCR 검사일), 확진통보일 입력
⑤ 확진통보문 업로드(문자 화면 캡쳐 가능)
⑥ 모든 설문 내용을 작성한 후 “퀴즈 제출” 클릭하면 완료
⠀
유고결석 관련내용 확인하기:
https://physics.ssu.ac.kr/%ea%b2%8c%ec%8b%9c%ed%8c%90/%ea%b3%b5%ec%a7%80%ec%82%ac%ed%95%ad/?term_id&slug=4428"
physics,2022학년도 1학기 유고결석 안내(코로나19 확진 관련 변경사항 포함),N/A,2022-03-02,https://physics.ssu.ac.kr/%ea%b2%8c%ec%8b%9c%ed%8c%90/%ea%b3%b5%ec%a7%80%ec%82%ac%ed%95%ad/?term_id&slug=4428,"2022학년도 1학기부터 유고결석 신청 방법에 대해 상세히 안내하니 반드시 참고하시어 유고결석을 신청하시기 바랍니다.
**
2021학년도 유고결석 증빙서류 허위(위조) 제출이 발각된 총 5명의 학생이 전원 학칙에 의거 징계
처리 되었습니다.
증빙서류 위조
는 교내 징계뿐만 아니라
형법상 공/사문서 위조죄 관련 규정에 따라 형사처벌 대상이 될 수 있는 범법행위
임을 유념하시기 바랍니다.
** 2021학년도 1학기 대비 변경사항:
보건당국의 격리통지서(문자 )가 있는 경우에만 유고결석 인정(문서 상 격리일자에 한함)
함
백신접종은 유고결석 인정이 유지됩니다.
** 유의사항 :
파일 업로드 시
증빙서류가 미비
한 경우,
유고결석이 ‘거부’처리
될 수 있습니다.
신청학생은
신청 후 ‘승인’여부를 꼭 확인바랍니다.
(신청경로에서 확인 가능)
**유고결석은 시스템 상 미리 신청이 되지 않습니다.
결석일 이후에 신청이 가능
한 점 참고 부탁드립니다.
**
코로나19 확진 자가신고는 LMS(
class.ssu.ac.kr
)에 접속하여 별도로 진행
하시기 바랍니다.(
관련 안내 바로가기
)
유고결석 신청 방법: 유세인트를 통한 온라인 신청
가. 신청경로: – 유세인트 로그인 – 학사관리 – 수업/출석 – 결석신청 및 조회 – 결석신청정보[신청] 클릭
– 유의사항 확인 후 체크 – 결석신청 내용 입력(결석구분상세: 질병 선택, 결석사유:  백신 접종 등 사유 기재)
– 유고결석 증빙 파일 업로드(코로나19 백신 예방접종내역 확인서 / 본인 성명이 기재된 카톡 혹은 백신접종증명 화면 등)한 뒤 [신청] 클릭
– 결석적용 과목 체크 및 확인 후 [저장] 클릭
붙임 파일을 참고하시기 바랍니다.
감사합니다.
[홈페이지 유고결석 안내 바로가기]"
physics,[장학] 2022학년도 1학기 교내장학금 신청공고,N/A,2022-02-24,https://physics.ssu.ac.kr/%ea%b2%8c%ec%8b%9c%ed%8c%90/%ea%b3%b5%ec%a7%80%ec%82%ac%ed%95%ad/?term_id&slug=4395,"2022
학년도
1
학기 교내장학금 신청공고
(신입생, 재학생, 편입생, 복학생, 재입학생 대상)
⠀
⠀
※
본교에서 지급되는 모든 교내장학금은 아래 국가장학금 신청기간 내 국가장학금을 신청하고 서류제출을 완료하여 소득분위가 조회 및 국가장학금 심사가 완료된 학생을 대상으로만 수혜자를 선정합니다
.
따라서
,
교내장학금을 수혜하려는 모든 학생은 반드시 교내장학금과 국가장학금을 모두 신청하시기 바랍니다
.
–
국가장학금 신청결과 제공되는 학생의 소득분위정보를 장학생선발에 활용
–
국가장학금은 반드시 매학기 신청
(
서류제출 및 가구원동의 포함
)
하여야 함
.
국가장학금
2
차 신청기간
: 2022
년
2
월
3
일
(
목
)
∼
3
월
16
일
(
수
)
까지
※ 한국장학재단 홈페이지(
www.kosaf.go.kr
) 공인인증 로그인 후 신청
※ 재학생의 경우 2차 기간에 신청한 학생의 경우 구제신청 사용횟수 차감 유의
교내장학금 온라인신청기간
가. 온라인신청 및 서류제출기간
:
2022
년
3
월
2
일
(
수
) 10:00 ~ 18
일
(
금
) 17:00 (2
주간
)
※ 온라인 신청 : 주말(공휴일 포함) 24시간 신청 가능 (단, 마감일 제외)
※ u-SAINT 입력 후 장학금 신청내역을 조회하여 장학금 신청이 정상적으로 완료되었는지 꼭 확인
나. 서류제출이 필요한 장학금의 경우, 교내장학금 온라인신청기간 내 반드시 제출
※ 방문 및 등기우편제출 가능 (FAX 불가),
단
,
고시장학금은 제외
※ 등기우편제출 시 교내장학금 온라인 신청기간 내 장학팀 도착분만 인정
※
서류는 제출일 기준
1
개월 이내에 발급된 것만 인정됨
신청대상
: 2022
학년도
1
학기 신입생
,
재학생
,
편입생
,
복학생
,
재입학생
교내장학생 자격요건
가. 2022학년도 1학기 국가장학금을 신청하고 서류제출(가구원동의 포함)을 완료한 자
나. 2022학년도 1학기 재학생, 편입생, 복학생, 재입학생으로 등록금 납부 예정인 자
1) 2022학년도 1학기 전 등록휴학 후 복학생은 모든 장학금 선발에서 제외(등록대체)
2) 미등록, 입학취소, 복학취소 등으로 인한 학적변동 시 모든 장학금 취소
다. 직전학기 15학점 이상 이수한 자
※ 2022년 1학기가 4학년 8학기인 자는 직전학기 12학점 이상
※ 건축학부 건축학전공 : 10학기인 자는 직전학기 12학점 이상 이수(1∼9학기는 15학점 이상)
라. 등록 8학기 이내인 자(건축학과 건축학전공 : 등록 10학기 이내인 자)
예1) 학기취소 1회 후 8학기 진학예정인 경우 : 9회 등록금 납부이므로 선발 불가
예2) 학점 미 이수로 9학기 진학예정인 경우 : 9회 등록금 납부이므로 선발 불가
⠀
⠀
교내장학생 공통사항
가.
☆
중요
☆
모든 장학금은 등록금 내에서 다음 순서에 따라 우선 지급합니다
.
① 교외(외부)장학금 ② 국가장학금 ③ 교내장학금
나. 성적 및 취득학점 산정방법
1) 평점평균(GPA) / 산술평균(100점만점) : F학점이 포함된 학적부성적 기준 산정
2) 취득학점 산정시 F학점은 0학점 취득으로 인정되어 취득학점 산정에서 제외
다. 온라인으로 반드시 신청해야 하며, 제출서류가 있는 장학금에 한하여 서류제출
※ 제출기간 내 미제출시 장학생 선발대상에서 제외
라. 모든 교내장학금은 중복수혜 불가
1) 장학금간 중복신청은 가능하나, 신청 장학금 중 수혜금액이 큰 장학금으로 자동선발
2) 중복수혜 가능 장학금 : 국가장학금, 교외(외부)장학금, 근로장학금(교내/학과근로), 봉사장학금
– 수업료 범위 내 중복수혜 가능 (근로장학금, 봉사장학금은 수업료 초과하여 수혜 가능, 단 해당 장학금 간 중복수혜 불가)
마. 한국장학재단 중복지원(이중지원)방지사업 안내
1) 한국장학재단 학자금대출금액과 교내ㆍ외 장학금을 모두 합하여 수업료를 초과할 경우, 중복지원학생에 해당
2) 한국장학재단 콜센터와 통화하여, 중복지원여부를 해소해야 함. (다음 학기 국가장학금 및 학자금대출여부에 영향)
교내장학금별 선발자격 및 제출서류
:
교내장학금 선발자격 및 제출서류 안내
(
첨부문서 참조
)
장학생 선정결과 발표 및 지급방식
가. 2022년 5월 초 발표 예정(u-Saint 등록/장학 및 등록금고지서 감면여부 확인 가능)
※ 지급예정일: 2022년 5월 말 개인계좌 지급, 5월 중 선발 공지 예정
(단, 소득 및 국가장학금 심사 지연 시 지급이 함께 지연될 수 있음)
※ 학자금대출자(한국장학재단 및 공무원연금공단)의 경우, 학자금대출계좌로 대학에서 직접 상환
나. 장학금신청시 계좌입력 : 우리은행 본인명의 개인계좌 입력 필수
다. 등록금 분할납부를 신청한 학생의 경우. 선발된 장학금 중 사전감면을 제외한 계좌지급장학금은 분할납부 기한 종료 후 최종 등록 확인 후 지급
라. 비전장학금 지급범위 및 장학금액은 한국장학재단 국가장학금 정책 및 본교 사정에 따라 매 학기 변경될 수 있음.
02. 23.
학 생 처 장"
physics,OMEG 2022년 1학기 학부생 연구원 모집 공고,N/A,2022-02-18,https://physics.ssu.ac.kr/%ea%b2%8c%ec%8b%9c%ed%8c%90/%ea%b3%b5%ec%a7%80%ec%82%ac%ed%95%ad/?term_id&slug=4365,"숭실대학교 우주물질중점연구소에서는 물리학과 3~4학년 학부생을 대상으로 연구를 직접 수행할 수 있는 기회를 제공하여 우수한 연구 인력 양성 및 대학원 진학을 돕고자 1학기 학부생 연구원을 모집합니다. 대학원 연구실에서 연구책임자(교수)의 지도 아래 대학원생들과 함께 조기에 연구 활동 및 실험실 생활을 경험할 좋은 기회이오니, 학생 여러분의 많은 참여 바랍니다.
⠀
⠀
1. 모집내용 및 지원대상
• 2022학년도 1학기 우주물질중점연구소 학부생 연구원
• 참여기간 : 2022년 3월 1일(화) ~ 2022년 8월 31일(수) (6개월)
• 장소 : 우주물질중점연구소
• 연구분야 : 연구소 홈페이지 참고(
https://omeg.ssu.ac.kr
)에서 지도교수 선택 (연구소장, 공동연구원 탭)
• 역할 : 연구보조원으로서 연구소의 연구 분야에 참여하여 졸업 논문을 포함한 논문연구 진행
• 2022학년도 1학기 숭실대 물리학과 학부재학생 3~4학년 (휴학생 지원불가)
• 소정의 연구인건비 지급 가능
⠀
2. 신청서류 및 제출기간
• 지원동기(자유 서식). 1부.
• 학부 성적증명서 및 재학 증명서. 각 1부.
• 제출기간 : 2022년 02월 28일 (월) 까지
• 제출처 :
omeg@ssu.ac.kr
이메일로 제출
⠀
3. 신청과정 및 유의사항
• 지원금 전액 환수 기준
가. 지도교수는 학생의 불성실 등을 사유로 중단 요청 가능
나. 결과보고서 미제출 시 지원금 전액 미지급
⠀
4. 결과발표 : 제출기간 후 일주일 이내 선발여부를 메일로 통보
⠀
⠀
감사합니다.
⠀
우주물질중점연구소"
physics,제 94회 학위증 배부 물리학과 안내,N/A,2022-02-14,https://physics.ssu.ac.kr/%ea%b2%8c%ec%8b%9c%ed%8c%90/%ea%b3%b5%ec%a7%80%ec%82%ac%ed%95%ad/?term_id&slug=4352,"안녕하세요, 물리학과 졸업생여러분 학위수여를 진심으로 축하드립니다. 학위증 배부관련 물리학과 안내드립니다.
[물리학과 학사 졸업자 학위증, 우등상 수령 안내]
가. 기간:
2022.02.14.(월) ~ 18.(금) /
배부시간
: 10:00-16:30 (12:20-13:20 제외)
나. 장소
1) 2022.2월 졸업자(학과 우등상 포함):
물리학과 사무실(베어드홀 319호)
2) 2021.8월 이전 졸업자: 교무처 학사팀
다. 준비물:
사진과 주민등록번호가 포함된 신분증 지참
라. 수여방법: 신분증제시> 비치된 졸업생통계조사참여 > 도서반납, 본인확인 이후 학위증 수령
제 94회 학위수여식(졸업식) 안내(학위증/학사가운/우등상 배부 :
https://scatch.ssu.ac.kr/%ea%b3%b5%ec%a7%80%ec%82%ac%ed%95%ad/?f&category=%ED%95%99%EC%82%AC&slug=45954&keyword"
physics,숭실대학교‘우주물질 중점연구소’ 연구교수 초빙 안내,N/A,2022-02-08,https://physics.ssu.ac.kr/%ea%b2%8c%ec%8b%9c%ed%8c%90/%ea%b3%b5%ec%a7%80%ec%82%ac%ed%95%ad/?term_id&slug=4335,"숭실대학교 ‘우주물질 중점연구소 ’에서 총장발령 연구교수를 초빙합니다.
http://ssanp.ssu.ac.kr
공고 분야: 핵물리, 천체핵물리, 입자물리 이론, 우주론
지원 자격: 박사학위 수여자, 경력 1년~20년
근무형태:  1년 계약직 (연구성과에 따라 1년단위 재계약 가능)
채용일: 2022년 03월 01일자
연봉: 연구교수 (4,500-6,000만원/년)
접수방법: 이메일,
cheoun@ssu.ac.kr
and omeg@ssu.ac.kr
제출서류: Curriculum Vitae, Publication List, Research Plan, Certificate of
서류 제출기한: 2022 년 2월 18일
전형절차: 서류전형-1차 면접-최종합격
유의사항: 입사지원 서류에 허위사실이 발견될 경우, 채용확정 이후라도 채용이 취소될 수 있습니다.
“숭실대학교 ‘우주물질 중점연구소’는 한국연구재단 중점연구소로서 핵, 천체핵, 천체, 입자, 플라즈마 및 통계 물리의 연구 및 그 성과를 바탕으로 우주에 존재하는 다양한 원소 및 물질들의 기원과 성질, 특성 등을 우주의 진화 과정 및 항성의 진화과정에 대한 미시물리적 전산모사(Simulation) 연구를 통하여 진행하고 있습니다. 연구팀은 △페르미 △볼쯔만 △랑다우 △허블로 구성되어 20여 명의 연구자들이 세부연구 및 융합 연구를 진행하고 있습니다.”
서울시 동작구 상도동
숭실대학교 우주물질연구소 & 물리학과 천 명 기
Research Professors in Origin of Matter and Evolution of Galaxy Institute (OMEG Institute), Soongsil University, Seoul, Korea
http://ssanp.ssu.ac.kr
We seek applications for research professors at the OMEG Institute, Soongsil University, Seoul, Korea.
1.Research Field : Theory for Nuclear Physics, Nuclear-astrophysics, Hadron
2.Physics, Cosmology, Particle Physics
3.Contract Term: 1 year (Depending on the research results, you can renew your contract on a yearly basis), starts from March 1, 2022.
4.Salary : Research Professor (45-60 million KRW/year)
5.Contact : Prof. Myung-Ki Cheoun (
cheoun@ssu.ac.kr
and omeg@ssu.ac.kr)
6.Documents to be submitted : CV, Publication List, Research Plan, References for Recommendation Letter
7.Submission deadline : Feb. 18, 2022
8.Precautions: If false information is found in the job application document, the recruitment may be canceled even after the recruitment is confirmed.
Origin of Matter and Evolution of Galaxy (OMEG) Institute at Soongsil University, Seoul, Korea, is supported by the Ministry of Education of Korea. Goal of the OMEG Institute is to understand the origins of elements and exotic matter in the universe through the simulation study of the universe and stellar evolution from the femto-scale physics.
Prof. Myung-Ki Cheoun
Head of Department of Physics, Soongsil University, Seoul, Korea
Chair of Division of Nuclear Physics, Korea Physical Society
Director of OMEG Institute (Key Research Institute in University)"
physics,[교직] 교직과정 이수예정자 선발,N/A,2022-02-04,https://physics.ssu.ac.kr/%ea%b2%8c%ec%8b%9c%ed%8c%90/%ea%b3%b5%ec%a7%80%ec%82%ac%ed%95%ad/?term_id&slug=4326,"2022-1학기 교직과정 이수예정자 선발 완료하였습니다.
[물리학과 교직과정 선발자]
2020**** *선재
축하합니다."
physics,[장학] 2022학년도 재단법인 정수장학회 장학생 선발,N/A,2022-01-14,https://physics.ssu.ac.kr/%ea%b2%8c%ec%8b%9c%ed%8c%90/%ea%b3%b5%ec%a7%80%ec%82%ac%ed%95%ad/?term_id&slug=4301,"자격요건
가. 가정형편이 곤란하고 타의 모범이 되는 학생
나. 장차 국가와 사회에 유익하게 기여하리라 인정되는 학생
다. 타 장학금을 받지 않는 학생
라. 1997년 1월 1일 이후 출생자
라. 2021학년도
제
1
학기 평균점수
85
점
(
백분율점수 기준
)
이상이고
,
학업석차가
10%
이내인 학생
마. 2022학년도 1학기 기준
인문계
,
자연계 소속
2, 3
학년
(2학기 또는 4학기 이수자)
장학금액
:
졸업시까지 등록금 전액
(
수업료
+
기성회비
)
추천인원
:
4
명
(2
학년
2
명
, 3
학년
2
명
)
제출서류
가. 장학생 지원서 1부(붙임양식).
나. 추천서 1부(붙임양식).
※추천의견은 각 학과(부) 지도교수님께 요청
※추천의견(장학과) 및 하단의 총장직인은 장학생 추천 시 장학팀에서 작성 및 날인(공란으로 제출)
다. 성적증명서(2021년도 1, 2학기 각 환산점수, 석차 필히 기재요) 1부.
라. 자기소개서 및 사진 파일 제출
마. 한국장학재단 학자금지원구간 통지서(2021년 2학기) 1부.
※건강보험자격확인서 및 2021년 건강보험료 납부확인서로 대체 가능
자기소개서 작성 방법
가. 붙임파일의 양식과 아래의 내용으로 A4용지 최대 3매(바탕체, 글자크기 11) 작성
나. 내용
1) 성장과정, 성격, 가치관
2) 봉사활동
3) 교양과목 및 전공과목에 대한 학습계획
4) 졸업 후 사회 진출 계획 및 포부
※ 유의사항
① 제목: 숭실대학교 00학과 0학년(2022년 기준) 성명
② 첨부파일 형식: [자기소개서]숭실대학교 00학과 0학년(2022년 기준) 성명
[사진]숭실대학교 00학과 0학년(2022년 기준) 성명
제출기한 및 방법
가. 제출기한:
~ 2022. 01. 17.(
월
) 12:00
까지
도착분에 한함
나. 제출방법: 이메일 제출
-제출처: ser@ssu.ac.kr
선발절차
; 장학팀에서 추천 후 재단의 서류심사 및 개별면접을 거쳐 최종 선발
기타 문의사항
: 숭실대학교 외부장학담당(Tel. 02-820-0819)
※방학 중 운영시간: 10:00~17:00 (점심시간: 12:20~13:20 제외)
붙 임: 1. 장학금 지원서 양식 1부.
2. 추천서 양식 1부.
3. 자기소개서 양식 1부. 끝."
physics,2022-1학기 성적(백마)장학금 선발기준 안내,N/A,2022-01-12,https://physics.ssu.ac.kr/%ea%b2%8c%ec%8b%9c%ed%8c%90/%ea%b3%b5%ec%a7%80%ec%82%ac%ed%95%ad/?term_id&slug=4296,"2022-1학기 성적장학금 선발기준을 안내합니다.
1. 학교내규
가. 2022학년도 1학기 국가장학금을 신청하여 소득분위 조회가 가능한 자
1) 1차 신청자에 한하여 등록금고지서 사전감면
2) 1차 미신청자 : 2차 신청/서류제출/구제신청 확인 후 사후지급
(2차 신청자 중 한국장학재단 구제신청기간에 구제신청 시 사후지급)
3) 국가장학금을 신청할 수 없는 대한민국 국적 미소지자도 선발 가능
(단, 순수외국인전형으로 입학한 외국인유학생은 선발 불가)
나. 2022학년도 1학기 재학 및 복학예정자로 해당학기 등록금 납부 예정인 자
1) 2022학년도 1학기 前등록휴학 후 복학시 선발대상에서 제외 (등록대체자)
2) 학기 중 미등록, 입학취소, 복학취소 등으로 인한 학적변동시 모든 장학금 취소
3) 선발 후, 학기 중 휴학 시 백마성적우수장학금은 복학학기로 이월
※ 추가 또는 교체선발 시 재학 중인 학생만 선발 (휴학생에 대한 추가/교체 불가)
다. 직전학기 15학점 이상 이수한 자 (졸업 직전학기는 직전학기 12학점 이상)
라. 등록학기가 8학기 이내인 자 (건축학전공: 등록 10학기 이내인 자)
마. F학점 포함 학적부성적 기준 직전학기 3.5 이상인 자
바. 모든 교내장학금간 중복수혜 불가
1) 신청장학금 중 수혜금액이 큰 장학금 자동선발
2) 중복수혜 가능 장학금: 국가장학금, 교외장학금, 학업장려비 지원 목적 장학금 등
2. 학과내규
가. 직전 학기 물리학과의 전공필수와 전공선택 과목을 합하여 8학점 이상 이수한 학생으로 제한한다.
나. 1학년의 경우,  1학기에  전공기초 9학점 이상과 물리2(기초물리응용1)을 이수하고
2학기에 전공기초 9학점 이상과 물리4(기초물리응용2)를 이수한 학생으로 제한한다. (2015.07.16 개정)
다. 타학과 전과신청이 승인된 학생은 제외한다.
3. 선발일정
내용
일정
최종 성적 확인
2022. 1. 10(월)
학과(부) 선발학생 SAP 입력 및 승인
2022. 1. 17(월) ~ 1. 21(금)
백마성적우수장학생 장학팀 선발
2022. 1. 24(월) ~1. 28(금) 예정
등록금 납부
2022. 2. 21(월) ~ 2. 25(금)"
physics,우주물질연구소 OMEG Concert 개최,N/A,2022-01-10,https://physics.ssu.ac.kr/%ea%b2%8c%ec%8b%9c%ed%8c%90/%ea%b3%b5%ec%a7%80%ec%82%ac%ed%95%ad/?term_id&slug=4292,"우주물질연구소에서 대중을 위한 OMEG Concert를 아래와 같이 진행합니다.
관심있는 분들은 모두 참여 가능 하니 많은 관심과 지원 부탁 드리겠습니다.
참가신청 링크 :
https://forms.gle/z2dFnkR4nMJv1LjT7"
physics,2022 전체학사일정,N/A,2022-01-06,https://physics.ssu.ac.kr/%ea%b2%8c%ec%8b%9c%ed%8c%90/%ea%b3%b5%ec%a7%80%ec%82%ac%ed%95%ad/?term_id&slug=4282,"학사일정 보기:
https://ssu.ac.kr/%ED%95%99%EC%82%AC/%ED%95%99%EC%82%AC%EC%9D%BC%EC%A0%95/"
physics,[공지] 융합전공 설명회 개최 1.6(목) 오후2시,N/A,2021-12-31,https://physics.ssu.ac.kr/%ea%b2%8c%ec%8b%9c%ed%8c%90/%ea%b3%b5%ec%a7%80%ec%82%ac%ed%95%ad/?term_id&slug=4261,"물리학과 학생들 대상으로 융합전공 설명회를 개최합니다.
일시: 1월 6일 (목) 오후 2시
줌 링크:
https://ssu-ac-kr.zoom.us/j/6696387650"
physics,전자회로실험실 학부 연구생 모집(2021-겨울방학기간),N/A,2021-12-20,https://physics.ssu.ac.kr/%ea%b2%8c%ec%8b%9c%ed%8c%90/%ea%b3%b5%ec%a7%80%ec%82%ac%ed%95%ad/?term_id&slug=4186,"– 오홍석 교수(전자회로실험 담당교수) 연구실에서 계측기기 제어를 위한 회로설계/프로그래밍 관련 연구를 수행할 학부연구생을 찾습니다.
주 업무 내용
: PCB 설계, Source-meter, function generator등 계측기기 제어 프로그램 (GUI포함) 제작 (Python)
내용상세
1) 프로그래밍 및 전자기기에 관심이 많은 학생
2) 관련 경험은 없어도 가능
3) 기존의 설계 및 코드를 배우고 업그레이드 하는 형식으로 연구가 진행
4) 참여하는 경우 겨울방학 동안 연구를 수행 (오홍석 교수는 방학 기간 미국 출장 관계로 원격으로 미팅하며 연구를 수행하게 됩니다.)
5) 기초과학융합연구소 인턴과 연계하여 진행
문의: 오홍석교수님(hoh@ssu.ac.kr)"
physics,2022학년도 입학자 교양필수 교과과정 학기별 수강대상 안내,N/A,2021-12-15,https://physics.ssu.ac.kr/%ea%b2%8c%ec%8b%9c%ed%8c%90/%ea%b3%b5%ec%a7%80%ec%82%ac%ed%95%ad/?term_id&slug=4178,"2022학년도 입학자 교양필수 교과과정 학기별 수강대상을 다음과 같이 안내합니다.
번호
과목ID
교과목명
시간/
학점
학기별 수강대상
1
21503037
현대인과성서
3/3
1-1 인문사회계열, 융특학부
1-2 이공계열
2
21506634
한반도평화와통일
1/1
1-1 이공계열(미디어경영 제외), 융특학부
1-2 인문사회계열, 미디어경영
3
21500519
대학글쓰기
2/2
1-1 이공계열
1-2 인문사회계열,
융특학부
4
21506685
독서와토론
2/2
1-1 인문사회계열,
융특학부
1-2 이공계열
5
21501815
Academic and Professional English 1
2/2
1-1 전체
6
21501816
Academic and Professional English 2
2/2
1-2 전체
7
21500188
컴퓨팅적사고
2/2
1-1 전체
8
21500747
AI와데이터사회
2/2
1-2 전체
9
21500516
기업가정신과행동
2/2
2-1 이공계열
2-2 인문사회계열
이수요건
총 9개 교과목 18학점 중 선택하여 최소 16학점 이상 이수하여야 함"
physics,2021학년도 우주물질중점연구소 학부생 동계인턴십 모집,N/A,2021-12-15,https://physics.ssu.ac.kr/%ea%b2%8c%ec%8b%9c%ed%8c%90/%ea%b3%b5%ec%a7%80%ec%82%ac%ed%95%ad/?term_id&slug=4166,"숭실대학교 우주물질중점연구소에서는 3~4학년 학부생을 대상으로 연구를 직접 수행할 수 있는 기회를 제공하여 우수한 연구 인력 양성 및 대학원 진학을 돕고자 학부생 인턴십 과정을 모집합니다. 대학원 연구실에서 연구책임자(교수)의 지도 아래 대학원생들과 함께 조기에 연구 활동 및 실험실 생활을 경험할 수 있는 인턴십 프로그램을 운영할 예정이오니, 학생 여러분의 많은 참여 바랍니다.
1. 모집내용 및 지원대상
• 2021학년도 우주물질중점연구소 학부생 동계인턴십
• 연수기간 : 2022년 1월 3일(월) ~ 2022년 2월 28일(월) (2개월)
• 연수장소 : 숭실대학교 물리학과 교수 연구실 및 실험실
• 장려금액 : 600,000원 (기타소득 공제전 금액)
• 2021학년도 2학기 숭실대 물리학과 학부재학생 3~4학년 (휴학생 지원불가)
2. 신청서류 및 제출기간
• 인턴십 과정 참여 신청서(붙임 1) 1부
• 개인정보 수집 이용제공 동의서(선발 후 제출, 붙임2) 1부
• 제출기간 : 2021년 12월 24일 (금) 까지
3. 신청과정 및 유의사항
• 인턴십 참여 희망 학생은 희망 지도교수(우물연 참여교수)에게 참여 신청 및 추천서에 확인(도장/서명)을 받고 스캔본(pdf)을 이메일로 제출(omeg@ssu.ac.kr)
• 지원금 전액 환수 기준
가. 지도교수는 학생의 불성실 등을 사유로 중단 요청 가능
나. 결과보고서 미제출 시 지원금 전액 미지급
4. 결과발표
: 제출기간 후 일주일 이내 선발여부를
메일
로 통보
감사합니다.
우주물질중점연구소
▼
연구책임자 확인하기
(클릭)"
physics,2021학년도 기초과학융합연구소 학부생 동계인턴십 모집,N/A,2021-12-13,https://physics.ssu.ac.kr/%ea%b2%8c%ec%8b%9c%ed%8c%90/%ea%b3%b5%ec%a7%80%ec%82%ac%ed%95%ad/?term_id&slug=4162,"숭실대학교 기초과학융합연구소에서는 학부 재학생을 대상으로 연구를 직접 수행할 수 있는 기회를 제공하여 우수한 연구 인력 양성 및 대학원 진학을 돕고자 학부생 인턴십 과정을 모집합니다. 대학원 연구실에서 연구책임자(교수)의 지도 아래 대학원생들과 함께 조기에 연구 활동 및 실험실 생활을 경험할 수 있는 인턴십 프로그램을 운영할 예정이오니, 학생 여러분의 많은 참여 바랍니다.
1. 모집내용 및 지원대상
• 2021학년도 기초과학융합연구소 학부생 동계인턴십
• 연수기간 : 2022년 1월 3일(월) ~ 2022년 2월 28일(월) (2개월)
• 연수장소 : 숭실대학교 자연과학대학 교수 연구실 및 실험실
• 장려금액 : 600,000원 (기타소득 공제전 금액)
• 모집대상: 2021학년도 2학기 숭실대 자연과학대학 학부 재학생 (휴학생 지원불가)
2. 신청서류 및 제출기간
• 인턴십 과정 참여 신청서(붙임 1) 1부
• 개인정보 수집 이용제공 동의서(선발 후 제출, 붙임2) 1부
• 제출기간 : 2021년 12월 24일 (금) 까지
3. 신청과정 및 유의사항
• 인턴십 참여 희망 학생은 희망 지도교수에게 참여 신청 및 추천서에 확인(도장/서명)을 받고 스캔본(pdf)을 이메일로 제출(iibs_hr@ssu.ac.kr)
• 지원금 전액 환수 기준
가. 지도교수는 학생의 불성실 등을 사유로 중단 요청 가능
나. 결과보고서 미제출 시 지원금 전액 미지급
4. 결과발표
: 제출기간 후 일주일 이내 선발여부를
메일
로 통보
5. 결과보고서 제출 및 시상식 일정
• 결과보고서 제출: 2022년 2월 말
• 우수 결과보고서 시상식: 2022년 3월 초
감사합니다.
기초과학융합연구소"
physics,2022학년도 전기 대학원 수시모집 안내,N/A,2021-12-08,https://physics.ssu.ac.kr/%ea%b2%8c%ec%8b%9c%ed%8c%90/%ea%b3%b5%ec%a7%80%ec%82%ac%ed%95%ad/?term_id&slug=4145,"모집 요강 읽기 필수!▲
2022학년도 전기 대학원 수시모집 안내
1. 모집일정
– 원서접수: 2021.12.06.(월)~2021.12.17.(금)
– 전형일: 2022.01.03.(월)
– 합격자발표: 2022.01.12.(수) 예정
– 합격자등록: 2022.01.18.(화)~2022.01.19.(수)
2. 기타사항: 붙임 모집요강 참조
(For English, please refer to page 12 of the attached admission guide.)
2021.11.29.
대학원장
대학원 공지링크:
https://grad.ssu.ac.kr/%ec%a0%95%eb%b3%b4%ea%b4%91%ec%9e%a5/%ea%b3%b5%ec%a7%80%ec%82%ac%ed%95%ad/?term_id&slug=5480"
physics,졸업확정신고 기간(11.29월~12.5일),N/A,2021-11-30,https://physics.ssu.ac.kr/%ea%b2%8c%ec%8b%9c%ed%8c%90/%ea%b3%b5%ec%a7%80%ec%82%ac%ed%95%ad/?term_id&slug=4136,
physics,2021 테크비즈콘서트 참여안내 11.29(월),N/A,2021-11-25,https://physics.ssu.ac.kr/%ea%b2%8c%ec%8b%9c%ed%8c%90/%ea%b3%b5%ec%a7%80%ec%82%ac%ed%95%ad/?term_id&slug=4132,"1.29(월) 2021 테크비즈콘서트에 많은 참여부탁드립니다.
신청방법
– 2021 테크비즈콘서트 홈페이지에서 기업정보 및 홍보동영상 확인 후
[취업박람회]-[신청하기] 버튼 눌러서 신청서 작성
http://www.techbizconcert.kr/
2 .
유의사항
– 코로나19 상황속에서 진행되기 때문에 오프라인 참석을 원할경우 2차접종완료후 14일 경과
또는 PCR검사 음성(48시간내) 확인 결과서 필수
참고사항
– 학생들은 취업설명회 외 다른 프로그램에 참석이 어려울수 있습니다. (한 홀당 인원제한으로 진행)
– 2021 Tech-Biz Concert 홈페이지 :
http://www.techbizconcert.kr/
– 학생용 취업박람회 참가 신청서 :
https://docs.google.com/forms/d/12x9alAmr92CCoG5Sz-ap9tbzCJKqIHKkXYsmH4Lzz3o/edit"
physics,2022학년도 1학기 학·석사연계과정 지원 및 선발 안내,N/A,2021-11-24,https://physics.ssu.ac.kr/%ea%b2%8c%ec%8b%9c%ed%8c%90/%ea%b3%b5%ec%a7%80%ec%82%ac%ed%95%ad/?term_id&slug=4127,"1. 지원기간 : 2021년 12월 6일(월)~12월 23일(목)
2. 모집학과 : 학사과정과 석사과정에 동일(또는 유사)학과가 있는 학과(계약학과 제외)
3. 지원자격 :다음 각호 모두에 해당되는 자
가. 지원일 당시 학사과정 4학기 이상 6학기 이내 재학중(건축학부 건축학전공은 6학기 이상 8학기 이내 재학중)인자
(학·석사연계과정 신청자는 조기졸업 신청을 할 수 없음)
나. 재수강 이전 과목, 학점포기한 과목, F학점 과목 등을 포함한 전체 과목의
총평점평균이 3.0 / 4.5 이상인 자
다.
7학기 또는 8학기
(건축학부 건축학 전공은 9학기 또는 10학기)
에 학사과정의 졸업요건을 충족할 수 있는 자
라. 지원하고자 하는 일반대학원 학과 주임교수와 지도교수의 추천을 받은 자
마. 지원하고자 하는 일반대학원의 동일(또는 유사)학과를 주전공 또는 복수전공으로 하는자(부전공, 연계전공은 해당 없음)
4. 제출서류 및 지원방법
가. 학·석사연계과정신청서 1부.
나. 대학원 교학팀으로 방문 접수(웨스트민스터홀 658호)
5. 선발인원 : 석사과정 입학정원의 20%
6. 발표일 : 2022년 1월 28일(금) 예정 – 학과 및 개별 통지
7. 문의처 : 대학원 교학팀(02-820-0258~9 /
grad@ssu.ac.kr
)
8. 관련 공지 : 대학원 홈페이지 공지사항
https://grad.ssu.ac.kr/
첨부파일 : 2022-1 학석사연계과정 신청서 1부."
physics,2021학년도 동계방학 중 국가근로(교외근로) 신청 안내,N/A,2021-11-24,https://physics.ssu.ac.kr/%ea%b2%8c%ec%8b%9c%ed%8c%90/%ea%b3%b5%ec%a7%80%ec%82%ac%ed%95%ad/?term_id&slug=4123,"2021학년도 동계방학 중 국가근로(교외근로) 신청을 다음과 같이 안내합니다.
장학금명: 국가근로장학금
한국장학재단이 직접 교외근로 기관을 발굴하여 다양한 직업체험의 기회를 제공하는 근로장학금으로 공공기관, 지자체, 교육기관, 으뜸중소기업 등에서 근무
근무기간: 2022년 1월 3일(월) ~ 2월 18일(금)
※ 학생의 사정에 따라 기관이 정한 근무기간 조정 불가
근무조건
가. 근무시간: 주당 최대 40시간 이내 (기관에 따라 상이할 수 있음)
나. 시급: 11,150원
다. 장학금 지급: 1월분-2월 셋째주 금요일, 2월분-2월 말 지급 예정
신청방법
가
.
한국장학재단 희망 근로기관 신청
: 2021
년
11
월
22
일
(
월
) 09:00 ~ 12
월
2
일
(
목
) 18:00
나
.
장학팀 신청 서류 제출
: 2021
년
11
월
23
일
(
화
) 9:00 ~ 12
월
8
일
(
수
) 17:00
(※ 장학팀에 신청서를 제출해야 신청이 완료됩니다.)
1) 제출서류: 국가근로장학생지원서 (본교 양식) 1부
2) 제출장소: 학생처 장학팀 (학생회관 4층 406호)
다. 선발결과 발표: 2021년 12월 18일(토)부터 한국장학재단 홈페이지에서 확인 가능
라. 선발학생 전체 OT: 2021년 12월 21일(화)~25일(토) 온라인 OT 예정 (SMS 개별 안내)
– OT 미이수 시 자동 탈락
지원자격
가. 한국장학재단 국가근로장학금 온라인신청을 완료한 자
나. 성적기준: 직전학기 12학점 이수 및 백분위 산술평균 70점 이상인 자
다. 2021학년도 2학기 현재 2학기~7학기 재학생(조기졸업 대상자 지원 불가)
라. 2021학년도 2학기 현재 국가/교내/학과근로 중인 학생 지원 불가
– 학원선교팀의 경우, 채플종료로 인해 방학 중 근무가 종료되는 학생 신청 가능
– 학기중에만 운영되는 장애학생도우미 근로장학생 신청 가능
선발기준
가. 근로기관 자격요건 및 학생의 자격요건 충족 여부 확인
나. 자기소개서, 학업성적, 근무기간, 근로기관의 근무성격 등을 토대로 선발
★한국장학재단 정책에 따라, 초.중.고교 신청 및 매칭학생 우선 선발★
다. 동순위자 발생 시 저소득층 학생 우선 선발
라. 한국장학재단에 온라인 신청 및 장학팀 서류제출이 완료된 학생에 한하여 선발
붙 임: 국가근로장학생 지원서 1부"
physics,차세대 반도체 혁신공유대학 설명회 (11.17수 16:30-17:30),N/A,2021-11-15,https://physics.ssu.ac.kr/%ea%b2%8c%ec%8b%9c%ed%8c%90/%ea%b3%b5%ec%a7%80%ec%82%ac%ed%95%ad/?term_id&slug=4088,"1. 행사명 : 차세대 반도체 혁신공유대학 설명회
2. 대상 : 숭실대 학생 누구나
3. 일시 :
2021.11.17.(수) 16:30 ~17:30
(온/오프라인 동시 진행, 이후 녹화본 게시 예정)
4. 참여방법
-오프라인 :
웨스터민스터홀 661호 (선착순 40인 가능)
-ZOOM 접속 :
871 8466 1417 (암호 : 945213)
5. 진행내용
– 사업 및 사업단 소개
– 교과과정 및 학위과정
– 비교과 프로그램 및 학생 지원 방안
-질의 응답시간
* (온/오프라인) 설명회 참석 후 설문에 충실하게 응한 학생을 대상으로 모바일 커피쿠폰 증정 예정"
physics,우주물질연구소 전산전문가 구인(~11/5),N/A,2021-10-18,https://physics.ssu.ac.kr/%ea%b2%8c%ec%8b%9c%ed%8c%90/%ea%b3%b5%ec%a7%80%ec%82%ac%ed%95%ad/?term_id&slug=3900,"우주물질연구소 전산전문가 구인공고
우주물질연구소에서는 아래와 같은 분야의 연구원을 모집하고 있습니다. 물리관련 전산 코드의 개발에 특별한 흥미나 재능이 있는 분을 모시고자 합니다.
1. 연구내용
가. 자기 유체 역학 방정식 계산
a. 점성도, 자기 저항, 구동력이 존재하는 자기 유체 역학 방정식을 풀어내는 3D 코드 개발. 비압축성과 압축성 코드 (C/C++ 선호)
b. Rectangular coordinate, spherical coordinate, cylindrical coordinate에서 실공간 코드 작성후 (Fourier 변환은 기본적으로 가능) 그후 병렬 계산이 가능하도록 수정(openmp)
c. Fourier 변환말고도 가능하면 spectral code도 작성
나. Kinetic model 또는 PIC 시뮬레이션
a. Boltzmann 방정식을 풀어내는 코드 또는 PIC 코드 작성
b. 병렬 계산화
2. 자격 요건
가. 물리학, 컴퓨터 과학분야 박사 혹은 석사후 코드 개발 경력 2년 이상.
나. MHD나 플라즈마에 대한 이해가 바람직하지만 필수적인 요건은 아님.
다. 기존 코드를 익숙하게 다루는 수준이 아니라 처음부터 기본적인 코드를 다시 작성할 예정. 그리고 계속 확장시킬 계획임.
3. 제출 서류 (위의 연락처로 이메일 발송)
가. 자기소개서 및 간단한 이력서
나. 전산관련 경력 사항
4. 연봉
: 기본 4000만/년 이상이며 추후 협의 가능함
5. 지원 날짜
: 2021 년 11월 5 일 18:00 까지
** 숭실대학교 우주물질 중점 연구소 연락처 : pkiwan@ssu.ac.kr 또는 omeg@ssu.ac.kr
우주물질연구소장 배상
우주물질연구소장 배상"
physics,"2021-2학기 졸업예정자 대상 이수구분변경, 다전공 포기 신청 안내 (최종)",N/A,2021-10-05,https://physics.ssu.ac.kr/%ea%b2%8c%ec%8b%9c%ed%8c%90/%ea%b3%b5%ec%a7%80%ec%82%ac%ed%95%ad/?term_id&slug=3836,"졸업예정자 이수구분 변경, 다전공 포기 신청 안내
졸업예정자 여러분, 안녕하세요
2021-2학기 졸업예정자의 이수구분 변경 신청 및 다전공 포기 신청 1차 기간 안내드립니다.
(이수구분변경, 다전공 포기 외 졸업 관련 프로세스
자세히 보기
← 클릭)
1. 이수구분 변경 신청 기간
1차
2021.10.04.(월) ~ 10.10.(일) 23:59
2차
2021.11.29.(월) ~ 12.05.(일) 23:59
3차 (최종)
2022.01.03.(월) ~ 01.09.(일) 23:59
– 이수 구분 변경의 경우, 학과 승인 → 학사 승인 → 졸업 사정표 반영에
최소 2주 이상 소요
됩니다.
– 융합전공 선택의 주전공 중복 인정의 경우,
융필 15학점을 모두 이수한 학생
에 한해, 중복 인정
일괄 반영 완료
되었습니다.
– 타학과전공인정의 경우,
본전공 최소 학점 이수 완료 및 단일전공/부전공 학생에 한해
, 졸업사정표에
일괄 반영 완료
되었습니다.
복수/융합전공을 하고 있다면 타전공 과목 전공 인정이 되지 않습니다.
2. 다전공 포기 신청 기간
전체 재학생
2021.09.13.(월) ~ 09.22.(수) 23:59
1차
2021.10.04.(월) ~ 10.10.(일) 23:59
2차
2021.11.29.(월) ~ 12.05.(일) 23:59
3차(최종)
2022.01.03.(월) ~ 01.09.(일) 23:59
– 동 기간, 복수전공 → 부전공 변경 가능
(주전공 이수 학점 변경에 대한 사전 인지 필수)
– 매 기간 마감 후, 1-2주 후 사정표 반영 결과 확인 가능합니다.
3. FAQ (이수구분변경, 다전공 포기 관련 외
졸업 관련 프로세스 자세히 보기
← 클릭)
Q1. 융합전공 이수자인데, 융합선택의 주전공 중복 인정이 안되어 있어요.
A1.
융합필수 15학점을 완료하지 않은
경우, 중복 인정 일괄 반영이 되어 있지 않습니다.
폐강 등의 사유로 융합필수 15학점을 졸업 전까지 이수하지 못하는 학생의 경우, 융합교육혁신팀, 혹은 융합전공 주관학과에 연락해주세요.
Q2.
타전공 인정 과목
을 들었는데,
일반선택
으로 되어있어요.
A2.
복수/융합전공을 하고 있다면 타전공 과목 전공 인정이 되지 않습니다.
단일전공/부전공 중인 학생들 중 반영되지 않은 학생들께서는 우선, 아래
본전공 최소 이수 조건
을 충족했는 지 확인해주시고 충족했음에도 반영이 되지 않은 경우에만 이수구분변경 신청기간 내 신청해주세요.
구 분
타전공 과목전공 인정 위한
본 전공 최소 이수 학점
인문대학
39
자연과학대학
42
법과대학
39
사회과학대학
36
경제통상대학
36
경영대학
36
공과대학
건축학부 건축학전공
45
건축학부 건축학전공 외
IT대학
소프트웨어학부
45
소프트웨어학부 외
예술창작학부
39
스포츠학부
45
4. 기타 문의
학사팀 대표 전화 (02-820-0150/828-7403) 및 학사팀 졸업 관련 카톡 플친 (카카오톡 검색: ‘숭실대 학사팀 졸업’)
2021.09.
교무처장"
physics,2022학년도 전기 대학원 정시모집 안내,N/A,2021-09-27,https://physics.ssu.ac.kr/%ea%b2%8c%ec%8b%9c%ed%8c%90/%ea%b3%b5%ec%a7%80%ec%82%ac%ed%95%ad/?term_id&slug=3760,"2022학년도 전기 대학원 정시모집 안내
1. 모집일정
– 원서접수: 2021.10.05.(화)~2021.10.15.(금)
– 전형일: 2021.10.30.(토)
– 합격자발표: 2021.11.25.(목) 예정
– 합격자등록: 2022.01.04.(화)~2022.01.06.(목)
2. 기타사항: 붙임 모집요강 참조
(For English, please refer to page 12 of the attached admission guide.)
3. 일반대학원 홈페이지
:
https://grad.ssu.ac.kr/"
physics,NEW 학과도서관 (베어드홀 319-1호),N/A,2021-09-17,https://physics.ssu.ac.kr/%ea%b2%8c%ec%8b%9c%ed%8c%90/%ea%b3%b5%ec%a7%80%ec%82%ac%ed%95%ad/?term_id&slug=3701,"물리학과 학생여러분들
학과도서관(베어드홀319-1호)에 새로운 가구가 들어왔습니다!
그동안의 불편함 감수해주셔서 감사드립니다~
밝은색으로 페인트칠까지해 깔끔해졌으니 많은 이용부탁드립니다!"
physics,2021학년도 하계인턴십 우수 결과보고서 선정,N/A,2021-09-16,https://physics.ssu.ac.kr/%ea%b2%8c%ec%8b%9c%ed%8c%90/%ea%b3%b5%ec%a7%80%ec%82%ac%ed%95%ad/?term_id&slug=3686,"2021학년도 기초과학융합연구소 하계인턴십 결과보고서 제출하신 분들 중 결과보고서가 우수한 학생들을 각 과에서 1명씩 선발하여 시상식을 진행하였습니다. 수상을 진심으로 축하드리며, 수상 내역은 다음과 같습니다.
학과
학번
이름
수학과
비공개
박*연
물리학과
비공개
최*규
화학과
비공개
한*영
정보통계보험수리학과
비공개
김*경
의생명시스템학부
비공개
유*준
9월 16일 오전 11시 기초과학융합연구소에서 시상식이 진행되었으며, 시상식에 참여한 4명의 학생에게 상장과 부상을 전달하였습니다."
physics,2021년 숭실대학교 교수협의회 장학생 선발 안내(~9.30목),N/A,2021-09-09,https://physics.ssu.ac.kr/%ea%b2%8c%ec%8b%9c%ed%8c%90/%ea%b3%b5%ec%a7%80%ec%82%ac%ed%95%ad/?term_id&slug=3647,"교수협의회 주최 장학금 선발안내 드립니다.
접수 : prof@ssu.ac.kr
교수협의회 링크 :
http://prof.or.kr/web/02/pdsView.do
※교수 추천서는 인터넷 예시 참고 후 학생이 자체적으로 만들어야함."
physics,물리학과 도서실 추가 페인트칠 공지(9.14화),N/A,2021-09-09,https://physics.ssu.ac.kr/%ea%b2%8c%ec%8b%9c%ed%8c%90/%ea%b3%b5%ec%a7%80%ec%82%ac%ed%95%ad/?term_id&slug=3643,"9.14(화) 319-1호 물리학과 도서실 추가페인트칠로 사용 못합니다.
이용에 참고부탁드립니다!"
physics,슈퍼스타 창업경진대회(숭실대학교 제10회 창업경진대회) 안내,N/A,2021-09-09,https://physics.ssu.ac.kr/%ea%b2%8c%ec%8b%9c%ed%8c%90/%ea%b3%b5%ec%a7%80%ec%82%ac%ed%95%ad/?term_id&slug=3636,숭실대학교 창업경진대회 안내드립니다.
physics,"숭실대학교 ‘우주물질 중점연구소’ 2 차 박사후 연구원, 연구교수 및 장기방문연구원 초빙 안내",N/A,2021-09-09,https://physics.ssu.ac.kr/%ea%b2%8c%ec%8b%9c%ed%8c%90/%ea%b3%b5%ec%a7%80%ec%82%ac%ed%95%ad/?term_id&slug=3633,"숭실대학교
‘
우주물질 중점연구소
’
에서 박사후연구원
,
연구교수 및 방문연구원을 초빙합니다
.
http://ssanp.ssu.ac.kr
분야
:
핵물리
,
천체핵물리
,
입자물리 이론
,
천체물리
계약기간
: 1+2
년
(
이후 연구 성과에 따라
3 + 3
년 연장가능
), 2021
년
10
월 부터 근무 가능
연봉
:
박사후연구원
(3500-4500
만
/
년
),
연구교수
(4500-6000
만
/
년
)
연락처
:
천 명 기
(
cheoun@ssu.ac.kr
or
omeg@ssu.ac.kr
)
제출서류
: Curriculum Vitae, Publication List, Research Plan
제출기한
: 2021
년
9
월
20
일
※ 장기방문연구원은 상시 모집합니다
. (
체재비 및 일정 수당 지급
)
“
숭실대학교
‘
우주물질 중점연구소
’
는 한국연구재단 중점연구소로서 핵
,
천체핵
,
천체
,
입자
,
플라즈마 및 통계 물리의 연구 및 그 성과를 바탕으로 우주에 존재하는 다양한 원소 및 물질들의 기원과 성질
,
특성 등을 우주의 진화 과정 및 항성의 진화과정에 대한 미시물리적 전산모사
(Simulation)
연구를 통하여 진행하고 있습니다
.
연구팀은 △페르미 △볼쯔만 △랑다우 △허블로 구성되어
20
여 명의 연구자들이 세부연구 및 융합 연구를 진행하고 있습니다
.”
서울시 동작구 상도동
숭실대학교 우주물질연구소
&
물리학과 천 명 기"
physics,다전공(복수/부/융합) 포기 및 복수전공 → 부전공 변경 신청기간 안내,N/A,2021-09-06,https://physics.ssu.ac.kr/%ea%b2%8c%ec%8b%9c%ed%8c%90/%ea%b3%b5%ec%a7%80%ec%82%ac%ed%95%ad/?term_id&slug=3626,"다전공(복수/부/융합) 포기 및 복수전공 → 부전공 변경 신청기간 안내드립니다.
학생분들께서는 기간에 맞춰 신청 부탁드립니다.
1. 신청기간:
2021.09.13.(월) ~ 09.22.(수) 23:59 까지
※ 신청 반영된 졸업사정표 업데이트 : 2021.09.23.(목) 오전 중, 순차 반영될 예정
※ 졸업예정자의 경우, 이번 기간 놓쳐도 학기 중, 추가 포기 신청 기간이 있습니다.
2. 신청방법 : u-SAINT→학사관리-학적변동→다전공 이수신청→신청 버튼→유형 선택
3. 신청 대상자: 복수/부/융합전공 포기를 원하는 전체 재학생
4. 유의사항
가. 복수전공 →부전공으로의 변경은 신청구분에서
‘다전공구분변경’으로 신청
하시면 됩니다. 또한,
동일전공으로만 가능
하며 다른 전공으로의 신청은 불가능합니다.
나.
융합특성화자유전공학부
입학자의
의무이수 융합전공은 포기 신청이 불가능
합니다.
(미래사회융합전공 비참여학과로 전과한 경우, 학사팀으로 별도 문의)
다. 복수전공 포기 시, 복수전공필수/선택 과목은
‘영역 미표기 교양선택’
으로 이수구분 변경됨.
라. 복수전공 이수자가 복수전공 포기/부전공으로 변경 시, 이에 따른 주전공 필요 이수 학점이 복수전공 이수자보다 증가하니, 이 점 꼭 참고해서 혼란 없으시길 바랍니다.
5. 문의
가. 카카오톡 채널 http://pf.kakao.com/_MarZC/chat (숭실대 학사팀 졸업 전과 다전공)
나. 숭실대 학사팀 대표전화번호 : 02-820-0150
6. FAQ
Q 1) 복수전공 포기를 취소할 수 있나요?
A 1) 복수전공 포기 승인 시, 취소는 불가능하며 이후 다전공 신청기간에 동일한 전공으로 재신청해야 합니다.
Q 2) 복수전공 포기 후, 주전공을 몇 학점 들어야 하는 지 모르겠어요.
A 2) 공지사항 ‘주요학사제도안내’에서 학점이수체계도(9p)를 확인해주세요.
학사 공지사항 :
https://scatch.ssu.ac.kr/%EA%B3%B5%EC%A7%80%EC%82%AC%ED%95%AD/?slug=%EB%8B%A4%EC%A0%84%EA%B3%B5%EB%B3%B5%EC%88%98-%EB%B6%80-%EC%9C%B5%ED%95%A9-%ED%8F%AC%EA%B8%B0-%EB%B0%8F-%EB%B3%B5%EC%88%98%EC%A0%84%EA%B3%B5-%E2%86%92-%EB%B6%80%EC%A0%84%EA%B3%B5-%EB%B3%80%EA%B2%BD&category=%ED%95%99%EC%82%AC"
physics,물리학과 도서실 이용불가 (9.6월-9.8수) / 사물함이동및 비움 공지(~9.6월까지),N/A,2021-08-31,https://physics.ssu.ac.kr/%ea%b2%8c%ec%8b%9c%ed%8c%90/%ea%b3%b5%ec%a7%80%ec%82%ac%ed%95%ad/?term_id&slug=3572,"물리학과 도서실 리모델링 관련하여 안내드립니다.
– 도서실 사용불가일정 : 9.2 (수) – 9.8(수)
– 사물함 이동 : 327호 벽으로 이동예정.
– 319-1호 벽면 사물함 비움공지 : 9.5(일) 까지 320호 벽면 사물함 비움 요청.
※9.6(월)까지 비우지않으면, 임의로 비웠다가 사물함 이동 후 복구 예정.
( 분실물 생기지 않게 최대한 사물함별로 분류할 예정이나,
분실물 발생 시 책임지지 않습니다.
)"
physics,2021-2학기 유고결석 안내,N/A,2021-08-27,https://physics.ssu.ac.kr/%ea%b2%8c%ec%8b%9c%ed%8c%90/%ea%b3%b5%ec%a7%80%ec%82%ac%ed%95%ad/?term_id&slug=3555,"2021학년도 2학기 유고결석 및 보건결석 신청 관련 사항(코로나 19 관련 내용 포함)을 다음과 같이 안내하니 참고바랍니다.
* 유고결석 신청방법은 첨부파일 참고
** 유의사항 :
파일 업로드 시 증빙서류가 미비한 경우, 유고결석이 ‘거부’처리 될 수 있습니다.
신청학생은
신청 후 ‘승인’여부를 꼭 확인바랍니다.(신청경로에서 확인 가능)."
physics,전자소재분광학실험실 학부연구생 모집,N/A,2021-08-18,https://physics.ssu.ac.kr/%ea%b2%8c%ec%8b%9c%ed%8c%90/%ea%b3%b5%ec%a7%80%ec%82%ac%ed%95%ad/?term_id&slug=3448,"<학부연구생 모집>
숭실대학교 물리학과 전자소재분광학실험실에서 연구 참여할 학부연구생을 모집합니다.
– 대상: 2학년 또는 3학년 재학생
– 연구 주제: 산화물 발광체 제작 및 발광 특성 분석
– 기간: 2021. 9 – 2022. 02 (6개월간)
– 인건비: 학과 기준
– 신청 방법: 특별한 양식없이 아래의 이메일로 신청하며(이름/연락처 포함), 접수 후 면담을 통해 참여 확정
– 신청: 정민재 대학원생(
jmj6543@naver.com
)
– 문의: 이윤상 교수(
ylee@ssu.ac.kr
), 정민재 대학원생(
jmj6543@naver.com
)
– 기타: 졸업 논문 지도 교수 변경 가능, 학부 연구생으로 진행한 주제로 졸업논문 작성 가능
많은 관심을 바랍니다."
physics,2021학년도 2학기 교내장학금 신청공고,N/A,2021-08-18,https://physics.ssu.ac.kr/%ea%b2%8c%ec%8b%9c%ed%8c%90/%ea%b3%b5%ec%a7%80%ec%82%ac%ed%95%ad/?term_id&slug=3443,"2021
학년도
2
학기 교내장학금 신청공고
(재학생, 편입생, 복학생, 재입학생 대상)
※
본교에서 지급되는 모든 교내장학금은 아래 국가장학금 신청기간 내 국가장학금을 신청하고 서류제출을 완료하여 소득분위가 조회된 학생을 대상으로만 수혜자를 선정합니다
.
따라서
,
교내장학금을 수혜하려는 모든 학생은 반드시 교내장학금과 국가장학금을 모두 신청하시기 바랍니다
.
–
국가장학금 신청결과 제공되는 학생의 소득분위정보를 장학생선발에 활용
–
국가장학금은 반드시 매학기 신청
(
서류제출 및 가구원동의 포함
)
하여야 함
.
국가장학금
2
차 신청기간
: 2021
년
8
월
17
일
(
화
)
∼
9
월
16
일
(
목
)
까지
※ 한국장학재단 홈페이지(www.kosaf.go.kr) 공인인증 로그인 후 신청
※ 21.2학기에 한하여 구제신청 사용횟수 미차감 및 기사용 2회 신청자도 구제신청 허용)
교내장학금 온라인신청기간
가
.
온라인신청 및 서류제출기간
:
2021
년
9
월
1
일
(
수
) 10:00 ~ 14
일
(
화
) 17:00 (2
주간
)
※ 주말(공휴일 포함) 24시간 신청 가능 (단, 마감일 제외)
※ u-SAINT 입력 후 장학금 신청내역을 조회하여 장학금 신청이 정상적으로 완료되었는지 꼭 확인
나. 서류제출이 필요한 장학금의 경우, 교내장학금 온라인신청기간 내 반드시 제출
※ 방문 및 등기우편제출 가능 (FAX 불가)
※ 등기우편제출 시 교내장학금 온라인 신청기간 내 장학팀 도착분만 인정
※
서류는 제출일 기준
1
개월 이내에 발급된 것만 인정됨
신청대상 : 2021학년도 2학기 재학생, 편입생, 복학생, 재입학생
교내장학생 자격요건
가. 2021학년도 2학기 국가장학금을 신청하고 서류제출(가구원동의 포함)을 완료한 자
나. 2021학년도 2학기 재학생, 편입생, 복학생, 재입학생으로 등록금 납부 예정인 자
1) 2021학년도 2학기 전 등록휴학 후 복학생은 모든 장학금 선발에서 제외(등록대체)
2) 미등록, 입학취소, 복학취소 등으로 인한 학적변동 시 모든 장학금 취소
다. 직전학기 15학점 이상 이수한 자
※ 2021년 2학기가 4학년 8학기인 자는 직전학기 12학점 이상
※ 건축학부 건축학전공 : 10학기인 자는 직전학기 12학점 이상 이수(1∼9학기는 15학점 이상)
라. 등록 8학기 이내인 자(건축학과 건축학전공 : 등록 10학기 이내인 자)
예1) 학기취소 1회 후 8학기 진학예정인 경우 : 9회 등록금 납부이므로 선발 불가
예2) 학점 미 이수로 9학기 진학예정인 경우 : 9회 등록금 납부이므로 선발 불가
교내장학생 공통사항
가.
☆
중요
☆
모든 장학금은 등록금 내에서 다음 순서에 따라 우선 지급합니다
.
① 교외(외부)장학금 ② 국가장학금 ③ 교내장학금
나. 성적 및 취득학점 산정방법
1) 평점평균(GPA) / 산술평균(100점만점) : F학점이 포함된 학적부성적 기준 산정
2) 취득학점 산정시 F학점은 0학점 취득으로 인정되어 취득학점 산정에서 제외
다. 온라인으로 반드시 신청해야 하며, 제출서류가 있는 장학금에 한하여 서류제출
※ 제출기간 내 미제출시 장학생 선발대상에서 제외
라. 모든 교내장학금은 중복수혜 불가
1) 장학금간 중복신청은 가능하나, 신청 장학금 중 수혜금액이 큰 장학금으로 자동선발
2) 중복수혜 가능 장학금 : 국가장학금, 교외(외부)장학금, 근로장학금(교내/학과근로), 봉사장학금
– 수업료 범위 내 중복수혜 가능 (근로장학금, 봉사장학금은 수업료 초과하여 수혜 가능, 단 해당 장학금 간 중복수혜 불가)
마. 한국장학재단 중복지원(이중지원)방지사업 안내
1) 한국장학재단 학자금대출금액과 교내ㆍ외 장학금을 모두 합하여 수업료를 초과할 경우, 중복지원학생에 해당
2) 한국장학재단 콜센터와 통화하여, 중복지원여부를 해소해야 함. (다음 학기 국가장학금 및 학자금대출여부에 영향)
교내장학금별 선발자격 및 제출서류
:
교내장학금 선발자격 및 제출서류 안내
(
첨부문서 참조
)
장학생 선정결과 발표 및 지급방식
가. 2021년 10월 중순 발표 예정(u-Saint 등록/장학 및 등록금고지서 감면여부 확인 가능)
※ 지급예정일 : 2021년 11월 초 개인계좌 지급 예정
※ 학자금대출자(한국장학재단 및 공무원연금공단)의 경우, 학자금대출계좌로 대학에서 직접 상환
나. 장학금신청시 계좌입력 : 우리은행 본인명의 개인계좌 입력 필수
다. 등록금 분할납부를 신청한 학생의 경우. 선발된 장학금 중 사전감면을 제외한 계좌지급장학금은 분할납부 최종등록 확인 후 지급
라. 비전장학금 지급범위 및 장학금액은 한국장학재단 국가장학금 정책 및 본교 사정에 따라 매 학기 변경될 수 있음.
8. 11.
학 생 처 장"
physics,숭실대학교 기초과학융합연구소(중점연구소) 행정직원 모집,N/A,2021-08-13,https://physics.ssu.ac.kr/%ea%b2%8c%ec%8b%9c%ed%8c%90/%ea%b3%b5%ec%a7%80%ec%82%ac%ed%95%ad/?term_id&slug=3436,"숭실대학교 기초과학융합연구소(중점연구소) 행정직원 모집
숭실대학교 기초과학융합연구소(중점연구소) 행정직원 모집
1. 모집 요건
가. 지원자격 : 학사 학위 이상 소지자
나. 우대조건 : 연구소/대학 행정업무 유경험자
다. 채용인원 : 1명
라. 담당업무 : 연구소 운영 행정업무 담당
2. 근무 조건
가. 근무시간 : 주 5일 근무(오전 9시부터 오후 5시 30분, 방학중 단축 근무)
나. 계약기간 : 채용일로부터 1년단위 계약(다년연장 가능)
다. 급 여 : 연구소 규정에 따라 결정(최소 월 200만원, 퇴직금 별도지급)
3.지원 서류
가. 이력서 1부 (첨부된 양식사용)
나. 자기소개서 1부 (자유 형식)
4.채용 일정
가. 접수기간 : 2021.8.13.(금) ~ 8.20(금) 17:00
나. 접수방법 : 이메일 접수 (
iibs@ssu.ac.kr
)
다. 면 접 : 서류전형 합격자에 한하여 개별 통보
5.문의 :
iibs@ssu.ac.kr"
physics,[국제팀] 2022-1학기 파견 교환ㆍ방문학생 프로그램 참가자 모집 안내 (1차),N/A,2021-08-10,https://physics.ssu.ac.kr/%ea%b2%8c%ec%8b%9c%ed%8c%90/%ea%b3%b5%ec%a7%80%ec%82%ac%ed%95%ad/?term_id&slug=3432,"국제팀에서 2021학년도 2학기 파견 교환학생을 모집합니다. 관심있는 학생들의 많은 지원 바랍니다.
1. 공지사항 링크:
https://url.kr/crjsaw
2. 일정: 2021.08.16.(월) ~ 08.20.(금)
3. 문의: 국제팀 (신양관 203호, 02-820-0757,
study@ssu.ac.kr
)"
physics,[한국물리학회] 양자정보과학 여름학교 개최 및 안내,N/A,2021-07-21,https://physics.ssu.ac.kr/%ea%b2%8c%ec%8b%9c%ed%8c%90/%ea%b3%b5%ec%a7%80%ec%82%ac%ed%95%ad/?term_id&slug=3400,"한국물리학회에서 양자정보과학 여름학교를 개최합니다.
ZOOM으로 진행되니 많은 참여 부탁드립니다.
첨부파일 참고해주세요.
▶
행사: 양자정보과학 여름학교
▶
일정:
7
월 26일(월) – 8월 5일(목)
▶
장소: 온라인
(줌 회의 링크는 등록자에 한하여 개별 통지)
▶
대상: 대학생 (단, 대학원생 등 관심있는 모든 사람 참여 가능)
▶
등록:
무료
,
홈페이지 (
http://qschool.info
) 에서 온라인 등록
▶
연사: 방정호(ETRI), 신용일(서울대), 이상윤(GIST), 이수준(경희대), 이진형(한양대), 최만수(고려대)
▶
프로그램 일정
일정
7월 26일(월)
7월 28일 (수)
7월 30일 (금)
8월 2일 (월)
8월 4일 (수)
8월 5일 (목)
주제
양자 계산
(이상윤/방정호)
양자 컴퓨터
(최만수/신용일)
양자 알고리즘
(이수준/방정호)
양자 잡음
(이진형/이수준)
양자 오류정정
(이진형/최만수)
양자 컴퓨터 현황
(신용일/이상윤)
▶
시간표
1교시
2교시
3교시
4교시
10:30 ~ 11:45
13:00 ~ 14:15
14:30 ~ 15:45
16:00 ~ 17:15"
physics,[APCTP] Nuclear Physics School 2021 (핵물리학교-NPS2021) 학회 참석 안내,N/A,2021-06-21,https://physics.ssu.ac.kr/%ea%b2%8c%ec%8b%9c%ed%8c%90/%ea%b3%b5%ec%a7%80%ec%82%ac%ed%95%ad/?term_id&slug=3378,"다음 주
월요일(6월 21일) 오후 14시 50분부터
핵물리학교가 열립니다.
그에 따라 몇 가지 알려드리고자 합니다.
1. 홈페이지에도 있지만 현재의 전체 일정표를 보내드립니다.
2. 6월 21일(월)오후 2시 50분에 APCTP의 방윤규 소장님의 인사 말씀 후 3시부터 핵물리학교의 일정이 시작됩니다.
따라서 월요일 오후 2시 45분까지 온라인 상으로 접속해주시기 부탁드립니다.
3. 강의는 chairman 없이 우리말로 진행될 예정입니다.
4. Zoom 접속 방법(Zoom Link)
학회 홈페이지에서 등록을 완료한 참석자를 대상으로 행사 Zoom 사전 등록 링크를 송부드립니다.
https://zoom.us/meeting/register/tJYodeCtqTosG9AaEU_kyKgOWN83JmrqCVG
번거로우시겠지만 사전 등록 창에서 이름/성별/국적/소속/직위/이메일주소 총 6가지 항목에 대한 등록을 마치셔야 회의 링크 주소 확인이 가능하십니다.
그러니 학회 시작 10분 전까지는 꼭 사전 등록을 완료하시길 바랍니다.
* Zoom 접속 시에도 계정명을 항상 “이름(소속)”으로 유지해주시면 감사하겠습니다."
physics,2021학년도 2학기 학·석사연계과정 지원 및 선발 안내,N/A,2021-06-14,https://physics.ssu.ac.kr/%ea%b2%8c%ec%8b%9c%ed%8c%90/%ea%b3%b5%ec%a7%80%ec%82%ac%ed%95%ad/?term_id&slug=3361,"2021학년도 2학기 학·석사연계과정 지원 및 선발을 아래와 같이 진행하고자 하니 관심 있는 학사과정생들의 많은 지원 바랍니다.
1. 지원기간 :
2021년 6월 7일(월) ~ 6월 25일(금)
2. 모집학과 : 학사과정과 석사과정에 동일(또는 유사)학과가 있는 학과
(계약학과 제외)
3. 지원자격 :
다음 각호 모두에 해당되는 자
가) 지원일 당시
학사과정 4학기 이상 6학기 이내 재학 중
(건축학부 건축학전공은 6학기 이상 8학기 이내 재학 중)인 자 => 5학기 내지 7학기 개시 전(건축학부 건축학전공은 7학기 내지 9학기 개시 전)인 학생만 지원 가능
(학
·
석사연계과정 신청자는 조기졸업 신청을 할 수 없음
)
나) 재수강 이전 과목, 학점포기한 과목, F학점 과목 등을 포함한 전체 과목의 총평점평 균이
3.0/4.
5 이상인 자
다)
7학기 또는 8학기
(건축학부 건축학전공은 9학기 또는 10학기)
에 학사과정의 졸업요건을 충족
할 수 있는 자
라) 지원하고자 하는 일반대학원 학과 주임교수와 지도교수의 추천을 받은 자
마) 지원하고자 하는 일반대학원의 동일(또는 유사)학과를 주전공 또는 복수전공하는 자 (부전공, 연계전공은 해당없음)
4. 제출서류 :
학·석사연계과정신청서 1부
5. 지원방법: 제출서류를 구비하여 대학원 교학팀(웨스트민스터홀 658호)로 방문접수
6. 선발인원: 석사과정 입학정원의 20%
7. 발 표 일:
2021년 7월 30(금) 예정 – 학과 및 개별통지
8. 문의처 : 대학원 교학팀(02-820-0258∼9, grad@ssu.ac.kr)"
physics,2021학년도 기초과학융합연구소 및 우주물질연구소 학부생 하계인턴십 모집,N/A,2021-06-14,https://physics.ssu.ac.kr/%ea%b2%8c%ec%8b%9c%ed%8c%90/%ea%b3%b5%ec%a7%80%ec%82%ac%ed%95%ad/?term_id&slug=3357,"숭실대학교 기초과학융합연구소 및 우주물질연구소 에서는 3~4학년 학부생을 대상으로 연구를 직접 수행할 수 있는 기회를 제공하여 우수한 연구인력 양성 및 대학원 진학을 돕고자 학부생 인턴십 과정을 모집합니다. 대학원 연구실에서 연구책임자(교수)의 지도 아래 대학원생들과 함께 조기에 연구활동 및 실험실 생활을 경험할 수 있는 인턴십 프로그램을 운영할 예정이오니, 학생 여러분의 많은 참여 바랍니다.
1. 모집내용 및 지원대상
• 2021학년도 기초과학융합연구소 및 우주물질연구소 학부생 하계인턴십
• 연수기간 : 2021년 07월 01일(목) ~ 2021년 08월 31일(화) (2개월)
• 연수장소 : 숭실대학교 자연과학대학 교수 연구실 및 실험실
• 장려금액 : 600,000원
• 2021학년도 1학기 숭실대 자연과학대학 학부재학생 3~4학년 (휴학생 지원불가)
2. 신청서류 및 제출기간
• 인턴십 과정 참여 신청 및 추천서(붙임 1) 1부
• 개인정보 수집 이용제공 동의서(선발 후 제출) 1부
• 건강보험취득실확인서(선발 후 제출) 1부
• 제출기간 : ~2021년 6월 24일 (목) 까지
3. 신청과정 및 유의사항
• 인턴십 참여 희망 학생은 희망 지도교수에게 참여 신청 및 추천서에 확인(도장/서명)을 받고 스캔본(pdf)을 이메일로 제출(iibs_hr@ssu.ac.kr)
• 지원금 전액 환수 기준
가. 지도교수는 학생의 불성실 등을 사유로 중단 요청 가능
나. 결과보고서 미제출 시 지원금 전액 미지급
4. 결과발표 : 서류마감일로부터 일주일 이내 선발여부를 문자 및 메일로 통보
*문의: 이메일 (
iibs_hr@ssu.ac.kr
)"
physics,하계방학 스터디 그룹 모집,N/A,2021-06-10,https://physics.ssu.ac.kr/%ea%b2%8c%ec%8b%9c%ed%8c%90/%ea%b3%b5%ec%a7%80%ec%82%ac%ed%95%ad/?term_id&slug=3349,"물리학과에서 학생들의 학업 증진을 위하여 하계방학 스터디 그룹을 모집합니다.
학과에서 다과비 및 교재비를 지원하고자 하니, 관심있는 학생들의 많은 참여 부탁드립니다.
[물리학과 하계방학 스터디 그룹 모집]
1. 방학 중 스터디 그룹 모집 ( 3 인 이상, 학년 무관)
2. 신청방법:
physics@ssu.ac.kr
로 신청서 제출(자유양식)
(필수내용: 스터디 그룹 인원(이름/학년), 과목, 방학 중 스터디 계획안)
3. 신청기간: ~6/30(수)까지
4. 지원항목 : 다과비 및 교재비 (복사 및 프린터 비용 지원, 책구매 불가) 지원
5. 증빙서류 :  다과비 영수증 및 회의록 (사진이 들어간 스터디 내용 및 참석자의 사인 등)
문의사항은 02-820-0420 혹은
physics@ssu.ac.kr
로 문의 바랍니다."
physics,(주)쎄트렉아이 2021년도 수시채용,N/A,2021-06-07,https://physics.ssu.ac.kr/%ea%b2%8c%ec%8b%9c%ed%8c%90/%ea%b3%b5%ec%a7%80%ec%82%ac%ed%95%ad/?term_id&slug=3344,"모집부문
HW 연구개발 (R&D Track)
모집부서
(신입/경력)
담당업무
우대사항 및 자격요건
우주 6팀
신입/경력
위성전자 HW 및 지상시험장비 연구원
* 상세업무내용
■ SAR 탑재체 하드웨어 개발 및
지상시험장비 개발
– 고속 디지털 신호 처리
– Digital/Analog 회로 설계
– 검증시험을 위한 하드웨어 개발
우대사항
– SAR 시스템 개발 프로젝트 수행 경험 보유
– 배열안테나시스템 이해 및 분석 경험 보유
– 레이더 시스템, 신호 및 시스템, 디지털 신호처리,
확률 및 랜덤프로세스, 회로 이론 등의 전자공학에
대한 전문지식 보유
필수자격
– 레이더 또는 통신 시스템을 이해하고 분석 가능한 사람
– Digital/Analog 회로 설계 가능한 사람
– VHDL, C, Matlab, Python등의 프로그래밍을
좋아하는 사람
– 호기심이 많고 도전적인 일을 좋아하는 사람
– 솔직하고 지식을 나누고 동료와 함께 성장하기를
바라는 사람
학력 및 유관 전공
– 학사 이상
– 전자공학/정보통신/항공우주
우주7팀
신입/경력
위성 탑재체 광학 설계/해석/시험
* 상세업무내용
■ 위성용 탑재체 광학계 설계/해석/시험
– 광학 설계 프로그램을 이용한 광학
설계 및 해석
– 공차분석
– 광학계 성능 평가
– 광학계 정렬 및 광학 측정을 통한
성능 평가
우대사항
– 광학 설계 및 해석 툴 (Zemax, TracePro 등) 유경험자
– 프로그래밍 툴 (Matlab, Python 등) 유경험자
– 광학 측정 장비 (Interferometer, Theodolite 등) 유경험자
– IR 광학계 시스템 개발 유경험자
– 광학 시스템 개발 업체 및 광학 설계 관련 업체 경력자
필수자격
– 없음
학력 및 유관 전공
– 학력 무관
우주7팀
신입/경력
위성 탑재체 광기계 구조설계/해석/시험
* 상세업무내용
■ 위성용 탑재체 광기계 구조설계/해석/
시험
– 구조 설계 프로그램을 이용한 구조
설계 및 해석
– 광기계 구조의 성능평가
– 인공위성 카메라 지상 지원 장비
설계 및 해석, 평가
우대사항
– 구조설계 해석 툴 (NX nastran 등) 유경험자
– 프로그래밍 툴 (Matlab, Python 등) 유경험자
필수자격
– 없음
학력 및 유관 전공
– 학력 무관
방산 5팀
신입/경력
인공위성 이동형 지상체, 무인기 지상체
기계 구조물 설계 및 해석
* 상세업무내용
■ 인공위성 이동형 지상체, 무인기 지상체
기계 구조물 설계 및 해석
– NX를 이용한 이동형 지상체 설계 및
해석
– Auto CAD등을 이용한 방산 규격화
■ 시험 및 제작관리, 유지보수
– 이동형 지상체 환경시험 및 개발
시험 수행
– 장비 전력화 후 교육 및 유지보수
업무 수행
우대사항
– 방산 기구 설계, 구조해석 유 경험자
필수자격
– 기계 공학 전공자로 구조설계 및 해석 관련 이론
지식 보유자
– UG NX, Auto CAD등을 이용한 설계 및 해석 가능 자
학력 및 유관 전공
– 학사 이상
– 기계공학/기계설계
SW 연구개발 (R&D Track)
모집부서
(신입/경력)
담당업무
우대사항 및 자격요건
우주9팀
신입/경력
위성 Embedded 소프트웨어 연구원
* 상세업무내용
■ 위성 Embedded 소프트웨어 개발 및
검증
– 위성 Embedded SW Architecture 설계
■ C를 이용한 Embedded 소프트웨어 설계,
개발 및 검증
■ ASM을 이용한 bootloader 설계, 개발 및
검증
– 위성에서 사용되는 device driver 개발
– 위성 Embedded 소프트웨어를 테스트
하기 위한 테스트 script 및 프로그램 개발
우대사항
– 실시간 운영체제 포팅 및 개발 경험자
– Embedded 소프트웨어 개발 경험자
– Device driver 개발 경험자
– Unit Test 수행 경험자
– ASM 개발 경험자
– CI 구축 및 사용 경험자
필수자격
– C 언어를 이용한 SW 설계/구현 가능자
– Python 사용 가능자
– Git 과 같은 버전 컨트롤 시스템 경험자
학력 및 유관 전공
– 학사 이상
– 전산학 or 컴퓨터공학
시스템2팀
신입/경력
위성 자세제어 성능분석/ SW 개발
* 상세업무내용
■ 위성 자세제어 성능 분석 및 도구 개발
– 위성 자세 제어기 설계
– 위성 자세 결정 필터 설계
– 위성 자세 제어 성능 시뮬레이션
– 위성 자세 제어 관련 알고리즘
개발 및 문서 작성
■ 제어 관련 시스템 S/W 개발
– 자세제어 관련 알고리즘 Onboard S/W
로 구현 (비행제어컴퓨터, 별센서, GPS,
자세제어보드)
우대사항
– 비행제어 또는 위성제어 석사이상
– 제어기 설계 경험자
– C 언어 및 Python 숙련자
필수자격
– 없음
학력 및 유관 전공
– 석사 이상
– 항공우주공학
지상2팀
경력
영상 핸들링(처리/전시) SW개발
* 상세업무내용
■ 위성영상 뷰어/편집/활용 SW
설계 및 개발
– 대용량 영상 편집 및 고속 전시 기능
– 벡터 자료 도시 및 편집 기능
– 영상 향상 기능 (Histogram adjustment)
■ 위성지상체 SW개발
– 위성 촬영/수신계획 관리 기능 개발
우대사항
– 영상 디스플레이 응용 개발 경력
– 위성 영상 포맷 개발 경험
– 영상 향상 기능 개발 경험 (Histogram adjustment)
– 레이어 기반 영상 및 벡터 자료 도시
– MSSQL 사용 유경험자
– DevExpress 사용 유경험자
– CBD 소프트웨어 설계문서 작성 경험
– C++ 개발 경력 3년 이상
필수자격
– 언어: C#
– VCS: GIT
– IDE: Visual Studio
– C# 개발 경력 3년 이상
학력 및 유관 전공
– 학사 이상
– 전산/컴퓨터공학/SW설계 및 개발 관련 학과
지상5팀
신입/경력
지상국 SW 개발 (JAVA 응용 개발)
* 상세업무내용
■ 위성 관련 웹 벡엔드 개발
■ 위성 자료 처리 SW 개발
★ 이런 경험이 가능해요
– 위성분야 특화된 웹 벡엔드 개발
– 프론트엔드 개발자와 협업하여
웹 서비스 구축.
– 인공위성 분야의 표준 데이터 API를
이용한 자료 처리 기술
– JIRA/Confluence/BitBucket 등을
이용한 협업 개발 프로세스
우대사항
– 리눅스 프로그램 개발 유경험자
– Java, Spring 프레임웍을 이용한 Web 개발 경험자
– Python 개발 능력자
필수자격
– 객체지향언어(JAVA/C#/C++ 등) 기반
개발 경험이 있는자
– 새로운 개발 언어 학습에 두려움이 없는 자
(언어 교육기회 제공)
학력 및 유관 전공
– 학사 이상
– 전산/컴퓨터공학/SW설계 및 개발 관련 학과
지상O팀
신입/경력
지상국 SW 개발 (C# 응용 개발)
* 상세업무내용
– 시스템 설계 및 구현/테스트
– 위성 관제 및 시뮬레이션 기능 개발
– 위성 데이터 저장/관리/활용 기능 개발
– 위성 촬영/수신 계획 관리 기능 개발
– 위성영상 생성 프로세스 관리 기능 개발
– 위성영상 저장/관리/처리/활용 기능 개발
– Socket 기반 Server/Client 개발
우대사항
– MSSQL 사용/개발 경험
– Python 개발 경험
– C# 개발 경험 (3년 이상 추가 우대)
– Git 사용 경험
– DevExpress 사용 유경험자
– CI/CD 기반 개발 경험
– 네트워크 응용 개발 경험
– Map 관련 개발 경험
– 영어 회화 가능자
필수자격
– 객체지향언어(C#/JAVA/C++ 등) 기반 개발 경험이
있거나 새로운 개발 언어 학습에 두려움이 없는 자
(언어 교육기회 제공)
학력 및 유관 전공
– 학사 이상
– 전산/컴퓨터공학/SW설계 및 개발 관련 학과
방산 2팀
신입/경력
무인기 지상통제 소프트웨어 개발
* 상세업무내용
■ 지상통제 소프트웨어
– WPF 기반 비행통제/임무계획
소프트웨어 개발
– C# 기반 네트워크 프로그램 개발
우대사항
– 비행통제 소프트웨어 설계/개발 유경험자
– 임무계획 소프트웨어 설계/개발 유경험자
– WPF GUI 개발 유경험자
– 지도 Viewer 개발 유경험자
필수자격
– C# 소프트웨어 개발 유경험자
– 만 34세 이하인 자 (국가사업 청년채용 TO)
학력 및 유관 전공
– 학사 이상
– 소프트웨어 전공
경영관리 (Management Track)
모집부서
(신입/경력)
담당업무
우대사항 및 자격요건
재무관리팀
신입/경력
재무관리(결산) 업무
* 상세업무내용
■ 재무결산(연결 포함)과 원가관리
– 회계결산 관련 업무
– 자회사 결산 검토 업무
– 사업에 대한 예정원가 검토
– 세무조정 실무
■ 부업무
– 자금과 외환 관리
우대사항
– 더존 ERP 사용 가능
필수자격
– 회계 관련 전공
학력 및 유관 전공
– 학사 이상
– 경영학/회계학/세무
경영기획팀
신입/경력
경영기획(전략수립)
* 상세업무내용
■ 중기 경영전략 수립 지원 및 관리
■ 경영환경 분석
■ 경영실적 분석 및 예측
■ 공시 업무
우대사항
– 비즈니스영어 가능자
필수자격
– 신입: 상경계열 전공자
– 경력: 상장회사 유관경력 5년 이상자
학력 및 유관 전공
– 학사이상
– 경영/경제/법학/무역/회계 등
제작 (DA Track)
모집부서
(신입/경력)
담당업무
우대사항 및 자격요건
우주C팀
신입/경력
인공위성용 복합소재 구조물 제작
* 상세업무내용
■ 인공위성용 복합소재 구조물 제작
– 복합소재(sheet 소재) 재단 및 적층 작업
– 복합소재 구조물 본딩 작업
– 주요 제작설비 유지보수 및
작업 환경관리
– 관련 작업문서 기록 및 자료정리
우대사항
– 기계 관련 업무(전공 포함) 경험자
필수자격
– 없음
학력 및 유관 전공
– 학력무관
우주5팀
신입/경력
인공위성 하드웨어 제작
* 상세업무내용
■ 고신뢰도 인공위성 하드웨어 제작
– 인공위성 전자보드 솔더링(납땜) /
본딩 / 코팅 작업
– 설계 도면에 따른 인공위성 전자모듈
박스 조립
– 설계 도면에 따른 우주용 케이블
(Harness) 제작
– 인공위성 자세제어 각종 센서류 제작
– 크린룸 주요 제작설비 유지보수 및
작업 환경관리
– 관련 작업문서 기록 및 자료정리
우대사항
– 솔더링 및 Hanrness 작업 경험자
– 관련 자격증 소지자
– IPC 자격증 소지자
필수자격
– 전기/전자/기계 관련 전공
학력 및 유관 전공
– 전기/전자/기계
– 관련 전공
– 고졸 이상
기타 직군 (Management or SPC Track)
모집부서
(신입/경력)
담당업무
우대사항 및 자격요건
경영지원팀
경력
보건관리담당
* 상세업무내용
■ 법정 보건관리 업무 전반
(규정 관리, 산업안전보건위원회, 교육 등)
■ 근로자 건강관리 –
건강검진, 유소견자 관리 등
■ 유해물질 관리 –
(산업법, 연안법) MSDS 관리,
작업환경측정 관리 등
■ 기타 : 단체보험 관리, 사무/총무
관리 업무
우대사항
– 제조, 건설, 연구기관의 보건관리/경영지원,
총무 업무 경력 2~3년
필수자격
– 산업위생기사, 대기환경기사 자격증
학력 및 유관 전공
– 학사이상
– 전공무관
경영지원팀
경력
시설관리담당 (계약직)
* 상세업무내용
■ 시설관리(전기, 소방, 영선, 통신 등) 및
유지·보수
■ 내·외부 환경정리 및 유지 관리
■ 기타 시설·환경 관련 업무 지원
■ 시설, 총무 관련 팀장 수명 업무
우대사항
– 시설관리 경력 2~3년
– 전기, 소방, 승강기 등 법정선임 유 경험자
필수자격
– 전기산업기사 이상 자격증
학력 및 유관 전공
– 학력무관
– 전공무관
채용공고:
https://satreci.recruiter.co.kr/app/jobnotice/view?systemKindCode=MRS2&jobnoticeSn=59571
공통 지원 자격
– 성별 무관
– 해외여행 및 건강상 결격 사유가 없는 자
– 남성의 경우 병역필 또는 면제자, 병역특례 희망자
접수 기간 및 지원 방법
– 접수 기간 :
2021년 6월 13일까지
– 지원 방법 :
당사 홈페이지 인재채용>채용공고 메뉴에서 지원하고자 하는 해당 채용공고에 직접 온라인 등록
전형 방법 및 일정
※ 모집분야에 따라 면접 시 코딩테스트 또는, 자기소개 / 경력사항 등에 대한 프레젠테이션이 있으며
일부 모집분야에서 전화면접이나 온라인 시험이 있을 수 있음.
※ 인성검사 및 각 면접 일정은 개별 통보하며, 전형내용 및 일정은 회사사정에 의하여 변경될 수 있음.
※ 본 전형에서 적합한 인원이 없으면 채용하지 않을 수 있음.
※ 모든 입사자는 수습 3개월 후 정식 발령받게 됨.
입사지원 시 첨부 서류
– 졸업(예정)증명서 및 성적증명서(학사/석사/박사 등 각 학위별)
– 경력기술서(자유양식, 해당자에 한함)
– 어학성적증명서 및 자격증 사본(해당자에 한함)
– 국가보훈대상자 및 장애인 증빙서(해당자에 한함)
기타
– 국가보훈대상자 및 장애인은 관계 법령에 의거 우대(면접 시 증빙서류 제출必)
– 입사지원 서류에 허위사실이 발견될 경우, 채용확정 이후라도 채용이 취소될 수 있음."
physics,[포스텍& APCTP] 2021 생명물리 여름학교 (Biophysics School),N/A,2021-06-04,https://physics.ssu.ac.kr/%ea%b2%8c%ec%8b%9c%ed%8c%90/%ea%b3%b5%ec%a7%80%ec%82%ac%ed%95%ad/?term_id&slug=3338,"포스텍과 APCTP에서
2021 생명물리 여름학교 (Biophysics School)
참가 신청을 알립니다!
생물물리학(Biophysics)은 생명현상을 이해하기 위해 단분자 추적, 초고해상도 현미경, 분자 집게 등의 실험 기술과 분자 동역학 시뮬레이션, 네트워크 분석을 동원하여 물리적인 메커니즘을 밝히고자 하는 분야입니다.
최근 생물학, 물리학, 화학, 기계공학 등이 한 데 어우러진 융합학문 분야로 각광받고 있습니다.
올해는 한국에서 세계 최고 수준의 연구를 수행하고 계신 교수님들을 모셔
온라인 강연 시리즈를 7/5(월)-7/7(수) 3일간
진행하게 되었습니다.
관심있는 이공계 학부생 여러분들의 많은 참여
바랍니다.
자세한 내용은 아래 링크와 포스터를 참고해주세요.
참가신청
:
https://www.apctp.org/plan.php/biophysics2021"
physics,2021학년도 신입생 대상 정보활용교육 & 퀴즈대회,N/A,2021-06-04,https://physics.ssu.ac.kr/%ea%b2%8c%ec%8b%9c%ed%8c%90/%ea%b3%b5%ec%a7%80%ec%82%ac%ed%95%ad/?term_id&slug=3332,"2021-1학기 전면 비대면 수업으로 인해 진행되지 못한 2021학년도 ‘신입생 도서관 정보활용교육’을 아래 프로그램으로 대체하고자 합니다.
많은 참여를 부탁드립니다.
1. 행사명 :
A+ 대학생활을 위한 도서관 활용법 & 퀴즈대회
2. 목 적
가. 도서관 서비스와 학술자료 활용교육을 통한 학생들의 정보리터러시 향상과 학습윤리 교육
나. 도서관 제공 학술서비스, 소장자료,  전자자료(저널, 학술DB, e-Book, e-Learning 등) 홍보와 이용 촉진
3. 일 시 : 2021.06.24(목) 15:00~17:00
4. 대 상
:
2020-21학년도 신입생
*2020학년도 신입생 대상 교육이 전체 학부생대상 교육으로 대체된 관계로 참여대상을 확대하여 진행
5. 상세내용 및 진행방법
가. 도서관 홈페이지를 통해 신청 접수
https://oasis.ssu.ac.kr/#/education/result/?offset=0&max=20
나. 신청자들에게 교육에 참여할 수 있는  ZOOM 링크  발송
다. 도서관 서비스 안내 및 레포트 작성을 위한 학술정보활용 교육
다. ‘카훗’ 프로그램을 이용하여 실시간 퀴즈풀이 및 성적공지
라. 상위권 입상자에게 성적순으로 장학금 및 경품 수여 (붙임 파일 참고)
마. 종료 후  도서관 홈페이지에 상위입상자 수상 내역 공지"
physics,[KOITA] 이공계 전문기술 연수사업 연수생 모집 홍보,N/A,2021-06-04,https://physics.ssu.ac.kr/%ea%b2%8c%ec%8b%9c%ed%8c%90/%ea%b3%b5%ec%a7%80%ec%82%ac%ed%95%ad/?term_id&slug=3322,"안녕하세요 한국산업기술진흥협회 기술혁신지원팀 배규범입니다
.
본 협회에서는 이공계 대학 졸업생들의 취업지원을 목적으로 이공계 전문기술 연수사업을 운영하고 있습니다
.
당 사업은 약
6
개월의 연수기간
(
전문연수
4
개월
+
기업연수
2
개월
)
동안 최대
300
만원의 연수수당을 지원하는 사업으로
‘03~’19
년도 기준 평균
70%
이상의 취업률의 성과를 내고 있습니다
.
<
사업개요
>
○ 연수대상
(
자격
):
이공계 대졸
(
전문대졸 포함
)
미취업자로
1987.1.1
이후 출생자
(
만
34
세
)
※
(
우대대상
)
장애인
,
저소득층
(
최저생계비
150%
이하
:
차차상위계층
),
보훈대상자
,
여성
, 6
개월 이상 장기실업자
,
결혼이민자
,
북한이탈주민 등
※
8
월 졸업예정자 참여 불가
※ 정부 실업대책 지원금을 수혜중인 자
,
동 사업에 참여하여 연수수당을
1
회 이상 지급받은 자 또는 참여 중인 자
,
대학원 재학 중인 자는 제외
○ 교육기간
:
전문연수
4
개월 내외
(
주
24
시간 이상
) +
기업연수
2
개월 내외
(
주
24
시간 이상
)
○
지원내용
:
연수수당 지급
(
전문연수
(4
개월
)
월
40
만원
+
기업연수
(2
개월
)
월
70
만원
)
○
교육내용
–
전문연수
:
전문분야 이론 및 실습교육
,
기업이 필요로 하는 기본직무 소양 및 기초 이론 습득
–
기업연수
:
연수기관의 유관기업에서 실제 업무 체험 연수
○
지원방법
:
주관기관 직접지원
(
첨부파일 참고
)
또는
SNEJob
사이트내 지원
[SNEJob]
※ 사업소개 동영상 링크
:
[한국산업기술진흥협회] 이공계 전문기술 연수사업 안내 – Youtube
빠른시일내에 연수과정에 지원한 경우 면접과 교육에 바로 참여가 가능하니 많은 관심 부탁드립니다
.
문의사항이 있으시면 첨부파일내 연락처 및 하기 연락처로 언제든지 전화 주십시오
."
physics,[경축] 2021학년도 대학중점연구소사업 선정,N/A,2021-06-03,https://physics.ssu.ac.kr/%ea%b2%8c%ec%8b%9c%ed%8c%90/%ea%b3%b5%ec%a7%80%ec%82%ac%ed%95%ad/?term_id&slug=3319,"경축!!
교육부 소관 2021년 이공분야 대학중점연구소사업에 우리학과의 천명기 교수님과 이윤상 교수님이 운영하는 연구소가 선정되었습니다.
본 사업을 통해  최장 9년동안 연구비를 지원받습니다.
– 우주물질연구소(소장: 천명기, 연간 7.7억원)
– 기초과학융합연구소(소장: 이윤상, 연간 12.1억원)
이를 통해 우리 학과의 연구 우수성이 확인되었습니다.
앞으로 대규모의 정부 지원금에 기반하여 우리학과가 더욱 우수한 연구활동을 지속할 것으로 기대합니다."
physics,[삼성SDS] ’21년 하계 알고리즘 특강,N/A,2021-06-03,https://physics.ssu.ac.kr/%ea%b2%8c%ec%8b%9c%ed%8c%90/%ea%b3%b5%ec%a7%80%ec%82%ac%ed%95%ad/?term_id&slug=3309,"안녕하세요
!
삼성
SDS
입니다
.
’21
년 하계
알고리즘 특강으로 인사드립니다
🙂
체계적인 알고리즘 강의에 목말라 계셨던 분
!
여름방학동안 자신을 한층 성장시키고 싶으신 분
!
단기간에 알고리즘 실력을 향상시킬 수 있는 기회이니 놓치지 마세요
.
자세한 사항은 포스터를 참고하시어
URL
및
QR
코드를 통해 신청해주시기 바랍니다
.
※ 대 상
:
알고리즘에 관심 있는 모든 학생
※ 기 간
: ~ 2021.06.11 (
금
) 15:00
※
접수
URL :
http://bit.ly/sds_2021_summer
(QR
코드 참고
)
문의사항은
sdsjobs@samsung.com
/ 02-6155-3111
으로 언제든지 연락주세요
!"
physics,물리학과 비전임 초빙 교수 공고,N/A,2021-06-03,https://physics.ssu.ac.kr/%ea%b2%8c%ec%8b%9c%ed%8c%90/%ea%b3%b5%ec%a7%80%ec%82%ac%ed%95%ad/?term_id&slug=3302,"숭실대학교 물리학과에서 비전임 초빙 교수를 공모합니다.
※ 접수기간 및 접수처: 2021.06.01.- 06.12. 24:00까지 (
physics@ssu.ac.kr
)
※ 접수이후 면접전형 대상자는 개별 통보 예정
항목
내용
모집 전공분야
국문 : 일반 물리 실험
영문 : Experiments for General Physics
최소지원자격
연구업적요건
실험 물리 (전 분야) 박사학위 소지자
자격요건 및
복무규정
– 일반 물리 실험을 포함한 물리 관련 실험의 연구 및 교육 능력 소지자
보수 및 재임용은 본교 규정에 따름
전일제 근무: 평일 09:00~ 18:00 (주 5일 근무)
우대사항
– 물리 실험 및 강의 경력자 우대
– 물리학과의 실험시설의 유지 보수 가능한자.
– 필요할 경우 강의 가능 함
제출서류
이력서 1 부
학력 증명서 (학사, 석사, 박사) 각 1 부
경력증명서 1 부 및 연구 논문 사본
일반 물리 교육 및 실험에 대한 소견서 1 부
문의처 : 숭실대학교 물리학과 02-820-0420"
physics,[진로취업센터] AI기반 취업솔루션 이용 안내,N/A,2021-05-31,https://physics.ssu.ac.kr/%ea%b2%8c%ec%8b%9c%ed%8c%90/%ea%b3%b5%ec%a7%80%ec%82%ac%ed%95%ad/?term_id&slug=3295,"진로취업센터에서는 ‘AI기반 취업솔루션 서비스’를 지원하고 있습니다. 해당 서비스에 대해 아래와 같이 안내드리오니 학과(부) 학생들이 적극 활용하시기 바랍니다.
1. 목적
가. 대기업부터 중소기업까지 AI를 활용한 면접 채용이 증가함에 따라, 변화하는 채용 트렌드에 맞춰 구직을 준비하는 학생들을 지원
나. 취업 준비에 많은 비용이 들어가는 구직 학생들에게 AI면접이라는 새로운 채용전형을 준비할 수 있도록 지원하여 경제적 부담 완화
2. 제공 서비스
가. AI면접(역량검사+게임) 연습
나. AI면접(역량검사+게임) 학습동영상
다. AI자소서 작성, 평가, 분석
3. 이용방법
: 파일 참조"
physics,2021학년도 (재)롯데장학재단 멘토링 장학금 신청 홍보,N/A,2021-05-26,https://physics.ssu.ac.kr/%ea%b2%8c%ec%8b%9c%ed%8c%90/%ea%b3%b5%ec%a7%80%ec%82%ac%ed%95%ad/?term_id&slug=3287,"2021학년도 (재)롯데장학재단 멘토링 장학생 모집을 다음과 같이 안내해드립니다. 관심이 있는 학생분은 신청하시길 바랍니다.
가. 2021학년도 (재)롯데장학재단 38기 멘토링 장학생 선발 안내
1) 지원요건
가) 초·중·고등학생 학습지도(영어, 수학 등) 가능한 자(전공, 성별 무관)
나) 2021-2학기 기준 2학년 1학기 or 2학기 재학생
다) 2020-2학기 기준 총(평균) 평점 3.5/4.5 이상, 이수학점 12학점 이상
라) 2021-1학기 기준 소득구간 8구간 이내
2) 멘토링 활동내용
가) 활동내용: 초·중·고등학생 학습지도(영어, 수학 등)/온·오프라인 활동
나) 활동기간: 2021.09.01.~2022.08.31.(12개월)
다) 활동시간: 월 4회, 12시간 이상(년 150시간 이상/ 주 3시간 이상)
※활동장소는 대학 인근 센터로 추후 별도 안내 예정
3) 지원내용
가) 지원기간: 1년(2021년 2학기~2022년 1학기)
나) 장학금액(아래 1, 2 中 택1 )
(1) 등록금(수업료) 전액+멘토링 활동비(월 15만원)
(2) 생활비 300만원/학기 + 멘토링 활동비(월 15만원)
다)멘토링 장학생 특전
(1) 멘토링 활동 종료 후, 정규과정 종료 시 까지 장학금 지원(멘토링 활동 정상수료자 限)
(2) 재단지원 프로그램 제공(취업특강 및 문화활동 지원)
4) 신청기간: 2021.05.21.(금) ~ 06.04.(금) 15:00까지
5) 신청방법: 서류구비 후 직접 혹은 이메일 제출
-제출처: 숭실대학교 장학팀(학생회관 406호) 혹은 이메일(
ser@ssu.ac.k
r) 제출"
physics,2021학년도 2학기 재학생 및 복학예정자 대상 교내장학금 신청 시행 안내,N/A,2021-05-26,https://physics.ssu.ac.kr/%ea%b2%8c%ec%8b%9c%ed%8c%90/%ea%b3%b5%ec%a7%80%ec%82%ac%ed%95%ad/?term_id&slug=3282,"2021학년도 2학기 재학생 및 복학예정자를 대상으로 교내장학금 신청 시행을 다음과 같이 안내합니다.
1. 교내장학금 자격요건
가. 2021학년도 2학기 국가장학금 신청/서류제출을 완료하고 소득분위가 조회된 자
나. 2021학년도 2학기 재학 및 복학(예정)자로 등록금 납부 예정인 자
1) 2021학년도 2학기 前 등록휴학 후 복학시 장학생 선발대상에서 제외
2) 미등록, 입학취소, 복학취소, 휴학 등 학적변동 시 모든 장학금 취소
다. 직전학기 15학점 이상 이수한 자(최종 직전학기는 12학점)
라. 등록학기가 8학기 이내인 자(건축학부 건축학전공은 10학기 이내)
2. 신청절차
가. 온라인 신청기간
1) 정규신청: 2021년 5월 24일(월) 10:00 ~ 6월 18일(금) 17:00까지
2) 추가신청: 2021년 6월 28일(월) 10:00 ~ 7월 16일(금) 17:00까지
나. 학생 신청방법: u-SAINT포털 – 등록/장학 – 장학메뉴 – 장학금 신청
다. 학생 서류제출: 온라인 신청기간 내 방문 및 등기우편제출 가능(세부내용 붙임 파일 참조)"
physics,2021학년도 2학기 국가장학금 신청 홍보,N/A,2021-05-26,https://physics.ssu.ac.kr/%ea%b2%8c%ec%8b%9c%ed%8c%90/%ea%b3%b5%ec%a7%80%ec%82%ac%ed%95%ad/?term_id&slug=3276,"2021학년도 2학기 국가장학금 신청일정을 다음과 같이 안내해드리니, 학과(부) 학생들은 장학금을 신청하시기 바랍니다.
가. 국가장학금 1차 신청기간 : 2021년 5월 18일(화) ~ 6월 17일(목) 18시
※ 공휴일, 일요일 포함 신청기간 내 24시간 신청 가능
※ 재학생이 1차 신청기간에 신청하지 않을 경우, ‘신청기간 미 준수’로 탈락됩니다.
(다만, 재학 중 2회에 한해 구제를 받을 수 있습니다.)
※ 1차 신청기간에 신청하지 않을 경우, 장학금 지급이 지연될 수 있습니다.
나. 서류제출 및 가구원 동의기간 : 2021년 5월 18일(화) ~ 6월 21일(월) 18시
※ 서류제출 및 가구원 동의 대상자는 반드시 이를 이행해야 장학금 신청이 완료됩니다.
다. 신청대상 : 대한민국 국적 학부생 (재학생,재입학생,복학생,휴학생 등 모든 학적 신청가능)
※ 국가장학금 최대 수혜횟수 범위 내에서 수혜 가능합니다.
라. 신청방법 : 한국장학재단 홈페이지 온라인신청
※ 붙임파일의 신청 매뉴얼 참조
※ 한국장학재단 홈페이지 주소 :
www.kosaf.go.kr
마. 상세안내: 학교 홈페이지 ‘장학’ 공지사항 참고"
physics,물리학과 대학원 소개 안내,N/A,2021-05-26,https://physics.ssu.ac.kr/%ea%b2%8c%ec%8b%9c%ed%8c%90/%ea%b3%b5%ec%a7%80%ec%82%ac%ed%95%ad/?term_id&slug=3271,"물리학과 대학원 소개를 진행합니다.
관심 있는 학사과정학생들의 많은 참여를 바랍니다.
일   시
:  6/1 화요일 10시 30분
온라인 진행
대  상:
논문연구1 수강생 + 4학년 재학생 전체
내  용:
물리학과 대학원 소개
ZOOM
링크:
https://us02web.zoom.us/j/88039047227?pwd=dlZYOVROcnp2bGpReWQ3Tmw3eUwyQT09
회의id: 880 3904 7227
암호: 9QvT6T"
physics,KAIST 원자력 및 양자공학과 대학원소개 Open House 행사 홍보,N/A,2021-05-11,https://physics.ssu.ac.kr/%ea%b2%8c%ec%8b%9c%ed%8c%90/%ea%b3%b5%ec%a7%80%ec%82%ac%ed%95%ad/?term_id&slug=3245,"2021 KAIST 원자력 및 양자공학과 Open House
KAIST 원자력 및 양자공학과의 대학원교육과 연구분야 및 2022년 대학원입시 정보를 소개하는 Open House를 개최합니다. 관심 있는 학생들의 많은 참여를 바랍니다.
일           시
2021년 5월 28일(금), 오후 2시 – 4시 30분 (Zoom 미팅공간: 이메일로 별도안내 예정)
* 오후 2시 – 2시 30분: 학과 overview
* 오후 2시 30분 – 4시 30분 : 연구분야 별 순차적 (30분씩) 그룹 논의
장            소
화상회의 (Zoom 미팅공간: 이메일로 별도 안내 예정)
신  청  기  한
2021. 5. 21(금) 오후6시까지
주요연구분야
원자력발전/재료 및 핵주기/플라즈마 및 핵융합/방사선 과학 및 응용
참  가   대  상
KAIST 원자력 및 양자공학과 대학원에 관심있는 학생
* 2022 석‧박사과정 진학 희망자 포함
* 출신 전공학과에 대한 제한 없음
문              의
KAIST 원자력 및 양자공학과사무실 (전화: 042-350-3897, E-mail:
kwonhr@kaist.ac.kr
)
참  가  신  청
https://forms.gle/aJfGnNZump2u8g1J9"
physics,2022년도 일본정부(문부과학성) 장학금 연구유학생 및 일한공동고등교육 유학생 교류사업(석사·박사학위 과정) 모집 안내,N/A,2021-05-07,https://physics.ssu.ac.kr/%ea%b2%8c%ec%8b%9c%ed%8c%90/%ea%b3%b5%ec%a7%80%ec%82%ac%ed%95%ad/?term_id&slug=3234,"1. 관련: 주한일본대사관 공보문화원 일공21-009(2021.04.28.)
2. 귀 대학의 무궁한 발전을 기원합니다.
3. 2022년도 일본정부(문부과학성) 장학금 연구유학생 및 일한공동고등교육 유학생 교류사업(석사·박사학위 과정)을 아래와 같이 안내하오니, 적격한 학생이 지원할 수 있도록 홍보 및
기한 내에 주한일본대사관 공보문화원으로 추천
하시기 바랍니다.
가. 자격 및 조건
1) 연 령: 1987년 4월 2일 이후 출생한 대한민국 국적을 가진 자
2) 학 력: 일본의 대학졸업 또는 졸업예정자와 동등한 자격을 가진 자 등
3) 기 간: 원칙적으로 2022년 10월(또는 9월)부터 1년 6개월간(상위과정 진학시 연장 가능)
4) 장학금: 학비 및 항공요금 지급 외에 매월 약 143,000엔 지급 등
5) 인 원: 미정(2021년도: 이공계 분야 15명, 그 외 분야 20명 선발)
※ 각 학교 담당자는 모집요강을 충분히 숙지하여 부적격자는 추천하지 말 것
나. 접수 및 시험 일정: 자격 및 제출서류 등은
반드시
주한일본대사관 홈페이지의 모집 요강 등을 참조
1) 접수마감:
2021.5.28.(금)까지 각 기관에서 주한일본대사관 공보문화원에 직접 제출
2) 제출서류
가) 추천기관 서류
㉮ 학교장 명의 추천서(공문서)
㉯ 추천자 리스트(붙임 엑셀 파일 양식)
㉰ 각 응시자가 제출할 서류: ① 신청서 ② 배치희망대학 신청서 ③ 전공분야 및 연구계획 ④ 출신 대학 및 대학원 성적 증명서 ⑤ 출신 대학 및 대학원 졸업(수료) 증명서 또는 학위취득증명서 ⑥ 재적 대학 또는 최종 출신대학의 장 또는 담임 교원의 추천장 ⑦ 학위논문 개요 등 ⑧ 어학 능력 증명서 ⑨ 현 직장 상사의 추천서 ⑩ 작품의 사진 또는 연주 녹음 전자 매체 등 ㉠ 응모신청서 ㉡ 이중국적 확인서
나) 제출방법：
㉮와 ㉯는 이메일로, ㉰는 우편 또는 직접 제출
– 이메일:
yuhak@so.mofa.go.jp
– 제출 주소:
03131 서울특별시 종로구 율곡로 64 주한일본대사관 공보문화원
국비유학담당자
3) 시험 예정
가) 필기 시험
㉮ 일정: 2021.6.19.(토)
㉯ 장소: 서울 성동공업고등학교 및 주제주일본국총영사관
㉰ 내용: 영어，일본어 필기선고
나) 면접 시험
㉮ 일정: 2021.7.27.(화)~7.30.(금) 예정
㉯ 장소: 주한일본대사관 공보문화원
다) 결과 발표:
최종 합격자 결과 발표는 2022년 1월경 주한일본대사관 홈페이지를 통해 안내 예정
4. 기타
가. 상세 내용은 별첨 모집요강과 모집 절차 및 선고 일정에 대한 안내를 참조할 것
나. 선발 및 추천서 작성 등 문부성 장학금 문의처: 주한일본대사관 공보문화원
(전화: 02-765-3011, 내선번호 145, 이메일: yuhak@so.mofa.go.jp)
※문의사항은 물리학과 이메일로 연락주시기 바랍니다.
(물리학과 이메일 : physics@ssu.ac.kr)
국립국제교육원장"
physics,2021학년도 교직과정 이수 신청 안내,N/A,2021-05-07,https://physics.ssu.ac.kr/%ea%b2%8c%ec%8b%9c%ed%8c%90/%ea%b3%b5%ec%a7%80%ec%82%ac%ed%95%ad/?term_id&slug=3227,"2021학년도 교직과정 이수 신청과 관련하여 해당 학과의 학생들이 지원 할 수 있습니다.
1. 신청기간: 2021.5.1.(토) 10:00 ~ 12.10.(금) 17:00
2. 신청대상 : 교직 설치학과(부) 소속 2학년(3학기 혹은 4학기) 재학생 및 휴학생
21-1학기 기준 학적
21-2학기 기준 학적
신청가능 여부
2학년 1학기(3학기) 재학
2학년 1학기(3학기) 재학
신청 가능
2학년 1학기(3학기) 이수 후 휴학
2학년 1학기(3학기) 이수 후 휴학
2학년 2학기(4학기) 재학
2학년 2학기(4학기) 재학
2학년 2학기(4학기) 이수 후 휴학
2학년 2학기(4학기) 이수 후 휴학
신청 불가
※ 4학기 이수 후 휴학 중인 학생은 불가능
3. 물리학과 선발 인원 : 4명
4. 신청 방법
가. 지원서 작성
※ ⌜u-Saint→학사관리→교직/평생교육→교직이수신청⌟ 메뉴에서 지원서 작성 및 신청
나. 교직 인·적성검사 응시 (미응시 및 70점 미만자는 선발 대상에서 제외)
※
http://ksurv.kr/?b=16449
접속(비밀번호: 7405)
※ 첨부 교직이수 신청 방법 참조 바람
5. 기타
가. 교직 이수자 선발기준 및 과정전반에 관한 사항은 첨부 교직과정 안내문 참고
나. 선발 결과 공고 예정일: 2022년 2월 중(추후 홈페이지 공지)
다. 문의: 해당 학과(부)사무실 또는 교직팀(828-7404, 7405)
6. 홈페이지 바로가기:
교직과정 이수 신청 안내"
physics,대학혁신지원사업 공식 홍보영상 공모전 개최 안내,N/A,2021-04-26,https://physics.ssu.ac.kr/%ea%b2%8c%ec%8b%9c%ed%8c%90/%ea%b3%b5%ec%a7%80%ec%82%ac%ed%95%ad/?term_id&slug=3219,"대학혁신지원사업 총괄협의회에서는 ‘대학혁신지원사업’의 홍보영상을 직접 기획하고 제작하는 장을 마련하고자 『대학혁신지원사업 공식 홍보영상 공모전』을 개최합니다. 대학혁신지원사업 회원교 학생들의 많은 참여부탁드립니다.
< 대학혁신지원사업 공식 홍보영상 공모전>
나. 모집대상: 대학혁신지원사업 143개 회원교의 대학(원)생 및 교직원
다. 접수기간: 2021. 5. 3.(월) ~ 5. 28.(금) 18:00까지
라. 접수방법: 신청서와 영상파일 첨부하여 총괄협의회 이메일(
uispc@pusan.ac.kr
) 접수"
physics,2021학년도 여름계절제 국내대학 학점교류 시행 안내,N/A,2021-04-26,https://physics.ssu.ac.kr/%ea%b2%8c%ec%8b%9c%ed%8c%90/%ea%b3%b5%ec%a7%80%ec%82%ac%ed%95%ad/?term_id&slug=3213,"2021학년도 여름계절제 국내대학 학점교류를 실시하니 참여를 희망하는 학생들이 기한 내 신청하시길 바랍니다.
1. 지원자격
가. 2021-1학기 기준 3~7학기 재학 예정인 자
나. 직전학기까지 학업성적이 총 평점평균 3.0 이상(학적부 성적 기준)인 자
다. 학칙에 따른 징계 사실이 없는 자
2. 신청학점: 계절제 수강가능 신청학점(6학점) 이내
3. 국내대학 학점교류 진행 방식
기타 세부사항은 홈페이지 공지(붙임3) 참고. 홈페이지 공지는 대학별 실시계획이 확정되는대로 계속 업데이트 될 예정
4. 협조요청 사항
가.
학생 제출서류
(학과로 제출)
1) 국내대학 학점교류 참가지원서 1부(붙임1 참고)
2) 성적증명서 1부"
physics,2021학년도 이공계 국가우수장학금 신규장학생 선발 홍보,N/A,2021-04-12,https://physics.ssu.ac.kr/%ea%b2%8c%ec%8b%9c%ed%8c%90/%ea%b3%b5%ec%a7%80%ec%82%ac%ed%95%ad/?term_id&slug=3209,"(자세한 사항은 학교 홈페이지 공지사항을 확인하여 주시기 바랍니다.)
가. 장학금명: 이공계 국가우수장학금
나. 지원대상: 이공계 학과(자연과학대학, 공과대학, IT대학, 융합특성화자유전공학부)
다. 유형별 장학금액 및 선발인원
선발유형
대상
장학금액
선발인원
성적우수
2021학년도 신입생
4년 등록금 전액
(정규 등록학기 내)
9명 + 후보자 3명
재학중우수
3학년 1학기 재학생
2년 등록금 전액
(정규 등록학기 내)
14명 + 후보자 4명
라. 신청기간(서류제출)
1) 성적우수(4년 지원) 유형: 2021.4.5(월) ~ 4.12(월) 17시
2) 재학중우수(2년 지원) 유형: 2021.4.5(월) ~ 4.14(수) 17시
마. 선발방법: 공개모집
※ 서류평가(1차) 및 개별 면접(2차)을 통해 추천여부 결정.  끝."
physics,2021-1학기 교수학습혁신센터 학습역량 강화 프로그램 학생 참여 안내,N/A,2021-03-22,https://physics.ssu.ac.kr/%ea%b2%8c%ec%8b%9c%ed%8c%90/%ea%b3%b5%ec%a7%80%ec%82%ac%ed%95%ad/?term_id&slug=3178,"번호
프로그램명
개요
대상
모집 기간
상세안내 및 신청
1
CoRE튜터링
튜티(Tutee)
전공 교과목 학습역량, 비교과과(어학, 진로·취업 자격증, 공모전 등) 학습역량을 갖춘 1인의 튜터(Tutor)가 해당 학습에 도움이 필요한 3~7인의 튜티(Tutee)와 함께 주 1회 이상 정기적으로 온라인(ZOOM) 협동학습
학부
재학생
~3.28.(일)
https://fun.ssu.ac.kr/ko/program/all/view/1806
2
학습동행
멘티(Mentee)
이전학기 학사경고자(평점평균 1.5미만), 학사경고 위험군 학생(평점평균 1.5이상 2.0미만)이 학습동기 제고, 학교생활 적응, 학습능력 향상 등을 목표로 멘토 학생, 전문 학습코치, 지도교수, 교수학습혁신센터와 한 학기 동행
학부
재학생
~3.21.(수)
https://fun.ssu.ac.kr/ko/program/all/view/1808
3
외국인학부생튜터링
튜터(Tutor)
전공 교과목 학습 역량 또는 한국어 글쓰기 지도 능력을 갖춘 1인의 튜터(Tutor)가 해당 학습에 도움이 필요한 4~7인의 외국인 학부생 튜티(Tutee)와 팀을 이루어 주 1~2회 이상 정기적으로 협동학습
학부
재학생
~3.28.(일)
https://fun.ssu.ac.kr/ko/program/all/view/1817
4
또래 학습코치
양성
학습, 정서에 어려움을 겪는 또래 학생 곁에서 공감과 격려를 바탕으로 든든한 지지자가 되어줄 또래 학습코치, 또래 학생이 학습, 학업, 대학생활을 잘 할 수 있도록 도와줄 또래 학습코치를 전문가 교육, 실습 등을 통해 양성
학부
재학생
~3.29.(월)
https://fun.ssu.ac.kr/ko/program/all/view/1818
5
또래 학습코칭
(또래 코치에게 코칭 받기)
우리학교 최고의 또래 코치와 참여학생이 학습, 정서 공감, 대학생활을 함께하는 프로그램. 참여학생과 또래 학습코치는 주 1회 이상 정기적으로 코칭(온라인 ZOOM 또는 오프라인 만남)을 실시
학부
재학생
~3.31.(수)
https://fun.ssu.ac.kr/ko/program/all/view/1819
6
1:1 학습코칭
객원 전문 학습코치와 참여학생이 1:1로 만나 학습진로종합검사, 학습전략검사 결과를 바탕으로 학습전략 수립 및 실천(학생 개별 맞춤형 코칭)
학부
재학생
학기 중
상시
한국인
https://citl.ssu.ac.kr/ko/community/notice/view/2246
중국인
https://citl.ssu.ac.kr/ko/community/notice/view/2247
7
INNO-
SCHOOL
프로젝트
참여학생 간 팀을 이루어 전공 교과 지식을 연계, 융합하여 지역사회 문제를 창의적으로 해결하는 프로그램
학부
재학생
~3.28.(일)
https://fun.ssu.ac.kr/ko/program/all/view/1811
8
학습법
워크숍
1차
“로망의 대학생활, 벚꽃 스타트” (새내기 학습동기 강화 특강)
학부
재학생
학기 중
상시
https://fun.ssu.ac.kr/ko/program/all/view/1820
2차
“비대면 상황에서의 효과적인 자기주도 학습전략” (목표/시간관리법 특강)
학부
재학생
학기 중
상시
https://fun.ssu.ac.kr/ko/program/all/view/1822"
physics,삼성전자 반도체연구소 3급 공채 채용 홍보,N/A,2021-03-16,https://physics.ssu.ac.kr/%ea%b2%8c%ec%8b%9c%ed%8c%90/%ea%b3%b5%ec%a7%80%ec%82%ac%ed%95%ad/?term_id&slug=3171,"□ 반도체연구소에 대해 더 알고 싶다면?!
<온라인 직무상담(폰서트)>
– 사전신청기간: 3/12(금) ~ 3/18(목)
– 직무상담기간 : 3/16(화) ~ 3/22 (월)
※ 로그인/가입링크 :
https://www.careertalk.kr/User/Login
– 링크 접속 후, 로그인 or 회원가입 진행
※ 폰서트 참여링크 :
https://www.careertalk.kr/School/Detail/214
– 참여링크 접속 후, 관심직무(반도체공정설계/설비기술) 선택해 접수
<사업부/직무 소개 영상>
– 반연 입사 꿀Tip(2021 ver.) :
https://youtu.be/sxkhM2-ovaA
– 반연 채용설명회(2020 ver.) :
https://youtu.be/oTS2aotBUb4
– 반연 공정설계 Vlog :
https://youtu.be/jkMkRLInUGo
<지원서 접수>
– 접수링크:
https://www.samsungcareers.com/
– 접수기간 : 3.15 ~ 3.22 17시
<직무소개서(JD) 다운>
–
http://www.samsungcareers.com/bbsfiles/samsung/2021S110946/2021_fresh_DS.zip"
physics,2021학년도 3월 중앙도서관 학술DB 이용 교육 안내,N/A,2021-03-09,https://physics.ssu.ac.kr/%ea%b2%8c%ec%8b%9c%ed%8c%90/%ea%b3%b5%ec%a7%80%ec%82%ac%ed%95%ad/?term_id&slug=3159,"1. 신청방법 : 홈페이지 신청
https://oasis.ssu.ac.kr/#/education/calendar/
2. 강의방법 : 실시간 온라인 강좌
3. 강의내용 및 일시
구분
내용
일시
SciFinder-n
미국화학회(CAS)에서 구축한 화학분야 전문 데이터베이스로 화학분야 포함 전 분야 문헌정보, 특허, 반응식 등의 정보 제공
2021학년도 신규구독 DB
03.23.(화)
14:00
Turnitin
표절방지를 위한 유사도 분석, 영문법 교정, 과제물 관리 도구
대학원 학위논문 제출시 필수
검증
(유사도) DB
교수(관리자)/학생 교육을 별도로 나눠서 진행
03.25.(금)
14:00
교수/관리자
15:00
학생
EndNote
논문작성시 필수적인 참고문헌 관리도구
EndNote를 활용한 자료수집(반입)관리 / 참고문헌인용 및 스타일 변환
03.30.(화)
14:00"
physics,[현대제철] 2021 상반기 현대제철 연구장학생 선발의 건,N/A,2021-03-08,https://physics.ssu.ac.kr/%ea%b2%8c%ec%8b%9c%ed%8c%90/%ea%b3%b5%ec%a7%80%ec%82%ac%ed%95%ad/?term_id&slug=3156,"□
지원방법
▪
www.hyundai-scholar.com
온라인 지원
※
홈페이지 상단의 지원하기
Tab
지원서 작성 클릭
※
서류합격자에 한하여 현대엔지비 주관 장학제도 중복 지원 불가
[마이크로 페이지]
http://hmg-scholar.com
[현대엔지비 유튜브채널]
https://youtu.be/MgZONBpUdZc"
physics,김창배 교수님 소장도서 무료나눔,N/A,2021-02-16,https://physics.ssu.ac.kr/%ea%b2%8c%ec%8b%9c%ed%8c%90/%ea%b3%b5%ec%a7%80%ec%82%ac%ed%95%ad/?term_id&slug=3121,"물리학과 도서실(학과 사무실 앞 공간) 출입문 쪽 책상 위에 김창배교수님이 소장하던 책들을 진열해두었으니, 필요한 책이 있으면 가져가시기 바랍니다.
남은 책들은 다음 사람들이 잘 살펴볼 수 있도록 정리해 두기 바랍니다."
physics,2021학년도 1학기 대학원 종합시험 실시 안내,N/A,2021-01-25,https://physics.ssu.ac.kr/%ea%b2%8c%ec%8b%9c%ed%8c%90/%ea%b3%b5%ec%a7%80%ec%82%ac%ed%95%ad/?term_id&slug=3107,"1. 신청기간: 2021.02.02.(화) 10:00 ~ 2020.02.04(목) 23:59까지
※ 신청기간 이후 추가신청 불가
2. 신청방법: u-SAINT 로그인 → 성적/졸업 → 외국어 및 종합시험 신청
※ 시험과목은 “전공종합” 선택
3. 응시자격
가. 석사과정: 18학점 이상 취득하고 3학기 이상 등록을 필한 재학생 및 수료생
나. 박사과정: 27학점 이상 취득하고 3학기 이상 등록을 필한 재학생 및 수료생
다. 학·석사 연계과정: 18학점 이상 취득하고 2학기 이상 등록을 필한 재학생 및 수료생
라. 석·박사 통합과정: 45학점 이상 취득하고 6학기 이상 등록을 필한 재학생 및 수료생
4. 시험일시: 2021.03.06.(토) 09:30~
5. 실시방법: 각 학과 주관 시행
6. 응시료 납부
가. 납부기간: 2021.02.15.(월)~2021.02.16.(화) 09:00~16:00
※ 납부기간 이후 추가납부 불가
나. 응시료: 석사과정 20,000원 / 박사과정 및 석·박사통합과정 30,000원
다. 납부방법: u-SAINT에서 고지서 출력 후 개인별 가상계좌 입금
※ u-SAINT 로그인 → 등록/장학 → 기타납부금 고지서 출력
※ 기타납부금 고지서는 납부 당일 확인 가능
7. 종합시험 학과별 실시 결과보고서 제출:  2021.03.10.(수)까지
8. 합격자발표:  2021.03.17.(수) 예정
9. 유의사항
가. 종합시험은 대학원 과정 학위 취득을 위한 자격시험으로, 종합시험 합격자에 한해 학위
논문제출이 가능함.
나. 휴학생은 지원 불가하며, 시험에 응시하였으나 결과발표 전에 휴학한 경우 평가대상에서
제외되며 응시료 반환 불가함.
다. 석·박사통합과정생의 경우 석사과정 중 합격한 자격시험은 인정하지 않음.
라. 시험 신청 후 응시료를 납부하지 않은 경우 시험 신청이 자동 취소됨.
마. 응시료 납부기간 이후 환불신청 불가함.
바. 외국인유학생의 경우 종합시험과 별개로 논문공개발표 전 아래 중 한 가지를 완료해야 함.
① 유효한 TOPIK 4급 이상 성적증명서 제출
② 연구실적을 근거로 주임교수 명의의 TOPIK 면제 추천
. 끝."
physics,[교직] 교직과정 이수예정자 선발,N/A,2021-01-22,https://physics.ssu.ac.kr/%ea%b2%8c%ec%8b%9c%ed%8c%90/%ea%b3%b5%ec%a7%80%ec%82%ac%ed%95%ad/?term_id&slug=3105,"교직과정 이수예정자 선발 완료하였습니다.
[물리학과 교직과정]
201905** 김선홍
201930** 장서영
축하합니다."
physics,2021-1학기 학과근로장학생 선발 안내,N/A,2021-01-18,https://physics.ssu.ac.kr/%ea%b2%8c%ec%8b%9c%ed%8c%90/%ea%b3%b5%ec%a7%80%ec%82%ac%ed%95%ad/?term_id&slug=3101,"1. 근로장학생 자격 및 선발기준
가. 2021학년도 1학기 국가장학금을
1차
신청하고 소득분위가 8분위 이내인 자
※ 국가장학금을 신청할 수 없는 대한민국 국적 미소지자도 선발 가능
(단, 순수외국인전형으로 입학한 외국인 유학생은 선발 불가)
나. 2021학년도 1학기 재학 및 복학예정자로 해당학기 등록금 납부 예정인 자
1) 2021학년도 1학기 전 등록휴학 후 복학시 선발 불가(등록대체자)
2) 학기 중 미등록, 입학취소, 복학취소 등으로 인한 학적변동시 모든 장학금 취소
3) 2021학년도 1학기 기준 이수학기가 2~7학기만 가능(1학기 및 8학기 신청 불가)
다. 직전학기 취득학점 및 학업성적 제한 없음
라. 타 장학금과 중복수혜 가능(근로장학금 간 중복 불가)
※ 본 장학금은 학업장려비 지원 목적으로 등록금(입학금 및 수업료)를 초과하여 지급
마. 학과별 배정인원 내에서 학과근로A 또는 B 타입 학과 자율선발 가능
(예: 학과근로B 2명 = 학과근로A 1명)
바. 국가근로장학생 및 교내근로장학생에 선발되지 않은 자
2. 학과(부)별 근로장학생 인원 배정:
8명
3. 유의사항
가. 선발된 학생은 소속부서에서 지정된 근로시간 동안 근무해야 하며, 학기 중 학적변동
(휴학, 자퇴, 제적 등) 등 불가피한 사유가 인정되는 중도 포기 시 근로한 시간만 장학금 지급
나. 2021년 7월 말 근로평가 전까지 교체 가능 (단, 교체 전 학생의 근로시간을 차감)
※ 근로 중도교체 및 중단 시 장학팀으로 연락 요망
다. 교체 전·후 학생 모두 근로평가 실시
4. 근로시간 및 장학금액
장학금명
시간당 장학금액
총 근로시간(학기)
1인당 장학금액(원)
학과근로A
8,750원
10시간*20주=200시간
1,750,000
학과근로B
8,750원
5시간*20주=100시간
875,000
5. 행정사항
가. 학생신청방법: u-SAINT포털→등록/장학→근로장학금 신청→지원서 출력/제출
나. 온라인신청 및 서류제출기간:
2021년 1월 18일(월) 10:00 ~ 1월 29일(금) 17:00
1) 제출서류: 지원서 (u-SAINT 출력본,
본인서명 필수
)
2) 제출장소: 교내근로(장학팀), 학과근로 (각 학과사무실)
다. 교내 및 학과근로장학생 최종선발 및 발표:
2021년 2월 9일(화) 예정"
physics,2021학년도 1학기 국내대학 학점교류 시행 안내,N/A,2021-01-14,https://physics.ssu.ac.kr/%ea%b2%8c%ec%8b%9c%ed%8c%90/%ea%b3%b5%ec%a7%80%ec%82%ac%ed%95%ad/?term_id&slug=3099,"1. 지원자격
가. 2021-1학기 기준 3~7학기 재학 예정인 자
나. 직전학기까지 학업성적이 총 평점평균 3.0 이상(학적부 성적 기준)인 자
다. 학칙에 따른 징계 사실이 없는 자
2. 신청학점: 정규학기 수강가능 신청학점(19학점) 이내
3. 국내대학 학점교류 진행 방식
4. 신청페이지: 학교 홈페이지(
https://bit.ly/3smhwRx
)
5. 학과 제출 서류: ‘학생 제출서류(참가지원서)’"
physics,숭실대학교 물리학과 학부 연구생 모집(~1/31),N/A,2021-01-13,https://physics.ssu.ac.kr/%ea%b2%8c%ec%8b%9c%ed%8c%90/%ea%b3%b5%ec%a7%80%ec%82%ac%ed%95%ad/?term_id&slug=3090,"물리학과 재학생들에게 안내 드립니다.
1. 3,4 학년 재학생들은 각 연구실에 학부 연구생을 신청할 수 있습니다. (
연구실 소개
는 학과 홈피 참고)
2. 연구실의 교수님이 졸업논문 지도 교수 역할을 해주는 것으로 됩니다.
3. 연구실의 연구 진행 및 개별 연구를 진행 할 수 있으며, 연구실에 따라 소정의 연구비를 지급할 수 있습니다.
4. 연구실의 교수님이 진로지도 교수님으로 변경됩니다.
5. 3,4 학년 이 우선 순위이며 연구실의 사정에 따라 2 학년도 가능합니다.
6. 본교 대학원 진학시에 우대 할 수있습니다.
7. 신청 날짜는
1 월 31일 까지
이며, 연구실에 따라 인원이 조정 될 수 있습니다.
8. 신청을 하면 해당 교수님과 면담을 통해 승인여부를 결정합니다.
*신청방법: 학과 메일(
physics@ssu.ac.kr
)로 메일 발송
<신청서 form>
이름:
학번:
희망연구실:
(인원에 따라 조정 가능)"
physics,Industrial AI Concert (2021. 1. 22./Zoom Webinar) 개최 안내,N/A,2021-01-12,https://physics.ssu.ac.kr/%ea%b2%8c%ec%8b%9c%ed%8c%90/%ea%b3%b5%ec%a7%80%ec%82%ac%ed%95%ad/?term_id&slug=3083,
physics,2021학년도 1학기 백마성적우수장학생 자격 요건 안내,N/A,2021-01-12,https://physics.ssu.ac.kr/%ea%b2%8c%ec%8b%9c%ed%8c%90/%ea%b3%b5%ec%a7%80%ec%82%ac%ed%95%ad/?term_id&slug=3078,"1.장학금명 :백마성적우수장학금
2. 장학금액 : 최대 수업료의 100%, 50%, 25%
3. 학교 자격요건
가. 2021학년도 1학기 국가장학금을 신청하여 소득분위 조회가 가능한 자
1) 1차 신청자에 한하여 등록금고지서 사전감면
2) 1차 미신청자 : 2차 신청/서류제출/구제신청 확인 후 사후지급
※
2
차 신청자 중 한국장학재단 구제신청기간에 구제신청 시 사후지급
3)국가장학금을 신청할 수 없는 대한민국 국적 미소지자도 선발 가능
(단,순수외국인전형으로 입학한 외국인유학생은 선발 불가)
나. 2021학년도 1학기 재학 및 복학예정자로 해당학기 등록금 납부 예정인 자
1)　2021학년도 1학기 前등록휴학 후 복학시 선발대상에서 제외 (등록대체자)
2) 학기 중 미등록, 입학취소, 복학취소 등으로 인한 학적변동시 모든 장학금 취소
3) 선발 후, 학기 중 휴학 시 백마성적우수장학금은 복학학기로 이월
※
추가 또는 교체선발 시 재학 중인 학생만 선발
(
휴학생에 대한 추가
/
교체 불가
)
다. 직전학기 15학점 이상 이수한 자 (졸업직전학기는 직전학기 12학점 이상)
라. 등록학기가 8학기 이내인 자(건축학과 건축학전공 : 등록 10학기 이내인 자)
마. F학점 포함 학적부성적 기준 직전학기 3.5 이상인 자
바. 모든 교내장학금간 중복수혜 불가
1)신청장학금 중 수혜금액이 큰 장학금 자동선발
2)중복수혜 가능 장학금 :국가장학금,교외장학금,학업장려비 지원 목적 장학금 등
4.학과 자격요건
가. 직전 학기 물리학과의 전공필수, 전공선택을 합하여 8학점 이상 이수해야 함
나. 1학년의 경우, 1학기에 전공기초 9학점과 <기초물리응용1>을 이수해야 함
2학기에 전공기초 9학점과 <기초물리응용2>를 이수해야 함
**
학교 및 학과 자격요건을 모두 충족해야 수혜 가능"
physics,2021학년도 융합전공 소개(1/6(수) 11시),N/A,2021-01-06,https://physics.ssu.ac.kr/%ea%b2%8c%ec%8b%9c%ed%8c%90/%ea%b3%b5%ec%a7%80%ec%82%ac%ed%95%ad/?term_id&slug=3043,"<2021년도 융합전공 소개>
대상:20학번 물리학과 학생
일시: 2021.01.06(수) 11:00-12:00
강의자: 이윤상 교수님
방식: zoom (시작 30분 전 url 전송 예정)
URL:
https://us02web.zoom.us/j/84508716751?pwd=emFjUlVsMW83SHpVL28rdThGekNaZz09
많은 참석과 활발한 질문 기대하겠습니다."
physics,유튜브  콘텐츠 안내,N/A,2020-12-18,https://physics.ssu.ac.kr/%ea%b2%8c%ec%8b%9c%ed%8c%90/%ea%b3%b5%ec%a7%80%ec%82%ac%ed%95%ad/?term_id&slug=3037,"’• 콘텐츠 탑재 채널 : 유튜브 <숭실대학교TV> (
http://www.youtube.com/숭실대학교TV
)
’• 콘텐츠 목록
구분
내용
편수
행정부서 활용편
경력개발센터, 교수학습혁신센터 등
10편
숭모닝 시리즈
학업, 대학생활, 수강신청 등
5편
올 어바웃 숭실
숭실대 어플, 개강, 새내기 Q&A, 시설, 식당 등
8편
방학생활
활동, 학업 등
3편
골라보SSU
새내기&고인물, 조교&재학생, 교수님&학생 등
6편
SSU:M
졸업사정, 전공루트, 학생서비스, 현장실습 등
6편
베어드가의 셜록
채플과 생협, 숭입부터 웨민까지, 베스트 아메리카노
3편
공모전
학과, 동아리 소개
14편"
physics,2020 교육수요자만족도 조사 참여,N/A,2020-12-10,https://physics.ssu.ac.kr/%ea%b2%8c%ec%8b%9c%ed%8c%90/%ea%b3%b5%ec%a7%80%ec%82%ac%ed%95%ad/?term_id&slug=3023,"순번
대상(언어)
URL
1
내국인 대학원생(국문)
http://gcawi.gallup.co.kr/survey/surveyinibyauto_V2.asp?rsid=2571350076&uid=@@id
2
외국인 대학원생(국문)
http://gcawi.gallup.co.kr/survey/surveyinibyauto_V2.asp?rsid=2596116006&uid=@@id
3
외국인 대학원생(영문)
http://gcawi.gallup.co.kr/survey/surveyinibyauto_V2.asp?rsid=2526097391&uid=@@id
4
외국인 대학원생(중문)
http://gcawi.gallup.co.kr/survey/surveyinibyauto_V2.asp?rsid=2566115091&uid=@@id"
physics,학부생 대상 폭력예방교육 홍보,N/A,2020-12-04,https://physics.ssu.ac.kr/%ea%b2%8c%ec%8b%9c%ed%8c%90/%ea%b3%b5%ec%a7%80%ec%82%ac%ed%95%ad/?term_id&slug=3016,
physics,[삼성SDS] 2021년 동계 알고리즘 특강 안내,N/A,2020-12-01,https://physics.ssu.ac.kr/%ea%b2%8c%ec%8b%9c%ed%8c%90/%ea%b3%b5%ec%a7%80%ec%82%ac%ed%95%ad/?term_id&slug=3010,"안녕하세요! 삼성SDS입니다.
’21년 동계 알고리즘 특강으로 인사드립니다.
고퀄리티 알고리즘 강의에 목말라 계셨던 분!
알차고 의미있는 겨울방학을 보내고 싶으신 분!
단기간에 알고리즘 실력을 향상시킬 수 있는 기회이니 놓치지 마세요.
자세한 사항은 포스터를 통해 확인할 수 있습니다.
포스터 내 URL 및 QR코드를 통해 신청하시는 분들을 대상으로,
알고리즘 특강을 진행할 예정입니다.
※신청자가 많을 경우, 입과 인원이 제한될 수 있는 점 양해 부탁드립니다.
※ 대 상 : 알고리즘에 관심을 가지고 있는 모든 학생
※ 기 간 : ~ 2020.12.11 (금) 15:00
※ 접수 URL :
https://bit.ly/sds_2021_winter
(포스터 내 QR코드 참고)
문의사항은
sdsjobs@samsung.com
/ 02-6155-3111으로 언제든지 연락주세요!"
physics,2021학년도 1학기 재학생 및 복학예정자 대상 교내장학금 신청공고,N/A,2020-12-01,https://physics.ssu.ac.kr/%ea%b2%8c%ec%8b%9c%ed%8c%90/%ea%b3%b5%ec%a7%80%ec%82%ac%ed%95%ad/?term_id&slug=3003,"2021
학년도
1
학기 재학생 및 복학예정자 대상 교내장학금 신청공고
※
본교에서 지급되는 모든 교내장학금은 아래 국가장학금 신청기간 내 국가장학금을 신청하고 서류제출을 완료하여 소득분위가 조회된 학생을 대상으로만 수혜자를 선정합니다
.
따라서
,
교내장학금을 수혜하려는 모든 학생은 반드시 교내장학금과 국가장학금을 모두 신청하시기 바랍니다
.
–
국가장학금 신청결과 제공되는 학생의 소득분위정보를 장학생 선발에 활용
–
국가장학금은 반드시 매학기 신청
(
서류제출 및 가구원동의 포함
)
하여야 함
.
1.국가장학금 신청기간
:
2020
년
11
월
24
일
(
화
) ~ 12
월
29
일
(
화
) 18:00
까지
※ 한국장학재단 홈페이지(www.kosaf.go.kr) 공인인증 로그인 후 신청
※ ☆
중요
☆
재학생은 국가장학금
1
차 신청기간에만 신청 가능
2. 교내장학금 온라인 신청기간
가. 온라인신청 및 서류제출 기간
1)
정규신청
: 2020
년
12
월
1
일
(
화
) 10:00 ~ 12
월
29
일
(
화
) 17:00
까지
2) 추가신청 : 2021년 1월 11일(월) 10:00 ~ 1월 22일(금) 17:00까지
※ 주말(공휴일 포함) 24시간 온라인 신청 가능 (단, 마감일 제외)
※ 추가신청자는 반드시 국가장학금 1차 신청기간에 국가장학금을 신청하여야 함.
※ u-SAINT 입력 후 장학금 신청내역을 조회하여 장학금 신청이 정상적으로 완료되었는지 꼭 확인.
나. 서류제출이 필요한 장학금의 경우, 교내장학금 온라인 신청기간 내 반드시 제출
※ 방문 및 등기우편제출 가능 (FAX 불가)
※ 등기우편 제출 시 교내장학금 온라인 신청기간 내 장학팀 도착분만 인정
※ 단, 형제장학금의 경우, 등록기간 종료 시까지 서류제출 인정
다. 근로장학금(교내근로/학과근로) 신청 : 2021년 1월 초 공지 예정
3.신청대상
:
2021
학년도
1
학기 재학생 및 복학예정자
4.교내장학생 자격요건
가. 2021학년도 1학기 국가장학금을 신청하고 서류제출(가구원동의 포함)을 완료한 자
나. 2021학년도 1학기 재학생 및 복학(예정)자로 해당학기 등록금 납부 예정인 자
1) 2021학년도 1학기 前 등록휴학 후 복학생은 모든 장학금 선발에서 제외(등록대체)
2) 미등록, 입학취소, 복학취소, 휴학 등 학적변동시 모든 장학금 취소
다. 직전학기 15학점 이상 이수한 자 (2021년 1학기가 4학년 8학기인 자는 12학점 이상)
※ 건축학과 건축학전공 : 10학기는 직전학기 12학점 이상 이수(1∼9학기는 15학점 이상)
라. 등록 8학기 이내인 자(건축학과 건축학전공 : 등록 10학기 이내인 자)
예1) 학기취소 1회 후 8학기 진학예정인 경우 : 9회 등록금 납부이므로 선발 불가
예2) 학점 미 이수로 9학기 진학예정인 경우 : 9회 등록금 납부이므로 선발 불가
5.교내장학생 공통사항
가
.
☆
중요
☆
모든 장학금은 등록금 내에서 다음 순서에 따라 우선 지급합니다
.
①
교외
(
외부
)
장학금
②
국가장학금
③
교내장학금
나. 성적 및 취득학점 산정방법
1) 평점평균(GPA) / 산술평균(100점만점) : F학점이 포함된 학적부성적 기준 산정
2) 취득학점 산정시 F학점은 0학점 취득으로 인정되어 취득학점 산정에서 제외
다. 온라인으로 반드시 신청해야 하며, 제출서류가 있는 장학금에 한하여 서류제출
※ 제출기간 내 미제출시 장학생 선발대상에서 제외
라. 모든 교내장학금은 중복수혜 불가
1) 장학금 간 중복신청 가능 (신청 장학금 중 수혜금액이 큰 장학금으로 자동선발)
2) 중복수혜 가능 장학금 : 국가장학금, 교외(외부)장학금, 근로장학금(교내/학과근로), 봉사장학금
– 수업료 범위 내 중복수혜 가능(근로장학금, 봉사장학금은 수업료 초과하여 수혜 가능)
마. 한국장학재단 중복지원방지사업 안내
1) 학자금대출액과 등록금 지원 목적 장학금 합계가 수업료 초과 시 중복지원 해당
2) 한국장학재단 콜센터를 통한 개별 해소 필수(다음 학기 국가장학금, 학자금대출에 영향)
6. 교내장학금별 선발자격 및 제출서류
:
장학금 선발자격 및 제출서류 안내
(
첨부문서 참조
)
7. 장학생 선발결과 발표 및 지급방식
가. 2021년 2월 중순 발표 예정 (u-Saint  등록/장학 및 등록금고지서 감면여부 확인가능)
나.
장학금신청시 계좌입력
:
우리은행 본인명의 개인계좌 입력 필수
다. 등록금 분할납부 신청 시, 등록금고지서에 감면된 장학금을 제외한 학생계좌지급 장학금은 분할납부 최종등록 완료 확인 후 지급"
physics,숭실 6대 핵심역량 진단 안내,N/A,2020-11-30,https://physics.ssu.ac.kr/%ea%b2%8c%ec%8b%9c%ed%8c%90/%ea%b3%b5%ec%a7%80%ec%82%ac%ed%95%ad/?term_id&slug=2999,
physics,「2020 서울 빅데이터 (국제)포럼」행사 참여 안내,N/A,2020-11-30,https://physics.ssu.ac.kr/%ea%b2%8c%ec%8b%9c%ed%8c%90/%ea%b3%b5%ec%a7%80%ec%82%ac%ed%95%ad/?term_id&slug=2990,"< 2020 서울 빅데이터 (국제)포럼 >
〇
일    시
:‘20.12.3(목) ~ 4(금) 9:30~18:00 온라인 생중계
〇
주    관
: 서울기술연구원(총괄주관), 서울디지털재단, 서울시립대, 서울연구원
〇
주제/언어
: 도시 위기 시대, 빅데이터의 힘과 공공의 역할 / 영어 (한-영 동시통역 제공)
〇
등록안내
: https://event-us.kr/bigdata190603/event/25700 접속 후 참가신청
〇
유튜브채널
: 2020서울빅데이터포럼
한글공식
, Seoul Big Data Forum 2020
영어공식
, 주관기관 유튜브채널
12월 3일 (목)
12월 4일 (금)
시  간
내  용
시간
내  용
09:30-10:00
개회식
– 개회사: 고인석 서울기술연구원장
– 인사말: 주관기관장 (영상)
– 축  사: 시장권한대행 (영상)
09:30-12:00
세션Ⅳ: 서울연구원
『도시 센서 네트워크:
평가와 실용적 고려』
10:00-12:00
세션Ⅰ: 기조 강연
『도시위기 시대에
빅데이터 기반의 도시혁신 전략』
12:00-13:00
점심 식사
12:00-13:00
서울 빅데이터거버넌스 MOU체결식
13:00-15:30
세션Ⅱ: 서울기술연구원
『전염병 대응을 위한 도시데이터과학』
13:00-15:30
세션Ⅴ: 서울시립대학교
『빅데이터를 통한 도시생활 혁신』
15:30-16:00
커피 브레이크
15:30-16:00
커피 브레이크
16:00-18:30
세션Ⅲ: 서울디지털재단
『AI와 빅데이터 기반의 도시혁신』
16:00-18:00
세션Ⅵ: 서울시 빅데이터 담당관
『도시위기 시대의 데이터 주도 혁신』
* 문의사항: 2020 빅데이터포럼 사무국, 02-6288-6361 / 2020seoulbigdataforum@gmail.com"
physics,2020년 학교통일교육 실태조사 실시,N/A,2020-11-27,https://physics.ssu.ac.kr/%ea%b2%8c%ec%8b%9c%ed%8c%90/%ea%b3%b5%ec%a7%80%ec%82%ac%ed%95%ad/?term_id&slug=2988,"‘2020년 학교통일교육 실태조사’를 아래와 같이 실시하오니, 조사가 원활히 진행될 수 있도록 학생들의 참여바랍니다.
• 시기: 11월 중
• 참여방법: 웹조사(
https://svy.web-survey.co.kr/?pid=S12131yuobyl&grpid=rdn
)
• 참여자 사례: 모바일 편의점 상품권(2,000원)
• 조사내용: 통일인식, 북한인식, 학교통일 관련 설문 20문항 내외"
physics,2021학년도 1학기 국가장학금 1차 신청 홍보,N/A,2020-11-25,https://physics.ssu.ac.kr/%ea%b2%8c%ec%8b%9c%ed%8c%90/%ea%b3%b5%ec%a7%80%ec%82%ac%ed%95%ad/?term_id&slug=2977,"가. 국가장학금 1차 신청기간 : 2020.11.24(화) ~ 2020.12.29(화) 18시
※ 공휴일, 일요일 포함 신청기간 내 24시간 신청 가능
※ 재학생이 1차 신청기간에 신청하지 않을 경우, ‘신청기간 미 준수’로 탈락됩니다.
(다만, 구제신청서를 작성할 경우 재학 중 2회에 한해 구제신청을 받을 수 있습니다.)
※ 1차 신청기간에 신청하지 않을 경우, 국가 및 교내장학금 학기말 지급 가능
나. 서류제출 및 가구원 동의기간 : 2020.11.24(화) ~ 2020.12.31(목) 18시
※ 서류제출 및 가구원 동의 대상자는 반드시 이를 이행해야 장학금 신청이 완료됩니다.
다. 신청대상 : 대한민국 국적 학부생, 입학예정자
※ 재학생/신입생/편입생/재입학생/복학생 및 휴학생 등 모든 학적 신청가능
※ 국가장학금 최대 수혜횟수 범위 내에서 지급가능
라. 신청방법 : 한국장학재단 홈페이지 온라인신청
※ 붙임파일의 신청 매뉴얼 참조
※ 한국장학재단 홈페이지 주소 :
www.kosaf.go.kr
마. 상세안내: 학교 홈페이지 ‘장학’ 공지사항 참고"
physics,2021학년도 전기 대학원 수시모집 모집요강 안내,N/A,2020-11-24,https://physics.ssu.ac.kr/%ea%b2%8c%ec%8b%9c%ed%8c%90/%ea%b3%b5%ec%a7%80%ec%82%ac%ed%95%ad/?term_id&slug=2971,"2021학년도 전기 대학원 수시모집 모집요강을 안내하니 대학원 진학에 관심있는 학생들은 많이 지원하시길 바랍니다.
1. 수시모집 일정
구분
일정
비고
원서접수 및 서류제출
2020.12.07.(월)~12.18.(금)
온라인접수 후 서류제출
모집전형
2021.01.04.(월)
각 학과 지정장소
합격자발표
2021.01.13.(수) 예정
대학원 홈페이지
합격자등록
2021.01.19.(화)~01.20.(수)
우리은행 전국지점
2. 자세한 내용 첨부파일(모집요강) 참고"
physics,[스웨덴 대사관] 노벨메모리얼 프로그램,N/A,2020-11-20,https://physics.ssu.ac.kr/%ea%b2%8c%ec%8b%9c%ed%8c%90/%ea%b3%b5%ec%a7%80%ec%82%ac%ed%95%ad/?term_id&slug=2965,
physics,2020학년도 대학생 핵심역량 진단(K-CESA) 학부(과) 학생 참여,N/A,2020-11-20,https://physics.ssu.ac.kr/%ea%b2%8c%ec%8b%9c%ed%8c%90/%ea%b3%b5%ec%a7%80%ec%82%ac%ed%95%ad/?term_id&slug=2953,
physics,2021학년도 1학기 학·석사연계과정 지원 및 선발 안내,N/A,2020-11-18,https://physics.ssu.ac.kr/%ea%b2%8c%ec%8b%9c%ed%8c%90/%ea%b3%b5%ec%a7%80%ec%82%ac%ed%95%ad/?term_id&slug=2943,"2021학년도 1학기 학·석사연계과정 지원 및 선발을 아래와 같이 진행하고자 하니 관심 있는 학사과정생들은 지원하시길 바랍니다.
‘학·석사연계과정’이란?
: 학사과정의 교육과정과 대학원 교육과정을 상호 연계하여 운영하는 과정으로 학사과정 3.5년 또는 4년(건축학부 건축학전공은 4.5년 또는 5년), 석사과정 1.5년에 학사학위 및 석사학위를 취득하는 과정
모집학과 : 학사과정과 석사과정에 동일(또는 유사) 학과가 있는 학과(계약학과 제외)
모집인원 : 석사과정 입학정원의 20% 내에서 모집
지원자격 : 다음 각 호 모두에 해당되는 자
가. 지원일 당시 학사과정 4학기 이상 6학기 이내 재학 중인 자(건축학부 건축학전공은 6학기 내지 8학기 재학 중인 자)
=> 5
학기 내지
7
학기 개시 전
(
건축학부 건축학전공은
7
학기 내지
9
학기 개시 전
)
인 학생만 지원 가능
(
학
·
석사연계과정 신청자는 조기졸업과 동시에 신청할 수 없음
)
나. 재수강 이전 과목, 학점 포기한 과목, F학점 과목 등을 포함한 전체 과목의 총평점평균이 3.0/4.5 이상인 자
다. 7학기 또는 8학기(건축학부 건축학전공은 9학기 또는 10학기)에 학사과정의 졸업요건을 충족할 수 있는 자
라. 지원하고자 하는 일반대학원 학과 주임교수와 지도교수의 추천을 받은 자
마. 지원하고자 하는 일반대학원의 동일(또는 유사)학과를 주전공 또는 복수전공하는 자
(부전공, 연계전공은 해당없음)
지원기간 :
2020
년
12
월
7
일
(
월
) ~ 2020
년
12
월
24
일
(
목
)
지원방법 : 제출서류를 구비하여 대학원 교학팀(웨스트민스터홀 658호)으로 방문 접수
제출서류 : 학·석사연계과정신청서(학업계획서, 추천서 포함)(양식 다운로드) 1부
합격자 발표 :
2021
년
1
월
29
일
(
금
)
예정
합격자 혜택
가. 학위취득기간 단축
나. 석사과정 입학금, 입학시험 면제
다. 학사과정 중 일반대학원 과목 수강신청 시 학기당 3학점 추가로 수강신청 가능
라. 학사과정 중 취득한(학사과정 졸업학점 초과 이수) 동일(또는 유사)학과의 일반대학원 과목 3학점~9학점까지 석사과정 학점으로 인정됨(신청 시)
자격상실
가. 일반대학원 입학 전에 학·석사연계과정을 중도 포기한 경우(포기신청서 제출)
나. 학사과정 8학기 이수 후 재수강 이전 과목, 학점포기한 과목, F학점 과목 등을 포함한 전체 과목의 총평점평균이 3.0/4.5 미만인 경우
다. 학사과정을 8학기에 모두 이수하지 못한 경우
라. 학사과정 중 졸업학점을 초과하여 일반대학원 과목을 3학점 이상 취득하지 못한 경우
마. 석사과정 첫 학기에 일반대학원 입학 등록을 하지 않은 경우
바. 석사과정을 3학기에 모두 이수하지 못한 경우
사. 석사과정 3학기 이수 후 총평점평균이 4.0/4.5 미만인 경우
유의사항
가. 학사과정 중 학·석사연계과정 중도포기 시 학사과정 정규 수업연한 적용
나. 석사과정 중 학·석사연계과정 중도포기 시 4학기 등록
다. 석사과정 첫 학기 휴학 및 자퇴 불가
라. 석사과정 전과 불가
마. 석사과정 첫 학기에 일반대학원 입학 등록을 하지 않은 경우 학사학위가 취소됨
문의처 : 대학원 교학팀(02-820-0258~9,
grad@ssu.ac.kr
)"
physics,[중앙도서관] 레포트작성을 위한 정보활용교육 & 퀴즈대회 안내,N/A,2020-11-11,https://physics.ssu.ac.kr/%ea%b2%8c%ec%8b%9c%ed%8c%90/%ea%b3%b5%ec%a7%80%ec%82%ac%ed%95%ad/?term_id&slug=2938,코로나19로 인해 진행되지 못한 2020학년도  ‘신입생 도서관 정보활용교육’과  ‘학부생 대상  도서관 활용교육’을 아래 프로그램들로 대체하고자 하니 학생들의 많은 참여를 요청드립니다.
physics,2020학년도 정기 학습역량진단(LCT-CMB) 참여 안내,N/A,2020-11-11,https://physics.ssu.ac.kr/%ea%b2%8c%ec%8b%9c%ed%8c%90/%ea%b3%b5%ec%a7%80%ec%82%ac%ed%95%ad/?term_id&slug=2935,"교수학습혁신센터에서 본교 학부생을 대상으로 2020학년도 정기 학습역량진단(LCT-CMB)을 실시합니다.
많은 참여부탁드립니다."
physics,2020-2학기 교수학습혁신센터 학습역량 강화 프로그램 안내,N/A,2020-11-10,https://physics.ssu.ac.kr/%ea%b2%8c%ec%8b%9c%ed%8c%90/%ea%b3%b5%ec%a7%80%ec%82%ac%ed%95%ad/?term_id&slug=2928,"교수학습혁신센터는 본교 학부생의 학습역량 강화를 목표로 2020-2학기 다음과 같이 비교과 프로그램을 운영합니다.
학생들의 많은 참여 부탁드립니다.
1. 모집 중 프로그램 목록(2020.11.10. 기준)
번호
프로그램명
개요
대상
모집기간
상세 안내 및 신청
1
학습법 워크숍
2차
현 자신의 동기 상태 점검과 자율성, 유능감, 인간관계 등을 통한 동기부여 방법 안내
학부 재학생
~12.20.
https://fun.ssu.ac.kr/ko/program/all/view/1628
2
학습법 워크숍
3차
맵핑노트, 트리다이어그램 등 효과적인 필기비법 및 다양한 노트 정리 활용법 안내
학부 재학생
~12.20.
https://fun.ssu.ac.kr/ko/program/all/view/1659
3
학습법 워크숍
4차
리포트 주제 설정을 위한 툴과 팁, 내용 구성방법 등 리포트 작성 노하우 안내
학부 재학생
~12.20.
https://fun.ssu.ac.kr/ko/program/all/view/1689
4
UCC/에세이
공모전
온라인 자기주도 학습 우수사례, 외부 공모전 수상 우수사례를 UCC 제작 또는 에세이로 작성하여 공모
학부 재학생
~11.30.
https://fun.ssu.ac.kr/ko/program/all/view/1658
2. 문의처: 교수학습혁신팀(02-828-7136)"
physics,[일반대학원] 2021학년도 전기 수시모집 일정 안내,N/A,2020-11-10,https://physics.ssu.ac.kr/%ea%b2%8c%ec%8b%9c%ed%8c%90/%ea%b3%b5%ec%a7%80%ec%82%ac%ed%95%ad/?term_id&slug=2919,"2021학년도 전기 일반대학원 석사 및 박사과정 수시모집 일정 안내드립니다.
– 원서접수: 2020.12.07.(월) ~ 2020.12.18.(금)
– 면접전형: 2021.01.04.(월)
– 합격발표: 2021.01.13.(수) 예정
– 등록기간: 2021.01.19.(화) ~ 2021.01.20.(수)"
physics,김창배교수님 논문 새물리에 하이라이트 논문 선정,N/A,2020-11-09,https://physics.ssu.ac.kr/%ea%b2%8c%ec%8b%9c%ed%8c%90/%ea%b3%b5%ec%a7%80%ec%82%ac%ed%95%ad/?term_id&slug=2915,"김창배교수님 논문이 물리학회지 “새물리” 에 Hilight 논문으로 선정되어 새물리 저널 표지에 등장하였습니다.
김창배 교수님을 비롯한 물리학과 교수님들의 노력에 감사합니다.
[
하이라이트 논문 1]
http://dx.doi.org/10.3938/NPSM.70.871
제목: Interactive Simulation of the Motions of a Linear Mass-Spring Chain with VPython (New Physics: Sae Mulli Vol.70 No.10 pp.871-879)
저자: Chang-Bae Kim*, Dong Ryeol Lee, Hee-Sang Kim, Jin-Seok Chung, Myung Ki Cheoun, Yunsang Lee, Jin-Min Kim, Taehoon Lee, Hangmo Yi, Se Young Park, Nammee Kim, Doris Yangsoo Kim, Hyunhee Choi
소속: Physics Department and Research Institute for Origin of Matter and Evolution of Galaxies, Soongsil University, Seoul 06978, Korea
초록: A computer program written in the VPython language on the Glow Script platform is developed with a view to aiding the study of vibrations and the waves. It simulates the forced motions of coupled oscillators of arbitrarily large number. Understanding the harmonic oscillations of physical systems underlies the core curriculum of college physics. It normally starts with the simple harmonic oscillation of a single oscillator and, afterwards, adds damping and external harmonic forcing. More than one coupled oscillators are, then, introduced and they give ways for understanding waves in continuous media as the number of oscillators becomes large. The reported product visualizes the motions of coupled oscillators and enhance the comprehension of such concepts as the normal modes of vibration and stationary waves."
physics,"2020학년도 2학기 졸업 논문 동영상 최우수, 우수 동영상 발표",N/A,2020-11-09,https://physics.ssu.ac.kr/%ea%b2%8c%ec%8b%9c%ed%8c%90/%ea%b3%b5%ec%a7%80%ec%82%ac%ed%95%ad/?term_id&slug=2906,"물리학과 졸업 동영상 제출자 중 최우수, 우수 발표드립니다.
최우수는 1명, 우수는 총 5명입니다.
<졸업 논문 동영상 최우수>
김호중(20161061)
<졸업 논문 동영상 우수>
정민재(20140647)
김준엽(20150980)
정한솔(20100532)
이은교(20120620)
이영진(20171351)
축하드립니다.
*10월 24일 시까지 제출한  동영상 기준입니다."
physics,삼성SDS 기술/개발자 콘퍼런스 Techtonic 2020에 초대합니다!,N/A,2020-11-03,https://physics.ssu.ac.kr/%ea%b2%8c%ec%8b%9c%ed%8c%90/%ea%b3%b5%ec%a7%80%ec%82%ac%ed%95%ad/?term_id&slug=2896,"미래를 바꿔 줄 새로운 기술,
Techtonic 2020에서 만나보세요!
Techonic 2020은 올해 3회째를 맞이하는 행사로,
올해는 특별히 전체 세션을 행사 홈페이지(
https://techtonic.samsungsds.com
)를 통해 11/12(목) 생중계로 진행될 예정입니다.
행사 Keynote로 AI분야 글로벌 석학이신 하버드 대학교 H.T. Kung 교수님께서 ‘COVID-19와 AI 기술의 미래’라는 주제로
강연을 해주시고, HT Kung 교수님과 연구소 AI 연구센터장 권영준 상무님께서 AI 주제로 간단한 대담을 진행할 예정입니다.
이어지는 Main Session은
ABCDS (AI, Blockchain, Cloud, Data Analytics, Security)
을 중심으로
Quantum Computing, SW Engineering, Open Source
등의 주제로 연구개발 중인 기술 소개
,
산학협업 연구내용
,
연구개발 노하우 및 다양한 산업에 적용된 사례 등을 공유할 예정입니다
.
사전 등록을 완료하신 후 행사 홈페이지
(
https://techtonic.samsungsds.com
)에서 생중게로 시청 가능하신데요,
얼리버드 이벤트, Lucky Draw 등 다양한 이벤트가 푸짐한 경품으로 준비 되어 있으니, 관심있는 분들의 많은 참여 바랍니다."
physics,국제교류장학금 개편 안내,N/A,2020-11-02,https://physics.ssu.ac.kr/%ea%b2%8c%ec%8b%9c%ed%8c%90/%ea%b3%b5%ec%a7%80%ec%82%ac%ed%95%ad/?term_id&slug=2891,"2021-2학기부터 국제교류장학금이 다음과 같이 개편될 예정이니 관심있는 학생들에게 안내 시 참고 부탁드립니다.
1. 국제교류장학금 개편 내용
가. 대상: 교환·방문학생, 복수(공동)학위생
나. 주요내용
1) 교환·방문학생 프로그램
□ 방문학생 장학금
구분
방문학생_일반 장학금
방문학생_우수 장학금
[신설]
교환학생_지역전문가양성 장학금
최소 수혜자격
･ 평점평균
3.0
이상
･ 평점평균
3.5
이상
･
공인 외국어 성적
1
등급
･ 평점평균
3.5
이상
･
공인 외국어 성적
1
등급
지급액
･ 본교 수업료의
50%
･ 파견교 수업료가 본교보다 적을 경우 파견교 수업료 이내
･ 본교 수업료의
90%
･ 파견교 수업료가 본교보다 적을 경우 파견교 수업료 이내
･ 1학기: 본교 수업료의
90%
･ 2학기: 본교 수업료의
50%
지급기간
･ 1개 학기
･ 1개 학기
･ 2개 학기
※ 지역전문가양성 프로그램: 2개 학기 간 외국대학에 교환학생으로 파견, 해당국가의 역사·문화·경제 등 전반을 연구, 특정 국가 전문가로 성장할 기회 제공
□ SHP(Soongsil Honors Program) 장학금
구분
SHP_일반 장학금
SHP_우수 장학금
SHP_최우수 장학금
최소 수혜자격
․ 평점평균
3.5
이상
․ TOEFL iBT
90
점 이상
․ 평점평균
3.8
이상
․ TOEFL iBT
100
점 이상
․ 평점평균
4.0
이상
․ TOEFL iBT
110
점 이상
지급액
․ 본교 수업료 이내
․ 양교 수업료 합계액 (합계액이 $10,000 초과하면 $10,000) 이내
‧ 단, 수업료 없는 대학으로 파견 시 :
본교 수업료 + 100만원
․ 양교 수업료 합계액 (합계액이 $20,000 초과하면 $20,000) 이내
‧ 단, 수업료 없는 대학으로 파견 시 :
본교 수업료 + 200만원
지급기간
․ 1개 학기
․ 1개 학기
․ 1개 학기
2) 복수(공동)학위과정 장학금
구분
복수･공동학위과정_일반 장학금
복수･공동학위과정_우수 장학금
최소 수혜자격
･ 평점평균
3.0
이상
(B-)
･
공인 외국어 성적
1
등급
･ 평점평균
3.5
이상
(B+)
･
공인 외국어 성적
1
등급
지급액
･ 본교 수업료의
50%
･ 파견교 수업료가 본교보다 적을 경우 파견교 수업료 이내
･ 본교 수업료의
90%
･ 파견교 수업료가 본교보다 적을 경우 파견교 수업료 이내
지급기간
･ 4개 학기 이내
･ 4개 학기 이내
2. 개편시기:
2021-2
학기부터
3. 참고사항
가. 국제처 홈페이지: study.ssu.ac.kr
나. 본교 공인 외국어 성적 등급표:
https://bit.ly/2FXIvPR
.  끝."
physics,2020-겨울계절제 국내대학 학점교류 시행 및 신청 안내,N/A,2020-10-30,https://physics.ssu.ac.kr/%ea%b2%8c%ec%8b%9c%ed%8c%90/%ea%b3%b5%ec%a7%80%ec%82%ac%ed%95%ad/?term_id&slug=2882,"2020 겨울계절제 국내대학 학점교류를 시행하고자 하니 관심있는 학생은 신청바랍니다.
1. 지원자격
가. 2020-2학기 현재 3~7학기 재학 예정인 자
나. 직전학기까지 학업성적이 총 평점평균 3.0 이상(학적부 성적 기준)인 자
다. 학칙에 따른 징계 사실이 없는 자
2. 신청학점: 계절제 수강 가능학점(6학점 이내)
3. 협조요청 사항
가. 각 대학: 교류대학별 지원시한(학교 홈페이지 공지->클릭:
참고
)까지 신청
나. 학생 제출서류
1) 국내대학 학점교류 참가지원서 1부(붙임1 참고)
2) 성적증명서 1부
3) 학교별 신청 학생 명단 1부(홈페이지에 첨부된 대학별 안내문 파일 참고)
다. 학과 메일(
physics@ssu.ac.kr
)로 제출"
physics,2020학년도 폭력예방 UCC 공모전 안내,N/A,2020-10-29,https://physics.ssu.ac.kr/%ea%b2%8c%ec%8b%9c%ed%8c%90/%ea%b3%b5%ec%a7%80%ec%82%ac%ed%95%ad/?term_id&slug=2468,"1. 개요
가. 행사명: 2020년도 폭력예방 UCC 공모전
나. 대상
– 8학기 이내 학부 재학생 (휴학생 제외)
– 팀(2인1조) 혹은 개인 참여 가능
다. 영상주제: 성희롱·성폭력 예방 혹은  양성평등한 대학문화와 관련된 영상
라. 신청기간:2020년 10월 31일까지(펀시스템에서 해당 프로그램 신청)
마. 제출기간: 2020년 11월 2일~2020년 12월 31일
(*기간 내 참여 신청 후 영상 등록)
2. 제출방법
가. 규격: 40초이상~180초이하의 창작영상
나. 내용
– 해상도: 카드뉴스형 동영상 736*432 픽셀, 영상물 1,920*1,080 픽셀
– Youtube에 업로드 후 펀시스템 내 프로그램에 URL주소 기입
– 필수해시태그: #폭력예방 #숭실대학교상담센터 #성희롱성폭력예방 #대학혁신지원사업
– 기타 자세한 내용은 펀시스템 내 공지사항 참조
3. 시상
가. 최우수상(1팀) 50만원, 우수상(1팀) 30만원, 장려상(1팀) 20만원
나. 시상기준: 의미전달력, 주제이해도, 독창성, 완성도 및 활용도
다. 발표: 2021년 1월 중 펀시스템 게시
라. 문의: 양성평등팀 한지혜(내선번호 0843,
angelluv114@ssu.ac.kr
)"
physics,2020년 2학기 졸업예정자 졸업논문 공지사항,N/A,2020-10-20,https://physics.ssu.ac.kr/%ea%b2%8c%ec%8b%9c%ed%8c%90/%ea%b3%b5%ec%a7%80%ec%82%ac%ed%95%ad/?term_id&slug=2056,"2020-2 학기 졸업예정자의 경우 ‘졸업논문 발표’는 연구결과를 10 분 정도의 동영상 제작으로 대치할 예정입니다.
이후 지정된 사이트에서 발표 할 예정입니다.
<졸업 논문 동영상 관련 유의사항>
1. 제출방법: 10분 길이의 발표 동영상 파일을 학과 메일로 제출
－ 제출 이메일：
physics@ssu.ac.kr
2. 일정：
－ 10.24 까지 제출.
－ 10.26-10.30 발표 및 심사
– 미제출자 11월 7일(토)까지 제출
3. 동영상 발표 형식
– 형식의 제한 없음
(1) 본인 출연 + 슬라이드 포함 동영상
(2) PPT + 음성 녹음
– 단, (2)처럼 본인이 영상에 미출연 시, PPT 제목에 본인 사진 첨부 必
4. 평가
－ 교수 ５인 의견, 동영상 댓글의견, 동영상 댓글 답변 성실도, 좋아요 개수 등을 고려해 종합적 평가
5. 유의사항
– 용량 크기： 500Mb 이하
– 동영상 포멧: MP4
6. YouTube 채널 주소
https://www.youtube.com/watch?v=VH_6nn5mNTE&list=PLZHcC_MZxBapzNiT_JKeXKAbos14zFY2q
7. 기타
– 동영상 제작 여건이 어려운 학생은 물리학과 세미나실의 장비 사용 가능
=> 학과사무실 문의
<졸업논문제출>
1.제출방법:  학과 메일로 제출
－ 제출 이메일：
physics@ssu.ac.kr
2.제출일자: 11월 말까지
3. 제출 형식: 아래의 ‘그림’ 클릭 시,
졸업논문양식
다운 사이트로 이동
?
4. 논문 주제: 졸업 동영상의 주제와 동일 주제
* 마감 제출기한을 꼭 지켜주세요.
* 문의: 학과사무실(02-820-0420)"
physics,[공지] 2021학년도 전기 대학원 신편입생 모집일정 안내,N/A,2020-10-20,https://physics.ssu.ac.kr/%ea%b2%8c%ec%8b%9c%ed%8c%90/%ea%b3%b5%ec%a7%80%ec%82%ac%ed%95%ad/?term_id&slug=2052,"2021학년도 전기 일반대학원 물리학과 석사 및 박사과정 신·편입생 모집 일정 안내드립니다.
<2021학년도 전기 대학원 정시모집 안내>
1. 모집일정
– 원서접수: 2020.10.05(월) ~ 2020.10.16 (금)
– 입학전형: 2020.10.31(토)
– 합격자발표: 2020.11.26 (목) 예정
– 합격자등록: 2021.01.05 (화) ~ 2021.01.07 (목)
2. 기타사항: 붙임 모집요강 참조
<2021학년도 전기 대학원 수시모집 안내>
– 원서접수: 2020.12.07 (월) ~2020.12.18 (금)
– 입학전형: 2021.01.04 (월)
– 합격자발표: 2021.01.13 (수) 예정
– 합격자등록: 2021.01.19 (화) ~ 2021.01.20(수)
* 인터넷 접수 후 서류 제출"
physics,[공지] [2020-2학기]물리학과 실험 과목의 한시적 비대면 수업 시행에 대한 안내,N/A,2020-10-20,https://physics.ssu.ac.kr/%ea%b2%8c%ec%8b%9c%ed%8c%90/%ea%b3%b5%ec%a7%80%ec%82%ac%ed%95%ad/?term_id&slug=2050,"[물리학과 실험 과목의 한시적 비대면 수업 시행에 대한 안내]
물리학과에서는 애초 2020-2학기 실험 과목에 대해서 대면 수업을 진행하기로 하였었습니다.
하지만, 개강을 목전에 두고 코로나바이러스 확진자가 급격히 증가하고 있어서, 사회적 거리두기 3단계로의 격상까지도 거론되는 상황입니다.
이런 상황에서는 학생들의 조별 활동에 따르는 밀접 접촉이 불가피한 대면 실험 수업을 진행하기가 곤란합니다.
이에, 실험 교과목의 대면 수업은 안전하지 않다고 판단하여, 다음과 같이 수업 방식을 변경합니다.
—————–
1) 중간고사 이전까지, 1학기와 마찬가지로 실험 과목을 비대면 스마트캠퍼스 수업(비대면 원격 수업-보강)으로 전환합니다.
(온라인 수업 후 보고서 작성 진행 예정)
2) 비대면 수업으로 전환되는 실험 과목은 다음과 같습니다.
(i) [1학년 <물리2및 실험,(공통)물리1및실험,(공통)물리2및실험> 전체]
(ii) [물리학과 전공 실험 과목]
※ 담당 교수님의 별도 공지가 있을 예정입니다.
– 1학년 <기초물리응용2>
– 2학년 <전자회로실험>
– 3학년 <광학실험>
3) 수업 방식은 1학기 비대면 수업과 비슷한 형태이며, 자세한 내용은 스마트캠퍼스 해당 수업의 공지를 참고하세요.
4) 코로나바이러스 확산-진정 정도에 따른 수업 방식의 변경이 필요하면, 중간고사 이전에 다시 공지할 예정입니다.
—————–
학생들의 이해와 협조를 바랍니다.
문의할 사항이 있으면, 물리학과 physics@ssu.ac.kr, 02-820-0420 또는 수업 담당 교수님께 언제든지 연락하기 바랍니다."
physics,[공지] 2021학년도 숭실대학교 물리학과 대학원 입학 상담 안내,N/A,2020-10-20,https://physics.ssu.ac.kr/%ea%b2%8c%ec%8b%9c%ed%8c%90/%ea%b3%b5%ec%a7%80%ec%82%ac%ed%95%ad/?term_id&slug=2048,"<2021학년도 숭실대학교 물리학과 대학원 입학 상담 안내>
2학기가 시작하면 곧 대학원 입학전형이 시작됩니다. 대학원에 관심있는 학생들은 상담을 통해 대학원에 대해 알아보세요.
2021학년도 전기 모집: 9월말 – 10월초
2021학년도 후기 모집: 11월말 – 12월 초
숭실대 물리학과 대학원은 다음의 장점이 있습니다.
– 현장 물리학 연구를 통해 회사/연구소가 필요한 전문 물리학 지식 습득
– 성적장학금/교육조교장학금로 등록금 면제
– 본교생 진학시 입학금 지원
– 연구조교장학금/석사연구원으로 월 90 -100만원 생활비 지급
– 교수의 1대1 연구지도
– 각종 국내외 학술대회 참석 및 발표 기회 제공
– 대학생 실험교육 지도 경험
– 대학원 입학전 준대학원생 연구 가능: 인건비 (월 30-40만원) 및 연구실 공간(책상)과 연구용 PC 지급
이메일, 카톡/문자로 1차 상담 시간을 예약하기 바랍니다.
1차 상담후에 학생이 희망하는 분야를 전공하시는 교수님을 소개합니다.
1차 상담:
학과장 천명기 교수 cheoun@ssu.ac.kr, 02-820-0405
이동렬 교수 drlee@ssu.ac.kr, 02-820-0401
이윤상 교수 ylee@ssu.ac.kr, 02-820-0404"
physics,물리학과 내부 장학금 안내,N/A,2020-10-20,https://physics.ssu.ac.kr/%ea%b2%8c%ec%8b%9c%ed%8c%90/%ea%b3%b5%ec%a7%80%ec%82%ac%ed%95%ad/?term_id&slug=2043,"*내부 장학금 안내
본 학과에서는 학과 내규에 의거, 본교에 출연한 발전기금으로 내부 장학금을 수여하고 있습니다.
1. 우수논문 장학금
– 물리학과 학부과정생이 학진등재지 또는 SCI 저널에 ‘투고’할 시에 지급하는 장학금.
– 장학금액: 100,000원
– 지급시기: 논문 투고 증빙 자료 제출시 바로 지급
2.미래인재 장학금
-본 학과 대학원 석사과정에 입학하는 우수한 대학원생에게 지급하는 장학금.
-장학금액: 500,000원
-지급시기: 석사과정 1학기초
장학관련 안내사항은
숭실대학교 장학 소개 페이지
를 참고하세요."
physics,[공지] 물리학과 취득 가능 국가기술자격증 안내,N/A,2020-10-20,https://physics.ssu.ac.kr/%ea%b2%8c%ec%8b%9c%ed%8c%90/%ea%b3%b5%ec%a7%80%ec%82%ac%ed%95%ad/?term_id&slug=2038,"<물리학과 취득 가능한 국가기술자격증 안내>
취득할 수 있는 기사 자격증은 208종이며 공학계통에서 주로 취득하는 전기기사/일반기계기사/화공기사/가스기사 등 주요 자격증 취득 가능 학과로 실제 한국산업인력공단 자격증 관련 사이트인 Q-Net (
http://www.q-net.or.kr/myp011.do?id=myp01101&gSite=Q&gId=
)에서 회원가입 및 정보입력 후 응시자격 자가진단을 통해 해당 자격증을 취득할 수 있는지 확인 가능합니다.
학력조건은 기사자격증의 경우 최소 졸업예정이거나 2학년(4학기) 수료후 2년의 유사실무경력이 필요합니다. 산업기사의 경우는 2학년까지만 수료하여도 응시 및 취득이 가능합니다.
*국가기술자격의 종목별 관련학과 고시(2013년 개정)에 따른 물리학과 가능 주요 자격증 리스트 ⇒
링크
*Q-Net 응시자격 자가진단 예시"
physics,[공지] 컴퓨터 자격증 졸업요건 폐지 확정 시행 안내,N/A,2020-10-20,https://physics.ssu.ac.kr/%ea%b2%8c%ec%8b%9c%ed%8c%90/%ea%b3%b5%ec%a7%80%ec%82%ac%ed%95%ad/?term_id&slug=2036,"컴퓨터 자격증 졸업요건 폐지 확정 시행 안내
1. 기획공고 제2018-2호 및 2018.5월 예고된 공지사항 관련입니다.
2. 2014년 이후 입학자에게 적용되던
컴퓨터 자격증 졸업요건이 폐지됩니다.
3. 2018. 6월 이후부터는 컴퓨터 자격증 확인을 시행하지 않습니다.
4. 졸업사정표 업데이트는 2018.06.25.(월) 전후로 반영될 예정입니다.
5. 폐지 시행 사유
가. 폐지에 대한 의견은 교양 교과과정 담당부서인 베어드학부대학에서 2018. 4월말 발의되었고 시대흐름에 맞도록 ‘컴퓨팅적 사고’ 교필과목이 개설되었습니다.
나. 예고 공지에 설명한대로, 학칙 개정에 필요한 절차에 따라 교과과정위원회, 교무위원회, 대학평의원회의 심의를 통과하였습니다.
다. 논의 과정에서 입학년도 기준으로 폐지하기 보다는 입안 취지에 따라 최대한 신속히 폐지하자는 의견이 모아졌으며, 이에 2018.8월 졸업예정자부터 적용하기로 하였습니다.
라. 아울러 각 학과별로 제도 폐지에 대한 의견을 교과과정위원회 개최 전에 공문으로 의견을 수렴한 바 있습니다.
마. 학생만족도 제고 및 시대흐름에 맞는 교과과정 개편을 위해 학사팀은 지속적으로 노력하겠습니다.
6. 참고 : 2013 이전 입학자에 대한 교양필수 이수구분 변경신청은 유지됩니다.
7. 문의
가. 카카오톡 플러스친구 @ssugrad(숭실대 학사팀 졸업 전과 다전공)
나. 숭실대 학사팀 대표번호 : 02-820-0150"
physics,[공지] (2018.12.14 수정)보건 및 유고결석 안내,N/A,2020-10-20,https://physics.ssu.ac.kr/%ea%b2%8c%ec%8b%9c%ed%8c%90/%ea%b3%b5%ec%a7%80%ec%82%ac%ed%95%ad/?term_id&slug=2033,"**
학교홈페이지 안내글 바로가기"
physics,[공지] 학과 동아리 활동 신청 및 활동비 지원 안내,N/A,2020-10-20,https://physics.ssu.ac.kr/%ea%b2%8c%ec%8b%9c%ed%8c%90/%ea%b3%b5%ec%a7%80%ec%82%ac%ed%95%ad/?term_id&slug=2029,"2019~2020년: 별도 공지 있을때까지 활동비 지원 잠정 중단
첨부문서(상단 첨부파일)에서 다운 받아 작성하세요.
물리학과 학생들의 적극적인 참여를 바랍니다.
1.학과 동아리 활동
1) 신청 방법: 매학기초 학과사무실에 신청서 제출(지난학기에 제출했어도, 새학기 시작하면 새로 제출 필요)_서식첨부
2) 지원 내용: 1주일에 1회 다과비 지원(1인당 3000원씩)
3) 매회 활동보고서 제출_서식첨부
그 외 궁금한 점은 학과사무실로 문의하시기 바랍니다."
physics,[공지] 7+1 프로그램 안내,N/A,2020-10-20,https://physics.ssu.ac.kr/%ea%b2%8c%ec%8b%9c%ed%8c%90/%ea%b3%b5%ec%a7%80%ec%82%ac%ed%95%ad/?term_id&slug=2024,"2011학년도부터 우리 대학에서 운영 중인 7+1 프로그램에 대해 아래와 같이 안내를 드립니다.
1. 7+1 프로그램 정의
가. 7+1 프로그램은 2010년 학부교육 선진화 선도대학 지원 사업을 위하여 개발된 프로그램으로 학생들이 국내외의 체험을 통해 다양한 경험을 할 수 있게 함으로써 실무능력, 국제적 감각, 그리고 봉사마인드를 갖춘 숭실만의 탁월한 인재를 양성하기 위해 실시되는 숭실대학교의 특화된 제도임.
나. 7학기는 교내에서 학점을 이수하고, 1학기는 해외봉사, 현장실습, 해외연수 등 외부 활동을 통해 학점을 취득하는 프로그램으로 7+1 프로그램 교과목인 해외봉사, 현장실습(인턴), 해외연수 체험에 참여하여 12학점 이상을 이수한 학생은 7+1 프로그램 인증서를 부여함.
2. 7+1 프로그램 운영의 장점
가. 학교
1) 7+1 프로그램 교과목 운영을 통해 각종 국고 사업 유치
2) 숭실대학교 대외 평가 지표에 긍정적 기여로 대학 평판도 상승
3) 학생에게 폭넓은 분야의 다양한 교과목 제공
나. 학생
1) 불필요한 휴학으로 시간낭비 없이 학점 취득 가능
2) 별도의 경제적 비용 없이 검증된 기관에서 취업 전 다양한 경험 가능
3) 학생 고유의 포트폴리오를 구성함으로써 취업에 유리하게 활용 가능
3. 학점인정 관련사항
가. 일반선택 학점의 인정 : 7+1 프로그램 교과목은 일반선택에 대한 학점인정이 원칙으로, 학생이 7+1 프로그램 교과목의 영역에서 소정의 체험을 완료하였을 경우 일반선택 학점으로의 인정은 관련 규정 및 내규에 정한대로 학과(부) 간 예외없이 반드시 인정하여야 함.
나. 전공선택 학점의 인정 : 일반선택 학점 중 일부의 전공선택 학점으로의 인정 여부는 전공유사성을 판단하여 학과(부)장의 재량으로 그 인정 범위를 정하되, 최대 6학점 이내로 제한함."
physics,[공지] 현장실습 교과목 학점인정제,N/A,2020-10-20,https://physics.ssu.ac.kr/%ea%b2%8c%ec%8b%9c%ed%8c%90/%ea%b3%b5%ec%a7%80%ec%82%ac%ed%95%ad/?term_id&slug=2017,"현장실습
구분
내용
기간
인정학점
개설교과목명
비고
단기연수
국내
직장체험
4주 이상~ 8주 미만
3학점
직장체험 A, B 일반선택(각 3점)
경력개발센터 승인
해외
8주 이상 ~ 16주 미만
6학점
국내
글로벌인턴 Ⅰ
4주 이상~ 8주 미만
3학점
글로벌인턴 I-A, I-B
일반선택 (각 3점)
해외
8주 이상 ~ 16주 미만
6학점
장기연수
국내
산학협동
16주 이상 ~ 20주 미만 & 주 40시간 이상
최대 15학점 이내
(전공: 최대 6학점)
산학협동(학점수)
일반선택: 3,6,9,12,15,18
전공선택: 3,6
학과의 재량 검토 + 승인으로 인정학점 결정
20주 이상 & 주 40시간 이상
최대 18학점 이내
(전공: 최대 6학점)
해외
글로벌인턴Ⅱ
16주 이상 ~ 20주 미만 & 주 40시간 이상
최대 15학점 이내
(전공: 최대 6학점)
글로벌인턴Ⅱ (학점수)
일반선택: 3,6,9,12,15,18
전공선택: 3,6
20주 이상 & 주 40시간 이상
최대 18학점 이내
(전공: 최대 6학점)
전공심화교육
국내
전문가 양성
교육별 상이
최대 15학점 이내
(전공: 최대 6학점)
글로벌무역전문가(GTEP)는 별도 운영지침 준용
전공심화
전문가 양성교육(학점수)
일반선택: 3,6,9,12
전공선택: 3,6
⁕ 참고: 현장실습 교과목의 학점인정은 모두 합하여 최대  24학점으로 제한됨
– 현장실습 각 과정별 최대 학점 이상 학점인정 불가
– 해외장기봉사 프로그램 학점도 상기 학점인정 제한 범위에 포함
< 현장실습 교과목 공통 사항 >
‣ 국내인턴(직장체험, 산학협동)의 학점인정 대상 연수기업 요건은 고용보험 가입 직원 수 최소 5명 이상임
‣ 휴학 중 연수/교육에 대해서도 동일하게 학점 인정됨
‣ 학생 개인이 스스로 개척한 국내/해외, 단기/장기 인턴에 대해서도 학점인정 가능함
‣ 학점은 수강신청학기 정규학점(Pass/Fail)으로 산입되며, 총 이수학점 내에서 인정됨
‣ 부분 학점은 신청 가능하나, 잔여학점 인정의 재요청 혹은 학점의 학기 분할 인정은 불가함
‣ 서로 다른 연수기관에서의 연수기간 합산은 인정되지 않으며, 1개 기관에서의 연수기간만을 기준으로 함
‣ 수강신청은 연수/교육 종료 후 돌아오는 학기와 계절학기까지 가능함
‣ 계절학기는 단기과정(직장체험, 글로벌인턴 I)에 한하여 개설되며 신청학점에 따른 비용을 납부해야함
‣ 수강신청은 했으나 해당학기 연수를 완료하지 못했을 경우 해당 교과목은 Fail 될 수 있음
‣ 현장실습 교과목의 학점인정은 모두 합하여 최대 24학점까지로 제한되며,
이는 봉사지원센터에서 운영하는 7+1프로그램 해외장기봉사 파견프로그램에서 이수가능한 학점까지 모두 포함됨
‣ 학점인정을 위해 경력개발센터/학과로 제출한 연수확인서/수료증 등의 서류는 일체 반환되지 않으니,
서류접수 담당자로부터 원본대조필 받은 후 가급적 사본을 제출하길 권고함
‣ 해외교환학생 기간 중 인턴연수의 경우, 귀국 후 학점대체인정을 받거나 복학학기에 글로벌인턴 I 또는 II 로 수강신청하여 학점인정됨
‣ 현장실습 교과목만으로 해당학기 학점을 전부 이수할 경우(P/F), 성적이 발생하지 않기에 교내장학금 수혜 요건에 충족되지 못하며, 학과별 성적장학금의 경우에도 P/F 과목이 많을 경우 장학금 수혜대상자에서 제외될 수 있으니 사전에 개별 검토바람 (문의 : 교내장학금 – 장학팀 820-0166 / 성적장학금 – 소속학과)"
physics,2020학년도 2학기 특별재난지역(수해 피해) 지원 장학생 선발 안내,N/A,2020-10-20,https://physics.ssu.ac.kr/%ea%b2%8c%ec%8b%9c%ed%8c%90/%ea%b3%b5%ec%a7%80%ec%82%ac%ed%95%ad/?term_id&slug=2014,"2020학년도 2학기 특별재난지역(수해 피해) 지원 장학생을 다음과 같이 선발중입니다.
관심있는 학생은 신청하시길 바랍니다.
가. 대상: 집중호우로 인하여 수해 피해를 입은(특별재난지역 거주) 학부 재학셍
나. 자격요건
1) 2020학년도 2학기 등록한 학부 재학생
2) 2020년 6월 이후 집중호우로 인한 피해 사실이 확인된 자
3) 정규등록 8학기 이내인 자 (건축학과 건축학전공: 정규등록 10학기 이내인 자)
다. 지원금액: 대상자수에 따라 1인당 장학금액 산정 예정(1인당 최대 100만원 지원 가능)
※ 생활비 지원 목적
라. 신청기간: 2020.10.13.(화) ~ 10.30.(금)
마. 신청방법: 제출서류 장학팀 메일(ser@ssu.ac.kr)로 제출
바. 제출서류
1) 장학금 신청서
2) 피해사실 확인서(관할 읍·면·동 주민센터 발행)
3) 가족관계증명서
※ 자세한 사항은 학교 홈페이지 공지사항을 참고하여 주시기 바랍니다."
