department,title,author,date,link,content
statistics,2025학년도 NEIT-AX 동계 연구소 인턴십 프로그램,N/A,2025.12.01,https://stat.ssu.ac.kr/notice_view.html?category=1&idx=1273&PHPSESSID=defba080d940d86f17c9129592c07d4a,"안녕하십니까 기초과학융합연구소입니다.
기초과학융합연구소와 G-LAMP 사업단이 공동으로  NEIT(자연대–공대–IT대)-AX 연구소 인턴십 프로그램을 운영하고 있습니다. 많은 참여 부탁드립니다.
1.연구소 인턴십 프로그램 안내
1) 이공계열 연구소 소속 연구책임자(교수)의 연구실에서 학부 재학생에게 연구 참여 기회를 제공하여 우수한 연구 인력 양성과 대학원 진학 준비를 지원하고자 마련
2) 참여 학생은 연구책임자(교수)의 지도 아래, 연구소 소속 연구실에서 연구원들과 함께 연구 활동에 참여하며, 이를 통해 조기 연구 경험과 실험실 생활을 직접 체험 가능
2.모집내용 및 지원대상
모집대상
자연과학대학, 공과대학, IT대학 학부 2,3학년 재학생
모집인원
85명
연수기간
2026년 1월 1일(목) – 2월 28일(토)
연구장려금
1인, 600,000원
기타소득 공제전 금액
3.신청서류 및 제출기간
•제출서류: [붙임1] 2025학년도 NEIT-AX 동계 연구소 인턴십 신청서 1부
•제출기간: 2025년 12월 12일 (금) 까지
•신청 방법
가. 슈패스 (
https://link24.kr/A46a57N)
– 사이트 로그인 후, 링크 클릭
나. 신청서 제출 방법:
‘[
붙임
1] 2025
학년도
NEIT-AX
동계 연구소 인턴십 신청서
.hwp’
파일을 다운받아 작성. 희망 지도교수에게 참여 신청 및 추천서에 확인(도장/서명)을 받고 스캔본(pdf)을 슈패스로 제출
4.신청과정 및 유의사항
•타 과제 참여 중인 학부 연구생 제외
•지원금 전액 환수 기준
가. 지도교수는 학생의 불성실 등을 사유로 중단 요청 가능
나. 결과보고서 미제출 시 지원금 전액 미지급
5.결과발표
: 제출 기간 후 일주일 이내 선발 여부를 메일로 통보
6.결과보고서 제출 및 시상식 일정
•결과보고서 제출: 2026년 2월 중순, 슈패스로 제출
•우수 결과보고서 시상식: 2026년 3월 초
7. 이메일 문의
•자연과학대학: 기초과학융합연구소 iibs_hr@ssu.ac.kr
•공과대학, IT대학: G-LAMP사업단 g-lamp_hr@ssu.ac.kr
•정보통계보험수리학과: 정원일 교수 wchung@ssu.ac.kr"
statistics,2025-2학기 졸업시험 결과,N/A,2025.09.16,https://stat.ssu.ac.kr/notice_view.html?category=1&idx=1269&PHPSESSID=defba080d940d86f17c9129592c07d4a,"2025-2학기 졸업시험 결과(첨부파일 확인)
- 부분합격으로 인정된 과목이 있더라도, 추후 시험에서 평균 60점이 넘지 않은 경우 불합격 처리 됨
- 전체평균 60점 이상이어도 과락(40점 미만)이 있으면 불합격 처리 됨
문의사항은 학번(8자리), 이름과 함께 stat@ssu.ac.kr로 보내주시기 바랍니다."
statistics,"2025학년도 2학기 졸업시험 일정,장소 안내 (2025.09.06)",N/A,2025.09.01,https://stat.ssu.ac.kr/notice_view.html?category=1&idx=1266&PHPSESSID=defba080d940d86f17c9129592c07d4a,"2025학년도 2학기 졸업시험 일정 안내
▶일시: 2025년 9월 6일(토) 09:30~11:40
▶시험 시간표
- 1교시: 수리통계(09:30~10:30)
- 2교시: 회귀분석(10:40~11:40)
장소: 조만식기념관 311호"
statistics,"2025-2학기 졸업시험 비치용 문제(수리통계, 추정검정론)",N/A,2025.08.18,https://stat.ssu.ac.kr/notice_view.html?category=1&idx=1265&PHPSESSID=defba080d940d86f17c9129592c07d4a,2025-2학기 졸업시험 비치용 문제(~09/05 17:00까지 게시)
statistics,2025-2학기 졸업시험 비치용 문제(회귀분석),N/A,2025.08.05,https://stat.ssu.ac.kr/notice_view.html?category=1&idx=1264&PHPSESSID=defba080d940d86f17c9129592c07d4a,2025-2학기 졸업시험 비치용 문제(~09/05 17:00까지 게시)
statistics,2025학년도 2학기 졸업시험 공고(2025.09.06.),N/A,2025.07.28,https://stat.ssu.ac.kr/notice_view.html?category=1&idx=1263&PHPSESSID=defba080d940d86f17c9129592c07d4a,"정보통계·보험수리학과
2025학년도 2학기 졸업시험 공고
아래와 같이 2025학년도 2학기 졸업시험을 실시하고자 하니 대상 학생들은 졸업시험 내규를 숙지하여 시험에 응시해 주시기 바랍니다.
(졸업 프로젝트 수행을 희망하는 학생들도 동일한 신청기간 내에 신청해 주시기 바랍니다.)
-신청대상: 정보통계·보험수리학과 5학기 이상 이수한 학생
-일시: 2025년 9월 6일(토) 10:00~12:00
-장소: 추후 공지
-신청기간: 2025년 8월 4일(월)~22일(금)
-신청방법:
https://forms.gle/xWnw26em1riH64LP8
의 폼 작성하여 제출
* 졸업 프로젝트를 신청하는 경우 학과사무실로 문의
** 2024년 이전에 수리통계, 회귀분석 부분합격한 학생은 시험 볼 필요 없음
대신 구글 폼에 신청은 꼭 해야하며, 합격증빙 파일 제출 해야 함 (합격한 화면 캡쳐도 가능)
<첨부> 정보통계·보험수리학과 졸업시험 규정
정보통계·보험수리학과장"
statistics,WTW(윌리스타워스왓슨) 채용 공고,N/A,2025.07.11,https://stat.ssu.ac.kr/notice_view.html?category=1&idx=1262&PHPSESSID=defba080d940d86f17c9129592c07d4a,"WTW(윌리스타워스왓슨) 채용 공고
1. 회사명
: WTW (Willis Towers Watson, 윌리스타워스왓슨) — 글로벌 보험계리 컨설팅펌
2. 지원 직무
: Retirement Analyst (퇴직연금 계리업무)
3. 지원자 우대사항
: 보험계리사 혹은 SOA exam 시험 일부 합격자 (최종합격이 아니어도 무방)
4. 첨부 pdf파일의 링크를 이용하여 접수:
Korea Retirement Analyst - Seoul, South Korea
5. 영문이력서 제출 요망
* 자세한 사항(자격요건 외 기타사항) 관련하여 아래 첨부파일을 참조하시길 바랍니다."
statistics,2025학년도 2학기 백마성적우수장학생 선발 기준 안내,N/A,2025.07.08,https://stat.ssu.ac.kr/notice_view.html?category=1&idx=1261&PHPSESSID=defba080d940d86f17c9129592c07d4a,"백마성적우수장학금은 성적 순으로 지급되는 등록금내 선발장학입니다.
장학생 자격요건에 대해 다음과 같이 공지합니다.
< 자격요건 >
가. 2025학년도 2학기 국가장학금을 신청하여 소득분위 조회가 가능한 자
1) 국가장학금 1차 신청자에 한하여 등록금고지서 사전감면
2) 1차 미신청자: 2차 신청/서류제출 확인 후 지급
(2차 신청자 중 한국장학재단 구제신청 시 사후지급)
3) 국가장학금을 신청할 수 없는 대한민국 국적 미소지자도 선발 가능
(단, 순수외국인전형으로 입학한 외국인유학생은 선발 불가)
나. 2025학년도 2학기 재학 및 복학 예정자로 해당 학기 등록금 납부 예정인 자
1) 2025학년도 2학기 前 등록휴학 후 복학 시 선발 대상에서 제외(등록대체자)
2) 학기 중 미등록, 입학취소, 복학취소 등으로 인한 학적변동 시 모든 장학금 취소
3) 선발 후, 학기 중 휴학 시 백마성적우수장학금은 복학 학기로 이월
※ 추가 또는 교체 선발 시 재학 중인 학생만 선발 가능(휴학생에 대한 추가/교체 불가)
다. 직전 학기 15학점 이상 이수한 자(졸업 직전학기는 직전학기 12학점 이상)
라. 2025-2학기가 정규등록학기 8학기 이내인 자(건축학과 건축학전공: 정규등록 10학기 이내인 자)
마. F학점 포함 학적부성적 기준 직전 학기
3.8 이상
인 자
바. 모든 교내장학금간 중복수혜 불가
1) 신청장학금 중 수혜금액이 큰 장학금으로 자동 선발
2) 중복수혜 가능 장학금: 국가장학금, 교외장학금, 학과우수장학금, 기타 학업장려비 지원 목적 장학금 등
사. 졸업예정자 선발 불가(조기졸업 대상자 포함)하므로 유의"
statistics,학년별 교과과정표_2025학년도 기준,N/A,2025.06.27,https://stat.ssu.ac.kr/notice_view.html?category=1&idx=1260&PHPSESSID=defba080d940d86f17c9129592c07d4a,입학년도별(2022-2025) 전공 교과과정표를 첨부하니 확인하시기 바랍니다.
statistics,2025-1학기 인터넷 강의 지원 (~7/4(금)),N/A,2025.06.16,https://stat.ssu.ac.kr/notice_view.html?category=1&idx=1259&PHPSESSID=defba080d940d86f17c9129592c07d4a,". 인터넷 강의 지원 (통계)
​1) 신청기간: 2025월 6월 18일(수)~7월 4일(금) 24시
2) 신청방법: 방학 동안 수강을 희망하는 강의 리스트를 학과 이메일(stat@ssu.ac.kr)로 제출
3) 신청 시 메일 내용:
제목: 인터넷 강의 신청합니다_학번_이름
내용:  학번/본인이름/연락처
강의명/강사명/학원명/가격
* 보험 강의 지원은 보험계리 담당학생(김다은)에게 신청해 주세요.
*자세한 안내사항은 학과 홈페이지 자격시험 취득 및 인터넷 강의 지원에 관한 내규(아래 링크) 확인​
https://stat.ssu.ac.kr/notice_view.html?category=1&idx=464
rtp 2023"
statistics,2025-1학기 자격 시험 취득 지원(~7.4(금)),N/A,2025.06.16,https://stat.ssu.ac.kr/notice_view.html?category=1&idx=1258&PHPSESSID=defba080d940d86f17c9129592c07d4a,"1. 자격 시험 취득 지원
​1) 신청기간: 2025월 6월 18일(수)~7월 4일(금) 23:59
2) 신청방법: https://docs.google.com/forms/d/1Q0ABs5aN0sRWlKltyjfz1ZQ0FkK3bq4XrfFOW_vogi4/edit?pli=1&authuser=0 구글폼 제출 (자격증이 여러 개일 경우 여러 번 응답 제출)
*자세한 안내사항은 학과 홈페이지 자격시험 취득 및 인터넷 강의 지원에 관한 내규(아래 링크) 확인​
https://stat.ssu.ac.kr/notice_view.html?category=1&idx=464"
statistics,2025학년도 기과융 학부생 하계인턴십 모집,N/A,2025.06.02,https://stat.ssu.ac.kr/notice_view.html?category=1&idx=1256&PHPSESSID=defba080d940d86f17c9129592c07d4a,"숭실대학교 기초과학융합연구소에서는 학부 재학생을 대상으로 연구를 직접 수행할 수 있는 기회를 제공하여 우수한 연구 인력 양성 및 대학원 진학을 돕고자 학부생 인턴십 과정을 모집합니다. 대학원 연구실에서 연구책임자(교수)의 지도 아래 대학원생들과 함께 조기에 연구 활동 및 실험실 생활을 경험할 수 있는 인턴십 프로그램을 운영할 예정이오니, 학생 여러분의 많은 참여 바랍니다.
I
1. 모집내용 및 지원대상
• 모집인원: 15명 내외
• 연수기간: 2025년 7월 1일(화) ~ 2025년 8월 31일(일) (2개월)
• 연수장소: 숭실대학교 자연과학대학 교수 연구실 및 실험실
• 모집대상: 2025학년도 1학기 숭실대 자연과학대학 학부 재학생 (휴학생 지원불가)
• 연구장려금: 600,000원 (기타소득 공제전 금액)
I
2. 신청서류 및 제출기간
• [붙임1] 학부생 하계 인턴십 신청서 1부
• 제출기간: 2025년 6월 13일 (금) 까지
I
3. 신청과정 및 유의사항
• 인턴십 참여 희망 학생은 희망 지도교수에게 참여 신청 및 추천서에 확인(도장/서명)을 받고 스캔본(pdf)을 이메일로 제출(iibs_hr@ssu.ac.kr)
• 모집인원 초과시 추첨으로 진행
• 지원금 전액 환수 기준
가. 지도교수는 학생의 불성실 등을 사유로 중단 요청 가능
나. 결과보고서 미제출 시 지원금 전액 미지급
I
4. 결과발표
: 제출기간 후 일주일 이내 선발여부를 메일로 통보
I
5. 결과보고서 제출 및 시상식 일정
• 결과보고서 제출: 2025년 8월 중순
• 우수 결과보고서 시상식: 2025년 9월 초
I
6. <학부생 연구지원 프로그램>
• 모집대상: 하계 인턴십에 참여한 학부생에 한하여 지원자격을 부여
• 모집인원: 2명 내외
• 연수기간: 2025학년도 2학기 (지원액: 30만원/월)
• 자세한 선발방법은 추후 공지
I
감사합니다.
기초과학융합연구소
7. 사이트 링크
사이트 링크"
statistics,2025-1학기 졸업고사 결과,N/A,2025.03.18,https://stat.ssu.ac.kr/notice_view.html?category=1&idx=1253&PHPSESSID=defba080d940d86f17c9129592c07d4a,"2025-1학기 졸업고사 결과(첨부파일 확인)
- 부분합격으로 인정된 과목이 있더라도, 추후 시험에서 평균 60점이 넘지 않은 경우 불합격 처리 됨
- 전체평균 60점 이상이어도 과락(40점 미만)이 있으면 불합격 처리 됨
문의사항은 학번(8자리), 이름과 함께 stat@ssu.ac.kr로 보내주시기 바랍니다."
statistics,"2025학년도 1학기 졸업시험 일정,장소 안내 (2025.03.08)",N/A,2025.03.04,https://stat.ssu.ac.kr/notice_view.html?category=1&idx=1252&PHPSESSID=defba080d940d86f17c9129592c07d4a,"2025학년도 1학기 졸업시험 일정 안내
▶일시: 2025년 3월 8일(토) 09:00~11:10
▶시험 시간표
- 1교시: 수리통계(09:00~10:00)
- 2교시: 회귀분석(10:10~11:10)
장소: 조만식기념관 329호"
statistics,수강신청 공지사항_보험원론,N/A,2025.02.25,https://stat.ssu.ac.kr/notice_view.html?category=1&idx=1251&PHPSESSID=defba080d940d86f17c9129592c07d4a,"정보통계보험수리학과의 ""보험원론(2150538701)""을 수강한 학생들은 금융학부의 ""보험론(2150628901)"" 과목 수강 불가"
statistics,2025-1학기 졸업시험 비치용 문제(회귀분석),N/A,2025.02.18,https://stat.ssu.ac.kr/notice_view.html?category=1&idx=1250&PHPSESSID=defba080d940d86f17c9129592c07d4a,2025-1학기 졸업시험 비치용 문제(~03/07 17:00까지 게시)
statistics,"2025-1학기 졸업시험 비치용 문제(수리통계, 추정검정론)",N/A,2025.02.17,https://stat.ssu.ac.kr/notice_view.html?category=1&idx=1249&PHPSESSID=defba080d940d86f17c9129592c07d4a,2025-1학기 졸업시험 비치용 문제(~03/07 17:00까지 게시)
statistics,2025학년도 1학기 졸업시험 공고(2025.03.08),N/A,2025.02.10,https://stat.ssu.ac.kr/notice_view.html?category=1&idx=1248&PHPSESSID=defba080d940d86f17c9129592c07d4a,"정보통계·보험수리학과
2025학년도 1학기 졸업시험 공고
아래와 같이 2025학년도 1학기 졸업시험을 실시하고자 하니 대상 학생들은 졸업시험 내규를 숙지하여 시험에 응시해 주시기 바랍니다.
(졸업 프로젝트 수행을 희망하는 학생들도 동일한 신청기간 내에 신청해 주시기 바랍니다.)
-신청대상: 정보통계·보험수리학과 5학기 이상 이수한 학생
-일시: 2024년 3월 8일(토) 09:00~11:10
-장소: 추후 공지
-신청기간: 2025년 2월 11일(화)~21일(금)
-신청방법:
https://forms.gle/XxyMX6taC583sxqA6
의 폼 작성하여 제출
* 졸업 프로젝트를 신청하는 경우 학과사무실로 문의
** 2024년 이전에 수리통계, 회귀분석 부분합격한 학생은 시험 볼 필요 없음
대신 구글 폼에 신청은 꼭 해야하며, 합격증빙 파일 제출 해야 함 (합격한 화면 캡쳐도 가능)
<첨부> 정보통계·보험수리학과 졸업시험 규정"
statistics,2025학년도 1학기 백마성적우수장학생 선발 기준 안내,N/A,2025.01.20,https://stat.ssu.ac.kr/notice_view.html?category=1&idx=1247&PHPSESSID=defba080d940d86f17c9129592c07d4a,"백마성적우수장학금은 성적 순으로 지급되는 등록금내 선발장학입니다.
장학생 자격요건에 대해 다음과 같이 공지합니다.
< 자격요건 >
가. 2025학년도 1학기 국가장학금을 신청하여 소득분위 조회가 가능한 자
1) 국가장학금 1차 신청자에 한하여 등록금고지서 사전감면
2) 1차 미신청자: 2차 신청/서류제출 확인 후 지급
(2차 신청자 중 한국장학재단 구제신청 시 사후지급)
3) 국가장학금을 신청할 수 없는 대한민국 국적 미소지자도 선발 가능
(단, 순수외국인전형으로 입학한 외국인유학생은 선발 불가)
나. 2025학년도 1학기 재학 및 복학 예정자로 해당 학기 등록금 납부 예정인 자
1) 2025학년도 1학기 前 등록휴학 후 복학 시 선발 대상에서 제외(등록대체자)
2) 학기 중 미등록, 입학취소, 복학취소 등으로 인한 학적변동 시 모든 장학금 취소
3) 선발 후, 학기 중 휴학 시 백마성적우수장학금은 복학 학기로 이월
※ 추가 또는 교체 선발 시 재학 중인 학생만 선발 가능(휴학생에 대한 추가/교체 불가)
다. 직전 학기 15학점 이상 이수한 자(졸업 직전학기는 직전학기 12학점 이상)
라. 2025-1학기가 정규등록학기 8학기 이내인 자(건축학과 건축학전공: 정규등록 10학
기 이내인 자)
마. F학점 포함 학적부성적 기준 직전 학기
3.8 이상
인 자
바. 모든 교내장학금간 중복수혜 불가
1) 신청장학금 중 수혜금액이 큰 장학금으로 자동 선발
2) 중복수혜 가능 장학금: 국가장학금, 교외장학금, 학과우수장학금, 기타 학업장려비 지원 목적 장학금 등
사. 졸업예정자 선발 불가(조기졸업 대상자 포함)하므로 유의"
statistics,2024-2학기 자격 시험 취득 지원(~12.27(금)),N/A,2024.12.18,https://stat.ssu.ac.kr/notice_view.html?category=1&idx=1246&PHPSESSID=defba080d940d86f17c9129592c07d4a,"1. 자격 시험 취득 지원
​1) 신청기간: 2024월 12월 18일(수)~12월 27일(금) 23:59
2) 신청방법:
https://forms.gle/JTLmGARFkUdAGMkn6
구글폼 제출 (자격증이 여러 개일 경우 여러 번 응답 제출)
*자세한 안내사항은 학과 홈페이지 자격시험 취득 및 인터넷 강의 지원에 관한 내규(아래 링크) 확인​
https://stat.ssu.ac.kr/notice_view.html?category=1&idx=464"
statistics,2025학년도 NEIT-AX 동계 연구소 인턴십 프로그램,,2025.12.01,https://stat.ssu.ac.kr/notice_view.html?category=1&idx=1273&PHPSESSID=fc33ac5f1d5f8048bf157a5d726272c9,"안녕하십니까 기초과학융합연구소입니다.
기초과학융합연구소와 G-LAMP 사업단이 공동으로  NEIT(자연대–공대–IT대)-AX 연구소 인턴십 프로그램을 운영하고 있습니다. 많은 참여 부탁드립니다.
1.연구소 인턴십 프로그램 안내
1) 이공계열 연구소 소속 연구책임자(교수)의 연구실에서 학부 재학생에게 연구 참여 기회를 제공하여 우수한 연구 인력 양성과 대학원 진학 준비를 지원하고자 마련
2) 참여 학생은 연구책임자(교수)의 지도 아래, 연구소 소속 연구실에서 연구원들과 함께 연구 활동에 참여하며, 이를 통해 조기 연구 경험과 실험실 생활을 직접 체험 가능
2.모집내용 및 지원대상
모집대상
자연과학대학, 공과대학, IT대학 학부 2,3학년 재학생
모집인원
85명
연수기간
2026년 1월 1일(목) – 2월 28일(토)
연구장려금
1인, 600,000원
기타소득 공제전 금액
3.신청서류 및 제출기간
•제출서류: [붙임1] 2025학년도 NEIT-AX 동계 연구소 인턴십 신청서 1부
•제출기간: 2025년 12월 12일 (금) 까지
•신청 방법
가. 슈패스 (
https://link24.kr/A46a57N)
– 사이트 로그인 후, 링크 클릭
나. 신청서 제출 방법:
‘[
붙임
1] 2025
학년도
NEIT-AX
동계 연구소 인턴십 신청서
.hwp’
파일을 다운받아 작성. 희망 지도교수에게 참여 신청 및 추천서에 확인(도장/서명)을 받고 스캔본(pdf)을 슈패스로 제출
4.신청과정 및 유의사항
•타 과제 참여 중인 학부 연구생 제외
•지원금 전액 환수 기준
가. 지도교수는 학생의 불성실 등을 사유로 중단 요청 가능
나. 결과보고서 미제출 시 지원금 전액 미지급
5.결과발표
: 제출 기간 후 일주일 이내 선발 여부를 메일로 통보
6.결과보고서 제출 및 시상식 일정
•결과보고서 제출: 2026년 2월 중순, 슈패스로 제출
•우수 결과보고서 시상식: 2026년 3월 초
7. 이메일 문의
•자연과학대학: 기초과학융합연구소 iibs_hr@ssu.ac.kr
•공과대학, IT대학: G-LAMP사업단 g-lamp_hr@ssu.ac.kr
•정보통계보험수리학과: 정원일 교수 wchung@ssu.ac.kr"
statistics,2025-2학기 졸업시험 결과,,2025.09.16,https://stat.ssu.ac.kr/notice_view.html?category=1&idx=1269&PHPSESSID=fc33ac5f1d5f8048bf157a5d726272c9,"2025-2학기 졸업시험 결과(첨부파일 확인)
- 부분합격으로 인정된 과목이 있더라도, 추후 시험에서 평균 60점이 넘지 않은 경우 불합격 처리 됨
- 전체평균 60점 이상이어도 과락(40점 미만)이 있으면 불합격 처리 됨
문의사항은 학번(8자리), 이름과 함께 stat@ssu.ac.kr로 보내주시기 바랍니다."
statistics,"2025학년도 2학기 졸업시험 일정,장소 안내 (2025.09.06)",,2025.09.01,https://stat.ssu.ac.kr/notice_view.html?category=1&idx=1266&PHPSESSID=fc33ac5f1d5f8048bf157a5d726272c9,"2025학년도 2학기 졸업시험 일정 안내
▶일시: 2025년 9월 6일(토) 09:30~11:40
▶시험 시간표
- 1교시: 수리통계(09:30~10:30)
- 2교시: 회귀분석(10:40~11:40)
장소: 조만식기념관 311호"
statistics,"2025-2학기 졸업시험 비치용 문제(수리통계, 추정검정론)",,2025.08.18,https://stat.ssu.ac.kr/notice_view.html?category=1&idx=1265&PHPSESSID=fc33ac5f1d5f8048bf157a5d726272c9,2025-2학기 졸업시험 비치용 문제(~09/05 17:00까지 게시)
statistics,2025-2학기 졸업시험 비치용 문제(회귀분석),,2025.08.05,https://stat.ssu.ac.kr/notice_view.html?category=1&idx=1264&PHPSESSID=fc33ac5f1d5f8048bf157a5d726272c9,2025-2학기 졸업시험 비치용 문제(~09/05 17:00까지 게시)
statistics,2025학년도 2학기 졸업시험 공고(2025.09.06.),,2025.07.28,https://stat.ssu.ac.kr/notice_view.html?category=1&idx=1263&PHPSESSID=fc33ac5f1d5f8048bf157a5d726272c9,"정보통계·보험수리학과
2025학년도 2학기 졸업시험 공고
아래와 같이 2025학년도 2학기 졸업시험을 실시하고자 하니 대상 학생들은 졸업시험 내규를 숙지하여 시험에 응시해 주시기 바랍니다.
(졸업 프로젝트 수행을 희망하는 학생들도 동일한 신청기간 내에 신청해 주시기 바랍니다.)
-신청대상: 정보통계·보험수리학과 5학기 이상 이수한 학생
-일시: 2025년 9월 6일(토) 10:00~12:00
-장소: 추후 공지
-신청기간: 2025년 8월 4일(월)~22일(금)
-신청방법:
https://forms.gle/xWnw26em1riH64LP8
의 폼 작성하여 제출
* 졸업 프로젝트를 신청하는 경우 학과사무실로 문의
** 2024년 이전에 수리통계, 회귀분석 부분합격한 학생은 시험 볼 필요 없음
대신 구글 폼에 신청은 꼭 해야하며, 합격증빙 파일 제출 해야 함 (합격한 화면 캡쳐도 가능)
<첨부> 정보통계·보험수리학과 졸업시험 규정
정보통계·보험수리학과장"
statistics,WTW(윌리스타워스왓슨) 채용 공고,,2025.07.11,https://stat.ssu.ac.kr/notice_view.html?category=1&idx=1262&PHPSESSID=fc33ac5f1d5f8048bf157a5d726272c9,"WTW(윌리스타워스왓슨) 채용 공고
1. 회사명
: WTW (Willis Towers Watson, 윌리스타워스왓슨) — 글로벌 보험계리 컨설팅펌
2. 지원 직무
: Retirement Analyst (퇴직연금 계리업무)
3. 지원자 우대사항
: 보험계리사 혹은 SOA exam 시험 일부 합격자 (최종합격이 아니어도 무방)
4. 첨부 pdf파일의 링크를 이용하여 접수:
Korea Retirement Analyst - Seoul, South Korea
5. 영문이력서 제출 요망
* 자세한 사항(자격요건 외 기타사항) 관련하여 아래 첨부파일을 참조하시길 바랍니다."
statistics,2025학년도 2학기 백마성적우수장학생 선발 기준 안내,,2025.07.08,https://stat.ssu.ac.kr/notice_view.html?category=1&idx=1261&PHPSESSID=fc33ac5f1d5f8048bf157a5d726272c9,"백마성적우수장학금은 성적 순으로 지급되는 등록금내 선발장학입니다.
장학생 자격요건에 대해 다음과 같이 공지합니다.
< 자격요건 >
가. 2025학년도 2학기 국가장학금을 신청하여 소득분위 조회가 가능한 자
1) 국가장학금 1차 신청자에 한하여 등록금고지서 사전감면
2) 1차 미신청자: 2차 신청/서류제출 확인 후 지급
(2차 신청자 중 한국장학재단 구제신청 시 사후지급)
3) 국가장학금을 신청할 수 없는 대한민국 국적 미소지자도 선발 가능
(단, 순수외국인전형으로 입학한 외국인유학생은 선발 불가)
나. 2025학년도 2학기 재학 및 복학 예정자로 해당 학기 등록금 납부 예정인 자
1) 2025학년도 2학기 前 등록휴학 후 복학 시 선발 대상에서 제외(등록대체자)
2) 학기 중 미등록, 입학취소, 복학취소 등으로 인한 학적변동 시 모든 장학금 취소
3) 선발 후, 학기 중 휴학 시 백마성적우수장학금은 복학 학기로 이월
※ 추가 또는 교체 선발 시 재학 중인 학생만 선발 가능(휴학생에 대한 추가/교체 불가)
다. 직전 학기 15학점 이상 이수한 자(졸업 직전학기는 직전학기 12학점 이상)
라. 2025-2학기가 정규등록학기 8학기 이내인 자(건축학과 건축학전공: 정규등록 10학기 이내인 자)
마. F학점 포함 학적부성적 기준 직전 학기
3.8 이상
인 자
바. 모든 교내장학금간 중복수혜 불가
1) 신청장학금 중 수혜금액이 큰 장학금으로 자동 선발
2) 중복수혜 가능 장학금: 국가장학금, 교외장학금, 학과우수장학금, 기타 학업장려비 지원 목적 장학금 등
사. 졸업예정자 선발 불가(조기졸업 대상자 포함)하므로 유의"
statistics,학년별 교과과정표_2025학년도 기준,,2025.06.27,https://stat.ssu.ac.kr/notice_view.html?category=1&idx=1260&PHPSESSID=fc33ac5f1d5f8048bf157a5d726272c9,입학년도별(2022-2025) 전공 교과과정표를 첨부하니 확인하시기 바랍니다.
statistics,2025-1학기 인터넷 강의 지원 (~7/4(금)),,2025.06.16,https://stat.ssu.ac.kr/notice_view.html?category=1&idx=1259&PHPSESSID=fc33ac5f1d5f8048bf157a5d726272c9,". 인터넷 강의 지원 (통계)
​1) 신청기간: 2025월 6월 18일(수)~7월 4일(금) 24시
2) 신청방법: 방학 동안 수강을 희망하는 강의 리스트를 학과 이메일(stat@ssu.ac.kr)로 제출
3) 신청 시 메일 내용:
제목: 인터넷 강의 신청합니다_학번_이름
내용:  학번/본인이름/연락처
강의명/강사명/학원명/가격
* 보험 강의 지원은 보험계리 담당학생(김다은)에게 신청해 주세요.
*자세한 안내사항은 학과 홈페이지 자격시험 취득 및 인터넷 강의 지원에 관한 내규(아래 링크) 확인​
https://stat.ssu.ac.kr/notice_view.html?category=1&idx=464
rtp 2023"
statistics,2025-1학기 자격 시험 취득 지원(~7.4(금)),,2025.06.16,https://stat.ssu.ac.kr/notice_view.html?category=1&idx=1258&PHPSESSID=fc33ac5f1d5f8048bf157a5d726272c9,"1. 자격 시험 취득 지원
​1) 신청기간: 2025월 6월 18일(수)~7월 4일(금) 23:59
2) 신청방법: https://docs.google.com/forms/d/1Q0ABs5aN0sRWlKltyjfz1ZQ0FkK3bq4XrfFOW_vogi4/edit?pli=1&authuser=0 구글폼 제출 (자격증이 여러 개일 경우 여러 번 응답 제출)
*자세한 안내사항은 학과 홈페이지 자격시험 취득 및 인터넷 강의 지원에 관한 내규(아래 링크) 확인​
https://stat.ssu.ac.kr/notice_view.html?category=1&idx=464"
statistics,2025학년도 기과융 학부생 하계인턴십 모집,,2025.06.02,https://stat.ssu.ac.kr/notice_view.html?category=1&idx=1256&PHPSESSID=fc33ac5f1d5f8048bf157a5d726272c9,"숭실대학교 기초과학융합연구소에서는 학부 재학생을 대상으로 연구를 직접 수행할 수 있는 기회를 제공하여 우수한 연구 인력 양성 및 대학원 진학을 돕고자 학부생 인턴십 과정을 모집합니다. 대학원 연구실에서 연구책임자(교수)의 지도 아래 대학원생들과 함께 조기에 연구 활동 및 실험실 생활을 경험할 수 있는 인턴십 프로그램을 운영할 예정이오니, 학생 여러분의 많은 참여 바랍니다.
I
1. 모집내용 및 지원대상
• 모집인원: 15명 내외
• 연수기간: 2025년 7월 1일(화) ~ 2025년 8월 31일(일) (2개월)
• 연수장소: 숭실대학교 자연과학대학 교수 연구실 및 실험실
• 모집대상: 2025학년도 1학기 숭실대 자연과학대학 학부 재학생 (휴학생 지원불가)
• 연구장려금: 600,000원 (기타소득 공제전 금액)
I
2. 신청서류 및 제출기간
• [붙임1] 학부생 하계 인턴십 신청서 1부
• 제출기간: 2025년 6월 13일 (금) 까지
I
3. 신청과정 및 유의사항
• 인턴십 참여 희망 학생은 희망 지도교수에게 참여 신청 및 추천서에 확인(도장/서명)을 받고 스캔본(pdf)을 이메일로 제출(iibs_hr@ssu.ac.kr)
• 모집인원 초과시 추첨으로 진행
• 지원금 전액 환수 기준
가. 지도교수는 학생의 불성실 등을 사유로 중단 요청 가능
나. 결과보고서 미제출 시 지원금 전액 미지급
I
4. 결과발표
: 제출기간 후 일주일 이내 선발여부를 메일로 통보
I
5. 결과보고서 제출 및 시상식 일정
• 결과보고서 제출: 2025년 8월 중순
• 우수 결과보고서 시상식: 2025년 9월 초
I
6. <학부생 연구지원 프로그램>
• 모집대상: 하계 인턴십에 참여한 학부생에 한하여 지원자격을 부여
• 모집인원: 2명 내외
• 연수기간: 2025학년도 2학기 (지원액: 30만원/월)
• 자세한 선발방법은 추후 공지
I
감사합니다.
기초과학융합연구소
7. 사이트 링크
사이트 링크"
statistics,2025-1학기 졸업고사 결과,,2025.03.18,https://stat.ssu.ac.kr/notice_view.html?category=1&idx=1253&PHPSESSID=fc33ac5f1d5f8048bf157a5d726272c9,"2025-1학기 졸업고사 결과(첨부파일 확인)
- 부분합격으로 인정된 과목이 있더라도, 추후 시험에서 평균 60점이 넘지 않은 경우 불합격 처리 됨
- 전체평균 60점 이상이어도 과락(40점 미만)이 있으면 불합격 처리 됨
문의사항은 학번(8자리), 이름과 함께 stat@ssu.ac.kr로 보내주시기 바랍니다."
statistics,"2025학년도 1학기 졸업시험 일정,장소 안내 (2025.03.08)",,2025.03.04,https://stat.ssu.ac.kr/notice_view.html?category=1&idx=1252&PHPSESSID=fc33ac5f1d5f8048bf157a5d726272c9,"2025학년도 1학기 졸업시험 일정 안내
▶일시: 2025년 3월 8일(토) 09:00~11:10
▶시험 시간표
- 1교시: 수리통계(09:00~10:00)
- 2교시: 회귀분석(10:10~11:10)
장소: 조만식기념관 329호"
statistics,수강신청 공지사항_보험원론,,2025.02.25,https://stat.ssu.ac.kr/notice_view.html?category=1&idx=1251&PHPSESSID=fc33ac5f1d5f8048bf157a5d726272c9,"정보통계보험수리학과의 ""보험원론(2150538701)""을 수강한 학생들은 금융학부의 ""보험론(2150628901)"" 과목 수강 불가"
statistics,2025-1학기 졸업시험 비치용 문제(회귀분석),,2025.02.18,https://stat.ssu.ac.kr/notice_view.html?category=1&idx=1250&PHPSESSID=fc33ac5f1d5f8048bf157a5d726272c9,2025-1학기 졸업시험 비치용 문제(~03/07 17:00까지 게시)
statistics,"2025-1학기 졸업시험 비치용 문제(수리통계, 추정검정론)",,2025.02.17,https://stat.ssu.ac.kr/notice_view.html?category=1&idx=1249&PHPSESSID=fc33ac5f1d5f8048bf157a5d726272c9,2025-1학기 졸업시험 비치용 문제(~03/07 17:00까지 게시)
statistics,2025학년도 1학기 졸업시험 공고(2025.03.08),,2025.02.10,https://stat.ssu.ac.kr/notice_view.html?category=1&idx=1248&PHPSESSID=fc33ac5f1d5f8048bf157a5d726272c9,"정보통계·보험수리학과
2025학년도 1학기 졸업시험 공고
아래와 같이 2025학년도 1학기 졸업시험을 실시하고자 하니 대상 학생들은 졸업시험 내규를 숙지하여 시험에 응시해 주시기 바랍니다.
(졸업 프로젝트 수행을 희망하는 학생들도 동일한 신청기간 내에 신청해 주시기 바랍니다.)
-신청대상: 정보통계·보험수리학과 5학기 이상 이수한 학생
-일시: 2024년 3월 8일(토) 09:00~11:10
-장소: 추후 공지
-신청기간: 2025년 2월 11일(화)~21일(금)
-신청방법:
https://forms.gle/XxyMX6taC583sxqA6
의 폼 작성하여 제출
* 졸업 프로젝트를 신청하는 경우 학과사무실로 문의
** 2024년 이전에 수리통계, 회귀분석 부분합격한 학생은 시험 볼 필요 없음
대신 구글 폼에 신청은 꼭 해야하며, 합격증빙 파일 제출 해야 함 (합격한 화면 캡쳐도 가능)
<첨부> 정보통계·보험수리학과 졸업시험 규정"
statistics,2025학년도 1학기 백마성적우수장학생 선발 기준 안내,,2025.01.20,https://stat.ssu.ac.kr/notice_view.html?category=1&idx=1247&PHPSESSID=fc33ac5f1d5f8048bf157a5d726272c9,"백마성적우수장학금은 성적 순으로 지급되는 등록금내 선발장학입니다.
장학생 자격요건에 대해 다음과 같이 공지합니다.
< 자격요건 >
가. 2025학년도 1학기 국가장학금을 신청하여 소득분위 조회가 가능한 자
1) 국가장학금 1차 신청자에 한하여 등록금고지서 사전감면
2) 1차 미신청자: 2차 신청/서류제출 확인 후 지급
(2차 신청자 중 한국장학재단 구제신청 시 사후지급)
3) 국가장학금을 신청할 수 없는 대한민국 국적 미소지자도 선발 가능
(단, 순수외국인전형으로 입학한 외국인유학생은 선발 불가)
나. 2025학년도 1학기 재학 및 복학 예정자로 해당 학기 등록금 납부 예정인 자
1) 2025학년도 1학기 前 등록휴학 후 복학 시 선발 대상에서 제외(등록대체자)
2) 학기 중 미등록, 입학취소, 복학취소 등으로 인한 학적변동 시 모든 장학금 취소
3) 선발 후, 학기 중 휴학 시 백마성적우수장학금은 복학 학기로 이월
※ 추가 또는 교체 선발 시 재학 중인 학생만 선발 가능(휴학생에 대한 추가/교체 불가)
다. 직전 학기 15학점 이상 이수한 자(졸업 직전학기는 직전학기 12학점 이상)
라. 2025-1학기가 정규등록학기 8학기 이내인 자(건축학과 건축학전공: 정규등록 10학
기 이내인 자)
마. F학점 포함 학적부성적 기준 직전 학기
3.8 이상
인 자
바. 모든 교내장학금간 중복수혜 불가
1) 신청장학금 중 수혜금액이 큰 장학금으로 자동 선발
2) 중복수혜 가능 장학금: 국가장학금, 교외장학금, 학과우수장학금, 기타 학업장려비 지원 목적 장학금 등
사. 졸업예정자 선발 불가(조기졸업 대상자 포함)하므로 유의"
statistics,2024-2학기 자격 시험 취득 지원(~12.27(금)),,2024.12.18,https://stat.ssu.ac.kr/notice_view.html?category=1&idx=1246&PHPSESSID=fc33ac5f1d5f8048bf157a5d726272c9,"1. 자격 시험 취득 지원
​1) 신청기간: 2024월 12월 18일(수)~12월 27일(금) 23:59
2) 신청방법:
https://forms.gle/JTLmGARFkUdAGMkn6
구글폼 제출 (자격증이 여러 개일 경우 여러 번 응답 제출)
*자세한 안내사항은 학과 홈페이지 자격시험 취득 및 인터넷 강의 지원에 관한 내규(아래 링크) 확인​
https://stat.ssu.ac.kr/notice_view.html?category=1&idx=464"
statistics,2025학년도 NEIT-AX 동계 연구소 인턴십 프로그램,,2025.12.01,https://stat.ssu.ac.kr/notice_view.html?category=1&idx=1273&PHPSESSID=905ac0706a051d680da283484a834b08,"안녕하십니까 기초과학융합연구소입니다.
기초과학융합연구소와 G-LAMP 사업단이 공동으로  NEIT(자연대–공대–IT대)-AX 연구소 인턴십 프로그램을 운영하고 있습니다. 많은 참여 부탁드립니다.
1.연구소 인턴십 프로그램 안내
1) 이공계열 연구소 소속 연구책임자(교수)의 연구실에서 학부 재학생에게 연구 참여 기회를 제공하여 우수한 연구 인력 양성과 대학원 진학 준비를 지원하고자 마련
2) 참여 학생은 연구책임자(교수)의 지도 아래, 연구소 소속 연구실에서 연구원들과 함께 연구 활동에 참여하며, 이를 통해 조기 연구 경험과 실험실 생활을 직접 체험 가능
2.모집내용 및 지원대상
모집대상
자연과학대학, 공과대학, IT대학 학부 2,3학년 재학생
모집인원
85명
연수기간
2026년 1월 1일(목) – 2월 28일(토)
연구장려금
1인, 600,000원
기타소득 공제전 금액
3.신청서류 및 제출기간
•제출서류: [붙임1] 2025학년도 NEIT-AX 동계 연구소 인턴십 신청서 1부
•제출기간: 2025년 12월 12일 (금) 까지
•신청 방법
가. 슈패스 (
https://link24.kr/A46a57N)
– 사이트 로그인 후, 링크 클릭
나. 신청서 제출 방법:
‘[
붙임
1] 2025
학년도
NEIT-AX
동계 연구소 인턴십 신청서
.hwp’
파일을 다운받아 작성. 희망 지도교수에게 참여 신청 및 추천서에 확인(도장/서명)을 받고 스캔본(pdf)을 슈패스로 제출
4.신청과정 및 유의사항
•타 과제 참여 중인 학부 연구생 제외
•지원금 전액 환수 기준
가. 지도교수는 학생의 불성실 등을 사유로 중단 요청 가능
나. 결과보고서 미제출 시 지원금 전액 미지급
5.결과발표
: 제출 기간 후 일주일 이내 선발 여부를 메일로 통보
6.결과보고서 제출 및 시상식 일정
•결과보고서 제출: 2026년 2월 중순, 슈패스로 제출
•우수 결과보고서 시상식: 2026년 3월 초
7. 이메일 문의
•자연과학대학: 기초과학융합연구소 iibs_hr@ssu.ac.kr
•공과대학, IT대학: G-LAMP사업단 g-lamp_hr@ssu.ac.kr
•정보통계보험수리학과: 정원일 교수 wchung@ssu.ac.kr"
statistics,2025-2학기 졸업시험 결과,,2025.09.16,https://stat.ssu.ac.kr/notice_view.html?category=1&idx=1269&PHPSESSID=905ac0706a051d680da283484a834b08,"2025-2학기 졸업시험 결과(첨부파일 확인)
- 부분합격으로 인정된 과목이 있더라도, 추후 시험에서 평균 60점이 넘지 않은 경우 불합격 처리 됨
- 전체평균 60점 이상이어도 과락(40점 미만)이 있으면 불합격 처리 됨
문의사항은 학번(8자리), 이름과 함께 stat@ssu.ac.kr로 보내주시기 바랍니다."
statistics,"2025학년도 2학기 졸업시험 일정,장소 안내 (2025.09.06)",,2025.09.01,https://stat.ssu.ac.kr/notice_view.html?category=1&idx=1266&PHPSESSID=905ac0706a051d680da283484a834b08,"2025학년도 2학기 졸업시험 일정 안내
▶일시: 2025년 9월 6일(토) 09:30~11:40
▶시험 시간표
- 1교시: 수리통계(09:30~10:30)
- 2교시: 회귀분석(10:40~11:40)
장소: 조만식기념관 311호"
statistics,"2025-2학기 졸업시험 비치용 문제(수리통계, 추정검정론)",,2025.08.18,https://stat.ssu.ac.kr/notice_view.html?category=1&idx=1265&PHPSESSID=905ac0706a051d680da283484a834b08,2025-2학기 졸업시험 비치용 문제(~09/05 17:00까지 게시)
statistics,2025-2학기 졸업시험 비치용 문제(회귀분석),,2025.08.05,https://stat.ssu.ac.kr/notice_view.html?category=1&idx=1264&PHPSESSID=905ac0706a051d680da283484a834b08,2025-2학기 졸업시험 비치용 문제(~09/05 17:00까지 게시)
statistics,2025학년도 2학기 졸업시험 공고(2025.09.06.),,2025.07.28,https://stat.ssu.ac.kr/notice_view.html?category=1&idx=1263&PHPSESSID=905ac0706a051d680da283484a834b08,"정보통계·보험수리학과
2025학년도 2학기 졸업시험 공고
아래와 같이 2025학년도 2학기 졸업시험을 실시하고자 하니 대상 학생들은 졸업시험 내규를 숙지하여 시험에 응시해 주시기 바랍니다.
(졸업 프로젝트 수행을 희망하는 학생들도 동일한 신청기간 내에 신청해 주시기 바랍니다.)
-신청대상: 정보통계·보험수리학과 5학기 이상 이수한 학생
-일시: 2025년 9월 6일(토) 10:00~12:00
-장소: 추후 공지
-신청기간: 2025년 8월 4일(월)~22일(금)
-신청방법:
https://forms.gle/xWnw26em1riH64LP8
의 폼 작성하여 제출
* 졸업 프로젝트를 신청하는 경우 학과사무실로 문의
** 2024년 이전에 수리통계, 회귀분석 부분합격한 학생은 시험 볼 필요 없음
대신 구글 폼에 신청은 꼭 해야하며, 합격증빙 파일 제출 해야 함 (합격한 화면 캡쳐도 가능)
<첨부> 정보통계·보험수리학과 졸업시험 규정
정보통계·보험수리학과장"
statistics,WTW(윌리스타워스왓슨) 채용 공고,,2025.07.11,https://stat.ssu.ac.kr/notice_view.html?category=1&idx=1262&PHPSESSID=905ac0706a051d680da283484a834b08,"WTW(윌리스타워스왓슨) 채용 공고
1. 회사명
: WTW (Willis Towers Watson, 윌리스타워스왓슨) — 글로벌 보험계리 컨설팅펌
2. 지원 직무
: Retirement Analyst (퇴직연금 계리업무)
3. 지원자 우대사항
: 보험계리사 혹은 SOA exam 시험 일부 합격자 (최종합격이 아니어도 무방)
4. 첨부 pdf파일의 링크를 이용하여 접수:
Korea Retirement Analyst - Seoul, South Korea
5. 영문이력서 제출 요망
* 자세한 사항(자격요건 외 기타사항) 관련하여 아래 첨부파일을 참조하시길 바랍니다."
statistics,2025학년도 2학기 백마성적우수장학생 선발 기준 안내,,2025.07.08,https://stat.ssu.ac.kr/notice_view.html?category=1&idx=1261&PHPSESSID=905ac0706a051d680da283484a834b08,"백마성적우수장학금은 성적 순으로 지급되는 등록금내 선발장학입니다.
장학생 자격요건에 대해 다음과 같이 공지합니다.
< 자격요건 >
가. 2025학년도 2학기 국가장학금을 신청하여 소득분위 조회가 가능한 자
1) 국가장학금 1차 신청자에 한하여 등록금고지서 사전감면
2) 1차 미신청자: 2차 신청/서류제출 확인 후 지급
(2차 신청자 중 한국장학재단 구제신청 시 사후지급)
3) 국가장학금을 신청할 수 없는 대한민국 국적 미소지자도 선발 가능
(단, 순수외국인전형으로 입학한 외국인유학생은 선발 불가)
나. 2025학년도 2학기 재학 및 복학 예정자로 해당 학기 등록금 납부 예정인 자
1) 2025학년도 2학기 前 등록휴학 후 복학 시 선발 대상에서 제외(등록대체자)
2) 학기 중 미등록, 입학취소, 복학취소 등으로 인한 학적변동 시 모든 장학금 취소
3) 선발 후, 학기 중 휴학 시 백마성적우수장학금은 복학 학기로 이월
※ 추가 또는 교체 선발 시 재학 중인 학생만 선발 가능(휴학생에 대한 추가/교체 불가)
다. 직전 학기 15학점 이상 이수한 자(졸업 직전학기는 직전학기 12학점 이상)
라. 2025-2학기가 정규등록학기 8학기 이내인 자(건축학과 건축학전공: 정규등록 10학기 이내인 자)
마. F학점 포함 학적부성적 기준 직전 학기
3.8 이상
인 자
바. 모든 교내장학금간 중복수혜 불가
1) 신청장학금 중 수혜금액이 큰 장학금으로 자동 선발
2) 중복수혜 가능 장학금: 국가장학금, 교외장학금, 학과우수장학금, 기타 학업장려비 지원 목적 장학금 등
사. 졸업예정자 선발 불가(조기졸업 대상자 포함)하므로 유의"
statistics,학년별 교과과정표_2025학년도 기준,,2025.06.27,https://stat.ssu.ac.kr/notice_view.html?category=1&idx=1260&PHPSESSID=905ac0706a051d680da283484a834b08,입학년도별(2022-2025) 전공 교과과정표를 첨부하니 확인하시기 바랍니다.
statistics,2025-1학기 인터넷 강의 지원 (~7/4(금)),,2025.06.16,https://stat.ssu.ac.kr/notice_view.html?category=1&idx=1259&PHPSESSID=905ac0706a051d680da283484a834b08,". 인터넷 강의 지원 (통계)
​1) 신청기간: 2025월 6월 18일(수)~7월 4일(금) 24시
2) 신청방법: 방학 동안 수강을 희망하는 강의 리스트를 학과 이메일(stat@ssu.ac.kr)로 제출
3) 신청 시 메일 내용:
제목: 인터넷 강의 신청합니다_학번_이름
내용:  학번/본인이름/연락처
강의명/강사명/학원명/가격
* 보험 강의 지원은 보험계리 담당학생(김다은)에게 신청해 주세요.
*자세한 안내사항은 학과 홈페이지 자격시험 취득 및 인터넷 강의 지원에 관한 내규(아래 링크) 확인​
https://stat.ssu.ac.kr/notice_view.html?category=1&idx=464
rtp 2023"
statistics,2025-1학기 자격 시험 취득 지원(~7.4(금)),,2025.06.16,https://stat.ssu.ac.kr/notice_view.html?category=1&idx=1258&PHPSESSID=905ac0706a051d680da283484a834b08,"1. 자격 시험 취득 지원
​1) 신청기간: 2025월 6월 18일(수)~7월 4일(금) 23:59
2) 신청방법: https://docs.google.com/forms/d/1Q0ABs5aN0sRWlKltyjfz1ZQ0FkK3bq4XrfFOW_vogi4/edit?pli=1&authuser=0 구글폼 제출 (자격증이 여러 개일 경우 여러 번 응답 제출)
*자세한 안내사항은 학과 홈페이지 자격시험 취득 및 인터넷 강의 지원에 관한 내규(아래 링크) 확인​
https://stat.ssu.ac.kr/notice_view.html?category=1&idx=464"
statistics,2025학년도 기과융 학부생 하계인턴십 모집,,2025.06.02,https://stat.ssu.ac.kr/notice_view.html?category=1&idx=1256&PHPSESSID=905ac0706a051d680da283484a834b08,"숭실대학교 기초과학융합연구소에서는 학부 재학생을 대상으로 연구를 직접 수행할 수 있는 기회를 제공하여 우수한 연구 인력 양성 및 대학원 진학을 돕고자 학부생 인턴십 과정을 모집합니다. 대학원 연구실에서 연구책임자(교수)의 지도 아래 대학원생들과 함께 조기에 연구 활동 및 실험실 생활을 경험할 수 있는 인턴십 프로그램을 운영할 예정이오니, 학생 여러분의 많은 참여 바랍니다.
I
1. 모집내용 및 지원대상
• 모집인원: 15명 내외
• 연수기간: 2025년 7월 1일(화) ~ 2025년 8월 31일(일) (2개월)
• 연수장소: 숭실대학교 자연과학대학 교수 연구실 및 실험실
• 모집대상: 2025학년도 1학기 숭실대 자연과학대학 학부 재학생 (휴학생 지원불가)
• 연구장려금: 600,000원 (기타소득 공제전 금액)
I
2. 신청서류 및 제출기간
• [붙임1] 학부생 하계 인턴십 신청서 1부
• 제출기간: 2025년 6월 13일 (금) 까지
I
3. 신청과정 및 유의사항
• 인턴십 참여 희망 학생은 희망 지도교수에게 참여 신청 및 추천서에 확인(도장/서명)을 받고 스캔본(pdf)을 이메일로 제출(iibs_hr@ssu.ac.kr)
• 모집인원 초과시 추첨으로 진행
• 지원금 전액 환수 기준
가. 지도교수는 학생의 불성실 등을 사유로 중단 요청 가능
나. 결과보고서 미제출 시 지원금 전액 미지급
I
4. 결과발표
: 제출기간 후 일주일 이내 선발여부를 메일로 통보
I
5. 결과보고서 제출 및 시상식 일정
• 결과보고서 제출: 2025년 8월 중순
• 우수 결과보고서 시상식: 2025년 9월 초
I
6. <학부생 연구지원 프로그램>
• 모집대상: 하계 인턴십에 참여한 학부생에 한하여 지원자격을 부여
• 모집인원: 2명 내외
• 연수기간: 2025학년도 2학기 (지원액: 30만원/월)
• 자세한 선발방법은 추후 공지
I
감사합니다.
기초과학융합연구소
7. 사이트 링크
사이트 링크"
statistics,2025-1학기 졸업고사 결과,,2025.03.18,https://stat.ssu.ac.kr/notice_view.html?category=1&idx=1253&PHPSESSID=905ac0706a051d680da283484a834b08,"2025-1학기 졸업고사 결과(첨부파일 확인)
- 부분합격으로 인정된 과목이 있더라도, 추후 시험에서 평균 60점이 넘지 않은 경우 불합격 처리 됨
- 전체평균 60점 이상이어도 과락(40점 미만)이 있으면 불합격 처리 됨
문의사항은 학번(8자리), 이름과 함께 stat@ssu.ac.kr로 보내주시기 바랍니다."
statistics,"2025학년도 1학기 졸업시험 일정,장소 안내 (2025.03.08)",,2025.03.04,https://stat.ssu.ac.kr/notice_view.html?category=1&idx=1252&PHPSESSID=905ac0706a051d680da283484a834b08,"2025학년도 1학기 졸업시험 일정 안내
▶일시: 2025년 3월 8일(토) 09:00~11:10
▶시험 시간표
- 1교시: 수리통계(09:00~10:00)
- 2교시: 회귀분석(10:10~11:10)
장소: 조만식기념관 329호"
statistics,수강신청 공지사항_보험원론,,2025.02.25,https://stat.ssu.ac.kr/notice_view.html?category=1&idx=1251&PHPSESSID=905ac0706a051d680da283484a834b08,"정보통계보험수리학과의 ""보험원론(2150538701)""을 수강한 학생들은 금융학부의 ""보험론(2150628901)"" 과목 수강 불가"
statistics,2025-1학기 졸업시험 비치용 문제(회귀분석),,2025.02.18,https://stat.ssu.ac.kr/notice_view.html?category=1&idx=1250&PHPSESSID=905ac0706a051d680da283484a834b08,2025-1학기 졸업시험 비치용 문제(~03/07 17:00까지 게시)
statistics,"2025-1학기 졸업시험 비치용 문제(수리통계, 추정검정론)",,2025.02.17,https://stat.ssu.ac.kr/notice_view.html?category=1&idx=1249&PHPSESSID=905ac0706a051d680da283484a834b08,2025-1학기 졸업시험 비치용 문제(~03/07 17:00까지 게시)
statistics,2025학년도 1학기 졸업시험 공고(2025.03.08),,2025.02.10,https://stat.ssu.ac.kr/notice_view.html?category=1&idx=1248&PHPSESSID=905ac0706a051d680da283484a834b08,"정보통계·보험수리학과
2025학년도 1학기 졸업시험 공고
아래와 같이 2025학년도 1학기 졸업시험을 실시하고자 하니 대상 학생들은 졸업시험 내규를 숙지하여 시험에 응시해 주시기 바랍니다.
(졸업 프로젝트 수행을 희망하는 학생들도 동일한 신청기간 내에 신청해 주시기 바랍니다.)
-신청대상: 정보통계·보험수리학과 5학기 이상 이수한 학생
-일시: 2024년 3월 8일(토) 09:00~11:10
-장소: 추후 공지
-신청기간: 2025년 2월 11일(화)~21일(금)
-신청방법:
https://forms.gle/XxyMX6taC583sxqA6
의 폼 작성하여 제출
* 졸업 프로젝트를 신청하는 경우 학과사무실로 문의
** 2024년 이전에 수리통계, 회귀분석 부분합격한 학생은 시험 볼 필요 없음
대신 구글 폼에 신청은 꼭 해야하며, 합격증빙 파일 제출 해야 함 (합격한 화면 캡쳐도 가능)
<첨부> 정보통계·보험수리학과 졸업시험 규정"
statistics,2025학년도 1학기 백마성적우수장학생 선발 기준 안내,,2025.01.20,https://stat.ssu.ac.kr/notice_view.html?category=1&idx=1247&PHPSESSID=905ac0706a051d680da283484a834b08,"백마성적우수장학금은 성적 순으로 지급되는 등록금내 선발장학입니다.
장학생 자격요건에 대해 다음과 같이 공지합니다.
< 자격요건 >
가. 2025학년도 1학기 국가장학금을 신청하여 소득분위 조회가 가능한 자
1) 국가장학금 1차 신청자에 한하여 등록금고지서 사전감면
2) 1차 미신청자: 2차 신청/서류제출 확인 후 지급
(2차 신청자 중 한국장학재단 구제신청 시 사후지급)
3) 국가장학금을 신청할 수 없는 대한민국 국적 미소지자도 선발 가능
(단, 순수외국인전형으로 입학한 외국인유학생은 선발 불가)
나. 2025학년도 1학기 재학 및 복학 예정자로 해당 학기 등록금 납부 예정인 자
1) 2025학년도 1학기 前 등록휴학 후 복학 시 선발 대상에서 제외(등록대체자)
2) 학기 중 미등록, 입학취소, 복학취소 등으로 인한 학적변동 시 모든 장학금 취소
3) 선발 후, 학기 중 휴학 시 백마성적우수장학금은 복학 학기로 이월
※ 추가 또는 교체 선발 시 재학 중인 학생만 선발 가능(휴학생에 대한 추가/교체 불가)
다. 직전 학기 15학점 이상 이수한 자(졸업 직전학기는 직전학기 12학점 이상)
라. 2025-1학기가 정규등록학기 8학기 이내인 자(건축학과 건축학전공: 정규등록 10학
기 이내인 자)
마. F학점 포함 학적부성적 기준 직전 학기
3.8 이상
인 자
바. 모든 교내장학금간 중복수혜 불가
1) 신청장학금 중 수혜금액이 큰 장학금으로 자동 선발
2) 중복수혜 가능 장학금: 국가장학금, 교외장학금, 학과우수장학금, 기타 학업장려비 지원 목적 장학금 등
사. 졸업예정자 선발 불가(조기졸업 대상자 포함)하므로 유의"
statistics,2024-2학기 자격 시험 취득 지원(~12.27(금)),,2024.12.18,https://stat.ssu.ac.kr/notice_view.html?category=1&idx=1246&PHPSESSID=905ac0706a051d680da283484a834b08,"1. 자격 시험 취득 지원
​1) 신청기간: 2024월 12월 18일(수)~12월 27일(금) 23:59
2) 신청방법:
https://forms.gle/JTLmGARFkUdAGMkn6
구글폼 제출 (자격증이 여러 개일 경우 여러 번 응답 제출)
*자세한 안내사항은 학과 홈페이지 자격시험 취득 및 인터넷 강의 지원에 관한 내규(아래 링크) 확인​
https://stat.ssu.ac.kr/notice_view.html?category=1&idx=464"
statistics,2025학년도 NEIT-AX 동계 연구소 인턴십 프로그램,,2025.12.01,https://stat.ssu.ac.kr/notice_view.html?category=1&idx=1273&PHPSESSID=c6dbadc5fd71546c05c70e87d0011445,"안녕하십니까 기초과학융합연구소입니다.
기초과학융합연구소와 G-LAMP 사업단이 공동으로  NEIT(자연대–공대–IT대)-AX 연구소 인턴십 프로그램을 운영하고 있습니다. 많은 참여 부탁드립니다.
1.연구소 인턴십 프로그램 안내
1) 이공계열 연구소 소속 연구책임자(교수)의 연구실에서 학부 재학생에게 연구 참여 기회를 제공하여 우수한 연구 인력 양성과 대학원 진학 준비를 지원하고자 마련
2) 참여 학생은 연구책임자(교수)의 지도 아래, 연구소 소속 연구실에서 연구원들과 함께 연구 활동에 참여하며, 이를 통해 조기 연구 경험과 실험실 생활을 직접 체험 가능
2.모집내용 및 지원대상
모집대상
자연과학대학, 공과대학, IT대학 학부 2,3학년 재학생
모집인원
85명
연수기간
2026년 1월 1일(목) – 2월 28일(토)
연구장려금
1인, 600,000원
기타소득 공제전 금액
3.신청서류 및 제출기간
•제출서류: [붙임1] 2025학년도 NEIT-AX 동계 연구소 인턴십 신청서 1부
•제출기간: 2025년 12월 12일 (금) 까지
•신청 방법
가. 슈패스 (
https://link24.kr/A46a57N)
– 사이트 로그인 후, 링크 클릭
나. 신청서 제출 방법:
‘[
붙임
1] 2025
학년도
NEIT-AX
동계 연구소 인턴십 신청서
.hwp’
파일을 다운받아 작성. 희망 지도교수에게 참여 신청 및 추천서에 확인(도장/서명)을 받고 스캔본(pdf)을 슈패스로 제출
4.신청과정 및 유의사항
•타 과제 참여 중인 학부 연구생 제외
•지원금 전액 환수 기준
가. 지도교수는 학생의 불성실 등을 사유로 중단 요청 가능
나. 결과보고서 미제출 시 지원금 전액 미지급
5.결과발표
: 제출 기간 후 일주일 이내 선발 여부를 메일로 통보
6.결과보고서 제출 및 시상식 일정
•결과보고서 제출: 2026년 2월 중순, 슈패스로 제출
•우수 결과보고서 시상식: 2026년 3월 초
7. 이메일 문의
•자연과학대학: 기초과학융합연구소 iibs_hr@ssu.ac.kr
•공과대학, IT대학: G-LAMP사업단 g-lamp_hr@ssu.ac.kr
•정보통계보험수리학과: 정원일 교수 wchung@ssu.ac.kr"
statistics,2025-2학기 졸업시험 결과,,2025.09.16,https://stat.ssu.ac.kr/notice_view.html?category=1&idx=1269&PHPSESSID=c6dbadc5fd71546c05c70e87d0011445,"2025-2학기 졸업시험 결과(첨부파일 확인)
- 부분합격으로 인정된 과목이 있더라도, 추후 시험에서 평균 60점이 넘지 않은 경우 불합격 처리 됨
- 전체평균 60점 이상이어도 과락(40점 미만)이 있으면 불합격 처리 됨
문의사항은 학번(8자리), 이름과 함께 stat@ssu.ac.kr로 보내주시기 바랍니다."
statistics,"2025학년도 2학기 졸업시험 일정,장소 안내 (2025.09.06)",,2025.09.01,https://stat.ssu.ac.kr/notice_view.html?category=1&idx=1266&PHPSESSID=c6dbadc5fd71546c05c70e87d0011445,"2025학년도 2학기 졸업시험 일정 안내
▶일시: 2025년 9월 6일(토) 09:30~11:40
▶시험 시간표
- 1교시: 수리통계(09:30~10:30)
- 2교시: 회귀분석(10:40~11:40)
장소: 조만식기념관 311호"
statistics,"2025-2학기 졸업시험 비치용 문제(수리통계, 추정검정론)",,2025.08.18,https://stat.ssu.ac.kr/notice_view.html?category=1&idx=1265&PHPSESSID=c6dbadc5fd71546c05c70e87d0011445,2025-2학기 졸업시험 비치용 문제(~09/05 17:00까지 게시)
statistics,2025-2학기 졸업시험 비치용 문제(회귀분석),,2025.08.05,https://stat.ssu.ac.kr/notice_view.html?category=1&idx=1264&PHPSESSID=c6dbadc5fd71546c05c70e87d0011445,2025-2학기 졸업시험 비치용 문제(~09/05 17:00까지 게시)
statistics,2025학년도 2학기 졸업시험 공고(2025.09.06.),,2025.07.28,https://stat.ssu.ac.kr/notice_view.html?category=1&idx=1263&PHPSESSID=c6dbadc5fd71546c05c70e87d0011445,"정보통계·보험수리학과
2025학년도 2학기 졸업시험 공고
아래와 같이 2025학년도 2학기 졸업시험을 실시하고자 하니 대상 학생들은 졸업시험 내규를 숙지하여 시험에 응시해 주시기 바랍니다.
(졸업 프로젝트 수행을 희망하는 학생들도 동일한 신청기간 내에 신청해 주시기 바랍니다.)
-신청대상: 정보통계·보험수리학과 5학기 이상 이수한 학생
-일시: 2025년 9월 6일(토) 10:00~12:00
-장소: 추후 공지
-신청기간: 2025년 8월 4일(월)~22일(금)
-신청방법:
https://forms.gle/xWnw26em1riH64LP8
의 폼 작성하여 제출
* 졸업 프로젝트를 신청하는 경우 학과사무실로 문의
** 2024년 이전에 수리통계, 회귀분석 부분합격한 학생은 시험 볼 필요 없음
대신 구글 폼에 신청은 꼭 해야하며, 합격증빙 파일 제출 해야 함 (합격한 화면 캡쳐도 가능)
<첨부> 정보통계·보험수리학과 졸업시험 규정
정보통계·보험수리학과장"
statistics,WTW(윌리스타워스왓슨) 채용 공고,,2025.07.11,https://stat.ssu.ac.kr/notice_view.html?category=1&idx=1262&PHPSESSID=c6dbadc5fd71546c05c70e87d0011445,"WTW(윌리스타워스왓슨) 채용 공고
1. 회사명
: WTW (Willis Towers Watson, 윌리스타워스왓슨) — 글로벌 보험계리 컨설팅펌
2. 지원 직무
: Retirement Analyst (퇴직연금 계리업무)
3. 지원자 우대사항
: 보험계리사 혹은 SOA exam 시험 일부 합격자 (최종합격이 아니어도 무방)
4. 첨부 pdf파일의 링크를 이용하여 접수:
Korea Retirement Analyst - Seoul, South Korea
5. 영문이력서 제출 요망
* 자세한 사항(자격요건 외 기타사항) 관련하여 아래 첨부파일을 참조하시길 바랍니다."
statistics,2025학년도 2학기 백마성적우수장학생 선발 기준 안내,,2025.07.08,https://stat.ssu.ac.kr/notice_view.html?category=1&idx=1261&PHPSESSID=c6dbadc5fd71546c05c70e87d0011445,"백마성적우수장학금은 성적 순으로 지급되는 등록금내 선발장학입니다.
장학생 자격요건에 대해 다음과 같이 공지합니다.
< 자격요건 >
가. 2025학년도 2학기 국가장학금을 신청하여 소득분위 조회가 가능한 자
1) 국가장학금 1차 신청자에 한하여 등록금고지서 사전감면
2) 1차 미신청자: 2차 신청/서류제출 확인 후 지급
(2차 신청자 중 한국장학재단 구제신청 시 사후지급)
3) 국가장학금을 신청할 수 없는 대한민국 국적 미소지자도 선발 가능
(단, 순수외국인전형으로 입학한 외국인유학생은 선발 불가)
나. 2025학년도 2학기 재학 및 복학 예정자로 해당 학기 등록금 납부 예정인 자
1) 2025학년도 2학기 前 등록휴학 후 복학 시 선발 대상에서 제외(등록대체자)
2) 학기 중 미등록, 입학취소, 복학취소 등으로 인한 학적변동 시 모든 장학금 취소
3) 선발 후, 학기 중 휴학 시 백마성적우수장학금은 복학 학기로 이월
※ 추가 또는 교체 선발 시 재학 중인 학생만 선발 가능(휴학생에 대한 추가/교체 불가)
다. 직전 학기 15학점 이상 이수한 자(졸업 직전학기는 직전학기 12학점 이상)
라. 2025-2학기가 정규등록학기 8학기 이내인 자(건축학과 건축학전공: 정규등록 10학기 이내인 자)
마. F학점 포함 학적부성적 기준 직전 학기
3.8 이상
인 자
바. 모든 교내장학금간 중복수혜 불가
1) 신청장학금 중 수혜금액이 큰 장학금으로 자동 선발
2) 중복수혜 가능 장학금: 국가장학금, 교외장학금, 학과우수장학금, 기타 학업장려비 지원 목적 장학금 등
사. 졸업예정자 선발 불가(조기졸업 대상자 포함)하므로 유의"
statistics,학년별 교과과정표_2025학년도 기준,,2025.06.27,https://stat.ssu.ac.kr/notice_view.html?category=1&idx=1260&PHPSESSID=c6dbadc5fd71546c05c70e87d0011445,입학년도별(2022-2025) 전공 교과과정표를 첨부하니 확인하시기 바랍니다.
statistics,2025-1학기 인터넷 강의 지원 (~7/4(금)),,2025.06.16,https://stat.ssu.ac.kr/notice_view.html?category=1&idx=1259&PHPSESSID=c6dbadc5fd71546c05c70e87d0011445,". 인터넷 강의 지원 (통계)
​1) 신청기간: 2025월 6월 18일(수)~7월 4일(금) 24시
2) 신청방법: 방학 동안 수강을 희망하는 강의 리스트를 학과 이메일(stat@ssu.ac.kr)로 제출
3) 신청 시 메일 내용:
제목: 인터넷 강의 신청합니다_학번_이름
내용:  학번/본인이름/연락처
강의명/강사명/학원명/가격
* 보험 강의 지원은 보험계리 담당학생(김다은)에게 신청해 주세요.
*자세한 안내사항은 학과 홈페이지 자격시험 취득 및 인터넷 강의 지원에 관한 내규(아래 링크) 확인​
https://stat.ssu.ac.kr/notice_view.html?category=1&idx=464
rtp 2023"
statistics,2025-1학기 자격 시험 취득 지원(~7.4(금)),,2025.06.16,https://stat.ssu.ac.kr/notice_view.html?category=1&idx=1258&PHPSESSID=c6dbadc5fd71546c05c70e87d0011445,"1. 자격 시험 취득 지원
​1) 신청기간: 2025월 6월 18일(수)~7월 4일(금) 23:59
2) 신청방법: https://docs.google.com/forms/d/1Q0ABs5aN0sRWlKltyjfz1ZQ0FkK3bq4XrfFOW_vogi4/edit?pli=1&authuser=0 구글폼 제출 (자격증이 여러 개일 경우 여러 번 응답 제출)
*자세한 안내사항은 학과 홈페이지 자격시험 취득 및 인터넷 강의 지원에 관한 내규(아래 링크) 확인​
https://stat.ssu.ac.kr/notice_view.html?category=1&idx=464"
statistics,2025학년도 기과융 학부생 하계인턴십 모집,,2025.06.02,https://stat.ssu.ac.kr/notice_view.html?category=1&idx=1256&PHPSESSID=c6dbadc5fd71546c05c70e87d0011445,"숭실대학교 기초과학융합연구소에서는 학부 재학생을 대상으로 연구를 직접 수행할 수 있는 기회를 제공하여 우수한 연구 인력 양성 및 대학원 진학을 돕고자 학부생 인턴십 과정을 모집합니다. 대학원 연구실에서 연구책임자(교수)의 지도 아래 대학원생들과 함께 조기에 연구 활동 및 실험실 생활을 경험할 수 있는 인턴십 프로그램을 운영할 예정이오니, 학생 여러분의 많은 참여 바랍니다.
I
1. 모집내용 및 지원대상
• 모집인원: 15명 내외
• 연수기간: 2025년 7월 1일(화) ~ 2025년 8월 31일(일) (2개월)
• 연수장소: 숭실대학교 자연과학대학 교수 연구실 및 실험실
• 모집대상: 2025학년도 1학기 숭실대 자연과학대학 학부 재학생 (휴학생 지원불가)
• 연구장려금: 600,000원 (기타소득 공제전 금액)
I
2. 신청서류 및 제출기간
• [붙임1] 학부생 하계 인턴십 신청서 1부
• 제출기간: 2025년 6월 13일 (금) 까지
I
3. 신청과정 및 유의사항
• 인턴십 참여 희망 학생은 희망 지도교수에게 참여 신청 및 추천서에 확인(도장/서명)을 받고 스캔본(pdf)을 이메일로 제출(iibs_hr@ssu.ac.kr)
• 모집인원 초과시 추첨으로 진행
• 지원금 전액 환수 기준
가. 지도교수는 학생의 불성실 등을 사유로 중단 요청 가능
나. 결과보고서 미제출 시 지원금 전액 미지급
I
4. 결과발표
: 제출기간 후 일주일 이내 선발여부를 메일로 통보
I
5. 결과보고서 제출 및 시상식 일정
• 결과보고서 제출: 2025년 8월 중순
• 우수 결과보고서 시상식: 2025년 9월 초
I
6. <학부생 연구지원 프로그램>
• 모집대상: 하계 인턴십에 참여한 학부생에 한하여 지원자격을 부여
• 모집인원: 2명 내외
• 연수기간: 2025학년도 2학기 (지원액: 30만원/월)
• 자세한 선발방법은 추후 공지
I
감사합니다.
기초과학융합연구소
7. 사이트 링크
사이트 링크"
statistics,2025-1학기 졸업고사 결과,,2025.03.18,https://stat.ssu.ac.kr/notice_view.html?category=1&idx=1253&PHPSESSID=c6dbadc5fd71546c05c70e87d0011445,"2025-1학기 졸업고사 결과(첨부파일 확인)
- 부분합격으로 인정된 과목이 있더라도, 추후 시험에서 평균 60점이 넘지 않은 경우 불합격 처리 됨
- 전체평균 60점 이상이어도 과락(40점 미만)이 있으면 불합격 처리 됨
문의사항은 학번(8자리), 이름과 함께 stat@ssu.ac.kr로 보내주시기 바랍니다."
statistics,"2025학년도 1학기 졸업시험 일정,장소 안내 (2025.03.08)",,2025.03.04,https://stat.ssu.ac.kr/notice_view.html?category=1&idx=1252&PHPSESSID=c6dbadc5fd71546c05c70e87d0011445,"2025학년도 1학기 졸업시험 일정 안내
▶일시: 2025년 3월 8일(토) 09:00~11:10
▶시험 시간표
- 1교시: 수리통계(09:00~10:00)
- 2교시: 회귀분석(10:10~11:10)
장소: 조만식기념관 329호"
statistics,수강신청 공지사항_보험원론,,2025.02.25,https://stat.ssu.ac.kr/notice_view.html?category=1&idx=1251&PHPSESSID=c6dbadc5fd71546c05c70e87d0011445,"정보통계보험수리학과의 ""보험원론(2150538701)""을 수강한 학생들은 금융학부의 ""보험론(2150628901)"" 과목 수강 불가"
statistics,2025-1학기 졸업시험 비치용 문제(회귀분석),,2025.02.18,https://stat.ssu.ac.kr/notice_view.html?category=1&idx=1250&PHPSESSID=c6dbadc5fd71546c05c70e87d0011445,2025-1학기 졸업시험 비치용 문제(~03/07 17:00까지 게시)
statistics,"2025-1학기 졸업시험 비치용 문제(수리통계, 추정검정론)",,2025.02.17,https://stat.ssu.ac.kr/notice_view.html?category=1&idx=1249&PHPSESSID=c6dbadc5fd71546c05c70e87d0011445,2025-1학기 졸업시험 비치용 문제(~03/07 17:00까지 게시)
statistics,2025학년도 1학기 졸업시험 공고(2025.03.08),,2025.02.10,https://stat.ssu.ac.kr/notice_view.html?category=1&idx=1248&PHPSESSID=c6dbadc5fd71546c05c70e87d0011445,"정보통계·보험수리학과
2025학년도 1학기 졸업시험 공고
아래와 같이 2025학년도 1학기 졸업시험을 실시하고자 하니 대상 학생들은 졸업시험 내규를 숙지하여 시험에 응시해 주시기 바랍니다.
(졸업 프로젝트 수행을 희망하는 학생들도 동일한 신청기간 내에 신청해 주시기 바랍니다.)
-신청대상: 정보통계·보험수리학과 5학기 이상 이수한 학생
-일시: 2024년 3월 8일(토) 09:00~11:10
-장소: 추후 공지
-신청기간: 2025년 2월 11일(화)~21일(금)
-신청방법:
https://forms.gle/XxyMX6taC583sxqA6
의 폼 작성하여 제출
* 졸업 프로젝트를 신청하는 경우 학과사무실로 문의
** 2024년 이전에 수리통계, 회귀분석 부분합격한 학생은 시험 볼 필요 없음
대신 구글 폼에 신청은 꼭 해야하며, 합격증빙 파일 제출 해야 함 (합격한 화면 캡쳐도 가능)
<첨부> 정보통계·보험수리학과 졸업시험 규정"
statistics,2025학년도 1학기 백마성적우수장학생 선발 기준 안내,,2025.01.20,https://stat.ssu.ac.kr/notice_view.html?category=1&idx=1247&PHPSESSID=c6dbadc5fd71546c05c70e87d0011445,"백마성적우수장학금은 성적 순으로 지급되는 등록금내 선발장학입니다.
장학생 자격요건에 대해 다음과 같이 공지합니다.
< 자격요건 >
가. 2025학년도 1학기 국가장학금을 신청하여 소득분위 조회가 가능한 자
1) 국가장학금 1차 신청자에 한하여 등록금고지서 사전감면
2) 1차 미신청자: 2차 신청/서류제출 확인 후 지급
(2차 신청자 중 한국장학재단 구제신청 시 사후지급)
3) 국가장학금을 신청할 수 없는 대한민국 국적 미소지자도 선발 가능
(단, 순수외국인전형으로 입학한 외국인유학생은 선발 불가)
나. 2025학년도 1학기 재학 및 복학 예정자로 해당 학기 등록금 납부 예정인 자
1) 2025학년도 1학기 前 등록휴학 후 복학 시 선발 대상에서 제외(등록대체자)
2) 학기 중 미등록, 입학취소, 복학취소 등으로 인한 학적변동 시 모든 장학금 취소
3) 선발 후, 학기 중 휴학 시 백마성적우수장학금은 복학 학기로 이월
※ 추가 또는 교체 선발 시 재학 중인 학생만 선발 가능(휴학생에 대한 추가/교체 불가)
다. 직전 학기 15학점 이상 이수한 자(졸업 직전학기는 직전학기 12학점 이상)
라. 2025-1학기가 정규등록학기 8학기 이내인 자(건축학과 건축학전공: 정규등록 10학
기 이내인 자)
마. F학점 포함 학적부성적 기준 직전 학기
3.8 이상
인 자
바. 모든 교내장학금간 중복수혜 불가
1) 신청장학금 중 수혜금액이 큰 장학금으로 자동 선발
2) 중복수혜 가능 장학금: 국가장학금, 교외장학금, 학과우수장학금, 기타 학업장려비 지원 목적 장학금 등
사. 졸업예정자 선발 불가(조기졸업 대상자 포함)하므로 유의"
statistics,2024-2학기 자격 시험 취득 지원(~12.27(금)),,2024.12.18,https://stat.ssu.ac.kr/notice_view.html?category=1&idx=1246&PHPSESSID=c6dbadc5fd71546c05c70e87d0011445,"1. 자격 시험 취득 지원
​1) 신청기간: 2024월 12월 18일(수)~12월 27일(금) 23:59
2) 신청방법:
https://forms.gle/JTLmGARFkUdAGMkn6
구글폼 제출 (자격증이 여러 개일 경우 여러 번 응답 제출)
*자세한 안내사항은 학과 홈페이지 자격시험 취득 및 인터넷 강의 지원에 관한 내규(아래 링크) 확인​
https://stat.ssu.ac.kr/notice_view.html?category=1&idx=464"
statistics,2025학년도 NEIT-AX 동계 연구소 인턴십 프로그램,,2025.12.01,https://stat.ssu.ac.kr/notice_view.html?category=1&idx=1273&PHPSESSID=fb9ddb596c2bb37597a28edb4e369ac8,"안녕하십니까 기초과학융합연구소입니다.
기초과학융합연구소와 G-LAMP 사업단이 공동으로  NEIT(자연대–공대–IT대)-AX 연구소 인턴십 프로그램을 운영하고 있습니다. 많은 참여 부탁드립니다.
1.연구소 인턴십 프로그램 안내
1) 이공계열 연구소 소속 연구책임자(교수)의 연구실에서 학부 재학생에게 연구 참여 기회를 제공하여 우수한 연구 인력 양성과 대학원 진학 준비를 지원하고자 마련
2) 참여 학생은 연구책임자(교수)의 지도 아래, 연구소 소속 연구실에서 연구원들과 함께 연구 활동에 참여하며, 이를 통해 조기 연구 경험과 실험실 생활을 직접 체험 가능
2.모집내용 및 지원대상
모집대상
자연과학대학, 공과대학, IT대학 학부 2,3학년 재학생
모집인원
85명
연수기간
2026년 1월 1일(목) – 2월 28일(토)
연구장려금
1인, 600,000원
기타소득 공제전 금액
3.신청서류 및 제출기간
•제출서류: [붙임1] 2025학년도 NEIT-AX 동계 연구소 인턴십 신청서 1부
•제출기간: 2025년 12월 12일 (금) 까지
•신청 방법
가. 슈패스 (
https://link24.kr/A46a57N)
– 사이트 로그인 후, 링크 클릭
나. 신청서 제출 방법:
‘[
붙임
1] 2025
학년도
NEIT-AX
동계 연구소 인턴십 신청서
.hwp’
파일을 다운받아 작성. 희망 지도교수에게 참여 신청 및 추천서에 확인(도장/서명)을 받고 스캔본(pdf)을 슈패스로 제출
4.신청과정 및 유의사항
•타 과제 참여 중인 학부 연구생 제외
•지원금 전액 환수 기준
가. 지도교수는 학생의 불성실 등을 사유로 중단 요청 가능
나. 결과보고서 미제출 시 지원금 전액 미지급
5.결과발표
: 제출 기간 후 일주일 이내 선발 여부를 메일로 통보
6.결과보고서 제출 및 시상식 일정
•결과보고서 제출: 2026년 2월 중순, 슈패스로 제출
•우수 결과보고서 시상식: 2026년 3월 초
7. 이메일 문의
•자연과학대학: 기초과학융합연구소 iibs_hr@ssu.ac.kr
•공과대학, IT대학: G-LAMP사업단 g-lamp_hr@ssu.ac.kr
•정보통계보험수리학과: 정원일 교수 wchung@ssu.ac.kr"
statistics,2025-2학기 졸업시험 결과,,2025.09.16,https://stat.ssu.ac.kr/notice_view.html?category=1&idx=1269&PHPSESSID=fb9ddb596c2bb37597a28edb4e369ac8,"2025-2학기 졸업시험 결과(첨부파일 확인)
- 부분합격으로 인정된 과목이 있더라도, 추후 시험에서 평균 60점이 넘지 않은 경우 불합격 처리 됨
- 전체평균 60점 이상이어도 과락(40점 미만)이 있으면 불합격 처리 됨
문의사항은 학번(8자리), 이름과 함께 stat@ssu.ac.kr로 보내주시기 바랍니다."
statistics,"2025학년도 2학기 졸업시험 일정,장소 안내 (2025.09.06)",,2025.09.01,https://stat.ssu.ac.kr/notice_view.html?category=1&idx=1266&PHPSESSID=fb9ddb596c2bb37597a28edb4e369ac8,"2025학년도 2학기 졸업시험 일정 안내
▶일시: 2025년 9월 6일(토) 09:30~11:40
▶시험 시간표
- 1교시: 수리통계(09:30~10:30)
- 2교시: 회귀분석(10:40~11:40)
장소: 조만식기념관 311호"
statistics,"2025-2학기 졸업시험 비치용 문제(수리통계, 추정검정론)",,2025.08.18,https://stat.ssu.ac.kr/notice_view.html?category=1&idx=1265&PHPSESSID=fb9ddb596c2bb37597a28edb4e369ac8,2025-2학기 졸업시험 비치용 문제(~09/05 17:00까지 게시)
statistics,2025-2학기 졸업시험 비치용 문제(회귀분석),,2025.08.05,https://stat.ssu.ac.kr/notice_view.html?category=1&idx=1264&PHPSESSID=fb9ddb596c2bb37597a28edb4e369ac8,2025-2학기 졸업시험 비치용 문제(~09/05 17:00까지 게시)
statistics,2025학년도 2학기 졸업시험 공고(2025.09.06.),,2025.07.28,https://stat.ssu.ac.kr/notice_view.html?category=1&idx=1263&PHPSESSID=fb9ddb596c2bb37597a28edb4e369ac8,"정보통계·보험수리학과
2025학년도 2학기 졸업시험 공고
아래와 같이 2025학년도 2학기 졸업시험을 실시하고자 하니 대상 학생들은 졸업시험 내규를 숙지하여 시험에 응시해 주시기 바랍니다.
(졸업 프로젝트 수행을 희망하는 학생들도 동일한 신청기간 내에 신청해 주시기 바랍니다.)
-신청대상: 정보통계·보험수리학과 5학기 이상 이수한 학생
-일시: 2025년 9월 6일(토) 10:00~12:00
-장소: 추후 공지
-신청기간: 2025년 8월 4일(월)~22일(금)
-신청방법:
https://forms.gle/xWnw26em1riH64LP8
의 폼 작성하여 제출
* 졸업 프로젝트를 신청하는 경우 학과사무실로 문의
** 2024년 이전에 수리통계, 회귀분석 부분합격한 학생은 시험 볼 필요 없음
대신 구글 폼에 신청은 꼭 해야하며, 합격증빙 파일 제출 해야 함 (합격한 화면 캡쳐도 가능)
<첨부> 정보통계·보험수리학과 졸업시험 규정
정보통계·보험수리학과장"
statistics,WTW(윌리스타워스왓슨) 채용 공고,,2025.07.11,https://stat.ssu.ac.kr/notice_view.html?category=1&idx=1262&PHPSESSID=fb9ddb596c2bb37597a28edb4e369ac8,"WTW(윌리스타워스왓슨) 채용 공고
1. 회사명
: WTW (Willis Towers Watson, 윌리스타워스왓슨) — 글로벌 보험계리 컨설팅펌
2. 지원 직무
: Retirement Analyst (퇴직연금 계리업무)
3. 지원자 우대사항
: 보험계리사 혹은 SOA exam 시험 일부 합격자 (최종합격이 아니어도 무방)
4. 첨부 pdf파일의 링크를 이용하여 접수:
Korea Retirement Analyst - Seoul, South Korea
5. 영문이력서 제출 요망
* 자세한 사항(자격요건 외 기타사항) 관련하여 아래 첨부파일을 참조하시길 바랍니다."
statistics,2025학년도 2학기 백마성적우수장학생 선발 기준 안내,,2025.07.08,https://stat.ssu.ac.kr/notice_view.html?category=1&idx=1261&PHPSESSID=fb9ddb596c2bb37597a28edb4e369ac8,"백마성적우수장학금은 성적 순으로 지급되는 등록금내 선발장학입니다.
장학생 자격요건에 대해 다음과 같이 공지합니다.
< 자격요건 >
가. 2025학년도 2학기 국가장학금을 신청하여 소득분위 조회가 가능한 자
1) 국가장학금 1차 신청자에 한하여 등록금고지서 사전감면
2) 1차 미신청자: 2차 신청/서류제출 확인 후 지급
(2차 신청자 중 한국장학재단 구제신청 시 사후지급)
3) 국가장학금을 신청할 수 없는 대한민국 국적 미소지자도 선발 가능
(단, 순수외국인전형으로 입학한 외국인유학생은 선발 불가)
나. 2025학년도 2학기 재학 및 복학 예정자로 해당 학기 등록금 납부 예정인 자
1) 2025학년도 2학기 前 등록휴학 후 복학 시 선발 대상에서 제외(등록대체자)
2) 학기 중 미등록, 입학취소, 복학취소 등으로 인한 학적변동 시 모든 장학금 취소
3) 선발 후, 학기 중 휴학 시 백마성적우수장학금은 복학 학기로 이월
※ 추가 또는 교체 선발 시 재학 중인 학생만 선발 가능(휴학생에 대한 추가/교체 불가)
다. 직전 학기 15학점 이상 이수한 자(졸업 직전학기는 직전학기 12학점 이상)
라. 2025-2학기가 정규등록학기 8학기 이내인 자(건축학과 건축학전공: 정규등록 10학기 이내인 자)
마. F학점 포함 학적부성적 기준 직전 학기
3.8 이상
인 자
바. 모든 교내장학금간 중복수혜 불가
1) 신청장학금 중 수혜금액이 큰 장학금으로 자동 선발
2) 중복수혜 가능 장학금: 국가장학금, 교외장학금, 학과우수장학금, 기타 학업장려비 지원 목적 장학금 등
사. 졸업예정자 선발 불가(조기졸업 대상자 포함)하므로 유의"
statistics,학년별 교과과정표_2025학년도 기준,,2025.06.27,https://stat.ssu.ac.kr/notice_view.html?category=1&idx=1260&PHPSESSID=fb9ddb596c2bb37597a28edb4e369ac8,입학년도별(2022-2025) 전공 교과과정표를 첨부하니 확인하시기 바랍니다.
statistics,2025-1학기 인터넷 강의 지원 (~7/4(금)),,2025.06.16,https://stat.ssu.ac.kr/notice_view.html?category=1&idx=1259&PHPSESSID=fb9ddb596c2bb37597a28edb4e369ac8,". 인터넷 강의 지원 (통계)
​1) 신청기간: 2025월 6월 18일(수)~7월 4일(금) 24시
2) 신청방법: 방학 동안 수강을 희망하는 강의 리스트를 학과 이메일(stat@ssu.ac.kr)로 제출
3) 신청 시 메일 내용:
제목: 인터넷 강의 신청합니다_학번_이름
내용:  학번/본인이름/연락처
강의명/강사명/학원명/가격
* 보험 강의 지원은 보험계리 담당학생(김다은)에게 신청해 주세요.
*자세한 안내사항은 학과 홈페이지 자격시험 취득 및 인터넷 강의 지원에 관한 내규(아래 링크) 확인​
https://stat.ssu.ac.kr/notice_view.html?category=1&idx=464
rtp 2023"
statistics,2025-1학기 자격 시험 취득 지원(~7.4(금)),,2025.06.16,https://stat.ssu.ac.kr/notice_view.html?category=1&idx=1258&PHPSESSID=fb9ddb596c2bb37597a28edb4e369ac8,"1. 자격 시험 취득 지원
​1) 신청기간: 2025월 6월 18일(수)~7월 4일(금) 23:59
2) 신청방법: https://docs.google.com/forms/d/1Q0ABs5aN0sRWlKltyjfz1ZQ0FkK3bq4XrfFOW_vogi4/edit?pli=1&authuser=0 구글폼 제출 (자격증이 여러 개일 경우 여러 번 응답 제출)
*자세한 안내사항은 학과 홈페이지 자격시험 취득 및 인터넷 강의 지원에 관한 내규(아래 링크) 확인​
https://stat.ssu.ac.kr/notice_view.html?category=1&idx=464"
statistics,2025학년도 기과융 학부생 하계인턴십 모집,,2025.06.02,https://stat.ssu.ac.kr/notice_view.html?category=1&idx=1256&PHPSESSID=fb9ddb596c2bb37597a28edb4e369ac8,"숭실대학교 기초과학융합연구소에서는 학부 재학생을 대상으로 연구를 직접 수행할 수 있는 기회를 제공하여 우수한 연구 인력 양성 및 대학원 진학을 돕고자 학부생 인턴십 과정을 모집합니다. 대학원 연구실에서 연구책임자(교수)의 지도 아래 대학원생들과 함께 조기에 연구 활동 및 실험실 생활을 경험할 수 있는 인턴십 프로그램을 운영할 예정이오니, 학생 여러분의 많은 참여 바랍니다.
I
1. 모집내용 및 지원대상
• 모집인원: 15명 내외
• 연수기간: 2025년 7월 1일(화) ~ 2025년 8월 31일(일) (2개월)
• 연수장소: 숭실대학교 자연과학대학 교수 연구실 및 실험실
• 모집대상: 2025학년도 1학기 숭실대 자연과학대학 학부 재학생 (휴학생 지원불가)
• 연구장려금: 600,000원 (기타소득 공제전 금액)
I
2. 신청서류 및 제출기간
• [붙임1] 학부생 하계 인턴십 신청서 1부
• 제출기간: 2025년 6월 13일 (금) 까지
I
3. 신청과정 및 유의사항
• 인턴십 참여 희망 학생은 희망 지도교수에게 참여 신청 및 추천서에 확인(도장/서명)을 받고 스캔본(pdf)을 이메일로 제출(iibs_hr@ssu.ac.kr)
• 모집인원 초과시 추첨으로 진행
• 지원금 전액 환수 기준
가. 지도교수는 학생의 불성실 등을 사유로 중단 요청 가능
나. 결과보고서 미제출 시 지원금 전액 미지급
I
4. 결과발표
: 제출기간 후 일주일 이내 선발여부를 메일로 통보
I
5. 결과보고서 제출 및 시상식 일정
• 결과보고서 제출: 2025년 8월 중순
• 우수 결과보고서 시상식: 2025년 9월 초
I
6. <학부생 연구지원 프로그램>
• 모집대상: 하계 인턴십에 참여한 학부생에 한하여 지원자격을 부여
• 모집인원: 2명 내외
• 연수기간: 2025학년도 2학기 (지원액: 30만원/월)
• 자세한 선발방법은 추후 공지
I
감사합니다.
기초과학융합연구소
7. 사이트 링크
사이트 링크"
statistics,2025-1학기 졸업고사 결과,,2025.03.18,https://stat.ssu.ac.kr/notice_view.html?category=1&idx=1253&PHPSESSID=fb9ddb596c2bb37597a28edb4e369ac8,"2025-1학기 졸업고사 결과(첨부파일 확인)
- 부분합격으로 인정된 과목이 있더라도, 추후 시험에서 평균 60점이 넘지 않은 경우 불합격 처리 됨
- 전체평균 60점 이상이어도 과락(40점 미만)이 있으면 불합격 처리 됨
문의사항은 학번(8자리), 이름과 함께 stat@ssu.ac.kr로 보내주시기 바랍니다."
statistics,"2025학년도 1학기 졸업시험 일정,장소 안내 (2025.03.08)",,2025.03.04,https://stat.ssu.ac.kr/notice_view.html?category=1&idx=1252&PHPSESSID=fb9ddb596c2bb37597a28edb4e369ac8,"2025학년도 1학기 졸업시험 일정 안내
▶일시: 2025년 3월 8일(토) 09:00~11:10
▶시험 시간표
- 1교시: 수리통계(09:00~10:00)
- 2교시: 회귀분석(10:10~11:10)
장소: 조만식기념관 329호"
statistics,수강신청 공지사항_보험원론,,2025.02.25,https://stat.ssu.ac.kr/notice_view.html?category=1&idx=1251&PHPSESSID=fb9ddb596c2bb37597a28edb4e369ac8,"정보통계보험수리학과의 ""보험원론(2150538701)""을 수강한 학생들은 금융학부의 ""보험론(2150628901)"" 과목 수강 불가"
statistics,2025-1학기 졸업시험 비치용 문제(회귀분석),,2025.02.18,https://stat.ssu.ac.kr/notice_view.html?category=1&idx=1250&PHPSESSID=fb9ddb596c2bb37597a28edb4e369ac8,2025-1학기 졸업시험 비치용 문제(~03/07 17:00까지 게시)
statistics,"2025-1학기 졸업시험 비치용 문제(수리통계, 추정검정론)",,2025.02.17,https://stat.ssu.ac.kr/notice_view.html?category=1&idx=1249&PHPSESSID=fb9ddb596c2bb37597a28edb4e369ac8,2025-1학기 졸업시험 비치용 문제(~03/07 17:00까지 게시)
statistics,2025학년도 1학기 졸업시험 공고(2025.03.08),,2025.02.10,https://stat.ssu.ac.kr/notice_view.html?category=1&idx=1248&PHPSESSID=fb9ddb596c2bb37597a28edb4e369ac8,"정보통계·보험수리학과
2025학년도 1학기 졸업시험 공고
아래와 같이 2025학년도 1학기 졸업시험을 실시하고자 하니 대상 학생들은 졸업시험 내규를 숙지하여 시험에 응시해 주시기 바랍니다.
(졸업 프로젝트 수행을 희망하는 학생들도 동일한 신청기간 내에 신청해 주시기 바랍니다.)
-신청대상: 정보통계·보험수리학과 5학기 이상 이수한 학생
-일시: 2024년 3월 8일(토) 09:00~11:10
-장소: 추후 공지
-신청기간: 2025년 2월 11일(화)~21일(금)
-신청방법:
https://forms.gle/XxyMX6taC583sxqA6
의 폼 작성하여 제출
* 졸업 프로젝트를 신청하는 경우 학과사무실로 문의
** 2024년 이전에 수리통계, 회귀분석 부분합격한 학생은 시험 볼 필요 없음
대신 구글 폼에 신청은 꼭 해야하며, 합격증빙 파일 제출 해야 함 (합격한 화면 캡쳐도 가능)
<첨부> 정보통계·보험수리학과 졸업시험 규정"
statistics,2025학년도 1학기 백마성적우수장학생 선발 기준 안내,,2025.01.20,https://stat.ssu.ac.kr/notice_view.html?category=1&idx=1247&PHPSESSID=fb9ddb596c2bb37597a28edb4e369ac8,"백마성적우수장학금은 성적 순으로 지급되는 등록금내 선발장학입니다.
장학생 자격요건에 대해 다음과 같이 공지합니다.
< 자격요건 >
가. 2025학년도 1학기 국가장학금을 신청하여 소득분위 조회가 가능한 자
1) 국가장학금 1차 신청자에 한하여 등록금고지서 사전감면
2) 1차 미신청자: 2차 신청/서류제출 확인 후 지급
(2차 신청자 중 한국장학재단 구제신청 시 사후지급)
3) 국가장학금을 신청할 수 없는 대한민국 국적 미소지자도 선발 가능
(단, 순수외국인전형으로 입학한 외국인유학생은 선발 불가)
나. 2025학년도 1학기 재학 및 복학 예정자로 해당 학기 등록금 납부 예정인 자
1) 2025학년도 1학기 前 등록휴학 후 복학 시 선발 대상에서 제외(등록대체자)
2) 학기 중 미등록, 입학취소, 복학취소 등으로 인한 학적변동 시 모든 장학금 취소
3) 선발 후, 학기 중 휴학 시 백마성적우수장학금은 복학 학기로 이월
※ 추가 또는 교체 선발 시 재학 중인 학생만 선발 가능(휴학생에 대한 추가/교체 불가)
다. 직전 학기 15학점 이상 이수한 자(졸업 직전학기는 직전학기 12학점 이상)
라. 2025-1학기가 정규등록학기 8학기 이내인 자(건축학과 건축학전공: 정규등록 10학
기 이내인 자)
마. F학점 포함 학적부성적 기준 직전 학기
3.8 이상
인 자
바. 모든 교내장학금간 중복수혜 불가
1) 신청장학금 중 수혜금액이 큰 장학금으로 자동 선발
2) 중복수혜 가능 장학금: 국가장학금, 교외장학금, 학과우수장학금, 기타 학업장려비 지원 목적 장학금 등
사. 졸업예정자 선발 불가(조기졸업 대상자 포함)하므로 유의"
statistics,2024-2학기 자격 시험 취득 지원(~12.27(금)),,2024.12.18,https://stat.ssu.ac.kr/notice_view.html?category=1&idx=1246&PHPSESSID=fb9ddb596c2bb37597a28edb4e369ac8,"1. 자격 시험 취득 지원
​1) 신청기간: 2024월 12월 18일(수)~12월 27일(금) 23:59
2) 신청방법:
https://forms.gle/JTLmGARFkUdAGMkn6
구글폼 제출 (자격증이 여러 개일 경우 여러 번 응답 제출)
*자세한 안내사항은 학과 홈페이지 자격시험 취득 및 인터넷 강의 지원에 관한 내규(아래 링크) 확인​
https://stat.ssu.ac.kr/notice_view.html?category=1&idx=464"
statistics,2025학년도 NEIT-AX 동계 연구소 인턴십 프로그램,,2025.12.01,https://stat.ssu.ac.kr/notice_view.html?category=1&idx=1273&PHPSESSID=64611f39b1c590e13e558aecb323c443,"안녕하십니까 기초과학융합연구소입니다.
기초과학융합연구소와 G-LAMP 사업단이 공동으로  NEIT(자연대–공대–IT대)-AX 연구소 인턴십 프로그램을 운영하고 있습니다. 많은 참여 부탁드립니다.
1.연구소 인턴십 프로그램 안내
1) 이공계열 연구소 소속 연구책임자(교수)의 연구실에서 학부 재학생에게 연구 참여 기회를 제공하여 우수한 연구 인력 양성과 대학원 진학 준비를 지원하고자 마련
2) 참여 학생은 연구책임자(교수)의 지도 아래, 연구소 소속 연구실에서 연구원들과 함께 연구 활동에 참여하며, 이를 통해 조기 연구 경험과 실험실 생활을 직접 체험 가능
2.모집내용 및 지원대상
모집대상
자연과학대학, 공과대학, IT대학 학부 2,3학년 재학생
모집인원
85명
연수기간
2026년 1월 1일(목) – 2월 28일(토)
연구장려금
1인, 600,000원
기타소득 공제전 금액
3.신청서류 및 제출기간
•제출서류: [붙임1] 2025학년도 NEIT-AX 동계 연구소 인턴십 신청서 1부
•제출기간: 2025년 12월 12일 (금) 까지
•신청 방법
가. 슈패스 (
https://link24.kr/A46a57N)
– 사이트 로그인 후, 링크 클릭
나. 신청서 제출 방법:
‘[
붙임
1] 2025
학년도
NEIT-AX
동계 연구소 인턴십 신청서
.hwp’
파일을 다운받아 작성. 희망 지도교수에게 참여 신청 및 추천서에 확인(도장/서명)을 받고 스캔본(pdf)을 슈패스로 제출
4.신청과정 및 유의사항
•타 과제 참여 중인 학부 연구생 제외
•지원금 전액 환수 기준
가. 지도교수는 학생의 불성실 등을 사유로 중단 요청 가능
나. 결과보고서 미제출 시 지원금 전액 미지급
5.결과발표
: 제출 기간 후 일주일 이내 선발 여부를 메일로 통보
6.결과보고서 제출 및 시상식 일정
•결과보고서 제출: 2026년 2월 중순, 슈패스로 제출
•우수 결과보고서 시상식: 2026년 3월 초
7. 이메일 문의
•자연과학대학: 기초과학융합연구소 iibs_hr@ssu.ac.kr
•공과대학, IT대학: G-LAMP사업단 g-lamp_hr@ssu.ac.kr
•정보통계보험수리학과: 정원일 교수 wchung@ssu.ac.kr"
statistics,2025-2학기 졸업시험 결과,,2025.09.16,https://stat.ssu.ac.kr/notice_view.html?category=1&idx=1269&PHPSESSID=64611f39b1c590e13e558aecb323c443,"2025-2학기 졸업시험 결과(첨부파일 확인)
- 부분합격으로 인정된 과목이 있더라도, 추후 시험에서 평균 60점이 넘지 않은 경우 불합격 처리 됨
- 전체평균 60점 이상이어도 과락(40점 미만)이 있으면 불합격 처리 됨
문의사항은 학번(8자리), 이름과 함께 stat@ssu.ac.kr로 보내주시기 바랍니다."
statistics,"2025학년도 2학기 졸업시험 일정,장소 안내 (2025.09.06)",,2025.09.01,https://stat.ssu.ac.kr/notice_view.html?category=1&idx=1266&PHPSESSID=64611f39b1c590e13e558aecb323c443,"2025학년도 2학기 졸업시험 일정 안내
▶일시: 2025년 9월 6일(토) 09:30~11:40
▶시험 시간표
- 1교시: 수리통계(09:30~10:30)
- 2교시: 회귀분석(10:40~11:40)
장소: 조만식기념관 311호"
statistics,"2025-2학기 졸업시험 비치용 문제(수리통계, 추정검정론)",,2025.08.18,https://stat.ssu.ac.kr/notice_view.html?category=1&idx=1265&PHPSESSID=64611f39b1c590e13e558aecb323c443,2025-2학기 졸업시험 비치용 문제(~09/05 17:00까지 게시)
statistics,2025-2학기 졸업시험 비치용 문제(회귀분석),,2025.08.05,https://stat.ssu.ac.kr/notice_view.html?category=1&idx=1264&PHPSESSID=64611f39b1c590e13e558aecb323c443,2025-2학기 졸업시험 비치용 문제(~09/05 17:00까지 게시)
statistics,2025학년도 2학기 졸업시험 공고(2025.09.06.),,2025.07.28,https://stat.ssu.ac.kr/notice_view.html?category=1&idx=1263&PHPSESSID=64611f39b1c590e13e558aecb323c443,"정보통계·보험수리학과
2025학년도 2학기 졸업시험 공고
아래와 같이 2025학년도 2학기 졸업시험을 실시하고자 하니 대상 학생들은 졸업시험 내규를 숙지하여 시험에 응시해 주시기 바랍니다.
(졸업 프로젝트 수행을 희망하는 학생들도 동일한 신청기간 내에 신청해 주시기 바랍니다.)
-신청대상: 정보통계·보험수리학과 5학기 이상 이수한 학생
-일시: 2025년 9월 6일(토) 10:00~12:00
-장소: 추후 공지
-신청기간: 2025년 8월 4일(월)~22일(금)
-신청방법:
https://forms.gle/xWnw26em1riH64LP8
의 폼 작성하여 제출
* 졸업 프로젝트를 신청하는 경우 학과사무실로 문의
** 2024년 이전에 수리통계, 회귀분석 부분합격한 학생은 시험 볼 필요 없음
대신 구글 폼에 신청은 꼭 해야하며, 합격증빙 파일 제출 해야 함 (합격한 화면 캡쳐도 가능)
<첨부> 정보통계·보험수리학과 졸업시험 규정
정보통계·보험수리학과장"
statistics,WTW(윌리스타워스왓슨) 채용 공고,,2025.07.11,https://stat.ssu.ac.kr/notice_view.html?category=1&idx=1262&PHPSESSID=64611f39b1c590e13e558aecb323c443,"WTW(윌리스타워스왓슨) 채용 공고
1. 회사명
: WTW (Willis Towers Watson, 윌리스타워스왓슨) — 글로벌 보험계리 컨설팅펌
2. 지원 직무
: Retirement Analyst (퇴직연금 계리업무)
3. 지원자 우대사항
: 보험계리사 혹은 SOA exam 시험 일부 합격자 (최종합격이 아니어도 무방)
4. 첨부 pdf파일의 링크를 이용하여 접수:
Korea Retirement Analyst - Seoul, South Korea
5. 영문이력서 제출 요망
* 자세한 사항(자격요건 외 기타사항) 관련하여 아래 첨부파일을 참조하시길 바랍니다."
statistics,2025학년도 2학기 백마성적우수장학생 선발 기준 안내,,2025.07.08,https://stat.ssu.ac.kr/notice_view.html?category=1&idx=1261&PHPSESSID=64611f39b1c590e13e558aecb323c443,"백마성적우수장학금은 성적 순으로 지급되는 등록금내 선발장학입니다.
장학생 자격요건에 대해 다음과 같이 공지합니다.
< 자격요건 >
가. 2025학년도 2학기 국가장학금을 신청하여 소득분위 조회가 가능한 자
1) 국가장학금 1차 신청자에 한하여 등록금고지서 사전감면
2) 1차 미신청자: 2차 신청/서류제출 확인 후 지급
(2차 신청자 중 한국장학재단 구제신청 시 사후지급)
3) 국가장학금을 신청할 수 없는 대한민국 국적 미소지자도 선발 가능
(단, 순수외국인전형으로 입학한 외국인유학생은 선발 불가)
나. 2025학년도 2학기 재학 및 복학 예정자로 해당 학기 등록금 납부 예정인 자
1) 2025학년도 2학기 前 등록휴학 후 복학 시 선발 대상에서 제외(등록대체자)
2) 학기 중 미등록, 입학취소, 복학취소 등으로 인한 학적변동 시 모든 장학금 취소
3) 선발 후, 학기 중 휴학 시 백마성적우수장학금은 복학 학기로 이월
※ 추가 또는 교체 선발 시 재학 중인 학생만 선발 가능(휴학생에 대한 추가/교체 불가)
다. 직전 학기 15학점 이상 이수한 자(졸업 직전학기는 직전학기 12학점 이상)
라. 2025-2학기가 정규등록학기 8학기 이내인 자(건축학과 건축학전공: 정규등록 10학기 이내인 자)
마. F학점 포함 학적부성적 기준 직전 학기
3.8 이상
인 자
바. 모든 교내장학금간 중복수혜 불가
1) 신청장학금 중 수혜금액이 큰 장학금으로 자동 선발
2) 중복수혜 가능 장학금: 국가장학금, 교외장학금, 학과우수장학금, 기타 학업장려비 지원 목적 장학금 등
사. 졸업예정자 선발 불가(조기졸업 대상자 포함)하므로 유의"
statistics,학년별 교과과정표_2025학년도 기준,,2025.06.27,https://stat.ssu.ac.kr/notice_view.html?category=1&idx=1260&PHPSESSID=64611f39b1c590e13e558aecb323c443,입학년도별(2022-2025) 전공 교과과정표를 첨부하니 확인하시기 바랍니다.
statistics,2025-1학기 인터넷 강의 지원 (~7/4(금)),,2025.06.16,https://stat.ssu.ac.kr/notice_view.html?category=1&idx=1259&PHPSESSID=64611f39b1c590e13e558aecb323c443,". 인터넷 강의 지원 (통계)
​1) 신청기간: 2025월 6월 18일(수)~7월 4일(금) 24시
2) 신청방법: 방학 동안 수강을 희망하는 강의 리스트를 학과 이메일(stat@ssu.ac.kr)로 제출
3) 신청 시 메일 내용:
제목: 인터넷 강의 신청합니다_학번_이름
내용:  학번/본인이름/연락처
강의명/강사명/학원명/가격
* 보험 강의 지원은 보험계리 담당학생(김다은)에게 신청해 주세요.
*자세한 안내사항은 학과 홈페이지 자격시험 취득 및 인터넷 강의 지원에 관한 내규(아래 링크) 확인​
https://stat.ssu.ac.kr/notice_view.html?category=1&idx=464
rtp 2023"
statistics,2025-1학기 자격 시험 취득 지원(~7.4(금)),,2025.06.16,https://stat.ssu.ac.kr/notice_view.html?category=1&idx=1258&PHPSESSID=64611f39b1c590e13e558aecb323c443,"1. 자격 시험 취득 지원
​1) 신청기간: 2025월 6월 18일(수)~7월 4일(금) 23:59
2) 신청방법: https://docs.google.com/forms/d/1Q0ABs5aN0sRWlKltyjfz1ZQ0FkK3bq4XrfFOW_vogi4/edit?pli=1&authuser=0 구글폼 제출 (자격증이 여러 개일 경우 여러 번 응답 제출)
*자세한 안내사항은 학과 홈페이지 자격시험 취득 및 인터넷 강의 지원에 관한 내규(아래 링크) 확인​
https://stat.ssu.ac.kr/notice_view.html?category=1&idx=464"
statistics,2025학년도 기과융 학부생 하계인턴십 모집,,2025.06.02,https://stat.ssu.ac.kr/notice_view.html?category=1&idx=1256&PHPSESSID=64611f39b1c590e13e558aecb323c443,"숭실대학교 기초과학융합연구소에서는 학부 재학생을 대상으로 연구를 직접 수행할 수 있는 기회를 제공하여 우수한 연구 인력 양성 및 대학원 진학을 돕고자 학부생 인턴십 과정을 모집합니다. 대학원 연구실에서 연구책임자(교수)의 지도 아래 대학원생들과 함께 조기에 연구 활동 및 실험실 생활을 경험할 수 있는 인턴십 프로그램을 운영할 예정이오니, 학생 여러분의 많은 참여 바랍니다.
I
1. 모집내용 및 지원대상
• 모집인원: 15명 내외
• 연수기간: 2025년 7월 1일(화) ~ 2025년 8월 31일(일) (2개월)
• 연수장소: 숭실대학교 자연과학대학 교수 연구실 및 실험실
• 모집대상: 2025학년도 1학기 숭실대 자연과학대학 학부 재학생 (휴학생 지원불가)
• 연구장려금: 600,000원 (기타소득 공제전 금액)
I
2. 신청서류 및 제출기간
• [붙임1] 학부생 하계 인턴십 신청서 1부
• 제출기간: 2025년 6월 13일 (금) 까지
I
3. 신청과정 및 유의사항
• 인턴십 참여 희망 학생은 희망 지도교수에게 참여 신청 및 추천서에 확인(도장/서명)을 받고 스캔본(pdf)을 이메일로 제출(iibs_hr@ssu.ac.kr)
• 모집인원 초과시 추첨으로 진행
• 지원금 전액 환수 기준
가. 지도교수는 학생의 불성실 등을 사유로 중단 요청 가능
나. 결과보고서 미제출 시 지원금 전액 미지급
I
4. 결과발표
: 제출기간 후 일주일 이내 선발여부를 메일로 통보
I
5. 결과보고서 제출 및 시상식 일정
• 결과보고서 제출: 2025년 8월 중순
• 우수 결과보고서 시상식: 2025년 9월 초
I
6. <학부생 연구지원 프로그램>
• 모집대상: 하계 인턴십에 참여한 학부생에 한하여 지원자격을 부여
• 모집인원: 2명 내외
• 연수기간: 2025학년도 2학기 (지원액: 30만원/월)
• 자세한 선발방법은 추후 공지
I
감사합니다.
기초과학융합연구소
7. 사이트 링크
사이트 링크"
statistics,2025-1학기 졸업고사 결과,,2025.03.18,https://stat.ssu.ac.kr/notice_view.html?category=1&idx=1253&PHPSESSID=64611f39b1c590e13e558aecb323c443,"2025-1학기 졸업고사 결과(첨부파일 확인)
- 부분합격으로 인정된 과목이 있더라도, 추후 시험에서 평균 60점이 넘지 않은 경우 불합격 처리 됨
- 전체평균 60점 이상이어도 과락(40점 미만)이 있으면 불합격 처리 됨
문의사항은 학번(8자리), 이름과 함께 stat@ssu.ac.kr로 보내주시기 바랍니다."
statistics,"2025학년도 1학기 졸업시험 일정,장소 안내 (2025.03.08)",,2025.03.04,https://stat.ssu.ac.kr/notice_view.html?category=1&idx=1252&PHPSESSID=64611f39b1c590e13e558aecb323c443,"2025학년도 1학기 졸업시험 일정 안내
▶일시: 2025년 3월 8일(토) 09:00~11:10
▶시험 시간표
- 1교시: 수리통계(09:00~10:00)
- 2교시: 회귀분석(10:10~11:10)
장소: 조만식기념관 329호"
statistics,수강신청 공지사항_보험원론,,2025.02.25,https://stat.ssu.ac.kr/notice_view.html?category=1&idx=1251&PHPSESSID=64611f39b1c590e13e558aecb323c443,"정보통계보험수리학과의 ""보험원론(2150538701)""을 수강한 학생들은 금융학부의 ""보험론(2150628901)"" 과목 수강 불가"
statistics,2025-1학기 졸업시험 비치용 문제(회귀분석),,2025.02.18,https://stat.ssu.ac.kr/notice_view.html?category=1&idx=1250&PHPSESSID=64611f39b1c590e13e558aecb323c443,2025-1학기 졸업시험 비치용 문제(~03/07 17:00까지 게시)
statistics,"2025-1학기 졸업시험 비치용 문제(수리통계, 추정검정론)",,2025.02.17,https://stat.ssu.ac.kr/notice_view.html?category=1&idx=1249&PHPSESSID=64611f39b1c590e13e558aecb323c443,2025-1학기 졸업시험 비치용 문제(~03/07 17:00까지 게시)
statistics,2025학년도 1학기 졸업시험 공고(2025.03.08),,2025.02.10,https://stat.ssu.ac.kr/notice_view.html?category=1&idx=1248&PHPSESSID=64611f39b1c590e13e558aecb323c443,"정보통계·보험수리학과
2025학년도 1학기 졸업시험 공고
아래와 같이 2025학년도 1학기 졸업시험을 실시하고자 하니 대상 학생들은 졸업시험 내규를 숙지하여 시험에 응시해 주시기 바랍니다.
(졸업 프로젝트 수행을 희망하는 학생들도 동일한 신청기간 내에 신청해 주시기 바랍니다.)
-신청대상: 정보통계·보험수리학과 5학기 이상 이수한 학생
-일시: 2024년 3월 8일(토) 09:00~11:10
-장소: 추후 공지
-신청기간: 2025년 2월 11일(화)~21일(금)
-신청방법:
https://forms.gle/XxyMX6taC583sxqA6
의 폼 작성하여 제출
* 졸업 프로젝트를 신청하는 경우 학과사무실로 문의
** 2024년 이전에 수리통계, 회귀분석 부분합격한 학생은 시험 볼 필요 없음
대신 구글 폼에 신청은 꼭 해야하며, 합격증빙 파일 제출 해야 함 (합격한 화면 캡쳐도 가능)
<첨부> 정보통계·보험수리학과 졸업시험 규정"
statistics,2025학년도 1학기 백마성적우수장학생 선발 기준 안내,,2025.01.20,https://stat.ssu.ac.kr/notice_view.html?category=1&idx=1247&PHPSESSID=64611f39b1c590e13e558aecb323c443,"백마성적우수장학금은 성적 순으로 지급되는 등록금내 선발장학입니다.
장학생 자격요건에 대해 다음과 같이 공지합니다.
< 자격요건 >
가. 2025학년도 1학기 국가장학금을 신청하여 소득분위 조회가 가능한 자
1) 국가장학금 1차 신청자에 한하여 등록금고지서 사전감면
2) 1차 미신청자: 2차 신청/서류제출 확인 후 지급
(2차 신청자 중 한국장학재단 구제신청 시 사후지급)
3) 국가장학금을 신청할 수 없는 대한민국 국적 미소지자도 선발 가능
(단, 순수외국인전형으로 입학한 외국인유학생은 선발 불가)
나. 2025학년도 1학기 재학 및 복학 예정자로 해당 학기 등록금 납부 예정인 자
1) 2025학년도 1학기 前 등록휴학 후 복학 시 선발 대상에서 제외(등록대체자)
2) 학기 중 미등록, 입학취소, 복학취소 등으로 인한 학적변동 시 모든 장학금 취소
3) 선발 후, 학기 중 휴학 시 백마성적우수장학금은 복학 학기로 이월
※ 추가 또는 교체 선발 시 재학 중인 학생만 선발 가능(휴학생에 대한 추가/교체 불가)
다. 직전 학기 15학점 이상 이수한 자(졸업 직전학기는 직전학기 12학점 이상)
라. 2025-1학기가 정규등록학기 8학기 이내인 자(건축학과 건축학전공: 정규등록 10학
기 이내인 자)
마. F학점 포함 학적부성적 기준 직전 학기
3.8 이상
인 자
바. 모든 교내장학금간 중복수혜 불가
1) 신청장학금 중 수혜금액이 큰 장학금으로 자동 선발
2) 중복수혜 가능 장학금: 국가장학금, 교외장학금, 학과우수장학금, 기타 학업장려비 지원 목적 장학금 등
사. 졸업예정자 선발 불가(조기졸업 대상자 포함)하므로 유의"
statistics,2024-2학기 자격 시험 취득 지원(~12.27(금)),,2024.12.18,https://stat.ssu.ac.kr/notice_view.html?category=1&idx=1246&PHPSESSID=64611f39b1c590e13e558aecb323c443,"1. 자격 시험 취득 지원
​1) 신청기간: 2024월 12월 18일(수)~12월 27일(금) 23:59
2) 신청방법:
https://forms.gle/JTLmGARFkUdAGMkn6
구글폼 제출 (자격증이 여러 개일 경우 여러 번 응답 제출)
*자세한 안내사항은 학과 홈페이지 자격시험 취득 및 인터넷 강의 지원에 관한 내규(아래 링크) 확인​
https://stat.ssu.ac.kr/notice_view.html?category=1&idx=464"
statistics,2025학년도 NEIT-AX 동계 연구소 인턴십 프로그램,,2025.12.01,https://stat.ssu.ac.kr/notice_view.html?category=1&idx=1273&PHPSESSID=bff28b6819565d811b59b340595e4e06,"안녕하십니까 기초과학융합연구소입니다.
기초과학융합연구소와 G-LAMP 사업단이 공동으로  NEIT(자연대–공대–IT대)-AX 연구소 인턴십 프로그램을 운영하고 있습니다. 많은 참여 부탁드립니다.
1.연구소 인턴십 프로그램 안내
1) 이공계열 연구소 소속 연구책임자(교수)의 연구실에서 학부 재학생에게 연구 참여 기회를 제공하여 우수한 연구 인력 양성과 대학원 진학 준비를 지원하고자 마련
2) 참여 학생은 연구책임자(교수)의 지도 아래, 연구소 소속 연구실에서 연구원들과 함께 연구 활동에 참여하며, 이를 통해 조기 연구 경험과 실험실 생활을 직접 체험 가능
2.모집내용 및 지원대상
모집대상
자연과학대학, 공과대학, IT대학 학부 2,3학년 재학생
모집인원
85명
연수기간
2026년 1월 1일(목) – 2월 28일(토)
연구장려금
1인, 600,000원
기타소득 공제전 금액
3.신청서류 및 제출기간
•제출서류: [붙임1] 2025학년도 NEIT-AX 동계 연구소 인턴십 신청서 1부
•제출기간: 2025년 12월 12일 (금) 까지
•신청 방법
가. 슈패스 (
https://link24.kr/A46a57N)
– 사이트 로그인 후, 링크 클릭
나. 신청서 제출 방법:
‘[
붙임
1] 2025
학년도
NEIT-AX
동계 연구소 인턴십 신청서
.hwp’
파일을 다운받아 작성. 희망 지도교수에게 참여 신청 및 추천서에 확인(도장/서명)을 받고 스캔본(pdf)을 슈패스로 제출
4.신청과정 및 유의사항
•타 과제 참여 중인 학부 연구생 제외
•지원금 전액 환수 기준
가. 지도교수는 학생의 불성실 등을 사유로 중단 요청 가능
나. 결과보고서 미제출 시 지원금 전액 미지급
5.결과발표
: 제출 기간 후 일주일 이내 선발 여부를 메일로 통보
6.결과보고서 제출 및 시상식 일정
•결과보고서 제출: 2026년 2월 중순, 슈패스로 제출
•우수 결과보고서 시상식: 2026년 3월 초
7. 이메일 문의
•자연과학대학: 기초과학융합연구소 iibs_hr@ssu.ac.kr
•공과대학, IT대학: G-LAMP사업단 g-lamp_hr@ssu.ac.kr
•정보통계보험수리학과: 정원일 교수 wchung@ssu.ac.kr"
statistics,2025-2학기 졸업시험 결과,,2025.09.16,https://stat.ssu.ac.kr/notice_view.html?category=1&idx=1269&PHPSESSID=bff28b6819565d811b59b340595e4e06,"2025-2학기 졸업시험 결과(첨부파일 확인)
- 부분합격으로 인정된 과목이 있더라도, 추후 시험에서 평균 60점이 넘지 않은 경우 불합격 처리 됨
- 전체평균 60점 이상이어도 과락(40점 미만)이 있으면 불합격 처리 됨
문의사항은 학번(8자리), 이름과 함께 stat@ssu.ac.kr로 보내주시기 바랍니다."
statistics,"2025학년도 2학기 졸업시험 일정,장소 안내 (2025.09.06)",,2025.09.01,https://stat.ssu.ac.kr/notice_view.html?category=1&idx=1266&PHPSESSID=bff28b6819565d811b59b340595e4e06,"2025학년도 2학기 졸업시험 일정 안내
▶일시: 2025년 9월 6일(토) 09:30~11:40
▶시험 시간표
- 1교시: 수리통계(09:30~10:30)
- 2교시: 회귀분석(10:40~11:40)
장소: 조만식기념관 311호"
statistics,"2025-2학기 졸업시험 비치용 문제(수리통계, 추정검정론)",,2025.08.18,https://stat.ssu.ac.kr/notice_view.html?category=1&idx=1265&PHPSESSID=bff28b6819565d811b59b340595e4e06,2025-2학기 졸업시험 비치용 문제(~09/05 17:00까지 게시)
statistics,2025-2학기 졸업시험 비치용 문제(회귀분석),,2025.08.05,https://stat.ssu.ac.kr/notice_view.html?category=1&idx=1264&PHPSESSID=bff28b6819565d811b59b340595e4e06,2025-2학기 졸업시험 비치용 문제(~09/05 17:00까지 게시)
statistics,2025학년도 2학기 졸업시험 공고(2025.09.06.),,2025.07.28,https://stat.ssu.ac.kr/notice_view.html?category=1&idx=1263&PHPSESSID=bff28b6819565d811b59b340595e4e06,"정보통계·보험수리학과
2025학년도 2학기 졸업시험 공고
아래와 같이 2025학년도 2학기 졸업시험을 실시하고자 하니 대상 학생들은 졸업시험 내규를 숙지하여 시험에 응시해 주시기 바랍니다.
(졸업 프로젝트 수행을 희망하는 학생들도 동일한 신청기간 내에 신청해 주시기 바랍니다.)
-신청대상: 정보통계·보험수리학과 5학기 이상 이수한 학생
-일시: 2025년 9월 6일(토) 10:00~12:00
-장소: 추후 공지
-신청기간: 2025년 8월 4일(월)~22일(금)
-신청방법:
https://forms.gle/xWnw26em1riH64LP8
의 폼 작성하여 제출
* 졸업 프로젝트를 신청하는 경우 학과사무실로 문의
** 2024년 이전에 수리통계, 회귀분석 부분합격한 학생은 시험 볼 필요 없음
대신 구글 폼에 신청은 꼭 해야하며, 합격증빙 파일 제출 해야 함 (합격한 화면 캡쳐도 가능)
<첨부> 정보통계·보험수리학과 졸업시험 규정
정보통계·보험수리학과장"
statistics,WTW(윌리스타워스왓슨) 채용 공고,,2025.07.11,https://stat.ssu.ac.kr/notice_view.html?category=1&idx=1262&PHPSESSID=bff28b6819565d811b59b340595e4e06,"WTW(윌리스타워스왓슨) 채용 공고
1. 회사명
: WTW (Willis Towers Watson, 윌리스타워스왓슨) — 글로벌 보험계리 컨설팅펌
2. 지원 직무
: Retirement Analyst (퇴직연금 계리업무)
3. 지원자 우대사항
: 보험계리사 혹은 SOA exam 시험 일부 합격자 (최종합격이 아니어도 무방)
4. 첨부 pdf파일의 링크를 이용하여 접수:
Korea Retirement Analyst - Seoul, South Korea
5. 영문이력서 제출 요망
* 자세한 사항(자격요건 외 기타사항) 관련하여 아래 첨부파일을 참조하시길 바랍니다."
statistics,2025학년도 2학기 백마성적우수장학생 선발 기준 안내,,2025.07.08,https://stat.ssu.ac.kr/notice_view.html?category=1&idx=1261&PHPSESSID=bff28b6819565d811b59b340595e4e06,"백마성적우수장학금은 성적 순으로 지급되는 등록금내 선발장학입니다.
장학생 자격요건에 대해 다음과 같이 공지합니다.
< 자격요건 >
가. 2025학년도 2학기 국가장학금을 신청하여 소득분위 조회가 가능한 자
1) 국가장학금 1차 신청자에 한하여 등록금고지서 사전감면
2) 1차 미신청자: 2차 신청/서류제출 확인 후 지급
(2차 신청자 중 한국장학재단 구제신청 시 사후지급)
3) 국가장학금을 신청할 수 없는 대한민국 국적 미소지자도 선발 가능
(단, 순수외국인전형으로 입학한 외국인유학생은 선발 불가)
나. 2025학년도 2학기 재학 및 복학 예정자로 해당 학기 등록금 납부 예정인 자
1) 2025학년도 2학기 前 등록휴학 후 복학 시 선발 대상에서 제외(등록대체자)
2) 학기 중 미등록, 입학취소, 복학취소 등으로 인한 학적변동 시 모든 장학금 취소
3) 선발 후, 학기 중 휴학 시 백마성적우수장학금은 복학 학기로 이월
※ 추가 또는 교체 선발 시 재학 중인 학생만 선발 가능(휴학생에 대한 추가/교체 불가)
다. 직전 학기 15학점 이상 이수한 자(졸업 직전학기는 직전학기 12학점 이상)
라. 2025-2학기가 정규등록학기 8학기 이내인 자(건축학과 건축학전공: 정규등록 10학기 이내인 자)
마. F학점 포함 학적부성적 기준 직전 학기
3.8 이상
인 자
바. 모든 교내장학금간 중복수혜 불가
1) 신청장학금 중 수혜금액이 큰 장학금으로 자동 선발
2) 중복수혜 가능 장학금: 국가장학금, 교외장학금, 학과우수장학금, 기타 학업장려비 지원 목적 장학금 등
사. 졸업예정자 선발 불가(조기졸업 대상자 포함)하므로 유의"
statistics,학년별 교과과정표_2025학년도 기준,,2025.06.27,https://stat.ssu.ac.kr/notice_view.html?category=1&idx=1260&PHPSESSID=bff28b6819565d811b59b340595e4e06,입학년도별(2022-2025) 전공 교과과정표를 첨부하니 확인하시기 바랍니다.
statistics,2025-1학기 인터넷 강의 지원 (~7/4(금)),,2025.06.16,https://stat.ssu.ac.kr/notice_view.html?category=1&idx=1259&PHPSESSID=bff28b6819565d811b59b340595e4e06,". 인터넷 강의 지원 (통계)
​1) 신청기간: 2025월 6월 18일(수)~7월 4일(금) 24시
2) 신청방법: 방학 동안 수강을 희망하는 강의 리스트를 학과 이메일(stat@ssu.ac.kr)로 제출
3) 신청 시 메일 내용:
제목: 인터넷 강의 신청합니다_학번_이름
내용:  학번/본인이름/연락처
강의명/강사명/학원명/가격
* 보험 강의 지원은 보험계리 담당학생(김다은)에게 신청해 주세요.
*자세한 안내사항은 학과 홈페이지 자격시험 취득 및 인터넷 강의 지원에 관한 내규(아래 링크) 확인​
https://stat.ssu.ac.kr/notice_view.html?category=1&idx=464
rtp 2023"
statistics,2025-1학기 자격 시험 취득 지원(~7.4(금)),,2025.06.16,https://stat.ssu.ac.kr/notice_view.html?category=1&idx=1258&PHPSESSID=bff28b6819565d811b59b340595e4e06,"1. 자격 시험 취득 지원
​1) 신청기간: 2025월 6월 18일(수)~7월 4일(금) 23:59
2) 신청방법: https://docs.google.com/forms/d/1Q0ABs5aN0sRWlKltyjfz1ZQ0FkK3bq4XrfFOW_vogi4/edit?pli=1&authuser=0 구글폼 제출 (자격증이 여러 개일 경우 여러 번 응답 제출)
*자세한 안내사항은 학과 홈페이지 자격시험 취득 및 인터넷 강의 지원에 관한 내규(아래 링크) 확인​
https://stat.ssu.ac.kr/notice_view.html?category=1&idx=464"
statistics,2025학년도 기과융 학부생 하계인턴십 모집,,2025.06.02,https://stat.ssu.ac.kr/notice_view.html?category=1&idx=1256&PHPSESSID=bff28b6819565d811b59b340595e4e06,"숭실대학교 기초과학융합연구소에서는 학부 재학생을 대상으로 연구를 직접 수행할 수 있는 기회를 제공하여 우수한 연구 인력 양성 및 대학원 진학을 돕고자 학부생 인턴십 과정을 모집합니다. 대학원 연구실에서 연구책임자(교수)의 지도 아래 대학원생들과 함께 조기에 연구 활동 및 실험실 생활을 경험할 수 있는 인턴십 프로그램을 운영할 예정이오니, 학생 여러분의 많은 참여 바랍니다.
I
1. 모집내용 및 지원대상
• 모집인원: 15명 내외
• 연수기간: 2025년 7월 1일(화) ~ 2025년 8월 31일(일) (2개월)
• 연수장소: 숭실대학교 자연과학대학 교수 연구실 및 실험실
• 모집대상: 2025학년도 1학기 숭실대 자연과학대학 학부 재학생 (휴학생 지원불가)
• 연구장려금: 600,000원 (기타소득 공제전 금액)
I
2. 신청서류 및 제출기간
• [붙임1] 학부생 하계 인턴십 신청서 1부
• 제출기간: 2025년 6월 13일 (금) 까지
I
3. 신청과정 및 유의사항
• 인턴십 참여 희망 학생은 희망 지도교수에게 참여 신청 및 추천서에 확인(도장/서명)을 받고 스캔본(pdf)을 이메일로 제출(iibs_hr@ssu.ac.kr)
• 모집인원 초과시 추첨으로 진행
• 지원금 전액 환수 기준
가. 지도교수는 학생의 불성실 등을 사유로 중단 요청 가능
나. 결과보고서 미제출 시 지원금 전액 미지급
I
4. 결과발표
: 제출기간 후 일주일 이내 선발여부를 메일로 통보
I
5. 결과보고서 제출 및 시상식 일정
• 결과보고서 제출: 2025년 8월 중순
• 우수 결과보고서 시상식: 2025년 9월 초
I
6. <학부생 연구지원 프로그램>
• 모집대상: 하계 인턴십에 참여한 학부생에 한하여 지원자격을 부여
• 모집인원: 2명 내외
• 연수기간: 2025학년도 2학기 (지원액: 30만원/월)
• 자세한 선발방법은 추후 공지
I
감사합니다.
기초과학융합연구소
7. 사이트 링크
사이트 링크"
statistics,2025-1학기 졸업고사 결과,,2025.03.18,https://stat.ssu.ac.kr/notice_view.html?category=1&idx=1253&PHPSESSID=bff28b6819565d811b59b340595e4e06,"2025-1학기 졸업고사 결과(첨부파일 확인)
- 부분합격으로 인정된 과목이 있더라도, 추후 시험에서 평균 60점이 넘지 않은 경우 불합격 처리 됨
- 전체평균 60점 이상이어도 과락(40점 미만)이 있으면 불합격 처리 됨
문의사항은 학번(8자리), 이름과 함께 stat@ssu.ac.kr로 보내주시기 바랍니다."
statistics,"2025학년도 1학기 졸업시험 일정,장소 안내 (2025.03.08)",,2025.03.04,https://stat.ssu.ac.kr/notice_view.html?category=1&idx=1252&PHPSESSID=bff28b6819565d811b59b340595e4e06,"2025학년도 1학기 졸업시험 일정 안내
▶일시: 2025년 3월 8일(토) 09:00~11:10
▶시험 시간표
- 1교시: 수리통계(09:00~10:00)
- 2교시: 회귀분석(10:10~11:10)
장소: 조만식기념관 329호"
statistics,수강신청 공지사항_보험원론,,2025.02.25,https://stat.ssu.ac.kr/notice_view.html?category=1&idx=1251&PHPSESSID=bff28b6819565d811b59b340595e4e06,"정보통계보험수리학과의 ""보험원론(2150538701)""을 수강한 학생들은 금융학부의 ""보험론(2150628901)"" 과목 수강 불가"
statistics,2025-1학기 졸업시험 비치용 문제(회귀분석),,2025.02.18,https://stat.ssu.ac.kr/notice_view.html?category=1&idx=1250&PHPSESSID=bff28b6819565d811b59b340595e4e06,2025-1학기 졸업시험 비치용 문제(~03/07 17:00까지 게시)
statistics,"2025-1학기 졸업시험 비치용 문제(수리통계, 추정검정론)",,2025.02.17,https://stat.ssu.ac.kr/notice_view.html?category=1&idx=1249&PHPSESSID=bff28b6819565d811b59b340595e4e06,2025-1학기 졸업시험 비치용 문제(~03/07 17:00까지 게시)
statistics,2025학년도 1학기 졸업시험 공고(2025.03.08),,2025.02.10,https://stat.ssu.ac.kr/notice_view.html?category=1&idx=1248&PHPSESSID=bff28b6819565d811b59b340595e4e06,"정보통계·보험수리학과
2025학년도 1학기 졸업시험 공고
아래와 같이 2025학년도 1학기 졸업시험을 실시하고자 하니 대상 학생들은 졸업시험 내규를 숙지하여 시험에 응시해 주시기 바랍니다.
(졸업 프로젝트 수행을 희망하는 학생들도 동일한 신청기간 내에 신청해 주시기 바랍니다.)
-신청대상: 정보통계·보험수리학과 5학기 이상 이수한 학생
-일시: 2024년 3월 8일(토) 09:00~11:10
-장소: 추후 공지
-신청기간: 2025년 2월 11일(화)~21일(금)
-신청방법:
https://forms.gle/XxyMX6taC583sxqA6
의 폼 작성하여 제출
* 졸업 프로젝트를 신청하는 경우 학과사무실로 문의
** 2024년 이전에 수리통계, 회귀분석 부분합격한 학생은 시험 볼 필요 없음
대신 구글 폼에 신청은 꼭 해야하며, 합격증빙 파일 제출 해야 함 (합격한 화면 캡쳐도 가능)
<첨부> 정보통계·보험수리학과 졸업시험 규정"
statistics,2025학년도 1학기 백마성적우수장학생 선발 기준 안내,,2025.01.20,https://stat.ssu.ac.kr/notice_view.html?category=1&idx=1247&PHPSESSID=bff28b6819565d811b59b340595e4e06,"백마성적우수장학금은 성적 순으로 지급되는 등록금내 선발장학입니다.
장학생 자격요건에 대해 다음과 같이 공지합니다.
< 자격요건 >
가. 2025학년도 1학기 국가장학금을 신청하여 소득분위 조회가 가능한 자
1) 국가장학금 1차 신청자에 한하여 등록금고지서 사전감면
2) 1차 미신청자: 2차 신청/서류제출 확인 후 지급
(2차 신청자 중 한국장학재단 구제신청 시 사후지급)
3) 국가장학금을 신청할 수 없는 대한민국 국적 미소지자도 선발 가능
(단, 순수외국인전형으로 입학한 외국인유학생은 선발 불가)
나. 2025학년도 1학기 재학 및 복학 예정자로 해당 학기 등록금 납부 예정인 자
1) 2025학년도 1학기 前 등록휴학 후 복학 시 선발 대상에서 제외(등록대체자)
2) 학기 중 미등록, 입학취소, 복학취소 등으로 인한 학적변동 시 모든 장학금 취소
3) 선발 후, 학기 중 휴학 시 백마성적우수장학금은 복학 학기로 이월
※ 추가 또는 교체 선발 시 재학 중인 학생만 선발 가능(휴학생에 대한 추가/교체 불가)
다. 직전 학기 15학점 이상 이수한 자(졸업 직전학기는 직전학기 12학점 이상)
라. 2025-1학기가 정규등록학기 8학기 이내인 자(건축학과 건축학전공: 정규등록 10학
기 이내인 자)
마. F학점 포함 학적부성적 기준 직전 학기
3.8 이상
인 자
바. 모든 교내장학금간 중복수혜 불가
1) 신청장학금 중 수혜금액이 큰 장학금으로 자동 선발
2) 중복수혜 가능 장학금: 국가장학금, 교외장학금, 학과우수장학금, 기타 학업장려비 지원 목적 장학금 등
사. 졸업예정자 선발 불가(조기졸업 대상자 포함)하므로 유의"
statistics,2024-2학기 자격 시험 취득 지원(~12.27(금)),,2024.12.18,https://stat.ssu.ac.kr/notice_view.html?category=1&idx=1246&PHPSESSID=bff28b6819565d811b59b340595e4e06,"1. 자격 시험 취득 지원
​1) 신청기간: 2024월 12월 18일(수)~12월 27일(금) 23:59
2) 신청방법:
https://forms.gle/JTLmGARFkUdAGMkn6
구글폼 제출 (자격증이 여러 개일 경우 여러 번 응답 제출)
*자세한 안내사항은 학과 홈페이지 자격시험 취득 및 인터넷 강의 지원에 관한 내규(아래 링크) 확인​
https://stat.ssu.ac.kr/notice_view.html?category=1&idx=464"
statistics,2025학년도 NEIT-AX 동계 연구소 인턴십 프로그램,,2025.12.01,https://stat.ssu.ac.kr/notice_view.html?category=1&idx=1273&PHPSESSID=466315ff6413e3a8a66d5905208ec628,"안녕하십니까 기초과학융합연구소입니다.
기초과학융합연구소와 G-LAMP 사업단이 공동으로  NEIT(자연대–공대–IT대)-AX 연구소 인턴십 프로그램을 운영하고 있습니다. 많은 참여 부탁드립니다.
1.연구소 인턴십 프로그램 안내
1) 이공계열 연구소 소속 연구책임자(교수)의 연구실에서 학부 재학생에게 연구 참여 기회를 제공하여 우수한 연구 인력 양성과 대학원 진학 준비를 지원하고자 마련
2) 참여 학생은 연구책임자(교수)의 지도 아래, 연구소 소속 연구실에서 연구원들과 함께 연구 활동에 참여하며, 이를 통해 조기 연구 경험과 실험실 생활을 직접 체험 가능
2.모집내용 및 지원대상
모집대상
자연과학대학, 공과대학, IT대학 학부 2,3학년 재학생
모집인원
85명
연수기간
2026년 1월 1일(목) – 2월 28일(토)
연구장려금
1인, 600,000원
기타소득 공제전 금액
3.신청서류 및 제출기간
•제출서류: [붙임1] 2025학년도 NEIT-AX 동계 연구소 인턴십 신청서 1부
•제출기간: 2025년 12월 12일 (금) 까지
•신청 방법
가. 슈패스 (
https://link24.kr/A46a57N)
– 사이트 로그인 후, 링크 클릭
나. 신청서 제출 방법:
‘[
붙임
1] 2025
학년도
NEIT-AX
동계 연구소 인턴십 신청서
.hwp’
파일을 다운받아 작성. 희망 지도교수에게 참여 신청 및 추천서에 확인(도장/서명)을 받고 스캔본(pdf)을 슈패스로 제출
4.신청과정 및 유의사항
•타 과제 참여 중인 학부 연구생 제외
•지원금 전액 환수 기준
가. 지도교수는 학생의 불성실 등을 사유로 중단 요청 가능
나. 결과보고서 미제출 시 지원금 전액 미지급
5.결과발표
: 제출 기간 후 일주일 이내 선발 여부를 메일로 통보
6.결과보고서 제출 및 시상식 일정
•결과보고서 제출: 2026년 2월 중순, 슈패스로 제출
•우수 결과보고서 시상식: 2026년 3월 초
7. 이메일 문의
•자연과학대학: 기초과학융합연구소 iibs_hr@ssu.ac.kr
•공과대학, IT대학: G-LAMP사업단 g-lamp_hr@ssu.ac.kr
•정보통계보험수리학과: 정원일 교수 wchung@ssu.ac.kr"
statistics,2025-2학기 졸업시험 결과,,2025.09.16,https://stat.ssu.ac.kr/notice_view.html?category=1&idx=1269&PHPSESSID=466315ff6413e3a8a66d5905208ec628,"2025-2학기 졸업시험 결과(첨부파일 확인)
- 부분합격으로 인정된 과목이 있더라도, 추후 시험에서 평균 60점이 넘지 않은 경우 불합격 처리 됨
- 전체평균 60점 이상이어도 과락(40점 미만)이 있으면 불합격 처리 됨
문의사항은 학번(8자리), 이름과 함께 stat@ssu.ac.kr로 보내주시기 바랍니다."
statistics,"2025학년도 2학기 졸업시험 일정,장소 안내 (2025.09.06)",,2025.09.01,https://stat.ssu.ac.kr/notice_view.html?category=1&idx=1266&PHPSESSID=466315ff6413e3a8a66d5905208ec628,"2025학년도 2학기 졸업시험 일정 안내
▶일시: 2025년 9월 6일(토) 09:30~11:40
▶시험 시간표
- 1교시: 수리통계(09:30~10:30)
- 2교시: 회귀분석(10:40~11:40)
장소: 조만식기념관 311호"
statistics,"2025-2학기 졸업시험 비치용 문제(수리통계, 추정검정론)",,2025.08.18,https://stat.ssu.ac.kr/notice_view.html?category=1&idx=1265&PHPSESSID=466315ff6413e3a8a66d5905208ec628,2025-2학기 졸업시험 비치용 문제(~09/05 17:00까지 게시)
statistics,2025-2학기 졸업시험 비치용 문제(회귀분석),,2025.08.05,https://stat.ssu.ac.kr/notice_view.html?category=1&idx=1264&PHPSESSID=466315ff6413e3a8a66d5905208ec628,2025-2학기 졸업시험 비치용 문제(~09/05 17:00까지 게시)
statistics,2025학년도 2학기 졸업시험 공고(2025.09.06.),,2025.07.28,https://stat.ssu.ac.kr/notice_view.html?category=1&idx=1263&PHPSESSID=466315ff6413e3a8a66d5905208ec628,"정보통계·보험수리학과
2025학년도 2학기 졸업시험 공고
아래와 같이 2025학년도 2학기 졸업시험을 실시하고자 하니 대상 학생들은 졸업시험 내규를 숙지하여 시험에 응시해 주시기 바랍니다.
(졸업 프로젝트 수행을 희망하는 학생들도 동일한 신청기간 내에 신청해 주시기 바랍니다.)
-신청대상: 정보통계·보험수리학과 5학기 이상 이수한 학생
-일시: 2025년 9월 6일(토) 10:00~12:00
-장소: 추후 공지
-신청기간: 2025년 8월 4일(월)~22일(금)
-신청방법:
https://forms.gle/xWnw26em1riH64LP8
의 폼 작성하여 제출
* 졸업 프로젝트를 신청하는 경우 학과사무실로 문의
** 2024년 이전에 수리통계, 회귀분석 부분합격한 학생은 시험 볼 필요 없음
대신 구글 폼에 신청은 꼭 해야하며, 합격증빙 파일 제출 해야 함 (합격한 화면 캡쳐도 가능)
<첨부> 정보통계·보험수리학과 졸업시험 규정
정보통계·보험수리학과장"
statistics,WTW(윌리스타워스왓슨) 채용 공고,,2025.07.11,https://stat.ssu.ac.kr/notice_view.html?category=1&idx=1262&PHPSESSID=466315ff6413e3a8a66d5905208ec628,"WTW(윌리스타워스왓슨) 채용 공고
1. 회사명
: WTW (Willis Towers Watson, 윌리스타워스왓슨) — 글로벌 보험계리 컨설팅펌
2. 지원 직무
: Retirement Analyst (퇴직연금 계리업무)
3. 지원자 우대사항
: 보험계리사 혹은 SOA exam 시험 일부 합격자 (최종합격이 아니어도 무방)
4. 첨부 pdf파일의 링크를 이용하여 접수:
Korea Retirement Analyst - Seoul, South Korea
5. 영문이력서 제출 요망
* 자세한 사항(자격요건 외 기타사항) 관련하여 아래 첨부파일을 참조하시길 바랍니다."
statistics,2025학년도 2학기 백마성적우수장학생 선발 기준 안내,,2025.07.08,https://stat.ssu.ac.kr/notice_view.html?category=1&idx=1261&PHPSESSID=466315ff6413e3a8a66d5905208ec628,"백마성적우수장학금은 성적 순으로 지급되는 등록금내 선발장학입니다.
장학생 자격요건에 대해 다음과 같이 공지합니다.
< 자격요건 >
가. 2025학년도 2학기 국가장학금을 신청하여 소득분위 조회가 가능한 자
1) 국가장학금 1차 신청자에 한하여 등록금고지서 사전감면
2) 1차 미신청자: 2차 신청/서류제출 확인 후 지급
(2차 신청자 중 한국장학재단 구제신청 시 사후지급)
3) 국가장학금을 신청할 수 없는 대한민국 국적 미소지자도 선발 가능
(단, 순수외국인전형으로 입학한 외국인유학생은 선발 불가)
나. 2025학년도 2학기 재학 및 복학 예정자로 해당 학기 등록금 납부 예정인 자
1) 2025학년도 2학기 前 등록휴학 후 복학 시 선발 대상에서 제외(등록대체자)
2) 학기 중 미등록, 입학취소, 복학취소 등으로 인한 학적변동 시 모든 장학금 취소
3) 선발 후, 학기 중 휴학 시 백마성적우수장학금은 복학 학기로 이월
※ 추가 또는 교체 선발 시 재학 중인 학생만 선발 가능(휴학생에 대한 추가/교체 불가)
다. 직전 학기 15학점 이상 이수한 자(졸업 직전학기는 직전학기 12학점 이상)
라. 2025-2학기가 정규등록학기 8학기 이내인 자(건축학과 건축학전공: 정규등록 10학기 이내인 자)
마. F학점 포함 학적부성적 기준 직전 학기
3.8 이상
인 자
바. 모든 교내장학금간 중복수혜 불가
1) 신청장학금 중 수혜금액이 큰 장학금으로 자동 선발
2) 중복수혜 가능 장학금: 국가장학금, 교외장학금, 학과우수장학금, 기타 학업장려비 지원 목적 장학금 등
사. 졸업예정자 선발 불가(조기졸업 대상자 포함)하므로 유의"
statistics,학년별 교과과정표_2025학년도 기준,,2025.06.27,https://stat.ssu.ac.kr/notice_view.html?category=1&idx=1260&PHPSESSID=466315ff6413e3a8a66d5905208ec628,입학년도별(2022-2025) 전공 교과과정표를 첨부하니 확인하시기 바랍니다.
statistics,2025-1학기 인터넷 강의 지원 (~7/4(금)),,2025.06.16,https://stat.ssu.ac.kr/notice_view.html?category=1&idx=1259&PHPSESSID=466315ff6413e3a8a66d5905208ec628,". 인터넷 강의 지원 (통계)
​1) 신청기간: 2025월 6월 18일(수)~7월 4일(금) 24시
2) 신청방법: 방학 동안 수강을 희망하는 강의 리스트를 학과 이메일(stat@ssu.ac.kr)로 제출
3) 신청 시 메일 내용:
제목: 인터넷 강의 신청합니다_학번_이름
내용:  학번/본인이름/연락처
강의명/강사명/학원명/가격
* 보험 강의 지원은 보험계리 담당학생(김다은)에게 신청해 주세요.
*자세한 안내사항은 학과 홈페이지 자격시험 취득 및 인터넷 강의 지원에 관한 내규(아래 링크) 확인​
https://stat.ssu.ac.kr/notice_view.html?category=1&idx=464
rtp 2023"
statistics,2025-1학기 자격 시험 취득 지원(~7.4(금)),,2025.06.16,https://stat.ssu.ac.kr/notice_view.html?category=1&idx=1258&PHPSESSID=466315ff6413e3a8a66d5905208ec628,"1. 자격 시험 취득 지원
​1) 신청기간: 2025월 6월 18일(수)~7월 4일(금) 23:59
2) 신청방법: https://docs.google.com/forms/d/1Q0ABs5aN0sRWlKltyjfz1ZQ0FkK3bq4XrfFOW_vogi4/edit?pli=1&authuser=0 구글폼 제출 (자격증이 여러 개일 경우 여러 번 응답 제출)
*자세한 안내사항은 학과 홈페이지 자격시험 취득 및 인터넷 강의 지원에 관한 내규(아래 링크) 확인​
https://stat.ssu.ac.kr/notice_view.html?category=1&idx=464"
statistics,2025학년도 기과융 학부생 하계인턴십 모집,,2025.06.02,https://stat.ssu.ac.kr/notice_view.html?category=1&idx=1256&PHPSESSID=466315ff6413e3a8a66d5905208ec628,"숭실대학교 기초과학융합연구소에서는 학부 재학생을 대상으로 연구를 직접 수행할 수 있는 기회를 제공하여 우수한 연구 인력 양성 및 대학원 진학을 돕고자 학부생 인턴십 과정을 모집합니다. 대학원 연구실에서 연구책임자(교수)의 지도 아래 대학원생들과 함께 조기에 연구 활동 및 실험실 생활을 경험할 수 있는 인턴십 프로그램을 운영할 예정이오니, 학생 여러분의 많은 참여 바랍니다.
I
1. 모집내용 및 지원대상
• 모집인원: 15명 내외
• 연수기간: 2025년 7월 1일(화) ~ 2025년 8월 31일(일) (2개월)
• 연수장소: 숭실대학교 자연과학대학 교수 연구실 및 실험실
• 모집대상: 2025학년도 1학기 숭실대 자연과학대학 학부 재학생 (휴학생 지원불가)
• 연구장려금: 600,000원 (기타소득 공제전 금액)
I
2. 신청서류 및 제출기간
• [붙임1] 학부생 하계 인턴십 신청서 1부
• 제출기간: 2025년 6월 13일 (금) 까지
I
3. 신청과정 및 유의사항
• 인턴십 참여 희망 학생은 희망 지도교수에게 참여 신청 및 추천서에 확인(도장/서명)을 받고 스캔본(pdf)을 이메일로 제출(iibs_hr@ssu.ac.kr)
• 모집인원 초과시 추첨으로 진행
• 지원금 전액 환수 기준
가. 지도교수는 학생의 불성실 등을 사유로 중단 요청 가능
나. 결과보고서 미제출 시 지원금 전액 미지급
I
4. 결과발표
: 제출기간 후 일주일 이내 선발여부를 메일로 통보
I
5. 결과보고서 제출 및 시상식 일정
• 결과보고서 제출: 2025년 8월 중순
• 우수 결과보고서 시상식: 2025년 9월 초
I
6. <학부생 연구지원 프로그램>
• 모집대상: 하계 인턴십에 참여한 학부생에 한하여 지원자격을 부여
• 모집인원: 2명 내외
• 연수기간: 2025학년도 2학기 (지원액: 30만원/월)
• 자세한 선발방법은 추후 공지
I
감사합니다.
기초과학융합연구소
7. 사이트 링크
사이트 링크"
statistics,2025-1학기 졸업고사 결과,,2025.03.18,https://stat.ssu.ac.kr/notice_view.html?category=1&idx=1253&PHPSESSID=466315ff6413e3a8a66d5905208ec628,"2025-1학기 졸업고사 결과(첨부파일 확인)
- 부분합격으로 인정된 과목이 있더라도, 추후 시험에서 평균 60점이 넘지 않은 경우 불합격 처리 됨
- 전체평균 60점 이상이어도 과락(40점 미만)이 있으면 불합격 처리 됨
문의사항은 학번(8자리), 이름과 함께 stat@ssu.ac.kr로 보내주시기 바랍니다."
statistics,"2025학년도 1학기 졸업시험 일정,장소 안내 (2025.03.08)",,2025.03.04,https://stat.ssu.ac.kr/notice_view.html?category=1&idx=1252&PHPSESSID=466315ff6413e3a8a66d5905208ec628,"2025학년도 1학기 졸업시험 일정 안내
▶일시: 2025년 3월 8일(토) 09:00~11:10
▶시험 시간표
- 1교시: 수리통계(09:00~10:00)
- 2교시: 회귀분석(10:10~11:10)
장소: 조만식기념관 329호"
statistics,수강신청 공지사항_보험원론,,2025.02.25,https://stat.ssu.ac.kr/notice_view.html?category=1&idx=1251&PHPSESSID=466315ff6413e3a8a66d5905208ec628,"정보통계보험수리학과의 ""보험원론(2150538701)""을 수강한 학생들은 금융학부의 ""보험론(2150628901)"" 과목 수강 불가"
statistics,2025-1학기 졸업시험 비치용 문제(회귀분석),,2025.02.18,https://stat.ssu.ac.kr/notice_view.html?category=1&idx=1250&PHPSESSID=466315ff6413e3a8a66d5905208ec628,2025-1학기 졸업시험 비치용 문제(~03/07 17:00까지 게시)
statistics,"2025-1학기 졸업시험 비치용 문제(수리통계, 추정검정론)",,2025.02.17,https://stat.ssu.ac.kr/notice_view.html?category=1&idx=1249&PHPSESSID=466315ff6413e3a8a66d5905208ec628,2025-1학기 졸업시험 비치용 문제(~03/07 17:00까지 게시)
statistics,2025학년도 1학기 졸업시험 공고(2025.03.08),,2025.02.10,https://stat.ssu.ac.kr/notice_view.html?category=1&idx=1248&PHPSESSID=466315ff6413e3a8a66d5905208ec628,"정보통계·보험수리학과
2025학년도 1학기 졸업시험 공고
아래와 같이 2025학년도 1학기 졸업시험을 실시하고자 하니 대상 학생들은 졸업시험 내규를 숙지하여 시험에 응시해 주시기 바랍니다.
(졸업 프로젝트 수행을 희망하는 학생들도 동일한 신청기간 내에 신청해 주시기 바랍니다.)
-신청대상: 정보통계·보험수리학과 5학기 이상 이수한 학생
-일시: 2024년 3월 8일(토) 09:00~11:10
-장소: 추후 공지
-신청기간: 2025년 2월 11일(화)~21일(금)
-신청방법:
https://forms.gle/XxyMX6taC583sxqA6
의 폼 작성하여 제출
* 졸업 프로젝트를 신청하는 경우 학과사무실로 문의
** 2024년 이전에 수리통계, 회귀분석 부분합격한 학생은 시험 볼 필요 없음
대신 구글 폼에 신청은 꼭 해야하며, 합격증빙 파일 제출 해야 함 (합격한 화면 캡쳐도 가능)
<첨부> 정보통계·보험수리학과 졸업시험 규정"
statistics,2025학년도 1학기 백마성적우수장학생 선발 기준 안내,,2025.01.20,https://stat.ssu.ac.kr/notice_view.html?category=1&idx=1247&PHPSESSID=466315ff6413e3a8a66d5905208ec628,"백마성적우수장학금은 성적 순으로 지급되는 등록금내 선발장학입니다.
장학생 자격요건에 대해 다음과 같이 공지합니다.
< 자격요건 >
가. 2025학년도 1학기 국가장학금을 신청하여 소득분위 조회가 가능한 자
1) 국가장학금 1차 신청자에 한하여 등록금고지서 사전감면
2) 1차 미신청자: 2차 신청/서류제출 확인 후 지급
(2차 신청자 중 한국장학재단 구제신청 시 사후지급)
3) 국가장학금을 신청할 수 없는 대한민국 국적 미소지자도 선발 가능
(단, 순수외국인전형으로 입학한 외국인유학생은 선발 불가)
나. 2025학년도 1학기 재학 및 복학 예정자로 해당 학기 등록금 납부 예정인 자
1) 2025학년도 1학기 前 등록휴학 후 복학 시 선발 대상에서 제외(등록대체자)
2) 학기 중 미등록, 입학취소, 복학취소 등으로 인한 학적변동 시 모든 장학금 취소
3) 선발 후, 학기 중 휴학 시 백마성적우수장학금은 복학 학기로 이월
※ 추가 또는 교체 선발 시 재학 중인 학생만 선발 가능(휴학생에 대한 추가/교체 불가)
다. 직전 학기 15학점 이상 이수한 자(졸업 직전학기는 직전학기 12학점 이상)
라. 2025-1학기가 정규등록학기 8학기 이내인 자(건축학과 건축학전공: 정규등록 10학
기 이내인 자)
마. F학점 포함 학적부성적 기준 직전 학기
3.8 이상
인 자
바. 모든 교내장학금간 중복수혜 불가
1) 신청장학금 중 수혜금액이 큰 장학금으로 자동 선발
2) 중복수혜 가능 장학금: 국가장학금, 교외장학금, 학과우수장학금, 기타 학업장려비 지원 목적 장학금 등
사. 졸업예정자 선발 불가(조기졸업 대상자 포함)하므로 유의"
statistics,2024-2학기 자격 시험 취득 지원(~12.27(금)),,2024.12.18,https://stat.ssu.ac.kr/notice_view.html?category=1&idx=1246&PHPSESSID=466315ff6413e3a8a66d5905208ec628,"1. 자격 시험 취득 지원
​1) 신청기간: 2024월 12월 18일(수)~12월 27일(금) 23:59
2) 신청방법:
https://forms.gle/JTLmGARFkUdAGMkn6
구글폼 제출 (자격증이 여러 개일 경우 여러 번 응답 제출)
*자세한 안내사항은 학과 홈페이지 자격시험 취득 및 인터넷 강의 지원에 관한 내규(아래 링크) 확인​
https://stat.ssu.ac.kr/notice_view.html?category=1&idx=464"
statistics,2025학년도 NEIT-AX 동계 연구소 인턴십 프로그램,,2025.12.01,https://stat.ssu.ac.kr/notice_view.html?category=1&idx=1273&PHPSESSID=f89c869ae3cd96c0c7d0bba08c7b5eac,"안녕하십니까 기초과학융합연구소입니다.
기초과학융합연구소와 G-LAMP 사업단이 공동으로  NEIT(자연대–공대–IT대)-AX 연구소 인턴십 프로그램을 운영하고 있습니다. 많은 참여 부탁드립니다.
1.연구소 인턴십 프로그램 안내
1) 이공계열 연구소 소속 연구책임자(교수)의 연구실에서 학부 재학생에게 연구 참여 기회를 제공하여 우수한 연구 인력 양성과 대학원 진학 준비를 지원하고자 마련
2) 참여 학생은 연구책임자(교수)의 지도 아래, 연구소 소속 연구실에서 연구원들과 함께 연구 활동에 참여하며, 이를 통해 조기 연구 경험과 실험실 생활을 직접 체험 가능
2.모집내용 및 지원대상
모집대상
자연과학대학, 공과대학, IT대학 학부 2,3학년 재학생
모집인원
85명
연수기간
2026년 1월 1일(목) – 2월 28일(토)
연구장려금
1인, 600,000원
기타소득 공제전 금액
3.신청서류 및 제출기간
•제출서류: [붙임1] 2025학년도 NEIT-AX 동계 연구소 인턴십 신청서 1부
•제출기간: 2025년 12월 12일 (금) 까지
•신청 방법
가. 슈패스 (
https://link24.kr/A46a57N)
– 사이트 로그인 후, 링크 클릭
나. 신청서 제출 방법:
‘[
붙임
1] 2025
학년도
NEIT-AX
동계 연구소 인턴십 신청서
.hwp’
파일을 다운받아 작성. 희망 지도교수에게 참여 신청 및 추천서에 확인(도장/서명)을 받고 스캔본(pdf)을 슈패스로 제출
4.신청과정 및 유의사항
•타 과제 참여 중인 학부 연구생 제외
•지원금 전액 환수 기준
가. 지도교수는 학생의 불성실 등을 사유로 중단 요청 가능
나. 결과보고서 미제출 시 지원금 전액 미지급
5.결과발표
: 제출 기간 후 일주일 이내 선발 여부를 메일로 통보
6.결과보고서 제출 및 시상식 일정
•결과보고서 제출: 2026년 2월 중순, 슈패스로 제출
•우수 결과보고서 시상식: 2026년 3월 초
7. 이메일 문의
•자연과학대학: 기초과학융합연구소 iibs_hr@ssu.ac.kr
•공과대학, IT대학: G-LAMP사업단 g-lamp_hr@ssu.ac.kr
•정보통계보험수리학과: 정원일 교수 wchung@ssu.ac.kr"
statistics,2025-2학기 졸업시험 결과,,2025.09.16,https://stat.ssu.ac.kr/notice_view.html?category=1&idx=1269&PHPSESSID=f89c869ae3cd96c0c7d0bba08c7b5eac,"2025-2학기 졸업시험 결과(첨부파일 확인)
- 부분합격으로 인정된 과목이 있더라도, 추후 시험에서 평균 60점이 넘지 않은 경우 불합격 처리 됨
- 전체평균 60점 이상이어도 과락(40점 미만)이 있으면 불합격 처리 됨
문의사항은 학번(8자리), 이름과 함께 stat@ssu.ac.kr로 보내주시기 바랍니다."
statistics,"2025학년도 2학기 졸업시험 일정,장소 안내 (2025.09.06)",,2025.09.01,https://stat.ssu.ac.kr/notice_view.html?category=1&idx=1266&PHPSESSID=f89c869ae3cd96c0c7d0bba08c7b5eac,"2025학년도 2학기 졸업시험 일정 안내
▶일시: 2025년 9월 6일(토) 09:30~11:40
▶시험 시간표
- 1교시: 수리통계(09:30~10:30)
- 2교시: 회귀분석(10:40~11:40)
장소: 조만식기념관 311호"
statistics,"2025-2학기 졸업시험 비치용 문제(수리통계, 추정검정론)",,2025.08.18,https://stat.ssu.ac.kr/notice_view.html?category=1&idx=1265&PHPSESSID=f89c869ae3cd96c0c7d0bba08c7b5eac,2025-2학기 졸업시험 비치용 문제(~09/05 17:00까지 게시)
statistics,2025-2학기 졸업시험 비치용 문제(회귀분석),,2025.08.05,https://stat.ssu.ac.kr/notice_view.html?category=1&idx=1264&PHPSESSID=f89c869ae3cd96c0c7d0bba08c7b5eac,2025-2학기 졸업시험 비치용 문제(~09/05 17:00까지 게시)
statistics,2025학년도 2학기 졸업시험 공고(2025.09.06.),,2025.07.28,https://stat.ssu.ac.kr/notice_view.html?category=1&idx=1263&PHPSESSID=f89c869ae3cd96c0c7d0bba08c7b5eac,"정보통계·보험수리학과
2025학년도 2학기 졸업시험 공고
아래와 같이 2025학년도 2학기 졸업시험을 실시하고자 하니 대상 학생들은 졸업시험 내규를 숙지하여 시험에 응시해 주시기 바랍니다.
(졸업 프로젝트 수행을 희망하는 학생들도 동일한 신청기간 내에 신청해 주시기 바랍니다.)
-신청대상: 정보통계·보험수리학과 5학기 이상 이수한 학생
-일시: 2025년 9월 6일(토) 10:00~12:00
-장소: 추후 공지
-신청기간: 2025년 8월 4일(월)~22일(금)
-신청방법:
https://forms.gle/xWnw26em1riH64LP8
의 폼 작성하여 제출
* 졸업 프로젝트를 신청하는 경우 학과사무실로 문의
** 2024년 이전에 수리통계, 회귀분석 부분합격한 학생은 시험 볼 필요 없음
대신 구글 폼에 신청은 꼭 해야하며, 합격증빙 파일 제출 해야 함 (합격한 화면 캡쳐도 가능)
<첨부> 정보통계·보험수리학과 졸업시험 규정
정보통계·보험수리학과장"
statistics,WTW(윌리스타워스왓슨) 채용 공고,,2025.07.11,https://stat.ssu.ac.kr/notice_view.html?category=1&idx=1262&PHPSESSID=f89c869ae3cd96c0c7d0bba08c7b5eac,"WTW(윌리스타워스왓슨) 채용 공고
1. 회사명
: WTW (Willis Towers Watson, 윌리스타워스왓슨) — 글로벌 보험계리 컨설팅펌
2. 지원 직무
: Retirement Analyst (퇴직연금 계리업무)
3. 지원자 우대사항
: 보험계리사 혹은 SOA exam 시험 일부 합격자 (최종합격이 아니어도 무방)
4. 첨부 pdf파일의 링크를 이용하여 접수:
Korea Retirement Analyst - Seoul, South Korea
5. 영문이력서 제출 요망
* 자세한 사항(자격요건 외 기타사항) 관련하여 아래 첨부파일을 참조하시길 바랍니다."
statistics,2025학년도 2학기 백마성적우수장학생 선발 기준 안내,,2025.07.08,https://stat.ssu.ac.kr/notice_view.html?category=1&idx=1261&PHPSESSID=f89c869ae3cd96c0c7d0bba08c7b5eac,"백마성적우수장학금은 성적 순으로 지급되는 등록금내 선발장학입니다.
장학생 자격요건에 대해 다음과 같이 공지합니다.
< 자격요건 >
가. 2025학년도 2학기 국가장학금을 신청하여 소득분위 조회가 가능한 자
1) 국가장학금 1차 신청자에 한하여 등록금고지서 사전감면
2) 1차 미신청자: 2차 신청/서류제출 확인 후 지급
(2차 신청자 중 한국장학재단 구제신청 시 사후지급)
3) 국가장학금을 신청할 수 없는 대한민국 국적 미소지자도 선발 가능
(단, 순수외국인전형으로 입학한 외국인유학생은 선발 불가)
나. 2025학년도 2학기 재학 및 복학 예정자로 해당 학기 등록금 납부 예정인 자
1) 2025학년도 2학기 前 등록휴학 후 복학 시 선발 대상에서 제외(등록대체자)
2) 학기 중 미등록, 입학취소, 복학취소 등으로 인한 학적변동 시 모든 장학금 취소
3) 선발 후, 학기 중 휴학 시 백마성적우수장학금은 복학 학기로 이월
※ 추가 또는 교체 선발 시 재학 중인 학생만 선발 가능(휴학생에 대한 추가/교체 불가)
다. 직전 학기 15학점 이상 이수한 자(졸업 직전학기는 직전학기 12학점 이상)
라. 2025-2학기가 정규등록학기 8학기 이내인 자(건축학과 건축학전공: 정규등록 10학기 이내인 자)
마. F학점 포함 학적부성적 기준 직전 학기
3.8 이상
인 자
바. 모든 교내장학금간 중복수혜 불가
1) 신청장학금 중 수혜금액이 큰 장학금으로 자동 선발
2) 중복수혜 가능 장학금: 국가장학금, 교외장학금, 학과우수장학금, 기타 학업장려비 지원 목적 장학금 등
사. 졸업예정자 선발 불가(조기졸업 대상자 포함)하므로 유의"
statistics,학년별 교과과정표_2025학년도 기준,,2025.06.27,https://stat.ssu.ac.kr/notice_view.html?category=1&idx=1260&PHPSESSID=f89c869ae3cd96c0c7d0bba08c7b5eac,입학년도별(2022-2025) 전공 교과과정표를 첨부하니 확인하시기 바랍니다.
statistics,2025-1학기 인터넷 강의 지원 (~7/4(금)),,2025.06.16,https://stat.ssu.ac.kr/notice_view.html?category=1&idx=1259&PHPSESSID=f89c869ae3cd96c0c7d0bba08c7b5eac,". 인터넷 강의 지원 (통계)
​1) 신청기간: 2025월 6월 18일(수)~7월 4일(금) 24시
2) 신청방법: 방학 동안 수강을 희망하는 강의 리스트를 학과 이메일(stat@ssu.ac.kr)로 제출
3) 신청 시 메일 내용:
제목: 인터넷 강의 신청합니다_학번_이름
내용:  학번/본인이름/연락처
강의명/강사명/학원명/가격
* 보험 강의 지원은 보험계리 담당학생(김다은)에게 신청해 주세요.
*자세한 안내사항은 학과 홈페이지 자격시험 취득 및 인터넷 강의 지원에 관한 내규(아래 링크) 확인​
https://stat.ssu.ac.kr/notice_view.html?category=1&idx=464
rtp 2023"
statistics,2025-1학기 자격 시험 취득 지원(~7.4(금)),,2025.06.16,https://stat.ssu.ac.kr/notice_view.html?category=1&idx=1258&PHPSESSID=f89c869ae3cd96c0c7d0bba08c7b5eac,"1. 자격 시험 취득 지원
​1) 신청기간: 2025월 6월 18일(수)~7월 4일(금) 23:59
2) 신청방법: https://docs.google.com/forms/d/1Q0ABs5aN0sRWlKltyjfz1ZQ0FkK3bq4XrfFOW_vogi4/edit?pli=1&authuser=0 구글폼 제출 (자격증이 여러 개일 경우 여러 번 응답 제출)
*자세한 안내사항은 학과 홈페이지 자격시험 취득 및 인터넷 강의 지원에 관한 내규(아래 링크) 확인​
https://stat.ssu.ac.kr/notice_view.html?category=1&idx=464"
statistics,2025학년도 기과융 학부생 하계인턴십 모집,,2025.06.02,https://stat.ssu.ac.kr/notice_view.html?category=1&idx=1256&PHPSESSID=f89c869ae3cd96c0c7d0bba08c7b5eac,"숭실대학교 기초과학융합연구소에서는 학부 재학생을 대상으로 연구를 직접 수행할 수 있는 기회를 제공하여 우수한 연구 인력 양성 및 대학원 진학을 돕고자 학부생 인턴십 과정을 모집합니다. 대학원 연구실에서 연구책임자(교수)의 지도 아래 대학원생들과 함께 조기에 연구 활동 및 실험실 생활을 경험할 수 있는 인턴십 프로그램을 운영할 예정이오니, 학생 여러분의 많은 참여 바랍니다.
I
1. 모집내용 및 지원대상
• 모집인원: 15명 내외
• 연수기간: 2025년 7월 1일(화) ~ 2025년 8월 31일(일) (2개월)
• 연수장소: 숭실대학교 자연과학대학 교수 연구실 및 실험실
• 모집대상: 2025학년도 1학기 숭실대 자연과학대학 학부 재학생 (휴학생 지원불가)
• 연구장려금: 600,000원 (기타소득 공제전 금액)
I
2. 신청서류 및 제출기간
• [붙임1] 학부생 하계 인턴십 신청서 1부
• 제출기간: 2025년 6월 13일 (금) 까지
I
3. 신청과정 및 유의사항
• 인턴십 참여 희망 학생은 희망 지도교수에게 참여 신청 및 추천서에 확인(도장/서명)을 받고 스캔본(pdf)을 이메일로 제출(iibs_hr@ssu.ac.kr)
• 모집인원 초과시 추첨으로 진행
• 지원금 전액 환수 기준
가. 지도교수는 학생의 불성실 등을 사유로 중단 요청 가능
나. 결과보고서 미제출 시 지원금 전액 미지급
I
4. 결과발표
: 제출기간 후 일주일 이내 선발여부를 메일로 통보
I
5. 결과보고서 제출 및 시상식 일정
• 결과보고서 제출: 2025년 8월 중순
• 우수 결과보고서 시상식: 2025년 9월 초
I
6. <학부생 연구지원 프로그램>
• 모집대상: 하계 인턴십에 참여한 학부생에 한하여 지원자격을 부여
• 모집인원: 2명 내외
• 연수기간: 2025학년도 2학기 (지원액: 30만원/월)
• 자세한 선발방법은 추후 공지
I
감사합니다.
기초과학융합연구소
7. 사이트 링크
사이트 링크"
statistics,2025-1학기 졸업고사 결과,,2025.03.18,https://stat.ssu.ac.kr/notice_view.html?category=1&idx=1253&PHPSESSID=f89c869ae3cd96c0c7d0bba08c7b5eac,"2025-1학기 졸업고사 결과(첨부파일 확인)
- 부분합격으로 인정된 과목이 있더라도, 추후 시험에서 평균 60점이 넘지 않은 경우 불합격 처리 됨
- 전체평균 60점 이상이어도 과락(40점 미만)이 있으면 불합격 처리 됨
문의사항은 학번(8자리), 이름과 함께 stat@ssu.ac.kr로 보내주시기 바랍니다."
statistics,"2025학년도 1학기 졸업시험 일정,장소 안내 (2025.03.08)",,2025.03.04,https://stat.ssu.ac.kr/notice_view.html?category=1&idx=1252&PHPSESSID=f89c869ae3cd96c0c7d0bba08c7b5eac,"2025학년도 1학기 졸업시험 일정 안내
▶일시: 2025년 3월 8일(토) 09:00~11:10
▶시험 시간표
- 1교시: 수리통계(09:00~10:00)
- 2교시: 회귀분석(10:10~11:10)
장소: 조만식기념관 329호"
statistics,수강신청 공지사항_보험원론,,2025.02.25,https://stat.ssu.ac.kr/notice_view.html?category=1&idx=1251&PHPSESSID=f89c869ae3cd96c0c7d0bba08c7b5eac,"정보통계보험수리학과의 ""보험원론(2150538701)""을 수강한 학생들은 금융학부의 ""보험론(2150628901)"" 과목 수강 불가"
statistics,2025-1학기 졸업시험 비치용 문제(회귀분석),,2025.02.18,https://stat.ssu.ac.kr/notice_view.html?category=1&idx=1250&PHPSESSID=f89c869ae3cd96c0c7d0bba08c7b5eac,2025-1학기 졸업시험 비치용 문제(~03/07 17:00까지 게시)
statistics,"2025-1학기 졸업시험 비치용 문제(수리통계, 추정검정론)",,2025.02.17,https://stat.ssu.ac.kr/notice_view.html?category=1&idx=1249&PHPSESSID=f89c869ae3cd96c0c7d0bba08c7b5eac,2025-1학기 졸업시험 비치용 문제(~03/07 17:00까지 게시)
statistics,2025학년도 1학기 졸업시험 공고(2025.03.08),,2025.02.10,https://stat.ssu.ac.kr/notice_view.html?category=1&idx=1248&PHPSESSID=f89c869ae3cd96c0c7d0bba08c7b5eac,"정보통계·보험수리학과
2025학년도 1학기 졸업시험 공고
아래와 같이 2025학년도 1학기 졸업시험을 실시하고자 하니 대상 학생들은 졸업시험 내규를 숙지하여 시험에 응시해 주시기 바랍니다.
(졸업 프로젝트 수행을 희망하는 학생들도 동일한 신청기간 내에 신청해 주시기 바랍니다.)
-신청대상: 정보통계·보험수리학과 5학기 이상 이수한 학생
-일시: 2024년 3월 8일(토) 09:00~11:10
-장소: 추후 공지
-신청기간: 2025년 2월 11일(화)~21일(금)
-신청방법:
https://forms.gle/XxyMX6taC583sxqA6
의 폼 작성하여 제출
* 졸업 프로젝트를 신청하는 경우 학과사무실로 문의
** 2024년 이전에 수리통계, 회귀분석 부분합격한 학생은 시험 볼 필요 없음
대신 구글 폼에 신청은 꼭 해야하며, 합격증빙 파일 제출 해야 함 (합격한 화면 캡쳐도 가능)
<첨부> 정보통계·보험수리학과 졸업시험 규정"
statistics,2025학년도 1학기 백마성적우수장학생 선발 기준 안내,,2025.01.20,https://stat.ssu.ac.kr/notice_view.html?category=1&idx=1247&PHPSESSID=f89c869ae3cd96c0c7d0bba08c7b5eac,"백마성적우수장학금은 성적 순으로 지급되는 등록금내 선발장학입니다.
장학생 자격요건에 대해 다음과 같이 공지합니다.
< 자격요건 >
가. 2025학년도 1학기 국가장학금을 신청하여 소득분위 조회가 가능한 자
1) 국가장학금 1차 신청자에 한하여 등록금고지서 사전감면
2) 1차 미신청자: 2차 신청/서류제출 확인 후 지급
(2차 신청자 중 한국장학재단 구제신청 시 사후지급)
3) 국가장학금을 신청할 수 없는 대한민국 국적 미소지자도 선발 가능
(단, 순수외국인전형으로 입학한 외국인유학생은 선발 불가)
나. 2025학년도 1학기 재학 및 복학 예정자로 해당 학기 등록금 납부 예정인 자
1) 2025학년도 1학기 前 등록휴학 후 복학 시 선발 대상에서 제외(등록대체자)
2) 학기 중 미등록, 입학취소, 복학취소 등으로 인한 학적변동 시 모든 장학금 취소
3) 선발 후, 학기 중 휴학 시 백마성적우수장학금은 복학 학기로 이월
※ 추가 또는 교체 선발 시 재학 중인 학생만 선발 가능(휴학생에 대한 추가/교체 불가)
다. 직전 학기 15학점 이상 이수한 자(졸업 직전학기는 직전학기 12학점 이상)
라. 2025-1학기가 정규등록학기 8학기 이내인 자(건축학과 건축학전공: 정규등록 10학
기 이내인 자)
마. F학점 포함 학적부성적 기준 직전 학기
3.8 이상
인 자
바. 모든 교내장학금간 중복수혜 불가
1) 신청장학금 중 수혜금액이 큰 장학금으로 자동 선발
2) 중복수혜 가능 장학금: 국가장학금, 교외장학금, 학과우수장학금, 기타 학업장려비 지원 목적 장학금 등
사. 졸업예정자 선발 불가(조기졸업 대상자 포함)하므로 유의"
statistics,2024-2학기 자격 시험 취득 지원(~12.27(금)),,2024.12.18,https://stat.ssu.ac.kr/notice_view.html?category=1&idx=1246&PHPSESSID=f89c869ae3cd96c0c7d0bba08c7b5eac,"1. 자격 시험 취득 지원
​1) 신청기간: 2024월 12월 18일(수)~12월 27일(금) 23:59
2) 신청방법:
https://forms.gle/JTLmGARFkUdAGMkn6
구글폼 제출 (자격증이 여러 개일 경우 여러 번 응답 제출)
*자세한 안내사항은 학과 홈페이지 자격시험 취득 및 인터넷 강의 지원에 관한 내규(아래 링크) 확인​
https://stat.ssu.ac.kr/notice_view.html?category=1&idx=464"
statistics,2025-2학기 졸업시험 결과,,2025.09.16,https://stat.ssu.ac.kr/notice_view.html?category=1&idx=1269&PHPSESSID=6994f36a5ba285318f32adf82450aa58,"2025-2학기 졸업시험 결과(첨부파일 확인)
- 부분합격으로 인정된 과목이 있더라도, 추후 시험에서 평균 60점이 넘지 않은 경우 불합격 처리 됨
- 전체평균 60점 이상이어도 과락(40점 미만)이 있으면 불합격 처리 됨
문의사항은 학번(8자리), 이름과 함께 stat@ssu.ac.kr로 보내주시기 바랍니다."
statistics,통계/데이터사이언스 분야 학부인턴 모집,,2025.09.06,https://stat.ssu.ac.kr/notice_view.html?category=1&idx=1268&PHPSESSID=6994f36a5ba285318f32adf82450aa58,"정보통계보험수리학과 정원일 교수 연구실에서 통계/데이터사이언스 분야 학부 인턴을 모집합니다.
1. 모집인원: 2명
2. 연수기간: 2025년 9월 15일(월) ~ 2026년 2월 27일(금) (6개월)
3. 모집대상: 숭실대 자연과학대학 학부 재학생
4. 연구장려금: 월 400,000원 (기타소득 공제전 금액)
5. 자격조건:
(1) 숭실대 자연과학대학 학부 재학생 중 향후 대학원 진학에 관심이 있는 학생 (3, 4학년 학생 우선 선발)
(2) 머신러닝 및 딥러닝 기법을 포함한 데이터사이언스 방법에 관심이 있는 학생
(3) 보건 및 의학 통계에 관심 있는 학생
6. 연구주제: 의학, 역학 관련 데이터 통계 분석, 머신러닝, 머신 러닝 및 딥러닝을 활용한 예측 모형 개발
관심있는 학생들은 정원일 교수(wchung@ssu.ac.kr)에게 연락하세요."
statistics,"2025학년도 2학기 졸업시험 일정,장소 안내 (2025.09.06)",,2025.09.01,https://stat.ssu.ac.kr/notice_view.html?category=1&idx=1266&PHPSESSID=6994f36a5ba285318f32adf82450aa58,"2025학년도 2학기 졸업시험 일정 안내
▶일시: 2025년 9월 6일(토) 09:30~11:40
▶시험 시간표
- 1교시: 수리통계(09:30~10:30)
- 2교시: 회귀분석(10:40~11:40)
장소: 조만식기념관 311호"
statistics,"2025-2학기 졸업시험 비치용 문제(수리통계, 추정검정론)",,2025.08.18,https://stat.ssu.ac.kr/notice_view.html?category=1&idx=1265&PHPSESSID=6994f36a5ba285318f32adf82450aa58,2025-2학기 졸업시험 비치용 문제(~09/05 17:00까지 게시)
statistics,2025-2학기 졸업시험 비치용 문제(회귀분석),,2025.08.05,https://stat.ssu.ac.kr/notice_view.html?category=1&idx=1264&PHPSESSID=6994f36a5ba285318f32adf82450aa58,2025-2학기 졸업시험 비치용 문제(~09/05 17:00까지 게시)
statistics,2025학년도 2학기 졸업시험 공고(2025.09.06.),,2025.07.28,https://stat.ssu.ac.kr/notice_view.html?category=1&idx=1263&PHPSESSID=6994f36a5ba285318f32adf82450aa58,"정보통계·보험수리학과
2025학년도 2학기 졸업시험 공고
아래와 같이 2025학년도 2학기 졸업시험을 실시하고자 하니 대상 학생들은 졸업시험 내규를 숙지하여 시험에 응시해 주시기 바랍니다.
(졸업 프로젝트 수행을 희망하는 학생들도 동일한 신청기간 내에 신청해 주시기 바랍니다.)
-신청대상: 정보통계·보험수리학과 5학기 이상 이수한 학생
-일시: 2025년 9월 6일(토) 10:00~12:00
-장소: 추후 공지
-신청기간: 2025년 8월 4일(월)~22일(금)
-신청방법:
https://forms.gle/xWnw26em1riH64LP8
의 폼 작성하여 제출
* 졸업 프로젝트를 신청하는 경우 학과사무실로 문의
** 2024년 이전에 수리통계, 회귀분석 부분합격한 학생은 시험 볼 필요 없음
대신 구글 폼에 신청은 꼭 해야하며, 합격증빙 파일 제출 해야 함 (합격한 화면 캡쳐도 가능)
<첨부> 정보통계·보험수리학과 졸업시험 규정
정보통계·보험수리학과장"
statistics,WTW(윌리스타워스왓슨) 채용 공고,,2025.07.11,https://stat.ssu.ac.kr/notice_view.html?category=1&idx=1262&PHPSESSID=6994f36a5ba285318f32adf82450aa58,"WTW(윌리스타워스왓슨) 채용 공고
1. 회사명
: WTW (Willis Towers Watson, 윌리스타워스왓슨) — 글로벌 보험계리 컨설팅펌
2. 지원 직무
: Retirement Analyst (퇴직연금 계리업무)
3. 지원자 우대사항
: 보험계리사 혹은 SOA exam 시험 일부 합격자 (최종합격이 아니어도 무방)
4. 첨부 pdf파일의 링크를 이용하여 접수:
Korea Retirement Analyst - Seoul, South Korea
5. 영문이력서 제출 요망
* 자세한 사항(자격요건 외 기타사항) 관련하여 아래 첨부파일을 참조하시길 바랍니다."
statistics,2025학년도 2학기 백마성적우수장학생 선발 기준 안내,,2025.07.08,https://stat.ssu.ac.kr/notice_view.html?category=1&idx=1261&PHPSESSID=6994f36a5ba285318f32adf82450aa58,"백마성적우수장학금은 성적 순으로 지급되는 등록금내 선발장학입니다.
장학생 자격요건에 대해 다음과 같이 공지합니다.
< 자격요건 >
가. 2025학년도 2학기 국가장학금을 신청하여 소득분위 조회가 가능한 자
1) 국가장학금 1차 신청자에 한하여 등록금고지서 사전감면
2) 1차 미신청자: 2차 신청/서류제출 확인 후 지급
(2차 신청자 중 한국장학재단 구제신청 시 사후지급)
3) 국가장학금을 신청할 수 없는 대한민국 국적 미소지자도 선발 가능
(단, 순수외국인전형으로 입학한 외국인유학생은 선발 불가)
나. 2025학년도 2학기 재학 및 복학 예정자로 해당 학기 등록금 납부 예정인 자
1) 2025학년도 2학기 前 등록휴학 후 복학 시 선발 대상에서 제외(등록대체자)
2) 학기 중 미등록, 입학취소, 복학취소 등으로 인한 학적변동 시 모든 장학금 취소
3) 선발 후, 학기 중 휴학 시 백마성적우수장학금은 복학 학기로 이월
※ 추가 또는 교체 선발 시 재학 중인 학생만 선발 가능(휴학생에 대한 추가/교체 불가)
다. 직전 학기 15학점 이상 이수한 자(졸업 직전학기는 직전학기 12학점 이상)
라. 2025-2학기가 정규등록학기 8학기 이내인 자(건축학과 건축학전공: 정규등록 10학기 이내인 자)
마. F학점 포함 학적부성적 기준 직전 학기
3.8 이상
인 자
바. 모든 교내장학금간 중복수혜 불가
1) 신청장학금 중 수혜금액이 큰 장학금으로 자동 선발
2) 중복수혜 가능 장학금: 국가장학금, 교외장학금, 학과우수장학금, 기타 학업장려비 지원 목적 장학금 등
사. 졸업예정자 선발 불가(조기졸업 대상자 포함)하므로 유의"
statistics,학년별 교과과정표_2025학년도 기준,,2025.06.27,https://stat.ssu.ac.kr/notice_view.html?category=1&idx=1260&PHPSESSID=6994f36a5ba285318f32adf82450aa58,입학년도별(2022-2025) 전공 교과과정표를 첨부하니 확인하시기 바랍니다.
statistics,2025-1학기 인터넷 강의 지원 (~7/4(금)),,2025.06.16,https://stat.ssu.ac.kr/notice_view.html?category=1&idx=1259&PHPSESSID=6994f36a5ba285318f32adf82450aa58,". 인터넷 강의 지원 (통계)
​1) 신청기간: 2025월 6월 18일(수)~7월 4일(금) 24시
2) 신청방법: 방학 동안 수강을 희망하는 강의 리스트를 학과 이메일(stat@ssu.ac.kr)로 제출
3) 신청 시 메일 내용:
제목: 인터넷 강의 신청합니다_학번_이름
내용:  학번/본인이름/연락처
강의명/강사명/학원명/가격
* 보험 강의 지원은 보험계리 담당학생(김다은)에게 신청해 주세요.
*자세한 안내사항은 학과 홈페이지 자격시험 취득 및 인터넷 강의 지원에 관한 내규(아래 링크) 확인​
https://stat.ssu.ac.kr/notice_view.html?category=1&idx=464
rtp 2023"
statistics,2025-1학기 자격 시험 취득 지원(~7.4(금)),,2025.06.16,https://stat.ssu.ac.kr/notice_view.html?category=1&idx=1258&PHPSESSID=6994f36a5ba285318f32adf82450aa58,"1. 자격 시험 취득 지원
​1) 신청기간: 2025월 6월 18일(수)~7월 4일(금) 23:59
2) 신청방법: https://docs.google.com/forms/d/1Q0ABs5aN0sRWlKltyjfz1ZQ0FkK3bq4XrfFOW_vogi4/edit?pli=1&authuser=0 구글폼 제출 (자격증이 여러 개일 경우 여러 번 응답 제출)
*자세한 안내사항은 학과 홈페이지 자격시험 취득 및 인터넷 강의 지원에 관한 내규(아래 링크) 확인​
https://stat.ssu.ac.kr/notice_view.html?category=1&idx=464"
statistics,2025학년도 기과융 학부생 하계인턴십 모집,,2025.06.02,https://stat.ssu.ac.kr/notice_view.html?category=1&idx=1256&PHPSESSID=6994f36a5ba285318f32adf82450aa58,"숭실대학교 기초과학융합연구소에서는 학부 재학생을 대상으로 연구를 직접 수행할 수 있는 기회를 제공하여 우수한 연구 인력 양성 및 대학원 진학을 돕고자 학부생 인턴십 과정을 모집합니다. 대학원 연구실에서 연구책임자(교수)의 지도 아래 대학원생들과 함께 조기에 연구 활동 및 실험실 생활을 경험할 수 있는 인턴십 프로그램을 운영할 예정이오니, 학생 여러분의 많은 참여 바랍니다.
I
1. 모집내용 및 지원대상
• 모집인원: 15명 내외
• 연수기간: 2025년 7월 1일(화) ~ 2025년 8월 31일(일) (2개월)
• 연수장소: 숭실대학교 자연과학대학 교수 연구실 및 실험실
• 모집대상: 2025학년도 1학기 숭실대 자연과학대학 학부 재학생 (휴학생 지원불가)
• 연구장려금: 600,000원 (기타소득 공제전 금액)
I
2. 신청서류 및 제출기간
• [붙임1] 학부생 하계 인턴십 신청서 1부
• 제출기간: 2025년 6월 13일 (금) 까지
I
3. 신청과정 및 유의사항
• 인턴십 참여 희망 학생은 희망 지도교수에게 참여 신청 및 추천서에 확인(도장/서명)을 받고 스캔본(pdf)을 이메일로 제출(iibs_hr@ssu.ac.kr)
• 모집인원 초과시 추첨으로 진행
• 지원금 전액 환수 기준
가. 지도교수는 학생의 불성실 등을 사유로 중단 요청 가능
나. 결과보고서 미제출 시 지원금 전액 미지급
I
4. 결과발표
: 제출기간 후 일주일 이내 선발여부를 메일로 통보
I
5. 결과보고서 제출 및 시상식 일정
• 결과보고서 제출: 2025년 8월 중순
• 우수 결과보고서 시상식: 2025년 9월 초
I
6. <학부생 연구지원 프로그램>
• 모집대상: 하계 인턴십에 참여한 학부생에 한하여 지원자격을 부여
• 모집인원: 2명 내외
• 연수기간: 2025학년도 2학기 (지원액: 30만원/월)
• 자세한 선발방법은 추후 공지
I
감사합니다.
기초과학융합연구소
7. 사이트 링크
사이트 링크"
statistics,2025-1학기 졸업고사 결과,,2025.03.18,https://stat.ssu.ac.kr/notice_view.html?category=1&idx=1253&PHPSESSID=6994f36a5ba285318f32adf82450aa58,"2025-1학기 졸업고사 결과(첨부파일 확인)
- 부분합격으로 인정된 과목이 있더라도, 추후 시험에서 평균 60점이 넘지 않은 경우 불합격 처리 됨
- 전체평균 60점 이상이어도 과락(40점 미만)이 있으면 불합격 처리 됨
문의사항은 학번(8자리), 이름과 함께 stat@ssu.ac.kr로 보내주시기 바랍니다."
statistics,"2025학년도 1학기 졸업시험 일정,장소 안내 (2025.03.08)",,2025.03.04,https://stat.ssu.ac.kr/notice_view.html?category=1&idx=1252&PHPSESSID=6994f36a5ba285318f32adf82450aa58,"2025학년도 1학기 졸업시험 일정 안내
▶일시: 2025년 3월 8일(토) 09:00~11:10
▶시험 시간표
- 1교시: 수리통계(09:00~10:00)
- 2교시: 회귀분석(10:10~11:10)
장소: 조만식기념관 329호"
statistics,수강신청 공지사항_보험원론,,2025.02.25,https://stat.ssu.ac.kr/notice_view.html?category=1&idx=1251&PHPSESSID=6994f36a5ba285318f32adf82450aa58,"정보통계보험수리학과의 ""보험원론(2150538701)""을 수강한 학생들은 금융학부의 ""보험론(2150628901)"" 과목 수강 불가"
statistics,2025-1학기 졸업시험 비치용 문제(회귀분석),,2025.02.18,https://stat.ssu.ac.kr/notice_view.html?category=1&idx=1250&PHPSESSID=6994f36a5ba285318f32adf82450aa58,2025-1학기 졸업시험 비치용 문제(~03/07 17:00까지 게시)
statistics,"2025-1학기 졸업시험 비치용 문제(수리통계, 추정검정론)",,2025.02.17,https://stat.ssu.ac.kr/notice_view.html?category=1&idx=1249&PHPSESSID=6994f36a5ba285318f32adf82450aa58,2025-1학기 졸업시험 비치용 문제(~03/07 17:00까지 게시)
statistics,2025학년도 1학기 졸업시험 공고(2025.03.08),,2025.02.10,https://stat.ssu.ac.kr/notice_view.html?category=1&idx=1248&PHPSESSID=6994f36a5ba285318f32adf82450aa58,"정보통계·보험수리학과
2025학년도 1학기 졸업시험 공고
아래와 같이 2025학년도 1학기 졸업시험을 실시하고자 하니 대상 학생들은 졸업시험 내규를 숙지하여 시험에 응시해 주시기 바랍니다.
(졸업 프로젝트 수행을 희망하는 학생들도 동일한 신청기간 내에 신청해 주시기 바랍니다.)
-신청대상: 정보통계·보험수리학과 5학기 이상 이수한 학생
-일시: 2024년 3월 8일(토) 09:00~11:10
-장소: 추후 공지
-신청기간: 2025년 2월 11일(화)~21일(금)
-신청방법:
https://forms.gle/XxyMX6taC583sxqA6
의 폼 작성하여 제출
* 졸업 프로젝트를 신청하는 경우 학과사무실로 문의
** 2024년 이전에 수리통계, 회귀분석 부분합격한 학생은 시험 볼 필요 없음
대신 구글 폼에 신청은 꼭 해야하며, 합격증빙 파일 제출 해야 함 (합격한 화면 캡쳐도 가능)
<첨부> 정보통계·보험수리학과 졸업시험 규정"
statistics,2025학년도 1학기 백마성적우수장학생 선발 기준 안내,,2025.01.20,https://stat.ssu.ac.kr/notice_view.html?category=1&idx=1247&PHPSESSID=6994f36a5ba285318f32adf82450aa58,"백마성적우수장학금은 성적 순으로 지급되는 등록금내 선발장학입니다.
장학생 자격요건에 대해 다음과 같이 공지합니다.
< 자격요건 >
가. 2025학년도 1학기 국가장학금을 신청하여 소득분위 조회가 가능한 자
1) 국가장학금 1차 신청자에 한하여 등록금고지서 사전감면
2) 1차 미신청자: 2차 신청/서류제출 확인 후 지급
(2차 신청자 중 한국장학재단 구제신청 시 사후지급)
3) 국가장학금을 신청할 수 없는 대한민국 국적 미소지자도 선발 가능
(단, 순수외국인전형으로 입학한 외국인유학생은 선발 불가)
나. 2025학년도 1학기 재학 및 복학 예정자로 해당 학기 등록금 납부 예정인 자
1) 2025학년도 1학기 前 등록휴학 후 복학 시 선발 대상에서 제외(등록대체자)
2) 학기 중 미등록, 입학취소, 복학취소 등으로 인한 학적변동 시 모든 장학금 취소
3) 선발 후, 학기 중 휴학 시 백마성적우수장학금은 복학 학기로 이월
※ 추가 또는 교체 선발 시 재학 중인 학생만 선발 가능(휴학생에 대한 추가/교체 불가)
다. 직전 학기 15학점 이상 이수한 자(졸업 직전학기는 직전학기 12학점 이상)
라. 2025-1학기가 정규등록학기 8학기 이내인 자(건축학과 건축학전공: 정규등록 10학
기 이내인 자)
마. F학점 포함 학적부성적 기준 직전 학기
3.8 이상
인 자
바. 모든 교내장학금간 중복수혜 불가
1) 신청장학금 중 수혜금액이 큰 장학금으로 자동 선발
2) 중복수혜 가능 장학금: 국가장학금, 교외장학금, 학과우수장학금, 기타 학업장려비 지원 목적 장학금 등
사. 졸업예정자 선발 불가(조기졸업 대상자 포함)하므로 유의"
statistics,2024-2학기 자격 시험 취득 지원(~12.27(금)),,2024.12.18,https://stat.ssu.ac.kr/notice_view.html?category=1&idx=1246&PHPSESSID=6994f36a5ba285318f32adf82450aa58,"1. 자격 시험 취득 지원
​1) 신청기간: 2024월 12월 18일(수)~12월 27일(금) 23:59
2) 신청방법:
https://forms.gle/JTLmGARFkUdAGMkn6
구글폼 제출 (자격증이 여러 개일 경우 여러 번 응답 제출)
*자세한 안내사항은 학과 홈페이지 자격시험 취득 및 인터넷 강의 지원에 관한 내규(아래 링크) 확인​
https://stat.ssu.ac.kr/notice_view.html?category=1&idx=464"
statistics,2024-2학기 인터넷 강의 지원 (~12/27(금)),,2024.12.18,https://stat.ssu.ac.kr/notice_view.html?category=1&idx=1245,". 인터넷 강의 지원 (통계)
​1) 신청기간: 2024월 12월 18일(수)~12월 27일(금) 24시
2) 신청방법: 방학 동안 수강을 희망하는 강의 리스트를 학과 이메일(stat@ssu.ac.kr)로 제출
3) 신청 시 메일 내용:
제목: 인터넷 강의 신청합니다_학번_이름
내용:  학번/본인이름/연락처
강의명/강사명/학원명/가격
* 보험 강의 지원은 보험계리 담당학생(김가은)에게 신청해 주세요.
*자세한 안내사항은 학과 홈페이지 자격시험 취득 및 인터넷 강의 지원에 관한 내규(아래 링크) 확인​
https://stat.ssu.ac.kr/notice_view.html?category=1&idx=464
rtp 2023"
statistics,2024-2학기 졸업고사 결과,,2024.10.15,https://stat.ssu.ac.kr/notice_view.html?category=1&idx=1242,"2024-2학기 졸업고사 결과(첨부파일 확인)
- 부분합격으로 인정된 과목이 있더라도, 추후 시험에서 평균 60점이 넘지 않은 경우 불합격 처리 됨
문의사항은 학번(8자리), 이름과 함께 stat@ssu.ac.kr로 보내주시기 바랍니다."
statistics,"2024학년도 2학기 졸업시험 일정,장소 안내 (2024.09.07)",,2024.09.02,https://stat.ssu.ac.kr/notice_view.html?category=1&idx=1241,"2024학년도 2학기 졸업시험 일정 안내
▶일시: 2024년 9월 7일(토) 9:30~11:40
▶시험 시간표
- 1교시: 수리통계 (9:30~10:30)
- 2교시: 회귀분석(10:40~11:40)
장소: 진리관 404호"
statistics,2024-2학기 졸업시험 수리통계 비치용 문제,,2024.08.28,https://stat.ssu.ac.kr/notice_view.html?category=1&idx=1240,2024-2학기 졸업시험 수리통계 비치용 문제
statistics,2024학년도 2학기 졸업시험 공고(2024.09.07),,2024.08.05,https://stat.ssu.ac.kr/notice_view.html?category=1&idx=1238,"정보통계·보험수리학과
2024학년도 2학기 졸업시험 공고
아래와 같이 2024학년도 2학기 졸업시험을 실시하고자 하니 대상 학생들은 졸업시험 내규를 숙지하여 시험에 응시해 주시기 바랍니다.
(졸업 프로젝트 수행을 희망하는 학생들도 동일한 신청기간 내에 신청해 주시기 바랍니다.)
-신청대상: 정보통계·보험수리학과 5학기 이상 이수한 학생
-일시: 2024년 9월 7일(토) 9:30~11:40
-장소: 추후 공지
-신청기간: 2024년 8월 5일(금)~23일(금)
-신청방법:
https://forms.gle/pjGujpUXiYX21T3WA
의 폼 작성하여 제출
* 졸업 프로젝트를 신청하는 경우 학과사무실로 문의
** 2024년 이전에 수리통계, 회귀분석 부분합격한 학생은 시험 볼 필요 없음
대신 구글 폼에 신청은 꼭 해야하며, 합격증빙 파일 제출 해야 함 (합격한 화면 캡쳐도 가능)
<첨부> 정보통계·보험수리학과 졸업시험 규정
정보통계·보험수리학과장"
statistics,2024-1학기 인터넷 강의 지원 (~7/5(금)),,2024.06.14,https://stat.ssu.ac.kr/notice_view.html?category=1&idx=1237,". 인터넷 강의 지원
(통계)
​1) 신청기간: 2024월 6월 17일(월)~7월 5일(금) 24시
2) 신청방법: 방학 동안 수강을 희망하는 강의 리스트를 학과 이메일(stat@ssu.ac.kr)로 제출
3) 신청 시 메일 내용:
제목: 인터넷 강의 신청합니다_학번_이름
내용:  학번/본인이름/연락처
강의명/강사명/학원명/가격
* 보험 강의 지원은 보험계리 담당학생(김가은)에게 신청해 주세요.
*자세한 안내사항은 학과 홈페이지 자격시험 취득 및 인터넷 강의 지원에 관한 내규(아래 링크) 확인​
https://stat.ssu.ac.kr/notice_view.html?category=1&idx=464
rtp 2023"
statistics,2024-1학기 자격 시험 취득 지원(~7.5(금)),,2024.06.14,https://stat.ssu.ac.kr/notice_view.html?category=1&idx=1236,"1. 자격 시험 취득 지원
​1) 신청기간: 2024월 6월 17일(월)~7월 5일(금) 23:59
2) 신청방법:
https://forms.gle/afrDjEcA42BWjB7k7
구글폼 제출 (자격증이 여러 개일 경우 여러 번 응답 제출)
*자세한 안내사항은 학과 홈페이지 자격시험 취득 및 인터넷 강의 지원에 관한 내규(아래 링크) 확인​
https://stat.ssu.ac.kr/notice_view.html?category=1&idx=464"
statistics,2024학년도 기과융 학부생 하계인턴십 모집 (통계 분야),,2024.06.07,https://stat.ssu.ac.kr/notice_view.html?category=1&idx=1235,"숭실대 기초과학융합연구소에서 2024년 학부생 동계인턴십 모집을 진행중에 있습니다.
정보통계보험수리학과 정원일 교수 연구실에서 통계 분야 동계 학부 인턴을 모집합니다.
1. 모집인원: 2명~3명
2. 연수기간: 2024년 7월 1일(월) ~ 2024년 8월 31일(토) (2개월)
3. 연수장소: 연수장소: 숭실대학교 자연과학대학 교수 연구실 및 실험실
4. 모집대상: 2024학년도 1학기 숭실대 자연과학대학 학부 재학생 (휴학생 지원불가)
4. 연구장려금: 600,000원 (기타소득 공제전 금액)
5. 링크: https://iibs.ssu.ac.kr/게시판/공지사항/?slug=6592
5. 자격조건:
(1) 숭실대 자연과학대학 학부 재학생 중 향후 대학원 진학에 관심이 있는 학생 (3,4학년 학생 우선 선발)
(2) R이나 Python 언어 사용이 가능한 학생
6. 연구주제: 의학, 역학 관련 데이터의 통계, 머신러닝, 딥러닝 분석 및 예측 모형 개발
관심있는 학생들은 정원일 교수님(wchung@ssu.ac.kr)에게 연락하세요."
statistics,백마성적우수장학생 선발 기준 변경 안내,,2024.03.19,https://stat.ssu.ac.kr/notice_view.html?category=1&idx=1230,"1. 장학금명: 백마성적우수장학금
2. 변경 근거
가. 2023학년도 제2차 장학위원회 결의사항
나. 장학금 지급 내규
3. 변경 내용
장학금명칭
지급기준
장학금 지급액(최대금액)
변경 전
변경 후
장학금 수혜 취득학점 15학점(최종 직전학기는 12학점) 이상
백마성적우수장학금
직전학기 3.5이상
직전학기 3.8이상
(지급학기 등록금기준)
수업료 100%
수업료50%
수업료25%
4. 변경시기 : 2024학년도 2학기 신규 선발되는 장학금부터 적용
※ 기 선발된 성적장학금 이월 대상자의 경우 변경 전 성적 기준 계속 적용
5. 기타사항 :  학교 홈페이지(u-Saint 장학 공지사항) 공지 확인"
statistics,2024-1학기 졸업고사 결과,,2024.03.18,https://stat.ssu.ac.kr/notice_view.html?category=1&idx=1229,"2024-1학기 졸업고사 결과(첨부파일 확인)
- 부분합격으로 인정된 과목이 있더라도, 추후 시험에서 평균 60점이 넘지 않은 경우 불합격 처리 됨
문의사항은 학번(8자리), 이름과 함께 stat@ssu.ac.kr로 보내주시기 바랍니다."
statistics,2024-1학기 졸업시험 회귀분석 비치용 문제,,2024.03.05,https://stat.ssu.ac.kr/notice_view.html?category=1&idx=1228,2024-1학기 졸업시험 회귀분석 비치용 문제
statistics,"2024학년도 1학기 졸업시험 일정,장소 안내 (2024.03.09)",,2024.03.04,https://stat.ssu.ac.kr/notice_view.html?category=1&idx=1227,"2024학년도 1학기 졸업시험 일정 안내
▶일시: 2024년 3월 9일(토) 9:30~11:40
▶시험 시간표
- 1교시: 수리통계 (9:30~10:30)
- 2교시: 회귀분석(10:40~11:40)
장소: 미래관 304호"
statistics,2024학년도 1학기 졸업시험 공고(2024.03.09),,2024.02.01,https://stat.ssu.ac.kr/notice_view.html?category=1&idx=1224,"정보통계
·
보험수리학과
2024
학년도
1
학기 졸업시험 공고
아래와 같이
2024
학년도
1
학기 졸업시험을 실시하고자 하니 대상 학생들은 졸업시험 내규를 숙지하여 시험에 응시해 주시기 바랍니다
.
(
졸업 프로젝트 수행을 희망하는 학생들도 동일한 신청기간 내에 신청해 주시기 바랍니다
.)
-
신청대상
:
정보통계
·
보험수리학과
5
학기 이상 이수한 학생
-
일시
: 2024
년
3
월
9
일
(
토
) 9:30~11:40
-
장소
:
추후 공지
-
신청기간
: 2024
년
2
월
1
일
~20
일
-
신청방법
:
https://forms.gle/cYPEBW7kEiCwZDXP6
의 폼 작성하여 제출
*
졸업 프로젝트를 신청하는 경우 학과사무실로 문의
** 2024년 이전에 수리통계, 회귀분석 부분합격한 학생은 시험 볼 필요 없음
대신 구글 폼에 신청은 꼭 해야하며, 합격증빙 파일 제출 해야 함 (합격한 화면 캡쳐도 가능)
<
첨부
>
정보통계
·
보험수리학과 졸업시험 규정
정보통계
·
보험수리학과장"
statistics,2024학년도 1학기 백마성적우수장학 기준안내,,2024.01.11,https://stat.ssu.ac.kr/notice_view.html?category=1&idx=1223,"백마성적우수장학금은 성적 순으로 지급되는 등록금내 선발장학입니다.
장학생 자격요건에 대해 다음과 같이 공지합니다.
< 자격요건 >
가. 2024학년도 1학기 국가장학금을 신청하여 소득분위 조회가 가능한 자
1) 1차 신청자에 한하여 등록금고지서 사전감면
2) 1차 미신청자 : 2차 신청/서류제출 확인 후 지급
3) 국가장학금을 신청할 수 없는 대한민국 국적 미소지자도 선발 가능
(단, 순수외국인전형으로 입학한 외국인유학생은 선발 불가)
나. 2024학년도 1학기 재학 및 복학예정자로 해당학기 등록금 납부 예정인 자
1) 2024학년도 1학기 前등록휴학 후 복학시 선발대상에서 제외(등록대체자)
2) 학기 중 미등록, 입학취소, 복학취소 등으로 인한 학적변동시 모든 장학금 취소
3) 선발 후, 학기 중 휴학 시 백마성적우수장학금은 복학학기로 이월
※ 추가 또는 교체선발 시 재학 중인 학생만 선발 (휴학생에 대한 추가/교체 불가)
다. 직전학기 15학점 이상 이수한 자 (졸업 직전학기는 직전학기 12학점 이상)
라. 정규등록학기가 8학기 이내인 자(건축학과 건축학전공: 정규등록 10학기 이내인 자)
마. F학점 포함 학적부성적 기준 직전학기 3.5 이상인 자
바. 모든 교내장학금간 중복수혜 불가
1) 신청장학금 중 수혜금액이 큰 장학금 자동선발
2) 중복수혜 가능 장학금: 국가장학금, 교외장학금, 학과우수장학금, 기타 학업장려비 지원 목적 장학금 등
사. 졸업예정자 선발 불가(조기졸업 대상자 포함)하므로 유의"
statistics,2023-2학기 자격 시험 취득 지원(~1.10(수)),,2024.01.04,https://stat.ssu.ac.kr/notice_view.html?category=1&idx=1222,"1. 자격 시험 취득 지원
​1) 신청기간: 2024월 1월 4일(목)~1월 10일(수) 23:59
2) 신청방법:
https://forms.gle/NDJQ9RFaMHGS3XUh9
구글폼 제출 (자격증이 여러 개일 경우 여러 번 응답 제출)
*자세한 안내사항은 학과 홈페이지 자격시험 취득 및 인터넷 강의 지원에 관한 내규(아래 링크) 확인​
https://stat.ssu.ac.kr/notice_view.html?category=1&idx=464"
statistics,2023-2학기 인터넷 강의 지원 (~1/10(수)),,2024.01.03,https://stat.ssu.ac.kr/notice_view.html?category=1&idx=1221,"1. 인터넷 강의 지원(통계)
​1) 신청기간: 2024월 1월 4일(목)~1월 10일(수) 24시
2) 신청방법: 방학 동안 수강을 희망하는 강의 리스트를 학과 이메일(stat@ssu.ac.kr)로 제출
3) 신청 시 메일 내용:
제목: 인터넷 강의 신청합니다_학번_이름
내용:  학번/본인이름/연락처
강의명/강사명/학원명/가격
*자세한 안내사항은 학과 홈페이지 자격시험 취득 및 인터넷 강의 지원에 관한 내규(아래 링크) 확인​
https://stat.ssu.ac.kr/notice_view.html?category=1&idx=464
rtp 2023"
statistics,졸업시험내규 (2024),,2023.12.13,https://stat.ssu.ac.kr/notice_view.html?category=1&idx=1220,"정보통계. 보험수리학과 졸업고사에 관한 규정을 첨부합니다.
첨부파일을 확인하시고 추후 졸업시험에 불이익을 당하지 않도록 하시기 바랍니다."
statistics,2023학년도 기과융 학부생 동계인턴십 모집 (통계 분야),,2023.12.01,https://stat.ssu.ac.kr/notice_view.html?category=1&idx=1219,"숭실대 기초과학융합연구소에서 2023년 학부생 동계인턴십 모집을 진행중에 있습니다.
정보통계보험수리학과 정원일 교수 연구실에서 통계 분야 동계 학부 인턴을 모집합니다.
1. 모집인원: 2명~3명
2. 연수기간: 2024년 1월 1일(월) ~ 2024년 2월 29일(목) (2개월)
3. 모집대상: 2023학년도 2학기 숭실대 자연과학대학 학부 재학생 (휴학생 지원불가)
4. 연구장려금: 600,000원 (기타소득 공제전 금액)
5. 링크: https://iibs.ssu.ac.kr/게시판/공지사항/?slug=5826
5. 자격조건:
(1) 숭실대 자연과학대학 학부 재학생 중 향후 대학원 진학에 관심이 있는 학생 (3학년 학생 우선 선발)
(2) R이나 Python 언어 사용이 가능한 학생
6. 연구주제: 의학, 역학 관련 데이터의 통계, 머신러닝, 딥러닝 분석 및 예측 모형 개발
관심있는 학생들은 정원일 교수님(wchung@ssu.ac.kr)에게 연락하세요."
statistics,2023학년도 2학기 정보통계·보험수리학과  장학생 선발 공고,,2023.11.13,https://stat.ssu.ac.kr/notice_view.html?category=1&idx=1218,"2023
학년도
2
학기 정보통계
·
보험수리학과
장학생 선발 공고
정보통계
·
보험수리학과에서는 본 학과에 기부금을 출연해 주신 기부회원의 요청에 따라 다음과 같이 장학생을 선발하고자 합니다
.
1.
선발대상
: 2023
학년도
2
학기 현재 정보통계
·
보험수리학과 재학생으로
장학금 지원이 필요한 학생
2.
선발인원
: 5~10
명
3.
장학금액
:
총 장학금액
10,000,000
원으로 선발 인원에 따라 변동 가능
4.
제출서류
1)
장학금 지원 신청서
(
첨부 양식
)
2)
소득분위 증빙자료
(
한국장학재단 조회결과 출력
)
5.
선발일정
1)
신청서 제출
: 2023.11.13.~2023.11.22. (
학과사무실로 제출
)
2)
서류 검토 및 심사
: 2023. 11
월 중
3)
장학생 선발확정
: 2023. 11
월 말
~12
월 초
(
선발된 학생에게 개별 통지
)
정보통계
·
보험수리학과장"
statistics,2023-2학기 졸업고사 결과,,2023.09.18,https://stat.ssu.ac.kr/notice_view.html?category=1&idx=1217,"2023-2학기 졸업고사 결과(첨부파일 확인)
- 부분합격으로 인정된 과목이 있더라도, 추후 시험에서 평균 60점이 넘지 않은 경우 불합격 처리 됨
문의사항은 학번(8자리), 이름과 함께 stat@ssu.ac.kr로 보내주시기 바랍니다."
statistics,한국통계학회 여성위원회 취업 세미나 개최 안내,,2023.09.11,https://stat.ssu.ac.kr/notice_view.html?category=1&idx=1216,"가. 행사명 : 한국통계학회 여성위원회 취업 세미나
나.
일시
: 2023
년
9
월
22
일
(
금
),
오후
5-7
시
다. 운영 : 대면으로 진행
- 행사 장소 : 연세대학교 보건대학원 종합관 331호
라. 세부 프로그램
-5:00~5:30 AI 최신 트랜드 및 데이터사이언티스트 커리어 첫걸음
SAS KOREA 마케팅본부 정미교 전무
-5:30~6:00 디지털대전환의 시대에 기업에서 필요한 인재상
LG U+인사부 Agile &Talent 담당 정지현 상무
-6:00~7:00 Gender unconscious bias와 관련된 이슈에 대한 동영상 시청 후 토의
-7:00~8:30 저녁 식사 및 친교
마. 참가신청 접수는
온라인으로만
진행됩니다.
남/녀 대학생/대학원생을 환영합니다.
(접수링크 :
https://m.site.naver.com/1d4qM
)
기타 자세한 사항은 위 웹사이트 또는 첨부된 포스터를 참고해주시길 바랍니다
바. 문의 : 한국통계학회 여성위원회 사무국 02-2228-1526
womenstatk@gmail.com"
statistics,"2023학년도 2학기 졸업시험 일정,장소 안내 (2023.09.02)",,2023.08.28,https://stat.ssu.ac.kr/notice_view.html?category=1&idx=1215,"2023학년도 2학기 졸업시험 일정 안내
▶일시: 2023년 9월 2일(토) 9:30~12:50
▶시험 시간표
- 1교시: 수리통계 (9:30~10:30)
- 2교시: 회귀분석(10:40~11:40)
- 3교시: 전공선택(11:50~12:50)
장소: 조만식 기념관 329호"
statistics,2023-2학기 졸업시험 수리통계 비치용 문제,,2023.08.24,https://stat.ssu.ac.kr/notice_view.html?category=1&idx=1214,2023-2학기 졸업시험 수리통계 비치용 문제
statistics,2023-2학기 졸업시험 금융수리1 비치용 문제,,2023.08.24,https://stat.ssu.ac.kr/notice_view.html?category=1&idx=1213,2023-2학기 졸업시험 금융수리1 비치용 문제
statistics,2023-2학기 졸업시험 보험수리학1 비치용 문제,,2023.08.16,https://stat.ssu.ac.kr/notice_view.html?category=1&idx=1212,2023-2학기 졸업시험 보험수리학1 비치용 문제
statistics,2023-2학기 졸업시험 실험계획 비치용 문제,,2023.08.16,https://stat.ssu.ac.kr/notice_view.html?category=1&idx=1211,2023-2학기 졸업시험 실험계획 비치용 문제
statistics,2023-2학기 졸업시험 회귀분석1 비치용 문제,,2023.08.16,https://stat.ssu.ac.kr/notice_view.html?category=1&idx=1210,2023-2학기 졸업시험 회귀분석1 비치용 문제
statistics,2023-2학기 졸업시험 표본론 비치용 문제,,2023.08.16,https://stat.ssu.ac.kr/notice_view.html?category=1&idx=1209,2023-2학기 졸업시험 표본론 비치용 문제
statistics,2023-2학기 창의적 문제해결(캡스톤디자인) 평가방식 변경 안내,,2023.08.01,https://stat.ssu.ac.kr/notice_view.html?category=1&idx=1207,"2023-2학기 창의적 문제해결(캡스톤디자인) 평가방식 변경 안내
창의적 문제해결(캡스톤디자인) 평가방식은
P/F로
변경됩니다."
statistics,2023-2학기 보험수리특강 수강신청 관련,,2023.08.01,https://stat.ssu.ac.kr/notice_view.html?category=1&idx=1206,"2023-2학기 보험수리특강 수강신청 관련
이번학기 보험수리특강 과목은 최근 몇 년간 다루었던 주제와 달리
보험계리사 2차 과목 중 계리리스크관리
에서 다루는 내용을 강의합니다.
수강에 참고하시기 바랍니다."
statistics,2023학년도 2학기 졸업시험 공고(2023.09.02),,2023.07.28,https://stat.ssu.ac.kr/notice_view.html?category=1&idx=1205,"정보통계
·
보험수리학과
2023
학년도
2
학기 졸업시험 공고
아래와 같이
2023
학년도
2
학기 졸업시험을 실시하고자 하니 대상 학생들은
졸업시험 내규를 숙지하여 시험에 응시해 주시기 바랍니다
.
(
졸업 프로젝트 수행을 희망하는 학생들도 동일한 신청기간 내에 신청해
주시기 바랍니다
.)
-
신청대상
:
정보통계
·
보험수리학과
5
학기 이상 이수한 학생
-
일시
: 2023
년
9
월
2
일
(
토
) 9:30~12:50
-
장소
:
추후 공지
-
신청기간
: 2023
년
8
월
1
일
~18
일
-
신청방법
:
https://forms.gle/JgHFYt6EbTLWsnDeA
의 폼 작성하여 제출
(
졸업 프로젝트를 신청하는 경우 학과사무실로 문의
)
<
첨부
>
정보통계
·
보험수리학과 졸업시험 규정
정보통계
·
보험수리학과장"
statistics,2023-1학기 자격 시험 취득 지원 금액 안내,,2023.07.28,https://stat.ssu.ac.kr/notice_view.html?category=1&idx=1204,"안녕하세요, 정보통계보험수리학과입니다.
자격시험 취득 및 인터넷 강의 지원에 관한 학과 내규에 따라 분야별 금액에 맞게 조정한 개인 지급 금액을 안내드립니다.
개인별 지급 금액은 첨부파일 확인 바랍니다.
감사합니다.
문의: stat@ssu.ac.kr
참고:
자격시험 취득 및 인터넷 강의 지원에 관한 내규(링크)
※안내사항-
장학팀 지침에 따라 5만원 미만 금액 및 100원 단위금액은 장학금 지급이 불가하여, 세금 8%정도를 제한 원천징수로 지급될 예정입니다."
statistics,2023-1학기 자격 시험 취득 지원(~7.23(일)),,2023.07.14,https://stat.ssu.ac.kr/notice_view.html?category=1&idx=1203,"1. 자격 시험 취득 지원
​1) 신청기간: 2023월 7월 14일(금)~7월 23일(일) 23:59
2) 신청방법:
https://forms.gle/uUn3D91dbCCXB6U59
구글폼 제출 (자격증이 여러 개일 경우 여러 번 응답 제출)
*자세한 안내사항은 학과 홈페이지 자격시험 취득 및 인터넷 강의 지원에 관한 내규(아래 링크) 확인​
https://stat.ssu.ac.kr/notice_view.html?category=1&idx=464"
statistics,2023-1학기 인터넷 강의 지원 (~7/9(일)),,2023.07.06,https://stat.ssu.ac.kr/notice_view.html?category=1&idx=1201,"1. 인터넷 강의 지원(통계)
​1) 신청기간: 2023월 7월 6일(목)~7월 9일(일) 24시
2) 신청방법: 방학 동안 수강을 희망하는 강의 리스트를 학과 이메일(stat@ssu.ac.kr)로 제출
3) 신청 시 메일 내용:
제목: 인터넷 강의 신청합니다_학번_이름
내용:  학번/본인이름/연락처
강의명/강사명/학원명/가격
*자세한 안내사항은 학과 홈페이지 자격시험 취득 및 인터넷 강의 지원에 관한 내규(아래 링크) 확인​
https://stat.ssu.ac.kr/notice_view.html?category=1&idx=464
rtp 2023"
statistics,학석사연계과정 안내문,,2023.05.16,https://stat.ssu.ac.kr/notice_view.html?category=1&idx=1197,"1. 지원기간 : 2023.06.05(월)~06.16(금)
2. 모집학과 : 학사과정과 석사과정에 동일(또는 유사)학과가 있는 학과(계약학과 제외)
3.지원자격 :
다음 각호 모두 해당되는 자
가. 지원일 당시 학사과정 4학기 이상 6학기 이내 재학 중(건축학부 건축학전공은 6학기 이상 8학기 이내 재학 중)인 자 (학·석사연계과정 신청자는 조기졸업 신청을 할 수 없음)
나. 재수강 이전 과목, 학점포기한 과목, F학점 과목 등을 포함한 전체 과목의 총평점평균이 3.0 / 4.5 이상인 자
다. 7학기 또는 8학기(건축학부 건축학 전공은 9학기 또는 10학기)에 학사과정의 졸업요건을 충족할 수 있는 자
라. 지원하고자 하는 일반대학원 학과 주임교수와 지도교수의 추천을 받은 자
마. 지원하고자 하는 일반대학원의 동일(또는 유사)학과를 주전공 또는 복수전공으로 하는자
4. 제출서류 및 지원방법
가. 학·석사연계과정 신청서 1부.
나. 대학원 교학팀으로 방문 접수(웨스트민스터홀 658호)
5. 선발인원 : 석사과정 입학정원의 20%
6. 발표일 : 2023.07.27(목) 예정 - 학과 및 개별통지
7. 관련안내
가. 대상 : 지원가능 대상자 및 학과
나. 방법 : 안내문 배포 및 대학원 홈페이지 공지
8. 문의처 : 대학원 교학팀(02-820.0258~9 , grad@ssu.ac.kr)"
statistics,2023-1학기 졸업고사 결과,,2023.03.13,https://stat.ssu.ac.kr/notice_view.html?category=1&idx=1190,"2023-1학기 졸업고사 결과(첨부파일 확인)
- 부분합격으로 인정된 과목이 있더라도, 추후 시험에서 평균 60점이 넘지 않은 경우 불합격 처리 됨
문의사항은 학번(8자리), 이름과 함께 stat@ssu.ac.kr로 보내주시기 바랍니다."
statistics,"2023학년도 1학기 졸업시험 일정,장소 안내 (2023.03.04)",,2023.03.02,https://stat.ssu.ac.kr/notice_view.html?category=1&idx=1188,"2023학년도 1학기 졸업시험 일정 안내
▶일시: 2023년 3월 4일(토) 9:30~12:50
▶시험 시간표
- 1교시: 수리통계 (9:30~10:30)
- 2교시: 회귀분석(10:40~11:40)
- 3교시: 전공선택(11:50~12:50)
장소: 진리관 404호"
statistics,2023-1학기 졸업시험 실험계획 비치용 문제,,2023.02.28,https://stat.ssu.ac.kr/notice_view.html?category=1&idx=1187,2023-1학기 졸업시험 실험계획 비치용 문제
statistics,2023학년도 1학기 졸업시험 일정 안내(2023.03.04),,2023.02.27,https://stat.ssu.ac.kr/notice_view.html?category=1&idx=1186,"2023학년도 1학기 졸업시험 일정 안내
▶일시: 2023년 3월 4일(토) 9:30~12:50
▶시험 시간표
- 1교시: 수리통계 (9:30~10:30)
- 2교시: 회귀분석(10:40~11:40)
- 3교시: 전공선택(11:50~12:50)
장소: 3/2일 공지 예정"
statistics,2023-1학기 졸업시험 보험수리학1 비치용 문제,,2023.02.23,https://stat.ssu.ac.kr/notice_view.html?category=1&idx=1185,2023-1학기 졸업시험 보험수리학1 비치용 문제
statistics,2023-1학기 졸업시험 표본론 비치용 문제,,2023.02.17,https://stat.ssu.ac.kr/notice_view.html?category=1&idx=1183,2023-1학기 졸업시험 표본론 비치용 문제
statistics,빅데이터 융합전공 교과목 이수구분 인정 관련 안내,,2023.02.16,https://stat.ssu.ac.kr/notice_view.html?category=1&idx=1182,"< 빅데이터 융합전공 교과목 이수구분 인정 관련 안내 >
빅데이터 융합전공 교과목 이수구분 인정과 관련하여 안내하니,
수강신청 시 참고하시기 바랍니다.
1. 빅데이터융합전공 이수자 : 융합전공 교과과정 상 이수구분 적용
2. 빅데이터융합전공 미이수자 중 참여학과 소속 학생- 융필 : 자동으로 전공선택 인정- 융선 : 타 학과 전공 인정 과목으로 인정하며 다전공(복수, 빅데이터 외 융합) 이수 시 전선으로 인정 불가(이수구분 변경 신청을 해도 인정 불가)"
statistics,"2023.2024학년도 빅데이터 융합, AI모빌리티 융합 전공 교과목 이수구분 인정 관련 안내",,2023.02.16,https://stat.ssu.ac.kr/notice_view.html?category=1&idx=1181,"< 2023.2024학년도 빅데이터 융합, AI모빌리티 융합 전공 교과목 이수구분 인정 관련 안내 >
2023.2024학년도 융합필수 교과목 <빅데이터 분산컴퓨팅>의 한시적 미개설로 인하여
융선과목을 추가 수강한 후, 8학기 이수구분변경 신청으로 융필 과목으로 인정 요청"
statistics,2023-1학기 졸업시험 수리통계 비치용 문제,,2023.02.14,https://stat.ssu.ac.kr/notice_view.html?category=1&idx=1180,"2023-1학기 졸업시험 수리통계 비치용 문제
virtus88"
statistics,2023-1학기 졸업시험 회귀분석 비치용 문제,,2023.02.13,https://stat.ssu.ac.kr/notice_view.html?category=1&idx=1179,"2023-1학기 졸업시험 회귀분석 비치용 문제
deposit 5000 tanpa potongan"
statistics,2023-1학기 졸업시험 금융수리 비치용 문제,,2023.02.03,https://stat.ssu.ac.kr/notice_view.html?category=1&idx=1178,"2023-1학기 졸업시험 금융수리 비치용 문제
slot deposit pulsa"
statistics,2023학년도 1학기 졸업시험 공고(2023.03.04),,2023.01.30,https://stat.ssu.ac.kr/notice_view.html?category=1&idx=1177,"아래와 같이
2023
학년도
1
학기 졸업시험을 실시하고자 하니 대상 학생들은 졸업시험 내규를 숙지하여 시험에 응시해 주시기 바랍니다
.
(
졸업 프로젝트 수행을 희망하는 학생들도 동일한 신청기간 내에 신청해 주시기 바랍니다
.)
-
신청대상
:
정보통계
·
보험수리학과
5
학기 이상 이수한 학생
-
일시
: 2023
년
3
월
4
일
(
토
) 9:30~12:50
-
장소
:
추후 공지
-
신청기간
: 2023
년
2
월
1
일
~20
일
-
신청방법
:
https://forms.gle/hvBmUTArSVxZpK1n7
의 폼 작성하여 제출
(
졸업 프로젝트를 신청하는 경우 학과사무실로 문의
)
정보통계 보험수리학과 사무실 : 02-820-0440 (stat@ssu.ac.kr)
slot deposit pulsa 10 ribu"
statistics,2022-2학기 자격 시험 취득 지원 금액 안내,,2023.01.11,https://stat.ssu.ac.kr/notice_view.html?category=1&idx=1175,"안녕하세요, 정보통계보험수리학과입니다.
자격시험 취득 및 인터넷 강의 지원에 관한 학과 내규에 따라 분야별 금액에 맞게 조정한 개인 지급 금액을 안내드립니다.
개인별 지급 금액은 첨부파일 확인 바랍니다.
감사합니다.
문의: stat@ssu.ac.kr
참고:
자격시험 취득 및 인터넷 강의 지원에 관한 내규(링크)
※안내사항-
장학팀 지침에 따라 5만원 미만 금액 및 100원 단위금액은 장학금 지급이 불가하여, 세금 8%정도를 제한 원천징수로 지급될 예정입니다.
slot pulsa tanpa potongan"
statistics,2022 겨울방학 동영상 강의 지원 금액 및 가상계좌 안내,,2023.01.04,https://stat.ssu.ac.kr/notice_view.html?category=1&idx=1174,"2022학년도 겨울방학 동영상 강의 지원 금액과 가상계좌를 안내합니다.
1. 가상 계좌:
우리은행 27049324118452 정보통계보험수리학과
2. 송금메모 or 송금인 :
본인 이름(※중요)
3. 송금액:
첨부된 엑셀 파일에
<학생지불금액>
열 확인 (※
보험분야
지원금액은 이지환학생이 개인당 공지해준 금액대로 입금해주시면 됩니다.)
(신청 과목이 여러 개일 경우엔
모든 과목을 합친 금액
을 입금)
추후 일정은
1.6(금) :
가상계좌 입금확인 (입금 후 시스템에 반영되기까지 1,2일 소요됩니다.)
1.6(금) :
미입금자 연락
1.9(월) :
입금 금액을 학과 예산으로 편성 (대학 결재 및 담당부서 처리까지 3-5일 소요됩니다.)
최소 1.12(목)~
학과 예산 반영 이후 학과사무실에서 학생 계정으로 로그인하여 강의 결제 후 개별 안내
(
통계과목
지원신청 학생은 강의 사이트 본인 계정에 희망 강의를
장바구니
에 담아놓고,
ID와 PW를 stat@ssu.ac.kr
로 보내주시기 바랍니다.)
RTP Gacor"
statistics,통계대학원 유학설명회(2023.01.18(수)),,2022.12.22,https://stat.ssu.ac.kr/notice_view.html?category=1&idx=1173,slot 5000 pgsoft
statistics,2022-2학기 자격 시험 취득 지원(~12.25(일)),,2022.12.14,https://stat.ssu.ac.kr/notice_view.html?category=1&idx=1171,"1. 자격 시험 취득 지원
​1) 신청기간: 2022월 12월 14일(수)~12월 25일(일) 23:59
2) 신청방법:
https://forms.gle/biRTMMF6nU1b5DgRA
구글폼 제출 (자격증이 여러 개일 경우 여러 번 응답 제출)
*자세한 안내사항은 학과 홈페이지 자격시험 취득 및 인터넷 강의 지원에 관한 내규(아래 링크) 확인​
https://stat.ssu.ac.kr/notice_view.html?category=1&idx=464
slot kilat"
statistics,2022-2학기 인터넷 강의 지원 (~12/21(수)),,2022.12.14,https://stat.ssu.ac.kr/notice_view.html?category=1&idx=1170,"1. 인터넷 강의 지원(통계)
​1) 신청기간: 2022월 12월 14일(수)~12월 21일(수) 18시
2) 신청방법: 방학 동안 수강을 희망하는 강의 리스트를 학과 이메일(stat@ssu.ac.kr)로 제출
3) 신청 시 메일 내용:
제목: 인터넷 강의 신청합니다_학번_이름
내용:  학번/본인이름/연락처
강의명/강사명/학원명/가격
2. 인터넷 강의 지원(보험계리)
​1) 신청기간: 2022월 12월 14일(수)~12월 21일(수) 18시
2) 신청방법: 방학 동안 수강을 희망하는 강의 리스트를 1)학과 이메일(stat@ssu.ac.kr), 2)계리사준비담당 이메일(tlqrhdjh07@naver.com)로 제출
※ 2개 이메일 주소 모두에 신청 바랍니다. 1곳에만 신청할 시 누락될 수 있음
3) 신청 시 메일 내용:
제목: 인터넷 강의 신청합니다_학번_이름
내용:  학번/본인이름/연락처
강의명/강사명/학원명/가격/ 같이 듣길 희망하는 사람이름(있는 경우만)
*자세한 안내사항은 학과 홈페이지 자격시험 취득 및 인터넷 강의 지원에 관한 내규(아래 링크) 확인​
https://stat.ssu.ac.kr/notice_view.html?category=1&idx=464
rtp 2023"
statistics,2022-2학기 10/7(금)~10/8(토) MT 유고결석 관련 설문,,2022.10.06,https://stat.ssu.ac.kr/notice_view.html?category=1&idx=1166,"https://forms.gle/UMKeKhgcGRE7kjjF6
위의 링크에서 설문 작성 후, (학생서비스팀에 발송할 공문 명단 작성용)
학교 공지사항 참고하여 유세인트에서 개별적으로 유고결석 신청하시기 바랍니다. (결석 후 10일 이내 가능)
dewagacor"
statistics,2022-2학기 졸업고사 결과(09.27 정정),,2022.09.21,https://stat.ssu.ac.kr/notice_view.html?category=1&idx=1165,"2022-2학기 졸업고사 결과(첨부파일 확인)
- 부분합격으로 인정된 과목이 있더라도, 추후 시험에서 평균 60점이 넘지 않은 경우 불합격 처리 됨
- +) 09.27 정정파일 (5명 학생) 확인 바랍니다.
문의사항은 학번(8자리), 이름과 함께 stat@ssu.ac.kr로 보내주시기 바랍니다.
slot koko"
statistics,[한국산업기술평가관리원] 소부장넷 통계활용대회  ~22. 10. 12.,,2022.09.07,https://stat.ssu.ac.kr/notice_view.html?category=1&idx=1164,"- 참여대상 :  전 국민
- 공모부문 : 보고서, 포스터
- 접수기간 : ~22. 10. 12. (수) 24:00까지
- 공모전 홈페이지 :
﻿
www.spectory.net/keit/statscontest
상세 내용 첨부파일 포스터 참조
RTP Live 2023"
statistics,2022-2학기 졸업시험 일정 안내 (9/3(토)),,2022.08.31,https://stat.ssu.ac.kr/notice_view.html?category=1&idx=1162,"2022-2학기 졸업시험 일정
▶시험 일시: 9/3(토) 09:30~12:50
▶시험 시간표
-1교시 수리통계 9시30분-10시30분
-2교시 회귀분석 10시40분-11시40분
-3교시 선택과목 11시50분-12시50분
장소: 백마관 403호(07403)
nusaslot"
statistics,22-2 졸업시험 비치용 문제(6과목),,2022.08.22,https://stat.ssu.ac.kr/notice_view.html?category=1&idx=1161,"-[필수] 수리통계
-[필수] 회귀분석
-[선택] 실험계획
-[선택] 표본론
-[선택] 금융수리
-[선택] 보험수리학1
6과목 졸업시험 비치용 문제입니다. (전산통계과목은 실습과목 특성상 통과 인정되는 자격증 증빙으로 대체됩니다.)
22-1학기 졸업시험 비치용문제와 동일합니다.
slot deposit pulsa 2023"
statistics,2022-1학기 자격 시험 취득 지원 금액 안내,,2022.08.02,https://stat.ssu.ac.kr/notice_view.html?category=1&idx=1160,"안녕하세요, 정보통계보험수리학과입니다.
자격시험 취득 및 인터넷 강의 지원에 관한 학과 내규에 따라 분야별 금액에 맞게 조정한 개인 지급 금액을 안내드립니다.
개인별 지급 금액은 첨부파일 확인 바랍니다.
감사합니다.
문의: stat@ssu.ac.kr
참고:
자격시험 취득 및 인터넷 강의 지원에 관한 내규(링크)
※ 8.29(월) 추가 안내사항-
장학팀 지침에 따라 5만원 미만 금액 및 100원 단위금액은 장학금 지급이 불가하여, 세금 8%정도를 제한 원천징수로 지급될 예정입니다.
https://forms.gle/BTGwYZMBLNo9PkAn9
위의 링크에서 계좌 입력 부탁드립니다.
감사합니다.
slot pulsa tanpa potongan 2023"
statistics,2022-2 학부 졸업시험 신청안내 [신청: ~8.12(금)],,2022.07.29,https://stat.ssu.ac.kr/notice_view.html?category=1&idx=1159,"2022-2 학부 졸업시험 신청안내 입니다.
8.12(금) 오후 11시59분 까지
https://forms.gle/ow8ixKkaQggCeVfCA
에서 신청 부탁드립니다.
-졸업시험 일정: 9/3(토) 9:30
-졸업시험 장소: 추후 안내 예정
-졸업시험 신청: 7/29(금)~8/12(금)
-신청대상: 정보통계·보험수리학과 5학기 이상 이수한 학생
문의사항은 stat@ssu.ac.kr 로 남겨주시기 바랍니다.
deposit pulsa tanpa potongan"
statistics,[한국거래소] KRX 금융 빅데이터 경진대회,,2022.06.29,https://stat.ssu.ac.kr/notice_view.html?category=1&idx=1155,"https://dacon.io/competitions/official/235914/overview/description
< 경진대회 개요 >
ㅇ​ 대회명 : 제1회 KRX 금융 빅데이터 활용 아이디어 경진대회
ㅇ 공모 주제 : KRX 자본시장 데이터 및 공공데이터를 활용한 비즈니스 아이디어
※ AI/데이터분석 기법 등을 적용한 정보상품․컨텐츠 아이디어를 제안하고,
프로그래밍/데이터분석을 통해 개념증명(PoC, Proof of concept) 결과 제시
ㅇ 참가 자격 : 개인(국내 거주자) 및 법인(국내 스타트업 등)
ㅇ 대회 일정 : 예선과 본선을 거쳐 수상팀 선정․시상
- 예선 접수 : ‘22년 6월 27일(월) ∼ 7월 22일(금)
- 본선 접수 : ‘22년 8월 1일(월) ∼ 8월 19일(금)
- 수상팀 발표 : ‘22년 9월 8일(목) (예정)
- 시 상 식 : ‘22년 9월 中 (예정)
ㅇ 참가 방법 : 경진대회 주관사인 데이콘 홈페이지(
https://dacon.io
)에서 참가 신청
ㅇ 시상 내역 : 총 5팀, 2,000만원
- 최우수상 1팀 1,000 만원
- 우수상 2팀 각 300 만원
- 장려상 2팀 각 200 만원
ㅇ 수상 특전
- 최우수상 수상팀은 KRX 신입직원 채용시 5년간 서류전형 우대
- KRX 데이터 구매 바우처 지급
- 수상작이 사업성이 있을 경우 KRX와 공동 사업 추진 검토
ㅇ 문의처
- 데이콘 : 이메일
dacon@dacon.io
전화 010-4293-1041
- 한국거래소 : 전화 02-3774-8936
※ 경시대회 세부요강은 데이콘 홈페이지(
https://dacon.io
)를 참고하시기 바랍니다​.
Slot deposit pulsa tanpa potongan"
statistics,한국보험계리사회 제2기 IAK 서포터즈 모집,,2022.06.15,https://stat.ssu.ac.kr/notice_view.html?category=1&idx=1148,공고 및 지원서는 첨부파일을 참조
statistics,"2022-1학기 자격 시험 취득 지원, 인터넷 강의 지원 (~6/16(목))",,2022.06.09,https://stat.ssu.ac.kr/notice_view.html?category=1&idx=1145,"1. 자격 시험 취득 지원
​1) 신청기간: 2022월 6월 9일(목)~6월 16일(목) 18시
2) 신청방법: 자격시험 합격 시 자격증 사본을 학과 이메일(stat@ssu.ac.kr)로 제출
2. 인터넷 강의 지원(통계)
​1) 신청기간: 2022월 6월 9일(목)~6월 16일(목) 18시
2) 신청방법: 방학 동안 수강을 희망하는 강의 리스트를 학과 이메일(stat@ssu.ac.kr)로 제출
3) 신청 시 메일 내용:
제목: 인터넷 강의 신청합니다_학번_이름
내용:  학번/본인이름/연락처
강의명/강사명/학원명/가격
3. 인터넷 강의 지원(보험계리)
​1) 신청기간: 2022월 6월 9일(목)~6월 16일(목) 18시
2) 신청방법: 첨부된 한글파일 확인
*자세한 안내사항은 학과 홈페이지 자격시험 취득 및 인터넷 강의 지원에 관한 내규(아래 링크) 확인​
https://stat.ssu.ac.kr/notice_view.html?category=1&idx=464"
statistics,제7회 롯데멤버스 빅데이터 경진대회,,2022.06.07,https://stat.ssu.ac.kr/notice_view.html?category=1&idx=1144,"롯데멤버스가 주최하는 제7회 롯데멤버스 빅데이터 경진대회가 아래와 같이 개최하오니 많은 관심 부탁드립니다.
가. 운영 개요
1) 대회명: 제7회 롯데멤버스 빅데이터 경진대회
2) 참가접수: 2022. 6. 1. ~ 2022. 7. 3
3) 데이터 다운로드 및 분석결과물 제출: 2022. 7. 4. ~ 2022. 8. 14
4) 주최: 롯데멤버스
5) 운영: (주)인공지능팩토리
6) 참가자격: 국내/해외 재학 대학생 및 대학원생 개인 또는 팀(최대 3인), 대학 졸업 후 2년 이내의 미취업자
7) 시상내역: 총 상금 1,000만원
8) 채용특전: 22~23년 데이터 유관 직무 신입/인턴 지원 시 서류전형 1회 면제
9) 문의: 인공지능팩토리 운영사무국 - cs@aifactory.page, 042-710-6451
나. 세부 프로그램: 포스터 붙임 참조
붙임1. poster.jpeg  끝."
statistics,2022-1학기 졸업고사 결과,,2022.05.20,https://stat.ssu.ac.kr/notice_view.html?category=1&idx=1141,"2021-2학기 졸업고사 결과(첨부파일 확인)
- 부분합격으로 인정된 과목이 있더라도, 추후 시험에서 평균 60점이 넘지 않은 경우 불합격 처리 됨
+) 2016**70 박성* / 2018**22 신하* 학생 누락사항 정정되었습니다.
+) 2016**53 강영* 학생 자격증 누락 정정되었습니다."
statistics,"중앙도서관 주최 ""SSU 데이터톤 2022""",,2022.05.19,https://stat.ssu.ac.kr/notice_view.html?category=1&idx=1140,"1) 추진 목적 및 배경
(가) 인공지능(AI) 시대의 도래로 인한 AI 기반이 되는 데이터에 대한 중요성 증대
(나) 데이터의 건전한 사용 및 데이터를 통한 문제해결 요구 증대
(다) 데이터에 대한 학생들의 관심 도모 및 데이터 리터러시 역량 강화
(라) 최근 대외적으로 관광, 교육 등의 데이터를 활용한 데이터 분석 및 활용 증대
(마) 고려, 한밭, 서울교대 등에서 교내·외 데이터를 활용한 데이터 관련 공모전 증대
2) 공모 주제
(가) 교내·외 데이터를 활용한 창의적 데이터 분석 및 활용 가능한 서비스 개발
- 중앙도서관 이용 데이터 (예: 출입, 대출, 검색 등)
- 외부 공공데이터 활용 (예:
DATA.go.kr
, 네이버 카카오 등)
- 공모 아이디어는 타인의 권리를 침해하지 않는 순수 창작
(나) 활동팀 선발 : 10팀 내외
- 1개팀 및 개인이 여러 아이디어 제출 가능
- 2개 이상 단과 대학 및 3개이상의 학과 구성시 가산점 부여
3) 참가 대상 : 숭실대학교 학부생 및 일반 대학원생
(가) 휴학생 및 학부 수료생 참가 가능
(나) 대학원 수료생 참가 불가
4) 공고 기간
(가) 공모 신청 : 2022.5.20.(금) ~ 6.9.(목)
(나) 온라인 설명회 : 2022.5.27.(금) 11:30
(다) 선발팀 활동 기간 : 2022.6.28.(화) ~ 8.25.(목), 약 2개월간
5) 진행 순서 및 일정
(가) 아이디어 공모 : 2022.5.20.(금) ~ 6.9.(목) 12:00 /
doogie@ssu.ac.kr
(나) 데이터톤 활동팀 선발 : 2022.6.16.(목)
(다) 사전 OT 진행 : 2022.6.28.(화) 12:00 / 중앙도서관 5층 A/V교육실
(라) 데이터톤 활동 : 2022.6.28.(화) ~ 8.5.(금) ※ 6 회 워크샵 및 결과보고서 제출
(마) 우수작 발표 : 2022.8.17.(수) / 활동팀 가운데 6팀 선발
(바) 최종 심사 및 발표 : 2022.8.25.(목) / PT 발표 및 심사
6) 시상 및 혜택
❍ 대상 (1팀) : 상금 200만원 ❍ 최우수상 (2팀) : 상금 100만원
❍ 우수상(3팀) : 상금 70만원 ❍ 장려상 (미정) : 미정 (상금 및 부상)
- 수상하지 못한 공모 당선자 개인별 : 문화상품권 1만원
-
1
인으로 구성된 팀의 경우 수상 금액의
50%
지급
- 공모 당선자 1년간 중앙도서관 ‘우수이용자’ 등급 부여
7) 행사 주관 : 숭실대학교 지식정보처 중앙도서관 학술정보운영팀
(가) 안내 홈페이지 : 중앙도서관 홈페이지(
oasis.ssu.ac.kr
)
(나) 담당자 연락처 및 메일 : 김덕성, 02-820-0742,
doogie@ssu.ac.kr"
statistics,2022-1학기 졸업시험 실험계획 비치용 문제,,2022.04.25,https://stat.ssu.ac.kr/notice_view.html?category=1&idx=1138,2022-1학기 졸업시험 실험계획 비치용 문제
statistics,2022-1학기 졸업시험 보험수리학1 비치용 문제,,2022.04.21,https://stat.ssu.ac.kr/notice_view.html?category=1&idx=1137,2022-1학기 졸업시험 보험수리학1 비치용 문제
statistics,2022-1학기 졸업시험 표본론 비치용 문제,,2022.04.20,https://stat.ssu.ac.kr/notice_view.html?category=1&idx=1136,22-1 졸업시험 표본론 비치용 문제
statistics,2022-1학기 졸업시험 금융수리1 비치용 문제,,2022.04.20,https://stat.ssu.ac.kr/notice_view.html?category=1&idx=1135,2022-1학기 졸업시험 금융수리1 비치용 문제
statistics,[AI모빌리티] AI모빌리티 STAR 스페이스 만족도 조사,,2022.04.19,https://stat.ssu.ac.kr/notice_view.html?category=1&idx=1134,"정보통계보험수리학과 학생이면 2022년 4월 21일 (목) 까지 아래 'AI모빌리티 STAR 스페이스 만족도 조사'에 참여해 주시면 감사하겠습니다.
https://forms.gle/RMS7H5VybEKysMCt8
AI모빌리티 STAR 스페이스 만족도 조사 (2022년)
안녕하십니까?
숭실대학교 AI모빌리티 사업단에서는 2022학년도 AI모빌리티 STAR 스페이스 만족도를 살펴보고 향후 개선 방향을 모색하기 위해 참여 학과 (AI융합학부, 기계공학부, 정보통계보험수리학과) 학생들을 대상으로 설문 조사를 실시하고 있습니다. STAR 스페이스는 참여학과 학생들이 함께 공유해서 사용할 수 있는 공유 공간으로 구축 위치와 상관없이 참여학과 학생이면 자유롭게 이용이 가능합니다. 귀하의 응답은 향후 AI모빌리티 융합전공 운영 개선에 매우 중요한 자료로 활용될 예정이오니 객관적이고 솔직한 답변을 부탁드립니다. 본 설문지에 응답하시는 내용은 위 목적 외에는 절대로 사용하지 않을 것을 약속드립니다.
협조해주셔서 다시 한 번 깊이 감사드립니다."
statistics,2022-1학기 졸업시험 수리통계 비치용 문제,,2022.04.18,https://stat.ssu.ac.kr/notice_view.html?category=1&idx=1133,2022-1학기 졸업시험 수리통계 비치용 문제
statistics,2022-1학기 졸업시험 회귀분석1 비치용 문제,,2022.04.18,https://stat.ssu.ac.kr/notice_view.html?category=1&idx=1132,2022-1학기 졸업시험 회귀분석1 비치용 문제
statistics,2022-1학기 졸업시험 일정 안내 (장소 업데이트),,2022.04.05,https://stat.ssu.ac.kr/notice_view.html?category=1&idx=1131,"2022-1학기 졸업시험 일정
▶시험 일시: 5/7(토) 09:30~12:50
▶시험 시간표
-1교시 수리통계 9시30분-10시30분
-2교시 회귀분석 10시40분-11시40분
-3교시 선택과목 11시50분-12시50분
장소: 백마관 403호(07403)"
statistics,2021-2 전과학생 전공학점 인정 승인 결과,,2022.03.28,https://stat.ssu.ac.kr/notice_view.html?category=1&idx=1130,"첨부파일 확인- 비밀번호는 본인의 학번입니다.
(문의: 02-820-0440)"
statistics,2022학년도 1학기 정보통계·보험수리학과  장학생 선발 공고,,2022.03.28,https://stat.ssu.ac.kr/notice_view.html?category=1&idx=1128,"정보통계
·
보험수리학과에서는 본 학과에 기부금을 출연해 주신 기부회원의 요청에 따라 다음과 같이 장학생을 선발하고자 합니다
.
1.
선발대상
: 2022
학년도
1
학기 현재 정보통계
·
보험수리학과 재학생으로
장학금 지원이 필요한 학생
2.
선발인원
: 5
명 내외
3.
장학금
: 200
만원
4.
제출서류
1)
장학금 지원 신청서
(
첨부 양식
)
2)
소득분위 증빙자료
(
한국장학재단 조회결과 출력
)
5.
선발일정
1)
신청서 제출
: 2022.3.28.~2022.4.8. (
학과사무실로 제출
)
2)
서류 검토 및 심사
: 2022. 4
월 중
3)
장학생 선발확정
: 2022. 4
월 말
~5
월 초
(
선발된 학생에게 개별 통지
)
정보통계
·
보험수리학과장
학과이메일: stat@ssu.ac.kr"
statistics,2022-1 학부 졸업시험 연기안내,,2022.02.28,https://stat.ssu.ac.kr/notice_view.html?category=1&idx=1126,"정보통계
·
보험수리학과
2022
학년도
1
학기 졸업시험 연기 공고
최근 코로나
19
의 확산세가 증가하였고
,
유행의 정점이
3
월 중순으로 예측됨에 따라 학생들의 안전을 위해 기존에 공지되었던 졸업시험 일정을 부득이하게 연기하기로 하였습니다
.
연기된 졸업시험 일정은 대략
4
월 말
~5
월 중순 경 실시하는 것으로 하고
, 4
월 초에 코로나
19
의 상황에 따라 일정을 확정하여 공지 하도록 하겠습니다
.
정보통계
·
보험수리학과장"
statistics,2022-1 학부 졸업시험 신청안내,,2022.02.16,https://stat.ssu.ac.kr/notice_view.html?category=1&idx=1125,"2022-1 학부 졸업시험 신청안내 입니다.
2/23(수) 오후 5시 까지 https://forms.gle/h6v8YqPghcwVdKKA6  로 신청 부탁드립니다.
졸업시험 일정: 3/12(토) 9:30
졸업시험 장소: 추후 안내 예정
졸업시험 신청: 2/16(수)~2/23(수)
문의사항은 02-820-0440 으로 연락주세요."
statistics,2022년도 제45회 보험계리사 및 손해사정사 시험 시행계획 공고,,2022.02.04,https://stat.ssu.ac.kr/notice_view.html?category=1&idx=1122,"보험계리사 및 손해사정사 시험 시행 공고입니다.
관심이 있으신 학생들은 첨부파일 참조해주세요."
statistics,2022학년도 1학기 숭실대학교 강사 및 겸임교수 채용 공고(3차),,2022.02.04,https://stat.ssu.ac.kr/notice_view.html?category=1&idx=1121,"2022학년도 1학기 숭실대학교 강사 채용 공고(3차)​
1.채용분야
가. 채용분야: 세부 채용 분야 및 인원은 붙임의 「모집 단위 목록」 참조
나. 주의사항
1) 전체 채용 모집단위 중 한 개 모집단위에 한하여 지원가능(중복 지원 불가)
2) 실제 담당 교과목은 강의개설 여건, 폐강 및 교과과정 개편 등에 의해 변경될 수 있음
2. 지원자격
가. 공통사항
1)「대학교원 자격기준 등에 관한 규정」에 따른 자격 기준을 충족하는 자
2) 관계 법령 및 본 대학교 규정에 따라 임용에 결격사유가 없는 자
3) 임용일 기준 만 65세에 도달하지 아니한 자.
나. 직종별 지원자격
1) 강사
가) 교육 및 연구경력연수: 연구실적연수와 교육경력연수 중 어느 하나가 기준에 미달하더라도 연구실적연수와 교육경력연수의 합계가 해당 기준을 충족하면 자격기준을 갖춘 것으로 본다.
구분
대학졸업자ㆍ동등자격자
전문대학졸업자ㆍ동등자격자
연구실적연수
교육경력연수
계
연구실적연수
교육경력연수
계
강사
1
1
2
1
2
3
※ 타 대학 전임교원은 본교 강사로 임용이 가능하나 해당 대학의 규정에 위배되지 않도록 유의
2) 겸임교수
가) 교육 및 연구경력연수: 연구실적연수와 교육경력연수 중 어느 하나가 기준에 미달하더라도 연구실적연수와 교육경력연수의 합계가 해당 기준을 충족하면 자격기준을 갖춘 것으로 본다.
구분
대학졸업자ㆍ동등자격자
전문대학졸업자ㆍ동등자격자
연구실적연수
교육경력연수
계
연구실적연수
교육경력연수
계
겸임교수
2
2
4
3
4
7
나) 원 소속기관에서
정규직으로
상시(유사경력 3년 이상)적으로 근무하고 있는 현직 근로자(무기계약직도 지원 가능)
※「
기간제 및 단시간근로자 보호 등에 관한 법률
」
제
2
조 제
1
호 및 제
2
호에 따른
기간
제 근로자 및 단시간 근로자는 지원 불가
다) 순수 학술이론 과목이 아닌 실무·실험·실기 등 산업체 등의 현장 실무경험을 필요로 하는 교과목을 담당하기 위하여 임용된 자
라) 타 대학 전임교원 또는 전임연구원은 겸임교수에 임용 불가
마) 원 소속기관장의 겸직 동의가 있는 자
3. 임용조건
가. 임용예정일: 2022년 3월 1일
나. 임용기간: 2022년 3월 1일 ~ 2023년 2월 28일
※단, 6개월 연구년 교원의 강의대체를 위해 임용되는 경우는 2022년 8월 31일까지로 함
다. 보 수: 본 대학교 보수지급기준에 따름
라 재임용 사항
1) 강사는 신규임용 기간을 포함하여 3년까지 재임용 절차를 보장
2) 연구년, 휴직, 보직 임명 등으로 인한 강의 대체를 위해 임용한 강사에 대해서는 재임용 절차를 보장하지 않음(모집단위 확인)
3) 겸임교수의 계약기간은 1년이며 재임용 절차를 보장하지 않음
4. 심사단계 및 기준
가. 1단계(서류심사): 서류심사(기초 및 전공심사)는 지원자의 지원서 작성내용 및 서류(자기소개서, 강의계획서, 연구업적목록 등)를 종합적으로 평가함
나. 2단계(면접심사) : 지원자의 교육역량 및 교육자적 자질 등을 종합적으로 평가함
다. 모집단위 별로 2단계 면접심사를 생략할 수 있으며, 면접심사를 실시하는 모집단위 는 붙임의 「모집 단위 목록」의 평가방법을 참조
※ 면접심사를 실시하는 모집단위는 모집부서에서 개별적으로 연락 후 진행함
※ 학과(부)별 모집단위에 따라 심사항목 및 배점이 다를 수 있음.
5. 채용 일정
업무
일정
비고
채용 공고 및
지원서 접수
02.09(수) 17:00
‣ 지원서 접수는 이메일,우편 또는 방문접수로 진행함
※우편은 접수마감일(2022.02.08.) 17:00까지 도착분(접수분)에 한하여 인정
※ 코로나 바이러스 관계로 이메일 접수를 권장
‣ 제출 이메일 및 주소 : 모집단위 목록 참조
‣ 지원서 접수 문의처 : 모집단위 목록 참조
‣ 접수기간 내에 접수 완료된 지원자에 한해 평가가
진행되며, 접수기간 종료 후에는 수정, 접수가 불가능하니 반드시 마감 전에 접수를 완료해야 함
심사
02.10(목)
∼
02.14(목) 예정
‣ 서류심사+면접심사일 경우: 2차 면접심사 대상자는 학과(부)에서 개별 연락함
‣ 면접심사 일정은 학과(부)에 따라 일정 변경 가능
합격자 발표
2.17(목) 예정
‣ 서류심사+면접심사 또는 서류심사 후 합격자 발표
(심사 구분은 붙임의 모집 단위 목록 참조)
‣ 각 학과에서 합격자에게 개별 안내
최종 합격자
임용서류 접수
2.18(금)
∼
2.21(월) 예정
‣ 모든 합격자는 일정 내 임용서류를 제출해야만 최종 합격 처리됨
‣ 기한 내 임용서류 미제출 시 임용포기로 간주하며 차순위자에게 합격 통보할 수 있음
1차 추가 합격자 발표 및 임용서류 접수
개별 연락
※ 채용 일정은 진행 경과에 따라 조정될 수 있음
6. 지원방법 및 제출서류 안내
가. 지원서 접수
1) 지원서 접수 일정:
~02.09(수)
2) 접수 방법: 이메일(모집단위목록 내 담당자 이메일 확인), 우편 또는 방문접수
※ 우편은 접수마감일(2022.02.09) 17:00까지 도착분(접수분)에 한하여 인정
※ 코로나 바이러스 관계로 이메일 접수를 권장
3) 정해진 양식 외 제출서류는 모두 PDF파일로 스캔하여 첨부
나. 지원자 제출서류
1) 임용지원서(신상정보)
– 지정된 서식을 다운로드 받아 작성 후 파일 첨부
2) 자기소개서 1부
– 지정된 서식을 다운로드 받아 작성 후 파일 첨부
3) 강의계획서 1부
– 지정된 서식을 다운로드 받아 작성 후 파일 첨부
– 지난학기 강의계획서는 saint.ssu.ac.kr – 자주찾는 메뉴 – 시간표조회에서 과목검색하여 확인가능
4) 학위별 학력증명서 및 성적증명서 각 1부
– 원본을 스캔하여 PDF파일로 첨부
5) 강의경력증명서 각 1부 [최근 4년간]
– 원본을 스캔하여 PDF파일로 첨부
– 입력한 내용과 일치하여야 하며, 증명서가 없는 경력사항은 인정하지 않음
6) 재직 및 기타 경력사항 증빙서류 각 1부 [최근 4년간]
– 원본을 스캔하여 PDF파일로 첨부
– 입력한 내용과 일치하여야 하며, 증명서가 없는 경력사항은 인정하지 않음
7) 연구실적목록 1부 [최근 4년간]
– 지정된 서식을 다운로드 받아 작성 후 파일 첨부
– 연구업적은 최근 4년간(2018.01.25.~2022.01.24.)이며, 대표 논문업적 5편 이내로 제출
– 게재 예정이거나 출판되지 않은 것은 실적으로 인정되지 않음
8) 연구실적 증빙물
– 연구실적목록에 기재된 연구실적 원본을 스캔하여 PDF파일로 첨부
– 연구실적 증빙물은 모아서 파일 1개로 통합하여 첨부
•최종학위 논문: 표지, 초록부분
•학술지 논문: 표지, 초록부분(학술지명,발행년월,권호,저자명 등이 표기된 부분)
•저서/번역서: 표지, 목차, 머리말, 본문의 일부(처음 3~4페이지), 판권(발행년 월, 개정여부, 저자명 포함)
•창작발표회/전시회: 예체능계열만 첨부
•연구실적 증빙물 제출시 연구실적목록 상의 순서대로 정렬하여 제출
※ 겸임교수 제출서류 유의사항
– 현 재직기관에서 3년 이상 근무하지 않은 자는 이전 재직기관의 경력증명서를 함께 제출(합계 재직기간 3년 이상이 되어야 함)
– 겸임교수는 최종 합격 후 본직기관 겸직동의서를 추가로 제출하여야 함
※ 제출서류를 접수기간 내에 입력하지 않는 경우에는 서류미비로 미접수 처리됨
※ 최종 합격자에 한하여 제출서류 원본 일체를 우편 또는 방문 제출
※ 합격자 추가 제출서류 등 자세한 설명은 최종합격자 발표 시 안내할 예정
7. 지원자 유의사항
가. 해당 분야에 적임자가 없는 경우 채용하지 않을 수 있음
나. 1개 이상의 모집분야에 중복 지원할 수 없으며, 중복지원 시 지원을 모두 무효로 하거나 합격을 취소함
다. 강사 채용과 관련된 제반 일정은 본교 사정에 의해 변경될 수 있음
라. 임용 이후 학사운영 및 교과과정 조정에 따라 담당 교과목 및 강의시간이 변경될 수 있음
마. 신원조회 및 성범죄경력조회 결과 이상이 있으면 합격이 취소될 수 있음
바. 제출된 서류는 일체 반환하지 않으며, 임용에 결격사유가 있거나 제출된 서류의 내 용이 사실과 다를 경우 임용 취소함
사. 합격자에 한해 추가 증빙서류 제출을 요구할 수 있음
아. 재임용 제외 사유에 해당되는 모집단위는 재임용이 보장되지 않음
자. 각종 증명서류는 최근 3개월 이내 발급 본 제출을 원칙으로 하며, 원본은 최종 합격 이후에 제출함
차. 최종합격자 발표 기간 중 합격자 제출서류를 정해진 기간 내에 제출하지 않을 경우 임용을 포기한 것으로 간주하며, 심사 결과에 따른 차순위후보자를 임용할 수 있음
카. 평가방법은 추후 사정에 따라 변경될 수 있음
8.문의처
가. 지원자격 및 개설과목 문의: 「모집 단위 목록」의 교과목 문의처 참조
나. 공고 관련 문의: 교무팀 02-820-0149
※ 공휴일(토,일)은 전화문의 응대할 수 없으니 유의하시기 바랍니다."
statistics,2022학년도 1학기 백마성적우수장학 기준안내,,2022.02.04,https://stat.ssu.ac.kr/notice_view.html?category=1&idx=1120,"백마성적우수장학금은 성적 순으로 지급되는 장학이며 등록금내 선발장학입니다.
장학생 자격요건에 대해 다음과 같이 공지합니다.
자격요건
가. 2022학년도 1학기 국가장학금을 신청하여 소득분위 조회가 가능한 자
1) 1차 신청자에 한하여 등록금고지서 사전감면
2) 1차 미신청자 : 2차 신청/서류제출/구제신청 확인 후 사후지급
(2차 신청자 중 한국장학재단 구제신청기간에 구제신청 시 사후지급)
3) 국가장학금을 신청할 수 없는 대한민국 국적 미소지자도 선발 가능
(단, 순수외국인전형으로 입학한 외국인유학생은 선발 불가)
나. 2022학년도 1학기 재학 및 복학예정자로 해당학기 등록금 납부 예정인 자
1) 2022학년도 1학기 前등록휴학 후 복학시 선발대상에서 제외 (등록대체자)
2) 학기 중 미등록, 입학취소, 복학취소 등으로 인한 학적변동시 모든 장학금 취소
3) 선발 후, 학기 중 휴학 시 백마성적우수장학금은 복학학기로 이월
※ 추가 또는 교체선발 시 재학 중인 학생만 선발 (휴학생에 대한 추가/교체 불가)
다. 직전학기 15학점 이상 이수한 자 (졸업 직전학기는 직전학기 12학점 이상)
라. 등록학기가 8학기 이내인 자 (건축학전공: 등록 10학기 이내인 자)
마. F학점 포함 학적부성적 기준 직전학기 3.5 이상인 자
바. 모든 교내장학금간 중복수혜 불가
1) 신청장학금 중 수혜금액이 큰 장학금 자동선발
2) 중복수혜 가능 장학금: 국가장학금, 교외장학금, 학업장려비 지원 목적 장학금 등"
statistics,[AI모빌리티] AI모빌리티사업단 「A3+ STAR 장학금」 신청 안내,,2022.02.04,https://stat.ssu.ac.kr/notice_view.html?category=1&idx=1119,"안녕하십니까.
본 사업단에서는
참여학과(AI융합학부, 기계공학부, 정보통계보험수리학과) AI모빌리티 분야 우수학생(A3+ STAR)을 선발하여 포상하는 장학 사업을 진행 중에 있습니다.
참여학과 학생들의 많은 관심과 참여 부탁드립니다.
감사합니다.
1) 신청기간 : 2021년 12월 13일(월)~ 2022년 1월 23일(일)까지
2) 신청서 작성 : FUN시스템(
https://fun.ssu.ac.kr/ko/program/all/view/2236/description
)
3) 신청 대상 : AI모빌리티사업단의  참여학과 전학년 재학생
4) 선발 및 지원 규모 : 교육혁신프로그램 참여 점수 순으로 최대 45명 선발, 장학생 1명당 40~50만원 지급)
5) 기타 : 장학금 신청 안내자료는 FUN시스템 공지사항에도 업로드 되어있음
* 문의 사항이 있는 경우, (
AI모빌리티교육센터
02-829-8312~3
)​ 로 연락부탁드립니다."
statistics,2021학년도 기초과학융합연구소 학부생 동계인턴십 모집,,2022.02.04,https://stat.ssu.ac.kr/notice_view.html?category=1&idx=1118,"숭실대학교 기초과학융합연구소에서는 학부 재학생을 대상으로 연구를 직접 수행할 수 있는 기회를 제공하여 우수한 연구 인력 양성 및 대학원 진학을 돕고자 학부생 인턴십 과정을 모집합니다. 대학원 연구실에서 연구책임자(교수)의 지도 아래 대학원생들과 함께 조기에 연구 활동 및 실험실 생활을 경험할 수 있는 인턴십 프로그램을 운영할 예정이오니, 학생 여러분의 많은 참여 바랍니다.
1. 모집내용 및 지원대상
• 2021학년도 기초과학융합연구소 학부생 동계인턴십
• 연수기간 : 2022년 1월 3일(월) ~ 2022년 2월 28일(월) (2개월)
• 연수장소 : 숭실대학교 자연과학대학 교수 연구실 및 실험실
• 장려금액 : 600,000원 (기타소득 공제전 금액)
• 2021학년도 2학기 숭실대 자연과학대학 학부재학생
2. 신청서류 및 제출기간
• 인턴십 과정 참여 신청서(붙임 1) 1부
• 개인정보 수집 이용제공 동의서(선발 후 제출, 붙임2) 1부
• 제출기간 : 2021년 12월 24일 (금) 까지
3. 신청과정 및 유의사항
• 인턴십 참여 희망 학생은 희망 지도교수에게 참여 신청 및 추천서에 확인(도장/서명)을 받고 스캔본(pdf)을 이메일로 제출(iibs_hr@ssu.ac.kr)
• 지원금 전액 환수 기준
가. 지도교수는 학생의 불성실 등을 사유로 중단 요청 가능
나. 결과보고서 미제출 시 지원금 전액 미지급
4. 결과발표
: 제출기간 후 일주일 이내 선발여부를
메일
로 통보
감사합니다.
기초과학융합연구소
**
인턴십에 대해 궁금한 사항 있으면 정원일 교수 (wchung@ssu.ac.kr)로 문의 바랍니다."
statistics,AR/VR 기초교육 수강생 모집 안내(~12/2까지),,2021.11.21,https://stat.ssu.ac.kr/notice_view.html?category=1&idx=489,"숭실대학교 창업지원단에서는 신산업 분야에 대한 관심이 증대함에 따라 AR/VR
기초교육을 진행하여 학생들의 역량을 증진시키고자 하니 관심있는 학생 여러분의
많은 신청 부탁드리겠습니다.
□ 신청방법 및 대상
- 신청기간 : ~2021. 12. 2(목)까지
- 신청방법 : 숭실대학교 비교과 펀시스템
* 숭실대학생 외 일반인은 startupclass.kr로 접속하여 AR/VR교육 선택하여 신청 가능
- 대상 : AR/VR분야 관심이 있는 학생(대학원생) 및 일반인
- 모집인원 : 20명(선착순)
□ 교육안내
- 교육장소 : 숭실대학교 테크스테이션 지하1층 컨퍼런스룸(추후 변동 가능)
- 교육일 : 2021년 12월 4일(토) ~ 12월 5일(일)
- 교육내용
강의일
교육차수
시간
강의내용
12/04
1교시
09:00~10:00
메타버스 시대 AR과 VR의 역할 및 활용사례
2교시
10:00~11:00
국내외 메타버스 플랫폼 소개 및 비교
3교시
11:00~12:00
유니티의 메타버스 콘텐츠 개발환경 설치
-
12:00~13:00
점심시간
4교시
13:00~14:00
구글 카드보드 제작 및 메타버스 환경 체험
5교시
14:00~15:00
유니티 엔진 인터페이스 구성 및 역할 소개
6교시
15:00~16:00
유니티 엔진과 C# 스크립트 언어 소개
7교시
16:00~17:00
변수, 조건문과 반복문 실습
12/05
1교시
09:00~10:00
객체지향 프로그래밍의 특성 및 클래스의 상속 이해
2교시
10:00~11:00
방향키로 게임 객체 이동하기 실습
3교시
11:00~12:00
게임객체에 물리 머터리얼 적용해 점프기능 구현하기
-
12:00~13:00
점심시간
4교시
13:00~14:00
유니티 에셋 스토어에서 검색하고, 에셋 설치하기
5교시
14:00~15:00
가상현실(VR) 개발 환경 설치 및 환경설정
6교시
15:00~16:00
모바일 앱에 가상현실 기본 콘텐츠 설치, 카드보드 체험
7교시
16:00~17:00
에셋스토어의 에셋을 활용해 모델하우스 만들기 실습
8교시
17:00~18:00
증강현실(AR) 개념 및 개발도구, 활용사례 소개, 증강현실 콘텐츠 개발 실습
- 수강혜택 : 수강료 무료, 점심식사 제공, 이수증 발급
□ 문의 : 02-829-8215/105669@ssu.ac.kr"
statistics,[PCR 확인검사업무 아르바이트 모집 안내],,2021.11.21,https://stat.ssu.ac.kr/notice_view.html?category=1&idx=488,"[PCR 확인검사업무 아르바이트 모집 안내]
가. PCR검사 확인업무기간 : 2021.11.15(월)~12.17.(금)  <5주간>
나. 모집기간 :
~2011.11.17(수) 12:00
까지
다. 업무장소 : 베어드홀 로비
라. 업무시간 : 매주 월~금 08:30~18:30  (시간선택)
마. 아르바이트 시간당 지급금액 : 8,000원
바. 비고 : 1인 근무시간 주당 15시간 이내
사. 기타문의 : 학과사무실 또는 자연과학대학 교학팀 (820-0403)
감사합니다."
statistics,전산실 513호 보수 공사 안내드립니다.,,2021.11.21,https://stat.ssu.ac.kr/notice_view.html?category=1&idx=487,"전산실 513호 월토커 보수 공사 진행되어 참고하시기 바랍니다.
- 장소 : 전산실 513호
- 일시 : 11월 13일 (토) ~ 11월 17일 (수)
감사합니다."
statistics,빅데이터 분석 관련 학부 인턴 모집,,2021.11.21,https://stat.ssu.ac.kr/notice_view.html?category=1&idx=486,"빅데이터 분석 관련 학부 인턴을 모집합니다.
1. 모집인원: 2명
2. 시작일시: 2021년 2학기중
3. 학부조교비를 지급
4. 자격조건:
(1) 정보통계보험수리학과 및 의생명시스템학부 4학년 중 대학원 진학에 관심이 있는 학생
(2) R이나 Python 언어 사용이 가능한 학생
5. 연구주제: 의학 통계관련 데이터의 빅데이터 분석 및 예측 모형 개발
관심있는 학생들은 정원일 교수님(wchung@ssu.ac.kr)에게 연락하세요."
statistics,2021-2학기 졸업고사 결과,,2021.11.21,https://stat.ssu.ac.kr/notice_view.html?category=1&idx=485,"2021-2학기 졸업고사 결과
1. 부분합격으로 인정된 과목이 있더라도, 추후 시험에서 평균 60점이 넘지 않은 경우 불합격 처리 됨
(이번학기 시험 본 후에 부분 합격이 되었지만 선택과목 만점을 받아도 평균 60점이 넘지 않은 학생은 학과에서 안내 연락 완료)"
statistics,2021-2학기 졸업시험 개인별 장소 공지,,2021.11.21,https://stat.ssu.ac.kr/notice_view.html?category=1&idx=484,"2021-2학기 졸업시험 개인별 장소 공지
미래관 203,204호"
statistics,2021-2학기 졸업시험 실험계획_추가 비치용 문제,,2021.11.21,https://stat.ssu.ac.kr/notice_view.html?category=1&idx=483,2021-2학기 졸업시험 실험계획_추가 비치용 문제
statistics,학부 인턴 모집,,2021.11.21,https://stat.ssu.ac.kr/notice_view.html?category=1&idx=482,"학부 인턴을 모집합니다 (2명).
대상: 학부 3~4년 학생
기간: 2021학년 2학기 (5개월)
우대: 숭실대학교 대학원 진학 예정으로 학부 연구원에 관심있는 자
또는 R 프로그래밍에 관심있는 자
연락처:
sanghcho@ssu.ac.kr"
statistics,"**중요**(졸업시험 장소 변경)2021-2 학부 졸업시험 장소, 시간 안내",,2021.11.21,https://stat.ssu.ac.kr/notice_view.html?category=1&idx=481,"[졸업시험 시간표]
1교시(수리통계) 09:30-10:30
2교시(회귀분석) 10:40-11:40
3교시(선택과목) 11:50-12:50
-  선택과목 과목별 30분
[졸업시험 장소]
미래관 203,204호​"
statistics,2021-2학기 졸업시험 실험계획 비치용 문제,,2021.11.21,https://stat.ssu.ac.kr/notice_view.html?category=1&idx=480,2021-2학기 졸업시험 실험계획 비치용 문제
statistics,2021-2학기 졸업시험 표본론 비치용 문제,,2021.11.21,https://stat.ssu.ac.kr/notice_view.html?category=1&idx=479,2021-2학기 졸업시험 표본론 비치용 문제
statistics,2021-2학기 졸업시험 회귀분석1 비치용 문제,,2021.11.21,https://stat.ssu.ac.kr/notice_view.html?category=1&idx=478,2021-2학기 졸업시험 회귀분석1 비치용 문제
statistics,2021-2학기 졸업시험 수리통계 비치용 문제,,2021.11.21,https://stat.ssu.ac.kr/notice_view.html?category=1&idx=477,2021-2학기 졸업시험 수리통계 비치용 문제
statistics,2021-2학기 졸업시험 자격증 복사본 제출,,2021.11.21,https://stat.ssu.ac.kr/notice_view.html?category=1&idx=476,"2021-2학기 졸업시험 면제 자격증 복사본은 9/9(목) 24:00까지 학과 메일로 보내주세요.
학과 메일 :
stat@ssu.ac.kr
그 이후에 보낸 자격증은 인정되지 않습니다."
statistics,AI모빌리티교육센터 튜터링 프로그램 튜터 모집,,2021.11.21,https://stat.ssu.ac.kr/notice_view.html?category=1&idx=475,"AI모빌리티교육센터 튜터링 프로그램 튜터 모집
​
튜터 모집 기간 : 2021년 08월 03일 ~ 09월  03일
튜터 모집 방법 : FUN 시스템을 이용하여 모집
문의사항 : 02-829-8313
자세한 내용 : 펀시스템 참고
참여 의무사항 변경 : AI융합전공 신청 필수 -> AI융합전공 신청 필수 x"
statistics,2021-2학기 졸업시험 보험수리학 비치용 문제,,2021.11.21,https://stat.ssu.ac.kr/notice_view.html?category=1&idx=474,2021-2학기 졸업시험 보험수리학 비치용 문제
statistics,2021-2학기 졸업시험 금융수리 비치용 문제,,2021.11.21,https://stat.ssu.ac.kr/notice_view.html?category=1&idx=473,2021-2학기 졸업시험 금융수리 비치용 문제
statistics,2021-2 학부 졸업시험 신청안내,,2021.11.21,https://stat.ssu.ac.kr/notice_view.html?category=1&idx=472,"2021-2 학부 졸업시험 신청안내 입니다.
8/18(수) 오후 5시 까지
https://forms.gle/zm4vN2rw1YpLeuuJ6
로 신청 해주세요.
1. 졸업시험 일정: 9/11(토) 9:30
2. 졸업시험 장소: 추후 안내 예정
3. 졸업시험 신청: 8/11(수)~8/18(수)
문의사항은 02-820-0440 으로 연락주세요."
statistics,22년도 1학기 파견 교환학생 모집,,2021.11.21,https://stat.ssu.ac.kr/notice_view.html?category=1&idx=471,"국제팀에서
2021
학년도
2
학기 파견 교환학생을 모집합니다
.
관심있는 학생들의 많은 지원 바랍니다
.
1. 공지사항 링크:
https://study.ssu.ac.kr/community/notice_view.do?sbSeq=MTQ5Mg==
2. 일정: 2021.08.16.(월) ~ 08.20.(금)
3.
문의
:
국제팀
(
신양관
203
호
, 02-820-0757,
study@ssu.ac.kr
)"
statistics,"2021-1학기 자격 시험 취득 지원, 인터넷 강의 지원",,2021.11.21,https://stat.ssu.ac.kr/notice_view.html?category=1&idx=470,"1. 자격 시험 취득 지원
​1) 신청기간: 2021월 7월 1일(목)~7월 8일(목) 오후 5시까지
2) 신청방법: 자격시험 합격 시 자격증 사본을 학과 이메일(
stat@ssu.ac.kr
)로 제출
2. 인터넷 강의 지원
1) 신청기간: 2021월 7월 1일(목)~7월 6일(화) 오후 3시까지
2) 신청방법: 방학 동안 수강을 희망하는 강의 리스트를 학과 이메일(
stat@ssu.ac.kr
)로 제출
*자세한 안내사항은 학과 홈페이지 자격시험 취득 및 인터넷 강의 지원에 관한 내규 확인​"
statistics,2021-1학기 졸업고사 결과,,2021.11.21,https://stat.ssu.ac.kr/notice_view.html?category=1&idx=469,"2021-1학기 졸업고사 결과
1. 부분합격으로 인정된 과목이 있더라도, 추후 시험에서 평균 60점이 넘지 않은 경우 불합격 처리 됨
(이번학기 시험 본 후에 부분 합격이 되었지만 선택과목 만점을 받아도 평균 60점이 넘지 않은 학생은 학과에서 안내 연락 완료)
2. 2021-2학기 졸업시험 일정
일시: 2021년 9월 11일(토) 09:30~
장소: 추후 공지 예정"
statistics,"2021-1 학부 졸업시험 장소, 시간 안내",,2021.11.21,https://stat.ssu.ac.kr/notice_view.html?category=1&idx=468,"[졸업시험 시간표]
1교시(수리통계) 09:30-10:30​
2교시(회귀분석) 10:40-11:40
3교시(선택과목) 11:50-12:50
-  선택과목 과목별 30분
​
[졸업시험 장소]
진리관 522호​"
statistics,2021-1학기 졸업시험 자격증 복사본 제출,,2021.11.21,https://stat.ssu.ac.kr/notice_view.html?category=1&idx=467,"2021-1학기 졸업시험 면제 자격증 복사본은 5/20(목) 24:00까지 학과 메일로 보내주세요.
학과 메일 :
stat@ssu.ac.kr
그 이후에 보낸 자격증은 인정되지 않습니다."
statistics,2021-1 학부 졸업시험 신청안내,,2021.11.21,https://stat.ssu.ac.kr/notice_view.html?category=1&idx=466,"2021-1 학부 졸업시험 신청안내 입니다.
5/18(화) 오후 5시 까지
https://forms.gle/39FotiJDe7Np2LQGA
로 신청 부탁드립니다.
졸업시험 일정: 5/22(토) 9:30
졸업시험 장소: 추후 안내 예정
졸어시험 신청: 5/3(월)~5/18(화)
문의사항은 02-820-0440 으로 연락주세요."
statistics,AI모빌리티사업단 대내외 경진대회 참가 지원,,2021.11.21,https://stat.ssu.ac.kr/notice_view.html?category=1&idx=465,"AI모빌리티사업단 대내외 경진대회 참가 지원
1. 신청서 제출 기간 :
2021년 12월 31일까지 (세부내역 펀시스템 참고)
2. 참가 지원 품목 :
소모성 재료비, 참가 당일 식비, 등록비, 교통비 등
3. 지원 금액 :
참가 팀별로 개별 신청서 검토 후 지원 예산 안내 예정
4. 관련 내용 :
펀시스템 AI모빌리티사업단 대내외 경진대회 참가 지원 확인
​"
statistics,자격시험 취득 및 인터넷 강의 지원에 관한 내규,,2021.11.21,https://stat.ssu.ac.kr/notice_view.html?category=1&idx=464,"정보통계·보험수리학과
자격시험 취득 및 인터넷 강의 지원에 관한 내규
2020.8.3. 개정 시행
자격시험 취득 지원
가. 지원목적: 학생들의 진로 및 취업 준비에 필요한 자격증 응시율과 합격률 제고
나. 지원대상: 정보통계·보험수리학과 재학생
다. 신청방법: 자격시험 합격 시 자격증 사본 또는 시험점수 결과표를 학과사무실에 제출
라. 신청기간:
- 1학기: 8월 1일 ~ 8월 10일
- 2학기: 11월 15일 ~ 11월 30일
마. 지원분야 및 지원금액:
지원분야
지원금액
비고
통계분석관련 자격시험※
학기 당 100만원 이내
학기 당 지원금액 내에서 각 지원자에게 동일 금액 지급
미국계리사(SOA) 시험
학기 당 100만원 이내
※ SAS자격증(Base, Advanced, Predictive Modeler, Statistical Business Analyst), 빅데이터분석기사, 빅데이터분석전문가(ADP)/준전문가(ADsP), SQL전문가(SQLP)/개발자(SQLD), 데이터아키텍처전문가(DAP)/준전문가(DAsP), 사회조사분석사 등
바. 유의사항: 학과교수회의에서 신청자의 지원에 대해 최종 승인 여부를 결정하며, 학과예산에 따라 지원금액은 변동될 수 있음
2. 인터넷 강의 지원
가. 지원목적: 방학기간 중 학생들의 자기 주도적 학습 제고
나. 지원대상: 정보통계·보험수리학과 재학생
다. 신청방법 및 자격: 방학 동안 수강을 희망하는 강의 리스트를 학과사무실에 제출
( 인원 제한 없음, 예산 내에서 동일 금액 지급 )
라. 신청기간 및 지원금액:
기간
신청기간
지원금액
여름방학
1학기 기말고사 기간
100만원 이내
겨울방학
2학기 기말고사 기간
100만원 이내
마. 유의사항: 학과예산, 지원자 규모, 지원과목 및 수강 신청한 학원 등에 대해 종합적으로 검토하여 학과교수회의에서 최종 승인 여부를 결정함
정보통계∙보험수리학과장"
statistics,정보통계·보험수리학과 졸업고사에 관한 규정,,2021.11.21,https://stat.ssu.ac.kr/notice_view.html?category=1&idx=463,"정보통계·보험수리학과 졸업고사에 관한 규정
(2020학년도부터 시행)
1. 졸업대상자(3월 현재 5학기 이상 수료자)는 졸업시험 또는 프로젝트, 둘 중 하나를 선택하여 통과해야 한다.
2. 직전학기까지의 평점 평균이 3.5이상인 졸업대상자에 한하여 졸업시험 대신 프로젝트를 선택할 수 있으며, 이 경우 졸업시험에 응시할 필요가 없다.
-졸업 프로젝트의 지도교수는 프로젝트 신청자의 의사를 고려하여 학과 졸업사정위원회에서 결정하고, 지도교수의 관리 하에 자기주도적으로 프로젝트를 진행한다.
-프로젝트는 졸업 한 학기 전(6개월 전)까지 완수하여 보고서를 제출하는 것을 원칙으로 하고 부득이한 사정으로 기한 내에 프로젝트를 완수하지 못하는 경우, 마지막 학기에 프로젝트 결과를 공개 발표하는 것으로 한다.
-최종적으로 제출된 프로젝트 보고서의 통과 여부는 학과 졸업사정위원회에서 결정한다.
-국내·외 저명학술지에 논문을 게재한 경우 프로젝트를 완수한 것으로 인정한다.
3. 졸업시험을 선택한 졸업대상자는 매년 3월(둘째 토요일) 또는 9월(둘째 토요일)에 실시하는 졸업시험을 통과해야 한다.
-졸업시험 과목은 다음과 같으며, 과목별 40점 이상, 전체평균 60점 이상인 경우 통과하는 것으로 한다.
필수1: 수리통계(수리통계 1,2, 추정검정론)
필수2: 회귀분석(회귀분석1)
선택: 전공선택(금융수리1, 전산통계1, 표본론, 실험계획법, 보험수리학1 중 택 2)
-ADsP, SQLP/SQLD, SAS(Base) 자격증을 취득한 경우 전산통계1 시험을 면제받을 수 있고, 사회조사분석사 자격증을 취득한 경우 표본론 시험을 면제받을 수 있다. 빅데이터기사 자격증을 취득한 경우 또는 학과 빅데이터 경진대회에서 대상 및 최우수상을 수상한 경우 전공선택 1과목을 추가로 면제 받을 수 있다.
-미국보험계리사(SOA) 시험 합격자의 경우 Exam P는 수리통계, Exam FM은 금융수리1 시험을 면제받을 수 있고, 국내 보험계리사 2차 보험수리학 과목을 합격한 경우 보험수리학1 시험을 면제받을 있다. Exam IFM, STAM, SRM, PA, 또는 LTAM 중 한 과목을 합격한 경우에는 전공선택 1과목을 추가로 면제받을 수 있다.
-필수과목은 60점 이상, 선택과목은 30점 이상을 부분합격으로 인정한다.
4. 기타 예외적인 경우의 허용여부는 학과 졸업사정위원회에서 결정한다.
정보통계·보험수리학과 학과장"
statistics,빅데이터 분석 관련 학부 인턴 모집,,2021.11.21,https://stat.ssu.ac.kr/notice_view.html?category=1&idx=462,"빅데이터 분석 관련 학부 인턴을 모집합니다.


1. 모집인원: 2명
2. 시작일시: 2021년 1학기중
3. 학부조교비를 지급
4. 자격조건:
(1) 정보통계보험수리학과 재학생(3~4학년)중 대학원 진학에 관심이 있는 학생
(2) R이나 Python 언어 사용이 가능한 학생

4. 연구주제: 의학 통계관련 데이터의 빅데이터 분석 및 예측 모형 개발


관심있는 학생들은 정원일 교수님(
wchung@ssu.ac.kr
)에게 연락하세요.​"
statistics,AI모빌리티 STAR 스페이스 만족도 조사 (~3.24(수)까지),,2021.11.21,https://stat.ssu.ac.kr/notice_view.html?category=1&idx=461,"정보통계보험수리학과 학생 여러분 안녕하세요.


AI모빌리티 사업단
설문 조사 결과는 AI모빌리티 융합전공 운영 개선에 매우 중요한 자료로 활용될 예정이오니

객관적이고 솔직한 답변을 부탁드립니다. 설문은 이번 주 수요일 (3/24)까지 이며 모두 객관식으로

구성되어 있기 때문에 설문하는데 1분여 밖에 소요 되지 않습니다.

 많이 참여해서 AI모빌리티 융합전공 운영 개선과 학과 발전에 도움을 주시기 바랍니다.

설문링크:
https://forms.gle/m9891sr2EQzQqBrx6
감사합니다.


AI모빌리티 사업단​"
statistics,2021년도 제 44회 보험계리사 및 손해사정사 시험 시행계획 공고,,2021.11.21,https://stat.ssu.ac.kr/notice_view.html?category=1&idx=459,2021년도 제 44회 보험계리사 및 손해사정사 시험 시행계획 공고
statistics,AI모빌리티교육팀 A3+STAR 활동장학금 선발 결과,,2021.11.21,https://stat.ssu.ac.kr/notice_view.html?category=1&idx=456,"안녕하십니까
AI모빌리티교육팀에서 A3+STAR 활동장학금 선발 결과를
[붙임1]
과 같이 공지드립니다.
먼저 선발되신 장학생분들께 축하의 말씀 드립니다.
아울러 사업단 장학 프로그램에 관심을 가지고 참여해주신 모든 학생분들께 감사의 말씀드리며,  앞으로도 AI모빌리티사업단에서 주최하는 교육 혁신 프로그램에 많은 관심과 참여부탁드립니다.
장학금은 2월 말~3월 초에 지급 예정이며,
장학생분들은 아래 URL에 접속 후 장학금 수령 확인서
(_[붙임2])
를
2021.02.21.(일)까지 아래 URL로 제출
부탁드립니다.
* 장학금 수령 확인서 제출 URL(구글 로그인 후 제출)
https://docs.google.com/forms/d/1H0iwRay83Z8xVRSEgM37iNu7LEH-sqQO01srqCwLNak/edit
기타 문의사항 있으시면 AI모빌리티교육팀으로 연락부탁드립니다.
(AI모빌리티교육팀
02-829-8312)"
statistics,[AI모빌리티] AI모빌리티사업단 「A3+ STAR 장학금」 신청,,2021.11.21,https://stat.ssu.ac.kr/notice_view.html?category=1&idx=455,"안녕하십니까.
본 사업단에서는
참여학과(스마트시스템소프트웨어학과, 기계공학부, 정보통계보험수리학과) AI모빌리티 분야 우수학생(A3+ STAR)을 선발하여 포상하는 장학 사업을 진행 중에 있습니다.
참여학과 학생들의 많은 관심과 참여 부탁드립니다.
감사합니다.
1) 신청기간 : 2021년 2월 3일(수)~14일(일)까지
2) 신청서 작성 : FUN시스템(
https://fun.ssu.ac.kr/ko/program/all/view/1784
)
3) 신청 대상 : AI모빌리티사업단의  참여학과 전학년 재학생
4) 선발 및 지원 규모 : 교육혁신프로그램 참여 점수 순으로 최대 50명 선발, 장학생 1명당 40~50만원 지급)
5) 기타 : 장학금 신청 안내자료는 FUN시스템 공지사항에도 업로드 되어있음"
statistics,2020-2학기 졸업시험 결과 입니다.,,2021.11.21,https://stat.ssu.ac.kr/notice_view.html?category=1&idx=454,2020-2학기 졸업시험 결과 입니다.
statistics,『2020년 숭실대학교 정보통계보험수리학과』빅데이터 분석 경진대회 수상자 명단,,2021.11.21,https://stat.ssu.ac.kr/notice_view.html?category=1&idx=453,"『2020년 숭실대학교 정보통계보험수리학과』빅데이터 분석 경진대회 수상자 명단
최우수상
R/Hadoop
victor
황현지
,
안수진
,
권준태
(4
팀
)
시뮬레이션
합백조
권준태
,
박강민
,
강은주
,
서유진
30
만원
데이터마이닝
UNTITLE
백유진
,
김철용
,
안수진
전산통계
너도나도
R
캔두
서주원
,
윤준수
,
박수현
우수상
R/Hadoop
상상플러스
김상재
,
유상준
,
장성운
,
서현택
(4
팀
)
데이터마이닝
졸업할래요
강은주
,
황현지
,
박다연
20
만원
전산통계
F
’
killer
이수빈
,
서석주
,
석지연
,
서채영
전산통계
V.F.I
김민우
,
이강현
장려상
데이터마이닝
유앤킴
유예린
,
김다현
,
유연주
(4
팀
)
데이터마이닝
Data Miners
김민규
,
이종택
,
이재호
10
만원
전산통계
형형색색
이정진
,
김가영
,
김형무
,
서형우
전산통계
stat513
한동연
,
임찬묵"
statistics,2020-2 학부 졸업시험 신청안내,,2021.11.21,https://stat.ssu.ac.kr/notice_view.html?category=1&idx=452,"2020-2 학부 졸업시험 신청안내 입니다.
12/11(금) 오후 5시 까지
https://forms.gle/5cTf4AU7y7EuCBEL7
로 신청 부탁드립니다.
문의사항은 02-820-0440 으로 연락주세요."
statistics,2021학년도 1학기 재학생 및 복학예정자 대상 교내장학금 신청공고,,2021.11.21,https://stat.ssu.ac.kr/notice_view.html?category=1&idx=451,"※ 본교에서 지급되는 모든 교내장학금은 아래 국가장학금 신청기간 내 국가장학금을 신청하고 서류제출을 완료하여 소득분위가 조회된 학생을 대상으로만 수혜자를 선정합니다. 따라서,
교내장학금을 수혜하려는 모든 학생은 반드시 교내장학금과 국가장학금을 모두 신청하시기 바랍니다
.
- 국가장학금 신청결과 제공되는 학생의 소득분위정보를 장학생 선발에 활용
- 국가장학금은 반드시 매학기 신청(서류제출 및 가구원동의 포함)하여야 함.
1. 국가장학금 신청기간 : 2020년 11월 24일(화) ~ 12월 29일(화) 18:00 까지
※ 한국장학재단 홈페이지(
www.kosaf.go.kr
) 공인인증 로그인 후 신청
※ ☆
중요
☆
재학생은 국가장학금
1
차 신청기간에만 신청 가능
2. 교내장학금 온라인 신청기간
가. 온라인신청 및 서류제출 기간
1)
정규신청
: 2020
년
12
월
1
일
(
화
) 10:00 ~ 12
월
29
일
(
화
) 17:00
까지
2) 추가신청 : 2021년 1월 11일(월) 10:00 ~ 1월 22일(금) 17:00까지
※ 주말(공휴일 포함) 24시간 온라인 신청 가능 (단, 마감일 제외)
※ 추가신청자는 반드시 국가장학금 1차 신청기간에 국가장학금을 신청하여야 함.
※ u-SAINT 입력 후 장학금 신청내역을 조회하여 장학금 신청이 정상적으로 완료되었는지 꼭 확인.
나. 서류제출이 필요한 장학금의 경우, 교내장학금 온라인 신청기간 내 반드시 제출
※ 방문 및 등기우편제출 가능 (FAX 불가)
※ 등기우편 제출 시 교내장학금 온라인 신청기간 내 장학팀 도착분만 인정
※ 단, 형제장학금의 경우, 등록기간 종료 시까지 서류제출 인정
다. 근로장학금(교내근로/학과근로) 신청 : 2021년 1월 초 공지 예정
3. 신청대상 : 2021학년도 1학기 재학생 및 복학예정자
4. 교내장학생 자격요건
가. 2021학년도 1학기 국가장학금을 신청하고 서류제출(가구원동의 포함)을 완료한 자
나. 2021학년도 1학기 재학생 및 복학(예정)자로 해당학기 등록금 납부 예정인 자
1) 2021학년도 1학기 前 등록휴학 후 복학생은 모든 장학금 선발에서 제외(등록대체)
2) 미등록, 입학취소, 복학취소, 휴학 등 학적변동시 모든 장학금 취소
다. 직전학기 15학점 이상 이수한 자 (2021년 1학기가 4학년 8학기인 자는 12학점 이상)
※ 건축학과 건축학전공 : 10학기는 직전학기 12학점 이상 이수(1∼9학기는 15학점 이상)
라. 등록 8학기 이내인 자(건축학과 건축학전공 : 등록 10학기 이내인 자)
예1) 학기취소 1회 후 8학기 진학예정인 경우 : 9회 등록금 납부이므로 선발 불가
예2) 학점 미 이수로 9학기 진학예정인 경우 : 9회 등록금 납부이므로 선발 불가
5. 교내장학생 공통사항
가. ☆중요☆ 모든 장학금은 등록금 내에서 다음 순서에 따라 우선 지급합니다.
① 교외(외부)장학금 ② 국가장학금 ③ 교내장학금
나. 성적 및 취득학점 산정방법
1) 평점평균(GPA) / 산술평균(100점만점) : F학점이 포함된 학적부성적 기준 산정
2) 취득학점 산정시 F학점은 0학점 취득으로 인정되어 취득학점 산정에서 제외
다. 온라인으로 반드시 신청해야 하며, 제출서류가 있는 장학금에 한하여 서류제출
※ 제출기간 내 미제출시 장학생 선발대상에서 제외
라. 모든 교내장학금은 중복수혜 불가
1) 장학금 간 중복신청 가능 (신청 장학금 중 수혜금액이 큰 장학금으로 자동선발"
statistics,『2020년 숭실대학교 정보통계보험수리학과』빅데이터 분석 경진대회 추가 안내,,2021.11.21,https://stat.ssu.ac.kr/notice_view.html?category=1&idx=450,"『2020년 숭실대학교 정보통계보험수리학과』빅데이터 분석 경진대회 추가 안내
1.  빅데이터 경진대회 문제 안내
1) 시뮬레이션 (첨부파일)
2) 전산통계 (첨부파일)
3) 데이터마이닝 (첨부파일)
4) 분산컴퓨팅
http://statistics.ssu.ac.kr/~SHCHO/2020_1/under_Rhadoop/project.html
2. AI 모빌리티 설명회 및 빅데이터 경진대회 사전 등록을 진행합니다.
사전 등록한 학생들에게만 기념품과 간식을 제공할 예정이고 경품 추첨에 참여가 가능합니다.
https://docs.google.com/forms/d/e/1FAIpQLSePIkSkl2VkOROfv7rGL8wPyUKAzOQT2uvKKyLBP0eXFvRdqw/viewform"
statistics,2021학년도 1학기 국가장학금 1차 신청,,2021.11.21,https://stat.ssu.ac.kr/notice_view.html?category=1&idx=449,"2021학년도 1학기 국가장학금 1차 신청 안내
가. 국가장학금 1차 신청기간
: 2020.11.24(화) ~ 2020.12.29(화) 18시
※
공휴일
,
일요일 포함 신청기간 내
24
시간 신청 가능
※
재학생이
1
차 신청기간에 신청하지 않을 경우
, ‘
신청기간 미 준수
’
로 탈락됩니다
.
(
다만
,
구제신청서를 작성할 경우 재학 중
2
회에 한해 구제신청을 받을 수 있습니다
.)
※ 1
차 신청기간에 신청하지 않을 경우
, 국가 및 교내장학금 학기말 지급 가능
나.
서류제출 및 가구원 동의기간 : 2020.11.24(화) ~ 2020.12.31(목) 18시
※
서류제출 및 가구원 동의 대상자는 반드시 이를 이행해야 장학금 신청이 완료됩니다
.
다.
신청대상
:
대한민국 국적 학부생, 입학예정자
※
재학생/신입생/편입생/재입학생/복학생 및 휴학생 등 모든 학적 신청가능
※
국가장학금 최대 수혜횟수 범위 내에서 지급가능
라.
신청방법
:
한국장학재단 홈페이지 온라인신청
※
한국장학재단 홈페이지 주소
:
www.kosaf.go.kr
마. 상세안내: 학교 홈페이지 '장학' 공지사항 참고"
statistics,『2020년 숭실대학교 정보통계보험수리학과』빅데이터 분석 경진대회,,2021.11.21,https://stat.ssu.ac.kr/notice_view.html?category=1&idx=448,"『2020년 숭실대학교 정보통계보험수리학과』
1
대회 개최
숭실대학교 정보통계보험수리학과에서 2020년 빅데이터 분석 경진대회를 다음과 같이 주최합니다.
2
지원 자격
AI모빌리티 융합 프로그램 참여자, 정보통계보험수리학과 재학생 (1학년~4학년)
3
일정 및 장소
일시: 2020년 12월 18일 (금) 14시
장소: 베어드홀 103호 (코로나19로 인해 Zoom으로 진행될 수 있음)
3
빅데이터 경진 분야
R, SAS, SPSS, Python, C/C++, Java 등의 언어를 이용하여 아래의 빅데이터 경진 분야에 맞는 분석 모델을 만들고 데이터를 분석하여 결과를 발표
1. 데이터마이닝: 2~3명이 하나의 조를 이루어 대회 전 최적의 예측 모형을 만들어서 대회 당일 분석 결과 발표 (조별 참여)
2. 전산통계: 조별로 주어진 데이터를 분석하여 분석 결과 발표 (조별 참여)
3. 모의실험: 대회 전 계산한 모의실험 결과를 대회 당일 발표 (조별 참여)
4. 빅데이터 분산컴퓨팅: 조별로 주어진 R/Hadoop/RHadoop을 이용하여 데이터를 분석하고 분석 결과 발표 (조별 참여)
4
시상
대상 (1팀): 50만원
최우수상 (2팀): 팀당 30만원대상 (1팀): 50만원
우수상 (4팀): 팀당 20만원
장려상 (5팀): 팀당 10만원
참가자 전원: 기념품 증정
5
프로그램 일정
14:00~14:30 설명회 및 경진대회 등록
14:30~15:00 AI모빌리티 융합전공 설명회
15:00~15:10 Coffee Break
15:10~16:40 빅데이터 분석 경진대회 1부
16:40~17:00 경품추첨 및 Coffee Break
17:00~18:30 빅데이터 분석 경진대회 2부
18:30~19:00 경품추첨 및 시상
6
경품 추첨 행사
간식제공 피자/음료수
설명회 및 경진대회 참여자 및 관람자들에게 추첨을 통해 경품 제공 (무선마우스, 블루투스 스피커 외 3종)
7
참가 신청서 제출
참가신청서 제출
•일시: 11월 24일(화), 오후 18:00 –11월 27일(금), 오후 12:00
펀시스템 (https://fun.ssu.ac.kr/)에 업로드되어 있는 신청서를 작성하여 11월 27일 (금)일까지 제출"
statistics,정보통계보험수리학과 정년직 전임교원(총 2명) 초빙 공고,,2021.11.21,https://stat.ssu.ac.kr/notice_view.html?category=1&idx=447,"숭실대학교 정보통계보험수리학과에서 정년직 전임교원(총 2명) 초빙합니다.
1. 초빙분야: 통계학 전 분야[All Areas in Statistics]
2. 임용일: 2021년 3월 1일
3. 접수기간:  2020.10.12(월) 14:00 ~ 10.27(화) 14:00까지 (KST)
4. 접수방법: 본교 인터넷 교원채용 시스템
(
http://www.ssu.ac.kr/web/jobpf/recruit
)
5. 관련정보:
1) 숭실대학교 교수 초빙 공고 사이트
(
https://ssu.ac.kr/
학교홈페이지에서 상단의 ""SSU:catch"" => ""공지사항"" => ""교원채용"" 클릭)
2) 하이브레인넷
https://hibrain.net/recruitment/recruits/3242715"
statistics,[펀시스템] A3+ STAR 전공 튜터링 프로그램 운영(튜터모집),,2021.11.21,https://stat.ssu.ac.kr/notice_view.html?category=1&idx=446,"AI모빌리티 융합전공 관련
1. 추진 목적
◦ 학과(부) 내 또는 학과(부)간 학습 팀을 구성하여 튜터(tutor)가 튜티(tutee)에게 전공지식의 노하우를 전달하고 선후배 간에 유대관계를 형성시키는 사업
◦ 참여학과 및 AI모빌리티 융합전공에 대한 관심 증진 및 학생들의 융합적 능력 탐색에 지원
2. 프로그램 소개
◦활동기간: 10.12(월) ~ 12.04(금) (총 9 주)
※ 휴학생, 졸업생, 수료생, 초과 학기생 참여 불가
◦숭실대학교 AI모빌리티 사업단 참여학과(스마트시스템소프트웨어학과, 기계공학부, 정보통계보험수리학과) 모든 재학생 (학부생에 한함)
3. 신청기간
2020.09.28(월) 16:00
~
2020.10.06(화) 08:00
까지
FUN 시스템을 통해 신청 가능합니다.
https://fun.ssu.ac.kr/ko/program/all/view/1626/notice"
statistics,2020-1학기 졸업고사 결과입니다.,,2021.11.21,https://stat.ssu.ac.kr/notice_view.html?category=1&idx=445,"2020-1학기 졸업고사 결과입니다.
연번
학번
졸업고사결과
부분합격 과목
1
201***13
합격
2
201***20
합격
3
201***23
합격
4
201***49
합격
5
201***80
합격
6
201***82
합격
7
201***88
합격
8
201***02
합격
9
201***07
합격
10
201***62
합격
11
201***71
합격
12
201***82
합격
13
201***91
합격
14
201***92
합격
15
201***31
합격
16
201***37
합격
17
201***46
합격
18
201***
13
합격
19
201***74
합격
20
201***90
합격
21
201***52
불합격
22
201***37
불합격
수,표
23
201***41
불합격
회,금
24
201***
48
불합격
25
201***78
불합격
수,회
26
201***79
불합격
회,표
27
201***84
불합격
보
28
201***01
불합격
29
201***20
불합격
회,금,보
30
201***23
불합격
수,회
31
201***42
불합격
표
32
201***96
불합격
33
201***90
불합격
금,보
34
201***58
불합격
35
201***38
결시
36
201***39
결시
37
201***81
결시
38
201***59
결시
39
201***85
결시
40
201***89
결시
41
201***31
결시
42
201***60
결시
43
201***19
결시
목록
숭실대학교 정보통계보험수리학과 06978 서울시 동작구 상도로 369
｜
TEL : 02-820-0440 ｜ FAX : 02-823-1746 ｜
COPYRIGHT 2009 STATISTICS AND ACTUARIAL SCIENCE, SOONGSIL UNIV. ALL RIGHTS RESERVED
숭실대학교 정보통계보험수리학과
(06978) 서울시 동작구 상도로 369
TEL : 02-820-0440
FAX : 02-823-1746
E-mail : stat@ssu.ac.kr
COPYRIGHT 2023 STATISTICS AND ACTUARIAL SCIENCE, SOONGSIL UNIV. ALL RIGHTS RESERVED
관련사이트
교육센터
기계과
통계과
pulsa303
virtus88
koko303
koko5000
mami188
virtusplay
pulsa4d
kokototo
pokerkoko
koko188
https://170.187.225.108/
https://139.162.29.153/
https://139.177.185.150/
DANASLOT
https://146.190.83.55/
https://167.71.198.75/
https://139.59.116.144/
https://178.128.91.217/
https://178.128.112.167/
https://165.22.62.117/
slot gacor
slot deposit pulsa
rtp live
situs slot"
statistics,통계교육원 이러닝 학습가이드(수강절차),,2021.11.21,https://stat.ssu.ac.kr/notice_view.html?category=1&idx=444,"통계교육원 이러닝 학습가이드
가. 교육과정: 조사방법의 이해 등 61개 과정
나. 교육대상: 공무원, 공공·민간기관 종사자, 일반인 등
다. 교육일정:
2020. 2. 3. ~ 12.11.(연중 상시)
, 운영기간 중 상시수강 가능
라. 교육방법: PC 및 모바일 기기를 통해 개별 수강신청 후 학습
마. 교육인원/신청과정수: 무제한
바. 교 육 비: 무료
※ 이러닝 과정 문의: 042)366-6223"
statistics,빅데이터분석기사 시행 안내 포스터,,2021.11.21,https://stat.ssu.ac.kr/notice_view.html?category=1&idx=443,
statistics,숭실대학교 일반대학원 장학제도 안내,,2021.11.21,https://stat.ssu.ac.kr/notice_view.html?category=1&idx=442,"< 석사과정 입학성적우수 장학금 >


1.지원자격(아래 자격을 모두 충족하여야 함)

- 대학원 석사과정 입학전형에 합격한 본고 학부과정 졸업예정자 (숭실대 학사과정 졸업 후 공백기간 없이 바로 석사과정에 진학하는 경우)
- 최소 성적기준을 충족하는 자 (이공계열 2.5/4.5 이상)
* 성적기준: 학부과정 전체 학기 누적평점(F포함 학적부성적, 최종학기 제외)


2. 지급기간: 석사과정 기간 전체 (최대 4학기)

* 매학기 성적 4.0/4.5 이상 유지하여야 함.
* 성적미달 또는 휴학시 장학생 자격 박탈 (군복무, 질병 등으로 인한 휴학 제외)​"
statistics,교육부 ‘4차 산업혁명 혁신선도대학’ 선정,,2021.11.21,https://stat.ssu.ac.kr/notice_view.html?category=1&idx=441,"숭실대학교(
정보통계·보험수리학과
, 스마트시스템소프트웨어학과, 기계공학부)는
2020년 4차 산업혁명 혁신선도대학(혁신 선도대학 지원사업)으로 선정돼 2년간 총 20억원을 지원받게 되었습니다.
관련기사
:
http://www.dailysmart.co.kr/news/articleView.html?idxno=26803
http://www.dhnews.co.kr/news/articleView.html?idxno=122759
http://news.unn.net/news/articleView.html?idxno=229704
정보통계·보험수리학과
는
스마트시스템소프트웨어학과 및 기계공학부와 함께
인공지능
,
자율주행
,
빅데이터 분석 분야 교육을 위한 교과과정
(AI
모빌리티융합전공
)
을
신설하여 운영하고
,
융합교육 및 산학협력을 위한 최적의 교육 환경 생태계
(STAR
스페이스
-
교과목 실습실
,
비교과 활동 공간
,
산학협력 공간
,
온라인 교육 공간 등
)
를 조성할 예정입니다
.
또한 다양한 비교과프로그램
(
경진대회
,
단기특강
,
전문가특강 등
)
을 운영하여 융합전공에 참여하는 학생들이 자기 주도적으로 성장할 수 있는 많은 기회를 제공할 예정입니다
.
융합전공 및 비교과프로그램에 대한 자세한 내용들은 학과 홈페이지 및 게시판을 통해 공지하도록 하겠습니다
. AI 및 빅데이터 분야에 관심있는 학생들의 많은 참여를 기대하겠습니다.
관심있는 학생들 중 상담을 원하면
, 조상훈 교수님 또는 정원일 교수님께 연락하세요."
statistics,정보통계보험수리학과 정년직 전임교원(1명) 초빙 공고,,2021.11.21,https://stat.ssu.ac.kr/notice_view.html?category=1&idx=440,"숭실대학교 정보통계보험수리학과에서 정년직 전임교원(1명)을 초빙합니다.
1. 초빙분야: 보험수리 (Actuarial Science)
2. 임용일: 2020년 9월 1일
3. 접수기간:  2020.04.23(목) 14:00 ~ 05.07(목) 14:00까지 (KST)
4. 접수방법: 본교 인터넷 교원채용 시스템
(
http://www.ssu.ac.kr/web/jobpf/recruit
)
5. 관련정보:
1) 숭실대학교 교수 초빙 공고 사이트
(
https://ssu.ac.kr/
학교홈페이지에서 상단의 ""SSU:catch"" => ""공지사항"" => ""교원채용"" 클릭)
2) 하이브레인넷
(
https://hibrain.net/
)"
statistics,​비대면 수업 관련 공지,,2021.11.21,https://stat.ssu.ac.kr/notice_view.html?category=1&idx=439,"​비대면 수업 관련 공지
대학본부에서 2020학년도 1학기 전체를 비대면 온라인 강의로 진행 함을 공지하였습니다. 


자세한 학교 공식 방침은 학교 홈페이지에 링크된 파일을 참고하세요.
https://ssu.ac.kr/wp-content/uploads/2020/04/20200403_2.pdf"
statistics,데이터 자격시험 안내,,2021.11.21,https://stat.ssu.ac.kr/notice_view.html?category=1&idx=438,"데이터 자격시험 안내
- 더 자세한 사항은 첨부파일 참고하세요."
statistics,"빅데이터 분석기사 자격검정 시행, 데이터 자격취득 대학 지원 프로그램 안내",,2021.11.21,https://stat.ssu.ac.kr/notice_view.html?category=1&idx=437,빅데이터 분석기사 자격검정 시행
statistics,비대면 수업이 진행될 동안 학과와 소통 방법,,2021.11.21,https://stat.ssu.ac.kr/notice_view.html?category=1&idx=436,"학과장 조상훈 교수입니다. 다들 잘 지내고 있지요? ^^
조속히 상황이 좋아져서 여러분들 얼굴을 대면하며, 수업을 진행하는 날이 오길 기대합니다.
요즘 동영상 강의를 촬영하면서 강의는 교수 혼자 진행하는 것이 아니라, 학생들과 함께 만들어 가는 것이라는 사실을 깨닫고 있습니다.
혹시 온라인 수업 관련 문제나 불편사항 또는 학사 관련 궁금한 사항이 있으면,
1. 학과 사무실 02-820-0440, stat@ssu.ac.kr
2. 학생회장 또는 학년별 단톡방
3. 학과장 02-820-0444, sanghcho@ssu.ac.kr
로 연락 주세요.
다들 많이 보고 싶어요. 건강하게 잘 지내다가 학교에서 만나요~. ​"
statistics,"교내, 교외장학금 및 국가장학금 2차 신청 홍보",,2021.11.21,https://stat.ssu.ac.kr/notice_view.html?category=1&idx=435,"1. 홍보내용
가. 2020학년도 1학기 국가장학금 2차 신청안내
1)신청대상: 신·편입생, 복학생 1차 미신청 재학생＊
＊구제신청서를 제출한 경우에 한하여 재학생 2차 신청 가능(재학 중 2회)
2)신청기간: 2020.02.03.(월) 9시 ~ 2020.03.23.(월) 18시까지
3)신청방법: 한국장학재단 홈페이지 및 모바일 앱에서 신청 가능
4)문의처: 한국장학재단 콜센터 Tel. 1599-8000
※※※
국가장학금 신청한 학생에 한하여 교내장학금 수혜 가능합니다.
나. 2020학년도 1학기 교내장학금 신청 안내
1)신청대상: 신·편입생, 복학생, 재입학생
2)자격요건
가)2020학년도 1학기 국가장학금을 신청하고 서류제출(가구원동의)를 완료한 자
나)직전학기 15학점 이상 이수한 자
※ 2020학년 1학기 4학년 8학기인 자는 직전학기 12학점 이상
※건축학부 건축학전공인 경우 1~9학기는 15학점이상 이수, 10학기는 12학점 이상 이수
다)등록학기가 8학기 이내인 자(건축학과 건축학전공: 등록 10학기 이내인 자)
3)신청기간
가)1차: 2020.03.03.(화) 10:00 ~ 17(화) 17:00까지(2주간)
나)2차(추가 신청기간): 2020.03.18.(수) 10:00 ~ 27(금) 17:00까지
※코로나-19 사태로 1차와 간격을 두지 않고 2차 추가 신청기간 운영
(단, 이후 추가 신청을 받지 않음)
※주말(공휴일 포함) 24시간 신청가능(단, 마감일 제외)
※서류제출이 필요한 장학금의 경우, 교내장학금 온라인 신청기간 내 반드시 제출
(방문 및 등기우편 제출 가능(FAX불가))
※기간 내 서류 미제출 시 선발 대상에서 제외
4)신청방법: 온라인 신청 (유세인트 로그인 - 등록/장학 - 장학 - 장학금신청)
다. 2020학년도 1학기 숭실대학교장학회 장학금 신청 안내
1)선발 유형 및 장학금액
가)123시간 선물 장학금: 123만원
나)장학회 선발 장학생 장학금: 2020-1학기 수업료 반액 이내
※교내 및 국가장학금 등 외부장학금 수혜여부에 관계없이 생활비지원
2)선발인원: 위 가, 나 선발유형 에서 총 20명 내외 선발
3)지원자격
가)숭실을 사랑하며 재학 중 및 졸업 후 총동문회 활동을 적극적으로 할 수 있는 학생
나)현재 사회봉사활동을 하고 있거나 사회봉사활동 경력이 있는 학생
다)2020학년도 1학기 3,4학년 재학하는 학생
라)직전학기 성적 3.0이상(직전학기 15학점 이상, 막학기는 12학점 이상 이수)인 학생
4)접수기간: 2020.03.02.(월) ~ 03.19.(목) 오후 5시까지 도착분에 한함
5)접수방법: 재단 방문접수(우편접수 불가)
라. 2020학년도 1학기 재단법인 본솔김종한장학재단 장학생 선발 안내
1)장학금액: 수업료 전액(등록금 범위 내 수혜가능)
※결격사유 없을 시 졸업 시 까지 지원
2)추천인원: 1명
3)지원자격
가)2020학년도 1학기 기준 2학년(3학기)에 재학하는 학생
나)전체 학년 성적 평점평균 3.3이상인 학생
다)성실하고 품행이 바르며 우수한 재능을 가진 학생
※가정형편이 어려운 학생 우선 추천
라)각 학과(부) 지도교수의 추천을 받은 학생
마)타 장학금을 받고 있지 않은 학생
4)접수기간: ~ 2020.03.16.(월) 16:00까지 도착분에 한함
5)접수방법: 숭실대학교 장학팀(학생회관 406호)으로 방문제출
※자세한 사항은 숭실대학교 홈페이지 공지사항(
https://scatch.ssu.ac.kr
)을 참고하여 주시기 바랍니다"
statistics,[펀시스템] 3월 2주차 비교과 프로그램 안내,,2021.11.21,https://stat.ssu.ac.kr/notice_view.html?category=1&idx=434,"[펀시스템] 3월 2주차 비교과 프로그램 안내
클릭! FUN시스템(
HTTP://fun.ssu.ac.kr
)
3월 2주차 비교과 프로그램을 확인하세요."
statistics,[숭대시보] ‘워드’랑 ‘한글’ 등을 무료로 다운받을 수 있다는데 어떻게 해야 하나요?,,2021.11.21,https://stat.ssu.ac.kr/notice_view.html?category=1&idx=433,"‘워드’랑 ‘한글’ 등을 무료로 다운받을 수 있다는데 어떻게 해야 하나요?
지원받은 IT 서비스를 공부하는 데 잘 활용해서 모두 좋은 성적받길 바랍니다!
http://www.ssunews.net/news/articleView.html?idxno=6901"
statistics,2020-1 학기 시간표 변경 공지,,2021.11.21,https://stat.ssu.ac.kr/notice_view.html?category=1&idx=432,"2020-1 학기 시간표 변경 공지
과목
기존
변경사항
통계학(2분반)
화, 수 3교시
권혁성교수님
폐강
추정검정론
화, 목 4교시
조상훈교수님
월, 화 4교시
권혁성교수님
실험계획
월, 수 3교시
조상훈교수님
기타 문의사항은 학과사무실로 연락 바랍니다."
statistics,2020학년도 강사 및 겸임교수 채용(3차) 공고,,2021.11.21,https://stat.ssu.ac.kr/notice_view.html?category=1&idx=431,"2020학년도 숭실대학교 정보통계보험수리학과
강사 채용(3차) 공고
​
숭실대학교 정보통계보험수리학과에서 강사
2
명을 채용합니다
.
1. 채용분야
가. 채용분야:
1) 강사1: 2020-1학기
실험계획
, 2020-2학기
통계적방법론
2) 강사2: 2020-2학기
재무관리(영어)
나. 주의사항
1) 전체 채용 모집단위 중 한 개 모집단위에 한하여 지원가능(중복 지원 불가)
2) 실제 담당 교과목은 강의개설 여건, 폐강 및 교과과정 개편 등에 의해 변경 될 수 있음
2. 지원자격
가. 공통사항
1) 「대학교원 자격기준 등에 관한 규정」에 따른 자격 기준을 충족하는 자
2) 관계 법령 및 본 대학교 규정에 따라 강사 임용에 결격사유가 없는 자
3) 1955.03.01. 이후 출생한 자
나. 지원자격
1) 강사
가) 연구・교육 경력연수: 연구실적연수와 교육경력연수 중 어느 하나가 기준에 미달하더라도 연구실적연수와 교육경력연수의 합계가 해당 기준을 충족하면 자격기준을 갖춘 것으로 본다.
※ 타 대학 전임교원은 본교 강사로 임용이 가능함. 단, 해당 대학의 규정에 위배되지 않도록 유의
3. 임용조건
가. 임용예정일:
2020년 3월 1일
나. 임용기간:
2020년 3월 1일 ~ 2021년 2월 28일
다. 보    수: 본 대학교 보수지급기준에 따름
라 재임용 사항
1) 강사는 신규임용 기간을 포함하여 3년까지 재임용 절차를 보장
2) 1년 이상의 연구년 휴직, 보직 임명 등으로 인한 강의 대체를 위해 임용한 강사에 대해서는 재임용 절차를 보장하지 않음
4. 심사단계 및 기준
가. 1단계(서류심사): 서류심사(기초 및 전공심사)는 지원자의 지원서 작성내용 및 서류(자기소개서, 강의계획서, 연구업적목록 등)를 종합적으로 평가함
나. 2단계(면접심사): 지원자의 교육역량 및 교육자적 자질 등을 종합적으로 평가함
다. 모집단위 별로 2단계 면접심사를 생략할 수 있으며, 면접심사를 실시하는 모집단위는 붙임의 「모집 단위 목록」의 평가방법을 참조
※ 면접심사를 실시하는 모집단위는 모집부서에서 개별적으로 연락 후 진행함
※ 학과(부)별 모집단위에 따라 심사항목 및 배점이 다를 수 있음.
5. 채용 일정
업무
일정
비고
접수기간
2.3(
월
) 10:00
∼
2.7(
금
) 17:00
‣
지원서 접수처
:
학과사무실
‣
접수방법
:
방문접수
,
우편접수
,
메일접수
‣
접수기간 종료 후에는 접수가 불가능하니 반드시
기한내에 제출
심사
2
월 중
학과
(
부
)
별 심사
‣
서류심사
+
면접심사일 경우
: 2
차 면접심사 대상자는
학과
(
부
)
에서 개별 연락함
‣
면접심사 일정은 학과
(
부
)
에 따라 일정 변경 가능
(
심사 구분은 붙임의
「
모집단위목록
」
참조
)
합격자 발표
2.19(
수
)
예정
‣
서류심사
+
면접심사 또는 서류심사 후 합격자 발표
합격자 지원의사 및
추가서류 제출
2.20(
목
)
∼
2.21(
금
)
예정
‣
합격자 발표
:
개별 연락
‣
기한 내 지원의사 결정 및 추가서류 제출
※ 채용 일정은 진행 경과에 따라 조정될 수 있음
6. 지원방법 및 제출서류 안내
​
가. 지원서 접수
1) 지원서 접수기간:
2.3(월) 10:00 ∼ 2.7(금) 17:00
2) 접수처: 접수방법 참고
3) 접수방법
가) 방문접수: 접수기간 내에 “학과 사무실”로 직접 방문 접수
평일 10시 ~ 17시까지 방문접수, 공휴일(토, 일)은 접수불가
학과사무실: 서울시 동작구 상도로 369 베어드홀 516호
나) 우편접수: 접수기간 내에 우편접수, 2.7(금), 17시까지 도착분에 한함
다) 메일접수:
stat@ssu.ac.kr
로 접수, 2.7(금) 17시까지 도착분에 한함
(메일접수 파일명: 모집코드_성명.zip으로 지원서류 제출)
(정해진 양식 외 제출서류는 모두 PDF파일로 스캔하여 하나로 묶어 접수)
나. 지원자 제출서류
1) 임용지원서(신상정보) 1부.(붙임1 양식)
2) 자기소개서 1부.(붙임2 양식)
3) 강의계획서 1부.(붙임3 양식)
4) 연구실적목록 1부.(붙임4 양식)
5) 학위별 학력증명서 및 성적증명서 각 1부
6) 강의경력증명서 각 1부 [최근 4년간]
– 입력한 내용과 일치하여야 하며, 증명서가 없는 경력사항은 인정하지 않음
7) 재직 및 기타 경력사항 증빙서류 각 1부 [최근 4년간]
– 입력한 내용과 일치하여야 하며, 증명서가 없는 경력사항은 인정하지 않음
8) 연구실적목록 1부 [최근 4년간]
– 연구업적은 최근 4년간(2015.12.1.~2019.11.31.)이며, 대표 논문업적 5편 이내로 제출
– 게재 예정이거나 출판되지 않은 것은 실적으로 인정되지 않음
9) 연구실적 증빙물
– 연구실적목록에 기재된 연구실적 원본을 스캔하여 PDF파일로 업로드
– 연구실적 증빙물은 모아서 파일 1개로 통합하여 업로드
• 최종학위 논문: 표지, 초록부분
• 학술지 논문: 표지, 초록부분(학술지명,발행년월,권호,저자명 등이 표기된 부분)
• 저서/번역서: 표지, 목차, 머리말, 본문의 일부(처음 3~4페이지), 판권(발행년월, 개정여부, 저자명 포함)
• 창작발표회/전시회: 예체능계열만 업로드
• 연구실적 증빙물 제출시 연구실적목록 상의 순서대로 정렬하여 제출
※ 겸임교수 제출서류 유의사항
– 현 재직기관에서 3년 이상 근무하지 않은 자는 이전 재직기관의 경력증명서를 함께 제출(합계 재직기간 3년 이상이 되어야 함)
– 겸임교수는 최종 합격 후 본직기관 겸직동의서를 추가로 제출하여야 함
※ 최종 합격자에 한하여 제출서류 원본 일체를 우편 또는 방문 제출
(지원서 제출시 우편 또는 방문접수로 원본 제출하신 분은 합격자 추가서류만 제출)
7. 지원자 유의사항
가. 해당 분야에 적임자가 없는 경우 채용하지 않을 수 있음
나. 1개 이상의 모집분야에 중복 지원할 수 없으며, 중복지원 시 지원을 모두 무효로 하거나 합격을 취소함
다. 강사 채용과 관련된 제반 일정은 본교 사정에 의해 변경될 수 있음
라. 임용 이후 학사운영 및 교과과정 조정에 따라 담당 교과목 및 강의시간이 변경될 수 있음
마. 신원조회 및 성범죄경력조회 결과 이상이 있으면 합격이 취소될 수 있음
바. 제출된 서류는 일체 반환하지 않으며, 임용에 결격사유가 있거나 제출된 서류의
내용이 사실과 다를 경우 임용 취소함
사. 합격자에 한해 추가 증빙서류 제출을 요구할 수 있음
아. 재임용 제외 사유에 해당되는 모집단위는 재임용 보장되지 않음
자. 각종 증명서류는 최근 3개월 이내 발급 본 제출을 원칙으로 하며, 원본은 합격 이후에 제출함
차. 합격자 발표 기간 중 합격자 추가 서류를 정해진 기간 내에 제출하지 않을 경우
임용을 포기한 것으로 간주하며, 심사 결과에 따른 차순위후보자를 임용할 수 있음
카. 평가방법은 추후 사정에 따라 변경될 수 있음
8. 문의처
가. 모집관련 문의: 「모집 단위 목록」의 지원자 서류 제출 장소 및 연락처 참조
나. 공고 관련 문의: 교무팀 02-820-0143
※ 공휴일(토,일)은 전화문의 응대할 수 없으니 유의하시기 바랍니다.​
학교 홈페이지 공지:
https://scatch.ssu.ac.kr/%ea%b3%b5%ec%a7%80%ec%82%ac%ed%95%ad/?f&category=%EA%B5%90%EC%9B%90%EC%B1%84%EC%9A%A9&slug=2020%ED%95%99%EB%85%84%EB%8F%84-%EC%88%AD%EC%8B%A4%EB%8C%80%ED%95%99%EA%B5%90-%EA%B0%95%EC%82%AC-%EB%B0%8F-%EA%B2%B8%EC%9E%84%EA%B5%90%EC%88%98-%EC%B1%84%EC%9A%A93%EC%B0%A8-%EA%B3%B5%EA%B3%A0&keyword"
statistics,2020학년도 1학기 학과근로장학생 신청안내,,2021.11.21,https://stat.ssu.ac.kr/notice_view.html?category=1&idx=430,"2020학년도 1학기 학과근로장학생 신청안내
* 근로장학생 자격 및 선발기준 

가. 2020학년도 1학기 국가장학금을
1차
신청하고 소득분위가 8분위 이내인 자

  ※ 국가장학금을 신청할 수 없는 대한민국 국적 미소지자도 선발 가능

       (단, 순수외국인전형으로 입학한 외국인 유학생은 선발 불가)

나. 2020학년도 1학기 재학 및 복학예정자로 해당학기 등록금 납부 예정인 자

  1) 2020학년도 1학기 전 등록휴학 후 복학시 선발 불가(등록대체자)

  2) 학기 중 미등록, 입학취소, 복학취소 등으로 인한 학적변동시 모든 장학금 취소

  3) 2020학년도 1학기 기준 이수학기가 2~7학기만 가능(1학기 및 8학기 신청 불가)

다. 직전학기 취득학점 및 학업성적 제한 없음

라. 타 장학금과 중복수혜 가능(근로장학금 간 중복 불가)

   ※ 본 장학금은 학업장려비 지원 목적으로 등록금(입학금 및 수업료)를 초과하여 지급

마. 학과별 배정인원 내에서 학과근로A 또는 B 타입 학과 자율선발 가능

   (예: 학과근로B 2명 = 학과근로A 1명)

바. 국가근로장학생 및 교내근로장학생에 선발되지 않은 자



* 근로시간 및 장학금액
장학금명
시간당 장학금액
총 근로시간(학기)
1인당 장학금액(원)
학과근로A
8,600원
10시간*20주=200시간
1,720,000
학과근로B
8,600원
5시간*20주=100시간
860,000
- 정보통계보험수리학과는 학과근로B 선발함
* 신청방법

가. 학생신청방법: u-SAINT포털→등록/장학→근로장학금 신청→지원서 출력/제출

나. 온라인신청 및 서류제출기간: 2020년 1월 21일(화) 10:00 ~ 2월 4일(화) 17:00

  1) 제출서류: 지원서 (u-SAINT 출력본,
본인서명 필수
)

  2) 제출장소: 정보통계보험수리학과 사무실(베어드홀 516호)"
statistics,2020-1 학부 졸업시험 신청 안내(시험 일정 변경),,2021.11.21,https://stat.ssu.ac.kr/notice_view.html?category=1&idx=429,"2020-1 학부 졸업시험 신청 안내입니다.
아래의 링크를 통해 신청바랍니다.
https://forms.gle/bUfJKUvMrfPBYDrr9
기타 문의사항: 02-820-0440,
stat@ssu.ac.kr
시험일정변경: 3/7(토) -> 3/14(토) 변경"
statistics,2020학년도 강사 및 겸임교수 채용(2차) 공고,,2021.11.21,https://stat.ssu.ac.kr/notice_view.html?category=1&idx=428,"2020학년도 숭실대학교 정보통계보험수리학과
강사 채용(2차) 공고
​
숭실대학교 정보통계보험수리학과에서 강사 2명을 채용합니다.
1. 채용분야
가. 채용분야:
1) 강사1: 2020-1학기
실험계획
, 2020-2학기
통계적방법론
2) 강사2: 2020-2학기
재무관리(영어)
나. 주의사항
1) 전체 채용 모집단위 중 한 개 모집단위에 한하여 지원가능(중복 지원 불가)
2) 실제 담당 교과목은 강의개설 여건, 폐강 및 교과과정 개편 등에 의해 변경 될 수 있음
2. 지원자격
가. 공통사항
1) 「대학교원 자격기준 등에 관한 규정」에 따른 자격 기준을 충족하는 자
2) 관계 법령 및 본 대학교 규정에 따라 강사 임용에 결격사유가 없는 자
3) 1955.03.01. 이후 출생한 자
나. 지원자격
1) 강사
가) 연구・교육 경력연수: 연구실적연수와 교육경력연수 중 어느 하나가 기준에 미달하더라도 연구실적연수와 교육경력연수의 합계가 해당 기준을 충족하면 자격기준을 갖춘 것으로 본다.
※ 타 대학 전임교원은 본교 강사로 임용이 가능함. 단, 해당 대학의 규정에 위배되지 않도록 유의
3. 임용조건
가. 임용예정일:
2020년 3월 1일
나. 임용기간:
2020년 3월 1일 ~ 2021년 2월 28일
다. 보    수: 본 대학교 보수지급기준에 따름
라 재임용 사항
1) 강사는 신규임용 기간을 포함하여 3년까지 재임용 절차를 보장
2) 1년 이상의 연구년 휴직, 보직 임명 등으로 인한 강의 대체를 위해 임용한 강사에 대해서는 재임용 절차를 보장하지 않음
4. 심사단계 및 기준
가. 1단계(서류심사): 서류심사(기초 및 전공심사)는 지원자의 지원서 작성내용 및 서류(자기소개서, 강의계획서, 연구업적목록 등)를 종합적으로 평가함
나. 2단계(면접심사): 지원자의 교육역량 및 교육자적 자질 등을 종합적으로 평가함
다. 모집단위 별로 2단계 면접심사를 생략할 수 있으며, 면접심사를 실시하는 모집단위는 붙임의 「모집 단위 목록」의 평가방법을 참조
※ 면접심사를 실시하는 모집단위는 모집부서에서 개별적으로 연락 후 진행함
※ 학과(부)별 모집단위에 따라 심사항목 및 배점이 다를 수 있음.
​
5. 채용 일정
업무
일정
비고
접수기간
1.9(목) 10:00
∼
1.14(화) 17:00
‣ 지원서 접수처: 학과사무실
‣ 접수방법: 방문접수, 우편접수, 메일접수
‣ 접수기간 종료 후에는 접수가 불가능하니 반드시
기한내에 제출
심사
1월 중
학과(부)별 심사
‣ 서류심사+면접심사일 경우: 2차 면접심사 대상자는
학과(부)에서 개별 연락함
‣ 면접심사 일정은 학과(부)에 따라 일정 변경 가능
(심사 구분은 붙임의 「모집단위목록」참조)
합격자 발표
1.31(금) 예정
‣ 서류심사+면접심사 또는 서류심사 후 합격자 발표
합격자 지원의사 및
추가서류 제출
2.3(월)∼2.5(수)
예정
‣ 합격자 발표: 개별 연락
‣ 기한 내 지원의사 결정 및 추가서류 제출
※ 채용 일정은 진행 경과에 따라 조정될 수 있음
​
6. 지원방법 및 제출서류 안내
​   가. 지원서 접수
1) 지원서 접수기간:
1.9(목) 10:00 ∼ 1.14(화) 17:00
2) 접수처: 접수방법 참고
3) 접수방법
가) 방문접수: 접수기간 내에 “학과 사무실”로 직접 방문 접수
평일 10시 ~ 17시까지 방문접수, 공휴일(토, 일)은 접수불가
학과사무실: 서울시 동작구 상도로 369 베어드홀 516호
나) 우편접수: 접수기간 내에 우편접수, 1.14(화), 17시까지 도착분에 한함
다) 메일접수:
stat@ssu.ac.kr
로 접수, 1.14(화) 17시까지 도착분에 한함
(메일접수 파일명: 모집코드_성명.zip으로 지원서류 제출)
(정해진 양식 외 제출서류는 모두 PDF파일로 스캔하여 하나로 묶어 접수)
나. 지원자 제출서류
1) 임용지원서(신상정보) 1부.(붙임1 양식)
2) 자기소개서 1부.(붙임2 양식)
3) 강의계획서 1부.(붙임3 양식)
4) 연구실적목록 1부.(붙임4 양식)
5) 학위별 학력증명서 및 성적증명서 각 1부
6) 강의경력증명서 각 1부 [최근 4년간]
– 입력한 내용과 일치하여야 하며, 증명서가 없는 경력사항은 인정하지 않음
7) 재직 및 기타 경력사항 증빙서류 각 1부 [최근 4년간]
– 입력한 내용과 일치하여야 하며, 증명서가 없는 경력사항은 인정하지 않음
8) 연구실적목록 1부 [최근 4년간]
– 연구업적은 최근 4년간(2015.12.1.~2019.11.31.)이며, 대표 논문업적 5편 이내로 제출
– 게재 예정이거나 출판되지 않은 것은 실적으로 인정되지 않음
9) 연구실적 증빙물
– 연구실적목록에 기재된 연구실적 원본을 스캔하여 PDF파일로 업로드
– 연구실적 증빙물은 모아서 파일 1개로 통합하여 업로드
• 최종학위 논문: 표지, 초록부분
• 학술지 논문: 표지, 초록부분(학술지명,발행년월,권호,저자명 등이 표기된 부분)
• 저서/번역서: 표지, 목차, 머리말, 본문의 일부(처음 3~4페이지), 판권(발행년월, 개정여부, 저자명 포함)
• 창작발표회/전시회: 예체능계열만 업로드
• 연구실적 증빙물 제출시 연구실적목록 상의 순서대로 정렬하여 제출
※ 겸임교수 제출서류 유의사항
– 현 재직기관에서 3년 이상 근무하지 않은 자는 이전 재직기관의 경력증명서를 함께 제출(합계 재직기간 3년 이상이 되어야 함)
– 겸임교수는 최종 합격 후 본직기관 겸직동의서를 추가로 제출하여야 함
※ 최종 합격자에 한하여 제출서류 원본 일체를 우편 또는 방문 제출
(지원서 제출시 우편 또는 방문접수로 원본 제출하신 분은 합격자 추가서류만 제출)
7. 지원자 유의사항
가. 해당 분야에 적임자가 없는 경우 채용하지 않을 수 있음
나. 1개 이상의 모집분야에 중복 지원할 수 없으며, 중복지원 시 지원을 모두 무효로 하거나 합격을 취소함
다. 강사 채용과 관련된 제반 일정은 본교 사정에 의해 변경될 수 있음
라. 임용 이후 학사운영 및 교과과정 조정에 따라 담당 교과목 및 강의시간이 변경될 수 있음
마. 신원조회 및 성범죄경력조회 결과 이상이 있으면 합격이 취소될 수 있음
바. 제출된 서류는 일체 반환하지 않으며, 임용에 결격사유가 있거나 제출된 서류의
내용이 사실과 다를 경우 임용 취소함
사. 합격자에 한해 추가 증빙서류 제출을 요구할 수 있음
아. 재임용 제외 사유에 해당되는 모집단위는 재임용 보장되지 않음
자. 각종 증명서류는 최근 3개월 이내 발급 본 제출을 원칙으로 하며, 원본은 합격 이후에 제출함
차. 합격자 발표 기간 중 합격자 추가 서류를 정해진 기간 내에 제출하지 않을 경우
임용을 포기한 것으로 간주하며, 심사 결과에 따른 차순위후보자를 임용할 수 있음
카. 평가방법은 추후 사정에 따라 변경될 수 있음
​
8. 문의처
가. 모집관련 문의: 「모집 단위 목록」의 지원자 서류 제출 장소 및 연락처 참조
나. 공고 관련 문의: 교무팀 02-820-0143
※ 공휴일(토,일)은 전화문의 응대할 수 없으니 유의하시기 바랍니다.​"
statistics,교육과정 및 프로그램 소식 유튜브 채널 안내,,2021.11.21,https://stat.ssu.ac.kr/notice_view.html?category=1&idx=427,"교육과정 및 프로그램 소식 유튜브 채널을 다음과 같이 안내하니 많은 활용 바랍니다
.
1.
채널명
:
숭실대학교
TV(
유튜브에서 검색
) / ‘
구독
-
알람
’
설정 해 놓으면 업로드된 영상 정보를
바로 확일할 수 있습니다
.
2.
주요 탑재 영상
구분
영상명(바로가기)
학과 소개
(펀시스템에서 추가 공모 진행중)
글로벌미디어학부
평생교육학과
융합특성화자유전공학부
기독교학과
주요 부서 소개
베어드교양대학
베어드교양대학 소개
프로그램 소개
1
프로그램 소개
2
교수학습혁신센터
교수학습혁신센터 소개
프로그램 소개
1
프로그램 소개
2
경력개발센터
경력개발센터 소개
사회공헌센터
사회공헌센터 소개
김장페스티벌
펀시스템
시스템
펀시스템 활용
노티지
노티지 활용
1
노티지 활용
2
노티지 활용
3
전공소개
융합전공
융합전공 소개
대학혁신사업
소개
대학혁신사업 소개"
statistics,교외장학금 신청 홍보,,2021.11.21,https://stat.ssu.ac.kr/notice_view.html?category=1&idx=426,"교외장학금 신청 홍보
가. 2020학년도 한국지도자육성재단 신규 장학생 선발
1)지원자격
가)2020년 3월 기준 재학생이며 2개 학기 이상 이수한 대한민국 국적 보유자
나)교내·외 활동을 통해 창의적인 사고와 도전정신으로 우수한 성과를 창출한
경험이 있거나 투철한 봉사정신으로 리더십을 발휘한 학생
다)매 학년 24학점 이상 이수(홀수학기 이수자는 12학점 이상), 전체 평점 85이상인 자
※리더십활동 유경험자 및 특별재능 보유자 우대(홈페이지 공지사항 참조)
※총(단과대)학생회장/부회장에게 공지 바랍니다.
2)접수기간: 2020.01.02.(목) 16:30까지 장학팀(학생회관 406호)으로 직접 제출
3)장학금액: 등록금전액+학업장려비(연간 200만원) 최대 4학기 지원
※학업장려비는 등록금 초과하여 수혜 가능
나. 2020-1학기 삼성드림클래스 주중·주말교실 대학생 멘토 추가선발(경기/인천지역)
1)지원자격: 국내 대학교의 재학생(휴학생 불가, 복학예정자는 가능)
2)활동기간: 2020년 3월 ~ 8월(배정 중학교의 여름방학 전까지)
가)주중교실: 주 2회, 각 2시간[영어(월/목), 수학(화/금) 오후 3시 30분 전후]
나)주말교실: 주 1회, 4시간[영어(토), 수학(일) 오전 9시 또는 오후 1시]
※수업 시간은 배정 학교에 따라 변동될 수 있습니다.
3)장학금액: 시간 당 37,500원(학업장려비로 등록금 초과 수혜 가능)
4)접수기간: 2019.12.24.(화) 오후 2시 ~ 01.01.(수) 오전 10시 마감
다. 2020학년도 재단법인 산학협동재단 장학생 선발
1)지원자격
가)2020-1학기 기준 이공계 또는 경상계 분야를 전공하고 있는 2,3,4학년 재학생
나)직전학기 성적 평균 C학점 이상
다)창업 관련 교내·외 활동 우수자(창업여부, 대회 수상, 교과목 이수 등 종합적 평가)
2)접수기간: ~ 2020.01.10.(금) 16:30까지 장학팀(학생회관 406호)으로 직접제출
3)장학금액: 등록금 전액(수업료 범위 내)
라. 2020년 1학기 농어촌희망재단 농림축산식품부 장학금 장학생 선발
1)청년창업농육성장학금
가)지원자격
국내 전공무관 3학년 이상 재학생이며 직전학기 12학점 이상, 성적 70점 이상
나)장학금액: 학기 당 등록금 전액+학업장려비 200만원 최대 4학기 지원
※졸업 후 영농 및 농식품분야에서 장학금 수혜기간만큼 취·창업 의무종사 이행해야 함
2)농업인자녀장학금
가)지원자격
농업인 자녀로 직전학기 12학점 이상 및 성적 80점 이상인 재학생(전공무관)
직전학기 소득분위 기초 ~ 8분위인 자
※소득분위 기초~3분위 해당자는 성적 70점 이상도 신청 가능
나)장학금액: 학기당 50만원 ~ 200만원(등록금 범위 내) 최대 8학기 지원
3)접수기간: 2019.12.19.(목) ~ 2020.01.07.(화) 17:00까지
마. 2020년도 T&C재단 대학생 멘토 모집
1)지원자격: 활동 기간 동안 적극적인 참여가 가능한 대학생
2)활동기간: 2020년 2월 ~ 2022년 1월 (24개월 간)
3)장학금액: 정기 장학금(월 30만원)+인센티브(2년 전체 장학금의 최대 70%)
※인센티브는 활동 참여도 혹은 프로그램 성과에 따라 차등 지급
4)접수기간: 2019.12.16.(월) ~ 01.08.(수) 까지
바. 2020학년도 더 라이트 핸즈 장학생 선발 안내
1)지원자격: 2020학년도 기준 2~4학년 재학생이며 직전학기 총 평점 3.5이상
※기초생활수급자 및 가정의 경우 가산점 적용
2)장학금액: 등록금 전액 혹은 학업장려비(등록금 초과 수혜가능)
※학업장려비는 면접 시 개별상담 후 지급 여부 결정
3)접수기간: 2020.01.03.(금) ~ 01.17.(금) 18:00까지
※자세한 사항은 '유세인트 로그인 → 등록/장학 → 장학(공지사항 바로가기)'을 참고하여 주시기 바랍니다."
statistics,2019-2 겨울방학 단기특강 안내 - 통계수학,,2021.11.21,https://stat.ssu.ac.kr/notice_view.html?category=1&idx=425,"2019-2 겨울방학 단기특강 안내 -  통계수학
◎ 특강 과목 : 통계수학
◎ 특강 대상 :
자유전공학부에서 정보통계 보험수리학과로 진학한 학생, 융합전공을 신청한 학생, 현재 융합전공을 신청하지 않았으나 신청예정인 학생(융합전공을 꼭 신청해야함)
◎ 특강 일시 : 2020/02/03 - 2020/02/21, 오후 1시 - 3시
기타 문의사항은 학과사무실(02-820-0440)로 연락주세요."
statistics,빅데이터 융합전공 선택과목 추가 지정 안내,,2021.11.21,https://stat.ssu.ac.kr/notice_view.html?category=1&idx=424,"빅데이터 융합전공 선택과목을 기존 8과목에서 2과목을 추가지정하여 10과목으로 확대지정하였습니다.
융합전공을 이수하고있는 학생들은 참고하시기 바랍니다."
statistics,2020학년도 전기 대학원 수시모집 일정 안내,,2021.11.21,https://stat.ssu.ac.kr/notice_view.html?category=1&idx=423,"2020학년도 전기 대학원 수시모집 일정 안내
1. 입시일정
구분
일정
비고
모집공고
2019.11.25.(월)
원서접수/서류제출
2019.12.11.(수)~12.19.(목)
온라인접수 후 서류제출
입학전형
화상면접
2020.01.06.(월)
해외거주 외국인 (Skype)
방문면접
상동
국내거주 외국인 및 내국인
합격자발표
2020.01.14.(화) 예정
대학원 홈페이지
합격자등록
2020.01.20.(월)~01.21.(화) 예정
우리은행 전국지점
11.25 이후 자세한 사항 공지 예정."
statistics,2020학년도 1학기 학·석사연계과정 지원 및 선발 안내,,2021.11.21,https://stat.ssu.ac.kr/notice_view.html?category=1&idx=422,"2020
학년도
1
학기 학
·
석사연계과정 지원 및 선발 안내
‘학·석사연계과정’이란?
: 학사과정의 교육과정과 대학원 교육과정을 상호 연계하여 운영하는 과정으로 학사과정 3.5년 또는 4년(건축학부 건축학전공은 4.5년 또는 5년), 석사과정 1.5년에 학사학위 및 석사학위를 취득하는 과정
모집학과 : 학사과정과 석사과정에 동일(또는 유사) 학과가 있는 학과(계약학과 제외)
모집인원 : 석사과정 입학정원의 20% 내에서 모집
지원자격 : 다음 각 호 모두에 해당되는 자
가. 지원일 당시 학사과정 4학기 이상 6학기 이내 재학 중인 자(건축학부 건축학전공은 6학기 내지 8학기 재학 중인 자)
=> 5
학기 내지
7
학기 개시 전
(
건축학부 건축학전공은
7
학기 내지
9
학기 개시 전
)
인 학생만 지원 가능
(
학
·
석사연계과정 신청자는 조기졸업과 동시에 신청할 수 없음
)
나. 재수강 이전 과목, 학점 포기한 과목, F학점 과목 등을 포함한 전체 과목의 총평점평균이 3.0/4.5 이상인 자

다. 7학기 또는 8학기(건축학부 건축학전공은 9학기 또는 10학기)에 학사과정의 졸업요건을 충족할 수 있는 자

라. 지원하고자 하는 일반대학원 학과 주임교수와 지도교수의 추천을 받은 자

마. 지원하고자 하는 일반대학원의 동일(또는 유사)학과를 주전공 또는 복수전공하는 자

(부전공, 연계전공은 해당없음)
지원기간 :
2019
년
12
월
9
일
(
월
) ~ 2019
년
12
월
27
일
(
금
) 10:00 ~ 17:00
지원방법 : 제출서류를 구비하여 대학원 교학팀(웨스트민스터홀 658호)으로 방문 접수
제출서류 : 학·석사연계과정신청서(학업계획서, 추천서 포함)(양식 다운로드) 1부
합격자 발표 :
2020
년
1
월
24
일
(
금
)
예정
합격자 혜택
가. 학위취득기간 단축

나. 석사과정 입학금, 입학시험 면제

다. 학사과정 중 일반대학원 과목 수강신청 시 학기당 3학점 추가로 수강신청 가능

라. 학사과정 중 취득한(학사과정 졸업학점 초과 이수) 동일(또는 유사)학과의 일반대학원 과목 3학점~9학점까지 석사과정 학점으로 인정됨(신청 시)
자격상실
가. 일반대학원 입학 전에 학·석사연계과정을 중도 포기한 경우(포기신청서 제출)

나. 학사과정 8학기 이수 후 재수강 이전 과목, 학점포기한 과목, F학점 과목 등을 포함한 전체 과목의 총평점평균이 3.0/4.5 미만인 경우

다. 학사과정을 8학기에 모두 이수하지 못한 경우

라. 학사과정 중 졸업학점을 초과하여 일반대학원 과목을 3학점 이상 취득하지 못한 경우

마. 석사과정 첫 학기에 일반대학원 입학 등록을 하지 않은 경우

바. 석사과정을 3학기에 모두 이수하지 못한 경우

사. 석사과정 3학기 이수 후 총평점평균이 4.0/4.5 미만인 경우
유의사항
가. 학사과정 중 학·석사연계과정 중도포기 시 학사과정 정규 수업연한 적용

나. 석사과정 중 학·석사연계과정 중도포기 시 4학기 등록

다. 석사과정 첫 학기 휴학 및 자퇴 불가

라. 석사과정 전과 불가

마. 석사과정 첫 학기에 일반대학원 입학 등록을 하지 않은 경우 학사학위가 취소됨
문의처 : 대학원 교학팀(02-820-0258~9,
grad@ssu.ac.kr
)
2019.11
대학원장
​
https://scatch.ssu.ac.kr/공지사항/?slug=2020%ed%95%99%eb%85%84%eb%8f%84-1%ed%95%99%ea%b8%b0-%ed%95%99%c2%b7%ec%84%9d%ec%82%ac%ec%97%b0%ea%b3%84%ea%b3%bc%ec%a0%95-%ec%a7%80%ec%9b%90-%eb%b0%8f-%ec%84%a0%eb%b0%9c-%ec%95%88%eb%82%b4"
statistics,백마성적우수장학생 기본 자격요건 안내,,2021.11.21,https://stat.ssu.ac.kr/notice_view.html?category=1&idx=421,"백마성적우수장학생 기본 자격요건
가. 장학금 수혜학기에 국가장학금을 신청하여 소득분위 조회가 가능한 자
※ 국가장학금을 신청할 수 없는 대한민국 국적 미소지자도 선발 가능하나, 순수외국인 전형으로 입학한 외국인유학생은 선발 불가
나. 장학금 수혜학기에 재학 및 복학예정자로 해당학기 등록금 납부 예정인 자
※ 등록휴학 후 복학시 선발대상에서 제외(등록대체자)
※ 미등록, 입학취소, 복학취소 등으로 인한 학적변동시 모든 장학금 취소
※ 단, 선발 후 학기중 휴학 시 백마성적우수장학금은 복학학기로 이월되며, 복학학기에 국가장학금 신청 필수
다. 직전학기 15학점 이상 이수한 자 (졸업 직전학기는 직전학기 12학점 이상)
라. 등록학기가 8학기 이내인 자 (건축학전공: 등록 10학기 이내인 자)
마. F학점 포함 학적부성적 기준 직전학기 3.5 이상인 자
바. 모든 교내장학금 간 중복수혜 불가."
statistics,2019학년도 2학기 학부 재학생 대상 장학제도 설명회 시행 안내,,2021.11.21,https://stat.ssu.ac.kr/notice_view.html?category=1&idx=420,"2019학년도 2학기 학부 재학생 대상 장학제도 설명회를 다음과 같이 실시할 예정이니, 참석바랍니다.
1. 시행목적
가. 교내·외 장학금에 대한 다양한 정보 제공
나. 국가·교내장학금 신청기간에 맞추어 신청절차 홍보
[2020-1학기 국가장학금 신청기간: 2019.11.19(화) ~ 12.17(화) 예정]
2. 시행일정
가. 장소: 숭덕경상관 101호(휴민 정범석 박사 강의실)
나. 일시(총 2회 진행)
1) 1회차: 2019. 11. 21(목) 16:30
2) 2회차: 2019. 11. 22(금) 16:30
붙 임: 장학제도 설명회 일정 안내 1부.  끝."
statistics,故 원성식 학생 학부모님 장학금 출연식,,2021.11.21,https://stat.ssu.ac.kr/notice_view.html?category=1&idx=419,"故 원성식 학생 학부모님 장학금 출연식
지난 여름, 원성식 학생이 갑작스런 사고로 우리곁을 떠나게 되었습니다.
원준범 학부모님께서는 신입생이었던 아들을 떠나보내며, 학비로 모아두었던 돈을 아들의 친구들인
19학번 학생들에게 장학금으로 전달하고 싶다는 뜻을 밝히셨습니다.
이에 10/29(화) 오후4시 학과에서 원준범 학부모님과 19학번 학생들, 교수님들이 모여 장학금
출연식을 진행하였습니다.
학과 행사 이후, 학부모님께서는 총장실을 방문하여 4천만 원의 장학금 출연을 약정하였습니다.
https://scatch.ssu.ac.kr/뉴스센터/주요뉴스/?slug=%ec%a0%95%eb%b3%b4%ed%86%b5%ea%b3%84%eb%b3%b4%ed%97%98%ec%88%98%eb%a6%ac%ed%95%99%ea%b3%bc-%e6%95%85-%ec%9b%90%ec%84%b1%ec%8b%9d-%ed%95%99%ec%83%9d-%ed%95%99%eb%b6%80%eb%aa%a8-4%ec%b2%9c%eb%a7%8c"
statistics,빅데이터 분야 산업체 특강 개최,,2021.11.21,https://stat.ssu.ac.kr/notice_view.html?category=1&idx=418,"빅데이터 분야 산업체 특강 개최
4
차 산업혁명을 대표하는
“빅데이터”
직무를 소개하고
,
관련 분야의 최신 트랜드와 활용사례를 설명하는 특강을 개최합니다
.
■
개요
1) 일시 : 2019.
10. 31.(목), 오후 3시
2) 장소 :
베어드홀 103호 강의실
3) 대상 : 빅데이터에 관심 있는 사람 누구나
4) 강연 내용
– 빅데이터 분야 직무 소개
– 빅데이터에 대한 이해
– 빅데이터를 활용한 비즈니스 구현을 위한 핵심기술 소개
■
강사
:
박상원 수석
(SK
주식회사
)
– SK 사내 빅데이터 전문 강사
– 동국대학교 빅데이터 팜 강의
– 서울시립대학교 빅데이터 강의
■ 사전 등록
방법
– 펀시스템에서 신청하기
https://fun.ssu.ac.kr/ko/program/all/view/1261/description
* 특강에 참석하는 분들께는 소정의 기념품을 드립니다.
■
문의사항
: 공학교육혁신팀(02-828-7138)
링크
https://scatch.ssu.ac.kr/%ea%b3%b5%ec%a7%80%ec%82%ac%ed%95%ad/?slug=%eb%b9%85%eb%8d%b0%ec%9d%b4%ed%84%b0-%eb%b6%84%ec%95%bc-%ec%82%b0%ec%97%85%ec%b2%b4-%ed%8a%b9%ea%b0%95-%ea%b0%9c%ec%b5%9c"
statistics,2020학년도 전기 대학원 정시모집 안내,,2021.11.21,https://stat.ssu.ac.kr/notice_view.html?category=1&idx=417,"2020학년도 전기 대학원 정시모집 안내
1. 모집일정
구분
입시일정
비고
원서접수/서류제출
2019.10.11.(금)~10.21.(월)
온라인접수 후 서류제출
전형일자
2019.11.09.(토)
각 학과 지정장소
합격자발표
2019.11.28.(목) 예정
대학원 홈페이지
합격자등록
2020.01.07.(화)~01.09.(목)
우리은행 전국지점
2. 기타사항: 붙임 모집요강 참조
(For English, please refer to the page 12 of the attached admission guide.)
3. 모집요강 수정사항 (2019.09.24.)
- 7페이지 (해외대학 졸업자의 경우 서류제출시 학력조회확인서(영문)를 반드시 작성하여 제출하여야 함.)
http://grad.ssu.ac.kr/web/grad/plaza_a?p_p_id=EXT_BBS&p_p_lifecycle=0&p_p_state=normal&p_p_mode=view&_EXT_BBS_struts_action=%2Fext%2Fbbs%2Fview_message&_EXT_BBS_messageId=14733853"
statistics,일반대학원 2020학년도 전기 정시모집 일정 안내,,2021.11.21,https://stat.ssu.ac.kr/notice_view.html?category=1&idx=416,"일반대학원 2020학년도 전기 정시모집 일정 안내입니다.
학과별 모집여부, 제출서류 등 자세한 정보는 9월 23일(월)에
대학원 홈페이지(
http://grad.ssu.ac.kr
)에 공지될 예정입니다.
[모집일정]
- 원서접수: 2019.10.11.(금)~2019.10.21.(월)
- 전형일자: 2019.11.09.(토)
- 합격자발표: 2019.11.28.(목) 예정
- 합격자등록: 2020.01.07.(화)~2020.01.09.(목) 예정"
statistics,융합전공 필수 과목명 변경 안내,,2021.11.21,https://stat.ssu.ac.kr/notice_view.html?category=1&idx=415,"융합전공 필수 과목명 변경 안내입니다.
변경된 과목명은 2020학년도 1학기부터 적용될 예정입니다.
과목번호
변경전
변경후
21506876
SNS빅데이터분석
빅데이터분석
21500478
R/Hadoop/Rhipe
R/Hadoop/RHadoop"
statistics,숭실대학교 교수학습혁신센터 INNO-SCHOOL 프로그램 팀 모집안내,,2021.11.21,https://stat.ssu.ac.kr/notice_view.html?category=1&idx=414,"숭실대학교 교수학습혁신센터 INNO-SCHOOL 프로그램 팀
모집안내
리더십에 관심 있고 성장하고 싶은 학부재학생 분들은 많은 참여 부탁드립니다.
1. INNO-SCHOOL 프로그램이란?
숭실대학교 (학부)재학생들이 자신이 속한 전공의 학습내용을 활용하여, 사회문제를 발견하고 이를 해결하고자 동료들과 협업하여
다양한 아이디어를 도출하고 실현가능하게 기획하는 프로그램입니다.
* 최종결과물: 기획한 내용을 전지사이즈의 포스터로 제작 전시
2. 모집분야
- 숭실대학교 소속(과)학부 재학생 계열혼합 또는 전공혼합 4명이 한팀이 되어,
총 12팀 모집
- 팀원 모집이 어려울 경우,
soohyunko@ssu.ac.kr
로 개별 신청바랍니다.
3. 과제분야
- 자신이 속한 전공의 학습내용을 활용하고, 구성원과의 협업을 통해 지역사회에서 겪는 다양한 어려움을 해결하거나
이슈를 개발할 수 있는 창의적인 아이디어 제안 및 구현(어린이집, 병원, 교회, 지역센터, 단체 등)
- 기획한 내용을 전지 사이즈의 포스터로 제작(추후 전시)
4. 참여자 혜택
- 활동비 지원(영수증 제출 후 지급. 팀 당 30만원)
- 우수 팀 시상 및 상금 지급(최우수50만원(1팀), 우수40만원(2팀), 장려30만원(2팀), 각 팀원에게 1/n 지급)
- 스터디룸 제공
- 총장 명의 상장 발급
5. 전형일정 및 방법
- 신청: ~2019.09.23.(월) 24시 마감
- 신청방법: FUN시스템 신청 / 팀원모집 어려울 시, 이메일 접수(
soohyunko@ssu.ac.kr
)
6. 문의처: 02-828-7136, 7129
7.
https://fun.ssu.ac.kr/ko/program/all/view/1130
(더 자세한 내용 알아보기 및 신청)"
statistics,2020학년도 전기 대학원 정시모집 입시 일정 안내,,2021.11.21,https://stat.ssu.ac.kr/notice_view.html?category=1&idx=413,"2020학년도 전기 대학원 정시모집 입시 일정 안내입니다.
1. 입시일정
구분
일정
비고
모집공고
2019.09.23.(월)
원서접수/서류제출
2019.10.11.(금)~10.21.(월)
온라인접수 후 서류제출
입학전형
화상면접
2019.11.01.(금)
해외거주 외국인 (Skype)
방문면접
2019.11.09.(토)
국내거주 외국인 및 내국인
합격자발표
2019.11.28.(목) 예정
대학원 홈페이지
합격자등록
2020.01.07.(화)~01.09.(목) 예정
우리은행 전국지점"
statistics,2019-2학기 정보통계·보험수리학과 겸임교수 채용,,2021.11.21,https://stat.ssu.ac.kr/notice_view.html?category=1&idx=412,"<2019-2학기 정보통계
·
보험수리학과 겸임교수 채용>
방문 접수기간 : 2019.8.12.(월) - 8.16.(금) 17:00
1. 채용분야 및 인원
채용학과
담당예정 업무
임용기간
채용 인원
정보통계· 보험수리학과
4차 산업 혁명시대에 빅데이터 과학자에게 필수적으로 요구되는 자료 분석을 위한 기초 코딩 과목(C, Python) 담당
1년에 최소 6학점 ~ 12학점 강의
“프로그램 및 실습” 과목 강의 경험자 우대
2019.09.01. 〜 2020.08.31.
1명
※ 수강인원 미달 등으로 담당 교과목이 폐강될 경우 강의를 담당하지 않게 될 수 있음
2. 지원자격
가.「국가공무원법」제33조 및「교육공무원법」제10조의4에 의한 결격사유가 없는 사람
나.「고등교육법」제16조 및「대학교원 자격기준 등에 관한 규정」제2조에 따른 조교수 이상의 자격기준을 갖춘 사람으로서 관련 분야 전문지식이 있는 사람
다. 담당하게 될 교수 및 연구내용이 원소속기관에서 담당하는 직무내용과 유사한 사람
라. 원소속기관에서 상시적으로 근무하고 있는 사람으로서 근무경력(원소속기관에 소속되기 전에 유사한 분야에서 근무한 경력을 포함한다)이 3년 이상인 사람
마. 원소속기관에서 발급한 겸직동의서 제출이 가능한 사람
3. 제출서류 목록 및 양식
가. 겸임교수 임용지원서
나. 성범죄 경력 조회 동의서
다. 학위증명서(학사학위 이상 모든 학위)
라. 기타 교육 및 연구경력연수 증빙 자료(필요시)
마. 재직증명서
바. 재직기관장 동의서
사. 사업자등록증 사본; 본인이 대표인 경우(신규임용자 또는 본직기관 변동자)
4. 지원서 접수기간 및 접수처
가. 접수기간: 2019.08.12.(월) ~ 2019.08.16.(금) 오후 5시까지
나. 접수방법: 방문접수
다. 접 수 처: 숭실대학교 자연대학교 사무실(베어드홀 309-1호)
5. 기타
가. 기타 세부사항은 자연대학교 사무실로 02)829-8242(오전 10:00 ~ 오후 5:00),
goldstar627@ssu.ac.kr
로 문의하여 주시기 바랍니다."
statistics,2019-2 학부 졸업시험 신청안내,,2021.11.21,https://stat.ssu.ac.kr/notice_view.html?category=1&idx=411,"2019-1 학부 졸업시험 신청안내 입니다.
8/23(금) 까지
https://forms.gle/RZL3TB3x9scXZUpX9
로 신청 부탁드립니다.
문의사항은 02-820-0440 으로 연락주세요."
statistics,2019학년도 2학기 한국장학재단 푸른등대 기부장학금 신청안내,,2021.11.21,https://stat.ssu.ac.kr/notice_view.html?category=1&idx=410,"1. 장학금명 : 푸른등대 기부장학금
2. 장학금액 :
장학금별 상이(
등록금 초과 수혜 가능
, 붙임자료 참조)
3. 추천인원 : 장학금별 상이(붙임자료 참조)
4. 세부내역
(단위: 명, 만 원)
유형
기부처
선발대상
선발
인원
심사기준
장학
금액
(학기당)
지원기간
1차 심사
2차 심사
(기부처 맞춤형)
생
활
비
국민건강보험공단
강원지역 보건의료 및 사회복지 계열 전공 대학생
25
가계소득(50점)+성적(50점),
1차 5배수 선발
자기소개서 심사
(100점)
200
2개 학기
(’19-2∼’20-1)
국민연금공단
국민연금 수급자
또는 대학생 자녀
100
가계소득(60점)+ 성적(40점)
-
150
1개 학기
(’19-2)
블리자드
게임분야에 관심있는 저소득층 대학생
12
가계소득(30점)+성적(70점),
1차 5배수 선발
자기소개서
(100점)
200
2개 학기
(’19-2∼’20-1)
사무금융
우분투재단
사무금융분야 비정규직 종사자 또는 대학생 자녀
100
가계소득(60점)+성적(40점)
-
150
1개 학기
(’19-2)
안전보건공단
산업재해 근로자
및 대학생 자녀
20
가계소득(60점)+성적(40점)
-
150
2개 학기
(’19-2∼’20-1)
한국가스공사
저소득층 대학생
110
가계소득(60점)+성적(40점)
-
150
2개 학기
(’19-2∼’20-1)
한국남부발전
부산지역 저소득층 대학생
50
가계소득(60점)+성적(40점)
-
100
1개 학기
(’19-2)
한국인삼공사
6년근 인삼경작인의 대학생 자녀
20
가계소득(50점)+성적(50점),
1차 2배수 선발
자기소개서 심사
(100점)
215
2개 학기
(’19-2∼’20-1)
현대홈쇼핑
방송 관련 전공 저소득층 대학생
52
가계소득(100점),
1차 2배수 선발
자기소개서
(100점)
200
1개 학기
(’19-2)
KOSAF기부펀드
가정외보호시설 출신 대학생
40
가계소득(60점)+성적(40점),
1차 2배수 선발
자기소개서(100점)
200
2개 학기
(’19-2∼’20-1)
합 계
529
-
-
-
-
5. 학생 신청 및 서류제출 기간:
2019년 8월 13일 (화)
18시까지
※ 한국장학재단 홈페이지에서 온라인 장학금 신청(24시간 신청 가능)
6. 학생 신청 관련 문의: 한국장학재단 상담센터(1599-2290)로 문의
※ 한국장학재단  홈페이지(
http://www.kosaf.go.kr/
) 내 푸른등대 기부장학금 관련
사항을 반드시 확인 후 지원 바랍니다. (붙임 자료 참조)"
statistics,2019학년도 2학기 학·석사연계과정 지원 및 선발 안내,,2021.11.21,https://stat.ssu.ac.kr/notice_view.html?category=1&idx=409,"2019학년도 2학기 학·석사연계과정 지원 및 선발 안내
1. ‘학·석사연계과정’이란?
: 학사과정의 교육과정과 대학원 교육과정을 상호 연계하여 운영하는 과정으로 학사과정 3.5년(건축학부 건축학전공은 4.5년), 석사과정 1.5년에 학사학위 및 석사학위를 취득하는 과정
2. 모집학과 : 학사과정과 석사과정에 동일(또는 유사) 학과가 있는 학과(계약학과 제외)
3. 모집인원 : 석사과정 입학정원의 20% 내에서 모집
4. 지원자격 : 다음 각호 모두에 해당되는 자
가. 지원일 당시 학사과정 4학기 또는 5학기(건축학부 건축학전공은 6학기 또는 7학기)를 이수 한 자
=> 5학기 또는 6학기 개시 전(건축학부 건축학전공은 7학기 또는 8학기 개시 전)인 학생만 지원 가능
(학·석사연계과정 신청자는 조기졸업과 동시에 신청할 수 없음)
나. 재수강 이전 과목,  F학점 과목 등을 포함한 전체 과목의 총평점평균이 3.3/4.5 이상인 자
다. 7학기(건축학부 건축학전공은 9학기)에 학사과정의 졸업요건을 충족할 수 있는 자
라. 지원하고자 하는 일반대학원 학과 주임교수와 지도교수의 추천을 받은 자
마. 지원하고자 하는 일반대학원의 동일(또는 유사)학과를 주전공 또는 복수전공하는 자(부전공, 연계전공은 해당없음)
5. 지원기간 :
2019
년 6
월
10
일
(월
) ~ 2019
년 6
월 28
일
(금
) 10:00 ~ 17:00
6. 지원방법 : 제출서류를 구비하여 대학원 교학팀(웨스트민스터홀 658호)으로 방문 접수
7. 제출서류 : 학·석사연계과정신청서(학업계획서, 추천서 포함)(양식 다운로드) 1부
8. 합격자 발표 :
2019
년 7
월 26
일
(
금
)
예정
9. 합격자 혜택
가. 학위취득기간 단축
나. 석사과정 입학금, 입학시험 면제
다. 학사과정 중 일반대학원 과목 수강신청시 학기당 3학점 추가로 수강신청 가능
라. 학사과정 중 취득한(학사과정 졸업학점 초과 이수) 동일(또는 유사)학과의 일반대학원 과목 3학점~9학점까지 석사과정 학점으로 인정됨(신청시)
10. 자격상실
가. 일반대학원 입학 전에 학·석사연계과정을 중도 포기한 경우(포기신청서 제출)
나. 학사과정 7학기 이수 후 재수강 이전 과목, 학점포기한 과목, F학점 과목 등을 포함한 전체 과목의 총평점평균이 3.3/4.5 미만인 경우
다. 학사과정을 7학기에 모두 이수하지 못한 경우
라. 학사과정 중 졸업학점을 초과하여 일반대학원 과목을 3학점 이상 취득하지 못한 경우
마. 석사과정 첫 학기에 일반대학원 입학 등록을 하지 않은 경우
바. 석사과정을 3학기에 모두 이수하지 못한 경우
사. 석사과정 3학기 이수 후 총평점평균이 4.0/4.5 미만인 경우
11. 유의사항
가. 학사과정 중 학·석사연계과정 중도포기 시 정규학기(8학기) 등록
나. 석사과정 중 학·석사연계과정 중도포기 시 정규학기(4학기) 등록
다. 석사과정 첫 학기 휴학 및 자퇴 불가
라. 석사과정 전과 불가
마. 석사과정 첫 학기에 일반대학원 입학 등록을 하지 않은 경우 학사학위가 취소됨
12. 문의처 : 대학원 교학팀(02-820-0258~9,
grad@ssu.ac.kr
)
2019. 5
대학원장"
statistics,[장학프로그램 선발 공고문]Chubb 에이스 드림 장학생 2기 선발,,2021.11.21,https://stat.ssu.ac.kr/notice_view.html?category=1&idx=408,
statistics,통계빅데이터 자료분석·활용대회 안내,,2021.11.21,https://stat.ssu.ac.kr/notice_view.html?category=1&idx=407,"<통계빅데이터 자료분석·활용대회 안내>
1. 통계청에서는 통계빅데이터센터의 이용 활성화를 위해 「2019년 통계빅데이터 자료분석·활용대회」를 추진하고 있습니다.
2. 동 대회의 홍보를 위해 귀 기관 및 소속기관 홈페이지에 홍보물(포스터, 배너)이 게시될 수 있도록 협조하여 주시기 바랍니다.
가. 링크주소: 통계빅데이터센터(
http://data.kostat.go.kr
)
나. 게시기간: '19.5.27.(월)~'19.8.2.(금)
자세한 사항은 첨부파일 확인 부탁드립니다."
statistics,2019년 6월 통계교육원 이러닝 과정 운영 안내,,2021.11.21,https://stat.ssu.ac.kr/notice_view.html?category=1&idx=406,"<2019년 6월 통계교육원 이러닝 과정 운영 안내>
1. 우리 원에서는 통계전문 인력 육성과 대국민 통계소양 함양을 위해 이러닝 통계교육 과정을 운영하고 있습니다.
2. '2019년 6월 통계교육원 이러닝 과정'을 다음과 같이 운영하오니, 귀 기관 소속 직원들이 수강할 수 있도록 안내해주시기 바랍니다.
가. 교육과정: 통계를 활용한 보고서 작성방법 등 47개 과정(붙임2 참조)
나. 교육대상: 공무원, 공공·민간기관 종사자, 일반인 등
다. 교육일정:
2019. 2. 1. ~ 12.13.(연중 상시)
,
운영기간 중 상시수강 가능
라. 교육방법: PC 및 모바일 기기를 통해 개별 수강신청 후 학습(붙임3 참조)
마. 교육인원/신청과정수: 무제한
바. 교 육 비: 무료
※ 이러닝 과정 문의: 042)366-6223
자세한 사항은 첨부파일 확인 부탁 드립니다."
statistics,전산실 523호 노트북 전용자리 안내입니다.,,2021.11.21,https://stat.ssu.ac.kr/notice_view.html?category=1&idx=405,"정보통계보험수리학과 전산실 523호에 노트북전용자리가 만들어졌습니다!
해당자리에는 노트북을 충전시킬수있는 콘센트와 인터넷을 연결할수있는 랜선을 구비해두었습니다.
많이이용해주세요 ^_^"
statistics,[비교과 통합관리 시스템] 5월 1주 프로그램 안내,,2021.11.21,https://stat.ssu.ac.kr/notice_view.html?category=1&idx=404,"운영 기관
프로그램명
바로가기
IT대학
전자정보공학부 IT융합전공 학부생을 위한 진로탐색 워크샵
신청
IT대학
숭실대학교 프로그래밍대회 (2019 SCON) 안내
신청
IT대학
2019년 전자정보공학부 자기계발활동 지원사업 안내
신청
경력개발센터
삼성전자-졸업선배 멘토링
신청
경력개발센터
NH증권-졸업선배멘토링(증권)
신청
경력개발센터
현대백화점-졸업선배멘토링(유통영업)
신청
경력개발센터
삼성증권-졸업선배 멘토링(증권)
신청
경력개발센터
코스맥스 품질-선배멘토링
신청
경력개발센터
마케팅 직무-졸업선배멘토링(비비큐,제너시스비비큐)
신청
경력개발센터
해외인턴십(호주)_2019-여름방학
신청
경영대학
취업특강: 필합격을 위한 자기소개서 전략
신청
경영대학
취업특강: 알짜기업 분석 및 기업서치 전략
신청
경영대학
경영학부 공모전 지원 프로그램(1차)
신청
경영대학
경영학부 학술소모임 지원 프로그램(1차)
신청
공과대학
2019-1학기 산업정보시스템공학과 산업시찰
신청
공과대학
건축학부 목요강좌 ""조형과 테크놀로지""
신청
공과대학
[실내건축특강] 밀라노 가구 박람회 사례를 통한 실내디자인 요소의 트랜드분석
신청
공과대학
화학공학과 하이트진로 공장견학
신청
공과대학
화학공학과 산업시찰
신청
공학교육혁신센터
글로벌 공학설계 봉사활동 SSUVEE 8기 참가자 모집 (몽골)
신청
교수학습혁신센터
2차 학습법 워크숍(본교 재학생)
신청
교육과정혁신센터
캡스톤디자인 특강 ""4차 산업혁명 시대의 아이디어 발상 노트""
신청
교육과정혁신센터
카카오톡 친구 추가 ""@숭실대학교 ""
신청
교육과정혁신센터
포스터로 동아리와 학과 소모임 홍보하는 ""노티지""
신청
교육과정혁신센터
DIY 자기설계 융합전공 공모전
신청
대외협력실
숭실 영상 공모전
신청
베어드교양대학
숭실토론광장 ""통일 올림픽(남북 올림픽 공동 개최), 추진해야 하는가""
신청
베어드교양대학
영어 에세이 쓰기 경진대회
신청
사회과학대학
행정기관방문 『인천경제자유구역청』
신청
산학협력진흥팀
지식재산능력시험(IPAT) 응시료 지원
신청
상담센터
폭력예방교육
신청
스파르탄 SW교육원
프로그래밍 머슬캠프 - 파이썬 (Python)
신청
스파르탄 SW교육원
취창업콘서트(7회차) ""4차산업혁명과 기술패권 시대 성공전략 AI로봇""
신청
스파르탄 SW교육원
[SW중심대학]  Global Startup Challenge (호주 현지 창업교육 프로그램)
신청
스파르탄 SW교육원
C.muscle - 스피치 트레이닝 ""글로벌 프레젠테이션 따라잡기""
신청
스파르탄 SW교육원
취창업콘서트(8회차) ""4차산업혁명시대의 IT와 지식재산""
신청
스파르탄 SW교육원
프로그래밍 머슬캠프 - R프로그래밍(R)
신청
스파르탄 SW교육원
취창업콘서트(9회차) ""4차산업혁명과 빅데이터""
신청
스파르탄 SW교육원
취창업콘서트(10회차) ""4차산업혁명시대에서의 미디어사업의 미래""
신청
스파르탄 SW교육원
취창업콘서트(11회차) ""4차산업혁명과 생산성혁신""
신청
융합특성화자유전공학부
융합특성화자유전공학부 학과소개의 날
신청
인문대학
국어국문학과 정기학술답사
신청
자연과학대학
화학과 실험실 설명회
신청
중앙도서관
「나도 아직 나를 모른다」  저자강연회(1차강연)
신청
중앙도서관
「90년생이 온다」  저자강연회(2차강연)
신청
중앙도서관
「독서의 기쁨」  저자강연회(3차강연)
신청
중앙도서관
중앙도서관 『독후감 저장소』(5월)
신청
창업교육센터
창업서포터즈 슈스타(SSUSTAR) 3기
신청
펀시스템 바로가기 >"
statistics,[비교과 통합관리 시스템] 4월 5주차 프로그램 안내,,2021.11.21,https://stat.ssu.ac.kr/notice_view.html?category=1&idx=403,"[비교과 통합관리 시스템] 4월 5주차 프로그램 안내 입니다.
접수 종료일시
프로그램명
바로가기
04-26(금) 17:00
금융학부 글로벌 리더십 프로그램 (하계 캐나다 어학연수)
신청
04-28(일) 18:00
취창업콘서트 ""4차산업혁명과 국방ICT기술""
신청
04-29(월) 23:59
[인원제한] 학습법 워크숍(신입생대상)
신청
04-29(월) 23:59
스파르탄 위닝 창업캠프
신청
04-30(화) 11:00
(제5차)숭실토론광장
신청
04-30(화) 17:00
[인원제한] 회계학과 전문가특강(23)
신청
04-30(화) 23:00
숭실대학교 캠퍼스 사진공모전 [봄]
신청
05-01(수) 14:00
찾아가는 IPAT 교육 특강
신청
05-01(수) 17:00
폭력예방교육
신청
05-02(목) 17:00
건축학부 목요강좌 (3차)
신청
05-02(목) 18:30
3차 유기신소재 콜로퀴엄 ""재료공학과 연구소""
신청
05-03(금) 17:00
[마감] 프로그래밍 머슬캠프 - 파이썬 (Python)
신청
05-06(월) 18:00
취창업콘서트 ""4차산업혁명과 기술패권 시대 성공전략 AI로봇""
신청
05-07(화) 09:00
창의적디자인과 3D프린팅 기초교육(1차 마감)
신청
05-09(목) 14:00
[인원제한] 지식재산능력시험(IPAT) 응시료 지원
신청
05-10(금) 15:40
전자정보공학부 IT융합전공 학부생을 위한 진로탐색 워크샵
신청
05-10(금) 17:00
Global Startup Challenge (호주 현지 창업교육 프로그램)
신청
05-10(금) 18:00
국어국문학과 정기학술답사
신청
05-10(금) 18:00
[인원제한] 스피치 트레이닝 ""글로벌 프레젠테이션 따라잡기""
신청
05-11(토) 00:00
글로벌 공학설계 봉사활동 SSUVEE 8기 참가자 모집 (몽골)
신청
05-12(일) 18:00
취창업콘서트 ""4차산업혁명시대의 IT와 지식재산""
신청
05-12(일) 23:59
영어 에세이 쓰기 경진대회
신청
05-13(월) 23:30
DIY 자기설계 융합전공 공모전
신청
05-16(목) 17:00
[마감] 프로그래밍 머슬캠프 - R프로그래밍(R)
신청
05-16(목) 19:40
[인원제한] 「나도 아직 나를 모른다」  저자강연회
신청
05-19(일) 18:00
취창업콘서트 ""4차산업혁명과 빅데이터""
신청
05-21(화) 17:00
[인원제한] 취업특강: 필합격을 위한 자기소개서 전략
신청
05-22(수) 19:40
[인원제한] 「90년생이 온다」  저자강연회
신청
05-24(금) 14:59
학과소개의 날
신청
05-26(일) 18:00
취창업콘서트 ""4차산업혁명시대에서의 미디어사업의 미래""
신청
05-28(화) 17:00
[인원제한] 취업특강: 알짜기업 분석 및 기업서치 전략
신청
05-29(수) 19:40
[인원제한] 「독서의 기쁨」  저자강연회
신청
06-02(일) 18:00
취창업콘서트 ""4차산업혁명과 생산성혁신""
신청
06-21(금) 17:00
경영학부 공모전 지원 프로그램
신청
06-28(금) 17:00
경영학부 학술소모임 지원 프로그램
신청
12-02(월) 09:00
전자정보공학부 자기계발활동 지원사업 안내
신청
2020-02-27(목)
카카오톡 친구 추가 ""@숭실대학교 ""/이벤트페이지
신청
2020-02-27(목)
포스터로 동아리와 학과 소모임 홍보하는 ""노티지""
신청
비교과통합관리 시스템 (펀시스템) 바로가기 >>>
@숭실대학교 카카오톡 바로가기 >>>"
statistics,<2019-1학기 제1차 학습법 워크숍 안내>,,2021.11.21,https://stat.ssu.ac.kr/notice_view.html?category=1&idx=402,"​
<2019-1
학기 제
1
차 학습법 워크숍 안내
>
교수학습혁신센터에서
본교 신입생
을 대상으로,
대학생활 적응,
학습전략 수립 등을 주제로
학습법 워크숍
을 진행합니다
.
대학생활
7
대요소와
5
대영역의 할 일이 무엇인지 이해하고
,
학습방법과 관련된 자기계발 능력의 분석
을 원하는
신입생 여러분의 많은 참여를 부탁드립니다
.
1.
대상
:
본교 신입생
2.
일시
: 2019.04.30(화) 18:00~20:00
3.
장소
:
전산관
327
호
4.
신청기한
: 2019.04.19(금)~2019.04.29(
월
), '
사전 신청 필수
'
5.
상세 내용 및 신청
: https://fun.ssu.ac.kr/ko/leadership/1/view/931
6.
문의처
: 02-828-7136"
statistics,[FUN시스템] 4월 4주차 프로그램,,2021.11.21,https://stat.ssu.ac.kr/notice_view.html?category=1&idx=401,"[FUN시스템] 4월 4주차 프로그램 안내입니다.
접수 종료일시
프로그램명
신청
04-19(금) 23:59
2019 신입생 멘토링(2차)
신청
04-20(토) 00:00
2019 금융학부 글로벌리더십 프로그램(하계 중국 어학연수)
신청
04-20(토) 00:00
2019 금융학부 글로벌 리더십 프로그램 (하계 캐나다 어학연수)
신청
04-22(월) 00:00
<자율형/지정형> 취업준비반 모집 안내
신청
04-23(화) 09:00
제11회 TOPCIT 정기평가(전교생 대상)
신청
04-23(화) 11:00
(제4차)숭실토론광장
신청
04-23(화) 16:00
경력개발센터 학생 서포터즈( SSUP 5기)
신청
04-24(수) 23:59
숭실 재학생 토론대회
신청
04-26(금) 23:59
스파르탄 위닝 창업캠프
신청
04-28(일) 18:00
취창업콘서트(6회차) ""4차산업혁명과 국방ICT기술""
신청
04-30(화) 11:00
(제5차)숭실토론광장
신청
04-30(화) 17:00
회계학과 전문가특강(23)
신청
04-30(화) 23:00
2019학년도 숭실대학교 캠퍼스 사진공모전 [봄]
신청
05-01(수) 14:00
2019-1 찾아가는 IPAT 교육 특강
신청
05-03(금) 17:00
프로그래밍 머슬캠프 - 파이썬 (Python)
신청
05-06(월) 18:00
취창업콘서트(7회차) ""4차산업혁명과 기술패권 시대 성공전략 AI로봇""
신청
05-09(목) 14:00
2019-1 지식재산능력시험(IPAT) 응시료 지원
신청
05-10(금) 15:40
전자정보공학부 IT융합전공 학부생을 위한 진로탐색 워크샵
신청
05-10(금) 17:00
[SW중심대학]  Global Startup Challenge (호주 현지 창업교육 프로그램)
신청
05-10(금) 18:00
C.muscle - 스피치 트레이닝 ""글로벌 프레젠테이션 따라잡기""
신청
05-12(일) 18:00
취창업콘서트(8회차) ""4차산업혁명시대의 IT와 지식재산""
신청
05-12(일) 23:59
영어 에세이 쓰기 경진대회
신청
05-16(목) 17:00
프로그래밍 머슬캠프 - R프로그래밍(R)
신청
05-24(금) 14:59
학과소개의 날
신청
06-21(금) 17:00
경영학부 공모전 지원 프로그램(1차)
신청
06-28(금) 17:00
경영학부 학술소모임 지원 프로그램(1차)
신청
12-02(월) 09:00
2019년 전자정보공학부 자기계발활동 지원사업 안내
신청
2020-02-27(목) 00:00
카카오톡 친구 추가 ""@숭실대학교 ""/이벤트페이지
신청
2020-02-27(목) 09:00
포스터로 동아리와 학과 소모임 홍보하는 ""노티지""
신청
비교과통합관리 시스템 바로가기 >"
statistics,[FUN시스템] 4월 3주차 신규프로그램,,2021.11.21,https://stat.ssu.ac.kr/notice_view.html?category=1&idx=400,"[FUN시스템] 4월 3주차 신규프로그램
접수 종료일시
프로그램명
바로가기
04-15(월) 17:30
스파르탄SW교육원 VR/AR 테크니컬 서포트 특강
신청
04-15(월) 23:30
2019-1학기 캡스톤디자인 프로젝트(대상 과목 팀장만 신청 가능)
신청
04-18(목) 14:20
[실내건축전공 특강] 꽃동네 골목길 (Orange Roof House)
신청
04-18(목) 18:00
제11회 TOPCIT 정기평가(전교생 대상)
신청
04-19(금) 23:59
2019 신입생 멘토링(2차)
신청
04-20(토) 00:00
2019 금융학부 글로벌 리더십 프로그램 (하계 캐나다 어학연수)
신청
04-20(토) 00:00
2019 금융학부 글로벌리더십 프로그램(하계 중국 어학연수)
신청
04-21(일) 23:59
숭실 재학생 토론대회
신청
04-22(월) 00:00
<자율형/지정형> 취업준비반 모집 안내
신청
04-28(일) 18:00
취창업콘서트(6회차) ""4차산업혁명과 국방ICT기술""
신청
04-30(화) 17:00
회계학과 전문가특강(23)
신청
04-30(화) 23:00
2019학년도 숭실대학교 캠퍼스 사진공모전 [봄]
신청
04-30(화) 23:59
기독교 역사 문화 유적 탐방 경진대회
신청
05-03(금) 17:00
프로그래밍 머슬캠프 - 파이썬 (Python)
신청
05-06(월) 18:00
취창업콘서트(7회차) ""4차산업혁명과 기술패권 시대 성공전략 AI로봇""
신청
05-10(금) 17:00
[SW중심대학]  Global Startup Challenge (호주 현지 창업교육 프로그램)
신청
05-10(금) 18:00
C.muscle - 스피치 트레이닝 ""글로벌 프레젠테이션 따라잡기""
신청
05-12(일) 18:00
취창업콘서트(8회차) ""4차산업혁명시대의 IT와 지식재산""
신청
05-12(일) 23:59
영어 에세이 쓰기 경진대회
신청
05-16(목) 17:00
프로그래밍 머슬캠프 - R프로그래밍(R)
신청
06-21(금) 17:00
경영학부 공모전 지원 프로그램(1차)
신청
06-28(금) 17:00
경영학부 학술소모임 지원 프로그램(1차)
신청
12-02(월) 09:00
2019년 전자정보공학부 자기계발활동 지원사업 안내
신청
2020-02-27(목)
""카카오톡 친구"" @숭실대학교 친구 맺기
신청
2020-02-27(목)
""노티지"" 현수막, 포스트로 동아리, 학과 소모임 안내
신청
펀시스템 바로가기 >"
statistics,서울대학교 통계연구소 Data Science Competition 2019,,2021.11.21,https://stat.ssu.ac.kr/notice_view.html?category=1&idx=399,"프로그램 개요
- Data Science Competition 2019 는 최고 수준의 교육프로그램과 멘토링을 통해 기술적 한계를 넘어서, 서로의 창의성을 나누고 겨루는 데이터 과학 페스티벌이 되고자 합니다.
지원자격
- 데이터 분석에 관심있고 새로운 문제 해결에 대한 열정이 있다면 누구나 참가 가능 (개인으로 지원)
지원방법
- 네이버폼(
naver.me/FtghIZez
)작성
- 네이버폼에 입력한 메일주소로 발송되는 지원서 접수 URL을 통해 지원
대회일정
- 신청서 접수 : 3월 31일 (일) 24:00 까지
- 온라인 교육 및 예선 : 4월 1일(월) ~ 5월 10일 (금)
- 면접 심사 : 6월 3일 (월) ~ 6월 5일(수)
- 오프라인 교육 @커넥트원 : 7월 2일(화) ~ 7월 5일(금)
- 본선 과제 제출 : 7월 31일 (수) 24:00 까지
- 최종 면접 심사 : 8월 20일 (화)
시상
- 1등 300만원 (1명) / 2등 200만원(1명) / 3등 100만원 (5명)
문의 :
dsc2019@navercorp.com
주최 : 서울대학교 통계연구소
후원 : 네이버, 커넥스재단, 네이버 클라우드 플랫폼
​
﻿"
statistics,학문분야 융합특성화사업 융합전공 공동설명회,,2021.11.21,https://stat.ssu.ac.kr/notice_view.html?category=1&idx=398,"학문분야 융합특성화사업 융합전공 공동설명회
4차 산업혁명과 융합전공
일시: 2018 년 12월 6일 17시
장소: 형남공학관 115호"
statistics,2018 겨울 방학 단기 특강 - Big Data Analytics 안내,,2021.11.21,https://stat.ssu.ac.kr/notice_view.html?category=1&idx=397,"​​﻿﻿​​
﻿BIG Data Analytics
Short Courses 2019. 1.7 - 1.18
단기특강 I : R (1 week)
‣ R 자료형과 연산
시간: 오전 10 ~ 오후 12시 강의 및 실습
‣ R 그림 함수
‣ R 함수 만들기
‣ R 객체 지향 프로그래밍(S3 Method)
시기: 2019년 1월 7 - 11일 (월 - 금)
장소: 베어드홀 513호
시간: 오전 10 ~ 오후 12시 강의 및 실습​​
단기특강 II : Python (1 week)
시간: 오후 1 ~ 오후 3시 강의 및 실습
‣ Python 클래식(객체)
‣ Python 정규표현식
‣ Python Graphics 와 외부 모듈(PIP)
시기: 2019년 1월 7 - 11일 (월 - 금)
장소: 베어드홀 513호
시간: 오후 1 ~ 오후 3시 강의 및 실습​​
단기특강 III : TensorFlow
시간: 오후 1 ~ 오후 3시 강의 및 실습
‣ 기계 학습이란
‣ 딥러닝의 기초, 인공 신경망
‣ 딥러닝을 이용한 이미지 인식 모델
‣ 딥러닝을 이용한 순서 학습 모델
‣ 딥러닝을 이용한 자연어 처리 모델
시기: 2019년 1월 14 - 18일 (월 - 금)
장소: 베어드홀 513호
시간: 오후 1 ~ 오후 3시 강의 및 실습​
단기특강 IV: 통계학
신청 대상 제한 : 자유전공학부에서 전과한 학생
​
‣ 장소/시간: 추후 공지​"
statistics,2018 년 정보통계보험수리학과 빅데이터(BIG DATA)경진대회,,2021.11.21,https://stat.ssu.ac.kr/notice_view.html?category=1&idx=396,"​​﻿﻿​​﻿정보통계보험수리학과에서 2018 년 빅데이터 분석 및 소프트웨어 개발
경진대회를 다음과 같이 개최합니다.
​
참가 자격
•정보통계보험수리학과의 모든 학생들​
​
일정 및 장소
•일시: 12월 21일(금), 오후 15:00
•장소: 베어드홀 523호​​
​
​빅데이터 경진 분야 및 참여방법
1. Html5/JS/D3 프로그래밍 (개인별/조별 참여)
2. 모의실험: 모의실험 결과를 대회 당일발표 (개인별/조별 참여)
3. 예측모형개발: 대회 전 개발한 모형제출.본선 진출 조는 당일 발표(개인별/조별 참여)
4. RHadoop을 사용한 빅데이터 분석 관련 패키지 개발 (개인별/조별 참여)
5. ​​보험상품개발: 직접 개발한 보험상품을 제출. 본선에 진출한 조는 대회 당일 발표 (조별 참여)
​
​​시상
•대상 (1팀): 50만원
•학장상 (1팀): 30만원
•우수 (3팀): 20만원
•총장상 (1팀): 50만원
•학장상 (1팀): 30만원
•학과장상 (2팀): 10만원​​
​
본선 진출 참가상​
•본선 진출이 결정된 모든 팀에게 상품​을 지급함 (3만원 상당)
​
​경품 추첨 행사
​•경진대회 참여자 및 관람자들에게 추첨을 통해 푸짐한 경품 제공
​
​참가 신청서
•학과 홈페이지에서 참가신청서를 다운​로드 받아 작성한 후 12월 14일(금)까지 학과 사무실에 제출 (필수)"
statistics,한국감정원 신입직원(채용형인턴) 및 경력 직원 채용 공고,,2021.11.21,https://stat.ssu.ac.kr/notice_view.html?category=1&idx=395,"세계 최고의 부동산시장(조사‧관리 및 공시‧통계) 전문기관으로 도약하는
능력중심 채용으로 창의적이고 진취적인 인재를 모집합니다."
statistics,융합자유전공학부에서 전과한 학생들에 대한 수강 안내 자료,,2021.11.21,https://stat.ssu.ac.kr/notice_view.html?category=1&idx=394,"융합자유전공학부에서 전과한 학생들에 대한 수강 안내 자료 입니다.
다른 문의사항은 학과사무실로 연락주세요.
학과사무실 위치: 베어드홀 516호
학과사무실 연락처:02-820-0440"
statistics,2018학년도 2학기 학과근로장학생 모집,,2021.11.21,https://stat.ssu.ac.kr/notice_view.html?category=1&idx=393,"2018
학년도
2
학기 학과근로장학생 모집
2018학년도 2학기 학과근로장학생 선발을 다음과 같이 실시함을 안내합니다.
1. 근로장학생 자격 및 선발기준
가. 2018학년도 2학기 국가장학금을 신청/서류제출을 완료한 자
1)
1차
신청기간에 완료하여 소득분위가
8분위 이내
로 조회된 자에 한함
2) 국가장학금을 신청할 수 없는 대한민국 국적 미소지자도 선발 가능
(단, 순수외국인전형으로 입학한 외국인유학생은 선발 불가)
나. 2018학년도 2학기 재학 및 복학예정자로 해당학기 등록금 납부 예정인 자
1) 2018학년도 2학기 전 등록휴학 후 복학시 선발대상에서 제외(등록대체자)
2) 학기 중 미등록, 입학취소, 복학취소 등으로 인한 학적변동시 모든 장학금
취소
3) 2018학년도 2학기 기준 2∼7학기 재학생만 가능(1학기 및 8학기 신청불가)
다. 직전학기 이수한 성적 제한 없음
라. 타 장학금과 중복수혜 가능
(
교내
/
학과
/
국가근로장학금
/
봉사장학금 간 중복수혜 불가
)
※ 기 선발된 장학금과 근로장학금을 포함하여 수업료 초과 가능
마.
국가근로장학생 및 교내근로장학생에 선발되지 않은 자
2. 유의 사항
가
.
변경사항
:
학기 말 일괄지급
→
매월 근로시간에 대한 근로장학금 지급
나. 선발된 학생은 소속부서에서 지정된 근로시간 동안 근무해야 하며, 학기 중 학적
변동(휴학,자퇴, 제적 등) 등 불가피한 사유가 인정되는 중도 포기시 근로 시간
만큼 지급
다. 2019년 2월말 근로평가 전까지 교체 가능(단, 교체 전 학생의 근로시간을 차감)
3. 근로시간 및 장학금액
장학금명
시간당장학금액(원)
근로시간(학기)
1인당 장학금액(원)
학과근로A
7,600
10시간×20주=200시간
1,520,000
학과근로B
7,600
5시간×20주=100시간
760,000
5. 신청절차
가. 학생신청방법: u-SAINT포털 → 등록/장학 → 장학메뉴 ‘근로장학금’→
학과근로A/B신청→ 지원서 출력 → 지원서
※ u-SAINT출력본 제출 필수
나
.
온라인접수 및 서류제출기간
: 2018
년
8
월
3
일
(
금
)
∼
9
일
(
목
) 10:00
∼
17:00
1) 제출서류: 지원서(u-SAINT출력본)
2) 제출장소: 정보통계 보험수리학과 사무실 (베어드홀 516호)
6. 선발결과 발표
가. 일시 : 2018 년 8월 17일(금) 예정
나. 장소 : 본교 홈페이지 공지사항"
statistics,18- 2학기 LG화학 채용연계형 인턴 추천 공지,,2021.11.21,https://stat.ssu.ac.kr/notice_view.html?category=1&idx=392,"LG화학 하반기 채용연계형 인턴 추천(07. 11 수 오전09시마감)
1. 회사 소개
LG화학
www.lgchem.com
LG그룹의 계열사로 기초소재사업과 전지사업, 정보전자소재 및 재료사업과 바이오산업을 영위.
더보기
업종 : 합성수지 및 기타 플라스틱물질 제조업
설립일2001년 4월 1일
매출액25조 6,980억 1,400만 (2017.12. IFRS 연결)
종업원17,456명 (2018.3.)
평균연봉7,000만원 이상 ~ 1억 미만 (2018.5.)
본사 :
길찾기
서울특별시 영등포구 여의대로 128?
◆  LG화학 산학협력 인턴 : 9/10(월) ~ 12/28(금) 16주 (회사 사정에 따라 일정은 변경될 수 있음)
*채용연계형 인턴으로써 인턴 수료 후 소정의 절차를 거쳐 2019년 1월 1일 입사예정
2. 학교추천관련 세부내용
아래 내용의 LG화학 산학협력 인턴 모집전형(채용연계형 인턴)에 숭실대 학생을 LG화학에 추천 진행하려 합니다.
학교 추천으로 전형에 응하고 싶은 지원자는 첨부한 서류를 작성하여 지원하세요.
1) 추천 대상
: 2019년 2월 졸업예정자로서, ""현장실습 학점인정제"" 학점인정 희망자
☞ [학사]♣현장실습 학점인정제 안내♣ 참고
-실습기간이 16주 이상으로 15학점까지 인정가능(전공선택 최대 6학점 포함)
2) 학교추천
ⓐ 학교추천 마감일 : 7/11(수) 오전 09시까지
ⓑ 서류제출방법
: 경력개발센터 홈페이지 (
http://job.ssu.ac.kr
) > 채용관리 > 추천채용 > LG화학 하반기 산학협력 인턴 추천""
공고의 우측상단에
첨부된 LG화학_이름.doc
를 작성하여, (파일 양식은 워드파일이어야 합니다.)
경력개발센터 홈페이지를  통하여  접수하여야  합니다.
* 파일 첨부 없이 지원하는 경우 무효처리되므로
반드시 첨부된 파일을 작성하여 접수하여 주세요.
ⓒ 추천 관련 필수 & 우대 사항
- 추천 우대 사항 :  전공 학점 및 영어성적 우수자, 중국어 등 제2외국어 우대
- 필수 사항 : 2019년 2월 졸업예정자로서, 2018- 2학기 학점을 ""현장실습 학점인정제""  학점 인정 희망자
*단, 학교추천에 따른 LG화학의 선발프로세스  상 우대 적용은 없으므로 학교추천 ""불합격""되더라도
""개인적으로"" LG화학 산학협력 인턴 지원이 가능합니다.
ⓓ 유의사항 : 학교추천 마감일과 회사접수 마감일(07. 16 월) 이 서로 다릅니다. 일정에 주의하세요.
- 추천관련 서류 제출과는 별도로 LG그룹 채용 홈페이지(
http://careers.lg.com
)로 온라인 지원하여야 합니다.
http://apply.lg.com/app/job/RetrieveJobNoticesDetail.rpi
3.
학교 추천 문의 :
-
경력개발센터 채용추천 담당
recjob3@ssu.ac.kr
학교추천의 합격과 불합격 결과는 마감 2~3 일 뒤까지 메일로 알려드립니다.
4.
LG화학 맞춤형 취업컨설팅 (자기소개서 첨삭, 면접클리닉, 유용한 채용정보 등)
-
학교추천자 선정 뒤 제출한 서류에 대한 첨삭을
임성일 교수님께서 지도하실 예정이므로
추천채용 지원하기 전에 교수님과
이번주 및 다음 주  취업 상담
신청하고
서류 첨삭 및 지원에
대한 문의를
하셔도 됩니다.
(내선 02 -828-7371, 임성일<
silim@ssu.ac.kr
> )
*
경력개발센터 임성일교수 : LG그룹 28년 인사분야 임원 출신
-
학교추
천 지원자가 아니더라도
LG화학 맞춤형 취업멘토링에
참여가
가능하니 원하시는 분은
임성일교수에게 경력개발센터 진로취업상담 신청을 하거나 이메일 문의를 하시면 됩니다."
statistics,[초록우산 어린이재단] 에이스손해보험 장학사업 안내문,,2021.11.21,https://stat.ssu.ac.kr/notice_view.html?category=1&idx=391,
statistics,특강 공지,,2021.11.21,https://stat.ssu.ac.kr/notice_view.html?category=1&idx=390,"1. 특강주제:  책임준비금 시가평가제도가 보험산업에 미칠 영향과 대응방향
2. 특강강사:  조성준 팀장(생명보험협회)
3. 일       시: 5월 28일(월)  13:30~14:45
4. 장       소: 경상관 310호"
statistics,[생명보험협회] 2018 년도 해외박사과정 생명보험사회공헌장학생 선발 안내,,2021.11.21,https://stat.ssu.ac.kr/notice_view.html?category=1&idx=389,"[생명보험협회] 2018 년도 해외박사과정 생명보험사회공헌장학생 선발 안내
1. 사업목적 : 해외대학의 보험전공 박사과정 유학생에 대한 장학사업을 통해 보험학자 및 글로벌 보험전문인력 양성
2. 선발인원 : 1명
3. 장학금액 : 연간 최대 70,000천원 (등록금 실비전액 + 월 USD2,000)
※ 매학기 심사를 통해 지원여부 결정
4. 장학금 지급기간 : 최대 4년
5. 지원자격
ㅇ 해외 주요대학의 보험전공 박사과정 재학생, 입학확정자(2018  년도 하반기),
입학예정자(2019년도)
ㅇ 학부 및 석사과정 성적이 우수한 자
ㅇ 생명보험 관련 논문 발표자, 보험계리사 자격소지자 등 우대
ㅇ 타 장학금 수령자 신청불가
ㅇ 대한민국 국적자 (주민등록상 해외이주 신고자, 영주권자 제외)"
statistics,2018-1 졸업 프로젝트 배정 결과,,2021.11.21,https://stat.ssu.ac.kr/notice_view.html?category=1&idx=388,"* 졸업 프로젝트 배정 결과 *
- 배정된 프로젝트 지도교수님께 이메일로 연락드려서 면담하기
- 면담 후 학과사무실 면담 확인 서명
- 다음 주 금요일 (4/20)까지 확인 서명이 안된 경우
프로젝트를 포기한 것으로 간주"
statistics,2018학년도 졸업 프로젝트 신청,,2021.11.21,https://stat.ssu.ac.kr/notice_view.html?category=1&idx=387,"2018학년도 졸업 프로젝트 신청받습니다.
신청자는 학과사무실로 방문하여 신청하기 바랍니다.
신청 기간 : 4월 2일 (월)~ 4월 6일 (금)"
statistics,2018 년 졸업시험 공고,,2021.11.21,https://stat.ssu.ac.kr/notice_view.html?category=1&idx=386,"정보통계·보험수리학과
2018 년도 졸업시험 공고
1.일 자 : 2018 년 3월 10일 토요일
2.장 소 : 추후 공지
3.과 목 : 필수 – 수리통계(수리통계1,2/추정검정론),회귀분석(회귀분석1)
선택 – 실험계획,표본론,금융수리,전산통계1,보험수리학1 中 택 2
4.합격기준 : 과목별 40점 이상, 평균 60점 이상
5.신청대상 : 2018 년 3월 기준 5학기 이상 수료생
6.등록 신청기간 : 2월 23일(금) ~ 3월 2일(화) 학과사무실 방문 신청.
7.내 규 :
-졸업시험 불합격 시 프로젝트를 진행해야 하며 2019 년 2월 졸업예정자는 2018 년 9월 전에 프로젝트를 마감해야 합니다.
-2018 년 8월 졸업예정자는 2018 년 3월 졸업시험에 응시할 수 없습니다.​"
statistics,빅데이터 융합전공 겨울 특강 안내,,2021.11.21,https://stat.ssu.ac.kr/notice_view.html?category=1&idx=385,"* 빅데이터 융합전공 겨울 특강 *
제목 : 공공 빅데이터 구축 사례 및 딥러닝 최신 동향
일시 : 2018 년 1월 12일(월) 오후 3시 ~ 5시
장소 : 베어드홀 513호
강사 : 류귀열교수(서경대학교 컴퓨터과학과)"
statistics,2018 국내박사과정 생명보험사회공헌장학생 선발,,2021.11.21,https://stat.ssu.ac.kr/notice_view.html?category=1&idx=384,"2018 국내박사과정 생명보험사회공헌장학생 선발요강
2. 선발인원 : 3명 내외
3. 지원금액 : 연간 최대 20,000천원 (등록금 + 연구활동비)
◆ 타 장학금과 이중수혜 금지
◆ 한국장학재단의 ‘학자금 이중지원방지 기준’에 따른 이중지원시 지원금액 반환 원칙
ㅇ 등록금 : 납입고지서에 따른 실비
※ 장학금을 지급받는 경우(등록금 고지서상 학비 감면시) 해당 금액의 50%를 추가로 지급
ㅇ 연구활동비 : 월 300천원 (연구지원 및 생활비)
※ 연구등록학기 기간 중에는 논문연구지원금 월 100천원 추가 지급
4. 장학금 지급기간 : 4년 (연구등록학기 포함)
5. 지원자격
ㅇ 보험관련 학문을 전공하고자 하는 국내대학원의 박사과정 재학생 및 입학확정자
ㅇ 보험전공자(‘보험’ 명칭 학과 및 전공), 생명보험 관련 논문 발표자, 보험계리사 등 자격소지자 우대
ㅇ 교내·외 2년이상 전액장학 해당자는 신청불가
6. 선발장학생 주요 의무사항
ㅇ 생명보험 관련 주제의 논문으로 박사학위 취득
ㅇ 생명보험사회공헌위원회의 요청 시 국내·외 학회에 게재논문 등 발표
ㅇ 장학생간 교류 및 유대강화에 적극 참여
ㅇ 장학생으로 선발된 후 본인의 기타 장학금 수령 현황에 대한 고지 등
※ 상기 의무사항 등을 위반할 경우, 위원회는 본 약정을 해지하고 장학생에게 旣지급 장학금의 회수 조치 등을 취할 수 있습니다.
7. 지원서 접수 : 공고일 ~ 2018.2.2 (등기우편 및 방문접수)
※ 도착일 기준
8. 제출서류
ㅇ 공      통 : ① 지원서 1부
② 성적증명서 1부 (학부/석사과정)
③ 재학증명서 1부 (혹은 졸업증명서)
④ 자격증 사본 1부 (해당자)
⑤  논문 등 연구활동자료 1부
⑥ 개인정보 수집․이용 동의서
ㅇ 재  학  생 : ⑦ 추천서 (박사과정 지도교수)
ㅇ 입학확정자 : ⑦ 추천서 (석사과정 지도교수)
9. 선발일정
➀ 선발공고 → ➁ 지원서 접수(2018.2.2까지) → ③ 서류심사(2월 중)
→ ④ 면접 심사(2.9) → ⑤ 최종선발(2월 중)
※ 선발일정은 일부 변경될 수 있음
10. 제출처 및 문의처
(04554) 서울 중구 퇴계로 173 남산스퀘어빌딩(舊 극동빌딩) 16층
생명보험협회 소비자보호부 사회공헌팀(충무로3가 60-1)
• Tel. : 02-2262-6537   • e-mail :
dltn0210@klia.or.kr
※ 국내박사과정 생명보험사회공헌장학생 선발 및 권리·의무 관련 세부내용은 생명보험협회(
www.klia.or.kr
) 홈페이지 별첨자료 참조 (관련양식 다운로드 가능)
​"
statistics,2018학년도 1학기 학·석사연계과정 지원 및 선발 안내,,2021.11.21,https://stat.ssu.ac.kr/notice_view.html?category=1&idx=383,"1. ‘학·석사연계과정’이란?
: 학사과정의 교육과정과 대학원 교육과정을 상호 연계하여 운영하는 과정으로 학사과정 3.5년(건축학부 건축학전공은 4.5년), 석사과정 1.5년에 학사학위 및 석사학위를 취득하는 과정
2. 모집학과 : 학사과정과 석사과정에 동일(또는 유사) 학과가 있는 학과(계약학과 제외)
3. 모집인원 : 석사과정 입학정원의 20% 내에서 모집
4. 지원자격 : 다음 각 호 모두에 해당되는 자
가. 지원일 당시 학사과정 4학기 또는 5학기(건축학부 건축학전공은 6학기 또는 7학기)를 이수 한 자=> 5학기 또는 6학기 개시 전(건축학부 건축학전공은 7학기 또는 8학기 개시 전)인 학생만 지원 가능(학·석사연계과정 신청자는 조기졸업과 동시에 신청할 수 없음)
나. 재수강 이전 과목, 학점 포기한 과목, F학점 과목 등을 포함한 전체 과목의 총평점평균이 3.3/4.5 이상인 자
다. 7학기(건축학부 건축학전공은 9학기)에 학사과정의 졸업요건을 충족할 수 있는 자
라. 지원하고자 하는 일반대학원 학과 주임교수와 지도교수의 추천을 받은 자
마. 지원하고자 하는 일반대학원의 동일(또는 유사)학과를 주전공 또는 복수전공하는 자
(부전공, 연계전공은 해당없음)
5. 지원기간 :
2017
년
12
월
11
일
(
월
) ~ 2017
년
12
월
29
일
(
금
) 10:00 ~ 17:00
6. 지원방법 : 제출서류를 구비하여 대학원 교학팀(웨스트민스터홀 658호)으로 방문 접수
7. 제출서류 : 학·석사연계과정신청서(학업계획서, 추천서 포함)(양식 다운로드) 1부
8. 합격자 발표 :
2018
년
1
월
19
일
(
금
)
예정
9. 합격자 혜택
가. 학위취득기간 단축
나. 석사과정 입학금, 입학시험 면제
다. 학사과정 중 일반대학원 과목 수강신청 시 학기당 3학점 추가로 수강신청 가능
라. 학사과정 중 취득한(학사과정 졸업학점 초과 이수) 동일(또는 유사)학과의 일반대학원 과목 3학점~9학점까지 석사과정 학점으로 인정됨(신청시)
10. 자격상실
가. 일반대학원 입학 전에 학·석사연계과정을 중도 포기한 경우(포기신청서 제출)
나. 학사과정 7학기 이수 후 재수강 이전 과목, 학점포기한 과목, F학점 과목 등을 포함한 전체 과목의 총평점평균이 3.3/4.5 미만인 경우
다. 학사과정을 7학기에 모두 이수하지 못한 경우
라. 학사과정 중 졸업학점을 초과하여 일반대학원 과목을 3학점 이상 취득하지 못한 경우
마. 석사과정 첫 학기에 일반대학원 입학 등록을 하지 않은 경우
바. 석사과정을 3학기에 모두 이수하지 못한 경우
사. 석사과정 3학기 이수 후 총평점평균이 4.0/4.5 미만인 경우
11. 유의사항
가. 학사과정 중 학·석사연계과정 중도포기 시 정규학기(8학기) 등록
나. 석사과정 중 학·석사연계과정 중도포기 시 정규학기(4학기) 등록
다. 석사과정 첫 학기 휴학 및 자퇴 불가
라. 석사과정 전과 불가
마. 석사과정 첫 학기에 일반대학원 입학 등록을 하지 않은 경우 학사학위가 취소됨
12. 문의처 : 대학원 교학팀(02-820-0258~9,
grad@ssu.ac.kr
)
2017. 11
대학원장"
statistics,2017학년도 융합 캡스톤 디자인 경진대회 공고,,2021.11.21,https://stat.ssu.ac.kr/notice_view.html?category=1&idx=382,"교내 4개분야 특성화사업 공동으로 융합캡스톤디자인 경진대회 개최로 인하여 다음과 같이 안내드립니다.
* 융합 캡스톤 디자인 경진대회
- 참여 대상 : 교내 4개 특성화사업단 참여학생(빅데이터사업단, 빅데이터컴퓨팅사업단, 스마트소재제품사업단, 양자나노사업단)
- 대회 일정 : 2017년 12월 22일(금) 오후 2시 ~ 6시 (추후 자세한 일정 공지 예정) , 미래관(자세한 장소 추후 공지)
- 참가 신청 :
12월 15일(금) 오후 5시 참가신청서 제출(IT대학 소프트웨어학부 사무실)"
statistics,2017-2학기 컴퓨터 활용 관련 자격증 제출 안내,,2021.11.21,https://stat.ssu.ac.kr/notice_view.html?category=1&idx=381,"2017-2학기 컴퓨터 활용 관련 자격증(졸업요건) 제출 안내
1. 내 용 : 학칙 제46조에 따라 2014학년도 입학자부터는 졸업 시까지 컴퓨터 활용 관련 자격증을 2개 이상 취득하여야 합니다.
2. 대 상
가. 2014학년도 이후 신입학자
나. 2016학년도 이후 편입학자
다. 계약학과 제외
3. 제출기간 :
2017. 10. 18.(
수
) ~ 11. 3.(
금
)
4. 제출방법 : 소정기간 내 소속학과(부) 사무실에 자격증 원본 및 사본 제출 (대조 후 원본반환)
5. 유의사항
가.
첨부의 학과
(
부
)
별 인정가능
(
또는 불가능
)
한 자격증 리스트에 유의하시기 바랍니다
.
나.
MOS Excel Expert
자격증을 반드시 포함
하여 2가지 자격증을 모두 취득한 후 졸업예정학기까지 제출을 완료하여야 합니다.
다. 본 졸업요건은 교양필수 학점 및 컴퓨터활용 자격증 관련 과목(스프레드시트고급활용, 숭실사이버대 컴퓨터활용자격증취득과정 등)과 관련이 없습니다.
1) 컴퓨터활용 자격증 관련 과목을 수강하였어도 자격증 제출기한 내 제출하지 않을 경우 해당 졸업요건의 미충족으로 간주합니다.
2) 컴퓨터활용 자격증 관련 과목을 수강하지 않은 경우 해당 자격증 제출만으로 학점인정은 불가합니다."
statistics,2017-2학기 졸업사정 오류정정 및 이수구분 변경 신청 안내,,2021.11.21,https://stat.ssu.ac.kr/notice_view.html?category=1&idx=380,"2017-2학기 졸업사정 오류정정 및 이수구분 변경 신청 안내
2017-2학기 졸업예정자에 대한 졸업사정 오류정정/이수구분 변경 신청 및 졸업사정 일정을 아래와 같이 안내합니다.
■ 졸업사정 오류정정/ 이수구분 변경 신청
1. 대상자 :
2018
년
2
월 졸업예정인 재학생
(
현재 8학기 이상 이수중인 학생/건축학전공은 10학기 이상)
2. 신청기간 :
2017. 9. 25.(
월
) ~ 10. 11.(
수
)
3. 신청방법
가. u-SAINT 접속 → 학사관리 → 성적/졸업 →
졸업사정표
(
졸업예정자
)
조회 및 출력
나. 확인 후 오류사항이 있는 경우 오류정정/이수구분 변경 신청서를 작성하여 졸업사정표 및 이수구분별 성적표와 함께
각 학과
(
부
)
사무실로 제출
(양식 첨부 참조)
4. 유의사항
가. 수강신청 내역, 다전공포기 승인 결과 등이 반영된 졸업사정표를 확인한 후 오류정정 신청 접수
(졸업사정일자: 2017.9.14.이후)
나. 신청 시 과목번호, 이수연도 및 학기를 U-saint에서 확인 후 신청 요망
(정확하지 않을 경우 변경처리 되지 않음)
다. 졸업사정표는 수강신청 내역 등을 실시간으로 반영하지 않고
졸업사정표
오른쪽 상단의 졸업사정일자
기준으로 반영된 내용이므로 유의
라. 공학인증 관련 졸업사정 결과 확인은 공학교육혁신센터의 안내에 따라 진행하기 바람"
statistics,한국정책리서치 인턴 모집요강,,2021.11.21,https://stat.ssu.ac.kr/notice_view.html?category=1&idx=379,"“Your Research Partner” 한국정책리서치에서 함께 회사를 발전시켜나갈 책임감 있고 젊은 인재를 모십니다.
1. 모집요강
[모집인원]
- 1명
[근무형태]
- internship
[근무 기간]
- 6개월 ~
[주 근무지]
- 서울 동작구 총신대입구역(이수역)
[급여]
- 130만원(세전)
[혜택]
- 4대 보험 가입
- 점심 식대 제공
[지원자격]
- 3학년 이상 재학/휴학 또는 졸업(예정)자
- 해당 기간 동안 Full-time으로 근무 가능한 자(주 5일 / 9:00 ~ 18:00)
- 워드 및 엑셀, 파워포인트 가능자
- 자료서치, 자료정리, PT 작성, 외국어 능력이 있는 사람
- 연구에 흥미가 있는 자
- 리서치 지원, 마케팅 지원 및 행정 지원에 적극적으로 업무 수행할 수 있는 인재
- 성실하고 책임감 있는 자
[주요업무] - 리서치 지원(정부, 기업, 논문 연구참여)
- 정부 용역 프로젝트 수행
- 설문조사 관리 및 데이터 코딩
- 행정지원, 마케팅 지원 등
- 보고서 작성 지원 업무 수행
[우대사항]
- 연구, 리서치 업무 유경험자
- Microsoft Powerpoint 및 Excel을 능숙하게 다룰 수 있는 자
2. 전형 계획
[일정]
- 모집기간 : 2017. 7.28 ~ 2017. 8. 31 (지원자 합격시 조기 마감)
- 면접시험 : 지원기간중 개별 연락
- 합격자 발표 : 개별연락
[전형절차]
- 1차 서류심사 : 지원서 제출 (서류전형 합격자에 한하여 개별적으로 면접 일정 통보)
- 2차 실무면접 : 리서치 지원과 마케팅과 관련한 자신의 강점과 아이디어(3분)
[지원방법]
- E-mail 지원
- 보내실 곳 :
hs.jo@kprg.re.kr
- 제출서류 : 첨부된 지원서 양식에 맞게 작성 (첨부파일명은 메일제목은 “한국정책리서치 인턴_성명”으로 기입 바랍니다.)
- 적합한 인력 채용 시 본 공고는
[제출서류]
- 지원서(첨부 파일 참조)
- 합격 추후 재학 혹은 졸업 증명서
3. 문의처
-
http://www.kprg.re.kr
- KPRG 한국정책리서치 02-533-2110
- e-mail :
hs.jo@kprg.re.kr"
statistics,SCSC프로그램 2017학년도 하반기 모집 안내 (일정변경),,2021.11.21,https://stat.ssu.ac.kr/notice_view.html?category=1&idx=378,"SCSC프로그램 2017학년도 하반기 모집 안내
(삼성 S/W인력양성 프로그램 종료기한 연장)
2017학년도 하반기 SCSC프로그램 수강생을 다음과 같이 추가 모집합니다.
(※ 2016학년도 상반기까지 SCCS지원자를 모집했으나 비이공계 수강생 저변확대를 위하여 추가 모집을 결정함)
1. SCSC프로그램 수강생 모집 개요
가. S/W 전공자 이외 모든 학과 학생들이 S/W 기초과목을 수강함으로써, S/W 분야 인재로 성장할 수 있도록 지원하는 과정
2. SCSC프로그램 수강생 모집일정
가.
2017.9.5.(화) 16시까지
첨부된 지원서파일을 각1부씩 작성하여 IT대학 교학팀(정보과학관 106호)로
제출
나. 2017.9.6.(수) 2017-2학기 SCSC 합격자 홈페이지에 발표예정
3. SCSC프로그램 17년 2학기 개설교과목
과목명
교수명
개설학부
시간/학점
e-Biz
박재완
글로벌미디어학부
3/3
고급프로그래밍
김동성
정보통신전자공학부
3/3
컴퓨터구조
김병기
컴퓨터학부
3/3
데이터베이스
이상준
컴퓨터학부
3/3
전공종합설계
박동주
컴퓨터학부
3/3
※ 고급프로그래밍은 반드시 프로그래밍1및실습을 먼저 수강한 후 수강 가능.
(2017.9.1. 프로그래밍1및실습 및 고급프로그래밍 학점인정시험 있음. 공지사항 참고)
4. SCSC프로그램 수강자 혜택
가. 장학생 선발
나. 삼성전자 공채 전형 시 우대 (이수 완료 시)
다. 글로벌미디어 학부 부전공 학위 부여 (이수 요건 완료 시)
라. 숭실대학교와 삼성전자 공동과정 이수증명서 발급 (이수 완료 시)
5.
SCSC프로그램 수강신청시 주의 사항
가.
2018
학년도
2
학기까지
삼성S/W 인력양성 프로그램이 진행되며, 그때까지 수료하지 않을 경우
수료증 및 관련해택을 못 받을 수 있음.
(
기존
, 2018
년
8
월
→
2018
학년도
2
학기까지 진행
)
나. 해당 프로그램을 이수하기 위해서는 2018학년도 2학기까지 브릿지과목(3과목)과 필수과목(7과목)을
포함한 총 30학점을 이수해야함. (자세한 사항은, 하단의 홈페이지 통해 확인할 수 있음)
6. 문의전화
(02-820-0933 / 삼성SW인력양성 SCSC프로그램 담당)
7. 관련홈페이지
http://samsung.ssu.ac.kr/scsc_program"
statistics,2017학년도 2학기 학과근로장학생 신청 안내,,2021.11.21,https://stat.ssu.ac.kr/notice_view.html?category=1&idx=377,"1.
근로장학생 자격 및 선발기준
가
. 2017
학년도
2
학기 국가장학금을 신청
/
서류제출을 완료한 자
1) 1
차 신청기간에 완료하여 소득분위가 조회된 자에 한함
2)
소득분위
1
분위
~8
분위 이내인 자에 한함
3)
국가장학금을 신청할 수 없는 대한민국 국적 미소지자도 선발 가
(
단
,
외국인유학생은 선발 불가
)
나
. 2017
학년도
2
학기 재학 및 복학예정자로 해당학기 등록금 납부 예정인 자
1) 2017
학년도
1
학기 이전 등록휴학 후 복학시 선발대상에서 제외
(
등록대체자
)
※
2017-2
학기부터 등록휴학제도 폐지 예정으로 이후 등록대체자 없음
2)
학기 중 휴학
,
입학취소
,
복학취소 등으로 인한 학적변동시 모든 장학금 취소
3) 2017
학년도
2
학기 기준
2
∼
7
학기 재학생만 가능
(1
학기 및
8
학기 신청불가
)
다
.
직전학기 이수한 성적 제한 없음
라
.
타 장학금과 중복수혜 가능
(
교내근로
/
학과근로
/
국가근로
/
봉사장학금간 중복수혜 불가
)
※
기 선발된 장학금과 근로장학금을 포함하여 수업료 초과 가능
(2017-2
학기부터 변경사항
)
마
.
학과별 배정금액 내에서 학과근로
A
혹은
B
학과자율선발 가능
(정보통계 보험수리학과는
학과근로
B
)
바
.
국가근로장학생에 선발되지 않은 자
사
.
정해진 근로기간
(
시간
)
동안 성실히 근무할 수 있는 학생
아
.
이전 학기에 근로를 했던 경우
:
근로평점에서
“
불량
”
판정을 받지 않은 학생
4.
근로장학생 종류별 장학금액 및 근로시간
가
.
「
학과근로
B
」
= 715,000
원
: 6,500
원
×(
주당
) 5
시간
×(
학기당
)22
주
=
총
110
시간
5.
학생신청방법
: u-SAINT
포털
→
등록
/
장학
→
장학메뉴
‘
근로장학금
’
→
학과근로
B
신청
→
지원서 출력
→
소속학과
(
부
)[
지원서
(u-SAINT
출력본
)
반드시 제출
]
6.
온라인접수 및 서류제출기간
:
2017
년
8
월
4
일
(
금
)
∼
11
일
(
금
) 10:00
∼
17:00
가
.
제출서류
:
지원서
(u-SAINT
출력본
)
나
.
제출장소
: 정보통계 보험수리학과
사무실
7.
기타사항
가
.
학기 중 학적변동
(
휴학
,
자퇴
,
제적 등
)
등의 불가피한 사유가 인정되는 중도포기시
근로한 시간만큼
학기말에 지급
나
.
교체 전
·
후 학생 모두 근로평가 시행
8.
발표
:
2017
년
8
월
18
일
(
금
)
※
소속학과
(
부
)
및
u-SAINT '
장학
'
에서 확인 가능
9.
문의
: 02-820-0440
10.
장학금지급
: 2017
년
2
월말 개인계좌 지급
.
끝
."
statistics,SCSC프로그램 2017학년도 하반기 모집 안내,,2021.11.21,https://stat.ssu.ac.kr/notice_view.html?category=1&idx=376,"2017학년도 하반기 SCSC프로그램 수강생을 다음과 같이 추가 모집합니다.
(※ 2016학년도 상반기까지 SCCS지원자를 모집했으나 비이공계 수강생 저변확대를 위하여 추가 모집을 결정함)
1. SCSC프로그램 수강생 모집 개요
가. S/W 전공자 이외 모든 학과 학생들이 S/W 기초과목을 수강함으로써, S/W 분야 인재로 성장할 수 있도록 지원하는 과정
2. SCSC프로그램 수강생 모집일정
가.
2017.9.5.(화) 16시까지
첨부된 지원서파일을 각1부씩 작성하여 IT대학 교학팀(정보과학관 106호)로
제출
나. 2017.9.6.(수) 2017-2학기 SCSC 합격자 홈페이지에 발표예정
3. SCSC프로그램 17년 2학기 개설교과목
과목명
교수명
개설학부
시간/학점
e-Biz
박재완
글로벌미디어학부
3/3
고급프로그래밍
김동성
정보통신전자공학부
3/3
컴퓨터구조
김병기
컴퓨터학부
3/3
데이터베이스
이상준
컴퓨터학부
3/3
전공종합설계
박동주
컴퓨터학부
3/3
※ 고급프로그래밍은 반드시 프로그래밍1및실습을 먼저 수강한 후 수강 가능.
(2017.9.1. 프로그래밍1및실습 및 고급프로그래밍 학점인정시험 있음. 공지사항 참고)
4. SCSC프로그램 수강자 혜택
가. 장학생 선발
나. 삼성전자 공채 전형 시 우대 (이수 완료 시)
다. 글로벌미디어 학부 부전공 학위 부여 (이수 요건 완료 시)
라. 숭실대학교와 삼성전자 공동과정 이수증명서 발급 (이수 완료 시)
5. SCSC프로그램 수강신청시 주의 사항
가. 2018. 8월 삼성S/W 인력양성 프로그램이 종료되며, 그때까지 수료하지 않을 경우 수료증 및
관련해택을 못 받을 수 있음.
나. 해당 프로그램을 이수하기 위해서는 2018. 8월까지 브릿지과목(3과목)과 필수과목(7과목)을 포함한
총 30학점을 이수해야함. (자세한 사항은, 하단의 홈페이지 통해 확인할 수 있음)
6. 문의전화
(02-820-0933 / 삼성SW인력양성 SCSC프로그램 담당)
7. 관련홈페이지
http://samsung.ssu.ac.kr/scsc_program"
statistics,[한국기상산업진흥원] 2017 날씨 빅데이터 콘테스트 개최 안내,,2021.11.21,https://stat.ssu.ac.kr/notice_view.html?category=1&idx=375,"□ 콘테스트 개요
○ 대 회 명: 2017 날씨 빅데이터 콘테스트
○ 주최/주관: 기상청/한국기상산업진흥원
○ 후 원: 환경부
○ 응모분야: 자유주제
* 기상과 접목 가능한 다양한 분야(교통, 농업 등) 데이터의 과학적인 융합 분석을 통해 날씨와 관련된 국민 불편사항의 경감 방안 혹은 창업과 연계 가능한 비즈니스 모델 제시
○ 참가대상: 대한민국 국민 누구나, 개인 또는 팀* 단위
* 팀 구성 시 인원은 3명 이내로 제한(일반인, 단체‧법인명의 팀 모두 가능)
○ 신청기간: 2017. 6. 12.(월) 09:00 ~ 7. 7.(금) 18:00
○ 신청방법: 홈페이지를 통한 신청만 가능
* 홈페이지:
http://big.kma.go.kr/2017contest/main.do
○ 시상규모
구 분
시상 수
상 금
상 격
최우수상
1팀
300만원
환경부장관
우 수 상
2팀
100만원(팀당)
기상청장
장 려 상
3팀
50만원(팀당)
한국기상산업진흥원장
○ 주요일정
참가 신청 및 공모
응모작 제출
심사 및 시상
‧ 콘테스트 설명회(6.15)
‧ 참가 신청(6.12～7.7)
‧ 응모작 제출(～8.10)
‧ 예선 심사(8.17)
‧ 멘토링(8.24～8.30)
‧ 응모작 보완 제출(9.4)
‧ 본선 심사 및 시상(9.7)
* 상기일정은 사정에 따라 변동될 수 있음
○ 문의처
- 한국기상산업진흥원 산업육성실 070-5003-5236(promotion@kmipa.or.kr)"
statistics,여름방학 기계학습 워크샵 (8/17-18),,2021.11.21,https://stat.ssu.ac.kr/notice_view.html?category=1&idx=374,"연사: 서울대 통계학과 김용대교수님
일시:
8월 17-18일(목-금),
오전 4시간 이론 강의, 오후 실습 4시간, 총 16시간
강의내용:
8월 17일: logistic regression, decision tree and ensemble, support vector machine + R 실습
8월 18일: deep learning +
tensorflow 실습
장소: 부산 부경대 (잠정적)
사전등록비:  일반회원 20만원, 학생회원 10만원, 점심식사비 포함 (숙비 제외)
사전 등록 마감: 8월 5일 (토)/
현장등록 일반 30만원, 학생회원 15만원
계좌번호: 신한은행
652-01-025920 (한국데이터정보과학회)
계좌이체를 하신 후 신청서를 e-mail
(
kdis21c@gmail.com
)
보내주시면 사전 등록이 됩니다.
정원: 40명
문의: 이경은 (010-8652-3960)"
statistics,2017 여름 방학 단기 특강 - Big Data Analytics 안내,,2021.11.21,https://stat.ssu.ac.kr/notice_view.html?category=1&idx=373,"​​﻿﻿​​
﻿BIG Data Analytics
Short Courses 2017. 7.3 - 7.14
단기특강 I : R Basic (1 week)
(TA’s for Dummies will be available!)
‣ 분포 함수 및 유용한 함수 사용
‣ R을 이용한 그래프 그리기
‣ 사용자 함수 사용과 시뮬레이션
시기: 2017년 7월 3 - 7일 (월 - 금)
장소: 베어드홀 513호
시간: 오전 10 ~ 오후 12시 강의 및 실습
(TA’s for Dummies will be available!)​
단기특강 II : R Advanced (1 week)
(TA’s for Dummies will be available!)
‣ Building your own R package
‣ Customized plot using Grid package
‣ R wrapper
‣ Rhadoop
시기: 2017년 7월 10 - 14일 (월 - 금)
장소: 베어드홀 513호
시간: 오전 10 ~ 오후 12시 강의 및 실습
(TA’s for Dummies will be available!)​
단기특강 III : Hadoop (1 week)
(TA’s for Dummies will be available!)
‣ 하둡 개괄(구조 및 MapReduce 등)
‣ 하둡 클러스터를 이용한 통계량 계산
‣ 하둡 클러스터를 이용한 외부 라이브러리 사용
(그리드 컴퓨팅)
시기: 2017년 7월 10 - 14일 (월 - 금)
장소: 베어드홀 513호
시간: 오후 1 ~ 오후 3시 강의 및 실습
(TA’s for Dummies will be available!)​"
statistics,2017학년도 졸업 프로젝트 신청,,2021.11.21,https://stat.ssu.ac.kr/notice_view.html?category=1&idx=372,"2017학년도 졸업 프로젝트 신청받습니다.
신청자는 학과사무실로 방문하여 신청하기 바랍니다.
신청 기간 : 6월 8일 (목)~ 6월 13일 (화)"
statistics,2017학년도 2학기 학·석사연계과정 지원 및 선발 안내,,2021.11.21,https://stat.ssu.ac.kr/notice_view.html?category=1&idx=371,"1. ‘학·석사연계과정’이란?
: 학사과정의 교육과정과 대학원 교육과정을 상호 연계하여 운영하는 과정으로 학사과정 3.5년(건축학부 건축학전공은 4.5년), 석사과정 1.5년에 학사학위 및 석사학위를 취득하는 과정
2. 모집학과 : 학사과정과 석사과정에 동일(또는 유사) 학과가 있는 학과(계약학과 제외)
3. 모집인원 : 석사과정 입학정원의 20% 내에서 모집
4. 지원자격 : 다음 각 호 모두에 해당되는 자
가. 지원일 당시 학사과정 4학기 또는 5학기(건축학부 건축학전공은 6학기 또는 7학기)를 이수 한 자=> 5학기 또는 6학기 개시 전(건축학부 건축학전공은 7학기 또는 8학기 개시 전)인 학생만 지원 가능(학·석사연계과정 신청자는 조기졸업과 동시에 신청할 수 없음)
나. 재수강 이전 과목, 학점 포기한 과목, F학점 과목 등을 포함한 전체 과목의 총평점평균이 3.3/4.5 이상인 자
다. 7학기(건축학부 건축학전공은 9학기)에 학사과정의 졸업요건을 충족할 수 있는 자
라. 지원하고자 하는 일반대학원 학과 주임교수와 지도교수의 추천을 받은 자
마. 지원하고자 하는 일반대학원의 동일(또는 유사)학과를 주전공 또는 복수전공하는 자
(부전공, 연계전공은 해당없음)
5. 지원기간 :
2017
년
6
월
12
일
(
월
) ~ 2017
년
6
월
30
일
(
금
) 10:00 ~ 17:00
6. 지원방법 : 제출서류를 구비하여 대학원 교학팀(웨스트민스터홀 658호)으로 방문 접수
7. 제출서류 : 학·석사연계과정신청서(학업계획서, 추천서 포함)(양식 다운로드) 1부
8. 합격자 발표 :
2017
년
7
월
21
일
(
금
)
예정
9. 합격자 혜택
가. 학위취득기간 단축
나. 석사과정 입학금, 입학시험 면제
다. 학사과정 중 일반대학원 과목 수강신청 시 학기당 3학점 추가로 수강신청 가능
라. 학사과정 중 취득한(학사과정 졸업학점 초과 이수) 동일(또는 유사)학과의 일반대학원 과목 3학점~9학점까지 석사과정 학점으로 인정됨(신청시)
10. 자격상실
가. 일반대학원 입학 전에 학·석사연계과정을 중도 포기한 경우(포기신청서 제출)
나. 학사과정 7학기 이수 후 재수강 이전 과목, 학점포기한 과목, F학점 과목 등을 포함한 전체 과목의 총평점평균이 3.3/4.5 미만인 경우
다. 학사과정을 7학기에 모두 이수하지 못한 경우
라. 학사과정 중 졸업학점을 초과하여 일반대학원 과목을 3학점 이상 취득하지 못한 경우
마. 석사과정 첫 학기에 일반대학원 입학 등록을 하지 않은 경우
바. 석사과정을 3학기에 모두 이수하지 못한 경우
사. 석사과정 3학기 이수 후 총평점평균이 4.0/4.5 미만인 경우
11. 유의사항
가. 학사과정 중 학·석사연계과정 중도포기 시 정규학기(8학기) 등록
나. 석사과정 중 학·석사연계과정 중도포기 시 정규학기(4학기) 등록
다. 석사과정 첫 학기 휴학 및 자퇴 불가
라. 석사과정 전과 불가
마. 석사과정 첫 학기에 일반대학원 입학 등록을 하지 않은 경우 학사학위가 취소됨
12. 문의처 : 대학원 교학팀(02-820-0258~9,
grad@ssu.ac.kr
)"
statistics,통계교육원『2017년 대학생 통계실무워크숍』신청안내,,2021.11.21,https://stat.ssu.ac.kr/notice_view.html?category=1&idx=370,"1. 통계교육원에서는 통계관련학과(통계학, 수학, 경제학 등) 대학생들의 통계 활용능력 향상 및 통계에 대한 이해의 폭을 넓히고자『2017년 대학생 통계실무워크숍』을 아래와 같이 실시할 예정입니다
가. 과 정 명: 2017년 대학생 통계실무워크숍
나. 교육기간
○ 1기: 2017. 7.3.(월) ~ 7.5.(수) / 3일간
○ 2기: 2017. 7.19.(수) ~ 7.21.(금) / 3일간
다. 교육내용: 조사기획, 통계시스템 활용방법 등 통계프로세스 전반
라. 신청기간:
2017.6.12.(월) 09:00부터 선착순 접수후 마감
마. 신청방법: 통계교육원 홈페이지(
http://sti.kostat.go.kr/
)
회원가입 후,
팝업창에서 1기·2기 중에서 신청(중복신청 불가)
바. 인    원: 각 기수별 30명(1개 학교당 5명 내외)
사. 교육장소: 통계교육원(대전광역시 서구 소재)"
statistics,한국통계학회 여름학교Ⅰ기계학습 및 딥러닝 과정(추가강좌) 개최,,2021.11.21,https://stat.ssu.ac.kr/notice_view.html?category=1&idx=369,"2017년 한국통계학회 여름학교 Ⅰ 기계학습 및 딥러닝 과정이
많은 분들의 관심에 조기 마감되어
추가강좌를 개설하려고 합니다.
<기계학습 및 딥러닝 과정>
1. 교육 기간 :
2017년 7월 6일(목) ~ 7월 7일(금) (총 2일 16시간)
2. 교육 장소 :
숙명여자대학교  또는 동국대학교 예정 (추후공지)
3. 강의 일정 및 내용 : 첨부파일 참조
4. 수강 신청 :
[신청방법] 한국통계학회 홈페이지(
www.kss.or.kr
)에서
메인페이지 왼쪽 중간에 [행사결제] 클릭 => [행사명]에 해당 회차 선택 후 등록
[신청기간] 2017년 5월 31일(수) 10:00  ~  2017년 6월 12일(월) 17:00 선착순 접수.
[취소환불] 2017년 6월 26(월)까지 취소시 100% 환불
2017년 6월 30일(금)까지 취소시 50% 환불
이후에는 환불되지 않으니 이점 양해하여 주시기 바랍니다.
※  수강인원은 30명이상 접수 시 강좌가 개설되고 최대 40명으로 제한.
5. 수강료(총 2일기준):
학생(대학생/대학원생): 15만원, 통계학회 정회원: 30만원, 통계학회 비회원 45만원
※ 모든 수강생 점심식사 제공하며, 학생은 학생증으로 확인 필요
6. 공지사항 :
(1) 강의 수강생은 학부 통계학과 3학년정도 수준이어야 함.
(2) OS는 Windows, Python Interpreter는 Anaconda(Python 3.x), 에디터는 Atom을 사용하고 실습을 위해 Jupyter를 사용할 예정임.
다른 환경에서 실습을 원하시는 분은 본인 노트북 지참을 권장함. (교육장소가 컴퓨터 실습실이라 PC사용 가능함).
(3) 사정에 따라 강사와 장소는 변경될 수 있음.
그 외 모든 사항은 한국통계학회 사무국(
office@kss.or.kr
02-567-2859)에 문의바람."
statistics,"2017학년도 1학기 학부 신,편입생 대상 장학금 설명회 시행 안내",,2021.11.21,https://stat.ssu.ac.kr/notice_view.html?category=1&idx=368,"1. 시행목적
가. 교내·외 장학금에 다양한 정보 제공
나. 장학금 신청기간 및 신청절차에 대한 홍보 진행
2. 진행사항
가. 장    소 : 진리관 522호 (160인실)
나. 회    차 : 총 4회 시행
1) 1회차 : 2017년 5월 24일(수) 15:00 ∼ 16:00
2) 2회차 : 2017년 5월 25일(목) 13:30 ∼ 14:30
3) 3회차 : 2017년 5월 26일(금) 10:30 ∼ 11:30
4) 4회차 : 2017년 5월 26일(금) 13:30 ∼ 14:30
※
학생들의 참여도가 높을 경우
,
추가 진행 고려"
statistics,2017학년도 2학기 재학생 및 복학예정자 대상 교내장학금 신청공고,,2021.11.21,https://stat.ssu.ac.kr/notice_view.html?category=1&idx=367,"2017학년도 2학기 재학생 및 복학예정자 대상 교내장학금 신청공고
※ 본교에서 지급되는 모든 교내장학금은
아래 국가장학금 신청기간 내 국가장학금을 신청하고 서류제출을 완료하여 소득분위가 조회된 학생을 대상으로만 수혜자를 선정합니다.
​따라서, 교내장학금을 수혜하려는 모든 학생은 반드시 교내장학금과 국가장학금을 동시에 신청하시기 바랍니다.
- 국가장학금 신청결과 제공되는 학생의 소득분위정보를 장학생선발에 활용
-
국가장학금은 반드시 매학기 신청(서류제출 및 가구원동의 포함)하여야 함.
1. 국가장학금 신청기간 :
2017년 5월 17일(수) 9:00∼6월 14일(수) 18:00
※ 한국장학재단 홈페이지(
www.kosaf.go.kr
) 공인인증 로그인 후 신청
※ ☆중요☆ 재학생은 국가장학금 1차 신청기간에만 신청 가능
2. 교내장학금 온라인신청기간
가. 온라인신청기간
1) 정규신청 : 2017년 5월 17일(수) 9:00∼6월 14일(수) 17:00 (4주간)
2) 추가신청 : 2017년 6월 26일(월) 10:00 ~ 7월 10일(월) 17:00 (2주간)
※ 주말(공휴일 포함) 24시간 신청 가능 (단, 마감일 제외)
※ 추가신청자는 반드시 국가장학금 1차 신청기간에 국가장학금을 미리 신청하여야 함.
나. 서류제출이 필요한 장학금의 경우, 교내장학금 온라인신청기간 내 반드시 제출
※ 방문 및 등기우편제출 가능 (FAX 불가)
※ 등기우편제출시 교내장학금 온라인 신청기간 내 장학팀 도착분만 인정
※ 단, 형제장학금의 경우, 등록기간 종료시까지 서류제출 인정
다. 근로장학금(교내근로/학과근로) 신청 : 2017년 8월 초 공지 예정
3. 신청대상 :
2017학년도 2학기 재학생 및 복학예정자
4
. 교내장학생 자격요건
가. 2017학년도 2학기 국가장학금을 신청하고 서류제출(가구원동의 포함)을 완료한 자
나. 2017학년도 2학기 재학생 및 복학예정자로 해당학기 등록금 납부 예정인 자
1) 2017학년도 2학기 전 등록휴학 후 복학생은 모든 장학금 선발에서 제외(등록대체)
2) 미등록, 입학취소, 복학취소 등으로 인한 학적변동시 모든 장학금 취소
다. 직전학기 15학점 이상 이수한 자 (2017년 2학기가 4학년 8학기인 자는 직전학기 12학점 이상)
※ 건축학과 건축학전공 : 10학기인 자는 직전학기 12학점 이상 이수
라. 등록 8학기 이내인 자(건축학과 건축학전공 : 등록 10학기 이내인 자)
예1) 학기취소 1회 후 8학기 진학예정인 경우 : 9회 등록금 납부이므로 선발 불가
예2) 학점 미 이수로 9학기 진학예정인 경우 : 9회 등록금 납부이므로 선발 불가
5. 교내장학생 공통사항
가. ☆중요☆ 모든 장학금은 등록금 내에서 다음 순서에 따라 우선 지급합니다.
① 교외(외부)장학금 ② 국가장학금 ③ 교내장학금
나. 성적 및 취득학점 산정방법
1) 평점평균(GPA) / 산술평균(100점만점) : F학점이 포함된 학적부성적 기준 산정
2) 취득학점 산정시 F학점은 0학점 취득으로 인정되어 취득학점 산정에서 제외
다. 온라인으로 반드시 신청해야 하며, 제출서류가 있는 장학금에 한하여 서류제출
※ 제출기간 내 미제출시 장학생 선발대상에서 제외
라. 모든 교내장학금은 중복수혜 불가
1) 장학금간 중복신청은 가능하나, 신청 장학금 중 수혜금액이 큰 장학금으로 자동선발
2) 중복수혜 가능 장학금 : 국가장학금, 교외(외부)장학금, 근로장학금(교내/학과근로), 봉사장학금
- 수업료범위 내 중복수혜 가능 (근로장학금 간 중복수혜 불가)
마. 한국장학재단 중복지원방지사업 안내
1) 한국장학재단 학자금대출금액과 교내/외 장학금을 모두 합하여 수업료를 초과할 경우, 중복지원학생에 해당
2) 한국장학재단 콜센터와 통화하여, 이중지원여부를 해소해야 함. (다음 학기 국가장학금 및 학자금대출여부에 영향)
6. 서류제출장소"
statistics,한국통계학회 여름학교Ⅰ기계학습 및 딥러닝 과정 개최,,2021.11.21,https://stat.ssu.ac.kr/notice_view.html?category=1&idx=366,"<기계학습 및 딥러닝 과정>
1. 교육 기간 :
2017년 7월 5일(수) ~ 7월 6일(목) (총 2일 16시간)
2. 교육 장소 :
숙명여자대학교 사회교육관 510호
3. 강의 일정 및 내용 : 첨부파일 참조
4. 수강 신청 :
[신청방법] 한국통계학회 홈페이지(
www.kss.or.kr
)에서
메인페이지 왼쪽 중간에 [행사결제] 클릭 => [행사명]에 해당 회차 선택 후 등록
[신청기간] 2017년 5월 29일(월) 10:00 ~ 2017년 6월 9일(금) 17:00 선착순 접수.
[취소환불] 2017년 6월 26(월)까지 취소시 100% 환불
2017년 6월 30일(금)까지 취소시 50% 환불
이후에는 환불되지 않으니 이점 양해하여 주시기 바랍니다.
※ 수강인원은 최대 40명으로 제한.
5. 수강료(총 2일기준):
학생(대학생/대학원생): 15만원, 통계학회 정회원: 30만원, 통계학회 비회원 45만원
※ 모든 수강생 점심식사 제공하며, 학생은 학생증으로 확인 필요
6. 공지사항 :
(1) 강의 수강생은 학부 통계학과 3학년정도 수준이어야 함.
(2) OS는 Windows, Python Interpreter는 Anaconda(Python 3.x), 에디터는 Atom을 사용하고 실습을 위해 Jupyter를 사용할 예정임.
다른 환경에서 실습을 원하시는 분은 본인 노트북 지참을 권장함. (교육장소가 컴퓨터 실습실이라 PC사용 가능함).
(3) 사정에 따라 강사와 장소는 변경될 수 있음.
그 외 모든 사항은 한국통계학회 사무국(
office@kss.or.kr
02-567-2859)에 문의바람."
statistics,제15회 대학(원)생 논문공모,,2021.11.21,https://stat.ssu.ac.kr/notice_view.html?category=1&idx=365,
statistics,2017 해외박사과정 생명보험사회공헌장학생 선발,,2021.11.21,https://stat.ssu.ac.kr/notice_view.html?category=1&idx=364,"1. 사업목적 : 해외대학의 보험전공 박사과정 유학생에 대한 장학사업을 통해 보험학자 및 글로벌 보험전문인력 양성
<?xml:namespace prefix = o />
2. 선발인원 : 2명 내외
3. 장학금액 : 연간 최대 70,000천원 (등록금 실비전액 + 월 USD2,000)
※ 매학기 심사를 통해 지원여부 결정
4. 장학금 지급기간 : 4년
5. 지원자격
ㅇ 해외 주요대학의 보험전공 박사과정 재학생, 입학확정자(2017년도 하반기),
입학예정자(2018 년도)
ㅇ 학부 및 석사과정 성적이 우수한 자
ㅇ 생명보험 관련 논문 발표자, 보험계리사 자격소지자 등 우대
ㅇ 타 장학금 수령자 신청불가
ㅇ 대한민국 국적자 (주민등록상 해외이주 신고자, 영주권자 제외)
6. 선발장학생 주요 의무사항
ㅇ 생명보험 관련 주제의 박사 학위논문 취득
ㅇ 박사학위 취득 후 장학금 지원 기간에 상응하는 기간 동안 국내 대학 또는 기업 등에서 복무 원칙
ㅇ 장학생은 박사과정 중 게재 논문 등의 연구 성과물을 제출해야 하며, 위원회 주관 행사참석, 장학생간 교류와 유대강화 등에 적극 협력 등
※ 상기 의무사항 등을 위반할 경우 위원회는 본 약정을 해지하고, 장학생에게 기지급 장학금의 회수 조치 등을 취할 수 있습니다.
7. 지원서 접수 : 공고일 ~ 2017.6.23 (등기우편 및 방문접수)
※ 도착일 기준
8. 제출서류
ㅇ 공 통 : ① 지원서 1부 ② 성적증명서 1부(학부/석사과정)
③ 재학증명서 1부(혹은 졸업증명서)
④ 자격증 사본 1부
⑤ 논문 등 연구활동자료 1부
⑥ 개인정보 수집․이용 동의서
ㅇ 재 학 생 : ⑦ 추천서(박사과정 지도교수)
ㅇ 입학확정자/예정자 : ⑦ 추천서(석사과정 지도교수)
9. 선발일정
➀선발공고 → ➁지원서 접수(6.23까지) → ③서류심사(6월 중)
→ ④면접 심사(6월 중) → ⑤최종선발(7월 중)
※ 선발일정은 일부 변경될 수 있음.
10. 제출처 및 문의처
100-705 서울 중구 퇴계로 173번지 남산스퀘어빌딩(舊 극동빌딩) 16층
생명보험협회 고령화지원실 사회공헌팀
• Tel. : 02-2262-6688 • e-mail :
kim01012@klia.or.kr"
statistics,2017-1학기 컴퓨터 활용 관련 자격증 제출 안내,,2021.11.21,https://stat.ssu.ac.kr/notice_view.html?category=1&idx=363,"<?xml:namespace prefix = o />
2017-1학기 컴퓨터 활용 관련 자격증(졸업요건) 제출 안내
1. 내 용 : 학칙 제46조에 따라 2014학년도 입학자부터는 졸업 시까지 컴퓨터 활용 관련 자격증을 2개 이상 취득하여야 합니다.
2. 대 상
가. 2014학년도 이후 신입학자
나. 2016학년도 이후 편입학자
다. 계약학과 제외
3. 제출기간 :
2017. 4. 20.(
목
) ~ 5. 2.(
화
)
4. 제출방법 : 소정기간 내 소속학과(부) 사무실에 자격증 원본 및 사본 제출 (대조 후 원본반환)
5. 유의사항
가.
첨부의 학과
(
부
)
별 인정가능
(
또는 불가능
)
한 자격증 리스트에 유의하시기 바랍니다
.
나.
MOS Excel Expert
자격증을 반드시 포함
하여 2가지 자격증을 모두 취득한 후 졸업예정학기까지 제출을 완료하여야 합니다.
다. 본 졸업요건은 교양필수 학점 및 컴퓨터활용 자격증 관련 과목(스프레드시트고급활용, 숭실사이버대 컴퓨터활용자격증취득과정 등)과 관련이 없습니다.
1) 컴퓨터활용 자격증 관련 과목을 수강하였어도 자격증 제출기한 내 제출하지 않을 경우 해당 졸업요건의 미충족으로 간주합니다.
2) 컴퓨터활용 자격증 관련 과목을 수강하지 않은 경우 해당 자격증 제출만으로 학점인정은 불가합니다.
6. 첨부: 관련 규정(컴퓨터 활용 관련 자격증 학과(부)별 인정 여부 포함) 1부.
2017. 4.
교 무 처 장"
statistics,(숭실대 도서관) 4월 DB이용교육 안내,,2021.11.21,https://stat.ssu.ac.kr/notice_view.html?category=1&idx=362,"4월 DB이용교육이 있어 안내하오니 아래 링크내용을 확인해 주세요.
https://oasis.ssu.ac.kr/bbs/Detail.ax?bbsID=1&articleID=996"
statistics,2017학년도 후기 대학원 석사과정 입학성적우수장학생 선발 안내,,2021.11.21,https://stat.ssu.ac.kr/notice_view.html?category=1&idx=361,"2017학년도 후기 대학원 석사과정 입학성적우수장학생 선발 안내
1. 자격
가. 2017년 8월 본교 학부 졸업예정자
나. 직전 3학기 성적(F학점 포함 열람용 학적부성적) 평균평점 3.50 이상인 자
다. 학석연계과정 중인 학생도 위의 조건을 충족하면 지원 가능함
​
2. 수혜기간 : 2년(4학기)
​
3. 지원금액 : 수업료 반액 지급
가. 학과 내 두 가지 이상 과정의 운영으로 수업료가 상이한 경우, 가장 적은 금액 기준으로
지급(예 : 복수학위과정)
나. 타 장학금 중복수혜
1) 실험조교(12시간) 겸하는 경우에는 수업료 반액 지급
2) 연구조교를 겸하는 경우에는 수업료의 반액 이내에서 지급
3) 실험조교(12시간) 및 연구조교를 모두 겸할 수 있으며 각각 수업료의 반액 이내에서
지급
4) 수혜장학금을 모두 합하여 최대 수업료의 1.5배를 초과 할 수 없음
​
​4. 선발 : 지원자격을 만족하는 자 중에서 다음 기준에 따라 배정인원 범위 내 선발
가. 직전 3학기 성적(열람용, F학점 포함)
평균평점 기준 상위
40%
이내인 자
예) 8학기 졸업예정자의 경우, 직전 3학기(5,6,7학기) 수강과목의 평균평점
(열람용, F포함) 기재
나. 졸업예정자의 직전 3학기는 8학기 졸업예정자는 8학기 중 5,6,7학기로 함. 다만, 조기졸업예정자 및 9학기이상 졸업예정자, 수료생 졸업예정자는 졸업 직전 3학기로 하며, 8학기 졸업예정자(건축학부 건축학전공의 경우 10학기) 및 조기졸업예정자의 경우 9학기이상 졸업예정자 및 수료생 졸업예정자 보다 우선하여 선발함.
다. 선발시 선발학과 내 동일학과 졸업예정자를 우선으로 선발하며, 타학과 졸업예정자는 후순위로 선발
라. 입학성적우수장학생은 입학후 학업전념 학생을 우선으로 선발함.
​
5. 입학성적우수장학생 의무 준수사항
1. 입학성적우수장학생은 입학 후 매학기 성적이 A-(4.00)를 유지하여야만 장학금 수혜를 받을 수 있다.
2. 입학성적우수장학생은 입학 후 휴학을 할 수가 없으며, 휴학을 할 경우 자격이 상실된다.
단, 질병(진단서 제출), 군입대(입영통지서 제출), 기타 사고 등은 예외로 한다.
3. 입학성적우수장학생에게는 입학 후 학과주임교수가 필요시 교육 및 연구 지원업무를 담당하게
할 수 있으며, 불응할 경우 자격을 상실한다.
​
6. ﻿일정 : 2017학년도 후기 대학원 신·편입생 정시모집 원서접수 완료 후 학과별 지원자 중 2017년 8월 본교 학부 졸업예정자 및 학석연계과정 진학예정자 현황를 학과로 송부하고 입학성적우수 장학생 추천을 안내할 예정(추천마감일 2017.5.8.예정)임."
statistics,2017학년도 졸업 프로젝트 신청,,2021.11.21,https://stat.ssu.ac.kr/notice_view.html?category=1&idx=360,"2017학년도 졸업 프로젝트 신청받습니다.
신청자는 학과사무실로 방문하여 신청하기 바랍니다.
신청 기간 : 4월 4일 (화)~ 4월 11일 (화)
​"
statistics,2017학년도 국가우수장학생(이공계) 수시우수유형 신규장학생 선발안내,,2021.11.21,https://stat.ssu.ac.kr/notice_view.html?category=1&idx=359,"1. 장학금명 : 국가우수장학금(이공계)
<?xml:namespace prefix = o />
2. 장학금액 : 등록금 전액 (성적기준 충족 시 정규 등록학기 내 지원)
3. 지원자격 (‘가’~‘마’항을 모두 충족하는 학생)
가. 2017학년도 수시전형으로 신입학한 이공계(자연대, 공과대, IT대, 융합특성화자유전공학부) 학생
나. 본교 8학기 베어드입학우수장학생 제외
다. 부모의 직장 또는 타 장학재단/기관에서 학자금을 지원받지 않는 학생
- 그 외 타 장학금 수혜가능성 등을 평가하여 선발
라. 졸업 후 이공계 분야로 진학 또는 취업을 희망하는 학생
(졸업 후 이공계분야 미진출 또는 미취업 시 장학금 전액 반환)
마. 검정고시 출신 및 외국고교졸업자 제외
4. 세부안내
가. 지원대상 : 자연대학, 공과대학, IT대학, 융합특성화자유전공학부 재학생
(※ 융합특성화자유전공학부 재학생의 경우 이공계 분야 학과(부)로 진급해야 함)
나. 추천인원 : 12명
다. 선발방법
1) 1차 평가 : 학업계획서 및 고교내신 성적 평가
※ 동점자 발생 시 고교 재학 시 자연계열 우선 선발
2) 2차 평가 : 면접 평가
3) 우대사항 : S/W학과(글로벌미디어학부, 컴퓨터학부, 전자정보공학부, 소프트웨어학부
스마트시스템소프트웨어학부), 미래성장동력 분야 전공자
5. 신청기간
가. 학생 신청기간 (학생→장학팀) : 3월 29일(수) ~ 4월 4일(화) 12:00
- 점심시간 12:00~13:00 및 토․일요일 접수 불가
나. 장학팀 면접 : 4월 7일(금) 10:00~15:30 (4월 6일 면접 대상자 SMS 개별연락 예정)
1) 학생 면접가능 시간 및 시간표를 확인하여 장학팀에서 면접시간 지정
2) 면접시간 미 준수 및 불참 시 자동 탈락
다. 본교 추천명단 발표 : 4월 11일(화) 15:00 예정 (SMS 개별연락)
라. 선발자 OT : 4월 12일(수) 시간 추후 공지 (OT 장소 : 장학팀 회의실)
​마. 본교 추천자 장학금 온라인 신청 : 4월 12일(수) ~ 4월 14일(금) 17:00
​"
statistics,2017-1학기 졸업사정 오류정정 및 이수구분 변경 신청 안내,,2021.11.21,https://stat.ssu.ac.kr/notice_view.html?category=1&idx=358,"■ 졸업사정 오류정정/ 이수구분 변경 신청
1. 대상자 :
2017
년
8
월 졸업예정인 재학생
(현재 8학기 이상 이수중인 학생/건축학전공은 10학기 이상)
2. 신청기간 :
2017. 3. 27.(
월
) ~ 4. 5.(
수
)
3. 신청방법
가. u-SAINT 접속 → 학사관리 → 성적/졸업 →
졸업사정표
(
졸업예정자
)
조회 및 출력
나. 확인 후 오류사항이 있는 경우 오류정정/이수구분 변경 신청서를 작성하여 졸업사정표 및 이수구분별 성적표와 함께
각 학과
(
부
)
사무실로 제출
4. 유의사항
가. 수강신청 내역, 다전공포기 승인 결과 등이 반영된 졸업사정표를 확인한 후 오류정정 신청 접수 (졸업사정일자: 2017.3.24.이후)
나. 신청 시 과목번호, 이수연도 및 학기를 U-saint에서 정확히 확인하고 신청 요망(정확하지 않을 경우 변경처리 되지 않음)
다. 졸업사정표는 수강신청 내역 등을 실시간으로 반영하지 않고 졸업사정표
오른쪽 상단의 졸업사정일자
기준으로 반영된 내용이므로 유의
라. 공학인증 관련 졸업사정 결과 확인은 공학교육혁신센터의 안내에 따라 진행하기 바람
​
■ 졸업사정 일정
1. 2017.3.27.(월) ~ 4.5.(수) : 졸업사정 결과 확인 및 오류정정 신청 (학생)
2. 2017.4. 7.(금) : 접수된 내용을 정리하여 학사팀으로 전달 (각 학과사무실)
3. 2017.4.24.(월) : 수정작업 완료 및 졸업사정표 반영 (학사팀)
4. 2017.4.25.(화) ~ 4.28.(금) : 수정 결과 확인 및 이의 신청 (학생)
* 졸업사정표 확인 후 신청결과 미반영 시 학사팀 방문하여 재확인"
statistics,졸업예정 및 미취업 졸업생 대상 '청년취업성공패키지' 안내,,2021.11.21,https://stat.ssu.ac.kr/notice_view.html?category=1&idx=357,"1. ‘청년취업성공패키지’ 개요: 심화되는 청년 고용문제를 해결하고자 청년(18∼34세)층을 대상으로 최소 6개월 이상 취업상담, 직업훈련, 취업알선 등 취업의 전 과정(3단계)을 1:1로 통합 지원하는 고용노동부 취업지원사업
​
2. 운영방식
가. 고용노동부가 선정한 민간위탁기관과 자치단체 또는 대학이 업무협약을 맺고 진행 (협업형 민간위탁사업).
나. 본교는 작년(‘16년) 3월 취업전문기관인 (주)커리어넷과 업무협약을 맺고 협약대학으로 계속 참여 중
<?xml:namespace prefix = o />
3. 주체별 역할
가. 본교: 홍보 및 모집, 유관기관 네트워킹, 민간위탁기관 연계․지원
나. 커리어넷: 참여자 대상 단계별 취업지원 서비스 제공 등 실질적인 사업 운영
다. 서울관악고용센터: 참여 자격요건 심사 및 참여자에 대한 초기상담 등 Gateway 역할 수행, 사업추진 상황 모니터링 및 지도점검
4. 단계별 서비스 기간(주기) 및 내용
가. 1단계(상담진단․의욕증진·경로설정, 기본 21일간)
1) 심층상담, 직업심리 검사, 집단상담 등을 통해 취업의지･기술을 향상시키고, 개인별 취업활동계획(IAP) 수립
2) 최소 3회 이상 상담 서비스 제공, (상담사와 참여자 협의 후 실시하는 경우) 최소 2회 이상의 취업지원 서비스 제공
나. 2단계(직업능력 및 직장적응력 증진, 8개월내 6개월간)
1) 개인별 취업활동계획에 따라 청년취업아카데미, 고용디딤돌, 직업훈련, 일 경험, 창업지원, 청년 인턴, 해외 취업지원 프로그램 등 연계
2) 월 1회의 취업지원서비스 또는 상담서비스 제공
다. 3단계(집중 취업알선, 3개월)
1) 직업정보 제공, 동행면접, 지원서 첨삭, 면접클리닉 실시 등 집중 취업알선 서비스 제공(성실하게 참여하였음에도 취업하지 못한 경우 취업알선기간 3개월 추가 연장 가능, 최대 6개월)
2) 월 1회의 취업지원서비스 또는 상담서비스 제공
5. 지원금 지급
가. 참여수당: 1단계에서 집단상담 프로그램을 거쳐 '개인별 취업활동계획(IAP)'을 수립한 자에 대하여 1단계 참여수당(15만원∼20만원)을 지급
나. 훈련참여수당: 2단계 직업훈련(청년취업아카데미 등)에 참여 중인 자에 대하여 훈련기간 동안 생계부담 완화 차원에서 지급. 훈련일수 1일 당 18,000원을 지급하되, 최대금액은 월 284,000원
다. 취업알선 실비: 위탁기관(커리어넷), (관악)고용센터에서 집중 취업알선을 실시하되 기관에 방문한 참여자에 대해서는 실비지급. 1회 2만원씩 최대 3회 6만원(단, 월 1회 인정)
6. 신청방법
가. 참여희망자는 아래 연락처로 전화하여 참여자격 여부 확인 후 개별 신청
※ 경력개발센터 취업성공패키지 담당 ☞
커리어컨설턴트
손용우
(7237) ·
이영희
(0884) ·
한지은
(0887)
나. 경력개발센터 홈페이지(job.ssu.ac.kr)에서 온라인 신청도 가능
​"
statistics,2017년 졸업시험 공고,,2021.11.21,https://stat.ssu.ac.kr/notice_view.html?category=1&idx=356,"정보통계·보험수리학과
2016년도 졸업시험 공고
1.일 자 : 2017년 3월 11일 토요일
2.장 소 : 추후 공지
3.과 목 : 필수 – 수리통계(수리통계1,2/추정검정론),회귀분석(회귀분석1)
선택 – 실험계획,표본론,금융수리,전산통계1,보험수리학1 中 택 2
4.합격기준 : 과목별 40점 이상, 평균 60점 이상
5.신청대상 : 2016년 3월 기준 5학기 이상 수료생
6.등록 신청기간 : 2월 24일(수) ~ 3월 4일(금) 학과사무실 방문 신청.
7.내 규 :
-졸업시험 불합격 시 프로젝트를 진행해야 하며 2018 년 2월 졸업예정자는 9월 전에 프로젝트를 마감해야 합니다.
-2017년 8월 졸업예정자는 2017년 3월 졸업시험에 응시할 수 없습니다.
​"
statistics,2016년 정보통계보험수리학과 빅데이터(BIG DATA)경진대회 사진,,2021.11.21,https://stat.ssu.ac.kr/notice_view.html?category=1&idx=355,"2016년 정보통계보험수리학과 빅데이터(BIG DATA)경진대회 사진을 업로드 하였으니 구경하러 오세요.
http://statistics.ssu.ac.kr/~CC/SIT/competition/2016/
​"
statistics,2016-7 겨울 단기 단기 특강 - 빅데이터 분석 안내,,2021.11.21,https://stat.ssu.ac.kr/notice_view.html?category=1&idx=354,"﻿
﻿빅 데이터 분석
짧은 코스 2017 2.13-2.24
﻿﻿
​
단기특강 I:
Java & Hadoop (2주)
‣ 객체와 Java의 자료 주요
구조 ‣ 라이브러리의 특징
‣ 파일 및 데이터베이스 I/O
‣ 예시 및 MapReduce의 이해
‣ 예시를 보면 Hadoop
진진한 정보: 2017년 2월 13 - 24일 (월 - 금)
장소: 순간포착홀 513호
시간: 오전 10 ~ 오후 12시 강의 및 교습시간
(TA's for Dummies!)
​
단기특강 II:
R 프로그래밍(1주)
‣ R 프로그래밍 입문
‣ R 함수 사용
‣ R 그래픽
‣ 자신의 R 함수 작성
‣ R 및 RHadoop
진진: 2017년 2월 20일 - 24일(월 - 금)
장소: 513
시간: 오후 ~ 오후 3시 및 1 홀
(인형을 위한 시간 및 홀타 !)"
statistics,2017학년도 1학기 학과근로장학생 신청 안내,,2021.11.21,https://stat.ssu.ac.kr/notice_view.html?category=1&idx=353,"1. 근로장학생 자격 요건
가. 2017학년도 1학기 국가장학금을 신청/서류제출을 완료한 자
1) 1차 신청기간에 완료하여 소득분위가 조회된 자에 한함
2) 국가장학금을 신청할 수 없는 대한민국 국적 미소지자도 선발 가능
(단, 외국인유학생은 선발 불가)
나. 2017학년도 1학기 재학 및 복학예정자로 해당학기 등록금 납부 예정인 자
1) 2017학년도 1학기 전 등록휴학 후 복학시 선발대상에서 제외(등록대체자)
2) 2017학년 1학기 중 미등록, 입학취소, 복학취소 등으로 인한 학적변동시 모든 장학금 취소
3) 2017학년도 1학기 기준 2∼7학기 재학생만 가능(1학기 및 8학기 재학생 신청불가)
다.
직전학기 이수한 성적 제한 없음
라. 타 장학금과 중복수혜 가능(교내/학과근로, 국가근로장학금간 중복수혜 불가)
※
기 선발된 장학금과 근로장학금을 포함하여 수업료 초과 불가
마. 국가근로장학생에 선발되지 않은 자
바. 정해진 근로기간(시간) 동안 성실히 근무할 수 있는 학생
사. 이전 학기에 근로를 했던 경우: 근로평점에서 “불량” 판정을 받지 않은 학생
​
2. 근로장학생 종류별 장학금액 및 근로시간 ​​
가.​ 학과근로B」= 715,000원 : 6,500원×(주당) 5시간×(학기당)22주 = 총 110시간​
3. 학생신청방법 : u-SAINT포털 → 등록/장학 → 장학메뉴 ‘근로장학금’ → 학과근로B신청 (통계학과의 경우 B만 신청가능)​→ 지원서 출력 → 소속학과[
지원서
(u-SAINT
출력본
)
반드시 제출
]
​
4. 온라인접수 및 서류제출기간 : 2017년 2월 3일(금) ∼ 9일(목) 10:00∼17:00
가. 제출서류 : 지원서(u-SAINT출력본)
나. 제출장소 : 베어드홀 516호 정보통계 보험수리학과 사무실
5. 기타사항
가. 학기 중 학적변동(휴학, 자퇴, 제적 등) 등의 불가피한 사유가 인정되는 중도포기시
근로한 시간만큼 학기말에 지급
나. 교체 전·후 학생 모두 근로평가 시행
다. 국가근로 및 교내근로로 선발시 학과근로 선발에서 제외 됨.
​
6. 발표: 2017년 2월 27일(월) 예정
※ 소속학과(부) 및 u-SAINT '장학'에서 확인 가능
7. 문의: 정보통계 보험수리학과 사무실​ 02-820-0440
​
8. 장학금지급: 2017년 8월말 개인계좌 지급."
statistics,2017학년도 전과 및 다전공(복수/부/연계/융합) 신청 안내,,2021.11.21,https://stat.ssu.ac.kr/notice_view.html?category=1&idx=352,"2017학년도 전과 및 다전공(복수전공/부전공/연계전공/융합전공) 신청 안내
​
1. 신청자격
가. 전과
1) 신청일 기준 2∼5학기 이수자
2) 2015학년도 신설학과(부) 및 전자정보공학부로는 2~4학기 이수자만 신청 가능
나. 다전공
1) 신청일 기준 2∼6학기 이수자
2) 2015학년도 신설학과(부) 및 전자정보공학부로는 2~4학기 이수자만 신청 가능
※ 2015학년도 신설학과(부): 소프트웨어학부, 스마트시스템소프트웨어학과, 예술창작학부 영화예술전공
※ 단, 예술창작학부 영화예술전공으로는 다전공 신청 불가
​
2. 신청 및 승인 일정
가. 학생 신청 기간: 2017.01.09.(월) 10:00 ∼ 2017.01.11.(수) 17:00
나. 학과(부) 선발 기간: 2017.01.12.(목) ∼ 2017.01.17.(화)
다. 승인 결과 확인 기간: 2017.01.23.(월) 이후
​
3. 신청/확인 방법 : u-saint포털-학사관리-학적변동-전과신청 또는 다전공신청
​
4. 유의사항
가. 전과 승인 후 취소 및 타학과(부)로의 재전과 불가
나. 전과 불가 학과(부) : 스포츠학부
다. 복수전공 불가 학과(부) : 건축학부 건축학전공(5년제), 정보통신전자공학부,
예술창작학부 영화예술전공, 스포츠학부
라. 부전공 불가 학과(부) : 건축학부 건축학전공(5년제), 컴퓨터학부, 정보통신전자공학부,
예술창작학부 영화예술전공, 스포츠학부
마. 휴학생(복학예정자)은 위 기간에 복학신청 후 전과/다전공 신청하기 바람
바. 각 학과(부) 선발 심사 시 성적은 학적부 성적 기준으로 2016-2학기(정규학기) 성적까지 반영
사. 동일 학과(부)로 전과/다전공 동시 신청 시 전과>복수전공>부전공 순으로 선발
아. 전과는 매년 1월 초 1회만 시행
​
5. 융합전공 관련 홍보 동영상
1) 빅테이터 컴퓨팅 융합전공
http://commons.ssu.ac.kr/em/586f2f01d4314
첨부 1
http://commons.ssu.ac.kr/em/586f3ae24247c
첨부 2
http://commons.ssu.ac.kr/em/586f3afe4a62f
2) 양자나노 융합전공
http://commons.ssu.ac.kr/em/586f2f296553f
3) 통일 외교 및 개발협력 융합전공
http://commons.ssu.ac.kr/em/586f2f58dade4
4) 에너지공학융합전공
https://goo.gl/xvQZ4m
<--- 주소창에 복사+붙여넣기로 참조
​
※ 문의사항
1. 승인기준/교과과정 문의 : 각 학과(부) 사무실
2. 신청방법/일정 문의 : 02-828-7403
붙 임: 2017-1 전과 및 다전공 허용기준 1부
(각 학과(부)별 정책에 따라 변경될 수 있음)​"
statistics,국내박사과정 생명보험사회공헌 장학생 선발 안내,,2021.11.21,https://stat.ssu.ac.kr/notice_view.html?category=1&idx=351,"2017 국내박사과정 생명보험사회공헌장학생 선발
​
1. 사업목적 : 국내대학의 보험 관련 전공 박사과정 학생에 대한 장학사업을 통해 보험학자 및 보험전문인력을 양성
<?xml:namespace prefix = o />
2. 선발인원 : 5명 내외
3. 지원금액 : 연간 최대 20,000천원 (등록금 + 연구활동비)
◆ 타 장학금과 이중수혜 금지
◆ 한국장학재단의 ‘학자금 이중지원방지 기준’에 따른 이중지원시 지원금액 반환 원칙
ㅇ 등록금 : 납입고지서에 따른 실비
※ 장학금을 지급받는 경우(등록금 고지서상 학비 감면시) 해당 금액의 50%를 추가로 지급
ㅇ 연구활동비 : 월 300천원 (연구지원 및 생활비)
※ 연구등록학기 기간 중에는 논문연구지원금 월 100천원 추가 지급
4. 장학금 지급기간 : 4년 (연구등록학기 포함)
5. 지원자격
ㅇ 보험관련 학문을 전공하고자 하는 국내대학원의 박사과정 재학생 및 입학확정자
ㅇ 보험전공자(‘보험’ 명칭 학과 및 전공), 생명보험 관련 논문 발표자, 보험계리사 등 자격소지자 우대
ㅇ 교내·외 2년이상 전액장학 해당자는 신청불가
6. 선발장학생 주요 의무사항
ㅇ 생명보험 관련 주제의 논문으로 박사학위 취득
ㅇ 생명보험사회공헌위원회의 요청 시 국내·외 학회에 게재논문 등 발표
ㅇ 장학생간 교류 및 유대강화에 적극 참여
ㅇ 장학생으로 선발된 후 본인의 기타 장학금 수령 현황에 대한 고지 등
※ 상기 의무사항 등을 위반할 경우, 위원회는 본 약정을 해지하고 장학생에게 旣지급 장학금의 회수 조치 등을 취할 수 있습니다.
​
7. 지원서 접수 : 공고일 ~ 2017.1.23 (등기우편 및 방문접수)
※ 도착일 기준
8. 제출서류
ㅇ 공 통 : ① 지원서 1부 ② 성적증명서 1부 (학부/석사과정)
③ 재학증명서 1부 (혹은 졸업증명서)
④ 자격증 사본 1부 (해당자)
⑤ 논문 등 연구활동자료 1부
⑥ 개인정보 수집․이용 동의서
ㅇ 재 학 생 : ⑦ 추천서 (박사과정 지도교수)
ㅇ 입학확정자 : ⑦ 추천서 (석사과정 지도교수)
9. 선발일정
➀ 선발공고 → ➁ 지원서 접수(2017.1.23까지) → ③ 서류심사(1월 중)
→ ④ 면접 심사(2.9) → ⑤ 최종선발(2월 중)
※ 선발일정은 일부 변경될 수 있음
10. 제출처 및 문의처
(04554) 서울 중구 퇴계로 173 남산스퀘어빌딩(舊 극동빌딩) 16층
생명보험협회 사회공헌센터(충무로3가 60-1)
• Tel. : 02-2262-6561 • e-mail :
kim01012@klia.or.kr
※ 국내박사과정 생명보험사회공헌장학생 선발 및 권리·의무 관련 세부내용은 생명보험사회공헌위원회(
www.liscc.or.kr
) 및 생명보험협회(
www.klia.or.kr
) 홈페이지 별첨자료 참조 (관련양식 다운로드 가능)"
statistics,[통계학회]2017년 한국통계학회 겨울학교 개최 안내(빅데이터 분석 전문가양성),,2021.11.21,https://stat.ssu.ac.kr/notice_view.html?category=1&idx=350,"<빅데이터 분석 전문가양성 겨울학교 프로그램>
1. 교육 기간 및 장소:
숙명여자대학교 : 2017년 1월 16일(월) ~ 1월 18일(수) (총 3일 22시간)
2. 강의 일정 및 내용 : 첨부파일 참조
3. 교육 장소 :
2017.01.16. ~ 2017.01.18. 서울 숙명여자대학교(사회교육관 510호)
4. 수강 신청 :
[신청방법] 한국통계학회 홈페이지(
www.kss.or.kr
)에서
메인페이지 왼쪽 중간에 [행사결제] 클릭 => [행사명]에 해당 회차 선택 후 등록
[신청기간] 2016. 12. 1(목) 10:00 ~ 2016. 12. 16(금) 17:00 선착순 접수.
[취소환불] 2017. 1. 9(월)까지 취소시 100% 환불
2017. 1. 13(금)까지 취소시 50% 환불
이후에는 환불되지 않으니 이점 양해하여 주시기 바랍니다.
※ 수강인원은 최대 40명으로 제한.
5. 수강료(총 3일기준):
학생(대학생/대학원생): 20만원, 통계학회 정회원: 40만원, 통계학회 비회원: 60만원
※ 모든 수강생 점심식사 제공하며, 학생은 학생증으로 확인 필요
6. 공지사항 :
(1) 강의 수강생은 학부 통계학과 3학년정도 수준이어야 함.
(2) 하둡실습을 위하여 리눅스 환경의 본인 노트북 지참은 권장하나 필수는 아님
(교육장소가 컴퓨터 실습실이라 PC사용 가능함).
(3) 강의시간과 장소는 사정에 따라 변경될 수 있음.
그 외 모든 사항은 한국통계학회 사무국(
office@kss.or.kr
02-567-2859)에 문의바람. ​"
statistics,2016년 정보통계보험수리학과 빅데이터(BIG DATA)경진대회,,2021.11.21,https://stat.ssu.ac.kr/notice_view.html?category=1&idx=349,"정보통계보험수리학과에서 2016년 빅데이터 분석 및 소프트웨어 개발
경진대회를 다음과 같이 개최합니다.
​
참가 자격
•정보통계보험수리학과의 모든 학생들
​
​일정 및 장소
•일시: 12월 23일(금), 오전 10:00
•장소: 베어드홀 523호​
​
​빅데이터 경진 분야 및 참여방법
1. Java 프로그래밍: 1학년 대상
2. 데이터 분석: 대회 전 데이터 분석 결과를 제출. 본선에 진출한 조는 대회당일 발표 (조별 참여)
3. 모의실험: 모의실험 결과를 대회 당일발표 (개인별/조별 참여)
4. 소프트웨어 개발: 직접 개발한 소프트웨어를 경진 대회 당일 시연 및 발표 (개인별/조별 참여, 전산과목 프로젝트
제출 가능)​
​
​시상
•최우수상 (4팀): 30만원
•우수상 (4팀): 20만원
•참가상: 소정의 상품 (참가자가 너무 많을 시 선별하여 지급함)​
​
​조별 참가 지원비
•조별 참여를 신청한 팀들을 심사하여 경진 대회 준비에 사용할 수 있는 소정의 금액을 지원함 (지원비를 받은 조는
대회에 반드시 참여해야 함)​
​
​경품 추첨 행사
•경진대회 참여자 및 관람자들에게 추첨을 통해 푸짐한 경품 제공​
​
​참가 신청서
•학과 사무실에 비치된 신청서를 작성하여 12월 9일(금)까지 제출 (필수)​
​
​경진대회 관련한 자세한 추가 정보는 아래의 경진대회 홈페이지를 참조
http://hbutton.ssu.ac.kr
에서 Big Data 클릭​"
statistics,2017학년도 1학기 학·석사연계과정 지원 및 선발 안내,,2021.11.21,https://stat.ssu.ac.kr/notice_view.html?category=1&idx=348,"2017학년도 1학기 학·석사연계과정 지원 및 선발 안내
​
1. ‘학·석사연계과정’이란?
: 학사과정의 교육과정과 대학원 교육과정을 상호 연계하여 운영하는 과정으로 학사과정 3.5년(건축학부 건축학전공은 4.5년), 석사과정 1.5년에 학사학위 및 석사학위를 취득하는 과정
<?xml:namespace prefix = o />
2. 모집학과 : 학사과정과 석사과정에 동일(또는 유사) 학과가 있는 학과(계약학과 제외)
3. 모집인원 : 석사과정 입학정원의 20% 내에서 모집
4. 지원자격 : 다음 각 호 모두에 해당되는 자
가. 지원일 당시 학사과정 4학기 또는 5학기(건축학부 건축학전공은 6학기 또는 7학기)를 이수 한 자=> 5학기 또는 6학기 개시 전(건축학부 건축학전공은 7학기 또는 8학기 개시 전)인 학생만 지원 가능
나. 재수강 이전 과목, 학점 포기한 과목, F학점 과목 등을 포함한 전체 과목의 총평점평균이 3.3/4.5 이상인 자
다. 7학기(건축학부 건축학전공은 9학기)에 학사과정의 졸업요건을 충족할 수 있는 자
라. 지원하고자 하는 일반대학원 학과 주임교수와 지도교수의 추천을 받은 자
마. 지원하고자 하는 일반대학원의 동일(또는 유사)학과를 주전공 또는 복수전공하는 자
(부전공, 연계전공은 해당없음)
5. 지원기간 :
2016
년
12
월
12
일
(
월
) ~ 2016
년
12
월
30
일
(
금
) 10:00 ~ 17:00
6. 지원방법 : 제출서류를 구비하여 대학원 교학팀(웨스트민스터홀 658호)으로 방문 접수
7. 제출서류 : 학·석사연계과정신청서(학업계획서, 추천서 포함)(양식 다운로드) 1부
8. 합격자 발표 :
2017
년
1
월
20
일
(
금
)
예정
9. 합격자 혜택
가. 학위취득기간 단축
나. 석사과정 입학금, 입학시험 면제
다. 학사과정 중 일반대학원 과목 수강신청 시 학기당 3학점 추가로 수강신청 가능
라. 학사과정 중 취득한(학사과정 졸업학점 초과 이수) 동일(또는 유사)학과의 일반대학원 과목 3학점~9학점까지 석사과정 학점으로 인정됨(신청시)
10. 자격상실
가. 일반대학원 입학 전에 학·석사연계과정을 중도 포기한 경우(포기신청서 제출)
나. 학사과정 7학기 이수 후 재수강 이전 과목, 학점포기한 과목, F학점 과목 등을 포함한 전체 과목의 총평점평균이 3.3/4.5 미만인 경우
다. 학사과정을 7학기에 모두 이수하지 못한 경우
라. 학사과정 중 졸업학점을 초과하여 일반대학원 과목을 3학점 이상 취득하지 못한 경우
마. 석사과정 첫 학기에 일반대학원 입학 등록을 하지 않은 경우
바. 석사과정을 3학기에 모두 이수하지 못한 경우
사. 석사과정 3학기 이수 후 총평점평균이 4.0/4.5 미만인 경우
11. 유의사항
가. 학사과정 중 학·석사연계과정 중도포기 시 정규학기(8학기) 등록
나. 석사과정 중 학·석사연계과정 중도포기 시 정규학기(4학기) 등록
다. 석사과정 첫 학기 휴학 및 자퇴 불가
라. 석사과정 전과 불가
마. 석사과정 첫 학기에 일반대학원 입학 등록을 하지 않은 경우 학사학위가 취소됨
바. 학·석사연계과정과 조기졸업은 동시에 신청 불가능, 학·석사연계과정 신청을 한 경우 조기졸업 신청을 할 수 없음
12. 문의처 : 대학원 교학팀(02-820-0258~9,
grad@ssu.ac.kr
)
2016. 11
대학원장
​"
statistics,2016-겨울계절제 국내대학 학점교류 시행,,2021.11.21,https://stat.ssu.ac.kr/notice_view.html?category=1&idx=347,"교류대학을 포함하여 24개교 학점교류를 진행합니다.
​
1. 교류대학 현황
교류대상
대학명
서울총장포럼
회원대학
가톨릭대학교, 건국대학교, 광운대학교, 동국대학교, 명지대학교, 삼육대학교, 상명대학교, 서강대학교, 서경대학교, 서울과학기술대학교*, 서울시립대학교, 서울여자대학교*, 성공회대학교, 세종대학교, 숙명여자대학교*, 이화여자대학교, 중앙대학교*, 추계예술대학교, KC대학교, 한국외국어대학교, 한성대학교, 홍익대학교
(*: 기존 학점교류 협약대학)
기존 학점교류
협약 대학
장로회신학대학교, 한동대학교
※ 현재까지 확인된 교류대학 지원 기한은 다음과 같음
· 동국대학교: 11. 4.(금) / · 서울시립대학교: 11. 7.(월) / · 숙명여자대학교: 11. 10.(목)
· 중앙대학교: 11. 15.(화) / · 상명대학교: 11. 24.(목) / · 서강대학교: 11. 7.(월)
· 삼육대학교: 11. 28.(월) / · 세종대학교: 11. 24.(목) / · 서경대학교: 11. 17.(금)
· 건국대학교: 11. 10.(목) / · 서울여자대학교: 11. 17.(금)
​
2. 학점교류 신청 안내
가. 신청학점: 총 6학점 이내
나. 신청자격
1) 본교에 재학 중인 학부생으로서 2016-2학기에 3학기～7학기 재학 중인 학생
2) 직전학기까지의 학업성적이 총 평점평균 3.0이상(학적부 성적 기준)인 학생
3) 학칙에 의거 징계 받은 사실이 없는 학생
다. 신청방법 및 제출서류
1) 신청방법: 소속 학과(부)에 신청서(본교 소정양식) 제출
2) 제출서류
· 교환학생 지원서 1부(본교 소정양식 – 첨부파일 참조)
· 성적증명서(학적부) 1부
​​
​"
statistics,2016-2학기 컴퓨터 활용 관련 자격증(졸업요건) 제출 안내,,2021.11.21,https://stat.ssu.ac.kr/notice_view.html?category=1&idx=346,"1. 내 용 : 학칙 제46조에 따라 2014학년도 입학자부터는 졸업 시까지 컴퓨터 활용 관련 자격증을 2개 이상 취득하여야 합니다.
2. 대 상
가. 2014학년도 이후 신입학자
나. 2016학년도 이후 편입학자
다. 계약학과 제외
3. 제출기간 :
2016. 10.24.(
월
) ~ 2016. 11.04.(
금
)
​
4. 제출방법 : 소정기간 내 소속학과(부) 사무실에 자격증 원본 및 사본 제출 (대조 후 원본반환 가능)
5. 유의사항
가.
첨부의 학과
(
부
)
별 인정가능
(
또는 불가능
)
한 자격증 리스트에 유의하시기 바랍니다
.
나.
Mos Excel expert
자격증을 반드시 포함
하여 2가지 자격증을 모두 취득한 후 8학기 이전까지 제출을 완료하여야 합니다.
다. 본 졸업요건은 교양필수 학점 및 컴퓨터활용 자격증 관련 과목(스프레드시트고급활용, 숭실사이버대 컴퓨터활용자격증취득과정 등)과 관련이 없습니다.
1) 컴퓨터활용 자격증 관련 과목을 수강하였어도 자격증 제출 기한 내 제출하지 않을 경우 본 졸업요건을 충족한 것으로 인정하지 않습니다.
2) 컴퓨터활용 자격증 관련 과목을 수강하지 않은 경우 해당 자격증 제출만으로 학점인정은 불가합니다.
​"
statistics,학사팀 양식 다운로드,,2021.11.21,https://stat.ssu.ac.kr/notice_view.html?category=1&idx=345,"학사팀 양식이 필요한 경우 여기서 다운 받으시면 됩니다.
http://www.ssu.ac.kr/web/kor/intro_e_07_01_08_b?p_p_id=EXT_BBS&p_p_lifecycle=0&p_p_state=normal&p_p_mode=view&_EXT_BBS_struts_action=%2Fext%2Fbbs%2Fview
​
감사합니다."
statistics,보험심사역 자격제도 및 시험일정 안내,,2021.11.21,https://stat.ssu.ac.kr/notice_view.html?category=1&idx=344,"보험심사역 자격제도 및 시험일정 안내
​
1. 시험일시: 2016.10. 23 (일) 09:00 ~ 13:30
2. 응시기간: 2016. 9. 19 (월) 09:00 ~9. 28 (수) 18:00
3. 대학생 장학금 지급제도
- 대상자: 시험실시일 현재 국내소재 대학교 재학생
- 선발기준: 대학생 최종합격자 중 성적우수자
- 지급금액: 1인당 장학금 50~100만원"
statistics,2016-2학기 졸업사정 오류정정 및 이수구분 변경 접수 안내,,2021.11.21,https://stat.ssu.ac.kr/notice_view.html?category=1&idx=343,"2016-2학기 졸업사정 오류정정 및 이수구분 변경 접수 안내
2016-2학기 졸업예정자에 대한 졸업사정 오류정정/이수구분 변경 신청 및 졸업사정 일정을 아래와 같이 안내합니다.
​
■ 졸업사정 오류정정/ 이수구분 변경 신청
1. 대상자 :
2017
년
2
월 졸업예정인 재학생
(현재 8학기 이상 이수중인 학생/건축학전공은 10학기 이상)
2. 신청기간 :
2016. 10. 4.(
화
) ~ 2016. 10. 13.(
목
)
3. 신청방법
가. u-SAINT 접속 → 학사관리 → 성적/졸업 →
졸업사정표
(
졸업예정자
)
조회 및 출력
나. 확인 후 오류사항이 있는 경우 오류정정/이수구분 변경 신청서를 작성하여 졸업사정표 및 이수구분별 성적표와 함께
각
학과
(
부
)
사무실
로 제출
(양식 첨부 참조)
​
4. 유의사항
가. 수강신청 내역, 다전공포기 승인 결과 등이 반영된 졸업사정표를 확인한 후 오류정정 신청을 하시기 바랍니다.(졸업사정일자: 2016.9.26.~2016.9.30.)
나. 신청 시 과목번호, 이수연도 및 학기를 u-SAINT에서 정확히 확인하고 신청하시기 바랍니다(정확하지 않을 경우 변경처리 되지 않음).
다. 졸업사정표는 수강신청 내역 등을 실시간으로 반영하지 않고 졸업사정표
오른쪽 상단의 졸업사정일자
기준으로 반영된 내용이므로 유의바랍니다.
라. 공학인증 관련 졸업사정 결과 확인은 공학교육혁신센터의 안내에 따라 진행하시기 바랍니다."
statistics,예비수강신청(장바구니) 제도 시행 안내,,2021.11.21,https://stat.ssu.ac.kr/notice_view.html?category=1&idx=342,"2016학년도 2학기 예비수강신청(장바구니)제도를 다음과 같이 시행 합니다.
(※추가 내용:
학년별 수강신청일
에는 담아 놓은 과목 중 수강 대상이
‘
본인 학년
’
과
‘
전체
’
인 과목만 조회 가능
)
1. 예비수강신청(장바구니) 개요
- 수강 희망 교과목을 검색하여 예비 목록으로 담아둠으로서 실제 수강신청에서 편리하게 활용하는 제도
- 어떤 제한 없이 원하는 교과목을 최대 15과목까지 담기 가능
- 예비수강신청(장바구니)에 담아놓은 과목은 수강신청프로그램과 자동 연계되어 “예비수강신청내역” 탭에서 조회 가능
- 기존 수강신청 시 각 수강과목을 검색하는 과정을 간소화
2. 예비수강신청(장바구니) 일정: 2016. 8. 11.(목)~12.(금), 00:00~24:00
※ 본 수강신청: 2016. 8. 17.(수) ~ 23.(화) 10:00~17:00
3. 예비수강신청(장바구니) 방법
가. u-saint 접속 > 학사관리 > 수강신청/수업 > 예비수강신청(장바구니) 메뉴로 접속
나. 기존 수강신청 시와 동일한 방법으로 개설과목 검색하여 ‘담기’ 버튼으로 담기
다. 우선순위를 직접 입력 후 ‘우선순위저장’ 버튼을 클릭하여 우선순위 저장
라. 본 수강신청 시에는 예비수강신청(장바구니)에서 담아놓은 과목이 설정한 우선순위대로 “예비수강신청” 탭에서 자동 조회됨
※
학년별 수강신청일
에는 담아 놓은 과목 중 수강 대상이
‘
본인 학년
’
과
‘
전체
’
인 과목만 조회 가능
마. 해당 과목의 ‘신청’ 버튼을 클릭하여 수강신청
4. 예비수강신청(장바구니) 유의사항
가. 예비수강신청(장바구니)은 수강신청 확정된 것이 아니며, 반드시 본 수강신청 기간에 다시 수강신청 해야 함
- 예비수강신청 과목은 자동 수강신청 되지 않음!!
- 예비수강신청(장바구니)은 단순 담기 기능만 제공
- 본 수강신청 시에는 ‘신청’ 버튼을 눌러 신청이 정상적으로 완료되어야 해당 과목의 수강신청이 완료
- 예비수강신청(장바구니)에서 먼저 과목을 담는다고 하여 수강신청 상의 유리함이 있는 것은 아님(선착순 아님)
나. 강의시간 및 강의실은 본 수강신청 기간에 변경될 수 있음
다. 예비수강신청(장바구니)은 지정된 기간에만 이용 가능
​"
statistics,2016학년도 2학기 학과근로장학생 신청 안내,,2021.11.21,https://stat.ssu.ac.kr/notice_view.html?category=1&idx=341,"2016학년도 2학기 학과근로장학생을 다음과 같이 모집하니, 자격요건 및 지원방법을 숙지한 후
지원기간 내 지원하여 주시기 바랍니다.
1. 장학금명: 학과근로A, B<※ A, B로 운영여부는 해당학과에 따라 다름>
2. 장학생선발관련공지: 학과 홈페이지 등 참조
3. 근로장학생 자격 요건
가. 2016학년도 2학기 국가장학금을 신청/서류제출을 완료한 자
1) 1차 신청기간에 완료하여 소득분위가 조회된 자에 한함
2) 국가장학금을 신청할 수 없는 대한민국 국적 미소지자도 선발 가능
(단, 외국인유학생은 선발 불가)
나. 2016학년도 2학기 재학 및 복학예정자로 해당학기 등록금 납부 예정인 자
1) 2016학년도 2학기 전 등록휴학 후 복학시 선발대상에서 제외(등록대체자)
2) 학기 중 미등록, 입학취소, 복학취소 등으로 인한 학적변동시 모든 장학금 취소
3) 2016학년도 2학기 기준 2∼7학기 재학생만 가능(1학기 및 8학기 신청불가)
다.
직전학기 이수한 성적 제한 없음
라. 타 장학금과 중복수혜 가능(교내/학과근로, 국가근로장학금간 중복수혜 불가)
※ 기 선발된 장학금과 근로장학금을 포함하여 수업료 초과 불가
마. 국가근로장학생에 선발되지 않은 자
바. 정해진 근로기간(시간) 동안 성실히 근무할 수 있는 학생
사. 이전 학기에 근로를 했던 경우: 근로평점에서 “불량” 판정을 받지 않은 학생
4. 근로장학생 종류별 장학금액 및 근로시간
가. 「학과근로A」= 1,342,000원 : 6,100원×(주당)10시간×(학기당)22주 = 총 220시간
나. 「학과근로B」= 671,000원 : 6,100원×(주당) 5시간×(학기당)22주 = 총 110시간
5. 학생신청방법 : u-SAINT포털 → 등록/장학 → 장학메뉴 ‘근로장학금’ → 학과근로B신청
(통계학과의 경우 B만 신청가능​)
→ 지원서 출력 → 소속학과[
지원서
(u-SAINT
출력본
)
반드시 제출
]
6. 온라인접수 및 서류제출기간 : 2016년 8월 12일(금) ∼ 19일(금) 10:00∼17:00
가. 제출서류 : 지원서(u-SAINT출력본)
나. 제출장소 : 정보통계 보험수리학과 사무실 (베어드홀 516호)
7. 기타사항
가. 학기 중 학적변동(휴학, 자퇴, 제적 등) 등의 불가피한 사유가 인정되는 중도포기시
근로한 시간만큼 학기말에 지급
나. 교체 전·후 학생 모두 근로평가 시행
다. 국가근로 및 교내근로로 선발시 학과근로 선발에서 제외 됨.
8. 발표: 2016년 8월 29일(월) ∼ 31(수)
※ 소속학과(부)에서 확인(u-SAINT '장학'에서도 확인 가능)
9. 문의: 소속학과(부)
10. 장학금지급: 2017년 2월말 개인계좌 지급. 끝.​
​"
statistics,2016학년도 2학기 백마성적우수장학생 선발 안내,,2021.11.21,https://stat.ssu.ac.kr/notice_view.html?category=1&idx=340,"​2016학년도 2학기 백마성적우수장학생 선발 안내
​
1. 장학금명 : 백마성적우수장학금
​2. 자격요건
가. 2016학년도 2학기 국가장학금을 신청하여 소득분위 조회가 가능한 자
1)
한국장학재단에서 재학생은
1
차 신청만 가능
(1
차 신청자에 한하여 선발
)
2) 1
차 미신청자
: 2
차 신청
/
서류제출 및 구제신청 확인 후 사후지급
※
2
차 신청자 중 한국장학재단 구제신청기간에 구제신청
하는
경우
, 1
회에
한하여 제한적으로 지원 허용
3) 국가장학금을 신청할 수 없는 대한민국 국적 미소지자도 선발 가능
(단, 외국인유학생은 선발 불가)
나. 2016학년도 2학기 재학 및 복학예정자로 해당학기 등록금 납부 예정인 자
1) 2016학년도 2학기 前 등록휴학 후 복학시 선발대상에서 제외(등록대체자)
2) 학기 중 미등록, 입학취소, 복학취소 등으로 인한 학적변동시 모든 장학금 취소
다. 직전학기 15학점 이상 이수한 자 (졸업직전학기는 직전학기 12학점 이상)
라. 등록학기가 8학기 이내인 자(건축학과 건축학전공 : 등록 10학기 이내인 자)
마. F학점 포함 학적부성적 기준 직전학기 3.5 이상인 자
바. 모든 교내장학금간 중복수혜 불가
1) 신청장학금 중 수혜금액이 큰 장학금 자동선발
2) 중복수혜 가능 장학금 : 국가장학금, 교외장학금, 근로장학금(교내/학과),
학과(부)우수장학금, 포상장학금, 봉사장학금 등
​"
statistics,2016-2학기 다전공(복수전공/부전공/연계전공/융합전공) 신청 안내,,2021.11.21,https://stat.ssu.ac.kr/notice_view.html?category=1&idx=339,"2016-2학기 다전공(복수전공/부전공/연계전공/융합전공) 신청 안내
​
1. 신청자격 : 신청일 현재
2~6
학기 이수자
2. 신청기간 및 방법
가. 기간 :
2016. 7. 6.(
수
) 10:00 ~ 2016. 7. 8.(
금
) 17:00
나. 방법 : u-saint포털-학사관리-학적변동-다전공신청
3. 선발 및 결과 확인
가. 선발기간 : 2016. 7. 11.(월) ~ 2016. 7. 14.(목)
나. 결과확인 :
2016. 7. 19.(
화
)
이후
u-saint포털-학사관리-학적변동-다전공신청
4. 다전공 불가 학과(부)
가. 복수전공 : 건축학부 건축학전공(5년제), 정보통신전자공학부, 스포츠학부
나. 부전공 : 건축학부 건축학전공(5년제), 컴퓨터학부, 정보통신전자공학부, 스포츠학부, 예술창작학부 영화예술전공
5. 유의사항
가. 다전공 희망자 중 2016-2학기 복학예정자는 다전공 신청 기간에 복학신청 후 다전공 신청 가능
(복학신청은 2016-2학기 복학신청 기간 이후 일괄 승인 예정)
나. 각 학과(부) 선발 시 성적기준은 2016-1학기(정규학기)까지의 총평점평균(학적부 성적) 적용
다. 같은 학과(부)로 다전공 동시 신청 시 복수전공>부전공 순으로 선발
※ 문의사항
1. 승인기준/교과과정 문의 : 각 학과(부) 사무실
2. 신청방법/일정 문의 : 02-820-0152/u-SAINT포털 SOS 게시판"
statistics,관광 빅데이터 분석 대회,,2021.11.21,https://stat.ssu.ac.kr/notice_view.html?category=1&idx=338,
statistics,2016학년도 숭실인재양성장학생 지원 공고,,2021.11.21,https://stat.ssu.ac.kr/notice_view.html?category=1&idx=337,"2016
학년도 숭실인재양성장학생 지원 공고
1. 장학금 지급 내역
가. 재 원: 숭실대학교 인재양성기금
나. 수혜기간: 1년(단, 휴학 시는 지급을 중지함.)
다. 선발인원: 5명 내외
라. 장학금액: 1인당 총액 10,000,000원 이내(2회에 걸쳐 반액씩 분할 지급)
1) 1차 지급 - 2016년 10월 중
2) 2차 지급 - 2017년 2월 중(2017년 1월에 발급된 재학증명서를 제출해야 함)
2. 지원 자격
가. 대한민국 국적 보유자
나. 국외대학 박사과정 재학생 또는 신입생 / 석·박사통합과정 5학기 이상 이수 예정인 자
다. 본교 학부 졸업생으로서 학부 全학년 평점평균 3.50 이상인 자를 원칙으로 함.
라. 박사과정 수업연한이 1년 이상 남은 자로 직전학기 성적이 산술평균 80점 이상인 자
(단, 박사과정 신입생은 학ㆍ석사 全과정 평점평균 3.50 이상인 자)
마. 본교 건학이념에 부합되는 기독교인
3. 지원 서류 (각종 서류가 외국어인 경우 번역문 반드시 포함, 서류 원본 제출)
가. 지원서, 자기소개서, 서약서 등(지정양식 작성)
나. 박사(석·박통합)과정 지도교수 추천서(지정양식 없음)
다. 학사과정: 졸업증명서 원본, 성적증명서 원본 각 1부.
라. 석사과정
1) 국내대학: 졸업증명서 원본, 성적증명서 원본 각 1부
2) 국외대학: 학위증(Diploma) 공증본, 성적증명서 원본 또는 공증본 각 1부.
마. 박사과정
1) 재학생: 재학증명서 원본, 성적증명서 원본 각 1부.
2) 신입생: 입학허가서통지서 또는 입학예정증명서 원본 각 1부.
바. 가족관계증명서(본인명의로 발급, 발급시 주민등록번호는 미기재 요망)
사. 교인증명서
1) 재학생: 해당 유학 국가에서 현재 출석하고 있는 교회
2) 신입생: 국내 또는 국외에서 현재 출석하고 있는 교회
아. 박사학위 취득예상시기를 증빙할 수 있는 객관적인 근거 자료
예) 지도교수추천서에 명시, 입학허가예정서에 명시, 별도 증빙서류 등
자. 연구실적 증빙자료(해당자에 한함)
1) 연구실적 첫 페이지 오른쪽 상단에 지원서에서 작성한 종류를 기재
2) 증빙자료 불충분 또는 연구실적 확인불가 시 연구실적 미인정
차. 본인명의 통장사본(2017년 2월말까지 유효해야 함.)
카. 전공 분야의 학계 순위 근거 자료 출력물 (평가기간에 해당되는 자료만 반드시 제출하여야 함)
-QS World University Ranking(Overall, Major Field) 2015년, 2016년 연도별 평가 자료
-THE(Times Higher Education) World University Rankings(Overall, Major Field) 2015년, 2016년 연도별 평가 자료
4. 선발방법
가. 1차 서류심사
나. 2차 면접 (1차합격자에 한해 개별연락)
- 면접은 대면면접을 원칙으로 하며, 부득이한 경우 협의에 의해 영상면접을 실시 할 수 있다.
5. 접수기간
가. 기 간 : 2016년 7월 18일(월)~8월 26일(금), 10:00~17:00
나. 장 소 : 숭실대학교 학생처 장학팀 (학생회관 501-1호)
다. 문 의 처 : 장학팀 (02-820-0167)
​"
statistics,2016학년도 후기 대학원 입학성적우수장학생 선발 안내(이공계),,2021.11.21,https://stat.ssu.ac.kr/notice_view.html?category=1&idx=336,"2016학년도 후기 대학원 입학성적우수장학생 선발 안내(이공계)
1. 자격
가. 2016년 8월 본교 학부 졸업예정자
나. 수업연한 4년(8학기) 이내인 졸업예정자(건축학부 건축학전공 : 5년(10학기 이내))
다. 직전 3학기 성적(F학점 포함 열람용 성적) 평균평점 3.50 이상인 자
라. 학석연계과정 중인 학생도 위의 조건 충족하면 지원가능
<?xml:namespace prefix = o />
2. 수혜기간 : 2년(4학기)
3. 지원금액 : 수업료 반액 지급
가. 학과 내 두 가지 이상 과정의 운영으로 수업료가 상이한 경우, 가장 적은 금액 기준으로 지급(예 : 복수학위과정)
나. 타 장학금 중복수혜
1) 실험조교(12시간) 겸하는 경우에는 수업료 반액 지급
2) 연구조교를 겸하는 경우에는 수업료의 반액 이내에서 지급
3) 실험조교(12시간) 및 연구조교를 모두 겸할 수 있으며 각각 수업료의 반액 이내에서 지급
4) 수혜장학금을 모두 합하여 최대 수업료의 1.5배를 초과 할 수 없음
4. 선발 : 지원자격을 만족하는 자 중에서 다음 기준에 따라 배정인원 범위 내 선발
가. 8학기(건축학부 건축학전공 10학기) 재학생 중 직전 3학기 성적(열람용, F학점
포함)
평균평점 기준 상위
40%
이내인 자
예) 8학기 졸업예정자의 경우, 직전 3학기(5,6,7학기) 수강과목의 평균평점
(열람용, F포함) 기재
나. 선발시 선발학과 내 동일학과 졸업예정자를 우선으로 선발하며, 타학과 졸업
예정자는 후순위로 선발
5. 입학성적우수장학생 의무 준수사항
1. 입학성적우수장학생은 입학 후 매학기 성적이 A-(4.00)를 유지하여야만 장학금 수혜를 받을 수 있다.
2. 입학성적우수장학생은 입학 후 휴학을 할 수가 없으며, 휴학을 할 경우 자격이 상실된다.
단, 질병(진단서 제출), 군입대(입영통지서 제출), 기타 사고 등은 예외로 한다.
3. 입학성적우수장학생에게는 입학 후 학과주임교수가 필요시 교육 및 연구 지원업무를 담당하게
할 수 있으며, 불응할 경우 자격을 상실한다."
statistics,2016학년도 후기 대학원 수시모집 입학전형 일정 안내,,2021.11.21,https://stat.ssu.ac.kr/notice_view.html?category=1&idx=335,"2016학년도 후기 대학원 수시모집 입학전형 일정을 안내 합니다.
1. 전형방법 : 서류심사 및 구술평가시험
2. 전형대상 : 국내․외 거주 내․외국인
(
외국인유학생은 편입학 모집 없음
)
3. 입시일정
구 분
입 시 일 정
비 고
모 집 공 고
2016년 5월 30일(월)∼
홈페이지 및 교내․외 신문
원 서 접 수
2016년 6월 13일(월) 10:00∼17일(금) 16:00 (5일간)
온·오프라인 접수 동시 진행
면접장소 및
평가자 입력
2016년 6월 29일(수) 24:00까지
U-Saint 입학관리
- 학과 주임교수 입력
학과서류송부
2016년 7월 1일(금) (예정)
대학원교학팀 배부
전 형 일 시
2016년 7월 5일(화) 10:00∼
각 학과 주임교수실
합격자 발표
2016년 7월 21일(목) 예정
대학원 홈페이지
합격자 등록
2016년 7월 27일(수)∼28일(목) (2일간)
우리은행 전국지점
4. ﻿기타사항
가. 접수방법
1) 내국인 : 대학원 입학시스템을 통한 온라인 접수
2) 외국인 : 입학원서(홈페이지 다운, 국․영문)를 작성하여 우편 및 방문 접수
나. 전형료
과정
2016학년도 전형료
비고
내․외국인 석사과정
70,000원
<?xml:namespace prefix = o />
내․외국인 박사과정
80,000원"
statistics,[통계학회] 2016년 한국통계학회 여름학교 개최 안내(빅데이터 분석 전문가양성),,2021.11.21,https://stat.ssu.ac.kr/notice_view.html?category=1&idx=334,"안녕하세요.
통계학회입니다.
한국통계학회 여름학교를 아래와 같이 개최하오니, 회원여러분의 많은 참여바랍니다.
<빅데이터 분석 전문가양성 여름학교 프로그램>
1. 교육 기간 :
1회차(서울 숙명여대) : 2016년 7월 25일(월) ~ 7월 27일(수) (총 3일 21시간)
2회차(부산 부 산 대) : 2016년 7월 26일(화) ~ 7월 28일(목) (총 3일 21시간)
2. 강의 일정 및 내용 : 첨부파일 참조
3. 교육장소 :
1회차(2016.07.25. ~ 2016.07.27.) 서울 숙명여자대학교(사회교육관 510호)
2회차(2016.07.26. ~ 2016.07.28.) 부산 부산대학교(자연대연구실험동 313-102호)
※1회차와 2회차 강의내용은 같고 강의 장소만 다름.
4. 수강 신청 :
[수강신청방법] 한국통계학회 홈페이지(
www.kss.or.kr
)에서
메인페이지 왼쪽 중간에 [행사결제] 클릭 => [행사명]에 해당 회차 선택 후 등록
[수강신청기간] 2016. 6. 1(수) 10:00 ~ 2016. 6. 10(금) 17:00 선착순 접수.
※ 수강신청시 1회차와 2회차 중 택일. ※ 각 회차의 수강인원은 최대 40명으로 제한.
5. 수강료(총 3일기준):
학생(대학생/대학원생): 20만원, 통계학회 정회원: 40만원, 통계학회 비회원: 60만원
※모든 수강생 점심식사 제공하며, 학생은 학생증으로 확인 필요
6. 공지사항 :
(1) 강의 수강생은 학부 통계학과 3,4학년 수준이어야 함.
(2) 하둡실습을 위하여 리눅스 환경의 본인 노트북 지참은 권장하나 필수는 아님
(교육장소가 컴퓨터 실습실이라 PC사용 가능함).
(3) 강의시간과 장소는 사정에 따라 변경될 수 있음.
그 외 모든 사항은 한국통계학회 사무국(
office@kss.or.kr
02-567-2859)에 문의바람."
statistics,2016 해외박사과정 생명보험사회공헌장학생 선발요강,,2021.11.21,https://stat.ssu.ac.kr/notice_view.html?category=1&idx=333,"1. 사업목적 : 해외대학의 보험전공 박사과정 유학생에 대한 장학사업을 통해 보험학자 및 글로벌 보험전문인력 양성
<?xml:namespace prefix = o />
2. 선발인원 : 2명 내외
3. 장학금액 : 연간 최대 70,000천원 (등록금 실비전액 + 생활비 일정액)
※ 매학기 심사를 통해 지원여부 결정
4. 장학금 지급기간 : 4년
5. 지원자격
ㅇ 해외 주요대학의 보험전공 박사과정 재학생, 입학확정자(2016년도 하반기),
입학예정자(2017년도)
ㅇ 학부 및 석사과정 성적이 우수한 자
ㅇ 생명보험 관련 논문 발표자, 보험계리사 자격소지자 등 우대
ㅇ 타 장학금 수령자 신청불가
ㅇ 대한민국 국적자 (주민등록상 해외이주 신고자, 영주권자 제외)
6. 지원서 접수 : 공고일 ~ 2016.6.24 (등기우편 및 방문접수)
※ 도착일 기준
7. 제출서류
ㅇ 공 통 : ① 지원서 1부 ② 성적증명서 1부(학부/석사과정)
③ 재학증명서 1부(혹은 졸업증명서)
④ 자격증 사본 1부
⑤ 논문 등 연구활동자료 1부
⑥ 개인정보 수집․이용 동의서
ㅇ 재 학 생 : ⑦ 추천서(박사과정 지도교수)
ㅇ 입학확정자/예정자 : ⑦ 추천서(석사과정 지도교수)
8. 선발일정
➀선발공고 → ➁지원서 접수(6.24까지) → ③서류심사(6월 중)
→ ④면접 심사(6월 중) → ⑤최종선발(7월 중)
※ 선발일정은 일부 변경될 수 있음.
9. 제출처 및 문의처
04554 서울 중구 퇴계로 173번지 남산스퀘어빌딩(舊 극동빌딩) 16층
생명보험협회 사회공헌센터
• Tel. : 02-2262-6561 • e-mail :
kim01012@klia.or.kr
※ 해외박사과정 생명보험사회공헌장학생 선발 및 권리·의무 관련 세부내용은 생명보험사회공헌위원회(
www.liscc.or.kr
) 및 생명보험협회(
www.klia.or.kr
) 홈페이지 별첨자료 참조 (관련양식 다운로드 가능)
<?xml:namespace prefix = v />"
statistics,2016 한국통계학회 춘계학술 논문발표회 안내,,2021.11.21,https://stat.ssu.ac.kr/notice_view.html?category=1&idx=332,"2016년도 춘계학술논문발표회가 경북대학교에서 5월 20일(금)～21일(토) 양일간 개최될 예정입니다. 논문발표, 학회장초청강연, 특별초청강연, Tutorial 및 리셉션을 가질 예정이오니, 회원들께서는 다음 사항을 참고하시어 학술논문발표회가 성공리에 치러질 수 있도록 많은 참여와 관심을 바랍니다.
▪장소 : 경북대학교
(*아래 상세 일정은 변경될 수 있습니다.)"
statistics,2016학년도 후기 대학원 모집안내,,2021.11.21,https://stat.ssu.ac.kr/notice_view.html?category=1&idx=331,"1. 원서접수
​[ 내국인 ] - 인터넷접수만 가능
▶ 접수기간 : 2016.4.14.(목) 10:00 ∼ 22(금) 16:00까지 (대학원홈페이지 하단 링크서비스 - ""온라인 입학지원"" 클릭)
​[ 외국인 ] - 방문 및 우편접수만 가능
​▶ 접수기간 : 2016.4.14.(목) 10:00 ∼ 22(금) 16:00까지 (대학원교학팀 방문 접수)
2. 전형일시 : 2016.5.7(토) 10:00∼
3. 합격자발표 : 2016.5.27(금) 예정
4. 합격자등록 : 2016.7.11(월)∼ 13(수) 09:00∼16:00"
statistics,2016학년도 졸업 프로젝트 신청,,2021.11.21,https://stat.ssu.ac.kr/notice_view.html?category=1&idx=330,"2016학년도 졸업 프로젝트 신청받습니다.
신청자는 학과사무실로 방문하여 신청하기 바랍니다.
신청 기간 : 3월 31일 (금)~ 4월 5일 (화)"
statistics,2016학년도 졸업시험 공고,,2021.11.21,https://stat.ssu.ac.kr/notice_view.html?category=1&idx=329,"정보통계·보험수리학과
2016년도 졸업시험 공고
1.일 자 : 2016년 3월 12일 토요일
2.장 소 : 추후 공지
3.과 목 : 필수 – 수리통계(수리통계1,2/추정검정론),회귀분석(회귀분석1)
선택 – 실험계획,표본론,금융수리,전산통계1,보험수리학1 中 택 2
4.합격기준 : 과목별 40점 이상, 평균 60점 이상
5.신청대상 : 2016년 3월 기준 5학기 이상 수료생
6.등록 신청기간 : 2월 24일(수) ~ 3월 4일(금) 학과사무실 방문 신청.
7.내 규 :
-졸업시험 불합격 시 프로젝트를 진행해야 하며 2017년 2월 졸업예정자는 9월 전에 프로젝트를 마감해야 합니다.
-2016년 8월 졸업예정자는 2016년 3월 졸업시험에 응시할 수 없습니다."
statistics,2016학년도 1학기 학과근로장학생 신청 안내,,2021.11.21,https://stat.ssu.ac.kr/notice_view.html?category=1&idx=328,"2016학년도 1학기 학과근로장학생을 다음과 같이 모집하니, 자격요건 및 지원방법을 숙지한 후 지원기간 내 지원하여 주시기 바랍니다.(국가근로장학금 신청자도 신청가능합니다.)
1. 장학금명 : 학과근로 B ※ 근로부서 : 학과사무실 근로, 교수님보조 근로, 전산근로
2. 근로장학생 자격 요건
가. 2016학년도 1학기 국가장학금을 신청/서류제출을 완료한 자
1) 1차 신청기간에 완료하여 소득분위가 조회된 자에 한함
2) 국가장학금을 신청할 수 없는 대한민국 국적 미소지자도 선발 가능
(단, 외국인유학생은 선발 불가)
나. 2016학년도 1학기 재학 및 복학예정자로 해당학기 등록금 납부 예정인 자
1) 2016학년도 1학기 전 등록휴학 후 복학시 선발대상에서 제외(등록대체자)
2) 학기 중 미등록, 입학취소, 복학취소 등으로 인한 학적변동시 모든 장학금 취소
3) 2016학년도 1학기 기준 2∼7학기 재학생만 가능(1학기 및 8학기 신청불가)
다. 직전학기 이수학점 15학점 이상 및 F학점 포함 학적부성적 2.5 이상인 자
라. 타 장학금과 중복수혜 가능(교내/학과근로, 국가근로장학금간 중복수혜 불가)
※ 기 선발된 장학금과 근로장학금을 포함하여 수업료 초과 불가
마. 소속학과(부)에만 신청 가능(단, 금융경제학과는 타 소속학과(부) 학생 신청 가능)
3. 근로장학생 종류별 장학금액 및 근로시간
가. 「학과근로B」=   671,000원 : 6,100원×(주당) 5시간×(학기당)22주 = 총 110시간
4. 학생신청방법 : u-SAINT포털 → 등록/장학 → 장학메뉴 ‘근로장학금’ → 학과근로B신청
→ 지원서 출력 → 소속학과[
지원서
(u-SAINT
출력본
)
반드시 제출
]  ※ 근로부서 : 학과사무실 근로, 교수님보조 근로, 전산근로
5. 온라인접수 및 서류제출기간 : 2016년 2월 12일(금) ∼ 19일(금) 10:00∼17:00
1) 제출서류 : 지원서(u-SAINT출력본)
2) 제출장소 : 정보통계 보험수리학과사무실(베어드홀 516호)
6. 기타사항 :
가. 학기 중 학적변동(휴학, 자퇴, 제적 등) 등의 불가피한 사유가 인정되는 중도포기시
근로한 시간만큼 학기말 지급
나. 7월말 근로평가 전까지 교체 가능(단, 교체 전 학생의 근로시간을 차감)
다. 교체 전·후 학생 모두 근로평가 시행
라. 국가근로 및 교내근로로 선발시 학과근로 선발에서 제외 됨.
7. 발표 : 2016년 2월 29일(월) 소속학과(부)에서 확인(u-SAINT '장학'에서도 확인 가능)
8. 장학금지급 : 2016년 8월말 개인계좌 지급. 끝."
statistics,2016학년도 1학기 생명보험협회 생명보험사회공헌장학생 선발,,2021.11.21,https://stat.ssu.ac.kr/notice_view.html?category=1&idx=327,"1. 시행기관 : 사단법인 생명보험협회
2. 장학금액 : 200만원 / 학기 (1회지급)
3. 추천인원 : 2명
구 분
선발대상
비고
전공
1. 금융보험전공자 (재학증명서상 ‘보험’ 명시)
2. 보험관련 강의 수강자
- 강의명에 ‘보험’명시
- 직전학기까지 보험관련 강의를 최소 한번 이상 수강한 자
3. 보험계리사(1차이상), 종합자산관리사(IFP), CKLU 시험 중
1개 이상 합격자
해당 조건 중 1개 이상 충족
※관련 증빙 제출
성적
직전학기까지 총 평점평균 3.0 이상인 자
기타
2016학년도 1학기 교내/타 기관 장학금 수혜자 신청불가
(단, 실납부액이 200만원보다 많은 경우 신청가능)
※등록금 : 입학금, 수업료, 기성회비(기타징수금 제외)
4. 추천기준5. 제출서류
가. 추천서 1부 (첨부양식)
※ 추천교수는 보험관련 과목을 강의하는 자로 다음 각 호에 해당하는 자
① 보험학과 교수
② 경영학과, 법학과, 수학과 등에서 보험 관련 과목을 강의하는 자
※성적사항 및 장학금 수혜여부, 대학총장 직인은 장학팀에서 작성
나. 재학증명서 1부
다. 성적증명서 1부
라. 자격증사본 1부 (해당자)
마. 학업계획서 1부 (첨부양식)
바. 개인정보 수집·이용 동의서 1부 (첨부양식)
6. 추천마감 : 2016년 1월 25일 (월) 17:00 까지
7. 선발확정 : 2016년 2월 12일 예정 (변경 가능)
※ 장학생으로 선발된 학생은 전달식에 반드시 참여해야 함 (2016년 2월 24일 예정)"
statistics,2015-6 겨울 방학 단기 특강 - Big Data Analytics 안내,,2021.11.21,https://stat.ssu.ac.kr/notice_view.html?category=1&idx=326,"2015-6 겨울 방학 단기 특강 - Big Data Analytics
겨울 방학 단기 특강 관련 더 자세한 사항은 아래의 홈페이지를 참조하세요.
http://hbutton.ssu.ac.kr/~SHCHO/SIT/courses/2015winter"
statistics,2015년 정보통계보험수리학과 빅데이터(BIG DATA)경진대회,,2021.11.21,https://stat.ssu.ac.kr/notice_view.html?category=1&idx=325,"경진대회 관련 더 자세한 사항은 아래의 경진대회 홈페이지를 참조하세요.
http://hbutton.ssu.ac.kr/~SHCHO/SIT/competition/2015"
statistics,빅데이터(Big Data) 전문가 양성을 위한 S3IT 융합 교과 과정 안내,,2021.11.21,https://stat.ssu.ac.kr/notice_view.html?category=1&idx=324,"S3IT 융합 전공 프로그램이란?
Big Data 전문가 양성을 위해 정보통계보험수리학과(Statistics and Actuarial Science), 소프트웨어학부(Software), 스마트시스템소프트웨어학과(Smart Systems Software)가 공동으로 제공하는 국내 최초 빅데이터 학부 융합 전공 프로그램을 지칭합니다.
융합 전공 신청 및 이수 요건 자세한 사항은 첨부된 홍보자료를 참조하세요."
statistics,2015-2학기 졸업사정 오류정정 및 이수구분 변경 접수 안내,,2021.11.21,https://stat.ssu.ac.kr/notice_view.html?category=1&idx=323,"2015-2학기 졸업예정자에 대한 졸업사정 오류정정/이수구분 변경 신청 및 졸업사정 일정을 아래와 같이 안내합니다.
■ 졸업사정 오류정정/ 이수구분 변경 신청
1. 대상자 :
2016
년
2
월 졸업예정자
(현재 8학기 이상 이수중인 학생)
2. 신청기간 :
2015. 9. 30.(
수
) ~ 2015. 10. 8.(
목
)
3. 신청방법
가. u-SAINT 접속 → 학사관리 → 성적/졸업 →
졸업사정표
(
졸업예정자
)
조회 및 출력
나. 확인 후 오류사항이 있는 경우 오류정정/이수구분 변경 신청서를 작성하여 졸업사정표와 함께
각
학과
(
부
)
사무실
로 제출
(양식 첨부 참조)
4. 유의사항
가. 수강신청 내역, 다전공포기 승인 결과 등이 반영된 졸업사정표를 확인한 후 오류정정 신청을 하시기 바랍니다.
나. 신청 시 과목번호, 이수연도 및 학기를 U-saint에서 정확히 확인하고 신청하시기 바랍니다(정확하지 않을 경우 변경처리 되지 않음).
다. 졸업사정표는 졸업시뮬레이션과 달리 수강신청 내역 등을 실시간으로 반영하지 않고 졸업사정표
오른쪽 상단의 졸업사정일자
기준으로 반영된 내용이므로 유의바랍니다.
라. 다전공(복수전공, 부전공)에 대한 오류정정은 다전공 학과(부)로 신청바랍니다.
마. 공학인증 관련 졸업사정 결과 확인은 공학교육혁신센터의 안내에 따라 진행하시기 바랍니다.
5. 오류 및 이수구분 변경 가능 유형
가. 이수구분 오류 : 과목을 수강한 시점 기준의 이수구분으로 인정되는 것이 원칙이며 재수강으로 이수구분이 변경된 경우에는 학과(부)에 확인
나. 전공필수 졸업요건 예외처리 : 과목 폐지나 교과과정 변경 등으로 과목이수가 불가능한 경우 등에 한하여 예외처리 가능 여부를 학과(부)에 확인
다. 재수강, 중복수강 처리 오류 : 재수강 신청을 하였는데 정상적으로 처리되지 않은 경우, 학사팀에 확인 후 오류정정 처리
라. 동일한 과목의 중복(이중) 인정 오류
1) 주전공에서 인정된 과목이 다전공에서 중복 인정되지 않는 것이 원칙이며 중복으로 인정되고 있는 경우 학사팀 확인 후 이수구분 변경 신청
2) 다전공의 필수과목(복필, 부필)과 주전공의 필수과목(전기, 전필 등)이 중복되는 경우 : 학과(부)에 확인 후 다전공 필수 학점(졸업요건)에 대해 예외처리 가능
마. 다전공 이수 관련 오류
1) 다전공을 이수하고 있는데 졸업사정표에 나오지 않거나 포기하였는데 졸업사정표에 나오는 경우
2) 다전공 이수학점 오류 등
바. 편입 및 전과 학점인정 결과 오류 : 학과 확인 후 오류정정 신청
사. 교양선택 이수학점 오류 :
2006 ~ 2008
학년도 입학자
중 교양필수와 교양선택을 입학 당시의 기준대로 이수하였으나 졸업요건 변경으로 인해 교양선택의 졸업요건이 Fail로 나오는 경우
아.
교양필수 이수구분 변경 가능 과목
1) 스프레드시트 고급활용(21506637/교양선택) 또는 컴퓨터활용자격증 취득과정 MOS Excel(50292117/일반선택)을 수강한 경우, 컴퓨터활용1을 대체하여 교양필수로 이수구분 변경 가능(
대체 인정이므로 컴퓨터활용
1
을 수강한 경우 이수구분 변경 불가
)
2) 컴퓨터활용자격증 취득과정 MOS Powerpoint(50278590/일반선택)을 수강한 경우, 컴퓨터활용2를 대체하여 교양필수로 이수구분 변경 가능(
대체 인정이므로 컴퓨터활용
2
을 수강한 경우 이수구분 변경 불가
)
3) 2009년 개설된 섬김의리더십 이론과실천(교양선택)을 이수한 경우 교양필수로 이수구분 변경 가능
4) 위 과목의 이수구분 변경은 2013학년도 이전 입학자에 한함
자. 대학원 과목을 수강하여 학부 전공학점으로 인정이 필요한 경우
(*학사팀에서 일괄 변경예정이며 누락된 경우 별도의 신청 요망)
■ 졸업사정 일정
1. 2015.9.30.(수) ~ 2015.10.8.(목) : 졸업사정 결과 확인 및 오류정정 신청 (학생)
2. 2015.10.14.(수) : 접수된 내용을 정리하여 학사팀으로 전달 (각 학과사무실)
3. 2015.10.21.(수) : 수정작업 완료 및 졸업사정표 반영 (학사팀)
4. 2015.10.26.(월) ~ 2015.10.30.(금) : 수정 결과 확인(학생)
*졸업사정표를 재확인하고 신청결과가 반영되지 않았을 경우 학사팀을 방문하여 재확인
5. 추후 졸업사정 업데이트 계획
가. 정규학기 성적처리 후 졸업사정 업데이트
나. 계절제 수업 성적처리 후 졸업사정 업데이트
* 졸업관련 문의 : sos게시판 및 전화(02-820-0152)
붙 임 : 졸업사정 오류정정, 이수구분 변경 신청서 1부. 끝.
2015. 9.
교 무 처 장"
statistics,2015-2학기 융합전공 신청 안내,,2021.11.21,https://stat.ssu.ac.kr/notice_view.html?category=1&idx=322,"2015-2학기 정보통계보험수리학과
빅데이터(Big Data) 융합전공 신청 세부 사항 안내
!!
1. 신청자격: 신청일 현재 1~3학기 이수자 (1, 2학년)
2. 신청기간: 2015.8.4.(화) 10:00 ~ 2015.8.7.(금) 17:00
3. 신청 절차 및 유의 사항은 첨부된 학교 공문을 참조
4. 유의 사항
•위의 신청 기간 이후에도 추가 신청 기간이 있을 예정
•추가 신청 기간이 정해지는데로 융합 전공 설명회가 있을 예정임. 일시와 장소
는 추후 공지할 예정 (설명회는 잠정적으로 8.24 또는 9.1일). 다과 제공 (피자
+ 음료)
•융합 전공 설명회에서 융합 전공 과목과 졸업 이수 요건에 대한 자세한 설명
이 있을 예정
!
!
2015. 8. 5.
!
정보통계 보험수리 학과장"
statistics,정보통계.보험수리학과 일반(성적우수) 장학생 선발 규정,,2021.11.21,https://stat.ssu.ac.kr/notice_view.html?category=1&idx=321,"정보통계·보험수리학과 일반(성적우수) 장학생 선발에 관한 규정
(2015학년도 2학기 장학생 선발부터 적용)
정보통계·보험수리학과에서는 다음의 교내 자격요건과 학과 선발요건을 고려하여 직전 학기의 성적순으로 일반 장학생을 선발한다.
교내 자격요건
가. 국가장학금 신청/서류제출을 완료한 자
나. 재학 또는 복학 예정자
다. 직전학기 15학점 또는 졸업직전학기 12학점 이상 이수한 자
라. 등록학기가 8학기 이내인 자
마. F학점 포함 직전학기 평점 3.5이상인 자
바. 교내 장학금간 중복수혜 불가
학과 선발기준
가.
직전학기 전공
(
필수
,
선택
,
기초
)
이수 학점이 최소
6
학점
이상인 자
단, 복수전공 또는 부전공에서 취득한 학점은 전공학점으로 인정함
나.
진로지도교수와의 면담에 성실히 응한 자
를 우선적으로 고려함
다. 학년간의 형평성을 고려하여 선발
라. 전액장학금 수혜자는 평점, 전공이수 학점 수, 학년 간 형평성 등을 종합적으로 고려하여 선발함
정보통계·보험수리학과 학과장"
statistics,졸업사정 오류정정/ 이수구분 변경 신청안내,,2021.11.21,https://stat.ssu.ac.kr/notice_view.html?category=1&idx=320,"참조)
4. 유의사항
가. 수강신청 내역, 다전공포기 승인 결과 등이 반영된 졸업사정표를 확인한 후 오류정정 신청을 하시기 바랍니다.
나. 신청시 과목번호, 이수연도 및 학기를 U-saint에서 정확히 확인하고 신청하시기 바랍니다(정확하지 않을 경우 변경처리 되지 않음).
다. 졸업사정표는 졸업시뮬레이션과 달리 수강신청 내역 등을 실시간으로 반영하지 않고 졸업사정표
오른쪽 상단의 졸업사정일자
기준으로 반영된 내용이므로 유의바랍니다.
라. 공학인증 관련 졸업사정 결과 확인은 공학교육혁신센터(828-7140)의 안내에 따라 진행하시기 바랍니다.
5. 오류 및 이수구분 변경 가능 유형
가. 이수구분 오류 : 과목을 수강한 시점 기준의 이수구분으로 인정되는 것이 원칙이며 재수강으로 이수구분이 변경된 경우에는 학과(부)에 확인
나. 전공필수 졸업요건 예외처리 : 과목 폐지나 교과과정 변경 등으로 과목이수가 불가능한 경우 등에 한하여 예외처리 가능 여부를 학과(부)에 확인
다. 재수강, 중복수강 처리 오류 : 재수강 신청을 하였는데 정상적으로 처리되지 않은 경우, 학사팀에 확인 후 오류정정 처리
라. 동일한 과목의 중복(이중) 인정 오류
1) 주전공에서 인정된 과목이 다전공에서 중복 인정되지 않는 것이 원칙이며 중복으로 인정되고 있는 경우 학사팀 확인 후 이수구분 변경 신청
2) 다전공의 필수과목(복필, 부필)과 주전공의 필수과목(전기, 전필 등)이 중복되는 경우 : 학과(부)에 확인 후 다전공 필수 학점(졸업요건)에 대해 예외처리 가능
마. 다전공 이수 관련 오류
1) 다전공을 이수하고 있는데 졸업사정표에 나오지 않거나 포기하였는데 졸업사정표에 나오는 경우
2) 다전공 이수학점 오류 등
바. 편입 및 전과 학점인정 결과 오류 : 학과 확인 후 오류정정 신청
사. 교양선택 이수학점 오류
1)
2006 ~ 2008
학년도 입학자
중 교양필수와 교양선택을 입학 당시의 기준대로 이수하였으나 졸업요건 변경으로 인해 교양선택의 졸업요건이 Fail로 나오는 경우(하단 참조)
2) 2006 ~ 2008학년도 입학자 당시 기준 교양 이수학점: 교양필수 14학점, 교양선택 21학점(인문대, 법대, 사회대) 또는 15학점(자연대, 경통대, 경영대, 공대, IT대)
3) 현재 2006 ~ 2008학년도 교양 이수학점: 교양필수 12학점, 교양선택 23학점(인문대, 법대, 사회대) 또는 17학점(자연대, 경통대, 경영대, 공대, IT대)
아.
교양필수 이수구분 변경 가능 과목
1) 스프레드시트 고급활용(Mos Excel 2010 Expert, 교양선택), 컴퓨터활용 자격증 취득과정(Mos Excel 2010 Expert, 일반선택)을 수강한 경우, 컴퓨터활용1을 대체하여 교양필수로 이수구분 변경 가능(
대체 인정이므로 컴퓨터활용
1
을 수강한 경우 이수구분 변경 불가
)
2) 컴퓨터활용 자격증 취득과정(Mos PPT 2010, 일반선택)을 수강한 경우, 컴퓨터활용2를 대체하여 교양필수로 이수구분 변경 가능(
대체 인정이므로 컴퓨터활용
2
을 수강한 경우 이수구분 변경 불가
)
3) 2009년 개설된 섬김의리더십 이론과실천(교양선택)을 이수한 경우 교양필수로 이수구분 변경 가능
4) 위 과목의 이수구분 변경은 2013학년도 이전 입학자에 한함
자. 대학원 과목을 수강하여 학부 전공학점으로 인정이 필요한 경우
(*학사팀에서 일괄 변경예정이며 누락된 경우 별도의 신청 요망)
* 전체적인 졸업사정 일정
1.
3
월
31(
화
) ~ 4
월
8
일
(
수
):
졸업사정 결과 확인 및 오류정정 신청
(
학생
)
2. 4월 10일(금): 접수된 내용을 정리하여 학사팀으로 전달 (각 학과사무실)
3.
4
월
17
일
(
금
):
수정작업 완료 및 졸업사정표 반영
(
학사팀
)
4.
4
월
20
일
(
월
) ~ 4
월
24
일
(
금
) :
수정 결과 확인 및 이의 신청
(
학생
)
*졸업사정표를 재확인하고 신청결과가 반영되지 않았을 경우 학사팀을 방문하여 재확인
5. 추후 졸업사정 계획
가. 정규학기 성적처리 후 졸업사정 재실행
나. 계절학기 성적처리 후 졸업사정 재실행
* 졸업관련 문의 : 820-0154 (학사팀 졸업 담당자)"
statistics,학사과정 수료생의 졸업예정자 등록 신청 안내,,2021.11.21,https://stat.ssu.ac.kr/notice_view.html?category=1&idx=319,"학사과정 수료생의 졸업예정자 등록 신청 안내
2015-1학기 학사과정 수료생의 졸업예정자 등록 신청을 아래와 같이 안내합니다.
1. 대 상 : 수업연한(4년/건축학전공 5년)을 초과한 학생 중 졸업에 필요한 학점은 모두 이수하였으나 졸업논문/졸업종합시험 미이수(논문 및 시험 대체 포함)로
학적상태가
“
수료
”
인 학생 중
2015
년
8
월 졸업을 하고자 하는 학생
(*2015년 2월 27일 기준 수료처리된 학생과 그 이전 수료생 포함)
2. 내 용
가. 학사과정 수료생이 졸업을 하기 위해서는 졸업하고자 하는 연도/학기 초 소정기간에 ‘졸업예정자 등록 신청’을 하여야 졸업논문/졸업종합시험 제출 또는 응시 가능(이미 제출 또는 응시한 경우에도 최종 성적처리 및 졸업사정표 반영을 위해 신청 필수)
나. 수료생이 졸업예정증명서를 발급하기 위해서는 졸업예정자 등록을 신청하고 승인처리 되어야 함 (*재학증명서는 발급 불가)
3.
신청기한
: 3
월
24
일
(
화
) 09:00 ~ 4
월
7
일
(
화
) 17:00
4. 신청방법 : 유세인트 - 학사관리 - 성적/졸업 - 수료생 졸업논문/시험 신청(졸업예정자 등록)
5. 유의사항
가.
3
월
27
일
, 4
월
3
일
, 4
월
10
일에 졸업예정자 등록 신청 내역을 각각 승인 처리
할 예정이며 승인 처리 이후부터 졸업예정증명서 발급가능함
나. 지난 학기에 졸업예정자 등록을 했으나 졸업불가로 다시 수료상태가 된 학생도 졸업을 하고자 할 경우 재신청해야 하며 졸업예정자 등록을 하지 않은 수료생은 2015년 8월 졸업이 불가하니 유의
다. 학적상태가 재학인 학생(수강신청을 하고 수업을 이수중인 학생)은 신청 대상이 아니며,
재학생은
2015-1
학기 기준 수강신청한 학점을 포함한 취득학점이
127
학점을 초과하는 경우 자동으로 졸업예정자로 등록
(3
월
23
일 처리 예정
)
됩니다.
2015.03.06.
교 무 처 장"
statistics,2015-1학기 조기졸업 신청 안내,,2021.11.21,https://stat.ssu.ac.kr/notice_view.html?category=1&idx=318,"2015학년도 1학기 조기졸업 신청 절차를 아래와 같이 안내합니다.
1. 신청자격  가. 4개 학기를 이수하고,
5
번째 학기
를 이수 중인 3학년 1학기 재학생  나. 이수한 4개 학기 학적부 성적(기존 열람용)의 총 평점평균이
4.0
이상
인 학생
2. 조기졸업 요건  가. 조기졸업 신청(5번째 학기 초) 승인  나. 졸업사정표 상의 모든 졸업요건 충족(졸업논문/종합시험 포함)  다. 최종 학적부 성적(열람용) 총 평점평균 4.0 이상
3. 신청기간 :
3
월
30
일
(
월
) 09:00 ~ 4
월
3
일
(
금
) 17:00
4. 서약서 작성 및 제출 기간 :
4
월
6
일
(
월
) 09:00 ~ 4
월
10
일
(
목
) 17:00
*서약서 제출 기간내 학사팀에 방문하여 신청서를 작성하여 제출하지 않으면 조기졸업 신청이 승인되지 않습니다.
5. 신청방법 :
u-SAINT
→
학사관리
→
성적
/
졸업
→
조기졸업 신청 및 조회 프로그램에서 신청
*서약서는 학사팀에서 수령하여 작성 후 제출
6. 유의사항  가.
신청 자격이 되지 않는 학생들은 신청할 수 없습니다
.
나. 조기졸업 신청 승인 결과는
4
월
13
일
(
월
)
이후 동일 프로그램에서 할 수 있습니다.  다. 휴학하고자 하는 학생은 승인 결과를 확인한 후 휴학을 신청하시기 바랍니다.  라. 조기졸업 요건이 모두 충족한 경우, 6학기 혹은 7학기(건축학 전공자는 8학기 혹은 9학기) 이수 후 조기졸업을 할 수 있으며 조기졸업 신청을 하였더라도 8학기(건축학 전공자는 10학기) 등록시에는 남은 학점에 관계없이 전액 등록금을 납부하여야 합니다.
7. 관련 문의 : 02-820-0154 (학사팀 졸업 담당)
2015. 03. 06.
교  무  처  장"
statistics,2015학년도 졸업시험,,2021.11.21,https://stat.ssu.ac.kr/notice_view.html?category=1&idx=317,"2015학년도 졸업시험 공고
정보통계·보험수리학과 재학생 중 5학기 이상 수료생을 대상으로 아래와 같이 졸업시험을 시행할 예정입니다 (졸업필수요건). 해당 학생들은 졸업시험에 관한 내규를 참고하여, 학과사무실에 비치된 양식에 프로젝트 또는 졸업시험 선택과목을 작성해 주시기 바랍니다.
일시: 2015년 3월 7일 오전 9시 ~ 오후 1시 (예정)
장소: 조만식 기념관 311호
정보통계·보험수리학과장"
statistics,2015-1학기 학과근로장학생 선발 안내,,2021.11.21,https://stat.ssu.ac.kr/notice_view.html?category=1&idx=316,"1. 근로장학생 자격 및 선발기준
가. 2015학년도 1학기 국가장학금을 신청/서류제출을 완료한 자
1) 1차 신청기간에 완료하여 소득분위가 조회된 자에 한함.
2) 국가장학금을 신청할 수 없는 대한민국 국적 미소지자도 선발 가능
(단, 외국인유학생은 선발 불가)
나. 2015학년도 1학기 재학 및 복학예정자로 해당학기 등록금 납부 예정인 자
1) 2015학년도 1학기 전 등록휴학 후 복학시 선발대상에서 제외(등록대체자)
2) 학기 중 미등록, 입학취소, 복학취소 등으로 인한 학적변동시 모든 장학금 취소
3) 2015학년도 1학기 기준 2∼7학기 재학생만 가능 (1학기 및 8학기 신청불가)
다. 직전학기 이수학점 15학점 이상 및 F학점 포함 학적부성적 2.5 이상인 자
라. 선발학기 기준 소속학과(부) 학생만 선발 가능(타과학생 선발 불가)
마.
(
중요사항
)
선발된 학생은 소속학과에서 지정된 근로시간 동안 근무해야 하며,
학기 중 휴학 등 본인의사에 의해 중도포기시 근로장학생 자격이 취소되며
장학금 일체 지급불가
바. 타 장학금과 중복수혜 가능 (교내/학과근로, 국가근로장학금간 중복수혜 불가)
※ 기 선발된 장학금과 학과근로장학금을 포함하여 수업료 초과 불가
사. 타 장학금과 중복수혜 가능 (근로장학금간 중복수혜 불가)
2. 신청방법가.학생신청방법 :
u-SAINT포털 → 등록/장학 → 장학메뉴 ‘근로장학금’ 신청’ → 학과근로B신청(통계학과의 경우 B만 신청가능) → 지원서 출력 →
지원서
(u-SAINT
출력본
)
제출
※ 근로부서 : 학과사무실 근로, 교수님보조 근로, 전산근로
3. 온라인접수 및 서류제출기간 : 2015년 2월 11일(수) ∼ 16일(월) 10:00∼17:00"
statistics,2015-1 학석사연계과정 신청 및 선발 안내,,2021.11.21,https://stat.ssu.ac.kr/notice_view.html?category=1&idx=315,"‘학·석사연계과정’ 신설 및 2015학년도 1학기 선발을 다음과 같이 안내합니다.
1. 학·석사연계과정 신설
가. 개요
1) 학사과정 교육과정과 대학원 교육과정을 상호 연계하여 운영하는 과정
2) 학사과정 3.5년(건축학부 건축학전공은 4.5년), 석사과정 1.5년에 학사학위 및 석사학위 취득
나. 목적 : 본교 우수 학부생을 대학원으로 유치하여 대학원 경쟁력 강화
다. 근거규정
1) 고등교육법 시행령 제20조(학위과정의 연계운영)
2) 본교 학칙 제51조(학위과정의 연계)
라. 운영방안
1) 모집학과 : 학사과정과 석사과정에 동일(또는 유사)학과가 있는 학과(계약학과 제외)
2) 모집인원 : 석사과정 입학정원의 20%
3) 지원자격 :
다음 각호 모두에 해당되는 자
가) 지원일 당시 학사과정 4학기 또는 5학기(건축학부 건축학전공은 6학기 또는 7학기)를 이수한 자
나) 재수강 이전 과목, 학점포기한 과목, F학점 과목 등을 포함한 전체 과목의 총평점평균이 3.3/4.5 이상인 자
다) 7학기에 학사과정의 졸업요건을 충족할 수 있는 자
라) 지원하고자 하는 일반대학원 학과 주임교수와 지도교수의 추천을 받은 자
마) 지원하고자 하는 일반대학원의 동일(또는 유사)학과를 주전공 또는 복수전공하는 자(부전공, 연계전공은 해당없음)
2. 2015학년도 1학기 학·석사연계과정 신청 및 선발
가.
지원기간
: 2014
년
12
월
17
일
(
수
)
∼
2014
년
12
월
30
일
(
화
) 10:00
∼
17:00
나. 지원방법 : 제출서류를 구비하여 대학원 교학팀(웨스트민스터홀 658호)로 방문접수
다. 제출서류 : 학·석사연계과정신청서 1부.
라. 합격자 발표 :
2015
년
1
월
23
일
(
금
)
예정
마. 문의처 : 대학원 교학팀(02-820-0258∼9, grad@ssu.ac.kr)"
statistics,2015-1학기 국가장학금 신청안내,,2021.11.21,https://stat.ssu.ac.kr/notice_view.html?category=1&idx=314,"2015-1학기 국가 장학금 신청안내
1. 장학금명 : 국가장학금 (국가장학금Ⅰ유형 신청 시 Ⅱ유형은 자동 신청)
2. 장학금 신청 및 서류 제출기간
가. 장학금 신청 : 한국장학재단 홈페이지 (www.kosaf.go.kr)
나.
장학금 온라인 신청기간 : 2014년 11월 20일(목) ～ 12월 8일(월) 18:00
- 2015년부터 한국장학재단의 소득분위 산정방식 변경으로 인해 장학금 신청 기간이
단축 됨
다. 장학금 서류 제출기간 (해당자에 한함) : 2013년 12월 19일(목)～2014년 1월 17일(금) 18:00
3. 제도안내
가. 국가장학금을 신청하지 않으면, 장학종류에 따라 교내 및 교외장학금을 수혜할 수 없음
나. 국가장학금은 수업료 범위 내에서 교내 및 교외 장학금과 중복수혜가 가능함
다. 2015년부터 소득분위 산정방식 변경으로 ‘가구원 정보동의’가 신설 됨 (붙임 참조)
- 가구원 정보동의 미 진행 시 해당 학생 소득분위가 조회되지 않으므로 반드시
‘가구원 정보동의’가 이루어져야 함
4. 장학금 신청자격
가. 본교 학부 정규 8학기 이내 재학생 (2015학년도 1학기 재학 예정인 학생)
나. 대한민국 국적자 (주민등록상 해외 이주 신고자, 영주권자 제외)
다. 등록휴학으로 인해 2015-1학기 무등록 복학하는 학생의 경우 국가장학금Ⅱ유형
수혜 불가 (단, 국가장학금Ⅰ유형은 재단 방침을 따름)
5. 장학금액 : 현재 미정 (2015년 2월 결정 예정)
6. 신청자격 및 세부 선발방법 : 붙임 참조"
statistics,졸업 프로젝트,,2021.11.21,https://stat.ssu.ac.kr/notice_view.html?category=1&idx=313,"졸업 프로젝트 신청받습니다.
신청자는 학과사무실로 방문하여 신청하기 바랍니다.
신청 기간 : 10월 15일 (수)~ 10월 21일 (화)"
statistics,2014-2학기 정보통계 보험수리학과 근로장학생 선발 실시 안내,,2021.11.21,https://stat.ssu.ac.kr/notice_view.html?category=1&idx=312,"1.
근로장학생 자격 및 선발기준
가
.
2014
학년도 2
학기 한국장학재단 국가장학금을 신청완료
(
서류제출완료
)
한 자
(1
차 신청기간에 신청완료자에 한함
)
나
.
직전학기 이수학점
15
학점 이상 및 평점평균
2.5
이상인 자
다
. 2014
학년도
2
학기 재학(예정)생
(2014
학년도
2
학기 기준
2
∼
7
학기 재학생만 가능
,
1
학기 및
8
학기 재학생 신청불가
)
라
.
선발학기 기준 소속학과
(
부
)
학생만 선발 가능
(
타과학생 선발 불가
)
마
.
해당학기 이전 등록휴학 후 복학하는 자
(
등록대체자
)
선발 불가
바
.
학기 중 휴학 등 본인의사에 의해 중도포기하는 경우
,
근로장학생 자격이
취소되며 장학금 일체 지급불가
사
.
타 장학금과 중복수혜 가능
(
근로장학금 및 봉사장학금간 중복수혜 불가
)
※
기 선발된 장학금과 학과근로장학금을 포함하여 수업료 초과 불가
2.
신청방법
가
.
학생신청방법
:
u-SAINT
포털
→
등록
/
장학
→
장학메뉴
‘
근로장학금
’
신청
’
→
학과근로
B
신청
(
통계학과의 경우
B
만 신청가능
)
→
지원서 출력
→
지원서
(u-SAINT
출력본
)
제출
※
근로부서
:
학과사무실 근로
,
교수님보조 근로
,
전산근로
3.
온라인접수기간
: 2014
년
8
월
18
일
(
월
)
∼
22
일
(
금
) 10:00
∼
17:00
4.
학과서류제출기간
: 2014
년
8
월
18
일
(
월
)
∼
22
일
(
금
) 10:00
∼
17:00"
statistics,"자격시험, 인터넷강의 지원 확대 안내",,2021.11.21,https://stat.ssu.ac.kr/notice_view.html?category=1&idx=311,"자격시험, 인터넷강의 지원 확대 안내
◉ SAS 자격시험 지원
지원범위: 1차 시험: 반액지원
2차 시험: 전액지원
(기존 자격시험과 동일하게 합격증, 통장사본, 입금된 내역을 가지고 학과사무실로 오세요.)
※ 선착순으로 지원 받습니다.
◉ 사회조사 분석사 인터넷 강의 지원
지원범위: 100%학과 부담 (신청서는 교수님들께서 검토하시고 지원여부 결정)
신청기간: 2014년 6월 12일(목) ~ 6월 23일 (월)
[
시간엄수
]
신청방법: 학과 사무실로 문의해 주세요. (02-820-0440)"
statistics,2014학년도 2학기 국가장학금,,2021.11.21,https://stat.ssu.ac.kr/notice_view.html?category=1&idx=310,"2014학년도 2학기 한국장학재단 국가 장학금 신청하세요.
1. 장학금명: 국가장학금 (국가장학금 I 유형 신청시 II유형은 자동 신청)
2. 장학금 신청 및 서류 제출기간
가. 장학금 신청: 한국장학재단 홈페이지
나, 장학금 온라인 신청기간 : 2014학년 6월 10일(화) ~ 6월 30일 (화) 18:00
다. 장학금 서류 제출기간 (해당자에 한함) : 2014년 6월 10일(화) ~ 7월 3일(목) 18:00"
statistics,여름방학 특강,,2021.11.21,https://stat.ssu.ac.kr/notice_view.html?category=1&idx=309,"2014년 1학기 정보통계보험수리학과
여름방학 특강
정보통계보험수리학과에서는 여름 방학 중 아래의 특강을 마련하였습니다.
1. 보험수리 특강
-7월1일부터 22일까지 매주 화, 목 오전 9:30~12:30 (7회 진행)
2. 계리모형론 특강
-6월 30일부터 7월 21일까지 매주 월, 수, 금 오전 9:30~12:30 (10회 진행)
3. 금융공학 특강
-8월 7일부터 14일까지 매주 목요일 오전 10:00~12:00, 13:00~15:00 (2회 진행, 필요시 1회 추가)
4. 연금수리 특강
-8월 5일(화), 12일(화), 19일(화) 각 10:00~12:00 (3회 진행, 필요시 1회 추가)
※수강을 원하는 학생은 학과사무실에 비치된 양식에 신청해 주시기 바랍니다.
정보통계·보험수리학과장"
statistics,2014-1학기 졸업사정 오류정정 및 이수구분변경 신청 안내,,2021.11.21,https://stat.ssu.ac.kr/notice_view.html?category=1&idx=308,"2014학년도 1학기 졸업예정자에 대한 졸업사정 오류정정/이수구분 변경 신청 및 졸업사정 일정을 아래와 같이 안내합니다.
* 졸업사정 오류정정/ 이수구분 변경 신청
1. 대상자 :
2014년 8월 졸업예정자 (현재 8학기 이상 이수중인 학생)
2. 신청기간 :
3월 31일(월) ~ 4월 11일(금)
3. 신청방법
가. u-SAINT 접속 → 학사관리 → 성적/졸업 →
졸업사정표(졸업예정자) 조회 및 출력
나. 확인 후 오류사항이 있으면 오류정정/이수구분 변경 신청서를 작성하여 졸업사정표와 함께
각 학과(부) 사무실로 제출
(양식 첨부 참조)
4. 유의사항
가. 수강신청 내역, 학점포기 승인 결과 등이 반영된 졸업사정표를 확인한 후 오류정정 신청을 하시기 바랍니다.
나. 신청시 과목번호, 이수연도 및 학기를 U-saint에서 정확히 확인하고 신청하시기 바랍니다(정확하지 않을 경우 변경처리 되지 않음).
다. 졸업사정표는 졸업시뮬레이션과 달리 수강신청 내역 등을 실시간으로 반영하지 않고 졸업사정표
오른쪽 상단의 졸업사정일자
기준으로 반영된 내용이므로 유의바랍니다.
라. 공학인증 관련 졸업사정 결과 확인은 공학교육혁신센터의 안내에 따라 진행하시기 바랍니다.
5. 오류 및 이수구분 변경 가능 유형
가. 이수구분 오류 : 첨부파일의 이수구분 변경 원칙을 확인하고 인정 가능한 사항만 정정 신청
나. 전공필수 졸업요건 예외처리 : 첨부파일의 예외 인정 원칙을 확인하고 인정 가능한 사항만 정정 신청 (추가 예외기준은 학과 사무실에 확인)
다. 재수강, 중복수강 처리 오류 : 재수강 신청을 하였는데 정상적으로 처리되지 않은 경우 등
라. 동일한 과목의 중복(이중) 인정 오류
1) 주전공에서 인정된 과목이 다전공에서 중복 인정되지 않는 것이 원칙이며 중복으로 인정되고 있는 경우 학사팀 확인 후 이수구분 변경 신청
2) 다전공의 필수과목(복필, 부필)과 주전공의 필수과목(전기, 전필 등)이 중복되는 경우 : 학과사무실에 확인 후 예외처리 신청
마. 다전공 이수 관련 오류
1) 다전공을 이수하고 있는데 졸업사정표에 나오지 않거나 포기하였는데 졸업사정표에 나오는 경우
2) 다전공 이수학점 오류 등
바. 편입 및 전과 학점인정 결과 오류 : 학과사무실 확인 후 오류정정 신청
사. 교양선택 이수학점 오류
1) 2006 ~ 2008학년도 입학자 중 교양필수와 교양선택을 입학 당시의 기준대로 이수하였으나 졸업요건 변경으로 인해 교양선택의 졸업요건이 Fail로 나오는 경우(하단 참조)
2) 2006 ~ 2008학년도 입학자 당시 기준 교양 이수학점: 교양필수 14학점, 교양선택 21학점(인문대, 법대, 사회대) 또는 15학점(자연대, 경통대, 경영대, 공대, IT대)
3) 현재 2006 ~ 2008학년도 교양 이수학점: 교양필수 12학점, 교양선택 23학점(인문대, 법대, 사회대) 또는 17학점(자연대, 경통대, 경영대, 공대, IT대)
아. 교양필수 이수구분 변경 가능 과목
1) 스프레드시트 고급활용(Mos Excel 2010 Expert, 교양선택), 컴퓨터활용 자격증 취득과정(Mos Excel 2010 Expert, 일반선택)을 수강한 경우, 컴퓨터활용1을 대체하여 교양필수로 이수구분 변경 가능(대체 인정이므로 컴퓨터활용1을 수강한 경우 이수구분 변경 불가)
2) 컴퓨터활용 자격증 취득과정(Mos PPT 2010, 일반선택)을 수강한 경우, 컴퓨터활용2를 대체하여 교양필수로 이수구분 변경 가능(대체 인정이므로 컴퓨터활용2을 수강한 경우 이수구분 변경 불가)
3) 2009년 개설된 섬김의리더십 이론과실천(교양선택)을 이수한 경우 교양필수로 이수구분 변경 가능
4) 위 과목의 이수구분 변경은 2013학년도 이전 입학자에 한함
자. 대학원 과목을 수강하여 학부 전공학점으로 인정이 필요한 경우
(*학사팀에서 일괄 변경예정이며 누락된 경우 별도의 신청 요망)
* 전체적인 졸업사정 일정
1.
3월 31(월) ~ 4월 11일(금) : 졸업사정 결과 확인 및 오류정정 신청 (학생)
2. 4월 16일(수) : 접수된 내용을 정리하여 학사팀으로 전달 (각 학과사무실)
3.
4월 23일(수) : 수정작업 완료 및 졸업사정표 반영 (학사팀)
4.
4월 24일(목) ~ 4월 31일(목) : 수정 결과 확인 및 이의 신청 (학생)
*졸업사정표를 재확인하고 신청결과가 반영되지 않았을 경우 학사팀을 방문하여 재확인
5. 추후 졸업사정 계획
가. 정규학기 성적처리 후 졸업사정 재실행
나. 계절학기 성적처리 후 졸업사정 재실행
* 졸업관련 문의 : 820-0154 (학사팀 졸업 담당자)"
statistics,2014년 졸업프로젝트 신청,,2021.11.21,https://stat.ssu.ac.kr/notice_view.html?category=1&idx=307,"2014학년도 졸업 프로젝트 신청받습니다.
신청자는 학과사무실로 방문하여 신청하기 바랍니다.
신청 기간 : 3월 20일 (목)~ 3월 27일 (목)"
statistics,[채용정보] 장원조경 재무회계담당 신입직원,,2021.11.20,https://stat.ssu.ac.kr/notice_view.html?category=1&idx=306,"장원조경 채용안내
담당업무 - 급여관리 및 결산업무
-  일반사무/ 매입출 관리
- 출납 업무
- 전표입력 및 부가세신고
자격요건  -  IT활용 능력자 우대
- 기본 OA(엑셀, 파워포인트, 워드)활용 능숙자
- 동종업계 경력자 우대
- 더존프로그램 사용가능 자
- 신용정보에 결격사유가 없는자
(1 )자격: 대학교 졸업이상
(2)  업무 : 재무회계
(3)  필수제출서류 :  이력서, 자기소개서, 졸업증명서, 성적증명서, 기타 자격증 사본
(4)  기간 : 충원시
(5 ) 홈페이지 : www.ejangwon.co.kr
* 관심있는 학생은 강근석교수님께 연락바랍니다."
statistics,2014 -1 정보통계보험수리학과 학과근로장학생 선발 안내,,2021.11.20,https://stat.ssu.ac.kr/notice_view.html?category=1&idx=305,"1.
근로장학생 자격 및 선발기준
가
.
2014
학년도
1
학기 한국장학재단 국가장학금을 신청완료
(
서류제출완료
)
한 자
(1
차 신청기간에 신청완료자에 한하며
,
소득분위제한 없음
)
나
.
직전학기 이수학점
15
학점 이상 및 평점평균
2.5
이상인 자
다
. 2014
학년도
1
학기 재학생
(2014
학년도
1
학기 기준
2
∼
7
학기 재학생만 가능
,
1
학기 및
8
학기 재학생 신청불가
)
라
.
선발학기 기준 소속학과
(
부
)
학생만 선발 가능
(
타과학생 선발 불가
)
마
.
해당학기 이전 등록휴학 후 복학하는 자
(
등록대체자
)
선발 불가
바
.
학기 중 휴학 등 본인의사에 의해 중도포기하는 경우
,
근로장학생 자격이
취소되며 장학금 일체 지급불가
사
.
타 장학금과 중복수혜 가능
(
근로장학금간 중복수혜 불가
)
※
기 선발된 장학금과 학과근로장학금을 포함하여 수업료 초과 불가
2.
신청방법
가
.
학생신청방법
:
u-SAINT
포털
→
등록
/
장학
→
장학메뉴
‘
근로장학금
’
신청
’
→
학과근로
B
신청
(
통계학과의 경우
B
만 신청가능
)
→
지원서 출력
→
지원서
(u-SAINT
출력본
)
제출
※
근로부서
:
학과사무실 근로
,
교수님보조 근로
,
전산근로
3.
온라인접수기간
: 2014
년
2
월
17
일
(
월
)
∼
21
일
(
금
) 10:00
∼
17:00
4.
학과서류제출기간
: 2014
년
2
월
17
일
(
월
)
∼
21
일
(
금
) 10:00
∼
17:00"
statistics,2014학년도 졸업시험 공고,,2021.11.20,https://stat.ssu.ac.kr/notice_view.html?category=1&idx=304,"2014학년도 졸업시험 공고
정보통계·보험수리학과 재학생 중 5학기 이상 수료생을 대상으로 아래와 같이 졸업시험을 시행할 예정입니다 (졸업필수요건). 해당 학생들은 졸업시험에 관한 내규를 참고하여, 학과사무실에 비치된 양식에 프로젝트 또는 졸업시험 선택과목을 작성해 주시기 바랍니다.
일시: 2014년 3월 8일 오전 9시 ~ 오후 1시 (예정)
장소: 추후공지
정보통계·보험수리학과장"
statistics,겨울방학 보험계리사 시험 대비 특강,,2021.11.20,https://stat.ssu.ac.kr/notice_view.html?category=1&idx=303,"2013년 2학기 정보통계보험수리학과
겨울방학 보험계리사 시험 대비 특강
정보통계보험수리학과에서는 보험계리사 자격증 시험 대비를 위하여 겨울 방학 중 아래의 특강을 마련하였습니다.
1. 보험계리사 1차 보험업법, 계약법 핵심내용 정리
-2014년 1월 중 (날짜는 학생들과 협의 후 확정)
2. 보험계리사 1차 보험수학 문제풀이
-2014년 1~2월 진행
3. 보험계리사 2차 보험수리학 문제풀이
-2014년 1~2월 진행
※수강을 원하는 학생은 학과사무실에 비치된 양식에 신청해 주시기 바랍니다.
정보통계·보험수리학과장"
statistics,2013 한국통계학회 추계학술 논문발표회 및 정기총회 안내,,2021.11.20,https://stat.ssu.ac.kr/notice_view.html?category=1&idx=302,"2013년 추계학술논문발표회 및 정기총회 안내
2013년 추계학술논문발표회 및 정기총회가 동국대학교에서 11월 1일(금)～2일(토) 양일간 개최됩니다. 논문발표, 학회장초청강연, 一松초청강연, Tutorial 및 리셉션을 가질 예정이오니, 회원들께서는 다음 사항을 참고하시어 학술논문발표회가 성공리에 치러질 수 있도록 많은 참여와 관심 부탁드립니다.
▪주제 : Statistical Challenges in High Dimensional Data Analysis
▪장소 : 동국대학교
￭ 사전등록 안내
학술논문발표회의 원활한 진행을 위하여 참가비 사전등록을 아래와 같이 받고자 합니다. 특히 회원과 비회원의 참가비가 차등 부과되오니 이점 착오 없으시기 바랍니다.
[등록일] 2013년 9월 10일(화) - 10월 14일(월)
[등록방법] 학회 홈페이지(
http://www.kss.or.kr
)에서 온라인 접수
[납부방법] 계좌입금(한국씨티은행, 186-00189-257, 예금주: 한국통계학회) 또는 학술논문발표회 웹페이지 에서 신용카드 결제
※ 참가비는 반드시 본인 이름으로 송금하여 주시기 바랍니다.
※ 당일등록에서는 현금결제만 가능하오니, 카드결제를 하셔야 하는 경우에는 사전등록기간을 이용하시기 바랍니다.
※ 사전등록 취소는 10월 21일(월)까지 가능합니다.
※ 이번 튜토리얼은 성긴벌점함수를 이용한 고차원 회귀모형의 추정에 대한 전반적인 내용을 개괄적으로 소개할 예정입니다. 다양한 성긴 벌점함수와 그 특징 및 최적화알고리즘에 대해서 살펴보게 될겁니다. 유익한 기회이오니, 많은 참여를 바랍니다. 특히 귀교의 대학원생들에게 널리 홍보해 주시기 바랍니다
※ 리셉션은 사전등록 시 신청자에 한하여 입장되며(단, 비회원 학생의 경우 등록불가) 당일 등록하는 분들은 입장이 불허될 수 있습니다.
※ 당해년도 연회비가 납부되어야 회원가로 참가비가 적용됩니다.
※초청 강연 연사 소개
∙Nanny Wermuth(학회장초청강연)
Nanny Wermuth교수는 1972년 미국의 하버드 대학에서 통계학 박사학위를 받은 뒤 graphical model을 통한 다변량분석과 모델링 분야에서 많은 기여를 하였다. 1978년부터 1996년까지 University of Mainz에서 교수로서 통계학과 심리학 방법론 연구를 해왔으며, 그 공로로 1992년에 Sir David Cox교수와 공동으로 Max-Planck 연구상을 수상하였다. 1997∼2000년의 4년 동안 Mannheim의 Center of Survey Research의 책임자로 역임하였고, 1989년, 2001년에 각각 ASA와 IMS의 fellow로 선정되었다.
2003년부터 스웨덴의 Chalmers University of Technology, 수리과학과에서 교수로 재직 중이며, 2002년에 독일학술원회원으로 선정되었고, 2011년에 International Agency of Research on Cancer에서 Senior Scientist Research Award를, 2013년에 독일 통계학자에게 수여되는 최고의 메달인 DAGSTAT메달을 수여받았다.
Graphical modelling과 다변량분석 분야에서 80편 이상의 학술논문과 5권 이상의 저서가 있으며, google scholar상에 잡힌 citation수가 약 4,000회 정도이다.
∙Lixing Zhu(일송초청강연)
Lixing Zhu교수는 1982년에 Anhui University에 수학 분야로 학사 학위를 받았으며 1985년도에 University of Science and Technology of China에서 수리통계학 분야로 석사 학위를 1990년도에는 Chinese Academy of Sciences에서 확률과 수리통계학 분야에서 박사 학위를 취득했다. Zhu교수는 Multivariate Data analysis, Dimension-reduction and variable selection, Biostatistics, Bioinformatics, Monte Carlo methods in statistical inference 분야에서 현재까지 240여편의 peer reviewed 논문을 출간하였다.
Zhu교수는 이러한 우수한 연구 업적으로 인해 1997년에 Outstanding Young Scientist Award, Natural Science Foundation of China를 수상했으며 2000년에는 독일의 Humboldt Research Award for Senior Scientists 상을 수상하였다. 또한 2003년에는 International Statistical Institute 의 Elected Member로 또 같은 해에 Institute of Mathematical Statistics의 Fellow로 선정되었다. 2007년에는 American Statistical Association의 Fellow 로 선정되었다.
Zhu교수는 2001년부터 201년까지 수학분야에서 가장 인용빈도가 높은 논문을 쓴 학자로 명성을 날리고 있다 (Highly cited researcher(2001-2010) in Mathematics(
www.highlycited.com
.)). 또한 통계학자로는 최초로 2013년도에 The National Natural Science Prize of China 상을 수상하는 영예를 안았다.
Zhu교수는 현재 세계 여러 유수 저널인 TEST Statistica Sinica Journal of Nonparametric Statistics Far-East Journal of Mathematics Acta Applied Mathematica Sinica 의 associate editor 와 editorial Board member로 활동하고 있다.
※Tutorial 강연 내용 소개
최근의 과학기술의 발전으로 고차원자료를 쉽게 얻을 수 있게 되었다. 생물정보학에서 모아지고 있는 자료는 쉽게 그 차원이 100,000이 넘어가고 있다(예: SNP자료). 이미지자료 분석에서는 이미지의 픽셀의 수가 자료의 차원이 되며 보통 각 이미지는 1,000,000개 이상의 픽셀로 구성되어 있다. 금융에서 수백개의 주식의 최적의 포트폴리오를 찾기 위하여는 공분산 행렬을 추정하여야 하는데, 공분산 행렬의 차원은 수백의 제곱에 비례한다.
고차원 자료에서의 효율적인 추정 및 예측을 위하여 20세기 후반부터 벌점화방법에 대한 관심이 고조되고 있다. 특히, 성긴 추정량(sparse estimator)를 제공하는 방법인 Lasso, SCAD, Elastic Net 등의 다양한 벌점함수등이 제안되었으며 그 우수성이 검증되었고 다양한 분야에서 쓰이고 있다.
본 튜토리얼은 성긴벌점함수를 이용한 고차원 회귀모형의 추정에 대한 전반적인 내용을 3개의 부분으로 나누어서 다룬다. 1부에서는 다양한 성긴 벌점함수를 소개하고 각 특징 등에 대해서 설명한다. 그리고 성긴벌점함수의 이용에 필수적인 최적화알고리즘에 대해서 설명한 후 이의 통계학적 의미에 대해서 논의한다. 2부에서는 이론적 내용을 다루는데 특히 볼록 벌점함수와 비볼록벌점함수의 이론적 차이에 대해서 설명한다. 3부에서는 성긴벌점함수의 최근의 연구주제를 소개하는데, 이단계 벌점화 방법론, 공변량 추정, 그리고 벌점화 강건회귀 등에 대해서 다룬다.
사 단 법 인           한 국 통 계 학 회 장 조 신 섭"
statistics,학과(부) 재학생 영어역량 강화 프로그램 운영 안내,,2021.11.20,https://stat.ssu.ac.kr/notice_view.html?category=1&idx=301,"< 학과(부) 재학생 영어역량 강화 프로그램 운영 안내 >
가. 프로그램
과정
항목
토익
토익 스피킹
오픽
토플
정 원 (명)
300
50
50
30
나. 교육기간 : 2013.11.4(월) ~ 12.6(금)
다. 모집기간 : 2013.10.10.(목) ~ 10.30(수)
라. 신청방법 : 각 학과(부)별 단체 신청(선착순)
※ 학과(부)별 명단 접수 마감은 10월 25일(금) 17:00까지
마. 비 용 : 붙임 참조
바. 문 의 : 828-7061,7062"
statistics,"2013학년도 2학기 SAS, EXCEL 특강",,2021.11.20,https://stat.ssu.ac.kr/notice_view.html?category=1&idx=300,"2013학년도 2학기 정보통계·보험수리학과
SAS, EXCEL 특강
정보통계보험수리학과에서는 학생들의 실무적 전산 처리 능력 향상을 위하여 특강을 진행합니다. 수강을 원하는 학생들은 학과사무실에 비치된 양식에 신청해 주시기 바랍니다. (선착순 마감)
■ 제 목
1. Excel 함수활용 및 기능익히기
2. SAS 프로그래밍 실무 및 기초통계분석
→ 데이터의 이해와 분석, 통계방법론의 기초 다지기
→ 회사업무의 빠른 적응을 위한 엑셀 및 SAS 다루기(자료작성, 통계분석, 보고서 작성 등)
■ 대 상 : 숭실대학교 정보통계·보험수리학과 학부생 및 대학원 석사과정
■ 강의기간 및 시간
EXCEL
오후 07시 30분 ~ 10시 30분 (3시간 강의) × 3회
2013년 10월 8일(화)/16일(수)/23일(수)
조재광
(9H)
SAS 데이터스텝
SAS 기초통계분석(선별)
오후 07시 30분 ~ 10시 30분 (3시간 강의) × 4회
2013년 10월 30일(수) / 11월 6일(수)/13일(수)/20일(수)
조재광
(12H)
■ 강의내용
엑
셀
1) 엑셀 기본 기능 익히기
- 단축키 설정, 편리한 아이콘 및 주요 기능 설명
2) 엑셀함수 1 - 수치처리 함수
- SUMIF, PRODUCT, TRUNC, FLOOR, CEILING, RANDBETWEEN, SUMPRODUCT 함수 등
3) 엑셀함수 2 - 날짜시각 함수
- TODAY, NOW, YEAR, MONTH, EDATE, EOMONTH, YEARFRAC 함수 등
4) 엑셀함수 3 - 문자열처리 함수
- LOWER, UPPER, PROPER, SEARCH, FIND, LEN, CONCATENATE 함수 등
5) 엑셀함수 4 - 정보, 조회 함수
- ISERROR, ISBALNK, ROW, COLUMN, OFFSET, INDEX, VLOOKUP, HLOOKUP 함수 등
6) 엑셀함수 5 - 통계 함수
- COUNT, MEDIAN, MODE, LARGE, SMALL, VAR, COVAR, RANK, NORMSDIST 함수 등
7) 엑셀함수 응용
- 보고서 작성을 위한 응용
․ 분야 : 통계 & 보험
기타분야
․ 중요도 : 100%(필수)
․ MS MOS과정과
비교시 함수위주의
수업으로 차별화 됨
S
A
S
1) SAS 데이터 핸들링 및 주요 프로시져, SQL
- DATA STEP 1장~18장 및 주요 프로시져
2) SAS 주요 함수
3) 통계분석 - 기초통계분석 등
․ 분야 : 통계 &
보험일부분야
․ 중요도 : 80%
․ DB 및 통계 분석
(SAS KOREA, 보험회사 등)
※ EXCEL은 보험 및 통계, 기타 분야의 회사생활시 업무 효율성 증대를 위한 필수과정입니다."
statistics,2013학년도 2학기 STUDY 그룹 모집,,2021.11.20,https://stat.ssu.ac.kr/notice_view.html?category=1&idx=299,"2013학년도 2학기
정보통계·보험수리학과 STUDY 그룹 모집
정보통계·보험수리학과에서는 학생들의 효율적인 전공학습 및 취업준비를 위한 STUDY그룹을 지원하오니 관심 있는 학생들은 아래 내용을 참조하여 STUDY 그룹을 구성하고 운영 계획서를 기일 내에 제출해 주시기 바랍니다.
STUDY 운영 기간 : 2013년 10월 14일 ~ 12월 20일
지원금액: STUDY 그룹 당 30만원 (계획서 평가 후 15개 그룹 선발)
STUDY 운영 계획서 제출 기한: 2013년 10월 8일 오후 5시
STUDY 그룹 별 인원 수: 3~4명
운영계획서는 STUDY 주제, 그룹 구성원 인적사항(학번, 학년, 성명, 전화번호), STUDY 그룹의 목표 및 운영 계획을 명시하여 A4용지 1페이지 이내로 작성할 것.
※각 STUDY 그룹은 운영 종료 후 STUDY 운영 관련 보고서 및 경비 지출 영수증을 제출해야 함.
정보통계·보험수리학과장"
statistics,정보통계보험수리학과 학과근로장학생 선발 안내,,2021.11.20,https://stat.ssu.ac.kr/notice_view.html?category=1&idx=298,"1.
근로장학생 자격 및 선발기준
가
.
국가장학금을 신청완료
(
서류제출완료
)
하고
,
소득분위가
8
분위 이내인 자
나
.
직전학기 이수학점
15
학점 이상 및 평점평균
2.5
이상인 자
다
. 2013
학년도
2
학기 재학생
(2013
학년도
2
학기 기준
2
∼
7
학기 재학생만 가능
,
1
학기 및
8
학기 재학생 신청불가
)
라
.
소속학과
(
부
)
학생만 선발 가능
(
타과학생 선발 불가
)
마
.
해당학기 이전 등록휴학 후 복학하는 자
(
등록대체자
)
선발 불가
바
.
학기 중 휴학 등 본인의사에 의해 중도포기하는 경우
,
근로장학생 자격이
취소되며 장학금 지급 없음
.
사
.
타 장학금과 중복수혜 가능
(
근로장학금간 중복수혜 불가
)
※
기 선발된 장학금과 학과근로장학금을 포함하여 등록금액을 초과할 수 없음
.
2.신청방법
가.학생신청방법
: u-SAINT
포털
→
등록
/
장학
→
장학메뉴
‘
근로장학금
’
신청
’
→
학과근로
B
신청
(통계학과의 경우 B만 신청가능)
→
지원서 출력
→
지원서(u-SAINT출력본) 제출
※ 근로부서 : 학과사무실 근로, 교수님보조 근로, 전산근로
나.온라인접수기간
: 2013
년
8
월
16
일
(
금
)
∼
21
일
(
수
) 10:00
∼
17:00
다.학과서류제출기간
: 2013
년
8
월
16
일
(
금
)
∼
21
일
(
수
) 10:00
∼
17:00
※
접수장소
:
학과사무실
라.학과근로장학생 최종선발
: 2013
년
8
월
27
일
(
화
)
예정"
statistics,정보통계.보험수리학과 학사조교 A 모집 공고,,2021.11.20,https://stat.ssu.ac.kr/notice_view.html?category=1&idx=297,"1. 모집분야 및 인원
학사조교A 1명
업무: 정보통계보험수리학과 학과사무실 근무 및 학과행정
2. 근무조건
가. 계약기간 : 2013. 9. 1 ~ 2015. 8. 31 근무실적에 따라 2년 단위 재계약
나. 근무시간 : 9시~5시30분 (방학중 10시~5시)
다. 급여 : 4대보험, 급여는 본교 규정에 따름
3. 응시자격
가. 학사학위 이상 소지자
4. 전형방법
가. 1차 : 서류전형(심사)
나. 2차 : 면접 (1차 서류전형 합격자에 한해 개별 통지함)
5. 제출서류
가. 이력서 1부 (자유양식, 사진첨부)
나. 자기소개서 1부 (자유양식)
다. 성적증명서 1부 (스캔파일)
라. 최종학력증명서 1부 (스캔파일)
마. 경력증명서 및 자격증 사본 1부 (해당자)
6. 서류접수 및 문의처
가. 접수기간 : 2013. 7. 8(월) ~ 7. 12(금)
나. 접수방법 : E-mail 접수 (
stat@ssu.ac.kr
)
다. 문의처 : 숭실대학교 정보통계보험수리학과 (☎ 02-820-0440)
라. 주소 : 서울시 동작구 상도로 369 숭실대학교 베어드홀 509호
정보통계보험수리학과장"
statistics,정보통계.보험수리학과 학사조교 A 모집 공고,,2021.11.20,https://stat.ssu.ac.kr/notice_view.html?category=1&idx=296,"숭실대학교 정보통계·보험수리학과에서 3개월 동안 근무할 학과 조교를 모집합니다.
구 분
분 야
근무 시간
인 원
학사조교A
학과 행정업무
09:00 ~ 17:30
(방학 : 10:00~17:00)
1명
1. 역할과 내용
○ 담당업무
- 학과 관련 행정업무 및 학생,교수진 보조
○ 지원자격
- 연령 : 4년제 정규대학 졸업자 / 본교 졸업생, 정보통계(정보통계·보험수리)학과 졸업생 우대합니다.
- 공문서 작성 및 학과 운영을 위한 한글, 엑셀 사용이 가능하신 분
- 2013년 6월 1일~2013년 8월 31일까지 근무
- 급여 : 숭실대학교 조교 임용 규정에 준함
○ 지원서
- 이력서 1부 (양식 제한 없음)
- 자기소개서 1부 (양식 제한 없음)
2. 접수기간 및 접수방법
○ 접수기간
- 2013. 6.3(목) ~ 6. 7(금). 17:30까지
○ 접수방법
- 이메일(
hskwon@ssu.ac.kr
) 또는 직접접수(학과사무실)
○ 제출서류
- 이력서 1부
- 자기소개서 1부
문의사항 연락처 : 820-0448(권혁성 교수님)"
statistics,2013학년도 졸업프로젝트 신청,,2021.11.20,https://stat.ssu.ac.kr/notice_view.html?category=1&idx=295,"2013학년도 졸업 프로젝트 신청받습니다.
신청자는 학과사무실로 방문하여 신청하기 바랍니다.
신청 기간 : 4월 1일 (월)~ 4월 5일 (금)"
statistics,2013-1학기 졸업사정 오류정정 및 이수구분 변경 신청 안내,,2021.11.20,https://stat.ssu.ac.kr/notice_view.html?category=1&idx=294,"2013
년
8
월 졸업예정자의 졸업사정 오류정정
/
이수구분 변경 신청 및 졸업사정 일정을 아래와 같이 안내합니다
.
*
졸업사정 오류정정
/
이수구분 변경 신청
1.
대상자
:
2013
년
8
월 졸업예정자
(
현재
8
학기 이상 이수중인 학생
)
2.
신청기간
:
3
월
27
일
(
수
) - 4월 3
일
(
수
)
3.
신청방법
가
. u-SAINT
접속
→
학사관리
→
성적
/
졸업
→
졸업사정표
(
졸업예정자
)
조회 및 출력
나
.
확인 후 오류사항이 있으면
오류정정
/
이수구분 변경 신청서를 작성하여 졸업사정표와 함께 4월 3일 (수)까지
각 학과
(
부
)
사무실
로 제출
(
양식 첨부
)
자
*
졸업관련 문의
: 820-0154 (
학적팀 졸업 담당자
)
* 자세한 사항은 첨부파일 참조."
statistics,2013-1학기 졸업시험 장소 공지,,2021.11.20,https://stat.ssu.ac.kr/notice_view.html?category=1&idx=293,"2013-1학기 졸업시험 장소는
조만식 기념관 207호
입니다."
statistics,2013-1학기 학과근로장학생 선발 계획,,2021.11.20,https://stat.ssu.ac.kr/notice_view.html?category=1&idx=292,"1. 장학금명 : 학과근로 A, B
가) 학과근로A
1) 근로시간 : 주 10시간*22주=220시간(학기중~방학)
2) 금액: 110만원
3) 지급방식: 학기말 후불지급
나) 학과근로B
1) 근로시간 : 주 5시간*22주=110시간(학기중~방학)
2) 금액: 55만원
3) 지급방식: 학기말 후불지급
** 정보통계.보험수리학과에서는 학과근로B기준 12명 선발예정임.
2. 학과근로 자격 및 선발 기준
가. 한국장학재단 국가장학금을 신청하여 소득분위가 8분위 이내인 자
나. 학과근로 장학금을 수혜하여 학생이 받은 총 장학금액이 수업료를 초과하지 않는 자
<교내·외 타장학금과 중복수혜 가능>
다. 직전학기 2.5 이상 / 15학점 이상 취득한 자
라. 1학년 1학기 및 4학년 2학기 재학생은 선발 불가 (학생 운영에 어려움이 있음)
마. 소속학과(부) 학생만 선발 가능
바.    미등록휴학생 및 해당학기 이전 등록휴학 후 복학하는 자 선발 불가
사.       학기 중 휴학 및 본인 의사에 의해 중도포기하는 경우, 근로장학생 자격이 취소되며 장학금이 일체 지급되지 않음.
아. 교내근로 및 국가근로와 중복하여 수혜할 수 없음.
※ 교내근로 선발 확정이 2월 중순경에 이루어지므로, 교내근로로 선발된 학생은 학과근로 심사에서 제외해야 함.
자. 가～자를 충족하는 학생은 학과 자체 기준에 따라 자유롭게 선발 가능함.
차.    수업일수 1/2선 이후 취소 등으로 인하여 발생하는 결원의 경우 충원 없음.
3. 학과근로 선발 일정
가. 학생 신청 (u-Saint) 및 학과사무실에 서류제출 : 2012. 2. 18.(월) ～ 2. 20 (수)
나. 학과 선발 : 2012. 2. 21.(목) ～ 2. 25.(월) 13:00
많은 신청 바랍니다."
statistics,제1회 관광 데이터마이닝 대회 안내,,2021.11.20,https://stat.ssu.ac.kr/notice_view.html?category=1&idx=291,"제1회 관광 데이터마이닝 대회 안내
등록기간 : 2013년 2월 1일 - 2월 28일
등록웹사이트 :
www.tourmining.co.kr
공모과제배포 : 대회웹사이트를 통하여 2월 5일 배포
참가대상 :
A. 국내 거주자로 전국 대학생 및 대학원생(휴학생 포함)
B. 개인 또는 팀(최대 4명)으로 참가 가능
문의처 : 행사문의는 공식웹사이트(
www.tourmining.co.kr
) Q&A 게시판에서만 받습니다."
statistics,정보통계.보험수리학과 졸업시험 내규,,2021.11.20,https://stat.ssu.ac.kr/notice_view.html?category=1&idx=290,"정보통계. 보험수리학과 졸업고사에 관한 규정을 첨부합니다.
첨부파일을 확인하시고 추후 졸업시험에 불이익을 당하지 않도록 하시기 바랍니다."
statistics,2012년 2학기 정보통계보험수리학과 겨울방학 특강,,2021.11.20,https://stat.ssu.ac.kr/notice_view.html?category=1&idx=289,"2012년 2학기 정보통계보험수리학과
겨울방학 특강
정보통계보험수리학과에서는 학생들의 실무적 전산 처리 능력 향상 및 자격증 시험 대비를 위하여 겨울 방학 중 아래의 특강을 마련하였습니다.
1. EXCEL 특강
-12월 29일, 1월 5일, 12일, 19일, 26일, 2월 2일, 오전 9~12시
2. SAS 특강
-12월 29일, 1월 5일, 12일, 19일, 26일, 2월 2일, 오후 1~6시
3. 보험계리사 1차 보험계약법 특강
-1월 15일, 22일, 오후 3시~8시
4. 보험계리사 1차 보험업법 특강
-1월 12일, 19일, 오후 1시~오후 6시
5. 보험계리사 보험수학(수리) 특강
-1월 4일, 11일, 18일, 25일, 2월 1일, 오후 2~4시
6. 보험계리사 2차 보험이론 및 실무 특강
-1월 5일, 12일, 19일, 26일, 오전 9시~오후 1시
※수강을 원하는 학생은 학과사무실에 비치된 양식에 신청해 주시기 바랍니다.
※SAS, EXCEL 특강은 전산실에서 진행되므로 수강 인원이 제한됩니다.
(신청 선착순)
※신청 후 출석률이 낮은 학생은 향후 특강 신청 시 우선 순위에서
제외됩니다."
statistics,2013년도 정보통계학과 졸업시험 공고,,2021.11.20,https://stat.ssu.ac.kr/notice_view.html?category=1&idx=288,정보통계학과 졸업시험 공고
statistics,2012-2학기 졸업사정 오류정정 및 이수구분 변경 신청 안내,,2021.11.20,https://stat.ssu.ac.kr/notice_view.html?category=1&idx=287,"2013
년
2
월 졸업예정자의 졸업사정 오류정정
/
이수구분 변경 신청 및 졸업사정 일정을 아래와 같이 안내합니다
.
*
졸업사정 오류정정
/
이수구분 변경 신청
1.
대상자
:
2013
년
2
월 졸업예정자
(
현재
8
학기 이상 이수중인 학생
)
2.
신청기간
:
9
월
19
일
(
수
) - 26
일
(
수
)
3.
신청방법
가
. u-SAINT
접속
→
학사관리
→
성적
/
졸업
→
졸업사정표
(
졸업예정자
)
조회 및 출력
나
.
확인 후 오류사항이 있으면
오류정정
/
이수구분 변경 신청서를 작성하여 졸업사정표와 함께
각 학과
(
부
)
사무실
로 제출
(
양식 첨부
)
자
*
졸업관련 문의
: 820-0154 (
학적팀 졸업 담당자
)
* 자세한 사항은 첨부파일 참조."
statistics,2012-2학기 학과근로 장학생 선발 계획 안내,,2021.11.20,https://stat.ssu.ac.kr/notice_view.html?category=1&idx=286,"1. 장학금명 : 학과근로 A, B
가) 학과근로A
1) 근로시간 : 주 10시간*22주=220시간(학기중~방학)
2) 금액: 110만원
3) 지급방식: 학기말 후불지급(2월 셋째주 예정)
나) 학과근로B
1) 근로시간 : 주 5시간*22주=110시간(학기중~방학)
2) 금액: 55만원
3) 지급방식: 학기말 후불지급(2월 셋째주 예정)
** 정보통계.보험수리학과에서는 학과근로B기준 12명 선발예정임.
2. 학과근로 자격 및 선발 기준
가. 2012-2학기 한국장학재단 국가장학금 소득분위 7분위 이내인 자
나. 2012학년도 2학기 기준 2학기~7학기 재학생
다. 직전학기 이수학점 15학점 이상 / 성적 2.50이상 취득한 자
라. 소속학과(부) 학생만 근로 가능
마. 교내 및 교외 타 장학금과 수업료 범위 내에서 중복 가능
바. 교내근로 및 국가근로와 중복하여 수혜할 수 없음
사. 휴학 또는 중도포기하지 않을 자(휴학 또는 중도포기 시 장학금이 일체 지급되지 않습니다.)
3. 학과근로 선발 일정
가. 학생 신청 (u-Saint) 및 학과사무실에 서류제출 : 2012. 8. 16. (목) ～ 8. 21 (화)
나. 학과 선발 : 2012. 8. 24.(금)
많은 신청 바랍니다."
statistics,2012-1 학기 인터넷 동영상 지원 관련,,2021.11.20,https://stat.ssu.ac.kr/notice_view.html?category=1&idx=285,"2012학년도 당분간 동영상 지원이 되지 않습니다.
추후 인터넷 동영상 지원이 될 예정입니다."
statistics,2012학년도 2학기 국가장학금 신청 안내,,2021.11.20,https://stat.ssu.ac.kr/notice_view.html?category=1&idx=284,"1. 장학금명 : 국가장학금 (국가장학금Ⅰ유형 신청 시 Ⅱ유형은 자동 신청)
2. 장학금 신청 및 서류 제출기간
가. 장학금 신청 : 한국장학재단 홈페이지 (www.kosaf.go.kr)
나. 장학금 온라인 신청기간 : 2012년 6월 4일(월)～6월 29일(금)
다. 장학금 서류 제출기간 (제출 해당자에 한함) : 2012년 6월 4일(월)～7월 4일(수) 17시
라. 장학금 신청방법 : 붙임의 국가장학금 신청방법 매뉴얼 참조
3. 제도안내
가. 2012년 교내장학 제도변경으로 인해 국가장학금을 신청하지 않으면 장학금에 따라 교내장학금을 수혜할 수 없음.
나. 국가장학금은 등록금 범위 내에서 교내 및 교외 장학금과 중복수혜가 가능함.
4. 지원대상
구분
국가장학금Ⅰ유형
국가장학금Ⅱ유형
소득분위
기초생활수급자, 1분위～3분위
기초생활수급자, 1분위～7분위
지원자격
1. 본교 학부 정규 8학기 이내 재학생 (2012학년도 2학기 등록예정인 학생)
2. 대한민국 국적자 (주민등록상 해외이주 신고자, 영주권자 제외)
3. 등록휴학으로 인해 2012-2학기 무등록 복학하는 학생의 경우 국가장학금
Ⅱ유형은 수혜 불가 (단, 국가장학금Ⅰ유형은 재단 방침을 따름)
성적기준
1. 직전학기 이수학점 12학점 이상
2. 직전학기 백분위(산술평균) 80점 이상(소수점이하 절사)
3. 장애학우 백분위(산술평균) 70점 이상
4. 국가장학금 Ⅱ유형의 경우 대학배정 예산 중 잔여예산 발생 시 소득분위에
따라 성적 하향조정 가능
※ 본인의 소득분위(본인 및 부모의 소득)는 한국장학재단에 장학금을 신청하여 소득을
조회한 후에만 알 수 있으며, 분기별로 소득조회를 실시하므로 1학기와 소득분위는
다를 수 있음. 그러므로 모든 학생이 국가장학금을 신청해야 함.
5. 장학금액
소득분위
국가장학금 Ⅰ유형
국가장학금 Ⅱ유형
기초생활수급자
2,200,000원
2012년 8월 안내 예정
1분위
1,100,000원
2분위
650,000원
3분위
450,000원
4분위～7분위
-"
statistics,2012학년도 1학기 정보통계·보험수리학과 Study Group 지원 사업 공고,,2021.11.20,https://stat.ssu.ac.kr/notice_view.html?category=1&idx=283,"2012
학년도
1
학기 정보통계
·
보험수리학과
Study Group
지원 사업 공고
정보통계·보험수리학과에서는 학생들의 스터디 그룹 활성화 및 이에 따른 취업률 향상을 목표로 스터디 그룹 운영에 필요한 경비를 지원할 예정입니다. 관심 있는 스터디 그룹은 아래의 사항을 참고하여 운영계획서를
6
월
15
일
(
금
)
오후
5
시까지
학과사무실로 제출하시기 바랍니다.
- 지원 금액 : 그룹 당 30만원
- 지원대상 스터디 그룹: 총 15팀 (지원 그룹의 스터디 운영 계획서를 평가하여 선발)
1. 금융관련 자격증 대비 스터디: 5팀
2. 전공학습, 공모전, 대학원 진학 준비,
면접 등 기타 스터디: 5팀
3. 미적분학 복습 및 심화(1학년): 5팀
- 스터디 그룹 인원 수: 3~5명
- 운영계획서 포함 내용 (A4 용지 2매 이내로 작성)
1. 스터디 그룹 구성원의 학년과 성명
2. 스터디 그룹의 목표
3. 스터디 그룹의 운영계획 및 지원 금액의 사용 계획서"
statistics,통계교육원 『2012년 대학생통계실무워크숍』신청안내,,2021.11.20,https://stat.ssu.ac.kr/notice_view.html?category=1&idx=282,"가. 과 정 명 : 대학생통계실무워크숍
나. 교육기간
○ 1기 : 2012. 6.27.(수) ~ 6.29.(금) / 3일간
○ 2기 : 2012. 7. 4.(수) ~ 7. 6.(금) / 3일간
다. 신청기간 : 2012.6.11.(월) 09:00부터 ~ 6.13.(수)까지 선착순 접수후 마감
라. 신청방법 : 통계교육원 홈페이지(전화 또는 방문접수는 불가함)
마. 인 원 : 각 기수 당 30명 내외(1개 학교당 5명 이내로 제한)
바. 교육장소 : 통계교육원(대전시 월평동 소재)
사. 세부내용 : 붙임참조"
statistics,TRIZ 강의,,2021.11.20,https://stat.ssu.ac.kr/notice_view.html?category=1&idx=281,"방학중 TRIZ 강의
숭실대학교 의생명시스템학부에서는 여름 방학 중 TRIZ 교육을 실시합니다.
TRIZ는 러시아에서 개발된 창의력 개발 프로그램입니다. TRIZ의 기본 철학은 발명이란 것이 운이 좋거나 영감이 뛰어난 사람만이 할 수 있는 것이 아니라, 발명도 하나의 과학으로 우리가 기본적인 법칙들을 공부하고 익힌다면 누구나 뛰어난 발명가가 될 수 있다는 것입니다. 현재 많은 러시아 TRIZ 전문가들이 삼성, 포항제철, LG, 하이닉스 등에서 활동하고 있고, 포항제철은 회사내에 TRIZ대학까지 설립하였습니다. 현재 삼성 등 대기업에서는 TRIZ 자격증 소유 여부를 입사지원서에 기재하게 하고 있습니다. 여러분도 이번 여름 방학 동안 TRIZ 교육을 받아 창의력의 무한한 가능성을 확인해 보시기 바랍니다.
--------------------------------------------------------------------------------------------------
기간: 7월 3일 ~ 6일 (총 24시간 강의)
시간: 10AM-5PM (하루 6시간 강의)
대상: 자연대 전체 학부생
신청: 의생명시스템학부 사무실에 5월31일까지 신청. 신청자 중에
서 총 40명 이내 선발
주의 : 강의가 계속 연결되므로 중간에 강의에 불참하게 되면 나머지 강의를 들을 수 없음
특전 : 수료자에게 TRIZ Level 1 자격증 수여
기타문의: 조광휘 교수 (
trizschool@gmail.com
)"
statistics,인터넷 동영상 강의 지원 관련,,2021.11.20,https://stat.ssu.ac.kr/notice_view.html?category=1&idx=280,"다음주에 계리사 시험을 대비하여 이번주 목요일에 동영상 강의 신청을 한번 더 받습니다.
지난주에 신청하지 못한 정보통계.보험수리학과 학생은 이번주 목요일 4월 12일 신청바랍니다.
(타과생은 해당 없음)"
statistics,졸업 재시험 장소 공지,,2021.11.20,https://stat.ssu.ac.kr/notice_view.html?category=1&idx=279,"4월 14일에 있을 졸업시험(학부)은
조만식기념관 310호
에서
시행합니다.
*과목 및 시간
:
1
교시 수리통계
9
시
30
분
～
10
시
30
분
2
교시 회귀분석
10
시
45
분
～
11
시
45
분
3
교시 선택과목
(
표본론
,
금융수리
,
전산통계
1,
생보수리 중
2
과목
)
12
시
～
13
시"
statistics,통계교육용 앱,,2021.11.20,https://stat.ssu.ac.kr/notice_view.html?category=1&idx=278,"정보통계보험수리학과 학생들에게
지난 방학때 이정진 강근석 교수님이 개발한 안드로이드 스마트폰용 통계분포 앱 파일을 첨부합니다.
Normal, t, chi, F, Binomial, Poisson, HyperGeo 7가지 분포의 구간확률, percentile 등을 계산할 수 있답니다.
학생들 교육에 도움이 될 것 같아 개발하였는데 한번 테스트해 보고 혹 의견있으면  연락주십시오.
Chi-square(1), F(1,1) 등은 화면이 작아 그림이 이상해 보이니 이해바랍니다.
설치방법은 첨부파일을 스마트폰에서 이메일로 받아 직접 실행시키시면 됩니다.
(안드로이드 버전 2.2 이상)
이정진 교수"
statistics,「제10회 대학(원)생 논문공모」안내문,,2021.11.20,https://stat.ssu.ac.kr/notice_view.html?category=1&idx=277,"「제10회 대학(원)생 논문공모」안내문 관련하여 첨부한 파일을 확인하시고
관심이 있는 학생들은 참여 바랍니다."
statistics,2012년도 정보통계.보험수리학과 인터넷 동영상 강의 지원,,2021.11.20,https://stat.ssu.ac.kr/notice_view.html?category=1&idx=276,"2012년도 보험계리사 자격증 취득 대비 인터넷 동영상 강의 지원을 4월부터 시작합니다.
2011년도 지원 때와는 바뀐점이 있으니 공지를 꼭 잘 읽어보시고 신청하시기 바랍니다.
1) 신청 STUDY  인원수 변경
1차 시험준비는 3인, 2차 시험준비생은 2인 기준으로 지원 가능하며,
각 학년별 스터디 담당교수님과 상담을 하여 수강에 대한 허가를 받은 학생만 수강이 가능합니다.
2) 보증금 제도 도입
동영상 강의 지원을 시작하면서 수강신청 후 실제 수업은 듣지 않고 무작위로 수강신청을 하는 학생들이 많았습니다.
학과에서는 이를 방지하고자 보증금 제도를 도입하고자 합니다.
2011년부터 동영상강의 신청시 강의비의 30%는 학생이 부담, 70%는 학과에서 부담합니다.
단, 강의 수강 후 2년 안에 자격증을 취득하면 모든 과목과 관련된 보증금은 환불합니다.
동영상 강의를 신청하고자 하는 학생은 본 공문에 첨부되어있는 신청서를 작성한 후
아래의 표를 참고하여 해당 학년 담당 교수님을 찾아뵙고 상담한 후 허가를 받아 매달
첫째, 셋째 금요일
에 학과 사무실에 제출하면 됩니다.
학년
교수님
2
고방원 교수님
(베어드홀 505호)
3
이창수 교수님
(벤처관 403호)
4
권혁성 교수님
(베어드홀 509호)
* 각 학원별 강의 신청 방법이 다릅니다.
꼭 첨부문서의 별첨자료를 확인 후 신청 바랍니다.
*일부 선입금 과목에 대하여 신청 후 수강료 지급에 관한 질문이 잦습니다.
학과에서는 교내 행정 절차를 밟아 수령 후 지원을 해줄 수 있으므로 시일이 걸립니다.
지원비가 학과로 입금되면  지원 학생에게 연락을 취하니,
신청 뒤 자꾸 찾아와 문의하는 행동을 자제해 주시기 바랍니다."
statistics,2012년 8월 졸업예정자 졸업사정 오류정정 및 이수구분 변경 신청 안내,,2021.11.20,https://stat.ssu.ac.kr/notice_view.html?category=1&idx=275,"2012년 8월 졸업예정자의 졸업사정 오류정정/이수구분 변경 신청 및 졸업사정 일정을 아래와 같이 안내합니다.
* 졸업사정 오류정정/이수구분 변경 신청
1. 대상자 :
2012년 8월 졸업예정자(현재 8학기 이상 이수중인 학생)
2. 신청기간 :
3월 28일(수) - 4월 4일(수)
3. 신청방법
가. u-SAINT 접속 → 학사관리 → 성적/졸업 →
졸업사정표(졸업예정자) 조회 및 출력
나. 확인 후 오류사항이 있으면
오류정정/이수구분 변경 신청서를 작성하여 졸업사정표와 함께
각 학과(부) 사무실
로 제출 (양식 첨부)
4. 유의사항
가. 수강신청 내역, 학점포기, 수강신청 취소 내역 등이 모두 반영된 졸업사정표는
3월 27일(화)부터 확인
할 수 있으므로 이를 확인한 후 오류정정 신청을 하시기 바랍니다.
나. 졸업예정자는
3월 23일(금) 17시까지 다전공 포기 신청을 완료
하여 주시기 바랍니다. 이후에 신청한 내역은 1차 졸업사정 결과에 반영되지 않습니다.
다. 신청시 과목번호, 이수연도 및 학기를 U-saint에서 정확히 확인하시어 신청해주시기 바랍니다(정확하지 않을 경우 변경처리가 되지 않을 수 있음).
라. 졸업사정표는 졸업 시뮬레이션과 달리 수강신청 내역 등을 실시간으로 반영하지 않고 졸업사정표 오른쪽 상단의 졸업사정일자 기준으로 반영된 내용이므로 이에 유의바랍니다.
마. 공학인증 관련 졸업사정은 공학교육혁신센터의 안내에 따라 진행하시기 바랍니다.
5. 오류 유형
가. 이수구분 오류 : 첨부파일의 이수구분 변경 원칙을 확인하고 인정 가능한 사항만 정정 신청
나. 전공필수 졸업요건 예외처리 : 첨부파일의 예외 인정 원칙을 확인하고 인정가능한 사항만 정정 신청
다. 재수강, 중복수강 처리 오류 : 재수강 신청을 하였는데 정상적으로 처리되지 않은 경우 등
라. 동일한 과목의 중복(이중) 인정 오류
1) 주전공에서 인정된 과목이 다전공에서 중복으로 인정되는 경우
2) 전공기초로 인정된 과목이 전공(선택, 필수) 등에 중복으로 인정되는 경우
3) 교양선택으로 인정된 과목이 교양필수 또는 전공, 다전공 등에 중복으로 인정되는 경우 등
마. 다전공 이수 관련 오류
1) 다전공을 이수하고 있는데 졸업사정표에 나오지 않는 경우
2) 다전공을 포기하였는데 졸업사정표에 나오는 경우
3) 다전공 이수학점 오류 등
바. 편입 및 전과 학점인정 결과 오류 : 학과사무실로 먼저 확인한 후 오류 여부 판단
사. 교양선택 이수학점 오류
1)
2006-2008학번 학생
중 교양필수와 교양선택을 입학년도 기준과 같이 이수하였음에도 불구하고 졸업요건 조정으로 인해 교양선택 졸업요건이 Fail로 나오는 경우
2) 2006-2008학번의 입학년도 기준 교양 이수학점 : 교양필수 14학점, 교양선택 21학점(인문대, 법대, 사회대) 또는 15학점(자연대, 경통대, 경영대, 공대, IT대)
아. 대학원 과목을 수강하여 학부 전공학점으로 인정이 필요한 경우
자. 이수과목 누락 : 채플, 졸업논문/졸업종합시험 등
*전체적인 졸업사정 일정
1. 3월 28(수) - 4월 5일(수) : 졸업사정 결과 확인 및 오류정정 신청 (학생)
2. 4월 11일(수) : 접수된 내용을 정리하여 학적팀으로 전달 (각 학과사무실)
3. 4월 20일(금) : 수정작업 완료 및 졸업사정표 반영 (학적팀)
4.
4월 23일(월) - 4월 27일(금) : 수정 결과 확인 및 이의 신청 (학생)
가. 졸업사정표를 재확인하고 신청결과가 반영되지 않았을 경우
학적팀을 방문하여 재확인
나. 1차 졸업사정 완료
5. 추후 졸업사정 계획
가. 정규학기 성적처리 후 졸업사정 재실행
나. 계절학기 성적처리 후 졸업사정 재실행
* 졸업관련 문의 : 820-0154 (학적팀 졸업 담당자)"
statistics,졸업시험 장소 공지,,2021.11.20,https://stat.ssu.ac.kr/notice_view.html?category=1&idx=274,"3월 17일에 있을 졸업시험(학부)은
경상관 309호
에서
시행합니다."
statistics,회귀분석 졸업시험 관련,,2021.11.20,https://stat.ssu.ac.kr/notice_view.html?category=1&idx=273,"<회귀분석 졸업시험 범위>
2장 전부
3장 전부
4장 4.1, 4.2, 4.3에서 hii의 의미만, 4.4, 4.5.1 다섯가지 통계량의 의미만, 4.7, 4.8
<회귀분석 예상문제>
1. 이차형식의 분포
2. 부분 F검정
3. 잔차분석방법
..."
statistics,수리통계 졸업시험 관련,,2021.11.20,https://stat.ssu.ac.kr/notice_view.html?category=1&idx=272,"졸업고사 준비학생들에게.
수리통계 졸업고사 준비를 위해서 수업시간에 출제되었던 시험문제 파일을 첨부하니 참고하시기 바랍니다."
statistics,[공지]2012-1학기 학과 근로 선발 공고,,2021.11.20,https://stat.ssu.ac.kr/notice_view.html?category=1&idx=271,"2012학년도 1학기 학과근로장학생을 아래와 선발하오니 많은 신청 바랍니다.
1. 장학금명 : 학과근로 A, B
※ A, B로 운영여부는 해당 학과에 따라 다름
2. 장학생 선발 관련 공지 : 학과홈페이지에 학과별로 직접 공지하므로 해당학과 홈페이지 참조
3. 학과근로 자격 및 선발 기준
가. 한국장학재단 국가장학금을 신청하여 소득분위가 7분위 이내인 자
나. 학과근로 장학금을 수혜하여 학생이 받은 총 장학금액이 수업료를 초과하지
않는 자
다. 직전학기 2.5 이상 / 15학점 이상 취득한 자
라. 1학년 1학기 및 4학년 2학기 재학생은 선발 불가 (학생 운영에 어려움이 있음)
마. 소속학과(부) 학생만 선발 가능
바.교내 및 교외 타장학금과 중복 가능
사.교내근로 및 국가근로와 중복하여 수혜할 수 없음.
※ 교내근로 선발 확정이 2월 23일(목)에 이루어지므로, 교내근로로 선발된
학생은 학과근로 심사에서 제외됨.
아. 가～바를 충족하는 학생은 학과 자체 기준에 따라 선발됨.
4. 신청기간 :
2012. 2. 20. (월) ～ 2. 22 (수) 17:00
5. 발표 : 2012. 2. 29.(수) 학과홈페이지 발표 예정
6. 신청방법 : u-Saint 등록/장학 -> 학과근로 A 또는 B신청 -> 신청서 출력 -> 해당학과 사무실
제출
7. 정보통계.보험수리학과는
학과근로
B 12명 선발 예정 임.
2012. 2. 17.
학 생 처 장"
statistics,2012학년도 1학년생 수강신청 안내 공지,,2021.11.20,https://stat.ssu.ac.kr/notice_view.html?category=1&idx=270,"2월 27일 2012학번 신입생들의 수강신청이 시작됩니다.
대학교에 들어와 수강신청을 처음해보는 학생들을 위하여 학과에서는 단체로 수강신청 안내와 함께
학과 교수님들과의 짧은 만남을 가질 예정이오니 참석이 가능한 학생들은 가급적 참석하여
함께 수강신청을 하고 교수님들을 만나는 시간을 가졌으면 합니다. ^^
장소: 베어드홀 523호 (정보통계보험수리학과 전산실)
일시: 2012년 2월 27일 오전 9시
*수강신청이 10시부터 시작이니 9시30분까지 꼭 와주세요~~!!!
많은 1학년 생들의 참석을 바랍니다!!! >_<"
statistics,[수강신청] 2012-1 수강신청관련 인원부족 증원불가 및 대상 제한 반에 관한 안내 (필독),,2021.11.20,https://stat.ssu.ac.kr/notice_view.html?category=1&idx=269,"수강 가능한 인원을 초과하여 신청을 할 수 없는 과목이 생기고 있습니다.
수강 신청 인원 미달에 관련된 내용을 공지하니 학부생들은 아래 내용을 참고하시기 바랍니다.
* 학과 내의 모든 전공과목은 인원수 증원이 없습니다.
정해진 인원 외에는 특별 사유가 없으면 증원을 하지 않습니다. (4학년 2학기로 졸업과 관련된 경우에만 교수님의 허락 하에 처리할 예정.)
강제 수강신청 역시 하지 않으니 학생들은 꼭 정해진 기한 내에 전공 과목의 수강신청을 완료하시기 바랍니다.
인원이 부족하여 수강하지 못한 것에 대해서는 책임지지 않습니다.
* 수강신청 제한반의 수강을 희망하는 학생은 교수님의 허가가 필요합니다.
수강신청 시 재수강 및 다전공자에 의해 해당 학년의 학생들이 필수 과목임에도 불구하고 수강을 할 수 없는 일이 일어나,
학부생들의 불편이 많이 있어 강좌별로 수강 인원이 많은 과목의 경우 분반이 되어있고, 공통반과 학년제한 반으로 구분이 되어있습니다.
재수강, 다전공신청 학생들은 공통반으로 수강을 하시기 바랍니다.
부득이하게 공통반으로 수강신청을 할 수 없는 경우 학생은 개강 후 수업에 참석하여 교수님께 별도로 허락을 받으시기 바랍니다.
교수님의 허가 없이는 제한 반으로의 수강신청이 불가능합니다.
학생들의 빈번한 여석 조정 요청으로 인하여 본 공지를 하오니 위 내용을 참조하고,
여석 조정에 관한 전화 문의는 지양하시기 바랍니다.
** 학과에서는 여석 조정 및 수강 과목 시간 조정에 관한 상담은 하지 않습니다.
*** 제한반 수강신청 처리시 학생의
학점부족, 시간중복
등으로 인해
수강신청을 처리할 수 없는 경우 절대 다시 처리하지 않습니다.
학생들은 수강신청을 위한 준비를 미리 해놓으시길 바랍니다."
statistics,수강신청책자 배부,,2021.11.20,https://stat.ssu.ac.kr/notice_view.html?category=1&idx=268,"2012학년도 1학기 수강신청 책이 나왔습니다.
필요한 학생은 학과사무실을 방문해서 수령하시기 바랍니다. (1인 1권)
방문 가능 시간: 오전 10시 ~ 오후 4시 30분
*오후 12시~1시는 점심시간으로 자리를 비웁니다."
statistics,[공지]교양과목,,2021.11.20,https://stat.ssu.ac.kr/notice_view.html?category=1&idx=267,"2012학년도 1학기 교양과목 ‘국가 통계의 이해’ 소개
매주 수요일 오후 3시 - 6시
정보통계보험수리학과에서는 현재 경인지방통계청장이신 변효섭 박사님을 주강사로 하고 현직 통계청 실무과장(서기관급)들이 팀이되어, 국가에서 생성하고 있는 각종 통계에 대해 학생들에게 소개하는 교양과목을 이번 학기에 개설하게 되었습니다.
가르치는 내용은 별첨과 같이 통계학과 및 유관학과(경제, 국제통상, 경영, 중소기업, 금융학부, 사회대 등) 학생들에게 매우 유용할 것이라고 판단됩니다. 관심있는 학생들의 많은 수강을 적극 권장합니다.
정보통계보험수리학과장 권혁성 교수"
statistics,2011 보험계리사 자격증 취득 인터넷 동영상강의 지원 마감,,2021.11.20,https://stat.ssu.ac.kr/notice_view.html?category=1&idx=266,2011년도 인터넷 동영상 지원이 마감되었습니다.
statistics,2012-1학기 국가장학금 및 교내장학금 신청 종합안내,,2021.11.20,https://stat.ssu.ac.kr/notice_view.html?category=1&idx=265,"[1] 2012-1학기 국가장학금 및 교내장학금 신청에 관한 기존의 공지사항들에 추가하여 아래와
같이 다시 종합 안내해드립니다.
[2] 2012-1학기 국가장학금을 신청하여 소득분위가 조회된 학생을 대상으로 2012-1학기
교내장학금이 집행됩니다.
[3] 기존에는 건강보험료 납부액으로만 소득분위가 결정되었으나, 2012학년도부터는
건강보험료 납부액 이외에도 아래의 항목이 추가됩니다.
* 표준보수월액, 소득정보, 재산정보(부동산, 전․월세 등), 자동차정보, 경제활동 지수 등
[4] 소득분위 조회 결과가 1분위～7분위의 학생들은 국가장학금과 교내장학금을 중복해서
수혜할 수 있으므로 모든 학생들이 국가장학금 및 교내장학금을 신청하여 수업료 범위
내에서 장학금을 최대한으로 수혜하시기 바랍니다.
[5] 기존에는 장학금 신청기간 종료 후에도 추가 신청이 가능했으나, 모든 장학금이 등록금
고지서에 반영되어야 하기 때문에 2012-1학기부터는 추가 신청이 불가합니다.
- 아 래 -
1. 주요 내용
가. 변경 전․후 비교표
변 경 전
변 경 후
구분
신청
대상
수혜
자격
장학금액
구분
신청 대상
및
주요 내용 요약
수혜 자격
(소득분위 조회 결과)
예상 장학금액
(국가장학금 I 금액은 확정, 국가장학금 II 금액 및
교내<비전장학금> 금액은
미정 )
* 소득분위 조회 결과 후
미정 금액이 확정됨.
국가장학금
(희망드림,
미래드림,
우수드림,
사랑드림,
이공계,
인문사회계 우수 등)
자격을 갖춘
학생
신청한
학생
지정 금액
국가
장학금
및
교내
장학금
전체 학생
(국가장학금
신청 전에는 개인별 소득분위를
예측할 수 없으므로
모두 신청해서
소득분위를 파악하여
장학금을 최대한으로
받을 수 있음.)
* 국가장학금 신청은
12/30(금) 마감됨.
* 교내장학금
수혜대상자는
국가장학금 및
교내장학금
신청 학생임.
* 2011-2학기
성적처리 후,
소득분위가 조회되고,
2012년 2월초에
등록금고지서를 통해
국가장학금 및
교내장학금
수혜 금액을
알 수 있음.
국가장학금과 교내장학금을
신청한 학생 중
소득분위 7분위 이내로 조회된
학생 전원
소득분위별로
국가장학학금 II 및
교내<비전장학금> 차등 지급
( 수업료 범위 내에서 국가장학금과
중복 수혜 가능 )
기초생활
수급자
국가장학금 I + 국가장학금 II
= 수업료 전액
교내장학금
면학(미래로)
장학금
수업료와
국가 지정
금액의 차액
1분위
~ 3분위
국가장학금 I+ 국가장학금 II
+ 교내 <비전장학금>
일정액
면학(일정액)
장학금,
비전장학금
지정 금액 (1,500,000원)
4분위
~ 5분위
국가장학금 II
+ 교내 <비전장학금>
일정액
면학일정액 및 비전 외
가계곤란 학생
-
6분위
~ 7분위
국가장학금 II
+ 교내 <비전장학금>
일정액
기타 장학금
지정 금액
나. 소득분위 구분 : 통계청『소득10분위별 가구당 가계수지』자료 활용
소득분위
환산소득 ( 단위 : 만원 )
기초생활수급자
－
1 분위
1,466 이내
2 분위
1,467 ~ 2,267
3 분위
2,268 ~ 2,943
4 분위
2,944 ~ 3,529
5 분위
3,530 ~ 4,093
6 분위
4,094 ~ 4,697
7 분위
4,698 ~ 5,371
다. 소득분위 심사 기준 ( 산정 기준일 : 2011년 11월말 )
구분
변 경 전
변 경 후
심사 기준
건강보험료 납부액
표준보수월액, 소득정보, 재산정보(부동산, 전·월세 등), 자동차정보, 경제활동 지수 등
합산 방식
미혼 학생 : 본인 + 부모, 기혼 학생 : 본인 + 배우자
2. 교내장학금 변화의 주요 내용
가. “(가칭)비전장학금” 명칭 : “비전장학금”으로 확정
나. “면학장학금(미래로)” 및 “면학장학금(일정액)” 폐지 : 비전장학금으로 통합
다. “일반성적 ‘을’(학과장추천)장학금” 폐지 : 비전장학금으로 통합
라. “일반성적 ‘갑’ 장학금” 명칭이 “성적우수 장학금”으로 변경
마. 근로장학금 (국가근로장학금 제외)
1) 근로장학금“갑” 및 근로장학금“을” 명칭을 근로장학금“A” 및 “B”로 변경
2) 학과(부) 근로장학금 신설 : “일반성적 ‘을’(학과장추천)장학금” 폐지로 인한 대안"
statistics,2011-2학기 교재지원비 지원 안내,,2021.11.20,https://stat.ssu.ac.kr/notice_view.html?category=1&idx=264,"2011-2학기 교재지원비 지원 안내
2011학년도 학생복지 제고 및 총학생회 합의사항으로 본교에서는 2011-2학기 교재지원비를 지원하기 위해 문화상품권을 지급할 예정입니다.
이에 정확한 발송을 위해
u-SAINT
의 개인정보
(
휴대폰 번호
,
집 전화번호
,
주소
)
를
최신화 하여주시기 바랍니다.
□ 내 용: 문화상품권 4만원 권
▸ 재학생: 온라인 문화상품권 발송 (문자메세지로 PIN번호 전송)
▸ 휴학생: 오프라인 상품권 등기발송
□ 대 상
▸2011-2학기에 정규등록한 학부 학생(재학생, 휴학생 포함)
▸2011-2학기 이전에 정규등록을 하고 휴학 한 뒤 2011-2학기에 등록대체
복학한 학부 재학생
□ 시 기
▸
12
월
8
일
(
목
)
까지
u-SAINT의 개인정보를 입력하여 주시기 바랍니다.
▸12월 9일(금) 부터 개인정보가 확인된 학생을 대상으로 100명 단위로
계속 발송예정
□ 기 타
문자메세지 및 등기의 정확한 발송을 위해
u-SAINT
의 개인정보
(
핸드폰 번호
,
집 전화번호
,
주소
)
를 최신화
하여 입력해주시기 바랍니다.
학생개인정보 확인을 위해 학생팀에서 확인전화를 할 예정입니다.
□ 문 의
담당: 학생팀 최현정 Tel. 820-0164
학 생 처 장"
statistics,[공지]자연대 학생회 주최<영어역량강화사업> 안내,,2021.11.20,https://stat.ssu.ac.kr/notice_view.html?category=1&idx=263,"< 영어역량강화 프로젝트 선착순 추가모집>
자연대 학우여러분, 안녕하세요ς
지난번 여름방학에 어학역량 강화 프로젝트를 했었는데요, 이번 겨울
방학에도 역시 자연대 학우 여러분들의 어학역량 강화를 위한!! 영어
Class 가 준비되어 있습니다.
수업기간 : 단 1주일!!!!!
㉮ 12월 26일(월) ~ 12월 30일(금) - 3개반
㉯ 1월 16일(월) ~ 1월 20일(금) - 2개반
(한 Class당 최대 10명)
수업시간 : 오전 9시-오후 3시 50분
* Lunch Time은 오후 12시-12시 50분
수업장소 : ▶ 월화수목 - (주)캐럿코리아 강남 글로벌센터
▶ 금 - 학교
(캐럿코리아 강남 글로벌센터 : 신논현역 3번 출구 도보 5분거리)
월요일부터 목요일까지 정해진 커리큘럼에 따라 수업을 받고 금요일에 학
교에서 4일 동안 교육한 것을 바탕으로 interview contest를 실시합니다.
등록비 : 5만원(출석 확인 후 환급, 식대는 개인부담)
(출석률 4/5이상 100% 환급, 3/5는 50%환급, 2/5이하는 환급 해드리지 않습니다.)
프로그램을 수강하고자하는 학우분들은 자연대클럽(club.cyworld.com/ssunature)
게시판에 올려져있는 공지를 확인하시고 클럽 게시판에 신청을 하면
됩니다. 신청은 선착순으로 이루어지며, 신청 후, 각 학과 학생회장이
개별적으로 등록확인을 위한 연락을 합니다. 또, 교육 시작 전에 전화
로 Level Test를 받고나서 Level별로 반이 결정됩니다.
-27대 자연과학대학 학생회-"
statistics,[공지]서울아산병원 임상시험센터<자료관리 인턴사원 모집>,,2021.11.20,https://stat.ssu.ac.kr/notice_view.html?category=1&idx=262,"모집인원: 1명 (지원 마감: ~ASAP)
근무지: 서울아산병원 임상연구센터
근무형태: 센터 계약 인턴 직 (3개월 이상 근무자, 오래도록 성실하게 일하실 분 선호)
근무시간: Am 8:30 ~ Pm 5:30 (점심시간 1시간 포함)
업무: Data Management - SAS를 이용한 Data handling(Data Step)
급여: 월 150만원 (세 전, 향후 능력에 따라 상향 조정 가능)
학력: 학부 졸업 예정 이상 (휴학생 가능)
졸업 예정자는 아니지만, SAS Program 중 Data Step에 능한 자는 면접 후 채용 가능
우대사항: SAS Program 능숙한 자
제출서류: 이력서, 성적표(학부, 대학원(해당자))
이력서제출:
crcst@amc.seoul.kr
(전화문의 사절)
근무시작: ASAP~"
statistics,[공지]2011-2학기 특별 장학금 신청 안내,,2021.11.20,https://stat.ssu.ac.kr/notice_view.html?category=1&idx=261,"2011학년도 2학기 특별장학금 신청을 다음과 같이 안내합니다. 해당되는 학생들은 장학금을 수혜할
수 있도록 꼭 신청하시기 바랍니다.
1. 지원 자격
가. 2011-2학기 학부 재학생 (현재 ‘재학중’인 학생만을 대상으로 함, 초과학기 학생 및등록휴학생 모두 미포함)
나.직전학기 이수학점 15학점 이상 (졸업직전학기는 12학점 이상)
다.직전학기 백분위 성적 70점 (열람학점) 이상 (소수첫째자리 버림)
: 예, 69.9=69, 70.1=70)
라. 소득분위 1~7분위 학생 (2011-1학기 한국장학재단 기준 적용)
소득분위
직장보험
지역보험
1분위
29,093 원 이하
58,186 원 이하
2분위
48,739 원 이하
97,478 원 이하
3분위
63,568 원 이하
127,135 원 이하
4분위
76,845 원 이하
153,690 원 이하
5분위
89,700 원 이하
179,399 원 이하
6분위
103,753 원 이하
207,505 원 이하
7분위
120,790 원 이하
241,580 원 이하
마. 교내 및 교외 장학금 중복수혜 가능 여부
1) 교내 타장학금 미수혜자 우선 선발 (교외장학금만 수혜한 자는 인정. 단 교외
장학금과 특별장학금 합산액이 수업료를 초과하지 않는 자에 한함.)
2) 우선선발자로 선발이 완료되지 않을 경우, 교내장학금을 수혜한 자를 추가로 심사하여
선발함. (단, 교내 및 교외장학금액과 특별장학금 합산액이 수업료를 초과하지 않는 자에
한함.)
<이중수혜 가능 여부 예시 5>
1. 우선선발대상자 예시 1 학생팀에서 교내근로를 하고 있는 글로벌미디어학부 학생
- 교내근로는 어떤 장학금과도 중복수혜가 가능합니다.
2. 우선선발대상자 예시 2 한국장학재단 희망드림 장학금 1,100,000원을 수혜한 법학과 학생
- 수업료 3,519,000원 -1,100,000원=2,419,000원은 특별장학금 1,100,000원을 초과하지 않으므로 선발
가능합니다.
3. 추가선발가능자 예시 1 비전장학금을 수혜한 전기공학부 학생
- 수업료 4,638,000원-1,500,000원=3,138,000원으로 특별장학금 1,300,000원을 초과하지 않으므로 지원
가능합니다.
4. 추가선발가능자 예시 2 간부장학금 300,000원과 희망드림 1,100,000원을 수혜한 문예창작학과 학생
- 수업료 3,971,000원 -300,000원-1,100,000원=2,571,000원으로, 특별장학금 1,100,000원을 초과하지
않으므로 지원가능합니다.
5. 탈락자 예시 한국장학재단 우수드림 장학금 2,500,000원을 수혜한 국문과 학생
- 수업료 3,519,000원 -2,500,000원=1,019,000원으로, 특별장학금 1,100,000원을 초과하므로 특별장학금을
지원할 수 없습니다.
2. 단과대학 및 학과(부)별 1인당 장학금액
해당 단과대학 및 학과(부)
장학금액
인문대 (생활체육 제외), 법학과, 사회대, 경영대학, 경제통상대학,
자연대(수학, 정보통계보험수리)
1,100,000원
자연대(물리, 화학, 의생명), 생활체육
1,300,000원
공대 , IT대
금융, 국제법무
3. 신청방법
가. 학교 홈페이지 로그인 → u-SAINT 포털 → 등록/장학 → 장학 → 장학금 신청
나. 장학금 지급 계좌 입력 : 본인명의의 우리은행 계좌 (없을 시 개설 요망)
학교 홈페이지 로그인 → u-SAINT 포털 → 학사관리 → 학적정보 → 학적정보 및 수정 → 부가정보 → 입력 → 계좌입력 후 저장
(계좌입력 시 ‘-’표시는 입력하지 말고 띄어쓰기 없이 숫자만 입력)※ 은행계좌번호 관련 안내 : u-SAINT 포털에 은행계좌번호가 입력되어 있지
않거나 잘못된 번호로 입력되어 있는 경우는 장학금 지급이 지연되므로,
반드시 정확한 계좌번호가 입력되어 있어야 정해진 시기에 장학금을 수혜할 수 있음.
4. 제출 서류
가. 필수서류
1) 특별장학금 지원서 (온라인 신청 후 지원서 출력 제출)
2) 건강보험증 사본 및 건강보험료 납부확인서 (부모가 따로 납부할 경우 각각 제출)
- 건강보험료 고지금액 인정기간 : 2011년 3월~6월 분 중 금액이 적은 것으로 인정
※ 건강보험료 납부확인서 발급 : 건강보험관리공단에 로그인하여 출력 (직장보험 일 경우
세대주만 가능, 지역보험일 경우 세대주 및 세대원 모두 로그인 가능)
나. 추가 제출서류 (해당자) : 부 또는 모 명의의 가족관계증명서
-부 또는 모가 사별 또는 이혼한 경우
5. 시행일정
가. 신청기간 : 10월 28일(금)~11월 9일(수) 오후 5시까지
나. 신청및 문의처 : 학생처 장학팀 (학생회관 114호, 820-0819 / 0166)
다. 승인 결과 공지 : 11월 23일(수) (예정)
라. 장학금 지급 : 11월 29일(화) (예정)
6. 심사 기준
가. 교내장학금 미수혜자를 아래 심사표에 의해 점수가 높은 학생 순으로 우선 선발
나.우선선발자로 선발이 완료되지 않을 시, 아래 심사표에 의해 교내장학금을 수혜한
자를 추가로 심사하여 점수가 높은 학생 순으로 선발함.
소득분위별 배점표 (70점)
성적 배점표 (30점)
1분위
70점
95점 ~ 100점
30점
2분위
65점
90점 ~ 94점
25점
3분위
60점
85점 ~ 89점
20점
4분위
55점
80점 ~ 84점
15점
5분위
50점
75점 ~ 79점
10점
6분위
45점
70점 ~ 74점
5점
7분위
40점
※ 동점자의 경우 건강보험료 납부액이 적은 학생 순으로 선발
2011. 10. 27.
학 생 처 장"
statistics,[공지]졸업예정자 졸업사정 결과 확인 안내,,2021.11.20,https://stat.ssu.ac.kr/notice_view.html?category=1&idx=260,"졸업예정자를 대상으로 진행한 졸업예정자 오류정정 및 이수구분 변경, 연계전공 이수구분 변경 신청 내역 등을 반영한 졸업사정 작업을 완료하였습니다.
졸업사정표를 확인하고 신청한 내역이 반영되었는지 확인바랍니다.
1. 대상자 :
2012학년도 2월 졸업예정자
2. 내용
가. 졸업사정 오류정정 및 이수구분 변경 신청 반영 여부(예외처리 포함)
나. 연계전공 이수구분 변경 신청 내역 반영 여부
다. 다전공 포기 반영 여부 등.
3. 확인 방법 : U-saint - 성적/졸업 - 졸업사정표
4. 유의사항
가.
신청자 중 일부 2012학년도 2월 졸업예정자가 아닌 학생
은 신청내역이 졸업사정표에 반영되지 않을 수 있습니다(졸업예정자에 한해 졸업사정 작업을 진행함). 해당 학생은 졸업사정결과가 실시간으로 반영되는 졸업시뮬레이션을 통해 확인바라며 신청내역이 반영되어 있지 않을 경우 학적팀에 문의 바랍니다.
나. 졸업사정표는 졸업사정 결과를 실시간으로 반영하지 않으므로 우측상단의 졸업사정 일자(10월 19일 ~ 20일)에 유의하여 확인하시기 바랍니다.
다. 신청한 내역이 반영되어 있지 않은 경우,
1
0
월 24일(월) ~ 10월 26일(수)에 학적팀 방문하시거나 전화 문의
바랍니다.
5. 문의사항 : 학적팀 졸업담당자(820-0154)"
statistics,[공지] (주)참엔지니어링 반도체 장학생 선발 안내,,2021.11.20,https://stat.ssu.ac.kr/notice_view.html?category=1&idx=259,"반도체 분야의 우수인력 양성을 통한 국가 산업발전의 도모를 위해 참엔지니어링 주식회사 (대표 한인수 회장)에서 출연하는 장학금을 아래와 같이 알려드리오니 해당 학생들은 지원하시기 바랍니다.
1. 장학금 출연 기관 : 참엔지니어링 주식회사 (대표 한인수 회장, http://www.charmeng.com)
※ 우리 대학과의 관계 : 사회 공헌에 큰 뜻을 두고 기업인으로서의 사회적 책무 실천에 앞장서고 있는 참엔지니어링 주식회사의 한인수 회장께서는 우리 대학이 숭고한 교육적 사명을 해외에서 펼칠 수 있도록 2010년 4월에 우리대학에 20억원을 기부해주셨습니다. 이를 통해 우리 대학이 숭실대학교 베트남 호치민시(市) 캠퍼스를 설립하는 데에 견인차 역할을 해주셨음은 물론 베트남의 인재를 양성하여 장차 베트남을 이끌어갈 역량있는 지도자를 세워나갈 수 있도록 하셨습니다. 이에 우리 대학이 동남아의 선진화에 크게 기여할 수 있게 되었습니다.
2. 장학금 및 장학생 내용
가. 장학금명 : 참엔지니어링 반도체 장학금
나. 장학금 수혜 시기 : 2012학년도 1학기 및 2학기 (1년간)
다. 장학생 인원 : 1명
라. 장학금액 : 연간 1천만원
마. 지원자격
1) 2011-2학기 현재 학부 3학년 2학기 재학생으로서, 2012학년도 1 ⁃ 2학기 재학 예정자
2) 반도체관련분야 이공계 학과(부) 학생
3) 졸업후 본교 반도체관련 대학원 진학 또는 반도체 관련업계로의 취업을 희망하는 자
4) 반도체관련 교과목을 이수 또는 수강하고 있는 학생
5) 반도체관련 공모전 입상 또는 관련업계 인턴 활동 학생 우대
6) 직전학기 성적 3.5 이상
7) 기타 : 가계곤란 학생 우선 선발
3. 지원 서류
가. 추천 및 신청서 (지정 양식)
나. 자기소개서 (자유 양식, A4 1매)
다. 재학증명서, 성적증명서
라. 건강보험료 납부확인서 ( 소득이 있는 가족 구성원 모두의 납부확인서 )
마. 건강보험증 사본 ( 소득이 있는 가족 구성원 모두의 건강보험증 사본 )
- 부․ 모 이별 또는 사별의 경우, 부 또는 모 명의의 가족관계증명서 추가
4. 신청 기간 및 장소 : 2011년 10월 17일(월) ~ 10월 19일(수) 오후 5시 30분,
학생처 장학팀 (학생회관 114호)"
statistics,2012학년도 대학원 전기 모집 입학전형 일정 안내,,2021.11.20,https://stat.ssu.ac.kr/notice_view.html?category=1&idx=258,"1. 전형방법 : 서류심사 및 구술평가시험
2. 전형대상 : 국내․외 거주 내․외국인
(외국인유학생은 편입학 모집 없음)
3. 입시일정
구 분
입 시 일 정
비 고
모 집 공 고
2011년 9월 29일(목)∼10월 20일(목)
홈페이지 및 교내․외 신문
원 서 접 수
2011년 10월 17일(월)∼20일(목)
온·오프라인 접수 동시 진행
면접장소 및
평가자 입력
2011년 10월 31일(월) 24:00까지
U-Saint 입학관리
- 학과 주임교수 입력
학과서류송부
2011년 11월 7일(월) (예정)
대학원교학팀 배부
전 형 일 시
2011년 11월 11일(금) 10:00∼
외국인(국외거주) 전화면접
2011년 11월 12일(토) 10:00∼
외국인(국내거주) 및 내국인 면접
합격자 발표
2011년 11월 25일(금) 예정
대학원 홈페이지
합격자 등록
2012년 1월 3일(화)∼5일(목)까지
우리은행 전국지점
4. 기타사항
가. 접수방법
1) 내국인 : 대학원 입학시스템을 통한 온라인 접수
2) 외국인 : 입학원서(홈페이지 다운, 국․영문)를 작성하여 우편 및 방문 접수
나. 전형료
과정
2012학년도 전형료
비고
내․외국인 석사과정
70,000원
내․외국인 박사과정
80,000원"
statistics,[공지]정보통계·보험수리학과 Study Group 지원 공고,,2021.11.20,https://stat.ssu.ac.kr/notice_view.html?category=1&idx=257,"정보통계
·
보험수리학과에서는 학생들의 스터디 그룹 활성화 및 이에 따른 취업률 향상을 목표로 스터디 그룹 운영에 필요한 경비를 지원할 예정입니다
.
관심있는 스터디 그룹은 아래의 사항을 참고하여 운영계획서를
10
월
19
일
(
수
)
오후
5
시까지
학과사무실로 제출하시기 바랍니다
.
-
지원금액
: 50
만원
-
지원대상 스터디 그룹
:
총
10
팀
(
지원 그룹의 스터디 운영 계획서를 평가하여 선발
)
1.
금융관련 자격증 대비 스터디
: 5
팀
2.
전공학습
,
공모전
,
대학원 진학 준비
,
면접 등 기타 스터디
: 5
팀
-
스터디 그룹 인원 수
: 3~5
명
-
운영계획서 포함 내용
(A4
용지
2
매 이내로 작성
)
1.
스터디 그룹 구성원의 학년과 성명
2.
스터디 그룹의 목표
3.
스터디 그룹의 운영계획 및 지원금액의 사용 계획서"
statistics,[공지]2012학년도 대학원 전기모집 입학성적우수장학생 지원 안내,,2021.11.20,https://stat.ssu.ac.kr/notice_view.html?category=1&idx=256,"2012학년도 대학원 전기모집 신입생 선발과 관련하여, 2012학년도 대학원 전기모집 지원자 중 입학성적우수장학금 대상자가 있는 경우, 입학성적우수장학생 지원서 및 성적증명서를 2011년 10월 20일(목)까지 학과사무실로 제출하여 주시기 바랍니다.
1. 지원방법 : 지원서 및 성적증명서(열람용, F학점 포함)를 학과 사무실에 제출
2. 지원자격
가. 2012년 2월 본교 학부 졸업예정자
나. 수업연한 4년(8학기) 이내인 졸업예정자(건축학부 건축학전공 : 5년(10학기 이내))
다. 열람용(F학점 포함) 직전 3학기 기준으로 하여 성적 평균평점 3.75 이상인 자
3. 수혜기간 : 2년(4학기)
4. 지원금액 : 다음 사항을 제외하고는 수업료 전액 지급
가. 학과 내 두 가지 이상 과정의 운영으로 수업료가 상이한 경우, 가장 적은 금액으로
지급 (예 : 복수학위과정)
나. 입학성적우수장학생이 교육조교를 겸하는 경우에는 해당 입학성적우수장학금의 반액으로 지급
5. 선 발 : 지원자격을 만족하는 자 중에서 다음 기준에 따라 배정인원 범위내 선발
가. 8학기(건축학부 건축학전공 10학기) 재학생 중 직전 3학기 성적(열람용, F학점 포함)
평균평점 기준 상위 25% 이내인 자
나. 선발시 선발학과 내 동일학과 졸업예정자를 우선으로 선발하며, 타학과 졸업예정자는
후순위로 선발
6. 입학성적우수장학생 의무 준수사항
1. 입학성적우수장학생은 입학 후 매학기 성적이 A-(4.00)를 유지하여야만 장학금 수혜를 받을 수 있다.
2. 입학성적우수장학생은 입학 후 휴학을 할 수가 없으며, 휴학을 할 경우 자격이 상실된다.
단, 질병(진단서 제출), 군입대(입영통지서 제출), 기타 사고 등은 예외로 한다.
3. 입학성적우수장학생에게는 입학 후 학과주임교수가 필요시 교육 및 연구 지원업무를 담당하게
할 수 있으며, 불응할 경우 자격을 상실한다.
첨부 : 입학성적우수장학생 지원서 1부."
statistics,2012년 2월 졸업예정자 졸업사정 오류정정/이수구분 변경 신청 안내,,2021.11.20,https://stat.ssu.ac.kr/notice_view.html?category=1&idx=255,"2012년 2월 졸업예정자의 졸업사정 오류정정/이수구분 변경 신청 및 졸업사정 일정을 아래와 같이 안내합니다.
* 졸업사정 오류정정/이수구분 변경 신청
1. 대상자 :
2012년 2월 졸업예정자(현재 8학기 이상 이수중인 학생)
2. 신청기간 :
9월 28일(수) - 10월 5일(수)
3. 신청방법
가. u-SAINT 접속 → 학사관리 → 성적/졸업 →
졸업사정표(졸업예정자) 조회 및 출력
나. 확인 후 오류사항이 있으면
오류정정/이수구분 변경 신청서를 작성하여 졸업사정표와 함께 각 학과(부) 사무실로 제출 (양식 첨부)
4. 유의사항
가. 반드시 이번 학기 수강신청 내역, 학점포기, 수강신청 취소 내역 등이 모두 반영된
9월 26일 ~ 28일 사이에 생성된 졸업사정표를 통해 오류사항을
확인하고 신청하시기 바랍니다.
나. 졸업예정자는
9월 23일(금) 17시까지 다전공 포기 신청을 완료
하여 주시기 바랍니다.
이후 신청한 내역은 1차 졸업사정 결과에 반영되지 않습니다.
다. 신청시 과목번호, 이수연도 및 학기를 U-saint에서 정확히 확인하시어 신청해주시기 바랍니다(정확하지 않을 경우 변경처리가 되지 않을 수 있음).
라. 졸업사정표는 졸업 시뮬레이션과 달리 수강신청 내역 등을 실시간으로 반영하지 않고
졸업사정표 오른쪽 상단의 졸업사정일자 기준으로 반영된 내용
이므로 이에 유의바랍니다.
마. 공학인증 관련 졸업사정은 공학교육혁신센터의 안내에 따라 진행하시기 바랍니다.
5. 오류 유형
가. 이수구분 오류 : 첨부파일의 이수구분 변경 원칙을 확인하고 인정가능한 사항만 정정 신청
나. 전공필수 졸업요건 예외처리 : 첨부파일의 예외 인정 원칙을 확인하고 인정가능한 사항만 정정 신청
다.
재수강, 중복수강 처리 오류 : 재수강 신청을 하였는데 정상적으로 처리되지 않은 경우 등
라. 동일한 과목의 중복(이중) 인정 오류
1) 주전공에서 인정된 과목이 다전공에서 중복으로 인정되는 경우
2) 전공기초로 인정된 과목이 전공(선택, 필수) 등에 중복으로 인정되는 경우
3) 교양선택으로 인정된 과목이 교양필수 또는 전공, 다전공 등에 중복으로 인정되는 경우 등
마. 다전공 이수 관련 오류
1) 다전공을 이수하고 있는데 졸업사정표에 나오지 않는 경우
2) 다전공을 포기하였는데 졸업사정표에 나오는 경우
3) 다전공 이수학점 오류 등
바. 편입 및 전과 학점인정 결과 오류 : 학과사무실로 먼저 확인한 후 오류 여부 판단
사. 교양선택 이수학점 오류
1)
2006-2008학번 학생
중 교양필수와 교양선택을 입학년도 기준과 같이 이수하였음에도 불구하고 졸업요건 조정으로 인해 교양선택 졸업요건이 Fail로 나오는 경우
2) 2006-2008학번의 입학년도 기준 교양 이수학점 : 교양필수 14학점, 교양선택 21학점(인문대, 법대, 사회대) 또는 15학점(자연대, 경통대, 경영대, 공대, IT대)
아. 대학원 과목을 수강하여 학부 전공학점으로 인정이 필요한 경우
자. 이수과목 누락 : 채플, 졸업논문/졸업종합시험 등
*전체적인 졸업사정 일정
1.  9월 26(월) - 9월 28(수) : 수강신청 취소 내역까지 반영한 1차 졸업사정 작업 완료
2.  9월 28(수) - 10월 5일(수) : 졸업사정 결과 확인 및 오류정정 신청 (학생)
3. 10월 12일(수) : 접수된 내용을 정리하여 학적팀으로 전달 (각 학과사무실)
4. 10월 21일(금) : 수정작업 완료 및 졸업사정표 반영 (학적팀)
5.
10월 24일(월) - 10월 26일(수) : 수정 결과 확인 및 이의 신청 (학생)
가. 졸업사정표를 재확인하고 신청결과가 반영되지 않았을 경우
학적팀을 방문하여 재확인
나. 1차 졸업사정 완료
6. 추후 졸업사정 계획
가. 정규학기 성적처리 후 졸업사정 재실행
나. 계절학기 성적처리 후 졸업사정 재실행
* 졸업 관련 문의 : 820-0154 (학적팀 졸업 담당자)"
statistics,한국보건정보통계학회 논문 투고 공모,,2021.11.20,https://stat.ssu.ac.kr/notice_view.html?category=1&idx=254,"한국보건정보통계학회지에서 2011년 12월에 발간될 학회지에 게재할 논문 투고를 받고 있습니다.
본 학회지는 발간되지 얼마 되지 않아서 학부생들이 논문을 투고하더라고 등재가 수월하니 많은 지원 바랍니다.
제출  : 2011년 10월 16일 까지
방법 : 1. 홈페이지를 통한 온라인 투고
- 한국보건정보통계학회 공식 홈페이지(
http://www.koshis.or.kr
)의 메인 화면에서 '학회지-온라인 논문 투고' 메뉴를 클릭하여 논문 파일을 업로드
2.전자우편을 통한 투고
-koshis@hanmail.net
으로 논문파일을 발송
2011년 6월에 발간된 학회지는 학과사무실에서 보관하고 있으니 많은 관심 부탁드립니다."
statistics,2011-2학기 휴학·복학 신청 안내,,2021.11.20,https://stat.ssu.ac.kr/notice_view.html?category=1&idx=253,"2011-2학기 휴학·복학 신청 안내
<복학 신청>
1. 신청기간 :
2011. 8. 4(목) 10:00 ~ 8. 10(수) 17:00
2. 신청방법 : u-SAINT 포털 / 학사관리 / 학적변동 / 복학신청
3. 유의사항 :
유급복학
희망자는 학사지원과
방문 신청
, 군복학은 수업일 1/3이전 전역자만 신청 가능
<휴학 신청>
1. 신청기간 :
2011. 8. 1(월) 10:00 ~ 8. 31(수) 17:00
2. 신청방법 : u-SAINT 포털 / 학사관리 / 학적변동 / 휴학신청 -
일반휴학/군휴학 선택
3. 유의사항
가.
등록휴학
은 등록금 납부 다음날부터
2011. 10. 26(수)
까지 신청 가능
나.
군휴학
은 입대일자가
2011. 10. 26(수)
까지인 학생만 신청 가능
※ 입대일이
2011.10.27(목) ~ 2012.2월 말
인 경우 일반휴학 또는 수강 후 입대 1주일 전 군휴학 신청
<등록 휴학 연장>
1. 신청기간 :
2011. 8. 4(목) 10:00 ~ 8. 31(수) 17:00
2. 신청방법 : 복학신청 및 승인(약 2-3일 소요) 후 위 기간 중 다시 일반휴학 신청
<미등록 휴학 연장>
1. 신청기간 :
2011. 8. 1(월) 10:00 ~ 8. 31(수) 17:00
2. 신청방법 : u-SAINT 포털 / 학사관리 / 학적변동 / 휴학신청 -
휴학연장 선택
3. 유의사항 : 미등록 휴학연장은
평생 1번만 신청 가능
하니 신중하게 선택바람
※ 공통유의사항
1.
도서 대출이 있을 경우 휴학할 수 없습니다.
도서관에 도서반납 후 휴학신청 바랍니다.
2.
휴학/복학 승인 후 취소 불가
하며
장학금, 등록고지서 및 수강신청이 취소
되니 유의하시기 바랍니다.
3. 일반휴학기간 : 1회 2학기 / 최대 5회(편입생 2회) 한도 가능, 복학하지 않으면 휴학기간 초과 제적됩니다.
4. 조기복학은 2학년 이상 가능하며, 학년-학기가 달라지므로 소속학과 상담 후 신청바랍니다.
5.
신입생은 입학 후 2학기(1년)동안 휴학할 수 없습니다(군 휴학 제외).
부득이한 질병휴학은 상급종합병원(대학병원)에서 발급한 4주 이상 입원 및 통원치료를 요하는 진단서를 학사지원과에 제출하여 신청바랍니다.
<참고사항>
학비 마련이 곤란한 학생
의 경우 아래와 같은 각종 장학금 및 학자금 대출을 이용하시기 바랍니다.
1.
미래드림장학금
: 직전학기 이수학점 12학점 이상, 80점(100점 만점 기준) 이상인 기초생활수급자
가. 신청기간 : 2011년 6월 27일(월) ~ 8월 5일(금) 10:00~17:00
나. 신청방법 : 한국장학재단 홈페이지(
www.kosaf.go.kr
) 로그인 후 미래드림 장학금 신청
2. 한국장학재단
학자금대출
가. 신청기간 : 2011년 7월 6일(수) ~ 8월 12일(금)
나. 대출자격
(1) 취업후 상환 : 35세 이하, 소득분위 7분위 이하, 직전학기 12학점 이상 80점 이상
(2) 일반 학자금 : 55세 이하, 소득분위 8분위 이상, 직전학기 12학점 이상 70점 이상
※ 자세한 신청 방법은 본교 홈페이지 장학 공지사항 참조바람
※ 문의 : 02-820-0152 /
jsk@ssu.ac.kr
/ u-SAINT 포털 SOS 게시판"
statistics,[공지] 2011학년도 2학기 수강신청기간 전산실습실 이용안내,,2021.11.20,https://stat.ssu.ac.kr/notice_view.html?category=1&idx=252,"2011학년도 2학기 수강신청기간에 이용 가능한 전산실습실(PC실습실)을
다음과 같이 안내해 드리오니 참고하시기 바랍니다.
기간
시간
장소
8월 16일(화) ~ 8월 29일(금),
8월 22(월)
10:00~17:00
10B106(벤처관)
10209(벤처관)
11310(법학관)
12427(조만식)
02208(경상관)
07217(백마관)
*우리학과 전산실은 별도로 언제든 사용 가능합니다. ^^"
statistics,2011-2 신학기 학생증(ID카드) 신청 및 교부 안내,,2021.11.20,https://stat.ssu.ac.kr/notice_view.html?category=1&idx=251,"<2011-2 신학기 학생증(ID카드) 신청 및 교부 안내>
학생증(ID카드)
은 신분 증명서로, 특히 교내에서는 도서관의 출입 및 도서대출시에 필요하오니
반드시 발급 받으시기 바랍니다.
* 자세한 신청방법은 첨부자료에 안내되어 있습니다.
I. 신/편입생 (학부 및 대학원)
*온라인 신청일정은 소속별 일정을 확인하시기 바랍니다.
1. 신청 및 교부일정
가. 전체 일정
구분
일자
운영시간 및 장소
내국인
온라인 입력 및 출력 기간
2011. 8. 12.(금) ~ 2011. 9. 2.(금)
우리은행 홈페이지에서 전일 신청 가능
신청 기간 (내/외국인)
2011. 8. 31.(수) 10:00 ~
2011. 9. 2. (금) 16:00
오전- 10:00~12:00
오후- 13:00~16:00
베어드홀 102호 앞 로비
교부 기간 (내/외국인)
2011. 9. 26. (월) ~ 2011. 9. 28. (수)
※ 학생증 교부 전에는 임시바코드를 발급받아 도서관 이용가능
<임시바코드 발급기간 2011.9.1.(목)~9.15.(목) 09:00~20:30 / 도서관3층 대출실 /신분증
(내국인:
주민등록증 또는 운전면허증/ 외국인: 여권사본 또는 외국인등록증)
지참>
나. 소속별 온라인 신청 일정
구 분
온라인 입력 및 출력 시작일
일반대학원, 정보과학대학원, 사회복지대학원,
교육대학원, 기독교학대학원
8. 12.(금) 부터
학부, 중소기업대학원, 경영대학원
8. 16.(화) 부터
*소속별로 일정이 상이할 수 있으니 사전에 해당 사무실에서 가능여부를 확인하시기 바랍니다.
다. 신청방법
내국인
외국인
신청 내역
인터넷(
우리은행홈페이지) 신청⇨ 신청서 출력⇨ 신청서 접수(교내 지정장소) ⇨ 교부일자에 수령(신분증지참)
신청서 수기작성 및 제출(교내 지정장소) ⇨ 교부일자에 수령(신분증 지참) ※
외국인등록증 신청 중일 경우에는 여권사본으로 신분증 대체
1. 학생증(Uni체크카드 탑재)
2. 우리은행 계좌 및 인터넷뱅킹
3. 우리 V체크카드(선택사항)
4. 주택청약저축(선택사항)
II. 재학생 및 복학생
- 신규신청이라 하더라도 학생회관 1층 고객서비스팀에 내방하여 신청(온라인 신청 불가능)
- 사진(파일 또는 인화된 사진)을 지참하여 방문
☎문의: 고객서비스팀 02)820-0068~69"
statistics,2011학년도 2학기 학점등록 안내,,2021.11.20,https://stat.ssu.ac.kr/notice_view.html?category=1&idx=250,"2011학년도 2학기 학점등록 변경과 관련하여 아래와 같이 안내합니다.
1. 학점등록 대상자 :
수업연한(8학기)이 경과
하고도
졸업에 필요한 학점을 이수하지 못하여 수학을 계속하는
경우, 그 부족학점 수가
9학점 이하인 학생
2. 학점등록 변경 대상자
가.
추가 수강을 위하여 등록 학점을 상향 조정
하고자 하는 학생
나.
학점등록이 가능함에도 불구하고 전액 등록금 고지서가 출력되는 학생
다. 기타 학점등록과 관련하여 오류가 있는 학생
3. 신청기간 :
8월 10일(수) - 8월 12일(금)
16:00
4. 신청방법 : 학사지원과 방문 신청
5. 유의사항: 신청기간 내에 변경 신청을 하여야 수강신청 최대학점에 반영할 수 있습니다.
*문의 : 학사지원과 졸업담당 (02-820-0154)"
statistics,수강신청 책자 배부+수정내용 표기 알림,,2021.11.20,https://stat.ssu.ac.kr/notice_view.html?category=1&idx=249,"2011학년도 2학기 수강신청 책이 나왔습니다.
필요한 학생은 학과사무실을 방문해서 수령하시기 바랍니다. (1인 1권)
방문 가능 시간: 오전 10시 ~ 오후 4시 30분
*오후 12시~1시는 점심시간으로 자리를 비웁니다.
**금번 학기 시간표에는 수정 사항이 있으니 아래 내용을 참고하시기 바랍니다.
-수정 사항
-
1.   4쪽...............10번,
기초공학수학2, 미적분학2 -> 삭제
2.  5쪽.............. 수강신청학년, 1학년/
편입생->삭제
3.
5번................
(8.26)-> 삭제
4. 7번................
(8.26)->삭제"
statistics,[수강신청] 2011-2 수강신청관련 인원부족 증원불가 및 대상 제한 반에 관한 안내 (필독),,2021.11.20,https://stat.ssu.ac.kr/notice_view.html?category=1&idx=248,"수강 가능한 인원을 초과하여 신청을 할 수 없는 과목이 생기고 있습니다.
수강 신청 인원 미달에 관련된 내용을 공지하니 학부생들은 아래 내용을 참고하시기 바랍니다.
* 학과 내의 모든 전공과목은 인원수 증원이 없습니다.
정해진 인원 외에는 특별 사유가 없으면 증원을 하지 않습니다. (4학년 2학기로 졸업과 관련된 경우에만 교수님의 허락 하에 처리할 예정.)
강제 수강신청 역시 하지 않으니 학생들은 꼭 정해진 기한 내에 전공 과목의 수강신청을 완료하시기 바랍니다.
인원이 부족하여 수강하지 못한 것에 대해서는 책임지지 않습니다.
* 수강신청 제한반의 수강을 희망하는 학생은 교수님의 허가가 필요합니다.
수강신청 시 재수강 및 다전공자에 의해 해당 학년의 학생들이 필수 과목임에도 불구하고 수강을 할 수 없는 일이 일어나,
학부생들의 불편이 많이 있어 강좌별로 수강 인원이 많은 과목의 경우 분반이 되어있고, 공통반과 학년제한 반으로 구분이 되어있습니다.
재수강, 다전공신청 학생들은 공통반으로 수강을 하시기 바랍니다.
부득이하게 공통반으로 수강신청을 할 수 없는 경우 학생은 개강 후 수업에 참석하여 교수님께 별도로 허락을 받으시기 바랍니다.
교수님의 허가 없이는 제한 반으로의 수강신청이 불가능합니다.
학생들의 빈번한 여석 조정 요청으로 인하여 본 공지를 하오니 위 내용을 참조하고,
여석 조정에 관한 전화 문의는 지양하시기 바랍니다.
** 학과에서는 여석 조정 및 수강 과목 시간 조정에 관한 상담은 하지 않습니다.
*** 제한반 수강신청 처리시 학생의
학점부족, 시간중복
등으로 인해
수강신청을 처리할 수 없는 경우 절대 다시 처리하지 않습니다.
학생들은 수강신청을 위한 준비를 미리 해놓으시길 바랍니다."
statistics,보험계리사 대비 특강 개최!!,,2021.11.20,https://stat.ssu.ac.kr/notice_view.html?category=1&idx=247,"보험계리사 대비를 지원차 특강을 개최하니 많은 참석 바랍니다!! ^^
일시: 7월 30일 (토요일)
과목: 보험계리사 2차 시험
보험이론 및 실무 총정리 (강사: 이도수 아이앤알보험계리 대표)
장소: 형남공학관 116호
시간: 오전 9:00 ~ 오후 4: 00"
statistics,일반을 장학금 소멸 안내 (일반 을 장학금 지원자 필독!),,2021.11.20,https://stat.ssu.ac.kr/notice_view.html?category=1&idx=246,"2011
학년도
2
학기 장학생 선발 내역이 변경되어
안내하오니 학생들은 확인하고 지원하길 바랍니다
.
1.
비전장학금
(
가칭
)
선발 및 접수 안내
가
.
장학생 선발 기준
1)
선발
요건
가
)
직전학기 성적이
3.0
이상
나
)
우선선발
:
건강보험료 납부액 기준을 충족하는 학생 우선 선발
-
붙임의
건강보험료 기준표 참조
-
나
)
항으로 선발 인원이 초과될 경우
,
한국장학재단 우수드림 장학생 선발 원칙을 준용
하여 선발할 수 있음
.
(
소득기준 충족 시
,
성적우수자 순으로 선발
)
다
)
우선선발조건 학생 미달 시
:
기타 가정형편을 증명할 수 있는 서류
등을 바탕으로
학과 자체기준으로 차순위 학생을 추가 선발
2)
학과
(
부
)
의 형편에 따라 소정의 봉사활동이 수반될 수 있음
,
※
근로장학금 이외의 교내장학금과 중복수혜 제한
(
일부 국가장학금과 중복수혜 가능
)
나
.
장학생 심사 서류
1)
필수서류
:
신청서
,
건강보험증 사본(
부모님 두분것 모두
!)
,
건강보험료 납부확인서
2)
기타
:
기타 가정형편을 증명할 수 있는 서류 및 학과
(
부
)
자체 기준 서류
다
.
장학금액
: 1,500,000
원
※
단
,
국가 우수드림 및 희망드림 장학금과 중복수혜하는 경우
,
비전장학금 접수 연장에 따라 국가장학금의 선발이 선행되는 관계로
,
수업료 전액에서 우수드림
/
희망드림 차액만
을 지급함
.
라
.
장학금 접수 기간
: 2011. 8.
5.
(
금
)
까지로 접수 연장
※
학과별로 추가접수학생에게는 전체 서류를, 가계곤란서류 추가제출이 필요한 학생은 해당 서류만을 제출
즉, 기존의 '일반을 장학금'은 없어지고 생활 가계 형편이 많이 적용되는 '비전장학금'이 새로 생깁니다.
이미 '일반을 장학금'을 신청한 학생들은 추후 일괄적으로 신청한 장학금명이 변경될 예정이오니 새로 신청은 하지 않아도 되지만, 건강보험료 납입증명서와 건강보험증 사본을 학과에 추가적으로 제출해야 합니다.
신청서를 낸 학생들에게는 개별 연락을 취할 예정이며, 8월 5일까지 늦지 않도록 제출하길 바랍니다."
statistics,[2011.07.05] 학과 세미나 취소 알림,,2021.11.20,https://stat.ssu.ac.kr/notice_view.html?category=1&idx=245,금일 예정이던 학과 세미나는 취소되었습니다.
statistics,취업뽀개기 무료 취업캠프고학년,,2021.11.20,https://stat.ssu.ac.kr/notice_view.html?category=1&idx=244,"취업뽀개기 무료 취업캠프고학년 취업캠프 (3~4학년)
입사서류, 면접 고민 끝!
취업캠프로 해결하자!
현직 대기업 인사담당자와 전문컨설턴트로 구성된 1박2일 집중 취업캠프!
<< 캠프안내 >>
1. 일    시 :
2011.06.27.(월) ~ 28.(화) <1박2일>
* 당일 9시까지 시간 엄수하여 한경직기념관 건너편 버스 탑승
* 6/27(월) 9시 학교 출발 ~ 6/28(화) 17:00 학교 도착
2. 장    소 : 양평리조트연수원 (경기도 양평군)
3. 대    상 : 이력서, 자기소개서, 면접을 완성하고 싶은 재학생, 휴학생, 졸업자
4. 인    원 : 선착순 50명
5. 참여비용 : 10,000원 (수료 시 문화상품권으로 환불, 접수 이후 환불 불가)
6. 프로그램 : 첨부 참조
7. 준 비 물
가. 이력서, 자기소개서를 출력하여 당일 필수 지참
나. 세면도구, 필기도구, 정장(정장이 없을 경우, 단정한 옷차림)
<< 접수안내 >>
1. 일    시 :
2011.06.21.(화) 09:00부터 선착순 50명 접수
2. 장    소 : 형남공학관 2층 경력개발센터 내방 접수 (방문이 불가능한 경우, 전화 바랍니다.)
3. 사전제출 (필수)
- 직무적성검사 : 접수완료시 메일로 안내함. 반드시 검사 해당 기간 안에 실시
4. 문 의 : 820-0074
** 첨부파일 : 취업프로그램 일정표"
statistics,제2회 미래 한국 대학생 논문공모전,,2021.11.20,https://stat.ssu.ac.kr/notice_view.html?category=1&idx=243,
statistics,2011학년도 후기 대학원 수시모집 입학성적우수장학생 지원 안내,,2021.11.20,https://stat.ssu.ac.kr/notice_view.html?category=1&idx=242,"2011학년도 후기 대학원 수시모집 입학성적우수장학생 지원 안내
2011학년도 후기 대학원 수시모집 신입생 선발과 관련하여, 2011학년도 후기 수시모집 지원자 중 입학성적우수장학금 대상자가 있는 경우, 입학성적우수장학생 지원서 및 성적증명서를 2011년 6월 22일(수)까지 학과사무실로 제출하여 주시기 바랍니다.
1. 지원방법 : 지원서 및 성적증명서(열람용, F학점 포함)를 학과 사무실에 제출
2. 지원자격
가. 2011년 8월 본교 학부 졸업예정자
나. 수업연한 4년(8학기) 이내인 졸업예정자(건축학부 건축학전공 : 5년(10학기 이내))
다. 열람용(F학점 포함) 직전 3학기 기준으로 하여 성적 평균평점 3.75 이상인 자
3. 수혜기간 : 2년(4학기)
4. 지원금액 : 다음 사항을 제외하고는 수업료 전액 지급
가. 학과 내 두 가지 이상 과정의 운영으로 수업료가 상이한 경우, 가장 적은 금액으로
지급 (예 : 복수학위과정)
나. 입학성적우수장학생이 교육조교를 겸하는 경우에는 해당 입학성적우수장학금의 반액으로 지급
5. 선 발 : 지원자격을 만족하는 자 중에서 다음 기준에 따라 배정인원 범위내 선발
가. 8학기(건축학부 건축학전공 10학기) 재학생 중 직전 3학기 성적(열람용, F학점 포함)
평균평점 기준 상위 25% 이내인 자
나. 선발시 선발학과 내 동일학과 졸업예정자를 우선으로 선발하며, 타학과 졸업예정자는
후순위로 선발
6. 입학성적우수장학생 의무 준수사항
1. 입학성적우수장학생은 입학 후 매학기 성적이 A-(4.00)를 유지하여야만 장학금 수혜를 받을 수 있다.
2. 입학성적우수장학생은 입학 후 휴학을 할 수가 없으며, 휴학을 할 경우 자격이 상실된다.
단, 질병(진단서 제출), 군입대(입영통지서 제출), 기타 사고 등은 예외로 한다.
3. 입학성적우수장학생에게는 입학 후 학과주임교수가 필요시 교육 및 연구 지원업무를 담당하게
할 수 있으며, 불응할 경우 자격을 상실한다."
statistics,정보통계·보험수리학과 학사조교 모집 공고,,2021.11.20,https://stat.ssu.ac.kr/notice_view.html?category=1&idx=241,"숭실대학교 정보통계·보험수리학과에서 근무할 학과 조교를 모집합니다.
구 분
분 야
근무 시간
인 원
학사조교A
학과 행정업무
09:00 ~ 17:30
1명
1. 역할과 내용
○ 담당업무
- 학과 관련 행정업무 및 학생,교수진 보조
○ 지원자격
- 연령 : 4년제 정규대학 졸업자 / 본교 졸업생, 정보통계(정보통계·보험수리)학과 졸업생 우대합니다.
- 공문서 작성 및 학과 운영을 위한 한글, 엑셀 사용이 가능하신 분
- 행정업무 유경험자를 우대합니다.
- 2011년 9월 1일부터 출근 가능자. (8월 중 인수인계 교육 가능자.)
○ 복리후생
- 의료보험, 사학연금 적용
- 급여 : 숭실대학교 조교 임용 규정에 준함
- 주5일 근무 / 학과 업무로 인해 간헐적으로 토요일에도 근무할 수 있음.
○ 지원서
- 이력서 1부 (양식 제한 없음)
- 자기소개서 1부 (양식 제한 없음)
- 최종성적증명서 1부
2. 접수기간 및 접수방법
○ 접수기간
- 2011. 6. 9(목) ~ 6. 17(금). 17:30까지
○ 접수방법
- 우편, 이메일 또는 직접접수
※ 우편접수는 마감당일 17:00까지 도착분에 한함
○ 접수처
- 서울특별시 동작구 상도로 369 숭실대학교 베어드홀 511호 정보통계·보험수리학과 사무실
- stat@ssu.ac.kr
○ 제출서류
- 이력서 1부
- 자기소개서 1부
- 최종 합격시 제출서류 : 주민등록등본 1부, 최종학교 졸업증명서 1부, 성적증명서 1부, 본인 명의 통장사본
3. 전형절차
-1차 : 서류전형 (개별통보)
-2차 : 개별면접 (일시 및 장소는 1차 합격자 발표 시 개별 안내)
-최종합격자 발표 : 면접 전형 후 개별통보
4. 기타 유의사항
○ 1차 서류접수 후 면접대상자를 선발하여 개별 통지함
○ 제출된 서류는 일체 반환하지 않음
○ 제출서류가 사실과 다르거나 교원임용에 결격사유가 확인되는 경우에는 합격 또는 임용을 취소함
5. 담당자 연락처
- 이름 : 서혜은
- 담당부서 : 정보통계·보험수리학과
- 전화번호 : 02) 820-0440
- 팩스번호 : 02) 823-1746
- 홈페이지 : http://stat.ssu.ac.kr
- E-mail : stat@ssu.ac.kr
- 주소 : 서울특별시 동작구 상도로 369 숭실대학교 베어드홀 511호 정보통계·보험수리학과 사무실"
statistics,2011 GROP 일본현지근무 한국인 채용,,2021.11.20,https://stat.ssu.ac.kr/notice_view.html?category=1&idx=240,"2011 GROP
일본현지근무 한국인 채용
일하는
것이
즐거운
!
회사에
오는
것이
즐거운
!
함께하면서
점차
성장해
나갈
수
있는
장을
마련하는
기업
, GROP
가
일본현지에서
함께할
한국인
인재를
모십니다
.
■ 2011 GROP 채용설명회 일정
일시
학교
장소
2011. 6. 1(수) 13:00~15:00
숭실대학교
형남공학관 321호
2011. 6. 1(수) 16:00~18:00
중앙대학교
학생회관3층 취업정보세미나실
2011. 6. 2(목) 13:00~15:00
건국대학교
교육과학관 113호
2011. 6. 2(목) 16:00~18:00
세종대학교
군자관 6층 집현전
2011. 6. 3(금) 13:00~15:00
한국외국어대학교
본관 109호
■
모집부문 :
•
기획영업
• ME(MANAGEMENT EXPERT)
•
교육사업운영자
• SUPERVISOR
•
코퍼레이트부문
■
지원자격
:
•
4
년제 대학교 졸업예정자 및 기졸업자
•
일본 현지근무가 가능한 자
•
Global
역량을 보유한 자
•
직무에 적합한 활달하고 대인관계가 원만한 인재
■
전형방법 및 제출서류
•
모집기간 및 근무시작일, 제출서류에 대한 부분은 채용설명회 진행 시 안내
■
연봉 :
직  무
월 급 여
기획영업
240,000
엔
(
직무수당포함)
ME
교육사업운영자
SUPERVISOR
200,000
엔
(
별도 시간외 수당 지급)
코퍼레이트부문
■
기타
•
수 당
-
주택보조 수당(최대 70,000엔)
-
부양가족 수당
-
통근비 수당
•
상여 : 연2회(6월, 12월) 및 결산수당
•
근무지 : 동경, 오카야마
•
근무시간 : 9:00~17:30
•
휴일휴가 : 주5일제, 공휴일, 리프레쉬휴가, 연말연시, 유급휴가 연간휴일 123일
•
제출된
서류는
반환되지
않으며
,
서류전형결과는
합격여부와 관계없이 개별 통지.
•
모든
기재
내용은
사실이어야
하며
,
그렇지
않은
경우에는
채용이
취소되오니
,
지원서의
모든
사항이
정확히 입력되었는지
필히
확인바람
■
본사위치 :
〒
703-8247
岡山県岡山市中
区
さい東町
2-2-5
■ Homepage
:
http://www.grop.co.jp"
statistics,자연대 주최 여름방학 영어교육프로그램 신청자 모집,,2021.11.20,https://stat.ssu.ac.kr/notice_view.html?category=1&idx=239,"자연대에서 주최하는 영어교육 신청자를 모집합니다.
본 프로그램은 자연대에서 주최하며 일주일동안 일일 6시간씩 총 30시간 가량의 시간으로 운영됩니다.
자세한 일정과 사항은 공지를 전달 받는대로 올려드릴 예정입니다.
기간은
6월의 마지막주 (6.27~7.1)
와
계절학기가 끝나는 다음주 (7.18~7.22)
, 2개반으로 구성되어있으며
자연대 5개 학과 중 각 학과당 10명내외 정도로 선착순 모집할 예정입니다.
프로그램 내용은 발음교정과 회화 위주의 학습으로 진행될 예정입니다.
금액은 전액 자연대에서 지원해드리며 강의는 논현역 근처에 위치한 학원에서 진행될 예정입니다.
본 프로그램은 또한 레벨테스트를 통하여 각각의 실력에 적합한 반으로 구성됩니다.
성실하게 본 프로그램에 참여할 학부생 여러분께서는 학생회장의 연락처 (정지만, 010-8026-4641) 로
학번,이름,참여할 반(
6월 or 계절
로 선택하여주세요) 을 적어 문자로 보내주시기 바랍니다."
statistics,2011-하계방학 직장체험(인턴) 프로그램,,2021.11.20,https://stat.ssu.ac.kr/notice_view.html?category=1&idx=238,"경력개발센터에서
2011-하계방학 직장체험(인턴) 프로그램의
참여신청 접수를 받고 있습니다.
직장체험이란ς
2
개월 동안
사기업체 직장 내 연수를 통해
40
만원
/
월 수당
을 지원받고
최대
4
학점
까지 학점인정을 받는 프로그램입니다.
하계방학기간 경력 + 수당 + 학점을 동시에 얻게 되는 좋은 기회이므로
학생들의 많은 관심과 참여를 기대합니다.
연수가능 기업리스트를 참조 후 [첨부2]
연수지원서_이력서를 작성하여 [첨부1]
(이력서 상단에 연수희망기업 기재)
아래의 이메일로 지원서를 제출 바랍니다. (방문접수 불가)
접 수 처 :
recjob2@ssu.ac.kr
제출기한 :
2011. 6. 1 (
수
) 23:00
까지
제출시 파일명 변경 :  ""연수지원서_이력서"" => "" 희망기업명_이름 ""
대 상 : 본교 재학생 및 휴학생
일 시 : 6월 27일부터 ~ 8월 26일까지 (2개월)
연수수당 : 40만원/월 지원 (+@는 기업사정에 따라 상이함)
근무시간 : 주당 40시간 이하 연수 (기업과 협의)
학점인정 : 2개월 연수시 최대 4학점(일반선택 직장체험 A,B) 인정
(2011-2학기에 수강신청을 함으로써 학점 인정이 되며
2011-2학기에 휴학시 복학학기에 수강신청하여 학점 인정됨)
기 타
▶ 각 기업별로 지원 경쟁률이 다를 수 있음
▶ 기업별 모집인원은 상황에 따라 추후 변동 가능함
▶ 이력서 상의 학생 전공과 직무와의 적합성 또는 인터뷰 결과에 따라 선발여부가 결정됨
▶ 참여기회를 얻지 못할 경우, 다음 학기에 재지원 가능함
문의 : 경력개발센터 (형남공학관 2층) 02-820-0168
경 력 개 발 센 터"
statistics,2011학년도 후기 대학원 수시모집 입학전형,,2021.11.20,https://stat.ssu.ac.kr/notice_view.html?category=1&idx=237,"2011학년도 후기 대학원 수시모집 입학전형을 다음과 같이 안내합니다.
가. 정원내(석사과정) 신․편입생 모집
나. 정원외 모집
1) 신입학 : 군위탁 및 외국인유학생 특별전형 실시
2) 편입학 : 군위탁 특별전형만 실시
(
외국인유학생은 편입학이 없음
)
3. 모집 입시일정
-
입 시 일 정
비 고
모 집 공 고
2011년 6월 3일(금)∼6월 22일(수)
홈페이지 및 교내․외 신문
원 서 접 수
2011년 6월 20일(월)∼22일(수)
-
학과서류송부
2011년 7월 1일(금) 예정
대학원교학과 배부
면접장소 및
평가자 입력
2011년 7월 11일(월) 24:00까지
U-Saint 입학관리
- 학과 주임교수 입력
전 형 일 시
2011년 7월 14일(목) 10:00∼
각 학과 지정장소
합격자 발표
2011년 7월 22일(금) 예정
대학원 홈페이지
합격자 등록
2011년 7월 27일(수)∼28일(목)까지
우리은행 전국지점
4. 기타사항
가. 접수방법
1) 내국인 : 대학원 입학시스템을 통한 온라인 접수
2) 외국인 : 입학원서(홈페이지 다운, 국․영문)를 작성하여 우편 및 방문 접수
나. 전형료
-
2011학년도 전형료
비고
내국인 석사과정
60,000원
-
내국인 박사과정
70,000원
-
외국인 석사과정
60,000원
USD 55
외국인 박사과정
70,000원
USD 65
※
해외거주 외국인 지원자의 경우
,
한화 또는 미화로 납부 가능
붙임 : 2011 후기 수시모집 요강"
statistics,[대] 2011학년도 2학기 석‧박사통합과정 지원 및 선발,,2021.11.20,https://stat.ssu.ac.kr/notice_view.html?category=1&idx=236,"2011학년도 2학기 석‧박사통합과정 지원 및 선발을 아래와 같이 진행하고자 하니 관심있는 석사과정생들이 지원하시기 바랍니다.
1. 지원기간:
2011. 6. 7.(
화
) 10:00
∼
6. 17.(
금
) 17:00
2. 지원자격
가. 석사 2학기 이상 등록을 필하고 18학점 이상 취득한 자(4학기생은 제외)
나. 석사과정 전공분야와 통합과정 지원 전공분야가 동일한 자
3. 제출서류:
가. 석‧박사통합과정 지원서 1부(양식:붙임)
나. 성적증명서(원본) 1부
4. 지원방법: 제출서류를 작성하여 대학원 교학과로 제출(웨스트민스터홀 658호)
5. 선발인원
가. 석‧박사통합과정 운영 내규: 박사과정 전체 입학정원의 20%
나. 석‧박사통합과정 운영 내규 세부기준: 한 학기에 학과당 2명 이내를 원칙으로 함
6. 발 표 일:
2011. 7. 28.(
목
) 17:00 -
학과 및 개별통지
7. 기 타
가. 수업년한: 4년(8학기) - 석사과정 입학 학기부터
나. 석사과정 외국어 및 종합시험, 석사논문 면제
다. 박사과정 입학금 면제
라. 대학원 홈페이지 內 공지사항 게시 예정(2011. 6. 1. ∼ 2011. 7. 28.)
※ 석‧박사통합과정 운영내규
제3조(지원 자격 및 선발시기) ① 대학원 석사학위과정에 입학한 자 중 신청일 당시 2학기 또는 3학기 재학중인 자(복학예정자 포함)로서 18학점 이상을 취득 또는 취득 예정인 자 <2010.2.19. 개정>
② 석사과정 전공분야와 통합과정 지원 전공분야가 동일한 자."
statistics,SOA 메뉴얼 대여 안내,,2021.11.20,https://stat.ssu.ac.kr/notice_view.html?category=1&idx=235,"본 학과에서는 보험계리사 자격증 취득에 대비하여 SOA 시험 메뉴얼을 대여합니다.
대여 기간은 일주일이며 낙서 및 파본을 금지하며 낙서 행위 적발 및 파손시 책임을 물게되오니 주의하시기 바랍니다.
현재 비치된 메뉴얼:  P / FM / MLC / MFE"
statistics,삼성SDS 인턴 채용상담회와 설명회,,2021.11.20,https://stat.ssu.ac.kr/notice_view.html?category=1&idx=234,"""ICSP인재가 모여 새로운 세상을 열어가는 곳~
여기가 바로
삼성SDS
입니다.
도전하십시오! 지금이 바로 그 순간입니다.""
회사소개
삼성SDS와 함께 글로벌 ICT세상을 이끌어갈 삼성SDS 인턴 실습생을 모집합니다.
현장위주의 실무능력 향상을 위한 프로그램
으로 실습이 진행될 예정이오니,
자신의 능력을 마음껏 발휘할 참신하고 끼있는 분들의 많은 관심과 참여를 기대합니다.
모집부문
부문
전공구분
지역
컨설팅
- 전자/전기, 전산/컴퓨터, 산공계열
- 상경계열
수도권
R&D
- 전자/전기, 전산/컴퓨터, 산공계열
수도권
ICT개발
- 전자/전기, 전산/컴퓨터, 산공계열 및
이공계 全학과
- 인문계 中 IT관련 학과(MIS등)
수도권
ICT운영
수도권, 충청, 경상
ICT인프라
수도권, 충청, 경상, 전라
영업/경영지원
- 인문계 全학과
수도권
- 직무별 상세 업무 수행 내역은 당사 홈페이지[채용]을 참조하여 주시기 바랍니다.
(
http://www.sds.samsung.co.kr/career/main.jsp
)
모집인원
000名
지원자격
o 2012年 2月 및 2012年 8月 졸업예정인 재학생(석사 제외)
o 전학년 평점 평균 4.5 만점 환산 3.0 이상인 분
o 병역필 또는 면제자로 해외여행에 결격사유가 없는 분
지원방법
o 디어삼성 홈페이지에서 지원서 작성을 통해 지원하셔야 합니다.
o 지원서 제출은 반드시 5. 12(목) ~ 16(월)에 제출하셔야 합니다.
※ 서류접수 마감은 5. 16(월) 17시이며, 마감일은 폭주가 예상되오니
가급적 마감일 이전에 등록하여 주시기 바랍니다. (한국시간 기준)
전형일정
o 지원서 접수      : 2011. 5. 12(목) ~ 5, 16(월) 17:00 까지 (한국시간 기준)
o SSAT전형         : 2011. 5. 22(일)
- 서울 및 미주 2개 지역(Newark/NJ, LA/CA)에서 실시합니다.
※ 해외 고사장은 선착순 마감됩니다.
o SSAT 결과 발표 : 2011. 5. 27(금) 예정
o 면접전형           : 2011. 5. 30(월) 이후, 추후 개별 공지
o 면접합격자 발표 : 2011. 6월 중
기타
o 당사 인턴과정을 수료한 분이 당사의 정식 채용전형에
응시할 경우 우대할 예정입니다.
o 인턴 실습 기간에는 소정의 실습비와 중식이 지급될 예정입니다.
o 국가등록 장애인은 관련법 및 내부 규정에 의거하여 우대합니다.
o
정보처리기사, 전자계산기조직응용기사 자격 보유자는 선발시 가점을 부여합니다.
o 지원서 상에 허위 기재가 있는 경우, 인턴 합격이 취소될 수 있습니다.
o 단계별 합격자는 디어삼성 홈페이지內 결과 확인란을 통해서 확인할 수 있습니다.
문의사항
o 삼성SDS 인사팀 (☎ 02-3429-3111,
sdsjobs@samsung.com
)
------------------------
------------------------
------------------------
----------------------
[숭실대학교] 삼성SDS 인턴사원 채용상담
o 일정/장소 : 2011. 5. 11(수) ~ 2011. 5. 13(금) / 숭실대학교 경력개발센터 회의실
[숭실대학교] 삼성SDS 회사 설명회
o 일시/장소 : 2011. 5. 12(목) 15:00 ~ 16:30 / 숭실대학교 베어드홀 102호
------------------------
------------------------
------------------------
----------------------"
statistics,한경직 목사 장학금 신청안내,,2021.11.20,https://stat.ssu.ac.kr/notice_view.html?category=1&idx=233,"한경직 목사 장학금 신청안내
한경직 목사 정신을 계승하여 한국의 기독교계와 사회를 이끌어갈 지도자 양성을 위한 한경직 목사 장학금 지원 신청을 다음과 같이 안내하니 많은 신청 바랍니다.
1. 신청기간 : 2011. 4. 19.(화) ～ 27.(수) 17:00까지
2.신청장소: 교목실 학원선교과(한경직기념관 114호, ☎820-0125)
3. 선발인원 : 3명
4. 장학금액 : 수업료 전액
5. 지원자격 요건
가. 2011-1학기 재학생
나. 직전학기 15학점이상 이수 및 평점평균 3.50이상 인 학생
다.학업성적이 우수하고 성격과 인품이 훌륭하여 졸업 후 숭실 졸업생 으로서 학교의 명예를 높이고 사회에서 모범적이고 유능한 지도자의 자질을 갖춘 학생
라. 교내장학금을 수혜한 학생이 지원하여 선발된 경우, 이미 받은 장 학금은 반납하고 한경직 목사 장학금으로 대체함.
(단, 교외장학금 수혜자는 지원 불가)
6. 제출서류
가. 한경직목사 장학금 신청서(
본교양식
)
나. 교회발행 세례증명서 또는 교인증명서
다. 성적증명서(열람용)
라. 자기소개서(
본교양식
, A4용지 2매 이상)
마. 독서감상문(자유양식, A4용지 3매 이상, 5.2.(월)까지 제출가능)
*
본교양식
은 본교 또는 교목실 홈페이지 참조
2011. 4. 19
교 목 실 장"
statistics,한국문화정보센터 인력채용,,2021.11.20,https://stat.ssu.ac.kr/notice_view.html?category=1&idx=232,"한국문화정보센터는 문화체육관광부 산하 기관으로 문화정보화 및 문화체육관광 통계업무 등을 지원하는 기관 입니다.
우리 센터는 문화관련 공공기관의 문화정보화를 촉진하고 창의적인 지식정보 사회의 기반구축 및 문화경쟁력 강화를 위한 문화정보화 전담기관 역할을 하고 있습니다.
문화정보화의 미래를 함께 열어갈 창의적이고, 역량 있는 인재를 다음과 같이 공개모집하오니, 열정과 패기 있는 인재 여러분들의 많은 응모를 바랍니다.
1. 채용분야 및 담당업무
□ 정규직
채용분야
채용구분
코드
채용
인원
담당업무
통계 개발 및 관리
A
O명
○ 통계개발부 부서 총괄
○ 문화체육관광 통계 개선, 개발 및 분석에 관한 연구 기획 총괄
○ 문화체육관광 관련 계정 구축과 이와 관련된 지표개발 , 통계품질관리 등 총괄
B
O명
○ 문화체육관광 각종 통계조사의 모집단 관리 및 표본설계
○ 문화체육관광 관련 경제지표 개발업무
○ 통계품질평가 및 관리 등
2. 채용분야별 자격요건
가. 공통요건
○ 국가공무원법 제33조 각호에 해당되지 않는자
○ 남자인 경우 병역의무를 필한 자 또는 면제된 자
나. 정규직 요건
채용분야
채용구분
코드
채용
인원
자격요건
통계 개발 및 관리
통계 개발 및 관리
A
O명
○ 다음의 임용자격 기준중 하나를 만족하는 자
1. 박사학위 취득자로 5년 이상 관련경력 근무한자
2. 석사학위 취득 후 10년 이상 관련경력 근무한자
※ 관련경력: 국가기관, 지방자치단체, 관련기관 연구소, 법인 및 기업체 등에서 통계관련 실무 경력자
※ 우대사항 :
- 통계 관련 분야 전공자
- 국가통계 실무 경력자
- 사회조사분석사 자격증 소지자
- 정보화능력 자격증 (정보처리기사, 정보검색사, 컴퓨터활용능력 등) 소지자
※ 참고사항 :
- 보수 범위 : 35,000천원 ~ 50,000천원 이하
- 직책수당 별도, 복지카드 및 교육비 등 복리후생 지원
B
O명
○ 다음의 임용자격 기준중 하나를 만족하는 자
1. 박사학위 취득자로 2년 이상 관련경력 근무한자
2. 석사학위 취득 후 7년 이상 관련경력 근무한자
3. 학사학위 취득 후 9년 이상 관련경력 근무한자
※ 관련경력: 국가기관, 지방자치단체, 관련기관 연구소, 법인 및 기업체 등에서 통계관련 실무 경력자
※ 우대사항 :
- 통계 관련 분야 전공자
- 다변량분석 및 표본이론과 관련된 학위 소지자
- 사회조사분석사 자격증 소지자
- 정보화능력 자격증 (정보처리기사, 정보검색사, 컴퓨터활용능력 등) 소지자
※ 참고사항 :
- 보수 범위 : 30,000천원 ~ 45,000천원 이하
- 시간외수당 별도, 복지카드 및 교육비 등 복리후생 지원
3. 전형방법
(1) 1차 : 서류전형
(2) 2차 : 면접전형
- 정규직 : 면접 부여 과제에 대한 PT 발표 및 일반면접
※ 1차 합격자에 한해 결과 및 향후일정 개별통지
※ 근무개시 예정일은 2011년 5월 중
4. 제출서류
(1) 응시원서 1부(한국문화정보센터,
www.kcisa.kr
및 문화체육관광부,
www.mcst.go.kr
) 홈페이지에서 다운로드 가능)
- 이력서 :
지원분야 채용구분 코드 기재
(A
분야
~ B
분야
)
, 자격증, 연락처(상단표기) 등 표기
- 자기소개서 : A4 2매 이내
(2) 졸업증명서 또는 학위증 사본 1부
(3) 대학 및 대학원 성적증명서 1부
(4) 경력증명서 1부 (해당자에 한함)
(5) 자격증 사본 1부 (해당자에 한함)
(6) 어학성적증명서 (해당자에 한함)
(7) 주민등록초본 및 등본 각 1부 (병역사항 증명용)"
statistics,2011학년도 1학기 졸업예정자 학점포기 안내,,2021.11.20,https://stat.ssu.ac.kr/notice_view.html?category=1&idx=231,"2011학년도 1학기 학점포기 신청을 아래와 같이 안내합니다.
1. 대상자 : 2011년 8월
졸업예정자
2. 신청기간 : 3월 30일(수) 09:00 - 4월 6일(수) 17:00
3. 신청 가능 범위 및 유의사항
가. 증명용 취득학점에 포함되고 있는 전체 과목 중에서
6학점 이하
로 신청 가능합니다.
나. 성적이 F, A+, Pass인 과목, 졸업논문, 졸업종합시험은 신청할 수 없습니다.
다.
3월 28일 이후 생성된 졸업사정표
를 확인한 후 신청하시기 바랍니다.
라. 졸업예정자는 3월 28일 이후(드랍기간 종료 후)에 확정될 예정입니다.
마. 승인 결과는 4월 9일(토)부터 확인할 수 있으며, 증명용 성적에 바로 반영됩니다.
(졸업사정표에는 바로 반영되지 않을 수 있음)
바. 승인 후
취소는 절대 불가
하며, 졸업사정 오류정정 신청, 연계전공 이수구분 변경, 이번 학기
수강신청한 과목을 F학점을 받아 학점이 부족하게 되는 등의 사유로 졸업에 문제가 발생하지
않도록 유의하시기 바랍니다.
사. 2011년 1학기 중에는 추가 접수기간이 없습니다. 접수기간이 종료된 직후 추가신청 요청을
하는 경우가 많으나 이로 인해 접수기간 내에 신청한 타학생들의 학점포기 처리까지 늦어질 수
있으므로 추가접수는 절대 불허하므로 접수기간을 반드시 지켜주시기 바랍니다.
4. 신청방법 : u-SAINT → 학사관리 → 성적/졸업 → 학점포기 신청 및 조회 프로그램에서
신청
5. 관련 문의 : 02-820-0154 (학사지원과 졸업 담당자)"
statistics,2011학년도 1학기 재학생 졸업사정표 확인 안내(2차),,2021.11.20,https://stat.ssu.ac.kr/notice_view.html?category=1&idx=230,"2011학년도 1학기 재학생을 대상으로 수강신청 내역을 반영한 졸업사정 작업을 진행하였습니다.
U-saint의 ‘졸업사정표’에서 확인하시기 바랍니다.
1. 대상자 : 2011학년도 1학기 재학생 및 졸업예정자 (`11학번 제외)
2. 유의 사항
가. 졸업사정표는 수강신청 내역을 실시간으로 반영하지 않으며 졸업사정표 우측 상단의 졸업사정일자(2011.03.28 ~ 2011.03.30)를 기준으로 반영한 정보이므로 이에 유의하시기 바랍니다.
나. 3월 28일 이후에 승인 처리된 학적변동 사항(다전공 포기 및 신청 등)은 반영되지 않았으며 이는 다음 졸업사정 예정일인 기말고사 이후에 반영됩니다.
다. 졸업사정표 상의 오류나 변경이 필요할 경우 먼저 각 학과(부)사무실에 문의 및 확인바라며 추가적인 처리가 필요할 경우 학사지원과(820-0154)에 문의바랍니다."
statistics,2011-1학기 졸업예정자 졸업사정 오류정정/이수구분 변경 신청 안내,,2021.11.20,https://stat.ssu.ac.kr/notice_view.html?category=1&idx=229,"2011년 8월 졸업예정자의 졸업사정 오류정정/이수구분 변경 신청 및 전체적인 졸업사정 일정을 아래와 같이 안내합니다.
*졸업사정 오류정정/이수구분 변경 신청
1. 대상자 :
2011년 8월 졸업예정자
2. 신청기간 :
3월 30일(수) - 4월 6일(수)
3. 신청방법
가. u-SAINT 접속 → 학사관리 → 성적/졸업 →
졸업사정표(졸업예정자) 조회 및 출력
나. 확인 후 오류사항이나 이수구분 변경이 필요한 내용이 있을 경우,
오류정정/이수구분 변경 신청서를 작성하여 졸업사정표와 함께 ""각 학과(부) 사무실""로 제출 (양식 첨부)
4. 유의사항
가. 학점포기, 드랍 신청 내역이 반영된 졸업사정 결과는
3월 28일(화)부터 확인
할 수 있습니다 (28일 이후 졸업사정표를 기준으로 신청하기 바라며 졸업시뮬레이션 결과로 대체 가능함).
나. 졸업예정자는
3월 31일(금) 17시까지 다전공 포기 신청을 완료
하여 주시기 바랍니다. 이후 신청한 내역은 1차 졸업사정 결과에 반영되지 않습니다.
다. 신청시 과목번호, 이수연도 및 학기를 U-saint에서 정확히 확인하시어 신청해주시기 바랍니다(정확하지 않을 경우 변경처리가 안될 수 있음).
라.
전과 및 편입시 학점인정 받은 내역 중 누락된 부분이 있을 수 있습니다. 확인 시 유의하여 주시기 바랍니다.
마.
졸업사정표는 졸업 simulation을 실행하는 번거로움을 줄이기 위해, 학사지원과에서 졸업사정을 실행하고 그 결과를 주전공, 다전공 포함하여 한 번에 확인할 수 있도록 만든 프로그램입니다. 졸업 simulation과는 달리 수강 내역의 변경이 실시간으로 반영되지 않는 한계가 있기 때문에 학사지원과에서 공지한 졸업사정 일정에 따라 필요한 신청을 해 주시기 바랍니다.
바. 공학인증 관련 졸업사정은 공학교육혁신센터의 안내에 따라 진행하시기 바랍니다.
5. 오류 유형
가. 이수구분 오류 : 첨부파일을 통해 이수구분 인정 원칙을 확인하고 인정가능한 사항만 정정 신청
나. 전공필수 졸업요건 예외처리 : 첨부파일을 통해 예외 인정 원칙을 확인하고 인정가능한 사항만 정정 신청
다. 재수강, 중복수강 처리 오류 : 재수강 신청을 하였는데 정상적으로 처리되지 않은 경우 등
라. 동일한 과목의 중복(이중) 인정 오류
1) 주전공에서 인정된 과목이 다전공에서 중복으로 인정되는 경우
2) 전공기초로 인정된 과목이 전공(선택, 필수) 등에 중복으로 인정되는 경우
3) 교양선택으로 인정된 과목이 교양필수 또는 전공, 다전공 등에 중복으로 인정되는 경우 등
마. 다전공 이수 관련 오류
1) 다전공을 이수하고 있는데 졸업사정표에 나오지 않는 경우
2) 다전공을 포기하였는데 졸업사정표에 나오는 경우
3) 다전공 이수학점 오류 등
바. 편입 및 전과 학점인정 결과 오류 : 학과사무실로 먼저 확인한 후 오류 여부 판단
사. 교양선택 이수학점 오류
1) 2006-2008학번 학생 중 교양필수와 교양선택을 입학년도 기준과 같이 이수하였음에도 불구하고 졸업 요건 조정으로 인해 교양선택 졸업요건이 Fail로 나오는 경우
2) 2006-2008학번의 입학년도 기준 교양 이수학점 : 교양필수 14학점, 교양선택 21학점(인문대, 법대, 사회대) 또는 15학점(자연대, 경통대, 경영대, 공대, IT대)
아. 이수과목 누락 : 채플, 졸업논문/졸업종합시험 등
*전체적인 졸업사정 일정
1.
3월 30일(수) - 4월 6일(수) : 졸업사정 결과 확인 및 오류정정 신청 (학생)
2. 4월 7일(목) : 접수된 내용을 정리하여 학사지원과로 전달 (학과사무실)
3. 4월 8일(금) - 4월 13일(수) : 전달받은 내용을 확인하고 내용 반영 및 졸업사정 재실행(학사지원과)
4.
4월 14일(목) - 4월 22일(금) : 수정 결과 확인 및 이의 신청 (학생)
가. 졸업사정표를 재확인하고
오류 사항에 대해 학사지원과를 방문하여 확인 요청
나. 졸업사정표 재확인시 졸업사정일자가 4월 14일 이후인지 확인함.
다. 1차 졸업사정 완료
5. 추후 졸업사정 계획
가. 졸업논문, 졸업종합시험 성적처리 후 졸업사정 재실행
나. 정규학기 성적처리 후 졸업사정 재실행
다. 계절학기 성적처리 후 졸업사정 재실행
첨 부 : 졸업사정 오류정정 신청서. 1부.
이수구분 및 전공필수 예외처리 기준(학교 홈페이지 이용). 끝."
statistics,2011학년도 1학기 연계전공 이수구분 변경 신청 안내,,2021.11.20,https://stat.ssu.ac.kr/notice_view.html?category=1&idx=228,"2011년 8월 졸업예정자의 연계전공 이수구분 변경 신청을 아래와 같이 안내합니다.
1. 업무 설명
가. 졸업사정 프로그램에서는 과목의 중복 인정을 피하기 위해 주전공 → 복수전공 → 부전공 → 연계전공 순서로 우선순위를 두고 있음.
나. 이수 중인 주전공, 복수전공, 부전공의 학과(부)가 연계전공의 분야별 학과(부)와 겹치는 경우 상위의 전공으로 인정됨.
다. 이러한 경우에 해당하는 과목 중 연계전공으로 인정받고자 하는 과목에 대한 이수구분 변경 신청이 필요함. (online)
라. 그밖에, 연계전공 운영 내규에 따라 연계전공 주임교수의 확인을 통해 연계전공으로 인정받고자 하는 과목에 대한 이수구분 변경 신청이 필요함. (offline)
2. 대상자
가. 2011년 8월 졸업예정자 중 연계전공을 이수하고 있는 학생
나. 연계전공으로 인정받고자 하는 과목이 주전공, 복수전공, 부전공, 일반선택으로 인정되고 있어 이수구분 변경이 필요한 학생
3. 신청기간
: 4월 5일(화) 09:00 - 4월 12일(화) 17:00
4. 신청방법
가. u-SAINT 접속 → 학사관리 → 성적/졸업 → 연계전공 이수구분 변경 신청
나. 인터넷으로 신청 불가한 과목 : 학사지원과 방문 → 신청서 받기 → 작성 후 학사지원과 제출
5. 유의사항
가. 3월 28일 이후 생성된 졸업사정표를 확인한 후 신청하시기 바랍니다.
나. 연계전공으로 이수구분을 변경할 경우 주전공 및 기타 다전공 졸업사정에서 제외됩니다. 학점 계산에 유의하시기 바랍니다.
다. 신청 내역이 반영된 졸업사정 결과는 4월 15일(금)부터 확인하실 수 있습니다.
라. 관련 문의 : 02-820-0154 (학사지원과 졸업 담당자)
첨부. 연계전공 이수구분 변경신청서.1부."
statistics,2011년도 타학과생 인터넷 동영상 강의 지원,,2021.11.20,https://stat.ssu.ac.kr/notice_view.html?category=1&idx=227,"2011년도 보험계리사 자격증 취득 대비 타학과생 인터넷 동영상 강의 지원을 시작합니다.
2010년도 지원 때와는 바뀐점이 있으니 공지를 꼭 잘 읽어보시고 신청하시기 바랍니다.
1) 신청 STUDY  인원수 변경
1차 시험준비는 3인, 2차 시험준비생은 2인 기준으로 지원 가능하며,
각 학년별 스터디 담당교수님과 상담을 하여 수강에 대한 허가를 받은 학생만 수강이 가능합니다.
2) 보증금 제도 도입
동영상 강의 지원을 시작하면서 수강신청 후 실제 수업은 듣지 않고 무작위로 수강신청을 하는 학생들이 많았습니다.
학과에서는 이를 방지하고자 보증금 제도를 도입하고자 합니다.
2011년부터 동영상강의 신청시 강의비의 30%는 학생이 부담, 70%는 학과에서 부담합니다.
단, 강의 수강 후 2년 안에 자격증을 취득하면 모든 과목과 관련된 보증금은 환불합니다.
동영상 강의를 신청하고자 하는 학생은 본 공문에 첨부되어있는 신청서를 작성한 후
아래의 표를 참고하여 해당 학년 담당 교수님을 찾아뵙고 상담한 후 허가를 받아 학과 사무실에 제출하면 됩니다.
학년
교수님
2
고방원 교수님
(베어드홀 505호)
3
이창수 교수님
(벤처관 403호)
4
권혁성 교수님
(베어드홀 509호)
* 각 학원별 강의 신청 방법이 다릅니다.
꼭 첨부문서의 별첨자료를 확인 후 신청 바랍니다.
* 선입금 과목에 대하여 신청 후 수강료 지급에 관한 질문이 잦습니다.
학과에서는 교내 행정 절차를 밟아 수령 후 지원을 해줄 수 있으므로 시일이 걸립니다.
지원비가 학과로 입금되면  지원 학생에게 연락을 취하니,
신청 뒤 자꾸 찾아와 문의하는 행동을 자제해 주시기 바랍니다."
statistics,2011년도 정보통계.보험수리학과 인터넷 동영상 강의 지원,,2021.11.20,https://stat.ssu.ac.kr/notice_view.html?category=1&idx=226,"2011년도 보험계리사 자격증 취득 대비 인터넷 동영상 강의 지원을 시작합니다.
2010년도 지원 때와는 바뀐점이 있으니 공지를 꼭 잘 읽어보시고 신청하시기 바랍니다.
1) 신청 STUDY  인원수 변경
1차 시험준비는 3인, 2차 시험준비생은 2인 기준으로 지원 가능하며,
각 학년별 스터디 담당교수님과 상담을 하여 수강에 대한 허가를 받은 학생만 수강이 가능합니다.
2) 보증금 제도 도입
동영상 강의 지원을 시작하면서 수강신청 후 실제 수업은 듣지 않고 무작위로 수강신청을 하는 학생들이 많았습니다.
학과에서는 이를 방지하고자 보증금 제도를 도입하고자 합니다.
2011년부터 동영상강의 신청시 강의비의 30%는 학생이 부담, 70%는 학과에서 부담합니다.
단, 강의 수강 후 2년 안에 자격증을 취득하면 모든 과목과 관련된 보증금은 환불합니다.
동영상 강의를 신청하고자 하는 학생은 본 공문에 첨부되어있는 신청서를 작성한 후
아래의 표를 참고하여 해당 학년 담당 교수님을 찾아뵙고 상담한 후 허가를 받아 학과 사무실에 제출하면 됩니다.
학년
교수님
2
고방원 교수님
(베어드홀 505호)
3
이창수 교수님
(벤처관 403호)
4
권혁성 교수님
(베어드홀 509호)
* 각 학원별 강의 신청 방법이 다릅니다.
꼭 첨부문서의 별첨자료를 확인 후 신청 바랍니다.
*일부 선입금 과목에 대하여 신청 후 수강료 지급에 관한 질문이 잦습니다.
학과에서는 교내 행정 절차를 밟아 수령 후 지원을 해줄 수 있으므로 시일이 걸립니다.
지원비가 학과로 입금되면  지원 학생에게 연락을 취하니,
신청 뒤 자꾸 찾아와 문의하는 행동을 자제해 주시기 바랍니다."
statistics,제 9회 대학(원)생 논문 공모,,2021.11.20,https://stat.ssu.ac.kr/notice_view.html?category=1&idx=225,"통계청에서는 관학(官學)간 학문적 교류를 통해 신진 연구자에게 실증적 연구 기회를 부여하여
통계발전에 기여할 수 있는 창의적이고 유용한 연구논문을 발굴하고자
매년 「대학(원)생 논문 공모」를 실시하고 있습니다.
대학(원)생 여러분의 많은 투고 바랍니다."
statistics,2011학년도 1학기 수강신청 과목 취소(Drop) 안내,,2021.11.20,https://stat.ssu.ac.kr/notice_view.html?category=1&idx=224,"2011학년도 1학기 수강신청 과목 취소(Drop) 안내
1. 목적: 수강하고 있는 교과목 중 자신의 수학능력과 과목이해의 적정성을 판단하여 수강과목의 일부를 취소할 수 있는 기회를 제공하여 효율적인 학점관리를 위한 제도임
2. 취소학점 범위: 수강신청 학점 중 6학점 이내
3. 접수기간: 2011. 3. 21(월) ~ 3. 25(금) 오전 10시부터 오후 5시까지
4. 취소방법: 신청 학생이 u-SAINT 온라인을 통해 수강신청 취소함
5. 절차: u-SAINT 로그인 ⇛ “수강신청” 메뉴로 이동 ⇛ “수강신청”에서 원하 는 과목을 선택하여 취소
6. 유의사항
가. 수강취소 완료된 과목은 재입력 불가함(취소 시 졸업학점 유의)
나. 채플, 사회봉사과목(섬김의 리더쉽 이론과 실천, 사회봉사실천 1,2,3)은 수강취소 불가함.
다. OCU과목을 수강신청 한 후 접속(사용료)를 납부하지 않은 학생은 수 강취소를 반드시 해야 하며, 하지 않을 경우 성적이 F로 기재됨.
※ 매 학기 15학점 미만[단, 4학년(7~8학기까지 해당자) 및 5학년(7학기~10
학기까지 해당자, 건축학부 건축학전공)은 12학점 미만]을 취득한 학생은 다음학기에 성적을 기준하여 선발하는 각종 장학금 및 표창 대상에서 제외됨.
2011. 3. 10
교 무 처 장"
statistics,졸업시험 및 종합시험 장소 공지,,2021.11.20,https://stat.ssu.ac.kr/notice_view.html?category=1&idx=223,"3월 12일에 있을 졸업시험(학부) 및 종합시험(대학원)은
조만식 기념관 208호
에서
시행합니다."
statistics,"[대] 재무수리1, 보험수리특강1 수업시간 및 강의실 변경 공지!! (필독!!)",,2021.11.20,https://stat.ssu.ac.kr/notice_view.html?category=1&idx=222,"대학원 강의인 재무수리1 (권혁성 교수님) 수업과 보험수리특강1(Prof. Peter John Murdza) 수업이 아래와 같이 변경되었으니 착오 없으시길 바랍니다.
*재무수리1*
날짜 변경: 목요일 7시~10시 ->
화요일 저녁 7시~10시
강의실:
베어드홀 101-4호
*보험수리특강1*
강의실: 베어드홀 101-4호 ->
베어드홀 513호"
statistics,"[대] 대학원 수업시간 공지!! (필독, 긴급)",,2021.11.20,https://stat.ssu.ac.kr/notice_view.html?category=1&idx=221,"대학원 수업은 모두
저녁 7시~ 10시
에 진행됩니다.
시간표 상의 시간은 교내 학칙상 입력 가능한 3교시의 시간에 등록되어 있는 것일뿐입니다. (학점, 시간의 관계로 프로그램상 입력 시간임)
모든 강의를 수강하는 대학원생들은 착오 없으시기 바랍니다!!"
statistics,삼성SDS On-line 채용상담 안내,,2021.11.20,https://stat.ssu.ac.kr/notice_view.html?category=1&idx=220,"삼성SDS On-line 채용상담 안내
안녕하세요ς 삼성SDS 인사팀 황준택입니다.
삼성SDS에서는 입사를 희망하는 학생들의 취업준비를 돕기 위해 다음과
같이 열린 의사소통 채널을 운영합니다.
삼성SDS 또는 취업전반에 대한 궁금한 사항을 먼저 입사한 선배에게
이메일이나 전화를 통해 취업관련 모든 사항을 주저말고 언제든지
연락주시면 친절하게 답변 드리겠습니다.
삼성SDS에 대한 궁금증도 해결하고, 취업관련 도움도 받을 수 있는 좋은
기회를 놓치지 마세요!!!
□ On-line 채용상담 신청방법
- 다음과 같은 양식으로 E-mail을 통해 신청하세요.
수 신 :
jt5022.hwang@samsung.com
,
juntaek.hwang@gmail.com
제 목 : [채용상담] 숭실대 ***학과 홍길동
내 용 : 이름/연락처/e-mail주소/졸업예정일
질문하고자 하는 내용/자문을 받고자 하는 내용 등을 기입
※ 이메일로 접수된 건에 대해 담당자가 확인 후 답변을 드립니다.
□ 문의사항
- 삼성SDS 인사팀 황준택 (☎ 010-2828-8047)
- e-mail :
jt5022.hwang@samsung.com
숭실대 채용상담과 회사설명회 일정도 확인하시고 참석하세요!!
□ 채용상담
- 일 시 : 2011. 3. 9(수) ~ 3. 11(금) 오전 10:00 ~ 오후 5:00
- 장 소 : 경력개발센터 회의장
□ 회사설명회
- 일 시 : 2010. 3. 9(수) 오후 3:00
- 장 소 : 한경직 기념관 소예배실"
statistics,손해보험계리 강의자료,,2021.11.20,https://stat.ssu.ac.kr/notice_view.html?category=1&idx=219,"손해보험계리 강의 자료입니다. 다운받아서 출력하거나 파일을 준비하시기 바랍니다.
3월 10일 수업에는 60~80쪽 정도를 출력해오시면 됩니다."
statistics,[대] 보험수리특강2 강의자료,,2021.11.20,https://stat.ssu.ac.kr/notice_view.html?category=1&idx=218,"첨부되어 있는 파일을 받으셔서 사용하시면 됩니다.
3월 8일 강의에는 Waner5 (58쪽)까지 사용될 예정입니다."
statistics,"졸업앨범 및 액자사진, 기념품 미수령자 안내",,2021.11.20,https://stat.ssu.ac.kr/notice_view.html?category=1&idx=217,"83대 졸업 준비 위원회
서울시 동작구 상도동 숭실대학교 학생회관 208호 / 02)820-0879 / 위원장 김영훈
보 냄
83대 졸업 준비 위원회
경 유
받 음
숭실대학교 학생처
제 목
졸업앨범 및 액자사진, 기념품 미수령자 안내
□ 우리 숭실의 발전을 위해 노력하시는 교직원 여러분께 감사의 말을 전합니다.
□ 졸업앨범 및 액자사진, 기념품 수령에 관한 사항을 안내합니다.
=== 아래 ===
□ 각 호 상품은 1년 보관을 원칙으로 합니다.
1. 졸업앨범 및 액자사진
(1) 배부 장소 : 학생회관 208호 졸업준비위원회
(2) 배부 시간 : 평일 16 : 00 ~ 17 : 30분
2. 기념품
(1) 배부 장소 : 학생회관 1층 학생처
(2) 배부 시간 : 업무시간 내
3. 유의 사항 :
(1) 졸업 앨범, 액자 사진, 기념품 수령시 본인 학생증이 필요하니
필히 지참 부탁 드리겠습니다.
(2) 대리인이 오시는 경우 학위자의 신분증을 지참하셔야 됩니다.
4. 문의사항 :
http://www.ssugraduate.com
02)820-0879
016)880-8005
붙임 : 없음. 끝.
2011년 2월 28일
83대 졸업 준비위원회"
statistics,[대] 강의실 공지,,2021.11.18,https://stat.ssu.ac.kr/notice_view.html?category=1&idx=216,"과목명
교수명
강의 시간
강의실
수리통계학1
조상훈
목
베어드홀 101-4호
회귀분석
강근석
월
베어드홀 517호
데이타마이닝
이정진
수
베어드홀 513호
재무수리1
권혁성
금
베어드홀 517호
보험통계특강2
Peter John Murdza
화
베어드홀 101-4호
금융공학
고방원
화
베어드홀 517호
생명보험상품개발
박재석
금
베어드홀 523호
생명보험수리2
서재영
목
베어드홀 517호
손해보험수리1
이창수
수
베어드홀 517호"
statistics,[대] 생명보험상품개발 첫강의시간 변경 알림 <1차 수정>,,2021.11.18,https://stat.ssu.ac.kr/notice_view.html?category=1&idx=215,"*
대학원 강의 시간 변경
*
박재석 겸임교수님의 생명보험상품개발 첫 수업은
3
월
5
일 토요일 오후 2
시
에 진행합니다
.
착오 없으시기 바랍니다
."
statistics,"손해보험계리, 보험수리특강(대학원 과목) 외국인 교수님 강의에 관한 안내",,2021.11.18,https://stat.ssu.ac.kr/notice_view.html?category=1&idx=214,"금번해부터 수업을 담당해주시는 Peter John Murdza Jr. 교수님의 수업은 영어로 진행되지만,
추후 수업 내용에 대한 한국어 보충이 함께 이뤄질 에정입니다.
수강신청하는 학생들은 영어 수업에 관한 부담은 갖지 않으셔도 괜찮으니-
우수한 교수님의 좋은 수업을 놓치지 마시고 많은 수강신청을 바랍니다. ^^"
statistics,2011학년도 1학년생 수강신청 안내 공지,,2021.11.18,https://stat.ssu.ac.kr/notice_view.html?category=1&idx=213,"2월 24일 2011학번 신입생들의 수강신청이 시작됩니다.
대학교에 들어와 수강신청을 처음해보는 학생들을 위하여 학과에서는 단체로 수강신청 안내와 함께
학과 교수님들과의 짧은 만남을 가질 예정이오니 참석이 가능한 학생들은 가급적 참석하여
함께 수강신청을 하고 교수님들을 만나는 시간을 가졌으면 합니다. ^^
장소: 베어드홀 523호 (정보통계보험수리학과 전산실)
일시: 2011년 2월 24일 오전 9시
*수강신청이 9시부터 시작이니 9시까지 꼭 와주세요~~!!!
많은 1학년 생들의 참석을 바랍니다!!! >_<"
statistics,"졸업앨범 및 액자사진, 기념품 수령에 관한 사항",,2021.11.18,https://stat.ssu.ac.kr/notice_view.html?category=1&idx=212,"83대 졸업 준비 위원회
서울시 동작구 상도동 숭실대학교 학생회관 208호 / 02)820-0879 / 위원장 김영훈
보 냄
83대 졸업 준비 위원회
경 유
받 음
숭실대학교 과사무실
제 목
졸업앨범 및 액자사진, 기념품 수령 안내
□ 우리 숭실의 발전을 위해 노력하시는 관계자 여러분께 감사의 말을 전합니다.
□ 졸업앨범 및 액자사진, 기념품을 수령에 관한 사항을 안내합니다.
=== 아래 ===
1. 배부 시간 :
2010년 2월 18일(금) 오전 9시 ~ 오후 3시
2. 배부 대상 :
졸업앨범, 액자사진 - 각 호별 신청자
기념품 - 2010년 8월 졸업자 및 2011년 2월 졸업대상자
3. 배부 장소 :
학생회관 208호 졸업준비위원회
4. 유의 사항 :
(1)졸업 앨범, 액자 사진, 기념품 수령시 본인 학생증이 필요하니
필히 지참 부탁 드리겠습니다.
(2)대리인이 오시는 경우 학위자의 신분증을 지참하셔야 됩니다.
(3)졸업식 당일은 정해진 시간 내에만 수령 가능합니다.
(4)졸업앨범 및 액자사진은 당해연도부터 1년 보관해드립니다.
(5)졸업식 당일 수령 못하신 학우분들께서는 3월1일부터 16 : 00 ~ 17: 30분 수령 가능하십니다.
5. 문의사항 :
졸업준비위원회 홈페이지 http://www.ssugraduate.com
02)820-0879
016)880-8005
붙임 : 없음. 끝.
2011년 2월 11일
83대 졸업 준비위원회"
statistics,수강신청책 배부 안내,,2021.11.18,https://stat.ssu.ac.kr/notice_view.html?category=1&idx=211,"2011학년도 1학기 수강신청 책이 나왔습니다.
필요한 학생은 학과사무실을 방문해서 수령하시기 바랍니다. (1인 1권)
방문 가능 시간: 오전 10시 ~ 오후 4시 30분
*오후 12시~1시는 점심시간으로 자리를 비웁니다."
statistics,2012학년도 정보통계‧보험수리학과 졸업시험 공고,,2021.11.18,https://stat.ssu.ac.kr/notice_view.html?category=1&idx=210,"- 2012학년도 -
정보통계‧보험수리학과 졸업시험 공고"
statistics,보험업법 교재 정오표(정정본),,2021.11.18,https://stat.ssu.ac.kr/notice_view.html?category=1&idx=209,"정화영 강사님의 보험업법 교재 정오표입니다.
이하 정화영 강사님께서 파일과 함께 보내주신 메일 내용입니다.
2011년01월24일에 개정 보험업법이 시행되었습니다. 최근에 있었던 개정중에는 가장 많은 부분이 개정된 법규정입니다. 이에 따라 보험업법 시행령 및 시행규칙도 2011년01월24일 부터 시행이 되었습니다.
2010년12월에 출판된 제 교재가 보험업법은 개정내용을 가지고 만들었지만, 보험업법 시행령과 시행규칙은 2010년10월 현재의 입법예고안을 토대로 만들어 출판이 되었는데, 2011년01월24일 시행 법률과 비교해 보니 입법예고안 내용중 적지 않은 부분이 빠져 있거나 첨가된 것으로 보입니다. 특별히, 문맥상 이해에 크게 오류가 없는 부분을 제외하고, 혹시 1차 시험에 지문으로 나오거나 문제로 나올 경우 제 교재로 공부하신 분들이 문맥상 이해에 혼동을 일으킬 것으로 우려하여 별첨과 같이 ""교재 정오표""를 만들었습니다. 다소 양이 많지만, 해당 부분을 교재 부분에 오려 붙이거나 하는 방법으로 적극 활용해 주시기 바랍니다. 반드시 교재정오표를 참고하셔야 합니다.
여러모로, 여러 학생 여러분들께 혼동을 일으키고 걱정스러운 마음을 끼치게 되어 죄송합니다만, 크게 변동된 부분보다는 입법예고안보다는 적지 않은 부분이 빠져 있거나 개정전 시행령과 변동이 없어, 시험을 보시는 분들에게는 다소 위안이 될 듯합니다. 감사합니다. 끝.
보험업법 담당 정화영 올림
+파일이 너무 커서 첨부가 안되어 링크를 걸우두니, 다운로드를 하고싶은 학생은 아래 글자를 클릭하세요. (비번: 1234)
다운로드"
statistics,한국환경정책*평가연구원 연구원 모집,,2021.11.18,https://stat.ssu.ac.kr/notice_view.html?category=1&idx=208,"안녕하세요.
통계학회입니다.
한국환경정책•평가연구원에서 녹색성장정책연구를 이끌어 갈 인재를 모집합니다.
1. 분 야 :
* 부연구위원급 이상: 경제분석, 기후적응분석, 미래사회분석, 다차원수질모델링. 지하수관리, 환경보건, 도시계획, 생태학, 생물자원관리, 지역분석
* 연구원급: 녹색경제
2. 전형방법 :
* 1차: 서류전형
* 2차: 면접 및 세미나 (1차 합격자에 한함)
3. 서류 접수 :
* 접수기간: 2011.01.25(화) ~ 2011.02.18(금) 18:00
* 접수방법 : 온라인(
http://www.kei.re.kr
)
4. 접수처 : 서울시 은평구 진흥로 290 한국환경정책•평가연구원 행정지원팀(02-380-7707)자세한사항은 첨부문서나 홈페이지를 참조하시기 바랍니다.
좋은 하루 보내시기 바랍니다.
감사합니다.한국통계학회사무국  드림.
======================================
한국통계학회  사무국
서울시 강남구 역삼1동 635-4
한국과학기술회관 신관 709호
The Korean Statistical Society
Tel :  (02) 567-2859
,
(02)3453-7362
Fax : (02) 564-7285
E-mail :
office@kss.or.kr
http://www.kss.or.kr
======================================"
statistics,2011학년도 1학기 수강신청 안내,,2021.11.18,https://stat.ssu.ac.kr/notice_view.html?category=1&idx=207,"2011학년도 1학기 수강신청 안내
1. 수강신청 일정
날짜
수강 신청 학년
시 간
이수학기
수강신청 가능 영역
2011.2.16(수)
4학년 / 시간제등록생
10:00
-17:00
7학기
이상
1. 각 학과(부) 전공 : 주전공 및 다전공 과목으로서 수강신청 대상 학년이 일치하는 과목
(타학년 및 타학과 과목은 전체
수강신청일에만 신청 가능)
2. 교양선택 및 일반선택 과목 : 학년별로 25%씩 배정
3. 그 외 과목 : 수강대상과 일치하 는 과목(수강대상과 다른 과목은 전체 수강신청일에만 가능.)
2011.2.17(목)
3학년 / 시간제등록생
5,6학기
2011.2.18(금)
2학년
3,4학기
2011.2.24(목)
1학년
1,2학기
2011.2.25(금)
편입생
5,6학기
2011.2.26(토)
전 학년 (시간제 제외)
전체
수강인원 미달 과목 전체
2011.3.2(수)
~3.8(화)
전 학년
(수강신청 확인 및 변경)
전체
수강인원 미달 과목 전체
▶이수학기 : 1 또는 2학기를 등록하여 재학 중인 자는 1학년, 3 또는 4학기를 등록하고 현재 재학 중인 자는 2학년, 5 또는 6학기 등록 및 재학 중인 자는 3학년, 7학기 이상 등록하고 재학 중인 자는 4학년으로 구분함.
▶다전공 이수자 : 복수전공, 부전공, 연계전공을 이수하는 자.
2. 수강신청 방법
1) U-SAINT
(
saint.ssu.ac.kr
)
로그인
◆ ID : 학번
◆ PW : 개인이 설정한 비밀번호
2) ID/PW 모를 경우(
최초 접속자,
신입생
)
⇒
를 눌러 ID 조회, PW를 초기화할 수 있음
◆ ID : 학번 (
이름과 주민번호로 조회
)
◆ 비밀번호
▸최초 접속 시 비밀번호는
9+주민등록번호 뒷자리
(최초 접속자,
신입생
)
▸재학생 비밀번호 초기화는 u-SAINT의
학사관리 → 학적정보 → 휴대전화
에 등록된 번호로 전송됩니다.
3. 수강신청 유의사항
1) 원활한 수강신청을 위해 수강신청 전 u-SAINT에 접속하여 ID/PW를 확인해 두십시오.
2) 주민등록번호 등 개인정보 노출로 인하여 본인의 U-Saint ID와 Password가 공유되지 않 도록 철저히 관리하여야 하며, 이로 인한 불이익은 학생 본인이 감수하여야 합니다.
3) 수강신청 전 시스템에 로그인하여
학사관리 → 학적정보 → 휴대전화
에 자신의 휴대폰 번호가 정확히 입력되어 있는지 확인하시기 바랍니다.
4)
멀티로그인 수강신청이 금지
되며, 복수의 접속창을 띄워서 수강신청 할 수 없습니다.
▶
1인 1로그인만 허용함
▶
1대의 PC에서 여러 개의 접속창을 띄워 로그인 금지
▶
여러 대의 PC에서 1개의 ID로 중복 로그인 금지
▶
사설 프로그램(ex 자동 수강신청 프로그램 등)을 사용하여 수강신청을 하였을 경우 불이익을 당할 수 있음.
4. 수강신청 Help Desk 안내
1)
로그인 문제 발생시
☏ 828-7473
2)
수강신청 관련 내용 상담
학사지원과 820-0145, 0146, 0026, 0309(교직,평생사), 828-7137
각 학과(부) 사무실
(국번: 820)
학과(부)
전화
학과(부)
전화
학과(부)
전화
학과(부)
전화
기독교
0070
문창
0043
정외
0520
전기
0640
국문
0320
생체
0045
정보사회
0047
기계
0650
영문
0330
수학
0410
언론홍보
0306
산업정보
0690
독문
0350
물리
0420
경제
0550
건축
0700
불문
0360
화학
0430
국제통상
0570
컴퓨터
0670
중문
0390
통계
0440
경영"
statistics,졸업예정자 졸업 최종 확인 [4학년 필독!!],,2021.11.18,https://stat.ssu.ac.kr/notice_view.html?category=1&idx=206,"졸업예정자의 졸업논문 및 졸업종합시험의 성적 결과 확인과 계절학기를 포함한 이수구분변경 신청에 대해 아래와 같이 안내합니다.
1. 졸업예정자 졸업논문/졸업종합시험 성적 확인 안내
가. 대상자 : 2010-2학기(2011년 2월) 졸업예정자, 휴학생 제외
나. 확인 방법 : u-SAINT 접속 → 학사관리 → 성적/졸업 →
졸업사정표(졸업예정자) 조회 및 출력
다. 내용 : 각 학과(부)에서 제출한 졸업논문/졸업종합시험 점수 및 결과를 졸업사정표와 이수구분별
성적표에 반영하였으므로 이를 졸업사정표 “학부-졸업논문/졸업시험 이수” 항목의 결과 값(Y/N)
을 통해 확인하시고 이상이 있을 경우 학사지원과 졸업담당(820-0154)에 방문 문의 바랍니다.
2. 졸업예정자 이수구분 변경 신청 안내
가. 대상자 : 2010-2학기(2011년 2월) 졸업예정자
나. 신청기간 : 1월 13일(목) 10:00 - 1월 17일(월) 16:00
다. 신청방법 : 1월 7일 이후 생성된 졸업사정표를 통해 오류 또는 이수구분 변경이 필요한 내용을
확인하여 학사지원과에 방문 신청.
라. 유의사항.
1)
2010년도 겨울 계절학기의 이수구분 변경 신청
은 성적을 확인한 뒤, F가 아닌 경우에만 신청.
2) 2011년 2월 졸업 예정인 학생은 신청기간에 유의하여 졸업에 불이익을 받지 않도록하며 졸업사정
결과는 졸업사정 재실행시 변동될 수 있음(2010학년도 겨울 계절학기 성적을 F 받게 되면 졸업사정
재실행시 졸업사정표에서 제외됨)을 유의하시기 바랍니다.
3) 9월에 오류정정 신청을 통해 변경 적용된 학생은 재신청할 필요가 없습니다.
4) 공학인증에 대한 내용은 공학인증센터(828-7140)에 문의 바랍니다.
마. 오류 유형.
1) 이수구분 오류 : 첨부파일의 예외 인정 원칙에 따라 인정가능한 사항에 대해서만 신청.
2) 전공필수 졸업요건 예외처리 : 첨부파일의 예외 인정 원칙에 따라 인정가능한 사항에 대해서만 신청.
3) 재수강, 중복수강 처리 오류 : 재수강 신청을 하였는데 정상적으로 처리되지 않은 경우 등
4) 동일한 과목의 중복(이중) 인정 오류
가) 주전공에서 인정된 과목이 다전공에서 중복으로 인정되는 경우
나) 전공기초로 인정된 과목이 전공(선택, 필수) 등에 중복으로 인정되는 경우
다) 교양선택으로 인정된 과목이 교양필수 또는 전공, 다전공 등에 중복으로 인정되는 경우 등
5) 다전공 이수 관련 오류
가) 다전공을 이수하고 있는데 졸업사정표에 나오지 않는 경우
나) 다전공을 포기하였는데 졸업사정표에 나오는 경우
다) 다전공 이수학점 오류 등
6) 편입 및 전과 학점인정 결과 오류 : 학과사무실로 먼저 확인한 후 오류 여부 판단
7) 교양선택 이수학점 오류
가) 2006-2008학번 학생 중 교양필수와 교양선택을 입학년도 기준과 같이 이수하였음에도 불구하고
졸업요건 조정으로 인해 교양선택 졸업요건이 Fail로 나오는 경우
나) 2006-2008학번의 입학년도 기준 교양 이수학점 : 교양필수 14학점, 교양선택 21학점(인문대, 법대,
사회대) 또는 15학점(자연대, 경통대, 경영대, 공대, IT대)
8) 이수과목 누락 : 채플, 졸업논문/졸업종합시험 등.
바. 관련문의 : 학사지원과 졸업담당(820-0154)"
statistics,정보통계.보험수리학과 1학년생 장학생 추가접수!!,,2021.11.18,https://stat.ssu.ac.kr/notice_view.html?category=1&idx=205,"금번 '일반을(학과장추천) 장학생'에 1학년 학생들의 지원이 저조하여, 특별히 학과에서 추가 접수를 합니다.
이하 신청 자격에 문제가 없는 학생은 꼭 신청 바랍니다.
이후 추가접수 없음!!
*신청 기간:
2011년 1월 18일 ~ 1월 19일
(
딱
2일간!!
)
*신청 자격:
1) 2010학년도 2학기 성적이
평점 3.0이상
이거나
산술평균 80점 이상
인 자. (둘 중 하나만 충족해도 괜찮음)
2) 2010학년 2학기 수강학점이 15학점 이상인 자.
*신청 방법:
학번과 이름, 자신이 왜 장학금을 받아야하는지 사유를 적어서 학과사무실에 제출, 신청. (특정양식 없음)
신청 사유와 학생 평가로 선발됩니다.
*선발 인원: 2명
** '일반을(학과장추천) 장학생'이란ς
매 학기 학과로 배정되는 장학금 중 '일반갑(성적) 장학금'을 받지 못한 학생들 중에서, 장학금 수여의 기본 자격이 되는 학생 중
해당 학과의 학과장의 추천을 받아 일정 금액을 장학금으로 받는 장학생.
집안의 사정이나 자신의 상황, 의지나 학구열 등의 표현으로 학과 교수님들의 추천을 받아 수혜받을 수 있는 장학금."
statistics,[2011.01.14] 학과 세미나 알림,,2021.11.18,https://stat.ssu.ac.kr/notice_view.html?category=1&idx=204,"세미나 안내
- Review Process of AA Report in Taiwan
* 대만 선임계리사 보고서(준비금 포함) 검증체계
- Method for Annuity Mortality Table Construction
* 장수리스크에 대비하기 위한 대만의 연금사망율 추정방법 연구결과
일 시: 2011년 1월 14일(금)
1회) 오전 10시 - 12시
2회)오후 4시 - 6시 30분 (선임계리사회와 공동 진행)
장 소: 1회) 형남공학관 115호
2회) 보험개발원 회의실
강 사: 1회) Ms. Harriet Yuan, Head of Actuarial Division, TII
2회) Speaker: Professor Yu, National Chengchi University"
statistics,2010 보험계리사 자격증 취득 인터넷 동영상강의 지원 마감,,2021.11.18,https://stat.ssu.ac.kr/notice_view.html?category=1&idx=203,금년도 인터넷 동영상 지원이 마감되었습니다.
statistics,2011학년도 1학기 장학생 지원 공고,,2021.11.18,https://stat.ssu.ac.kr/notice_view.html?category=1&idx=202,"2011학년도 1학기 장학생 지원 공고
1. 장학금 종류별 지원자격, 제출서류, 접수처
▶ 모든 장학금은 수혜 취득학점 15학점 (최종직전학기 12학점) 이상 (모든 장학금은 미등록 휴학 또는 자퇴 시 환수 처리 됨)
▶ 모든 장학금은 정규학기 성적을 기준으로 선발 ( 계절학기 성적 비포함 / 학칙개정 제24조 )
장학금명
장학금액
지 원 자 격
제 출 서 류
지원서
접수처
비 고
일반
성적
갑(성적우수)
3.5 이상
등록금 전액
등록금 반액
학과(부), 학년별 성적순위 등 학과(부) 자체기준에 의해 자동선발
없음
소속
대학
(학과)
을(학과장추천)
3.0 또는
80점 이상
130만원
① 가정형편이 곤란하여 등록금 마련이 어려우나 학구열이 높은 학생
② 학과(부)에 대한 봉사정신이 투철하며 타의 모범이 되는 학생
③ 교외의 공식적인 학술, 문화 등의 행사에서 우수한 성적으로 입상하여 교명을
빛낸 학생
④ 학과(부)사무실 등에서 성실히 봉사업무를 수행할 수 있는 학생
⑤ 기타 학과(부) 교수가 학업장려를 위하여 필요하다고 인정하는 경우
⑥ 봉사활동 인증을 받은 학생은 선발 시 우대
① 지원서 1부
② 자기소개서 1부
③ 건강보험증 사본 1부
④ 건강보험료 납부 영수증 1부
- 국민건강보험공단 홈페이지 출력가능
- ③, ④는 가정형편 곤란자에 한함
제출서류는 대학(학과)의 필요에 따라 생략 또는 추가될 수 있음
교역자 자녀
3.0 이상
60만원
교역자 본인 및 직계자녀
① 지원서 1부
② 주민등록 등본 또는 가족관계증명서 1부
③ 노회발행 재직증명서 1부
학생처
장학과
-
학생회관
114호
면학 (미래로)
80점 이상
수업료에서 국가미래로장학금 차액
기초생활수급자 본인 명의 발급 가능자
※ 기초생활수급자인 학생은 국가미래로 장학금도 신청해야만 장학금 전액
수혜 가능
① 지원서 1부
② 기초생활수급자 본인명의 증명서 1부
면학 (일정액)
2.5 이상
130만원
① 차상위 증명서 또는 한부모가족증명서 발급 가능 학생
② 본교가 정한 건강보험료 기준 이하로 납부하는 가정의 학생
- 세부자격은 홈페이지 공지사항 참고
① 지원서 1부
② 건강보험증 사본 1부
③ 건강보험료 납부 영수증 1부
형제
3.0 이상
수업료 반액
① 본교 학부에 2인 이상의 형제(자매, 남매)가 재학 중인 학생
② 형제 중 1인에게만 지급 ※ 2011-1학기 등록 확인 후 4월 초 지급
① 지원서 1부 (수혜하고자 하는 학생)
② 주민등록 등본 1부
입학성적우수 / 특성화
3.5 이상
등록금 전액
입학성적 우수자로서 학비감면 대상자 중 2011학년도 1학기 복학예정자
※ 지원서의 안내문을 반드시 숙지할 것
- 2010-2학기 장학금 수혜자는
별도 신청 절차 없이 장학생 자동 선발
① 지원서 1부
( 홈페이지 공지사항 다운로드 가능 )
- 'u-SAINT' 지원 제외사항
학생처
장학과
-
학생회관
114호
보훈
70점 이상
등록금 전액
국가보훈대상자 본인 및 직계자녀로 교육보호 대상자 중 2011학년도 1학기
복학예정자 또는 보훈신규선발자
교직원 자녀
3.0 이상
등록금 전액
본교 교직원의 자녀 중 2011학년도 1학기 복학예정자
숭실 글로벌
수업료60%
수업료40%
순수외국인 전형 입학자 중 2011학년도 1학기 복학예정자
※ 이수학점 10학점 이상 - 2.5이상 60%, 2.0~2.5 미만 40%
고시합격
①수업료전액
②수업료반액
① 사법,행정,외무,기술고시,공인회계사 시험에 1차 또는 최종 합격한 자
② 세무사, 관세사, 변리사, 감정평가사, 노무사, 법무사, 보험계리사 시험에 1차 또는
최종 합격한 자
※ 재학 중 통산 1회에 한함
※ 1차 합격자의 경우 합격 후 도래하는 첫 학기부터 연속 2개 학기
※ 최종합격자의 경우 합격 후 도래하는 두 번째 학기부터는 이수학점 및 성적
기준 적용 - 3.0 이상 및 15학점 이상 (최종직전학기 12학점)
※ 지원서의 안내문을 반드시 숙지할 것
① 지원서 1부
( 홈페이지 공지사항 다운로드 가능 )
- 'u-SAINT' 지원 제외사항
기획처
기획․예산과
고시담당
고시담당
828-7466
글로벌브레인홀 711호
2. 온라인 신청 기간 : 2010년 12월 6일 (월) 10:00 ~ 2010년 12월 30일 (목) 15:00
3. 서류 제출 기간 : 2010년 12월 6일 (월) 13:00 ~ 2010년 12월 30일 (목) 17:00
4. 지원서 출력방법 및 접수
학교 홈페이지 로그인 → u-SAINT 포털 → 등록/장학 → 장학금신청 → 장학금 신청 후 지원서를 출력, 제출서류를 첨부하여 해당 접수처에 제출
5. 주의사항
① 2011학년도 1학기 입학성적우수 및 보훈, 고시합격 장학금은 u-SAINT 에서 별도 신청 생략
② 입학성적우수 및 보훈, 교직원자녀, 숭실글로벌 장학금 신청자 중 2011학년도 1학기 복학 예정자는 첨부지원서를 다운받아 작성하여 장학과 제출
2010학년도 2학기에 이미 입학성적우수 및 보훈, 교직원자녀, 숭실글로벌 장학금을 수혜한 학생은 별도 신청 생략
[ 학교홈페이지 장학생 지원 공지사항 ]
③ 2011학년도 1학기에 신규로 보훈 장학금을 신청하고자 하는 학생은 지원서를 다운받아 작성하여 해당 접수처에 제출 [ 학교홈페이지 장학생 지원 공지사항 ]
④ 2011학년도 1학기에 고시합격 장학금을 신청하고자 하는 학생은 지원서를 다운받아 작성하여 해당 접수처에 제출 [ 고시담당 사무실 문의 ]
⑤ 기초생활수급자인 학생은 한국장학재단(교육과학기술부)의 국가미래로장학금 제도에 변경이 있을 시 그에 따라 선발방법 및 지급기준이 변경될 수 있음
2010. 12. 6.
학 생 처 장"
statistics,[대] 2011학년도 1학기 석·박통합과정 지원 및 선발 안내,,2021.11.18,https://stat.ssu.ac.kr/notice_view.html?category=1&idx=201,"2011학년도 1학기 석박통합과정 지원 및 선발 안내
2011학년도 1학기 석‧박사통합과정 지원 및 선발을 안내합니다.
1. 지원기간: 2011. 1. 5.(수) 10:00 ∼ 1. 14.(금) 17:00
2. 지원자격
가. 석사 2학기 이상 등록을 필하고 18학점 이상 취득한 자(4학기생은 제외)
나. 석사과정 전공분야와 통합과정 지원 전공분야가 동일한 자
3. 제출서류:
가. 석‧박사통합과정 지원서 1부(양식:붙임)
나. 성적증명서(원본) 1부
4. 지원방법: 제출서류를 작성하여 대학원 교학과로 제출(웨스트민스터홀 658호)
5. 선발인원
가. 석‧박사통합과정 운영 내규: 박사과정 전체 입학정원의 20%
나. 석‧박사통합과정 운영 내규 세부기준: 한 학년도에 학과당 2명 이내를 원칙으로 함
6. 발 표 일: 2011. 1. 27.(목) 17:00 - 학과 및 개별통지
7. 기 타
가. 수업년한: 4년(8학기) - 석사과정 입학 학기부터
나. 석사과정 외국어 및 종합시험, 석사논문 면제
다. 박사과정 입학금 면제"
statistics,2010학년도 2학기 강의만족도조사 실시 안내,,2021.11.18,https://stat.ssu.ac.kr/notice_view.html?category=1&idx=200,"2010학년도 2학기 강의만족도조사 실시 안내
2010학년도 2학기 강의만족도조사를 아래와 같이 실시하니, 학생들은 본 조사기간 내 참여하시기 바랍니다.
1. 조사대상 : 2010학년도 2학기 개설강좌 전체 수강인원
2. 조사방법 : 학생이 직접 본교 홈페이지 U-saint 로그인 ⇒ 수강신청 ⇒ 강의만족도조사 ⇒ 수강강좌 조회 후 강의만족도 조사 실시
3. 조사기간 :
2010년 12월 1일(수) 09:00 ∼ 14일(화) 24:00까지
(대학원,학부 일정동일)"
statistics,2011년 정보통계보험수리학과 겨울방학 특강 (2011.01.16 수정),,2021.11.18,https://stat.ssu.ac.kr/notice_view.html?category=1&idx=199,"2011년 정보통계보험수리학과
겨울방학 특강
정보통계보험수리학과에서는 학생들의 실무적 전산 처리 능력 향상 및 자격증 시험 대비를 위하여 겨울 방학 중 아래의 특강을 마련하였습니다.
1. SAS 프로그래밍 특강 (‘01학번 조규동, 고려대학교 통계학과 박사과정)
-1월 8일, 15일, 22일, 29일, 2월 5일 오후 2시
-장소: 베어드홀 523호 (정보통계보험수리 실습실)
2. EXCEL 특강(‘98학번 조재광, 라이나생명)
-1월 4일, 6일, 11일, 13일, 18일 오후 7시
-장소: 베어드홀 523호 (정보통계보험수리 실습실)
3. 보험계리사 1차 시험 대비 보험계약법 특강(박후서, 미래보험교육원)
-1월 17일, 24일 오후 1시~6시
-장소: 법학관 516호
4. 보험계리사 1차 시험 대비 보험업법 특강(정화영 차장, 동부화재)
-1월 8일, 29일 오전 9시~오후 2시
-장소: 법학관 516호
※수강을 원하는 학생은 학과사무실에 비치된 양식에 신청해 주시기 바랍니다.
※SAS, EXCEL 특강은 전산실에서 진행되므로 수강 인원이 제한됩니다.
(신청 선착순)
※신청 후 출석률이 낮은 학생은 향후 특강 신청 시 우선 순위에서
제외됩니다."
statistics,[긴급] 2010학년도 겨울계절학기 개설예정과목 및 수강신청,,2021.11.18,https://stat.ssu.ac.kr/notice_view.html?category=1&idx=198,"2010학년도 겨울계절학기 개설예정과목 및 수강신청
2010학년도 겨울계절학기 개설예정과목 및 수강신청을 다음과 같이 안내하오니 업무에 참고하시기 바랍니다.
1. 주요일정
가. 수업기간: 2010. 12. 22(수) ~ 2011. 1. 11(화) /15일(토, 일, 공휴일 제외)
나. 수강신청 및 금전등록기간
1)수강신청기간:
2010. 11. 29(월) ~ 2010. 12. 3(금) 10:00-17:00
2)금전등록기간:
2010. 12. 6(월) ~ 2010. 12. 10(금) 09:00-16:00
(우리은행 전국지점 입금전용계좌 입금)
3)개설확정과목 및 폐강과목 수강료 환불공지: 2010. 12. 15(수)
2. 수강신청 유의사항
가. 휴학자, 휴학예정자(계절학기 수업기간 중), 복학예정자, 학점등록자(9학점이하),시간제 등록생은 수강 신청할 수 없음.
나. 수강료: 시간당 70,000원(수강신청 ⇒ 고지서확인 ⇒ 전용계좌 입금)
※ 1시간1학점: 70,000원, 3시간2학점: 210,000원, 3시간3학점: 210,000원 4시간 3학점: 280,000원
다
.
C,D학점 받았던 컴퓨터활용1,2 과목을 재수강시 컴퓨터활용1은 엑셀자격증을, 컴퓨
터활용2는 파워포인트 자격증을 취득하여야 하고, 미취득시 예상했던 학점이 삭제
됨.
라.
수강신청기간과 금전등록기간이 다르므로 두 과목 신청 후 금전등록기간 중에 한 과목을 취소하는 것은 불가능함. 이 경우 두 과목 해당금액을 모두 입금한 후 나중에
환불 신청해야 하므로 본 수강신청시 꼭 수강할 과목으로만 신청할 것.
마. 컴퓨터활용1,2의 수업기간은 12.22(수)~12.29(수)이며, 시험일시는 12.30(목)에 실시되며 자격증기취득반 자격증 제출은 12.22(수)~1.11(화) 17:00까지 베어드학부대학으로 제출하기 바람(법학관 207호, 828-7222)
바. [사회봉사프로그램1,2,3]을 신청한 학생은 12.6(월)~12.10(금)까지 사회봉사프로그램을 신청해야 함. 자세한 사항은 봉사지원센타로 문의 바람(820-0802)"
statistics,"10월 20일, 21일 해외초청 보험계리세미나 공지",,2021.11.18,https://stat.ssu.ac.kr/notice_view.html?category=1&idx=197,
statistics,생명보험協와 아시아 보험전문가 키워,,2021.11.18,https://stat.ssu.ac.kr/notice_view.html?category=1&idx=196,"<▲
사진설명 / 박은순 자연과학대학장(좌)이 9월 14일 생명보험협회에서 이우철 회장(우)과 약정서를 교환하고 있다.>
생명보험협회와 ‘아시아 보험계리전문가 양성프로그램’ 약정
내년부터 유학생 5명에 1인당 연간 2천만원 지원금 등 제공 받아
“아시아 보험산업 발전과 한국과의 네트워킹 기여 등 큰 효과 기대”
본교 정보통계·보험수리학과는 지난 9월 14일 생명보험협회와 ‘아시아 보험계리전문가 양성프로그램’을 운영하기로 약정을 체결했다.
이 프로그램은 중국, 베트남 등 아시아 지역의 우수학생을 선발하여 본교 정보통계-보험수리학과 석사과정을 이수하게 함으로써 아시아 보험산업 발전에 기여하기 위한 것이다. 생명보험 사회공헌사업의 일환으로 추진되는 본 프로그램의 운영을 위해 생명보험협회는 2011학년도부터 매 학년도마다 5명(신입생 기준)의 유학생에 대해 1인당 연간 2천만 원의 지원금을 제공하기로 했다.
본교 정보통계·보험수리학과는 1993년부터 석사과정에 보험수리 전공을 개설하여 보험계리 분야의 인력을 양성해오고 있으며, 2005학년도부터는 보험계리 분야의 교육과정을 대폭 확충하여 운용해오고 있다. 현재 숭실대학교는 보험계리 전공을 학부와 대학원(석사, 박사 과정)에 개설하고 있는 국내 유일의 대학이다.
본교 정보통계·보험수리학과는 해외(미국, 캐나다)에서 보험계리 전공으로 박사학위를 취득한 3명의 전임교수를 채용하고 있으며, 추가적으로 동 분야에서 3명의 겸임교수를 확보하고 있다. 이러한 교수진을 기반으로 동 학과는 현재 국내 보험계리사와 SOA 자격시험 준비를 위한 교육과정을 제공하고 있다.
이 학과 이창수 교수는 “본교에서 운영될 아시아 보험계리전문가 양성프로그램은 우수학생 지원을 통해 지원대상 지역에 대한 공익적 기여를 하게 될 것”이라면서 “아시아 지역 보험산업 발전과 한국과의 네트워킹 기여 및 국내 보험사의 해외진출 지원 효과도 거둘 수 있을 것이며, 아울러 국내 보험계리 분야 교육프로그램의 발전 및 국제화에도 기여할 것”이라고 말했다.
홍보팀(
pr@ssu.ac.kr
)"
statistics,제28회 형남과학상 공모 안내,,2021.11.18,https://stat.ssu.ac.kr/notice_view.html?category=1&idx=195,"제28회 형남과학상 공모 안내
1. 공모대상 : 본교 학부 및 대학원 재학생
2. 공모분야 : 이․공계 부문의 논문 및 작품(단, 논문 분야는 원고지 50매 이상)
[졸업논문 및 졸업작품, 교수와 공동연구한 논문 및 작품,
교내외 수상작은 제외함]
3. 포상인원 : 대상 1명, 금상 4명, 은상 6명 계 11명
- 단, 심사결과 해당자가 없을 경우에는 시상 대상을 조정할 수
있음
4. 포상금액 : 대상 - 상장 및 장학금 120만원
금상 - 상장 및 장학금 각 70만원
은상 - 상장 및 장학금 각 30만원
5. 일정 및 장소
가. 공모 접수기간 및 장소
1) 접수기간 : 2010. 10. 11(월) - 2010. 11. 2(화) (10:00 - 17:00)
단, 토요일 및 공휴일 제외
2) 접수장소 : 공과대학 사무실(형남공학관 308호)
※ 응모신청서는 공과대학 홈페이지 공지사항에서 출력 사용
나. 논문 및 작품 심사일시 : 2010. 11. 11(목) 14:00 ~ 17:00 예정
다. 심사결과발표 : 2010. 11. 16(화) 예정(지원자 개별 통보)
라. 시 상 : 2010. 11. 17(수) 14:00 예정 (장소 : 미정)"
statistics,2010학년도 2학기 졸업연기 신청,,2021.11.18,https://stat.ssu.ac.kr/notice_view.html?category=1&idx=194,"2010학년도 2학기 졸업연기 신청을 아래와 같이 안내합니다.
1. 신청자격
가. 2011년 2월 졸업예정자
나. 복수전공, 부전공, 교직, 평생교육사, 연계전공, 공학교육인증 과정을
이수 중인 학생
2. 신청사유 및 유의사항
가. 주전공의 졸업 요건이 충족되지만 상기 과정의 이수를 위해 졸업을 연기하고자
하는
경우에만 신청 가능
나. 주전공의 졸업 요건이 충족되지 않을 경우 별도의 졸업연기 신청을 하지 않아도 됨
3. 신청기간
: 9월 28일(화) - 10월 8일(금)
4. 신청방법
: 학사지원과 학적계 방문 신청 (형남공학관 2층)
5. 관련 문의
: 02-820-0154 (학사지원과 졸업 담당자)"
statistics,휴강 안내 공고,,2021.11.18,https://stat.ssu.ac.kr/notice_view.html?category=1&idx=193,"휴 강   공 고
개교 113주년기념식과 2011학년도 수시1차 신입생 모집 관련하여 다음과 같이 휴강안내 합니다.
일 시
휴강사유
비 고
2010. 10. 8(금)
5~6교시
개교 113주년 기념식
해당 강의시간만 휴강
2010. 10. 11(월)
수시1차 실기고사
조만식기념관
(체육관   포함)
강의 휴강
2010. 10. 22(금)
수시1차 신입생 면접고사
전체 강의 휴강"
statistics,컴퓨터활용(응시료납부) 안내,,2021.11.18,https://stat.ssu.ac.kr/notice_view.html?category=1&idx=192,"컴퓨터활용2(PPT) 수업안내 및 기취득 반 자격증 제출 안내
컴퓨터활용2(PPT) 수업기간, 시험일정 및 기취득반 자격증(MOS) 제출관련 사항을 다음과 같이 공지합니다.
1. 수업기간 및 시험(재시험), 응시료(재응시료) 납부 일정
그룹
수업기간
정규시험
재시험(전체)
시험일자
응시료납부일자
시험일자
응시료납부일자
A그룹
시험일정
9.1(수)
~
10.5(화)
10.4(월),
5(화)
2010.9.24(금)~9.30(목)24:00
[응시료납부]
2010.12.17(금)
①18:00
②19:00
2010.12.14~15
(수) 24:00
[재응시료납부]
B그룹
시험일정
10.6(수)~
11.9(화)
11.8(월),
9(화)
2010.10.29(금)~11.4(목)24:00
[응시료납부]
C그룹
시험일정
11.10(수)~
12.14(화)
12.13(월),
14(화)
2010.12.3(금)~12.9(목)24:00
[응시료납부]
※수강생 전원 해당 응시료납부일자에
[응시료납부]
를 클릭한 후 2010학번은 접수만(2010년도 1회에 한하여 학교에서 지원-
접수 반드시 해야함
), 2010 이외 학번은 접수+응시료결제를 완료하여야 시험에 응시할 수 있습니다.
2. 응시 자격
가. 수강신청을 하고 출석 2/3이상 한 학생(출석 2/3미만인 학생은 응시할 수 없음)
나. 기한 내에 응시료를 납부한 학생
3. 응시료 납부
가-1. <2010학번> 학교홈페이지 우측
[사이버교육-> MOS 온라인 접수 납부
]
클릭→숭실대학교 접수하기 클릭→비회원 입력사항 기입 후 GO→본인의 수강 중인 반에 체크 후 기본 인적상항 기입→수험표 확인 및 출력 (응시료 결재처리 할 필요 없음)
가-2. <2010학번 이외> 학교홈페이지 우측
[사이버교육-> MOS 온라인 접수 납부
]
클릭→숭실대학교 접수하기 클릭→비회원 입력사항 기입 후 GO→본인의 수강 중인 반에 체크 후 기본 인적상항 기입→응시료 납부(결재처리)→수험표 확인 및 출력
나. 마감후 접수 절대 불가, 응시료 납부 후 환불 절대 불가(자격 미달자, 오류납부자등 모두 포함)(본인의 최종 출석결과를 담당교수에게 확인하여 출석 2/3미달자는 응시료를 납부하지 말 것. 납부한 경우 일체 반환 하지 않음.)
4. 재시험 안내
가. 응시자격 : 해당그룹별 시험 응시에서 응시료를 납부한 학생에 한하여 재응시료(30,000원)를 별도 납부한 학생
(전체 재응시 시험일자: 2010.12.17 실시)
나. 재응시료 납부 :
[재응시료납부 바로가기]
(마감후 접수 절대 불가, 응시료 납부 후 환불 절대 불가(자격 미달자, 오류납부자등 모두 포함))
5. 응시생 유의사항
가. 응시생은 필히 신분증(주민등록증, 운전면허증, 기간이 만료 되지 않은 여권 중 한가지), 수험표(응시료 납부 후 출력)를 지참할 것.(미지참시 입실 불가)
나. 본 시험은 공인 자격증 취득 시험으로 응시 전에 응시생의 주소 및 우편번호를 입력해야 하므로 주소 및 우편번호를 반드시 숙지한 후 입실할 것.
다. 응시생은 10분전까지 입실을 완료하여 주시기 바람.
6. 본교 외에서 취득한(자격증 기취득반) 자격증 학점인정 및 제출 안내
가. 본교 외에서 취득한 자격증으로 학점인정을 받고자 할 경우 해당 학기 최대 수강 신청학점 범위내에서 수강신청을 반드시 하되 출석은 하지 않아도 된다.(수강신청을 하지 않으면 학점 인정 불가)
나. 본교 외에서 취득한 자격증 인정 범위 및 제출안내
- 인정기관 : 재단법인 국제교류진흥회 MOS사무국
- 제출기간 : 2010. 12.15(수)~12.21(화) 17:00 (반드시 기한 내에 제출하여야 함.)
- 제출장소 : 베어드학부대학(법학관 207호)
- 성적인정학기 : 2010-2학기
-
자격증을 복사하여 원본과 함께 제출하면 원본은 대조 후 반환.
- 인정자격증
적용시기
입학년도
구분
인정 버전(Version)
2
0
1
0
학
년
도
대학교 입학전
취득시(신입생)
*입학년도에 시행하는 해당 버전 이상일때 인정
(컴퓨터활용2: PPT 2003 Core 이상 인정)
2009학년도 입학자
* 자격증 취득일과 관계없이
버전 PPT 2003 Core 이상 인정
2006,7,8학년도
입학자
* 자격증 취득일 기준
-2009.3.1전 취득시
→PPT 2002 Core 이상인정
-2009.3.1이후 취득시→PPT 2003 Core 이상인정
기  타
* 해당 입학자 교과과정대로 이수하지 못한 경우(미수강, F학점, C․D학점 재수강) 현재 적용되는 버전 인정(복학생 포함)"
statistics,MOS마스터과정(응시료납부) 안내,,2021.11.18,https://stat.ssu.ac.kr/notice_view.html?category=1&idx=191,"2010-2 MOS 마스터과정 안내
1. 수강 및 시험일정
강의 내용
강의 기간
시험일정
시험접수
MOS Excel 2003 Expert
2010/9/1～10/5
(
5주
)
(월,수반)
10/4(월)
(화,금반)
10/5(화)
(월-저녁반)
10/4(월)
(화-저녁반)
10/5(화)
(수-저녁반)
9/29(수)
(목 반)
9/30(목)
(금-저녁반)
10/1(금)
9/15～9/27 24:00
접수하기
MOS Access 2003 Core
2010/10/6～11/9
(5주)
(월,수반)
11/8(월)
(화,금반)
11/9(화)
(월-저녁반)
11/8(월)
(화-저녁반)
11/9(화)
(수-저녁반)
11/3(수)
(목 반)
11/4(목)
(금-저녁반)
11/5(금)
10/25～10/29 24:00
접수하기
MOS Word 2003 Expert
2010/11/10～12/7
(4주)
(월,수반)
12/6(월)
(화,금반)
12/7(화)
(월-저녁반)
12/6(월)
(화-저녁반)
12/7(화)
(수-저녁반)
12/1(수)
(목 반)
12/2(목)
(금-저녁반)
12/3(금)
11/22～11/26 24:00
접수하기
MOS PowerPoint 2003 Core
2010/12/8～12/21
(
2주
)
(월,수반)
12/20(월)
(화,금반)
12/21(화)
(월-저녁반)
12/20(월)
(화-저녁반)
12/21(화)
(수-저녁반)
12/15(수)
(목 반)
12/16(목)
(금-저녁반)
12/17(금)
12/8～12/10 24:00
접수하기
전체
재시험
재응시 과목 수에 따라 1반부터 순서대로
응시할 것
12/24(금)
(장소: 11310)
(1)
10:30～11:45
(2)
12:00～13:15
(3)
13:30～14:45
(4)
15:00～16:15
12/22 24:00 (1일간)
접수하기
(위의 표에서
접수하기
링크를 클릭하면 접수 페이지로 이동합니다.)
* 참고
분반
시험일정 (4회)
월, 수반
10/4(월), 11/8(월), 12/6(월), 12/20(월)
화, 금반
10/5(화), 11/9(화), 12/7(화), 12/21(화)
월-저녁반
10/4(월)
,
11/8(월)
,
12/6(월)
,
12/20(월)
화-저녁반
10/5(화)
,
11/9(화)
,
12/7(화)
,
12/21(화)
수-저녁반
9/29(수)
,
11/3(수)
,
12/1(수)
,
12/15(수)
목 반
9/30(목), 11/4(목), 12/2(목), 12/16(목)
금-저녁반
10/1(금)
,
11/5(금),
12/3(금)
,
12/17(금)
2. 응시 자격
ㄱ. 해당 자격증 수업기간 동안 출석 2/3 이상 한 학생
ㄴ. 접수 기간 내에 접수하고 응시료를 납부한 학생
ㄷ. 재응시 자격 : 해당 과목의 교내 시험에 응시하였으나 불합격한 학생에 한하여 재응시료를 납부하여
재응시 할 수 있음.
3. 시험 접수 및 응시료 납부
ㄱ. 위의 1. 수강 일정 표에서 [
접수하기
] 클릭
⇒ [
숭실대 마스터반 접수
] 버튼을 클릭
⇒ 비회원 입력사항 기재 후 확인 버튼 클릭 (회원으로 로그인해도 상관없음)
⇒ 본인의 수강신청 반에 체크한 후 기본 인적 사항 기입
⇒ 결제 처리 ⇒ 수험표 확인 및 출력
ㄴ. 마감 후 접수 절대 불가, 응시료 납부 후 환불 절대 불가
ㄷ. 응시료 안내
자격증 구분
교내 응시료(할인)
교외 응시료
MOS Excel 2003 Expert
40,000
79,000
MOS Access 2003 Core
30,000
69,000
MOS Word 2003 Expert
40,000
79,000
MOS PowerPoint 2003 Core
30,000
69,000
응시료 합계
140,000
296,000
ㄹ. 1차 시험에 응시하지 못하는 경우 개인적으로 교외시험에 응시해야 함
4. 응시생 참고사항
ㄱ. 응시생은 필히 신분증(주민등록증, 운전면허증, 기간이 만료되지 않은 여권 중 한가지),
수험표(응시료 납부 후 출력)를 지참할 것. (미지참시 입실 불가)
ㄴ. 본 시험은 공인 자격증 취득 시험으로 응시 전에 응시생의 주소 및 우편번호를 입력해야 하므로
(합격증을 배송 받을) 주소 및 우편번호를 반드시 숙지한 후 입실할 것.
ㄷ. 응시생은 시험 10분 전까지 입실을 완료하여 주시기 바람.
ㄹ. 하나의 시험 아이디로 4과목을 응시하여 합격해야만 MOS 마스터 자격증이 부여됨을 주의할 것.
5. 재응시 접수 안내
ㄱ. 위의 1. 수강 일정 표에서 [
접수하기
] 클릭
⇒ [
숭실대 마스터반 재시험 접수
] 버튼을 클릭
⇒ 비회원 입력사항 기재 후 GO ⇒ 본인의 수강신청 반에 체크한 후 기본 인적 사항 기입
⇒ 결제 처리 ⇒ 수험표 확인 및 출력
ㄴ. 마감 후 접수 절대 불가, 응시료 납부 후 환불 절대 불가
ㄷ. 응시료 안내 : 1차 응시료와 동일함.
ㄹ. 1차 시험에 응시하였으나 불합격한 과목에 대해서만 응시할 수 있음.
6. 유의사항
ㄱ. 수강기간 내에 MOS 2003 Master 자격을 취득한 학생은 별도로
자격증을 제출할 필요가 없으며
수강기간 동안
(2010.9.1～12.21)
4과목을 모두 합격하여 MOS 2003 Master 자격이 인정되면 Pass로 처리됨.
ㄴ. 수강기간 전에 이미 MOS 2003 Master 자격을 취득한 학생은 수강신청 자격이 없음.
만약, MOS 2003 Master 기취득자가 수강신청한 경우 Fail 처리됨.
7. 교외 MOS 응시 안내
ㄱ. 교내 시험에 미응시하였거나 또는 불합격하여 개인적으로 교외시험을 통해 해당 MOS 자격증에
응시하고자 하는 경우
http://www.ybmit.com
를 통해 응시 가능함.
ㄴ. 수강기간 내에 응시한 경우만 인정함.
ㄷ. 합격증을 별도로 제출할 필요는 없음. 베어드학부대학에서 YBM을 통해 수강생의 MOS 2003 Master
취득 여부를 확인하여 Pass/Fail을 확인함.
8. 강의 교재 안내
ㄱ. 본 강좌에서 사용하는 각 과목별 교재는 아래와 같음.
내용 구분
교재명(출판사)
비고
MOS Excel 2003 Expert
MOS PowerPoint 2003 Core
컴퓨터활용1 엑셀(숭실대출판부)
컴퓨터활용2 파워포인트
(숭실대출판부)
2권 합본 할인,
낱권 구입 가능함
MOS Word 2003 Expert"
statistics,2010-2학기 예비군 교육훈련 안내,,2021.11.18,https://stat.ssu.ac.kr/notice_view.html?category=1&idx=190,"◑
2010-2학기  예비군 교육훈련 일정
■ 일    시 :
2010. 9월30일(목),  10월4일(월), 10월5일(화)  3일간
■ 대     상
구  분
대    상
비고
9월30일(목)
인문대, IT대학
10월4일(월)
공대, 법대
10월5일(화)
사회대, 자연대, 경영대, 경제통상대, 대학원
*
2시간 대상자는 단과대 구분 없이 10월5일 훈련실시*
■
집합시간 : 07시 20분
,   출발시간 : 07시 30분
■ 집합장소 :
가. 학교 출발 : 학교(베어드홀 앞)에 집합 후 훈련장으로 버스 이동
나. 개별 출발 : 개별 출발자는 08:50까지 훈련장 도착
■ 유의사항
가. 복  장 : 예비군복, 전투모, 전투화, 요대, 고무링
나. 신분증(주민등록증 또는 운전면허증 또는 학생증) 반드시 지참
※ 복장 불량 및 신분증 미 지참 시 귀가조치
다. 차량 및 점심식사는 학교에서 지원
※ 교육 출발 전 본인이 몇 학급에 편성되어 있는지 확인해야 합니다.
※ 엑셀파일 밑부분에 9월30일, 10월4일, 10월5일 각각의 시트가 있습니다. 그냥 ctrl+f로 찾으면 안나올 수 있습니다.
◑
상담 및 문의
베어드홀 310호
비상계획계(예비군연대) ☏ 820-0180
※ 첨부 : 일자별 학급편성명부1부.  끝."
statistics,졸업예정자 졸업사정 결과 오류 정정 신청 안내,,2021.11.18,https://stat.ssu.ac.kr/notice_view.html?category=1&idx=189,"졸업예정자 졸업사정 결과 오류 정정 신청 안내
2011년 2월 졸업예정자의 졸업사정 결과에 대한 오류 정정 신청을 아래와 같이 안내합니다.
1. 대상자 : 2011년 2월 졸업예정자
2. 신청기간 : 9월 9일(목) 09:00 - 9월 17일(금) 17:00
3. 신청방법
가. 9월 8일 이후 생성된 졸업사정표를 통해 오류사항 확인 (u-SAINT)
나. 오류가 있는 경우 오류정정신청서를 작성하고, 졸업사정표에 해당 부분을 적색 펜으로 표시하여 소속 학과(부)사무실에 함께 제출
4. 유의사항
가. 다전공을 포기하고자 하는 학생들은 9월 10일까지 포기 신청하여 주시기 바랍니다. 해당 학생들에 대해 13일(월) 졸업사정을 재실행 하도록 하겠습니다.
나. 9월 8일 기준의 졸업사정 결과는 수강신청 변경 내역까지 반영된 것이며, 학점포기, 연계전공 이수구분 변경, 드랍 신청 등은 추후 반영할 예정입니다.
다. 공학인증과 관련된 졸업사정 오류는 신청에서 제외하며, 공학교육혁신센터로 문의하여 주시기 바랍니다.
라. 연계전공 이수구분 변경 신청은 별도로 진행되며 오류 정정 신청에서 제외합니다.
마. 처리 결과는 10월 중순 이후 확인하실 수 있습니다. (추후 공지 예정)
5. 오류 유형
가. 이수구분 오류 : 첨부파일을 통해 이수구분 인정 원칙을 확인하고 인정 가능한 사항에 대해서만 정정 신청
나. 전공필수 졸업요건 예외처리 : 첨부파일을 통해 예외 인정 원칙을 확인하고 인정 가능한 사항에 대해서만 정정 신청
다.
재수강, 중복수강 처리 오류 : 재수강 신청을 하였는데 정상적으로 처리되지 않은 경우 등
라. 동일한 과목의 중복(이중) 인정 오류
1) 주전공에서 인정된 과목이 다전공에서 중복으로 인정되는 경우
2) 전공기초로 인정된 과목이 전공(선택, 필수) 등에 중복으로 인정되는 경우
3) 교양선택으로 인정된 과목이 교양필수 또는 전공, 다전공 등에 중복으로 인정되는 경우 등
마. 다전공 이수 관련 오류
1) 다전공을 이수하고 있는데 졸업사정표에 나오지 않는 경우
2) 다전공을 포기하였는데 졸업사정표에 나오는 경우
3) 다전공 이수학점 오류 등
바. 편입 및 전과 학점인정 결과 오류 : 학과사무실로 먼저 확인한 후 오류 여부 판단
사. 교양선택 이수학점 오류
1) 2006-2008학번 학생 중 교양필수와 교양선택을 입학년도 기준과 같이 이수하였음에도 불구하고 졸업요건 조정으로 인해 교양선택 졸업요건이 Fail로 나오는 경우
2) 2006-2008학번의 입학년도 기준 교양 이수학점 : 교양필수 14학점, 교양선택 21학점(인문대, 법대, 사회대) 또는 15학점(자연대, 경통대, 경영대, 공대, IT대)
아. 이수과목 누락 : 채플, 졸업논문/졸업종합시험 등
6. 관련 문의 : 02-820-0154 (학사지원과 졸업 담당자)
첨부파일 .
졸업사정 오류정정 신청서"
statistics,졸업예정자 연계전공 이수구분 변경 신청 안내,,2021.11.18,https://stat.ssu.ac.kr/notice_view.html?category=1&idx=188,"졸업예정자 연계전공 이수구분 변경 신청 안내
1
0년 2월 졸업예정자의 연계전공 이수구분 변경 신청을 아래와 같이 안내합니다.
1. 업무 설명
가. 졸업사정 프로그램에서는 과목의 중복 인정을 피하기 위해 주전공 → 복수전공 → 부전공 → 연계전공 순서로 우선순위를 두고 있음.
나. 이수 중인 주전공, 복수전공, 부전공의 학과(부)가 연계전공의 분야별 학과(부)와 겹치는 경우 상위의 전공으로 인정됨.
다. 이러한 경우에 해당하는 과목 중 연계전공으로 인정받고자 하는 과목에 대한 이수구분 변경 신청이 필요함. (online)
라. 그밖에, 연계전공 운영 내규에 따라 연계전공 주임교수의 확인을 통해 연계전공으로 인정받고자 하는 과목에 대한 이수구분 변경 신청이 필요함. (offline)
2. 대상자
가. 2011년 2월 졸업예정자 중 연계전공을 이수하고 있는 학생
나. 연계전공으로 인정받고자 하는 과목이 주전공, 복수전공, 부전공, 일반선택으로 인정되고 있어 이수구분 변경이 필요한 학생
3. 신청기간
: 9월 9일(목) 09:00 - 9월 15일(수) 17:00
4. 신청방법
가. u-Saint 접속 → 학사관리 → 성적/졸업 → 연계전공 이수구분 변경 신청
나. 인터넷으로 신청 불가한 과목 : 학사지원과 방문 → 신청서 받기 → 연계전공 주임교수 확인 → 학사지원과 제출
5. 유의사항
가.
9월 8일 이후 생성된 졸업사정표를 확인
한 후 신청하시기 바랍니다.
나. 연계전공으로 이수구분을 변경할 경우 주전공 및 기타 다전공 졸업사정에서 제외됩니다. 학점 계산에 유의하시기 바랍니다.
다. 신청 내역이 반영된 졸업사정 결과는 9월 17일(금)부터 확인하실 수 있습니다.
라. 관련 문의 : 02-820-0154 (학사지원과 졸업 담당자)"
statistics,졸업예정자 학점포기 신청 안내,,2021.11.18,https://stat.ssu.ac.kr/notice_view.html?category=1&idx=187,"졸업예정자 학점포기 신청 안내
2010학년도 2학기 학점포기 신청을 아래와 같이 안내합니다.
1. 신청자격 : 2011년 2월 졸업예정자
2. 신청가능범위 및 유의사항
가. 증명용 취득학점에 포함되고 있는 전체 과목 중에서 6학점 이하로 신청 가능합니다.
나. 성적이 F, A+, Pass인 과목, 졸업논문, 졸업종합시험은 신청할 수 없습니다.
다. 9월 8일 이후 생성된 졸업사정표를 확인한 후 신청하시기 바랍니다.
라. 승인 취소는 불가하며, 드랍 신청, 졸업사정 오류정정 신청, 연계전공 이수구분 신청 등이 동시에 진행되므로 졸업에 문제가 발생하지 않도록 유의하시기 바랍니다.
마. 승인 결과는 9월 17일(금)부터 확인할 수 있으며, 증명용 성적에 바로 반영됩니다.
3. 신청기간 : 9월 9일(목) 09:00 - 9월 15일(수) 17:00
4. 신청방법 : u-SAINT → 학사관리 → 성적/졸업 → 학점포기 신청 및 조회 프로그램에서
신청
5. 관련 문의 : 02-820-0154 (학사지원과 졸업 담당자)"
statistics,장학생 추가접수 안내 (1학년 대상),,2021.11.18,https://stat.ssu.ac.kr/notice_view.html?category=1&idx=186,"2010년 2학기 정보통계보험수리학과 장학생 추가 지원 모집
1. 장학금 인원 및 금액: 1명 130만원
2. 신청자격:
1) 정보통계‧보험수리학과 1학년 재학생
2) 지난 학기 이수 학점 15학점, 평점 3.0 이상
3) 학과에서 근로로 일을 할 수 있는 사람.
3. 선발방법: 학과교수회의에서 결정함.
4. 지원방법
학과사무실에 방문하여 지원 의사를 밝히고,
지난학기 성적과 학점이 나온 인쇄물을 제출.
5.접수기간
9월 13~17일까지 일주일간"
statistics,졸업예정자 졸업사정 결과 오류 정정 신청 안내,,2021.11.18,https://stat.ssu.ac.kr/notice_view.html?category=1&idx=185,"<졸업예정자 졸업사정 결과 오류 정정 신청 안내>
2011년 2월 졸업예정자의 졸업사정 결과에 대한 오류 정정 신청을 아래와 같이 안내합니다.
1. 대상자 : 2011년 2월 졸업예정자
2. 신청기간 : 9월 9일(목) 09:00 - 9월 17일(금) 17:00
3. 신청방법
가. 9월 8일 이후 생성된 졸업사정표를 통해 오류사항 확인 (u-SAINT)
나. 오류가 있는 경우 오류정정신청서를 작성하고, 졸업사정표에 해당 부분을 적색 펜으로 표시하여 소속 학과(부)사무실에 함께 제출
4. 유의사항
가. 다전공을 포기하고자 하는 학생들은 9월 10일까지 포기 신청하여 주시기 바랍니다. 해당 학생들에 대해 13일(월) 졸업사정을 재실행 하도록 하겠습니다.
나. 9월 8일 기준의 졸업사정 결과는 수강신청 변경 내역까지 반영된 것이며, 학점포기, 연계전공 이수구분 변경, 드랍 신청 등은 추후 반영할 예정입니다.
다. 공학인증과 관련된 졸업사정 오류는 신청에서 제외하며, 공학교육혁신센터로 문의하여 주시기 바랍니다.
라. 연계전공 이수구분 변경 신청은 별도로 진행되며 오류 정정 신청에서 제외합니다.
마. 처리 결과는 10월 중순 이후 확인하실 수 있습니다. (추후 공지 예정)
5. 오류 유형
가. 이수구분 오류 : 첨부파일을 통해 이수구분 인정 원칙을 확인하고 수정 가능한 사항에 대해서만 정정 신청
나. 전공필수 졸업요건 예외처리 : 첨부파일을 통해 예외 인정 원칙을 확인하고 인정 가능한 사항에 대해서만 정정 신청
다. 재수강, 중복수강 처리 오류 : 재수강 신청을 하였는데 정상적으로 처리되지 않은 경우 등
라. 동일한 과목의 중복(이중) 인정 오류
1) 주전공에서 인정된 과목이 다전공에서 중복으로 인정되는 경우
2) 전공기초로 인정된 과목이 전공(선택, 필수) 등에 중복으로 인정되는 경우
3) 교양선택으로 인정된 과목이 교양필수 또는 전공, 다전공 등에 중복으로 인정되는 경우 등
마. 다전공 이수 관련 오류
1) 다전공을 이수하고 있는데 졸업사정표에 나오지 않는 경우
2) 다전공을 포기하였는데 졸업사정표에 나오는 경우
3) 다전공 이수학점 오류 등
바. 편입 및 전과 학점인정 결과 오류 : 학과사무실로 먼저 확인한 후 오류 여부 판단
사. 교양선택 이수학점 오류
1) 2006-2008학번 학생 중 교양필수와 교양선택을 입학년도 기준과 같이 이수하였음에도 불구하고 졸업요건 조정으로 인해 교양선택 졸업요건이 Fail로 나오는 경우
2) 2006-2008학번의 입학년도 기준 교양 이수학점 : 교양필수 14학점, 교양선택 21학점(인문대, 법대, 사회대) 또는 15학점(자연대, 경통대, 경영대, 공대, IT대)
아. 이수과목 누락 : 채플, 졸업논문/졸업종합시험 등
6. 관련 문의 : 02-820-0154 (학사지원과 졸업 담당자)
첨부파일 1. 이수구분 및 전공필수 예외처리 기준
2. 졸업사정 오류정정 신청서
3. 공지사항 한글 파일 (출력용)
2010. 9. 8.
교 무 처 장"
statistics,[대] 석.박사과정 논문지도교수 위촉 안내의 일,,2021.11.18,https://stat.ssu.ac.kr/notice_view.html?category=1&idx=184,"2010학년도 2학기 석·박사과정 논문지도교수 구성 및 논문계획서 제출일정을 아래와 같이 안내하니, 논문지도교수 구성시 대학원 학칙 근거에 의거하여 위촉 신청 하시기 바랍니다.
1. 제출대상 : 대학원 석사 및 박사과정 2학기(석․박사 통합과정 5학기) (석사 및 박사과정 2학기 이상 및 석․박사 통합과정 5학기 이상 재학생 중 논문지도교수 미구성자 및 논문계획서
미제출자 포함
)
2. 제출서류
가.
논문지도교수 위촉신청서 및 논문계획서
나.
논문지도교수 학과별 취합양식
3. 제출방법
가. 논문지도교수 위촉신청서 및 논문계획서 :
학과로 제출하면 취합하여 대학원으로 송부
4. 관련학칙
제34조(일반대학원의 논문지도교수 위촉 및 교체)
① 대학원장은 논문지도교수를 다음과 같이 위촉한다.
1. 석사과정 : 학생의 전공분야와 동일한 본교
정년직
전임교원 중 조교수이상 또는 박사학위를 소지한 전임강사
2. 박사 및 석·박사통합 과정 : 학생의 전공분야와 동일한 본교
정년직
전임교원 중 부교수이상 또는 박사
학위를 소지한 조교수
3. 단, 비정년직 전임교원을 위촉할 경우 대학원운영위원회 의결을 거쳐 대학원장이 위촉할 수 있다.
② 논문지도교수가 질병, 유학 등 부득이한 사유로 학생의 지도가 불가능할 때에는 학과주임교수를 경유하여
대학원장의 승인을 얻어 교체할 수 있다.
③ 논문지도교수를 위촉 또는 교체할 때 학생의 전공분야와 동일한 교수가 본교에 없을 경우는 위의 자격을
갖춘 타교의 교수로 할 수 있다.
④ 부득이한 경우, 명예교수 및 퇴직한 교수가 재직시 지도하던 학생에 대하여 계속 지도할 수 있다.
※
논문지도교수 변경신청서 제출 안내
가. 제출대상 : 지도교수가 위촉된 학생 중 논문지도교수를 변경하고자 하는 학생
나. 제출방법 : 논문지도교수 변경신청서를 학과로 제출하고, 학과에서는 제출서류를 취합
다. 제출기한 :
2010년 9월 17일(금) 12:00까지 제출
(전자결재로 변경신청서 제출공문 발송 및 취합된 변경신청서를 스캔하여 첨부)
※ 붙임양식 별도 출력 방법 : http://grad.ssu.ac.kr/ ➡ 양식자료실
➡ 52번(논문계획서 및 지도교수 위촉 신청서)
➡ 15번(지도교수 변경신청서)"
statistics,[대] 수료생 논문 등록,,2021.11.18,https://stat.ssu.ac.kr/notice_view.html?category=1&idx=183,"2010학년도 2학기 수료생 논문 등록 일정을 안내하오니,
수료생중 이번학기 논문제출예정인 경우 아래 일정을 참고하여 반드시 등록하십시오.
1. 등록기간 : 2010. 9. 1(수) ∼ 9. 3(금) 10:00∼16:00
2. 등록장소 : 우리은행 숭실대 출장소
3. 등록대상 : 수료생중 논문등록 자격을 갖춘자로서 2010학년도 2학기 논문제출예정자
4. 등록금액 : 석사 80,000원 박사 120,000원
4. 논문 등록자격
가. 석사
1) 24학점 취득자(중복과목 제외, 선수과목 지정자는 선수과목 이수)
2) 외국어 및 종합시험 합격자(이번학기 응시자도 가능하나 불합격시 논문제출불가)
3) 입학으로 부터 6년이 경과하지 않은자(군복무기간 및 휴학기간 제외)
4) 지도교수 배정 및 논문계획서 승인을 받은자
5) 2학기 이상 논문지도를 받은자(논문작성학기 포함)
6) 영구수료해제자
나. 박사
1) 36학점 취득자(중복과목 제외, 추가학점 취득지정자는 추가학점 이수)
2) 외국어 및 종합시험 합격자(이번학기 응시자도 가능하나 불합격시 논문제출불가)
3) 입학으로 부터 10년이 경과하지 않은자(군복무기간 및 휴학기간 제외)
4) 지도교수 배정 및 논문계획서 승인을 받은자
5) 3학기 이상 논문지도를 받은자(논문 작성학기 포함)
6) 영구수료해제자
5. 유의 사항
가. 첨부된 신청서에 중복수강여부, 취득학점, 외국어시험, 종합시험 합격여부 등의 사항을 작성하여 학과 주임교수와 지도교수의 확인서명/날인을 받아
나. 대학원 교학과를 방문하여 대학원 확인 도장을 받은 후
다. 교내 우리은행 출장소에 등록비 납부.
※ 신청서는 은행을 통해 대학원으로 전달되므로 납부자는 영수증만 수령해야 함.
붙 임 수료생 논문등록 신청서 1부. 끝."
statistics,2010-2학기 개강채플 안내,,2021.11.18,https://stat.ssu.ac.kr/notice_view.html?category=1&idx=182,"2010-2학기 개강채플
* 기 간  :
9월 13일(월) ~ 16일(목)
- 개강채플은 특별히
뮤지컬
""
우연히 행복해지다""
로 이루어집니다.
- 채플좌석은 9월 9일(목)에 배정될 예정이오니
미리 본인 좌석을 확인하시고
채플에
참석하시기 바랍니다."
statistics,2010-2학기 수강신청 과목 취소(Drop) 안내,,2021.11.18,https://stat.ssu.ac.kr/notice_view.html?category=1&idx=181,"2010학년도 2학기 수강신청 과목 취소(Drop) 안내
1. 목적: 수강하고 있는 교과목 중 자신의 수학능력과 과목이해의 적정성을 판단하여 수강과목의 일부를 취소할 수 있는 기회를 제공하여 효율적인 학점관리를 위한 제도임
2. 취소학점 범위: 수강신청 학점 중 6학점 까지
3. 접수기간: 2010. 9. 16(목) ~ 9. 24(금) 오전 10시부터 오후 5시까지
4. 취소방법: 신청 학생이 u-SAINT 온라인을 통해 수강신청 취소함
5. 절차: u-SAINT 로그인 ⇛ “수강신청” 메뉴로 이동 ⇛ “수강신청”에서 원하는 과목을 선택하여 취소
6. 유의사항
가. 수강취소 완료된 과목은 재입력 불가함(취소 시 졸업학점 유의)
나. 채플, 사회봉사과목(섬김의 리더쉽 이론과 실천, 사회봉사실천 1,2,3)은 수강취소 불가함.
다. OCU과목을 수강신청 한 후 접속(사용료)를 납부하지 않은 학생은 수강취소를
반드시 해야 하며, 하지 않을 경우 성적이 F로 기재됨.
※ 매 학기 15학점 미만[단, 4학년(7~8학기까지 해당자) 및 5학년(7학기~10학기까 지 해당자, 건축학부 건축학전공)은 12학점 미만]을 취득한 학생은 다음학기에 성적을 기준하여 선발하는 각종 장학금 및 표창 대상에서 제외됨."
statistics,2010-2학기 C학점 및 D학점 재수강 안내,,2021.11.18,https://stat.ssu.ac.kr/notice_view.html?category=1&idx=180,"2010-2학기
C학점 및 D학점 재수강 안내
가. 신청대상 : 수강신청 기간 및 수강신청 변경 기간 중 C학점 및 D학점 과목을 재수강 신청(C,D학점 재수강 신청)을 하였으나, 수강신청 당시 재수강 알림창 확인이 안되었거나 수강신청 내역에서 재수강 표시가
안되어 있는 학생은 반드시 C,D학점 재수강 신청서를 제출하여야
함.
나. 신청장소 : 본인 소속 학과(부)
다. 신청기간 : 2010. 9. 8(수) ∼ 14(화)
※ F학점을 취득한 과목은 재수강 신청과목이 아님.
첨부: C,D학점 재수강 신청서 1부."
statistics,2010-2학기 수강신청 변경(확인) 기간 안내,,2021.11.18,https://stat.ssu.ac.kr/notice_view.html?category=1&idx=179,"[2010-2학기 수강신청 변경(확인) 기간 안내]
2010-2학기 수강신청 변경(확인) 기간을 아래와 같이 안내합니다.
1. 수강신청 변경(확인) 기간
변경(확인)기간
시     간
인터넷 입력
교내 PC실
이용 입력
2010.9.1(수)-9.7(화)
10:00-17:00
(단, 토, 일요일은 수강신청 변경 불가)
10:00-17:00
(단, 토, 일은 개방하지않음)
2. 장소[이용 가능 PC실습실(교시)]
요일
장소
월
화
수
목
금
10B106호
(벤처관 B106호)
4
5-7
4
4-7
5-7
10209호
(벤처관 209호)
4
없음
4
2-7
없음
11310호
(법학관 310호)
4
없음
없음
2-6
없음
02208호
(경상관 208호)
4,6,7
6,7
4,6,7
2-4,6
6-7
07217호
(백마관 217호)
3,4,6,7
3,4,6,7
3,4,6,7
5
3,4,6,7
3. 수강신청 확인 및 변경 유의사항
가. 수강신청 확인 및 변경기간에는 수강신청 변경 여부와 관계없이 본인의 수강신청 내용을 다시 한 번 최종적으로 조회 및 확인하시기 바랍니다.
나. 폐강과목, 요일 및 교시 변경과목, 강의실 변경 등을 확인한 후 변경에 참고하기 바랍니다.
다. 수강신청 변경 기간 중 교양선택 과목은 여석이 있는 범위 내에서 신청하시기 바랍니다.
라. 수업시간 중복, 수강가능 최대학점 초과 신청자는 위 기간에 반드시 변경하시기 바랍니다.(변경이 없을 시 학사지원과에서 임의 삭제함)
마. 수강신청 확인 및 변경기간에 본인의 최대 신청학점 내에서 신규 과목의 신청, 변경이 모두 가능합니다.
바. 수강신청 확인 및 변경기간 이후에는 어떠한 경우라도 수강과목의 입력, 변경, 삭제를 할 수 없음을 반드시 유의하기 바랍니다.
4. 수강신청 기간  및 수강신청 변경 기간 중 C,D학점 과목이 재수강처리가 안 된 경우 ‘C,D학점 재수강 신청서’를 2010.09.08(수)-9.14(화)까지 본인 소속 학과(부)로 제출하여 주시기 바랍니다.
5. 폐강과목 안내 (폐강과목 공지 확인)
수강신청 인원이 정한 기준에 미달되어 폐강된 강좌를 신청한 학생은 수강신청 변경기간에 조정하시기 바랍니다.
6. 2차 폐강 안내
수강신청 변경기간 종료 후 수강신청 인원이 5명 미만인 강좌에 대해 폐강합니다."
statistics,영어회화2 특별학점 인정을 위한 TOEIC 시험 안내,,2021.11.18,https://stat.ssu.ac.kr/notice_view.html?category=1&idx=178,"영어회화2
특별학점 인정을 위한 TOEIC 시험 안내
2010년도 2학기 교양필수 “신입생 영어회화2” 특별학점취득시험 1차 필기전형인 TOEIC시험을 실시합니다.
1. 시험일시 및 장소 안내
과 목
시험 실시 방법
시험일자
시험장소
비고
영어회화2
1차 필기전형
MINI TOEIC :
(RC 50문항,LC 50문항)
2010. 9. 1(수)
18:00 ~ 19:00
조만식기념관
207호
2010년 3월 이후의 공인 성적표 제출자는 필기
시험 면제
.
2. 준비물 및 유의사항
가. 준비물: 1)필기도구 - 컴퓨터용 펜, 컴퓨터용 연필, 샤프
2)신분증(주민등록증, 운전면허증, 학생증만 허용)
나. TOEIC시험에 지각 또는 결시할 경우, 특별학점인정시험에서 불합격한
것으로 처리됩니다.
다. 듣기시험(LC)가 우선적으로 진행되는 관계로, 시험 시작 후에는 입실이
불가하오니 반드시 본인의 지정 고사실(강의실)에 10분전 입실 요망.
시험 종료 시까지 퇴실 불가.
라.
학점취득특별시험 신청학생은 9월 2일(목) 16:30 이후 본교 홈페이지
및 베어드학부 대학 홈페이지 공지사항에서 1차 필기시험(TOEIC) 결과를
확인. (합격한 학생의 명단만 공지됨)
3. 기타 문의 사항은 베어드학부대학 사무실(820-0785/828-7235,
법학관 207호)로
하시기 바랍니다."
statistics,2010학년도 2학기 1차 폐강과목 안내,,2021.11.18,https://stat.ssu.ac.kr/notice_view.html?category=1&idx=177,"2010학년도 2학기 수강신청 과목 중 폐강 과목을 붙임과 같이 안내합니다.
해당 과목을 수강신청했던 학생들은  수강신청 변경기간(2010.9.1-9.7)에 여석이 있는
범위 내에서 다른 과목을 수강신청하시기 바랍니다.
1. 2010-2학기 폐강과목 : 붙임 파일 참조.
2. 2010-2학기 폐강 기준
가. 1차 폐강(수강신청 기간 이후/ 개강 이전)
교양선택: 30명 미만
전      공: 8명 미만
나. 2차 폐강(수강신청 변경 기간 이후) : 수강인원이 5명 미만인 전공과목."
statistics,채플 6학기 미이수자 확인 안내,,2021.11.18,https://stat.ssu.ac.kr/notice_view.html?category=1&idx=176,"채플 6학기 미이수자 확인 안내
1. 2010-1학기 기준 6학기 이상 교과이수자는
채플 6학기 미이수자 해당 여부
를
본인
소속 학과(부) 에서 확인하고
2. 채플 미이수로 인하여 졸업대상자에서 제외되지 않도록
채플 이수관리
에 유의
하기 바랍니다."
statistics,졸업사정 전 학년 확대 시행 안내,,2021.11.18,https://stat.ssu.ac.kr/notice_view.html?category=1&idx=175,"졸업사정 전 학년 확대 시행 안내
학사지원과에서는 졸업 마지막 학기 학생만을 대상으로 진행해 오던 졸업사정
업무를 전체 학생을 대상으로 확대 시행할 계획입니다.
아래와 같이 결과를 확인하여 교과이수에 참고하시기 바랍니다.
1. 교과이수 및 졸업사정 원칙
가.
입학년도 기준의 이수구분별 이수학점 기준 충족
1) 과목 기준이 아님
2)
복수전공, 부전공, 연계전공의 경우에도 입학년도 기준의 졸업요건 적용
나.
이수구분은 교과목을 실제 이수하는 시점의 이수구분으로 인정
2. 졸업사정 결과 확인 방법
가. u-SAINT 포털-학사관리-성적/졸업-
졸업사정표
또는
이수구분별 성적표
(출력 가능)
나.
졸업사정표
:
주전공, 복수/부/연계전공, 공학인증 졸업사정 결과를
동시에 확인
할 수 있는 프로그램
다.
이수구분별 성적표
: 이수한 과목을 이수구분별로 확인할 수 있는 프로그램
(
교양선택 세부영역 등 확인 가능
)
3. 확인 가능 일자
가.
8월 25일(수)부터
나.
오류 정정 신청기간은 수강신청 변경기간 종료 후부터 2주간 (추후 재공지)
4
. 확인 가능 대상자
가.
2009학번까지, 2010년 9월 1일 기준 재학생
5. 유의사항
가.
2010학번 이후 학생 및 휴학생에 대해서는 향후 진행할 예정입니다.
나.
졸업사정표 상단의 졸업사정 일자를 참고하시기 바랍니다.
졸업사정 결과는 조회하는 시점이 아닌, 학사지원과에서 졸업사정을 최종
실시한 시점 기준입니다.
따라서 졸업사정 실시 이후에 발생한 학생의 소속 변경 및 교과이수내역
변경사항은 다음 업데이트 시까지 반영되지 않습니다.
다.
재수강 이수구분 인정 기준, 전공필수 졸업요건 예외 인정 기준을
확인하시기 바랍니다. (첨부파일)
라.
변경된 수강 내역에 대한 졸업사정 결과를 실시간으로 확인하고자 하는
경우 졸업 simulation 메뉴를 기존과 같이 활용하실 수 있습니다.
*학교 홈페이지의 첨부파일을 확인하시기 바랍니다."
statistics,2010학년도 2학기 등록금 분할납부 안내,,2021.11.18,https://stat.ssu.ac.kr/notice_view.html?category=1&idx=174,"2010학년도 2학기 분할납부방법을 다음과 같이 안내합니다. 2010학년도 2학기부터는 분할납부가 3회로 변경되었으니 내용을 잘 참고하시기 바랍니다.
분할납부 : 등록금 분할납부란, 등록금을 3회에 분할하여 납부하는 등록방법입니다. 1차등록기간에 수업료의 40%와 기타납입금을 납부하고 2차등록기간에 35%, 3차등록기간에 잔액을 납부합니다.
<2010학년도 2학기 분할납부제 변동사항>
분할납부 횟수 연장
기존
변경 후
2회
3회
1. 분할납부 신청방법
① 신청대상
: 학부 재학생
(제외대상자 : 해당학기 신입생·편입생·재입학생, 대학원생, 학점등록신청 학생,
시간제등록학생, 대학원생, 학자금대출신청학생)
② 신청기간
: 2010년 8월 23일(월) 9:00 ~ 9월 2일(목) 16:00 (해당기간 및 시간 이후에는 분할납부를 신청할 수 없으니 유의하시기 바랍니다.)
③ 신청안내
신청방법
U-saint 포털 학사서비스를 이용해 분할납부 신청서 작성 후, 신청서를 출력하여 재무회계과에 제출
절 차
분할납부 신청서 작성(온라인) → 신청서 재무회계과 제출 → 재무회계과 승인 → 완료
고지서출력
재무회계과 승인 후, 익일부터 U-saint포털에서 직접출력
* 온라인 신청 후, 반드시 신청서를 출력하여 재무회계과(베어드홀 218호)에 제출하셔야 합 니다.(신청서를 기한내에 제출하지 않을 경우, 분할납부 신청이 취소됩니다)
- 신청서 제출기한 : 2010년 9월 2일 (목) 16:00 까지
- 반드시 재무회계과를 방문하여 신청서를 제출하여야 하며, 우편이나 FAX로 발송한 신청 서는 접수하지 않음(기발송한 신청서는 반송처리합니다)
2. 납부방법 및 기간
등록가능기간
1차 : 재무회계과에 신청서 제출 후 익일부터 1차 마감일까지
2차, 3차 : 각 차수 납부 기간내
납부장소
우리은행 전국 각 지점 창구 및 각종 온라인뱅킹
① 분할납부 등록방법
② 납부가능시간 : 각 차수별 등록기간 9:30 ~ 16:30
③ 등록기간 및 납부비율
회차
등록기간
납부비율
1차
8월 23일(월) ~ 9월 3일(금)
수업료의 40% 및 기타납입금
2차
10월 4일(월) ~ 10월 7일(목)
수업료의 35%
3차
10월 18일(월) ~ 11월 4일(목)
수업료의 25%
* 회차별 납부금액은 각각의 납부기간 내에만 납부가 가능하며 1차분 미납시 분할납부 자격이 자동 상실되고 2차분 미납시 미납금액은 3차분 납부기간으로 이월이 되지 않습니다.
즉, 2차분 미납시, 2차분 미납금액과 3차분 금액의 합계액을 3차납부기간에 납부할 수 없고 자동 제적처리되며 기 납부금액은 반환되지 않습니다.
* 분할납부의 각 차수별 입금전용계좌가 상이하오니 확인 후 납부 바랍니다.
3. 장학금 수혜대상자 분할납부 안내
① 분할납부를 신청하기 전 장학생으로 선발 된 경우
: 장학금을 제외한 실 납입금액을 각 차수별 납부비율로 나누어 분할납부 신청 가능
② 분할납부 신청 및 1차 분할납부 후 장학생으로 선발 된 경우
: 분할납부 기간 중에 장학생으로 선발되어도 남은 회차의 등록금액은 변경되지 않고
분할납부 완납 후 사후지급으로 처리됩니다.
4. 유의사항
(분할납부제도는 등록금을 일시에 납부하지 못하는 학생들의 편의를 드리는 것이므로
다음사항을 반드시 지켜주셔야 합니다)
① 분할납부 신청 후 분할납부 취소를 원할 경우, 반드시 재무회계과에 내방하신 후 분할납부취소신청서를 작성하셔야 합니다.
② 분할납부 신청마감일(2010.9.2)과 분할납부 1차분 등록마감일(2010.9.3)이 다르므로, 반드시 각각의 마감일자를 지켜서 신청 및 등록하시기 바랍니다.
③ 분할등록금 3차분 완납시까지 제증명서 발급이 불가합니다.
④ 수업일수 1/2선 이후 3차분을 납부 한 경우 휴학을 하여도 등록대체가 되지 않으며 기 납부한 등록금은 이월 및 반환처리 되지 않습니다.
*2010년 2학기 수업일수 1/2선 : 2010년 10월 26일(화)
(당해학기 휴학을 하고자 하는 학생은 3차 분할납부분을 10월 26일 이내에 납부하고
휴학신청을 하여야 등록대체가 됩니다)
⑤ 각 차수 마감일까지 등록금을 납부하지 못했을 경우
- 해당학기가 미 인정됨과 동시에 미등록 제적 처리됨
- 미등록 제적 처리시 기 납부한 등록금은 일체 반환하지 아니함
- 1차,2차 분납이후에 휴학을 할 경우 기 납부한 등록금은 반환되지 않습니다
- 분할납부금 미납으로 인한 미등록 제적생의 경우, 자퇴원을 제출하여도 반환대상 에서 제외됨
- 예비군, 여권발급 등 학생신분의 혜택 후 분할납부 미납으로 인한 제적으로 문제발생 시 본인이 책임을 짐
2010. 8. 3
총 무 처 장"
statistics,1학년 미적분학 강의실 변경 알림,,2021.11.18,https://stat.ssu.ac.kr/notice_view.html?category=1&idx=173,"정보통계.보험수리학과 1학년생 전공기초 과목인 미적분학2의 강의실이 아래와 같이 변경되었습니다.
학생들은 참고하시기 바랍니다.
월 02311
목 02211"
statistics,[수강신청] 2011-1 수강신청관련 인원부족 증원불가 및 대상 제한 반에 관한 안내 (필독),,2021.11.18,https://stat.ssu.ac.kr/notice_view.html?category=1&idx=172,"수강 가능한 인원을 초과하여 신청을 할 수 없는 과목이 생기고 있습니다.
수강 신청 인원 미달에 관련된 내용을 공지하니 학부생들은 아래 내용을 참고하시기 바랍니다.
* 학과 내의 모든 전공과목은 인원수 증원이 없습니다.
정해진 인원 외에는 특별 사유가 없으면 증원을 하지 않습니다. (4학년 2학기로 졸업과 관련된 경우에만 교수님의 허락 하에 처리할 예정.)
강제 수강신청 역시 하지 않으니 학생들은 꼭 정해진 기한 내에 전공 과목의 수강신청을 완료하시기 바랍니다.
인원이 부족하여 수강하지 못한 것에 대해서는 책임지지 않습니다.
* 수강신청 제한반의 수강을 희망하는 학생은 교수님의 허가가 필요합니다.
수강신청 시 재수강 및 다전공자에 의해 해당 학년의 학생들이 필수 과목임에도 불구하고 수강을 할 수 없는 일이 일어나,
학부생들의 불편이 많이 있어 강좌별로 수강 인원이 많은 과목의 경우 분반이 되어있고, 공통반과 학년제한 반으로 구분이 되어있습니다.
재수강, 다전공신청 학생들은 공통반으로 수강을 하시기 바랍니다.
부득이하게 공통반으로 수강신청을 할 수 없는 경우 학생은 개강 후 수업에 참석하여 교수님께 별도로 허락을 받으시기 바랍니다.
교수님의 허가 없이는 제한 반으로의 수강신청이 불가능합니다.
학생들의 빈번한 여석 조정 요청으로 인하여 본 공지를 하오니 위 내용을 참조하고,
여석 조정에 관한 전화 문의는 지양하시기 바랍니다.
** 학과에서는 여석 조정 및 수강 과목 시간 조정에 관한 상담은 하지 않습니다.
*** 제한반 수강신청 처리시 학생의
학점부족, 시간중복
등으로 인해
수강신청을 처리할 수 없는 경우 절대 다시 처리하지 않습니다.
학생들은 수강신청을 위한 준비를 미리 해놓으시길 바랍니다."
statistics,시간제 등록생 알림,,2021.11.18,https://stat.ssu.ac.kr/notice_view.html?category=1&idx=171,"2010-2학기 시간제 등록생의 경우 금일 학과장 면담과 관련하여 알려 드립니다.
면담은 수강 과목에 관한 면담으로 이뤄지며, 면담에 불참하셔도 불이익은 없습니다.
따라서 개인 사정으로 인하여 학과장 면담에 참여할 수 없는 경우 불참하셔도 무관합니다.
다만 아래 주의 사항들을 참고하여 수강에 문제가 없게 하시길 바라며,
미방문 시 수강신청 오류로 인한 결과는 학과에서는 절대 책임지지 않습니다
.
*주의사항*
1) 대부분의 수강 예정 과목은 '공통-재수강' 혹은 '시간제' 반이 따로 개설될 예정입니다.
따라서 위 2개 표시가 되어 있는 반으로 수강신청 하십시오.
2) '공통-재수강' 혹은 '시간제' 표기가 없는 반을 수강했을 때,
실제 수강대상 학년의 수강신청자가 많은 경우 시간제 등록생은 자동 취소 될 수 있습니다.
(절대 책임지지 않음)
3) '공통-재수강' 혹은 '시간제' 표기가 없는 과목에 대해서는 해당 과목 개설 학과에 문의하시기 바랍니다.
(방문 시 학과에서 확인 해드립니다.)
4) 시간제 등록생 면담 시간은 오후 2시 부터 3시입니다.
*시간제 등록생 일정*
내용
일정
비고
수강신청
8월 16~ 17일 (월, 화)
학년과는 무관하게
모든 과목 수강신청 가능
등록
8월 19일 목요일
*본 학과에서는 업무에 지장이 있어 시간제 등록생의 수강 과목과 관련하여 전화 상담은 하지 않습니다.
상담이 필요한 경우는 방문하여 문의해 주시기 바랍니다."
statistics,수강신청책자 배포,,2021.11.18,https://stat.ssu.ac.kr/notice_view.html?category=1&idx=170,"현재 학과사무실에서 수강신청 책을 배포하고 있습니다.
학생들은 수령하시기 바랍니다. (선착순 160명)
*일부 과목들은 시간표가 상이할 수 있습니다.
인터넷 상의 시간표가 맞게 되어있는 것이므로, 반드시 인터넷 상의 시간표를 확인하기 바랍니다."
statistics,"선가드社, 14억 상당 소프트웨어 기증",,2021.11.18,https://stat.ssu.ac.kr/notice_view.html?category=1&idx=169,"<▲ 사진설명 / 보험계리 전문 소프트웨어 Prophet 시스템 무상제공 협약서에 서명하고 있는 본교 김대근 총장(좌)과 박재석 선가드 한국지사 대표(우).>
선가드社, 본교에 보험계리 소프트웨어 'Prophet' 무상제공
김대근 총장 ""시스템활용 및 교육 통해 보험계리분야 경쟁우위 확보 기대""
다국적 금융 소프트웨어 및 IT 서비스 회사인 선가드(Sungard, 대표 Cristóbal Conde)社가 본교에 시가 14억여 원에 이르는 보험계리 전문소프트웨어인 'Prophet' 시스템을 무상으로 제공하기로 했다.
이와 관련해 선가드사 한국지사 박재석 대표는 7월 26일 오전 11시 30분 본교 총장실을 방문해 김대근 총장을 만나 환담하고 보험계리 전문소프트웨어인 Prophet시스템의 무상제공 협약서에 서명했다. 또한 박 대표는 오는 2학기부터 2년 간 본교 정보통계·보험수리학과 겸임교수로 재직하며 학생들에게 Prophet시스템과 관련한 교육을 직접 실시키로 했다.
Prophet시스템은 선가드사가 증권사와 은행, 보험회사 등 금용관련 회사를 중심으로 제공하는 소프트웨어 중 보험계리분야의 핵심시스템으로 세계적으로 650개사가 이 시스템을 사용하고 있다. 국내에서도 14개 보험사와 5개의 글로벌 컨설팅 회사가 이 시스템을 사용하고 있으며, 향후 더 확대 될 것으로 예상되고 있지만 관련 전문가가 부족한 상황이다. 이에 이창수 교수를 중심으로 정보통계·보험수리학과 교수진은 타 대학과 차별화된 경쟁력 확보의 전략으로 이번 협정을 추진하게 됐다.
이 자리에서 김대근 총장은 인사말을 통해 “세계적인 금융소프트웨어 회사인 선가드사의 배려와 도움에 깊이 감사드린다”며 “국내 대학 중에 처음으로 교육과정에 Prophet시스템을 활용할 수 있게 됨으로써 본교가 보험계리분야의 경쟁우위를 확보하게 될 것으로 기대한다”며 감사의 메시지를 전했다.
이어 “선가드사의 기대에 부응하도록 보험계리분야에서 더욱 경쟁력 있는 인재를 육성하고 국내 뿐 아니라 세계적으로 금융분야를 선도할 수 있는 대학으로 성장하도록 최선을 다하겠다”고 전했다.
이에 박재석 대표는 “향후 국내 타 대학에 보험계리 시스템에 대한 지원과 교육을 추가적으로 제공하는 것은 어려울 것 같다”며 “숭실대에 이와 같은 지원을 결정하게 된 것은 지리적으로 여의도와 근접해 있을 뿐 아니라 여러분의 보험계리분야 전문 교수님들께서 학생들을 체계적으로 교육하고 계시기에 결정하게 됐고, 그만큼 기대도 크다”고 전했다.
이어 “숭실대에 단순히 소프트웨어만 제공하는 것이 아니라 계리 분야의 교육을 통해 학생들에게 지식을 전수함으로 이론과 실무에 능한 인재를 양성하겠다”라며 “숭실대의 인력양성에 집중하고 이곳에서 인재들을 많이 발굴해서 채용할 계획”이라고 밝혔다.
선가드社는 1982년 '선코'라는 오일회사로 시작됐으며, 현재는 증권과 은행, 보험 분야에 소프트웨어를 제공하는 회사로 금융소프트웨어 회사로는 세계에서 가장 큰 규모와 점유율을 가지고 있다. 선가드社는 현재 70여 개국 2만5천여 회사에 소프트웨어를 제공하고 있으며, 증권과 은행 등 일반 금융과 보험분야를 제외한 계리분야에서만 68개국 650개 사에 소프트웨어를 제공하고 있다. 또 지난 2월 한국지사를 열어 국내 금융소프트웨어 전문가들을 채용하고 관련분야의 사업 영역을 확장해 나갈 계획이다. 홍보팀(
pr@ssu.ac.kr
)
<▲ 사진설명 / 왼쪽부터 정보통계˙보험수리학과 김성철 교수, 김대근 총장, 박재석 선가드 한국지사 대표, 이창수 교수>
국내大 최초로 세계1위 기업의 14억 상당 소프트웨어 제공받아"
statistics,특별장학금 마감일 안내,,2021.11.18,https://stat.ssu.ac.kr/notice_view.html?category=1&idx=168,"특별장학금 신청은 7월16일 오후12시까지만 접수합니다.
수월한 선발 과정을 위해 꼭 정해진 기한내에 신청해주시기 바랍니다."
statistics,2010년 2학기 정보통계보험수리학과 특별장학금 프로그램,,2021.11.18,https://stat.ssu.ac.kr/notice_view.html?category=1&idx=167,"2010년 2학기 정보통계보험수리학과 특별장학금 프로그램에 관하여 아래와 같이 공고합니다.
해당 자격의 학생들은 학과사무실에서 신청하기 바랍니다. (해당 자격에 대한 증명서 혹은 증빙서류 제출)
1. 장학금 인원 및 금액: 6명*100만원
2. 신청자격: 학교의 특별장학금 신청자격을 갖춘 학생 중에서
1) 학과 학생활동봉사자 (학생회장, 학년대표 등)
2) 어학(영어, 중국어, 일본어) 공인시험 성적우수자
3)전공,  IT 관련 대회 및 공모전 입상자
3. 선발방법: 학과교수회의에서 결정함.
*신청 기간: 7월 6일 (화) ~ 7월 16일 (금)
*기본 자격*
가. 정규학기 재학생 (학기초과 및 학점등록 불가)
나. 직전학기 15학점 (최종 직전학기 12학점) 이상 이수
다. 직전학기 평점평균 1.5 이상 (학사경고 불가)
라. 장학금 이중수혜 허용 (등록금 범위 안에서 부분 허용)
마. 학과(부)별 장학생 자격기준 적용* 상위 신청기준 참조"
statistics,[대] 2010학년도 후기 대학원 수시모집 외국인 정원,,2021.11.18,https://stat.ssu.ac.kr/notice_view.html?category=1&idx=166,"2010학년도 후기 대학원 수시모집 외국인 정원외 입학전형을 아래와 같이 안내하니 외국인 지원자들이 많이 지원할 수 있도록 학과 홈페이지 및 게시판에 홍보하여 주시기 바랍니다.
1. 전형방법 : 서류심사 및 구술평가시험
2. 전형대상 : 국내․외 거주 외국인
(정원외 특별전형)
※ 외국인유학생은 편입학 모집 없음.
구 분
입 시 일 정
비 고
모 집 공 고
2010년 6월 14일(월)∼29일(화)
대학원 홈페이지 공고
원 서 접 수
2010년 6월 28일(월)∼29일(화) (2일간)
오프라인 접수
면접장소 및
평가자 입력
2010년 6월 28일(월)∼7월 8일(목) 24시까지
입시시스템(TIS)
- 학과 주임교수 입력
학과서류송부
2010년 7월 12일(월) 오전 11시(예정)
대학원교학과 배부
전 형 일 시
2010년 7월 15일(목) 10시부터
국내거주 : 방문면접
국외거주 : 전화면접
합격자 발표
2010년 7월 23일(금) (예정)
대학원 홈페이지
합격자 등록
2010년 7월 27일(화)∼28일(수) 9∼16시까지
우리은행 전국지점
3. 입시일정
4. 기타사항
가. 입학원서 : 홈페이지 무료다운로드(국문/영문)
나. 전형료 : 외국인유학생은 전형료 없음. 끝."
statistics,"통계학, 실험계획 성적관련 안내",,2021.11.18,https://stat.ssu.ac.kr/notice_view.html?category=1&idx=165,"1학년 통계학 과목과 3학년 실험계획법 성적이 공고되었습니다. (U-SAINT에서도 확인 가능)
본인 성적에 관한 문의가 있거나 재시험을 봐야하는 학생들은 아래 날짜, 장소를 참고하시기 바랍니다.
*성적확인 및 재시험 안내*
일시: 6월 25일 (금요일) 오후 1시~ 3시
장소: 베어드홀 517호
이후로는 성적에 관한 문의는 일절 금지합니다.
꼭 날짜와 시간, 장소를 준수하기 바랍니다."
statistics,[대] 2010학년도 1학기 여름방학 개설 외국어시험(영어) 대체강좌 예비수강신청 접수기간 연장 안내,,2021.11.18,https://stat.ssu.ac.kr/notice_view.html?category=1&idx=164,"대학원 석ㆍ박사과정 외국어시험 대체강좌 예비수강신청
접수기간 연장 안내
2010학년도 1학기 여름방학 기간중 대학원 석ㆍ박사과정
외국어 대체강좌 개설을 위한 예비수강신청 접수기간을 다음과 같이 연장하였음을 안내합니다."
statistics,혁신형 중소기업 현장연수,,2021.11.18,https://stat.ssu.ac.kr/notice_view.html?category=1&idx=163,"산학협력단 벤처중소기업센터에서는 이공계 대학생을 대상으로 중소기업청 지원 “혁신형 중소기업 연수”를 실시하여 진로와 경력개발에 도움이 되고자 하니, 학생들에게 홍보가 될 수 있도록 협조바랍니다.
1. 사업명 : 혁신형 중소기업 현장연수
2. 대상 : 자연과학대학, 공과대학, IT대학 대학생
3. 연수기간 : 2010. 7. 1(목) ~ 8. 20(금) 기간 중 4주간
4. 연수방법 : 연수업체에서 사내지도위원(Mentor)을 지정하여 연수기간 동안
중소기업을 이해할 수 있도록 대학생을 지도
5. 연수생 지원 내용 (4주 연수 기준)
가. 기본 연수비 : 연수생 1인당 40만원 지원
나. 학점인정 : 일반선택 2학점
6. 현장연수 기업 : 첨부의 현장연수기업 LIST를 참조
7. 연수 신청
가. 신청 방법 : 첨부의 신청서 및 서약서를 작성하여
이메일(
changup@ssu.ac.kr
) 및 방문(우편송부 가능) 제출
나. 신청 기한 : 2010. 6. 21(월) 13:00까지
다. 접수처 : 벤처중소기업센터(벤처관109호)"
statistics,2010-1학기 TOEIC800(교필) 성적전환 신청안내,,2021.11.18,https://stat.ssu.ac.kr/notice_view.html?category=1&idx=162,"2010-1학기 TOEIC800(교필) 성적전환 신청안내
1)대상자: 2007년도부터 2009년도까지 교양필수 TOEIC800(교필) 교과목을 이수한 학생중
7,8학기에 해당하는  학생
(학점등록자, 논문,채플 미이수자 등포함)
2)신청기간 :
2010. 06. 14(월)~ 2010. 06. 21(월)(주말제외)
10:00~ 17:30
3)신청장소: 형남공학관 2층 학사지원과 수업계(820-0026)
4)절차
-교양필수 TOEIC800 교과목 이수(2007-1학기 이수부터 인정) 이후 취득한 공인성적표(TOEIC,TOEFL,TEPS) 원본과 사본을 지참하여 수업계에서 성적전환을 위한 강좌로 수강 신청(취득기준일자:1학기 이수자-1학기 종료일인8월 31일 이후/ 2학기 이수자-2학기 종료일인 익년 2월 28일 이후)
-
공인성적표는 사본(반드시 원본지참)을 제출하여야
하며, 제출한 공인성적표의 성적이 TOEIC800 교과목 성적평가 기준표에 의해 산정된 점수로 성적 전환됨.
5)기타사항
-
F를 제외한
전 학점에서 성적전환 가능
-성적전환 수강신청학점은 해당학기 최대 수강신청학점에 포함하지 않음.
-
단 1회만 가능함
.(예; 만일 7학기에 성적전환을 하였다면 그이후에 더 좋은성적이 나왔더라도 8학기때 다시 신청할 수 없음.)"
statistics,졸업예정자 졸업사정 결과 확인 안내,,2021.11.18,https://stat.ssu.ac.kr/notice_view.html?category=1&idx=161,"2010년 8월 졸업예정자는 졸업사정 결과를 재확인하여
주시고,
이상이 있는 경우
6월 11일(금)까지 학사지원과
(02-820-0154)로
확인 요청
하여 주시기 바랍니다.
1. 대상자 : 2010년 8월 졸업예정자
2. 반영 내용
가. 2010년 여름계절제 수강신청내역 반영
나. 공학인증 졸업사정 결과 반영
3. 확인 방법 : u-SAINT 접속 →  학사관리 →  성적/졸업 →
졸업사정표(졸업예정자)
4. 유의사항
가. 졸업논문/졸업종합시험 성적은 7월 초 반영 예정
나. 공학인증을 포기하고자 하는 학생은 6월 11일(금)까지
공학교육혁신센터로 문의
(공학교육혁신센터 : 형남공학관 3층, 02-820-7140)"
statistics,2010년도 예비군훈련 안내,,2021.11.18,https://stat.ssu.ac.kr/notice_view.html?category=1&idx=160,"2010-1학기 예비군 기본교육  안내
1. 훈련 일정 :
일시
대상
비고
6월21일(월)
일반 및 특수대학원, 자연대, 사회대
6월22일(화)
IT대학(글로벌미디어학부제외)
6월23일(수)
경제통상대, 경영대, 법대
6월24일(목)
공대 전기공학부, 유기신소재파이버공학과
인문대(생활체육학과제외), 글로벌미디어학부
6월25일(금)
공대전체(전기공학부, 유기신소재 제외), 생활체육학과
2. 훈련장소 : 경기도 안양시 만안구 박달동 212연대 (관동교장)
3. 집합시간 : 07시 10분,   차량 출발시간 : 07시 20분
4. 집합장소 :
가. 학교 출발 : 학교(베어드홀 앞)에 집합 후 훈련장으로 버스 이동
나. 개별 출발 : 개별 출발자는 08:50까지 훈련장 도착
5. 유의사항
가. 복  장 : 예비군복, 전투모, 전투화, 요대, 고무링 착용.
나. 신분증(주민등록증 또는 운전면허증 또는 학생증) 반드시 지참
※ 복장 불량 및 신분증 미 지참시 귀가조치
다. 차량 및 점심식사는 학교에서 지원함.
라. 휴대폰번호 변경자는 예비군 연대본부로 신고요망
* 미 신고시 훈련관련내용 메시지 수신불가 *
6. 문의 : 베어드홀 310호  예비군연대본부  Tel. 820-0180"
statistics,2010 여름계절학기 금전등록 및 분반예정 과목안내,,2021.11.18,https://stat.ssu.ac.kr/notice_view.html?category=1&idx=159,"2010 여름계절학기 금전등록 및 분반예정 과목안내
1. 수업기간 : 2010.6.22(화)~2010.7.12(월), 15일간 (토,공휴일 제외)
2. 수업시간 : 교시당 50분
3. 계절학기금전등록:2010년 6월7일(월)-6월11일(금)09:00-16:00
1> 시간을 꼭 지켜야 하며 6월11일(금) 16:00시 이후에는 금전등록이 절대 불가합니다.
2> 입금계좌확인:U-saint로그인>등록/장학>등록>등록금고지서출력
3> 계좌확인은 6월7일(월) 9시부터 가능합니다.
4>  이 입금계좌는 학생 1인당 1계좌가 부여되며 학생이 U-saint 로그인을 해야만
계좌번호를 확인할 수 있으며 학사지원과에서는 학생 개개인의 계좌번호를
알 수 없습니다.
5> 입금자명과 상관없이 입금 금액만 맞으면 입금처리가 됩니다.
6> 수강료 : 시간당 70,000원
1시간1학점
70,000원
2시간2학점
140,000원
3시간2학점
210,000원
3시간3학점
210,000원
4시간3학점
280,000원
5.  개설과목 확정 및 강의실안내
개설과목 확정 및 강의실은  6월 16일 수요일에 학교공지사항 및 Usaint 공지사항에 공지되며 U-saint  수강신청내역에서 분반, 강의실, 강사명을 확인하실 수 있습니다.
6.  분반예정과목안내
금전등록결과에  따라 분반될 수 있는 과목을 알려드립니다.
기초공학수학1, 기초공학수학2, MOS 마스터과정, 기초한문,   그리스로마신화, CNN영어청취입문, 물리1및실험, 물리2및실험, 생활과학, 미국의이해, 화학1및실험, 읽기와쓰기, 영어회화1, 영어회화2, 회계원리, 프로그래밍실습, 현대인과성서, 선형대수(컴퓨터제외), 대중매체와현대사회, 영상예술의이해, 컴퓨터활용1, 컴퓨터활용2 외.
7.  환불관련 안내는 6월16일 공지됩니다.
8.  문의: 학사지원과 (02-820-0146)"
statistics,2010-2학기 휴학·복학 신청 안내,,2021.11.18,https://stat.ssu.ac.kr/notice_view.html?category=1&idx=158,"2010-2학기 휴학·복학 신청 안내
※ 이번학기부터 유급 등 일부를 제외한
모든 휴학, 복학 신청은 인터넷 u-SAINT
포털에서 가능
하며,
행정정보 공동이용 서비스가 개시되어 전역예정증명서 등
별도 서류 제출이 필요없습니다.
①
복학 신청
- 일반복학 및 군복학 (유급복학 제외)
1. 신청기간 :
2010. 8. 2(월) 10:00 ~ 8. 12(목) 17:00
2. 신청방법 :
u-SAINT 포털 / 학사관리 / 학적변동 / 복학신청
3. 유의사항
가.
개강 이후
~수업일 1/3이전
전역자의 경우
, 신청화면에서
행정정보
공동이용
에 대해
동의해야 하며, 사후 복학불가기간 전역 시 복학 및
수강신청 취소에
동의해야 함
나.
유급복학
희망자는 신청기간 중 학사지원과
방문 신청바람
②
휴학 신청
- 개강 전
미등록
일반휴학 및
미등록
군휴학
1. 신청기간 :
2010. 8. 2(월) 10:00 ~ 8. 31(화) 17:00
(기간 이후 신청 불가)
2. 신청방법 :
u-SAINT 포털 / 학사관리 / 학적변동 / 휴학신청 -
일반/군휴학 선택
3. 유의사항
가. 군휴학의 경우 입대일이
수업일수 1/2-10.26(화)
이전일 경우만 신청 가능
나. 복학후
등록 재휴학
은
복학신청 다음날부터 신청 가능
다. 재학중
등록휴학
은 등록기간(8.23~8.27) 중
등록금 납부 다음날부터 가능
③
휴학 신청
- 개강 후
등록
일반휴학
1. 신청기간 :
2010. 9. 1(수) 00:00 ~ 10. 26(화) 17:00
2. 신청방법 :
u-SAINT 포털 / 학사관리 / 학적변동 / 휴학신청 -
일반휴학 선택
3. 유의사항 :
신청 기간 이후에는 일반휴학 신청 불가
④
휴학 신청
- 개강 후
등록
군휴학
및 일반휴학 후
군휴학
1. 신청기간 :
입대 1주일 ~ 1일전
(2010.9월 ~ 2011.1월말까지)
2. 신청방법 :
u-SAINT 포털 / 학사관리 / 학적변동 / 휴학신청 -
군휴학 선택
3. 유의사항 :
2010.10.26(화) 이후
재학 중 군휴학 신청 시 등록소멸/성적인정 함
⑤
일반휴학(등록휴학) 후 재휴학 :
② 휴학 신청 유의사항 나. 항 참조
※ 미등록 휴학은 연속 신청 불가함(미등록 휴학 연장 제외)
⑥
미등록 휴학 연장
1. 관련규정 (학칙 제27조 3항의 3)
학칙 제27조(휴학)
③ 휴학은 계속하여 2학기(1년)를 초과할 수 없다. 다만, 다음 각 호는 예외로 한다.
3. 학사과정의 경우 기타 총장이 필요하다고 인정하면
통산 1회
에 한하여
등록금 납부
및 복학 절차를
거치지 않고
재휴학을 할 수 있다.
2. 규정취지 :
미등록 휴학기간 만료 후,
등록금
납부가
곤란함
으로 인해 복학이
불가하여
제적
되는 학생을
구제
하기 위함(
기회는 1회뿐
이므로 신중하게 신청바람)
3. 신청기간 :
2010. 8. 2(월) 10:00 ~ 8. 31(화) 17:00
4. 신청방법 :
u-SAINT 포털 / 학사관리 / 학적변동 / 휴학신청 -
휴학 연장 선택
5. 유의사항 (군휴학 중 신청자에 한함)
가. 신청화면에서 전역일자 조회를 위한 행정정보공동이용에 동의해야 함
나. 최종복학예정학기에만 신청가능(군휴학기간이 남았으면 제대직후 신청 불가)
※ 공통유의사항
1.
일반 휴학은 1회에 2학기를 원칙으로 하며, 휴학기간 만료 후 복학하지 않으면
휴학기간초과로 제적될 수 있으므로 유의하시기 바랍니다.
(일반휴학가능회수 : 최대 5회(편입생 2회), 조기복학/휴학연장도 1회 차감)
2.
복학예정학기(이수 다음 학기) 이전 조기복학은 2학년 이상 학생만 가능하며,
학년 및 이수학기가 달라지므로 본인 해당학과 상담 후 신중히 신청바랍니다.
※ 휴/복학 문의
1. 전화 : 학사지원과 (02-820-0152)
2. u-SAINT 포털 - 게시판 - Q&A - 휴학/복학 코너"
statistics,2010-1학기 2차 강의만족도조사 실시 안내,,2021.11.18,https://stat.ssu.ac.kr/notice_view.html?category=1&idx=157,"강의평가에 재학생 여러분의 적극적인 참여를 부탁드립니다!
2010학년도 제1학기 2차 강의만족도조사(강의평가)를 실시합니다. 학생여러분께서는 현재 수강중인 수업에 여러분의 의견이 반영되어 더욱 알찬 수업이 될 수 있도록 평가에 참여하여 여러분의 소중한 의견을 개진해주시기 바랍니다.
1. 조사기간 :
2010년 6월 1일(화) 09:00 ~ 6월 14일(월) 24:00
/ 14일간
2. 대상과목 :
2010년 제1학기 학부생을 대상으로 개설된 모든 정규강좌
3. 조사 제외 과목
가. 대학원 교환과목
나. 교환학생 과목
다. 봉사활동 과목
라. 직장체험 과목
마. 채플
바. ROTC 과목
사. 외부 이러닝 컨소시엄 과목
아. 팀티칭 과목으로서 개설 학과(부)장의 요청과 소속 대학장의 요청이 있는 경우
(단, ‘TOEIC L & R’ 과목은 R/C와 L/C를 분리하여 각각 조사)
4. 강의만족도조사 참여 방법(학생)
U-SAINT → 학사관리 → 수강신청/수업 → 강의만족도조사
가. 우리대학 홈페이지의 'u-saint 포탈' 로그인 후 본인이 수강신청 한 강좌 평가
나. ‘일반강의’, ‘원어와 영어강의’, ‘사이버강의’, ‘사이버원어강의’, ‘실험실습 과목’으로 구분하여 평가
5.
유의사항
• 강의만족도 조사 제도의 실효성과 결과의 신뢰성을 확보하기 위해서는 과목별로 모든 수강생이 반드시 참여해야 합니다.
• 강의만족도 조사에
참여하지 않으면 해당 과목의 성적조회에 제한
을 받습니다.
※ 강의평가 결과 내용은 학번, 이름. 평가순서 등과 관계없이 무작위로 배열되어 출력되기 때문에 어떠한 경우도 응답자의 신분이 노출되지 않습니다."
statistics,[대] 대학원 석ㆍ박사과정 외국어시험 대체강좌 예비수강신청 공고,,2021.11.18,https://stat.ssu.ac.kr/notice_view.html?category=1&idx=156,"대학원 석ㆍ박사과정 외국어시험 대체강좌
예비수강신청 공고
2010학년도 1학기 여름방학 기간중 대학원 석ㆍ박사과정
외국어 대체강좌 개설을 위한
예비 수강신청을 다음과 같이 공고합니다.
1. 예비수강신청
가. 기간 : 2010.06.10(목) ~ 06.11(금) 2일간, 09:00~17:00
나. 장소 : 대학원 교학과(웨스트민스터홀 658호)
2. 예비수강신청 결과, 주ㆍ야간 강좌별
수강인원
15명
이상일 경우에 개설됨
을 원칙으로 함.
3. 신청자격
가. 석사 : 4학기 이상 등록을 필한자
나. 박사 : 수료후 1년이상 경과한 자
4. 대체강좌 개설
가. 과목 : 영어
나. 기간 : 2010.06.22(화)~2010.07.13(화) 매주 월~금 총48시간
다. 시간 : ① 오전강좌 09:00~12:00
② 야간강좌 18:30~21:30
라. 강의실 : 웨스트민스터홀 661호(예정)
마. 수강료 납부(강좌개설 확정시 예비수강신청자에 한함)
① 기간 : 2010.06.15(화)~06.16(수) 2일간 예정
② 장소 : 숭실대학교 우리은행 출장소(베어드홀 1층)
③ 수강료 : 220,000원"
statistics,의생명시스템학부 행정조교 채용 공고,,2021.11.18,https://stat.ssu.ac.kr/notice_view.html?category=1&idx=155,"1. 모집사항
가. 모집분야 : 행정조교
나. 모집인원 : 1명
다. 근무부서 : 숭실대학교 의생명시스템학부
라. 근무조건 : 주5일근무(평일 09:00~ 17:30 / 방학중 10:00~ 15:00 ), 급여(학교 근로조건에 따름)
2. 응시자격
가. 4년제 대학교 졸업자 이상 (졸업예정자 불가)
나. 컴퓨터활용 능력 보유자
3. 제출서류
가. 이력서 1부
나. 자기소개서 1부 (자유양식)
4. 제출기한 : 2010. 6. 9 (수)~  6. 11 (금) 오후 1시
5. 제출방법 : 이메일 접수
bioinfo@ssu.ac.kr
6. 전형방법 : 서류전형, 면접
7. 면접전형일 : 개별연락
8. 기타사항
가. 제출된 서류는 반환하지 않으며, 서류전형 합격자에 한하여 개별 통지
나. 이력서에 연락처 및 이메일주소 반드시 기재
다. 자세한 사항은 숭실대학교 의생명시스템학부로 문의 (☎02-820-0450)
------------------------------------------------------------
숭실대학교 의생명시스템학부
156-743 서울특별시 동작구 상도5동 1-1 벤처중소기업센터713호
TEL:02-820-0450  FAX:02-820-0816"
statistics,수리통계 기말고사 일정 안내,,2021.11.18,https://stat.ssu.ac.kr/notice_view.html?category=1&idx=154,"날짜: 6월 16일 수요일
시간: 저녁 7시 45분
장소:
형남공학관115호"
statistics,2010 여름 계절제수업 예비개설과목 및 수강신청 유의사항 안내,,2021.11.18,https://stat.ssu.ac.kr/notice_view.html?category=1&idx=153,"2010 여름 계절제수업 예비개설과목 및 수강신청 유의사항 안내
* 기간을 반드시 지켜야 하고 기간이 지나면 처리 불가함을 유의 하시기 바랍니다.
1. 주요일정
구분
기간
비고
수업기간
2010. 6. 22(화) ~ 2010. 7. 12(월)
15일간,
토, 공휴일 제외
본 수강신청
2010. 5. 24(월) 10:00
~ 5. 28(금) 17:00
u-SAINT
금전등록
2010. 6. 7(월) ~ 6. 11(금)
09:00~16:00
우리은행 전국지점
입금전용계좌 입금
개설확정과목 및
폐강과목 수강료
환불공지
2010. 6. 16(수) 예정
학교홈페이지
“공지사항” 참조
2. 수강신청 가능 학점: 최대 6학점이내
3. 수강신청 방법 및 금전등록 절차
가. 예비수강신청 및 본 수강신청
인터넷 학교 홈페이지 u-SAINT 포털 로그인→ 학사관리 → 수강신청 → 수강신청
나. 금전등록
u-SAINT 로그인 → 등록/장학 → 등록금고지서출력 → 입금전용계좌 송금 또는 우리은행 전국지점 방문납부. (09:00~16:00)
4. 수강료 : 시간당 70,000원 (수강신청 후 고지서 출력에서 전용계좌 확인)
 계좌확인은 6월7일(월) 9:00부터 내역 확인 가능합니다.
1시간1학점
70,000원
2시간2학점
140,000원
3시간2학점
210,000원
3시간3학점
210,000원
4시간3학점
280,000원
5. 수강신청 유의사항
가. 교과목 개설 주관 학과(부)에 의해 계절학기 개설과목으로 적합하지 않다고 판단되는 교과 목은 개설하지 않음
나. 휴학자, 휴학예정자(계절학기 수업 기간 중), 복학예정자, 9학기이상 학점등록자 (9학점이 하), 시간제 등록생은 수강 신청할 수 없음
다. 현재학기 수강중인 과목은 계절학기에 수강신청 할 수 없음
라. 교과과정의 변동으로 폐지된 과목은 계절학기 수업 기간에 개설할 수 없음
마. C,D 재수강은 수강신청 시 전산 상에서 동일과목임을 인식할 때 자동으로 재수강 신청됨. (수강신청내역 ‘비고’필드에 ‘재수강’으로 표시되는지를 확인하여, 이상이 없으면 별도로 재 수강신청서를 제출할 필요가 없음.) 단, 시스템에서 재수강 대상과목으로 인식하지 못하는 과목에 대해서는 재수강 가능여부를 학과사무실에 문의하여 확인한 뒤, 재수강신청서를 학 사지원과로 제출해야 함
바. C,D학점 받았던 컴퓨터활용1,2 과목을 재수강시 컴퓨터활용1은 엑셀자격증을, 컴퓨터활용 2는 파워포인트 자격증을 취득하여야 하고 미취득시 당초 이수했던 학점이 삭제됨
사. 수강신청기간과 금전등록기간이 다르므로 두 과목 신청 후 금전 등록 기간 중에 한과목만 취소하는 것이 불가능함. 이 경우 두 과목 해당금액을 모두 입금한 후 나중에 환불 신청 해야 하므로 본 수강신청시 꼭 수강할 과목으로만 신청해야함
6. 계절학기 수강료 환불기준
가. 당해학기 수업개시 전일까지 반환사유가 발생한 경우에 이미 납부한 수강료 전액을 반환한다.
나. 당해학기 수업개시일 이후에 반환사유가 발생한 경우에는 다음의 구분에 의하여 이를 반환한다.
반환사유발생일
반환금액
수업개시일～수업개시후 5일 경과 전
수강료의 3분의 2 해당액
수업개시후 5일이 경과한 날부터 7일 경과 전
수강료의 2분의 1 해당액
수업개시후 7일 경과 후
반환하지 아니함"
statistics,2010-1학기 사회봉사실천 활동보고서 제출안내,,2021.11.18,https://stat.ssu.ac.kr/notice_view.html?category=1&idx=152,"2010-1학기 사회봉사실천 활동보고서 제출안내
2010학년도 1학기「사회봉사실천1ㆍ2ㆍ3」수강학생은 다음과 같이 활동보고서를 제출하시기 바랍니다.
1. 교과목명 : 「사회봉사실천1ㆍ사회봉사실천2ㆍ사회봉사실천3」 (교양선택)
2. 제출서류 : 사회봉사활동 보고서
☞
[양식 다운받기]
※ 봉사활동 소감부분
기본설정(글꼴, 글자크기, 간격, 장평, 자간 등) 변경 없이 15줄 이상 작성
※ 가을학기 활동기간 :
2010년 3월 8일(월) ~ 2010년 6월 6일(일)
(
기간 이내의 활동만 학점인정 시간에 포함됨
. 전후의 시간은 순수자원봉사로만 인정됨)
※ 최소활동 시간 :
32시간
(
1일 최대 6시간
까지 인정, 초과시간은 순수자원봉사로만 인정됨)
3. 제출일자 :
2010년 6월 9일 (수) 17시 까지
4. 제출장소 : 봉사지원센터 (조만식기념관 116호)
※ 봉사활동 내역 및 평가는 기관에서 봉사지원센터로 「사회봉사활동 출석 및 평가확인서」원본을 우편 발송하도록 되어있으며, 만약 학생이 성적평가서를 기관에서 수령해올 경우 반드시 밀봉된 상태로 제출해야 합니다."
statistics,서울여자대학교 2010학년도 여름계절학기 학점교류 안내,,2021.11.18,https://stat.ssu.ac.kr/notice_view.html?category=1&idx=151,"서울여자대학교 2010학년도 여름계절학기 학점교류 수강신청을
안내하오니 관심있는 학생의 많은 참여 바랍니다.
1. 관련근거: 학칙 제48조(학점의 인정), 국내 대학 교환학생 학점교류 내규
2. 교류대학: 서울여자대학교
3. 신청학기: 2010학년도 여름계절학기(2010. 6. 24 ~ 7. 15)
4. 신청자격
가. 본교에 재학 중인 학부생으로서 3학기부터 7학기까지 해당하는 학생
나. 지원하기 직전 학기까지의 학업성적이 총 평점평균 3.0 이상인 학생
다. 학칙에 의거 징계 받은 사실이 없는 학생
5. 국내 대학에서 취득 가능한 총 학점: 본교 졸업학점의 1/3 이내
6. 신청학점 : 6학점이내
7. 국내 대학에서의 교과목 이수 제한 및 재수강 사항
가. 교양필수, 전공기초, 전공필수, 교직, 평생교육사 양성과정 과목은
반드시 본교에서 이수하여야 한다.
나. 복수전공, 부전공, 연계전공의 교과목은 반드시 본교에서 이수하여야
한다.
다. 본교에서 이수한 교과목과 동일한 교과목은 수학대학에서 이수할 수
없다.
라. 수학대학에서 이수한 교과목의 재수강은 수학대학에서만 할 수 있다.
8. 교환학생 지원서 교부 및 지원
- 교류대학명: 중앙대학교
- 신 청 기 간: 2010. 5. 26(수) ~ 6. 1(화)
- 지원방법: 해당학과(부)
- 등록금: 1학점당 73,500원
9. 기타사항
가. 타 대학에서 수강하는 동안 강의실 변경 및 분반, 강의실 확인, 출석확인
등 문제가 발생된 경우 본교 학사지원과 또는 각 대학별 담당자에게 반드시
확인 하여 추후에 불이익이 없도록 할 것.
나. 수학대학의 수강신청 변경 및 취소, 폐강 등으로 최초 지원서 제출 당시와
수강신청 내용이 달라진 경우 본인의 최종 수강신청 내용을 즉시 학사지원과
에 통지할 것.
다. 각 수학대학별 수강 안내를 숙지하여 수학대학 학사일정대로 차질없이 하여야
함  (별도 안내 없음)
*첨부파일: 학교 홈페이지 공지사항 참조바람."
statistics,2010-1학기 채플성적확인 및 보충채플신청 안내,,2021.11.18,https://stat.ssu.ac.kr/notice_view.html?category=1&idx=150,"※
“
설문참여하기”
를 하여야만
성적확인이 가능
합니다
.
2. 성적 이의 신청
가. 기   간 :
2010년 05월 31일(월) ~ 06월 10일(목) 17시까지
나. 장   소 :
한경직기념관 교목실(114호)
3. 보충채플 신청 및 운영
1) 신   청
가. 대상자 : 결석횟수 1회 미달로 인하여 Fail 된 학생 中 보충채플 희망자.
* 월요일, 화요일, 수요일, 목요일 = 4회 결석인 학생.
나. 기   간 :
2010년 05월 31일(월) ~ 06월 10일(목)
다. 방   법 :
u-SAINT
로그인 -> 학사관리 -> 수강신청/수업 ->
""
보충채플신청및조회""
에서 신청.(* 대상자가 아니면 조회불가.)
2) 운   영
가. 일   시 :
2010년 6월 16일(수) 08:00 ~ 08:50
나. 장   소 :
한경직기념관 김덕윤예배실
다. 준비물 :
신분증(학생증 또는 주민등록증) 반드시 지참하여야 함.
※ 보충채플은 한시적으로 운영됨을 알려드립니다."
statistics,2010년 대학생통계실무워크숍 신청안내,,2021.11.18,https://stat.ssu.ac.kr/notice_view.html?category=1&idx=149,"우리 통계교육원에서는 통계학 및 통계관련학과(경제학, 사회학 등) 대학생 에게 국가통계작성 실무에 대한 이해증진을 위해 『2010년 대학생통계실무워크숍』을 아래와 같이 실시할 예정이오니 각 학교에서는 관심 있는 학생들은 많은 참여바랍니다.단체로 신청하는 경우, 한 학교에서 10명 이내 학생을 추천할 수 있으니 단체로 신청하고자 하는 학생들은 신청해주시기 바랍니다. 문서 접수 후 해당 학과 사무실로 전달해주시기 바랍니다.
- 아 래 -
가. 과 정 명 : 대학생통계실무워크숍
나. 교육기간
○ 1기 : 2010. 6.30.(수) ~ 7. 2.(금) / 3일간
○ 2기 : 2010. 7. 7.(수) ~ 7. 9.(금) / 3일간
다. 신청기간 : 2010. 5.31.(월) 09:00 부터
라. 신청방법 : e-mail접수로 선착순 마감(전화 또는 방문접수는 불가함)
※ 접수 e-mail : uncleh11@korea.kr
마. 인 원 : 각 기수당 30명 내외
바. 교육장소 : 통계교육원(대전소재)
사. 세부내용 : 붙임참조"
statistics,[채용공고] 닐슨컴퍼니 인턴 및 AAC,,2021.11.18,https://stat.ssu.ac.kr/notice_view.html?category=1&idx=148,"당사는 전세계 100여 개국에 진출해 있는 세계적인 정보 및 미디어기업 닐슨컴퍼니(The Nielsen Company)의 현지법인으로, 한국 내 시장조사 분야를 개척한 국내 최대의 마케팅조사 회사입니다. 광범위한 조사분야와 전문성, 글로벌 네트워크를 활용한 우수한 교육 및 국제적 안목을 키워나갈 수 있는 닐슨컴퍼니 코리아에서 마케팅 조사 연구원(인턴)을 채용하고자 하오니 많은 관심을 부탁 드립니다.
[
채용 부문]
1. Consumer Research Service
본부
– 소비자 태도 및 구매 행동, 고객 만족도, 브랜드 인지도, 광고 효과 등 마케팅 전반의 의사
결정에 기반이 되는 통찰력 있는 분석 서비스 제공
2. Retail Measurement Services
본부
– 소매점에서 수집된 정보를 바탕으로 고객사의 중요 의사 결정에 기반이 되는 통찰력 있는
분석 서비스 제공
3. Analytic Consulting
본부 (SAS, SPSS 활용 가능 자, Modeling project 경험자 우대)
– 닐슨 컨설팅만의 특화된 Modeling Solution을 통해 고객사의 마케팅 전략을 진단, 수립 및
자문하여 실제적인 solution 제공
[
인턴 기간]
l
당사의 인턴 프로그램은 우수 인재 양성 및 정규 채용을 위한 프로그램으로 다양한 교육 및 실무 경험이 주어집니다.
l
아래 인턴 기간 수료 시, 평가를 통해 정규직 전환 검토
–
석사 2010년 7월~ 9월 3개월 간 근무, 월 200만원의 지원비 지급
–
학사 2010년 7월~12월 6개월 간 근무, 월 100만원의 지원비 지급
[
업무 소개]
l
고객사의 니즈에 맞는 리서치의 설계 및 분석
l
분석보고서 작성 및 프리젠테이션
l
클라이언트와의 커뮤니케이션 및 관리 업무
l
제안서 준비 및 전달 등의 업무에 참여
[
지원 자격]
l
대학 또는 대학원 기 졸업자(석사 졸업자 우대)
l
통계학, 경영학, 경제학, 심리학, 사회학, 신문 방송학 등 관련 전공자 우대
l
분석 및 프리젠테이션 능력과 고객 서비스 마인드를 갖춘 자
l
닐슨컴퍼니코리아의 인재상과 부합하는 인재
-
서비스 지향형 인재/ 변화 지향형 인재/ 조직 지향형 인재/ 글로벌 지향형 인재
[
제출 서류]
l
국문, 영문 이력서 & 국문, 영문 자기소개서 (MS Word로 작성, 사진첨부),
성적증명서 및 졸업증명서
l
주의사항
-
이력서와 자기소개서의 정해진 양식은 없습니다.
-
영문 자기소개서는 커버레터 아닌 Self-Introduction 입니다.
-
각종 증빙 서류는 Scan하여 첨부 해 주시기 바랍니다.
[
접수방법]
l
E-mail
접수
hr.kr@nielsen.com
l
메일 제목에 아래와 같이 지원분야 및 지원자 명 명시
-
예시) CRS본부, 마케팅조사연구원_홍길동 or RMS본부, 마케팅조사연구원_홍길동
[
접수 기간
]
2010년 05월 19일(수)
~ 2010년 05월 31일(월)
[
전형 절차]
1.
서류전형 (6월 3일~4일 예정, 합격자 개별 통보)
2.
면접전형(직무적성 Test 및 PT 면접 등)
[
문의처]
E-mail
문의 (
hr.kr@nielsen.com
)
[Web Site]
l
Global
http://www.nielsen.com
l
Local
http://kr.nielsen.com
Analyst(
신입), 컨설팅 사업 본부
닐슨컴퍼니코리아(AC닐슨코리아)는 전세계 100여 개국에 진출해 있는 세계적인 정보 및 미디어기업 The Nielsen Company(닐슨컴퍼니)의 현지법인으로, 한국 내 시장조사 분야를 개척한 선도 기업입니다. 지난 1980년 설립되어 1982년부터 서비스를 제공하기 시작한 이래, 국내 소비자와 소매점에 이르는 다양한 조사 서비스를 통해 유익한 정보와 통찰력을 제공하고 있습니다. 이와 같은 전문성과, 글로벌 네트워크를 활용한 지속적인 교육기회와 국제적 안목을 키워 나갈 수 있는 닐슨컴퍼니코리아(AC닐슨코리아)와 함께 성장하고자 하는 유능한 인재를 모집합니다.
[
채용 부문]
닐슨컴퍼니 컨설팅 사업본부 (Analytic Consulting)
닐슨 컨설팅만의 특화된 Modeling Solution을 통해 고객사의 마케팅 전략을 진단, 수립 및 자문하는 부서입니다. Marketing Mix Modeling을 통한 ROI Management, Price & Promotion 분석. Assortment 분석, Market Structure 분석 등과 같은 서비스를 통해 가장 구체적이고 실제적인 Solution을 고객사에게 제공하고 있습니다.
[
업무 소개]
l
회귀 분석, 다중 회귀 분석 등을 통한 modeling
l
고객사의 needs에 맞는 제안서 작성 및 프리젠테이션, 견적서 작성, 계약 및 프로젝트 이행에 대한 관리 및 고객사 만족 모니터링의 책임을 수행클라이언트와의 커뮤니케이션 및 관리 업무
l
고객 사와 조직간의 원활한 의사소통 채널의 역할 수행
[
지원 자격]
l
통계적 모델링의 이해와 데이터 분석 능력
(SAS / SPSS / VB
사용 능숙 및 모델링 유경험자 (최소 1년 이상))
l
전략 컨설팅 / 마케팅 컨설팅 업무 경험 또는 CRM 경력자 우대
l
MBA 및 관련 학과 석사 학위 소유자 우대
l
Region 과의 영어 커뮤니케이션 능력
l
Multitasking 및 중요 업무의 우선 순위 결정 능력
l
뛰어난 대인관계 능력과 cross functional팀과의 협업 및 관리 능력
l
닐슨컴퍼니코리아의 인재상과 부합하는 인재
-
서비스 지향형 인재/ 변화 지향형 인재/ 조직 지향형 인재/ 글로벌 지향형 인재
[
제출 서류]
l
국문, 영문 이력서 & 국문, 영문 자기소개서 (MS Word로 작성, 사진첨부),
성적증명서 및 졸업증명서
l
주의사항
-
이력서와 자기소개서의 정해진 양식은 없습니다.
-
영문 자기소개서는 커버레터 아닌 Self-Introduction 입니다.
-
각종 증빙 서류는 Scan하여 첨부 해 주시기 바랍니다.
[
접수방법]
l
E-mail
접수
hr.kr@nielsen.com
l
메일 제목에 아래와 같이 지원분야 및 지원자 명 명시
-
예시) 컨설팅 사업본부, Analyst(신입)_홍길동
[
접수 기간
]
2010년 05월 19일(수)
~ 2010년 05월 31일(월)
[
전형 절차]
1.
서류전형 (6월 3일~4일 예정, 합격자 개별 통보)
2.
면접전형(직무적성 Test 및 PT 면접 등)
[
문의처]
E-mail
문의 (
hr.kr@nielsen.com
)
[Web Site]
l
Global
http://www.nielsen.com
l
Local
http://kr.nielsen.com"
statistics,[대] 2010학년도 1학기 강의만족도조사,,2021.11.18,https://stat.ssu.ac.kr/notice_view.html?category=1&idx=147,"1. 조사대상 : 2010학년도 1학기 대학원 개설강좌 전체 수강인원
2. 조사방법 : 학생이 직접 본교 홈페이지 U-saint 로그인 ⇒ 수강신청 ⇒ 강의만족도조사
⇒ 링크된 주소를 클릭 ⇒ 수강강좌 조회 후 강의만족도 조사 실시
3. 조사기간 :
2010년 6월 1일(목) 09:00 ∼ 14일(월) 24:00까지"
statistics,"5월 3째주 표본론, 전산통계 수업 안내",,2021.11.18,https://stat.ssu.ac.kr/notice_view.html?category=1&idx=146,"*표본론*
5월 12일 수업 → 휴강
5월 17일 수업 → 전산실 (베어드홀 511호) 수업
*전산통계*
5월 11일 수업 → 휴강
5월 13일 수업 → 휴강
착오 없으시기 바랍니다."
statistics,한국교육과정평가원 연구인력 초빙,,2021.11.18,https://stat.ssu.ac.kr/notice_view.html?category=1&idx=145,"연구인력 초빙
한국교육과정평가원은 고등학교 이하 각급 학교의 교육과정 및 각종 교육평가를 연구․시행하며, 대학수학능력시험 등 국가고사 출제․채점 등을 수행하기 위하여 설립된 정부출연연구기관입니다.
한국교육의 미래를 함께 열어갈 유능한 인재를 다음과 같이 모집합니다.
◇ 모집분야 및 응시자격
직종
직급
모집분야
인원
응 시 자 격
공통자격
분야별 우대자격
연구직
부연구위원
교육과정
2
◦모집분야 박사 학위소지자
◦국가공무원법 제33조의 결격 사유에 해당하지 않는 자
◦국가고사 출제관리 등을 위한 장기 합숙 가능자
◦남자는 채용 공고일 현재
병역필 또는 면제자
영어능통자 우대
교육통계분석 및 측정
2
학습상담 및 학습장애
1
교수학습 및 교육방법
1
국어교육
2
한국사 또는 역사교육
1
수학교육
2
체육교육
1
음악교육
1
영어교육
1
가정교육
1
◇ 원서접수
◦원서교부 : 2010. 5. 10 ～ 5. 19 우리원 홈페이지(
www.kice.re.kr
)
◦접수기간 : 2010. 5. 17 ～ 5. 19 09:00～18:00
◦접 수 처 : 한국교육과정평가원 총무부(우:100-784, 서울특별시 중구 정동 15-5 정동빌딩 433호 /
☎02-3704-3723,3725 장민정)
※우편접수는 접수기간내 우리원 도착분에 한함
◇ 제출서류
◦응시원서 및 자기소개서(우리원 소정양식) 각1부
◦최종학력 졸업증명서 및 성적증명서 1부
◦연구실적목록(우리원 소정양식) 1부
◦최종학위논문 1부
◦연구실적물(2007.5.10이후 실적) 각 1부(2편까지만 제출)
◦대표연구실적물 1부(위 연구실적물과 다를 경우 별도 제출하며 발행일 제한 없음)
◇ 전형방법 : 우리원 홈페이지 모집요강 참조
◇ 기타사항
◦모집분야의 적격자가 없을 경우에는 모집하지 않을 수도 있습니다.
◦제출된 서류는 반환하지 않습니다.
◦국가보훈대상자(취업보호대상자)는 우대합니다.
◦기타 자세한 사항은 우리원 홈페이지의【연구원 모집 요강】을 참조하시기 바랍니다."
statistics,본교 행정부서근무 인턴조교(대졸미취업자대상) 모집,,2021.11.18,https://stat.ssu.ac.kr/notice_view.html?category=1&idx=144,"1.자격요건
가.
2009년 8월, 2010년 2월 본교 졸업자 중 순수 미취업자
나. 취업자, 진학자, 입대자, 취업불가능자, 정부 실업대책사업의 수혜를 받고 있는 자는 제외
다. 학사졸업자 ( 석사 졸업자는 제외 )
2. 근로기간 :
2010.5.17 ~
2010.7.16 ( 2개월 )
3. 근로시간 ( 일.주 단위 근로시간 )
가. 주 5일 근무자 : 1일 5시간(중식시간 제외), 1주/24시간
나. 주 3일 근무자 : 1일 8시간(야간 근무자는 석식시간 포함), 1주/24시간
*근로시간은 실제 배치부서와 협의하여 결정
4. 급여 : 월 1.100.000원 (4대 보험료 개인 부담)
5. 모집인원 : 00명
6. 마감일자 :
2010년 5/11(화)까지
7. 제출서류 : 지원서(부서명 미기재)
8. 제출처 및 문의 :  recjob
@ssu.ac.kr
(담당자 : 한성동) (820-0073)
9. 기타 : 첨부된 지원서를 다운받아 작성 후 이메일 접수"
statistics,2010학년도 2학기 수강신청 수요조사 안내,,2021.11.18,https://stat.ssu.ac.kr/notice_view.html?category=1&idx=143,"2010학년도 2학기 수강신청 수요조사 안내
2010-2학기 개설 과목에 대한 수요를 사전에 파악하여 학생들의 수강신청 만족도를 제고하기 위하여 아래와 같이 수강신청 수요조사를 실시하니 모든 재학생들의 적극적인 참여를 바랍니다.
1. 목 적 : 2010-2학기 과목별 수강신청 수요를 조사하여 그 수요만큼 강좌 수 분반에 반영, 학생들의 수강신청 만족도를 제고하고자 함.
2. 일 시 : 2010. 4.19(월) 10:00-5.2(일) 24:00
3. 방 법 : U-SAINT 로그인
→ 학사관리>수강신청/수업>수강신청수요조사
→ 개설 과목 중 수강신청 희망과목을 최대학점 범위 내에서 클릭
4. 대 상 : 2010-1학기 재학생 전체 / 2010-2학기 개설과목 전체
5. 유의사항
가. 수강신청 수요조사는 실제 수강신청이 아니며, 실제 수강신청은 정식 수강 신청 기간(8월)에 해야 합니다.
나. 수강신청 수요조사의 수강신청 최대학점은 실제 수강신청 최대학점과 다를 수 있습니다."
statistics,2010 보험계리사 자격증 취득 인터넷 동영상강의 지원 안내 (10.12.30 수정본),,2021.11.18,https://stat.ssu.ac.kr/notice_view.html?category=1&idx=142,"2010년도 보험계리사 자격증 취득 대비 인터넷 동영상 강의 지원을 시작합니다.
신청을 원하는 학생들은 첨부된 신청서 양식을 참고하시어 학과로 신청하시기 바랍니다.
1차 시험준비는 5인, 2차 시험준비생은 3인 기준으로 지원 가능하며,
각 학년별 스터디 담당교수님과 상담을 하여 수강에 대한 허가를 받은 학생만 수강이 가능합니다.
따라서 신청을 하고자 하는 학생은 지원을 원하는 학생은 신청서를 작성한 후
아래의 표를 참고하여 해당 학년 담당 교수님을 찾아뵙고 상담한 후 허가를 받아 학과 사무실에 제출하면 됩니다.
학년
교수님
2
고방원 교수님
(베어드홀 505호)
3
이창수 교수님
(벤처관 403호)
4
권혁성 교수님
(베어드홀 509호)
* 각 학원별 강의 신청 방법이 변경되었습니다.
꼭 첨부문서의 별첨자료를 확인 후 신청 바랍니다.
*일부 선입금 과목에 대하여 신청 후 수강료 지급에 관한 질문이 잦습니다.
학과에서는 교내 행정 절차를 밟아 수령 후 지원을 해줄 수 있으므로 시일이 걸립니다.
지원비가 학과로 입금되면  지원 학생에게 연락을 취하니,
신청 뒤 자꾸 찾아와 문의하는 행동을 자제해 주시기 바랍니다."
statistics,수리통계 중간고사 일정 변경 공지,,2021.11.18,https://stat.ssu.ac.kr/notice_view.html?category=1&idx=141,"수리통계1의 중간고사 일정이 변경되었으니 확인하시기 바랍니다.
변경 전
변경 후
날짜
장소
날짜
장소
3월 31일 (수)
형남공학관 115호
4월 7일 (수)
형남공학관 115호"
statistics,2010학년도 1학기 ID카드 신청 및 발급방법,,2021.11.18,https://stat.ssu.ac.kr/notice_view.html?category=1&idx=140,"2010학년도 1학기 ID카드 신청 및 발급방법을 안내합니다.
1. 대상: 2010년 3월 19일 현재, ID카드를 신청하지 아니한 자
2. 신청기한: 2010년 3월 25일(목) 17:00 까지
3. 신청방법
가. E-mail: 성명, 학과, 학번을 기재(
grad@ssu.ac.kr
)
나. 대학원 교학과 방문(웨스트민스터홀658호)
※ 둘 중 하나의 방법으로 신청
4. 제출서류: 사진 1매
(E-mail신청시 jpg파일로 첨부)
5. ID가드 발급일: 3월 31일(수) 13:30 부터
6. 수령방법:
대학원 교학과를 방문하여
본인확인
후 수령
7. 기타
가. 우리은행 계좌 연계와 세콤 기능 관련은 본인이 은행 또는 통합결비실에 내방
나. 기한 내 신청하지 않을 경우 고객서비스팀 방문(☎ 828-0068~9)하여 신청
다. ID카드 신청 및 발급방법을 안내 대학원 홈페이지 게시 끝"
statistics,특별장학금 안내,,2021.11.18,https://stat.ssu.ac.kr/notice_view.html?category=1&idx=139,"2010학년도 특별장학금을 다음과 같이 시행합니다.
1. 장학금명 : 특별장학금
2. 시행목적 : 최근 불안정한 고용환경 및 어려운 경제상황으로 인해 실직가정이 늘어
나는 상황에서 경제적으로 어려운 학생들이 안정적으로 학업을 지속할 수 있도록 격려하고자 함.
3. 장학금액 : 1인당 장학금 1,000,000원 ( 총 장학금 5억원 )
4. 지원자격
가. 본교 학부 2010학년도 1학기 재학생
나. 성적 및 이수학점 제한 없음
다. 교내 및 교외 장학금 이중수혜 불가 (단, 국가근로장학금은 제외)
5. 장학종류 - 중복지원 불가
가. [실직가정 자녀 ] 2007년이후 실직가정의 학생 (실직 및 폐․휴업)
건강보험 등재 가족 수
건강보험료
직장의료보험
지역의료보험
1인 가구
10,600 원 이하
21,200 원 이하
2인 가구
18,100 원 이하
36,100 원 이하
3인 가구
23,400 원 이하
46,700 원 이하
4인 가구
28,700 원 이하
57,300 원 이하
5인 가구
34,000 원 이하
67,900 원 이하
6인 가구
39,300 원 이하
78,500 원 이하
나. [ 면학 ] 최저생계비의 170% 이내 가구의 학생
다. [ 학자금대출 ] 재학 중 학자금대출을 2회 이상 실행한 학생 (한국장학재단 대출에 한함)
6. 신청기간 및 장소 : 3월 15일(월)～3월 26일(금) , 장학과 (학생회관 114호)
7. 진행일정
가. 장학생 명단 발표 : 4월 9일(금) - 홈페이지 공지사항
나. 장학금 지급 : 4월 16일(금) 예정
8. 신청서류 : 특별장학금 신청서 및 해당 증빙서류 [ 붙임 참조 ]"
statistics,졸업시험 장소 공지,,2021.11.18,https://stat.ssu.ac.kr/notice_view.html?category=1&idx=138,"2010-1학기 졸업시험 장소는
조만식 기념관 207호
입니다."
statistics,2010학년도 1학기 수강신청 과목 취소(Drop) 안내,,2021.11.18,https://stat.ssu.ac.kr/notice_view.html?category=1&idx=137,"2010학년도 1학기 수강신청 과목 취소(Drop) 안내
1. 목적: 수강하고 있는 교과목 중 자신의 수학능력과 과목이해의 적정성을 판단하여 수 강과목의 일부를 취소할 수 있는 기회를 제공하므로 효율적인 학점관리를 위한 제 도임
2. 취소학점 범위: 수강신청 학점 중 6학점 까지
3. 접수기간: 2010. 3. 22(월) ~ 3. 26(금) 오전 10시부터 오후 5시까지
4. 취소방법: 신청 학생이 u-SAINT 온라인을 통해 수강신청 취소함
5. 절차: u-SAINT 로그인 ⇛ “수강신청” 메뉴로 이동 ⇛ “수강신청”에서 원하는 과 목을 선택하여 취소
6. 유의사항
가. 수강취소 완료된 과목은 재입력 불가함(취소 시 졸업학점 유의)
나. 채플, 사회봉사과목(섬김의 리더쉽 이론과 실천, 사회봉사실천 1,2,3)은 수강취 소 불가함.
다. OCU과목을 수강신청 한 후 접속(사용료)를 납부하지 않은 학생은 수강취소를
반드시 해야하며, 하지 않을 경우 성적이 F 로 기재됨.
※ 매 학기 15학점 미만[단, 4학년(7~8학기까지 해당자) 및 5학년(7학기~10학기까 지 해당자, 건축학부 건축학전공)은 12학점 미만]을 취득한 학생은 다음학기에 성적을 기준하여 선발하는 각종 장학금 및 표창 대상에서 제외됨.
2010. 3. 8
교 무 처 장"
statistics,2010학년도 1학기 장학금 미신청자 청원 안내,,2021.11.18,https://stat.ssu.ac.kr/notice_view.html?category=1&idx=136,"2010학년도 1학기 장학금 미신청자 청원 안내
2010학년도 1학기 장학금 신청기간 내에 신청하지 못한 학생들을 대상으로 다음과 같이 청원제도를 안내하오니,
해당 학생들은 신청하시기 바랍니다.
1. 청원대상 장학금명 : 입학성적우수장학금, 특성화장학금, 국가유공자 장학금,교직원자녀 장학금,
교역자자녀 장학금, 고시합격자 장학금,형제장학금, 면학장학금 -
[청원서 다운로드]
2. 장학금 청원서 접수기간 : 2010년 3월 8일(월)~3월 17일(수)
3. 장학금 청원서 접수장소 : 학생처 장학과 (학생회관 114호)
4. 선발결과 발표 : 2010년 3월 24일(수) 17시예정 - 학교 홈페이지 공지사항5. 제출서류
장학종류
제출서류
비고
입학성적우수장학금, 특성화장학금, 국가유공자 장학금, 교직원자녀 장학금
- 장학금 청원서 1부
국가유공자 장학금 신규의 경우 교육보호대상자 증명서(보훈청) 1부 추가제출
교역자자녀 장학금
- 장학금 청원서 1부   - 가족관계증명서 1부  - 교역자 재직증명서 1부
고시합격자 장학금
- 장학금 청원서 1부
- 고시합격 사실증명서 1부
형제장학금
- 장학금 청원서 1부
- 주민등록등본 1부
주민등록등본 상 형제(자매)가 따로 기재된 경우, 부․모의 가족관계증명서 제출
- 제출 시 해당 형제(자매)의 학과 및 학번을 기재
면학장학금(미래로)
- 장학금 청원서 1부
- 기초생활수급증명서 1부
- 한국장학재단 국가미래로   장학금 신청서 1부
면학장학금(일정액)[
지원자격 다운로드]
- 장학금 청원서 1부
- 건강보험증 사본 1부
- 건강보험료 납부영수증
(12월~2월 이내 1개월 영수증)
- 부모가 따로 건강보험료를 납부 할 경우 각각 따로 제출
- 부모가 이혼 또는 사망일 경우 제적등본 제출
(부모의 혼인관계증명서 가능)
6. 주요사항    가. 청원기간 이후에는 2010학년도 1학기 장학금 신청 불가    나. 청원서를 제출하였더라도 심사결과에 따라 장학생 선발이 안될 수 있음    다. 선발된 장학생은 4월 초 학생계좌로 장학금이 지급됨
단, 분할납부 신청자의 경우, 분할납부를 완납해야만 장학금이 지급됨"
statistics,2010학년도 1학기 C학점 및 D학점 재수강 안내,,2021.11.18,https://stat.ssu.ac.kr/notice_view.html?category=1&idx=135,"2010학년도 1학기 C학점 및 D학점 재수강 안내
2010학년도 1학기 C학점 및 D학점 재수강 신청을 다음과 같이 안내합니다.
가. 신청대상 : 수강신청 기간 및 수강신청 변경 기간 중 C학점 및 D학점 과목을 재수강 신청(C,D학점 재수강 신청)을 하였으나, 수강신청 당시 재 수강 알림창 확인이 안되었거나 수강신청 내역에서 재수강 표시가 안되어 있는 학생은 반드시 C,D 학점 재수강 신청서를 제출하여야 함.
나. 신청장소 : 본인 소속 학과(부)
다. 신청기간 : 2010. 3. 8(월) ∼ 3. 12(금)
※ F학점을 취득한 과목은 재수강 신청과목이 아님.
첨부: C,D학점 재수강 신청서 1부.
2010. 3. 2
교 무 처 장"
statistics,추가 수강신청에 관한 안내,,2021.11.18,https://stat.ssu.ac.kr/notice_view.html?category=1&idx=134,"현재 학과에서는 수강신청 인원을 초과하여 원하는 과목을 수강하지 못한 학생들에 한하여
교수님의 허락 하에  추가 수강신청을 처리하고 있습니다.
변경 기간 내 수업시간에 참석하시면 출석부에 있지 않은 학생들의 수강에 관한 허락을 교수님께서 해주시니,
꼭 수강해야만 하는데 신청하지 못한 학생은 학과사무실로 문의하지 마시고 수업시간에 참석하여
해당 과목 담당 교수님께 허락을 받으시기 바랍니다.
학과에서는 교수님께서 수강 허가자의 이름과 학번을 전달해주시면 직접 수강신청을 처리하고 있습니다.
이는 인원 증원시 다른 학생들의 수강신청으로 수강신청을 못하는 불편을 없애고자 함입니다.
단, 학과에서 수강신청 처리시 학점부족, 시간 중복, 동일과목 기신청 등의 본인의 불찰 사유로
수강신청을 못하는 경우
절대 재처리 하지 않습니다
.
따라서 추가 수강신청을 요청한 학생은 본인의 시간표와 수강신청 내역을 조정하여
해당 과목의 수강신청에 문제가 없게 해두셔야 합니다.
학생들은 위의 내용을 숙지하여 수강신청에 문제가 없게 하시기 바랍니다.
(수강신청 처리 시간 :  수업 당일 오후 5시 이후 / 확인은 5시 30분 이후에 가능.)
-정보통계.보험수리학과 사무실-"
statistics,섬김의리더십 봉사기관 신청 안내 (신청자 필독!),,2021.11.18,https://stat.ssu.ac.kr/notice_view.html?category=1&idx=133,"1. 대상 :
사회봉사과목(섬김의 리더십 또는 사회봉사실천1, 2, 3)을 기 수강 신청한 학생 중에서
(봉사기관) 프로그램을 신청하지 못한 학생
2. 프로그램 추가 신청 기간 :
2010. 3. 3(수) 13:00 ~  2010. 3. 4(목) 17:00
3. 기타
가. 사회봉사과목을 수강 신청하지 않은 학생과 수강신청 및 프로그램 신청을 완료한 학생
은
해당사항 없음
나. 프로그램 신청 관련 사항은 학교 홈페이지 및 교양특성화대학 공지사항 참고
다. 문의
처 : 828 - 7233"
statistics,2010-1학기 수강신청 변경(확인) 기간 안내,,2021.11.18,https://stat.ssu.ac.kr/notice_view.html?category=1&idx=132,"[2010-1학기 수강신청 변경(확인) 기간 안내]
20010-1학기 수강신청 변경(확인) 기간을 아래와 같이 안내합니다.
1. 수강신청 변경(확인) 기간
변경(확인)기간
시     간
인터넷 입력
교내 PC실
이용 입력
2010.3.2(화)-3.8(월)[단, 채플 수강신청 변경은 3.2(화)-3.4(목)까지만 가능함]
10:00-17:00
(단, 토, 일요일은 수강신청 변경 불가)
10:00-17:00
(단, 토, 일은 개방하지않음)
2. 장소[이용 가능 PC실습실(교시)]
요일
장소
월
화
수
목
금
1006호
(벤처관 006호)
6-10
8-10
7-10
2,5,8-10
4,8-10
10209호
(벤처관 209호)
3, 8-10
5-10
8-10
2, 6-10
4, 6-10
12427호
(조만식기념관 427호)
8-10
6-10
8-10
2,5,7-10
4,6-10
02208호
(경상관 208호)
3,4,9,10
4,7-10
8-10
3-5,9,10
4,8-10
07217호
(백마관 217호)
2-10
4-10
2,4-10
2-10
2,4-10
3. 수강신청 확인 및 변경 유의사항
가. 수강신청 확인 및 변경기간에는 수강신청 변경 여부와 관계없이 본인의 수강신청 내용을 다시 한 번 최종적으로 조회 및 확인하시기 바랍니다.
나. 폐강과목, 요일 및 교시 변경과목, 강의실 변경 등을 확인한 후 변경에 참고하기 바랍니다.
다. 수강신청 변경 기간 중 교양선택 과목은 여석이 있는 범위 내에서 신청하시기 바랍니다.
라. 수업시간 중복, 수강가능 최대학점 초과 신청자는 위 기간에 반드시 변경하시기 바랍니다.(변경이 없을 시 학사지원과에서 임의 삭제함)
마. 수강신청 확인 및 변경기간에 본인의 최대 신청학점 내에서 신규 과목의 신청, 변경이 모두 가능합니다.[단, 채플은 3.2(화)-3.4(목) 10:00-17:00까지만 가능]
바. 수강신청 확인 및 변경기간 이후에는 어떠한 경우라도 수강과목의 입력, 변경, 삭제를 할 수 없음을 반드시 유의하기 바랍니다.
4. 수강신청 기간  및 수강신청 변경 기간 중 C,D학점 과목이 재수강처리가 안 된 경우 ‘C,D학점 재수강 신청서’를 2010.3.9(화)-3.15(월)까지 본인 소속 학과(부)로 제출하여 주시기 바랍니다.
5. 폐강과목 안내 (폐강과목 공지 확인)
수강신청 인원이 정한 기준에 미달되어 폐강된 강좌를 신청한 학생은 수강신청 변경기간에 조정하시기 바랍니다.
6. 2차 폐강 안내
수강신청 변경기간 종료 후 수강신청 인원이 5명 미만인 강좌에 대해 폐강합니다."
statistics,학부 학생증(ID카드) 인터넷 신청 재개 안내,,2021.11.18,https://stat.ssu.ac.kr/notice_view.html?category=1&idx=131,"<학부 학생증(ID카드) 인터넷 신청 재개 안내>
학부 학생증(ID카드)의 인터넷 신청이 2010.2.23.(화)재개되어 다음과 같이 알려드리니 인터넷으로 신청 후 자료를 반드시 출력하시어 다음의 내용을 참고하여,
접수장소(베어드홀 102호 강의실 앞
로
비)에 제출하시기 바랍니다.
학생증 신청은
""
인터넷 신청
(온라인신청)""
과
동시에
출력자료를
""제출장소에
제출
(오프라인상 접수)""
해야만
접수가 완료됨을
다시 한번
알려
드립니다.
-------------------------------------------------------------
※학부에서 대학원으로 바로 진학하는 대학원생은 우리은행 숭실대출장소에서 이전 것을 해지하고, 신청하시기 바랍니다.
학번 부여
후 우리은행 홈페이지(
www.wooribank.com
⇒
우리스페이스⇒유니뱅크⇒ ID카드
바로가기)
에서 인터넷 신청
⇒
신청내역 확인 후 신청서 출력(3부)및 서명 & 신분증사본 첨부
⇒
지정기간, 지
정 장소에 제출
⇒
지정기간 교부
1.
신학기 온라인 신청기간
:
2010. 02. 17.(수) ~ 03. 05.(금)
단, 학번부여 후부터 신청 가능
2.
신학기 접수
기간 및 시간
1차 : 2010.2.19.(금)~26(금) 6일간 / 10:00~12:00, 13:00~16:00  (
토ㆍ일요일은 제외)
2차 : 2010.3.3.(수)~5(금) 3일간 / 10:00~12:00, 13:00~16:00
3.
교부기간
및 시간 (신학기 접수기간 중 신청자)
1차 : 2010.3.17.(수)~22.(월) 4일간 / 10:00~12:00, 13:00~16:00 (토ㆍ일요일은 제외)
2차 : 2010.3.24.(수)~26.(금) 3일간 / 10:00~12:00, 13:00~16:00
4.
접수 및 교부장소
: 베어드홀 1층 계단강의실(102호) 앞 로비
※ 자세한 설명은 첨부파일을 참조하시기 바랍니다.
☺
신학기 교부 종료 후에는 신분증 지참하여 학생처 고객서비스팀에서 수령 (학생회관114호)
<2010신학기ID카드(학생증)인터넷신청 및 제출방법안내>"
statistics,교양필수 교과목 수강 관련 안내,,2021.11.18,https://stat.ssu.ac.kr/notice_view.html?category=1&idx=130,"교양필수 교과목 수강 관련 안내
2010-1학기 교양필수 교과목(영어회화1, 현대인과 성서1, 섬김의 리더십, 읽기와쓰기, 컴퓨터활용, PRW)의 분반에 따른 강의실 변경이 있을 수 있습니다.
반드시 강의실 변경사항을 확인하시고, 수업에 임해 주시길 바랍니다
."
statistics,2010-1 등록안내,,2021.11.18,https://stat.ssu.ac.kr/notice_view.html?category=1&idx=129,"2010-1 등록안내
1. 납부기간 및 시간
① 등록기간 :
2010년 2월 22일(월) ~ 2010년 2월 26일(금)
② 추가등록기간 : 2010년 3월 2일(화) ~ 2010년 3월 4일(목)
③ 등록시간 :
09:00 ~ 16:00 (은행영업시간내/온라인뱅킹포함)
2. 납부장소 : 우리은행 창구납부 및 온라인뱅킹 납부
3. 납부방법
① 우리은행 창구납부
- 등록금고지서를 지참한 후, 우리은행에 방문하여 납부
② 온라인뱅킹 납부(인터넷뱅킹, 텔레뱅킹, ATM 계좌이체 등)
- 등록금고지서상의 우리은행 입금전용계좌로 계좌이체
* 우리은행이 아닌 타은행 계좌로 납부시 발행하는 수수료는 학생 개인이 부담함
* 일반 시중은행이 아닌 증권관련계좌에서는 온라인뱅킹이 불가능함
4. 납부확인
①
http://university.wooribank.com
(납부 후, 30분내 확인가능)
② 납부 다음날 u-SAINT 포털 학사/행정서비스에서 직접 확인
5. 등록금고지서 안내
① 등록금고지서는 별도로 발송하지 않음.
② u-SAINT 포털에서 출력하여 사용가능
6. 납부시 유의사항
① 학생 1인당 1개의 입금전용계좌를 부여하며, 입금전용계좌는 1회성 계좌
이므로
2010-1학기 등록금납부 이외에는 사용이 불가능함.
② 정해진 기간 및 정해진 시간 내에만 납부가 가능함(온라인뱅킹도 시간
내에만 가능).
③ 등록금고지서의
“총합계”
금액을 한꺼번에 입금해야하며, 금액이
정확히 일치할
경우에만 납부가 가능함.
④ 보내는 사람이 학생 본인명의가 아니어도 입금전용계좌 및 납부금액만
정확히 입력하
면 납부가 가능함.
⑤
등록금고지서의 고지금액이 “0”원인 학생은 등록금고지서를
출력하여 우리은행
숭실대출장소 또는 재무회계과(베어드홀 218
호)
를 통해 반드시 등록절차를 거쳐야 함.
(타지점에서 등록 불가능함 / “0”원이 고지된 등록금고지서로 타지점
에서
납부시,
등록처리 되지 않음).
* 고지금액이“0”원이어도 등록절차를 거치지 않을시, 미등록 처리됨
(등록기간 및
등록시간에만 가능).
* 반드시 우리은행 숭실대출장소 또는 재무회계과를 방문하여 등록해야
하며, 우편이나 FAX로 발송한 고지서는 등록처리 되지 않음.
* 분할납부 신청자는 신청서를 반드시 재무회계과로 제출해야하며,
우편이나
FAX로 발송한 신청서는 접수하지 않음(기발송한 신청서는
반송처리함)
- 분할납부 안내 참고
* 등록금납부관련 문의 : 총무처 재무회계과"
statistics,2010학년도 1학기 수강신청 안내,,2021.11.18,https://stat.ssu.ac.kr/notice_view.html?category=1&idx=128,"2010학년도 1학기 수강신청 안내
2010-1학기 수강신청에 관해 아래와 같이 일정 및 주요사항을 안내하니, 반드시 확인하시어 수강신청에 차질이 없으시기를 바랍니다.
1. 수강신청 일정
▶ 이수학기 : 1 또는 2학기를 등록하여 재학 중인 자는 1학년, 3 또는 4학기를 등록하고 현재 재학 중인 자는 2학년, 5 또는 6학기 등록 및 재학 중인 자는 3학년, 7학기 이상 등록하고 재학 중인 자는 4학년으로 구분함
▶다전공 이수자 : 복수전공, 부전공, 연계전공을 이수하는 자.
날짜
수강 신청 학년
시 간
이수학기
수강신청 가능 영역
2010.2.16(화)
4학년
/
시간제등록생
10:00
-17:00
7학기
이상
-주전공 과목: 기준학년에 준하는 전공과목
-다전공 과목: 기준학년에 준하는 다전공과목(다전공자에 한함)
-
교양필수, 교직: 수강대상으로 지정된 과목(교필 특정 과목은 자동(강제) 수강신청 됨.)
-교양선택, 평생교육사, 일반선택 사이버 과목: 학년별로 25%배정
-
학점인정과정(연수프로그램-산학 협동, 직장체험 등 )
2010.2.17(수)
3학년
/
시간제등록생
5,6학기
2010.2.18(목)
2학년
3,4학기
2010.2.19(금)
1학년
13:00
-19:00
1,2학기
2010.2.20(토)
전 학년
(시간제 제외)
10:00
-17:00
전체
수강인원 미달 과목 전체
2010.2.25(목)
편입생
10:00
-17:00
5,6학기
수강인원 미달 과목 전체
2010.3.2(화)
~3.8(월)
전 학년
(수강신청 확인 및 변경)
10:00
-17:00
전체
수강인원 미달 과목
전체
(단, 채플은 3.2(화)~3.4(목)
까지만 변경 가능.)
2. 수강신청 방법
1) U-SAINT
(
saint.ssu.ac.kr
)
로그인
◆ ID : 학번
◆ PW : 개인이 설정한 비밀번호
2) ID/PW 모를 경우(
최초 접속자,
신입생
)
⇒
를 눌러 ID 조회, PW를 초기화할 수 있음
◆ ID : 학번 (
이름과 주민번호로 조회
)
◆ 비밀번호
ς최초 접속 시 비밀번호는
9+주민등록번호 뒷자리
(최초 접속자,
신입생
)
ς재학생 비밀번호 초기화는 u-SAINT의
학사관리 → 학적정보 → 휴대전
화
에
등록된 번호로 전송됩니다.
3. 수강신청 유의사항
1) 원활한 수강신청을 위해 수강신청 전 u-SAINT에 접속하여 ID/PW를 확인해
두십시오.
2) 주민등록번호 등 개인정보 노출로 인하여 본인의 U-Saint ID와 Password가 공유
되지 않도록 철저히 관리하여야 하며, 이로 인한 불이익은 학생 본인이 감수하여야
합니다.
3) 수강신청 전 시스템에 로그인하여
학사관리 → 학적정보 → 휴대전화
에 자신의
휴대폰 번호가 정확히 입력되어 있는지 확인하시기 바랍니다.
4)
멀티로그인 수강신청이 금지
되며, 복수의 접속창을 띄워서 수강신청을 금지합니다.
▶
1인 1로그인만 허용함
▶
1대의 PC에서 여러 개의 접속창을 띄워 로그인 금지
▶
여러 대의 PC에서 1개의 ID로 중복 로그인 금지
▶ 사설 프로그램(ex 자동 수강신청 프로그램 등)을 사용하여 수강신청을 하였을 경
우 불이익을 당할 수 있음.
4. 수강신청 Help Desk 안내
1)
로그인 문제 발생시
☏
828-7473
2) User Lock 발생 시 전용게시판 사용
전용게시판 :
http://public.jinhak.com/SsuBoard/applyqna_list.aspx
(User Lock 해제요청시에만 사용)
가. 멀티로그인
① 1대의 PC에서 여러개의 접속창읠 띄워 다중접속을 시도한 경우
② 여러대의 PC에서 1개의 ID(학번)로 접속을 시도한 경우
나. 비정상적인 접속 종료 후 바로 접속
①  버튼을 눌러 정상 종료하지 않고 브라우저의 X버튼 또는
windows 단축키를 눌러 종료한 후 바로 재접속을 시도한 경우
② 로그인 중 강제로 PC의 전원을 끈 후 재접속 시도
③ 네트워크를 임의 차단 후 재접속 시도
3)
수강신청 관련 내용 상담
학사지원과
☏
820-0145, 0146, 0026, 0309(교직,평생사), 828-7136
각 학과(부) 사무실
(국번: 820)
학과(부)
전화
학과(부)
전화
학과(부)
전화
학과(부)
전화
기독교
0070
문창
0043
정외
0520
기계
0650
국문
0320
생체
0045
정보사회
0047
산업정보
0690
영문
0330
수학
0410
언론홍보
0306
건축
0700
독문
0350
물리
0420
경제
0550
컴퓨터
0670
불문
0360
화학
0430
국제통상
0570
정통전
0919
중문
0390
통계
0440"
statistics,"컴퓨터활용1(Excel) 수업기간, 시험일정 및 기취득 반 자격증 제출 안내",,2021.11.18,https://stat.ssu.ac.kr/notice_view.html?category=1&idx=127,"컴퓨터활용1(Excel) 수업기간, 시험일정 및 기취득 반 자격증 제출 안내
컴퓨터활용1(Excel) 수업기간, 시험일정 및 기취득반 자격증(MOS) 제출관련 사항을 다음과 같이 공지합니다.
1. 수업기간 및 시험(재시험), 응시료(재응시료) 납부 일정
그룹
수업기간
정규시험
재시험(전체)
시험일자
응시료납부일자
시험일자
응시료납부
일자
A그룹
시험일정
3.2(화) ~ 4.5(월)
3/31(수),
4/2(목),5(월)
2010.3.15(월)~3.26(금)
24:00
[응시료 납부]
2010.6.18(금)
①18:00
②19:30
2010.6.16~17
(목) 24:00
[재응시료납부]
B그룹
시험일정
4.6(화) ~ 5.10(월)
5/4(화),6(목),
7(금),10(월)
2010.4.18(일)~4.29(목)
24:00
[응시료 납부]
C그룹
시험일정
5.11(화) ~ 6.14(월)
6/11(금),14(월)
2010.5.28(금)~6.8(화)
24:00
[응시료 납부]
2. 응시 자격
가. 수강신청을 하고 출석 2/3이상 한 학생(출석 2/3미만인 학생은 응시할 수 없음)
나. 기한 내에 응시료를 납부한 학생
3. 응시료 납부
가. 학교홈페이지 중간부분
[사이버교육 -> MOS 온라인 접수 납부]
클릭→숭실대학교 접수하기 클릭→비회원 입력사항 기입 후 GO→본인의 수강 중인 반에 체크 후 기본 인적상항 기입→결재처리→수험표 확인 및 출력
나.
마감후 접수 절대 불가, 응시료 납부 후 환불 절대 불가(자격 미달자, 오류납부자등 모두 포함)(본인의 최종 출석결과를 담당교수에게 확인하여 출석 2/3미달자는 응시료를 납부하지 말 것. 납부한 경우 일체 반환 하지 않음.)
4. 재시험 안내
가. 응시자격 : 해당그룹별 시험 응시에서 응시료를 납부한 학생에 한하여 재응시료(40,000원)를 별도 납부한 학생
(전체 재응시 시험일자: 2010.6.18 실시)
나. 재응시료 납부 :
[재응시료 납부 바로가기]
(마감후 접수 절대 불가, 응시료 납부 후 환불 절대 불가
(자격 미달자, 오류납부자등 모두 포함))
5. 응시생 유의사항
가. 응시생은 필히 신분증(주민등록증, 운전면허증, 기간이 만료 되지 않은 여권 중 한가지),
수험표(응시료 납부 후 출력)를
지참할 것.
(미지참시 입실 불가)
나. 본 시험은 공인 자격증 취득 시험으로 응시 전에 응시생의 주소 및 우편번호를 입력해야 하므로 주소 및 우편번호를 반드시 숙지한 후 입실할 것.
다. 응시생은 10분전까지 입실을 완료하여 주시기 바람.
6.
본교
외에서 취득한(자격증 기취득반) 자격증 학점인정 및 제출 안내
가.
본교
외
에서 취득한 자격증으로 학점인정을 받고자 할 경우 해당 학기 최대 수강 신청학점 범위
내에서 수강신청을 반드시 하되 출석은 하지 않아도 된다.(
수강신청을 하지 않으면 학점 인정 불가
)
나.
본교
외에서
취득한 자격증 인정 범위 및 제출안내
- 인정기관 : 재단법인 국제교류진흥회 MOS사무국
- 제출기간 : 2010. 6.15(화)~6.21(월) 17:00
(반드시 기한 내에 제출하여야 함.)
- 제출장소 : 교양․특성화대학(법학관 207호)
- 성적인정학기 : 2010-1학기
-
자격증을 복사하여 원본과 함께 제출하면 원본은 대조 후 반환.
- 인정자격증
적용
시기
입학년도 구분
인정 버전(Version)
2010
학년도
대학교 입학전
취득시(신입생)
* 입학년도에 시행하는 해당 버전 이상일 때 인정
-2010-1 컴퓨터활용1:Excel 2003 Expert 이상 인정
2009학년도
입학자
* 자격증 취득일과 관계없이
버전 Excel 2003 Expert 이상 인정
2006,7,8학년도
입학자
* 자격증 취득일 기준
-2009.3.1전 취득시  →Excel 2002 Core 이상 인정
-2009.3.1이후 취득시→Excel 2003 Expert 이상 인정
기  타
* 해당 입학자 교과과정대로 이수하지 못한 경우
(미수강, F학점, C ․D학점 재수강)
현재 적용되는 버전 인정(복학생 포함)"
statistics,졸업시험 접수 안내,,2021.11.18,https://stat.ssu.ac.kr/notice_view.html?category=1&idx=126,"- 2010학년도 -
정보통계학과 졸업시험 공고"
statistics,"2월 17, 19일 신입생 안내 일정",,2021.11.18,https://stat.ssu.ac.kr/notice_view.html?category=1&idx=125,"2월 17일과 19일 양일간 신입생 대상 학과 소개 및 학사 안내가 있을 예정입니다.
장소와 일정을 확인하시고 참여하시기 바랍니다.
안내 내용은 동일하므로 하루만 참석하면 되며, 17일은 오후에 신입생 환영 행사가 있으므로 안내 후 행사장으로 이동하시면 됩니다.
(환영회 - 장충체육관 특별무대)
19일 설명회의 경우 학번발급 이후 수강신청이 가능한 시간대이므로 함께 모여서 수강신청을 하게 됩니다.
17일 안내를 받았더라도 수강신청에 문제가 있거나 함께하고픈 학생은 참가해도 무관합니다.
날짜
장소
내용
비고
2월 17일
법학관 302호
(11302)
학과 커리큘럼 소개
수강신청 방법 안내
교과과정 주요내용
도시락 및
기념품 배부
2월 19일
베어드홀 523호
(01523)
학과 커리큘럼 소개
수강신청 방법 안내
교과과정 주요내용
수강신청
원래 소집 장소인
법학관 302호에서
베어드홀로 이동할 예정."
statistics,수치해석 강의시간표 변경,,2021.11.18,https://stat.ssu.ac.kr/notice_view.html?category=1&idx=124,"※ 2010-1 시간표 변경사항!!
2010-1학기 시간표가 변경되었습니다.
꼭 확인하시고 강의를 듣는데 착오 없으시기 바랍니다.
◇ 변경 사항
변경 전
변경 후
과목명
담당교수
요일 및 교시
강의실
담당교수
요일 및 교시
강의실
수치해석
고방원
수3
02208
고방원
목7
12403
금4
12406
금4
12406"
statistics,영어회화1 학점취득 특별시험 안내 (수정),,2021.11.18,https://stat.ssu.ac.kr/notice_view.html?category=1&idx=123,"학점취득 특별시험 실시 안내
1. 목 적
학칙시행세칙 제30조(학점취득 특별시험)에 따라 2010-1학기에 개설된 ‘영어회화1’
교과목에 대하여 학점취득 특별시험을 실시하여 성적 우수학생에게 학점을 인정해 줌으로서
수업시간 활용에 도움을 주고자 함
2. 대 상 : 2010학년도 1학년 신입생 및 1학년 1학기 복학자
(재수강자 및 1학년 1학기때 미수강, 미이수자는 해당 없음)
3. 시험 일정 및 방법
과 목
시험 실시 방법
시험일자
시험장소
비고
영어회화1
(9시간2학점)
1)
필
기시험(문법,
어휘,구조,작문 등 영어의 전반 적인 부분을 평 가함)
2010.3.2(화)
8:20 ~ 9:00
조만식기념관
207호
1. 최근 1년 이내의 공인 성적표
(TOEIC 800점 이상, IBT TOEFL 85점 이상,
TEPS 720점 이상)제출자는
필기시험 면제
.
[공인
성적표는 2/22(월)
17:00까지 교양 특성화대학사무실(법학관
2층 207호)로 제출해야 함]
2. 인터뷰는 필기시험 합격자(면제자포함)에
한하며, 인터뷰대상자는 3/2(화) 17:00
본교 및 교양특성화대학 홈페이지에 공지
예정
2)
외국인교수와 1:1 인터뷰
※
필기시험 합격자
및
필기시험 면제자에
한함
2010.3.3(수)
8:00 ~
법학관
108호 외
4. 응 시 료 : 10,000원
[응시원서 받기-첨부파일 이용]
5. 신청기간 및 응시료 납부
가. 신청기간 : 2010. 2. 16.(화) ~ 2. 22.(월) 17:00, 교양특성화대학(법학관 2층 207호)
나. 응시료 납부
1) 무통장입금계좌(우리은행 1005-701-057070 예금주: 숭실대학교), 입금자명은 반드시 응시자 성명기재
2) 2010.2.16.(화) ~ 2. 22.(월)16:00까지이며 이후 입금분은 처리되지 않으니 유의하시기 바랍니다.
다. 제출서류 : ①응시료 납부 무통장 입금증 사본(원본지참)1부
②응시원서 1부(본교 홈페이지 탑재 또는 교양특성화대학 사무실 비치).
③필기시험 면제자의 경우
최근 1년 이내의 공인 성적표(TOEIC 800점 이상, IBT TOEFL 85점 이상, TEPS 720점 이상)를 2. 22.(월) 17:00까지 제출.
6. 절차
가. 무통장입금시킨 응시료
입금증(원본지참) 사본
에 성명, 학번, 연락처를 기재한 후
응시원서
와 함께 교양특성화대학(법학관 2층 207호)으로 제출.
나. 반드시
무통장 입금증사본
과
응시원서
를 함께 제출.
7. 결과 발표: 2010. 3. 3(수) 16:00 이후 본교 및 교양특성화대학 홈페이지 공지 예정
8. 특별학점 부여
가. 필기 및 인터뷰에 반드시 응시해야 함(필기시험 면제 대상자는 인터뷰만 응시)
나. 특별학점은 성적이 90점(A-)이상을 취득해야만 이수학점으로 인정함.
다. 특별학점 인정시험에 합격했어도 별도의 신청절차에 의해 인정을 포기하고 학기 중에 이수할 수 있음.
라. 특별학점은 합격한 과목의 해당학기 학점으로 인정되고 수강신청 학점 제한에서 제외함.
마. 특별시험을 통해 학점인정을 받은 학생이더라도 중도 휴학자는 성적인정 안됨.
9. 신청과목은 반드시 수강신청을 하여야 함.
기타 자세한 사항은 교양특성화대학(법학관 2층 207호)으로 문의(☎ 820-0785, 820-0727)
교양특성화대학장"
statistics,로그인 방법,,2021.11.18,https://stat.ssu.ac.kr/notice_view.html?category=1&idx=122,"새 학과 홈페이지의 게시판 보안 기능이 강화되었습니다.
모든 사람이 읽을 수 있는 공개 게시판을 제외한 나머지 게시판은
로그인을 해야만 읽기와 쓰기를 할 수 있는데,
모든 재학생과 연락처가 파악된 졸업생은 이미 회원으로 가입되어 있어
로그인을 할 수 있습니다.
아이디는 학번
이고,
비밀번호는 휴대폰 번호 뒷 4자리
입니다.
혹시 로그인이 되지 않는 졸업생이나 회원으로 가입하고자 하시는 분은
이름, 학번(본 학과 학생의 경우),  휴대폰번호, 이메일주소를
stat@ssu.ac.kr
로 알려 주십시오."
statistics,2월 1일 보험업법 세미나 날짜 변경 → 2월 2일로,,2021.11.18,https://stat.ssu.ac.kr/notice_view.html?category=1&idx=121,"2월 1일 오후 7시부터 10시로
진행이 예정 되어있던 보험업법 특별 강좌가
2월 2일
로 날짜만 변경되었습니다.
(장소 시간 모두 동일)
착오 없으시길 바랍니다."
statistics,2월 해외전문가 초청 보험계리 세미나,,2021.11.18,https://stat.ssu.ac.kr/notice_view.html?category=1&idx=120,"2010년 2월 1일과 2일, 5일과 8일에 개최되는
해외전문가 초청 보험계리 세미나를 안내합니다."
statistics,1월 해외전문가 초청 보험계리 세미나,,2021.11.18,https://stat.ssu.ac.kr/notice_view.html?category=1&idx=119,"2010년 1월 27일 28일 양일간 개최되는
숭실대학교 정보통계보험수리학과 주최 [해외전문가 초청 보험계리 세미나]를 안내합니다.
첨부한 파일을 참고해 주시기 바랍니다."
statistics,숭실대 제2생활관(민자) 2010학년 1학기 입사 신청 안내,,2021.11.18,https://stat.ssu.ac.kr/notice_view.html?category=1&idx=118,"숭실대 제2생활관(민자) 2010학년 1학기 입사 신청 안내
- 재 학 생-
1. 대 상 자 : 학부 및 대학원 재학생, 복학예정자
2. 신 청 기 간 : 2010. 01. 15.(금) ~ 2010. 01. 18.(월) 24:00까지
(신입생은 2010년 2월 4일 ~ 2월 10일에 신청)
3. 신 청 절 차 : 제2생활관(민자) 홈페이지 (http://ssudorm2.ssu.ac.kr)에서 인터넷으로 신청
4. 선 발 기 준
① 1순위 : 서울, 인천, 경기 이외의 지역 거주자
② 2순위 : 서울, 인천, 경기 지역의 거주자
※ 장애인, 기초생활 수급자, 차상위 계층은 지역과 상관없이 우선 선발
※ 지원자 초과 시 직전학기 성적순 선발
5. 모 집 인 원
① 1인실 : 남자 10명 여자 13명
② 2인실 : 남자 494명 여자 283명
③ 4인실 : 남자 14명 여자 9명
※ 2지망까지 신청 가능하며, 4인실은 외국인 유학생에게 우선 배정
6. 거 주 기 간
① 학기 : 4개월 - 2010. 02. 27.(토) ~ 2010. 06. 21.(월)
② 반기 : 6개월 - 2010. 02. 27.(토) ~ 2010. 08. 22.(일)
③ 연간 : 12개월 - 2010. 02. 27.(토) ~ 2011. 02. 20.(일)
※ 본인이 원하는 거주기간을 선택하여 신청
7. 생 활 관 비(예정금액)
학기(4개월)
반기(6개월)
연간(12개월)
관리비
2,051,000원
3,072,000원
5,663,500원
보증금
100,000원
100,000원
100,000원
계
2,151,000원
3,172,000원
5,733,500원
① 1인실
학기(4개월)
반기(6개월)
연간(12개월)
관리비
1,225,000원
1,833,000원
3,362,000원
보증금
100,000원
100,000원
100,000원
계
1,325,000원
1,933,000원
3,462,000원
② 2인실
③ 4인실
학기(4개월)
반기(6개월)
연간(12개월)
관리비
989,000원
1,479,000원
2,713,000원
보증금
100,000원
100,000원
100,000원
계
1,089,000원
1,579,000원
2,813,000원
※ 연간(12개월) 신청자의 경우 1개월 할인된 금액임
※ 위 금액은 식비가 포함되지 않은 금액이며 식사는 학생부담으로 기숙사 식당, 학생식당, 외부식
당을 자유롭게 이용
8. 선발자 발표 : 2010. 01. 22.(금) 제2생활관(민자) 홈페이지 발표 (개별통보 하지 않음)
9. 생활관비 입금 기간 : 2010. 02. 12.(금) ~ 2010. 02. 17.(수)
10. 입금 계좌 번호 : 신한은행 가상계좌 개별부여 예정
11. 룸메이트 신청 기간 : 2010. 02. 19.(금) ~ 2010. 02. 20.(토) (인터넷으로 신청)
12. 호 실 발 표 : 2010. 02. 23.(화)
13. 입 실 기 간 [지정된 일자에 입실하여야 함, 단, 부득이한 경우 2010.03.02.(화) 입실]
① 1 ~ 4층 호실 배정자 : 2010. 02. 27.(토)
② 5 ~ 8층 호실 배정자 : 2010. 02. 28.(일)
③ 9 ~12층 호실 배정자 : 2010. 03. 01.(월)
14. 기타
① 입사 신청은 심사숙고 후 결정하시기 바라며 생활관비 납부 후 환불되지 않습니다
(단, 군입대, 휴학 등 부득이한 경우에 제2생활관(민자) 환불 규정에 의하여 환불됨)
② 보증금은 시설 및 비품에 대한 보증금이며, 퇴실 시 시설 및 비품에 이상이 없는 경우 전액 환불합
니다.
③ 입실 시 제출서류 : 주민등록등본 1부(주소 확인용, 신청 주소와 다르면 합격 취소됨), 증명사진1장
④ 건강 검진은 2010년 3월 6일 일괄 실시하며 건강 검진 결과가 공동생활에 부적합할 경우 퇴사될
수 있습니다.
⑤ 문의는 홈페이지(http://ssudorm2.ssu.ac.kr) 또는 전화(02-828-7495, 7496, 7299)를 이용하시기
바랍니다."
statistics,"2010년 2월 1일, 2일 해외전문가초청세미나",,2021.11.18,https://stat.ssu.ac.kr/notice_view.html?category=1&idx=117,"2010년 2월 1일, 2일, 해외전문가초청세미나 (Speaker: Dr. Stuart Klugman, 주제: 위험률 조정을 위한 신뢰도기법, SOA 교육 및 시험제도 전반에 대한 소개)를 개최합니다. 자세한 사항은 추후 공지합니다."
statistics,"2010년 1월 27일, 28일 해외전문가초청세미나(Speaker: Dave Pelletier, 주제: IFRS Phase I…",,2021.11.18,https://stat.ssu.ac.kr/notice_view.html?category=1&idx=116,"2010년 1월 27일, 28일 해외전문가초청세미나(Speaker: Dave Pelletier, 주제: IFRS Phase II, EV)를 개최합니다.
자세한 사항은 추후 공지하겠습니다."
statistics,2009년 보험계리 동영상 강의 지원 마감 알림,,2021.11.18,https://stat.ssu.ac.kr/notice_view.html?category=1&idx=115,"2009년 한해동안 학부생들을 위해 지원했던 동영상 강의 지원이 마감되었습니다.
2010년 지원에 관련해서는 3월에 공지됩니다.
학생들은 신청에 착오없으시길 바랍니다.
-학과사무실-"
